"Time_Iter","Outer_Iter","Inner_Iter",    "rms[Rho]"    ,    "rms[RhoU]"   ,    "rms[RhoV]"   ,    "rms[RhoE]"   ,     "rms[k]"     ,     "rms[w]"     
          0,           0,           0,      -1.124596721,       1.423259439,      -1.516530364,       4.369050843,      0.8132958022,       6.279717348
          0,           0,           1,      -1.205582622,       1.422159796,      -1.484904982,       4.287200086,      0.8115294511,        6.28079438
          0,           0,           2,      -1.253808693,        1.42159547,      -1.456679638,       4.238168188,      0.8095194301,       6.278469982
          0,           0,           3,      -1.275856816,       1.420814695,      -1.419585172,       4.215404774,      0.8074116003,       6.276300029
          0,           0,           4,       -1.29652689,       1.419946026,      -1.381169771,       4.194005262,      0.8052006794,       6.274145006
          0,           0,           5,      -1.315863008,       1.418969952,       -1.34408984,       4.173924433,      0.8028814762,       6.271942018
          0,           0,           6,      -1.333899606,       1.417877613,      -1.309883786,       4.155126819,      0.8004495513,       6.269660134
          0,           0,           7,      -1.350769428,       1.416666205,      -1.278345324,       4.137477455,      0.7979072469,       6.267290453
          0,           0,           8,      -1.367259436,        1.41530747,      -1.248366129,        4.12018326,      0.7952494994,       6.264823027
          0,           0,           9,       -1.38327375,       1.413788839,      -1.219808681,       4.103339971,      0.7924709854,       6.262249549
          0,           0,          10,        -1.3987049,       1.412100683,      -1.192493543,       4.087055257,       0.789566153,        6.25956323
          0,           0,          11,      -1.413434703,       1.410236305,       -1.16623036,       4.071447869,      0.7865292128,       6.256757552
          0,           0,          12,      -1.427335914,       1.408191885,      -1.140832077,       4.056646019,       0.783354132,       6.253826265
          0,           0,          13,      -1.440274734,       1.405966356,      -1.116126288,       4.042784839,      0.7800346293,       6.250763168
          0,           0,          14,       -1.45211427,       1.403561233,       -1.09196143,       4.030002853,      0.7765641557,       6.247561808
          0,           0,          15,      -1.462718491,       1.400980259,      -1.068210319,       4.018437914,       0.772935927,       6.244215464
          0,           0,          16,      -1.471958837,       1.398229345,      -1.044773481,       4.008220317,      0.7691428895,       6.240717072
          0,           0,          17,      -1.479718562,       1.395316097,      -1.021579121,       3.999468313,      0.7651777313,       6.237059229
          0,           0,          18,      -1.485899202,       1.392249648,     -0.9985831919,       3.992281349,      0.7610328845,       6.233234182
          0,           0,          19,      -1.490426277,       1.389040505,     -0.9757680334,       3.986734106,      0.7567005305,       6.229233829
          0,           0,          20,      -1.493254223,       1.385700515,     -0.9531395855,       3.982871348,      0.7521726047,       6.225049773
          0,           0,          21,      -1.494370058,       1.382242989,     -0.9307239182,       3.980704098,      0.7474407991,       6.220673702
          0,           0,          22,      -1.493795443,       1.378682986,     -0.9085628884,       3.980207521,      0.7424966093,       6.216096097
          0,           0,          23,      -1.491586944,       1.375037746,       -0.88670919,       3.981320698,       0.737331327,       6.211307576
          0,           0,          24,      -1.487834501,       1.371327203,     -0.8652211422,       3.983948269,      0.7319360623,       6.206298498
          0,           0,          25,      -1.482658316,        1.36757438,     -0.8441571091,       3.987963731,      0.7263017699,       6.201058999
          0,           0,          26,      -1.476204458,       1.363801581,     -0.8235709317,       3.993214024,      0.7204192648,       6.195579022
          0,           0,          27,      -1.468638218,       1.360023005,     -0.8035088096,       3.999526378,      0.7142792284,       6.189848342
          0,           0,          28,      -1.460136657,       1.356246082,      -0.784006268,       4.006715902,      0.7078722275,       6.183856607
          0,           0,          29,      -1.450883725,       1.352482046,     -0.7650842945,       4.014590534,      0.7011887614,       6.177593422
          0,           0,          30,      -1.441066024,       1.348742167,     -0.7467453133,       4.022955398,      0.6942193126,       6.171048448
          0,           0,          31,      -1.430868953,       1.345034679,     -0.7289673312,       4.031616739,      0.6869543996,       6.164211501
          0,           0,          32,       -1.42047397,       1.341362753,     -0.7116930187,       4.040384642,      0.6793845849,       6.157072645
          0,           0,          33,      -1.410056883,       1.337722967,      -0.694809386,       4.049074656,      0.6715006639,       6.149622374
          0,           0,          34,      -1.399783184,       1.334102588,     -0.6781180403,       4.057512735,      0.6632936929,       6.141851719
          0,           0,          35,      -1.389805519,        1.33047828,     -0.6613778633,       4.065537959,      0.6547548189,       6.133752251
          0,           0,          36,      -1.380263277,       1.326814457,     -0.6443500923,       4.073002898,      0.6458745241,        6.12531582
          0,           0,          37,      -1.371283545,         1.3230625,     -0.6268176166,       4.079772538,      0.6366449327,       6.116535724
          0,           0,          38,      -1.362980321,       1.319161736,     -0.6086048952,       4.085725151,      0.6270584548,       6.107406135
          0,           0,          39,      -1.355448535,       1.315041389,     -0.5896038363,       4.090759063,      0.6171079423,       6.097922225
          0,           0,          40,      -1.348766432,       1.310622467,     -0.5698023213,       4.094790247,      0.6067867452,       6.088080229
          0,           0,          41,       -1.34299719,       1.305821711,     -0.5492830361,       4.097750797,       0.596088918,       6.077877571
          0,           0,          42,      -1.338201944,       1.300577068,     -0.5282028726,       4.099575896,      0.5850092687,       6.067312952
          0,           0,          43,      -1.334421767,       1.294836323,     -0.5067644723,       4.100222594,      0.5735433315,       6.056386339
          0,           0,          44,      -1.331669039,        1.28854574,     -0.4851760036,       4.099678953,       0.561687526,       6.045098811
          0,           0,          45,      -1.329940969,       1.281656285,     -0.4636288042,       4.097950319,      0.5494384379,       6.033452443
          0,           0,          46,      -1.329225175,       1.274128979,     -0.4422874425,       4.095053852,      0.5367940078,       6.021450906
          0,           0,          47,      -1.329501687,       1.265940097,     -0.4212825797,       4.091016818,      0.5237531899,        6.00909894
          0,           0,          48,      -1.330742651,       1.257079689,     -0.4007072271,       4.085877393,      0.5103158932,       5.996402409
          0,           0,          49,      -1.332915817,       1.247553056,      -0.380617353,       4.079681391,      0.4964830135,       5.983368242
          0,           0,          50,      -1.335986526,       1.237381082,     -0.3610359446,        4.07248059,      0.4822565528,       5.970004358
          0,           0,          51,       -1.33991873,       1.226601404,     -0.3419575423,       4.064332072,      0.4676396847,       5.956319827
          0,           0,          52,      -1.344678598,       1.215261397,     -0.3233535651,       4.055294414,       0.452635981,       5.942324288
          0,           0,          53,      -1.350235258,       1.203413407,      -0.305177209,       4.045427233,      0.4372507369,       5.928028529
          0,           0,          54,      -1.356560729,       1.191114794,     -0.2873701751,       4.034791594,      0.4214903794,       5.913444195
          0,           0,          55,      -1.363631091,       1.178425929,     -0.2698691414,       4.023448691,      0.4053623943,       5.898583669
          0,           0,          56,      -1.371426905,       1.165409502,     -0.2526106596,       4.011459409,      0.3888754884,       5.883460118
          0,           0,          57,      -1.379933056,       1.152130375,     -0.2355353446,        3.99888421,      0.3720390785,       5.868087262
          0,           0,          58,      -1.389137561,       1.138647025,      -0.218591841,       3.985783774,      0.3548631925,       5.852479295
          0,           0,          59,      -1.399030254,       1.125009745,     -0.2017409767,       3.972219193,      0.3373591055,       5.836651166
          0,           0,          60,      -1.409601163,       1.111264683,     -0.1849594178,       3.958252068,      0.3195387314,       5.820618344
          0,           0,          61,      -1.420838794,        1.09745765,     -0.1682412636,         3.9439449,      0.3014144273,       5.804396722
          0,           0,          62,      -1.432727577,       1.083629214,     -0.1515972034,       3.929361908,      0.2829982044,       5.788002394
          0,           0,          63,      -1.445245346,       1.069809229,     -0.1350530703,        3.91456906,      0.2643021969,       5.771451966
          0,           0,          64,      -1.458361574,       1.056026794,     -0.1186461976,       3.899633045,      0.2453387663,       5.754762646
          0,           0,          65,      -1.472036623,        1.04231503,     -0.1024206738,       3.884620162,      0.2261196305,       5.737951789
          0,           0,          66,      -1.486219331,       1.028702174,    -0.08642269242,       3.869597737,       0.206655647,       5.721028074
          0,           0,          67,      -1.500847903,       1.015216183,    -0.07069660479,       3.854630287,      0.1869576065,       5.704005093
          0,           0,          68,        -1.5158518,       1.001892196,     -0.0552826547,        3.83977757,      0.1670354688,       5.687426574
          0,           0,          69,      -1.531153456,      0.9887584731,    -0.04021692662,       3.825093432,      0.1468981434,       5.671330201
          0,           0,          70,      -1.546671078,      0.9758467339,     -0.0255240996,       3.810623312,      0.1265541581,       5.655661195
          0,           0,          71,      -1.562322315,      0.9631889432,    -0.01121865508,       3.796403232,      0.1060117188,       5.640519272
          0,           0,          72,      -1.578027032,      0.9508113464,    0.002695181361,       3.782459162,     0.08527805489,       5.625887622
          0,           0,          73,      -1.593708056,       0.938745028,     0.01622384323,       3.768808539,     0.06436006767,       5.611627117
          0,           0,          74,      -1.609294759,      0.9270093116,     0.02938636589,       3.755459389,     0.04326440983,       5.597819117
          0,           0,          75,       -1.62473156,      0.9156191071,     0.04221211781,        3.74240471,     0.02199696941,       5.584364332
          0,           0,          76,      -1.639975175,      0.9045809134,     0.05473548073,       3.729627983,   0.0005595421225,       5.571152935
          0,           0,          77,      -1.654845952,      0.8939898895,     0.06673607557,       3.717268355,    -0.02066017206,       5.558320741
          0,           0,          78,      -1.669122211,      0.8839710067,     0.07789287902,       3.705525346,    -0.04110511832,         5.5460348
          0,           0,          79,      -1.682830821,      0.8745083779,     0.08829793673,       3.694336457,    -0.06085709452,       5.533979247
          0,           0,          80,      -1.695988408,      0.8655956534,     0.09802483704,       3.683654966,    -0.07999196801,       5.521812742
          0,           0,          81,      -1.708605315,      0.8572269622,      0.1071356442,       3.673444344,    -0.09858036579,       5.509140782
          0,           0,          82,      -1.720688277,      0.8493941197,      0.1156845729,        3.66367421,     -0.1166817308,       5.495476096
          0,           0,          83,      -1.732243425,      0.8420859255,      0.1237128093,       3.654317396,     -0.1343544564,       5.480213197
          0,           0,          84,      -1.743277627,      0.8352871413,      0.1312531274,       3.645348831,     -0.1516481371,       5.462689906
          0,           0,          85,      -1.753798362,      0.8289787502,       0.138342475,       3.636745354,      -0.168604789,        5.44250188
          0,           0,          86,      -1.763815498,      0.8231349241,      0.1450124527,       3.628484526,      -0.185266194,       5.420381838
          0,           0,          87,      -1.773341587,      0.8177284668,      0.1512961603,       3.620544301,     -0.2016585006,       5.398428829
          0,           0,          88,       -1.78239252,      0.8127284873,      0.1572028101,       3.612902495,     -0.2178043439,       5.388596899
          0,           0,          89,      -1.790988136,      0.8081012494,      0.1627102591,        3.60553549,     -0.2337124349,       5.380949973
          0,           0,          90,      -1.799149668,      0.8038169986,      0.1678237686,       3.598422855,     -0.2493881479,       5.374696658
          0,           0,          91,      -1.806900777,      0.7998461179,      0.1725715074,       3.591544192,     -0.2648362693,       5.369560957
          0,           0,          92,      -1.814267891,      0.7961588137,      0.1769931995,        3.58487758,       -0.28007492,       5.364437778
          0,           0,          93,      -1.821279493,      0.7927229783,       0.181134922,       3.578399956,     -0.2950880991,       5.358146721
          0,           0,          94,      -1.827965201,       0.789505683,      0.1850423192,       3.572087882,     -0.3098707396,       5.349900439
          0,           0,          95,      -1.834355093,        0.78647522,      0.1887566392,       3.565918122,     -0.3244178133,       5.339399673
          0,           0,          96,      -1.840478233,      0.7836031736,      0.1923148096,       3.559869603,       -0.33872207,       5.326736549
          0,           0,          97,      -1.846362211,      0.7808663226,      0.1957444717,        3.55392393,     -0.3527769247,       5.312256662
          0,           0,          98,      -1.852032849,      0.7782468059,      0.1990573873,       3.548066732,     -0.3665803377,       5.296411842
          0,           0,          99,      -1.857510238,      0.7757323764,      0.2022709064,        3.54228961,     -0.3801268634,       5.279664393
          0,           0,         100,      -1.862811008,      0.7733149053,      0.2053933258,       3.536588335,      -0.393410824,       5.262417667
          0,           0,         101,      -1.867948596,      0.7709887479,      0.2084258152,       3.530962534,     -0.4064274197,       5.244986704
          0,           0,         102,      -1.872933759,       0.768750135,      0.2113654596,       3.525415214,     -0.4191704707,       5.227587769
          0,           0,         103,       -1.87777515,      0.7665964912,      0.2142063918,       3.519950993,     -0.4316355577,        5.21034363
          0,           0,         104,      -1.882479368,      0.7645248147,      0.2169423508,       3.514577201,     -0.4438198917,       5.193286884
          0,           0,         105,      -1.887051958,      0.7625336237,      0.2195673535,       3.509300705,     -0.4557230973,       5.176374324
          0,           0,         106,      -1.891496907,      0.7606198966,      0.2220760404,       3.504130022,     -0.4673473508,       5.159555091
          0,           0,         107,      -1.895817615,      0.7587813695,       0.224463575,       3.499072655,     -0.4786979457,       5.142856637
          0,           0,         108,      -1.900016677,      0.7570152438,      0.2267248702,       3.494135947,     -0.4897807377,       5.126402716
          0,           0,         109,      -1.904095529,      0.7553184611,      0.2288563289,        3.48932788,     -0.5006089658,       5.110351777
          0,           0,         110,      -1.908055448,      0.7536887624,      0.2308513695,       3.484654981,     -0.5111920612,       5.094817771
          0,           0,         111,      -1.911897467,      0.7521205875,      0.2327073438,       3.480122843,     -0.5215589792,       5.079840474
          0,           0,         112,      -1.915627367,      0.7506068678,      0.2344242145,       3.475732758,      -0.531721177,       5.065381558
          0,           0,         113,      -1.919248281,      0.7491454371,      0.2359920201,       3.471488687,     -0.5416786448,       5.051355305
          0,           0,         114,      -1.922759851,      0.7477355653,      0.2374056607,       3.467397071,     -0.5514480482,       5.037517477
          0,           0,         115,      -1.926159449,      0.7463766896,       0.238662941,        3.46346579,     -0.5610384482,       5.023760269
          0,           0,         116,      -1.929444725,      0.7450671082,      0.2397605804,       3.459701852,     -0.5704482562,       5.010381496
          0,           0,         117,       -1.93261254,      0.7438055722,      0.2406974896,       3.456112324,     -0.5796879057,       4.997385353
          0,           0,         118,       -1.93565939,      0.7425908901,      0.2414734606,        3.45270502,     -0.5887661206,       4.984942286
          0,           0,         119,      -1.938582935,      0.7414210552,      0.2420873557,        3.44948538,     -0.5976888608,       4.974355023
          0,           0,         120,      -1.941380201,       0.740295138,      0.2425391079,       3.446459153,     -0.6064629023,       4.964505911
          0,           0,         121,      -1.944048619,      0.7392115672,      0.2428290851,       3.443631747,     -0.6151021078,       4.955034751
          0,           0,         122,       -1.94658639,      0.7381685404,      0.2429568116,       3.441007215,     -0.6236109585,       4.945914118
          0,           0,         123,      -1.948991536,      0.7371650825,      0.2429223562,       3.438589258,     -0.6319943314,       4.937140704
          0,           0,         124,      -1.951262629,      0.7361994528,       0.242726337,       3.436381112,     -0.6402499644,       4.928792293
          0,           0,         125,      -1.953399104,      0.7352699927,      0.2423691446,        3.43438453,      -0.648380998,       4.920997358
          0,           0,         126,       -1.95540091,      0.7343752005,      0.2418509438,       3.432599749,     -0.6563890144,       4.913731361
          0,           0,         127,      -1.957268694,      0.7335132514,        0.24117246,       3.431026105,     -0.6642735092,       4.906899757
          0,           0,         128,      -1.959003937,      0.7326817781,      0.2403341311,       3.429661272,     -0.6720399366,       4.900418709
          0,           0,         129,       -1.96060879,       0.731878702,      0.2393369128,       3.428501623,     -0.6796967799,       4.894357826
          0,           0,         130,      -1.962086186,      0.7311019289,       0.238182353,       3.427542422,     -0.6872540108,       4.888378387
          0,           0,         131,      -1.963439569,      0.7303486419,      0.2368718259,       3.426777878,     -0.6947070142,       4.883050284
          0,           0,         132,      -1.964673326,      0.7296168753,      0.2354069296,       3.426200626,     -0.7020570271,       4.878225287
          0,           0,         133,      -1.965792613,      0.7289047289,      0.2337898695,       3.425802202,     -0.7093041438,        4.87372936
          0,           0,         134,      -1.966803715,      0.7282075048,      0.2320224647,       3.425572559,     -0.7164482489,       4.869494129
          0,           0,         135,      -1.967712135,      0.7275256426,        0.23010719,       3.425501601,     -0.7234930845,        4.86521344
          0,           0,         136,      -1.968525821,      0.7268540594,      0.2280475557,       3.425577009,     -0.7304430311,       4.861157078
          0,           0,         137,      -1.969252287,      0.7261893569,      0.2258472118,        3.42578671,     -0.7372991635,       4.857717084
          0,           0,         138,      -1.969899924,       0.725530609,      0.2235101377,       3.426117416,     -0.7440634013,       4.854633619
          0,           0,         139,      -1.970477612,      0.7248720243,      0.2210404349,        3.42655519,     -0.7507366635,       4.851693677
          0,           0,         140,      -1.970994547,      0.7242108399,      0.2184418219,        3.42708582,     -0.7573243947,       4.848890301
          0,           0,         141,      -1.971460222,      0.7235436864,      0.2157190942,       3.427694844,     -0.7638270195,       4.845425434
          0,           0,         142,      -1.971884269,      0.7228655343,      0.2128787755,       3.428367899,     -0.7702453939,       4.842733854
          0,           0,         143,       -1.97227656,      0.7221727042,      0.2099265427,       3.429090405,     -0.7765801023,       4.840479198
          0,           0,         144,      -1.972646917,      0.7214605424,      0.2068687187,        3.42984805,     -0.7828335023,       4.838380432
          0,           0,         145,      -1.973005188,      0.7207247866,      0.2037123505,       3.430626712,     -0.7890079986,       4.836588301
          0,           0,         146,      -1.973361138,      0.7199593957,       0.200465354,       3.431412724,     -0.7951057657,       4.833352356
          0,           0,         147,      -1.973724295,      0.7191605129,      0.1971365531,       3.432192879,     -0.8011266964,       4.831059702
          0,           0,         148,      -1.974104151,        0.71832243,      0.1937355578,        3.43295419,     -0.8070721249,       4.829359927
          0,           0,         149,      -1.974510057,      0.7174391959,      0.1902718925,       3.433684016,     -0.8129443451,       4.827881455
          0,           0,         150,       -1.97495089,      0.7165055798,      0.1867560432,       3.434370527,     -0.8187442221,       4.826454734
          0,           0,         151,      -1.975435381,      0.7155159699,      0.1831998756,       3.435002319,     -0.8244729632,       4.823805858
          0,           0,         152,      -1.975971934,      0.7144643095,      0.1796163497,       3.435568492,     -0.8301312605,       4.822152082
          0,           0,         153,      -1.976568799,      0.7133442331,      0.1760184967,       3.436058316,      -0.835722036,       4.820998005
          0,           0,         154,      -1.977233909,      0.7121507548,      0.1724201952,       3.436461592,     -0.8412465329,       4.820351624
          0,           0,         155,      -1.977974851,      0.7108774229,      0.1688365115,       3.436768702,     -0.8467039719,       4.817941518
          0,           0,         156,      -1.978798967,       0.709518401,      0.1652823115,       3.436970348,       -0.85209506,       4.816469212
          0,           0,         157,      -1.979713245,      0.7080680566,      0.1617737313,       3.437057699,     -0.8574229679,       4.815515932
          0,           0,         158,      -1.980724442,      0.7065212446,      0.1583276086,       3.437022175,     -0.8626903421,       4.814718558
          0,           0,         159,      -1.981839084,       0.704872607,      0.1549608154,       3.436855522,     -0.8678981717,       4.812685218
          0,           0,         160,      -1.983063301,      0.7031167366,      0.1516901113,       3.436549969,      -0.873045926,       4.811510965
          0,           0,         161,      -1.984402986,      0.7012497482,      0.1485318629,       3.436097952,     -0.8781349988,       4.810968958
          0,           0,         162,      -1.985863626,        0.69926708,      0.1455027074,        3.43549245,     -0.8831662724,        4.80912394
          0,           0,         163,      -1.987450399,      0.6971653828,      0.1426191512,       3.434726804,     -0.8881399795,       4.807670832
          0,           0,         164,      -1.989168131,      0.6949408794,      0.1398965969,       3.433794686,     -0.8930586713,       4.806881879
          0,           0,         165,       -1.99102137,        0.69259128,      0.1373490434,       3.432690042,     -0.8979251135,       4.805411871
          0,           0,         166,      -1.993014207,      0.6901144656,      0.1349897991,       3.431407386,     -0.9027394033,       4.803727874
          0,           0,         167,      -1.995150332,      0.6875086585,      0.1328302595,        3.42994168,     -0.9075021164,       4.802743246
          0,           0,         168,      -1.997433039,       0.684773225,      0.1308810665,       3.428288228,     -0.9122137992,       4.801330133
          0,           0,         169,      -1.999865177,      0.6819073049,      0.1291502699,       3.426442948,     -0.9168748585,       4.799440067
          0,           0,         170,      -2.002449103,      0.6789121928,      0.1276442296,       3.424402178,     -0.9214878959,        4.79827943
          0,           0,         171,      -2.005186773,      0.6757881314,      0.1263669398,        3.42216272,     -0.9260534103,       4.796575272
          0,           0,         172,      -2.008079559,      0.6725377131,      0.1253208214,       3.419721965,      -0.930573829,       4.794663481
          0,           0,         173,      -2.011128346,      0.6691627909,      0.1245063061,       3.417077871,     -0.9350506097,       4.793503409
          0,           0,         174,      -2.014333476,      0.6656672185,      0.1239212641,       3.414228816,     -0.9394838337,       4.791387344
          0,           0,         175,      -2.017694708,      0.6620551572,      0.1235616512,       3.411173884,     -0.9438719698,       4.789481296
          0,           0,         176,      -2.021211329,      0.6583312843,      0.1234216142,       3.407912519,     -0.9482178451,       4.788240444
          0,           0,         177,      -2.024881992,      0.6545021468,      0.1234940986,       3.404444871,     -0.9525246514,       4.785712169
          0,           0,         178,       -2.02870489,      0.6505731522,      0.1237700471,        3.40077155,     -0.9567889597,       4.783695096
          0,           0,         179,      -2.032677465,      0.6465527678,      0.1242386986,        3.39689386,     -0.9610121903,       4.781493364
          0,           0,         180,      -2.036796696,      0.6424479665,      0.1248888031,       3.392813657,     -0.9651995259,       4.778939839
          0,           0,         181,      -2.041058967,      0.6382685699,      0.1257080254,       3.388533295,     -0.9693516038,       4.777155227
          0,           0,         182,      -2.045460202,      0.6340232508,      0.1266833226,        3.38405562,     -0.9734649199,        4.77425435
          0,           0,         183,      -2.049995556,      0.6297223636,      0.1278009647,       3.379384254,     -0.9775428582,       4.771997423
          0,           0,         184,      -2.054659667,      0.6253767622,       0.129047382,       3.374523255,     -0.9815851313,       4.769491126
          0,           0,         185,      -2.059446804,      0.6209967872,      0.1304084894,       3.369477053,     -0.9855924467,        4.76677947
          0,           0,         186,      -2.064350665,      0.6165951458,       0.131870096,       3.364250616,      -0.989568509,       4.764552704
          0,           0,         187,      -2.069364119,      0.6121827045,       0.133418876,       3.358849766,     -0.9935098951,       4.761492914
          0,           0,         188,      -2.074479485,      0.6077732586,      0.1350414499,       3.353280827,     -0.9974181625,        4.75913891
          0,           0,         189,      -2.079688963,      0.6033781682,       0.136725217,       3.347550169,       -1.00129393,        4.75568121
          0,           0,         190,      -2.084983974,      0.5990111159,      0.1384570394,       3.341665058,      -1.005139372,       4.752713486
          0,           0,         191,      -2.090355207,      0.5946847851,       0.140225877,        3.33563336,      -1.008956495,       4.749484801
          0,           0,         192,      -2.095792733,      0.5904121145,      0.1420205509,        3.32946369,      -1.012747092,       4.746273944
          0,           0,         193,      -2.101286487,      0.5862068366,      0.1438298544,       3.323164772,      -1.016508247,       4.743195889
          0,           0,         194,       -2.10682569,      0.5820807008,      0.1456449925,       3.316746142,       -1.02024038,       4.739759477
          0,           0,         195,      -2.112398987,      0.5780478322,        0.14745674,       3.310217814,      -1.023944653,       4.736620633
          0,           0,         196,      -2.117994479,      0.5741191843,      0.1492564393,       3.303590618,      -1.027621059,       4.732877149
          0,           0,         197,      -2.123599856,      0.5703078462,       0.151036698,       3.296875875,      -1.031270402,       4.729828586
          0,           0,         198,      -2.129202321,      0.5666245079,      0.1527904228,       3.290085545,      -1.034895807,       4.726074854
          0,           0,         199,      -2.134788511,      0.5630800106,      0.1545112676,        3.28323232,      -1.038500762,       4.722289633
          0,           0,         200,       -2.14034484,      0.5596853692,      0.1561936974,       3.276329293,      -1.042080369,       4.717920965
          0,           0,         201,      -2.145857505,      0.5564484655,      0.1578324998,        3.26939015,      -1.045633016,        4.71411089
          0,           0,         202,       -2.15131205,      0.5533798238,      0.1594230214,       3.262429334,      -1.049161913,       4.709905111
          0,           0,         203,      -2.156693826,      0.5504851667,      0.1609616169,       3.255462075,      -1.052667885,       4.706097561
          0,           0,         204,      -2.161988193,      0.5477726956,      0.1624441244,       3.248503839,      -1.056149578,       4.701943052
          0,           0,         205,      -2.167180331,      0.5452468716,      0.1638675709,       3.241570905,      -1.059608897,       4.698046278
          0,           0,         206,      -2.172255299,      0.5429129303,      0.1652298575,       3.234679785,      -1.063047687,       4.693938501
          0,           0,         207,      -2.177198664,      0.5407750481,      0.1665282047,       3.227847323,      -1.066465866,        4.69016514
          0,           0,         208,      -2.181995659,       0.538834134,      0.1677606375,       3.221091213,      -1.069863669,       4.685424596
          0,           0,         209,      -2.186631915,      0.5370940596,      0.1689260204,       3.214429201,       -1.07323889,       4.680883394
          0,           0,         210,      -2.191093571,      0.5355525223,      0.1700228436,       3.207879304,      -1.076592169,       4.676286701
          0,           0,         211,      -2.195367499,      0.5342114385,      0.1710500362,       3.201459284,      -1.079926907,       4.671844464
          0,           0,         212,      -2.199440919,      0.5330675524,      0.1720069766,       3.195187309,      -1.083240339,       4.667346169
          0,           0,         213,        -2.2033017,      0.5321191903,       0.172893312,       3.189081294,      -1.086532432,       4.662976554
          0,           0,         214,      -2.206938581,       0.531363587,      0.1737090887,        3.18315926,      -1.089805176,       4.658553559
          0,           0,         215,      -2.210341698,      0.5307942842,      0.1744534757,       3.177438107,      -1.093059394,       4.654380961
          0,           0,         216,      -2.213501539,      0.5304097036,      0.1751269638,       3.171934992,      -1.096295929,        4.64942788
          0,           0,         217,       -2.21641026,      0.5302010531,      0.1757299111,       3.166665913,      -1.099513266,       4.644493396
          0,           0,         218,      -2.219060669,       0.530165047,      0.1762625595,       3.161646449,      -1.102713183,       4.639552506
          0,           0,         219,      -2.221446822,      0.5302931734,      0.1767254649,       3.156891652,      -1.105899883,       4.634806355
          0,           0,         220,        -2.2235646,      0.5305785486,      0.1771186322,       3.152414524,      -1.109070275,       4.629993692
          0,           0,         221,      -2.225410324,      0.5310148639,      0.1774427805,       3.148227938,      -1.112221877,       4.625384542
          0,           0,         222,      -2.226982072,      0.5315919937,       0.177698502,        3.14434316,      -1.115350989,       4.620834486
          0,           0,         223,      -2.228278483,      0.5323051187,      0.1778860575,       3.140770875,      -1.118458931,       4.615999789
          0,           0,         224,      -2.229299811,      0.5331429792,      0.1780060498,       3.137520078,       -1.12155221,       4.610736715
          0,           0,         225,      -2.230047903,      0.5340993885,      0.1780582983,       3.134597394,      -1.124622565,       4.605786958
          0,           0,         226,      -2.230524927,      0.5351646566,      0.1780430086,       3.132009167,      -1.127671712,       4.600760417
          0,           0,         227,      -2.230733622,      0.5363307993,       0.177960251,       3.129761202,      -1.130710509,       4.596059025
          0,           0,         228,      -2.230678541,      0.5375903578,       0.177809503,       3.127856551,      -1.133727693,       4.591305448
          0,           0,         229,       -2.23036384,       0.538933507,      0.1775908781,       3.126298401,      -1.136732369,       4.586660279
          0,           0,         230,      -2.229796185,      0.5403545731,      0.1773030804,       3.125086279,      -1.139719546,       4.581292014
          0,           0,         231,      -2.228981325,       0.541842753,      0.1769453626,       3.124220483,      -1.142681696,       4.576357312
          0,           0,         232,      -2.227925513,      0.5433932324,       0.176516296,       3.123700206,      -1.145624397,       4.571302904
          0,           0,         233,      -2.226637369,      0.5449963114,      0.1760143136,       3.123520721,      -1.148537575,       4.566692265
          0,           0,         234,      -2.225123578,      0.5466453387,      0.1754380618,       3.123679589,      -1.151425538,       4.562063201
          0,           0,         235,      -2.223391455,      0.5483354657,      0.1747848494,       3.124172414,        -1.1542876,        4.55713498
          0,           0,         236,      -2.221450988,      0.5500555014,      0.1740527611,       3.124990732,      -1.157114681,       4.551922871
          0,           0,         237,      -2.219309725,      0.5518044558,      0.1732387573,       3.126128373,      -1.159905896,       4.547231208
          0,           0,         238,      -2.216976238,      0.5535721764,      0.1723404677,       3.127577064,      -1.162680354,       4.542458696
          0,           0,         239,      -2.214459911,      0.5553547103,      0.1713540143,        3.12932791,      -1.165434188,       4.538248322
          0,           0,         240,      -2.211771942,      0.5571465167,      0.1702764282,       3.131367554,      -1.168145653,       4.533245475
          0,           0,         241,      -2.208920387,      0.5589400817,      0.1691044937,       3.133687066,      -1.170820611,       4.528532739
          0,           0,         242,      -2.205916021,      0.5607334082,      0.1678337202,       3.136272375,       -1.17343537,       4.523881674
          0,           0,         243,      -2.202767511,       0.562520252,      0.1664608977,       3.139111328,      -1.176007672,        4.51964772
          0,           0,         244,      -2.199485423,      0.5642983545,      0.1649818206,       3.142190428,      -1.178520525,       4.515391541
          0,           0,         245,      -2.196078555,      0.5660608287,      0.1633928373,        3.14549517,      -1.181006317,       4.510831976
          0,           0,         246,      -2.192559475,      0.5678032228,      0.1616892672,       3.149008891,      -1.183446306,       4.506448106
          0,           0,         247,      -2.188935043,      0.5695255204,      0.1598679913,       3.152718029,      -1.185872527,       4.502415348
          0,           0,         248,      -2.185215757,      0.5712208794,       0.157924603,       3.156607497,      -1.188237566,       4.498703169
          0,           0,         249,      -2.181411794,      0.5728919172,      0.1558552924,       3.160659554,      -1.190527693,       4.494450283
          0,           0,         250,      -2.177535772,      0.5745267334,      0.1536558159,       3.164854803,      -1.192740231,       4.490470389
          0,           0,         251,      -2.173593573,      0.5761332014,      0.1513220716,       3.169181361,      -1.194824246,        4.48681671
          0,           0,         252,      -2.169599506,       0.577701556,      0.1488509602,       3.173617257,      -1.196751022,       4.483556112
          0,           0,         253,      -2.165559877,      0.5792343863,      0.1462383375,       3.178148964,      -1.198667301,       4.479768326
          0,           0,         254,      -2.161489197,      0.5807287792,      0.1434815277,       3.182752612,      -1.200438881,       4.476318948
          0,           0,         255,      -2.157394782,      0.5821796756,      0.1405779152,       3.187415082,      -1.202157674,       4.473205334
          0,           0,         256,      -2.153287754,      0.5835910214,      0.1375254164,       3.192116637,      -1.203759284,       4.470293777
          0,           0,         257,       -2.14917545,      0.5849593215,      0.1343221137,       3.196844178,      -1.205284874,       4.467095729
          0,           0,         258,      -2.145070791,      0.5862817074,      0.1309676786,        3.20157789,      -1.206847959,       4.464268322
          0,           0,         259,        -2.1409795,      0.5875610477,      0.1274605286,       3.206305813,      -1.208213873,       4.461808648
          0,           0,         260,      -2.136911221,      0.5887927165,      0.1238017964,       3.211011408,      -1.209399349,       4.459165553
          0,           0,         261,      -2.132875168,      0.5899798198,      0.1199912151,       3.215680604,      -1.210476703,       4.456632734
          0,           0,         262,      -2.128879676,      0.5911163315,       0.116031027,       3.220299273,      -1.211413008,       4.454530729
          0,           0,         263,      -2.124929731,      0.5922101163,       0.111922465,       3.224858402,       -1.21208636,       4.452425019
          0,           0,         264,      -2.121037244,      0.5932520609,      0.1076689266,       3.229339862,      -1.212560301,        4.45026223
          0,           0,         265,      -2.117206066,      0.5942462521,        0.10327337,        3.23373683,      -1.212893573,        4.44831751
          0,           0,         266,      -2.113443853,      0.5951930749,     0.09874087721,       3.238037382,      -1.212973354,       4.446553647
          0,           0,         267,      -2.109757164,      0.5960890551,     0.09407589635,       3.242231516,      -1.213235049,        4.44459906
          0,           0,         268,      -2.106151574,      0.5969393469,     0.08928599412,       3.246310967,      -1.213558872,         4.4430289
          0,           0,         269,      -2.102632655,      0.5977378273,     0.08437649018,       3.250266457,      -1.213610598,       4.441480727
          0,           0,         270,      -2.099204176,      0.5984901893,     0.07935783888,       3.254093428,      -1.213240713,       4.439825314
          0,           0,         271,      -2.095873135,        0.59919334,      0.0742359949,       3.257781683,      -1.212749613,       4.438393197
          0,           0,         272,       -2.09264018,      0.5998468771,     0.06902361526,       3.261330107,      -1.211827731,        4.43698811
          0,           0,         273,      -2.089512016,      0.6004555787,     0.06372789965,       3.264728165,      -1.210630463,       4.435499846
          0,           0,         274,      -2.086490314,      0.6010120909,      0.0583638691,        3.26797611,      -1.209320312,       4.434354187
          0,           0,         275,      -2.083577652,      0.6015275634,     0.05294225764,       3.271068624,      -1.208624319,       4.432986865
          0,           0,         276,      -2.080778361,      0.6019916311,     0.04747565961,       3.274001351,       -1.20772234,       4.431794692
          0,           0,         277,       -2.07809175,       0.602411613,     0.04198010126,       3.276773925,      -1.206457096,       4.430756681
          0,           0,         278,      -2.075522538,      0.6027870767,     0.03646736237,        3.27938265,      -1.204866849,       4.429556426
          0,           0,         279,      -2.073069227,      0.6031165507,     0.03095568717,       3.281828142,      -1.202874284,       4.428587955
          0,           0,         280,      -2.070736084,      0.6034034126,     0.02545881683,       3.284105026,      -1.200609043,       4.427605339
          0,           0,         281,      -2.068521763,      0.6036459054,     0.01999655878,       3.286216636,      -1.198322123,       4.426616427
          0,           0,         282,      -2.066426686,      0.6038491209,     0.01458403405,       3.288161276,      -1.196704611,       4.425829229
          0,           0,         283,      -2.064452559,      0.6040084939,    0.009238032169,        3.28993848,      -1.195193199,       4.424824943
          0,           0,         284,      -2.062598071,      0.6041293714,    0.003978917669,       3.291548132,      -1.193050689,       4.424054294
          0,           0,         285,       -2.06086397,      0.6042114559,   -0.001176182762,       3.292992673,      -1.190728279,       4.423196193
          0,           0,         286,      -2.059247093,      0.6042583129,   -0.006208584334,        3.29427279,      -1.187857319,       4.422385375
          0,           0,         287,      -2.057752811,      0.6042657368,    -0.01110056663,       3.295385212,      -1.184893842,       4.421666919
          0,           0,         288,      -2.056376018,      0.6042381634,    -0.01583276368,       3.296334487,      -1.182267241,       4.420795448
          0,           0,         289,      -2.055114085,      0.6041819457,    -0.02038990086,       3.297124871,      -1.180712547,        4.42009077
          0,           0,         290,      -2.053970687,      0.6040902262,     -0.0247544329,       3.297750922,      -1.178334418,       4.419227798
          0,           0,         291,      -2.052944521,      0.6039664852,    -0.02890674956,       3.298215421,      -1.175732215,       4.418512061
          0,           0,         292,      -2.052033075,       0.603816134,    -0.03283484086,       3.298522292,      -1.172734219,       4.417714671
          0,           0,         293,      -2.051232114,      0.6036397526,    -0.03652269837,       3.298672824,       -1.16943617,       4.416943782
          0,           0,         294,      -2.050548634,      0.6034321675,    -0.03995946116,       3.298661942,      -1.166771592,       4.416171423
          0,           0,         295,      -2.049976136,      0.6032031121,    -0.04313104929,       3.298496495,      -1.165087788,       4.415321484
          0,           0,         296,      -2.049512559,      0.6029531917,    -0.04602501648,       3.298177993,      -1.162568605,       4.414545359
          0,           0,         297,      -2.049159946,      0.6026802379,    -0.04863621305,       3.297702656,       -1.15956083,        4.41363828
          0,           0,         298,      -2.048918505,      0.6023862278,    -0.05095438756,       3.297070957,      -1.156413567,       4.412772323
          0,           0,         299,      -2.048782843,      0.6020759965,    -0.05298012478,       3.296290081,      -1.153103471,        4.41183787
          0,           0,         300,      -2.048754061,      0.6017534626,    -0.05470243967,       3.295353785,      -1.151118922,       4.410858899
          0,           0,         301,       -2.04883489,      0.6014076303,    -0.05612200055,       3.294261314,      -1.149247774,       4.409873741
          0,           0,         302,      -2.049019605,      0.6010554069,    -0.05724172053,       3.293017192,      -1.147202395,       4.408805813
          0,           0,         303,       -2.04930887,      0.6006927178,    -0.05806078739,       3.291620227,      -1.144530838,       4.407790602
          0,           0,         304,       -2.04970423,      0.6003143615,    -0.05858548816,       3.290065765,      -1.141423021,       4.406605818
          0,           0,         305,      -2.050203971,      0.5999318818,    -0.05881617864,       3.288355833,       -1.13903679,       4.405454361
          0,           0,         306,      -2.050803459,       0.599543051,    -0.05876340999,       3.286494689,      -1.137704751,       4.404152861
          0,           0,         307,      -2.051509034,      0.5991479518,    -0.05843612324,       3.284472214,      -1.136143901,       4.402845817
          0,           0,         308,      -2.052316725,      0.5987465949,    -0.05784037971,       3.282291579,       -1.13395937,       4.401464421
          0,           0,         309,      -2.053225365,      0.5983441675,    -0.05699012397,       3.279953732,       -1.13118076,       4.400020178
          0,           0,         310,      -2.054231899,      0.5979446904,    -0.05589352325,       3.277458518,      -1.128760179,       4.398557274
          0,           0,         311,      -2.055344226,      0.5975356137,    -0.05456442017,        3.27479623,      -1.127342851,       4.396930775
          0,           0,         312,      -2.056553925,      0.5971334726,    -0.05301689917,       3.271974143,      -1.126093158,       4.395324091
          0,           0,         313,      -2.057859482,      0.5967340603,    -0.05126351581,       3.268992757,      -1.124141034,       4.393837039
          0,           0,         314,      -2.059266008,      0.5963342549,    -0.04931830511,       3.265842635,      -1.121342577,       4.392308771
          0,           0,         315,      -2.060769917,      0.5959378099,    -0.04719359716,       3.262527421,       -1.11889743,       4.390664294
          0,           0,         316,      -2.062369257,      0.5955449394,    -0.04490596867,       3.259047598,      -1.116961583,       4.388875325
          0,           0,         317,      -2.064061221,      0.5951606495,    -0.04247168851,       3.255403217,      -1.116221643,       4.386984158
          0,           0,         318,      -2.065849161,      0.5947746812,    -0.03989855642,       3.251588259,       -1.11469656,       4.385024533
          0,           0,         319,      -2.067729043,      0.5943965728,    -0.03720542487,       3.247607273,      -1.112284524,       4.382961154
          0,           0,         320,      -2.069695961,      0.5940279253,    -0.03440431134,       3.243464083,      -1.109773856,       4.380871202
          0,           0,         321,      -2.071752035,      0.5936590004,    -0.03150934896,       3.239152815,      -1.107346669,       4.378604965
          0,           0,         322,      -2.073895054,      0.5932985198,    -0.02853369794,       3.234676236,      -1.105958241,       4.376245174
          0,           0,         323,      -2.076120036,      0.5929430458,    -0.02548761766,       3.230039336,      -1.104023966,       4.373851273
          0,           0,         324,      -2.078425064,      0.5925929914,    -0.02238687502,       3.225243344,      -1.101609324,       4.371355922
          0,           0,         325,      -2.080808137,       0.592247499,    -0.01924113695,       3.220288263,      -1.099245142,       4.368783039
          0,           0,         326,      -2.083265405,      0.5919061514,      -0.016061407,       3.215181115,      -1.097139069,       4.366135248
          0,           0,         327,      -2.085792524,      0.5915703598,    -0.01286043939,        3.20992728,      -1.095836163,       4.363424207
          0,           0,         328,      -2.088385305,      0.5912388041,   -0.009645529318,       3.204530426,      -1.094315223,       4.360619944
          0,           0,         329,       -2.09103978,      0.5909098842,   -0.006430405427,       3.198997526,      -1.091602217,        4.35782374
          0,           0,         330,      -2.093753027,       0.590582511,   -0.003222843431,       3.193335879,      -1.088114424,       4.354934777
          0,           0,         331,       -2.09651747,      0.5902616758,  -2.969526879e-05,       3.187556414,      -1.084367985,       4.351991176
          0,           0,         332,      -2.099329695,      0.5899374739,    0.003136818602,       3.181665912,      -1.081492121,       4.348956362
          0,           0,         333,      -2.102180757,      0.5896171678,     0.00627029597,       3.175679789,      -1.079829138,       4.345895626
          0,           0,         334,      -2.105068686,      0.5893007778,    0.009362421218,       3.169609612,      -1.077734228,       4.342843727
          0,           0,         335,      -2.107987416,      0.5889763496,     0.01240585336,       3.163466003,       -1.07496619,       4.339601109
          0,           0,         336,      -2.110923187,      0.5886599194,     0.01539486931,       3.157273011,      -1.071955707,       4.336341751
          0,           0,         337,      -2.113876207,      0.5883402449,     0.01832100007,       3.151044729,      -1.068662172,       4.332909588
          0,           0,         338,      -2.116837452,      0.5880174659,     0.02117875579,       3.144799067,      -1.065463926,       4.329613436
          0,           0,         339,      -2.119797519,      0.5876961243,     0.02396181297,       3.138559439,      -1.062549089,       4.326121482
          0,           0,         340,      -2.122748732,      0.5873725645,     0.02666490822,       3.132352847,      -1.058907418,       4.322782702
          0,           0,         341,       -2.12568236,      0.5870501032,     0.02928297862,       3.126202515,      -1.055236107,       4.319313163
          0,           0,         342,      -2.128593317,      0.5867198101,     0.03180968361,        3.12013087,      -1.051227884,       4.315927424
          0,           0,         343,      -2.131469927,      0.5863932304,     0.03424187313,       3.114176011,      -1.046613038,       4.312677804
          0,           0,         344,      -2.134302243,      0.5860689251,     0.03657434379,       3.108364834,      -1.042498801,       4.309192706
          0,           0,         345,      -2.137084283,      0.5857315678,     0.03880288396,       3.102726698,      -1.038169935,       4.305962574
          0,           0,         346,       -2.13980722,      0.5854036163,     0.04092396251,       3.097299618,      -1.038068859,       4.302505019
          0,           0,         347,      -2.142457943,      0.5850776661,     0.04293305432,       3.092119124,      -1.038781398,       4.299234734
          0,           0,         348,      -2.145033421,      0.5847386837,     0.04482676238,       3.087208248,      -1.039198333,       4.296054445
          0,           0,         349,      -2.147523629,      0.5844111081,      0.0466022311,       3.082613119,      -1.039941889,       4.292728133
          0,           0,         350,      -2.149917132,      0.5840839287,     0.04825560001,       3.078363452,      -1.040292111,        4.28966762
          0,           0,         351,      -2.152211006,      0.5837517706,     0.04978503927,       3.074484123,      -1.040633544,       4.286390429
          0,           0,         352,      -2.154394907,        0.58342572,     0.05118719561,       3.071011831,      -1.040924856,       4.283348597
          0,           0,         353,       -2.15646307,      0.5831089232,     0.05245999441,       3.067974957,      -1.040902751,       4.280372702
          0,           0,         354,       -2.15840647,      0.5827879948,     0.05360159168,       3.065390458,       -1.04044908,       4.277321529
          0,           0,         355,      -2.160219786,      0.5824676138,     0.05460831021,       3.063280991,      -1.039497454,       4.274632402
          0,           0,         356,      -2.161901757,      0.5821736336,     0.05547917735,        3.06167136,      -1.039080873,       4.271644087
          0,           0,         357,       -2.16344064,      0.5818783692,     0.05621401284,       3.060563967,       -1.03865524,       4.268848094
          0,           0,         358,      -2.164832859,      0.5815847984,     0.05680808449,       3.059962794,       -1.03783506,       4.266078729
          0,           0,         359,      -2.166078882,      0.5813060381,     0.05726148363,       3.059875395,      -1.037300463,       4.263230842
          0,           0,         360,      -2.167173709,      0.5810524068,      0.0575730953,       3.060303723,      -1.036916072,       4.260724572
          0,           0,         361,      -2.168113886,      0.5808069075,     0.05774108169,       3.061224113,      -1.037435656,       4.257982012
          0,           0,         362,      -2.168901171,      0.5805627123,     0.05776574798,       3.062620431,      -1.037583785,       4.255434649
          0,           0,         363,      -2.169529846,      0.5803494113,     0.05764620512,       3.064495749,        -1.0373375,       4.252806269
          0,           0,         364,      -2.170004406,      0.5801697665,     0.05737976114,       3.066820072,      -1.036618109,       4.250091022
          0,           0,         365,      -2.170326393,      0.5799945795,      0.0569710326,       3.069552324,       -1.03577292,       4.247711454
          0,           0,         366,      -2.170490709,      0.5798376242,     0.05641613536,       3.072675901,       -1.03495181,       4.245101529
          0,           0,         367,      -2.170500174,      0.5797134302,     0.05571491308,       3.076170499,      -1.033898701,        4.24271908
          0,           0,         368,      -2.170364587,      0.5796305441,     0.05486705576,       3.080001704,      -1.032230228,       4.240373211
          0,           0,         369,      -2.170082417,      0.5795714821,     0.05387658386,       3.084123182,      -1.030264087,       4.237757652
          0,           0,         370,      -2.169656334,       0.579532719,     0.05274093625,       3.088506742,      -1.028163075,       4.235313339
          0,           0,         371,      -2.169091724,      0.5795302715,     0.05146238646,       3.093128983,      -1.026619205,        4.23277944
          0,           0,         372,      -2.168396511,      0.5795796038,     0.05003749898,       3.097960396,      -1.024807186,       4.230421111
          0,           0,         373,      -2.167574619,      0.5796622641,     0.04847230426,       3.102958756,      -1.022577495,       4.228286397
          0,           0,         374,       -2.16662884,      0.5797725828,     0.04676648958,       3.108095357,      -1.020486462,       4.225804842
          0,           0,         375,       -2.16556384,      0.5799161196,     0.04492354994,       3.113344425,      -1.018678732,       4.223450283
          0,           0,         376,      -2.164391161,      0.5801264016,     0.04293870363,       3.118693515,      -1.017463411,       4.221082113
          0,           0,         377,       -2.16311609,      0.5803701038,     0.04081914795,       3.124097435,      -1.016949037,       4.218732636
          0,           0,         378,      -2.161742192,      0.5806636016,      0.0385686217,       3.129542415,      -1.016326594,       4.216539076
          0,           0,         379,      -2.160278141,      0.5809955679,      0.0361887515,       3.135002536,      -1.015422146,       4.214223217
          0,           0,         380,      -2.158734666,       0.581377318,     0.03367745822,       3.140463016,      -1.014129378,       4.212130738
          0,           0,         381,      -2.157110936,      0.5818199837,     0.03104098477,       3.145910142,      -1.012555364,       4.210049519
          0,           0,         382,      -2.155419428,       0.582300541,     0.02828979218,       3.151316967,      -1.010839645,       4.207789707
          0,           0,         383,      -2.153664562,       0.582823695,      0.0254171962,       3.156670503,      -1.008767733,       4.205674909
          0,           0,         384,      -2.151855204,      0.5833940339,     0.02243396404,       3.161958004,      -1.006870865,       4.204012335
          0,           0,         385,      -2.149994641,       0.584033696,     0.01934151487,       3.167182181,        -1.0047127,       4.202522943
          0,           0,         386,      -2.148093146,        0.58472159,     0.01614621971,       3.172314066,      -1.002239302,       4.201228956
          0,           0,         387,      -2.146151496,      0.5854539324,     0.01285151781,       3.177351215,     -0.9994586003,       4.199843946
          0,           0,         388,      -2.144185266,       0.586228544,    0.009464071461,       3.182276666,     -0.9965678835,       4.198672762
          0,           0,         389,      -2.142196814,      0.5870581332,    0.005986660899,       3.187093055,     -0.9936701872,        4.19773085
          0,           0,         390,      -2.140190024,      0.5879471767,    0.002425593533,       3.191799766,     -0.9907173794,       4.196646426
          0,           0,         391,      -2.138168773,      0.5888790904,   -0.001206413019,        3.19637987,     -0.9875735575,       4.195699073
          0,           0,         392,      -2.136138791,      0.5898469763,   -0.004900675002,       3.200828323,     -0.9846803556,       4.194801018
          0,           0,         393,      -2.134107864,      0.5908567263,   -0.008649399687,       3.205143015,     -0.9820692825,       4.193698912
          0,           0,         394,      -2.132079099,      0.5919251137,    -0.01244687192,       3.209327313,     -0.9790814572,        4.19251355
          0,           0,         395,      -2.130057508,      0.5930378883,    -0.01627879836,       3.213372688,     -0.9765906533,       4.191530882
          0,           0,         396,      -2.128044064,      0.5941944901,    -0.02013279653,        3.21727745,      -0.974557169,       4.190657716
          0,           0,         397,      -2.126046088,      0.5953926242,    -0.02399691985,       3.221039288,     -0.9728571811,       4.189834609
          0,           0,         398,      -2.124065015,      0.5966351747,    -0.02785640313,       3.224657659,     -0.9719937837,       4.188891429
          0,           0,         399,      -2.122105285,      0.5979221037,    -0.03170593951,       3.228136663,     -0.9712063141,       4.187949191
          0,           0,         400,      -2.120166754,      0.5992426658,    -0.03552726551,       3.231473288,     -0.9699885258,        4.18695577
          0,           0,         401,      -2.118257524,      0.6005967634,    -0.03930442354,       3.234663919,     -0.9687041988,       4.185885099
          0,           0,         402,       -2.11637654,      0.6019874812,    -0.04302089313,       3.237711147,     -0.9672821783,       4.185303952
          0,           0,         403,       -2.11452476,      0.6034043709,    -0.04666690086,       3.240615677,     -0.9654135504,       4.184794016
          0,           0,         404,      -2.112707683,       0.604849781,    -0.05023385127,       3.243381733,     -0.9632950417,       4.184201601
          0,           0,         405,      -2.110926559,      0.6063191474,    -0.05370390915,       3.246009284,     -0.9615657334,       4.183689684
          0,           0,         406,      -2.109182846,      0.6078275929,    -0.05705407261,       3.248501243,     -0.9594138893,       4.183143727
          0,           0,         407,       -2.10747597,      0.6093541805,     -0.0602758254,       3.250859498,     -0.9568637383,       4.182461899
          0,           0,         408,      -2.105810542,      0.6108944152,    -0.06335615933,       3.253083297,     -0.9541604611,       4.181856573
          0,           0,         409,       -2.10418855,      0.6124526407,    -0.06629126999,       3.255179462,     -0.9515037043,       4.181247183
          0,           0,         410,      -2.102611209,      0.6140372923,    -0.06906162462,       3.257155293,     -0.9488404482,       4.180435288
          0,           0,         411,      -2.101078837,      0.6156331004,     -0.0716561179,       3.259009327,     -0.9461486505,        4.17963971
          0,           0,         412,      -2.099591741,      0.6172357456,    -0.07406592373,       3.260744488,     -0.9431416821,       4.178774312
          0,           0,         413,      -2.098152052,      0.6188340709,    -0.07628589154,       3.262364154,     -0.9399334425,       4.177765974
          0,           0,         414,      -2.096759622,      0.6204422688,    -0.07831028632,       3.263875053,      -0.936369287,       4.176742717
          0,           0,         415,      -2.095412765,        0.62206043,    -0.08013939519,       3.265284378,     -0.9325224376,       4.175635145
          0,           0,         416,      -2.094110355,      0.6236694156,    -0.08176276839,       3.266592579,     -0.9287182245,       4.174469611
          0,           0,         417,      -2.092852111,      0.6252734022,     -0.0831795742,       3.267804263,     -0.9251232686,       4.173221513
          0,           0,         418,      -2.091635346,      0.6268639013,    -0.08439175846,       3.268923458,      -0.921229196,       4.171867228
          0,           0,         419,      -2.090456796,      0.6284636324,    -0.08539804586,       3.269961259,     -0.9170927851,       4.170501104
          0,           0,         420,      -2.089315009,      0.6300582631,    -0.08620899248,       3.270917791,     -0.9128407524,       4.168991473
          0,           0,         421,      -2.088203128,      0.6316379109,    -0.08682498615,       3.271800583,     -0.9086258916,       4.167385818
          0,           0,         422,      -2.087119065,       0.633209967,    -0.08724967423,       3.272614196,     -0.9041195265,       4.165830009
          0,           0,         423,      -2.086061927,      0.6347719112,    -0.08749114869,        3.27336142,     -0.8998844652,       4.164099323
          0,           0,         424,      -2.085026617,        0.63634131,    -0.08755592357,       3.274052955,     -0.8959325586,       4.162288651
          0,           0,         425,      -2.084010248,      0.6379035153,    -0.08745397256,       3.274687399,     -0.8916044387,       4.160536247
          0,           0,         426,      -2.083007863,      0.6394530165,    -0.08720053278,        3.27527301,     -0.8869053796,       4.158638267
          0,           0,         427,      -2.082019964,      0.6409911455,    -0.08679764944,       3.275811863,     -0.8818810007,       4.156665023
          0,           0,         428,       -2.08104557,      0.6425241667,    -0.08625587569,       3.276306474,     -0.8766675391,       4.154756582
          0,           0,         429,      -2.080077684,      0.6440608952,    -0.08558581682,       3.276768138,      -0.873492638,       4.152686439
          0,           0,         430,      -2.079120207,      0.6455878243,    -0.08479835655,       3.277191332,     -0.8706222932,       4.150523904
          0,           0,         431,      -2.078169231,      0.6471057156,    -0.08390360805,        3.27758181,     -0.8676679332,       4.148421552
          0,           0,         432,      -2.077223983,      0.6486111999,    -0.08291008383,       3.277943036,     -0.8649237203,       4.146186958
          0,           0,         433,      -2.076283156,      0.6501059044,    -0.08182576518,       3.278277097,     -0.8622878912,       4.143817239
          0,           0,         434,      -2.075350643,      0.6516029218,    -0.08065966675,        3.27858725,     -0.8594503189,       4.141505606
          0,           0,         435,      -2.074425459,      0.6530895731,    -0.07941951371,       3.278871277,     -0.8561242073,       4.139118639
          0,           0,         436,      -2.073505923,      0.6545645985,    -0.07811062071,       3.279131987,       -0.85235133,       4.136618514
          0,           0,         437,      -2.072589121,      0.6560296976,    -0.07674136598,       3.279373929,     -0.8481814923,        4.13417262
          0,           0,         438,      -2.071681083,      0.6574832325,     -0.0753208574,       3.279594405,     -0.8437431305,       4.131659822
          0,           0,         439,      -2.070782273,       0.658930364,    -0.07385094078,       3.279796598,     -0.8390504616,       4.129006071
          0,           0,         440,      -2.069893216,      0.6603701137,    -0.07233738609,         3.2799797,     -0.8342217557,       4.126419966
          0,           0,         441,      -2.069013183,      0.6618018601,    -0.07078599908,       3.280144705,     -0.8297979818,       4.123512988
          0,           0,         442,      -2.068145589,      0.6632240561,     -0.0692002552,       3.280291626,     -0.8249762636,       4.120527198
          0,           0,         443,      -2.067293402,      0.6646362883,     -0.0675843825,       3.280418816,      -0.819696125,       4.117712928
          0,           0,         444,      -2.066455811,      0.6660383262,    -0.06594271279,       3.280527927,      -0.813926392,       4.115021243
          0,           0,         445,      -2.065633046,      0.6674368768,    -0.06427857165,        3.28062115,     -0.8076635224,       4.112210462
          0,           0,         446,      -2.064824753,      0.6688283453,    -0.06259894074,       3.280697438,      -0.801284513,       4.109548038
          0,           0,         447,      -2.064029773,      0.6702120938,    -0.06090442636,       3.280760588,     -0.7946169021,       4.107010488
          0,           0,         448,      -2.063250582,      0.6715903215,    -0.05920024053,       3.280808937,     -0.7875872831,       4.104373569
          0,           0,         449,       -2.06248621,      0.6729654546,    -0.05748873228,       3.280846783,     -0.7804086188,       4.101821019
          0,           0,         450,      -2.061738558,      0.6743382351,    -0.05577713301,       3.280872372,      -0.773665073,       4.099296728
          0,           0,         451,      -2.061003241,      0.6757074439,    -0.05406299962,       3.280887573,     -0.7669130163,       4.096728413
          0,           0,         452,      -2.060281536,      0.6770781963,     -0.0523500894,       3.280896496,     -0.7596181471,       4.094310489
          0,           0,         453,      -2.059574797,      0.6784484872,    -0.05063862517,       3.280899063,     -0.7520772242,       4.092057836
          0,           0,         454,      -2.058882797,      0.6798198611,    -0.04893422933,       3.280895497,     -0.7443199085,       4.089740528
          0,           0,         455,      -2.058201993,       0.681190242,    -0.04723926506,       3.280890688,     -0.7362825984,       4.087485139
          0,           0,         456,      -2.057531834,      0.6825611273,    -0.04555566028,       3.280886884,     -0.7281300326,       4.085254833
          0,           0,         457,      -2.056869197,      0.6839356533,    -0.04388510548,       3.280889037,     -0.7195839151,       4.083052133
          0,           0,         458,      -2.056216852,      0.6853127972,     -0.0422284631,        3.28089676,     -0.7113093415,       4.080909123
          0,           0,         459,      -2.055573155,      0.6866878422,    -0.04058954925,       3.280910778,      -0.703173439,       4.078832424
          0,           0,         460,      -2.054939138,      0.6880592193,    -0.03897178062,       3.280928274,      -0.694814167,       4.076934132
          0,           0,         461,      -2.054312613,      0.6894270161,    -0.03737831422,       3.280956914,     -0.6861990546,       4.075554306
          0,           0,         462,      -2.053694221,      0.6907896071,    -0.03581280633,       3.280995672,     -0.6771604019,       4.074205811
          0,           0,         463,      -2.053086315,      0.6921430988,    -0.03427721969,       3.281043017,     -0.6676550685,        4.07293039
          0,           0,         464,      -2.052491873,      0.6934884907,    -0.03277585932,       3.281094994,     -0.6589656303,       4.071504454
          0,           0,         465,      -2.051913843,      0.6948180282,    -0.03131301858,       3.281150401,     -0.6497421734,       4.069768967
          0,           0,         466,      -2.051349264,      0.6961353207,    -0.02989516231,       3.281212897,      -0.639990551,       4.068081711
          0,           0,         467,      -2.050799381,      0.6974337849,    -0.02852509872,       3.281281822,     -0.6313610802,       4.066512855
          0,           0,         468,      -2.050270315,      0.6987127868,    -0.02720707441,       3.281350541,     -0.6226776734,       4.064913179
          0,           0,         469,      -2.049759595,      0.6999698509,     -0.0259459387,       3.281421538,     -0.6144747816,       4.063359667
          0,           0,         470,      -2.049267405,      0.7012045486,     -0.0247458439,       3.281495728,     -0.6066016039,       4.062011508
          0,           0,         471,       -2.04879597,      0.7024139296,     -0.0236097152,       3.281572005,     -0.5975866093,       4.060878376
          0,           0,         472,      -2.048351892,      0.7036009854,    -0.02254245069,       3.281642379,     -0.5887938762,       4.059735015
          0,           0,         473,      -2.047936429,      0.7047598863,    -0.02154500177,        3.28170773,      -0.579793456,       4.058821468
          0,           0,         474,      -2.047544304,      0.7058909321,    -0.02061803794,       3.281776004,     -0.5700597423,       4.057915562
          0,           0,         475,      -2.047178627,      0.7069971134,    -0.01976127778,       3.281844629,     -0.5615296185,       4.056697943
          0,           0,         476,      -2.046849449,      0.7080581637,    -0.01897433381,       3.281890648,     -0.5529023668,        4.05575057
          0,           0,         477,       -2.04654629,      0.7090874316,    -0.01825503851,       3.281933765,     -0.5437809505,       4.054863313
          0,           0,         478,      -2.046273736,      0.7100725877,    -0.01760178648,       3.281964884,     -0.5356882608,       4.054016604
          0,           0,         479,      -2.046034801,      0.7110078282,    -0.01701273965,       3.281974993,       -0.52638982,       4.053405148
          0,           0,         480,      -2.045827169,      0.7118926679,    -0.01648502082,       3.281967052,     -0.5163446098,       4.052829632
          0,           0,         481,       -2.04564838,      0.7127250266,    -0.01601505192,        3.28193995,     -0.5070451993,        4.05235176
          0,           0,         482,      -2.045502339,      0.7134934889,    -0.01559982146,       3.281880445,     -0.4966295239,       4.052013798
          0,           0,         483,       -2.04538862,      0.7141986376,     -0.0152362017,       3.281786473,      -0.487024913,       4.051647284
          0,           0,         484,       -2.04530309,      0.7148440725,    -0.01492040176,       3.281659725,     -0.4782847395,       4.051376887
          0,           0,         485,      -2.045248983,      0.7154218402,    -0.01464912593,       3.281489284,     -0.4691252156,       4.051216753
          0,           0,         486,      -2.045229008,      0.7159293871,    -0.01441879623,       3.281266346,     -0.4605299524,       4.050908415
          0,           0,         487,      -2.045235666,      0.7163722942,    -0.01422551381,       3.280999913,     -0.4517249975,       4.050843116
          0,           0,         488,       -2.04527237,      0.7167545659,    -0.01406630584,        3.28067726,     -0.4413830317,       4.050964685
          0,           0,         489,      -2.045337999,      0.7170781455,    -0.01393690289,       3.280294646,     -0.4325278658,       4.051030324
          0,           0,         490,      -2.045424578,      0.7173494344,    -0.01383177189,       3.279858567,     -0.4232911535,       4.051287842
          0,           0,         491,       -2.04553877,      0.7175689192,    -0.01374708996,       3.279357187,     -0.4135147684,       4.051657194
          0,           0,         492,      -2.045680729,      0.7177324766,    -0.01367851328,       3.278789576,     -0.4051024662,       4.051969392
          0,           0,         493,      -2.045844755,      0.7178435137,     -0.0136227208,       3.278161827,      -0.395907828,       4.052504191
          0,           0,         494,      -2.046041088,      0.7178833533,    -0.01357649862,       3.277452376,     -0.3872102722,       4.053082616
          0,           0,         495,      -2.046255928,      0.7178482574,    -0.01353390744,       3.276673474,     -0.3793523115,       4.053658695
          0,           0,         496,      -2.046488039,       0.717728699,    -0.01349127506,       3.275815974,     -0.3702075308,       4.054493616
          0,           0,         497,      -2.046744171,      0.7175160649,    -0.01344505776,       3.274860374,     -0.3616475999,       4.055260836
          0,           0,         498,      -2.047012679,       0.717221375,    -0.01339049923,       3.273819187,     -0.3536507877,       4.056191501
          0,           0,         499,      -2.047297154,      0.7168402115,    -0.01332422901,       3.272677562,     -0.3449505485,       4.057352689
          0,           0,         500,      -2.047590991,      0.7163993352,    -0.01324004003,       3.271444998,     -0.3372022939,       4.058349052
          0,           0,         501,      -2.047889031,      0.7159032507,    -0.01313275733,       3.270124032,     -0.3292400743,        4.05957879
          0,           0,         502,      -2.048201344,      0.7153694521,    -0.01299807809,       3.268705599,      -0.321049134,        4.06096051
          0,           0,         503,      -2.048520953,      0.7147906421,    -0.01283382464,       3.267202541,      -0.314263328,       4.062227587
          0,           0,         504,      -2.048854574,      0.7141651338,    -0.01263780696,       3.265604858,     -0.3068325317,       4.063649283
          0,           0,         505,      -2.049193753,      0.7134768112,    -0.01240758526,       3.263915812,     -0.2990384563,       4.065024896
          0,           0,         506,       -2.04953664,       0.712724654,     -0.0121400694,       3.262133349,     -0.2915373008,       4.066440948
          0,           0,         507,      -2.049888959,      0.7119038835,    -0.01183391919,       3.260241891,     -0.2831241068,       4.067924836
          0,           0,         508,       -2.05023592,      0.7110208434,    -0.01148720846,       3.258259637,     -0.2753834693,       4.069040156
          0,           0,         509,      -2.050588518,      0.7100881793,    -0.01109634017,       3.256171184,     -0.2677141107,       4.070040725
          0,           0,         510,      -2.050935748,      0.7091111992,    -0.01065905538,       3.253994477,     -0.2599986148,        4.07099286
          0,           0,         511,      -2.051282479,      0.7080953371,    -0.01017353477,       3.251729757,     -0.2533453156,       4.071878923
          0,           0,         512,      -2.051625077,      0.7070390591,   -0.009641719249,       3.249383192,     -0.2460761415,       4.072854431
          0,           0,         513,      -2.051957812,      0.7059432244,   -0.009063867942,       3.246965687,      -0.238209928,       4.073862018
          0,           0,         514,      -2.052289298,      0.7048077815,   -0.008442076558,        3.24446385,      -0.230849289,       4.074941803
          0,           0,         515,      -2.052601415,      0.7036454184,   -0.007775054166,       3.241908302,     -0.2228209391,       4.075912864
          0,           0,         516,      -2.052905314,      0.7024516149,   -0.007062362735,       3.239283354,     -0.2151590276,       4.076851857
          0,           0,         517,      -2.053185826,      0.7012374574,   -0.006309249275,       3.236616512,     -0.2081109156,       4.077893846
          0,           0,         518,      -2.053451005,       0.700006258,   -0.005516137053,       3.233905118,     -0.2006925633,       4.078836162
          0,           0,         519,      -2.053689207,       0.698762277,   -0.004686395358,       3.231171362,     -0.1934995593,       4.079732521
          0,           0,         520,      -2.053905136,      0.6975166666,   -0.003821176361,       3.228416049,     -0.1860438462,       4.080763138
          0,           0,         521,       -2.05408909,      0.6962652608,   -0.002923152444,        3.22565786,     -0.1781096558,        4.08165819
          0,           0,         522,      -2.054242162,      0.6950190093,     -0.0019944677,       3.222902225,     -0.1711180128,       4.082428687
          0,           0,         523,      -2.054355543,      0.6937879668,   -0.001037959216,       3.220173513,     -0.1636628942,        4.08331811
          0,           0,         524,      -2.054432056,      0.6925678469,  -5.598108881e-05,       3.217472511,     -0.1561083387,       4.084041524
          0,           0,         525,      -2.054462675,      0.6913774208,   0.0009496084548,       3.214827576,     -0.1498075349,       4.084732815
          0,           0,         526,      -2.054449247,      0.6902048676,    0.001975918907,       3.212237998,     -0.1428757451,       4.085517647
          0,           0,         527,       -2.05437954,       0.689069199,    0.003022025921,       3.209737822,     -0.1354479489,       4.086259997
          0,           0,         528,      -2.054256311,      0.6879641964,    0.004085865639,       3.207325407,     -0.1283233836,       4.087051133
          0,           0,         529,      -2.054070073,       0.686899577,    0.005166783941,       3.205028129,     -0.1209043775,        4.08792859
          0,           0,         530,      -2.053819625,      0.6858836461,    0.006263090614,       3.202854532,     -0.1132794186,       4.088788825
          0,           0,         531,      -2.053492104,      0.6849234284,    0.007374623342,       3.200842834,     -0.1060620929,       4.089631346
          0,           0,         532,      -2.053082361,       0.684026282,    0.008500870543,       3.199009125,    -0.09896715752,       4.090476927
          0,           0,         533,      -2.052590105,      0.6831900151,    0.009640189392,       3.197358213,    -0.09214462317,       4.091320398
          0,           0,         534,      -2.052013714,      0.6824186021,     0.01079291332,       3.195905687,    -0.08520086854,       4.092068858
          0,           0,         535,       -2.05135291,      0.6817279323,     0.01195873066,        3.19466589,     -0.0775607073,        4.09294054
          0,           0,         536,      -2.050605679,      0.6811214966,     0.01313788294,       3.193651348,    -0.06970216917,        4.09383194
          0,           0,         537,      -2.049770817,      0.6805993711,     0.01433061662,       3.192869207,    -0.06190342617,       4.094598502
          0,           0,         538,       -2.04885076,      0.6801668058,     0.01553731656,       3.192322544,    -0.05409603113,       4.095453271
          0,           0,         539,      -2.047844317,      0.6798204019,     0.01675874779,        3.19201716,      -0.047010968,       4.096305471
          0,           0,         540,      -2.046752042,       0.679566638,     0.01799610789,       3.191955156,    -0.03992327084,       4.096959666
          0,           0,         541,      -2.045574875,      0.6794076896,     0.01925056435,       3.192139626,     -0.0324885811,       4.097774369
          0,           0,         542,      -2.044314859,      0.6793363559,     0.02052228393,       3.192567159,    -0.02505829363,       4.098561346
          0,           0,         543,      -2.042974679,      0.6793571651,     0.02181148629,       3.193230626,    -0.01700313537,       4.099281945
          0,           0,         544,      -2.041557843,      0.6794668374,     0.02311829394,       3.194125188,   -0.009010804066,        4.10002025
          0,           0,         545,      -2.040066852,      0.6796576934,     0.02444270877,       3.195236457,   -0.001522549822,       4.100753483
          0,           0,         546,      -2.038507254,      0.6799387476,      0.0257852211,       3.196559186,    0.005269495295,       4.101327006
          0,           0,         547,      -2.036881599,      0.6803069099,     0.02714608779,       3.198087946,     0.01222294972,       4.101859618
          0,           0,         548,      -2.035194322,      0.6807599862,     0.02852448379,       3.199810562,     0.01899226649,        4.10250577
          0,           0,         549,      -2.033451087,      0.6812994318,     0.02992012272,       3.201713185,     0.02624400367,        4.10311022
          0,           0,         550,       -2.03165482,      0.6819170024,     0.03133255036,       3.203784445,     0.03368085916,       4.103588267
          0,           0,         551,      -2.029810457,      0.6826084378,     0.03276121236,       3.206009432,     0.04176490462,       4.102930084
          0,           0,         552,      -2.027924607,      0.6833727539,     0.03420573954,       3.208368723,     0.04976782392,       4.102377243
          0,           0,         553,      -2.025998953,      0.6842021717,     0.03566594146,       3.210853859,     0.05691512685,       4.101873565
          0,           0,         554,      -2.024037638,      0.6850973047,     0.03714045458,       3.213452665,     0.06410243674,       4.101683898
          0,           0,         555,      -2.022045089,      0.6860560389,     0.03862858143,       3.216151194,     0.07088690624,       4.101591097
          0,           0,         556,      -2.020026211,       0.687066744,     0.04012961139,        3.21893534,     0.07757687411,       4.101474611
          0,           0,         557,      -2.017985651,      0.6881287561,     0.04164295147,       3.221791301,     0.08498483852,       4.101548645
          0,           0,         558,      -2.015928301,      0.6892378411,     0.04316719145,        3.22470313,     0.09265458944,       4.101715735
          0,           0,         559,      -2.013858261,      0.6903841868,      0.0447009943,       3.227659969,      0.1005006743,       4.101750551
          0,           0,         560,      -2.011780325,      0.6915689212,     0.04624353871,       3.230648665,      0.1089174274,       4.101823672
          0,           0,         561,      -2.009698584,      0.6927864533,     0.04779422279,       3.233658195,      0.1170834125,       4.102035834
          0,           0,         562,      -2.007617023,       0.694027291,     0.04935148623,       3.236678309,      0.1243033419,       4.102163178
          0,           0,         563,      -2.005541037,      0.6952896259,     0.05091379851,       3.239695331,      0.1303860138,       4.102184549
          0,           0,         564,      -2.003473851,      0.6965684114,     0.05247969436,       3.242699338,      0.1363173855,       4.102284404
          0,           0,         565,      -2.001419341,      0.6978575424,     0.05404844578,       3.245682357,      0.1426074844,       4.102338197
          0,           0,         566,      -1.999380899,      0.6991566129,     0.05561864798,       3.248636549,      0.1498020404,        4.10241724
          0,           0,         567,      -1.997360969,       0.700459408,       0.057188321,       3.251555842,      0.1576461362,       4.102583761
          0,           0,         568,      -1.995364248,      0.7017562833,     0.05875563056,       3.254430266,       0.166112169,       4.102790441
          0,           0,         569,      -1.993394121,      0.7030496027,     0.06031881525,       3.257251669,      0.1751940046,        4.10292862
          0,           0,         570,      -1.991451172,      0.7043349379,     0.06187649596,       3.260018305,      0.1803405542,       4.102967596
          0,           0,         571,      -1.989537063,      0.7056046728,     0.06342606784,       3.262727083,      0.1851186294,       4.103046814
          0,           0,         572,      -1.987654254,      0.7068599299,     0.06496477466,       3.265373978,       0.190503531,       4.103105432
          0,           0,         573,       -1.98580407,      0.7080953357,      0.0664902084,       3.267956323,      0.1969173505,       4.103223269
          0,           0,         574,      -1.983987741,       0.709297944,     0.06799958163,       3.270469627,      0.2038166036,       4.103325853
          0,           0,         575,      -1.982204728,      0.7104694408,     0.06948996023,       3.272916715,      0.2112143682,       4.103379003
          0,           0,         576,      -1.980455073,       0.711607966,     0.07095822163,       3.275298029,      0.2194059789,       4.103418966
          0,           0,         577,       -1.97873949,      0.7127046267,     0.07240123126,       3.277613706,      0.2263969932,       4.103420392
          0,           0,         578,      -1.977058957,      0.7137626981,     0.07381489611,       3.279864398,      0.2318313278,       4.103465866
          0,           0,         579,      -1.975416239,      0.7147873331,     0.07519486237,       3.282047597,      0.2365641915,       4.103405313
          0,           0,         580,       -1.97381168,       0.715783365,     0.07653612668,       3.284167631,      0.2415799263,       4.103267178
          0,           0,         581,      -1.972249534,       0.716760967,     0.07783281507,       3.286221545,       0.247214996,       4.103255146
          0,           0,         582,      -1.970733875,      0.7177291249,     0.07907762264,       3.288204225,      0.2535865011,       4.103167167
          0,           0,         583,      -1.969269216,      0.7186709895,     0.08026112315,       3.290097999,      0.2605826583,       4.103136064
          0,           0,         584,      -1.967847329,      0.7195640576,     0.08137073605,        3.29191024,      0.2662968779,       4.103167668
          0,           0,         585,      -1.966440876,      0.7204158444,     0.08238869771,       3.293738487,       0.271707506,       4.102822139
          0,           0,         586,      -1.965026356,      0.7211150185,     0.08330358541,       3.295695933,      0.2773249314,       4.102617086
          0,           0,         587,      -1.963667642,       0.721530499,      0.0841529929,       3.297629519,      0.2827178282,       4.102567927
          0,           0,         588,      -1.962501934,      0.7220165384,     0.08499017237,       3.299144022,      0.2876711608,       4.102591334
          0,           0,         589,      -1.961555435,      0.7227613723,     0.08582862538,       3.300103862,      0.2931004176,       4.102487872
          0,           0,         590,      -1.960775528,      0.7236012045,      0.0866906707,       3.300569524,      0.2981145346,       4.102439092
          0,           0,         591,      -1.960034415,      0.7243736582,     0.08757812388,       3.300910959,       0.302540138,       4.102520049
          0,           0,         592,      -1.959239321,      0.7250648986,      0.0884834132,       3.301545984,      0.3073266633,       4.102525975
          0,           0,         593,      -1.958436786,      0.7255567141,     0.08939607339,       3.302353086,      0.3123696168,       4.102702408
          0,           0,         594,      -1.957739805,      0.7259688526,     0.09033077667,       3.302920236,      0.3177347457,       4.102854352
          0,           0,         595,      -1.957161508,      0.7264498689,     0.09128153889,       3.303157817,      0.3235276662,       4.102952853
          0,           0,         596,      -1.956656333,      0.7269946699,     0.09223162325,       3.303228023,       0.328379766,       4.102944171
          0,           0,         597,      -1.956188671,       0.727527642,     0.09319679749,       3.303279056,       0.332019608,       4.103367268
          0,           0,         598,      -1.955734302,      0.7280158673,      0.0941587913,       3.303404485,       0.335684439,       4.104073105
          0,           0,         599,      -1.955298981,      0.7284625561,     0.09510853553,       3.303622415,       0.339635722,       4.104708496
          0,           0,         600,      -1.954863512,      0.7288604601,     0.09606376812,       3.303919782,      0.3437271772,        4.10546369
          0,           0,         601,      -1.954461278,      0.7292167778,     0.09701425095,       3.304210456,      0.3487044921,       4.106401142
          0,           0,         602,      -1.954090142,      0.7295423989,      0.0979252288,       3.304473303,      0.3534741331,       4.107345097
          0,           0,         603,      -1.953747095,      0.7298403445,     0.09879196301,        3.30470459,      0.3579180134,       4.108277722
          0,           0,         604,      -1.953452977,      0.7301547887,     0.09963898489,       3.304895916,      0.3621261711,       4.109217223
          0,           0,         605,      -1.953185187,      0.7304466691,      0.1004330902,       3.305062054,      0.3653528523,       4.109960387
          0,           0,         606,      -1.952923199,       0.730707908,      0.1011604673,       3.305233492,      0.3686756597,       4.110542505
          0,           0,         607,      -1.952702455,      0.7309327711,      0.1018448682,       3.305359272,      0.3724186823,       4.111232769
          0,           0,         608,      -1.952520385,      0.7311351335,      0.1024780589,       3.305437313,      0.3762406667,       4.111945278
          0,           0,         609,      -1.952324622,        0.73134833,      0.1030204043,       3.305560653,      0.3797038301,       4.112491425
          0,           0,         610,      -1.952159536,      0.7315057939,      0.1035083303,         3.3056449,      0.3833744401,       4.113043254
          0,           0,         611,      -1.952013063,      0.7316237793,      0.1039325202,       3.305704532,      0.3870839488,       4.113497693
          0,           0,         612,      -1.951871861,         0.7317087,      0.1042719251,       3.305764257,      0.3912013762,       4.113866966
          0,           0,         613,      -1.951741839,      0.7317428491,      0.1045391833,       3.305802744,      0.3948421702,       4.114046335
          0,           0,         614,      -1.951659059,      0.7317532196,      0.1047046667,       3.305782865,      0.3978181824,       4.114190375
          0,           0,         615,      -1.951621576,      0.7317698225,      0.1047821222,       3.305710455,      0.4003970712,       4.114332966
          0,           0,         616,      -1.951636279,      0.7317404954,      0.1047928254,       3.305548411,      0.4032334041,        4.11434168
          0,           0,         617,      -1.951701471,      0.7316598413,      0.1047149267,       3.305293576,      0.4060678945,       4.114254525
          0,           0,         618,      -1.951829352,      0.7315419229,      0.1045510547,       3.304940312,      0.4094975404,       4.114139745
          0,           0,         619,       -1.95200828,      0.7314583942,       0.104328509,       3.304526691,      0.4132832173,        4.11388854
          0,           0,         620,      -1.952246882,      0.7313543417,      0.1040294785,        3.30402176,      0.4168329074,       4.113508911
          0,           0,         621,      -1.952520317,      0.7312172062,      0.1036651267,       3.303463033,      0.4200025109,       4.113125736
          0,           0,         622,      -1.952826065,      0.7310501068,       0.103285401,        3.30286086,      0.4221253389,       4.112681156
          0,           0,         623,      -1.953159771,      0.7308593622,      0.1028500473,       3.302216738,      0.4244657483,       4.112064115
          0,           0,         624,      -1.953514492,      0.7306735426,      0.1023668856,       3.301550982,      0.4270923758,       4.111509144
          0,           0,         625,      -1.953894178,      0.7304835078,      0.1018643327,       3.300862953,      0.4299424524,       4.110944774
          0,           0,         626,      -1.954276474,      0.7302738521,      0.1013398583,        3.30017721,      0.4328441113,       4.110288826
          0,           0,         627,      -1.954688109,      0.7300383432,      0.1008093356,       3.299454545,      0.4356047023,       4.109662808
          0,           0,         628,      -1.955135725,      0.7297714141,      0.1002612056,       3.298684477,      0.4387467685,       4.109028748
          0,           0,         629,      -1.955578681,      0.7294901639,     0.09969707842,       3.297920878,      0.4418290455,       4.108361201
          0,           0,         630,      -1.956051893,      0.7292210774,     0.09912101606,       3.297138991,      0.4440882414,       4.107561279
          0,           0,         631,      -1.956554325,      0.7289421502,     0.09851074622,       3.296333069,      0.4461655197,       4.106754035
          0,           0,         632,      -1.957045246,      0.7286526869,     0.09787820336,       3.295542255,      0.4482529924,       4.106003683
          0,           0,         633,      -1.957559897,       0.728356049,     0.09722974468,       3.294730713,      0.4504226643,       4.105212907
          0,           0,         634,      -1.958086128,      0.7280983127,     0.09656108753,       3.293919468,      0.4528936681,       4.104489307
          0,           0,         635,      -1.958613568,      0.7278398056,      0.0958373221,       3.293106137,      0.4555399643,       4.103784862
          0,           0,         636,      -1.959145349,      0.7275838544,     0.09507958945,       3.292299313,      0.4587253257,       4.103122497
          0,           0,         637,      -1.959695902,      0.7273358739,     0.09429487127,       3.291486029,      0.4616751184,       4.102421646
          0,           0,         638,      -1.960243403,      0.7271284078,     0.09345925797,       3.290696696,      0.4632483302,       4.101657328
          0,           0,         639,      -1.960775686,      0.7269506224,     0.09259308707,       3.289946475,      0.4648348335,       4.100970819
          0,           0,         640,      -1.961316503,      0.7267728523,     0.09168336628,       3.289200986,      0.4666697641,       4.100315054
          0,           0,         641,      -1.961862813,      0.7266043971,     0.09073632938,       3.288463698,      0.4688104749,       4.099682214
          0,           0,         642,      -1.962400865,      0.7264462772,      0.0897784587,       3.287752314,      0.4710724706,        4.09917195
          0,           0,         643,      -1.962924322,      0.7263252134,     0.08876276199,       3.287091818,      0.4734180734,       4.098804265
          0,           0,         644,      -1.963449941,      0.7262210062,     0.08771602353,       3.286447288,      0.4761055061,       4.098323366
          0,           0,         645,      -1.963978219,      0.7261188632,     0.08667856422,       3.285812571,      0.4784953417,       4.097846247
          0,           0,         646,      -1.964505224,      0.7260184021,     0.08560221862,       3.285194447,      0.4798794487,       4.097409479
          0,           0,         647,      -1.965019688,       0.725922611,     0.08449114656,       3.284607105,      0.4814426614,       4.096866917
          0,           0,         648,       -1.96553543,      0.7258629053,     0.08338943322,       3.284046218,      0.4832477174,       4.096318988
          0,           0,         649,      -1.966063875,      0.7258046207,     0.08226636609,       3.283482995,      0.4847666319,       4.095887244
          0,           0,         650,       -1.96658786,      0.7257456295,     0.08112127433,       3.282935115,      0.4867107344,       4.095571508
          0,           0,         651,       -1.96712219,      0.7256790936,     0.07997562431,       3.282385204,      0.4887841848,       4.095196185
          0,           0,         652,       -1.96765579,      0.7256393654,     0.07884893295,         3.2818526,      0.4915515508,        4.09486216
          0,           0,         653,      -1.968196288,       0.725604221,     0.07769682327,       3.281320473,      0.4936248987,       4.094556631
          0,           0,         654,      -1.968746051,      0.7255722113,     0.07653998493,       3.280794506,      0.4948357963,       4.094174297
          0,           0,         655,      -1.969314175,      0.7255312503,     0.07539328986,       3.280252033,      0.4962986681,       4.093765133
          0,           0,         656,       -1.96988967,      0.7254929867,     0.07426373964,       3.279707255,      0.4976799885,       4.093497054
          0,           0,         657,      -1.970476686,       0.725464866,     0.07313243517,       3.279159241,      0.4991001665,       4.093386024
          0,           0,         658,      -1.971077698,      0.7254271579,     0.07200198001,       3.278596987,      0.5009134322,       4.093222817
          0,           0,         659,      -1.971695576,      0.7253757192,     0.07087948828,       3.278013779,      0.5033002935,       4.093164946
          0,           0,         660,      -1.972331394,      0.7253044386,     0.06979925684,         3.2774076,      0.5054969548,       4.093111736
          0,           0,         661,      -1.972973738,      0.7252367729,      0.0687184804,       3.276792665,      0.5075032284,        4.09306139
          0,           0,         662,      -1.973625664,       0.725173246,     0.06764667971,       3.276166423,      0.5086377319,       4.093047705
          0,           0,         663,       -1.97429339,      0.7250889131,      0.0666005944,       3.275511637,      0.5102205877,       4.092951103
          0,           0,         664,      -1.974978759,      0.7249813234,     0.06559660089,       3.274822115,      0.5114143824,       4.093055649
          0,           0,         665,      -1.975670812,      0.7248658025,     0.06460737794,       3.274115863,      0.5129076831,       4.093034448
          0,           0,         666,      -1.976365596,      0.7247605263,     0.06364376888,       3.273398709,      0.5147804148,       4.093085895
          0,           0,         667,      -1.977074441,      0.7246406406,     0.06270923411,        3.27265021,      0.5169073188,       4.093035369
          0,           0,         668,      -1.977795441,      0.7244975067,     0.06183317719,       3.271868131,       0.519016389,       4.092968656
          0,           0,         669,      -1.978526109,      0.7243314359,      0.0610046275,       3.271051622,       0.521096392,       4.092902717
          0,           0,         670,      -1.979251697,      0.7241650906,     0.06022589931,       3.270224158,      0.5225787034,       4.092752815
          0,           0,         671,      -1.979977613,      0.7239876662,      0.0595116321,        3.26937398,      0.5238478588,        4.09265176
          0,           0,         672,      -1.980714105,      0.7237907169,     0.05890134335,       3.268490375,      0.5251368661,       4.092562474
          0,           0,         673,       -1.98145576,      0.7235712201,     0.05839590813,       3.267571722,      0.5267022633,       4.092408618
          0,           0,         674,      -1.982190037,      0.7233409298,     0.05801664762,       3.266633808,       0.528698974,       4.092352098
          0,           0,         675,      -1.982917761,      0.7231112466,      0.0578028544,       3.265680884,      0.5307247547,       4.092381788
          0,           0,         676,      -1.983646615,      0.7228644233,     0.05782906804,       3.264696987,      0.5328580961,       4.092285692
          0,           0,         677,      -1.984373372,      0.7226032267,       0.058138669,       3.263684977,      0.5351883447,       4.092251409
          0,           0,         678,      -1.985089339,      0.7223353591,      0.0588087174,       3.262656264,      0.5367306849,       4.092221906
          0,           0,         679,      -1.985797169,      0.7220662915,     0.05995901352,        3.26161174,      0.5381334129,       4.092282823
          0,           0,         680,      -1.986497217,      0.7218041733,     0.06175692119,       3.260551432,      0.5396150093,       4.092350658
          0,           0,         681,      -1.987185123,      0.7215424964,     0.06437711646,       3.259478546,       0.541478033,       4.092697789
          0,           0,         682,      -1.987862009,      0.7212797113,     0.06806240693,       3.258391244,       0.543318124,       4.093227259
          0,           0,         683,      -1.988526697,      0.7210232823,     0.07312578807,       3.257295499,      0.5454107242,       4.093887424
          0,           0,         684,      -1.989180382,      0.7207904652,     0.07995714508,       3.256192008,      0.5476902409,       4.094685312
          0,           0,         685,      -1.989816353,      0.7205956516,     0.08900937119,       3.255091859,      0.5500390154,       4.095642006
          0,           0,         686,      -1.990434727,      0.7204333779,      0.1008073636,       3.253990613,       0.552041103,       4.096783447
          0,           0,         687,      -1.991040707,      0.7203236313,      0.1159217831,       3.252885817,      0.5537230582,       4.098000577
          0,           0,         688,      -1.991629457,      0.7202960009,      0.1349353433,       3.251790758,      0.5555720814,       4.099353328
          0,           0,         689,      -1.992197183,       0.720399461,      0.1583739104,       3.250720515,        0.55743859,       4.100927165
          0,           0,         690,      -1.992743766,        0.72065825,      0.1866363923,       3.249671342,      0.5595099405,       4.102520304
          0,           0,         691,      -1.993271396,       0.721125784,      0.2199458932,       3.248648058,      0.5617181444,       4.104132412
          0,           0,         692,      -1.993777848,      0.7218794938,      0.2582991124,       3.247661966,      0.5641444307,       4.105680413
          0,           0,         693,      -1.994255768,      0.7230327635,      0.3014658277,       3.246732713,      0.5663560271,       4.107205541
          0,           0,         694,      -1.994705995,      0.7247182319,      0.3490132504,       3.245865823,      0.5685730663,       4.108533752
          0,           0,         695,      -1.995127232,      0.7270980964,      0.4003866907,       3.245074425,      0.5708818909,       4.109782411
          0,           0,         696,        -1.9955118,      0.7303950112,      0.4549428287,       3.244384165,      0.5730735172,       4.110834671
          0,           0,         697,      -1.995849614,      0.7348917046,      0.5120278761,        3.24383126,      0.5750895546,       4.111739197
          0,           0,         698,      -1.996129662,      0.7409354131,      0.5709996044,       3.243453941,      0.5773008909,       4.112520674
          0,           0,         699,      -1.996343456,      0.7489018942,      0.6312237874,       3.243285551,      0.5797285811,       4.113330869
          0,           0,         700,      -1.996467474,      0.7592021164,      0.6921279638,        3.24339569,      0.5819545348,       4.114157595
          0,           0,         701,      -1.996485049,      0.7722237041,      0.7530944327,       3.243841115,      0.5840799592,       4.114876205
          0,           0,         702,      -1.996371466,      0.7882709811,      0.8135462047,       3.244702401,      0.5861726653,         4.1157374
          0,           0,         703,      -1.996111771,       0.807444676,      0.8728322334,       3.246028059,      0.5884446133,       4.115944236
          0,           0,         704,      -1.995687775,      0.8295860537,      0.9302972544,       3.247874085,      0.5904165416,        4.11490084
          0,           0,         705,      -1.995096255,      0.8542049009,      0.9852177749,       3.250248529,      0.5924044963,       4.114086645
          0,           0,         706,      -1.994334642,       0.880539712,       1.036917414,       3.253153902,      0.5944222484,       4.113516064
          0,           0,         707,      -1.993433919,      0.9076065626,       1.084786089,       3.256502231,      0.5965191076,       4.113091359
          0,           0,         708,      -1.992436515,      0.9343187146,       1.128202355,       3.260169113,      0.5985025078,       4.112727776
          0,           0,         709,      -1.991392003,       0.959787746,       1.166996971,       3.264021712,      0.6007560506,       4.112438865
          0,           0,         710,       -1.99035738,       0.983233581,       1.200907762,       3.267888513,      0.6033847211,       4.112217138
          0,           0,         711,       -1.98942808,       1.004274044,       1.230227125,        3.27153557,      0.6063207889,        4.11199883
          0,           0,         712,      -1.988588194,       1.022720046,       1.255182014,       3.274988794,      0.6095070396,       4.111657321
          0,           0,         713,      -1.987965949,       1.038622125,       1.276218637,       3.277942683,      0.6129855613,       4.111248157
          0,           0,         714,      -1.987504818,       1.052138337,       1.293913851,       3.280478977,      0.6168618437,       4.110876054
          0,           0,         715,      -1.987220832,       1.063589364,       1.308604978,       3.282648835,      0.6204223671,       4.110313084
          0,           0,         716,      -1.987157552,       1.073028987,       1.320843504,       3.284220537,      0.6240328735,       4.109687653
          0,           0,         717,      -1.987219677,        1.08102066,       1.331034499,       3.285555687,      0.6276654984,       4.109136751
          0,           0,         718,      -1.987380059,       1.087606647,       1.339497873,       3.286634211,      0.6314040152,       4.108609737
          0,           0,         719,      -1.987738155,       1.093041986,       1.346579138,       3.287277889,      0.6349489598,        4.10801428
          0,           0,         720,       -1.98803169,       1.097773477,       1.352576801,       3.288118873,      0.6386472377,       4.107462367
          0,           0,         721,      -1.988571174,       1.101484513,       1.357586471,       3.288385893,      0.6422197601,       4.106938158
          0,           0,         722,      -1.989065677,       1.104649772,       1.361709078,       3.288819698,      0.6459940765,       4.106434005
          0,           0,         723,      -1.989630767,       1.107125135,       1.365132067,        3.28913715,      0.6492192693,       4.105573761
          0,           0,         724,      -1.990298932,        1.10904658,       1.367822437,       3.289248695,       0.652880626,        4.10470133
          0,           0,         725,      -1.990882324,         1.1106063,       1.370032221,       3.289621627,      0.6560950787,       4.103956911
          0,           0,         726,      -1.991645289,       1.111723906,       1.371822952,       3.289613885,      0.6598800052,       4.103298598
          0,           0,         727,      -1.992307811,        1.11268374,       1.373273485,       3.289837974,      0.6630811767,       4.102748047
          0,           0,         728,      -1.993051224,       1.113395349,       1.374528937,       3.289990196,      0.6671884015,       4.102482723
          0,           0,         729,      -1.993806318,       1.113930704,       1.375477612,       3.290055955,      0.6705291136,       4.102474551
          0,           0,         730,      -1.994473749,       1.114303977,         1.3762237,        3.29047891,      0.6746851544,       4.102905813
          0,           0,         731,      -1.995309405,       1.114471409,       1.376761162,       3.290423893,      0.6782690608,       4.103880161
          0,           0,         732,      -1.995967163,       1.114475503,       1.377022868,       3.290928392,      0.6829380851,       4.105644247
          0,           0,         733,      -1.996827163,        1.11429531,       1.377146864,       3.290885694,      0.6869798603,       4.108288833
          0,           0,         734,       -1.99754189,       1.113943124,       1.376993223,       3.291303935,      0.6918561824,       4.112038353
          0,           0,         735,      -1.998413609,       1.113463744,        1.37670252,       3.291303545,      0.6962890194,       4.117064825
          0,           0,         736,      -1.999178966,       1.112871218,        1.37628122,        3.29162545,      0.7013562952,       4.123442836
          0,           0,         737,      -2.000036209,       1.112240274,       1.375756012,       3.291707567,      0.7060950698,       4.131288548
          0,           0,         738,      -2.000809066,       1.111521652,       1.375181125,        3.29203712,       0.711449089,       4.140476303
          0,           0,         739,       -2.00168366,       1.110809237,       1.374529264,       3.292128492,      0.7168082081,       4.150937438
          0,           0,         740,      -2.002430473,       1.110030191,       1.373839693,       3.292550265,      0.7224206526,       4.162289981
          0,           0,         741,      -2.003330721,       1.109243843,       1.373090248,       3.292632399,      0.7279788914,       4.174412663
          0,           0,         742,      -2.004069974,       1.108410451,       1.372280506,       3.293089308,      0.7337433133,       4.186806716
          0,           0,         743,      -2.005003616,        1.10753371,       1.371413579,       3.293141846,      0.7396367329,       4.199249927
          0,           0,         744,      -2.005764247,       1.106661527,       1.370512506,       3.293585684,      0.7455308986,       4.211294795
          0,           0,         745,      -2.006707536,       1.105772442,       1.369614493,       3.293653662,      0.7515892941,        4.22276133
          0,           0,         746,      -2.007496093,       1.104972259,       1.368737525,       3.294048336,      0.7576991111,       4.233196721
          0,           0,         747,      -2.008416619,       1.104217226,       1.367957816,       3.294179673,      0.7640001267,       4.242500808
          0,           0,         748,      -2.009190969,       1.103619121,       1.367251183,       3.294602826,        0.77015129,       4.250375888
          0,           0,         749,      -2.010080535,       1.103114131,       1.366687994,       3.294821219,      0.7764707411,       4.256783147
          0,           0,         750,      -2.010848784,       1.102801456,       1.366234194,         3.2952687,      0.7827704121,       4.261481668
          0,           0,         751,      -2.011705251,       1.102605631,       1.365934111,       3.295568066,       0.789050647,       4.264463116
          0,           0,         752,      -2.012469612,       1.102629941,       1.365772661,       3.296028667,      0.7953342578,       4.265643015
          0,           0,         753,       -2.01328353,       1.102801139,       1.365791891,       3.296409822,       0.801652847,       4.265014398
          0,           0,         754,      -2.014041815,        1.10322601,       1.365985687,       3.296879253,      0.8078715858,       4.262506211
          0,           0,         755,      -2.014819967,       1.103808068,       1.366370715,       3.297330508,      0.8140824634,       4.258181066
          0,           0,         756,      -2.015555438,       1.104611452,       1.366907177,       3.297831481,      0.8202741385,       4.252073855
          0,           0,         757,      -2.016292406,       1.105506107,       1.367574874,        3.29835214,       0.826569333,       4.244257771
          0,           0,         758,      -2.017004283,       1.106516356,       1.368308427,       3.298875609,      0.8328944034,        4.23484566
          0,           0,         759,      -2.017701075,       1.107512705,       1.369066881,       3.299445738,      0.8391909915,       4.224101972
          0,           0,         760,      -2.018418683,       1.108541688,       1.369820088,       3.299935852,      0.8455043008,       4.212340345
          0,           0,         761,      -2.019091894,       1.109502005,        1.37054749,       3.300518579,      0.8516371248,       4.200085597
          0,           0,         762,      -2.019824728,       1.110516702,       1.371278667,       3.300947235,      0.8577511776,       4.187939473
          0,           0,         763,      -2.020468757,       1.111491543,       1.372036726,       3.301531339,      0.8639068297,       4.177042552
          0,           0,         764,      -2.021179514,       1.112604508,       1.372862403,       3.301941278,      0.8700672935,       4.168384761
          0,           0,         765,      -2.021784664,       1.113725066,       1.373781268,       3.302538918,      0.8763152052,       4.163380743
          0,           0,         766,      -2.022460993,       1.114986218,       1.374771783,       3.302944548,      0.8824519766,       4.163020929
          0,           0,         767,      -2.023020008,       1.116257697,       1.375836784,       3.303569248,      0.8885315792,       4.169076175
          0,           0,         768,      -2.023652326,       1.117619679,        1.37695496,       3.303981648,      0.8945511201,        4.17347253
          0,           0,         769,      -2.024162127,       1.118970568,       1.378080242,       3.304618823,       0.900441189,       4.174111839
          0,           0,         770,      -2.024753687,       1.120302566,        1.37920587,         3.3050255,      0.9063536361,       4.173328845
          0,           0,         771,      -2.025217746,       1.121598782,       1.380271879,       3.305668021,      0.9121998831,       4.173230126
          0,           0,         772,      -2.025745217,       1.122799199,       1.381301471,        3.30612079,      0.9179744128,       4.173316246
          0,           0,         773,      -2.026188878,        1.12393777,       1.382263448,       3.306720333,      0.9236238142,       4.172171845
          0,           0,         774,       -2.02662149,        1.12502317,       1.383197098,       3.307255285,      0.9292641757,       4.171818952
          0,           0,         775,      -2.027034956,       1.126055466,       1.384104869,       3.307824408,      0.9347663579,       4.172180337
          0,           0,         776,      -2.027396375,       1.127087579,       1.385007673,       3.308393096,      0.9402719721,       4.171741607
          0,           0,         777,      -2.027787942,       1.128094416,       1.385928207,       3.308918878,      0.9456367929,       4.172196531
          0,           0,         778,      -2.028108485,       1.129179534,       1.386903263,         3.3094636,      0.9510185797,       4.172189276
          0,           0,         779,      -2.028435407,       1.130283714,       1.387948371,       3.310012821,      0.9561737044,       4.173096366
          0,           0,         780,      -2.028733014,       1.131486864,       1.389099871,        3.31048205,       0.961357175,       4.174119041
          0,           0,         781,      -2.028945602,       1.132773541,       1.390337318,       3.311127112,      0.9663979763,       4.174887255
          0,           0,         782,      -2.029208996,       1.134150214,       1.391711595,       3.311550953,      0.9714474188,       4.176580581
          0,           0,         783,      -2.029320174,       1.135636498,       1.393164512,       3.312264635,      0.9763548929,       4.178569842
          0,           0,         784,      -2.029533699,       1.137191696,       1.394767368,       3.312675524,      0.9813566179,       4.180345707
          0,           0,         785,      -2.029555916,       1.138893335,        1.39645036,       3.313429312,      0.9862001203,       4.182018637
          0,           0,         786,      -2.029690437,       1.140627731,       1.398270484,       3.313880188,       0.991051754,       4.183912677
          0,           0,         787,      -2.029652077,       1.142503278,       1.400174134,       3.314630721,      0.9957528261,       4.185899988
          0,           0,         788,      -2.029704577,        1.14438346,       1.402172365,        3.31513509,       1.000478333,       4.187182225
          0,           0,         789,      -2.029633181,       1.146356673,       1.404234285,       3.315848371,       1.005057472,       4.188655172
          0,           0,         790,      -2.029618658,       1.148317011,       1.406352816,       3.316378059,       1.009651959,       4.190289554
          0,           0,         791,      -2.029534343,       1.150328458,       1.408520521,       3.317017435,       1.014077078,       4.191428513
          0,           0,         792,      -2.029469691,       1.152339887,       1.410730607,       3.317540114,       1.018545209,        4.19240772
          0,           0,         793,      -2.029376951,       1.154401158,        1.41300235,       3.318105827,        1.02275941,       4.192427724
          0,           0,         794,      -2.029284403,       1.156489767,       1.415333884,       3.318589363,       1.027048309,       4.192064012
          0,           0,         795,      -2.029166089,       1.158650032,       1.417747941,       3.319108281,       1.031111281,       4.191389919
          0,           0,         796,      -2.029052537,       1.160866589,       1.420254512,         3.3195481,       1.035225891,       4.190027295
          0,           0,         797,      -2.028877548,       1.163169137,       1.422843271,       3.320073204,       1.039166827,       4.188199667
          0,           0,         798,       -2.02874698,       1.165527843,       1.425537175,       3.320470809,       1.043202445,       4.185980582
          0,           0,         799,      -2.028526626,       1.167969541,       1.428286477,       3.321004649,       1.047007661,       4.182832891
          0,           0,         800,      -2.028387545,       1.170435485,       1.431126942,       3.321359564,       1.050898331,       4.179447511
          0,           0,         801,      -2.028149201,       1.172967491,       1.433987025,       3.321870615,       1.054634436,       4.175914863
          0,           0,         802,      -2.028004663,        1.17545726,       1.436884603,       3.322202328,       1.058474836,       4.171932285
          0,           0,         803,      -2.027778067,       1.177974941,       1.439758739,       3.322645153,       1.062144223,       4.167886514
          0,           0,         804,      -2.027652917,       1.180399695,       1.442620227,       3.322922489,       1.065767778,       4.163611107
          0,           0,         805,      -2.027489009,       1.182803917,       1.445416029,       3.323237692,       1.069207487,        4.15934938
          0,           0,         806,      -2.027389738,       1.185097274,       1.448163791,        3.32346721,       1.072652556,       4.154907365
          0,           0,         807,      -2.027314332,       1.187372348,       1.450857646,       3.323622389,       1.075995746,       4.150945959
          0,           0,         808,      -2.027228985,       1.189553921,       1.453504394,       3.323817651,       1.079445869,       4.147466023
          0,           0,         809,      -2.027217937,       1.191739621,       1.456121239,       3.323856732,       1.082775531,       4.144583097
          0,           0,         810,      -2.027143772,       1.193867472,       1.458717527,       3.324039456,       1.086265531,       4.142514139
          0,           0,         811,       -2.02716409,       1.195994617,       1.461277249,       3.324029609,       1.089619277,       4.141493382
          0,           0,         812,      -2.027115316,        1.19807167,       1.463813516,        3.32418782,       1.093019398,       4.141593632
          0,           0,         813,      -2.027139045,       1.200165232,       1.466335276,       3.324196383,       1.096385532,       4.143056603
          0,           0,         814,      -2.027118828,       1.202176297,       1.468786605,       3.324325307,       1.099801423,       4.145620917
          0,           0,         815,      -2.027166762,       1.204188367,       1.471216968,       3.324337612,       1.103230974,       4.146446404
          0,           0,         816,      -2.027186514,       1.206099449,       1.473556688,       3.324455243,       1.106748606,       4.147089916
          0,           0,         817,      -2.027280044,       1.207955658,       1.475819091,       3.324436295,       1.110335742,       4.146727856
          0,           0,         818,      -2.027371705,       1.209678766,       1.477960417,       3.324498291,        1.11391103,       4.147147458
          0,           0,         819,      -2.027529801,       1.211309624,       1.479984721,       3.324434612,       1.117508407,       4.148139388
          0,           0,         820,      -2.027688981,       1.212788821,       1.481874786,        3.32444866,        1.12105108,       4.149343212
          0,           0,         821,      -2.027946011,       1.214183771,       1.483645767,       3.324304141,       1.124449451,       4.150657215
          0,           0,         822,      -2.028145573,       1.215455056,        1.48531776,       3.324319621,       1.127877424,       4.151527739
          0,           0,         823,      -2.028483334,        1.21667864,       1.486903069,       3.324113821,       1.131346165,       4.152350848
          0,           0,         824,       -2.02870463,       1.217806277,       1.488417594,       3.324179336,       1.134860212,       4.152908875
          0,           0,         825,      -2.029072529,       1.218917661,       1.489869745,       3.324020122,       1.138428039,       4.152796608
          0,           0,         826,      -2.029364721,       1.219939109,       1.491258519,       3.324084482,       1.141946825,       4.152708053
          0,           0,         827,      -2.029764528,       1.220954817,       1.492601592,       3.324017103,       1.145616563,       4.152662305
          0,           0,         828,      -2.030117203,       1.221893094,       1.493881456,       3.324122024,       1.149295786,       4.152556824
          0,           0,         829,      -2.030607383,       1.222805941,       1.495114167,       3.324070632,       1.153115808,       4.152443437
          0,           0,         830,      -2.031052456,       1.223624152,       1.496259913,       3.324214167,       1.156915015,       4.152385087
          0,           0,         831,      -2.031651279,       1.224367313,       1.497313862,       3.324180861,       1.160832157,       4.152266132
          0,           0,         832,      -2.032144525,       1.224991373,       1.498247469,       3.324383688,       1.164706986,       4.152036055
          0,           0,         833,      -2.032519363,       1.225561828,        1.49910353,       3.324706262,       1.168671107,       4.151853142
          0,           0,         834,      -2.033383672,       1.226004196,       1.499861117,       3.324617659,       1.172586472,       4.151434509
          0,           0,         835,      -2.034165759,        1.22643224,       1.500576853,       3.324592383,       1.176640596,       4.150899668
          0,           0,         836,      -2.035080573,       1.226818392,       1.501254526,       3.324635636,       1.180887386,       4.150312147
          0,           0,         837,      -2.036341556,       1.227189338,       1.501910416,       3.324310374,       1.185353434,       4.149651387
          0,           0,         838,       -2.03743896,       1.227569185,       1.502565696,       3.324333807,       1.189568327,       4.148574991
          0,           0,         839,      -2.038795461,       1.227942989,       1.503202123,       3.324114847,       1.193854249,       4.147250518
          0,           0,         840,      -2.040180478,       1.228314407,       1.503833299,       3.323993482,       1.198169821,        4.14606921
          0,           0,         841,      -2.041363587,       1.228703765,       1.504459211,       3.324045814,        1.20260513,       4.144585857
          0,           0,         842,       -2.04287656,       1.229039548,       1.505038875,       3.323908269,       1.207025409,       4.143117552
          0,           0,         843,       -2.04430506,       1.229339083,       1.505569575,       3.323866992,       1.211495346,       4.141691727
          0,           0,         844,        -2.0459144,       1.229565161,       1.506032028,       3.323656211,       1.215881053,        4.14032404
          0,           0,         845,      -2.047467554,       1.229720993,       1.506421783,       3.323514619,       1.220428202,       4.139244914
          0,           0,         846,      -2.049010311,        1.22984209,       1.506752325,       3.323325315,       1.224823075,       4.138110243
          0,           0,         847,      -2.050551221,       1.229912298,       1.507045655,       3.323127622,       1.229205183,       4.136565402
          0,           0,         848,      -2.052105223,       1.229999491,       1.507318778,       3.322847209,       1.233504246,       4.135127296
          0,           0,         849,      -2.053541446,       1.230086639,       1.507599088,       3.322662635,       1.238080682,       4.134083001
          0,           0,         850,      -2.054848202,       1.230216948,       1.507880247,       3.322531111,       1.242714426,       4.133383989
          0,           0,         851,       -2.05616331,       1.230363356,       1.508181872,       3.322328143,       1.247648843,       4.132100672
          0,           0,         852,      -2.057325438,       1.230572303,       1.508510208,        3.32225804,         1.2527161,         4.1311655
          0,           0,         853,      -2.058365911,       1.230807031,       1.508856956,       3.322206897,       1.258386195,       4.130555824
          0,           0,         854,      -2.059354336,       1.231080292,       1.509220581,       3.322174161,       1.263686384,        4.12998783
          0,           0,         855,      -2.060277669,       1.231345799,       1.509567833,        3.32215246,       1.268934469,       4.129273137
          0,           0,         856,      -2.061107956,       1.231613042,       1.509900269,       3.322154163,       1.274096908,       4.128685315
          0,           0,         857,       -2.06188809,       1.231856674,       1.510199612,       3.322136707,       1.279292247,       4.128096936
          0,           0,         858,      -2.062579195,       1.232109013,        1.51049355,       3.322121901,       1.284477476,        4.12744059
          0,           0,         859,       -2.06323511,        1.23235905,       1.510776276,       3.322126736,       1.289729092,       4.127066108
          0,           0,         860,      -2.063903842,       1.232638592,       1.511072791,       3.322016335,       1.294943588,       4.126449579
          0,           0,         861,      -2.064443379,       1.232948859,       1.511392632,       3.322052569,       1.300082579,        4.12618299
          0,           0,         862,      -2.064965261,       1.233293513,       1.511732937,       3.322032596,        1.30525572,       4.126452425
          0,           0,         863,      -2.065413333,       1.233688404,       1.512108309,       3.322062785,       1.310478223,       4.126054074
          0,           0,         864,      -2.065812861,       1.234102386,       1.512506418,       3.322137313,       1.316543267,        4.12595008
          0,           0,         865,      -2.066195352,       1.234564085,       1.512930647,       3.322215908,       1.322459733,        4.12617632
          0,           0,         866,      -2.066531846,       1.235009003,       1.513355336,       3.322318982,       1.328244279,       4.126255591
          0,           0,         867,      -2.066868686,       1.235463694,       1.513769056,       3.322408062,       1.333825914,       4.126463721
          0,           0,         868,      -2.067164067,        1.23586819,       1.514158299,       3.322524246,       1.339349878,        4.12681158
          0,           0,         869,      -2.067493718,       1.236276219,       1.514527372,       3.322581254,       1.344696277,       4.126881835
          0,           0,         870,      -2.067839433,       1.236636977,       1.514875472,       3.322608269,       1.350146471,       4.127000645
          0,           0,         871,      -2.068120591,       1.237025698,       1.515231527,       3.322692891,       1.355504245,       4.126948511
          0,           0,         872,      -2.068453873,       1.237415022,       1.515595528,        3.32269831,       1.360967325,        4.12622565
          0,           0,         873,      -2.068725437,        1.23784056,          1.515999,       3.322758308,         1.3671033,       4.125726782
          0,           0,         874,      -2.068986135,       1.238308768,       1.516432683,       3.322843735,       1.373076853,       4.124326734
          0,           0,         875,        -2.0691972,       1.238812178,        1.51691032,       3.322950218,        1.37879559,       4.122401386
          0,           0,         876,      -2.069376278,       1.239364515,       1.517424888,       3.323121958,       1.384338339,       4.120761327
          0,           0,         877,       -2.06952937,       1.239934933,       1.517975427,       3.323289045,       1.389743684,       4.119248094
          0,           0,         878,      -2.069647565,       1.240524301,       1.518524698,       3.323511381,       1.395146066,       4.118157093
          0,           0,         879,      -2.069793744,       1.241106776,       1.519094039,       3.323667317,       1.400486576,       4.116768409
          0,           0,         880,      -2.069878119,       1.241683471,       1.519640503,       3.323905398,        1.40630246,       4.115701636
          0,           0,         881,       -2.06999005,       1.242273338,       1.520215327,       3.324062392,        1.41219014,       4.114850993
          0,           0,         882,      -2.070094837,       1.242880567,       1.520794095,       3.324233405,       1.417810828,        4.11407036
          0,           0,         883,      -2.070133048,       1.243507241,       1.521413872,       3.324458391,       1.423236075,       4.113382336
          0,           0,         884,      -2.070170584,        1.24421559,       1.522079678,       3.324663503,       1.428513185,       4.112838144
          0,           0,         885,      -2.070143011,       1.244930749,       1.522796814,       3.324937314,       1.433719938,       4.111484332
          0,           0,         886,      -2.070088894,       1.245745209,       1.523569755,       3.325242753,       1.438931124,       4.109939463
          0,           0,         887,      -2.069952167,       1.246545435,        1.52437309,       3.325627313,       1.444550735,       4.108770209
          0,           0,         888,      -2.069855693,       1.247401453,       1.525197444,        3.32591974,       1.450129339,       4.107698556
          0,           0,         889,      -2.069630743,       1.248224542,       1.526037255,       3.326397612,       1.455456777,       4.106431045
          0,           0,         890,       -2.06948946,       1.249039367,       1.526837543,       3.326693297,       1.460508028,       4.105359811
          0,           0,         891,      -2.069271616,       1.249824963,       1.527645395,       3.327130941,       1.465341573,       4.104282389
          0,           0,         892,      -2.069100147,       1.250595411,       1.528427135,       3.327430155,       1.470079352,       4.103310716
          0,           0,         893,      -2.068852239,       1.251353522,       1.529212401,         3.3278368,       1.475010281,       4.102575851
          0,           0,         894,      -2.068647927,       1.252154617,       1.530030202,       3.328121394,       1.480165974,       4.101680032
          0,           0,         895,      -2.068322239,       1.252928737,       1.530852709,       3.328585426,       1.484922706,       4.100919578
          0,           0,         896,      -2.068030909,       1.253780875,       1.531726539,       3.328927817,       1.489399662,       4.100247565
          0,           0,         897,      -2.067653806,       1.254608353,       1.532607126,       3.329402973,       1.493687682,       4.099759967
          0,           0,         898,      -2.067314657,       1.255473645,       1.533518544,       3.329775985,       1.498147562,       4.098435789
          0,           0,         899,      -2.066819834,       1.256314135,       1.534422199,       3.330382348,       1.503158126,       4.096924886
          0,           0,         900,      -2.066525629,       1.257126739,       1.535295906,         3.3306204,       1.507823561,       4.095122776
          0,           0,         901,      -2.066001205,        1.25790897,       1.536156764,       3.331248278,       1.512141812,       4.093453758
          0,           0,         902,      -2.065691905,       1.258644132,       1.536974508,       3.331465871,       1.516148243,       4.092208624
          0,           0,         903,        -2.0652687,       1.259381026,       1.537791329,       3.331880306,       1.520328696,       4.091319116
          0,           0,         904,      -2.064936768,       1.260115139,       1.538618676,       3.332099173,       1.525166643,       4.090674895
          0,           0,         905,      -2.064497797,       1.260856855,       1.539450094,        3.33248366,       1.529740852,       4.089904657
          0,           0,         906,      -2.064088035,       1.261649898,       1.540328149,       3.332775045,       1.533882961,       4.089510542
          0,           0,         907,      -2.063661853,       1.262443917,       1.541219482,       3.333091389,       1.537671521,       4.089671247
          0,           0,         908,      -2.063188997,       1.263271735,       1.542144264,        3.33345021,       1.541622783,       4.090211454
          0,           0,         909,      -2.062685389,       1.264096969,       1.543060937,       3.333847044,       1.546198353,       4.090915946
          0,           0,         910,      -2.062325432,       1.264898685,       1.543970635,       3.334002228,       1.550453292,       4.091930311
          0,           0,         911,      -2.061772734,       1.265682046,       1.544857169,       3.334472592,       1.554583346,       4.092890898
          0,           0,         912,       -2.06145539,       1.266423044,        1.54570803,       3.334542601,       1.558315819,       4.094349391
          0,           0,         913,      -2.060989022,       1.267171963,       1.546555218,       3.334868929,       1.561730639,       4.095015514
          0,           0,         914,      -2.060634996,        1.26789548,       1.547391007,       3.334978506,       1.566263751,       4.096042752
          0,           0,         915,      -2.060238076,       1.268647085,       1.548234779,       3.335151579,       1.570691585,       4.097240902
          0,           0,         916,      -2.059818536,       1.269415334,       1.549101913,       3.335345404,       1.574759847,       4.098498724
          0,           0,         917,      -2.059444351,        1.27020474,       1.549984489,       3.335456674,       1.578309074,        4.09935645
          0,           0,         918,       -2.05893767,       1.271011027,       1.550887831,       3.335775357,       1.581685857,       4.100176377
          0,           0,         919,      -2.058541362,       1.271813704,       1.551768518,       3.335895116,        1.58483735,       4.100824812
          0,           0,         920,      -2.058136644,       1.272583844,       1.552647337,       3.336047835,       1.589244881,       4.101291724
          0,           0,         921,      -2.057616783,       1.273342731,       1.553481706,       3.336367783,       1.593592916,       4.101476701
          0,           0,         922,      -2.057324191,       1.274036497,       1.554274651,       3.336332327,       1.597522685,       4.101461399
          0,           0,         923,      -2.056823407,       1.274729294,        1.55504646,       3.336623208,        1.60092984,       4.101055735
          0,           0,         924,      -2.056519519,       1.275372336,       1.555783255,       3.336594986,       1.603870955,       4.100496574
          0,           0,         925,       -2.05614273,       1.276039011,        1.55652636,       3.336651646,        1.60663869,        4.09976178
          0,           0,         926,      -2.055726831,       1.276686535,       1.557257069,         3.3367818,       1.610311493,       4.098784808
          0,           0,         927,      -2.055405829,       1.277351989,       1.557999971,       3.336725127,       1.614197403,       4.097252649
          0,           0,         928,      -2.054862144,       1.278003217,       1.558734123,        3.33704504,       1.617928388,       4.095728316
          0,           0,         929,      -2.054562262,       1.278650027,       1.559445396,       3.336925565,       1.621261095,       4.094042609
          0,           0,         930,      -2.054085206,       1.279246213,       1.560143754,       3.337133737,       1.624354677,       4.092512645
          0,           0,         931,      -2.053661004,       1.279839952,       1.560798084,       3.337203207,       1.626779438,       4.091147693
          0,           0,         932,      -2.053357479,       1.280353122,       1.561408103,       3.337123343,        1.62920392,       4.089821175
          0,           0,         933,      -2.052892205,       1.280865625,       1.561993976,       3.337251472,       1.632411525,       4.088642384
          0,           0,         934,      -2.052604799,        1.28133301,       1.562547248,       3.337112258,       1.635718211,       4.087682737
          0,           0,         935,       -2.05224613,       1.281811651,       1.563106672,       3.337038564,       1.639080429,       4.086868758
          0,           0,         936,      -2.051852561,       1.282283841,       1.563656732,       3.337032552,       1.642287352,       4.085901992
          0,           0,         937,      -2.051588833,       1.282759038,       1.564215435,       3.336777286,       1.644895721,       4.085150728
          0,           0,         938,      -2.051052941,       1.283234101,        1.56477195,       3.336986677,       1.646948647,       4.083359508
          0,           0,         939,       -2.05086695,       1.283694563,       1.565305922,       3.336586546,       1.649038778,       4.081827155
          0,           0,         940,      -2.050386387,       1.284123073,       1.565837091,       3.336702003,       1.651596104,       4.080292875
          0,           0,         941,      -2.050113309,       1.284540044,       1.566322672,       3.336445558,        1.65424104,       4.078917538
          0,           0,         942,      -2.049837588,       1.284908099,       1.566789653,       3.336213769,       1.657336879,       4.077673991
          0,           0,         943,       -2.04949772,       1.285277365,        1.56723928,       3.336051618,       1.660000832,       4.076586051
          0,           0,         944,      -2.049282476,       1.285629672,       1.567673573,        3.33570078,       1.662293593,       4.075585589
          0,           0,         945,      -2.049034143,         1.2859816,       1.568118692,       3.335376594,       1.664044205,       4.074775137
          0,           0,         946,      -2.048752281,       1.286362818,       1.568570094,        3.33511427,       1.665628388,       4.074047434
          0,           0,         947,      -2.048623027,       1.286727714,        1.56903393,       3.334594978,       1.667690847,       4.073633193
          0,           0,         948,      -2.048230672,       1.287122546,       1.569502978,       3.334525809,       1.670022089,       4.071831839
          0,           0,         949,      -2.048195664,       1.287483523,       1.569951788,       3.333858674,       1.672965243,       4.070239986
          0,           0,         950,      -2.047917513,       1.287838804,        1.57040078,       3.333624839,       1.675477766,       4.068735266
          0,           0,         951,      -2.047815876,       1.288175048,       1.570818154,       3.333101543,       1.677491225,       4.067358777
          0,           0,         952,      -2.047758223,       1.288504401,       1.571235477,       3.332530383,       1.679016267,       4.066149436
          0,           0,         953,      -2.047636073,       1.288828258,       1.571649372,       3.332072532,       1.680402854,       4.065129188
          0,           0,         954,      -2.047666439,       1.289179416,       1.572070441,       3.331384145,       1.682137407,       4.064129967
          0,           0,         955,      -2.047657339,       1.289519923,        1.57251349,       3.330792174,       1.684224742,       4.063442946
          0,           0,         956,      -2.047643097,       1.289916019,       1.572966496,       3.330229468,       1.686838386,       4.062886818
          0,           0,         957,      -2.047791447,       1.290273474,       1.573426134,       3.329443163,       1.689274872,       4.062319442
          0,           0,         958,      -2.047732096,       1.290674374,       1.573892493,       3.329040222,       1.691209543,        4.06044804
          0,           0,         959,      -2.047989631,       1.291027833,       1.574332014,       3.328159634,        1.69273936,       4.058890283
          0,           0,         960,      -2.048131514,       1.291387162,       1.574773845,       3.327510226,       1.693761956,       4.057539813
          0,           0,         961,      -2.048376312,       1.291735373,       1.575199014,       3.326762614,        1.69486081,       4.056446393
          0,           0,         962,      -2.048718238,       1.292094115,       1.575630799,       3.325878589,       1.696254399,       4.055725739
          0,           0,         963,      -2.048982442,       1.292454655,        1.57607599,       3.325224072,        1.69867932,       4.055273109
          0,           0,         964,       -2.04943871,        1.29284996,       1.576529987,       3.324263769,       1.700792443,       4.054968249
          0,           0,         965,       -2.04985135,       1.293227549,        1.57700423,       3.323493184,       1.702839335,       4.054910642
          0,           0,         966,       -2.05027016,       1.293647553,       1.577477814,       3.322743333,       1.704033579,       4.055075157
          0,           0,         967,      -2.050866388,       1.294017088,       1.577938693,       3.321813786,       1.705250644,       4.055211204
          0,           0,         968,      -2.051344424,       1.294408421,       1.578400566,       3.321121703,       1.705501432,       4.054425209
          0,           0,         969,      -2.052029417,       1.294766977,       1.578835002,       3.320208188,       1.706160203,       4.053782204
          0,           0,         970,      -2.052745403,       1.295126284,       1.579274829,       3.319263462,       1.707195903,       4.053323825
          0,           0,         971,      -2.053410626,       1.295493294,       1.579715513,       3.318552364,       1.709078118,       4.052907226
          0,           0,         972,      -2.054279023,       1.295868381,       1.580162511,       3.317515583,       1.710312773,       4.052652751
          0,           0,         973,      -2.054992715,       1.296244023,       1.580626054,       3.316889685,         1.7116274,       4.052415522
          0,           0,         974,      -2.055903494,       1.296637684,        1.58108103,        3.31595158,       1.712057158,       4.052382221
          0,           0,         975,      -2.056779169,       1.296995849,       1.581538407,       3.315215657,       1.712598916,       4.052398728
          0,           0,         976,      -2.057648776,       1.297371333,       1.581983239,       3.314537007,        1.71242996,        4.05240912
          0,           0,         977,        -2.0586684,       1.297704828,       1.582405036,       3.313724376,       1.713008515,       4.052524504
          0,           0,         978,       -2.05967016,       1.298032736,       1.582824398,       3.312975131,       1.714194444,        4.05223519
          0,           0,         979,      -2.060673259,        1.29837517,       1.583243258,       3.312349987,       1.715815118,        4.05151451
          0,           0,         980,      -2.061822971,       1.298702827,       1.583662524,       3.311499551,       1.716980797,       4.051004064
          0,           0,         981,      -2.062763549,       1.299057097,       1.584100173,       3.311124019,       1.718136091,       4.050416685
          0,           0,         982,      -2.063971331,       1.299401255,       1.584527511,       3.310320956,       1.718516614,       4.050076487
          0,           0,         983,       -2.06499678,       1.299735562,       1.584961435,       3.309912926,       1.718853006,        4.04982661
          0,           0,         984,      -2.066117736,       1.300068104,       1.585372954,       3.309400161,        1.71862134,        4.04977173
          0,           0,         985,      -2.067270598,       1.300371723,       1.585772621,       3.308891116,        1.71835401,       4.049721481
          0,           0,         986,      -2.068373546,       1.300668982,       1.586165857,       3.308510479,       1.718321144,       4.049834813
          0,           0,         987,      -2.069527531,       1.300983902,       1.586561964,       3.308087962,       1.718773499,          4.049878
          0,           0,         988,      -2.070732872,       1.301280666,       1.586960942,       3.307606125,       1.718706956,       4.050193399
          0,           0,         989,       -2.07173294,       1.301624993,       1.587384361,       3.307501371,        1.71870763,        4.05042433
          0,           0,         990,      -2.072972041,       1.301942874,        1.58779878,       3.307031087,       1.718319709,       4.050095493
          0,           0,         991,      -2.073924371,        1.30227861,       1.588229302,       3.307044184,       1.718141669,         4.0496327
          0,           0,         992,      -2.075058059,       1.302597959,       1.588634735,       3.306797629,       1.717386953,       4.049339869
          0,           0,         993,      -2.076101672,       1.302903193,       1.589038009,       3.306678201,       1.716589021,        4.04899685
          0,           0,         994,      -2.077086888,       1.303208623,       1.589435306,       3.306710148,       1.715106214,        4.04875642
          0,           0,         995,       -2.07811919,       1.303529115,        1.58983969,        3.30661238,       1.714550921,       4.048426569
          0,           0,         996,      -2.079100864,        1.30383639,       1.590248102,       3.306630584,        1.71390365,       4.048142748
          0,           0,         997,      -2.079952976,       1.304194846,       1.590681363,       3.306796462,       1.713625527,       4.047685768
          0,           0,         998,      -2.080907453,       1.304519808,       1.591106751,        3.30683947,       1.712885765,        4.04726264
          0,           0,         999,      -2.081599461,       1.304873768,       1.591544922,       3.307228511,       1.712219001,       4.046806736
          0,           0,        1000,       -2.08246235,       1.305196639,       1.591953247,       3.307389707,       1.711268081,       4.046246616
          0,           0,        1001,      -2.083197661,       1.305516988,       1.592367715,       3.307650461,       1.710393647,       4.045631123
          0,           0,        1002,      -2.083846325,       1.305838985,       1.592769934,       3.308103757,       1.709060168,       4.044486622
          0,           0,        1003,      -2.084549105,       1.306175432,       1.593187274,       3.308350495,       1.708060126,       4.043469899
          0,           0,        1004,      -2.085076572,       1.306510611,       1.593609732,       3.308913924,       1.706525435,       4.042545417
          0,           0,        1005,      -2.085602757,       1.306881461,       1.594048029,       3.309352538,       1.705618024,       4.041629402
          0,           0,        1006,      -2.086066516,        1.30722642,       1.594481264,       3.309923435,        1.70471037,        4.04074798
          0,           0,        1007,      -2.086355857,       1.307596115,       1.594920154,       3.310647469,       1.704206515,       4.039970223
          0,           0,        1008,      -2.086730963,       1.307933505,       1.595328744,       3.311276129,       1.703428017,       4.039265863
          0,           0,        1009,      -2.087001917,       1.308273412,       1.595748344,       3.311927882,         1.7027726,       4.038744287
          0,           0,        1010,      -2.087146341,       1.308625204,       1.596156726,       3.312812613,       1.701843864,       4.038231062
          0,           0,        1011,      -2.087352035,       1.308982242,       1.596580868,        3.31346303,       1.701065968,       4.037803426
          0,           0,        1012,      -2.087274243,       1.309355901,       1.597012214,       3.314569998,       1.700078207,       4.037465213
          0,           0,        1013,      -2.087312558,       1.309744166,       1.597451718,       3.315372803,       1.699493743,       4.037206366
          0,           0,        1014,      -2.087158689,       1.310116088,       1.597881335,       3.316470861,       1.698766764,       4.036734883
          0,           0,        1015,      -2.086927182,       1.310501702,       1.598312847,       3.317580949,       1.697955813,       4.036410691
          0,           0,        1016,      -2.086685781,       1.310865324,       1.598716973,       3.318715284,        1.69676691,       4.036024361
          0,           0,        1017,      -2.086378644,       1.311229244,       1.599134531,        3.31982009,       1.696157745,       4.035847826
          0,           0,        1018,      -2.085923902,       1.311617082,       1.599544304,       3.321160382,       1.695581947,       4.035696078
          0,           0,        1019,       -2.08553246,       1.312001968,       1.599973742,       3.322283066,       1.695364851,       4.035781198
          0,           0,        1020,      -2.084829895,       1.312412503,        1.60040506,       3.323868684,       1.695336094,       4.035757796
          0,           0,        1021,      -2.084288298,       1.312818452,       1.600841722,       3.325116476,       1.695686951,       4.035879927
          0,           0,        1022,       -2.08351199,       1.313215225,       1.601264269,       3.326690539,       1.695994993,       4.035840225
          0,           0,        1023,      -2.082715618,       1.313610392,       1.601684206,       3.328221911,       1.696587631,       4.035992835
          0,           0,        1024,      -2.081888396,       1.313991996,       1.602078375,        3.32977805,       1.697091973,       4.035659561
          0,           0,        1025,      -2.080962775,         1.3143692,        1.60248654,       3.331389654,       1.697987501,       4.035050037
          0,           0,        1026,      -2.079964609,       1.314770056,        1.60288516,         3.3330833,       1.698921269,       4.034303552
          0,           0,        1027,      -2.078947233,       1.315161138,       1.603305439,       3.334726286,       1.699640076,       4.033726003
          0,           0,        1028,      -2.077700027,       1.315568588,       1.603710057,       3.336668314,       1.700453847,       4.033198269
          0,           0,        1029,      -2.076555183,       1.315955823,       1.604113791,       3.338409511,       1.701677339,       4.032714624
          0,           0,        1030,      -2.075243532,       1.316329552,       1.604493156,       3.340338041,       1.702998756,       4.032260344
          0,           0,        1031,      -2.073899679,       1.316697997,       1.604869827,       3.342286698,       1.704738484,       4.031935313
          0,           0,        1032,      -2.072522523,       1.317060776,       1.605227787,       3.344220432,       1.706446971,       4.031634142
          0,           0,        1033,       -2.07101539,       1.317421485,       1.605599008,       3.346297008,       1.708431279,       4.031338325
          0,           0,        1034,      -2.069501002,       1.317803217,        1.60596502,       3.348321875,       1.710672684,       4.030723711
          0,           0,        1035,      -2.067895492,        1.31817234,       1.606345302,       3.350444389,       1.713198705,         4.0302721
          0,           0,        1036,      -2.066181779,       1.318551822,       1.606706837,       3.352657816,       1.715842044,       4.029992469
          0,           0,        1037,      -2.064487204,       1.318912021,       1.607065508,       3.354836463,       1.718862722,       4.029732835
          0,           0,        1038,      -2.062750762,       1.319266098,       1.607406353,       3.357000356,       1.722060271,       4.029564254
          0,           0,        1039,      -2.060921238,        1.31962917,       1.607758243,       3.359306876,       1.725409259,       4.029446758
          0,           0,        1040,      -2.059154886,       1.320004297,       1.608109608,       3.361456235,       1.728732117,       4.029453358
          0,           0,        1041,      -2.057211399,       1.320385063,       1.608477695,       3.363859562,       1.732324914,       4.029517888
          0,           0,        1042,      -2.055404617,       1.320796244,       1.608853304,       3.366026787,       1.736168156,       4.029582391
          0,           0,        1043,      -2.053473799,       1.321194166,        1.60923334,        3.36838454,       1.740236371,       4.029301405
          0,           0,        1044,      -2.051623281,        1.32161042,       1.609609412,       3.370602377,       1.744453627,       4.029213643
          0,           0,        1045,      -2.049742871,          1.322026,       1.609990933,       3.372912284,       1.748762255,       4.029130937
          0,           0,        1046,      -2.048003459,       1.322448277,       1.610372334,       3.374996381,       1.753159899,        4.02918115
          0,           0,        1047,      -2.046170561,       1.322901538,       1.610779319,       3.377274229,       1.757886682,       4.029150226
          0,           0,        1048,      -2.044578339,       1.323374514,       1.611204099,       3.379210921,       1.762783917,       4.029257132
          0,           0,        1049,      -2.042819281,       1.323862169,       1.611646096,       3.381433279,       1.767905368,       4.029338244
          0,           0,        1050,      -2.041387999,       1.324365011,       1.612092308,       3.383223598,       1.773155172,       4.029489238
          0,           0,        1051,      -2.039862153,       1.324860682,       1.612539895,       3.385193154,       1.778431117,       4.029193942
          0,           0,        1052,      -2.038607434,        1.32535511,        1.61298293,        3.38682144,       1.783762741,       4.028858329
          0,           0,        1053,      -2.037370616,       1.325860715,       1.613437604,       3.388477624,       1.789084381,       4.028499795
          0,           0,        1054,       -2.03640215,       1.326352418,       1.613891576,       3.389785996,       1.794423944,        4.02821656
          0,           0,        1055,      -2.035420928,       1.326861093,       1.614358739,        3.39114459,       1.799707257,        4.02778347
          0,           0,        1056,      -2.034789504,       1.327341454,       1.614820083,       3.392050706,       1.804987883,       4.027398862
          0,           0,        1057,      -2.034103675,        1.32780676,       1.615272126,       3.393019923,       1.810220912,       4.026968174
          0,           0,        1058,      -2.033752891,        1.32823185,       1.615697633,       3.393544339,       1.815493181,       4.026553356
          0,           0,        1059,       -2.03337537,       1.328632193,       1.616103999,       3.394040458,        1.82076405,       4.026013738
          0,           0,        1060,      -2.033173826,       1.328988892,       1.616485407,       3.394250327,       1.826260211,       4.025153989
          0,           0,        1061,      -2.032941417,       1.329344267,       1.616862347,       3.394390444,       1.831826362,       4.024337664
          0,           0,        1062,      -2.032768153,       1.329649463,       1.617215894,       3.394371893,       1.837375082,       4.023545992
          0,           0,        1063,      -2.032473536,       1.329960799,       1.617561091,       3.394381014,       1.842827317,       4.022777656
          0,           0,        1064,      -2.032228257,       1.330220033,       1.617876594,       3.394264871,       1.848178332,       4.022108428
          0,           0,        1065,      -2.031856112,       1.330471086,       1.618173388,       3.394180384,       1.853346667,       4.021505533
          0,           0,        1066,      -2.031501106,        1.33069059,       1.618448748,       3.394055277,       1.858339537,       4.020950476
          0,           0,        1067,      -2.031055764,       1.330918154,       1.618723022,       3.393941182,       1.863160236,       4.020517584
          0,           0,        1068,      -2.030565011,       1.331127147,       1.618988875,       3.393904541,       1.867787132,       4.019693525
          0,           0,        1069,      -2.030075952,        1.33136066,       1.619267493,       3.393792442,       1.872218249,       4.019055007
          0,           0,        1070,      -2.029546728,        1.33156586,       1.619527346,       3.393795429,        1.87644896,       4.018550546
          0,           0,        1071,      -2.029035731,       1.331786559,       1.619793708,        3.39372862,       1.880616614,         4.0182008
          0,           0,        1072,      -2.028558919,       1.331987073,       1.620040986,       3.393726747,       1.884845091,       4.018132677
          0,           0,        1073,      -2.028122656,       1.332190077,       1.620293082,       3.393635336,       1.888970608,       4.018510779
          0,           0,        1074,      -2.027737538,       1.332395083,       1.620542009,       3.393601272,        1.89293142,       4.019299068
          0,           0,        1075,      -2.027460909,       1.332606654,       1.620808463,       3.393404951,       1.896734264,       4.020666684
          0,           0,        1076,      -2.027181011,       1.332813147,       1.621065744,       3.393340156,       1.900320618,       4.022075913
          0,           0,        1077,      -2.027075706,       1.333024661,       1.621335283,       3.393030167,       1.903671098,       4.024114889
          0,           0,        1078,      -2.026987874,       1.333220899,       1.621584664,       3.392820164,        1.90678319,       4.026613466
          0,           0,        1079,      -2.027053691,       1.333417438,       1.621846197,       3.392384916,         1.9096541,       4.029689751
          0,           0,        1080,      -2.027193448,       1.333617961,       1.622102268,       3.391960082,       1.912304494,       4.033047793
          0,           0,        1081,      -2.027455559,        1.33382573,       1.622381606,       3.391351496,        1.91467969,       4.036705433
          0,           0,        1082,       -2.02776853,        1.33404631,       1.622659953,       3.390758115,       1.916900698,       4.040406023
          0,           0,        1083,      -2.028242857,       1.334274696,       1.622963014,       3.389931523,       1.919076741,       4.044034789
          0,           0,        1084,      -2.028741583,       1.334502862,       1.623251447,       3.389130341,       1.921114265,       4.046858494
          0,           0,        1085,      -2.029399551,       1.334730031,       1.623556814,       3.388093068,       1.922908136,       4.049425764
          0,           0,        1086,      -2.030106706,       1.334961733,       1.623850945,       3.387041962,       1.924504401,       4.051438548
          0,           0,        1087,      -2.030911029,       1.335186583,       1.624160593,       3.385827181,       1.925810186,       4.052861396
          0,           0,        1088,      -2.031791671,        1.33541851,       1.624461254,       3.384527251,       1.926892593,       4.053421123
          0,           0,        1089,       -2.03274721,       1.335632355,       1.624773716,       3.383112912,       1.927669644,       4.053276971
          0,           0,        1090,      -2.033761431,       1.335831764,       1.625057484,       3.381613642,       1.928251334,        4.05231678
          0,           0,        1091,      -2.034861056,       1.336005926,       1.625344016,       3.379994585,       1.928540192,       4.050383554
          0,           0,        1092,      -2.036004804,       1.336154255,       1.625591725,       3.378297769,       1.928643914,       4.047528704
          0,           0,        1093,      -2.037220825,       1.336281245,       1.625847342,       3.376505288,       1.928683756,       4.044163664
          0,           0,        1094,       -2.03849307,       1.336399799,       1.626080872,       3.374599821,       1.928677808,       4.040347466
          0,           0,        1095,      -2.039763608,       1.336497065,       1.626320113,       3.372713621,       1.928460383,       4.036305919
          0,           0,        1096,      -2.041114017,       1.336589844,        1.62653849,       3.370667753,       1.928090214,       4.032307188
          0,           0,        1097,      -2.042435719,       1.336664978,       1.626760649,       3.368697026,       1.927462524,        4.02847123
          0,           0,        1098,      -2.043845196,       1.336733998,       1.626960396,       3.366554995,       1.926665202,       4.025219622
          0,           0,        1099,      -2.045213585,       1.336801331,       1.627177332,        3.36449959,       1.925620471,       4.022084863
          0,           0,        1100,      -2.046680377,         1.3368769,       1.627386867,       3.362257724,       1.924433786,       4.019710626
          0,           0,        1101,      -2.048025412,       1.336957254,        1.62761707,       3.360226549,       1.923034437,       4.018157605
          0,           0,        1102,      -2.049543018,       1.337050009,        1.62784354,       3.357904078,       1.921623956,       4.017519253
          0,           0,        1103,      -2.050892944,       1.337142708,       1.628079841,       3.355873887,        1.92013321,       4.017540399
          0,           0,        1104,      -2.052432407,       1.337245192,       1.628312145,       3.353529936,       1.918556832,          4.018419
          0,           0,        1105,      -2.053834843,       1.337358619,       1.628563819,       3.351435627,       1.916772073,       4.020180625
          0,           0,        1106,      -2.055376327,       1.337489031,       1.628819269,       3.349120407,       1.914833381,       4.022683718
          0,           0,        1107,      -2.056782585,        1.33764304,       1.629104813,       3.347048022,       1.912673621,          4.025461
          0,           0,        1108,      -2.058354952,       1.337811422,       1.629391659,       3.344725604,       1.910380598,       4.028725299
          0,           0,        1109,      -2.059754535,       1.338000391,       1.629700214,       3.342714565,       1.907884494,       4.032213808
          0,           0,        1110,      -2.061351844,       1.338202917,       1.630011847,       3.340418197,       1.905260631,        4.03542834
          0,           0,        1111,      -2.062803458,       1.338428005,        1.63034581,       3.338394695,       1.902615278,       4.037500564
          0,           0,        1112,       -2.06438826,       1.338671903,       1.630689068,       3.336202528,       1.900013427,       4.038604021
          0,           0,        1113,       -2.06586675,        1.33893878,       1.631054846,       3.334210567,       1.897295168,       4.039929252
          0,           0,        1114,       -2.06748004,       1.339213383,       1.631422697,       3.332083624,       1.894500557,       4.041013503
          0,           0,        1115,       -2.06899063,       1.339495374,       1.631797319,       3.330151325,       1.891612551,       4.041640499
          0,           0,        1116,      -2.070664462,       1.339767939,       1.632161843,       3.328063074,       1.888655281,       4.041735347
          0,           0,        1117,      -2.072249049,       1.340040416,       1.632526466,       3.326149496,       1.885631237,       4.041284832
          0,           0,        1118,      -2.073980228,       1.340294152,       1.632877446,       3.324127432,        1.88261873,       4.040040387
          0,           0,        1119,       -2.07566607,       1.340541605,       1.633225436,       3.322209935,       1.879812701,       4.038181625
          0,           0,        1120,      -2.077464412,       1.340764886,       1.633556389,       3.320261903,        1.87726523,       4.035529718
          0,           0,        1121,      -2.079272369,       1.340980423,       1.633879966,         3.3183401,       1.874831209,       4.032336402
          0,           0,        1122,      -2.081170642,       1.341169417,       1.634183927,       3.316436063,       1.872452418,       4.028374651
          0,           0,        1123,      -2.083072649,       1.341361589,       1.634489708,       3.314563004,       1.870154667,       4.023927841
          0,           0,        1124,      -2.085047087,       1.341539951,       1.634787399,       3.312756622,       1.867910161,       4.019437136
          0,           0,        1125,      -2.087054652,       1.341725272,       1.635091944,       3.310924858,       1.865801272,       4.014989597
          0,           0,        1126,       -2.08910645,       1.341906502,       1.635393287,       3.309226452,       1.863893528,       4.010956519
          0,           0,        1127,       -2.09121736,       1.342089485,       1.635696503,       3.307460075,       1.862414355,       4.007464098
          0,           0,        1128,      -2.093371542,       1.342274665,       1.635998409,       3.305841073,        1.86113276,       4.004792588
          0,           0,        1129,      -2.095563643,       1.342467308,       1.636310245,       3.304190539,       1.860018127,        4.00309357
          0,           0,        1130,      -2.097785942,       1.342671166,       1.636626049,       3.302717188,       1.858998962,       4.002111654
          0,           0,        1131,      -2.100072374,       1.342886151,       1.636956926,       3.301172609,       1.858136535,       4.002152362
          0,           0,        1132,      -2.102345033,       1.343117796,       1.637292411,       3.299871584,       1.857401142,        4.00315414
          0,           0,        1133,      -2.104689254,       1.343359432,       1.637640657,       3.298495176,       1.856936898,       4.004970153
          0,           0,        1134,      -2.107026021,        1.34362175,       1.637995708,       3.297332556,       1.856819464,       4.007460963
          0,           0,        1135,      -2.109363329,       1.343898048,       1.638366046,       3.296209864,       1.856993081,       4.010522014
          0,           0,        1136,      -2.111712333,       1.344201111,       1.638749593,       3.295251085,       1.857308353,       4.013882343
          0,           0,        1137,      -2.114050389,       1.344512812,       1.639145945,        3.29434539,       1.857724043,       4.017427687
          0,           0,        1138,      -2.116354363,       1.344847907,       1.639546843,        3.29365606,       1.858211457,       4.020734014
          0,           0,        1139,      -2.118665435,       1.345181253,       1.639956085,       3.292989811,       1.858793619,       4.023864384
          0,           0,        1140,      -2.120922841,       1.345530098,       1.640360186,        3.29253143,       1.859627599,       4.025763032
          0,           0,        1141,       -2.12315418,       1.345862169,       1.640765394,        3.29214548,       1.860765428,        4.02735985
          0,           0,        1142,      -2.125375336,       1.346195154,       1.641155769,       3.291880732,       1.861983813,       4.028699841
          0,           0,        1143,      -2.127519223,       1.346496402,       1.641534843,       3.291741318,        1.86322966,       4.029739095
          0,           0,        1144,      -2.129654974,       1.346791697,       1.641891021,       3.291695425,       1.864500442,       4.030052024
          0,           0,        1145,      -2.131720451,       1.347050284,       1.642230802,       3.291761139,       1.865808596,       4.029795289
          0,           0,        1146,      -2.133742915,       1.347303501,       1.642551793,        3.29191526,       1.867225292,       4.028606453
          0,           0,        1147,      -2.135683917,       1.347532586,       1.642865911,       3.292196668,       1.868779325,        4.02684158
          0,           0,        1148,      -2.137540057,       1.347760965,       1.643163502,       3.292570816,       1.870365381,        4.02445547
          0,           0,        1149,      -2.139311714,       1.347972665,       1.643461514,       3.293061546,       1.871937814,       4.021455993
          0,           0,        1150,       -2.14098222,       1.348189969,       1.643745165,       3.293640824,       1.873492457,       4.018064539
          0,           0,        1151,      -2.142566994,       1.348396909,       1.644033284,       3.294318503,       1.875039223,       4.014281507
          0,           0,        1152,      -2.144035094,       1.348615184,       1.644316759,       3.295071619,       1.876626251,        4.01035547
          0,           0,        1153,      -2.145362494,       1.348834713,       1.644607669,       3.295972945,       1.878200782,       4.006552336
          0,           0,        1154,       -2.14664845,       1.349065924,       1.644901422,       3.296840219,       1.879755557,       4.003084578
          0,           0,        1155,      -2.147693992,       1.349304146,        1.64520072,       3.297958949,       1.881173267,       4.000217029
          0,           0,        1156,       -2.14876609,       1.349557218,       1.645505713,       3.298946487,       1.882555541,       3.998132373
          0,           0,        1157,      -2.149548585,       1.349825747,       1.645823559,       3.300214895,       1.883863994,       3.996918107
          0,           0,        1158,      -2.150330509,       1.350111924,       1.646149468,       3.301366948,       1.885133848,       3.996605219
          0,           0,        1159,      -2.150849665,       1.350418952,       1.646493324,       3.302742153,       1.886336187,       3.997183768
          0,           0,        1160,      -2.151364691,       1.350744765,        1.64684491,       3.304014846,       1.887479664,       3.998657431
          0,           0,        1161,      -2.151617461,       1.351090231,       1.647214878,       3.305488174,       1.888442802,       4.000778904
          0,           0,        1162,      -2.151866653,       1.351453924,       1.647588789,       3.306860926,        1.88943234,       4.003480511
          0,           0,        1163,       -2.15186641,       1.351832787,       1.647983244,       3.308407474,       1.890378965,       4.006567011
          0,           0,        1164,      -2.151841779,       1.352219707,       1.648372073,        3.30986964,       1.891318383,       4.009824344
          0,           0,        1165,       -2.15165572,       1.352608499,       1.648773352,       3.311394891,       1.892096137,       4.012920492
          0,           0,        1166,      -2.151410609,       1.352989923,       1.649157083,       3.312895164,       1.892821996,        4.01588495
          0,           0,        1167,      -2.151076174,        1.35335974,       1.649542598,       3.314357331,       1.893500223,       4.018603664
          0,           0,        1168,      -2.150706069,       1.353712062,       1.649906233,       3.315787127,        1.89416592,       4.020719443
          0,           0,        1169,      -2.150225216,        1.35404861,       1.650268228,       3.317187119,       1.894588676,       4.022359618
          0,           0,        1170,      -2.149792465,       1.354364777,       1.650606402,       3.318479342,       1.894917687,       4.022687328
          0,           0,        1171,      -2.149196871,       1.354670046,       1.650945572,       3.319793503,       1.895270312,       4.022377093
          0,           0,        1172,      -2.148658972,       1.354961618,       1.651264431,       3.320993711,       1.895661299,       4.021431814
          0,           0,        1173,      -2.148026489,       1.355239314,       1.651587605,       3.322141167,       1.896040626,        4.01981143
          0,           0,        1174,      -2.147362273,       1.355517089,       1.651898114,       3.323273807,       1.896403312,       4.017578709
          0,           0,        1175,      -2.146768916,       1.355785812,       1.652218136,       3.324180247,       1.896658779,       4.014904386
          0,           0,        1176,      -2.145984755,       1.356056657,       1.652527828,       3.325248779,        1.89698321,       4.011784179
          0,           0,        1177,      -2.145383409,       1.356328743,       1.652848912,       3.325968933,       1.897384798,       4.008402416
          0,           0,        1178,      -2.144616299,       1.356599316,       1.653166139,       3.326847301,       1.897809997,       4.004940952
          0,           0,        1179,      -2.143960162,       1.356882692,       1.653497509,        3.32745234,       1.898280736,       4.001711588
          0,           0,        1180,       -2.14327123,       1.357167915,        1.65382978,        3.32808589,       1.898785701,       3.998844603
          0,           0,        1181,      -2.142582268,       1.357469212,       1.654181094,       3.328568861,        1.89929294,       3.996582507
          0,           0,        1182,      -2.141961295,       1.357781682,       1.654534583,       3.328988002,       1.899915466,       3.995011319
          0,           0,        1183,      -2.141340074,       1.358106932,        1.65491265,       3.329265672,        1.90065914,       3.994275753
          0,           0,        1184,      -2.140733896,       1.358455488,       1.655294537,       3.329544813,       1.901499078,       3.994327783
          0,           0,        1185,      -2.140184257,       1.358813059,       1.655702437,       3.329635757,        1.90247701,       3.995193499
          0,           0,        1186,      -2.139638207,       1.359195862,       1.656115435,       3.329742417,       1.903462516,        3.99660689
          0,           0,        1187,      -2.139156313,       1.359584044,       1.656548555,       3.329675014,       1.904586489,       3.998724263
          0,           0,        1188,      -2.138698567,       1.359988969,       1.656986093,       3.329606983,       1.905821578,       4.001270225
          0,           0,        1189,      -2.138350835,       1.360396242,        1.65743602,       3.329334299,       1.907188451,       4.004047701
          0,           0,        1190,      -2.138010186,       1.360800661,       1.657880712,       3.329082684,       1.908621257,       4.006889108
          0,           0,        1191,      -2.137784759,       1.361200432,       1.658326598,       3.328631169,       1.910129922,       4.009408647
          0,           0,        1192,      -2.137651121,       1.361583639,       1.658759822,       3.328121552,       1.911800608,       4.011714565
          0,           0,        1193,      -2.137524536,       1.361954297,       1.659189851,        3.32753567,       1.913649111,       4.011898393
          0,           0,        1194,      -2.137624445,       1.362309719,       1.659602921,       3.326757924,       1.915648698,       4.011897238
          0,           0,        1195,      -2.137644971,       1.362645093,       1.660012984,       3.326007177,       1.917806789,       4.011469944
          0,           0,        1196,      -2.137921533,       1.362976833,       1.660408597,       3.325027826,       1.920100615,        4.01063094
          0,           0,        1197,      -2.138146854,       1.363288805,       1.660805179,       3.324069829,       1.922535227,         4.0092839
          0,           0,        1198,      -2.138503888,       1.363600642,       1.661188479,       3.323013036,       1.925106725,       4.007405111
          0,           0,        1199,      -2.138992386,       1.363903632,       1.661580743,       3.321787029,       1.927809648,       4.005100311
          0,           0,        1200,      -2.139440834,       1.364205284,        1.66196121,       3.320665758,       1.930630141,       4.002303265
          0,           0,        1201,      -2.140099834,       1.364509121,       1.662351642,       3.319296839,       1.933527505,       3.999328243
          0,           0,        1202,       -2.14076075,       1.364808007,       1.662736548,       3.317992025,       1.936466791,        3.99622786
          0,           0,        1203,      -2.141446986,       1.365121127,       1.663132625,       3.316670226,       1.939500794,        3.99315768
          0,           0,        1204,      -2.142402895,       1.365429205,       1.663526911,       3.315111798,       1.942642916,       3.990370292
          0,           0,        1205,      -2.143147657,       1.365756644,       1.663935518,       3.313818824,        1.94586444,       3.987968298
          0,           0,        1206,      -2.144278969,       1.366078786,        1.66433932,       3.312165431,       1.949178112,       3.986172931
          0,           0,        1207,      -2.145184878,       1.366423685,       1.664763612,       3.310797895,       1.952544201,       3.984989316
          0,           0,        1208,      -2.146360877,        1.36676737,       1.665182845,       3.309226563,       1.955994122,       3.984572807
          0,           0,        1209,      -2.147458064,       1.367133418,       1.665622722,       3.307766297,       1.959497817,       3.984897788
          0,           0,        1210,      -2.148664049,       1.367502091,        1.66606129,       3.306306607,       1.962954044,       3.985903486
          0,           0,        1211,      -2.149919617,       1.367885236,       1.666513877,       3.304816575,       1.966443093,       3.987496518
          0,           0,        1212,      -2.151193998,       1.368270947,       1.666964362,       3.303434557,       1.969979481,       3.989484013
          0,           0,        1213,       -2.15259368,       1.368661063,       1.667422043,       3.301954094,        1.97353295,       3.991776132
          0,           0,        1214,      -2.153905635,       1.369048054,       1.667871828,       3.300699107,       1.977098389,        3.99420038
          0,           0,        1215,      -2.155439407,       1.369425481,       1.668320542,       3.299245195,       1.980564352,       3.996412502
          0,           0,        1216,       -2.15682009,        1.36979538,       1.668754238,       3.298102258,       1.984032889,       3.998235153
          0,           0,        1217,      -2.158439716,       1.370141724,       1.669180683,       3.296722835,       1.987431673,       3.998402651
          0,           0,        1218,      -2.160015115,       1.370484826,       1.669592659,       3.295558025,       1.990848403,       3.998842497
          0,           0,        1219,      -2.161653362,       1.370799841,       1.669993703,        3.29433919,       1.994288723,       3.998948998
          0,           0,        1220,      -2.163347619,       1.371114111,       1.670382686,       3.293233414,       1.997768636,       3.999013431
          0,           0,        1221,      -2.165002783,        1.37140468,       1.670761513,       3.292181604,       2.001274993,       3.998773862
          0,           0,        1222,      -2.166754002,       1.371690253,         1.6711304,       3.291185279,       2.004813688,       3.998162068
          0,           0,        1223,      -2.168393871,       1.371968543,       1.671493869,       3.290328419,       2.008366467,       3.997285223
          0,           0,        1224,      -2.170232557,       1.372235567,       1.671850114,       3.289407141,        2.01192401,       3.995993295
          0,           0,        1225,      -2.171707246,        1.37250877,       1.672204781,       3.288896621,       2.015483184,         3.9944648
          0,           0,        1226,      -2.173708649,       1.372768897,       1.672554629,       3.287955051,       2.019033904,       3.992640728
          0,           0,        1227,      -2.175023552,       1.373040314,       1.672909241,       3.287764993,       2.022569818,        3.99068934
          0,           0,        1228,      -2.176977662,       1.373310923,       1.673258261,       3.287011951,       2.026083432,       3.988726073
          0,           0,        1229,      -2.178372182,       1.373583361,         1.6736205,       3.286860677,        2.02957942,       3.986819277
          0,           0,        1230,      -2.179938303,       1.373880454,       1.673978791,       3.286646921,       2.033042294,       3.985046457
          0,           0,        1231,      -2.181497873,       1.374166979,       1.674353822,       3.286411763,       2.036474678,       3.983693888
          0,           0,        1232,      -2.182620087,       1.374489618,       1.674727332,       3.286762882,       2.039859609,       3.982630842
          0,           0,        1233,      -2.184210164,       1.374797675,       1.675114381,       3.286568018,       2.043199233,       3.981998264
          0,           0,        1234,      -2.185021883,        1.37513746,       1.675501161,       3.287290795,       2.046484433,       3.981863395
          0,           0,        1235,      -2.186458537,       1.375456971,       1.675891545,       3.287311348,       2.049710461,       3.982157268
          0,           0,        1236,      -2.187098215,       1.375794192,       1.676279784,       3.288214573,       2.052857295,       3.982934616
          0,           0,        1237,      -2.188291584,       1.376107526,       1.676660126,       3.288511617,       2.055929509,        3.98373502
          0,           0,        1238,      -2.188949879,       1.376421873,       1.677035908,       3.289367631,       2.058907434,       3.985095225
          0,           0,        1239,      -2.189667593,       1.376721109,       1.677395702,       3.290123924,       2.061795001,       3.986083041
          0,           0,        1240,       -2.19045892,       1.377008969,       1.677751981,       3.290808145,       2.064579242,        3.98742135
          0,           0,        1241,      -2.190648947,       1.377288837,       1.678092393,       3.292021987,       2.067261907,       3.988353562
          0,           0,        1242,      -2.191479851,       1.377550902,        1.67842688,       3.292609744,       2.069831604,       3.989213598
          0,           0,        1243,      -2.191226139,       1.377819045,       1.678756858,       3.294167852,       2.072287016,       3.989889896
          0,           0,        1244,      -2.191916891,       1.378067887,          1.679076,        3.29480268,       2.074619792,       3.990207658
          0,           0,        1245,      -2.191520352,       1.378323065,       1.679401632,       3.296373532,       2.076828343,        3.99007593
          0,           0,        1246,      -2.191914594,       1.378576383,       1.679712402,       3.297183219,       2.078907306,       3.989503582
          0,           0,        1247,      -2.191505694,       1.378822092,       1.680040221,       3.298628639,       2.080832629,       3.988857275
          0,           0,        1248,      -2.191406819,       1.379098074,       1.680351846,         3.2997845,        2.08258944,       3.987885154
          0,           0,        1249,      -2.191054744,       1.379347394,       1.680685062,       3.301038953,       2.084213302,       3.986887478
          0,           0,        1250,      -2.190243575,       1.379646906,       1.681005327,       3.302719708,       2.085698383,       3.985521098
          0,           0,        1251,        -2.1901323,       1.379915762,       1.681348565,       3.303609758,       2.087037676,       3.984202351
          0,           0,        1252,      -2.188606345,       1.380234468,       1.681688484,       3.305806704,       2.088232138,       3.982734622
          0,           0,        1253,      -2.188544044,       1.380536439,       1.682039078,       3.306511736,       2.089274846,       3.981316242
          0,           0,        1254,      -2.186874489,       1.380862355,       1.682400152,       3.308674371,       2.090170151,       3.980160852
          0,           0,        1255,      -2.186291141,       1.381196824,       1.682756113,       3.309729567,       2.090889626,       3.979012645
          0,           0,        1256,      -2.185001943,        1.38151854,       1.683125918,       3.311373464,       2.091446992,       3.978255071
          0,           0,        1257,      -2.183655491,       1.381862651,       1.683478572,       3.313005893,       2.091841883,       3.977542724
          0,           0,        1258,      -2.182742791,       1.382171482,        1.68383594,       3.314147937,       2.092077574,       3.977568436
          0,           0,        1259,      -2.180755477,        1.38250872,       1.684186356,       3.316237414,       2.092154303,       3.977506306
          0,           0,        1260,      -2.180157207,       1.382800098,       1.684518832,       3.316957899,       2.092074629,       3.978160027
          0,           0,        1261,      -2.177974708,        1.38310754,       1.684865826,       3.319062958,       2.091835237,       3.978887178
          0,           0,        1262,      -2.177264932,       1.383395489,       1.685175694,       3.319788486,       2.091439574,       3.979864087
          0,           0,        1263,      -2.175320444,       1.383670432,       1.685512652,       3.321516609,       2.090886375,       3.981149208
          0,           0,        1264,      -2.174133988,        1.38396062,       1.685810453,        3.32257685,       2.090178331,       3.982109446
          0,           0,        1265,      -2.172765973,       1.384217775,       1.686140216,       3.323641946,       2.089311896,       3.983451727
          0,           0,        1266,      -2.170974055,       1.384520296,       1.686444507,       3.325153342,       2.088290548,       3.984302463
          0,           0,        1267,      -2.170034744,       1.384778685,       1.686770422,       3.325727727,       2.087112025,       3.985262877
          0,           0,        1268,      -2.167949877,        1.38508632,       1.687089188,       3.327402952,       2.085779689,       3.985665518
          0,           0,        1269,      -2.167208743,       1.385368032,       1.687418246,       3.327715313,        2.08429284,       3.986114499
          0,           0,        1270,      -2.165135262,        1.38567743,       1.687760237,       3.329273625,       2.082651514,       3.985881861
          0,           0,        1271,      -2.164367004,       1.386001575,       1.688100098,       3.329547146,       2.080829288,       3.985630296
          0,           0,        1272,      -2.162472644,       1.386320817,       1.688468064,       3.330859836,       2.078842743,       3.984901503
          0,           0,        1273,      -2.161383551,       1.386686581,        1.68882508,       3.331374249,       2.076707046,       3.983859777
          0,           0,        1274,      -2.160241285,       1.387008944,       1.689205029,       3.331909721,       2.074422554,       3.982825018
          0,           0,        1275,      -2.158519613,       1.387382238,       1.689578128,       3.332967618,       2.071989807,       3.981464481
          0,           0,        1276,      -2.158060794,       1.387713998,       1.689949673,       3.332809376,       2.069407332,       3.980249322
          0,           0,        1277,      -2.156145712,       1.388057411,       1.690327611,        3.33399628,       2.066680442,       3.978874192
          0,           0,        1278,      -2.155897213,       1.388391313,       1.690674061,        3.33359166,       2.063811416,       3.977743278
          0,           0,        1279,      -2.154442026,       1.388687813,       1.691046119,       3.334286697,        2.06077248,       3.976647386
          0,           0,        1280,      -2.153934786,       1.389009614,       1.691364628,       3.334105886,       2.057545947,       3.975849657
          0,           0,        1281,      -2.153256643,       1.389272928,       1.691722409,       3.334005287,       2.054189457,       3.975521367
          0,           0,        1282,      -2.152315494,       1.389574566,       1.692033095,       3.334232042,       2.050702007,        3.97530816
          0,           0,        1283,       -2.15244293,       1.389826148,       1.692367907,       3.333310661,        2.04708021,       3.975763588
          0,           0,        1284,      -2.151299613,       1.390104922,       1.692692881,       3.333706299,       2.043331083,       3.976232312
          0,           0,        1285,       -2.15176859,       1.390367728,       1.693008807,       3.332450577,       2.039402697,       3.977130699
          0,           0,        1286,      -2.150994293,       1.390632724,       1.693351002,       3.332453343,       2.035345226,       3.977920429
          0,           0,        1287,       -2.15121042,       1.390919802,       1.693667075,       3.331471098,       2.031168555,       3.978910248
          0,           0,        1288,      -2.151084575,       1.391185377,       1.694021927,        3.33082198,       2.026881365,       3.979510542
          0,           0,        1289,      -2.151013848,       1.391492515,       1.694357856,       3.330152798,       2.022487996,       3.980306994
          0,           0,        1290,      -2.151426186,       1.391772676,       1.694717497,       3.328993118,       2.017997167,       3.980648659
          0,           0,        1291,      -2.151303125,       1.392084724,       1.695076359,       3.328404978,       2.013386252,       3.980795549
          0,           0,        1292,      -2.152084273,       1.392385355,       1.695435144,       3.326913755,       2.008366181,       3.980856701
          0,           0,        1293,      -2.151910423,       1.392692901,        1.69581474,       3.326420531,        2.00329754,       3.980363825
          0,           0,        1294,      -2.152881905,       1.393010938,       1.696167122,       3.324806712,       1.998161982,       3.979951509
          0,           0,        1295,       -2.15301392,       1.393291918,        1.69654897,       3.324061774,       1.992972931,       3.979187581
          0,           0,        1296,      -2.153872837,       1.393603602,       1.696891285,       3.322627352,        1.98773588,       3.977984994
          0,           0,        1297,      -2.154588744,       1.393859379,       1.697255683,       3.321363671,       1.982435661,        3.97688587
          0,           0,        1298,      -2.155180464,       1.394139422,       1.697587009,       3.320292347,       1.977083627,       3.975708098
          0,           0,        1299,       -2.15642553,       1.394391556,       1.697929485,       3.318583125,       1.971702489,       3.974955504
          0,           0,        1300,      -2.157083936,       1.394633119,        1.69825998,       3.317537866,       1.966305874,       3.974097915
          0,           0,        1301,       -2.15842556,       1.394895558,        1.69858233,       3.315822469,        1.96090676,       3.973860307
          0,           0,        1302,      -2.159364272,       1.395117048,       1.698919673,       3.314613177,        1.95552281,        3.97368443
          0,           0,        1303,      -2.160419477,       1.395385754,        1.69923682,        3.31331459,       1.950165876,        3.97378298
          0,           0,        1304,       -2.16183527,       1.395612385,       1.699573467,       3.311739052,       1.944855857,       3.974193566
          0,           0,        1305,      -2.162734346,       1.395870559,        1.69990421,       3.310729431,       1.939606829,       3.974611873
          0,           0,        1306,      -2.164324544,       1.396126187,       1.700236116,       3.309108412,       1.934453732,       3.975297234
          0,           0,        1307,      -2.165268395,       1.396389428,       1.700589484,       3.308204872,        1.92937021,       3.976049731
          0,           0,        1308,      -2.166597153,        1.39667507,       1.700929695,       3.307009702,       1.923948374,       3.977123286
          0,           0,        1309,      -2.167827912,       1.396945455,       1.701294931,       3.305975961,       1.918621419,       3.977440737
          0,           0,        1310,      -2.169049822,       1.397235275,       1.701645436,       3.305045426,       1.913344996,       3.978287754
          0,           0,        1311,      -2.170263066,       1.397513423,       1.702006507,       3.304199002,       1.908246796,       3.978230478
          0,           0,        1312,      -2.171568501,       1.397786488,       1.702352191,       3.303347285,       1.903329094,       3.978315633
          0,           0,        1313,      -2.172545494,       1.398061684,       1.702701521,       3.302892965,       1.898602131,       3.978113203
          0,           0,        1314,      -2.174165964,       1.398306042,       1.703033208,       3.301882218,       1.894072558,       3.977495699
          0,           0,        1315,      -2.174910186,       1.398579905,       1.703373004,       3.301810996,       1.889750749,       3.976698701
          0,           0,        1316,      -2.176532369,       1.398805903,       1.703690694,       3.300964206,       1.885641913,       3.975115002
          0,           0,        1317,      -2.177444836,       1.399066906,       1.704024793,       3.300834497,        1.88169825,        3.97428794
          0,           0,        1318,      -2.178692524,       1.399291026,       1.704332845,       3.300528793,       1.877660263,       3.973204174
          0,           0,        1319,      -2.179894962,       1.399545169,       1.704664191,        3.30021122,       1.873891573,       3.972276669
          0,           0,        1320,      -2.180705718,       1.399792115,       1.704978054,       3.300465303,       1.870164214,        3.97201747
          0,           0,        1321,      -2.181968551,       1.400054001,       1.705320483,       3.300204831,       1.866582157,       3.971541528
          0,           0,        1322,      -2.182516432,       1.400329998,       1.705654951,       3.300802278,       1.863221506,       3.971912349
          0,           0,        1323,      -2.183685018,       1.400613856,       1.706004728,       3.300749834,       1.860077761,       3.971888088
          0,           0,        1324,      -2.184127646,        1.40089516,       1.706356879,       3.301508752,       1.857143186,       3.972613467
          0,           0,        1325,      -2.185067041,       1.401202471,       1.706705484,       3.301749295,        1.85440359,       3.972967464
          0,           0,        1326,      -2.185613451,       1.401482534,       1.707069099,       3.302465252,       1.851848513,       3.973888763
          0,           0,        1327,      -2.185774166,       1.401805068,       1.707419663,       3.303500278,       1.849465603,       3.974341957
          0,           0,        1328,      -2.186973309,       1.402080202,       1.707774103,       3.303615084,       1.847237715,        3.97504141
          0,           0,        1329,      -2.186325592,        1.40238717,       1.708132209,       3.305413256,       1.845149073,       3.975894822
          0,           0,        1330,      -2.187654689,       1.402666441,       1.708460578,       3.305433883,       1.843182055,       3.975823978
          0,           0,        1331,      -2.187334418,        1.40294126,        1.70881798,       3.306871923,       1.841321642,       3.976300321
          0,           0,        1332,      -2.187647732,       1.403229901,        1.70913188,       3.307837849,       1.839556487,       3.975909276
          0,           0,        1333,      -2.188389746,       1.403496129,       1.709485977,       3.308217758,       1.837871464,       3.975873014
          0,           0,        1334,      -2.187457804,        1.40378799,       1.709812469,       3.310298674,       1.836215972,       3.975659767
          0,           0,        1335,      -2.188593066,       1.404080466,       1.710160079,       3.310271529,       1.834613791,       3.974738983
          0,           0,        1336,      -2.187774818,       1.404355615,       1.710507264,        3.31211728,       1.832923681,       3.974616297
          0,           0,        1337,      -2.188311663,        1.40467562,       1.710848034,       3.312599637,       1.831109727,       3.974224759
          0,           0,        1338,      -2.187782292,       1.404957277,       1.711211898,       3.314068664,       1.829368632,       3.974122675
          0,           0,        1339,      -2.187645857,       1.405287139,       1.711553793,       3.315096168,       1.827565416,       3.974010049
          0,           0,        1340,      -2.187785257,        1.40557268,       1.711919109,       3.315843661,       1.825710764,       3.974545481
          0,           0,        1341,      -2.186775479,       1.405898228,       1.712272583,       3.317552208,       1.823873593,       3.974587796
          0,           0,        1342,      -2.187338193,        1.40619004,       1.712615166,       3.317826108,       1.822040423,       3.975363756
          0,           0,        1343,      -2.185985454,       1.406476582,       1.712971901,       3.319699563,       1.820188387,       3.976106554
          0,           0,        1344,      -2.186268618,       1.406777106,       1.713283054,       3.320115055,       1.818320123,       3.976246713
          0,           0,        1345,      -2.185698952,       1.407010943,       1.713624798,       3.321140828,       1.816418498,       3.977350711
          0,           0,        1346,      -2.184760547,       1.407303573,       1.713925854,       3.322555062,       1.814422534,       3.977335938
          0,           0,        1347,      -2.185307184,        1.40752865,       1.714237879,        3.32243142,       1.812169917,       3.978527558
          0,           0,        1348,      -2.183792792,        1.40777408,       1.714548599,       3.324196051,       1.809772383,       3.979146154
          0,           0,        1349,      -2.184258579,         1.4080322,       1.714837027,       3.324034801,       1.807211602,       3.979349245
          0,           0,        1350,       -2.18320349,        1.40825518,       1.715162046,       3.325223377,       1.804621807,       3.980539447
          0,           0,        1351,      -2.182777468,         1.4085328,       1.715454255,       3.325752505,       1.801968244,       3.980597494
          0,           0,        1352,      -2.182626145,       1.408764633,       1.715781642,       3.325985699,       1.799214337,       3.981607565
          0,           0,        1353,      -2.181379669,       1.409035372,        1.71609517,       3.327139488,       1.796217004,       3.981772705
          0,           0,        1354,      -2.181629752,       1.409297435,       1.716409372,       3.326888315,       1.793192432,       3.982258191
          0,           0,        1355,      -2.180286408,       1.409540921,       1.716741881,       3.328006264,       1.786368411,       3.927271301
          0,           0,        1356,      -2.397934567,       1.026474246,       1.317388864,       3.114899872,       1.783358058,       3.907754175
          0,           0,        1357,      -2.507551933,      0.3699016846,      0.4755332933,       3.009463238,       1.782295988,       3.907141538
          0,           0,        1358,      -2.502768656,      0.3268049846,      0.2966425531,       3.013937163,        1.78197097,       3.908177555
          0,           0,        1359,      -2.495714906,      0.3163327287,      0.1932995743,       3.020335878,       1.781658217,        3.90953932
          0,           0,        1360,      -2.487485937,      0.3171942362,      0.1487437028,        3.02766744,       1.781352523,       3.911168571
          0,           0,        1361,       -2.47835059,      0.3217333971,      0.1304850251,       3.035703451,       1.781050173,       3.913014024
          0,           0,        1362,      -2.468453462,      0.3277532283,      0.1212955043,        3.04435942,       1.780749959,       3.915031783
          0,           0,        1363,      -2.458194539,      0.3344233723,      0.1153811485,       3.053308161,       1.780450055,       3.917192751
          0,           0,        1364,      -2.447922683,       0.341343021,       0.111076759,       3.062257781,       1.780148706,       3.919463388
          0,           0,        1365,      -2.437866352,      0.3482903145,      0.1078695552,        3.07100474,       1.779844073,       3.921817572
          0,           0,        1366,      -2.428201459,      0.3551041737,      0.1055167899,       3.079398435,       1.779533474,         3.9242263
          0,           0,        1367,      -2.419037226,      0.3616752616,      0.1038503874,        3.08733856,       1.779214135,       3.926664676
          0,           0,        1368,      -2.410443482,      0.3679260347,      0.1027301804,       3.094767252,       1.778883936,       3.929109373
          0,           0,        1369,      -2.402469024,      0.3737948376,      0.1020078251,       3.101637157,       1.778540708,       3.931551596
          0,           0,        1370,      -2.395135417,      0.3792458442,      0.1015649822,       3.107925644,       1.778182288,       3.933972105
          0,           0,        1371,      -2.388461322,      0.3842456887,      0.1012772611,       3.113617971,        1.77780651,       3.936365099
          0,           0,        1372,      -2.382442328,      0.3887809315,      0.1010422132,       3.118715571,       1.777410337,       3.938720074
          0,           0,        1373,      -2.377059175,      0.3928515174,      0.1007739197,        3.12323398,         1.7769909,       3.940993537
          0,           0,        1374,      -2.372291776,       0.396461058,      0.1003952884,       3.127189296,       1.776545294,       3.943203817
          0,           0,        1375,      -2.368109126,      0.3996250207,     0.09984776005,       3.130609862,       1.776071107,       3.945341404
          0,           0,        1376,      -2.364480164,      0.4023590546,     0.09907314081,       3.133521983,        1.77556553,       3.947423161
          0,           0,        1377,      -2.361370352,      0.4046843167,     0.09803491833,       3.135956528,       1.775025684,        3.94942677
          0,           0,        1378,      -2.358742066,      0.4066252107,     0.09670786434,       3.137945955,       1.774446894,       3.951341143
          0,           0,        1379,      -2.356558731,      0.4082060432,     0.09506660217,       3.139520539,       1.773825769,       3.953163986
          0,           0,        1380,      -2.354785631,      0.4094528244,     0.09309919266,       3.140707879,       1.773158171,       3.954887482
          0,           0,        1381,      -2.353394416,      0.4103835817,     0.09079150991,        3.14152891,       1.772439286,       3.956510157
          0,           0,        1382,      -2.352357299,      0.4110173512,     0.08814770065,       3.142003157,       1.771663081,       3.958024715
          0,           0,        1383,      -2.351659288,      0.4113653219,     0.08516612284,       3.142136828,       1.770824082,       3.959416273
          0,           0,        1384,      -2.351291752,      0.4114310654,     0.08183870865,        3.14192886,        1.76991663,       3.960634584
          0,           0,        1385,      -2.351259825,      0.4112066315,      0.0781591814,       3.141362462,       1.768933662,       3.961704736
          0,           0,        1386,      -2.351561323,       0.410695874,     0.07411196368,       3.140431572,       1.767858023,       3.962630274
          0,           0,        1387,      -2.352217946,      0.4098764265,     0.06967582853,       3.139102066,        1.76668867,       3.963390379
          0,           0,        1388,      -2.353249969,      0.4087281574,     0.06481864766,       3.137341649,       1.765418838,       3.963971955
          0,           0,        1389,      -2.354682451,      0.4072285571,      0.0595002244,       3.135112985,       1.764041922,       3.964367003
          0,           0,        1390,       -2.35653787,      0.4053550288,     0.05367107381,       3.132380559,       1.762549665,       3.964532536
          0,           0,        1391,      -2.358836464,      0.4030875823,     0.04727497764,       3.129110126,       1.760930492,       3.964449482
          0,           0,        1392,      -2.361593131,       0.400410543,      0.0402504437,       3.125271747,       1.759178518,       3.964108518
          0,           0,        1393,      -2.364812892,      0.3973143418,     0.03253109036,       3.120844343,        1.75728371,       3.963400894
          0,           0,        1394,      -2.368490352,      0.3937995492,      0.0240518254,       3.115815365,       1.755238646,       3.962408054
          0,           0,        1395,       -2.37260641,      0.3898762354,     0.01474324898,       3.110184842,       1.753038878,       3.961192624
          0,           0,        1396,      -2.377127804,      0.3855669352,    0.004544785233,       3.103965065,       1.750675232,       3.959865712
          0,           0,        1397,      -2.382007647,       0.380904629,   -0.006602886914,       3.097180367,       1.748145106,       3.958453576
          0,           0,        1398,      -2.387184705,      0.3759318402,    -0.01875161831,       3.089867321,       1.745450815,        3.95732059
          0,           0,        1399,      -2.392582491,       0.370702508,    -0.03194476339,       3.082076567,       1.742588875,       3.957011527
          0,           0,        1400,      -2.398113822,      0.3652763212,    -0.04621299286,       3.073869173,       1.739534177,       3.957629481
          0,           0,        1401,      -2.403568991,      0.3598312886,     -0.0612532755,       3.065484345,       1.736157171,       3.960070458
          0,           0,        1402,      -2.408686507,      0.3546051974,    -0.07651005737,       3.057269089,         1.7328428,       3.960942931
          0,           0,        1403,       -2.41342432,      0.3496226149,     -0.0919061188,       3.049277943,       1.729604489,       3.962995808
          0,           0,        1404,      -2.417753731,      0.3448981774,     -0.1073546653,       3.041554515,       1.726426673,       3.966143531
          0,           0,        1405,      -2.421658562,      0.3404417411,     -0.1227659596,       3.034131989,       1.723245029,       3.970852544
          0,           0,        1406,      -2.425136915,      0.3362442097,     -0.1380520381,       3.027030469,       1.720167823,        3.97748749
          0,           0,        1407,      -2.428199361,      0.3322961037,     -0.1531344061,       3.020257356,       1.717199918,       3.986769318
          0,           0,        1408,      -2.430864647,      0.3285918749,      -0.167936171,       3.013810965,       1.714348697,       3.995047937
          0,           0,        1409,      -2.433147045,      0.3251122968,     -0.1823900343,       3.007682034,       1.711621403,       4.005517814
          0,           0,        1410,      -2.435099203,      0.3218686434,     -0.1964248572,        3.00185361,       1.709025555,       4.018020583
          0,           0,        1411,       -2.43673307,       0.318821545,     -0.2099867122,       2.996314058,        1.70642814,       4.032991765
          0,           0,        1412,      -2.438081533,      0.3159422827,     -0.2230166737,       2.991038133,       1.703899845,       4.047461018
          0,           0,        1413,      -2.439178649,      0.3132025346,     -0.2354626874,       2.985997096,       1.701527382,       4.061022388
          0,           0,        1414,      -2.440059772,      0.3105729468,     -0.2472630989,       2.981157887,       1.699314639,       4.074552475
          0,           0,        1415,      -2.440750714,      0.3080374912,      -0.258362097,       2.976500503,        1.69726252,       4.087818062
          0,           0,        1416,       -2.44128262,       0.305572468,     -0.2686231868,       2.971997956,       1.695372392,       4.100607434
          0,           0,        1417,      -2.441677832,      0.3031642329,     -0.2777920691,        2.96763143,       1.693648792,       4.112767031
          0,           0,        1418,      -2.441975365,      0.3007653943,     -0.2850366203,       2.963359031,       1.692093225,       4.124100043
          0,           0,        1419,      -2.442185824,      0.2983905262,     -0.2881713894,       2.959175426,       1.690709067,        4.13461826
          0,           0,        1420,      -2.442360073,       0.296018259,     -0.2864360294,       2.955020222,         1.6894871,       4.144262194
          0,           0,        1421,       -2.44247786,      0.2936785785,     -0.2765899665,       2.950928489,       1.688407998,       4.152896349
          0,           0,        1422,      -2.442585636,      0.2913538278,     -0.2877252378,       2.946846688,       1.687390007,       4.160587847
          0,           0,        1423,      -2.442718381,      0.2889268918,     -0.2940138303,       2.942726072,       1.686473238,       4.167310239
          0,           0,        1424,      -2.442840433,       0.286545691,     -0.2971434565,       2.938636562,       1.685769575,       4.173018568
          0,           0,        1425,       -2.44299027,       0.284058626,     -0.2986888015,       2.934508985,       1.685269925,       4.177649516
          0,           0,        1426,      -2.443165858,      0.2815884066,     -0.2904956568,       2.930374597,       1.684967057,       4.181184427
          0,           0,        1427,       -2.44337878,      0.2790400717,      -0.285450744,       2.926243047,       1.684856184,       4.183654066
          0,           0,        1428,      -2.443620102,      0.2765317532,     -0.2887587997,        2.92209499,       1.684943562,       4.184987632
          0,           0,        1429,       -2.44397567,        0.27383808,      -0.304111384,       2.917880207,       1.685219487,       4.184974785
          0,           0,        1430,      -2.444360481,      0.2712143533,      -0.289936419,       2.913678827,       1.685655539,       4.183712387
          0,           0,        1431,      -2.444781922,      0.2685796039,     -0.2756949921,       2.909554804,       1.686261516,       4.180940665
          0,           0,        1432,      -2.445280733,      0.2659698275,     -0.2488703335,       2.905391188,       1.687041837,       4.177040337
          0,           0,        1433,      -2.445781028,      0.2634264048,     -0.2645734038,       2.901431397,       1.687987056,        4.17215677
          0,           0,        1434,      -2.446461072,      0.2607301074,     -0.2527321711,       2.897285223,       1.688920789,       4.166314633
          0,           0,        1435,      -2.447066102,      0.2582230353,      -0.241460849,       2.893525327,       1.689888992,       4.159336772
          0,           0,        1436,      -2.447751964,      0.2557389455,     -0.2433691017,       2.889804244,        1.69101324,        4.15160433
          0,           0,        1437,      -2.448449605,      0.2533075821,     -0.2425515019,       2.886339836,       1.692285264,       4.143230373
          0,           0,        1438,      -2.449201094,      0.2509786001,      -0.222900312,       2.883077716,       1.693637682,       4.134317859
          0,           0,        1439,      -2.449831966,      0.2490176539,     -0.2062300249,       2.880327273,       1.694615304,       4.124993985
          0,           0,        1440,      -2.450660657,       0.247008574,     -0.2015912573,       2.877582157,       1.695583118,       4.115368222
          0,           0,        1441,      -2.451322958,      0.2456672141,     -0.1529039312,       2.875471047,       1.696681358,       4.105196809
          0,           0,        1442,      -2.452026136,      0.2449203625,     -0.1013783248,       2.873749887,       1.697876069,       4.094647184
          0,           0,        1443,      -2.452540829,      0.2455019155,    -0.06504806088,       2.872706543,       1.699146294,       4.084102774
          0,           0,        1444,      -2.453355173,      0.2472782498,   -0.005800810461,       2.871587557,       1.700477437,       4.072877163
          0,           0,        1445,      -2.453835341,      0.2524143934,     0.08342360517,       2.871507661,       1.701853421,       4.061976181
          0,           0,        1446,      -2.454258072,      0.2621811627,      0.1792906936,       2.872011897,       1.703263022,       4.050362656
          0,           0,        1447,      -2.454361304,      0.2794305478,      0.2842594838,       2.873537342,       1.704723628,       4.039380347
          0,           0,        1448,      -2.454194112,      0.3072673624,       0.392310264,       2.876074614,       1.706114961,       4.026837385
          0,           0,        1449,      -2.453347322,      0.3492620974,      0.5065049111,       2.880289832,       1.707527167,       4.014108094
          0,           0,        1450,      -2.451411016,      0.4073510129,      0.6228370772,       2.887050546,       1.708967978,       4.001769967
          0,           0,        1451,      -2.447401267,      0.4805039659,       0.739189482,       2.897883838,       1.710431215,       3.989563648
          0,           0,        1452,      -2.440471016,      0.5638823594,      0.8528984341,       2.914252821,       1.711916622,       3.976927121
          0,           0,        1453,      -2.429169512,      0.6514858363,       0.961105421,       2.938047196,       1.713412861,       3.964698913
          0,           0,        1454,      -2.412805505,      0.7370848062,       1.059401578,       2.969701597,       1.714879438,       3.953701223
          0,           0,        1455,      -2.392275811,      0.8151709958,        1.14469942,       3.006463363,       1.716194999,       3.945397841
          0,           0,        1456,      -2.368215863,      0.8834526986,       1.215481468,       3.046078972,       1.717502757,       3.939609303
          0,           0,        1457,      -2.342213633,      0.9389658157,       1.271824831,       3.085582142,       1.718682179,       3.936334789
          0,           0,        1458,      -2.314575963,      0.9805052588,       1.314696275,       3.125105493,       1.719857085,       3.936757723
          0,           0,        1459,      -2.278941872,       1.009450502,       1.344886852,       3.169957467,       1.721146331,        3.93964287
          0,           0,        1460,       -2.25280614,       1.035970959,       1.370857907,       3.201378947,       1.722539706,       3.938827716
          0,           0,        1461,      -2.240618372,       1.057984205,       1.393584292,       3.219095374,        1.72355781,       3.936956931
          0,           0,        1462,      -2.230227986,       1.077654271,       1.413642893,       3.233834297,       1.724396211,       3.939763201
          0,           0,        1463,      -2.212177419,         1.0964288,       1.431132263,       3.253445663,       1.725635328,       3.944412133
          0,           0,        1464,      -2.199860267,       1.115406579,       1.449824002,       3.267457615,       1.726020958,       3.941045614
          0,           0,        1465,      -2.187342755,       1.133860231,       1.467787519,       3.282987143,       1.726646546,       3.943606351
          0,           0,        1466,      -2.174482001,        1.15469467,       1.486784234,       3.297328344,       1.727375822,       3.945642349
          0,           0,        1467,        -2.1700982,       1.178320086,       1.509205606,       3.302871773,       1.727645036,       3.943854643
          0,           0,        1468,      -2.161050817,       1.201983244,       1.532116601,       3.314789129,       1.727987551,       3.944872733
          0,           0,        1469,      -2.153008509,        1.22464933,        1.55347447,        3.32542593,        1.72795492,       3.946194591
          0,           0,        1470,      -2.142280104,       1.243610444,       1.572354918,       3.338790539,       1.728238851,       3.945564968
          0,           0,        1471,      -2.125547568,       1.256964449,       1.587230553,       3.356995234,        1.72798631,       3.948113424
          0,           0,        1472,      -2.108262494,       1.268303657,       1.599691904,       3.372493447,       1.727840512,       3.949790016
          0,           0,        1473,      -2.103941458,       1.277975574,       1.611126667,       3.379544919,         1.7273147,       3.948604578
          0,           0,        1474,      -2.097433728,       1.285211305,       1.620501399,       3.387554942,       1.726827846,       3.949500159
          0,           0,        1475,      -2.090544558,       1.293435324,         1.6293122,       3.394414621,       1.726365582,        3.94865256
          0,           0,        1476,      -2.083706446,       1.302036319,        1.63767017,       3.402909802,       1.725715018,       3.948767465
          0,           0,        1477,      -2.077244775,       1.311357615,       1.646393215,       3.409112949,       1.725006178,       3.950941308
          0,           0,        1478,      -2.071635116,       1.323015014,       1.656568007,       3.415332966,       1.724004348,        3.94972463
          0,           0,        1479,      -2.068302042,       1.335862815,       1.668245375,       3.419898484,       1.722698434,       3.950033043
          0,           0,        1480,      -2.062312142,        1.34934516,       1.680342266,       3.427530197,       1.721442831,       3.952792996
          0,           0,        1481,       -2.05656101,         1.3621709,       1.692190062,       3.434311291,       1.720056265,       3.953326542
          0,           0,        1482,      -2.047166544,       1.373885558,       1.703211464,       3.445173759,       1.718656484,       3.958255778
          0,           0,        1483,      -2.038975782,       1.384179062,       1.713017354,       3.453811396,       1.716805191,       3.960820382
          0,           0,        1484,      -2.029853071,       1.393014499,       1.721492868,       3.463614842,       1.715107317,       3.963562696
          0,           0,        1485,      -2.021859697,       1.400473152,       1.728535375,       3.472058454,       1.713027288,       3.966562872
          0,           0,        1486,      -2.016100907,       1.407191129,        1.73469057,       3.478077549,       1.711159703,       3.968442574
          0,           0,        1487,      -2.009999836,       1.413658531,       1.740629956,       3.485058738,       1.709261805,       3.968768571
          0,           0,        1488,      -2.006352578,       1.420885008,       1.747138511,       3.489186826,       1.707393971,       3.972221506
          0,           0,        1489,      -2.002791921,       1.429665431,       1.754859854,       3.493729544,       1.705531241,       3.975866888
          0,           0,        1490,      -1.994934321,       1.440180637,       1.764034243,       3.501807471,        1.70372284,       3.981110202
          0,           0,        1491,      -1.989889822,       1.452353074,       1.774357062,       3.507730436,       1.701589772,       3.987157803
          0,           0,        1492,      -1.980828452,       1.465452376,       1.785601761,        3.51708698,       1.699438973,       3.994640665
          0,           0,        1493,       -1.97513385,       1.478659689,       1.796668679,       3.523591578,       1.696860361,       4.002125946
          0,           0,        1494,      -1.968569203,       1.490917535,       1.806948546,       3.530834561,       1.694062658,       4.011290005
          0,           0,        1495,      -1.958825036,       1.501497101,       1.815509168,       3.541045256,       1.690916372,       4.022081774
          0,           0,        1496,      -1.955303246,       1.509624077,       1.822653199,        3.54557841,       1.688424793,       4.034514465
          0,           0,        1497,      -1.947940796,       1.516144986,       1.828356237,       3.553182141,        1.68540751,       4.048707767
          0,           0,        1498,      -1.944716951,       1.521739159,       1.833260661,       3.556952754,       1.682923868,       4.061622285
          0,           0,        1499,      -1.941183334,       1.526548835,       1.837810991,       3.560855854,       1.679848404,       4.076317002
          0,           0,        1500,      -1.938347473,       1.531331055,       1.842326651,        3.56369806,       1.677152206,       4.092369023
          0,           0,        1501,         -1.937558,       1.535734207,       1.846755381,       3.565124998,       1.673818528,       4.107516867
          0,           0,        1502,      -1.935382466,       1.540121942,         1.8507432,        3.56758707,       1.671015188,        4.12604778
          0,           0,        1503,      -1.933433349,       1.543997151,       1.854663453,       3.569865406,       1.667929509,       4.143250812
          0,           0,        1504,        -1.9289844,       1.548424835,       1.858305257,       3.574636444,       1.665021752,       4.161854532
          0,           0,        1505,      -1.929365517,       1.552354204,       1.862240296,       3.574392058,       1.662225798,       4.180830567
          0,           0,        1506,      -1.929595812,       1.555971305,       1.865653604,       3.575247142,       1.659360716,       4.197783671
          0,           0,        1507,      -1.926230113,       1.559900932,       1.869000581,       3.577715921,       1.656803983,       4.215943096
          0,           0,        1508,      -1.926699819,       1.563502845,       1.872321261,       3.578063419,       1.654061432,       4.232920302
          0,           0,        1509,      -1.924960958,        1.56721668,       1.875604303,       3.579458597,        1.65137638,       4.248966048
          0,           0,        1510,      -1.924786421,       1.570767922,       1.878787651,       3.580691656,       1.648212797,       4.265148015
          0,           0,        1511,      -1.924392561,       1.573792902,       1.881665014,       3.581048781,       1.645172231,       4.280286421
          0,           0,        1512,       -1.92562249,        1.57660383,       1.884283856,       3.579456285,       1.642340857,       4.295348711
          0,           0,        1513,      -1.925106168,       1.579304807,       1.886878827,       3.580266833,       1.639456384,       4.310313227
          0,           0,        1514,      -1.923993359,       1.581869551,       1.889184423,       3.580858078,       1.636884376,       4.325438578
          0,           0,        1515,       -1.92360119,       1.584176596,       1.891375829,       3.581597991,       1.634187144,       4.340683538
          0,           0,        1516,      -1.923535519,       1.585707774,       1.892787071,       3.581410287,       1.631576663,       4.356989414
          0,           0,        1517,      -1.923690168,       1.586730543,       1.893796891,       3.580624615,       1.629509628,       4.374020106
          0,           0,        1518,      -1.924587283,       1.586975954,       1.894007981,       3.579825459,       1.626995823,       4.392179788
          0,           0,        1519,      -1.924174792,       1.586925862,         1.8938426,       3.579518145,        1.62543639,       4.411881378
          0,           0,        1520,      -1.923776777,       1.586449769,       1.893247317,       3.579426412,       1.622958245,       4.431511532
          0,           0,        1521,      -1.926004574,       1.585608962,       1.892484104,       3.576795806,       1.622381239,       4.452628216
          0,           0,        1522,      -1.923658945,        1.58477551,       1.891568535,       3.577859404,       1.619645332,       4.473085338
          0,           0,        1523,       -1.92795948,       1.583594457,       1.890512646,       3.573692922,       1.619965621,       4.493368999
          0,           0,        1524,      -1.925047723,       1.582505791,       1.889585916,       3.574951595,       1.617350254,       4.512310588
          0,           0,        1525,      -1.928172686,       1.581307385,       1.888424799,       3.572219577,       1.618351066,       4.529741789
          0,           0,        1526,      -1.926650885,       1.580118228,       1.887483708,       3.571634713,       1.616302856,       4.545051184
          0,           0,        1527,      -1.928322989,       1.578919804,       1.886445878,       3.570594088,       1.616915027,       4.557926351
          0,           0,        1528,       -1.92831525,       1.577957189,       1.885547714,       3.568481647,       1.615603847,       4.567973228
          0,           0,        1529,        -1.9293907,       1.576788174,       1.884760676,       3.567619289,       1.615369573,       4.575619635
          0,           0,        1530,      -1.929828823,       1.576002418,       1.883965811,       3.565751457,       1.615141135,       4.579984435
          0,           0,        1531,      -1.931064449,       1.574929664,        1.88322074,         3.5641568,       1.614309298,        4.58181527
          0,           0,        1532,      -1.931759456,       1.573697609,       1.882093965,       3.562922196,       1.615372805,       4.580937674
          0,           0,        1533,      -1.931609127,       1.572075898,       1.880780767,       3.562449564,       1.614168617,       4.577267161
          0,           0,        1534,      -1.933665612,       1.570151294,       1.878873154,       3.560735294,       1.616065195,       4.571214173
          0,           0,        1535,       -1.93226009,       1.568040992,       1.877046548,       3.560633839,       1.614849353,       4.562562248
          0,           0,        1536,      -1.935137244,        1.56594851,       1.874946779,        3.55862627,       1.617451088,       4.551988084
          0,           0,        1537,      -1.935220178,       1.563799533,       1.872997583,       3.557142959,       1.616251236,       4.538607175
          0,           0,        1538,      -1.937562601,       1.561501486,        1.87089587,       3.555563732,       1.618938487,       4.523860713
          0,           0,        1539,      -1.937795539,       1.559323973,       1.868936702,       3.554104573,       1.618600896,       4.506741582
          0,           0,        1540,      -1.940209786,       1.557131805,       1.866906879,       3.552021245,       1.621269142,       4.487996391
          0,           0,        1541,       -1.94050471,       1.554969956,       1.865053482,       3.550697672,       1.622006092,       4.467565928
          0,           0,        1542,        -1.9421995,       1.552897963,       1.863106748,       3.548986105,       1.623978534,       4.445674597
          0,           0,        1543,      -1.943563496,       1.550793535,       1.861331851,        3.54720114,       1.625532636,       4.422357026
          0,           0,        1544,      -1.944462266,       1.548726772,       1.859447541,       3.546051012,       1.627326209,        4.39815874
          0,           0,        1545,       -1.94659145,       1.546545052,       1.857556938,       3.544104776,        1.62925283,       4.372847002
          0,           0,        1546,      -1.948289022,        1.54426876,        1.85545814,       3.542212329,       1.630365472,       4.347368593
          0,           0,        1547,      -1.949630583,       1.541663193,       1.853206105,       3.541256847,       1.632759056,       4.322853739
          0,           0,        1548,      -1.951072269,       1.539127811,       1.850772159,        3.53944157,       1.633772323,       4.299256251
          0,           0,        1549,      -1.954129908,       1.536387457,        1.84824477,       3.537150691,       1.635916916,       4.279651901
          0,           0,        1550,      -1.954781853,       1.533797918,       1.845782567,       3.535895459,       1.636970717,         4.2645231
          0,           0,        1551,        -1.9580886,       1.531218245,       1.843349677,       3.533194732,       1.639500673,       4.255241648
          0,           0,        1552,      -1.959251988,        1.52878317,       1.841088979,       3.531558183,       1.640518448,        4.25491569
          0,           0,        1553,       -1.96199532,       1.526401935,       1.838900056,       3.529350279,       1.643331678,       4.262609438
          0,           0,        1554,      -1.963386663,       1.524211594,       1.836853458,        3.52753629,       1.644343565,       4.279522139
          0,           0,        1555,      -1.966339164,        1.52209612,         1.8349708,        3.52519496,       1.647417636,       4.296550348
          0,           0,        1556,      -1.967161776,       1.520034893,       1.833105446,       3.524039287,       1.648363192,       4.297610373
          0,           0,        1557,      -1.970988773,       1.518095015,        1.83135365,       3.521015348,       1.651376153,       4.295688754
          0,           0,        1558,      -1.971779483,       1.515964131,       1.829498493,       3.520080176,       1.652454698,       4.295883495
          0,           0,        1559,      -1.975352143,       1.513927188,       1.827634512,       3.517368848,       1.655292141,       4.290593536
          0,           0,        1560,       -1.97683022,       1.511666932,       1.825564334,       3.515931872,       1.656445935,       4.291217554
          0,           0,        1561,      -1.980287554,       1.509466986,       1.823517649,       3.513159524,       1.659376905,       4.290819574
          0,           0,        1562,      -1.980943324,       1.507210945,       1.821397615,       3.512326251,       1.660564369,       4.297137779
          0,           0,        1563,      -1.985291928,       1.505168309,       1.819424775,       3.508703461,       1.663201898,       4.295158391
          0,           0,        1564,      -1.985700759,       1.503123639,       1.817517519,       3.508031926,       1.664205334,       4.299300173
          0,           0,        1565,      -1.990422549,       1.501347572,        1.81582229,       3.503879188,       1.666408655,       4.303147734
          0,           0,        1566,       -1.99037856,       1.499599587,       1.814237601,       3.503640216,        1.66726009,       4.312355038
          0,           0,        1567,      -1.995331925,        1.49808483,       1.812789971,       3.499219872,       1.669104773,       4.314318304
          0,           0,        1568,      -1.995802811,        1.49657717,       1.811426167,       3.498584242,        1.66979612,       4.307864615
          0,           0,        1569,      -2.000501772,       1.495263943,       1.810158808,       3.494361065,       1.671420152,       4.302770569
          0,           0,        1570,      -2.001539185,       1.493892598,       1.808867612,       3.493264438,       1.672126055,       4.296508606
          0,           0,        1571,      -2.006132478,       1.492645725,       1.807646071,       3.489206734,       1.673322455,       4.291293835
          0,           0,        1572,       -2.00711789,       1.491370508,       1.806345593,       3.488179505,       1.674091915,       4.288079033
          0,           0,        1573,      -2.012099139,       1.490211569,       1.805146804,       3.483683751,       1.675177577,       4.286322582
          0,           0,        1574,      -2.012314808,       1.489182878,       1.804034965,       3.483339022,       1.675788702,       4.283218787
          0,           0,        1575,      -2.017507212,       1.488338907,       1.803072893,       3.478570126,       1.676537666,       4.280732927
          0,           0,        1576,      -2.017587324,       1.487663821,       1.802299363,       3.478319697,       1.676984633,       4.278710406
          0,           0,        1577,      -2.022614948,       1.487190426,       1.801722928,       3.473637114,       1.677526084,       4.276435021
          0,           0,        1578,      -2.022237412,       1.486831405,       1.801294155,       3.473850468,       1.677847613,       4.274780976
          0,           0,        1579,      -2.027182949,       1.486630914,       1.800987766,       3.469192803,       1.678143762,       4.269364166
          0,           0,        1580,      -2.027244507,       1.486463275,       1.800772151,        3.46918397,       1.678220803,       4.263934805
          0,           0,        1581,      -2.031741667,        1.48635542,       1.800575488,       3.464969034,       1.678183849,        4.25865029
          0,           0,        1582,      -2.032282371,       1.486209183,       1.800345856,       3.464607764,       1.677909539,       4.253817407
          0,           0,        1583,      -2.036810342,       1.486064668,       1.800100725,       3.460463447,       1.677481796,       4.249192979
          0,           0,        1584,      -2.037556831,       1.485911272,        1.79979828,       3.459787514,       1.676879865,       4.244327194
          0,           0,        1585,      -2.042243347,       1.485779361,        1.79952425,       3.455438113,       1.676209235,       4.238791337
          0,           0,        1586,      -2.042498715,       1.485741657,       1.799330955,       3.455151219,       1.675239565,       4.233218849
          0,           0,        1587,      -2.047106388,       1.485799128,       1.799211784,        3.45078768,       1.674081005,       4.227364754
          0,           0,        1588,      -2.047404096,       1.485966278,        1.79925497,       3.450405817,       1.672807678,       4.221585303
          0,           0,        1589,      -2.051344467,         1.4862465,       1.799371777,       3.446594352,       1.671419997,       4.211150721
          0,           0,        1590,      -2.051949659,       1.486613972,       1.799637957,       3.445979123,       1.669911597,       4.200645675
          0,           0,        1591,      -2.055461851,       1.487011616,       1.799897496,       3.442584954,       1.668329624,        4.18951386
          0,           0,        1592,      -2.056292673,       1.487512089,       1.800282236,       3.441904652,        1.66655464,       4.178520233
          0,           0,        1593,       -2.05995082,       1.487904244,       1.800552265,       3.438461437,       1.664613865,       4.167505821
          0,           0,        1594,       -2.06057964,       1.488388293,       1.800878828,       3.437920426,       1.662579997,       4.155244789
          0,           0,        1595,      -2.064387228,       1.488729809,       1.801088384,       3.434380684,       1.660318514,       4.141649419
          0,           0,        1596,      -2.064626714,       1.489177033,        1.80135252,        3.43416271,       1.657995023,       4.128987552
          0,           0,        1597,      -2.068342966,       1.489493392,       1.801523311,       3.430632344,       1.655464388,       4.116975378
          0,           0,        1598,      -2.068555443,       1.489935446,       1.801832598,       3.430373541,       1.652851052,       4.106737967
          0,           0,        1599,      -2.071629785,       1.490275143,       1.802043236,       3.427445072,        1.64993261,       4.097109726
          0,           0,        1600,      -2.072380693,       1.490699781,       1.802391826,       3.426635289,       1.647027866,       4.090408217
          0,           0,        1601,       -2.07433555,        1.49102825,       1.802636139,       3.424740846,       1.643954441,       4.083736569
          0,           0,        1602,      -2.075547597,       1.491408306,       1.802988065,       3.423614226,       1.640814106,       4.076920127
          0,           0,        1603,      -2.077326104,       1.491661181,       1.803182701,       3.421900337,       1.637520007,        4.07001613
          0,           0,        1604,       -2.07870886,       1.491930129,       1.803414065,         3.4206677,       1.634187065,       4.064865153
          0,           0,        1605,       -2.08068669,       1.492085479,       1.803550703,       3.418784227,       1.630515941,       4.061091514
          0,           0,        1606,      -2.081546976,       1.492252502,       1.803651454,       3.418015796,       1.626578102,       4.059032667
          0,           0,        1607,      -2.084098829,       1.492318858,       1.803701408,       3.415440786,       1.622496579,       4.058176527
          0,           0,        1608,      -2.084267975,       1.492484662,       1.803823044,       3.415300876,       1.618351804,       4.058161089
          0,           0,        1609,      -2.087025917,       1.492594997,       1.803916313,       3.412532793,       1.614005618,       4.057088759
          0,           0,        1610,      -2.086939653,       1.492839497,       1.804161864,       3.412547417,       1.609727114,       4.058100997
          0,           0,        1611,      -2.089464423,       1.493039983,       1.804363986,       3.410075195,       1.605233502,        4.05975055
          0,           0,        1612,      -2.089074635,       1.493327064,       1.804727621,       3.410429084,       1.600769167,       4.062853165
          0,           0,        1613,      -2.091386965,       1.493554875,       1.804954159,       3.408231992,        1.59606798,       4.065860441
          0,           0,        1614,       -2.09190182,       1.493795665,       1.805291572,       3.407732355,       1.591269893,       4.070058883
          0,           0,        1615,      -2.093260717,       1.493960911,       1.805496825,       3.406521637,       1.586278247,       4.073702645
          0,           0,        1616,       -2.09426789,       1.494108976,       1.805701902,       3.405554125,       1.581185806,       4.076891327
          0,           0,        1617,      -2.095166541,       1.494159699,       1.805831002,       3.404688619,       1.576040953,        4.07826921
          0,           0,        1618,      -2.096117549,       1.494250732,       1.805960255,       3.403763175,       1.570739668,       4.079031436
          0,           0,        1619,      -2.097475643,       1.494268556,       1.806105781,       3.402439532,       1.565413517,       4.079294352
          0,           0,        1620,      -2.097382857,       1.494376231,       1.806279409,       3.402462865,       1.560108518,       4.078537453
          0,           0,        1621,      -2.099424022,       1.494423369,       1.806470366,       3.400492286,        1.55476131,       4.077022639
          0,           0,        1622,       -2.09876715,       1.494507693,       1.806710541,       3.401121371,       1.549331879,       4.074835236
          0,           0,        1623,      -2.101130579,       1.494550161,       1.806872117,       3.398886986,       1.543942678,       4.071953053
          0,           0,        1624,       -2.10064903,       1.494576227,       1.807089911,       3.399307072,       1.538529391,        4.06929976
          0,           0,        1625,      -2.102604259,       1.494518107,       1.807165711,       3.397484351,       1.532948112,       4.065739536
          0,           0,        1626,      -2.102464397,       1.494500768,       1.807304783,       3.397567237,         1.5269911,       4.062294658
          0,           0,        1627,      -2.104285397,       1.494408357,       1.807366085,       3.395864628,       1.521117465,       4.058149512
          0,           0,        1628,      -2.104090112,       1.494433495,       1.807542718,       3.395918553,       1.515151509,       4.053846807
          0,           0,        1629,      -2.105891138,       1.494438072,        1.80772663,       3.394285801,        1.50932641,       4.049752885
          0,           0,        1630,      -2.105686896,       1.494510878,          1.807994,       3.394386371,       1.503560144,       4.045909454
          0,           0,        1631,      -2.106419128,       1.494563829,       1.808245086,       3.393785851,       1.498055163,       4.042531049
          0,           0,        1632,      -2.107129138,       1.494649641,       1.808533498,       3.393059281,       1.492510089,       4.039065628
          0,           0,        1633,      -2.107072123,       1.494658778,       1.808765618,       3.393327186,       1.487045843,       4.036666684
          0,           0,        1634,      -2.107690276,        1.49466877,       1.808953971,       3.392718445,       1.481645747,       4.033702747
          0,           0,        1635,      -2.108564233,       1.494560923,        1.80908751,       3.391925268,       1.476551297,       4.031932902
          0,           0,        1636,      -2.107701159,       1.494558248,       1.809231843,       3.392842537,       1.471333303,       4.030326018
          0,           0,        1637,      -2.110318854,       1.494470802,       1.809361255,       3.390445314,       1.466541561,       4.029015016
          0,           0,        1638,      -2.108127618,       1.494502098,       1.809599675,       3.392454451,       1.462040426,        4.02865256
          0,           0,        1639,       -2.11055383,       1.494525429,       1.809796521,       3.390373811,       1.457870634,       4.028106367
          0,           0,        1640,      -2.109557221,       1.494564118,       1.810109998,       3.391195963,       1.453963893,       4.028166786
          0,           0,        1641,      -2.110338748,       1.494595709,       1.810314069,        3.39073202,       1.450432701,        4.02669927
          0,           0,        1642,      -2.111104766,       1.494639664,       1.810561741,       3.389831316,       1.447138773,       4.025647982
          0,           0,        1643,      -2.110865487,       1.494558983,       1.810729619,       3.390353821,       1.443956839,       4.025862212
          0,           0,        1644,      -2.111745472,       1.494638379,       1.810894107,       3.389427627,       1.440994357,       4.024748013
          0,           0,        1645,      -2.112417709,       1.494534444,       1.811061984,       3.389046219,       1.438552033,       4.023887573
          0,           0,        1646,      -2.112033746,       1.494690921,       1.811282492,       3.389238997,       1.436036432,       4.022244805
          0,           0,        1647,      -2.112908134,         1.4946812,       1.811514877,       3.388747264,       1.433766893,       4.019903024
          0,           0,        1648,      -2.112564054,       1.494874413,       1.811821076,       3.388912247,       1.432043352,       4.018337504
          0,           0,        1649,      -2.112718155,       1.494938438,       1.812085461,       3.389128099,       1.430548817,       4.016573239
          0,           0,        1650,      -2.112739864,       1.495094549,       1.812389924,       3.389003483,       1.429541446,       4.015037157
          0,           0,        1651,       -2.11320978,       1.495115425,       1.812587239,       3.388888986,       1.428666278,       4.013588291
          0,           0,        1652,      -2.112936346,       1.495209854,       1.812796667,       3.389089369,       1.428363549,       4.012103433
          0,           0,        1653,      -2.113559618,       1.495175274,       1.812944119,       3.388795181,       1.428491487,       4.010652367
          0,           0,        1654,      -2.112811961,       1.495322081,       1.813170994,       3.389412027,       1.428933408,       4.010497874
          0,           0,        1655,      -2.113847246,         1.4953139,       1.813335158,       3.388856383,        1.42939594,       4.009242911
          0,           0,        1656,       -2.11392194,       1.495509606,       1.813623709,       3.388450049,       1.430287835,       4.008544276
          0,           0,        1657,      -2.113042728,       1.495590922,       1.813874894,       3.389719241,       1.431252626,       4.009070927
          0,           0,        1658,      -2.114786094,       1.495786253,       1.814140912,       3.387774536,       1.432540863,       4.008521294
          0,           0,        1659,      -2.113256029,        1.49585393,        1.81441512,       3.389617818,       1.434019304,       4.009381166
          0,           0,        1660,      -2.114988521,       1.496012844,       1.814587307,       3.387815461,       1.435579473,       4.009564511
          0,           0,        1661,      -2.114745945,       1.496023431,       1.814795903,        3.38827451,       1.437298402,        4.01154903
          0,           0,        1662,      -2.114987841,       1.496219568,       1.814980396,       3.387963964,       1.439163534,       4.012573084
          0,           0,        1663,      -2.115775908,       1.496268594,       1.815171262,       3.387454721,       1.440859957,        4.01353754
          0,           0,        1664,      -2.115556546,       1.496486455,       1.815412563,       3.387413992,       1.442595687,       4.015147587
          0,           0,        1665,      -2.115682291,       1.496620494,       1.815642019,       3.387544418,       1.444079146,       4.017038445
          0,           0,        1666,      -2.115813909,       1.496813656,       1.815898871,       3.387197039,       1.445554956,       4.018711961
          0,           0,        1667,      -2.115002374,       1.496917199,       1.816075231,       3.388269204,       1.446981927,       4.020553048
          0,           0,        1668,      -2.115932719,       1.497047443,       1.816245977,       3.387196548,       1.448752195,       4.022578388
          0,           0,        1669,      -2.114449072,       1.497037975,       1.816342349,       3.388894832,       1.450400236,       4.023973593
          0,           0,        1670,       -2.11691099,       1.497201669,       1.816441175,       3.386386789,       1.451934944,       4.025163685
          0,           0,        1671,      -2.115140302,       1.497181941,       1.816560436,       3.388267746,       1.453891016,       4.026488631
          0,           0,        1672,      -2.116858779,       1.497395804,       1.816697779,        3.38639222,       1.455400485,       4.025575076
          0,           0,        1673,      -2.115769145,       1.497433399,       1.816831026,        3.38752539,       1.457346646,       4.026132488
          0,           0,        1674,      -2.116716446,       1.497633616,        1.81700721,       3.386377558,       1.458784037,       4.024968064
          0,           0,        1675,      -2.116036896,       1.497696938,       1.817101735,       3.387085652,       1.460061039,       4.023904001
          0,           0,        1676,      -2.116548813,       1.497862496,        1.81727808,       3.386455996,       1.461149434,        4.02292526
          0,           0,        1677,      -2.115874832,       1.497898126,       1.817309384,       3.387089965,       1.462149958,       4.020729774
          0,           0,        1678,      -2.117401035,       1.498104409,       1.817466871,       3.385559147,       1.463009607,       4.019987576
          0,           0,        1679,       -2.11644912,       1.498164685,       1.817540624,       3.386381172,       1.464041672,       4.017290351
          0,           0,        1680,      -2.117095473,       1.498409191,        1.81772093,       3.385578293,       1.464883877,       4.015485895
          0,           0,        1681,      -2.116504969,       1.498493487,       1.817791086,       3.386044717,       1.465517685,       4.013226224
          0,           0,        1682,      -2.117287522,       1.498660079,       1.817921588,       3.385153731,       1.466105287,        4.01138513
          0,           0,        1683,      -2.116309833,       1.498697906,       1.817914553,       3.385993736,       1.466737133,       4.010267998
          0,           0,        1684,      -2.117683756,        1.49879555,       1.817974715,       3.384565118,       1.467152497,       4.007683409
          0,           0,        1685,      -2.116422327,       1.498800632,       1.817920654,       3.385685984,       1.467609717,       4.006299688
          0,           0,        1686,      -2.118204018,       1.498933324,       1.817985849,       3.383907339,       1.467633139,       4.005602117
          0,           0,        1687,      -2.118094851,       1.498952991,       1.817947793,       3.383765649,       1.467791172,       4.004141741
          0,           0,        1688,      -2.118313714,       1.499123861,       1.818061461,       3.383404634,       1.468150592,       4.005310443
          0,           0,        1689,      -2.118676006,       1.499183904,       1.818047653,       3.382746484,        1.44505208,       3.931319903
          0,           0,        1690,      -2.415935848,       1.119316912,       1.424788917,       3.092920128,       1.437098918,       3.903047993
          0,           0,        1691,      -2.668512842,      0.2964668832,      0.5592955593,       2.857823595,       1.436845269,       3.902571434
          0,           0,        1692,      -2.653177671,      0.2064364191,      0.3751018923,       2.871990432,       1.437223503,       3.904647843
          0,           0,        1693,      -2.631734431,      0.1833875356,      0.2639732496,       2.890856594,       1.437807918,       3.907144863
          0,           0,        1694,      -2.608329202,      0.1883952872,      0.2127035613,       2.911048579,        1.43855999,       3.910035966
          0,           0,        1695,      -2.584739093,      0.2017403416,      0.1896988563,       2.931210421,       1.439454695,       3.913219733
          0,           0,        1696,      -2.561865886,       0.217097361,       0.176914963,       2.950692066,       1.440479661,        3.91660512
          0,           0,        1697,      -2.540184684,       0.232596907,      0.1680107941,       2.969142645,       1.441624379,       3.920191107
          0,           0,        1698,      -2.519645463,      0.2478602467,      0.1611610709,       2.986617181,       1.442861639,       3.923951229
          0,           0,        1699,      -2.499652189,      0.2632847889,      0.1559115652,       3.003665965,       1.444198082,       3.927825924
          0,           0,        1700,      -2.480786835,      0.2782440733,      0.1519412706,       3.019779828,        1.44564372,       3.931757686
          0,           0,        1701,      -2.463430254,      0.2922902575,      0.1489860526,       3.034611016,       1.447179729,       3.935711363
          0,           0,        1702,      -2.447647677,       0.305266177,      0.1468479357,       3.048072119,       1.448791057,       3.939657962
          0,           0,        1703,      -2.433413104,      0.3171293034,      0.1453316085,       3.060166367,       1.450476142,        3.94358513
          0,           0,        1704,      -2.420661454,      0.3278604445,      0.1443064619,       3.070954825,       1.452233795,       3.947449509
          0,           0,        1705,      -2.409368767,       0.337420699,      0.1435832998,       3.080448495,       1.454059499,       3.951195624
          0,           0,        1706,      -2.399474372,      0.3458315156,      0.1430287888,       3.088709274,       1.455947188,       3.954834729
          0,           0,        1707,      -2.390899042,      0.3531337335,      0.1425300398,       3.095806134,       1.457855263,       3.958346026
          0,           0,        1708,      -2.383556961,      0.3593744644,      0.1419795432,        3.10180984,       1.459799937,       3.961742804
          0,           0,        1709,      -2.377371803,      0.3646084304,      0.1412702249,       3.106793596,       1.461745732,       3.964926803
          0,           0,        1710,      -2.372242305,      0.3689202221,      0.1403515602,       3.110855587,       1.463733722,       3.967889636
          0,           0,        1711,      -2.368080195,      0.3723804969,      0.1391509673,       3.114079614,        1.46576673,       3.970668414
          0,           0,        1712,      -2.364784284,      0.3750716154,      0.1376225713,       3.116557934,       1.467822361,       3.973266752
          0,           0,        1713,      -2.362265191,      0.3770745756,      0.1357410139,       3.118381715,       1.469926563,       3.975720464
          0,           0,        1714,      -2.360431839,      0.3784759532,      0.1335054243,       3.119642485,       1.472066358,       3.977823138
          0,           0,        1715,      -2.359219707,      0.3793318247,      0.1309075803,       3.120404584,       1.474232047,       3.979431832
          0,           0,        1716,      -2.358543539,      0.3797174859,      0.1279564791,       3.120745052,       1.476403216,       3.980867707
          0,           0,        1717,      -2.358334979,      0.3796911284,      0.1246558266,        3.12072278,       1.478551903,       3.982141505
          0,           0,        1718,      -2.358538554,      0.3793058035,      0.1210374714,       3.120381339,       1.480684558,       3.983261941
          0,           0,        1719,      -2.359118033,      0.3785904888,      0.1171258066,       3.119743743,       1.482835681,       3.984209784
          0,           0,        1720,       -2.36005868,       0.377557321,      0.1129370126,       3.118808515,       1.484991424,       3.984929004
          0,           0,        1721,      -2.361361701,       0.376204828,      0.1084880516,       3.117556309,       1.487143374,       3.985610865
          0,           0,        1722,      -2.363048168,      0.3745074296,      0.1037635021,       3.115946215,       1.489289932,       3.986318952
          0,           0,        1723,      -2.365156489,      0.3724241633,     0.09874943323,       3.113919324,       1.491409051,       3.986957039
          0,           0,        1724,      -2.367741449,        0.36990032,     0.09343221826,       3.111401731,       1.493434542,       3.985116309
          0,           0,        1725,      -2.370867067,      0.3668680842,     0.08776590089,       3.108310354,        1.49541132,       3.983403776
          0,           0,        1726,      -2.374601825,      0.3632576506,     0.08169446611,       3.104559589,       1.497293952,       3.981988291
          0,           0,        1727,      -2.379024095,      0.3589921666,     0.07513952944,       3.100057333,       1.499056256,       3.981391971
          0,           0,        1728,      -2.384199096,      0.3540031273,     0.06802507504,       3.094725327,       1.500749719,       3.982288164
          0,           0,        1729,      -2.390193605,      0.3482243963,     0.06024966328,       3.088486391,       1.502342285,       3.985726444
          0,           0,        1730,      -2.397056407,      0.3416027818,     0.05171513203,        3.08128173,       1.503862116,       3.982982807
          0,           0,        1731,      -2.404825319,      0.3340979791,     0.04232608496,       3.073064874,       1.505304152,       3.978058861
          0,           0,        1732,      -2.413518512,      0.3256911769,      0.0319895424,       3.063811313,       1.506643515,       3.972106665
          0,           0,        1733,      -2.423135656,      0.3163781508,     0.02060511808,       3.053510933,       1.507916691,       3.966375308
          0,           0,        1734,      -2.433661879,      0.3061775607,    0.008092426277,       3.042171904,       1.509046796,       3.961357442
          0,           0,        1735,      -2.444822071,      0.2953540316,   -0.005336259541,       3.030076005,       1.509982143,       3.957018635
          0,           0,        1736,      -2.456152166,      0.2843433405,    -0.01920647459,       3.017714081,       1.510706193,       3.954011536
          0,           0,        1737,       -2.46757246,      0.2732262945,    -0.03348090293,       3.005171827,       1.511306237,       3.951916814
          0,           0,        1738,       -2.47899889,      0.2620993281,    -0.04810953322,       2.992537707,       1.511899646,       3.951553879
          0,           0,        1739,      -2.490355238,       0.251045562,    -0.06302791499,       2.979895024,       1.512451057,       3.951325774
          0,           0,        1740,       -2.50156297,      0.2401353539,    -0.07817345378,       2.967328653,       1.513052611,       3.951662701
          0,           0,        1741,      -2.512552463,      0.2294229369,    -0.09347580028,       2.954916801,       1.513722148,       3.950880568
          0,           0,        1742,      -2.523266251,      0.2189508357,     -0.1088673089,       2.942727068,       1.514460173,       3.949463168
          0,           0,        1743,      -2.533653341,      0.2087527485,     -0.1242901496,       2.930821364,        1.51523314,       3.950186409
          0,           0,        1744,      -2.543673011,      0.1988574775,     -0.1396792292,        2.91925358,       1.516065413,       3.952540669
          0,           0,        1745,      -2.553293239,      0.1892842306,     -0.1549811326,       2.908068551,       1.517022894,       3.958861768
          0,           0,        1746,      -2.562485167,      0.1800635504,     -0.1701448551,       2.897310366,       1.518078224,       3.968329526
          0,           0,        1747,      -2.571225261,      0.1712205243,     -0.1851260368,       2.887020897,       1.519215554,       3.977882099
          0,           0,        1748,      -2.579500994,      0.1627694325,     -0.1998915987,       2.877228444,       1.520481046,       3.991893467
          0,           0,        1749,      -2.587305802,      0.1547169237,     -0.2143901963,       2.867953724,       1.521762701,       4.009068197
          0,           0,        1750,      -2.594639455,      0.1470718448,      -0.228602831,       2.859209738,       1.523133613,       4.025465034
          0,           0,        1751,      -2.601508836,        0.13981813,     -0.2424647899,       2.851000635,       1.524634684,       4.043456275
          0,           0,        1752,      -2.607924525,      0.1329484134,     -0.2559829454,       2.843325887,       1.526146814,       4.061593111
          0,           0,        1753,      -2.613902265,      0.1264569504,     -0.2690651608,        2.83617917,        1.52778658,       4.080367173
          0,           0,        1754,      -2.619457288,      0.1203586223,     -0.2817470106,       2.829553412,       1.529578682,       4.099329444
          0,           0,        1755,      -2.624607313,      0.1146368767,      -0.293885851,       2.823438503,       1.531520289,       4.116872849
          0,           0,        1756,      -2.629367138,      0.1093015003,     -0.3055634207,       2.817827628,       1.533570597,       4.133730957
          0,           0,        1757,       -2.63376046,       0.104312882,     -0.3165385802,       2.812703731,       1.535776659,       4.149063009
          0,           0,        1758,      -2.637803802,     0.09969133874,     -0.3269274075,       2.808057179,       1.537901976,       4.162438657
          0,           0,        1759,      -2.641527985,     0.09538166983,     -0.3362869824,       2.803861852,        1.54014328,       4.174666045
          0,           0,        1760,      -2.644950273,      0.0914209347,     -0.3447276429,       2.800104856,        1.54248156,       4.184144752
          0,           0,        1761,      -2.648102528,     0.08774053453,     -0.3514036948,        2.79675691,       1.544860726,       4.192499615
          0,           0,        1762,      -2.650999226,     0.08441474233,     -0.3561962558,         2.7938047,       1.547351423,       4.198996523
          0,           0,        1763,      -2.653674068,     0.08136417078,     -0.3573738968,       2.791213654,       1.549950749,       4.204184937
          0,           0,        1764,      -2.656129843,     0.07873158206,       -0.35405757,       2.788980004,       1.552653523,        4.20731634
          0,           0,        1765,      -2.658397396,      0.0764575515,     -0.3428744916,       2.787069529,       1.555447945,       4.208989264
          0,           0,        1766,      -2.660461006,     0.07481770952,     -0.3216407118,       2.785495581,       1.558293729,       4.208460978
          0,           0,        1767,      -2.662349005,     0.07385048005,     -0.2857536497,       2.784225948,       1.561129309,       4.206565909
          0,           0,        1768,      -2.664025597,     0.07414189897,      -0.233674363,       2.783293371,        1.56395942,       4.203057797
          0,           0,        1769,      -2.665515691,     0.07609634211,     -0.1636859082,         2.7826697,       1.566824281,        4.19828024
          0,           0,        1770,      -2.666747498,     0.08107262017,    -0.07843821938,       2.782424084,        1.56972689,       4.192299439
          0,           0,        1771,      -2.667722192,      0.0904790276,     0.01959155829,       2.782556994,       1.572612753,       4.185185351
          0,           0,        1772,      -2.668281982,      0.1072187806,      0.1262900909,       2.783228139,       1.575409261,       4.177004689
          0,           0,        1773,      -2.668331659,      0.1342495845,      0.2390594921,       2.784547646,       1.578178764,       4.167907943
          0,           0,        1774,      -2.667477458,      0.1754198352,      0.3552828562,       2.786928515,       1.580942476,       4.158049036
          0,           0,        1775,      -2.665286598,      0.2325916379,       0.473321576,       2.790856297,       1.583684081,       4.147503398
          0,           0,        1776,      -2.660713751,      0.3056575921,      0.5913434356,       2.797449665,       1.586393149,       4.136226507
          0,           0,        1777,       -2.65224336,      0.3900343016,      0.7075834034,       2.808329557,       1.588972515,       4.124409863
          0,           0,        1778,      -2.637575254,      0.4795410026,      0.8193333293,        2.82588343,       1.591484491,       4.112260593
          0,           0,        1779,      -2.615782219,      0.5680616086,      0.9230329143,       2.851221617,       1.593925449,       4.099847872
          0,           0,        1780,      -2.587411062,      0.6507380776,         1.0154236,       2.883891374,       1.596267601,       4.087234044
          0,           0,        1781,      -2.554783427,      0.7251000592,       1.095072784,       2.920956817,       1.598511301,       4.074347026
          0,           0,        1782,      -2.519164391,      0.7905330262,       1.162509195,       2.959887707,       1.600711681,       4.061356413
          0,           0,        1783,       -2.48165101,      0.8447109716,       1.219113929,        2.99945155,       1.602925899,       4.047959388
          0,           0,        1784,      -2.440117743,      0.8861018457,       1.265635435,       3.042833114,       1.605297482,       4.035897794
          0,           0,        1785,      -2.387647439,      0.9183192687,       1.301748067,       3.093735148,       1.607549212,       4.024930205
          0,           0,        1786,      -2.350814499,      0.9496278569,       1.333813828,       3.128920513,       1.609646036,       4.013084654
          0,           0,        1787,      -2.336342585,      0.9770031456,       1.362994899,       3.147242996,       1.611650361,       3.999455232
          0,           0,        1788,      -2.320940942,       1.002357748,       1.388267963,       3.164931244,       1.613628941,       3.987743048
          0,           0,        1789,      -2.303764394,       1.025831723,       1.410027799,         3.1832221,       1.615789661,       3.977557503
          0,           0,        1790,      -2.281350824,       1.049045476,       1.431476166,       3.206265639,       1.617714468,       3.965436535
          0,           0,        1791,      -2.262653944,        1.07399798,       1.454094644,       3.225904614,       1.618918373,       3.952739186
          0,           0,        1792,      -2.245231526,        1.09985525,       1.476828337,       3.243325596,       1.619887649,       3.941683489
          0,           0,        1793,       -2.23287181,       1.124829256,       1.498777234,        3.25679192,       1.620826733,       3.931073902
          0,           0,        1794,      -2.217129353,       1.144384066,       1.516858877,       3.273177378,       1.621199829,       3.924527292
          0,           0,        1795,      -2.191787653,       1.158724907,        1.52979463,       3.296171498,       1.621490277,       3.916223547
          0,           0,        1796,      -2.181025967,       1.167496575,       1.539330914,       3.307116033,        1.62159654,       3.912003096
          0,           0,        1797,      -2.160728098,       1.173053328,       1.545679896,       3.322727346,       1.621394544,       3.905686838
          0,           0,        1798,      -2.154194452,       1.177779904,         1.5519719,        3.32820045,       1.620756964,       3.898410771
          0,           0,        1799,      -2.152704494,       1.183949401,       1.559556868,       3.330393498,       1.620029706,       3.886955375
          0,           0,        1800,      -2.151909614,       1.190500711,       1.567699294,       3.332116023,       1.619036555,       3.882312327
          0,           0,        1801,      -2.144632229,       1.202148825,       1.578473203,       3.339123716,       1.617927083,       3.879547226
          0,           0,        1802,      -2.139534383,       1.217022879,       1.591718261,       3.345668642,       1.616599425,       3.873187339
          0,           0,        1803,      -2.127761037,       1.234148372,       1.606469014,       3.356930473,       1.614948148,       3.869604629
          0,           0,        1804,      -2.115155032,       1.253897836,       1.622639572,       3.369081217,       1.612790057,        3.86589607
          0,           0,        1805,      -2.103182018,        1.27304957,       1.638454353,       3.382394061,       1.610376774,       3.863994092
          0,           0,        1806,      -2.089469488,       1.290893065,       1.652598725,       3.395445469,       1.607827653,       3.862354337
          0,           0,        1807,      -2.072351023,       1.305778546,       1.664332456,       3.412251053,       1.604979576,       3.860258963
          0,           0,        1808,      -2.056159652,       1.316224471,       1.672165307,       3.427825558,       1.602367716,        3.86367066
          0,           0,        1809,      -2.039803176,       1.323589932,       1.677743031,        3.44214018,       1.599521892,       3.863321487
          0,           0,        1810,      -2.033707168,       1.326742017,       1.682173734,       3.448250549,       1.596684445,       3.867061213
          0,           0,        1811,      -2.022373336,       1.330381407,       1.686595644,       3.456818775,       1.593630938,       3.869059771
          0,           0,        1812,      -2.023842859,       1.336804687,       1.693580808,       3.457432816,       1.591076926,       3.872181613
          0,           0,        1813,      -2.020239621,       1.348419297,       1.703921005,       3.460511007,       1.587674585,       3.876948827
          0,           0,        1814,      -2.012113129,        1.36239005,       1.715867804,       3.469777245,       1.584421042,       3.879443433
          0,           0,        1815,      -2.002577693,       1.377787005,        1.72892705,        3.47940245,       1.580478881,       3.881674645
          0,           0,        1816,      -1.985906635,       1.393888967,       1.741670619,       3.495363315,       1.576732103,       3.896236584
          0,           0,        1817,      -1.975614753,       1.406589179,       1.753291256,       3.508176826,       1.572662738,       3.905773969
          0,           0,        1818,      -1.958691428,       1.420665134,       1.764343359,       3.522103099,       1.568948884,       3.913384333
          0,           0,        1819,      -1.956014111,       1.431912856,        1.77470207,       3.528466392,       1.565123115,       3.922825919
          0,           0,        1820,      -1.943470877,       1.441915492,       1.783330733,       3.539813699,       1.561192303,       3.928426095
          0,           0,        1821,      -1.935340719,       1.449688044,       1.790490913,       3.549253047,       1.557547977,       3.936567785
          0,           0,        1822,      -1.926809491,       1.456499685,       1.797102719,       3.556722539,       1.554113506,       3.943203562
          0,           0,        1823,      -1.917059884,       1.463806629,        1.80402688,          3.566962,       1.550045148,       3.949376722
          0,           0,        1824,      -1.915620072,       1.472268871,       1.811895604,       3.567678878,       1.546339466,       3.957002741
          0,           0,        1825,      -1.905396183,       1.481753558,       1.820318698,       3.578878748,       1.542492077,       3.965060241
          0,           0,        1826,      -1.898127463,       1.492388931,       1.829211959,       3.585385333,       1.538257947,       3.973038739
          0,           0,        1827,      -1.885896139,       1.503632724,       1.838935638,       3.597796385,       1.534516771,       3.983620656
          0,           0,        1828,      -1.885286829,       1.515035997,       1.848572861,       3.600274487,       1.530485622,       3.988719381
          0,           0,        1829,      -1.869723739,       1.526830608,       1.858255028,       3.614862254,         1.5274261,       4.004560385
          0,           0,        1830,      -1.866942145,        1.53829946,       1.867693295,       3.619944359,       1.523600598,       4.015536393
          0,           0,        1831,      -1.852185736,       1.549296442,        1.87737257,       3.633937661,       1.521146491,       4.034387357
          0,           0,        1832,      -1.851221927,       1.558552605,       1.885215167,       3.638431022,       1.517399491,       4.045397258
          0,           0,        1833,       -1.83383101,       1.566614266,       1.892136837,       3.653640572,       1.514908255,        4.06415789
          0,           0,        1834,      -1.829531237,       1.574619663,       1.898458247,       3.658366702,        1.51149783,       4.081197226
          0,           0,        1835,      -1.819938365,       1.581575235,       1.905196651,       3.668230912,       1.509646694,       4.106064028
          0,           0,        1836,      -1.821380239,       1.587666866,       1.910055363,       3.671114986,       1.507979689,       4.119426183
          0,           0,        1837,      -1.811531652,       1.594093518,       1.916336779,       3.678819989,       1.506769626,       4.138856248
          0,           0,        1838,      -1.802978798,       1.603487754,       1.923537238,       3.687960967,       1.506099573,       4.162117361
          0,           0,        1839,      -1.801910557,       1.611102866,       1.931465176,       3.690616254,       1.503752593,       4.185840578
          0,           0,        1840,      -1.796377982,       1.618177282,       1.936904466,       3.698984617,       1.502557192,       4.208324861
          0,           0,        1841,      -1.786366643,       1.623900939,       1.942540263,       3.706650229,       1.501339587,       4.230548203
          0,           0,        1842,      -1.780305601,       1.630716413,        1.94838077,       3.713652429,       1.502449895,       4.254297636
          0,           0,        1843,      -1.785722671,       1.634914533,          1.953454,        3.71077831,       1.501259571,       4.274679958
          0,           0,        1844,        -1.7792071,        1.63899522,       1.956617393,        3.71810424,       1.503170358,       4.294485542
          0,           0,        1845,      -1.762980156,       1.644124207,       1.960025026,       3.731405524,       1.501546958,       4.313361101
          0,           0,        1846,      -1.763173725,       1.649226154,       1.965119378,        3.73334069,       1.503588521,       4.330179471
          0,           0,        1847,      -1.772519896,       1.652828917,       1.969677249,       3.727008261,       1.502241368,       4.345949437
          0,           0,        1848,      -1.767548423,        1.65697237,       1.973412219,       3.731394434,       1.505031519,       4.359439468
          0,           0,        1849,      -1.751028815,       1.663815758,       1.977236605,       3.747593019,       1.504251213,       4.373462886
          0,           0,        1850,       -1.75530132,       1.667838499,       1.982077608,       3.745244569,       1.507962646,       4.383551145
          0,           0,        1851,      -1.762995617,       1.671960702,       1.987204457,       3.738457148,       1.506461214,       4.394358603
          0,           0,        1852,      -1.757254927,       1.676426108,       1.990803288,       3.744600279,       1.509118101,       4.403328434
          0,           0,        1853,      -1.751721937,       1.680454454,       1.993974753,       3.750445386,       1.508245463,       4.410731639
          0,           0,        1854,      -1.750243883,       1.683229912,       1.996536186,       3.752289607,       1.513088112,       4.417544503
          0,           0,        1855,      -1.742585447,       1.686808481,       1.999896872,       3.759400607,       1.511220002,         4.4227241
          0,           0,        1856,      -1.758560492,       1.687682041,       2.001629585,       3.746336473,       1.514934387,       4.428013868
          0,           0,        1857,      -1.733000564,       1.691257873,       2.003203874,       3.768944932,       1.513240839,       4.433316408
          0,           0,        1858,      -1.756335294,       1.691670187,        2.00468982,       3.747971199,       1.518707038,       4.439045867
          0,           0,        1859,      -1.699627915,       1.696935728,       2.005896082,       3.799138301,       1.519199945,       4.446746928
          0,           0,        1860,      -1.739402086,       1.695945057,       2.006088364,       3.764978165,       1.523546939,       4.451457138
          0,           0,        1861,      -1.721255908,       1.696580566,        2.00641786,       3.782998359,       1.523299104,       4.455982803
          0,           0,        1862,      -1.753465595,       1.694032727,       2.005561542,       3.752148972,        1.52608847,       4.461405814
          0,           0,        1863,      -1.726125757,       1.694293071,       2.003877833,       3.777851644,       1.528952646,       4.468422008
          0,           0,        1864,      -1.756383249,       1.692558372,       2.003649089,       3.745404937,       1.529715883,       4.474341477
          0,           0,        1865,      -1.726341315,       1.693505396,         2.0022393,       3.777958962,       1.531375422,        4.48031489
          0,           0,        1866,      -1.757059952,       1.691304672,       2.002311814,       3.742074487,       1.534716315,       4.483704542
          0,           0,        1867,      -1.738999482,         1.6913548,       2.000648851,       3.764170207,       1.536546184,        4.48725525
          0,           0,        1868,      -1.757601996,       1.688918057,       2.000432652,       3.737691524,       1.536091381,       4.488710737
          0,           0,        1869,      -1.746857936,       1.689102609,       1.998756984,       3.753195686,       1.540062289,       4.490371557
          0,           0,        1870,       -1.76186005,       1.687076613,       1.998341419,       3.730611179,       1.534763436,       4.488810953
          0,           0,        1871,      -1.752539779,        1.68693248,       1.996665257,       3.744205827,       1.537416361,       4.488072262
          0,           0,        1872,      -1.763812838,       1.684590553,       1.995727371,        3.72683361,       1.535521884,       4.482625898
          0,           0,        1873,      -1.756960248,       1.684095465,         1.9939952,       3.736647209,       1.538762942,       4.478342854
          0,           0,        1874,      -1.765066939,       1.681513825,       1.992647972,       3.723321106,       1.538645443,        4.47087453
          0,           0,        1875,      -1.759494195,       1.680794508,       1.991118733,       3.730740206,       1.537054509,        4.46331283
          0,           0,        1876,      -1.767832581,        1.67815205,       1.989486063,       3.719353866,       1.538390785,        4.45422658
          0,           0,        1877,      -1.760331829,       1.677393796,       1.988193949,        3.72710468,       1.533229525,       4.444432729
          0,           0,        1878,      -1.770358408,        1.67485586,       1.986493064,       3.716382432,       1.538337216,       4.433942778
          0,           0,        1879,        -1.7605744,       1.674181484,       1.985471946,       3.724231239,         1.5315335,       4.422380055
          0,           0,        1880,      -1.772214737,       1.671824336,       1.983807524,       3.714187242,       1.537098949,       4.411033744
          0,           0,        1881,      -1.762551534,       1.670979853,       1.982884225,       3.720289809,       1.527268352,       4.398452643
          0,           0,        1882,       -1.77372566,        1.66819712,       1.980781908,       3.712680578,       1.535303542,        4.38671676
          0,           0,        1883,      -1.766167389,       1.666878971,       1.979463511,       3.715587775,       1.524100004,       4.373626659
          0,           0,        1884,      -1.775210669,       1.663741741,       1.976711569,       3.710794825,       1.533235624,       4.361166196
          0,           0,        1885,      -1.769294254,       1.661847858,       1.974974163,       3.711522409,       1.520760725,       4.348913288
          0,           0,        1886,       -1.77562425,        1.65891252,       1.972232197,       3.709150662,       1.527201284,       4.335132379
          0,           0,        1887,      -1.775927164,       1.656862525,        1.97052433,       3.705169664,       1.518450349,         4.3220921
          0,           0,        1888,      -1.775836624,       1.653978118,       1.967877048,       3.707531874,       1.520834579,       4.310570397
          0,           0,        1889,      -1.780985994,       1.651928045,       1.966133324,       3.700453892,       1.517632899,       4.297116541
          0,           0,        1890,      -1.776741103,       1.649304455,       1.963715891,       3.705016778,       1.515832639,       4.287482335
          0,           0,        1891,       -1.78467805,       1.647121978,       1.961954822,       3.696698501,       1.516931024,       4.277709009
          0,           0,        1892,      -1.777927274,       1.644760538,       1.959779547,       3.702445297,       1.509442871,       4.270743795
          0,           0,        1893,      -1.789459801,       1.642479956,        1.95798259,       3.692289065,       1.516516203,       4.265876385
          0,           0,        1894,      -1.779990565,         1.6403916,        1.95623035,       3.699014308,       1.505308148,       4.265441785
          0,           0,        1895,      -1.793026528,       1.638363404,        1.95450641,        3.68845813,       1.515842938,       4.267803888
          0,           0,        1896,      -1.784447084,         1.6363553,       1.953196315,        3.69374029,       1.500201886,       4.272373744
          0,           0,        1897,      -1.796856502,       1.634354106,       1.951519132,       3.684642659,       1.512757956,       4.278750307
          0,           0,        1898,      -1.792835835,        1.63275313,       1.950440941,       3.685932079,       1.496143031,        4.29142568
          0,           0,        1899,      -1.801147821,       1.630525501,       1.948914372,       3.680390151,       1.508417817,       4.294720168
          0,           0,        1900,      -1.800463765,       1.629102507,        1.94793688,       3.679374327,       1.492247181,       4.287847466
          0,           0,        1901,      -1.806919614,       1.626881553,       1.946273918,        3.67492857,       1.504540671,        4.28483219
          0,           0,        1902,       -1.80709118,       1.625235531,        1.94508157,       3.673093721,       1.488419852,       4.288463191
          0,           0,        1903,      -1.811923144,         1.6227781,       1.943257743,       3.670821232,       1.498761981,       4.281376876
          0,           0,        1904,      -1.814886597,        1.62120992,       1.941898816,       3.666826591,       1.485104714,       4.274775316
          0,           0,        1905,      -1.817944871,       1.618796324,       1.940042486,       3.665219842,       1.492494201,       4.276258915
          0,           0,        1906,       -1.82004526,       1.616948281,       1.938550927,       3.662247491,       1.486286037,       4.269134247
          0,           0,        1907,      -1.821256127,       1.614582236,       1.936461346,       3.661527306,       1.490456813,       4.267130825
          0,           0,        1908,      -1.826085917,       1.612799186,       1.935000486,       3.656589091,       1.483165208,        4.26383214
          0,           0,        1909,      -1.825710962,        1.61038355,       1.932987489,       3.657508759,       1.484730238,       4.256444302
          0,           0,        1910,      -1.832251524,       1.608764814,       1.931633448,        3.65119354,       1.481774787,       4.251297391
          0,           0,        1911,       -1.83032705,       1.606638214,       1.929941236,       3.652449653,       1.482260056,       4.249589777
          0,           0,        1912,      -1.838181271,       1.605264721,       1.928836816,       3.645589205,       1.480017513,       4.247382278
          0,           0,        1913,      -1.835892891,       1.603477909,       1.927542607,       3.647171555,       1.480787242,        4.24053593
          0,           0,        1914,      -1.844009384,       1.602368727,       1.926648367,       3.640024089,       1.478613633,       4.235619937
          0,           0,        1915,      -1.842900986,       1.601054959,       1.925783487,       3.640416605,       1.478889554,       4.232648023
          0,           0,        1916,       -1.85046974,       1.600023018,        1.92519951,       3.634007519,       1.478309929,        4.23213981
          0,           0,        1917,      -1.849792204,       1.599090114,       1.924447595,       3.633926737,       1.475941019,       4.230939971
          0,           0,        1918,      -1.859491648,       1.598010801,       1.923927718,       3.626093529,       1.477057248,       4.230796914
          0,           0,        1919,      -1.856438603,       1.596676708,       1.922833803,       3.628252041,       1.472772901,       4.224843303
          0,           0,        1920,      -1.867038268,       1.595500404,       1.921870389,       3.619412928,       1.472756105,       4.219559998
          0,           0,        1921,      -1.864264525,       1.593895992,       1.920329487,       3.621536735,       1.470827543,       4.215877298
          0,           0,        1922,      -1.873115363,       1.592297162,       1.918896588,       3.613812682,       1.471722052,       4.211453865
          0,           0,        1923,      -1.870159576,       1.590842979,       1.917254648,       3.616073567,       1.468700765,       4.208698584
          0,           0,        1924,      -1.880611508,       1.589412386,       1.915911963,       3.606957555,        1.46928208,       4.202930653
          0,           0,        1925,      -1.876569898,       1.588208365,       1.914620377,        3.61018222,       1.466886602,       4.201497146
          0,           0,        1926,      -1.886771581,       1.587017672,       1.913539491,       3.601037045,       1.467232265,       4.193786428
          0,           0,        1927,      -1.882395083,        1.58608832,       1.912610812,       3.604557585,       1.432951301,       4.143804535
          0,           0,        1928,      -2.173725533,       1.234055619,       1.550384736,       3.316672794,       1.418517711,       4.122003076
          0,           0,        1929,      -2.459520046,      0.4392345324,      0.6662051981,       3.027614343,       1.420270212,       4.122727866
          0,           0,        1930,      -2.414656372,      0.4157435169,      0.5632293972,       3.070763476,       1.424277928,        4.12723524
          0,           0,        1931,      -2.366669581,      0.4327615955,      0.5145343684,       3.116456473,       1.429511614,       4.132702115
          0,           0,        1932,      -2.319790414,      0.4627077839,      0.4886604556,       3.160749436,       1.435762536,       4.138993093
          0,           0,        1933,      -2.274851421,      0.4963962179,       0.471064885,       3.203100874,       1.443134897,       4.145938474
          0,           0,        1934,      -2.233745995,      0.5295755204,      0.4572577217,       3.241948287,       1.451220272,        4.15318985
          0,           0,        1935,      -2.197408953,      0.5600703137,       0.446173979,       3.276374581,       1.459756131,       4.160565536
          0,           0,        1936,      -2.165710756,      0.5873579131,      0.4375062208,       3.306397209,       1.468600117,       4.167892824
          0,           0,        1937,      -2.138304584,      0.6113575152,      0.4310293562,       3.332320073,       1.477605901,        4.17505132
          0,           0,        1938,      -2.114811496,      0.6321626848,      0.4264875934,       3.354492011,       1.486570635,       4.181969397
          0,           0,        1939,      -2.094877023,      0.6499397918,      0.4235602434,       3.373236898,       1.495534975,       4.188601543
          0,           0,        1940,      -2.078180429,      0.6648766396,      0.4218662519,       3.388842939,       1.504503031,       4.194875228
          0,           0,        1941,      -2.064441186,      0.6771613194,      0.4210345491,       3.401568395,        1.51348115,       4.200747234
          0,           0,        1942,      -2.053421574,      0.6869692932,      0.4207032033,       3.411637365,       1.522383063,        4.20616273
          0,           0,        1943,      -2.044896909,       0.694478597,      0.4205466407,       3.419259636,       1.531167333,        4.21105433
          0,           0,        1944,      -2.038684943,      0.6998369355,      0.4202563072,       3.424608338,       1.539909407,       4.215404456
          0,           0,        1945,      -2.034621103,      0.7031839436,      0.4195718163,       3.427842658,       1.548616972,       4.219205449
          0,           0,        1946,      -2.032554603,      0.7046540919,      0.4183055152,         3.4291081,       1.557093878,       4.222425885
          0,           0,        1947,      -2.032349775,      0.7043678118,      0.4162980101,       3.428537586,       1.565387628,       4.225051663
          0,           0,        1948,      -2.033881562,      0.7024367436,      0.4134308617,       3.426254955,       1.573449669,       4.226648714
          0,           0,        1949,      -2.037029971,      0.6989740373,      0.4096288859,       3.422381923,       1.581114915,       4.227438112
          0,           0,        1950,       -2.04169073,      0.6940772009,        0.40483572,        3.41702441,       1.588356445,       4.227634136
          0,           0,        1951,       -2.04775069,      0.6878531499,      0.3990406304,       3.410297181,       1.595023889,       4.227249987
          0,           0,        1952,      -2.055113114,      0.6803967478,      0.3922322692,       3.402301508,       1.601053673,        4.22630254
          0,           0,        1953,      -2.063684354,      0.6717998747,      0.3843980065,       3.393137072,       1.606463225,        4.22481193
          0,           0,        1954,      -2.073366104,      0.6621573761,      0.3755541165,       3.382908044,       1.611222452,       4.222660244
          0,           0,        1955,      -2.084061266,      0.6515678084,      0.3657440367,       3.371718928,       1.615246825,       4.219954002
          0,           0,        1956,      -2.095683241,      0.6401144709,      0.3549842601,       3.359664458,       1.618617024,       4.216723268
          0,           0,        1957,      -2.108132732,       0.627899491,      0.3433473238,        3.34684855,       1.621186292,       4.212932237
          0,           0,        1958,      -2.121330946,      0.6150011759,       0.330864494,       3.333357715,       1.622994599,       4.208574805
          0,           0,        1959,      -2.135193132,      0.6015083591,      0.3175820344,       3.319282765,       1.624017856,        4.20352697
          0,           0,        1960,      -2.149645746,      0.5874971495,      0.3035352345,       3.304701538,       1.624297344,       4.198124661
          0,           0,        1961,      -2.164614814,      0.5730459947,      0.2887759963,       3.289689338,       1.623832251,       4.192640516
          0,           0,        1962,      -2.180038466,      0.5582189005,      0.2733462143,       3.274306963,       1.622682613,       4.186934179
          0,           0,        1963,      -2.195863997,      0.5430756058,      0.2572795169,       3.258603742,       1.620861166,       4.181282698
          0,           0,        1964,      -2.212045844,      0.5276681515,      0.2406143463,       3.242619312,       1.618388185,       4.175469273
          0,           0,        1965,      -2.228547741,      0.5120380687,      0.2233677033,       3.226381374,       1.615323996,       4.170501571
          0,           0,        1966,      -2.245340184,        0.49622352,      0.2055561492,       3.209909969,       1.611721856,        4.16253231
          0,           0,        1967,      -2.262399116,      0.4802564524,      0.1871894612,       3.193218255,       1.607607086,       4.152770483
          0,           0,        1968,      -2.279707305,       0.464160917,      0.1682710751,       3.176312763,       1.603054287,       4.143303974
          0,           0,        1969,      -2.297248769,      0.4479626378,      0.1487899437,       3.159200869,       1.598102642,       4.133311795
          0,           0,        1970,      -2.315003836,      0.4316899112,      0.1287346462,       3.141896223,        1.59283426,       4.123648411
          0,           0,        1971,       -2.33294898,      0.4153772168,      0.1081002612,       3.124415122,       1.587264948,       4.113518585
          0,           0,        1972,      -2.351066452,       0.399053608,     0.08685882509,        3.10677738,       1.581446461,       4.105031305
          0,           0,        1973,      -2.368976587,      0.3830735985,     0.06542130271,       3.089356528,       1.575564503,       4.098905522
          0,           0,        1974,      -2.386117803,      0.3679399775,     0.04444519991,       3.072704182,       1.569907818,        4.09200037
          0,           0,        1975,      -2.402530262,      0.3535976891,     0.02388750984,       3.056786253,       1.564501143,       4.085355128
          0,           0,        1976,      -2.418242413,      0.3400045185,    0.003700086944,       3.041581088,       1.559349548,       4.079706987
          0,           0,        1977,      -2.433270613,      0.3271236039,    -0.01612783697,       3.027078516,       1.554454336,       4.077228326
          0,           0,        1978,      -2.447625081,      0.3149277967,    -0.03563071448,       3.013273767,       1.549821428,       4.080238373
          0,           0,        1979,      -2.461313159,      0.3033816643,    -0.05480257929,       3.000161875,       1.545451144,       4.079528456
          0,           0,        1980,      -2.474336835,      0.2924647427,    -0.07367942761,       2.987745177,        1.54133992,       4.083610222
          0,           0,        1981,      -2.486695798,      0.2821427097,    -0.09222635037,       2.976021976,       1.537491907,        4.09255398
          0,           0,        1982,      -2.498389157,      0.2723978505,     -0.1104980898,       2.964993362,       1.533898816,       4.105810611
          0,           0,        1983,      -2.509415408,      0.2631939902,     -0.1284212611,       2.954658844,       1.530567729,       4.117901041
          0,           0,        1984,      -2.519776135,      0.2545194573,      -0.146074226,       2.945011698,       1.527487927,       4.132568192
          0,           0,        1985,      -2.529476775,      0.2463352086,     -0.1633082738,       2.936043938,       1.524655433,       4.149701261
          0,           0,        1986,      -2.538526488,      0.2386376816,     -0.1802199196,       2.927738405,       1.522073007,       4.168106397
          0,           0,        1987,      -2.546940791,      0.2313800988,     -0.1964848547,       2.920072777,       1.519732116,       4.184510951
          0,           0,        1988,      -2.554740051,      0.2245743585,     -0.2121428512,       2.913019981,        1.51763212,       4.200905381
          0,           0,        1989,      -2.561949894,      0.2181663052,     -0.2264539032,       2.906546528,       1.515769882,       4.217157921
          0,           0,        1990,      -2.568606026,      0.2121931823,     -0.2391414252,       2.900612246,       1.514134724,       4.231772794
          0,           0,        1991,      -2.574746628,      0.2065984017,     -0.2484437068,       2.895175897,       1.512725693,       4.244296252
          0,           0,        1992,       -2.58041627,      0.2014669789,     -0.2531281847,       2.890191424,       1.511535665,        4.25493663
          0,           0,        1993,      -2.585658409,      0.1967565881,     -0.2494668881,       2.885615092,       1.510553077,        4.26347151
          0,           0,        1994,      -2.590518569,      0.1926555625,     -0.2348582507,       2.881403543,       1.509776888,       4.269772242
          0,           0,        1995,      -2.595024583,      0.1891956229,     -0.2044233555,       2.877525674,       1.509195779,       4.273798753
          0,           0,        1996,      -2.599215893,       0.186794972,     -0.1571916923,       2.873946325,       1.508810134,       4.275571491
          0,           0,        1997,      -2.603084725,      0.1857227945,    -0.09217165416,         2.8706659,       1.508604751,       4.275083752
          0,           0,        1998,      -2.606645888,       0.186905386,    -0.01340264575,       2.867677334,       1.508578312,       4.272555841
          0,           0,        1999,      -2.609830895,      0.1911737071,     0.07620257813,       2.865035142,       1.508713805,       4.268128456
