"Time_Iter","Outer_Iter","Inner_Iter",    "rms[Rho]"    ,    "rms[RhoU]"   ,    "rms[RhoV]"   ,    "rms[RhoE]"   ,     "rms[k]"     ,     "rms[w]"     
          0,           0,           0,       -2.42044632,      0.3629452263,      0.3848507315,       3.069317606,       1.506660025,       4.255529657
          0,           0,           1,      -2.333988014,      0.4428519818,      0.2382468582,       3.155979963,       1.508257776,       4.251701814
          0,           0,           2,      -2.296372672,      0.4796564907,      0.1237230653,       3.192630304,       1.512106985,        4.24657458
          0,           0,           3,      -2.280361647,      0.4928868627,      0.0546417088,       3.207257839,       1.518519658,       4.240836428
          0,           0,           4,      -2.277968426,      0.4931081205,     0.01207712561,       3.208059729,       1.527442279,       4.235014496
          0,           0,           5,      -2.282434316,      0.4863433754,    -0.01232555666,       3.201921487,       1.537032335,       4.229267453
          0,           0,           6,      -2.290496744,      0.4761989294,    -0.02864550776,       3.192224504,       1.548621798,       4.223294275
          0,           0,           7,      -2.300123319,      0.4645110632,    -0.03953242075,       3.180982223,        1.56115861,       4.216816264
          0,           0,           8,      -2.309878792,      0.4523329709,     -0.0490607914,       3.169747435,       1.575000695,       4.209467428
          0,           0,           9,      -2.319741365,      0.4402459825,    -0.05832706675,       3.158478258,       1.589563255,       4.201273804
          0,           0,          10,      -2.328611473,        0.42875537,    -0.06816446765,       3.148340746,       1.603711631,       4.192088033
          0,           0,          11,      -2.336875031,      0.4180170127,    -0.07603539941,       3.138959768,       1.617070902,        4.18199897
          0,           0,          12,      -2.344445683,      0.4080595285,    -0.08534220367,       3.130428009,        1.62995422,       4.170724422
          0,           0,          13,      -2.350994386,      0.3987151402,    -0.09105440073,       3.123001432,       1.641748015,       4.157611753
          0,           0,          14,      -2.357901113,      0.3902781081,    -0.09489970185,       3.115204779,       1.652828979,       4.142628817
          0,           0,          15,       -2.36466671,      0.3830729008,    -0.09530388327,       3.107888735,       1.663305105,       4.126024001
          0,           0,          16,      -2.370609457,      0.3765347454,    -0.09644859714,       3.101593452,       1.673689597,       4.109184319
          0,           0,          17,      -2.375086275,      0.3703771637,    -0.09366269484,       3.096845436,       1.682829506,       4.092208158
          0,           0,          18,      -2.378564962,       0.365869929,    -0.08629931224,       3.092972976,       1.692315371,       4.072787611
          0,           0,          19,      -2.382902697,      0.3631663491,    -0.06245696503,       3.089535541,       1.702563281,       4.052124166
          0,           0,          20,      -2.388798647,      0.3598712111,    -0.01537790255,       3.085249323,       1.714444047,       4.030468123
          0,           0,          21,      -2.394191482,      0.3574344669,     0.07653897267,       3.080470263,       1.728753161,       4.010120196
          0,           0,          22,      -2.398397976,       0.362084746,      0.2216809415,       3.076648472,        1.74646943,       3.992615167
          0,           0,          23,      -2.400076902,      0.3859196965,      0.4129467821,       3.075690319,       1.767017394,       3.978408794
          0,           0,          24,      -2.397999463,      0.4493074875,      0.6295918364,       3.079351638,       1.789631893,       3.967512004
          0,           0,          25,       -2.38544107,      0.5601164265,      0.8434802738,       3.094241052,       1.810523599,       3.958110896
          0,           0,          26,      -2.352210541,      0.6596170315,      0.9697345381,       3.132401027,       1.827825609,       3.950590304
          0,           0,          27,      -2.249733514,      0.7237423954,       1.025313376,       3.225051243,       1.842661642,       3.944429998
          0,           0,          28,      -2.192637104,       0.786054541,       1.093329539,       3.280213255,       1.859772451,       3.936656412
          0,           0,          29,      -2.160216938,      0.8331847821,       1.175059101,       3.309250871,       1.878461295,       3.935560623
          0,           0,          30,      -2.080153307,      0.9166356937,       1.239294859,       3.395452722,       1.900628499,       3.930342989
          0,           0,          31,        -2.0108078,      0.9492359618,       1.240647241,       3.460812892,       1.925207829,        3.93406371
          0,           0,          32,      -1.971199515,      0.9827619168,       1.247246874,       3.501064394,       1.946680999,        3.92236429
          0,           0,          33,      -1.926971108,       1.015523019,       1.250237495,       3.548701671,       1.966494413,       3.928528462
          0,           0,          34,       -1.88920053,       1.042537482,       1.264827804,       3.588989952,       1.982115261,       3.913736706
          0,           0,          35,      -1.902994478,       1.062074141,       1.303869177,        3.57145838,       1.997542897,       3.920298529
          0,           0,          36,      -1.872703997,       1.117870456,       1.352992898,        3.60347788,       2.011259548,       3.942275754
          0,           0,          37,      -1.825495926,        1.16808134,       1.390307686,       3.638705005,       2.023722915,       3.980244012
          0,           0,          38,      -1.775346872,       1.227839276,       1.440526754,       3.706852154,       2.035538975,        4.03178821
          0,           0,          39,      -1.755919578,       1.256442143,        1.48399738,       3.728706953,       2.045437318,        4.07800034
          0,           0,          40,      -1.697673303,        1.31553929,       1.505934869,       3.794532189,       2.055537956,       4.106240554
          0,           0,          41,      -1.668691507,       1.323827585,       1.517078366,       3.839734925,       2.065100938,       4.140996208
          0,           0,          42,       -1.64995078,       1.336598173,        1.53039521,       3.832819356,       2.071805968,       4.214816779
          0,           0,          43,      -1.613848133,       1.349812742,       1.563128518,        3.86996065,       2.078135479,       4.256556728
          0,           0,          44,      -1.624944953,        1.35373869,       1.550322257,       3.867574171,       2.083810483,       4.285820658
          0,           0,          45,      -1.642312773,        1.35883853,       1.550026062,       3.850036467,       2.090956562,       4.354144557
          0,           0,          46,      -1.643240479,       1.369772281,       1.569513501,       3.853667468,       2.091928817,       4.347192624
          0,           0,          47,       -1.62313032,        1.41732056,       1.631077367,       3.860553889,       2.096062625,       4.383886033
          0,           0,          48,      -1.578152307,       1.453376821,       1.650858745,       3.910006156,       2.096023525,       4.432880298
          0,           0,          49,      -1.530287653,       1.466849877,       1.652901679,       3.961546267,       2.096541517,       4.455490176
          0,           0,          50,      -1.560234749,       1.457882242,        1.66262613,       3.926284406,       2.097441673,       4.497810605
          0,           0,          51,      -1.537549433,       1.484185072,       1.674344887,       3.952543639,       2.096578918,       4.569540932
          0,           0,          52,       -1.48514424,       1.478669655,       1.675354581,        3.99863657,       2.098056448,       4.605201871
          0,           0,          53,      -1.505918232,       1.466285741,       1.674271342,       3.980685895,       2.097165265,       4.671863898
          0,           0,          54,      -1.526378911,       1.468400617,       1.666378232,        3.96933214,       2.094271582,       4.703364688
          0,           0,          55,      -1.492079777,       1.496752086,       1.676094614,       4.002696639,       2.092661572,       4.747651126
          0,           0,          56,      -1.474515699,        1.51236725,       1.686124516,       4.011535681,       2.094794839,       4.788469442
          0,           0,          57,      -1.491035154,       1.524681961,       1.713304462,        4.01059366,       2.093694385,       4.801420329
          0,           0,          58,      -1.461844526,       1.525339614,       1.709659474,       4.038112534,        2.08763613,       4.815299686
          0,           0,          59,      -1.457510381,       1.535750973,       1.720238065,       4.047845501,       2.080459244,       4.818530757
          0,           0,          60,      -1.439454104,       1.544181606,       1.732683587,       4.054205698,       2.080756248,       4.812175003
          0,           0,          61,       -1.43760892,        1.55135012,       1.738253084,       4.051772494,       2.088262883,       4.795331645
          0,           0,          62,      -1.398694321,       1.559972457,       1.727151241,       4.083963641,       2.084707375,       4.782183669
          0,           0,          63,      -1.410937387,       1.554443276,       1.726432285,       4.085925415,       2.074067044,       4.750793807
          0,           0,          64,      -1.454162737,       1.561163984,       1.750718519,       4.046769168,       2.083446265,       4.768887722
          0,           0,          65,      -1.415490252,       1.581088553,       1.763102606,       4.075874173,       2.079324538,       4.781809083
          0,           0,          66,      -1.384371748,       1.589423123,       1.753265295,       4.098257267,       2.077672911,          4.789503
          0,           0,          67,      -1.435677952,       1.560280867,        1.74246874,       4.060274712,       2.073037706,       4.776192169
          0,           0,          68,      -1.383498283,       1.584439115,       1.749470418,       4.096219758,       2.059685121,       4.755584018
          0,           0,          69,      -1.427840503,       1.588427392,       1.780642704,       4.067229546,       2.065643948,       4.780222827
          0,           0,          70,      -1.407005809,       1.598381191,        1.77383196,       4.086220025,       2.074679934,       4.754300131
          0,           0,          71,      -1.420755314,       1.592928877,       1.782673227,       4.073082279,       2.069231367,       4.752653644
          0,           0,          72,      -1.398623208,       1.593223333,       1.788854145,       4.090982837,       2.073692292,         4.7670662
          0,           0,          73,      -1.407231879,       1.594289636,       1.781741739,       4.080652396,       2.083259946,       4.800759781
          0,           0,          74,      -1.426061486,       1.604558275,       1.796502536,       4.067507068,       2.100740471,        4.77730878
          0,           0,          75,      -1.399261811,       1.601887452,       1.789566388,       4.089662296,       2.097797425,       4.792863432
          0,           0,          76,      -1.384001547,       1.600104934,       1.792290275,       4.103580674,       2.117721415,        4.82334141
          0,           0,          77,      -1.385878966,       1.580542873,       1.779138882,       4.098279992,       2.108553571,       4.805022412
          0,           0,          78,      -1.403940749,       1.592507367,       1.771243771,       4.081019414,       2.113354514,       4.782339497
          0,           0,          79,       -1.43111943,       1.576236283,       1.768415179,       4.058983893,        2.13868736,       4.823468048
          0,           0,          80,      -1.419679216,       1.597025496,        1.78041095,       4.064766822,       2.129339672,        4.80253765
          0,           0,          81,      -1.399269458,       1.599622469,       1.802412335,       4.086550587,       2.140649299,       4.814773862
          0,           0,          82,      -1.400235428,       1.606062578,       1.799795211,       4.085908602,       2.141305369,       4.806208831
          0,           0,          83,      -1.388903974,         1.5895571,       1.797854647,       4.097009405,        2.14255243,       4.803494367
          0,           0,          84,      -1.394186329,       1.598228543,       1.786413602,       4.092473866,       2.168407007,        4.87078393
          0,           0,          85,      -1.395022843,       1.591107893,       1.796690258,       4.086548611,        2.16740076,       4.847138337
          0,           0,          86,      -1.388054556,       1.610092987,        1.79632826,       4.099136475,       2.169774597,       4.832930849
          0,           0,          87,       -1.36875411,        1.59801799,       1.791213311,       4.103098021,       2.170720427,       4.842791386
          0,           0,          88,       -1.38980904,       1.606727005,       1.789797307,       4.093562602,       2.178618185,       4.861452536
          0,           0,          89,      -1.323399534,       1.605937388,       1.798865647,       4.149719848,       2.180555773,       4.803833638
          0,           0,          90,      -1.373728195,       1.597125638,       1.780999446,         4.0977259,       2.176209382,       4.793931555
          0,           0,          91,      -1.408416776,       1.559704153,       1.781372166,       4.063112561,       2.190678512,       4.841544938
          0,           0,          92,      -1.413988276,       1.575537729,       1.776062774,       4.067488335,       2.199785373,       4.813547267
          0,           0,          93,      -1.424507653,       1.565041092,       1.790650011,       4.059322873,       2.202393797,       4.816697464
          0,           0,          94,      -1.426833928,       1.576703621,       1.781267682,       4.055674007,       2.211129556,       4.812834028
          0,           0,          95,      -1.421832069,       1.571818483,       1.791692358,       4.064364336,       2.225790181,       4.820149206
          0,           0,          96,      -1.403637269,       1.594859123,       1.795507812,       4.078385551,       2.224513848,       4.823970402
          0,           0,          97,      -1.404060493,       1.575350741,       1.795296916,       4.063603382,       2.231378283,        4.80647746
          0,           0,          98,      -1.431725014,       1.578704548,       1.772956678,       4.050824796,       2.243593054,       4.835314202
          0,           0,          99,      -1.451760294,       1.550849341,       1.783178663,       4.035609065,       2.250765954,        4.83442426
          0,           0,         100,      -1.435085997,        1.57494014,       1.783598547,       4.044187587,       2.264792548,       4.828239604
          0,           0,         101,      -1.433819205,        1.54940675,       1.775391186,       4.035625467,       2.264897814,       4.825565792
          0,           0,         102,      -1.443849987,       1.563486221,       1.763257288,       4.034665909,       2.274287361,       4.816248679
          0,           0,         103,      -1.447951592,       1.536898028,       1.765230878,       4.038260452,       2.276784939,        4.79381057
          0,           0,         104,      -1.468894047,       1.554841114,       1.757347129,       4.023560682,        2.29087938,       4.828828089
          0,           0,         105,      -1.479733682,       1.541237787,       1.771434487,       4.016387902,       2.281440709,       4.755204401
          0,           0,         106,      -1.565067714,       1.455823795,        1.63955863,       3.932892974,       2.275084611,       4.641245846
          0,           0,         107,      -1.706593707,       1.164580485,       1.309585837,       3.782539307,       2.273738864,       4.611789042
          0,           0,         108,      -1.742548408,        1.03972773,      0.8120840352,       3.741060146,       2.273775948,       4.615670473
          0,           0,         109,      -1.741538411,       1.030297831,       0.767900125,       3.743541987,       2.273736931,       4.617932096
          0,           0,         110,         -1.740755,       1.029081209,      0.7612201381,        3.74496153,       2.273759554,       4.619263983
          0,           0,         111,      -1.740404152,       1.028595706,      0.7586609687,       3.745567192,       2.273875339,       4.620757599
          0,           0,         112,       -1.74021151,       1.028330025,      0.7571460632,       3.745910978,       2.274095878,       4.622982106
          0,           0,         113,      -1.740055971,       1.028044732,      0.7557714225,       3.746216536,       2.274316792,       4.625198515
          0,           0,         114,      -1.739933423,       1.027749085,      0.7544654057,       3.746469143,        2.27453802,       4.627420191
          0,           0,         115,      -1.739855446,       1.027428476,      0.7532140912,       3.746659836,       2.274759194,       4.629570015
          0,           0,         116,      -1.739801517,       1.027098417,      0.7520224831,       3.746816311,       2.274986897,       4.631681942
          0,           0,         117,      -1.739765666,       1.026786539,      0.7508949581,       3.746944943,       2.275215233,        4.63375439
          0,           0,         118,      -1.739733325,       1.026472308,       0.749800176,       3.747054893,       2.275455333,       4.635785264
          0,           0,         119,      -1.739763401,       1.026153565,      0.7487136473,       3.747083242,       2.275716351,       4.637772028
          0,           0,         120,      -1.739915693,        1.02572215,      0.7475093154,       3.746987357,       2.275976465,       4.639710975
          0,           0,         121,      -1.740130284,       1.025245689,      0.7463100624,       3.746817722,       2.276236033,       4.641603163
          0,           0,         122,      -1.740407729,       1.024740216,      0.7450540034,       3.746574823,       2.276503027,       4.643444994
          0,           0,         123,      -1.740736095,       1.024170346,      0.7438480002,       3.746275333,       2.276768973,       4.645236157
          0,           0,         124,      -1.741109545,       1.023570961,      0.7426374363,       3.745927278,       2.277034038,       4.646974544
          0,           0,         125,      -1.741527793,       1.022937589,      0.7414290483,       3.745530674,       2.277298169,       4.648658961
          0,           0,         126,      -1.741983062,       1.022277184,      0.7402191504,       3.745095374,       2.277561309,       4.650287773
          0,           0,         127,      -1.742452962,       1.021606975,      0.7390972639,       3.744641989,       2.277823406,        4.65186228
          0,           0,         128,      -1.742951215,       1.020913281,      0.7379891852,       3.744160653,        2.27808442,       4.653381873
          0,           0,         129,      -1.743471199,       1.020205907,      0.7368937354,       3.743656425,       2.278344322,       4.654847407
          0,           0,         130,       -1.74402073,       1.019475778,      0.7358022824,       3.743123528,       2.278602901,       4.656258146
          0,           0,         131,       -1.74460395,       1.018718821,       0.734708519,       3.742556861,       2.278860305,       4.657619591
          0,           0,         132,      -1.745207298,       1.017944248,      0.7336487511,        3.74196666,       2.279116562,       4.658927566
          0,           0,         133,      -1.745834636,       1.017146775,      0.7326040584,        3.74135079,       2.279371654,       4.660183303
          0,           0,         134,      -1.746490939,       1.016322623,      0.7315669899,       3.740708279,       2.279625597,       4.661378785
          0,           0,         135,      -1.747186385,       1.015474941,      0.7304751016,       3.740021836,       2.279878391,       4.662521052
          0,           0,         136,      -1.747924086,       1.014599182,      0.7293327222,       3.739287482,        2.28013002,       4.663616257
          0,           0,         137,      -1.748691109,        1.01369912,      0.7281866763,       3.738525452,       2.280380446,       4.664663754
          0,           0,         138,        -1.7494882,       1.012773317,      0.7270336384,       3.737731947,       2.280628841,       4.665658788
          0,           0,         139,      -1.750311717,       1.011823099,      0.7258874387,       3.736911885,       2.280874822,       4.666614275
          0,           0,         140,      -1.751157625,       1.010853182,      0.7247467171,       3.736069562,       2.281119569,       4.667542559
          0,           0,         141,      -1.752036301,        1.00985168,      0.7236009804,       3.735195378,       2.281363117,       4.668441383
          0,           0,         142,      -1.752940818,       1.008827841,      0.7224525075,       3.734293685,       2.281605312,        4.66930091
          0,           0,         143,      -1.753854879,       1.007798978,      0.7213144535,       3.733378358,       2.281846081,       4.670118177
          0,           0,         144,      -1.754779787,       1.006750922,      0.7202331585,        3.73245232,       2.282085464,       4.670895572
          0,           0,         145,      -1.755725929,       1.005688729,      0.7191354255,       3.731505576,        2.28232344,       4.671631634
          0,           0,         146,      -1.756699182,       1.004608111,      0.7180140914,       3.730534233,       2.282560106,       4.672330875
          0,           0,         147,      -1.757694108,       1.003514457,      0.7168666539,       3.729540441,       2.282796141,       4.672985389
          0,           0,         148,       -1.75870762,       1.002407586,      0.7157131983,       3.728529106,        2.28303072,       4.673608103
          0,           0,         149,      -1.759742035,       1.001287419,      0.7145465329,       3.727497652,       2.283264001,       4.674197698
          0,           0,         150,      -1.760798496,       1.000153482,      0.7133619801,       3.726443486,       2.283495974,        4.67475551
          0,           0,         151,      -1.761875423,      0.9990094213,      0.7121577069,       3.725368097,       2.283726696,       4.675282289
          0,           0,         152,      -1.762974083,      0.9978563128,      0.7109219741,       3.724271083,        2.28395631,       4.675782008
          0,           0,         153,      -1.764091837,      0.9966931451,       0.709662225,        3.72315432,       2.284184642,       4.676252518
          0,           0,         154,       -1.76522281,      0.9955238846,      0.7083809402,       3.722023299,       2.284430607,       4.676788922
          0,           0,         155,      -1.766424157,      0.9942869602,      0.7070336453,       3.720823251,       2.284687178,       4.677318576
          0,           0,         156,      -1.767700618,      0.9929770166,      0.7056224618,       3.719548775,       2.284954737,       4.677837875
          0,           0,         157,      -1.769060392,      0.9915853551,      0.7041371552,       3.718195017,       2.285233696,       4.678345977
          0,           0,         158,      -1.770512682,      0.9901117226,      0.7024958915,        3.71674919,       2.285524413,       4.678836761
          0,           0,         159,      -1.772076006,      0.9885526769,      0.7006951596,       3.715193498,       2.285827283,       4.679304825
          0,           0,         160,      -1.773760319,      0.9869071966,      0.6987068856,       3.713522116,       2.286142678,       4.679749017
          0,           0,         161,      -1.775550605,      0.9851732898,      0.6966131687,       3.711753052,       2.286471052,       4.680170982
          0,           0,         162,      -1.777449997,      0.9833464091,      0.6943916078,       3.709884875,       2.286812836,       4.680558364
          0,           0,         163,      -1.779466528,      0.9814136088,      0.6920645898,       3.707902785,       2.287168374,        4.68090764
          0,           0,         164,      -1.781603676,      0.9793774369,      0.6896208796,       3.705806408,       2.287538092,        4.68121977
          0,           0,         165,      -1.783880988,      0.9772211585,      0.6870491757,        3.70358171,       2.287922191,       4.681474039
          0,           0,         166,      -1.786324923,      0.9749223948,      0.6843405968,        3.70119689,       2.288321188,       4.681681124
          0,           0,         167,      -1.788928828,      0.9724974706,      0.6814786663,       3.698667673,        2.28873458,       4.681837581
          0,           0,         168,      -1.791677955,      0.9699520471,      0.6784919669,       3.696001581,       2.289162663,       4.681944163
          0,           0,         169,      -1.794593617,       0.967265483,      0.6753673879,       3.693172724,       2.289606427,       4.681994898
          0,           0,         170,      -1.797685283,      0.9644407979,      0.6720825367,       3.690175503,        2.29006693,        4.68199288
          0,           0,         171,      -1.800950147,      0.9614969364,      0.6685963348,       3.687014063,       2.290544313,        4.68192947
          0,           0,         172,      -1.804378732,      0.9584427023,      0.6648588264,       3.683704746,       2.291038788,       4.681806235
          0,           0,         173,      -1.807981657,      0.9552592241,      0.6608799725,       3.680234507,        2.29155061,       4.681617072
          0,           0,         174,       -1.81173242,      0.9519709947,      0.6567853102,       3.676638582,       2.292080125,       4.681363495
          0,           0,         175,      -1.815668847,      0.9485431244,       0.652513454,       3.672874306,       2.292626047,        4.68102425
          0,           0,         176,      -1.819789723,      0.9449864515,      0.6480548613,       3.668939473,       2.293188939,       4.680561976
          0,           0,         177,      -1.824030237,      0.9413833188,      0.6433685038,       3.664893064,        2.29376929,       4.679991406
          0,           0,         178,       -1.82841366,      0.9376962308,      0.6384852592,       3.660713589,       2.294366837,       4.679318821
          0,           0,         179,      -1.832954797,      0.9339069509,      0.6335160557,       3.656377509,       2.294956839,       4.678551517
          0,           0,         180,      -1.837640232,      0.9300104613,      0.6284947266,       3.651937106,       2.295541602,       4.677673552
          0,           0,         181,      -1.842412654,      0.9261363017,      0.6230787647,       3.647435473,       2.296140958,       4.676689575
          0,           0,         182,      -1.847240428,      0.9223004312,      0.6174256267,       3.642900646,       2.296716414,       4.675594774
          0,           0,         183,      -1.852114589,      0.9184483397,      0.6116611139,       3.638360675,       2.297307813,       4.674407473
          0,           0,         184,      -1.857036844,      0.9145561435,      0.6057870672,       3.633776938,        2.29791378,       4.673121936
          0,           0,         185,      -1.862042387,      0.9106312298,      0.5995833423,       3.629101467,       2.298535057,       4.671744218
          0,           0,         186,       -1.86705744,      0.9067322418,      0.5931139595,       3.624436884,       2.299168154,       4.670277595
          0,           0,         187,      -1.872006572,      0.9029603925,      0.5865306919,        3.61987147,       2.299816881,       4.668721944
          0,           0,         188,      -1.876895315,      0.8992783837,      0.5798991629,       3.615401756,       2.300479857,       4.667081808
          0,           0,         189,      -1.881657489,      0.8957404405,       0.573029871,       3.611105826,       2.301157847,       4.665272622
          0,           0,         190,      -1.886286735,      0.8922962796,      0.5661543628,       3.606978347,       2.301850508,       4.663162086
          0,           0,         191,      -1.890764987,      0.8889722312,      0.5593648468,       3.603017179,        2.30256111,       4.660466288
          0,           0,         192,      -1.895075888,      0.8858025402,        0.55269146,       3.599215804,        2.30329672,       4.657590337
          0,           0,         193,      -1.899164892,      0.8828088587,      0.5460880404,        3.59564809,       2.304010057,       4.654568833
          0,           0,         194,      -1.903082207,      0.8798738926,      0.5396489423,       3.592237892,       2.304729494,       4.651415201
          0,           0,         195,      -1.906870701,      0.8769817804,      0.5336991183,       3.588918763,       2.305470467,       4.648107032
          0,           0,         196,      -1.910439593,      0.8741985396,      0.5279616052,       3.585810961,       2.306232147,       4.644656317
          0,           0,         197,      -1.913864736,      0.8715127137,      0.5224703717,       3.582896199,       2.307014675,       4.641082967
          0,           0,         198,      -1.917092359,      0.8688879373,      0.5174877484,        3.58013593,       2.307820575,       4.635932241
          0,           0,         199,      -1.920162327,      0.8662603274,      0.5131171372,       3.577402351,        2.30865486,       4.630120965
          0,           0,         200,      -1.923134108,       0.863676976,      0.5087481158,       3.574693517,       2.309512802,       4.623901969
          0,           0,         201,      -1.926042723,      0.8610653189,      0.5045399549,       3.571991322,       2.310403834,       4.617597161
          0,           0,         202,      -1.928957472,      0.8583661315,       0.500636271,       3.569238961,       2.311332472,       4.611226295
          0,           0,         203,      -1.931915473,      0.8556205865,      0.4968949063,       3.566450354,       2.312302768,       4.605467916
          0,           0,         204,        -1.9348097,       0.852941518,      0.4932439282,       3.563662195,       2.313319461,       4.600595821
          0,           0,         205,       -1.93786677,      0.8500707393,      0.4895269066,       3.560696731,       2.314389966,        4.59702975
          0,           0,         206,      -1.941110007,      0.8470262287,      0.4856427204,       3.557549992,       2.315518983,       4.595010113
          0,           0,         207,      -1.944427402,      0.8439913809,      0.4818910377,       3.554373511,       2.316710057,       4.594516336
          0,           0,         208,      -1.947978177,      0.8407856411,      0.4780936378,       3.550989055,        2.31797311,       4.595551425
          0,           0,         209,      -1.951890565,      0.8371369952,      0.4743289883,       3.547242949,       2.319320387,       4.597980817
          0,           0,         210,      -1.955983193,      0.8333273426,      0.4706985812,       3.543294695,       2.320740927,       4.601380886
          0,           0,         211,      -1.960071673,      0.8295463126,       0.466903604,       3.539316007,       2.322059856,       4.605381153
          0,           0,         212,      -1.964430867,       0.825551553,      0.4626176831,       3.535096758,        2.32345042,       4.609508326
          0,           0,         213,      -1.969127048,      0.8213335518,      0.4576068971,       3.530592816,       2.324918068,        4.61298976
          0,           0,         214,      -1.974088038,      0.8169208421,      0.4522328556,       3.525800914,       2.326583958,       4.615058353
          0,           0,         215,      -1.979309091,      0.8121557132,      0.4468187387,       3.520728869,       2.328327951,       4.613893189
          0,           0,         216,      -1.984878363,      0.8069472382,      0.4406399526,         3.5152597,       2.330157847,       4.612235991
          0,           0,         217,      -1.991109369,      0.8010349523,      0.4338126838,        3.50904595,       2.332168603,       4.610020552
          0,           0,         218,      -1.997657776,      0.7946098166,      0.4262661334,       3.502395129,       2.334426909,       4.607122166
          0,           0,         219,      -2.004739759,      0.7877747366,      0.4180938796,       3.495199925,        2.33675181,       4.603172636
          0,           0,         220,      -2.011650669,      0.7806610176,      0.4096304834,       3.488098312,       2.338688925,       4.598746294
          0,           0,         221,      -2.018501462,      0.7733578496,      0.4012405787,       3.481078673,       2.340765895,       4.594956852
          0,           0,         222,      -2.025402197,      0.7656868405,      0.3935015883,       3.474048756,       2.342901812,       4.594715963
          0,           0,         223,      -2.032362035,      0.7574324439,      0.3848894278,       3.467003799,        2.34499894,       4.592711683
          0,           0,         224,      -2.040565335,      0.7485456358,      0.3768794313,       3.458727665,       2.346950308,       4.587654779
          0,           0,         225,      -2.048586062,      0.7393487843,      0.3676014968,       3.450677571,       2.348907098,       4.572269308
          0,           0,         226,      -2.057308245,      0.7297596894,      0.3588881565,       3.441955044,       2.350851442,       4.558360883
          0,           0,         227,       -2.06630815,      0.7195770504,      0.3494971536,       3.432907863,       2.352835153,       4.550749253
          0,           0,         228,      -2.075560346,      0.7088657841,      0.3398380428,       3.423392807,       2.354874789,       4.549732334
          0,           0,         229,      -2.085396997,      0.6976301148,      0.3296694489,       3.413281327,       2.356426411,       4.549716325
          0,           0,         230,      -2.095305501,      0.6856700524,      0.3197999785,       3.402995665,       2.357677939,       4.548028009
          0,           0,         231,      -2.105151114,      0.6735253854,      0.3096261628,       3.392668818,       2.358680228,       4.563663402
          0,           0,         232,      -2.115170225,      0.6613431436,      0.2995368713,       3.382048231,       2.359193028,       4.579701405
          0,           0,         233,      -2.125630592,      0.6485103427,       0.294268589,       3.370849821,       2.359450017,       4.607679973
          0,           0,         234,      -2.135502781,       0.636930725,      0.3063513233,       3.360147686,       2.359489188,       4.615421056
          0,           0,         235,      -2.145121617,      0.6291035625,      0.3746235091,       3.349731061,       2.359384115,       4.610861731
          0,           0,         236,      -2.152660912,      0.6398989407,      0.5477192315,       3.341547606,       2.359232473,       4.610707763
          0,           0,         237,      -2.154226947,      0.7077023504,      0.8116729124,       3.340538247,       2.359164332,       4.616421213
          0,           0,         238,      -2.140858742,       0.862792731,       1.084134235,       3.355270641,       2.359348175,       4.628346784
          0,           0,         239,       -2.08657814,       1.005190092,          1.274049,       3.415293263,        2.36001511,       4.638203542
          0,           0,         240,      -1.883512076,        1.16966306,       1.390613672,        3.64910601,       2.361322316,       4.651499843
          0,           0,         241,      -1.867160513,       1.229489003,       1.486255141,       3.657366377,       2.363430226,       4.674993747
          0,           0,         242,      -1.763251047,       1.264581305,       1.487663783,       3.769168097,       2.366646874,       4.698071912
          0,           0,         243,      -1.664372877,       1.313517789,       1.509986429,       3.840054144,       2.370989427,       4.699527388
          0,           0,         244,      -1.690302559,       1.271355155,       1.505505563,       3.836323602,       2.376816673,       4.700892069
          0,           0,         245,      -1.694641022,       1.303987344,       1.574933828,       3.825172297,       2.384123719,       4.712779152
          0,           0,         246,      -1.603290934,       1.363421996,       1.573709796,       3.908317933,       2.392776327,       4.714618379
          0,           0,         247,      -1.585776563,       1.357865212,       1.568267401,       3.912644064,       2.401503941,        4.69281473
          0,           0,         248,       -1.60985603,       1.369877982,       1.597030522,       3.893029124,       2.410941266,       4.709669079
          0,           0,         249,      -1.584425992,       1.389408057,       1.602322675,       3.921761783,         2.4193233,       4.707068791
          0,           0,         250,      -1.564960107,       1.368564229,        1.57201194,       3.936664145,       2.428175513,       4.693475678
          0,           0,         251,      -1.521204312,       1.395480406,       1.558752506,       3.976208659,       2.434913949,       4.673146238
          0,           0,         252,      -1.570988651,       1.381201579,       1.603880302,       3.935349486,       2.440361866,       4.666730123
          0,           0,         253,       -1.57126606,       1.409806775,       1.644943538,       3.926948538,       2.445816859,       4.696092382
          0,           0,         254,      -1.521070605,       1.434501172,        1.65864119,       3.965931643,        2.44683177,       4.675933223
          0,           0,         255,       -1.51795145,       1.442421401,       1.651427005,       3.984007198,       2.448465572,       4.714335714
          0,           0,         256,      -1.494737521,       1.443628263,       1.639059084,       3.994978811,       2.448526988,       4.730886056
          0,           0,         257,       -1.50930299,       1.449881346,       1.646755956,       3.987148267,       2.447788402,       4.738535791
          0,           0,         258,      -1.515580892,       1.456365609,       1.678865476,       3.979118814,       2.447878398,        4.77282286
          0,           0,         259,      -1.477481871,       1.484331194,       1.674268283,       4.008244854,       2.448308437,       4.786572508
          0,           0,         260,      -1.465801399,       1.476937517,       1.674420512,       4.018151423,       2.449142431,       4.860816782
          0,           0,         261,      -1.471070514,        1.49489176,       1.672701829,       4.019566698,       2.447300418,       4.922430201
          0,           0,         262,      -1.491826471,        1.49599374,       1.702459013,       3.995620418,       2.448839997,       4.967636639
          0,           0,         263,      -1.457921178,       1.522949223,       1.728170811,       4.034006163,       2.449538587,       5.016392149
          0,           0,         264,      -1.453312907,       1.518504889,       1.721960419,       4.036859537,       2.450576888,       5.090959328
          0,           0,         265,      -1.465037805,       1.517354085,       1.715211572,       4.017125703,       2.450525099,       5.129327626
          0,           0,         266,      -1.455686816,       1.535682665,       1.728454492,       4.035344142,       2.450196101,       5.158379884
          0,           0,         267,      -1.457567172,       1.540519136,       1.740054512,       4.035715107,        2.44822358,        5.25137142
          0,           0,         268,      -1.445630942,       1.542502549,       1.760338688,         4.0445483,       2.447260087,       5.343960255
          0,           0,         269,      -1.401921556,       1.564967449,       1.749746549,       4.080672666,       2.445779848,        5.30886434
          0,           0,         270,      -1.408479229,       1.545745637,       1.757738309,       4.076646217,       2.440122128,       5.278926709
          0,           0,         271,      -1.421680893,       1.572906248,       1.757305631,       4.059820278,       2.436981982,        5.25455442
          0,           0,         272,      -1.428865627,       1.562107732,       1.775508634,        4.04823293,       2.432235592,       5.306214463
          0,           0,         273,      -1.412584657,       1.579955214,       1.771544745,       4.062262296,       2.427175035,       5.257002989
          0,           0,         274,      -1.386307631,       1.569685343,       1.757880597,       4.084871983,       2.422346799,       5.165684081
          0,           0,         275,      -1.398078602,       1.573925003,       1.766441087,       4.074414596,        2.41790056,       5.146596409
          0,           0,         276,      -1.438391545,        1.57865647,       1.781129189,       4.039906629,       2.415214284,       5.249575449
          0,           0,         277,      -1.415103834,       1.598394097,       1.800837547,       4.065314933,        2.41616083,       5.228705152
          0,           0,         278,      -1.377754828,       1.590840888,       1.801218511,       4.090755041,       2.409074839,       5.211066573
          0,           0,         279,      -1.417258481,       1.597357693,       1.787833882,       4.049769878,       2.407099778,       5.219759512
          0,           0,         280,      -1.401149942,       1.588121696,       1.790611875,       4.074175647,       2.402022882,       5.241602631
          0,           0,         281,      -1.396405802,        1.59120908,       1.778277424,        4.08360202,       2.398527116,       5.175361531
          0,           0,         282,      -1.413729846,       1.579579169,       1.785752289,       4.062221021,        2.40253868,       5.243155885
          0,           0,         283,      -1.393347833,       1.596170276,        1.79585738,        4.08015924,       2.400945605,       5.231435961
          0,           0,         284,      -1.384496104,       1.607605816,       1.798560313,        4.10324797,       2.394131618,       5.173189125
          0,           0,         285,      -1.399184524,       1.597621422,       1.798326394,       4.080790407,       2.385705411,       5.177017627
          0,           0,         286,      -1.430389921,       1.604590437,       1.808993935,         4.0432679,       2.384202816,       5.179572169
          0,           0,         287,      -1.418249563,       1.601818599,       1.813300951,       4.060921886,       2.385612913,       5.151451814
          0,           0,         288,      -1.416338777,       1.602195045,        1.80899605,       4.055208486,       2.378709568,       5.124895233
          0,           0,         289,      -1.410965926,       1.596857211,       1.794421313,       4.064839815,       2.374695512,       5.140459662
          0,           0,         290,       -1.41979756,       1.599173783,       1.802685707,       4.051670873,       2.369199058,       5.098552205
          0,           0,         291,      -1.513220768,       1.496340942,       1.699953582,       3.965692995,       2.356768853,       4.927597865
          0,           0,         292,      -1.644775914,       1.252463599,       1.396017528,       3.821080413,       2.354297997,       4.883862879
          0,           0,         293,      -1.683757289,       1.069194053,      0.9075490951,       3.780252353,       2.354604079,       4.884526905
          0,           0,         294,      -1.677999529,       1.066636853,       0.838463147,       3.787111364,       2.354810805,       4.885200835
          0,           0,         295,      -1.675058238,       1.067750743,      0.8284734309,       3.790539436,       2.354925664,       4.885651579
          0,           0,         296,      -1.673628582,       1.068377487,      0.8249197897,        3.79220428,       2.355038388,       4.886582463
          0,           0,         297,      -1.672727095,       1.068792195,      0.8230218154,       3.793251354,       2.355195246,       4.888270533
          0,           0,         298,      -1.671722693,       1.069505528,      0.8211728053,       3.794409816,       2.355351044,       4.889931762
          0,           0,         299,      -1.670961295,       1.069838806,      0.8194788408,       3.795290885,       2.355505654,       4.891561993
          0,           0,         300,      -1.670275859,       1.070114293,      0.8179046721,       3.796083969,        2.35565861,       4.893158872
          0,           0,         301,      -1.669663703,       1.070341534,      0.8164057429,       3.796783883,        2.35580965,       4.894727246
          0,           0,         302,      -1.669127044,       1.070506468,       0.815023935,        3.79740519,       2.355958783,       4.896272497
          0,           0,         303,      -1.668667578,       1.070599861,      0.8137596862,       3.797935131,       2.356105488,       4.897773053
          0,           0,         304,      -1.668280116,       1.070642928,      0.8125341705,       3.798385227,        2.35625017,       4.899242424
          0,           0,         305,      -1.667949411,       1.070647894,      0.8113620764,       3.798774194,        2.35639261,       4.900681286
          0,           0,         306,       -1.66768593,       1.070599734,       0.810228945,       3.799092106,       2.356532724,       4.902083113
          0,           0,         307,      -1.667487486,       1.070511161,      0.8091132713,       3.799343291,       2.356670797,       4.903453459
          0,           0,         308,      -1.667369317,       1.070359386,      0.8080076412,       3.799510758,       2.356806408,       4.904780825
          0,           0,         309,      -1.667307842,       1.070164994,      0.8069361159,       3.799621888,       2.356939432,       4.905950682
          0,           0,         310,       -1.66732026,       1.069921116,      0.8058523384,       3.799658662,       2.357069948,        4.90708044
          0,           0,         311,      -1.667358893,       1.069664074,      0.8047915576,       3.799660458,       2.357197917,       4.908169654
          0,           0,         312,      -1.667451845,       1.069361971,      0.8037334862,       3.799599307,       2.357323384,       4.909218429
          0,           0,         313,      -1.667612457,        1.06902714,      0.8026299291,        3.79946032,       2.357446069,        4.91021294
          0,           0,         314,      -1.667853724,       1.068652386,      0.8014821893,       3.799240595,       2.357564808,       4.911080249
          0,           0,         315,      -1.668158841,       1.068230005,      0.8003296694,       3.798954917,       2.357680878,       4.911896443
          0,           0,         316,      -1.668522308,       1.067769637,      0.7991762151,       3.798613013,       2.357794352,       4.912635036
          0,           0,         317,      -1.668944468,       1.067273676,      0.7980073909,       3.798213787,       2.357905373,       4.913330851
          0,           0,         318,       -1.66942157,       1.066744612,      0.7968266281,       3.797764197,       2.358014062,       4.913986195
          0,           0,         319,      -1.669942698,       1.066189973,      0.7956413783,       3.797273662,       2.358120436,       4.914599756
          0,           0,         320,      -1.670516429,       1.065598955,      0.7944410003,        3.79673077,       2.358224517,        4.91517186
          0,           0,         321,      -1.671141552,       1.064969014,      0.7932223389,       3.796134434,       2.358326477,       4.915714528
          0,           0,         322,      -1.671810344,       1.064304138,      0.7920035308,       3.795496132,       2.358426405,       4.916247709
          0,           0,         323,      -1.672513717,          1.063608,      0.7908135556,       3.794823096,       2.358524255,       4.916740399
          0,           0,         324,      -1.673252975,       1.062886172,      0.7896192133,       3.794114981,       2.358620136,       4.917199442
          0,           0,         325,      -1.674027673,       1.062142067,      0.7884113337,       3.793373681,       2.358714013,       4.917622585
          0,           0,         326,      -1.674835735,       1.061375488,      0.7871937132,       3.792598848,       2.358806361,       4.918011065
          0,           0,         327,      -1.675675248,       1.060579481,      0.7859900981,       3.791792414,       2.358904755,       4.918393273
          0,           0,         328,      -1.676537712,       1.059768873,      0.7848060908,       3.790967762,       2.359000744,       4.918741138
          0,           0,         329,      -1.677442372,       1.058919009,      0.7836175776,       3.790102995,       2.359095135,       4.919054287
          0,           0,         330,      -1.678382808,       1.058044549,      0.7824212685,       3.789207895,       2.359187605,       4.919333893
          0,           0,         331,      -1.679355938,       1.057147302,      0.7811963476,       3.788282714,       2.359278207,       4.919579395
          0,           0,         332,      -1.680357133,       1.056228598,      0.7799573589,       3.787330084,       2.359366542,       4.919785185
          0,           0,         333,      -1.681372474,       1.055305468,      0.7787189091,        3.78636738,       2.359451929,        4.91995562
          0,           0,         334,      -1.682413593,        1.05436321,      0.7774715851,       3.785383456,       2.359533963,       4.920087907
          0,           0,         335,      -1.683487777,       1.053390211,      0.7762268492,       3.784367308,       2.359614338,       4.920195613
          0,           0,         336,      -1.684613044,       1.052392596,      0.7749013402,       3.783303976,       2.359693063,       4.920279494
          0,           0,         337,      -1.685762851,       1.051379762,      0.7735469965,       3.782220204,       2.359770226,       4.920342155
          0,           0,         338,      -1.686932978,       1.050345617,       0.772200608,       3.781116786,       2.359845818,       4.920381975
          0,           0,         339,       -1.68812034,       1.049292587,      0.7708679074,       3.779997555,       2.359919783,       4.920395504
          0,           0,         340,      -1.689314404,       1.048235218,      0.7695385888,       3.778871022,       2.359992212,       4.920384968
          0,           0,         341,      -1.690525056,       1.047165541,      0.7682117799,       3.777730004,       2.360063291,       4.920355312
          0,           0,         342,      -1.691749794,       1.046084422,      0.7668833054,       3.776576237,       2.360132961,       4.920303928
          0,           0,         343,      -1.692988905,        1.04499205,      0.7655615101,       3.775410796,       2.360201427,         4.9202324
          0,           0,         344,      -1.694242373,       1.043886271,       0.764248481,       3.774234956,       2.360268597,       4.920140695
          0,           0,         345,       -1.69552495,       1.042762388,      0.7629104474,       3.773037403,        2.36033463,       4.920031188
          0,           0,         346,      -1.696830157,       1.041626774,      0.7615439279,       3.771823453,        2.36039984,         4.9199055
          0,           0,         347,      -1.698155196,       1.040469393,      0.7602000982,       3.770595179,        2.36047085,       4.919826352
          0,           0,         348,      -1.699555581,       1.039246894,        0.75879789,       3.769297226,       2.360544348,       4.919728234
          0,           0,         349,      -1.701036372,       1.037953486,      0.7573363802,       3.767922467,       2.360620086,        4.91957536
          0,           0,         350,      -1.702611331,       1.036578282,      0.7557864665,       3.766455816,        2.36069743,       4.919384331
          0,           0,         351,      -1.704263411,       1.035145714,      0.7541474814,       3.764911671,       2.360773243,       4.919164316
          0,           0,         352,      -1.706017334,       1.033624775,      0.7524095483,       3.763272263,       2.360850471,       4.918909643
          0,           0,         353,       -1.70788069,       1.031999658,      0.7506078591,       3.761523923,       2.360930429,       4.918649239
          0,           0,         354,      -1.709865805,       1.030270906,      0.7486741886,       3.759651407,       2.361012273,       4.918367076
          0,           0,         355,      -1.711965867,       1.028434984,      0.7466764988,         3.7576713,       2.361095489,       4.918055986
          0,           0,         356,      -1.714235342,       1.026440858,      0.7446637927,       3.755550767,       2.361180139,       4.917711005
          0,           0,         357,      -1.716658103,       1.024303607,      0.7426134806,       3.753294047,       2.361266575,       4.917346038
          0,           0,         358,      -1.719208587,       1.022058509,      0.7404705643,       3.750929351,       2.361355035,       4.916973978
          0,           0,         359,      -1.721891827,        1.01970683,       0.738216102,       3.748446889,        2.36144467,       4.916575848
          0,           0,         360,      -1.724703768,       1.017250155,      0.7358447538,       3.745848778,       2.361535264,       4.916152846
          0,           0,         361,      -1.727655833,       1.014673655,      0.7333650311,       3.743123128,       2.361626539,       4.915701668
          0,           0,         362,      -1.730756296,       1.011982271,      0.7307327605,        3.74026217,       2.361718155,        4.91522626
          0,           0,         363,      -1.734025051,       1.009146989,      0.7279695555,       3.737251751,       2.361809895,       4.914740908
          0,           0,         364,      -1.737445964,       1.006190292,      0.7250715692,        3.73410854,       2.361902419,       4.914263647
          0,           0,         365,      -1.741042625,       1.003116512,      0.7219963923,       3.730813773,       2.361994736,       4.913758133
          0,           0,         366,      -1.744813887,       0.999922809,      0.7187627609,       3.727372984,       2.362084019,       4.913210089
          0,           0,         367,      -1.748775229,      0.9965914443,      0.7153253183,        3.72376633,       2.362173326,       4.912587873
          0,           0,         368,      -1.752942156,      0.9930982196,      0.7116619061,       3.719976713,       2.362262336,       4.911950479
          0,           0,         369,      -1.757319403,      0.9894248532,      0.7077825008,       3.716001545,       2.362348798,       4.911270497
          0,           0,         370,      -1.761895756,       0.985602502,      0.7036695144,       3.711848665,       2.362432787,       4.910573764
          0,           0,         371,      -1.766677493,      0.9816229482,      0.6993556577,       3.707509529,       2.362514842,       4.909844806
          0,           0,         372,      -1.771689956,      0.9774715438,      0.6948630043,       3.702965086,       2.362591758,       4.909054976
          0,           0,         373,      -1.776923782,       0.973158581,      0.6901483263,       3.698237102,       2.362664535,       4.908205469
          0,           0,         374,      -1.782377956,       0.968676889,      0.6851923829,        3.69333507,       2.362731551,       4.907287009
          0,           0,         375,       -1.78807891,      0.9640014891,      0.6800142569,        3.68821409,       2.362791663,       4.906278149
          0,           0,         376,      -1.793996879,      0.9591794929,      0.6745448325,       3.682913905,       2.362842504,       4.905136847
          0,           0,         377,      -1.800121137,      0.9542126922,        0.66884344,       3.677456635,       2.362883929,        4.90381508
          0,           0,         378,      -1.806441034,      0.9491104101,      0.6630000657,       3.671854188,       2.362916056,       4.902368526
          0,           0,         379,      -1.812888889,      0.9439425751,      0.6570082826,       3.666170761,       2.362936563,        4.90080517
          0,           0,         380,      -1.819502093,      0.9386725962,      0.6507390744,       3.660359479,        2.36294575,       4.899102585
          0,           0,         381,       -1.82620438,      0.9333590299,      0.6442623626,       3.654496754,       2.362942405,       4.897225007
          0,           0,         382,       -1.83312256,      0.9278396518,      0.6377048708,          3.648482,       2.362926134,       4.895168629
          0,           0,         383,      -1.840090795,      0.9223160085,      0.6308810183,       3.642450451,        2.36289736,       4.892838993
          0,           0,         384,      -1.847188475,      0.9166860392,      0.6238288546,       3.636342344,       2.362855894,       4.890355454
          0,           0,         385,      -1.854366942,      0.9109989439,      0.6166254717,       3.630220506,       2.362801956,       4.887557769
          0,           0,         386,      -1.861646411,      0.9052282293,      0.6092305519,       3.624083713,       2.362734343,       4.884214208
          0,           0,         387,      -1.868947146,      0.8994502726,      0.6016239242,       3.617976028,       2.362652486,       4.880589378
          0,           0,         388,      -1.876287977,      0.8936115884,      0.5939459366,       3.611877928,       2.362552682,       4.876588128
          0,           0,         389,      -1.883584321,       0.887783407,      0.5862713216,       3.605858593,       2.362435962,       4.872205109
          0,           0,         390,      -1.890836571,      0.8820008685,      0.5782305872,       3.599912768,       2.362298107,       4.866581175
          0,           0,         391,      -1.897937838,      0.8763861105,      0.5700270152,       3.594156931,       2.362135119,       4.860380723
          0,           0,         392,      -1.904903037,      0.8708730752,      0.5621640702,        3.58854298,       2.361948148,        4.85346843
          0,           0,         393,      -1.911775573,      0.8654546838,      0.5541955715,       3.583007619,       2.361737202,       4.845866548
          0,           0,         394,      -1.918696457,      0.8599816596,      0.5458713237,       3.577475099,       2.361502952,       4.837549214
          0,           0,         395,      -1.925558638,      0.8544433264,      0.5374219042,       3.571973149,       2.361241656,       4.828256389
          0,           0,         396,      -1.932316106,      0.8488840388,      0.5290548968,       3.566498539,       2.360955203,       4.817820675
          0,           0,         397,      -1.939027658,      0.8432519614,      0.5206555821,       3.561002826,       2.360653341,       4.806128654
          0,           0,         398,      -1.945602017,      0.8377256428,      0.5120457072,        3.55554706,       2.360311046,       4.793184731
          0,           0,         399,      -1.951960321,      0.8322490184,      0.5036824489,       3.550158854,       2.359906149,       4.777512315
          0,           0,         400,      -1.958304165,      0.8266150903,      0.4957284788,       3.544645669,        2.35947767,       4.761306022
          0,           0,         401,       -1.96429025,      0.8212212383,      0.4879656197,        3.53931478,       2.359007014,       4.746738816
          0,           0,         402,      -1.970130745,      0.8159065375,      0.4798596197,         3.5339964,       2.358480049,       4.739223475
          0,           0,         403,      -1.975776584,      0.8106677813,      0.4723724482,       3.528700747,       2.357882574,       4.731440054
          0,           0,         404,      -1.981384865,      0.8053246896,      0.4657099125,       3.523403222,       2.357198745,        4.73480998
          0,           0,         405,      -1.987049753,      0.7997656383,      0.4593283405,       3.517969845,        2.35645875,       4.730513951
          0,           0,         406,       -1.99269812,      0.7942138273,      0.4529372164,       3.512494757,       2.355596223,       4.729065182
          0,           0,         407,      -1.998245027,      0.7887342212,      0.4468278256,       3.507144495,       2.354617212,       4.741811231
          0,           0,         408,      -2.003977706,      0.7829441072,      0.4409634957,       3.501765235,       2.353525439,       4.741627565
          0,           0,         409,      -2.009862823,      0.7770941151,      0.4350024667,       3.496208738,       2.352306704,       4.740388184
          0,           0,         410,      -2.015799631,      0.7711835955,       0.428896546,       3.490526069,       2.350922943,       4.736897231
          0,           0,         411,      -2.021563454,      0.7653814818,      0.4229762369,       3.484979319,       2.349361055,       4.734979459
          0,           0,         412,      -2.027474347,      0.7595314599,      0.4171098317,       3.479249252,       2.347647709,       4.732060326
          0,           0,         413,      -2.033369557,      0.7537378007,      0.4109832958,        3.47339291,       2.345813981,        4.72633192
          0,           0,         414,      -2.039918558,      0.7475536053,       0.403232101,       3.466884661,       2.344023965,       4.716045468
          0,           0,         415,      -2.046787523,      0.7410921438,      0.3956277082,       3.459869783,       2.342157158,       4.701642243
          0,           0,         416,      -2.053358497,      0.7346429643,       0.387392895,       3.452873756,       2.340174458,        4.69376146
          0,           0,         417,      -2.061160783,      0.7275396775,      0.3783680042,       3.444652018,       2.338072692,       4.683872011
          0,           0,         418,      -2.069068001,      0.7198412114,      0.3690394084,       3.436050736,       2.335837915,       4.653434628
          0,           0,         419,      -2.076798185,      0.7124338627,      0.3604445174,       3.427607946,       2.333543608,       4.635496342
          0,           0,         420,      -2.084594839,      0.7045370616,       0.351541014,       3.418991109,       2.331281126,       4.610461861
          0,           0,         421,      -2.091458833,      0.6969657955,      0.3441152069,       3.411442543,       2.329269319,       4.596700095
          0,           0,         422,      -2.098761606,      0.6891020868,      0.3360745998,       3.403464193,       2.327837171,        4.58850627
          0,           0,         423,      -2.106485803,      0.6805228693,      0.3296834542,       3.395294047,       2.326587814,       4.573369696
          0,           0,         424,      -2.115408271,      0.6709724579,      0.3298499203,       3.386043486,       2.325506951,       4.557256687
          0,           0,         425,      -2.124667958,      0.6624101684,      0.3665726754,       3.376392095,       2.324591522,       4.549325704
          0,           0,         426,       -2.13285565,      0.6613236476,      0.5139824593,       3.367727107,       2.323921282,       4.548118897
          0,           0,         427,      -2.135778167,      0.6965425861,      0.8005039978,       3.364751076,       2.323612817,       4.536732316
          0,           0,         428,      -2.117590254,      0.8151229399,       1.110852382,       3.384041534,       2.323839931,       4.521077801
          0,           0,         429,      -2.053227071,      0.9341706774,       1.281070048,       3.455749897,       2.325007161,       4.515201572
          0,           0,         430,      -1.905199321,       1.080706152,       1.298064358,       3.604581044,       2.327023374,       4.514664508
          0,           0,         431,      -1.868053048,        1.10946053,       1.379225258,       3.632757721,       2.330274263,       4.519366743
          0,           0,         432,      -1.815356951,       1.154864796,       1.383412289,       3.701491191,       2.332855308,       4.522212688
          0,           0,         433,      -1.838604736,       1.164117356,       1.442846375,       3.669608642,       2.336054768,       4.530664699
          0,           0,         434,      -1.785886666,       1.216124427,       1.467827298,       3.746994618,        2.34095284,       4.535834047
          0,           0,         435,      -1.774741916,       1.228052115,       1.490897747,       3.744073055,       2.345906868,       4.540262929
          0,           0,         436,      -1.730264461,       1.309887422,       1.564411014,       3.790675516,       2.354884576,       4.556740084
          0,           0,         437,      -1.665495155,       1.358153725,       1.607392083,       3.850318249,       2.360194683,        4.57193402
          0,           0,         438,      -1.589453106,       1.424641677,       1.629827945,       3.930774845,       2.366483916,       4.586350367
          0,           0,         439,      -1.567991822,       1.445752514,       1.664482704,       3.943429751,       2.374771206,       4.658914132
          0,           0,         440,      -1.518474272,       1.453721653,       1.606041789,       4.000596591,       2.383244526,       4.662437799
          0,           0,         441,      -1.529283325,       1.422168464,       1.594359131,       3.969642551,       2.395418414,       4.710388639
          0,           0,         442,      -1.522737003,       1.427314159,       1.609104514,        3.97904111,       2.408385351,       4.737689237
          0,           0,         443,      -1.523460171,       1.448016625,        1.62623121,       3.968287965,       2.421326046,       4.794108543
          0,           0,         444,      -1.520149233,       1.445687257,       1.634143879,       3.969265743,       2.433610574,       4.820330271
          0,           0,         445,      -1.504806256,       1.443643374,       1.633782965,       3.985518252,        2.44752637,       4.812674915
          0,           0,         446,      -1.495122812,        1.42901748,       1.598789392,       4.000566765,       2.461198776,       4.856019021
          0,           0,         447,      -1.496694231,       1.423354423,       1.613779801,       3.987851332,       2.470477136,       4.827691602
          0,           0,         448,      -1.519067448,       1.422573298,       1.616669425,       3.967515877,       2.480641264,       4.824952106
          0,           0,         449,       -1.51334271,       1.436266843,       1.616927653,       3.974133234,       2.488360645,       4.849560621
          0,           0,         450,        -1.5260361,       1.447568727,       1.629398184,       3.968017941,       2.495474802,        4.85309587
          0,           0,         451,      -1.529751162,       1.445980728,       1.633717704,       3.967948509,       2.505078058,       4.903929479
          0,           0,         452,      -1.504476834,       1.454498822,       1.646120668,       3.991397584,       2.513745029,       4.959098735
          0,           0,         453,      -1.517726633,       1.462839856,       1.648680311,       3.975112959,       2.521481772,       4.957043152
          0,           0,         454,      -1.508252179,       1.469066182,       1.652305471,       3.978548457,       2.531438306,       5.018448107
          0,           0,         455,      -1.498429315,       1.481152955,       1.664451051,       3.991340123,       2.540051241,        5.09744493
          0,           0,         456,      -1.509236954,       1.483840604,       1.675412021,       3.977037453,       2.545681506,       5.035590682
          0,           0,         457,      -1.506245893,       1.490671308,       1.674097304,       3.989341353,       2.553584291,       5.001456684
          0,           0,         458,       -1.48668662,       1.489957642,       1.667603555,       4.005421431,       2.556769481,       4.983522927
          0,           0,         459,      -1.520841432,       1.501804428,       1.691088052,       3.970021539,        2.56450612,       5.076845053
          0,           0,         460,      -1.508432279,       1.491755923,       1.686415286,       3.979788638,       2.568028513,       5.083827591
          0,           0,         461,      -1.524232961,       1.507078505,       1.705448582,       3.951250879,       2.571109974,       5.097721861
          0,           0,         462,      -1.510584285,       1.519201064,       1.720495691,       3.981650951,       2.571899914,       5.066139453
          0,           0,         463,      -1.513509215,       1.539128553,       1.744485793,       3.978663389,        2.57423694,       5.026497602
          0,           0,         464,      -1.504323989,       1.551589443,       1.770318108,       3.974231098,       2.577997646,       5.077154923
          0,           0,         465,      -1.467541179,       1.575602086,       1.788001237,       4.007193992,       2.581767433,       5.105385409
          0,           0,         466,      -1.467069197,       1.573982658,       1.789394509,       4.022295987,       2.584439021,       5.124355154
          0,           0,         467,      -1.473494864,       1.567688684,       1.778179948,       4.014140364,       2.586222697,       5.100808096
          0,           0,         468,      -1.442579124,        1.57457248,       1.773235355,       4.039828167,       2.589319516,       5.139644403
          0,           0,         469,      -1.460852225,       1.554092659,       1.758569719,       4.017657197,       2.590182608,       5.156577774
          0,           0,         470,       -1.46157611,       1.545259552,       1.761010568,         4.0178619,       2.588882473,       5.111781234
          0,           0,         471,      -1.457268641,       1.542995225,        1.76663175,        4.02687761,       2.590880869,        5.15376994
          0,           0,         472,      -1.477193763,       1.549668797,       1.766530437,       4.012241432,       2.592842285,       5.098173936
          0,           0,         473,      -1.471892699,         1.5665515,       1.791279648,       4.014725689,       2.592700542,       5.260613262
          0,           0,         474,      -1.454285248,        1.58201541,       1.794678495,       4.038741547,       2.590574823,       5.252750438
          0,           0,         475,      -1.429191149,       1.579686639,        1.80862895,       4.056109331,       2.594371307,       5.318732778
          0,           0,         476,      -1.427449022,       1.567251429,       1.799846627,        4.04235537,       2.591431431,       5.150439089
          0,           0,         477,      -1.422028537,       1.565610597,       1.795256375,       4.062835479,        2.59444501,       5.227677237
          0,           0,         478,      -1.424063075,       1.566373157,       1.783609145,       4.064113517,       2.586575335,       5.215105802
          0,           0,         479,      -1.436654758,       1.572486537,       1.796078952,       4.045802378,       2.587207644,       5.212197361
          0,           0,         480,      -1.396375526,       1.589374008,       1.801767672,       4.098263562,       2.585771309,       5.275394728
          0,           0,         481,      -1.353002203,        1.58849925,       1.788092731,       4.112671625,       2.582554689,       5.252090159
          0,           0,         482,      -1.423239925,       1.556029283,       1.769405642,       4.043377403,       2.578098878,       5.114687283
          0,           0,         483,      -1.429423209,       1.544756259,       1.768627815,       4.051871788,       2.567881117,       5.083027038
          0,           0,         484,      -1.471004875,       1.549310725,       1.778550949,       4.007548559,       2.565807546,       5.061304614
          0,           0,         485,      -1.426984136,       1.557151342,        1.77102988,       4.059526729,       2.559679172,       5.090567982
          0,           0,         486,      -1.486165809,        1.53004219,       1.761539593,       3.995524061,       2.547918174,       5.053764277
          0,           0,         487,      -1.462047107,        1.55711727,       1.782160601,       4.016450609,       2.542134776,       5.029590094
          0,           0,         488,      -1.461117194,       1.566868915,       1.794882186,        4.02063685,       2.534788888,       5.028957244
          0,           0,         489,       -1.45245481,       1.570889133,       1.793199124,       4.029103929,       2.529983006,       5.011940362
          0,           0,         490,      -1.448188545,       1.570571446,        1.79960472,       4.033285187,       2.521914964,       5.030055323
          0,           0,         491,      -1.459537918,       1.566717261,       1.805606589,        4.01689881,       2.501758473,       4.999830369
          0,           0,         492,      -1.561457286,       1.447106742,       1.694628934,       3.920099819,       2.492550823,        4.90846733
          0,           0,         493,      -1.696796089,        1.16820945,        1.34367047,        3.78277447,       2.490456904,       4.869099825
          0,           0,         494,      -1.738717405,       1.019761746,      0.8503844913,       3.736521032,         2.4902486,       4.864255723
          0,           0,         495,      -1.743510124,       1.011102631,      0.7988666493,       3.732607938,       2.490212584,       4.862512288
          0,           0,         496,      -1.745058903,       1.008773038,      0.7882774629,       3.731546419,        2.49020966,        4.86187717
          0,           0,         497,      -1.745758905,       1.007795605,      0.7839111213,        3.73106521,       2.490270236,       4.862136809
          0,           0,         498,      -1.746211323,       1.007181989,      0.7813463318,       3.730764414,       2.490408927,       4.862970178
          0,           0,         499,      -1.746652746,       1.006603234,      0.7789335534,       3.730466016,       2.490546218,       4.863787849
          0,           0,         500,      -1.747069743,       1.006070752,      0.7766904544,       3.730185176,       2.490678146,       4.864588066
          0,           0,         501,      -1.747485607,       1.005548789,      0.7745271947,       3.729896915,        2.49080395,       4.865365925
          0,           0,         502,      -1.747908433,       1.005032171,      0.7724442564,       3.729594402,       2.490925004,       4.866125363
          0,           0,         503,      -1.748319804,       1.004541526,      0.7704265059,       3.729299757,        2.49104152,       4.866867644
          0,           0,         504,      -1.748716861,       1.004072564,      0.7684900245,       3.729018018,         2.4911533,       4.867590531
          0,           0,         505,      -1.749110804,       1.003605974,      0.7667368412,       3.728730238,       2.491259022,       4.868283417
          0,           0,         506,      -1.749508825,       1.003141377,      0.7649227212,        3.72843586,       2.491360866,       4.868946039
          0,           0,         507,      -1.749908008,        1.00268331,      0.7631691309,       3.728132419,       2.491459164,       4.869583548
          0,           0,         508,      -1.750291498,       1.002252317,      0.7614765286,       3.727839597,       2.491553526,       4.870194544
          0,           0,         509,      -1.750671043,       1.001831121,       0.759841471,       3.727542991,       2.491643106,       4.870775368
          0,           0,         510,      -1.750993666,        1.00149855,       0.758232815,       3.727318276,       2.491726685,       4.871325792
          0,           0,         511,      -1.751388244,       1.001068761,      0.7566629528,       3.726992068,       2.491806013,       4.871850295
          0,           0,         512,      -1.751790538,       1.000633033,      0.7551313772,       3.726651177,       2.491881271,       4.872349214
          0,           0,         513,      -1.752202257,        1.00019643,      0.7536222808,       3.726295305,       2.491952547,        4.87282174
          0,           0,         514,      -1.752616999,      0.9997598283,      0.7521534419,        3.72593062,       2.492020586,       4.873264604
          0,           0,         515,      -1.753044612,      0.9993184959,      0.7507130234,        3.72554861,       2.492086013,          4.873679
          0,           0,         516,      -1.753484644,      0.9988761842,      0.7492873904,       3.725152594,       2.492148172,       4.874063629
          0,           0,         517,       -1.75393286,      0.9984297093,      0.7478925238,       3.724745579,       2.492206045,       4.874428071
          0,           0,         518,      -1.754382936,      0.9979841541,      0.7465406908,        3.72433356,       2.492259514,       4.874773687
          0,           0,         519,      -1.754847592,      0.9975289539,      0.7452009893,       3.723906757,       2.492309068,       4.875092887
          0,           0,         520,        -1.7553205,      0.9970732435,      0.7438679596,       3.723470606,       2.492354854,       4.875386316
          0,           0,         521,      -1.755801522,      0.9966148313,      0.7425401277,       3.723023759,       2.492397696,        4.87565544
          0,           0,         522,      -1.756290136,      0.9961531964,      0.7412190937,       3.722564089,       2.492437317,       4.875895673
          0,           0,         523,      -1.756785877,      0.9956854007,       0.739923409,       3.722095407,       2.492473537,       4.876107264
          0,           0,         524,      -1.757291056,      0.9952165186,      0.7386339996,       3.721615221,       2.492506406,       4.876293518
          0,           0,         525,      -1.757801115,      0.9947483885,      0.7373554854,       3.721126603,       2.492536033,       4.876453635
          0,           0,         526,        -1.7583167,      0.9942745955,      0.7360904542,       3.720629703,       2.492562375,       4.876582339
          0,           0,         527,      -1.758846249,      0.9937840093,      0.7348263414,       3.720118839,       2.492586143,       4.876688264
          0,           0,         528,      -1.759398065,      0.9932716987,       0.733570222,       3.719587438,       2.492607069,       4.876772137
          0,           0,         529,      -1.759960213,      0.9927485695,      0.7323283672,       3.719041818,       2.492624593,       4.876832692
          0,           0,         530,      -1.760532288,       0.992216158,      0.7310960225,       3.718482659,       2.492638763,       4.876871051
          0,           0,         531,      -1.761102292,      0.9916849779,       0.729876275,       3.717924465,       2.492649568,       4.876887567
          0,           0,         532,      -1.761659539,      0.9911590094,      0.7286980197,       3.717377368,       2.492657574,       4.876842156
          0,           0,         533,      -1.762223354,      0.9906269052,      0.7275401431,       3.716822354,       2.492662576,       4.876767643
          0,           0,         534,      -1.762805272,       0.990076564,      0.7263943416,       3.716244759,       2.492664469,        4.87668058
          0,           0,         535,       -1.76340035,      0.9895121693,      0.7252563245,       3.715646196,       2.492664069,       4.876580724
          0,           0,         536,       -1.76400825,      0.9889381035,      0.7241231815,       3.715034007,       2.492660583,       4.876468398
          0,           0,         537,      -1.764633311,      0.9883449307,      0.7230173269,       3.714408983,       2.492654128,       4.876344163
          0,           0,         538,      -1.765277025,      0.9877329516,      0.7219181083,       3.713765364,       2.492644895,       4.876208404
          0,           0,         539,      -1.765934102,      0.9871076863,      0.7208223388,         3.7131097,       2.492632941,       4.876061907
          0,           0,         540,      -1.766597508,      0.9864755308,      0.7197338459,       3.712445032,       2.492617978,       4.875904304
          0,           0,         541,      -1.767273096,      0.9858303543,      0.7186596243,       3.711762957,        2.49260563,       4.875793234
          0,           0,         542,       -1.76799016,      0.9851436093,       0.717549685,       3.711035337,       2.492589047,       4.875665528
          0,           0,         543,      -1.768755892,      0.9844112767,      0.7163908501,       3.710256339,       2.492567819,       4.875520398
          0,           0,         544,      -1.769587759,      0.9836122236,      0.7151735042,       3.709407348,       2.492541527,       4.875356192
          0,           0,         545,      -1.770489046,      0.9827425981,      0.7139012537,       3.708485565,       2.492509905,       4.875174042
          0,           0,         546,       -1.77143874,      0.9818261784,      0.7125913935,       3.707516468,       2.492471995,       4.874970293
          0,           0,         547,      -1.772440425,      0.9808616531,      0.7112266593,       3.706495422,        2.49242687,       4.874741436
          0,           0,         548,      -1.773499868,      0.9798494361,      0.7097902691,       3.705418113,       2.492373567,       4.874486428
          0,           0,         549,      -1.774631784,      0.9787742564,      0.7082642064,       3.704267143,       2.492310791,       4.874202219
          0,           0,         550,      -1.775840357,      0.9776266611,      0.7066720978,       3.703038598,       2.492237202,       4.873886357
          0,           0,         551,      -1.777138244,      0.9763991059,      0.7049972704,       3.701720598,       2.492152553,        4.87354343
          0,           0,         552,      -1.778537719,      0.9750799332,      0.7032442503,       3.700300125,       2.492056346,       4.873169521
          0,           0,         553,       -1.78002115,      0.9736657167,      0.7014908284,       3.698791143,       2.491946977,        4.87275931
          0,           0,         554,      -1.781585501,      0.9721683604,      0.6996930179,       3.697201042,       2.491823104,       4.872309666
          0,           0,         555,      -1.783238706,      0.9705979647,      0.6978170621,       3.695527332,        2.49168428,       4.871818277
          0,           0,         556,      -1.784978294,      0.9689531017,      0.6958644231,       3.693773218,       2.491530045,       4.871279326
          0,           0,         557,      -1.786814025,      0.9672138109,      0.6938498877,       3.691931008,       2.491357464,       4.870691218
          0,           0,         558,       -1.78875193,        0.96538394,      0.6917555108,       3.689996211,       2.491163406,       4.870043814
          0,           0,         559,      -1.790792697,      0.9634828583,      0.6895171451,       3.687957043,       2.490946362,       4.869330581
          0,           0,         560,      -1.792932573,      0.9615017948,       0.687122612,         3.6858266,       2.490704702,       4.868546316
          0,           0,         561,      -1.795208821,      0.9594074517,       0.684625134,       3.683572987,       2.490437288,       4.867696117
          0,           0,         562,      -1.797665493,      0.9571366164,      0.6820898705,       3.681178671,       2.490142143,       4.866748755
          0,           0,         563,      -1.800264945,       0.954746724,      0.6794506926,       3.678666542,       2.489816735,       4.865675832
          0,           0,         564,      -1.803001568,      0.9522516139,      0.6766604466,       3.676036852,       2.489457673,       4.864412288
          0,           0,         565,      -1.805890087,      0.9496180536,      0.6738012774,         3.6732768,       2.489062657,       4.863047131
          0,           0,         566,      -1.808947411,      0.9468171006,       0.670813954,       3.670379387,       2.488629948,        4.86156888
          0,           0,         567,       -1.81216287,       0.943853734,       0.667732088,       3.667352754,       2.488157773,       4.859976895
          0,           0,         568,      -1.815512153,       0.940768497,      0.6645073561,       3.664218083,         2.4876425,       4.858284127
          0,           0,         569,      -1.818961912,      0.9376018867,      0.6612347702,       3.661011518,        2.48707997,       4.856458535
          0,           0,         570,      -1.822512475,      0.9343581904,      0.6579214183,       3.657732427,       2.486467468,       4.854488674
          0,           0,         571,      -1.826173691,      0.9310245357,       0.654496233,        3.65438547,       2.485803042,       4.852330572
          0,           0,         572,      -1.829928418,      0.9276125577,      0.6509466385,       3.650975078,       2.485086705,        4.85003152
          0,           0,         573,      -1.833787072,      0.9241133286,      0.6472800404,       3.647480124,       2.484315504,       4.847585812
          0,           0,         574,      -1.837798222,      0.9204900716,      0.6433769331,       3.643861629,       2.483487032,       4.845017931
          0,           0,         575,      -1.842073541,      0.9166362945,      0.6392787958,        3.64000434,       2.482596305,       4.842311649
          0,           0,         576,      -1.846480763,      0.9126753798,      0.6350657903,       3.636030778,       2.481618114,       4.839437336
          0,           0,         577,      -1.851010116,      0.9086197857,      0.6306944339,       3.631944728,        2.48057502,       4.836447376
          0,           0,         578,      -1.855722383,      0.9043971531,      0.6261486004,       3.627706845,       2.479466625,       4.833322129
          0,           0,         579,      -1.860585811,      0.8999765897,      0.6215354802,       3.623321253,       2.478287894,       4.830053426
          0,           0,         580,      -1.865592159,      0.8954204443,      0.6167567578,       3.618823219,       2.477041994,       4.826711824
          0,           0,         581,      -1.870678729,      0.8907898979,      0.6119899587,       3.614290642,       2.475732004,       4.823293222
          0,           0,         582,      -1.875778193,      0.8861134967,      0.6071736807,       3.609768749,       2.474359411,       4.819800886
          0,           0,         583,      -1.880928512,      0.8813664178,      0.6020092527,       3.605194079,       2.472927617,       4.816307357
          0,           0,         584,        -1.8861062,       0.876566635,      0.5967934648,       3.600568836,       2.471443709,       4.812981889
          0,           0,         585,       -1.89141009,      0.8715881642,      0.5915797364,       3.595828073,       2.469913397,       4.809204023
          0,           0,         586,      -1.896847749,      0.8664701119,      0.5862701542,       3.590960966,       2.468342732,       4.804391496
          0,           0,         587,      -1.902414298,      0.8611386805,       0.581359999,        3.58595102,       2.466733064,       4.799567207
          0,           0,         588,      -1.908043531,      0.8557289934,      0.5762502394,        3.58085688,       2.465089481,       4.794768504
          0,           0,         589,      -1.913745693,      0.8501672063,      0.5708883626,       3.575667593,       2.463407925,        4.78992298
          0,           0,         590,      -1.919549992,      0.8444451085,      0.5654180967,       3.570367863,       2.461663571,       4.784961954
          0,           0,         591,      -1.925431433,      0.8386186665,      0.5599237684,       3.565036415,       2.459877397,       4.779962051
          0,           0,         592,      -1.931467799,      0.8326212458,      0.5544572689,       3.559597212,       2.458013626,       4.775071603
          0,           0,         593,      -1.937715251,      0.8263738818,        0.54880116,       3.554010372,       2.455994686,       4.770329026
          0,           0,         594,      -1.944106072,       0.819964115,      0.5429636034,       3.548280727,       2.453805974,       4.766287799
          0,           0,         595,      -1.950540421,      0.8134589215,       0.537225028,        3.54245895,        2.45151697,       4.764475805
          0,           0,         596,      -1.957079384,      0.8068570649,      0.5312963378,       3.536482259,       2.449171062,       4.766618722
          0,           0,         597,      -1.963794868,      0.8001176326,      0.5251907213,        3.53027642,       2.446861863,       4.759856208
          0,           0,         598,      -1.970703822,      0.7933142268,      0.5187217551,       3.523880207,       2.444687562,       4.753479092
          0,           0,         599,      -1.977809085,      0.7863914116,      0.5118963498,       3.517314207,       2.442532485,       4.750040314
          0,           0,         600,      -1.985131392,      0.7792874625,      0.5049156403,       3.510511692,       2.440444488,       4.745310543
          0,           0,         601,      -1.992650351,      0.7719100389,      0.4977194204,       3.503442181,       2.438515834,        4.74213087
          0,           0,         602,      -2.000232151,      0.7643966267,      0.4902499331,        3.49627221,        2.43672389,       4.740547905
          0,           0,         603,      -2.007862452,      0.7569182573,      0.4823059702,       3.489033806,       2.435031587,       4.739345244
          0,           0,         604,      -2.015474571,      0.7493799053,      0.4739860148,       3.481715384,       2.433380389,       4.738522604
          0,           0,         605,      -2.023027727,      0.7417163166,      0.4655372921,       3.474364965,       2.431700165,       4.737340693
          0,           0,         606,       -2.03062806,      0.7339657671,      0.4568997126,       3.466857072,       2.429916578,       4.736032992
          0,           0,         607,      -2.038268934,      0.7260261619,      0.4481671752,       3.459184115,       2.427935986,        4.73450026
          0,           0,         608,      -2.045793992,      0.7177716724,      0.4390790622,         3.4515158,       2.425654147,       4.730052541
          0,           0,         609,      -2.053404349,      0.7091618809,      0.4301467416,       3.443663307,       2.422970879,       4.715941563
          0,           0,         610,      -2.060644586,      0.7003296092,       0.421395841,       3.436068328,        2.41976198,        4.70217005
          0,           0,         611,      -2.068172199,      0.6914707835,      0.4128335603,       3.428205885,       2.415865171,       4.693083898
          0,           0,         612,       -2.07563672,      0.6825546767,      0.4037322215,       3.420325407,       2.411200411,       4.687977148
          0,           0,         613,      -2.083951647,      0.6730951907,      0.3944819281,       3.411519375,        2.40586508,       4.685674119
          0,           0,         614,      -2.092273784,      0.6634319465,      0.3850300075,       3.402620273,       2.400212452,       4.681014395
          0,           0,         615,      -2.100399309,      0.6541325628,      0.3762337086,       3.393947845,       2.394907145,        4.67082991
          0,           0,         616,      -2.108307146,      0.6452325122,      0.3677599684,       3.385303332,        2.39025451,       4.668901814
          0,           0,         617,      -2.115308528,      0.6366101202,      0.3616642125,       3.377347678,       2.385777284,        4.67197773
          0,           0,         618,      -2.122239296,      0.6285711441,      0.3608834758,       3.369262263,        2.38176401,       4.671054657
          0,           0,         619,      -2.129182511,      0.6212356383,      0.3821613121,       3.361171339,       2.378459726,       4.664003457
          0,           0,         620,      -2.135896061,      0.6184919515,      0.4749194659,       3.353352502,       2.375858925,       4.653439332
          0,           0,         621,      -2.140496711,      0.6385340758,      0.6856064583,       3.348123352,       2.373617154,       4.640433478
          0,           0,         622,      -2.137158305,       0.720475697,      0.9587578465,       3.352238883,       2.371354062,       4.630608022
          0,           0,         623,      -2.114634767,      0.8426373419,       1.160277372,       3.375519178,        2.36911584,       4.631193769
          0,           0,         624,      -1.989113854,      0.9712647992,       1.239002797,       3.514196363,       2.366967933,       4.627389668
          0,           0,         625,      -1.915641046,       1.051008617,       1.309566747,        3.57970031,       2.363806557,       4.620250146
          0,           0,         626,      -1.870281344,       1.099498368,       1.360439463,       3.632825291,       2.359641024,        4.62761825
          0,           0,         627,      -1.847571736,       1.113724911,       1.348271681,       3.669355832,        2.35336105,        4.62961747
          0,           0,         628,      -1.833305849,       1.137892448,       1.386703435,       3.679106596,       2.348364984,       4.657658424
          0,           0,         629,      -1.785026305,       1.178684653,       1.434494065,       3.749113627,       2.344885796,       4.648442386
          0,           0,         630,      -1.748414285,       1.217000713,       1.460827559,       3.769143301,       2.345680025,       4.664680227
          0,           0,         631,      -1.719330286,       1.257875759,       1.496840751,       3.807437247,       2.345493325,       4.675966549
          0,           0,         632,      -1.703783759,       1.276598835,       1.512476362,       3.816781946,       2.346005248,       4.681538561
          0,           0,         633,      -1.674932014,        1.31763889,       1.551805344,       3.838496958,       2.349771628,       4.711195655
          0,           0,         634,      -1.659221996,       1.336159629,         1.5565786,       3.857246736,       2.350477412,       4.729463486
          0,           0,         635,      -1.613224571,       1.360689523,       1.561548161,        3.89663661,       2.350111195,       4.730272239
          0,           0,         636,      -1.614703056,        1.38476235,       1.597713713,       3.899366477,       2.351458067,       4.736085447
          0,           0,         637,      -1.579201678,       1.412256273,        1.62057005,       3.941213845,       2.354593321,       4.788816224
          0,           0,         638,      -1.529143136,       1.432141342,       1.617854534,       4.007763234,       2.359404258,        4.78445562
          0,           0,         639,      -1.539522297,       1.425191205,        1.63040918,       3.982379627,       2.363997857,       4.802038228
          0,           0,         640,      -1.543675684,       1.427423157,       1.627228677,       3.967578972,        2.36868176,       4.805418451
          0,           0,         641,      -1.492964363,       1.427136067,       1.616142386,       4.009840042,       2.370107622,       4.822112762
          0,           0,         642,       -1.52621317,       1.416469356,       1.603668418,       3.968642473,       2.367854277,       4.794045517
          0,           0,         643,      -1.543155161,       1.426308788,        1.62533509,       3.966699019,       2.372315388,       4.809407952
          0,           0,         644,      -1.512963739,       1.453901438,        1.63803249,        3.99047035,       2.380481592,       4.823445854
          0,           0,         645,      -1.520027213,       1.460042197,       1.656511561,       3.993270792,       2.394647136,       4.850800893
          0,           0,         646,      -1.534800609,       1.475520467,       1.687023561,       3.987214188,       2.400743294,       4.826395271
          0,           0,         647,      -1.500086143,       1.479276583,        1.68079153,       4.010901031,        2.41351471,       4.850716969
          0,           0,         648,      -1.491745353,       1.496845154,       1.692222218,       4.014306681,       2.418715161,       4.890478967
          0,           0,         649,      -1.473844085,       1.509812441,       1.718782569,       4.026596791,       2.426662714,       4.914642659
          0,           0,         650,      -1.475774708,       1.503558781,        1.69669556,       4.017990437,       2.432011354,       4.934443883
          0,           0,         651,      -1.469860617,       1.497627863,       1.705657816,       4.018430198,       2.438784433,       4.964687039
          0,           0,         652,      -1.471464677,       1.520563121,       1.699563613,       4.025409462,       2.451335656,       4.998573074
          0,           0,         653,      -1.462367752,       1.513600054,       1.716150056,       4.024836666,       2.459360358,       5.007325485
          0,           0,         654,      -1.487509347,       1.524565568,       1.728223867,       4.008128099,       2.470766924,       4.993415532
          0,           0,         655,        -1.4768801,       1.529379148,       1.738519001,       4.019933093,       2.480540033,       5.080426898
          0,           0,         656,      -1.443788789,       1.553820032,       1.747284351,       4.054424686,       2.488148052,       5.086331582
          0,           0,         657,      -1.450362878,       1.565066968,       1.766352099,       4.039983113,       2.497924307,       5.125007615
          0,           0,         658,      -1.457102096,       1.560768348,        1.77070958,       4.046292599,       2.510254764,       5.155134168
          0,           0,         659,      -1.430829627,       1.563083877,        1.76278864,       4.069590959,       2.515559718,       5.156345094
          0,           0,         660,      -1.449132129,       1.572253787,       1.766389325,       4.040053244,       2.521588186,       5.141080267
          0,           0,         661,      -1.458245896,       1.572620848,       1.781760863,       4.037408715,        2.53171988,        5.12395626
          0,           0,         662,      -1.437526448,       1.585741633,       1.784616217,       4.049740902,       2.535599587,       5.156007114
          0,           0,         663,      -1.422071211,       1.599549129,       1.808234464,       4.062154627,       2.543815969,       5.142384078
          0,           0,         664,      -1.419410633,       1.612338696,       1.821885075,       4.065739484,       2.550836113,       5.184731681
          0,           0,         665,      -1.399610645,       1.614460091,       1.815212916,       4.099422365,       2.561234092,       5.196949757
          0,           0,         666,      -1.400907518,       1.621793558,       1.826301784,       4.086385588,       2.566888315,       5.249194493
          0,           0,         667,      -1.378905661,       1.623294803,       1.812742703,       4.102263985,       2.566232287,       5.258805367
          0,           0,         668,      -1.426914857,       1.606823221,       1.819398448,       4.056307168,       2.567520918,       5.190521821
          0,           0,         669,      -1.420533965,       1.619855624,       1.830469738,       4.067974444,       2.575755236,       5.245102905
          0,           0,         670,      -1.395758815,       1.628557066,       1.840351479,       4.088670035,       2.579340805,       5.278068812
          0,           0,         671,      -1.391359936,       1.622864589,       1.826105605,       4.094629548,        2.57752115,       5.246725037
          0,           0,         672,      -1.402501104,        1.61428071,       1.823233707,       4.083501323,        2.57775513,       5.242436906
          0,           0,         673,       -1.40902035,       1.609464289,        1.81684629,       4.071339683,        2.57171555,       5.201490288
          0,           0,         674,      -1.395834023,       1.606380913,       1.815689937,       4.096431843,       2.575873838,       5.207001394
          0,           0,         675,      -1.392030023,       1.602067198,       1.819428995,       4.088524766,       2.576027658,       5.197430981
          0,           0,         676,      -1.396441125,       1.614954069,       1.825730838,       4.087959876,        2.56917183,       5.189061751
          0,           0,         677,       -1.39805799,       1.614447497,        1.81907822,       4.084174476,       2.561234042,       5.201027262
          0,           0,         678,      -1.404281633,       1.611044392,       1.822253413,       4.081514587,       2.562593166,       5.199833634
          0,           0,         679,      -1.407915874,       1.595312273,       1.815368193,       4.101516637,       2.558992568,        5.20194887
          0,           0,         680,       -1.41731176,       1.604586276,       1.826274129,        4.08790224,       2.548791826,        5.14579248
          0,           0,         681,      -1.428316688,       1.600490894,       1.829590426,       4.055354943,       2.552317885,       5.167321979
          0,           0,         682,      -1.419577082,         1.6175095,       1.837421338,       4.070695505,       2.536258738,       5.167498238
          0,           0,         683,      -1.429899709,       1.629378312,       1.865849949,       4.066350799,        2.54355166,       5.133318888
          0,           0,         684,      -1.396343972,       1.629467394,       1.841639346,       4.098568029,       2.530751886,       5.117451337
          0,           0,         685,       -1.42389303,       1.611325355,       1.831278134,       4.064204496,       2.519973194,       5.102278091
          0,           0,         686,      -1.418542045,       1.618036085,       1.834822704,       4.074431608,       2.530242128,       5.139419365
          0,           0,         687,      -1.417475986,       1.596502421,       1.833275645,       4.088977774,       2.524858719,       5.099175887
          0,           0,         688,      -1.425655111,       1.613455055,       1.837872655,       4.059797708,       2.503435118,       5.129658651
          0,           0,         689,      -1.429948374,       1.614132944,       1.848176949,       4.072341008,       2.478086586,       5.101554273
          0,           0,         690,      -1.443050846,       1.620771863,       1.857715655,       4.045806177,       2.458183218,       5.059606705
          0,           0,         691,      -1.428001463,       1.616779264,       1.858900349,       4.059430342,       2.451859794,       5.067853116
          0,           0,         692,       -1.41465956,       1.616093708,       1.850675758,       4.065195059,       2.431899125,       5.075448397
          0,           0,         693,       -1.40695894,       1.605083439,       1.843171921,       4.075478775,       2.419887119,       5.059590027
          0,           0,         694,       -1.41233055,       1.610041034,       1.832781319,       4.077145365,       2.414895039,       5.066888002
          0,           0,         695,      -1.435035382,       1.597816948,       1.838542899,       4.055804805,       2.397524358,       5.074872323
          0,           0,         696,      -1.463114058,       1.607268041,       1.843183542,       4.027227795,       2.383927315,       5.070275858
          0,           0,         697,      -1.434751459,       1.611404107,        1.84069799,       4.052680913,       2.375049365,       5.072898217
          0,           0,         698,      -1.427941905,       1.615056795,       1.843921234,       4.042637891,        2.33472003,       4.988848143
          0,           0,         699,      -1.512336135,       1.474093539,       1.714168108,       3.979001744,       2.302224507,       4.882026134
          0,           0,         700,      -1.634132049,       1.209834636,       1.342079754,       3.844851325,       2.296667987,       4.859190889
          0,           0,         701,      -1.677056632,       1.051570688,      0.9364205502,       3.796894348,         2.2941967,       4.857278711
          0,           0,         702,      -1.681767781,       1.044367839,      0.9024178464,        3.79240637,       2.293260041,       4.856033129
          0,           0,         703,       -1.68335339,       1.042617556,      0.8923722577,       3.791063044,       2.292814858,       4.855285872
          0,           0,         704,      -1.684046515,       1.041906689,      0.8880271758,       3.790504683,       2.292645699,       4.855349569
          0,           0,         705,      -1.684506039,       1.041436709,      0.8854180326,       3.790144836,       2.292623387,       4.856092417
          0,           0,         706,      -1.684954471,       1.040999642,      0.8829290876,       3.789791146,       2.292602221,       4.856813132
          0,           0,         707,      -1.685398103,       1.040569148,      0.8805448125,       3.789441848,       2.292580811,       4.857486654
          0,           0,         708,      -1.685847259,       1.040132576,      0.8782568009,       3.789092652,       2.292558523,       4.858112275
          0,           0,         709,      -1.686312199,       1.039683465,       0.876035815,       3.788736785,       2.292535534,       4.858694389
          0,           0,         710,      -1.686770993,       1.039253196,      0.8739085761,       3.788392818,       2.292512329,       4.859237422
          0,           0,         711,       -1.68722516,       1.038824715,      0.8718719921,       3.788048271,       2.292490426,        4.85974861
          0,           0,         712,      -1.687310952,       1.038688364,      0.8699168366,       3.788819061,       2.292464923,       4.860227584
          0,           0,         713,      -1.687787389,       1.038250893,      0.8680076769,       3.788454671,       2.292439856,       4.860673171
          0,           0,         714,      -1.688275431,       1.037808834,      0.8661402626,       3.788073435,       2.292414861,       4.861087032
          0,           0,         715,      -1.688776937,       1.037356112,      0.8643221486,       3.787674659,       2.292390343,        4.86147006
          0,           0,         716,      -1.689222068,       1.037048008,      0.8625123228,       3.787327551,       2.292364902,       4.861804925
          0,           0,         717,        -1.6897201,        1.03664312,      0.8607220936,       3.786925586,       2.292339312,         4.8621144
          0,           0,         718,      -1.690207937,       1.036260897,      0.8589629091,       3.786530574,         2.2923136,       4.862401793
          0,           0,         719,      -1.690708784,       1.035868792,       0.857228687,       3.786111611,       2.292290533,       4.862668954
          0,           0,         720,       -1.69120835,       1.035477581,      0.8555339494,       3.785684192,       2.292268795,       4.862917728
          0,           0,         721,      -1.691730743,       1.035056995,      0.8538886298,       3.785231794,       2.292247852,       4.863148475
          0,           0,         722,      -1.692285299,       1.034608225,      0.8522658016,       3.784733684,       2.292225909,       4.863361302
          0,           0,         723,      -1.692869116,       1.034122999,      0.8507020463,       3.784199754,       2.292204811,       4.863610443
          0,           0,         724,      -1.693463589,        1.03363062,      0.8491635437,       3.783655092,       2.292183147,       4.863841032
          0,           0,         725,      -1.694065859,       1.033135442,      0.8476406563,       3.783099125,       2.292161062,       4.864054907
          0,           0,         726,      -1.694675226,       1.032641274,       0.846126843,       3.782529715,       2.292140463,       4.864277415
          0,           0,         727,      -1.695292753,       1.032140559,       0.844627445,       3.781942189,       2.292119555,       4.864493086
          0,           0,         728,      -1.695921024,       1.031632604,      0.8431426275,        3.78133804,       2.292097663,       4.864696672
          0,           0,         729,      -1.696555233,       1.031128017,      0.8416534946,        3.78072819,       2.292075571,       4.864892273
          0,           0,         730,      -1.697195259,       1.030636988,      0.8401524392,       3.780110627,       2.292053204,       4.865080772
          0,           0,         731,      -1.697844574,       1.030136746,      0.8386706544,       3.779478995,       2.292031276,       4.865260952
          0,           0,         732,      -1.698492384,       1.029638194,      0.8372088252,       3.778845226,       2.292008969,       4.865435479
          0,           0,         733,      -1.699141446,       1.029143952,      0.8357611539,       3.778207892,       2.291987767,       4.865604768
          0,           0,         734,      -1.699806142,       1.028634116,      0.8343152457,       3.777545566,       2.291967437,       4.865766282
          0,           0,         735,      -1.700485307,       1.028110845,      0.8328714072,       3.776864666,       2.291946614,       4.865920274
          0,           0,         736,      -1.701179429,       1.027569137,      0.8314296172,       3.776163862,       2.291925534,       4.866068613
          0,           0,         737,      -1.701883735,       1.027009003,      0.8299969109,       3.775450055,       2.291904036,       4.866210428
          0,           0,         738,      -1.702604631,       1.026423622,      0.8285729308,       3.774717936,       2.291881922,       4.866346552
          0,           0,         739,      -1.703344343,       1.025818276,      0.8271537421,       3.773962991,       2.291870517,       4.866545497
          0,           0,         740,      -1.704141619,       1.025161867,      0.8256716238,       3.773145292,       2.291857627,       4.866745469
          0,           0,         741,      -1.705000868,       1.024445122,      0.8241323747,       3.772262134,       2.291842789,       4.866934341
          0,           0,         742,        -1.7059265,       1.023662787,      0.8225301398,       3.771310395,       2.291829148,       4.867090939
          0,           0,         743,      -1.706926637,       1.022804869,      0.8208540694,       3.770283105,       2.291820511,       4.867249132
          0,           0,         744,      -1.707981175,       1.021905571,      0.8190825496,        3.76921337,       2.291809715,       4.867400773
          0,           0,         745,      -1.709108839,       1.020916664,      0.8173070037,       3.768076316,       2.291796146,       4.867548804
          0,           0,         746,      -1.710310957,       1.019819441,      0.8155985211,       3.766857709,       2.291784268,       4.867679962
          0,           0,         747,      -1.711576259,       1.018681699,      0.8137472375,        3.76559089,       2.291773912,       4.867805649
          0,           0,         748,       -1.71291544,       1.017475912,      0.8118102535,        3.76425783,       2.291761139,       4.867919211
          0,           0,         749,      -1.714317807,       1.016226149,      0.8097599457,       3.762861768,       2.291745354,       4.868015997
          0,           0,         750,      -1.715798451,       1.014898825,      0.8076004821,       3.761383221,       2.291726286,       4.868095716
          0,           0,         751,      -1.717363289,       1.013495128,      0.8053549678,       3.759827471,       2.291704038,       4.868157146
          0,           0,         752,      -1.719032363,       1.012000082,      0.8030227627,       3.758196492,       2.291678571,       4.868185654
          0,           0,         753,      -1.720788113,       1.010433082,      0.8005970977,       3.756498538,       2.291651161,       4.868179928
          0,           0,         754,      -1.722647092,       1.008777223,      0.7980884995,       3.754709232,       2.291618106,       4.868137957
          0,           0,         755,      -1.724617348,       1.007013019,      0.7954787261,       3.752832319,       2.291544744,       4.868067591
          0,           0,         756,      -1.726705297,       1.005156342,      0.7927419727,        3.75085334,       2.291436428,       4.867962869
          0,           0,         757,      -1.728913736,       1.003196975,      0.7898791951,       3.748770488,       2.291323648,       4.867829613
          0,           0,         758,      -1.731258382,       1.001121323,      0.7869316016,       3.746574311,       2.291206563,        4.86767273
          0,           0,         759,      -1.733683613,      0.9989989738,      0.7838925897,       3.744295351,        2.29108657,       4.867486647
          0,           0,         760,      -1.736236102,      0.9968339497,      0.7807443482,       3.741872867,       2.290969382,       4.867265042
          0,           0,         761,      -1.738927289,      0.9945744268,      0.7774761826,        3.73933942,       2.290850145,       4.866999941
          0,           0,         762,      -1.741753541,      0.9922110863,      0.7741501034,       3.736675428,       2.290595005,       4.866724924
          0,           0,         763,      -1.744692956,      0.9897472975,      0.7707989552,       3.733892566,       2.290138119,       4.866479694
          0,           0,         764,      -1.747764326,       0.987194749,      0.7672508318,       3.730979007,       2.289675865,       4.866190009
          0,           0,         765,      -1.750985905,      0.9844924009,      0.7636278805,       3.727947993,        2.28920749,       4.865856989
          0,           0,         766,      -1.754286587,      0.9816927578,      0.7599054781,        3.72487262,        2.28868001,       4.865432172
          0,           0,         767,      -1.757673196,      0.9788154512,      0.7560964608,       3.721702073,       2.288130039,       4.864943755
          0,           0,         768,      -1.761172548,      0.9758010901,      0.7523061385,       3.718410306,        2.28757229,       4.864364262
          0,           0,         769,      -1.764775703,      0.9727058434,      0.7484539388,       3.715012501,       2.287006498,       4.863706937
          0,           0,         770,      -1.768511445,        0.96949831,      0.7444986455,       3.711490222,       2.286442006,       4.862873973
          0,           0,         771,      -1.772333882,       0.966222309,      0.7404251197,       3.707880892,       2.285865569,       4.861817339
          0,           0,         772,       -1.77638737,      0.9625750876,      0.7364051368,       3.704079387,       2.285268118,       4.860574016
          0,           0,         773,      -1.780570976,      0.9587468615,      0.7323327277,       3.700160408,       2.284644575,       4.859071677
          0,           0,         774,      -1.784956199,      0.9546744731,      0.7282332705,       3.696057443,       2.283984645,       4.856996828
          0,           0,         775,      -1.789581053,      0.9503702132,       0.723857989,       3.691723794,        2.28321367,       4.854469247
          0,           0,         776,       -1.79441969,      0.9459128063,       0.719227439,       3.687211609,       2.282422501,       4.851940527
          0,           0,         777,      -1.799421275,      0.9413687075,       0.714584695,       3.682537235,       2.281603349,       4.849463396
          0,           0,         778,      -1.804504499,      0.9369151625,      0.7099584716,       3.677768157,       2.280749481,         4.8469839
          0,           0,         779,      -1.809802196,      0.9324313857,      0.7054330509,       3.672632329,       2.279846219,       4.844522886
          0,           0,         780,      -1.815297369,      0.9278035174,       0.700871202,       3.667229517,       2.278870248,       4.842142517
          0,           0,         781,      -1.820867672,       0.923097937,      0.6964842526,        3.66170359,       2.277815187,       4.839914451
          0,           0,         782,      -1.826440353,      0.9183798029,      0.6919285242,       3.656170837,       2.276653877,       4.837897374
          0,           0,         783,      -1.831932612,      0.9136436872,      0.6871413249,       3.650851977,       2.275369612,       4.836016072
          0,           0,         784,      -1.837240448,      0.9088918406,      0.6821432462,       3.645946003,       2.273947917,       4.834013586
          0,           0,         785,      -1.842323574,      0.9040462514,      0.6770288306,       3.641506497,       2.272373111,       4.831795308
          0,           0,         786,       -1.84708495,      0.8990541747,      0.6717273713,       3.637858085,       2.270603401,       4.829501313
          0,           0,         787,      -1.851863282,      0.8938728655,      0.6663053792,       3.634535948,       2.268677467,        4.82692627
          0,           0,         788,      -1.856855559,      0.8888553214,        0.66099673,       3.630633215,       2.266645144,        4.82385174
          0,           0,         789,      -1.862046921,      0.8840183812,      0.6558537027,       3.626072994,       2.264531849,       4.820113956
          0,           0,         790,      -1.867575553,      0.8791068852,      0.6508643775,       3.620635606,       2.262368202,       4.815558401
          0,           0,         791,      -1.873205245,      0.8739627618,      0.6456392882,       3.615169554,       2.260189581,       4.810263063
          0,           0,         792,      -1.879042766,      0.8686402238,      0.6401969497,       3.609451227,       2.258002288,       4.804197638
          0,           0,         793,        -1.8848854,      0.8630302454,      0.6346787194,       3.603741002,       2.255689096,        4.79706902
          0,           0,         794,      -1.890718545,      0.8572099657,      0.6292526329,       3.598080122,       2.253404272,       4.788174378
          0,           0,         795,      -1.896664323,      0.8513209282,      0.6238063737,       3.592318953,         2.2510434,       4.779107177
          0,           0,         796,      -1.903385631,      0.8453835414,       0.617761233,       3.585579025,       2.248635488,       4.770561903
          0,           0,         797,      -1.910024316,       0.839358587,      0.6121752029,       3.578950403,       2.246232425,       4.764126477
          0,           0,         798,      -1.916739261,      0.8331502065,      0.6059579513,       3.572215759,       2.243757175,       4.756073336
          0,           0,         799,      -1.923843048,      0.8268011421,      0.6001188865,       3.564848332,       2.241245614,       4.749290026
          0,           0,         800,      -1.930756627,      0.8203739518,      0.5935325674,       3.557936822,       2.238701986,       4.741146187
          0,           0,         801,      -1.936959497,      0.8136159319,      0.5847167911,       3.552357238,       2.236099838,       4.733309072
          0,           0,         802,       -1.94297482,      0.8065070866,      0.5752379458,       3.547461063,       2.233434542,       4.726568846
          0,           0,         803,      -1.949216551,       0.799469224,      0.5653324287,       3.541760819,       2.230691769,       4.720853017
          0,           0,         804,      -1.956320644,      0.7919081804,      0.5552880479,       3.534110953,       2.227913635,       4.716981878
          0,           0,         805,      -1.963536406,      0.7838055668,      0.5458493552,        3.52620129,       2.225092527,       4.715754793
          0,           0,         806,      -1.970777645,      0.7749655211,      0.5359109075,       3.518523318,       2.222260045,       4.717829863
          0,           0,         807,      -1.979440635,      0.7651910942,      0.5254392021,       3.509525348,       2.219445368,       4.724567861
          0,           0,         808,      -1.989516681,      0.7549140685,      0.5150665937,       3.498936345,       2.216680485,       4.727933944
          0,           0,         809,      -1.999585739,      0.7442526948,      0.5051056196,       3.488572952,       2.213829638,       4.731396139
          0,           0,         810,      -2.010054585,      0.7331058185,      0.4961548593,       3.477779086,       2.210863902,       4.735494425
          0,           0,         811,      -2.020070566,      0.7207709416,      0.4881154667,       3.467216475,       2.207854528,       4.737097878
          0,           0,         812,      -2.029523959,      0.7090212017,       0.482099802,       3.457384053,       2.204756137,       4.735555999
          0,           0,         813,      -2.036722713,      0.6981709613,      0.4702235592,       3.450776219,       2.201543545,       4.731640187
          0,           0,         814,      -2.045477983,      0.6877947092,       0.455868762,       3.441381473,       2.198236151,       4.732511316
          0,           0,         815,       -2.05456871,      0.6780672928,      0.4403510273,        3.43090469,        2.19488522,       4.729740259
          0,           0,         816,      -2.063519175,      0.6690244871,      0.4263964747,       3.420474636,       2.191559799,       4.724631494
          0,           0,         817,      -2.071056038,      0.6604408074,      0.4138408777,       3.412120707,       2.188280055,       4.719279922
          0,           0,         818,      -2.079538555,       0.652162727,      0.4033726978,       3.402907682,       2.185064693,       4.712989365
          0,           0,         819,      -2.088527863,      0.6420060942,       0.397976004,       3.393048647,       2.181987317,       4.706510802
          0,           0,         820,      -2.098061261,      0.6303416283,      0.3955705107,       3.382973028,        2.17910008,       4.700112374
          0,           0,         821,      -2.108235976,      0.6218348884,      0.4080016848,        3.37287157,       2.176293688,       4.693286915
          0,           0,         822,      -2.113780114,      0.6194134323,       0.437453839,       3.368383928,       2.173658713,       4.688776124
          0,           0,         823,      -2.117238386,      0.6286584023,      0.5285945389,       3.365131565,        2.17118433,       4.680258718
          0,           0,         824,      -2.119240239,      0.6797007886,      0.7226141685,       3.363511829,       2.168966361,       4.667417546
          0,           0,         825,      -2.115236819,      0.8060936819,      0.9784507402,       3.371637363,       2.167049466,       4.661758216
          0,           0,         826,      -2.096899262,      0.9361196672,        1.16667978,       3.400347932,       2.165543949,       4.655619094
          0,           0,         827,      -2.005097852,       1.069994724,       1.331313374,       3.519940752,       2.165535296,       4.667910779
          0,           0,         828,      -1.924716538,       1.178916005,       1.458972284,       3.604005515,       2.167281031,       4.681791377
          0,           0,         829,      -1.803663626,       1.239375792,       1.501533782,       3.725724805,       2.172301465,       4.704213813
          0,           0,         830,      -1.714749042,       1.299832161,        1.50650657,       3.806489451,       2.179916436,       4.723548692
          0,           0,         831,        -1.7317793,        1.22770093,       1.463656157,       3.800192911,        2.17928631,       4.758962664
          0,           0,         832,      -1.694011027,       1.257774708,       1.465015046,       3.802719176,       2.186279377,       4.763466497
          0,           0,         833,      -1.683075898,       1.268756733,       1.471934602,       3.813662326,       2.184338465,       4.734675824
          0,           0,         834,      -1.668490922,       1.296458721,       1.513156997,       3.825786435,       2.189665637,       4.757657985
          0,           0,         835,      -1.654598117,       1.344530701,       1.556058441,       3.848852927,       2.197979718,       4.792218822
          0,           0,         836,      -1.622013519,         1.3571919,       1.581852689,        3.88699418,        2.21008325,       4.821960324
          0,           0,         837,      -1.584829901,       1.360549782,       1.575028473,       3.904380679,       2.215204786,       4.810633492
          0,           0,         838,      -1.589736484,       1.351503384,       1.566994829,       3.900253893,       2.215929325,       4.811073304
          0,           0,         839,      -1.587340981,       1.367757048,        1.58143453,       3.904697415,       2.223369327,       4.823306221
          0,           0,         840,      -1.578104705,       1.392113566,       1.601701176,       3.916307298,       2.228754643,       4.840317755
          0,           0,         841,      -1.593477674,       1.379483678,       1.604470729,       3.907005528,       2.243904478,       4.870687199
          0,           0,         842,      -1.585248718,       1.407224141,       1.630810233,       3.913501541,       2.245949522,       4.846660402
          0,           0,         843,      -1.591622604,       1.428696483,       1.657576693,        3.90877731,       2.252014144,       4.837017888
          0,           0,         844,       -1.57538796,       1.425016646,       1.634165442,       3.915174854,       2.255211685,        4.87501377
