NDIME= 2
NELEM= 5850
9 0 1 22 21 0
9 1 2 23 22 1
9 2 3 24 23 2
9 3 4 25 24 3
9 4 5 26 25 4
9 5 6 27 26 5
9 6 7 28 27 6
9 7 8 29 28 7
9 8 9 30 29 8
9 9 10 31 30 9
9 10 11 32 31 10
9 11 12 33 32 11
9 12 13 34 33 12
9 13 14 35 34 13
9 14 15 36 35 14
9 15 16 37 36 15
9 16 17 38 37 16
9 17 18 39 38 17
9 18 19 40 39 18
9 19 20 41 40 19
9 21 22 43 42 20
9 22 23 44 43 21
9 23 24 45 44 22
9 24 25 46 45 23
9 25 26 47 46 24
9 26 27 48 47 25
9 27 28 49 48 26
9 28 29 50 49 27
9 29 30 51 50 28
9 30 31 52 51 29
9 31 32 53 52 30
9 32 33 54 53 31
9 33 34 55 54 32
9 34 35 56 55 33
9 35 36 57 56 34
9 36 37 58 57 35
9 37 38 59 58 36
9 38 39 60 59 37
9 39 40 61 60 38
9 40 41 62 61 39
9 42 43 64 63 40
9 43 44 65 64 41
9 44 45 66 65 42
9 45 46 67 66 43
9 46 47 68 67 44
9 47 48 69 68 45
9 48 49 70 69 46
9 49 50 71 70 47
9 50 51 72 71 48
9 51 52 73 72 49
9 52 53 74 73 50
9 53 54 75 74 51
9 54 55 76 75 52
9 55 56 77 76 53
9 56 57 78 77 54
9 57 58 79 78 55
9 58 59 80 79 56
9 59 60 81 80 57
9 60 61 82 81 58
9 61 62 83 82 59
9 63 64 85 84 60
9 64 65 86 85 61
9 65 66 87 86 62
9 66 67 88 87 63
9 67 68 89 88 64
9 68 69 90 89 65
9 69 70 91 90 66
9 70 71 92 91 67
9 71 72 93 92 68
9 72 73 94 93 69
9 73 74 95 94 70
9 74 75 96 95 71
9 75 76 97 96 72
9 76 77 98 97 73
9 77 78 99 98 74
9 78 79 100 99 75
9 79 80 101 100 76
9 80 81 102 101 77
9 81 82 103 102 78
9 82 83 104 103 79
9 84 85 106 105 80
9 85 86 107 106 81
9 86 87 108 107 82
9 87 88 109 108 83
9 88 89 110 109 84
9 89 90 111 110 85
9 90 91 112 111 86
9 91 92 113 112 87
9 92 93 114 113 88
9 93 94 115 114 89
9 94 95 116 115 90
9 95 96 117 116 91
9 96 97 118 117 92
9 97 98 119 118 93
9 98 99 120 119 94
9 99 100 121 120 95
9 100 101 122 121 96
9 101 102 123 122 97
9 102 103 124 123 98
9 103 104 125 124 99
9 105 106 127 126 100
9 106 107 128 127 101
9 107 108 129 128 102
9 108 109 130 129 103
9 109 110 131 130 104
9 110 111 132 131 105
9 111 112 133 132 106
9 112 113 134 133 107
9 113 114 135 134 108
9 114 115 136 135 109
9 115 116 137 136 110
9 116 117 138 137 111
9 117 118 139 138 112
9 118 119 140 139 113
9 119 120 141 140 114
9 120 121 142 141 115
9 121 122 143 142 116
9 122 123 144 143 117
9 123 124 145 144 118
9 124 125 146 145 119
9 126 127 148 147 120
9 127 128 149 148 121
9 128 129 150 149 122
9 129 130 151 150 123
9 130 131 152 151 124
9 131 132 153 152 125
9 132 133 154 153 126
9 133 134 155 154 127
9 134 135 156 155 128
9 135 136 157 156 129
9 136 137 158 157 130
9 137 138 159 158 131
9 138 139 160 159 132
9 139 140 161 160 133
9 140 141 162 161 134
9 141 142 163 162 135
9 142 143 164 163 136
9 143 144 165 164 137
9 144 145 166 165 138
9 145 146 167 166 139
9 147 148 169 168 140
9 148 149 170 169 141
9 149 150 171 170 142
9 150 151 172 171 143
9 151 152 173 172 144
9 152 153 174 173 145
9 153 154 175 174 146
9 154 155 176 175 147
9 155 156 177 176 148
9 156 157 178 177 149
9 157 158 179 178 150
9 158 159 180 179 151
9 159 160 181 180 152
9 160 161 182 181 153
9 161 162 183 182 154
9 162 163 184 183 155
9 163 164 185 184 156
9 164 165 186 185 157
9 165 166 187 186 158
9 166 167 188 187 159
9 168 169 190 189 160
9 169 170 191 190 161
9 170 171 192 191 162
9 171 172 193 192 163
9 172 173 194 193 164
9 173 174 195 194 165
9 174 175 196 195 166
9 175 176 197 196 167
9 176 177 198 197 168
9 177 178 199 198 169
9 178 179 200 199 170
9 179 180 201 200 171
9 180 181 202 201 172
9 181 182 203 202 173
9 182 183 204 203 174
9 183 184 205 204 175
9 184 185 206 205 176
9 185 186 207 206 177
9 186 187 208 207 178
9 187 188 209 208 179
9 189 190 211 210 180
9 190 191 212 211 181
9 191 192 213 212 182
9 192 193 214 213 183
9 193 194 215 214 184
9 194 195 216 215 185
9 195 196 217 216 186
9 196 197 218 217 187
9 197 198 219 218 188
9 198 199 220 219 189
9 199 200 221 220 190
9 200 201 222 221 191
9 201 202 223 222 192
9 202 203 224 223 193
9 203 204 225 224 194
9 204 205 226 225 195
9 205 206 227 226 196
9 206 207 228 227 197
9 207 208 229 228 198
9 208 209 230 229 199
9 210 211 232 231 200
9 211 212 233 232 201
9 212 213 234 233 202
9 213 214 235 234 203
9 214 215 236 235 204
9 215 216 237 236 205
9 216 217 238 237 206
9 217 218 239 238 207
9 218 219 240 239 208
9 219 220 241 240 209
9 220 221 242 241 210
9 221 222 243 242 211
9 222 223 244 243 212
9 223 224 245 244 213
9 224 225 246 245 214
9 225 226 247 246 215
9 226 227 248 247 216
9 227 228 249 248 217
9 228 229 250 249 218
9 229 230 251 250 219
9 231 232 253 252 220
9 232 233 254 253 221
9 233 234 255 254 222
9 234 235 256 255 223
9 235 236 257 256 224
9 236 237 258 257 225
9 237 238 259 258 226
9 238 239 260 259 227
9 239 240 261 260 228
9 240 241 262 261 229
9 241 242 263 262 230
9 242 243 264 263 231
9 243 244 265 264 232
9 244 245 266 265 233
9 245 246 267 266 234
9 246 247 268 267 235
9 247 248 269 268 236
9 248 249 270 269 237
9 249 250 271 270 238
9 250 251 272 271 239
9 252 253 274 273 240
9 253 254 275 274 241
9 254 255 276 275 242
9 255 256 277 276 243
9 256 257 278 277 244
9 257 258 279 278 245
9 258 259 280 279 246
9 259 260 281 280 247
9 260 261 282 281 248
9 261 262 283 282 249
9 262 263 284 283 250
9 263 264 285 284 251
9 264 265 286 285 252
9 265 266 287 286 253
9 266 267 288 287 254
9 267 268 289 288 255
9 268 269 290 289 256
9 269 270 291 290 257
9 270 271 292 291 258
9 271 272 293 292 259
9 273 274 295 294 260
9 274 275 296 295 261
9 275 276 297 296 262
9 276 277 298 297 263
9 277 278 299 298 264
9 278 279 300 299 265
9 279 280 301 300 266
9 280 281 302 301 267
9 281 282 303 302 268
9 282 283 304 303 269
9 283 284 305 304 270
9 284 285 306 305 271
9 285 286 307 306 272
9 286 287 308 307 273
9 287 288 309 308 274
9 288 289 310 309 275
9 289 290 311 310 276
9 290 291 312 311 277
9 291 292 313 312 278
9 292 293 314 313 279
9 294 295 316 315 280
9 295 296 317 316 281
9 296 297 318 317 282
9 297 298 319 318 283
9 298 299 320 319 284
9 299 300 321 320 285
9 300 301 322 321 286
9 301 302 323 322 287
9 302 303 324 323 288
9 303 304 325 324 289
9 304 305 326 325 290
9 305 306 327 326 291
9 306 307 328 327 292
9 307 308 329 328 293
9 308 309 330 329 294
9 309 310 331 330 295
9 310 311 332 331 296
9 311 312 333 332 297
9 312 313 334 333 298
9 313 314 335 334 299
9 315 316 337 336 300
9 316 317 338 337 301
9 317 318 339 338 302
9 318 319 340 339 303
9 319 320 341 340 304
9 320 321 342 341 305
9 321 322 343 342 306
9 322 323 344 343 307
9 323 324 345 344 308
9 324 325 346 345 309
9 325 326 347 346 310
9 326 327 348 347 311
9 327 328 349 348 312
9 328 329 350 349 313
9 329 330 351 350 314
9 330 331 352 351 315
9 331 332 353 352 316
9 332 333 354 353 317
9 333 334 355 354 318
9 334 335 356 355 319
9 336 337 358 357 320
9 337 338 359 358 321
9 338 339 360 359 322
9 339 340 361 360 323
9 340 341 362 361 324
9 341 342 363 362 325
9 342 343 364 363 326
9 343 344 365 364 327
9 344 345 366 365 328
9 345 346 367 366 329
9 346 347 368 367 330
9 347 348 369 368 331
9 348 349 370 369 332
9 349 350 371 370 333
9 350 351 372 371 334
9 351 352 373 372 335
9 352 353 374 373 336
9 353 354 375 374 337
9 354 355 376 375 338
9 355 356 377 376 339
9 357 358 379 378 340
9 358 359 380 379 341
9 359 360 381 380 342
9 360 361 382 381 343
9 361 362 383 382 344
9 362 363 384 383 345
9 363 364 385 384 346
9 364 365 386 385 347
9 365 366 387 386 348
9 366 367 388 387 349
9 367 368 389 388 350
9 368 369 390 389 351
9 369 370 391 390 352
9 370 371 392 391 353
9 371 372 393 392 354
9 372 373 394 393 355
9 373 374 395 394 356
9 374 375 396 395 357
9 375 376 397 396 358
9 376 377 398 397 359
9 378 379 400 399 360
9 379 380 401 400 361
9 380 381 402 401 362
9 381 382 403 402 363
9 382 383 404 403 364
9 383 384 405 404 365
9 384 385 406 405 366
9 385 386 407 406 367
9 386 387 408 407 368
9 387 388 409 408 369
9 388 389 410 409 370
9 389 390 411 410 371
9 390 391 412 411 372
9 391 392 413 412 373
9 392 393 414 413 374
9 393 394 415 414 375
9 394 395 416 415 376
9 395 396 417 416 377
9 396 397 418 417 378
9 397 398 419 418 379
9 399 400 421 420 380
9 400 401 422 421 381
9 401 402 423 422 382
9 402 403 424 423 383
9 403 404 425 424 384
9 404 405 426 425 385
9 405 406 427 426 386
9 406 407 428 427 387
9 407 408 429 428 388
9 408 409 430 429 389
9 409 410 431 430 390
9 410 411 432 431 391
9 411 412 433 432 392
9 412 413 434 433 393
9 413 414 435 434 394
9 414 415 436 435 395
9 415 416 437 436 396
9 416 417 438 437 397
9 417 418 439 438 398
9 418 419 440 439 399
9 420 421 442 441 400
9 421 422 443 442 401
9 422 423 444 443 402
9 423 424 445 444 403
9 424 425 446 445 404
9 425 426 447 446 405
9 426 427 448 447 406
9 427 428 449 448 407
9 428 429 450 449 408
9 429 430 451 450 409
9 430 431 452 451 410
9 431 432 453 452 411
9 432 433 454 453 412
9 433 434 455 454 413
9 434 435 456 455 414
9 435 436 457 456 415
9 436 437 458 457 416
9 437 438 459 458 417
9 438 439 460 459 418
9 439 440 461 460 419
9 441 442 463 462 420
9 442 443 464 463 421
9 443 444 465 464 422
9 444 445 466 465 423
9 445 446 467 466 424
9 446 447 468 467 425
9 447 448 469 468 426
9 448 449 470 469 427
9 449 450 471 470 428
9 450 451 472 471 429
9 451 452 473 472 430
9 452 453 474 473 431
9 453 454 475 474 432
9 454 455 476 475 433
9 455 456 477 476 434
9 456 457 478 477 435
9 457 458 479 478 436
9 458 459 480 479 437
9 459 460 481 480 438
9 460 461 482 481 439
9 462 463 484 483 440
9 463 464 485 484 441
9 464 465 486 485 442
9 465 466 487 486 443
9 466 467 488 487 444
9 467 468 489 488 445
9 468 469 490 489 446
9 469 470 491 490 447
9 470 471 492 491 448
9 471 472 493 492 449
9 472 473 494 493 450
9 473 474 495 494 451
9 474 475 496 495 452
9 475 476 497 496 453
9 476 477 498 497 454
9 477 478 499 498 455
9 478 479 500 499 456
9 479 480 501 500 457
9 480 481 502 501 458
9 481 482 503 502 459
9 483 484 505 504 460
9 484 485 506 505 461
9 485 486 507 506 462
9 486 487 508 507 463
9 487 488 509 508 464
9 488 489 510 509 465
9 489 490 511 510 466
9 490 491 512 511 467
9 491 492 513 512 468
9 492 493 514 513 469
9 493 494 515 514 470
9 494 495 516 515 471
9 495 496 517 516 472
9 496 497 518 517 473
9 497 498 519 518 474
9 498 499 520 519 475
9 499 500 521 520 476
9 500 501 522 521 477
9 501 502 523 522 478
9 502 503 524 523 479
9 504 505 526 525 480
9 505 506 527 526 481
9 506 507 528 527 482
9 507 508 529 528 483
9 508 509 530 529 484
9 509 510 531 530 485
9 510 511 532 531 486
9 511 512 533 532 487
9 512 513 534 533 488
9 513 514 535 534 489
9 514 515 536 535 490
9 515 516 537 536 491
9 516 517 538 537 492
9 517 518 539 538 493
9 518 519 540 539 494
9 519 520 541 540 495
9 520 521 542 541 496
9 521 522 543 542 497
9 522 523 544 543 498
9 523 524 545 544 499
9 525 526 547 546 500
9 526 527 548 547 501
9 527 528 549 548 502
9 528 529 550 549 503
9 529 530 551 550 504
9 530 531 552 551 505
9 531 532 553 552 506
9 532 533 554 553 507
9 533 534 555 554 508
9 534 535 556 555 509
9 535 536 557 556 510
9 536 537 558 557 511
9 537 538 559 558 512
9 538 539 560 559 513
9 539 540 561 560 514
9 540 541 562 561 515
9 541 542 563 562 516
9 542 543 564 563 517
9 543 544 565 564 518
9 544 545 566 565 519
9 546 547 568 567 520
9 547 548 569 568 521
9 548 549 570 569 522
9 549 550 571 570 523
9 550 551 572 571 524
9 551 552 573 572 525
9 552 553 574 573 526
9 553 554 575 574 527
9 554 555 576 575 528
9 555 556 577 576 529
9 556 557 578 577 530
9 557 558 579 578 531
9 558 559 580 579 532
9 559 560 581 580 533
9 560 561 582 581 534
9 561 562 583 582 535
9 562 563 584 583 536
9 563 564 585 584 537
9 564 565 586 585 538
9 565 566 587 586 539
9 567 568 589 588 540
9 568 569 590 589 541
9 569 570 591 590 542
9 570 571 592 591 543
9 571 572 593 592 544
9 572 573 594 593 545
9 573 574 595 594 546
9 574 575 596 595 547
9 575 576 597 596 548
9 576 577 598 597 549
9 577 578 599 598 550
9 578 579 600 599 551
9 579 580 601 600 552
9 580 581 602 601 553
9 581 582 603 602 554
9 582 583 604 603 555
9 583 584 605 604 556
9 584 585 606 605 557
9 585 586 607 606 558
9 586 587 608 607 559
9 588 589 610 609 560
9 589 590 611 610 561
9 590 591 612 611 562
9 591 592 613 612 563
9 592 593 614 613 564
9 593 594 615 614 565
9 594 595 616 615 566
9 595 596 617 616 567
9 596 597 618 617 568
9 597 598 619 618 569
9 598 599 620 619 570
9 599 600 621 620 571
9 600 601 622 621 572
9 601 602 623 622 573
9 602 603 624 623 574
9 603 604 625 624 575
9 604 605 626 625 576
9 605 606 627 626 577
9 606 607 628 627 578
9 607 608 629 628 579
9 609 610 631 630 580
9 610 611 632 631 581
9 611 612 633 632 582
9 612 613 634 633 583
9 613 614 635 634 584
9 614 615 636 635 585
9 615 616 637 636 586
9 616 617 638 637 587
9 617 618 639 638 588
9 618 619 640 639 589
9 619 620 641 640 590
9 620 621 642 641 591
9 621 622 643 642 592
9 622 623 644 643 593
9 623 624 645 644 594
9 624 625 646 645 595
9 625 626 647 646 596
9 626 627 648 647 597
9 627 628 649 648 598
9 628 629 650 649 599
9 20 651 671 41 600
9 651 652 672 671 601
9 652 653 673 672 602
9 653 654 674 673 603
9 654 655 675 674 604
9 655 656 676 675 605
9 656 657 677 676 606
9 657 658 678 677 607
9 658 659 679 678 608
9 659 660 680 679 609
9 660 661 681 680 610
9 661 662 682 681 611
9 662 663 683 682 612
9 663 664 684 683 613
9 664 665 685 684 614
9 665 666 686 685 615
9 666 667 687 686 616
9 667 668 688 687 617
9 668 669 689 688 618
9 669 670 690 689 619
9 41 671 691 62 620
9 671 672 692 691 621
9 672 673 693 692 622
9 673 674 694 693 623
9 674 675 695 694 624
9 675 676 696 695 625
9 676 677 697 696 626
9 677 678 698 697 627
9 678 679 699 698 628
9 679 680 700 699 629
9 680 681 701 700 630
9 681 682 702 701 631
9 682 683 703 702 632
9 683 684 704 703 633
9 684 685 705 704 634
9 685 686 706 705 635
9 686 687 707 706 636
9 687 688 708 707 637
9 688 689 709 708 638
9 689 690 710 709 639
9 62 691 711 83 640
9 691 692 712 711 641
9 692 693 713 712 642
9 693 694 714 713 643
9 694 695 715 714 644
9 695 696 716 715 645
9 696 697 717 716 646
9 697 698 718 717 647
9 698 699 719 718 648
9 699 700 720 719 649
9 700 701 721 720 650
9 701 702 722 721 651
9 702 703 723 722 652
9 703 704 724 723 653
9 704 705 725 724 654
9 705 706 726 725 655
9 706 707 727 726 656
9 707 708 728 727 657
9 708 709 729 728 658
9 709 710 730 729 659
9 83 711 731 104 660
9 711 712 732 731 661
9 712 713 733 732 662
9 713 714 734 733 663
9 714 715 735 734 664
9 715 716 736 735 665
9 716 717 737 736 666
9 717 718 738 737 667
9 718 719 739 738 668
9 719 720 740 739 669
9 720 721 741 740 670
9 721 722 742 741 671
9 722 723 743 742 672
9 723 724 744 743 673
9 724 725 745 744 674
9 725 726 746 745 675
9 726 727 747 746 676
9 727 728 748 747 677
9 728 729 749 748 678
9 729 730 750 749 679
9 104 731 751 125 680
9 731 732 752 751 681
9 732 733 753 752 682
9 733 734 754 753 683
9 734 735 755 754 684
9 735 736 756 755 685
9 736 737 757 756 686
9 737 738 758 757 687
9 738 739 759 758 688
9 739 740 760 759 689
9 740 741 761 760 690
9 741 742 762 761 691
9 742 743 763 762 692
9 743 744 764 763 693
9 744 745 765 764 694
9 745 746 766 765 695
9 746 747 767 766 696
9 747 748 768 767 697
9 748 749 769 768 698
9 749 750 770 769 699
9 125 751 771 146 700
9 751 752 772 771 701
9 752 753 773 772 702
9 753 754 774 773 703
9 754 755 775 774 704
9 755 756 776 775 705
9 756 757 777 776 706
9 757 758 778 777 707
9 758 759 779 778 708
9 759 760 780 779 709
9 760 761 781 780 710
9 761 762 782 781 711
9 762 763 783 782 712
9 763 764 784 783 713
9 764 765 785 784 714
9 765 766 786 785 715
9 766 767 787 786 716
9 767 768 788 787 717
9 768 769 789 788 718
9 769 770 790 789 719
9 146 771 791 167 720
9 771 772 792 791 721
9 772 773 793 792 722
9 773 774 794 793 723
9 774 775 795 794 724
9 775 776 796 795 725
9 776 777 797 796 726
9 777 778 798 797 727
9 778 779 799 798 728
9 779 780 800 799 729
9 780 781 801 800 730
9 781 782 802 801 731
9 782 783 803 802 732
9 783 784 804 803 733
9 784 785 805 804 734
9 785 786 806 805 735
9 786 787 807 806 736
9 787 788 808 807 737
9 788 789 809 808 738
9 789 790 810 809 739
9 167 791 811 188 740
9 791 792 812 811 741
9 792 793 813 812 742
9 793 794 814 813 743
9 794 795 815 814 744
9 795 796 816 815 745
9 796 797 817 816 746
9 797 798 818 817 747
9 798 799 819 818 748
9 799 800 820 819 749
9 800 801 821 820 750
9 801 802 822 821 751
9 802 803 823 822 752
9 803 804 824 823 753
9 804 805 825 824 754
9 805 806 826 825 755
9 806 807 827 826 756
9 807 808 828 827 757
9 808 809 829 828 758
9 809 810 830 829 759
9 188 811 831 209 760
9 811 812 832 831 761
9 812 813 833 832 762
9 813 814 834 833 763
9 814 815 835 834 764
9 815 816 836 835 765
9 816 817 837 836 766
9 817 818 838 837 767
9 818 819 839 838 768
9 819 820 840 839 769
9 820 821 841 840 770
9 821 822 842 841 771
9 822 823 843 842 772
9 823 824 844 843 773
9 824 825 845 844 774
9 825 826 846 845 775
9 826 827 847 846 776
9 827 828 848 847 777
9 828 829 849 848 778
9 829 830 850 849 779
9 209 831 851 230 780
9 831 832 852 851 781
9 832 833 853 852 782
9 833 834 854 853 783
9 834 835 855 854 784
9 835 836 856 855 785
9 836 837 857 856 786
9 837 838 858 857 787
9 838 839 859 858 788
9 839 840 860 859 789
9 840 841 861 860 790
9 841 842 862 861 791
9 842 843 863 862 792
9 843 844 864 863 793
9 844 845 865 864 794
9 845 846 866 865 795
9 846 847 867 866 796
9 847 848 868 867 797
9 848 849 869 868 798
9 849 850 870 869 799
9 230 851 871 251 800
9 851 852 872 871 801
9 852 853 873 872 802
9 853 854 874 873 803
9 854 855 875 874 804
9 855 856 876 875 805
9 856 857 877 876 806
9 857 858 878 877 807
9 858 859 879 878 808
9 859 860 880 879 809
9 860 861 881 880 810
9 861 862 882 881 811
9 862 863 883 882 812
9 863 864 884 883 813
9 864 865 885 884 814
9 865 866 886 885 815
9 866 867 887 886 816
9 867 868 888 887 817
9 868 869 889 888 818
9 869 870 890 889 819
9 251 871 891 272 820
9 871 872 892 891 821
9 872 873 893 892 822
9 873 874 894 893 823
9 874 875 895 894 824
9 875 876 896 895 825
9 876 877 897 896 826
9 877 878 898 897 827
9 878 879 899 898 828
9 879 880 900 899 829
9 880 881 901 900 830
9 881 882 902 901 831
9 882 883 903 902 832
9 883 884 904 903 833
9 884 885 905 904 834
9 885 886 906 905 835
9 886 887 907 906 836
9 887 888 908 907 837
9 888 889 909 908 838
9 889 890 910 909 839
9 272 891 911 293 840
9 891 892 912 911 841
9 892 893 913 912 842
9 893 894 914 913 843
9 894 895 915 914 844
9 895 896 916 915 845
9 896 897 917 916 846
9 897 898 918 917 847
9 898 899 919 918 848
9 899 900 920 919 849
9 900 901 921 920 850
9 901 902 922 921 851
9 902 903 923 922 852
9 903 904 924 923 853
9 904 905 925 924 854
9 905 906 926 925 855
9 906 907 927 926 856
9 907 908 928 927 857
9 908 909 929 928 858
9 909 910 930 929 859
9 293 911 931 314 860
9 911 912 932 931 861
9 912 913 933 932 862
9 913 914 934 933 863
9 914 915 935 934 864
9 915 916 936 935 865
9 916 917 937 936 866
9 917 918 938 937 867
9 918 919 939 938 868
9 919 920 940 939 869
9 920 921 941 940 870
9 921 922 942 941 871
9 922 923 943 942 872
9 923 924 944 943 873
9 924 925 945 944 874
9 925 926 946 945 875
9 926 927 947 946 876
9 927 928 948 947 877
9 928 929 949 948 878
9 929 930 950 949 879
9 314 931 951 335 880
9 931 932 952 951 881
9 932 933 953 952 882
9 933 934 954 953 883
9 934 935 955 954 884
9 935 936 956 955 885
9 936 937 957 956 886
9 937 938 958 957 887
9 938 939 959 958 888
9 939 940 960 959 889
9 940 941 961 960 890
9 941 942 962 961 891
9 942 943 963 962 892
9 943 944 964 963 893
9 944 945 965 964 894
9 945 946 966 965 895
9 946 947 967 966 896
9 947 948 968 967 897
9 948 949 969 968 898
9 949 950 970 969 899
9 335 951 971 356 900
9 951 952 972 971 901
9 952 953 973 972 902
9 953 954 974 973 903
9 954 955 975 974 904
9 955 956 976 975 905
9 956 957 977 976 906
9 957 958 978 977 907
9 958 959 979 978 908
9 959 960 980 979 909
9 960 961 981 980 910
9 961 962 982 981 911
9 962 963 983 982 912
9 963 964 984 983 913
9 964 965 985 984 914
9 965 966 986 985 915
9 966 967 987 986 916
9 967 968 988 987 917
9 968 969 989 988 918
9 969 970 990 989 919
9 356 971 991 377 920
9 971 972 992 991 921
9 972 973 993 992 922
9 973 974 994 993 923
9 974 975 995 994 924
9 975 976 996 995 925
9 976 977 997 996 926
9 977 978 998 997 927
9 978 979 999 998 928
9 979 980 1000 999 929
9 980 981 1001 1000 930
9 981 982 1002 1001 931
9 982 983 1003 1002 932
9 983 984 1004 1003 933
9 984 985 1005 1004 934
9 985 986 1006 1005 935
9 986 987 1007 1006 936
9 987 988 1008 1007 937
9 988 989 1009 1008 938
9 989 990 1010 1009 939
9 377 991 1011 398 940
9 991 992 1012 1011 941
9 992 993 1013 1012 942
9 993 994 1014 1013 943
9 994 995 1015 1014 944
9 995 996 1016 1015 945
9 996 997 1017 1016 946
9 997 998 1018 1017 947
9 998 999 1019 1018 948
9 999 1000 1020 1019 949
9 1000 1001 1021 1020 950
9 1001 1002 1022 1021 951
9 1002 1003 1023 1022 952
9 1003 1004 1024 1023 953
9 1004 1005 1025 1024 954
9 1005 1006 1026 1025 955
9 1006 1007 1027 1026 956
9 1007 1008 1028 1027 957
9 1008 1009 1029 1028 958
9 1009 1010 1030 1029 959
9 398 1011 1031 419 960
9 1011 1012 1032 1031 961
9 1012 1013 1033 1032 962
9 1013 1014 1034 1033 963
9 1014 1015 1035 1034 964
9 1015 1016 1036 1035 965
9 1016 1017 1037 1036 966
9 1017 1018 1038 1037 967
9 1018 1019 1039 1038 968
9 1019 1020 1040 1039 969
9 1020 1021 1041 1040 970
9 1021 1022 1042 1041 971
9 1022 1023 1043 1042 972
9 1023 1024 1044 1043 973
9 1024 1025 1045 1044 974
9 1025 1026 1046 1045 975
9 1026 1027 1047 1046 976
9 1027 1028 1048 1047 977
9 1028 1029 1049 1048 978
9 1029 1030 1050 1049 979
9 419 1031 1051 440 980
9 1031 1032 1052 1051 981
9 1032 1033 1053 1052 982
9 1033 1034 1054 1053 983
9 1034 1035 1055 1054 984
9 1035 1036 1056 1055 985
9 1036 1037 1057 1056 986
9 1037 1038 1058 1057 987
9 1038 1039 1059 1058 988
9 1039 1040 1060 1059 989
9 1040 1041 1061 1060 990
9 1041 1042 1062 1061 991
9 1042 1043 1063 1062 992
9 1043 1044 1064 1063 993
9 1044 1045 1065 1064 994
9 1045 1046 1066 1065 995
9 1046 1047 1067 1066 996
9 1047 1048 1068 1067 997
9 1048 1049 1069 1068 998
9 1049 1050 1070 1069 999
9 440 1051 1071 461 1000
9 1051 1052 1072 1071 1001
9 1052 1053 1073 1072 1002
9 1053 1054 1074 1073 1003
9 1054 1055 1075 1074 1004
9 1055 1056 1076 1075 1005
9 1056 1057 1077 1076 1006
9 1057 1058 1078 1077 1007
9 1058 1059 1079 1078 1008
9 1059 1060 1080 1079 1009
9 1060 1061 1081 1080 1010
9 1061 1062 1082 1081 1011
9 1062 1063 1083 1082 1012
9 1063 1064 1084 1083 1013
9 1064 1065 1085 1084 1014
9 1065 1066 1086 1085 1015
9 1066 1067 1087 1086 1016
9 1067 1068 1088 1087 1017
9 1068 1069 1089 1088 1018
9 1069 1070 1090 1089 1019
9 461 1071 1091 482 1020
9 1071 1072 1092 1091 1021
9 1072 1073 1093 1092 1022
9 1073 1074 1094 1093 1023
9 1074 1075 1095 1094 1024
9 1075 1076 1096 1095 1025
9 1076 1077 1097 1096 1026
9 1077 1078 1098 1097 1027
9 1078 1079 1099 1098 1028
9 1079 1080 1100 1099 1029
9 1080 1081 1101 1100 1030
9 1081 1082 1102 1101 1031
9 1082 1083 1103 1102 1032
9 1083 1084 1104 1103 1033
9 1084 1085 1105 1104 1034
9 1085 1086 1106 1105 1035
9 1086 1087 1107 1106 1036
9 1087 1088 1108 1107 1037
9 1088 1089 1109 1108 1038
9 1089 1090 1110 1109 1039
9 482 1091 1111 503 1040
9 1091 1092 1112 1111 1041
9 1092 1093 1113 1112 1042
9 1093 1094 1114 1113 1043
9 1094 1095 1115 1114 1044
9 1095 1096 1116 1115 1045
9 1096 1097 1117 1116 1046
9 1097 1098 1118 1117 1047
9 1098 1099 1119 1118 1048
9 1099 1100 1120 1119 1049
9 1100 1101 1121 1120 1050
9 1101 1102 1122 1121 1051
9 1102 1103 1123 1122 1052
9 1103 1104 1124 1123 1053
9 1104 1105 1125 1124 1054
9 1105 1106 1126 1125 1055
9 1106 1107 1127 1126 1056
9 1107 1108 1128 1127 1057
9 1108 1109 1129 1128 1058
9 1109 1110 1130 1129 1059
9 503 1111 1131 524 1060
9 1111 1112 1132 1131 1061
9 1112 1113 1133 1132 1062
9 1113 1114 1134 1133 1063
9 1114 1115 1135 1134 1064
9 1115 1116 1136 1135 1065
9 1116 1117 1137 1136 1066
9 1117 1118 1138 1137 1067
9 1118 1119 1139 1138 1068
9 1119 1120 1140 1139 1069
9 1120 1121 1141 1140 1070
9 1121 1122 1142 1141 1071
9 1122 1123 1143 1142 1072
9 1123 1124 1144 1143 1073
9 1124 1125 1145 1144 1074
9 1125 1126 1146 1145 1075
9 1126 1127 1147 1146 1076
9 1127 1128 1148 1147 1077
9 1128 1129 1149 1148 1078
9 1129 1130 1150 1149 1079
9 524 1131 1151 545 1080
9 1131 1132 1152 1151 1081
9 1132 1133 1153 1152 1082
9 1133 1134 1154 1153 1083
9 1134 1135 1155 1154 1084
9 1135 1136 1156 1155 1085
9 1136 1137 1157 1156 1086
9 1137 1138 1158 1157 1087
9 1138 1139 1159 1158 1088
9 1139 1140 1160 1159 1089
9 1140 1141 1161 1160 1090
9 1141 1142 1162 1161 1091
9 1142 1143 1163 1162 1092
9 1143 1144 1164 1163 1093
9 1144 1145 1165 1164 1094
9 1145 1146 1166 1165 1095
9 1146 1147 1167 1166 1096
9 1147 1148 1168 1167 1097
9 1148 1149 1169 1168 1098
9 1149 1150 1170 1169 1099
9 545 1151 1171 566 1100
9 1151 1152 1172 1171 1101
9 1152 1153 1173 1172 1102
9 1153 1154 1174 1173 1103
9 1154 1155 1175 1174 1104
9 1155 1156 1176 1175 1105
9 1156 1157 1177 1176 1106
9 1157 1158 1178 1177 1107
9 1158 1159 1179 1178 1108
9 1159 1160 1180 1179 1109
9 1160 1161 1181 1180 1110
9 1161 1162 1182 1181 1111
9 1162 1163 1183 1182 1112
9 1163 1164 1184 1183 1113
9 1164 1165 1185 1184 1114
9 1165 1166 1186 1185 1115
9 1166 1167 1187 1186 1116
9 1167 1168 1188 1187 1117
9 1168 1169 1189 1188 1118
9 1169 1170 1190 1189 1119
9 566 1171 1191 587 1120
9 1171 1172 1192 1191 1121
9 1172 1173 1193 1192 1122
9 1173 1174 1194 1193 1123
9 1174 1175 1195 1194 1124
9 1175 1176 1196 1195 1125
9 1176 1177 1197 1196 1126
9 1177 1178 1198 1197 1127
9 1178 1179 1199 1198 1128
9 1179 1180 1200 1199 1129
9 1180 1181 1201 1200 1130
9 1181 1182 1202 1201 1131
9 1182 1183 1203 1202 1132
9 1183 1184 1204 1203 1133
9 1184 1185 1205 1204 1134
9 1185 1186 1206 1205 1135
9 1186 1187 1207 1206 1136
9 1187 1188 1208 1207 1137
9 1188 1189 1209 1208 1138
9 1189 1190 1210 1209 1139
9 587 1191 1211 608 1140
9 1191 1192 1212 1211 1141
9 1192 1193 1213 1212 1142
9 1193 1194 1214 1213 1143
9 1194 1195 1215 1214 1144
9 1195 1196 1216 1215 1145
9 1196 1197 1217 1216 1146
9 1197 1198 1218 1217 1147
9 1198 1199 1219 1218 1148
9 1199 1200 1220 1219 1149
9 1200 1201 1221 1220 1150
9 1201 1202 1222 1221 1151
9 1202 1203 1223 1222 1152
9 1203 1204 1224 1223 1153
9 1204 1205 1225 1224 1154
9 1205 1206 1226 1225 1155
9 1206 1207 1227 1226 1156
9 1207 1208 1228 1227 1157
9 1208 1209 1229 1228 1158
9 1209 1210 1230 1229 1159
9 608 1211 1231 629 1160
9 1211 1212 1232 1231 1161
9 1212 1213 1233 1232 1162
9 1213 1214 1234 1233 1163
9 1214 1215 1235 1234 1164
9 1215 1216 1236 1235 1165
9 1216 1217 1237 1236 1166
9 1217 1218 1238 1237 1167
9 1218 1219 1239 1238 1168
9 1219 1220 1240 1239 1169
9 1220 1221 1241 1240 1170
9 1221 1222 1242 1241 1171
9 1222 1223 1243 1242 1172
9 1223 1224 1244 1243 1173
9 1224 1225 1245 1244 1174
9 1225 1226 1246 1245 1175
9 1226 1227 1247 1246 1176
9 1227 1228 1248 1247 1177
9 1228 1229 1249 1248 1178
9 1229 1230 1250 1249 1179
9 629 1231 1251 650 1180
9 1231 1232 1252 1251 1181
9 1232 1233 1253 1252 1182
9 1233 1234 1254 1253 1183
9 1234 1235 1255 1254 1184
9 1235 1236 1256 1255 1185
9 1236 1237 1257 1256 1186
9 1237 1238 1258 1257 1187
9 1238 1239 1259 1258 1188
9 1239 1240 1260 1259 1189
9 1240 1241 1261 1260 1190
9 1241 1242 1262 1261 1191
9 1242 1243 1263 1262 1192
9 1243 1244 1264 1263 1193
9 1244 1245 1265 1264 1194
9 1245 1246 1266 1265 1195
9 1246 1247 1267 1266 1196
9 1247 1248 1268 1267 1197
9 1248 1249 1269 1268 1198
9 1249 1250 1270 1269 1199
9 670 1271 1291 690 1200
9 1271 1272 1292 1291 1201
9 1272 1273 1293 1292 1202
9 1273 1274 1294 1293 1203
9 1274 1275 1295 1294 1204
9 1275 1276 1296 1295 1205
9 1276 1277 1297 1296 1206
9 1277 1278 1298 1297 1207
9 1278 1279 1299 1298 1208
9 1279 1280 1300 1299 1209
9 1280 1281 1301 1300 1210
9 1281 1282 1302 1301 1211
9 1282 1283 1303 1302 1212
9 1283 1284 1304 1303 1213
9 1284 1285 1305 1304 1214
9 1285 1286 1306 1305 1215
9 1286 1287 1307 1306 1216
9 1287 1288 1308 1307 1217
9 1288 1289 1309 1308 1218
9 1289 1290 1310 1309 1219
9 690 1291 1311 710 1220
9 1291 1292 1312 1311 1221
9 1292 1293 1313 1312 1222
9 1293 1294 1314 1313 1223
9 1294 1295 1315 1314 1224
9 1295 1296 1316 1315 1225
9 1296 1297 1317 1316 1226
9 1297 1298 1318 1317 1227
9 1298 1299 1319 1318 1228
9 1299 1300 1320 1319 1229
9 1300 1301 1321 1320 1230
9 1301 1302 1322 1321 1231
9 1302 1303 1323 1322 1232
9 1303 1304 1324 1323 1233
9 1304 1305 1325 1324 1234
9 1305 1306 1326 1325 1235
9 1306 1307 1327 1326 1236
9 1307 1308 1328 1327 1237
9 1308 1309 1329 1328 1238
9 1309 1310 1330 1329 1239
9 710 1311 1331 730 1240
9 1311 1312 1332 1331 1241
9 1312 1313 1333 1332 1242
9 1313 1314 1334 1333 1243
9 1314 1315 1335 1334 1244
9 1315 1316 1336 1335 1245
9 1316 1317 1337 1336 1246
9 1317 1318 1338 1337 1247
9 1318 1319 1339 1338 1248
9 1319 1320 1340 1339 1249
9 1320 1321 1341 1340 1250
9 1321 1322 1342 1341 1251
9 1322 1323 1343 1342 1252
9 1323 1324 1344 1343 1253
9 1324 1325 1345 1344 1254
9 1325 1326 1346 1345 1255
9 1326 1327 1347 1346 1256
9 1327 1328 1348 1347 1257
9 1328 1329 1349 1348 1258
9 1329 1330 1350 1349 1259
9 730 1331 1351 750 1260
9 1331 1332 1352 1351 1261
9 1332 1333 1353 1352 1262
9 1333 1334 1354 1353 1263
9 1334 1335 1355 1354 1264
9 1335 1336 1356 1355 1265
9 1336 1337 1357 1356 1266
9 1337 1338 1358 1357 1267
9 1338 1339 1359 1358 1268
9 1339 1340 1360 1359 1269
9 1340 1341 1361 1360 1270
9 1341 1342 1362 1361 1271
9 1342 1343 1363 1362 1272
9 1343 1344 1364 1363 1273
9 1344 1345 1365 1364 1274
9 1345 1346 1366 1365 1275
9 1346 1347 1367 1366 1276
9 1347 1348 1368 1367 1277
9 1348 1349 1369 1368 1278
9 1349 1350 1370 1369 1279
9 750 1351 1371 770 1280
9 1351 1352 1372 1371 1281
9 1352 1353 1373 1372 1282
9 1353 1354 1374 1373 1283
9 1354 1355 1375 1374 1284
9 1355 1356 1376 1375 1285
9 1356 1357 1377 1376 1286
9 1357 1358 1378 1377 1287
9 1358 1359 1379 1378 1288
9 1359 1360 1380 1379 1289
9 1360 1361 1381 1380 1290
9 1361 1362 1382 1381 1291
9 1362 1363 1383 1382 1292
9 1363 1364 1384 1383 1293
9 1364 1365 1385 1384 1294
9 1365 1366 1386 1385 1295
9 1366 1367 1387 1386 1296
9 1367 1368 1388 1387 1297
9 1368 1369 1389 1388 1298
9 1369 1370 1390 1389 1299
9 770 1371 1391 790 1300
9 1371 1372 1392 1391 1301
9 1372 1373 1393 1392 1302
9 1373 1374 1394 1393 1303
9 1374 1375 1395 1394 1304
9 1375 1376 1396 1395 1305
9 1376 1377 1397 1396 1306
9 1377 1378 1398 1397 1307
9 1378 1379 1399 1398 1308
9 1379 1380 1400 1399 1309
9 1380 1381 1401 1400 1310
9 1381 1382 1402 1401 1311
9 1382 1383 1403 1402 1312
9 1383 1384 1404 1403 1313
9 1384 1385 1405 1404 1314
9 1385 1386 1406 1405 1315
9 1386 1387 1407 1406 1316
9 1387 1388 1408 1407 1317
9 1388 1389 1409 1408 1318
9 1389 1390 1410 1409 1319
9 790 1391 1411 810 1320
9 1391 1392 1412 1411 1321
9 1392 1393 1413 1412 1322
9 1393 1394 1414 1413 1323
9 1394 1395 1415 1414 1324
9 1395 1396 1416 1415 1325
9 1396 1397 1417 1416 1326
9 1397 1398 1418 1417 1327
9 1398 1399 1419 1418 1328
9 1399 1400 1420 1419 1329
9 1400 1401 1421 1420 1330
9 1401 1402 1422 1421 1331
9 1402 1403 1423 1422 1332
9 1403 1404 1424 1423 1333
9 1404 1405 1425 1424 1334
9 1405 1406 1426 1425 1335
9 1406 1407 1427 1426 1336
9 1407 1408 1428 1427 1337
9 1408 1409 1429 1428 1338
9 1409 1410 1430 1429 1339
9 810 1411 1431 830 1340
9 1411 1412 1432 1431 1341
9 1412 1413 1433 1432 1342
9 1413 1414 1434 1433 1343
9 1414 1415 1435 1434 1344
9 1415 1416 1436 1435 1345
9 1416 1417 1437 1436 1346
9 1417 1418 1438 1437 1347
9 1418 1419 1439 1438 1348
9 1419 1420 1440 1439 1349
9 1420 1421 1441 1440 1350
9 1421 1422 1442 1441 1351
9 1422 1423 1443 1442 1352
9 1423 1424 1444 1443 1353
9 1424 1425 1445 1444 1354
9 1425 1426 1446 1445 1355
9 1426 1427 1447 1446 1356
9 1427 1428 1448 1447 1357
9 1428 1429 1449 1448 1358
9 1429 1430 1450 1449 1359
9 830 1431 1451 850 1360
9 1431 1432 1452 1451 1361
9 1432 1433 1453 1452 1362
9 1433 1434 1454 1453 1363
9 1434 1435 1455 1454 1364
9 1435 1436 1456 1455 1365
9 1436 1437 1457 1456 1366
9 1437 1438 1458 1457 1367
9 1438 1439 1459 1458 1368
9 1439 1440 1460 1459 1369
9 1440 1441 1461 1460 1370
9 1441 1442 1462 1461 1371
9 1442 1443 1463 1462 1372
9 1443 1444 1464 1463 1373
9 1444 1445 1465 1464 1374
9 1445 1446 1466 1465 1375
9 1446 1447 1467 1466 1376
9 1447 1448 1468 1467 1377
9 1448 1449 1469 1468 1378
9 1449 1450 1470 1469 1379
9 850 1451 1471 870 1380
9 1451 1452 1472 1471 1381
9 1452 1453 1473 1472 1382
9 1453 1454 1474 1473 1383
9 1454 1455 1475 1474 1384
9 1455 1456 1476 1475 1385
9 1456 1457 1477 1476 1386
9 1457 1458 1478 1477 1387
9 1458 1459 1479 1478 1388
9 1459 1460 1480 1479 1389
9 1460 1461 1481 1480 1390
9 1461 1462 1482 1481 1391
9 1462 1463 1483 1482 1392
9 1463 1464 1484 1483 1393
9 1464 1465 1485 1484 1394
9 1465 1466 1486 1485 1395
9 1466 1467 1487 1486 1396
9 1467 1468 1488 1487 1397
9 1468 1469 1489 1488 1398
9 1469 1470 1490 1489 1399
9 870 1471 1491 890 1400
9 1471 1472 1492 1491 1401
9 1472 1473 1493 1492 1402
9 1473 1474 1494 1493 1403
9 1474 1475 1495 1494 1404
9 1475 1476 1496 1495 1405
9 1476 1477 1497 1496 1406
9 1477 1478 1498 1497 1407
9 1478 1479 1499 1498 1408
9 1479 1480 1500 1499 1409
9 1480 1481 1501 1500 1410
9 1481 1482 1502 1501 1411
9 1482 1483 1503 1502 1412
9 1483 1484 1504 1503 1413
9 1484 1485 1505 1504 1414
9 1485 1486 1506 1505 1415
9 1486 1487 1507 1506 1416
9 1487 1488 1508 1507 1417
9 1488 1489 1509 1508 1418
9 1489 1490 1510 1509 1419
9 890 1491 1511 910 1420
9 1491 1492 1512 1511 1421
9 1492 1493 1513 1512 1422
9 1493 1494 1514 1513 1423
9 1494 1495 1515 1514 1424
9 1495 1496 1516 1515 1425
9 1496 1497 1517 1516 1426
9 1497 1498 1518 1517 1427
9 1498 1499 1519 1518 1428
9 1499 1500 1520 1519 1429
9 1500 1501 1521 1520 1430
9 1501 1502 1522 1521 1431
9 1502 1503 1523 1522 1432
9 1503 1504 1524 1523 1433
9 1504 1505 1525 1524 1434
9 1505 1506 1526 1525 1435
9 1506 1507 1527 1526 1436
9 1507 1508 1528 1527 1437
9 1508 1509 1529 1528 1438
9 1509 1510 1530 1529 1439
9 910 1511 1531 930 1440
9 1511 1512 1532 1531 1441
9 1512 1513 1533 1532 1442
9 1513 1514 1534 1533 1443
9 1514 1515 1535 1534 1444
9 1515 1516 1536 1535 1445
9 1516 1517 1537 1536 1446
9 1517 1518 1538 1537 1447
9 1518 1519 1539 1538 1448
9 1519 1520 1540 1539 1449
9 1520 1521 1541 1540 1450
9 1521 1522 1542 1541 1451
9 1522 1523 1543 1542 1452
9 1523 1524 1544 1543 1453
9 1524 1525 1545 1544 1454
9 1525 1526 1546 1545 1455
9 1526 1527 1547 1546 1456
9 1527 1528 1548 1547 1457
9 1528 1529 1549 1548 1458
9 1529 1530 1550 1549 1459
9 930 1531 1551 950 1460
9 1531 1532 1552 1551 1461
9 1532 1533 1553 1552 1462
9 1533 1534 1554 1553 1463
9 1534 1535 1555 1554 1464
9 1535 1536 1556 1555 1465
9 1536 1537 1557 1556 1466
9 1537 1538 1558 1557 1467
9 1538 1539 1559 1558 1468
9 1539 1540 1560 1559 1469
9 1540 1541 1561 1560 1470
9 1541 1542 1562 1561 1471
9 1542 1543 1563 1562 1472
9 1543 1544 1564 1563 1473
9 1544 1545 1565 1564 1474
9 1545 1546 1566 1565 1475
9 1546 1547 1567 1566 1476
9 1547 1548 1568 1567 1477
9 1548 1549 1569 1568 1478
9 1549 1550 1570 1569 1479
9 950 1551 1571 970 1480
9 1551 1552 1572 1571 1481
9 1552 1553 1573 1572 1482
9 1553 1554 1574 1573 1483
9 1554 1555 1575 1574 1484
9 1555 1556 1576 1575 1485
9 1556 1557 1577 1576 1486
9 1557 1558 1578 1577 1487
9 1558 1559 1579 1578 1488
9 1559 1560 1580 1579 1489
9 1560 1561 1581 1580 1490
9 1561 1562 1582 1581 1491
9 1562 1563 1583 1582 1492
9 1563 1564 1584 1583 1493
9 1564 1565 1585 1584 1494
9 1565 1566 1586 1585 1495
9 1566 1567 1587 1586 1496
9 1567 1568 1588 1587 1497
9 1568 1569 1589 1588 1498
9 1569 1570 1590 1589 1499
9 970 1571 1591 990 1500
9 1571 1572 1592 1591 1501
9 1572 1573 1593 1592 1502
9 1573 1574 1594 1593 1503
9 1574 1575 1595 1594 1504
9 1575 1576 1596 1595 1505
9 1576 1577 1597 1596 1506
9 1577 1578 1598 1597 1507
9 1578 1579 1599 1598 1508
9 1579 1580 1600 1599 1509
9 1580 1581 1601 1600 1510
9 1581 1582 1602 1601 1511
9 1582 1583 1603 1602 1512
9 1583 1584 1604 1603 1513
9 1584 1585 1605 1604 1514
9 1585 1586 1606 1605 1515
9 1586 1587 1607 1606 1516
9 1587 1588 1608 1607 1517
9 1588 1589 1609 1608 1518
9 1589 1590 1610 1609 1519
9 990 1591 1611 1010 1520
9 1591 1592 1612 1611 1521
9 1592 1593 1613 1612 1522
9 1593 1594 1614 1613 1523
9 1594 1595 1615 1614 1524
9 1595 1596 1616 1615 1525
9 1596 1597 1617 1616 1526
9 1597 1598 1618 1617 1527
9 1598 1599 1619 1618 1528
9 1599 1600 1620 1619 1529
9 1600 1601 1621 1620 1530
9 1601 1602 1622 1621 1531
9 1602 1603 1623 1622 1532
9 1603 1604 1624 1623 1533
9 1604 1605 1625 1624 1534
9 1605 1606 1626 1625 1535
9 1606 1607 1627 1626 1536
9 1607 1608 1628 1627 1537
9 1608 1609 1629 1628 1538
9 1609 1610 1630 1629 1539
9 1010 1611 1631 1030 1540
9 1611 1612 1632 1631 1541
9 1612 1613 1633 1632 1542
9 1613 1614 1634 1633 1543
9 1614 1615 1635 1634 1544
9 1615 1616 1636 1635 1545
9 1616 1617 1637 1636 1546
9 1617 1618 1638 1637 1547
9 1618 1619 1639 1638 1548
9 1619 1620 1640 1639 1549
9 1620 1621 1641 1640 1550
9 1621 1622 1642 1641 1551
9 1622 1623 1643 1642 1552
9 1623 1624 1644 1643 1553
9 1624 1625 1645 1644 1554
9 1625 1626 1646 1645 1555
9 1626 1627 1647 1646 1556
9 1627 1628 1648 1647 1557
9 1628 1629 1649 1648 1558
9 1629 1630 1650 1649 1559
9 1030 1631 1651 1050 1560
9 1631 1632 1652 1651 1561
9 1632 1633 1653 1652 1562
9 1633 1634 1654 1653 1563
9 1634 1635 1655 1654 1564
9 1635 1636 1656 1655 1565
9 1636 1637 1657 1656 1566
9 1637 1638 1658 1657 1567
9 1638 1639 1659 1658 1568
9 1639 1640 1660 1659 1569
9 1640 1641 1661 1660 1570
9 1641 1642 1662 1661 1571
9 1642 1643 1663 1662 1572
9 1643 1644 1664 1663 1573
9 1644 1645 1665 1664 1574
9 1645 1646 1666 1665 1575
9 1646 1647 1667 1666 1576
9 1647 1648 1668 1667 1577
9 1648 1649 1669 1668 1578
9 1649 1650 1670 1669 1579
9 1050 1651 1671 1070 1580
9 1651 1652 1672 1671 1581
9 1652 1653 1673 1672 1582
9 1653 1654 1674 1673 1583
9 1654 1655 1675 1674 1584
9 1655 1656 1676 1675 1585
9 1656 1657 1677 1676 1586
9 1657 1658 1678 1677 1587
9 1658 1659 1679 1678 1588
9 1659 1660 1680 1679 1589
9 1660 1661 1681 1680 1590
9 1661 1662 1682 1681 1591
9 1662 1663 1683 1682 1592
9 1663 1664 1684 1683 1593
9 1664 1665 1685 1684 1594
9 1665 1666 1686 1685 1595
9 1666 1667 1687 1686 1596
9 1667 1668 1688 1687 1597
9 1668 1669 1689 1688 1598
9 1669 1670 1690 1689 1599
9 1070 1671 1691 1090 1600
9 1671 1672 1692 1691 1601
9 1672 1673 1693 1692 1602
9 1673 1674 1694 1693 1603
9 1674 1675 1695 1694 1604
9 1675 1676 1696 1695 1605
9 1676 1677 1697 1696 1606
9 1677 1678 1698 1697 1607
9 1678 1679 1699 1698 1608
9 1679 1680 1700 1699 1609
9 1680 1681 1701 1700 1610
9 1681 1682 1702 1701 1611
9 1682 1683 1703 1702 1612
9 1683 1684 1704 1703 1613
9 1684 1685 1705 1704 1614
9 1685 1686 1706 1705 1615
9 1686 1687 1707 1706 1616
9 1687 1688 1708 1707 1617
9 1688 1689 1709 1708 1618
9 1689 1690 1710 1709 1619
9 1090 1691 1711 1110 1620
9 1691 1692 1712 1711 1621
9 1692 1693 1713 1712 1622
9 1693 1694 1714 1713 1623
9 1694 1695 1715 1714 1624
9 1695 1696 1716 1715 1625
9 1696 1697 1717 1716 1626
9 1697 1698 1718 1717 1627
9 1698 1699 1719 1718 1628
9 1699 1700 1720 1719 1629
9 1700 1701 1721 1720 1630
9 1701 1702 1722 1721 1631
9 1702 1703 1723 1722 1632
9 1703 1704 1724 1723 1633
9 1704 1705 1725 1724 1634
9 1705 1706 1726 1725 1635
9 1706 1707 1727 1726 1636
9 1707 1708 1728 1727 1637
9 1708 1709 1729 1728 1638
9 1709 1710 1730 1729 1639
9 1110 1711 1731 1130 1640
9 1711 1712 1732 1731 1641
9 1712 1713 1733 1732 1642
9 1713 1714 1734 1733 1643
9 1714 1715 1735 1734 1644
9 1715 1716 1736 1735 1645
9 1716 1717 1737 1736 1646
9 1717 1718 1738 1737 1647
9 1718 1719 1739 1738 1648
9 1719 1720 1740 1739 1649
9 1720 1721 1741 1740 1650
9 1721 1722 1742 1741 1651
9 1722 1723 1743 1742 1652
9 1723 1724 1744 1743 1653
9 1724 1725 1745 1744 1654
9 1725 1726 1746 1745 1655
9 1726 1727 1747 1746 1656
9 1727 1728 1748 1747 1657
9 1728 1729 1749 1748 1658
9 1729 1730 1750 1749 1659
9 1130 1731 1751 1150 1660
9 1731 1732 1752 1751 1661
9 1732 1733 1753 1752 1662
9 1733 1734 1754 1753 1663
9 1734 1735 1755 1754 1664
9 1735 1736 1756 1755 1665
9 1736 1737 1757 1756 1666
9 1737 1738 1758 1757 1667
9 1738 1739 1759 1758 1668
9 1739 1740 1760 1759 1669
9 1740 1741 1761 1760 1670
9 1741 1742 1762 1761 1671
9 1742 1743 1763 1762 1672
9 1743 1744 1764 1763 1673
9 1744 1745 1765 1764 1674
9 1745 1746 1766 1765 1675
9 1746 1747 1767 1766 1676
9 1747 1748 1768 1767 1677
9 1748 1749 1769 1768 1678
9 1749 1750 1770 1769 1679
9 1150 1751 1771 1170 1680
9 1751 1752 1772 1771 1681
9 1752 1753 1773 1772 1682
9 1753 1754 1774 1773 1683
9 1754 1755 1775 1774 1684
9 1755 1756 1776 1775 1685
9 1756 1757 1777 1776 1686
9 1757 1758 1778 1777 1687
9 1758 1759 1779 1778 1688
9 1759 1760 1780 1779 1689
9 1760 1761 1781 1780 1690
9 1761 1762 1782 1781 1691
9 1762 1763 1783 1782 1692
9 1763 1764 1784 1783 1693
9 1764 1765 1785 1784 1694
9 1765 1766 1786 1785 1695
9 1766 1767 1787 1786 1696
9 1767 1768 1788 1787 1697
9 1768 1769 1789 1788 1698
9 1769 1770 1790 1789 1699
9 1170 1771 1791 1190 1700
9 1771 1772 1792 1791 1701
9 1772 1773 1793 1792 1702
9 1773 1774 1794 1793 1703
9 1774 1775 1795 1794 1704
9 1775 1776 1796 1795 1705
9 1776 1777 1797 1796 1706
9 1777 1778 1798 1797 1707
9 1778 1779 1799 1798 1708
9 1779 1780 1800 1799 1709
9 1780 1781 1801 1800 1710
9 1781 1782 1802 1801 1711
9 1782 1783 1803 1802 1712
9 1783 1784 1804 1803 1713
9 1784 1785 1805 1804 1714
9 1785 1786 1806 1805 1715
9 1786 1787 1807 1806 1716
9 1787 1788 1808 1807 1717
9 1788 1789 1809 1808 1718
9 1789 1790 1810 1809 1719
9 1190 1791 1811 1210 1720
9 1791 1792 1812 1811 1721
9 1792 1793 1813 1812 1722
9 1793 1794 1814 1813 1723
9 1794 1795 1815 1814 1724
9 1795 1796 1816 1815 1725
9 1796 1797 1817 1816 1726
9 1797 1798 1818 1817 1727
9 1798 1799 1819 1818 1728
9 1799 1800 1820 1819 1729
9 1800 1801 1821 1820 1730
9 1801 1802 1822 1821 1731
9 1802 1803 1823 1822 1732
9 1803 1804 1824 1823 1733
9 1804 1805 1825 1824 1734
9 1805 1806 1826 1825 1735
9 1806 1807 1827 1826 1736
9 1807 1808 1828 1827 1737
9 1808 1809 1829 1828 1738
9 1809 1810 1830 1829 1739
9 1210 1811 1831 1230 1740
9 1811 1812 1832 1831 1741
9 1812 1813 1833 1832 1742
9 1813 1814 1834 1833 1743
9 1814 1815 1835 1834 1744
9 1815 1816 1836 1835 1745
9 1816 1817 1837 1836 1746
9 1817 1818 1838 1837 1747
9 1818 1819 1839 1838 1748
9 1819 1820 1840 1839 1749
9 1820 1821 1841 1840 1750
9 1821 1822 1842 1841 1751
9 1822 1823 1843 1842 1752
9 1823 1824 1844 1843 1753
9 1824 1825 1845 1844 1754
9 1825 1826 1846 1845 1755
9 1826 1827 1847 1846 1756
9 1827 1828 1848 1847 1757
9 1828 1829 1849 1848 1758
9 1829 1830 1850 1849 1759
9 1230 1831 1851 1250 1760
9 1831 1832 1852 1851 1761
9 1832 1833 1853 1852 1762
9 1833 1834 1854 1853 1763
9 1834 1835 1855 1854 1764
9 1835 1836 1856 1855 1765
9 1836 1837 1857 1856 1766
9 1837 1838 1858 1857 1767
9 1838 1839 1859 1858 1768
9 1839 1840 1860 1859 1769
9 1840 1841 1861 1860 1770
9 1841 1842 1862 1861 1771
9 1842 1843 1863 1862 1772
9 1843 1844 1864 1863 1773
9 1844 1845 1865 1864 1774
9 1845 1846 1866 1865 1775
9 1846 1847 1867 1866 1776
9 1847 1848 1868 1867 1777
9 1848 1849 1869 1868 1778
9 1849 1850 1870 1869 1779
9 1250 1851 1871 1270 1780
9 1851 1852 1872 1871 1781
9 1852 1853 1873 1872 1782
9 1853 1854 1874 1873 1783
9 1854 1855 1875 1874 1784
9 1855 1856 1876 1875 1785
9 1856 1857 1877 1876 1786
9 1857 1858 1878 1877 1787
9 1858 1859 1879 1878 1788
9 1859 1860 1880 1879 1789
9 1860 1861 1881 1880 1790
9 1861 1862 1882 1881 1791
9 1862 1863 1883 1882 1792
9 1863 1864 1884 1883 1793
9 1864 1865 1885 1884 1794
9 1865 1866 1886 1885 1795
9 1866 1867 1887 1886 1796
9 1867 1868 1888 1887 1797
9 1868 1869 1889 1888 1798
9 1869 1870 1890 1889 1799
9 1290 1891 1911 1310 1800
9 1891 1892 1912 1911 1801
9 1892 1893 1913 1912 1802
9 1893 1894 1914 1913 1803
9 1894 1895 1915 1914 1804
9 1895 1896 1916 1915 1805
9 1896 1897 1917 1916 1806
9 1897 1898 1918 1917 1807
9 1898 1899 1919 1918 1808
9 1899 1900 1920 1919 1809
9 1900 1901 1921 1920 1810
9 1901 1902 1922 1921 1811
9 1902 1903 1923 1922 1812
9 1903 1904 1924 1923 1813
9 1904 1905 1925 1924 1814
9 1905 1906 1926 1925 1815
9 1906 1907 1927 1926 1816
9 1907 1908 1928 1927 1817
9 1908 1909 1929 1928 1818
9 1909 1910 1930 1929 1819
9 1310 1911 1931 1330 1820
9 1911 1912 1932 1931 1821
9 1912 1913 1933 1932 1822
9 1913 1914 1934 1933 1823
9 1914 1915 1935 1934 1824
9 1915 1916 1936 1935 1825
9 1916 1917 1937 1936 1826
9 1917 1918 1938 1937 1827
9 1918 1919 1939 1938 1828
9 1919 1920 1940 1939 1829
9 1920 1921 1941 1940 1830
9 1921 1922 1942 1941 1831
9 1922 1923 1943 1942 1832
9 1923 1924 1944 1943 1833
9 1924 1925 1945 1944 1834
9 1925 1926 1946 1945 1835
9 1926 1927 1947 1946 1836
9 1927 1928 1948 1947 1837
9 1928 1929 1949 1948 1838
9 1929 1930 1950 1949 1839
9 1330 1931 1951 1350 1840
9 1931 1932 1952 1951 1841
9 1932 1933 1953 1952 1842
9 1933 1934 1954 1953 1843
9 1934 1935 1955 1954 1844
9 1935 1936 1956 1955 1845
9 1936 1937 1957 1956 1846
9 1937 1938 1958 1957 1847
9 1938 1939 1959 1958 1848
9 1939 1940 1960 1959 1849
9 1940 1941 1961 1960 1850
9 1941 1942 1962 1961 1851
9 1942 1943 1963 1962 1852
9 1943 1944 1964 1963 1853
9 1944 1945 1965 1964 1854
9 1945 1946 1966 1965 1855
9 1946 1947 1967 1966 1856
9 1947 1948 1968 1967 1857
9 1948 1949 1969 1968 1858
9 1949 1950 1970 1969 1859
9 1350 1951 1971 1370 1860
9 1951 1952 1972 1971 1861
9 1952 1953 1973 1972 1862
9 1953 1954 1974 1973 1863
9 1954 1955 1975 1974 1864
9 1955 1956 1976 1975 1865
9 1956 1957 1977 1976 1866
9 1957 1958 1978 1977 1867
9 1958 1959 1979 1978 1868
9 1959 1960 1980 1979 1869
9 1960 1961 1981 1980 1870
9 1961 1962 1982 1981 1871
9 1962 1963 1983 1982 1872
9 1963 1964 1984 1983 1873
9 1964 1965 1985 1984 1874
9 1965 1966 1986 1985 1875
9 1966 1967 1987 1986 1876
9 1967 1968 1988 1987 1877
9 1968 1969 1989 1988 1878
9 1969 1970 1990 1989 1879
9 1370 1971 1991 1390 1880
9 1971 1972 1992 1991 1881
9 1972 1973 1993 1992 1882
9 1973 1974 1994 1993 1883
9 1974 1975 1995 1994 1884
9 1975 1976 1996 1995 1885
9 1976 1977 1997 1996 1886
9 1977 1978 1998 1997 1887
9 1978 1979 1999 1998 1888
9 1979 1980 2000 1999 1889
9 1980 1981 2001 2000 1890
9 1981 1982 2002 2001 1891
9 1982 1983 2003 2002 1892
9 1983 1984 2004 2003 1893
9 1984 1985 2005 2004 1894
9 1985 1986 2006 2005 1895
9 1986 1987 2007 2006 1896
9 1987 1988 2008 2007 1897
9 1988 1989 2009 2008 1898
9 1989 1990 2010 2009 1899
9 1390 1991 2011 1410 1900
9 1991 1992 2012 2011 1901
9 1992 1993 2013 2012 1902
9 1993 1994 2014 2013 1903
9 1994 1995 2015 2014 1904
9 1995 1996 2016 2015 1905
9 1996 1997 2017 2016 1906
9 1997 1998 2018 2017 1907
9 1998 1999 2019 2018 1908
9 1999 2000 2020 2019 1909
9 2000 2001 2021 2020 1910
9 2001 2002 2022 2021 1911
9 2002 2003 2023 2022 1912
9 2003 2004 2024 2023 1913
9 2004 2005 2025 2024 1914
9 2005 2006 2026 2025 1915
9 2006 2007 2027 2026 1916
9 2007 2008 2028 2027 1917
9 2008 2009 2029 2028 1918
9 2009 2010 2030 2029 1919
9 1410 2011 2031 1430 1920
9 2011 2012 2032 2031 1921
9 2012 2013 2033 2032 1922
9 2013 2014 2034 2033 1923
9 2014 2015 2035 2034 1924
9 2015 2016 2036 2035 1925
9 2016 2017 2037 2036 1926
9 2017 2018 2038 2037 1927
9 2018 2019 2039 2038 1928
9 2019 2020 2040 2039 1929
9 2020 2021 2041 2040 1930
9 2021 2022 2042 2041 1931
9 2022 2023 2043 2042 1932
9 2023 2024 2044 2043 1933
9 2024 2025 2045 2044 1934
9 2025 2026 2046 2045 1935
9 2026 2027 2047 2046 1936
9 2027 2028 2048 2047 1937
9 2028 2029 2049 2048 1938
9 2029 2030 2050 2049 1939
9 1430 2031 2051 1450 1940
9 2031 2032 2052 2051 1941
9 2032 2033 2053 2052 1942
9 2033 2034 2054 2053 1943
9 2034 2035 2055 2054 1944
9 2035 2036 2056 2055 1945
9 2036 2037 2057 2056 1946
9 2037 2038 2058 2057 1947
9 2038 2039 2059 2058 1948
9 2039 2040 2060 2059 1949
9 2040 2041 2061 2060 1950
9 2041 2042 2062 2061 1951
9 2042 2043 2063 2062 1952
9 2043 2044 2064 2063 1953
9 2044 2045 2065 2064 1954
9 2045 2046 2066 2065 1955
9 2046 2047 2067 2066 1956
9 2047 2048 2068 2067 1957
9 2048 2049 2069 2068 1958
9 2049 2050 2070 2069 1959
9 1450 2051 2071 1470 1960
9 2051 2052 2072 2071 1961
9 2052 2053 2073 2072 1962
9 2053 2054 2074 2073 1963
9 2054 2055 2075 2074 1964
9 2055 2056 2076 2075 1965
9 2056 2057 2077 2076 1966
9 2057 2058 2078 2077 1967
9 2058 2059 2079 2078 1968
9 2059 2060 2080 2079 1969
9 2060 2061 2081 2080 1970
9 2061 2062 2082 2081 1971
9 2062 2063 2083 2082 1972
9 2063 2064 2084 2083 1973
9 2064 2065 2085 2084 1974
9 2065 2066 2086 2085 1975
9 2066 2067 2087 2086 1976
9 2067 2068 2088 2087 1977
9 2068 2069 2089 2088 1978
9 2069 2070 2090 2089 1979
9 1470 2071 2091 1490 1980
9 2071 2072 2092 2091 1981
9 2072 2073 2093 2092 1982
9 2073 2074 2094 2093 1983
9 2074 2075 2095 2094 1984
9 2075 2076 2096 2095 1985
9 2076 2077 2097 2096 1986
9 2077 2078 2098 2097 1987
9 2078 2079 2099 2098 1988
9 2079 2080 2100 2099 1989
9 2080 2081 2101 2100 1990
9 2081 2082 2102 2101 1991
9 2082 2083 2103 2102 1992
9 2083 2084 2104 2103 1993
9 2084 2085 2105 2104 1994
9 2085 2086 2106 2105 1995
9 2086 2087 2107 2106 1996
9 2087 2088 2108 2107 1997
9 2088 2089 2109 2108 1998
9 2089 2090 2110 2109 1999
9 1490 2091 2111 1510 2000
9 2091 2092 2112 2111 2001
9 2092 2093 2113 2112 2002
9 2093 2094 2114 2113 2003
9 2094 2095 2115 2114 2004
9 2095 2096 2116 2115 2005
9 2096 2097 2117 2116 2006
9 2097 2098 2118 2117 2007
9 2098 2099 2119 2118 2008
9 2099 2100 2120 2119 2009
9 2100 2101 2121 2120 2010
9 2101 2102 2122 2121 2011
9 2102 2103 2123 2122 2012
9 2103 2104 2124 2123 2013
9 2104 2105 2125 2124 2014
9 2105 2106 2126 2125 2015
9 2106 2107 2127 2126 2016
9 2107 2108 2128 2127 2017
9 2108 2109 2129 2128 2018
9 2109 2110 2130 2129 2019
9 1510 2111 2131 1530 2020
9 2111 2112 2132 2131 2021
9 2112 2113 2133 2132 2022
9 2113 2114 2134 2133 2023
9 2114 2115 2135 2134 2024
9 2115 2116 2136 2135 2025
9 2116 2117 2137 2136 2026
9 2117 2118 2138 2137 2027
9 2118 2119 2139 2138 2028
9 2119 2120 2140 2139 2029
9 2120 2121 2141 2140 2030
9 2121 2122 2142 2141 2031
9 2122 2123 2143 2142 2032
9 2123 2124 2144 2143 2033
9 2124 2125 2145 2144 2034
9 2125 2126 2146 2145 2035
9 2126 2127 2147 2146 2036
9 2127 2128 2148 2147 2037
9 2128 2129 2149 2148 2038
9 2129 2130 2150 2149 2039
9 1530 2131 2151 1550 2040
9 2131 2132 2152 2151 2041
9 2132 2133 2153 2152 2042
9 2133 2134 2154 2153 2043
9 2134 2135 2155 2154 2044
9 2135 2136 2156 2155 2045
9 2136 2137 2157 2156 2046
9 2137 2138 2158 2157 2047
9 2138 2139 2159 2158 2048
9 2139 2140 2160 2159 2049
9 2140 2141 2161 2160 2050
9 2141 2142 2162 2161 2051
9 2142 2143 2163 2162 2052
9 2143 2144 2164 2163 2053
9 2144 2145 2165 2164 2054
9 2145 2146 2166 2165 2055
9 2146 2147 2167 2166 2056
9 2147 2148 2168 2167 2057
9 2148 2149 2169 2168 2058
9 2149 2150 2170 2169 2059
9 1550 2151 2171 1570 2060
9 2151 2152 2172 2171 2061
9 2152 2153 2173 2172 2062
9 2153 2154 2174 2173 2063
9 2154 2155 2175 2174 2064
9 2155 2156 2176 2175 2065
9 2156 2157 2177 2176 2066
9 2157 2158 2178 2177 2067
9 2158 2159 2179 2178 2068
9 2159 2160 2180 2179 2069
9 2160 2161 2181 2180 2070
9 2161 2162 2182 2181 2071
9 2162 2163 2183 2182 2072
9 2163 2164 2184 2183 2073
9 2164 2165 2185 2184 2074
9 2165 2166 2186 2185 2075
9 2166 2167 2187 2186 2076
9 2167 2168 2188 2187 2077
9 2168 2169 2189 2188 2078
9 2169 2170 2190 2189 2079
9 1570 2171 2191 1590 2080
9 2171 2172 2192 2191 2081
9 2172 2173 2193 2192 2082
9 2173 2174 2194 2193 2083
9 2174 2175 2195 2194 2084
9 2175 2176 2196 2195 2085
9 2176 2177 2197 2196 2086
9 2177 2178 2198 2197 2087
9 2178 2179 2199 2198 2088
9 2179 2180 2200 2199 2089
9 2180 2181 2201 2200 2090
9 2181 2182 2202 2201 2091
9 2182 2183 2203 2202 2092
9 2183 2184 2204 2203 2093
9 2184 2185 2205 2204 2094
9 2185 2186 2206 2205 2095
9 2186 2187 2207 2206 2096
9 2187 2188 2208 2207 2097
9 2188 2189 2209 2208 2098
9 2189 2190 2210 2209 2099
9 1590 2191 2211 1610 2100
9 2191 2192 2212 2211 2101
9 2192 2193 2213 2212 2102
9 2193 2194 2214 2213 2103
9 2194 2195 2215 2214 2104
9 2195 2196 2216 2215 2105
9 2196 2197 2217 2216 2106
9 2197 2198 2218 2217 2107
9 2198 2199 2219 2218 2108
9 2199 2200 2220 2219 2109
9 2200 2201 2221 2220 2110
9 2201 2202 2222 2221 2111
9 2202 2203 2223 2222 2112
9 2203 2204 2224 2223 2113
9 2204 2205 2225 2224 2114
9 2205 2206 2226 2225 2115
9 2206 2207 2227 2226 2116
9 2207 2208 2228 2227 2117
9 2208 2209 2229 2228 2118
9 2209 2210 2230 2229 2119
9 1610 2211 2231 1630 2120
9 2211 2212 2232 2231 2121
9 2212 2213 2233 2232 2122
9 2213 2214 2234 2233 2123
9 2214 2215 2235 2234 2124
9 2215 2216 2236 2235 2125
9 2216 2217 2237 2236 2126
9 2217 2218 2238 2237 2127
9 2218 2219 2239 2238 2128
9 2219 2220 2240 2239 2129
9 2220 2221 2241 2240 2130
9 2221 2222 2242 2241 2131
9 2222 2223 2243 2242 2132
9 2223 2224 2244 2243 2133
9 2224 2225 2245 2244 2134
9 2225 2226 2246 2245 2135
9 2226 2227 2247 2246 2136
9 2227 2228 2248 2247 2137
9 2228 2229 2249 2248 2138
9 2229 2230 2250 2249 2139
9 1630 2231 2251 1650 2140
9 2231 2232 2252 2251 2141
9 2232 2233 2253 2252 2142
9 2233 2234 2254 2253 2143
9 2234 2235 2255 2254 2144
9 2235 2236 2256 2255 2145
9 2236 2237 2257 2256 2146
9 2237 2238 2258 2257 2147
9 2238 2239 2259 2258 2148
9 2239 2240 2260 2259 2149
9 2240 2241 2261 2260 2150
9 2241 2242 2262 2261 2151
9 2242 2243 2263 2262 2152
9 2243 2244 2264 2263 2153
9 2244 2245 2265 2264 2154
9 2245 2246 2266 2265 2155
9 2246 2247 2267 2266 2156
9 2247 2248 2268 2267 2157
9 2248 2249 2269 2268 2158
9 2249 2250 2270 2269 2159
9 1650 2251 2271 1670 2160
9 2251 2252 2272 2271 2161
9 2252 2253 2273 2272 2162
9 2253 2254 2274 2273 2163
9 2254 2255 2275 2274 2164
9 2255 2256 2276 2275 2165
9 2256 2257 2277 2276 2166
9 2257 2258 2278 2277 2167
9 2258 2259 2279 2278 2168
9 2259 2260 2280 2279 2169
9 2260 2261 2281 2280 2170
9 2261 2262 2282 2281 2171
9 2262 2263 2283 2282 2172
9 2263 2264 2284 2283 2173
9 2264 2265 2285 2284 2174
9 2265 2266 2286 2285 2175
9 2266 2267 2287 2286 2176
9 2267 2268 2288 2287 2177
9 2268 2269 2289 2288 2178
9 2269 2270 2290 2289 2179
9 1670 2271 2291 1690 2180
9 2271 2272 2292 2291 2181
9 2272 2273 2293 2292 2182
9 2273 2274 2294 2293 2183
9 2274 2275 2295 2294 2184
9 2275 2276 2296 2295 2185
9 2276 2277 2297 2296 2186
9 2277 2278 2298 2297 2187
9 2278 2279 2299 2298 2188
9 2279 2280 2300 2299 2189
9 2280 2281 2301 2300 2190
9 2281 2282 2302 2301 2191
9 2282 2283 2303 2302 2192
9 2283 2284 2304 2303 2193
9 2284 2285 2305 2304 2194
9 2285 2286 2306 2305 2195
9 2286 2287 2307 2306 2196
9 2287 2288 2308 2307 2197
9 2288 2289 2309 2308 2198
9 2289 2290 2310 2309 2199
9 1690 2291 2311 1710 2200
9 2291 2292 2312 2311 2201
9 2292 2293 2313 2312 2202
9 2293 2294 2314 2313 2203
9 2294 2295 2315 2314 2204
9 2295 2296 2316 2315 2205
9 2296 2297 2317 2316 2206
9 2297 2298 2318 2317 2207
9 2298 2299 2319 2318 2208
9 2299 2300 2320 2319 2209
9 2300 2301 2321 2320 2210
9 2301 2302 2322 2321 2211
9 2302 2303 2323 2322 2212
9 2303 2304 2324 2323 2213
9 2304 2305 2325 2324 2214
9 2305 2306 2326 2325 2215
9 2306 2307 2327 2326 2216
9 2307 2308 2328 2327 2217
9 2308 2309 2329 2328 2218
9 2309 2310 2330 2329 2219
9 1710 2311 2331 1730 2220
9 2311 2312 2332 2331 2221
9 2312 2313 2333 2332 2222
9 2313 2314 2334 2333 2223
9 2314 2315 2335 2334 2224
9 2315 2316 2336 2335 2225
9 2316 2317 2337 2336 2226
9 2317 2318 2338 2337 2227
9 2318 2319 2339 2338 2228
9 2319 2320 2340 2339 2229
9 2320 2321 2341 2340 2230
9 2321 2322 2342 2341 2231
9 2322 2323 2343 2342 2232
9 2323 2324 2344 2343 2233
9 2324 2325 2345 2344 2234
9 2325 2326 2346 2345 2235
9 2326 2327 2347 2346 2236
9 2327 2328 2348 2347 2237
9 2328 2329 2349 2348 2238
9 2329 2330 2350 2349 2239
9 1730 2331 2351 1750 2240
9 2331 2332 2352 2351 2241
9 2332 2333 2353 2352 2242
9 2333 2334 2354 2353 2243
9 2334 2335 2355 2354 2244
9 2335 2336 2356 2355 2245
9 2336 2337 2357 2356 2246
9 2337 2338 2358 2357 2247
9 2338 2339 2359 2358 2248
9 2339 2340 2360 2359 2249
9 2340 2341 2361 2360 2250
9 2341 2342 2362 2361 2251
9 2342 2343 2363 2362 2252
9 2343 2344 2364 2363 2253
9 2344 2345 2365 2364 2254
9 2345 2346 2366 2365 2255
9 2346 2347 2367 2366 2256
9 2347 2348 2368 2367 2257
9 2348 2349 2369 2368 2258
9 2349 2350 2370 2369 2259
9 1750 2351 2371 1770 2260
9 2351 2352 2372 2371 2261
9 2352 2353 2373 2372 2262
9 2353 2354 2374 2373 2263
9 2354 2355 2375 2374 2264
9 2355 2356 2376 2375 2265
9 2356 2357 2377 2376 2266
9 2357 2358 2378 2377 2267
9 2358 2359 2379 2378 2268
9 2359 2360 2380 2379 2269
9 2360 2361 2381 2380 2270
9 2361 2362 2382 2381 2271
9 2362 2363 2383 2382 2272
9 2363 2364 2384 2383 2273
9 2364 2365 2385 2384 2274
9 2365 2366 2386 2385 2275
9 2366 2367 2387 2386 2276
9 2367 2368 2388 2387 2277
9 2368 2369 2389 2388 2278
9 2369 2370 2390 2389 2279
9 1770 2371 2391 1790 2280
9 2371 2372 2392 2391 2281
9 2372 2373 2393 2392 2282
9 2373 2374 2394 2393 2283
9 2374 2375 2395 2394 2284
9 2375 2376 2396 2395 2285
9 2376 2377 2397 2396 2286
9 2377 2378 2398 2397 2287
9 2378 2379 2399 2398 2288
9 2379 2380 2400 2399 2289
9 2380 2381 2401 2400 2290
9 2381 2382 2402 2401 2291
9 2382 2383 2403 2402 2292
9 2383 2384 2404 2403 2293
9 2384 2385 2405 2404 2294
9 2385 2386 2406 2405 2295
9 2386 2387 2407 2406 2296
9 2387 2388 2408 2407 2297
9 2388 2389 2409 2408 2298
9 2389 2390 2410 2409 2299
9 1790 2391 2411 1810 2300
9 2391 2392 2412 2411 2301
9 2392 2393 2413 2412 2302
9 2393 2394 2414 2413 2303
9 2394 2395 2415 2414 2304
9 2395 2396 2416 2415 2305
9 2396 2397 2417 2416 2306
9 2397 2398 2418 2417 2307
9 2398 2399 2419 2418 2308
9 2399 2400 2420 2419 2309
9 2400 2401 2421 2420 2310
9 2401 2402 2422 2421 2311
9 2402 2403 2423 2422 2312
9 2403 2404 2424 2423 2313
9 2404 2405 2425 2424 2314
9 2405 2406 2426 2425 2315
9 2406 2407 2427 2426 2316
9 2407 2408 2428 2427 2317
9 2408 2409 2429 2428 2318
9 2409 2410 2430 2429 2319
9 1810 2411 2431 1830 2320
9 2411 2412 2432 2431 2321
9 2412 2413 2433 2432 2322
9 2413 2414 2434 2433 2323
9 2414 2415 2435 2434 2324
9 2415 2416 2436 2435 2325
9 2416 2417 2437 2436 2326
9 2417 2418 2438 2437 2327
9 2418 2419 2439 2438 2328
9 2419 2420 2440 2439 2329
9 2420 2421 2441 2440 2330
9 2421 2422 2442 2441 2331
9 2422 2423 2443 2442 2332
9 2423 2424 2444 2443 2333
9 2424 2425 2445 2444 2334
9 2425 2426 2446 2445 2335
9 2426 2427 2447 2446 2336
9 2427 2428 2448 2447 2337
9 2428 2429 2449 2448 2338
9 2429 2430 2450 2449 2339
9 1830 2431 2451 1850 2340
9 2431 2432 2452 2451 2341
9 2432 2433 2453 2452 2342
9 2433 2434 2454 2453 2343
9 2434 2435 2455 2454 2344
9 2435 2436 2456 2455 2345
9 2436 2437 2457 2456 2346
9 2437 2438 2458 2457 2347
9 2438 2439 2459 2458 2348
9 2439 2440 2460 2459 2349
9 2440 2441 2461 2460 2350
9 2441 2442 2462 2461 2351
9 2442 2443 2463 2462 2352
9 2443 2444 2464 2463 2353
9 2444 2445 2465 2464 2354
9 2445 2446 2466 2465 2355
9 2446 2447 2467 2466 2356
9 2447 2448 2468 2467 2357
9 2448 2449 2469 2468 2358
9 2449 2450 2470 2469 2359
9 1850 2451 2471 1870 2360
9 2451 2452 2472 2471 2361
9 2452 2453 2473 2472 2362
9 2453 2454 2474 2473 2363
9 2454 2455 2475 2474 2364
9 2455 2456 2476 2475 2365
9 2456 2457 2477 2476 2366
9 2457 2458 2478 2477 2367
9 2458 2459 2479 2478 2368
9 2459 2460 2480 2479 2369
9 2460 2461 2481 2480 2370
9 2461 2462 2482 2481 2371
9 2462 2463 2483 2482 2372
9 2463 2464 2484 2483 2373
9 2464 2465 2485 2484 2374
9 2465 2466 2486 2485 2375
9 2466 2467 2487 2486 2376
9 2467 2468 2488 2487 2377
9 2468 2469 2489 2488 2378
9 2469 2470 2490 2489 2379
9 1870 2471 2491 1890 2380
9 2471 2472 2492 2491 2381
9 2472 2473 2493 2492 2382
9 2473 2474 2494 2493 2383
9 2474 2475 2495 2494 2384
9 2475 2476 2496 2495 2385
9 2476 2477 2497 2496 2386
9 2477 2478 2498 2497 2387
9 2478 2479 2499 2498 2388
9 2479 2480 2500 2499 2389
9 2480 2481 2501 2500 2390
9 2481 2482 2502 2501 2391
9 2482 2483 2503 2502 2392
9 2483 2484 2504 2503 2393
9 2484 2485 2505 2504 2394
9 2485 2486 2506 2505 2395
9 2486 2487 2507 2506 2396
9 2487 2488 2508 2507 2397
9 2488 2489 2509 2508 2398
9 2489 2490 2510 2509 2399
9 1910 2511 2536 1930 2400
9 2511 2512 2537 2536 2401
9 2512 2513 2538 2537 2402
9 2513 2514 2539 2538 2403
9 2514 2515 2540 2539 2404
9 2515 2516 2541 2540 2405
9 2516 2517 2542 2541 2406
9 2517 2518 2543 2542 2407
9 2518 2519 2544 2543 2408
9 2519 2520 2545 2544 2409
9 2520 2521 2546 2545 2410
9 2521 2522 2547 2546 2411
9 2522 2523 2548 2547 2412
9 2523 2524 2549 2548 2413
9 2524 2525 2550 2549 2414
9 2525 2526 2551 2550 2415
9 2526 2527 2552 2551 2416
9 2527 2528 2553 2552 2417
9 2528 2529 2554 2553 2418
9 2529 2530 2555 2554 2419
9 2530 2531 2556 2555 2420
9 2531 2532 2557 2556 2421
9 2532 2533 2558 2557 2422
9 2533 2534 2559 2558 2423
9 2534 2535 2560 2559 2424
9 1930 2536 2561 1950 2425
9 2536 2537 2562 2561 2426
9 2537 2538 2563 2562 2427
9 2538 2539 2564 2563 2428
9 2539 2540 2565 2564 2429
9 2540 2541 2566 2565 2430
9 2541 2542 2567 2566 2431
9 2542 2543 2568 2567 2432
9 2543 2544 2569 2568 2433
9 2544 2545 2570 2569 2434
9 2545 2546 2571 2570 2435
9 2546 2547 2572 2571 2436
9 2547 2548 2573 2572 2437
9 2548 2549 2574 2573 2438
9 2549 2550 2575 2574 2439
9 2550 2551 2576 2575 2440
9 2551 2552 2577 2576 2441
9 2552 2553 2578 2577 2442
9 2553 2554 2579 2578 2443
9 2554 2555 2580 2579 2444
9 2555 2556 2581 2580 2445
9 2556 2557 2582 2581 2446
9 2557 2558 2583 2582 2447
9 2558 2559 2584 2583 2448
9 2559 2560 2585 2584 2449
9 1950 2561 2586 1970 2450
9 2561 2562 2587 2586 2451
9 2562 2563 2588 2587 2452
9 2563 2564 2589 2588 2453
9 2564 2565 2590 2589 2454
9 2565 2566 2591 2590 2455
9 2566 2567 2592 2591 2456
9 2567 2568 2593 2592 2457
9 2568 2569 2594 2593 2458
9 2569 2570 2595 2594 2459
9 2570 2571 2596 2595 2460
9 2571 2572 2597 2596 2461
9 2572 2573 2598 2597 2462
9 2573 2574 2599 2598 2463
9 2574 2575 2600 2599 2464
9 2575 2576 2601 2600 2465
9 2576 2577 2602 2601 2466
9 2577 2578 2603 2602 2467
9 2578 2579 2604 2603 2468
9 2579 2580 2605 2604 2469
9 2580 2581 2606 2605 2470
9 2581 2582 2607 2606 2471
9 2582 2583 2608 2607 2472
9 2583 2584 2609 2608 2473
9 2584 2585 2610 2609 2474
9 1970 2586 2611 1990 2475
9 2586 2587 2612 2611 2476
9 2587 2588 2613 2612 2477
9 2588 2589 2614 2613 2478
9 2589 2590 2615 2614 2479
9 2590 2591 2616 2615 2480
9 2591 2592 2617 2616 2481
9 2592 2593 2618 2617 2482
9 2593 2594 2619 2618 2483
9 2594 2595 2620 2619 2484
9 2595 2596 2621 2620 2485
9 2596 2597 2622 2621 2486
9 2597 2598 2623 2622 2487
9 2598 2599 2624 2623 2488
9 2599 2600 2625 2624 2489
9 2600 2601 2626 2625 2490
9 2601 2602 2627 2626 2491
9 2602 2603 2628 2627 2492
9 2603 2604 2629 2628 2493
9 2604 2605 2630 2629 2494
9 2605 2606 2631 2630 2495
9 2606 2607 2632 2631 2496
9 2607 2608 2633 2632 2497
9 2608 2609 2634 2633 2498
9 2609 2610 2635 2634 2499
9 1990 2611 2636 2010 2500
9 2611 2612 2637 2636 2501
9 2612 2613 2638 2637 2502
9 2613 2614 2639 2638 2503
9 2614 2615 2640 2639 2504
9 2615 2616 2641 2640 2505
9 2616 2617 2642 2641 2506
9 2617 2618 2643 2642 2507
9 2618 2619 2644 2643 2508
9 2619 2620 2645 2644 2509
9 2620 2621 2646 2645 2510
9 2621 2622 2647 2646 2511
9 2622 2623 2648 2647 2512
9 2623 2624 2649 2648 2513
9 2624 2625 2650 2649 2514
9 2625 2626 2651 2650 2515
9 2626 2627 2652 2651 2516
9 2627 2628 2653 2652 2517
9 2628 2629 2654 2653 2518
9 2629 2630 2655 2654 2519
9 2630 2631 2656 2655 2520
9 2631 2632 2657 2656 2521
9 2632 2633 2658 2657 2522
9 2633 2634 2659 2658 2523
9 2634 2635 2660 2659 2524
9 2010 2636 2661 2030 2525
9 2636 2637 2662 2661 2526
9 2637 2638 2663 2662 2527
9 2638 2639 2664 2663 2528
9 2639 2640 2665 2664 2529
9 2640 2641 2666 2665 2530
9 2641 2642 2667 2666 2531
9 2642 2643 2668 2667 2532
9 2643 2644 2669 2668 2533
9 2644 2645 2670 2669 2534
9 2645 2646 2671 2670 2535
9 2646 2647 2672 2671 2536
9 2647 2648 2673 2672 2537
9 2648 2649 2674 2673 2538
9 2649 2650 2675 2674 2539
9 2650 2651 2676 2675 2540
9 2651 2652 2677 2676 2541
9 2652 2653 2678 2677 2542
9 2653 2654 2679 2678 2543
9 2654 2655 2680 2679 2544
9 2655 2656 2681 2680 2545
9 2656 2657 2682 2681 2546
9 2657 2658 2683 2682 2547
9 2658 2659 2684 2683 2548
9 2659 2660 2685 2684 2549
9 2030 2661 2686 2050 2550
9 2661 2662 2687 2686 2551
9 2662 2663 2688 2687 2552
9 2663 2664 2689 2688 2553
9 2664 2665 2690 2689 2554
9 2665 2666 2691 2690 2555
9 2666 2667 2692 2691 2556
9 2667 2668 2693 2692 2557
9 2668 2669 2694 2693 2558
9 2669 2670 2695 2694 2559
9 2670 2671 2696 2695 2560
9 2671 2672 2697 2696 2561
9 2672 2673 2698 2697 2562
9 2673 2674 2699 2698 2563
9 2674 2675 2700 2699 2564
9 2675 2676 2701 2700 2565
9 2676 2677 2702 2701 2566
9 2677 2678 2703 2702 2567
9 2678 2679 2704 2703 2568
9 2679 2680 2705 2704 2569
9 2680 2681 2706 2705 2570
9 2681 2682 2707 2706 2571
9 2682 2683 2708 2707 2572
9 2683 2684 2709 2708 2573
9 2684 2685 2710 2709 2574
9 2050 2686 2711 2070 2575
9 2686 2687 2712 2711 2576
9 2687 2688 2713 2712 2577
9 2688 2689 2714 2713 2578
9 2689 2690 2715 2714 2579
9 2690 2691 2716 2715 2580
9 2691 2692 2717 2716 2581
9 2692 2693 2718 2717 2582
9 2693 2694 2719 2718 2583
9 2694 2695 2720 2719 2584
9 2695 2696 2721 2720 2585
9 2696 2697 2722 2721 2586
9 2697 2698 2723 2722 2587
9 2698 2699 2724 2723 2588
9 2699 2700 2725 2724 2589
9 2700 2701 2726 2725 2590
9 2701 2702 2727 2726 2591
9 2702 2703 2728 2727 2592
9 2703 2704 2729 2728 2593
9 2704 2705 2730 2729 2594
9 2705 2706 2731 2730 2595
9 2706 2707 2732 2731 2596
9 2707 2708 2733 2732 2597
9 2708 2709 2734 2733 2598
9 2709 2710 2735 2734 2599
9 2070 2711 2736 2090 2600
9 2711 2712 2737 2736 2601
9 2712 2713 2738 2737 2602
9 2713 2714 2739 2738 2603
9 2714 2715 2740 2739 2604
9 2715 2716 2741 2740 2605
9 2716 2717 2742 2741 2606
9 2717 2718 2743 2742 2607
9 2718 2719 2744 2743 2608
9 2719 2720 2745 2744 2609
9 2720 2721 2746 2745 2610
9 2721 2722 2747 2746 2611
9 2722 2723 2748 2747 2612
9 2723 2724 2749 2748 2613
9 2724 2725 2750 2749 2614
9 2725 2726 2751 2750 2615
9 2726 2727 2752 2751 2616
9 2727 2728 2753 2752 2617
9 2728 2729 2754 2753 2618
9 2729 2730 2755 2754 2619
9 2730 2731 2756 2755 2620
9 2731 2732 2757 2756 2621
9 2732 2733 2758 2757 2622
9 2733 2734 2759 2758 2623
9 2734 2735 2760 2759 2624
9 2090 2736 2761 2110 2625
9 2736 2737 2762 2761 2626
9 2737 2738 2763 2762 2627
9 2738 2739 2764 2763 2628
9 2739 2740 2765 2764 2629
9 2740 2741 2766 2765 2630
9 2741 2742 2767 2766 2631
9 2742 2743 2768 2767 2632
9 2743 2744 2769 2768 2633
9 2744 2745 2770 2769 2634
9 2745 2746 2771 2770 2635
9 2746 2747 2772 2771 2636
9 2747 2748 2773 2772 2637
9 2748 2749 2774 2773 2638
9 2749 2750 2775 2774 2639
9 2750 2751 2776 2775 2640
9 2751 2752 2777 2776 2641
9 2752 2753 2778 2777 2642
9 2753 2754 2779 2778 2643
9 2754 2755 2780 2779 2644
9 2755 2756 2781 2780 2645
9 2756 2757 2782 2781 2646
9 2757 2758 2783 2782 2647
9 2758 2759 2784 2783 2648
9 2759 2760 2785 2784 2649
9 2110 2761 2786 2130 2650
9 2761 2762 2787 2786 2651
9 2762 2763 2788 2787 2652
9 2763 2764 2789 2788 2653
9 2764 2765 2790 2789 2654
9 2765 2766 2791 2790 2655
9 2766 2767 2792 2791 2656
9 2767 2768 2793 2792 2657
9 2768 2769 2794 2793 2658
9 2769 2770 2795 2794 2659
9 2770 2771 2796 2795 2660
9 2771 2772 2797 2796 2661
9 2772 2773 2798 2797 2662
9 2773 2774 2799 2798 2663
9 2774 2775 2800 2799 2664
9 2775 2776 2801 2800 2665
9 2776 2777 2802 2801 2666
9 2777 2778 2803 2802 2667
9 2778 2779 2804 2803 2668
9 2779 2780 2805 2804 2669
9 2780 2781 2806 2805 2670
9 2781 2782 2807 2806 2671
9 2782 2783 2808 2807 2672
9 2783 2784 2809 2808 2673
9 2784 2785 2810 2809 2674
9 2130 2786 2811 2150 2675
9 2786 2787 2812 2811 2676
9 2787 2788 2813 2812 2677
9 2788 2789 2814 2813 2678
9 2789 2790 2815 2814 2679
9 2790 2791 2816 2815 2680
9 2791 2792 2817 2816 2681
9 2792 2793 2818 2817 2682
9 2793 2794 2819 2818 2683
9 2794 2795 2820 2819 2684
9 2795 2796 2821 2820 2685
9 2796 2797 2822 2821 2686
9 2797 2798 2823 2822 2687
9 2798 2799 2824 2823 2688
9 2799 2800 2825 2824 2689
9 2800 2801 2826 2825 2690
9 2801 2802 2827 2826 2691
9 2802 2803 2828 2827 2692
9 2803 2804 2829 2828 2693
9 2804 2805 2830 2829 2694
9 2805 2806 2831 2830 2695
9 2806 2807 2832 2831 2696
9 2807 2808 2833 2832 2697
9 2808 2809 2834 2833 2698
9 2809 2810 2835 2834 2699
9 2150 2811 2836 2170 2700
9 2811 2812 2837 2836 2701
9 2812 2813 2838 2837 2702
9 2813 2814 2839 2838 2703
9 2814 2815 2840 2839 2704
9 2815 2816 2841 2840 2705
9 2816 2817 2842 2841 2706
9 2817 2818 2843 2842 2707
9 2818 2819 2844 2843 2708
9 2819 2820 2845 2844 2709
9 2820 2821 2846 2845 2710
9 2821 2822 2847 2846 2711
9 2822 2823 2848 2847 2712
9 2823 2824 2849 2848 2713
9 2824 2825 2850 2849 2714
9 2825 2826 2851 2850 2715
9 2826 2827 2852 2851 2716
9 2827 2828 2853 2852 2717
9 2828 2829 2854 2853 2718
9 2829 2830 2855 2854 2719
9 2830 2831 2856 2855 2720
9 2831 2832 2857 2856 2721
9 2832 2833 2858 2857 2722
9 2833 2834 2859 2858 2723
9 2834 2835 2860 2859 2724
9 2170 2836 2861 2190 2725
9 2836 2837 2862 2861 2726
9 2837 2838 2863 2862 2727
9 2838 2839 2864 2863 2728
9 2839 2840 2865 2864 2729
9 2840 2841 2866 2865 2730
9 2841 2842 2867 2866 2731
9 2842 2843 2868 2867 2732
9 2843 2844 2869 2868 2733
9 2844 2845 2870 2869 2734
9 2845 2846 2871 2870 2735
9 2846 2847 2872 2871 2736
9 2847 2848 2873 2872 2737
9 2848 2849 2874 2873 2738
9 2849 2850 2875 2874 2739
9 2850 2851 2876 2875 2740
9 2851 2852 2877 2876 2741
9 2852 2853 2878 2877 2742
9 2853 2854 2879 2878 2743
9 2854 2855 2880 2879 2744
9 2855 2856 2881 2880 2745
9 2856 2857 2882 2881 2746
9 2857 2858 2883 2882 2747
9 2858 2859 2884 2883 2748
9 2859 2860 2885 2884 2749
9 2190 2861 2886 2210 2750
9 2861 2862 2887 2886 2751
9 2862 2863 2888 2887 2752
9 2863 2864 2889 2888 2753
9 2864 2865 2890 2889 2754
9 2865 2866 2891 2890 2755
9 2866 2867 2892 2891 2756
9 2867 2868 2893 2892 2757
9 2868 2869 2894 2893 2758
9 2869 2870 2895 2894 2759
9 2870 2871 2896 2895 2760
9 2871 2872 2897 2896 2761
9 2872 2873 2898 2897 2762
9 2873 2874 2899 2898 2763
9 2874 2875 2900 2899 2764
9 2875 2876 2901 2900 2765
9 2876 2877 2902 2901 2766
9 2877 2878 2903 2902 2767
9 2878 2879 2904 2903 2768
9 2879 2880 2905 2904 2769
9 2880 2881 2906 2905 2770
9 2881 2882 2907 2906 2771
9 2882 2883 2908 2907 2772
9 2883 2884 2909 2908 2773
9 2884 2885 2910 2909 2774
9 2210 2886 2911 2230 2775
9 2886 2887 2912 2911 2776
9 2887 2888 2913 2912 2777
9 2888 2889 2914 2913 2778
9 2889 2890 2915 2914 2779
9 2890 2891 2916 2915 2780
9 2891 2892 2917 2916 2781
9 2892 2893 2918 2917 2782
9 2893 2894 2919 2918 2783
9 2894 2895 2920 2919 2784
9 2895 2896 2921 2920 2785
9 2896 2897 2922 2921 2786
9 2897 2898 2923 2922 2787
9 2898 2899 2924 2923 2788
9 2899 2900 2925 2924 2789
9 2900 2901 2926 2925 2790
9 2901 2902 2927 2926 2791
9 2902 2903 2928 2927 2792
9 2903 2904 2929 2928 2793
9 2904 2905 2930 2929 2794
9 2905 2906 2931 2930 2795
9 2906 2907 2932 2931 2796
9 2907 2908 2933 2932 2797
9 2908 2909 2934 2933 2798
9 2909 2910 2935 2934 2799
9 2230 2911 2936 2250 2800
9 2911 2912 2937 2936 2801
9 2912 2913 2938 2937 2802
9 2913 2914 2939 2938 2803
9 2914 2915 2940 2939 2804
9 2915 2916 2941 2940 2805
9 2916 2917 2942 2941 2806
9 2917 2918 2943 2942 2807
9 2918 2919 2944 2943 2808
9 2919 2920 2945 2944 2809
9 2920 2921 2946 2945 2810
9 2921 2922 2947 2946 2811
9 2922 2923 2948 2947 2812
9 2923 2924 2949 2948 2813
9 2924 2925 2950 2949 2814
9 2925 2926 2951 2950 2815
9 2926 2927 2952 2951 2816
9 2927 2928 2953 2952 2817
9 2928 2929 2954 2953 2818
9 2929 2930 2955 2954 2819
9 2930 2931 2956 2955 2820
9 2931 2932 2957 2956 2821
9 2932 2933 2958 2957 2822
9 2933 2934 2959 2958 2823
9 2934 2935 2960 2959 2824
9 2250 2936 2961 2270 2825
9 2936 2937 2962 2961 2826
9 2937 2938 2963 2962 2827
9 2938 2939 2964 2963 2828
9 2939 2940 2965 2964 2829
9 2940 2941 2966 2965 2830
9 2941 2942 2967 2966 2831
9 2942 2943 2968 2967 2832
9 2943 2944 2969 2968 2833
9 2944 2945 2970 2969 2834
9 2945 2946 2971 2970 2835
9 2946 2947 2972 2971 2836
9 2947 2948 2973 2972 2837
9 2948 2949 2974 2973 2838
9 2949 2950 2975 2974 2839
9 2950 2951 2976 2975 2840
9 2951 2952 2977 2976 2841
9 2952 2953 2978 2977 2842
9 2953 2954 2979 2978 2843
9 2954 2955 2980 2979 2844
9 2955 2956 2981 2980 2845
9 2956 2957 2982 2981 2846
9 2957 2958 2983 2982 2847
9 2958 2959 2984 2983 2848
9 2959 2960 2985 2984 2849
9 2270 2961 2986 2290 2850
9 2961 2962 2987 2986 2851
9 2962 2963 2988 2987 2852
9 2963 2964 2989 2988 2853
9 2964 2965 2990 2989 2854
9 2965 2966 2991 2990 2855
9 2966 2967 2992 2991 2856
9 2967 2968 2993 2992 2857
9 2968 2969 2994 2993 2858
9 2969 2970 2995 2994 2859
9 2970 2971 2996 2995 2860
9 2971 2972 2997 2996 2861
9 2972 2973 2998 2997 2862
9 2973 2974 2999 2998 2863
9 2974 2975 3000 2999 2864
9 2975 2976 3001 3000 2865
9 2976 2977 3002 3001 2866
9 2977 2978 3003 3002 2867
9 2978 2979 3004 3003 2868
9 2979 2980 3005 3004 2869
9 2980 2981 3006 3005 2870
9 2981 2982 3007 3006 2871
9 2982 2983 3008 3007 2872
9 2983 2984 3009 3008 2873
9 2984 2985 3010 3009 2874
9 2290 2986 3011 2310 2875
9 2986 2987 3012 3011 2876
9 2987 2988 3013 3012 2877
9 2988 2989 3014 3013 2878
9 2989 2990 3015 3014 2879
9 2990 2991 3016 3015 2880
9 2991 2992 3017 3016 2881
9 2992 2993 3018 3017 2882
9 2993 2994 3019 3018 2883
9 2994 2995 3020 3019 2884
9 2995 2996 3021 3020 2885
9 2996 2997 3022 3021 2886
9 2997 2998 3023 3022 2887
9 2998 2999 3024 3023 2888
9 2999 3000 3025 3024 2889
9 3000 3001 3026 3025 2890
9 3001 3002 3027 3026 2891
9 3002 3003 3028 3027 2892
9 3003 3004 3029 3028 2893
9 3004 3005 3030 3029 2894
9 3005 3006 3031 3030 2895
9 3006 3007 3032 3031 2896
9 3007 3008 3033 3032 2897
9 3008 3009 3034 3033 2898
9 3009 3010 3035 3034 2899
9 2310 3011 3036 2330 2900
9 3011 3012 3037 3036 2901
9 3012 3013 3038 3037 2902
9 3013 3014 3039 3038 2903
9 3014 3015 3040 3039 2904
9 3015 3016 3041 3040 2905
9 3016 3017 3042 3041 2906
9 3017 3018 3043 3042 2907
9 3018 3019 3044 3043 2908
9 3019 3020 3045 3044 2909
9 3020 3021 3046 3045 2910
9 3021 3022 3047 3046 2911
9 3022 3023 3048 3047 2912
9 3023 3024 3049 3048 2913
9 3024 3025 3050 3049 2914
9 3025 3026 3051 3050 2915
9 3026 3027 3052 3051 2916
9 3027 3028 3053 3052 2917
9 3028 3029 3054 3053 2918
9 3029 3030 3055 3054 2919
9 3030 3031 3056 3055 2920
9 3031 3032 3057 3056 2921
9 3032 3033 3058 3057 2922
9 3033 3034 3059 3058 2923
9 3034 3035 3060 3059 2924
9 2330 3036 3061 2350 2925
9 3036 3037 3062 3061 2926
9 3037 3038 3063 3062 2927
9 3038 3039 3064 3063 2928
9 3039 3040 3065 3064 2929
9 3040 3041 3066 3065 2930
9 3041 3042 3067 3066 2931
9 3042 3043 3068 3067 2932
9 3043 3044 3069 3068 2933
9 3044 3045 3070 3069 2934
9 3045 3046 3071 3070 2935
9 3046 3047 3072 3071 2936
9 3047 3048 3073 3072 2937
9 3048 3049 3074 3073 2938
9 3049 3050 3075 3074 2939
9 3050 3051 3076 3075 2940
9 3051 3052 3077 3076 2941
9 3052 3053 3078 3077 2942
9 3053 3054 3079 3078 2943
9 3054 3055 3080 3079 2944
9 3055 3056 3081 3080 2945
9 3056 3057 3082 3081 2946
9 3057 3058 3083 3082 2947
9 3058 3059 3084 3083 2948
9 3059 3060 3085 3084 2949
9 2350 3061 3086 2370 2950
9 3061 3062 3087 3086 2951
9 3062 3063 3088 3087 2952
9 3063 3064 3089 3088 2953
9 3064 3065 3090 3089 2954
9 3065 3066 3091 3090 2955
9 3066 3067 3092 3091 2956
9 3067 3068 3093 3092 2957
9 3068 3069 3094 3093 2958
9 3069 3070 3095 3094 2959
9 3070 3071 3096 3095 2960
9 3071 3072 3097 3096 2961
9 3072 3073 3098 3097 2962
9 3073 3074 3099 3098 2963
9 3074 3075 3100 3099 2964
9 3075 3076 3101 3100 2965
9 3076 3077 3102 3101 2966
9 3077 3078 3103 3102 2967
9 3078 3079 3104 3103 2968
9 3079 3080 3105 3104 2969
9 3080 3081 3106 3105 2970
9 3081 3082 3107 3106 2971
9 3082 3083 3108 3107 2972
9 3083 3084 3109 3108 2973
9 3084 3085 3110 3109 2974
9 2370 3086 3111 2390 2975
9 3086 3087 3112 3111 2976
9 3087 3088 3113 3112 2977
9 3088 3089 3114 3113 2978
9 3089 3090 3115 3114 2979
9 3090 3091 3116 3115 2980
9 3091 3092 3117 3116 2981
9 3092 3093 3118 3117 2982
9 3093 3094 3119 3118 2983
9 3094 3095 3120 3119 2984
9 3095 3096 3121 3120 2985
9 3096 3097 3122 3121 2986
9 3097 3098 3123 3122 2987
9 3098 3099 3124 3123 2988
9 3099 3100 3125 3124 2989
9 3100 3101 3126 3125 2990
9 3101 3102 3127 3126 2991
9 3102 3103 3128 3127 2992
9 3103 3104 3129 3128 2993
9 3104 3105 3130 3129 2994
9 3105 3106 3131 3130 2995
9 3106 3107 3132 3131 2996
9 3107 3108 3133 3132 2997
9 3108 3109 3134 3133 2998
9 3109 3110 3135 3134 2999
9 2390 3111 3136 2410 3000
9 3111 3112 3137 3136 3001
9 3112 3113 3138 3137 3002
9 3113 3114 3139 3138 3003
9 3114 3115 3140 3139 3004
9 3115 3116 3141 3140 3005
9 3116 3117 3142 3141 3006
9 3117 3118 3143 3142 3007
9 3118 3119 3144 3143 3008
9 3119 3120 3145 3144 3009
9 3120 3121 3146 3145 3010
9 3121 3122 3147 3146 3011
9 3122 3123 3148 3147 3012
9 3123 3124 3149 3148 3013
9 3124 3125 3150 3149 3014
9 3125 3126 3151 3150 3015
9 3126 3127 3152 3151 3016
9 3127 3128 3153 3152 3017
9 3128 3129 3154 3153 3018
9 3129 3130 3155 3154 3019
9 3130 3131 3156 3155 3020
9 3131 3132 3157 3156 3021
9 3132 3133 3158 3157 3022
9 3133 3134 3159 3158 3023
9 3134 3135 3160 3159 3024
9 2410 3136 3161 2430 3025
9 3136 3137 3162 3161 3026
9 3137 3138 3163 3162 3027
9 3138 3139 3164 3163 3028
9 3139 3140 3165 3164 3029
9 3140 3141 3166 3165 3030
9 3141 3142 3167 3166 3031
9 3142 3143 3168 3167 3032
9 3143 3144 3169 3168 3033
9 3144 3145 3170 3169 3034
9 3145 3146 3171 3170 3035
9 3146 3147 3172 3171 3036
9 3147 3148 3173 3172 3037
9 3148 3149 3174 3173 3038
9 3149 3150 3175 3174 3039
9 3150 3151 3176 3175 3040
9 3151 3152 3177 3176 3041
9 3152 3153 3178 3177 3042
9 3153 3154 3179 3178 3043
9 3154 3155 3180 3179 3044
9 3155 3156 3181 3180 3045
9 3156 3157 3182 3181 3046
9 3157 3158 3183 3182 3047
9 3158 3159 3184 3183 3048
9 3159 3160 3185 3184 3049
9 2430 3161 3186 2450 3050
9 3161 3162 3187 3186 3051
9 3162 3163 3188 3187 3052
9 3163 3164 3189 3188 3053
9 3164 3165 3190 3189 3054
9 3165 3166 3191 3190 3055
9 3166 3167 3192 3191 3056
9 3167 3168 3193 3192 3057
9 3168 3169 3194 3193 3058
9 3169 3170 3195 3194 3059
9 3170 3171 3196 3195 3060
9 3171 3172 3197 3196 3061
9 3172 3173 3198 3197 3062
9 3173 3174 3199 3198 3063
9 3174 3175 3200 3199 3064
9 3175 3176 3201 3200 3065
9 3176 3177 3202 3201 3066
9 3177 3178 3203 3202 3067
9 3178 3179 3204 3203 3068
9 3179 3180 3205 3204 3069
9 3180 3181 3206 3205 3070
9 3181 3182 3207 3206 3071
9 3182 3183 3208 3207 3072
9 3183 3184 3209 3208 3073
9 3184 3185 3210 3209 3074
9 2450 3186 3211 2470 3075
9 3186 3187 3212 3211 3076
9 3187 3188 3213 3212 3077
9 3188 3189 3214 3213 3078
9 3189 3190 3215 3214 3079
9 3190 3191 3216 3215 3080
9 3191 3192 3217 3216 3081
9 3192 3193 3218 3217 3082
9 3193 3194 3219 3218 3083
9 3194 3195 3220 3219 3084
9 3195 3196 3221 3220 3085
9 3196 3197 3222 3221 3086
9 3197 3198 3223 3222 3087
9 3198 3199 3224 3223 3088
9 3199 3200 3225 3224 3089
9 3200 3201 3226 3225 3090
9 3201 3202 3227 3226 3091
9 3202 3203 3228 3227 3092
9 3203 3204 3229 3228 3093
9 3204 3205 3230 3229 3094
9 3205 3206 3231 3230 3095
9 3206 3207 3232 3231 3096
9 3207 3208 3233 3232 3097
9 3208 3209 3234 3233 3098
9 3209 3210 3235 3234 3099
9 2470 3211 3236 2490 3100
9 3211 3212 3237 3236 3101
9 3212 3213 3238 3237 3102
9 3213 3214 3239 3238 3103
9 3214 3215 3240 3239 3104
9 3215 3216 3241 3240 3105
9 3216 3217 3242 3241 3106
9 3217 3218 3243 3242 3107
9 3218 3219 3244 3243 3108
9 3219 3220 3245 3244 3109
9 3220 3221 3246 3245 3110
9 3221 3222 3247 3246 3111
9 3222 3223 3248 3247 3112
9 3223 3224 3249 3248 3113
9 3224 3225 3250 3249 3114
9 3225 3226 3251 3250 3115
9 3226 3227 3252 3251 3116
9 3227 3228 3253 3252 3117
9 3228 3229 3254 3253 3118
9 3229 3230 3255 3254 3119
9 3230 3231 3256 3255 3120
9 3231 3232 3257 3256 3121
9 3232 3233 3258 3257 3122
9 3233 3234 3259 3258 3123
9 3234 3235 3260 3259 3124
9 2490 3236 3261 2510 3125
9 3236 3237 3262 3261 3126
9 3237 3238 3263 3262 3127
9 3238 3239 3264 3263 3128
9 3239 3240 3265 3264 3129
9 3240 3241 3266 3265 3130
9 3241 3242 3267 3266 3131
9 3242 3243 3268 3267 3132
9 3243 3244 3269 3268 3133
9 3244 3245 3270 3269 3134
9 3245 3246 3271 3270 3135
9 3246 3247 3272 3271 3136
9 3247 3248 3273 3272 3137
9 3248 3249 3274 3273 3138
9 3249 3250 3275 3274 3139
9 3250 3251 3276 3275 3140
9 3251 3252 3277 3276 3141
9 3252 3253 3278 3277 3142
9 3253 3254 3279 3278 3143
9 3254 3255 3280 3279 3144
9 3255 3256 3281 3280 3145
9 3256 3257 3282 3281 3146
9 3257 3258 3283 3282 3147
9 3258 3259 3284 3283 3148
9 3259 3260 3285 3284 3149
9 2535 3286 3311 2560 3150
9 3286 3287 3312 3311 3151
9 3287 3288 3313 3312 3152
9 3288 3289 3314 3313 3153
9 3289 3290 3315 3314 3154
9 3290 3291 3316 3315 3155
9 3291 3292 3317 3316 3156
9 3292 3293 3318 3317 3157
9 3293 3294 3319 3318 3158
9 3294 3295 3320 3319 3159
9 3295 3296 3321 3320 3160
9 3296 3297 3322 3321 3161
9 3297 3298 3323 3322 3162
9 3298 3299 3324 3323 3163
9 3299 3300 3325 3324 3164
9 3300 3301 3326 3325 3165
9 3301 3302 3327 3326 3166
9 3302 3303 3328 3327 3167
9 3303 3304 3329 3328 3168
9 3304 3305 3330 3329 3169
9 3305 3306 3331 3330 3170
9 3306 3307 3332 3331 3171
9 3307 3308 3333 3332 3172
9 3308 3309 3334 3333 3173
9 3309 3310 3335 3334 3174
9 2560 3311 3336 2585 3175
9 3311 3312 3337 3336 3176
9 3312 3313 3338 3337 3177
9 3313 3314 3339 3338 3178
9 3314 3315 3340 3339 3179
9 3315 3316 3341 3340 3180
9 3316 3317 3342 3341 3181
9 3317 3318 3343 3342 3182
9 3318 3319 3344 3343 3183
9 3319 3320 3345 3344 3184
9 3320 3321 3346 3345 3185
9 3321 3322 3347 3346 3186
9 3322 3323 3348 3347 3187
9 3323 3324 3349 3348 3188
9 3324 3325 3350 3349 3189
9 3325 3326 3351 3350 3190
9 3326 3327 3352 3351 3191
9 3327 3328 3353 3352 3192
9 3328 3329 3354 3353 3193
9 3329 3330 3355 3354 3194
9 3330 3331 3356 3355 3195
9 3331 3332 3357 3356 3196
9 3332 3333 3358 3357 3197
9 3333 3334 3359 3358 3198
9 3334 3335 3360 3359 3199
9 2585 3336 3361 2610 3200
9 3336 3337 3362 3361 3201
9 3337 3338 3363 3362 3202
9 3338 3339 3364 3363 3203
9 3339 3340 3365 3364 3204
9 3340 3341 3366 3365 3205
9 3341 3342 3367 3366 3206
9 3342 3343 3368 3367 3207
9 3343 3344 3369 3368 3208
9 3344 3345 3370 3369 3209
9 3345 3346 3371 3370 3210
9 3346 3347 3372 3371 3211
9 3347 3348 3373 3372 3212
9 3348 3349 3374 3373 3213
9 3349 3350 3375 3374 3214
9 3350 3351 3376 3375 3215
9 3351 3352 3377 3376 3216
9 3352 3353 3378 3377 3217
9 3353 3354 3379 3378 3218
9 3354 3355 3380 3379 3219
9 3355 3356 3381 3380 3220
9 3356 3357 3382 3381 3221
9 3357 3358 3383 3382 3222
9 3358 3359 3384 3383 3223
9 3359 3360 3385 3384 3224
9 2610 3361 3386 2635 3225
9 3361 3362 3387 3386 3226
9 3362 3363 3388 3387 3227
9 3363 3364 3389 3388 3228
9 3364 3365 3390 3389 3229
9 3365 3366 3391 3390 3230
9 3366 3367 3392 3391 3231
9 3367 3368 3393 3392 3232
9 3368 3369 3394 3393 3233
9 3369 3370 3395 3394 3234
9 3370 3371 3396 3395 3235
9 3371 3372 3397 3396 3236
9 3372 3373 3398 3397 3237
9 3373 3374 3399 3398 3238
9 3374 3375 3400 3399 3239
9 3375 3376 3401 3400 3240
9 3376 3377 3402 3401 3241
9 3377 3378 3403 3402 3242
9 3378 3379 3404 3403 3243
9 3379 3380 3405 3404 3244
9 3380 3381 3406 3405 3245
9 3381 3382 3407 3406 3246
9 3382 3383 3408 3407 3247
9 3383 3384 3409 3408 3248
9 3384 3385 3410 3409 3249
9 2635 3386 3411 2660 3250
9 3386 3387 3412 3411 3251
9 3387 3388 3413 3412 3252
9 3388 3389 3414 3413 3253
9 3389 3390 3415 3414 3254
9 3390 3391 3416 3415 3255
9 3391 3392 3417 3416 3256
9 3392 3393 3418 3417 3257
9 3393 3394 3419 3418 3258
9 3394 3395 3420 3419 3259
9 3395 3396 3421 3420 3260
9 3396 3397 3422 3421 3261
9 3397 3398 3423 3422 3262
9 3398 3399 3424 3423 3263
9 3399 3400 3425 3424 3264
9 3400 3401 3426 3425 3265
9 3401 3402 3427 3426 3266
9 3402 3403 3428 3427 3267
9 3403 3404 3429 3428 3268
9 3404 3405 3430 3429 3269
9 3405 3406 3431 3430 3270
9 3406 3407 3432 3431 3271
9 3407 3408 3433 3432 3272
9 3408 3409 3434 3433 3273
9 3409 3410 3435 3434 3274
9 2660 3411 3436 2685 3275
9 3411 3412 3437 3436 3276
9 3412 3413 3438 3437 3277
9 3413 3414 3439 3438 3278
9 3414 3415 3440 3439 3279
9 3415 3416 3441 3440 3280
9 3416 3417 3442 3441 3281
9 3417 3418 3443 3442 3282
9 3418 3419 3444 3443 3283
9 3419 3420 3445 3444 3284
9 3420 3421 3446 3445 3285
9 3421 3422 3447 3446 3286
9 3422 3423 3448 3447 3287
9 3423 3424 3449 3448 3288
9 3424 3425 3450 3449 3289
9 3425 3426 3451 3450 3290
9 3426 3427 3452 3451 3291
9 3427 3428 3453 3452 3292
9 3428 3429 3454 3453 3293
9 3429 3430 3455 3454 3294
9 3430 3431 3456 3455 3295
9 3431 3432 3457 3456 3296
9 3432 3433 3458 3457 3297
9 3433 3434 3459 3458 3298
9 3434 3435 3460 3459 3299
9 2685 3436 3461 2710 3300
9 3436 3437 3462 3461 3301
9 3437 3438 3463 3462 3302
9 3438 3439 3464 3463 3303
9 3439 3440 3465 3464 3304
9 3440 3441 3466 3465 3305
9 3441 3442 3467 3466 3306
9 3442 3443 3468 3467 3307
9 3443 3444 3469 3468 3308
9 3444 3445 3470 3469 3309
9 3445 3446 3471 3470 3310
9 3446 3447 3472 3471 3311
9 3447 3448 3473 3472 3312
9 3448 3449 3474 3473 3313
9 3449 3450 3475 3474 3314
9 3450 3451 3476 3475 3315
9 3451 3452 3477 3476 3316
9 3452 3453 3478 3477 3317
9 3453 3454 3479 3478 3318
9 3454 3455 3480 3479 3319
9 3455 3456 3481 3480 3320
9 3456 3457 3482 3481 3321
9 3457 3458 3483 3482 3322
9 3458 3459 3484 3483 3323
9 3459 3460 3485 3484 3324
9 2710 3461 3486 2735 3325
9 3461 3462 3487 3486 3326
9 3462 3463 3488 3487 3327
9 3463 3464 3489 3488 3328
9 3464 3465 3490 3489 3329
9 3465 3466 3491 3490 3330
9 3466 3467 3492 3491 3331
9 3467 3468 3493 3492 3332
9 3468 3469 3494 3493 3333
9 3469 3470 3495 3494 3334
9 3470 3471 3496 3495 3335
9 3471 3472 3497 3496 3336
9 3472 3473 3498 3497 3337
9 3473 3474 3499 3498 3338
9 3474 3475 3500 3499 3339
9 3475 3476 3501 3500 3340
9 3476 3477 3502 3501 3341
9 3477 3478 3503 3502 3342
9 3478 3479 3504 3503 3343
9 3479 3480 3505 3504 3344
9 3480 3481 3506 3505 3345
9 3481 3482 3507 3506 3346
9 3482 3483 3508 3507 3347
9 3483 3484 3509 3508 3348
9 3484 3485 3510 3509 3349
9 2735 3486 3511 2760 3350
9 3486 3487 3512 3511 3351
9 3487 3488 3513 3512 3352
9 3488 3489 3514 3513 3353
9 3489 3490 3515 3514 3354
9 3490 3491 3516 3515 3355
9 3491 3492 3517 3516 3356
9 3492 3493 3518 3517 3357
9 3493 3494 3519 3518 3358
9 3494 3495 3520 3519 3359
9 3495 3496 3521 3520 3360
9 3496 3497 3522 3521 3361
9 3497 3498 3523 3522 3362
9 3498 3499 3524 3523 3363
9 3499 3500 3525 3524 3364
9 3500 3501 3526 3525 3365
9 3501 3502 3527 3526 3366
9 3502 3503 3528 3527 3367
9 3503 3504 3529 3528 3368
9 3504 3505 3530 3529 3369
9 3505 3506 3531 3530 3370
9 3506 3507 3532 3531 3371
9 3507 3508 3533 3532 3372
9 3508 3509 3534 3533 3373
9 3509 3510 3535 3534 3374
9 2760 3511 3536 2785 3375
9 3511 3512 3537 3536 3376
9 3512 3513 3538 3537 3377
9 3513 3514 3539 3538 3378
9 3514 3515 3540 3539 3379
9 3515 3516 3541 3540 3380
9 3516 3517 3542 3541 3381
9 3517 3518 3543 3542 3382
9 3518 3519 3544 3543 3383
9 3519 3520 3545 3544 3384
9 3520 3521 3546 3545 3385
9 3521 3522 3547 3546 3386
9 3522 3523 3548 3547 3387
9 3523 3524 3549 3548 3388
9 3524 3525 3550 3549 3389
9 3525 3526 3551 3550 3390
9 3526 3527 3552 3551 3391
9 3527 3528 3553 3552 3392
9 3528 3529 3554 3553 3393
9 3529 3530 3555 3554 3394
9 3530 3531 3556 3555 3395
9 3531 3532 3557 3556 3396
9 3532 3533 3558 3557 3397
9 3533 3534 3559 3558 3398
9 3534 3535 3560 3559 3399
9 2785 3536 3561 2810 3400
9 3536 3537 3562 3561 3401
9 3537 3538 3563 3562 3402
9 3538 3539 3564 3563 3403
9 3539 3540 3565 3564 3404
9 3540 3541 3566 3565 3405
9 3541 3542 3567 3566 3406
9 3542 3543 3568 3567 3407
9 3543 3544 3569 3568 3408
9 3544 3545 3570 3569 3409
9 3545 3546 3571 3570 3410
9 3546 3547 3572 3571 3411
9 3547 3548 3573 3572 3412
9 3548 3549 3574 3573 3413
9 3549 3550 3575 3574 3414
9 3550 3551 3576 3575 3415
9 3551 3552 3577 3576 3416
9 3552 3553 3578 3577 3417
9 3553 3554 3579 3578 3418
9 3554 3555 3580 3579 3419
9 3555 3556 3581 3580 3420
9 3556 3557 3582 3581 3421
9 3557 3558 3583 3582 3422
9 3558 3559 3584 3583 3423
9 3559 3560 3585 3584 3424
9 2810 3561 3586 2835 3425
9 3561 3562 3587 3586 3426
9 3562 3563 3588 3587 3427
9 3563 3564 3589 3588 3428
9 3564 3565 3590 3589 3429
9 3565 3566 3591 3590 3430
9 3566 3567 3592 3591 3431
9 3567 3568 3593 3592 3432
9 3568 3569 3594 3593 3433
9 3569 3570 3595 3594 3434
9 3570 3571 3596 3595 3435
9 3571 3572 3597 3596 3436
9 3572 3573 3598 3597 3437
9 3573 3574 3599 3598 3438
9 3574 3575 3600 3599 3439
9 3575 3576 3601 3600 3440
9 3576 3577 3602 3601 3441
9 3577 3578 3603 3602 3442
9 3578 3579 3604 3603 3443
9 3579 3580 3605 3604 3444
9 3580 3581 3606 3605 3445
9 3581 3582 3607 3606 3446
9 3582 3583 3608 3607 3447
9 3583 3584 3609 3608 3448
9 3584 3585 3610 3609 3449
9 2835 3586 3611 2860 3450
9 3586 3587 3612 3611 3451
9 3587 3588 3613 3612 3452
9 3588 3589 3614 3613 3453
9 3589 3590 3615 3614 3454
9 3590 3591 3616 3615 3455
9 3591 3592 3617 3616 3456
9 3592 3593 3618 3617 3457
9 3593 3594 3619 3618 3458
9 3594 3595 3620 3619 3459
9 3595 3596 3621 3620 3460
9 3596 3597 3622 3621 3461
9 3597 3598 3623 3622 3462
9 3598 3599 3624 3623 3463
9 3599 3600 3625 3624 3464
9 3600 3601 3626 3625 3465
9 3601 3602 3627 3626 3466
9 3602 3603 3628 3627 3467
9 3603 3604 3629 3628 3468
9 3604 3605 3630 3629 3469
9 3605 3606 3631 3630 3470
9 3606 3607 3632 3631 3471
9 3607 3608 3633 3632 3472
9 3608 3609 3634 3633 3473
9 3609 3610 3635 3634 3474
9 2860 3611 3636 2885 3475
9 3611 3612 3637 3636 3476
9 3612 3613 3638 3637 3477
9 3613 3614 3639 3638 3478
9 3614 3615 3640 3639 3479
9 3615 3616 3641 3640 3480
9 3616 3617 3642 3641 3481
9 3617 3618 3643 3642 3482
9 3618 3619 3644 3643 3483
9 3619 3620 3645 3644 3484
9 3620 3621 3646 3645 3485
9 3621 3622 3647 3646 3486
9 3622 3623 3648 3647 3487
9 3623 3624 3649 3648 3488
9 3624 3625 3650 3649 3489
9 3625 3626 3651 3650 3490
9 3626 3627 3652 3651 3491
9 3627 3628 3653 3652 3492
9 3628 3629 3654 3653 3493
9 3629 3630 3655 3654 3494
9 3630 3631 3656 3655 3495
9 3631 3632 3657 3656 3496
9 3632 3633 3658 3657 3497
9 3633 3634 3659 3658 3498
9 3634 3635 3660 3659 3499
9 2885 3636 3661 2910 3500
9 3636 3637 3662 3661 3501
9 3637 3638 3663 3662 3502
9 3638 3639 3664 3663 3503
9 3639 3640 3665 3664 3504
9 3640 3641 3666 3665 3505
9 3641 3642 3667 3666 3506
9 3642 3643 3668 3667 3507
9 3643 3644 3669 3668 3508
9 3644 3645 3670 3669 3509
9 3645 3646 3671 3670 3510
9 3646 3647 3672 3671 3511
9 3647 3648 3673 3672 3512
9 3648 3649 3674 3673 3513
9 3649 3650 3675 3674 3514
9 3650 3651 3676 3675 3515
9 3651 3652 3677 3676 3516
9 3652 3653 3678 3677 3517
9 3653 3654 3679 3678 3518
9 3654 3655 3680 3679 3519
9 3655 3656 3681 3680 3520
9 3656 3657 3682 3681 3521
9 3657 3658 3683 3682 3522
9 3658 3659 3684 3683 3523
9 3659 3660 3685 3684 3524
9 2910 3661 3686 2935 3525
9 3661 3662 3687 3686 3526
9 3662 3663 3688 3687 3527
9 3663 3664 3689 3688 3528
9 3664 3665 3690 3689 3529
9 3665 3666 3691 3690 3530
9 3666 3667 3692 3691 3531
9 3667 3668 3693 3692 3532
9 3668 3669 3694 3693 3533
9 3669 3670 3695 3694 3534
9 3670 3671 3696 3695 3535
9 3671 3672 3697 3696 3536
9 3672 3673 3698 3697 3537
9 3673 3674 3699 3698 3538
9 3674 3675 3700 3699 3539
9 3675 3676 3701 3700 3540
9 3676 3677 3702 3701 3541
9 3677 3678 3703 3702 3542
9 3678 3679 3704 3703 3543
9 3679 3680 3705 3704 3544
9 3680 3681 3706 3705 3545
9 3681 3682 3707 3706 3546
9 3682 3683 3708 3707 3547
9 3683 3684 3709 3708 3548
9 3684 3685 3710 3709 3549
9 2935 3686 3711 2960 3550
9 3686 3687 3712 3711 3551
9 3687 3688 3713 3712 3552
9 3688 3689 3714 3713 3553
9 3689 3690 3715 3714 3554
9 3690 3691 3716 3715 3555
9 3691 3692 3717 3716 3556
9 3692 3693 3718 3717 3557
9 3693 3694 3719 3718 3558
9 3694 3695 3720 3719 3559
9 3695 3696 3721 3720 3560
9 3696 3697 3722 3721 3561
9 3697 3698 3723 3722 3562
9 3698 3699 3724 3723 3563
9 3699 3700 3725 3724 3564
9 3700 3701 3726 3725 3565
9 3701 3702 3727 3726 3566
9 3702 3703 3728 3727 3567
9 3703 3704 3729 3728 3568
9 3704 3705 3730 3729 3569
9 3705 3706 3731 3730 3570
9 3706 3707 3732 3731 3571
9 3707 3708 3733 3732 3572
9 3708 3709 3734 3733 3573
9 3709 3710 3735 3734 3574
9 2960 3711 3736 2985 3575
9 3711 3712 3737 3736 3576
9 3712 3713 3738 3737 3577
9 3713 3714 3739 3738 3578
9 3714 3715 3740 3739 3579
9 3715 3716 3741 3740 3580
9 3716 3717 3742 3741 3581
9 3717 3718 3743 3742 3582
9 3718 3719 3744 3743 3583
9 3719 3720 3745 3744 3584
9 3720 3721 3746 3745 3585
9 3721 3722 3747 3746 3586
9 3722 3723 3748 3747 3587
9 3723 3724 3749 3748 3588
9 3724 3725 3750 3749 3589
9 3725 3726 3751 3750 3590
9 3726 3727 3752 3751 3591
9 3727 3728 3753 3752 3592
9 3728 3729 3754 3753 3593
9 3729 3730 3755 3754 3594
9 3730 3731 3756 3755 3595
9 3731 3732 3757 3756 3596
9 3732 3733 3758 3757 3597
9 3733 3734 3759 3758 3598
9 3734 3735 3760 3759 3599
9 2985 3736 3761 3010 3600
9 3736 3737 3762 3761 3601
9 3737 3738 3763 3762 3602
9 3738 3739 3764 3763 3603
9 3739 3740 3765 3764 3604
9 3740 3741 3766 3765 3605
9 3741 3742 3767 3766 3606
9 3742 3743 3768 3767 3607
9 3743 3744 3769 3768 3608
9 3744 3745 3770 3769 3609
9 3745 3746 3771 3770 3610
9 3746 3747 3772 3771 3611
9 3747 3748 3773 3772 3612
9 3748 3749 3774 3773 3613
9 3749 3750 3775 3774 3614
9 3750 3751 3776 3775 3615
9 3751 3752 3777 3776 3616
9 3752 3753 3778 3777 3617
9 3753 3754 3779 3778 3618
9 3754 3755 3780 3779 3619
9 3755 3756 3781 3780 3620
9 3756 3757 3782 3781 3621
9 3757 3758 3783 3782 3622
9 3758 3759 3784 3783 3623
9 3759 3760 3785 3784 3624
9 3010 3761 3786 3035 3625
9 3761 3762 3787 3786 3626
9 3762 3763 3788 3787 3627
9 3763 3764 3789 3788 3628
9 3764 3765 3790 3789 3629
9 3765 3766 3791 3790 3630
9 3766 3767 3792 3791 3631
9 3767 3768 3793 3792 3632
9 3768 3769 3794 3793 3633
9 3769 3770 3795 3794 3634
9 3770 3771 3796 3795 3635
9 3771 3772 3797 3796 3636
9 3772 3773 3798 3797 3637
9 3773 3774 3799 3798 3638
9 3774 3775 3800 3799 3639
9 3775 3776 3801 3800 3640
9 3776 3777 3802 3801 3641
9 3777 3778 3803 3802 3642
9 3778 3779 3804 3803 3643
9 3779 3780 3805 3804 3644
9 3780 3781 3806 3805 3645
9 3781 3782 3807 3806 3646
9 3782 3783 3808 3807 3647
9 3783 3784 3809 3808 3648
9 3784 3785 3810 3809 3649
9 3035 3786 3811 3060 3650
9 3786 3787 3812 3811 3651
9 3787 3788 3813 3812 3652
9 3788 3789 3814 3813 3653
9 3789 3790 3815 3814 3654
9 3790 3791 3816 3815 3655
9 3791 3792 3817 3816 3656
9 3792 3793 3818 3817 3657
9 3793 3794 3819 3818 3658
9 3794 3795 3820 3819 3659
9 3795 3796 3821 3820 3660
9 3796 3797 3822 3821 3661
9 3797 3798 3823 3822 3662
9 3798 3799 3824 3823 3663
9 3799 3800 3825 3824 3664
9 3800 3801 3826 3825 3665
9 3801 3802 3827 3826 3666
9 3802 3803 3828 3827 3667
9 3803 3804 3829 3828 3668
9 3804 3805 3830 3829 3669
9 3805 3806 3831 3830 3670
9 3806 3807 3832 3831 3671
9 3807 3808 3833 3832 3672
9 3808 3809 3834 3833 3673
9 3809 3810 3835 3834 3674
9 3060 3811 3836 3085 3675
9 3811 3812 3837 3836 3676
9 3812 3813 3838 3837 3677
9 3813 3814 3839 3838 3678
9 3814 3815 3840 3839 3679
9 3815 3816 3841 3840 3680
9 3816 3817 3842 3841 3681
9 3817 3818 3843 3842 3682
9 3818 3819 3844 3843 3683
9 3819 3820 3845 3844 3684
9 3820 3821 3846 3845 3685
9 3821 3822 3847 3846 3686
9 3822 3823 3848 3847 3687
9 3823 3824 3849 3848 3688
9 3824 3825 3850 3849 3689
9 3825 3826 3851 3850 3690
9 3826 3827 3852 3851 3691
9 3827 3828 3853 3852 3692
9 3828 3829 3854 3853 3693
9 3829 3830 3855 3854 3694
9 3830 3831 3856 3855 3695
9 3831 3832 3857 3856 3696
9 3832 3833 3858 3857 3697
9 3833 3834 3859 3858 3698
9 3834 3835 3860 3859 3699
9 3085 3836 3861 3110 3700
9 3836 3837 3862 3861 3701
9 3837 3838 3863 3862 3702
9 3838 3839 3864 3863 3703
9 3839 3840 3865 3864 3704
9 3840 3841 3866 3865 3705
9 3841 3842 3867 3866 3706
9 3842 3843 3868 3867 3707
9 3843 3844 3869 3868 3708
9 3844 3845 3870 3869 3709
9 3845 3846 3871 3870 3710
9 3846 3847 3872 3871 3711
9 3847 3848 3873 3872 3712
9 3848 3849 3874 3873 3713
9 3849 3850 3875 3874 3714
9 3850 3851 3876 3875 3715
9 3851 3852 3877 3876 3716
9 3852 3853 3878 3877 3717
9 3853 3854 3879 3878 3718
9 3854 3855 3880 3879 3719
9 3855 3856 3881 3880 3720
9 3856 3857 3882 3881 3721
9 3857 3858 3883 3882 3722
9 3858 3859 3884 3883 3723
9 3859 3860 3885 3884 3724
9 3110 3861 3886 3135 3725
9 3861 3862 3887 3886 3726
9 3862 3863 3888 3887 3727
9 3863 3864 3889 3888 3728
9 3864 3865 3890 3889 3729
9 3865 3866 3891 3890 3730
9 3866 3867 3892 3891 3731
9 3867 3868 3893 3892 3732
9 3868 3869 3894 3893 3733
9 3869 3870 3895 3894 3734
9 3870 3871 3896 3895 3735
9 3871 3872 3897 3896 3736
9 3872 3873 3898 3897 3737
9 3873 3874 3899 3898 3738
9 3874 3875 3900 3899 3739
9 3875 3876 3901 3900 3740
9 3876 3877 3902 3901 3741
9 3877 3878 3903 3902 3742
9 3878 3879 3904 3903 3743
9 3879 3880 3905 3904 3744
9 3880 3881 3906 3905 3745
9 3881 3882 3907 3906 3746
9 3882 3883 3908 3907 3747
9 3883 3884 3909 3908 3748
9 3884 3885 3910 3909 3749
9 3135 3886 3911 3160 3750
9 3886 3887 3912 3911 3751
9 3887 3888 3913 3912 3752
9 3888 3889 3914 3913 3753
9 3889 3890 3915 3914 3754
9 3890 3891 3916 3915 3755
9 3891 3892 3917 3916 3756
9 3892 3893 3918 3917 3757
9 3893 3894 3919 3918 3758
9 3894 3895 3920 3919 3759
9 3895 3896 3921 3920 3760
9 3896 3897 3922 3921 3761
9 3897 3898 3923 3922 3762
9 3898 3899 3924 3923 3763
9 3899 3900 3925 3924 3764
9 3900 3901 3926 3925 3765
9 3901 3902 3927 3926 3766
9 3902 3903 3928 3927 3767
9 3903 3904 3929 3928 3768
9 3904 3905 3930 3929 3769
9 3905 3906 3931 3930 3770
9 3906 3907 3932 3931 3771
9 3907 3908 3933 3932 3772
9 3908 3909 3934 3933 3773
9 3909 3910 3935 3934 3774
9 3160 3911 3936 3185 3775
9 3911 3912 3937 3936 3776
9 3912 3913 3938 3937 3777
9 3913 3914 3939 3938 3778
9 3914 3915 3940 3939 3779
9 3915 3916 3941 3940 3780
9 3916 3917 3942 3941 3781
9 3917 3918 3943 3942 3782
9 3918 3919 3944 3943 3783
9 3919 3920 3945 3944 3784
9 3920 3921 3946 3945 3785
9 3921 3922 3947 3946 3786
9 3922 3923 3948 3947 3787
9 3923 3924 3949 3948 3788
9 3924 3925 3950 3949 3789
9 3925 3926 3951 3950 3790
9 3926 3927 3952 3951 3791
9 3927 3928 3953 3952 3792
9 3928 3929 3954 3953 3793
9 3929 3930 3955 3954 3794
9 3930 3931 3956 3955 3795
9 3931 3932 3957 3956 3796
9 3932 3933 3958 3957 3797
9 3933 3934 3959 3958 3798
9 3934 3935 3960 3959 3799
9 3185 3936 3961 3210 3800
9 3936 3937 3962 3961 3801
9 3937 3938 3963 3962 3802
9 3938 3939 3964 3963 3803
9 3939 3940 3965 3964 3804
9 3940 3941 3966 3965 3805
9 3941 3942 3967 3966 3806
9 3942 3943 3968 3967 3807
9 3943 3944 3969 3968 3808
9 3944 3945 3970 3969 3809
9 3945 3946 3971 3970 3810
9 3946 3947 3972 3971 3811
9 3947 3948 3973 3972 3812
9 3948 3949 3974 3973 3813
9 3949 3950 3975 3974 3814
9 3950 3951 3976 3975 3815
9 3951 3952 3977 3976 3816
9 3952 3953 3978 3977 3817
9 3953 3954 3979 3978 3818
9 3954 3955 3980 3979 3819
9 3955 3956 3981 3980 3820
9 3956 3957 3982 3981 3821
9 3957 3958 3983 3982 3822
9 3958 3959 3984 3983 3823
9 3959 3960 3985 3984 3824
9 3210 3961 3986 3235 3825
9 3961 3962 3987 3986 3826
9 3962 3963 3988 3987 3827
9 3963 3964 3989 3988 3828
9 3964 3965 3990 3989 3829
9 3965 3966 3991 3990 3830
9 3966 3967 3992 3991 3831
9 3967 3968 3993 3992 3832
9 3968 3969 3994 3993 3833
9 3969 3970 3995 3994 3834
9 3970 3971 3996 3995 3835
9 3971 3972 3997 3996 3836
9 3972 3973 3998 3997 3837
9 3973 3974 3999 3998 3838
9 3974 3975 4000 3999 3839
9 3975 3976 4001 4000 3840
9 3976 3977 4002 4001 3841
9 3977 3978 4003 4002 3842
9 3978 3979 4004 4003 3843
9 3979 3980 4005 4004 3844
9 3980 3981 4006 4005 3845
9 3981 3982 4007 4006 3846
9 3982 3983 4008 4007 3847
9 3983 3984 4009 4008 3848
9 3984 3985 4010 4009 3849
9 3235 3986 4011 3260 3850
9 3986 3987 4012 4011 3851
9 3987 3988 4013 4012 3852
9 3988 3989 4014 4013 3853
9 3989 3990 4015 4014 3854
9 3990 3991 4016 4015 3855
9 3991 3992 4017 4016 3856
9 3992 3993 4018 4017 3857
9 3993 3994 4019 4018 3858
9 3994 3995 4020 4019 3859
9 3995 3996 4021 4020 3860
9 3996 3997 4022 4021 3861
9 3997 3998 4023 4022 3862
9 3998 3999 4024 4023 3863
9 3999 4000 4025 4024 3864
9 4000 4001 4026 4025 3865
9 4001 4002 4027 4026 3866
9 4002 4003 4028 4027 3867
9 4003 4004 4029 4028 3868
9 4004 4005 4030 4029 3869
9 4005 4006 4031 4030 3870
9 4006 4007 4032 4031 3871
9 4007 4008 4033 4032 3872
9 4008 4009 4034 4033 3873
9 4009 4010 4035 4034 3874
9 3260 4011 4036 3285 3875
9 4011 4012 4037 4036 3876
9 4012 4013 4038 4037 3877
9 4013 4014 4039 4038 3878
9 4014 4015 4040 4039 3879
9 4015 4016 4041 4040 3880
9 4016 4017 4042 4041 3881
9 4017 4018 4043 4042 3882
9 4018 4019 4044 4043 3883
9 4019 4020 4045 4044 3884
9 4020 4021 4046 4045 3885
9 4021 4022 4047 4046 3886
9 4022 4023 4048 4047 3887
9 4023 4024 4049 4048 3888
9 4024 4025 4050 4049 3889
9 4025 4026 4051 4050 3890
9 4026 4027 4052 4051 3891
9 4027 4028 4053 4052 3892
9 4028 4029 4054 4053 3893
9 4029 4030 4055 4054 3894
9 4030 4031 4056 4055 3895
9 4031 4032 4057 4056 3896
9 4032 4033 4058 4057 3897
9 4033 4034 4059 4058 3898
9 4034 4035 4060 4059 3899
9 2510 3261 4062 4061 3900
9 3261 3262 4063 4062 3901
9 3262 3263 4064 4063 3902
9 3263 3264 4065 4064 3903
9 3264 3265 4066 4065 3904
9 3265 3266 4067 4066 3905
9 3266 3267 4068 4067 3906
9 3267 3268 4069 4068 3907
9 3268 3269 4070 4069 3908
9 3269 3270 4071 4070 3909
9 3270 3271 4072 4071 3910
9 3271 3272 4073 4072 3911
9 3272 3273 4074 4073 3912
9 3273 3274 4075 4074 3913
9 3274 3275 4076 4075 3914
9 3275 3276 4077 4076 3915
9 3276 3277 4078 4077 3916
9 3277 3278 4079 4078 3917
9 3278 3279 4080 4079 3918
9 3279 3280 4081 4080 3919
9 3280 3281 4082 4081 3920
9 3281 3282 4083 4082 3921
9 3282 3283 4084 4083 3922
9 3283 3284 4085 4084 3923
9 3284 3285 4086 4085 3924
9 4061 4062 4088 4087 3925
9 4062 4063 4089 4088 3926
9 4063 4064 4090 4089 3927
9 4064 4065 4091 4090 3928
9 4065 4066 4092 4091 3929
9 4066 4067 4093 4092 3930
9 4067 4068 4094 4093 3931
9 4068 4069 4095 4094 3932
9 4069 4070 4096 4095 3933
9 4070 4071 4097 4096 3934
9 4071 4072 4098 4097 3935
9 4072 4073 4099 4098 3936
9 4073 4074 4100 4099 3937
9 4074 4075 4101 4100 3938
9 4075 4076 4102 4101 3939
9 4076 4077 4103 4102 3940
9 4077 4078 4104 4103 3941
9 4078 4079 4105 4104 3942
9 4079 4080 4106 4105 3943
9 4080 4081 4107 4106 3944
9 4081 4082 4108 4107 3945
9 4082 4083 4109 4108 3946
9 4083 4084 4110 4109 3947
9 4084 4085 4111 4110 3948
9 4085 4086 4112 4111 3949
9 4087 4088 4114 4113 3950
9 4088 4089 4115 4114 3951
9 4089 4090 4116 4115 3952
9 4090 4091 4117 4116 3953
9 4091 4092 4118 4117 3954
9 4092 4093 4119 4118 3955
9 4093 4094 4120 4119 3956
9 4094 4095 4121 4120 3957
9 4095 4096 4122 4121 3958
9 4096 4097 4123 4122 3959
9 4097 4098 4124 4123 3960
9 4098 4099 4125 4124 3961
9 4099 4100 4126 4125 3962
9 4100 4101 4127 4126 3963
9 4101 4102 4128 4127 3964
9 4102 4103 4129 4128 3965
9 4103 4104 4130 4129 3966
9 4104 4105 4131 4130 3967
9 4105 4106 4132 4131 3968
9 4106 4107 4133 4132 3969
9 4107 4108 4134 4133 3970
9 4108 4109 4135 4134 3971
9 4109 4110 4136 4135 3972
9 4110 4111 4137 4136 3973
9 4111 4112 4138 4137 3974
9 4113 4114 4140 4139 3975
9 4114 4115 4141 4140 3976
9 4115 4116 4142 4141 3977
9 4116 4117 4143 4142 3978
9 4117 4118 4144 4143 3979
9 4118 4119 4145 4144 3980
9 4119 4120 4146 4145 3981
9 4120 4121 4147 4146 3982
9 4121 4122 4148 4147 3983
9 4122 4123 4149 4148 3984
9 4123 4124 4150 4149 3985
9 4124 4125 4151 4150 3986
9 4125 4126 4152 4151 3987
9 4126 4127 4153 4152 3988
9 4127 4128 4154 4153 3989
9 4128 4129 4155 4154 3990
9 4129 4130 4156 4155 3991
9 4130 4131 4157 4156 3992
9 4131 4132 4158 4157 3993
9 4132 4133 4159 4158 3994
9 4133 4134 4160 4159 3995
9 4134 4135 4161 4160 3996
9 4135 4136 4162 4161 3997
9 4136 4137 4163 4162 3998
9 4137 4138 4164 4163 3999
9 4139 4140 4166 4165 4000
9 4140 4141 4167 4166 4001
9 4141 4142 4168 4167 4002
9 4142 4143 4169 4168 4003
9 4143 4144 4170 4169 4004
9 4144 4145 4171 4170 4005
9 4145 4146 4172 4171 4006
9 4146 4147 4173 4172 4007
9 4147 4148 4174 4173 4008
9 4148 4149 4175 4174 4009
9 4149 4150 4176 4175 4010
9 4150 4151 4177 4176 4011
9 4151 4152 4178 4177 4012
9 4152 4153 4179 4178 4013
9 4153 4154 4180 4179 4014
9 4154 4155 4181 4180 4015
9 4155 4156 4182 4181 4016
9 4156 4157 4183 4182 4017
9 4157 4158 4184 4183 4018
9 4158 4159 4185 4184 4019
9 4159 4160 4186 4185 4020
9 4160 4161 4187 4186 4021
9 4161 4162 4188 4187 4022
9 4162 4163 4189 4188 4023
9 4163 4164 4190 4189 4024
9 4165 4166 4192 4191 4025
9 4166 4167 4193 4192 4026
9 4167 4168 4194 4193 4027
9 4168 4169 4195 4194 4028
9 4169 4170 4196 4195 4029
9 4170 4171 4197 4196 4030
9 4171 4172 4198 4197 4031
9 4172 4173 4199 4198 4032
9 4173 4174 4200 4199 4033
9 4174 4175 4201 4200 4034
9 4175 4176 4202 4201 4035
9 4176 4177 4203 4202 4036
9 4177 4178 4204 4203 4037
9 4178 4179 4205 4204 4038
9 4179 4180 4206 4205 4039
9 4180 4181 4207 4206 4040
9 4181 4182 4208 4207 4041
9 4182 4183 4209 4208 4042
9 4183 4184 4210 4209 4043
9 4184 4185 4211 4210 4044
9 4185 4186 4212 4211 4045
9 4186 4187 4213 4212 4046
9 4187 4188 4214 4213 4047
9 4188 4189 4215 4214 4048
9 4189 4190 4216 4215 4049
9 4191 4192 4218 4217 4050
9 4192 4193 4219 4218 4051
9 4193 4194 4220 4219 4052
9 4194 4195 4221 4220 4053
9 4195 4196 4222 4221 4054
9 4196 4197 4223 4222 4055
9 4197 4198 4224 4223 4056
9 4198 4199 4225 4224 4057
9 4199 4200 4226 4225 4058
9 4200 4201 4227 4226 4059
9 4201 4202 4228 4227 4060
9 4202 4203 4229 4228 4061
9 4203 4204 4230 4229 4062
9 4204 4205 4231 4230 4063
9 4205 4206 4232 4231 4064
9 4206 4207 4233 4232 4065
9 4207 4208 4234 4233 4066
9 4208 4209 4235 4234 4067
9 4209 4210 4236 4235 4068
9 4210 4211 4237 4236 4069
9 4211 4212 4238 4237 4070
9 4212 4213 4239 4238 4071
9 4213 4214 4240 4239 4072
9 4214 4215 4241 4240 4073
9 4215 4216 4242 4241 4074
9 4217 4218 4244 4243 4075
9 4218 4219 4245 4244 4076
9 4219 4220 4246 4245 4077
9 4220 4221 4247 4246 4078
9 4221 4222 4248 4247 4079
9 4222 4223 4249 4248 4080
9 4223 4224 4250 4249 4081
9 4224 4225 4251 4250 4082
9 4225 4226 4252 4251 4083
9 4226 4227 4253 4252 4084
9 4227 4228 4254 4253 4085
9 4228 4229 4255 4254 4086
9 4229 4230 4256 4255 4087
9 4230 4231 4257 4256 4088
9 4231 4232 4258 4257 4089
9 4232 4233 4259 4258 4090
9 4233 4234 4260 4259 4091
9 4234 4235 4261 4260 4092
9 4235 4236 4262 4261 4093
9 4236 4237 4263 4262 4094
9 4237 4238 4264 4263 4095
9 4238 4239 4265 4264 4096
9 4239 4240 4266 4265 4097
9 4240 4241 4267 4266 4098
9 4241 4242 4268 4267 4099
9 4243 4244 4270 4269 4100
9 4244 4245 4271 4270 4101
9 4245 4246 4272 4271 4102
9 4246 4247 4273 4272 4103
9 4247 4248 4274 4273 4104
9 4248 4249 4275 4274 4105
9 4249 4250 4276 4275 4106
9 4250 4251 4277 4276 4107
9 4251 4252 4278 4277 4108
9 4252 4253 4279 4278 4109
9 4253 4254 4280 4279 4110
9 4254 4255 4281 4280 4111
9 4255 4256 4282 4281 4112
9 4256 4257 4283 4282 4113
9 4257 4258 4284 4283 4114
9 4258 4259 4285 4284 4115
9 4259 4260 4286 4285 4116
9 4260 4261 4287 4286 4117
9 4261 4262 4288 4287 4118
9 4262 4263 4289 4288 4119
9 4263 4264 4290 4289 4120
9 4264 4265 4291 4290 4121
9 4265 4266 4292 4291 4122
9 4266 4267 4293 4292 4123
9 4267 4268 4294 4293 4124
9 4269 4270 4296 4295 4125
9 4270 4271 4297 4296 4126
9 4271 4272 4298 4297 4127
9 4272 4273 4299 4298 4128
9 4273 4274 4300 4299 4129
9 4274 4275 4301 4300 4130
9 4275 4276 4302 4301 4131
9 4276 4277 4303 4302 4132
9 4277 4278 4304 4303 4133
9 4278 4279 4305 4304 4134
9 4279 4280 4306 4305 4135
9 4280 4281 4307 4306 4136
9 4281 4282 4308 4307 4137
9 4282 4283 4309 4308 4138
9 4283 4284 4310 4309 4139
9 4284 4285 4311 4310 4140
9 4285 4286 4312 4311 4141
9 4286 4287 4313 4312 4142
9 4287 4288 4314 4313 4143
9 4288 4289 4315 4314 4144
9 4289 4290 4316 4315 4145
9 4290 4291 4317 4316 4146
9 4291 4292 4318 4317 4147
9 4292 4293 4319 4318 4148
9 4293 4294 4320 4319 4149
9 4295 4296 4322 4321 4150
9 4296 4297 4323 4322 4151
9 4297 4298 4324 4323 4152
9 4298 4299 4325 4324 4153
9 4299 4300 4326 4325 4154
9 4300 4301 4327 4326 4155
9 4301 4302 4328 4327 4156
9 4302 4303 4329 4328 4157
9 4303 4304 4330 4329 4158
9 4304 4305 4331 4330 4159
9 4305 4306 4332 4331 4160
9 4306 4307 4333 4332 4161
9 4307 4308 4334 4333 4162
9 4308 4309 4335 4334 4163
9 4309 4310 4336 4335 4164
9 4310 4311 4337 4336 4165
9 4311 4312 4338 4337 4166
9 4312 4313 4339 4338 4167
9 4313 4314 4340 4339 4168
9 4314 4315 4341 4340 4169
9 4315 4316 4342 4341 4170
9 4316 4317 4343 4342 4171
9 4317 4318 4344 4343 4172
9 4318 4319 4345 4344 4173
9 4319 4320 4346 4345 4174
9 4321 4322 4348 4347 4175
9 4322 4323 4349 4348 4176
9 4323 4324 4350 4349 4177
9 4324 4325 4351 4350 4178
9 4325 4326 4352 4351 4179
9 4326 4327 4353 4352 4180
9 4327 4328 4354 4353 4181
9 4328 4329 4355 4354 4182
9 4329 4330 4356 4355 4183
9 4330 4331 4357 4356 4184
9 4331 4332 4358 4357 4185
9 4332 4333 4359 4358 4186
9 4333 4334 4360 4359 4187
9 4334 4335 4361 4360 4188
9 4335 4336 4362 4361 4189
9 4336 4337 4363 4362 4190
9 4337 4338 4364 4363 4191
9 4338 4339 4365 4364 4192
9 4339 4340 4366 4365 4193
9 4340 4341 4367 4366 4194
9 4341 4342 4368 4367 4195
9 4342 4343 4369 4368 4196
9 4343 4344 4370 4369 4197
9 4344 4345 4371 4370 4198
9 4345 4346 4372 4371 4199
9 4347 4348 4374 4373 4200
9 4348 4349 4375 4374 4201
9 4349 4350 4376 4375 4202
9 4350 4351 4377 4376 4203
9 4351 4352 4378 4377 4204
9 4352 4353 4379 4378 4205
9 4353 4354 4380 4379 4206
9 4354 4355 4381 4380 4207
9 4355 4356 4382 4381 4208
9 4356 4357 4383 4382 4209
9 4357 4358 4384 4383 4210
9 4358 4359 4385 4384 4211
9 4359 4360 4386 4385 4212
9 4360 4361 4387 4386 4213
9 4361 4362 4388 4387 4214
9 4362 4363 4389 4388 4215
9 4363 4364 4390 4389 4216
9 4364 4365 4391 4390 4217
9 4365 4366 4392 4391 4218
9 4366 4367 4393 4392 4219
9 4367 4368 4394 4393 4220
9 4368 4369 4395 4394 4221
9 4369 4370 4396 4395 4222
9 4370 4371 4397 4396 4223
9 4371 4372 4398 4397 4224
9 4373 4374 4400 4399 4225
9 4374 4375 4401 4400 4226
9 4375 4376 4402 4401 4227
9 4376 4377 4403 4402 4228
9 4377 4378 4404 4403 4229
9 4378 4379 4405 4404 4230
9 4379 4380 4406 4405 4231
9 4380 4381 4407 4406 4232
9 4381 4382 4408 4407 4233
9 4382 4383 4409 4408 4234
9 4383 4384 4410 4409 4235
9 4384 4385 4411 4410 4236
9 4385 4386 4412 4411 4237
9 4386 4387 4413 4412 4238
9 4387 4388 4414 4413 4239
9 4388 4389 4415 4414 4240
9 4389 4390 4416 4415 4241
9 4390 4391 4417 4416 4242
9 4391 4392 4418 4417 4243
9 4392 4393 4419 4418 4244
9 4393 4394 4420 4419 4245
9 4394 4395 4421 4420 4246
9 4395 4396 4422 4421 4247
9 4396 4397 4423 4422 4248
9 4397 4398 4424 4423 4249
9 4399 4400 4426 4425 4250
9 4400 4401 4427 4426 4251
9 4401 4402 4428 4427 4252
9 4402 4403 4429 4428 4253
9 4403 4404 4430 4429 4254
9 4404 4405 4431 4430 4255
9 4405 4406 4432 4431 4256
9 4406 4407 4433 4432 4257
9 4407 4408 4434 4433 4258
9 4408 4409 4435 4434 4259
9 4409 4410 4436 4435 4260
9 4410 4411 4437 4436 4261
9 4411 4412 4438 4437 4262
9 4412 4413 4439 4438 4263
9 4413 4414 4440 4439 4264
9 4414 4415 4441 4440 4265
9 4415 4416 4442 4441 4266
9 4416 4417 4443 4442 4267
9 4417 4418 4444 4443 4268
9 4418 4419 4445 4444 4269
9 4419 4420 4446 4445 4270
9 4420 4421 4447 4446 4271
9 4421 4422 4448 4447 4272
9 4422 4423 4449 4448 4273
9 4423 4424 4450 4449 4274
9 4425 4426 4452 4451 4275
9 4426 4427 4453 4452 4276
9 4427 4428 4454 4453 4277
9 4428 4429 4455 4454 4278
9 4429 4430 4456 4455 4279
9 4430 4431 4457 4456 4280
9 4431 4432 4458 4457 4281
9 4432 4433 4459 4458 4282
9 4433 4434 4460 4459 4283
9 4434 4435 4461 4460 4284
9 4435 4436 4462 4461 4285
9 4436 4437 4463 4462 4286
9 4437 4438 4464 4463 4287
9 4438 4439 4465 4464 4288
9 4439 4440 4466 4465 4289
9 4440 4441 4467 4466 4290
9 4441 4442 4468 4467 4291
9 4442 4443 4469 4468 4292
9 4443 4444 4470 4469 4293
9 4444 4445 4471 4470 4294
9 4445 4446 4472 4471 4295
9 4446 4447 4473 4472 4296
9 4447 4448 4474 4473 4297
9 4448 4449 4475 4474 4298
9 4449 4450 4476 4475 4299
9 4451 4452 4478 4477 4300
9 4452 4453 4479 4478 4301
9 4453 4454 4480 4479 4302
9 4454 4455 4481 4480 4303
9 4455 4456 4482 4481 4304
9 4456 4457 4483 4482 4305
9 4457 4458 4484 4483 4306
9 4458 4459 4485 4484 4307
9 4459 4460 4486 4485 4308
9 4460 4461 4487 4486 4309
9 4461 4462 4488 4487 4310
9 4462 4463 4489 4488 4311
9 4463 4464 4490 4489 4312
9 4464 4465 4491 4490 4313
9 4465 4466 4492 4491 4314
9 4466 4467 4493 4492 4315
9 4467 4468 4494 4493 4316
9 4468 4469 4495 4494 4317
9 4469 4470 4496 4495 4318
9 4470 4471 4497 4496 4319
9 4471 4472 4498 4497 4320
9 4472 4473 4499 4498 4321
9 4473 4474 4500 4499 4322
9 4474 4475 4501 4500 4323
9 4475 4476 4502 4501 4324
9 4477 4478 4504 4503 4325
9 4478 4479 4505 4504 4326
9 4479 4480 4506 4505 4327
9 4480 4481 4507 4506 4328
9 4481 4482 4508 4507 4329
9 4482 4483 4509 4508 4330
9 4483 4484 4510 4509 4331
9 4484 4485 4511 4510 4332
9 4485 4486 4512 4511 4333
9 4486 4487 4513 4512 4334
9 4487 4488 4514 4513 4335
9 4488 4489 4515 4514 4336
9 4489 4490 4516 4515 4337
9 4490 4491 4517 4516 4338
9 4491 4492 4518 4517 4339
9 4492 4493 4519 4518 4340
9 4493 4494 4520 4519 4341
9 4494 4495 4521 4520 4342
9 4495 4496 4522 4521 4343
9 4496 4497 4523 4522 4344
9 4497 4498 4524 4523 4345
9 4498 4499 4525 4524 4346
9 4499 4500 4526 4525 4347
9 4500 4501 4527 4526 4348
9 4501 4502 4528 4527 4349
9 4503 4504 4530 4529 4350
9 4504 4505 4531 4530 4351
9 4505 4506 4532 4531 4352
9 4506 4507 4533 4532 4353
9 4507 4508 4534 4533 4354
9 4508 4509 4535 4534 4355
9 4509 4510 4536 4535 4356
9 4510 4511 4537 4536 4357
9 4511 4512 4538 4537 4358
9 4512 4513 4539 4538 4359
9 4513 4514 4540 4539 4360
9 4514 4515 4541 4540 4361
9 4515 4516 4542 4541 4362
9 4516 4517 4543 4542 4363
9 4517 4518 4544 4543 4364
9 4518 4519 4545 4544 4365
9 4519 4520 4546 4545 4366
9 4520 4521 4547 4546 4367
9 4521 4522 4548 4547 4368
9 4522 4523 4549 4548 4369
9 4523 4524 4550 4549 4370
9 4524 4525 4551 4550 4371
9 4525 4526 4552 4551 4372
9 4526 4527 4553 4552 4373
9 4527 4528 4554 4553 4374
9 4529 4530 4556 4555 4375
9 4530 4531 4557 4556 4376
9 4531 4532 4558 4557 4377
9 4532 4533 4559 4558 4378
9 4533 4534 4560 4559 4379
9 4534 4535 4561 4560 4380
9 4535 4536 4562 4561 4381
9 4536 4537 4563 4562 4382
9 4537 4538 4564 4563 4383
9 4538 4539 4565 4564 4384
9 4539 4540 4566 4565 4385
9 4540 4541 4567 4566 4386
9 4541 4542 4568 4567 4387
9 4542 4543 4569 4568 4388
9 4543 4544 4570 4569 4389
9 4544 4545 4571 4570 4390
9 4545 4546 4572 4571 4391
9 4546 4547 4573 4572 4392
9 4547 4548 4574 4573 4393
9 4548 4549 4575 4574 4394
9 4549 4550 4576 4575 4395
9 4550 4551 4577 4576 4396
9 4551 4552 4578 4577 4397
9 4552 4553 4579 4578 4398
9 4553 4554 4580 4579 4399
9 4555 4556 4582 4581 4400
9 4556 4557 4583 4582 4401
9 4557 4558 4584 4583 4402
9 4558 4559 4585 4584 4403
9 4559 4560 4586 4585 4404
9 4560 4561 4587 4586 4405
9 4561 4562 4588 4587 4406
9 4562 4563 4589 4588 4407
9 4563 4564 4590 4589 4408
9 4564 4565 4591 4590 4409
9 4565 4566 4592 4591 4410
9 4566 4567 4593 4592 4411
9 4567 4568 4594 4593 4412
9 4568 4569 4595 4594 4413
9 4569 4570 4596 4595 4414
9 4570 4571 4597 4596 4415
9 4571 4572 4598 4597 4416
9 4572 4573 4599 4598 4417
9 4573 4574 4600 4599 4418
9 4574 4575 4601 4600 4419
9 4575 4576 4602 4601 4420
9 4576 4577 4603 4602 4421
9 4577 4578 4604 4603 4422
9 4578 4579 4605 4604 4423
9 4579 4580 4606 4605 4424
9 4581 4582 4608 4607 4425
9 4582 4583 4609 4608 4426
9 4583 4584 4610 4609 4427
9 4584 4585 4611 4610 4428
9 4585 4586 4612 4611 4429
9 4586 4587 4613 4612 4430
9 4587 4588 4614 4613 4431
9 4588 4589 4615 4614 4432
9 4589 4590 4616 4615 4433
9 4590 4591 4617 4616 4434
9 4591 4592 4618 4617 4435
9 4592 4593 4619 4618 4436
9 4593 4594 4620 4619 4437
9 4594 4595 4621 4620 4438
9 4595 4596 4622 4621 4439
9 4596 4597 4623 4622 4440
9 4597 4598 4624 4623 4441
9 4598 4599 4625 4624 4442
9 4599 4600 4626 4625 4443
9 4600 4601 4627 4626 4444
9 4601 4602 4628 4627 4445
9 4602 4603 4629 4628 4446
9 4603 4604 4630 4629 4447
9 4604 4605 4631 4630 4448
9 4605 4606 4632 4631 4449
9 4607 4608 4634 4633 4450
9 4608 4609 4635 4634 4451
9 4609 4610 4636 4635 4452
9 4610 4611 4637 4636 4453
9 4611 4612 4638 4637 4454
9 4612 4613 4639 4638 4455
9 4613 4614 4640 4639 4456
9 4614 4615 4641 4640 4457
9 4615 4616 4642 4641 4458
9 4616 4617 4643 4642 4459
9 4617 4618 4644 4643 4460
9 4618 4619 4645 4644 4461
9 4619 4620 4646 4645 4462
9 4620 4621 4647 4646 4463
9 4621 4622 4648 4647 4464
9 4622 4623 4649 4648 4465
9 4623 4624 4650 4649 4466
9 4624 4625 4651 4650 4467
9 4625 4626 4652 4651 4468
9 4626 4627 4653 4652 4469
9 4627 4628 4654 4653 4470
9 4628 4629 4655 4654 4471
9 4629 4630 4656 4655 4472
9 4630 4631 4657 4656 4473
9 4631 4632 4658 4657 4474
9 4633 4634 4660 4659 4475
9 4634 4635 4661 4660 4476
9 4635 4636 4662 4661 4477
9 4636 4637 4663 4662 4478
9 4637 4638 4664 4663 4479
9 4638 4639 4665 4664 4480
9 4639 4640 4666 4665 4481
9 4640 4641 4667 4666 4482
9 4641 4642 4668 4667 4483
9 4642 4643 4669 4668 4484
9 4643 4644 4670 4669 4485
9 4644 4645 4671 4670 4486
9 4645 4646 4672 4671 4487
9 4646 4647 4673 4672 4488
9 4647 4648 4674 4673 4489
9 4648 4649 4675 4674 4490
9 4649 4650 4676 4675 4491
9 4650 4651 4677 4676 4492
9 4651 4652 4678 4677 4493
9 4652 4653 4679 4678 4494
9 4653 4654 4680 4679 4495
9 4654 4655 4681 4680 4496
9 4655 4656 4682 4681 4497
9 4656 4657 4683 4682 4498
9 4657 4658 4684 4683 4499
9 4659 4660 4686 4685 4500
9 4660 4661 4687 4686 4501
9 4661 4662 4688 4687 4502
9 4662 4663 4689 4688 4503
9 4663 4664 4690 4689 4504
9 4664 4665 4691 4690 4505
9 4665 4666 4692 4691 4506
9 4666 4667 4693 4692 4507
9 4667 4668 4694 4693 4508
9 4668 4669 4695 4694 4509
9 4669 4670 4696 4695 4510
9 4670 4671 4697 4696 4511
9 4671 4672 4698 4697 4512
9 4672 4673 4699 4698 4513
9 4673 4674 4700 4699 4514
9 4674 4675 4701 4700 4515
9 4675 4676 4702 4701 4516
9 4676 4677 4703 4702 4517
9 4677 4678 4704 4703 4518
9 4678 4679 4705 4704 4519
9 4679 4680 4706 4705 4520
9 4680 4681 4707 4706 4521
9 4681 4682 4708 4707 4522
9 4682 4683 4709 4708 4523
9 4683 4684 4710 4709 4524
9 4685 4686 4712 4711 4525
9 4686 4687 4713 4712 4526
9 4687 4688 4714 4713 4527
9 4688 4689 4715 4714 4528
9 4689 4690 4716 4715 4529
9 4690 4691 4717 4716 4530
9 4691 4692 4718 4717 4531
9 4692 4693 4719 4718 4532
9 4693 4694 4720 4719 4533
9 4694 4695 4721 4720 4534
9 4695 4696 4722 4721 4535
9 4696 4697 4723 4722 4536
9 4697 4698 4724 4723 4537
9 4698 4699 4725 4724 4538
9 4699 4700 4726 4725 4539
9 4700 4701 4727 4726 4540
9 4701 4702 4728 4727 4541
9 4702 4703 4729 4728 4542
9 4703 4704 4730 4729 4543
9 4704 4705 4731 4730 4544
9 4705 4706 4732 4731 4545
9 4706 4707 4733 4732 4546
9 4707 4708 4734 4733 4547
9 4708 4709 4735 4734 4548
9 4709 4710 4736 4735 4549
9 4711 4712 4738 4737 4550
9 4712 4713 4739 4738 4551
9 4713 4714 4740 4739 4552
9 4714 4715 4741 4740 4553
9 4715 4716 4742 4741 4554
9 4716 4717 4743 4742 4555
9 4717 4718 4744 4743 4556
9 4718 4719 4745 4744 4557
9 4719 4720 4746 4745 4558
9 4720 4721 4747 4746 4559
9 4721 4722 4748 4747 4560
9 4722 4723 4749 4748 4561
9 4723 4724 4750 4749 4562
9 4724 4725 4751 4750 4563
9 4725 4726 4752 4751 4564
9 4726 4727 4753 4752 4565
9 4727 4728 4754 4753 4566
9 4728 4729 4755 4754 4567
9 4729 4730 4756 4755 4568
9 4730 4731 4757 4756 4569
9 4731 4732 4758 4757 4570
9 4732 4733 4759 4758 4571
9 4733 4734 4760 4759 4572
9 4734 4735 4761 4760 4573
9 4735 4736 4762 4761 4574
9 4737 4738 4764 4763 4575
9 4738 4739 4765 4764 4576
9 4739 4740 4766 4765 4577
9 4740 4741 4767 4766 4578
9 4741 4742 4768 4767 4579
9 4742 4743 4769 4768 4580
9 4743 4744 4770 4769 4581
9 4744 4745 4771 4770 4582
9 4745 4746 4772 4771 4583
9 4746 4747 4773 4772 4584
9 4747 4748 4774 4773 4585
9 4748 4749 4775 4774 4586
9 4749 4750 4776 4775 4587
9 4750 4751 4777 4776 4588
9 4751 4752 4778 4777 4589
9 4752 4753 4779 4778 4590
9 4753 4754 4780 4779 4591
9 4754 4755 4781 4780 4592
9 4755 4756 4782 4781 4593
9 4756 4757 4783 4782 4594
9 4757 4758 4784 4783 4595
9 4758 4759 4785 4784 4596
9 4759 4760 4786 4785 4597
9 4760 4761 4787 4786 4598
9 4761 4762 4788 4787 4599
9 4763 4764 4790 4789 4600
9 4764 4765 4791 4790 4601
9 4765 4766 4792 4791 4602
9 4766 4767 4793 4792 4603
9 4767 4768 4794 4793 4604
9 4768 4769 4795 4794 4605
9 4769 4770 4796 4795 4606
9 4770 4771 4797 4796 4607
9 4771 4772 4798 4797 4608
9 4772 4773 4799 4798 4609
9 4773 4774 4800 4799 4610
9 4774 4775 4801 4800 4611
9 4775 4776 4802 4801 4612
9 4776 4777 4803 4802 4613
9 4777 4778 4804 4803 4614
9 4778 4779 4805 4804 4615
9 4779 4780 4806 4805 4616
9 4780 4781 4807 4806 4617
9 4781 4782 4808 4807 4618
9 4782 4783 4809 4808 4619
9 4783 4784 4810 4809 4620
9 4784 4785 4811 4810 4621
9 4785 4786 4812 4811 4622
9 4786 4787 4813 4812 4623
9 4787 4788 4814 4813 4624
9 4789 4790 4816 4815 4625
9 4790 4791 4817 4816 4626
9 4791 4792 4818 4817 4627
9 4792 4793 4819 4818 4628
9 4793 4794 4820 4819 4629
9 4794 4795 4821 4820 4630
9 4795 4796 4822 4821 4631
9 4796 4797 4823 4822 4632
9 4797 4798 4824 4823 4633
9 4798 4799 4825 4824 4634
9 4799 4800 4826 4825 4635
9 4800 4801 4827 4826 4636
9 4801 4802 4828 4827 4637
9 4802 4803 4829 4828 4638
9 4803 4804 4830 4829 4639
9 4804 4805 4831 4830 4640
9 4805 4806 4832 4831 4641
9 4806 4807 4833 4832 4642
9 4807 4808 4834 4833 4643
9 4808 4809 4835 4834 4644
9 4809 4810 4836 4835 4645
9 4810 4811 4837 4836 4646
9 4811 4812 4838 4837 4647
9 4812 4813 4839 4838 4648
9 4813 4814 4840 4839 4649
9 3285 4036 4841 4086 4650
9 4036 4037 4842 4841 4651
9 4037 4038 4843 4842 4652
9 4038 4039 4844 4843 4653
9 4039 4040 4845 4844 4654
9 4040 4041 4846 4845 4655
9 4041 4042 4847 4846 4656
9 4042 4043 4848 4847 4657
9 4043 4044 4849 4848 4658
9 4044 4045 4850 4849 4659
9 4045 4046 4851 4850 4660
9 4046 4047 4852 4851 4661
9 4047 4048 4853 4852 4662
9 4048 4049 4854 4853 4663
9 4049 4050 4855 4854 4664
9 4050 4051 4856 4855 4665
9 4051 4052 4857 4856 4666
9 4052 4053 4858 4857 4667
9 4053 4054 4859 4858 4668
9 4054 4055 4860 4859 4669
9 4055 4056 4861 4860 4670
9 4056 4057 4862 4861 4671
9 4057 4058 4863 4862 4672
9 4058 4059 4864 4863 4673
9 4059 4060 4865 4864 4674
9 4086 4841 4866 4112 4675
9 4841 4842 4867 4866 4676
9 4842 4843 4868 4867 4677
9 4843 4844 4869 4868 4678
9 4844 4845 4870 4869 4679
9 4845 4846 4871 4870 4680
9 4846 4847 4872 4871 4681
9 4847 4848 4873 4872 4682
9 4848 4849 4874 4873 4683
9 4849 4850 4875 4874 4684
9 4850 4851 4876 4875 4685
9 4851 4852 4877 4876 4686
9 4852 4853 4878 4877 4687
9 4853 4854 4879 4878 4688
9 4854 4855 4880 4879 4689
9 4855 4856 4881 4880 4690
9 4856 4857 4882 4881 4691
9 4857 4858 4883 4882 4692
9 4858 4859 4884 4883 4693
9 4859 4860 4885 4884 4694
9 4860 4861 4886 4885 4695
9 4861 4862 4887 4886 4696
9 4862 4863 4888 4887 4697
9 4863 4864 4889 4888 4698
9 4864 4865 4890 4889 4699
9 4112 4866 4891 4138 4700
9 4866 4867 4892 4891 4701
9 4867 4868 4893 4892 4702
9 4868 4869 4894 4893 4703
9 4869 4870 4895 4894 4704
9 4870 4871 4896 4895 4705
9 4871 4872 4897 4896 4706
9 4872 4873 4898 4897 4707
9 4873 4874 4899 4898 4708
9 4874 4875 4900 4899 4709
9 4875 4876 4901 4900 4710
9 4876 4877 4902 4901 4711
9 4877 4878 4903 4902 4712
9 4878 4879 4904 4903 4713
9 4879 4880 4905 4904 4714
9 4880 4881 4906 4905 4715
9 4881 4882 4907 4906 4716
9 4882 4883 4908 4907 4717
9 4883 4884 4909 4908 4718
9 4884 4885 4910 4909 4719
9 4885 4886 4911 4910 4720
9 4886 4887 4912 4911 4721
9 4887 4888 4913 4912 4722
9 4888 4889 4914 4913 4723
9 4889 4890 4915 4914 4724
9 4138 4891 4916 4164 4725
9 4891 4892 4917 4916 4726
9 4892 4893 4918 4917 4727
9 4893 4894 4919 4918 4728
9 4894 4895 4920 4919 4729
9 4895 4896 4921 4920 4730
9 4896 4897 4922 4921 4731
9 4897 4898 4923 4922 4732
9 4898 4899 4924 4923 4733
9 4899 4900 4925 4924 4734
9 4900 4901 4926 4925 4735
9 4901 4902 4927 4926 4736
9 4902 4903 4928 4927 4737
9 4903 4904 4929 4928 4738
9 4904 4905 4930 4929 4739
9 4905 4906 4931 4930 4740
9 4906 4907 4932 4931 4741
9 4907 4908 4933 4932 4742
9 4908 4909 4934 4933 4743
9 4909 4910 4935 4934 4744
9 4910 4911 4936 4935 4745
9 4911 4912 4937 4936 4746
9 4912 4913 4938 4937 4747
9 4913 4914 4939 4938 4748
9 4914 4915 4940 4939 4749
9 4164 4916 4941 4190 4750
9 4916 4917 4942 4941 4751
9 4917 4918 4943 4942 4752
9 4918 4919 4944 4943 4753
9 4919 4920 4945 4944 4754
9 4920 4921 4946 4945 4755
9 4921 4922 4947 4946 4756
9 4922 4923 4948 4947 4757
9 4923 4924 4949 4948 4758
9 4924 4925 4950 4949 4759
9 4925 4926 4951 4950 4760
9 4926 4927 4952 4951 4761
9 4927 4928 4953 4952 4762
9 4928 4929 4954 4953 4763
9 4929 4930 4955 4954 4764
9 4930 4931 4956 4955 4765
9 4931 4932 4957 4956 4766
9 4932 4933 4958 4957 4767
9 4933 4934 4959 4958 4768
9 4934 4935 4960 4959 4769
9 4935 4936 4961 4960 4770
9 4936 4937 4962 4961 4771
9 4937 4938 4963 4962 4772
9 4938 4939 4964 4963 4773
9 4939 4940 4965 4964 4774
9 4190 4941 4966 4216 4775
9 4941 4942 4967 4966 4776
9 4942 4943 4968 4967 4777
9 4943 4944 4969 4968 4778
9 4944 4945 4970 4969 4779
9 4945 4946 4971 4970 4780
9 4946 4947 4972 4971 4781
9 4947 4948 4973 4972 4782
9 4948 4949 4974 4973 4783
9 4949 4950 4975 4974 4784
9 4950 4951 4976 4975 4785
9 4951 4952 4977 4976 4786
9 4952 4953 4978 4977 4787
9 4953 4954 4979 4978 4788
9 4954 4955 4980 4979 4789
9 4955 4956 4981 4980 4790
9 4956 4957 4982 4981 4791
9 4957 4958 4983 4982 4792
9 4958 4959 4984 4983 4793
9 4959 4960 4985 4984 4794
9 4960 4961 4986 4985 4795
9 4961 4962 4987 4986 4796
9 4962 4963 4988 4987 4797
9 4963 4964 4989 4988 4798
9 4964 4965 4990 4989 4799
9 4216 4966 4991 4242 4800
9 4966 4967 4992 4991 4801
9 4967 4968 4993 4992 4802
9 4968 4969 4994 4993 4803
9 4969 4970 4995 4994 4804
9 4970 4971 4996 4995 4805
9 4971 4972 4997 4996 4806
9 4972 4973 4998 4997 4807
9 4973 4974 4999 4998 4808
9 4974 4975 5000 4999 4809
9 4975 4976 5001 5000 4810
9 4976 4977 5002 5001 4811
9 4977 4978 5003 5002 4812
9 4978 4979 5004 5003 4813
9 4979 4980 5005 5004 4814
9 4980 4981 5006 5005 4815
9 4981 4982 5007 5006 4816
9 4982 4983 5008 5007 4817
9 4983 4984 5009 5008 4818
9 4984 4985 5010 5009 4819
9 4985 4986 5011 5010 4820
9 4986 4987 5012 5011 4821
9 4987 4988 5013 5012 4822
9 4988 4989 5014 5013 4823
9 4989 4990 5015 5014 4824
9 4242 4991 5016 4268 4825
9 4991 4992 5017 5016 4826
9 4992 4993 5018 5017 4827
9 4993 4994 5019 5018 4828
9 4994 4995 5020 5019 4829
9 4995 4996 5021 5020 4830
9 4996 4997 5022 5021 4831
9 4997 4998 5023 5022 4832
9 4998 4999 5024 5023 4833
9 4999 5000 5025 5024 4834
9 5000 5001 5026 5025 4835
9 5001 5002 5027 5026 4836
9 5002 5003 5028 5027 4837
9 5003 5004 5029 5028 4838
9 5004 5005 5030 5029 4839
9 5005 5006 5031 5030 4840
9 5006 5007 5032 5031 4841
9 5007 5008 5033 5032 4842
9 5008 5009 5034 5033 4843
9 5009 5010 5035 5034 4844
9 5010 5011 5036 5035 4845
9 5011 5012 5037 5036 4846
9 5012 5013 5038 5037 4847
9 5013 5014 5039 5038 4848
9 5014 5015 5040 5039 4849
9 4268 5016 5041 4294 4850
9 5016 5017 5042 5041 4851
9 5017 5018 5043 5042 4852
9 5018 5019 5044 5043 4853
9 5019 5020 5045 5044 4854
9 5020 5021 5046 5045 4855
9 5021 5022 5047 5046 4856
9 5022 5023 5048 5047 4857
9 5023 5024 5049 5048 4858
9 5024 5025 5050 5049 4859
9 5025 5026 5051 5050 4860
9 5026 5027 5052 5051 4861
9 5027 5028 5053 5052 4862
9 5028 5029 5054 5053 4863
9 5029 5030 5055 5054 4864
9 5030 5031 5056 5055 4865
9 5031 5032 5057 5056 4866
9 5032 5033 5058 5057 4867
9 5033 5034 5059 5058 4868
9 5034 5035 5060 5059 4869
9 5035 5036 5061 5060 4870
9 5036 5037 5062 5061 4871
9 5037 5038 5063 5062 4872
9 5038 5039 5064 5063 4873
9 5039 5040 5065 5064 4874
9 4294 5041 5066 4320 4875
9 5041 5042 5067 5066 4876
9 5042 5043 5068 5067 4877
9 5043 5044 5069 5068 4878
9 5044 5045 5070 5069 4879
9 5045 5046 5071 5070 4880
9 5046 5047 5072 5071 4881
9 5047 5048 5073 5072 4882
9 5048 5049 5074 5073 4883
9 5049 5050 5075 5074 4884
9 5050 5051 5076 5075 4885
9 5051 5052 5077 5076 4886
9 5052 5053 5078 5077 4887
9 5053 5054 5079 5078 4888
9 5054 5055 5080 5079 4889
9 5055 5056 5081 5080 4890
9 5056 5057 5082 5081 4891
9 5057 5058 5083 5082 4892
9 5058 5059 5084 5083 4893
9 5059 5060 5085 5084 4894
9 5060 5061 5086 5085 4895
9 5061 5062 5087 5086 4896
9 5062 5063 5088 5087 4897
9 5063 5064 5089 5088 4898
9 5064 5065 5090 5089 4899
9 4320 5066 5091 4346 4900
9 5066 5067 5092 5091 4901
9 5067 5068 5093 5092 4902
9 5068 5069 5094 5093 4903
9 5069 5070 5095 5094 4904
9 5070 5071 5096 5095 4905
9 5071 5072 5097 5096 4906
9 5072 5073 5098 5097 4907
9 5073 5074 5099 5098 4908
9 5074 5075 5100 5099 4909
9 5075 5076 5101 5100 4910
9 5076 5077 5102 5101 4911
9 5077 5078 5103 5102 4912
9 5078 5079 5104 5103 4913
9 5079 5080 5105 5104 4914
9 5080 5081 5106 5105 4915
9 5081 5082 5107 5106 4916
9 5082 5083 5108 5107 4917
9 5083 5084 5109 5108 4918
9 5084 5085 5110 5109 4919
9 5085 5086 5111 5110 4920
9 5086 5087 5112 5111 4921
9 5087 5088 5113 5112 4922
9 5088 5089 5114 5113 4923
9 5089 5090 5115 5114 4924
9 4346 5091 5116 4372 4925
9 5091 5092 5117 5116 4926
9 5092 5093 5118 5117 4927
9 5093 5094 5119 5118 4928
9 5094 5095 5120 5119 4929
9 5095 5096 5121 5120 4930
9 5096 5097 5122 5121 4931
9 5097 5098 5123 5122 4932
9 5098 5099 5124 5123 4933
9 5099 5100 5125 5124 4934
9 5100 5101 5126 5125 4935
9 5101 5102 5127 5126 4936
9 5102 5103 5128 5127 4937
9 5103 5104 5129 5128 4938
9 5104 5105 5130 5129 4939
9 5105 5106 5131 5130 4940
9 5106 5107 5132 5131 4941
9 5107 5108 5133 5132 4942
9 5108 5109 5134 5133 4943
9 5109 5110 5135 5134 4944
9 5110 5111 5136 5135 4945
9 5111 5112 5137 5136 4946
9 5112 5113 5138 5137 4947
9 5113 5114 5139 5138 4948
9 5114 5115 5140 5139 4949
9 4372 5116 5141 4398 4950
9 5116 5117 5142 5141 4951
9 5117 5118 5143 5142 4952
9 5118 5119 5144 5143 4953
9 5119 5120 5145 5144 4954
9 5120 5121 5146 5145 4955
9 5121 5122 5147 5146 4956
9 5122 5123 5148 5147 4957
9 5123 5124 5149 5148 4958
9 5124 5125 5150 5149 4959
9 5125 5126 5151 5150 4960
9 5126 5127 5152 5151 4961
9 5127 5128 5153 5152 4962
9 5128 5129 5154 5153 4963
9 5129 5130 5155 5154 4964
9 5130 5131 5156 5155 4965
9 5131 5132 5157 5156 4966
9 5132 5133 5158 5157 4967
9 5133 5134 5159 5158 4968
9 5134 5135 5160 5159 4969
9 5135 5136 5161 5160 4970
9 5136 5137 5162 5161 4971
9 5137 5138 5163 5162 4972
9 5138 5139 5164 5163 4973
9 5139 5140 5165 5164 4974
9 4398 5141 5166 4424 4975
9 5141 5142 5167 5166 4976
9 5142 5143 5168 5167 4977
9 5143 5144 5169 5168 4978
9 5144 5145 5170 5169 4979
9 5145 5146 5171 5170 4980
9 5146 5147 5172 5171 4981
9 5147 5148 5173 5172 4982
9 5148 5149 5174 5173 4983
9 5149 5150 5175 5174 4984
9 5150 5151 5176 5175 4985
9 5151 5152 5177 5176 4986
9 5152 5153 5178 5177 4987
9 5153 5154 5179 5178 4988
9 5154 5155 5180 5179 4989
9 5155 5156 5181 5180 4990
9 5156 5157 5182 5181 4991
9 5157 5158 5183 5182 4992
9 5158 5159 5184 5183 4993
9 5159 5160 5185 5184 4994
9 5160 5161 5186 5185 4995
9 5161 5162 5187 5186 4996
9 5162 5163 5188 5187 4997
9 5163 5164 5189 5188 4998
9 5164 5165 5190 5189 4999
9 4424 5166 5191 4450 5000
9 5166 5167 5192 5191 5001
9 5167 5168 5193 5192 5002
9 5168 5169 5194 5193 5003
9 5169 5170 5195 5194 5004
9 5170 5171 5196 5195 5005
9 5171 5172 5197 5196 5006
9 5172 5173 5198 5197 5007
9 5173 5174 5199 5198 5008
9 5174 5175 5200 5199 5009
9 5175 5176 5201 5200 5010
9 5176 5177 5202 5201 5011
9 5177 5178 5203 5202 5012
9 5178 5179 5204 5203 5013
9 5179 5180 5205 5204 5014
9 5180 5181 5206 5205 5015
9 5181 5182 5207 5206 5016
9 5182 5183 5208 5207 5017
9 5183 5184 5209 5208 5018
9 5184 5185 5210 5209 5019
9 5185 5186 5211 5210 5020
9 5186 5187 5212 5211 5021
9 5187 5188 5213 5212 5022
9 5188 5189 5214 5213 5023
9 5189 5190 5215 5214 5024
9 4450 5191 5216 4476 5025
9 5191 5192 5217 5216 5026
9 5192 5193 5218 5217 5027
9 5193 5194 5219 5218 5028
9 5194 5195 5220 5219 5029
9 5195 5196 5221 5220 5030
9 5196 5197 5222 5221 5031
9 5197 5198 5223 5222 5032
9 5198 5199 5224 5223 5033
9 5199 5200 5225 5224 5034
9 5200 5201 5226 5225 5035
9 5201 5202 5227 5226 5036
9 5202 5203 5228 5227 5037
9 5203 5204 5229 5228 5038
9 5204 5205 5230 5229 5039
9 5205 5206 5231 5230 5040
9 5206 5207 5232 5231 5041
9 5207 5208 5233 5232 5042
9 5208 5209 5234 5233 5043
9 5209 5210 5235 5234 5044
9 5210 5211 5236 5235 5045
9 5211 5212 5237 5236 5046
9 5212 5213 5238 5237 5047
9 5213 5214 5239 5238 5048
9 5214 5215 5240 5239 5049
9 4476 5216 5241 4502 5050
9 5216 5217 5242 5241 5051
9 5217 5218 5243 5242 5052
9 5218 5219 5244 5243 5053
9 5219 5220 5245 5244 5054
9 5220 5221 5246 5245 5055
9 5221 5222 5247 5246 5056
9 5222 5223 5248 5247 5057
9 5223 5224 5249 5248 5058
9 5224 5225 5250 5249 5059
9 5225 5226 5251 5250 5060
9 5226 5227 5252 5251 5061
9 5227 5228 5253 5252 5062
9 5228 5229 5254 5253 5063
9 5229 5230 5255 5254 5064
9 5230 5231 5256 5255 5065
9 5231 5232 5257 5256 5066
9 5232 5233 5258 5257 5067
9 5233 5234 5259 5258 5068
9 5234 5235 5260 5259 5069
9 5235 5236 5261 5260 5070
9 5236 5237 5262 5261 5071
9 5237 5238 5263 5262 5072
9 5238 5239 5264 5263 5073
9 5239 5240 5265 5264 5074
9 4502 5241 5266 4528 5075
9 5241 5242 5267 5266 5076
9 5242 5243 5268 5267 5077
9 5243 5244 5269 5268 5078
9 5244 5245 5270 5269 5079
9 5245 5246 5271 5270 5080
9 5246 5247 5272 5271 5081
9 5247 5248 5273 5272 5082
9 5248 5249 5274 5273 5083
9 5249 5250 5275 5274 5084
9 5250 5251 5276 5275 5085
9 5251 5252 5277 5276 5086
9 5252 5253 5278 5277 5087
9 5253 5254 5279 5278 5088
9 5254 5255 5280 5279 5089
9 5255 5256 5281 5280 5090
9 5256 5257 5282 5281 5091
9 5257 5258 5283 5282 5092
9 5258 5259 5284 5283 5093
9 5259 5260 5285 5284 5094
9 5260 5261 5286 5285 5095
9 5261 5262 5287 5286 5096
9 5262 5263 5288 5287 5097
9 5263 5264 5289 5288 5098
9 5264 5265 5290 5289 5099
9 4528 5266 5291 4554 5100
9 5266 5267 5292 5291 5101
9 5267 5268 5293 5292 5102
9 5268 5269 5294 5293 5103
9 5269 5270 5295 5294 5104
9 5270 5271 5296 5295 5105
9 5271 5272 5297 5296 5106
9 5272 5273 5298 5297 5107
9 5273 5274 5299 5298 5108
9 5274 5275 5300 5299 5109
9 5275 5276 5301 5300 5110
9 5276 5277 5302 5301 5111
9 5277 5278 5303 5302 5112
9 5278 5279 5304 5303 5113
9 5279 5280 5305 5304 5114
9 5280 5281 5306 5305 5115
9 5281 5282 5307 5306 5116
9 5282 5283 5308 5307 5117
9 5283 5284 5309 5308 5118
9 5284 5285 5310 5309 5119
9 5285 5286 5311 5310 5120
9 5286 5287 5312 5311 5121
9 5287 5288 5313 5312 5122
9 5288 5289 5314 5313 5123
9 5289 5290 5315 5314 5124
9 4554 5291 5316 4580 5125
9 5291 5292 5317 5316 5126
9 5292 5293 5318 5317 5127
9 5293 5294 5319 5318 5128
9 5294 5295 5320 5319 5129
9 5295 5296 5321 5320 5130
9 5296 5297 5322 5321 5131
9 5297 5298 5323 5322 5132
9 5298 5299 5324 5323 5133
9 5299 5300 5325 5324 5134
9 5300 5301 5326 5325 5135
9 5301 5302 5327 5326 5136
9 5302 5303 5328 5327 5137
9 5303 5304 5329 5328 5138
9 5304 5305 5330 5329 5139
9 5305 5306 5331 5330 5140
9 5306 5307 5332 5331 5141
9 5307 5308 5333 5332 5142
9 5308 5309 5334 5333 5143
9 5309 5310 5335 5334 5144
9 5310 5311 5336 5335 5145
9 5311 5312 5337 5336 5146
9 5312 5313 5338 5337 5147
9 5313 5314 5339 5338 5148
9 5314 5315 5340 5339 5149
9 4580 5316 5341 4606 5150
9 5316 5317 5342 5341 5151
9 5317 5318 5343 5342 5152
9 5318 5319 5344 5343 5153
9 5319 5320 5345 5344 5154
9 5320 5321 5346 5345 5155
9 5321 5322 5347 5346 5156
9 5322 5323 5348 5347 5157
9 5323 5324 5349 5348 5158
9 5324 5325 5350 5349 5159
9 5325 5326 5351 5350 5160
9 5326 5327 5352 5351 5161
9 5327 5328 5353 5352 5162
9 5328 5329 5354 5353 5163
9 5329 5330 5355 5354 5164
9 5330 5331 5356 5355 5165
9 5331 5332 5357 5356 5166
9 5332 5333 5358 5357 5167
9 5333 5334 5359 5358 5168
9 5334 5335 5360 5359 5169
9 5335 5336 5361 5360 5170
9 5336 5337 5362 5361 5171
9 5337 5338 5363 5362 5172
9 5338 5339 5364 5363 5173
9 5339 5340 5365 5364 5174
9 4606 5341 5366 4632 5175
9 5341 5342 5367 5366 5176
9 5342 5343 5368 5367 5177
9 5343 5344 5369 5368 5178
9 5344 5345 5370 5369 5179
9 5345 5346 5371 5370 5180
9 5346 5347 5372 5371 5181
9 5347 5348 5373 5372 5182
9 5348 5349 5374 5373 5183
9 5349 5350 5375 5374 5184
9 5350 5351 5376 5375 5185
9 5351 5352 5377 5376 5186
9 5352 5353 5378 5377 5187
9 5353 5354 5379 5378 5188
9 5354 5355 5380 5379 5189
9 5355 5356 5381 5380 5190
9 5356 5357 5382 5381 5191
9 5357 5358 5383 5382 5192
9 5358 5359 5384 5383 5193
9 5359 5360 5385 5384 5194
9 5360 5361 5386 5385 5195
9 5361 5362 5387 5386 5196
9 5362 5363 5388 5387 5197
9 5363 5364 5389 5388 5198
9 5364 5365 5390 5389 5199
9 4632 5366 5391 4658 5200
9 5366 5367 5392 5391 5201
9 5367 5368 5393 5392 5202
9 5368 5369 5394 5393 5203
9 5369 5370 5395 5394 5204
9 5370 5371 5396 5395 5205
9 5371 5372 5397 5396 5206
9 5372 5373 5398 5397 5207
9 5373 5374 5399 5398 5208
9 5374 5375 5400 5399 5209
9 5375 5376 5401 5400 5210
9 5376 5377 5402 5401 5211
9 5377 5378 5403 5402 5212
9 5378 5379 5404 5403 5213
9 5379 5380 5405 5404 5214
9 5380 5381 5406 5405 5215
9 5381 5382 5407 5406 5216
9 5382 5383 5408 5407 5217
9 5383 5384 5409 5408 5218
9 5384 5385 5410 5409 5219
9 5385 5386 5411 5410 5220
9 5386 5387 5412 5411 5221
9 5387 5388 5413 5412 5222
9 5388 5389 5414 5413 5223
9 5389 5390 5415 5414 5224
9 4658 5391 5416 4684 5225
9 5391 5392 5417 5416 5226
9 5392 5393 5418 5417 5227
9 5393 5394 5419 5418 5228
9 5394 5395 5420 5419 5229
9 5395 5396 5421 5420 5230
9 5396 5397 5422 5421 5231
9 5397 5398 5423 5422 5232
9 5398 5399 5424 5423 5233
9 5399 5400 5425 5424 5234
9 5400 5401 5426 5425 5235
9 5401 5402 5427 5426 5236
9 5402 5403 5428 5427 5237
9 5403 5404 5429 5428 5238
9 5404 5405 5430 5429 5239
9 5405 5406 5431 5430 5240
9 5406 5407 5432 5431 5241
9 5407 5408 5433 5432 5242
9 5408 5409 5434 5433 5243
9 5409 5410 5435 5434 5244
9 5410 5411 5436 5435 5245
9 5411 5412 5437 5436 5246
9 5412 5413 5438 5437 5247
9 5413 5414 5439 5438 5248
9 5414 5415 5440 5439 5249
9 4684 5416 5441 4710 5250
9 5416 5417 5442 5441 5251
9 5417 5418 5443 5442 5252
9 5418 5419 5444 5443 5253
9 5419 5420 5445 5444 5254
9 5420 5421 5446 5445 5255
9 5421 5422 5447 5446 5256
9 5422 5423 5448 5447 5257
9 5423 5424 5449 5448 5258
9 5424 5425 5450 5449 5259
9 5425 5426 5451 5450 5260
9 5426 5427 5452 5451 5261
9 5427 5428 5453 5452 5262
9 5428 5429 5454 5453 5263
9 5429 5430 5455 5454 5264
9 5430 5431 5456 5455 5265
9 5431 5432 5457 5456 5266
9 5432 5433 5458 5457 5267
9 5433 5434 5459 5458 5268
9 5434 5435 5460 5459 5269
9 5435 5436 5461 5460 5270
9 5436 5437 5462 5461 5271
9 5437 5438 5463 5462 5272
9 5438 5439 5464 5463 5273
9 5439 5440 5465 5464 5274
9 4710 5441 5466 4736 5275
9 5441 5442 5467 5466 5276
9 5442 5443 5468 5467 5277
9 5443 5444 5469 5468 5278
9 5444 5445 5470 5469 5279
9 5445 5446 5471 5470 5280
9 5446 5447 5472 5471 5281
9 5447 5448 5473 5472 5282
9 5448 5449 5474 5473 5283
9 5449 5450 5475 5474 5284
9 5450 5451 5476 5475 5285
9 5451 5452 5477 5476 5286
9 5452 5453 5478 5477 5287
9 5453 5454 5479 5478 5288
9 5454 5455 5480 5479 5289
9 5455 5456 5481 5480 5290
9 5456 5457 5482 5481 5291
9 5457 5458 5483 5482 5292
9 5458 5459 5484 5483 5293
9 5459 5460 5485 5484 5294
9 5460 5461 5486 5485 5295
9 5461 5462 5487 5486 5296
9 5462 5463 5488 5487 5297
9 5463 5464 5489 5488 5298
9 5464 5465 5490 5489 5299
9 4736 5466 5491 4762 5300
9 5466 5467 5492 5491 5301
9 5467 5468 5493 5492 5302
9 5468 5469 5494 5493 5303
9 5469 5470 5495 5494 5304
9 5470 5471 5496 5495 5305
9 5471 5472 5497 5496 5306
9 5472 5473 5498 5497 5307
9 5473 5474 5499 5498 5308
9 5474 5475 5500 5499 5309
9 5475 5476 5501 5500 5310
9 5476 5477 5502 5501 5311
9 5477 5478 5503 5502 5312
9 5478 5479 5504 5503 5313
9 5479 5480 5505 5504 5314
9 5480 5481 5506 5505 5315
9 5481 5482 5507 5506 5316
9 5482 5483 5508 5507 5317
9 5483 5484 5509 5508 5318
9 5484 5485 5510 5509 5319
9 5485 5486 5511 5510 5320
9 5486 5487 5512 5511 5321
9 5487 5488 5513 5512 5322
9 5488 5489 5514 5513 5323
9 5489 5490 5515 5514 5324
9 4762 5491 5516 4788 5325
9 5491 5492 5517 5516 5326
9 5492 5493 5518 5517 5327
9 5493 5494 5519 5518 5328
9 5494 5495 5520 5519 5329
9 5495 5496 5521 5520 5330
9 5496 5497 5522 5521 5331
9 5497 5498 5523 5522 5332
9 5498 5499 5524 5523 5333
9 5499 5500 5525 5524 5334
9 5500 5501 5526 5525 5335
9 5501 5502 5527 5526 5336
9 5502 5503 5528 5527 5337
9 5503 5504 5529 5528 5338
9 5504 5505 5530 5529 5339
9 5505 5506 5531 5530 5340
9 5506 5507 5532 5531 5341
9 5507 5508 5533 5532 5342
9 5508 5509 5534 5533 5343
9 5509 5510 5535 5534 5344
9 5510 5511 5536 5535 5345
9 5511 5512 5537 5536 5346
9 5512 5513 5538 5537 5347
9 5513 5514 5539 5538 5348
9 5514 5515 5540 5539 5349
9 4788 5516 5541 4814 5350
9 5516 5517 5542 5541 5351
9 5517 5518 5543 5542 5352
9 5518 5519 5544 5543 5353
9 5519 5520 5545 5544 5354
9 5520 5521 5546 5545 5355
9 5521 5522 5547 5546 5356
9 5522 5523 5548 5547 5357
9 5523 5524 5549 5548 5358
9 5524 5525 5550 5549 5359
9 5525 5526 5551 5550 5360
9 5526 5527 5552 5551 5361
9 5527 5528 5553 5552 5362
9 5528 5529 5554 5553 5363
9 5529 5530 5555 5554 5364
9 5530 5531 5556 5555 5365
9 5531 5532 5557 5556 5366
9 5532 5533 5558 5557 5367
9 5533 5534 5559 5558 5368
9 5534 5535 5560 5559 5369
9 5535 5536 5561 5560 5370
9 5536 5537 5562 5561 5371
9 5537 5538 5563 5562 5372
9 5538 5539 5564 5563 5373
9 5539 5540 5565 5564 5374
9 4814 5541 5566 4840 5375
9 5541 5542 5567 5566 5376
9 5542 5543 5568 5567 5377
9 5543 5544 5569 5568 5378
9 5544 5545 5570 5569 5379
9 5545 5546 5571 5570 5380
9 5546 5547 5572 5571 5381
9 5547 5548 5573 5572 5382
9 5548 5549 5574 5573 5383
9 5549 5550 5575 5574 5384
9 5550 5551 5576 5575 5385
9 5551 5552 5577 5576 5386
9 5552 5553 5578 5577 5387
9 5553 5554 5579 5578 5388
9 5554 5555 5580 5579 5389
9 5555 5556 5581 5580 5390
9 5556 5557 5582 5581 5391
9 5557 5558 5583 5582 5392
9 5558 5559 5584 5583 5393
9 5559 5560 5585 5584 5394
9 5560 5561 5586 5585 5395
9 5561 5562 5587 5586 5396
9 5562 5563 5588 5587 5397
9 5563 5564 5589 5588 5398
9 5564 5565 5590 5589 5399
9 5591 5592 5607 5606 5400
9 5592 5593 5608 5607 5401
9 5593 5594 5609 5608 5402
9 5594 5595 5610 5609 5403
9 5595 5596 5611 5610 5404
9 5596 5597 5612 5611 5405
9 5597 5598 5613 5612 5406
9 5598 5599 5614 5613 5407
9 5599 5600 5615 5614 5408
9 5600 5601 5616 5615 5409
9 5601 5602 5617 5616 5410
9 5602 5603 5618 5617 5411
9 5603 5604 5619 5618 5412
9 5604 5605 5620 5619 5413
9 5605 2510 4061 5620 5414
9 5606 5607 5622 5621 5415
9 5607 5608 5623 5622 5416
9 5608 5609 5624 5623 5417
9 5609 5610 5625 5624 5418
9 5610 5611 5626 5625 5419
9 5611 5612 5627 5626 5420
9 5612 5613 5628 5627 5421
9 5613 5614 5629 5628 5422
9 5614 5615 5630 5629 5423
9 5615 5616 5631 5630 5424
9 5616 5617 5632 5631 5425
9 5617 5618 5633 5632 5426
9 5618 5619 5634 5633 5427
9 5619 5620 5635 5634 5428
9 5620 4061 4087 5635 5429
9 5621 5622 5637 5636 5430
9 5622 5623 5638 5637 5431
9 5623 5624 5639 5638 5432
9 5624 5625 5640 5639 5433
9 5625 5626 5641 5640 5434
9 5626 5627 5642 5641 5435
9 5627 5628 5643 5642 5436
9 5628 5629 5644 5643 5437
9 5629 5630 5645 5644 5438
9 5630 5631 5646 5645 5439
9 5631 5632 5647 5646 5440
9 5632 5633 5648 5647 5441
9 5633 5634 5649 5648 5442
9 5634 5635 5650 5649 5443
9 5635 4087 4113 5650 5444
9 5636 5637 5652 5651 5445
9 5637 5638 5653 5652 5446
9 5638 5639 5654 5653 5447
9 5639 5640 5655 5654 5448
9 5640 5641 5656 5655 5449
9 5641 5642 5657 5656 5450
9 5642 5643 5658 5657 5451
9 5643 5644 5659 5658 5452
9 5644 5645 5660 5659 5453
9 5645 5646 5661 5660 5454
9 5646 5647 5662 5661 5455
9 5647 5648 5663 5662 5456
9 5648 5649 5664 5663 5457
9 5649 5650 5665 5664 5458
9 5650 4113 4139 5665 5459
9 5651 5652 5667 5666 5460
9 5652 5653 5668 5667 5461
9 5653 5654 5669 5668 5462
9 5654 5655 5670 5669 5463
9 5655 5656 5671 5670 5464
9 5656 5657 5672 5671 5465
9 5657 5658 5673 5672 5466
9 5658 5659 5674 5673 5467
9 5659 5660 5675 5674 5468
9 5660 5661 5676 5675 5469
9 5661 5662 5677 5676 5470
9 5662 5663 5678 5677 5471
9 5663 5664 5679 5678 5472
9 5664 5665 5680 5679 5473
9 5665 4139 4165 5680 5474
9 5666 5667 5682 5681 5475
9 5667 5668 5683 5682 5476
9 5668 5669 5684 5683 5477
9 5669 5670 5685 5684 5478
9 5670 5671 5686 5685 5479
9 5671 5672 5687 5686 5480
9 5672 5673 5688 5687 5481
9 5673 5674 5689 5688 5482
9 5674 5675 5690 5689 5483
9 5675 5676 5691 5690 5484
9 5676 5677 5692 5691 5485
9 5677 5678 5693 5692 5486
9 5678 5679 5694 5693 5487
9 5679 5680 5695 5694 5488
9 5680 4165 4191 5695 5489
9 5681 5682 5697 5696 5490
9 5682 5683 5698 5697 5491
9 5683 5684 5699 5698 5492
9 5684 5685 5700 5699 5493
9 5685 5686 5701 5700 5494
9 5686 5687 5702 5701 5495
9 5687 5688 5703 5702 5496
9 5688 5689 5704 5703 5497
9 5689 5690 5705 5704 5498
9 5690 5691 5706 5705 5499
9 5691 5692 5707 5706 5500
9 5692 5693 5708 5707 5501
9 5693 5694 5709 5708 5502
9 5694 5695 5710 5709 5503
9 5695 4191 4217 5710 5504
9 5696 5697 5712 5711 5505
9 5697 5698 5713 5712 5506
9 5698 5699 5714 5713 5507
9 5699 5700 5715 5714 5508
9 5700 5701 5716 5715 5509
9 5701 5702 5717 5716 5510
9 5702 5703 5718 5717 5511
9 5703 5704 5719 5718 5512
9 5704 5705 5720 5719 5513
9 5705 5706 5721 5720 5514
9 5706 5707 5722 5721 5515
9 5707 5708 5723 5722 5516
9 5708 5709 5724 5723 5517
9 5709 5710 5725 5724 5518
9 5710 4217 4243 5725 5519
9 5711 5712 5727 5726 5520
9 5712 5713 5728 5727 5521
9 5713 5714 5729 5728 5522
9 5714 5715 5730 5729 5523
9 5715 5716 5731 5730 5524
9 5716 5717 5732 5731 5525
9 5717 5718 5733 5732 5526
9 5718 5719 5734 5733 5527
9 5719 5720 5735 5734 5528
9 5720 5721 5736 5735 5529
9 5721 5722 5737 5736 5530
9 5722 5723 5738 5737 5531
9 5723 5724 5739 5738 5532
9 5724 5725 5740 5739 5533
9 5725 4243 4269 5740 5534
9 5726 5727 5742 5741 5535
9 5727 5728 5743 5742 5536
9 5728 5729 5744 5743 5537
9 5729 5730 5745 5744 5538
9 5730 5731 5746 5745 5539
9 5731 5732 5747 5746 5540
9 5732 5733 5748 5747 5541
9 5733 5734 5749 5748 5542
9 5734 5735 5750 5749 5543
9 5735 5736 5751 5750 5544
9 5736 5737 5752 5751 5545
9 5737 5738 5753 5752 5546
9 5738 5739 5754 5753 5547
9 5739 5740 5755 5754 5548
9 5740 4269 4295 5755 5549
9 5741 5742 5757 5756 5550
9 5742 5743 5758 5757 5551
9 5743 5744 5759 5758 5552
9 5744 5745 5760 5759 5553
9 5745 5746 5761 5760 5554
9 5746 5747 5762 5761 5555
9 5747 5748 5763 5762 5556
9 5748 5749 5764 5763 5557
9 5749 5750 5765 5764 5558
9 5750 5751 5766 5765 5559
9 5751 5752 5767 5766 5560
9 5752 5753 5768 5767 5561
9 5753 5754 5769 5768 5562
9 5754 5755 5770 5769 5563
9 5755 4295 4321 5770 5564
9 5756 5757 5772 5771 5565
9 5757 5758 5773 5772 5566
9 5758 5759 5774 5773 5567
9 5759 5760 5775 5774 5568
9 5760 5761 5776 5775 5569
9 5761 5762 5777 5776 5570
9 5762 5763 5778 5777 5571
9 5763 5764 5779 5778 5572
9 5764 5765 5780 5779 5573
9 5765 5766 5781 5780 5574
9 5766 5767 5782 5781 5575
9 5767 5768 5783 5782 5576
9 5768 5769 5784 5783 5577
9 5769 5770 5785 5784 5578
9 5770 4321 4347 5785 5579
9 5771 5772 5787 5786 5580
9 5772 5773 5788 5787 5581
9 5773 5774 5789 5788 5582
9 5774 5775 5790 5789 5583
9 5775 5776 5791 5790 5584
9 5776 5777 5792 5791 5585
9 5777 5778 5793 5792 5586
9 5778 5779 5794 5793 5587
9 5779 5780 5795 5794 5588
9 5780 5781 5796 5795 5589
9 5781 5782 5797 5796 5590
9 5782 5783 5798 5797 5591
9 5783 5784 5799 5798 5592
9 5784 5785 5800 5799 5593
9 5785 4347 4373 5800 5594
9 5786 5787 5802 5801 5595
9 5787 5788 5803 5802 5596
9 5788 5789 5804 5803 5597
9 5789 5790 5805 5804 5598
9 5790 5791 5806 5805 5599
9 5791 5792 5807 5806 5600
9 5792 5793 5808 5807 5601
9 5793 5794 5809 5808 5602
9 5794 5795 5810 5809 5603
9 5795 5796 5811 5810 5604
9 5796 5797 5812 5811 5605
9 5797 5798 5813 5812 5606
9 5798 5799 5814 5813 5607
9 5799 5800 5815 5814 5608
9 5800 4373 4399 5815 5609
9 5801 5802 5817 5816 5610
9 5802 5803 5818 5817 5611
9 5803 5804 5819 5818 5612
9 5804 5805 5820 5819 5613
9 5805 5806 5821 5820 5614
9 5806 5807 5822 5821 5615
9 5807 5808 5823 5822 5616
9 5808 5809 5824 5823 5617
9 5809 5810 5825 5824 5618
9 5810 5811 5826 5825 5619
9 5811 5812 5827 5826 5620
9 5812 5813 5828 5827 5621
9 5813 5814 5829 5828 5622
9 5814 5815 5830 5829 5623
9 5815 4399 4425 5830 5624
9 5816 5817 5832 5831 5625
9 5817 5818 5833 5832 5626
9 5818 5819 5834 5833 5627
9 5819 5820 5835 5834 5628
9 5820 5821 5836 5835 5629
9 5821 5822 5837 5836 5630
9 5822 5823 5838 5837 5631
9 5823 5824 5839 5838 5632
9 5824 5825 5840 5839 5633
9 5825 5826 5841 5840 5634
9 5826 5827 5842 5841 5635
9 5827 5828 5843 5842 5636
9 5828 5829 5844 5843 5637
9 5829 5830 5845 5844 5638
9 5830 4425 4451 5845 5639
9 5831 5832 5847 5846 5640
9 5832 5833 5848 5847 5641
9 5833 5834 5849 5848 5642
9 5834 5835 5850 5849 5643
9 5835 5836 5851 5850 5644
9 5836 5837 5852 5851 5645
9 5837 5838 5853 5852 5646
9 5838 5839 5854 5853 5647
9 5839 5840 5855 5854 5648
9 5840 5841 5856 5855 5649
9 5841 5842 5857 5856 5650
9 5842 5843 5858 5857 5651
9 5843 5844 5859 5858 5652
9 5844 5845 5860 5859 5653
9 5845 4451 4477 5860 5654
9 5846 5847 5862 5861 5655
9 5847 5848 5863 5862 5656
9 5848 5849 5864 5863 5657
9 5849 5850 5865 5864 5658
9 5850 5851 5866 5865 5659
9 5851 5852 5867 5866 5660
9 5852 5853 5868 5867 5661
9 5853 5854 5869 5868 5662
9 5854 5855 5870 5869 5663
9 5855 5856 5871 5870 5664
9 5856 5857 5872 5871 5665
9 5857 5858 5873 5872 5666
9 5858 5859 5874 5873 5667
9 5859 5860 5875 5874 5668
9 5860 4477 4503 5875 5669
9 5861 5862 5877 5876 5670
9 5862 5863 5878 5877 5671
9 5863 5864 5879 5878 5672
9 5864 5865 5880 5879 5673
9 5865 5866 5881 5880 5674
9 5866 5867 5882 5881 5675
9 5867 5868 5883 5882 5676
9 5868 5869 5884 5883 5677
9 5869 5870 5885 5884 5678
9 5870 5871 5886 5885 5679
9 5871 5872 5887 5886 5680
9 5872 5873 5888 5887 5681
9 5873 5874 5889 5888 5682
9 5874 5875 5890 5889 5683
9 5875 4503 4529 5890 5684
9 5876 5877 5892 5891 5685
9 5877 5878 5893 5892 5686
9 5878 5879 5894 5893 5687
9 5879 5880 5895 5894 5688
9 5880 5881 5896 5895 5689
9 5881 5882 5897 5896 5690
9 5882 5883 5898 5897 5691
9 5883 5884 5899 5898 5692
9 5884 5885 5900 5899 5693
9 5885 5886 5901 5900 5694
9 5886 5887 5902 5901 5695
9 5887 5888 5903 5902 5696
9 5888 5889 5904 5903 5697
9 5889 5890 5905 5904 5698
9 5890 4529 4555 5905 5699
9 5891 5892 5907 5906 5700
9 5892 5893 5908 5907 5701
9 5893 5894 5909 5908 5702
9 5894 5895 5910 5909 5703
9 5895 5896 5911 5910 5704
9 5896 5897 5912 5911 5705
9 5897 5898 5913 5912 5706
9 5898 5899 5914 5913 5707
9 5899 5900 5915 5914 5708
9 5900 5901 5916 5915 5709
9 5901 5902 5917 5916 5710
9 5902 5903 5918 5917 5711
9 5903 5904 5919 5918 5712
9 5904 5905 5920 5919 5713
9 5905 4555 4581 5920 5714
9 5906 5907 5922 5921 5715
9 5907 5908 5923 5922 5716
9 5908 5909 5924 5923 5717
9 5909 5910 5925 5924 5718
9 5910 5911 5926 5925 5719
9 5911 5912 5927 5926 5720
9 5912 5913 5928 5927 5721
9 5913 5914 5929 5928 5722
9 5914 5915 5930 5929 5723
9 5915 5916 5931 5930 5724
9 5916 5917 5932 5931 5725
9 5917 5918 5933 5932 5726
9 5918 5919 5934 5933 5727
9 5919 5920 5935 5934 5728
9 5920 4581 4607 5935 5729
9 5921 5922 5937 5936 5730
9 5922 5923 5938 5937 5731
9 5923 5924 5939 5938 5732
9 5924 5925 5940 5939 5733
9 5925 5926 5941 5940 5734
9 5926 5927 5942 5941 5735
9 5927 5928 5943 5942 5736
9 5928 5929 5944 5943 5737
9 5929 5930 5945 5944 5738
9 5930 5931 5946 5945 5739
9 5931 5932 5947 5946 5740
9 5932 5933 5948 5947 5741
9 5933 5934 5949 5948 5742
9 5934 5935 5950 5949 5743
9 5935 4607 4633 5950 5744
9 5936 5937 5952 5951 5745
9 5937 5938 5953 5952 5746
9 5938 5939 5954 5953 5747
9 5939 5940 5955 5954 5748
9 5940 5941 5956 5955 5749
9 5941 5942 5957 5956 5750
9 5942 5943 5958 5957 5751
9 5943 5944 5959 5958 5752
9 5944 5945 5960 5959 5753
9 5945 5946 5961 5960 5754
9 5946 5947 5962 5961 5755
9 5947 5948 5963 5962 5756
9 5948 5949 5964 5963 5757
9 5949 5950 5965 5964 5758
9 5950 4633 4659 5965 5759
9 5951 5952 5967 5966 5760
9 5952 5953 5968 5967 5761
9 5953 5954 5969 5968 5762
9 5954 5955 5970 5969 5763
9 5955 5956 5971 5970 5764
9 5956 5957 5972 5971 5765
9 5957 5958 5973 5972 5766
9 5958 5959 5974 5973 5767
9 5959 5960 5975 5974 5768
9 5960 5961 5976 5975 5769
9 5961 5962 5977 5976 5770
9 5962 5963 5978 5977 5771
9 5963 5964 5979 5978 5772
9 5964 5965 5980 5979 5773
9 5965 4659 4685 5980 5774
9 5966 5967 5982 5981 5775
9 5967 5968 5983 5982 5776
9 5968 5969 5984 5983 5777
9 5969 5970 5985 5984 5778
9 5970 5971 5986 5985 5779
9 5971 5972 5987 5986 5780
9 5972 5973 5988 5987 5781
9 5973 5974 5989 5988 5782
9 5974 5975 5990 5989 5783
9 5975 5976 5991 5990 5784
9 5976 5977 5992 5991 5785
9 5977 5978 5993 5992 5786
9 5978 5979 5994 5993 5787
9 5979 5980 5995 5994 5788
9 5980 4685 4711 5995 5789
9 5981 5982 5997 5996 5790
9 5982 5983 5998 5997 5791
9 5983 5984 5999 5998 5792
9 5984 5985 6000 5999 5793
9 5985 5986 6001 6000 5794
9 5986 5987 6002 6001 5795
9 5987 5988 6003 6002 5796
9 5988 5989 6004 6003 5797
9 5989 5990 6005 6004 5798
9 5990 5991 6006 6005 5799
9 5991 5992 6007 6006 5800
9 5992 5993 6008 6007 5801
9 5993 5994 6009 6008 5802
9 5994 5995 6010 6009 5803
9 5995 4711 4737 6010 5804
9 5996 5997 6012 6011 5805
9 5997 5998 6013 6012 5806
9 5998 5999 6014 6013 5807
9 5999 6000 6015 6014 5808
9 6000 6001 6016 6015 5809
9 6001 6002 6017 6016 5810
9 6002 6003 6018 6017 5811
9 6003 6004 6019 6018 5812
9 6004 6005 6020 6019 5813
9 6005 6006 6021 6020 5814
9 6006 6007 6022 6021 5815
9 6007 6008 6023 6022 5816
9 6008 6009 6024 6023 5817
9 6009 6010 6025 6024 5818
9 6010 4737 4763 6025 5819
9 6011 6012 6027 6026 5820
9 6012 6013 6028 6027 5821
9 6013 6014 6029 6028 5822
9 6014 6015 6030 6029 5823
9 6015 6016 6031 6030 5824
9 6016 6017 6032 6031 5825
9 6017 6018 6033 6032 5826
9 6018 6019 6034 6033 5827
9 6019 6020 6035 6034 5828
9 6020 6021 6036 6035 5829
9 6021 6022 6037 6036 5830
9 6022 6023 6038 6037 5831
9 6023 6024 6039 6038 5832
9 6024 6025 6040 6039 5833
9 6025 4763 4789 6040 5834
9 6026 6027 6042 6041 5835
9 6027 6028 6043 6042 5836
9 6028 6029 6044 6043 5837
9 6029 6030 6045 6044 5838
9 6030 6031 6046 6045 5839
9 6031 6032 6047 6046 5840
9 6032 6033 6048 6047 5841
9 6033 6034 6049 6048 5842
9 6034 6035 6050 6049 5843
9 6035 6036 6051 6050 5844
9 6036 6037 6052 6051 5845
9 6037 6038 6053 6052 5846
9 6038 6039 6054 6053 5847
9 6039 6040 6055 6054 5848
9 6040 4789 4815 6055 5849
NPOIN= 6056
0.000000000000000e+00 0.000000000000000e+00 0
1.629576347818211e-03 0.000000000000000e+00 1
3.247510059158606e-03 0.000000000000000e+00 2
4.842488864143932e-03 0.000000000000000e+00 3
6.403841503131812e-03 0.000000000000000e+00 4
7.921810919729520e-03 0.000000000000000e+00 5
9.387775962421114e-03 0.000000000000000e+00 6
1.079441238943017e-02 0.000000000000000e+00 7
1.213578928375615e-02 0.000000000000000e+00 8
1.340740210200495e-02 0.000000000000000e+00 9
1.460614794113749e-02 0.000000000000000e+00 10
1.573025183802384e-02 0.000000000000000e+00 11
1.677915485808570e-02 0.000000000000000e+00 12
1.775337541826714e-02 0.000000000000000e+00 13
1.865435491128891e-02 0.000000000000000e+00 14
1.948429752413869e-02 0.000000000000000e+00 15
2.024601247186643e-02 0.000000000000000e+00 16
2.094276497472864e-02 0.000000000000000e+00 17
2.157814041806030e-02 0.000000000000000e+00 18
2.215592441105859e-02 0.000000000000000e+00 19
2.268000000000000e-02 0.000000000000000e+00 20
0.000000000000000e+00 1.298093099702168e-03 21
1.640288480671293e-03 1.287541022082603e-03 22
3.265122766880547e-03 1.256561835140658e-03 23
4.859794267259156e-03 1.207036848999432e-03 24
6.417003405534350e-03 1.150960677658100e-03 25
7.930916038120534e-03 1.096393336691107e-03 26
9.392977349535652e-03 1.043719821585920e-03 27
1.079586758203288e-02 9.931773112742798e-04 28
1.213366348270822e-02 9.449648097487400e-04 29
1.340189949176196e-02 8.992908590913620e-04 30
1.459744515463358e-02 8.562048783988764e-04 31
1.571855900846587e-02 8.158205063715905e-04 32
1.676466891298250e-02 7.781324798142493e-04 33
1.773629853763363e-02 7.431336301237694e-04 34
1.863582033033852e-02 7.124976942944842e-04 35
1.946681175032132e-02 6.892761802893227e-04 36
2.023116854159932e-02 6.724628275737213e-04 37
2.093143627674246e-02 6.610208376919722e-04 38
2.157066487317981e-02 6.538837036779199e-04 39
2.215229612932203e-02 6.501425646153776e-04 40
2.268000000000000e-02 6.490465498510842e-04 41
0.000000000000000e+00 2.586304021493547e-03 42
1.650919063747488e-03 2.565280197556069e-03 43
3.282601391838131e-03 2.503557663333420e-03 44
4.876967927071501e-03 2.404884716954725e-03 45
6.430065108451034e-03 2.293159273314878e-03 46
7.939951840682153e-03 2.184440003936184e-03 47
9.398139139310941e-03 2.079493968883689e-03 48
1.079731169648396e-02 1.978793720415097e-03 49
1.213155386504818e-02 1.882735751529524e-03 50
1.339643877202235e-02 1.791735558793134e-03 51
1.458880862106989e-02 1.705891604179605e-03 52
1.570695519457403e-02 1.625430299976058e-03 53
1.675029324709327e-02 1.550341159859859e-03 54
1.771935166059741e-02 1.480609901198285e-03 55
1.861742685022789e-02 1.419571256084404e-03 56
1.944945909294052e-02 1.373305009795522e-03 57
2.021643761583075e-02 1.339806301765161e-03 58
2.092019382234622e-02 1.317009428064927e-03 59
2.156324623844274e-02 1.302789493911732e-03 60
2.214869546912174e-02 1.295335696487926e-03 61
2.268000000000000e-02 1.293152010746773e-03 62
0.000000000000000e+00 3.855049239714450e-03 63
1.661389011810083e-03 3.823711904346096e-03 64
3.299815903422286e-03 3.731710574784359e-03 65
4.893882081731799e-03 3.584632325763231e-03 66
6.442929440554595e-03 3.418098506466991e-03 67
7.948851106399374e-03 3.256045579480233e-03 68
9.403222931090742e-03 3.099616896201717e-03 69
1.079873398942790e-02 2.949516825571304e-03 70
1.212947612508093e-02 2.806336365407539e-03 71
1.339106056730412e-02 2.670694839544041e-03 72
1.458030259113677e-02 2.542739011761713e-03 73
1.569552672184541e-02 2.422806363852366e-03 74
1.673613480685094e-02 2.310881265290829e-03 75
1.770266086187823e-02 2.206942426912349e-03 76
1.859931130754615e-02 2.115960477194163e-03 77
1.943236864548125e-02 2.046997719491224e-03 78
2.020192928391655e-02 1.997065782700095e-03 79
2.090912124873658e-02 1.963085604849541e-03 80
2.155593970409408e-02 1.941889896266754e-03 81
2.214514921723529e-02 1.930779541160461e-03 82
2.268000000000000e-02 1.927524619857225e-03 83
0.000000000000000e+00 5.095323556091020e-03 84
1.671624012099615e-03 5.053904146594886e-03 85
3.316644117850342e-03 4.932303484046063e-03 86
4.910416679306719e-03 4.737906157260821e-03 87
6.455505094418153e-03 4.517793873452792e-03 88
7.957550670776175e-03 4.303604107028364e-03 89
9.408192641544619e-03 4.096848056665599e-03 90
1.080012436582766e-02 3.898456705972835e-03 91
1.212744501002294e-02 3.709211192860162e-03 92
1.338580305059828e-02 3.529930094503139e-03 93
1.457198743825276e-02 3.360807392587478e-03 94
1.568435470637914e-02 3.202289145987303e-03 95
1.672229408489958e-02 3.054354695411868e-03 96
1.768634460809148e-02 2.916975902392395e-03 97
1.858160228134237e-02 2.796722581941293e-03 98
1.941566171115380e-02 2.705572627176303e-03 99
2.018774652193391e-02 2.639576226634365e-03 100
2.089829714594035e-02 2.594663700262869e-03 101
2.154879712986861e-02 2.566648755053528e-03 102
2.214168254396549e-02 2.551963896166012e-03 103
2.268000000000000e-02 2.547661778045510e-03 104
0.000000000000000e+00 6.298943862395886e-03 105
1.681556535913787e-03 6.247740335797882e-03 106
3.332975005571726e-03 6.097415093721833e-03 107
4.926462627477198e-03 5.857097116867094e-03 108
6.467709098125540e-03 5.584989780823031e-03 109
7.965993135641945e-03 5.320203982677914e-03 110
9.413015481411382e-03 5.064607897344159e-03 111
1.080147365222832e-02 4.819352425921784e-03 112
1.212547392080827e-02 4.585403227174230e-03 113
1.338070091006023e-02 4.363772243055545e-03 114
1.456391802431014e-02 4.154699277718539e-03 115
1.567351285913617e-02 3.958735758325092e-03 116
1.670886239984845e-02 3.775856145434735e-03 117
1.767051055096295e-02 3.606025653693160e-03 118
1.856441661260578e-02 3.457366023652059e-03 119
1.939944851932427e-02 3.344684573337045e-03 120
2.017398290521107e-02 3.263098464514393e-03 121
2.088779292945287e-02 3.207576674932602e-03 122
2.154186564119424e-02 3.172944023003994e-03 123
2.213831832180291e-02 3.154790298173489e-03 124
2.268000000000000e-02 3.149471931197943e-03 125
0.000000000000000e+00 7.458743808567529e-03 126
1.691127445049070e-03 7.398112376484182e-03 127
3.348711332552072e-03 7.220108334362161e-03 128
4.941924388737712e-03 6.935541546483067e-03 129
6.479468789091839e-03 6.613332148793259e-03 130
7.974128234597644e-03 6.299792375196948e-03 131
9.417662735523465e-03 5.997134380360949e-03 132
1.080277381498450e-02 5.706720976312426e-03 133
1.212357459329352e-02 5.429695624793587e-03 134
1.337578452381252e-02 5.167256592680480e-03 135
1.455614239456439e-02 4.919687838328522e-03 136
1.566306573242773e-02 4.687642321030484e-03 137
1.669591972389186e-02 4.471089798868402e-03 138
1.765525296639982e-02 4.269989081596471e-03 139
1.854785662473318e-02 4.093957334151868e-03 140
1.938382560326625e-02 3.960528288229580e-03 141
2.016072038226204e-02 3.863920047651517e-03 142
2.087767114133338e-02 3.798175247677025e-03 143
2.153518650812436e-02 3.757165820733422e-03 144
2.213507658131163e-02 3.735669521410879e-03 145
2.268000000000001e-02 3.729371904283765e-03 146
0.000000000000000e+00 8.568711072915037e-03 147
1.700287124582834e-03 8.499056820564592e-03 148
3.363771522774451e-03 8.294563242838733e-03 149
4.956721810400799e-03 7.967648865717663e-03 150
6.490723205902703e-03 7.597490122550941e-03 151
7.981913795860048e-03 7.237291166967027e-03 152
9.422110312841039e-03 6.889593353740283e-03 153
1.080401811414355e-02 6.555962300729030e-03 154
1.212175687345950e-02 6.237711633061502e-03 155
1.337107937805712e-02 5.936217936783905e-03 156
1.454870085733554e-02 5.651807427297480e-03 157
1.565306748342701e-02 5.385230233533551e-03 158
1.668353315095546e-02 5.136451613146232e-03 159
1.764065094865186e-02 4.905424246194730e-03 160
1.853200816354187e-02 4.703196468672656e-03 161
1.936887395108234e-02 4.549911281168359e-03 162
2.014802770507691e-02 4.438926359039081e-03 163
2.086798425222255e-02 4.363397796859359e-03 164
2.152879435481700e-02 4.316285583360094e-03 165
2.213197412744732e-02 4.291590328668517e-03 166
2.268000000000000e-02 4.284355536457517e-03 167
0.000000000000000e+00 9.624064219709835e-03 168
1.708996117118098e-03 9.545831100155191e-03 169
3.378090701053876e-03 9.316151360949985e-03 170
4.970791149216633e-03 8.948973038214304e-03 171
6.501423867605253e-03 8.533224218419904e-03 172
7.989316281358277e-03 8.128661869320567e-03 173
9.426339054416109e-03 7.738140348047184e-03 174
1.080520118960464e-02 7.363418099561171e-03 175
1.212002859154666e-02 7.005970539766648e-03 176
1.336660574127647e-02 6.667343799977861e-03 177
1.454162546873291e-02 6.347904273453300e-03 178
1.564356118185913e-02 6.048494477690246e-03 179
1.667175603901142e-02 5.769075391351063e-03 180
1.762676739922220e-02 5.509593866401558e-03 181
1.851693949987283e-02 5.282458991468782e-03 182
1.935465797040535e-02 5.110294651240916e-03 183
2.013595955024134e-02 4.985640428580998e-03 184
2.085877399059222e-02 4.900809498158144e-03 185
2.152271671692228e-02 4.847894775699734e-03 186
2.212902432473363e-02 4.820157964987903e-03 187
2.268000000000000e-02 4.812032109854919e-03 188
0.000000000000000e+00 1.062127112648063e-02 189
1.717225274849381e-03 1.053493180507850e-02 190
3.391620943061389e-03 1.028145357315213e-02 191
4.984085317034731e-03 9.876229706341770e-03 192
6.511534960550027e-03 9.417402662512694e-03 193
7.996310915987005e-03 8.970921186573468e-03 194
9.430334807229677e-03 8.539935392684474e-03 195
1.080631908177620e-02 8.126385928816249e-03 196
1.211839553187790e-02 7.731901087547078e-03 197
1.336237858612032e-02 7.358187204112356e-03 198
1.453493990911330e-02 7.005648635969442e-03 199
1.563457864401375e-02 6.675215198897111e-03 200
1.666062780444078e-02 6.366843828323332e-03 201
1.761364878444969e-02 6.080475869227934e-03 202
1.850270106647998e-02 5.829806190195701e-03 203
1.934122524017597e-02 5.639802872041727e-03 204
2.012455630821702e-02 5.502232479148859e-03 205
2.085007118192684e-02 5.408611708197693e-03 206
2.151697393546199e-02 5.350214174579595e-03 207
2.212623704575629e-02 5.319603386867801e-03 208
2.268000000000000e-02 5.310635563240314e-03 209
0.000000000000000e+00 1.155801510351004e-02 210
1.724955479973779e-03 1.146406107777157e-02 211
3.404330815628690e-03 1.118822731003055e-02 212
4.996573429129288e-03 1.074726468727819e-02 213
6.521032994862558e-03 1.024797135041442e-02 214
8.002881449960936e-03 9.762112399928052e-03 215
9.434088288434422e-03 9.293115774585541e-03 216
1.080736919359508e-02 8.843093277982427e-03 217
1.211686148834244e-02 8.413816810109633e-03 218
1.335840773302492e-02 8.007143196594495e-03 219
1.452865971022558e-02 7.623512457237242e-03 220
1.562614073793030e-02 7.263936413004180e-03 221
1.665017430011961e-02 6.928368201239416e-03 222
1.760132558121909e-02 6.616743993837918e-03 223
1.848932594178667e-02 6.343966479570039e-03 224
1.932860696702524e-02 6.137205801418673e-03 225
2.011384447077151e-02 5.987502375160459e-03 226
2.084189604440505e-02 5.885624711764971e-03 227
2.151157935194296e-02 5.822076802336040e-03 228
2.212361876586214e-02 5.788766293406351e-03 229
2.268000000000000e-02 5.779007551755018e-03 230
0.000000000000000e+00 1.243311775878025e-02 231
1.732177008156534e-03 1.233205010525529e-02 232
3.416204330168982e-03 1.203533188110878e-02 233
5.008239775880635e-03 1.156098224868480e-02 234
6.529906022339174e-03 1.102388545500468e-02 235
8.009019617772135e-03 1.050124021778571e-02 236
9.437594776278837e-03 9.996734018483111e-03 237
1.080835020405639e-02 9.512638553625339e-03 238
1.211542839071481e-02 9.050859880701232e-03 239
1.335469817718824e-02 8.613395412889028e-03 240
1.452279277234603e-02 8.200718485613847e-03 241
1.561825807820724e-02 7.813917528775820e-03 242
1.664040867620031e-02 7.452942131563585e-03 243
1.758981329170030e-02 7.117723633195918e-03 244
1.847683095124421e-02 6.824293063459948e-03 245
1.931681902431099e-02 6.601877723428034e-03 246
2.010383751303144e-02 6.440839663614804e-03 247
2.083425886207142e-02 6.331248442748446e-03 248
2.150653975256753e-02 6.262889071854886e-03 249
2.212117277875809e-02 6.227056493646717e-03 250
2.268000000000000e-02 6.216558879390124e-03 251
0.000000000000000e+00 1.324642926311657e-02 252
1.738888622976295e-03 1.313875027630233e-02 253
3.427239453779187e-03 1.282262225085524e-02 254
5.019082359855560e-03 1.231724307132867e-02 255
6.538152523799965e-03 1.174501212950348e-02 256
8.014724368484893e-03 1.118817809166637e-02 257
9.440853670405711e-03 1.065066965560686e-02 258
1.080926194519813e-02 1.013490712071850e-02 259
1.211409648436032e-02 9.642921229103721e-03 260
1.335125055373540e-02 9.176840054580221e-03 261
1.451734009997219e-02 8.737167895775921e-03 262
1.561093201446041e-02 8.325064382154626e-03 263
1.663133260468716e-02 7.940475805285349e-03 264
1.757911388694990e-02 7.583329012946834e-03 265
1.846521823416063e-02 7.270703703587197e-03 266
1.930586343028531e-02 7.033739080077204e-03 267
2.009453714832063e-02 6.862166727158801e-03 268
2.082716094251278e-02 6.745406604458313e-03 269
2.150185600018190e-02 6.672575510232313e-03 270
2.211889950322956e-02 6.634398946496769e-03 271
2.268000000000000e-02 6.623214631558285e-03 272
0.000000000000000e+00 1.399869702685817e-02 273
1.745096492217831e-03 1.388490292562301e-02 274
3.437446327426739e-03 1.355082191692017e-02 275
5.029111145083000e-03 1.301674213758120e-02 276
6.545780077547241e-03 1.241201406899074e-02 277
8.020000944604266e-03 1.182355729810623e-02 278
9.443867965646866e-03 1.125552363436799e-02 279
1.081010525488471e-02 1.071047082652868e-02 280
1.211286454529458e-02 1.019054494300167e-02 281
1.334806169439766e-02 9.697994911406084e-03 282
1.451229668225190e-02 9.233353669604896e-03 283
1.560415581424379e-02 8.797846702685800e-03 284
1.662293774492635e-02 8.391417252103675e-03 285
1.756921753451663e-02 8.013988011305775e-03 286
1.845447711877634e-02 7.683608638742415e-03 287
1.929573011706616e-02 7.433186739775548e-03 288
2.008593482986618e-02 7.251870753483497e-03 289
2.082059576294122e-02 7.128479796566977e-03 290
2.149752379054971e-02 7.051512607753072e-03 291
2.211679685020043e-02 7.011167988184653e-03 292
2.268000000000000e-02 6.999348513429086e-03 293
0.000000000000000e+00 1.469142313960618e-02 294
1.750813011435334e-03 1.457199793247229e-02 295
3.446845331672262e-03 1.422138491096444e-02 296
5.038346156525784e-03 1.366087617122087e-02 297
6.552803913888234e-03 1.302622310865272e-02 298
8.024859882126211e-03 1.240864652964371e-02 299
9.446643680792087e-03 1.181250369609942e-02 300
1.081088181699355e-02 1.124047892707740e-02 301
1.211173011364499e-02 1.069482448927696e-02 302
1.334512523182462e-02 1.017790059859532e-02 303
1.450765244874791e-02 9.690266565348058e-03 304
1.559791594718912e-02 9.233208517804119e-03 305
1.661520733449344e-02 8.806666888719384e-03 306
1.756010447387265e-02 8.410560546023096e-03 307
1.844458615778432e-02 8.063832336275188e-03 308
1.928639885097463e-02 7.801018299076779e-03 309
2.007801338100076e-02 7.610729883556336e-03 310
2.081455021434361e-02 7.481232919932980e-03 311
2.149353447333747e-02 7.400457006534642e-03 312
2.211486062120121e-02 7.358115931765404e-03 313
2.268000000000001e-02 7.345711569803091e-03 314
0.000000000000000e+00 1.532671955069551e-02 315
1.756055608871709e-03 1.520213007834615e-02 316
3.455465121738077e-03 1.483635561249566e-02 317
5.046815549433026e-03 1.425160897643942e-02 318
6.559245446750061e-03 1.358951181882990e-02 319
8.029315994740691e-03 1.294522957757912e-02 320
9.449189278305327e-03 1.232330793424572e-02 321
1.081159399906906e-02 1.172654728501926e-02 322
1.211068973081208e-02 1.115729729063214e-02 323
1.334243221347348e-02 1.061802022902650e-02 324
1.450339324034931e-02 1.010929959659118e-02 325
1.559219338949634e-02 9.632477137219680e-03 326
1.660811780529294e-02 9.187490707820999e-03 327
1.755174692156647e-02 8.774255667956751e-03 328
1.843551519610867e-02 8.412534003511970e-03 329
1.927784118330515e-02 8.138355184765208e-03 330
2.007074865120032e-02 7.939838189460275e-03 331
2.080900586534846e-02 7.804741430946035e-03 332
2.148987588611086e-02 7.720472551114374e-03 333
2.211308491315209e-02 7.676300535081860e-03 334
2.267999999999999e-02 7.663359775347754e-03 335
0.000000000000000e+00 1.590716819195107e-02 336
1.760845591162615e-03 1.577786030678670e-02 337
3.463340729634287e-03 1.539823334686489e-02 338
5.054553744580135e-03 1.479134137245004e-02 339
6.565130855406532e-03 1.410416948216584e-02 340
8.033387392701093e-03 1.343548718907865e-02 341
9.451515103844317e-03 1.279001232735130e-02 342
1.081224469551695e-02 1.217065134888592e-02 343
1.210973916853721e-02 1.157984290001780e-02 344
1.333997169454795e-02 1.102014250929506e-02 345
1.449950174704849e-02 1.049215577109595e-02 346
1.558696488390539e-02 9.997275243411340e-03 347
1.660164034450497e-02 9.535436429686888e-03 348
1.754411091135819e-02 9.106551484008480e-03 349
1.842722736811593e-02 8.731130811896389e-03 350
1.927002233452156e-02 8.446568380252154e-03 351
2.006411111560567e-02 8.240533212528798e-03 352
2.080394018296037e-02 8.100320112604496e-03 353
2.148653315986918e-02 8.012859828595533e-03 354
2.211146250933178e-02 7.967014944040646e-03 355
2.268000000000000e-02 7.953584095975533e-03 356
0.000000000000000e+00 1.643569134079414e-02 357
1.765207073545993e-03 1.630208714029491e-02 358
3.470511805227392e-03 1.590984689598317e-02 359
5.061599700027057e-03 1.528279065012449e-02 360
6.570489770036116e-03 1.457278715041320e-02 361
8.037094573521720e-03 1.388188757346672e-02 362
9.453632866812752e-03 1.321496650570807e-02 363
1.081283718227829e-02 1.257502696727156e-02 364
1.210887364120028e-02 1.196458862966453e-02 365
1.333773128752849e-02 1.138629193007375e-02 366
1.449595837706384e-02 1.084076258403564e-02 367
1.558220410742620e-02 1.032943941793564e-02 368
1.659574234125568e-02 9.852255792291046e-03 369
1.753715799963953e-02 9.409120942465906e-03 370
1.841968094861132e-02 9.021226741855768e-03 371
1.926290294051197e-02 8.727209589509505e-03 372
2.005806735744396e-02 8.514328806381604e-03 373
2.079932766392509e-02 8.369457060230213e-03 374
2.148348946560683e-02 8.279090867127605e-03 375
2.210998524172382e-02 8.231722764709499e-03 376
2.268000000000001e-02 8.217845670397067e-03 377
0.000000000000000e+00 1.691543570205898e-02 378
1.769166023281235e-03 1.677793170443520e-02 379
3.477021043446243e-03 1.637424228883106e-02 380
5.067995365766170e-03 1.572888278502545e-02 381
6.575354096379568e-03 1.499815486500217e-02 382
8.040459608901495e-03 1.428708849559363e-02 383
9.455555175882516e-03 1.360070054840582e-02 384
1.081337498688249e-02 1.294208169926984e-02 385
1.210808799565132e-02 1.231382516683946e-02 386
1.333569765354884e-02 1.171864846049909e-02 387
1.449274203398837e-02 1.115719555990890e-02 388
1.557788271549448e-02 1.063094728961741e-02 389
1.659038868019512e-02 1.013983506499002e-02 390
1.753084679037897e-02 9.683765472045441e-03 391
1.841283100795498e-02 9.284548957596997e-03 392
1.925644061404774e-02 8.981949685519443e-03 393
2.005258139357412e-02 8.762855086786848e-03 394
2.079514084636894e-02 8.613754653087032e-03 395
2.148072668187073e-02 8.520750744862433e-03 396
2.210864431501787e-02 8.472000006352683e-03 397
2.268000000000000e-02 8.457717851029486e-03 398
0.000000000000000e+00 1.734967209058112e-02 399
1.772749431809144e-03 1.720863822589467e-02 400
3.482912823161446e-03 1.679458569360798e-02 401
5.073784346350382e-03 1.613265915687652e-02 402
6.579756998580245e-03 1.538317271011044e-02 403
8.043505441074926e-03 1.465385254590228e-02 404
9.457295137027399e-03 1.394984432403981e-02 405
1.081386177598919e-02 1.327431806113697e-02 406
1.210737687549361e-02 1.262993354640018e-02 407
1.333385692764103e-02 1.201947805043559e-02 408
1.448983078934621e-02 1.144361208451432e-02 409
1.557397124560066e-02 1.090385448745275e-02 410
1.658554286097971e-02 1.040013491397916e-02 411
1.752513425483338e-02 9.932357552080634e-03 412
1.840663084442549e-02 9.522892744858305e-03 413
1.925059129609457e-02 9.212525442598683e-03 414
2.004761582163467e-02 8.987806463331411e-03 415
2.079135118528738e-02 8.834878470294825e-03 416
2.147822597247486e-02 8.739487057430252e-03 417
2.210743058700546e-02 8.689484838024522e-03 418
2.268000000000001e-02 8.674836045290558e-03 419
0.000000000000000e+00 1.774171129715195e-02 420
1.775984620460379e-03 1.759749058235544e-02 421
3.488232065642942e-03 1.717408197547618e-02 422
5.079010779268204e-03 1.649719831719721e-02 423
6.583732046114229e-03 1.573077621479500e-02 424
8.046255292676916e-03 1.498497607926406e-02 425
9.458866016402629e-03 1.426505984350500e-02 426
1.081430126107196e-02 1.357426915492636e-02 427
1.210673485886449e-02 1.291532390425375e-02 428
1.333219507537926e-02 1.229107434422645e-02 429
1.448720244665127e-02 1.170219591125725e-02 430
1.557043987514385e-02 1.115024176437111e-02 431
1.658116793715799e-02 1.063513996875017e-02 432
1.751997683836164e-02 1.015679254738002e-02 433
1.840103318551213e-02 9.738075331391469e-03 434
1.924531038912787e-02 9.420694861949887e-03 435
2.004313278213185e-02 9.190898054705611e-03 436
2.078792978679832e-02 9.034514447710475e-03 437
2.147596827101699e-02 8.936967537403768e-03 438
2.210633480374189e-02 8.885835450510037e-03 439
2.268000000000000e-02 8.870855648575975e-03 440
0.000000000000000e+00 1.809483573805524e-02 441
1.778898676413295e-03 1.794774450764577e-02 442
3.493023307171404e-03 1.751590853290588e-02 443
5.083718423736134e-03 1.682555243336221e-02 444
6.587312520756753e-03 1.604387574971506e-02 445
8.048732187317154e-03 1.528323148491869e-02 446
9.460280966468356e-03 1.454898630343439e-02 447
1.081469712179594e-02 1.384444637321835e-02 448
1.210615657036831e-02 1.317238572069231e-02 449
1.333069818261709e-02 1.253571132896886e-02 450
1.448483499964827e-02 1.193511207809662e-02 451
1.556725903711214e-02 1.137217204060169e-02 452
1.657722727892114e-02 1.084681784990225e-02 453
1.751533135959939e-02 1.035894957888577e-02 454
1.839599116384437e-02 9.931898370740759e-03 455
1.924055367783772e-02 9.608200878158172e-03 456
2.003909474003950e-02 9.373830280498733e-03 457
2.078484800464922e-02 9.214334072195771e-03 458
2.147393467449994e-02 9.114845624368418e-03 459
2.210534779059164e-02 9.062695823383067e-03 460
2.268000000000000e-02 9.047417869027621e-03 461
0.000000000000000e+00 1.841224580592960e-02 462
1.781518009970154e-03 1.826257437871127e-02 463
3.497329971119278e-03 1.782316336499138e-02 464
5.087949945480341e-03 1.712069740274512e-02 465
6.590530872611414e-03 1.632530895885852e-02 466
8.050958573272957e-03 1.555132187342469e-02 467
9.461552811020528e-03 1.480419695010327e-02 468
1.081505294587582e-02 1.408729835190552e-02 469
1.210563676893415e-02 1.340344876576208e-02 470
1.332935268290593e-02 1.275560616755052e-02 471
1.448270699199186e-02 1.214447152129010e-02 472
1.556439990333777e-02 1.157165668647193e-02 473
1.657368517179532e-02 1.103708700955633e-02 474
1.751115571623283e-02 1.054066081056201e-02 475
1.839145908321099e-02 1.010611849528978e-02 476
1.923627805180174e-02 9.776742871964327e-03 477
2.003546509828677e-02 9.538261068854465e-03 478
2.078207790842304e-02 9.375967062161063e-03 479
2.147210675228969e-02 9.274733440437980e-03 480
2.210446060218232e-02 9.221668855140131e-03 481
2.268000000000000e-02 9.206122902964797e-03 482
0.000000000000000e+00 1.869701941746945e-02 483
1.783868020736381e-03 1.854503309214893e-02 484
3.501193819088368e-03 1.809882591338505e-02 485
5.091746377450749e-03 1.738549523799291e-02 486
6.593418309947585e-03 1.657780489231064e-02 487
8.052956039747667e-03 1.579184690990273e-02 488
9.462693883100769e-03 1.503316655413009e-02 489
1.081537218372791e-02 1.430518001994298e-02 490
1.210517041406177e-02 1.361075365145322e-02 491
1.332814552897209e-02 1.295289117417060e-02 492
1.448079778845034e-02 1.233230439359766e-02 493
1.556183474887919e-02 1.175063009910390e-02 494
1.657050726806518e-02 1.120779248251817e-02 495
1.750740941716309e-02 1.070368829122239e-02 496
1.838739299615079e-02 1.026242511279249e-02 497
1.923244205039192e-02 9.927955190444737e-03 498
2.003220866033746e-02 9.685784900603053e-03 499
2.077959263657289e-02 9.520980768262596e-03 500
2.147046677907487e-02 9.418181413365451e-03 501
2.210366463547235e-02 9.364296102895919e-03 502
2.268000000000000e-02 9.348509708734720e-03 503
0.000000000000000e+00 1.895208304158613e-02 504
1.785972858538965e-03 1.879802332787750e-02 505
3.504654557815888e-03 1.834572901738524e-02 506
5.095146733585746e-03 1.762266712745047e-02 507
6.596004505442986e-03 1.680395831822950e-02 508
8.054745113655660e-03 1.600727834388692e-02 509
9.463715908907828e-03 1.523824811593579e-02 510
1.081565811599203e-02 1.450033043285420e-02 511
1.210475271326700e-02 1.379643074124943e-02 512
1.332706431552831e-02 1.312959374327560e-02 513
1.447908776914116e-02 1.250054095484347e-02 514
1.555953721299065e-02 1.191093149430551e-02 515
1.656766091008237e-02 1.136068851932004e-02 516
1.750405396364132e-02 1.084970736870292e-02 517
1.838375111762161e-02 1.040242450430241e-02 518
1.922900625303550e-02 1.006339176321616e-02 519
2.002929196148825e-02 9.817917800719427e-03 520
2.077736664926463e-02 9.650865420231736e-03 521
2.146899790171168e-02 9.546663682664309e-03 522
2.210295171072970e-02 9.492043272002169e-03 523
2.268000000000001e-02 9.476041520793061e-03 524
0.000000000000000e+00 1.918019243883695e-02 525
1.787855264484231e-03 1.902427844513399e-02 526
3.507749577844365e-03 1.856654026958901e-02 527
5.098187752041745e-03 1.783477552564468e-02 528
6.598317400892786e-03 1.700621264536537e-02 529
8.056345124524331e-03 1.619994374149191e-02 530
9.464629930621556e-03 1.542165737945882e-02 531
1.081591383193995e-02 1.467485803637504e-02 532
1.210437915362337e-02 1.396248612912914e-02 533
1.332609736091918e-02 1.328762300625186e-02 534
1.447755845865929e-02 1.265099886790039e-02 535
1.555748247261553e-02 1.205429280176180e-02 536
1.656511534520196e-02 1.149742704061134e-02 537
1.750105310264827e-02 1.098029566355114e-02 538
1.838049410000873e-02 1.052762925242518e-02 539
1.922593353866173e-02 1.018451587523957e-02 540
2.002668348911686e-02 9.936087360596620e-03 541
2.077537589646742e-02 9.767024318919933e-03 542
2.146768425014293e-02 9.661568397551345e-03 543
2.210231412536685e-02 9.606290569499970e-03 544
2.268000000000000e-02 9.590096219418472e-03 545
0.000000000000000e+00 1.938392140218405e-02 546
1.789536478044256e-03 1.922635131475786e-02 547
3.510513800754687e-03 1.876375111687992e-02 548
5.100903745091686e-03 1.802421368383599e-02 549
6.600383093047501e-03 1.718684993999883e-02 550
8.057774125519232e-03 1.637201697565054e-02 551
9.465446261287714e-03 1.558546377926582e-02 552
1.081614221685355e-02 1.483073205195388e-02 553
1.210404552020071e-02 1.411079344324534e-02 554
1.332523375484904e-02 1.342876203126651e-02 555
1.447619260156239e-02 1.278537577224489e-02 556
1.555564734380620e-02 1.218233158887077e-02 557
1.656284185142893e-02 1.161955088788828e-02 558
1.749837297501377e-02 1.109692662332453e-02 559
1.837758519388792e-02 1.063945206134322e-02 560
1.922318923736781e-02 1.029269418826073e-02 561
2.002435381143349e-02 1.004162690531994e-02 562
2.077359791621522e-02 9.870768102817029e-03 563
2.146651100223852e-02 9.764192045370157e-03 564
2.210174468541136e-02 9.708327064992710e-03 565
2.268000000000000e-02 9.691960701092026e-03 566
0.000000000000000e+00 1.956565692067360e-02 567
1.791036197146554e-03 1.940660952218417e-02 568
3.512979613546224e-03 1.893967217884062e-02 569
5.103326534650107e-03 1.819320115294681e-02 570
6.602225784575545e-03 1.734798663779290e-02 571
8.059048859521040e-03 1.652551414126814e-02 572
9.466174465439127e-03 1.573158655195235e-02 573
1.081634594660315e-02 1.496977877645917e-02 574
1.210374790398525e-02 1.424309032525902e-02 575
1.332446337888311e-02 1.355466447276888e-02 576
1.447497419479483e-02 1.290524609398437e-02 577
1.555401032528819e-02 1.229654802123134e-02 578
1.656081379138859e-02 1.172849092439648e-02 579
1.749598217904019e-02 1.120096675388878e-02 580
1.837499031707995e-02 1.073920310225463e-02 581
1.922074119556586e-02 1.038919417276579e-02 582
2.002227563278502e-02 1.013577298826430e-02 583
2.077201187681418e-02 9.963312285278145e-03 584
2.146546441164716e-02 9.855737015408933e-03 585
2.210123671902376e-02 9.799348268402244e-03 586
2.268000000000000e-02 9.782828460336802e-03 587
0.000000000000000e+00 1.972759935985866e-02 588
1.792372579662955e-03 1.956723554639977e-02 589
3.515176871084838e-03 1.909643342240336e-02 590
5.105485454678418e-03 1.834378395132857e-02 591
6.603867785892609e-03 1.749157370376590e-02 592
8.060184760391055e-03 1.666229370761106e-02 593
9.466823359818634e-03 1.586179488121024e-02 594
1.081652748784978e-02 1.509368172022176e-02 595
1.210348270158413e-02 1.436097856168048e-02 596
1.332377690568265e-02 1.366685469648356e-02 597
1.447388848647817e-02 1.301206116486170e-02 598
1.555255159683486e-02 1.239832497603474e-02 599
1.655900661031318e-02 1.182556614328420e-02 600
1.749385176812891e-02 1.129367572270643e-02 601
1.837267805207441e-02 1.082809011240379e-02 602
1.921855977355255e-02 1.047518420378423e-02 603
2.002042379159190e-02 1.021966548456025e-02 604
2.077059857526817e-02 1.004577734639937e-02 605
2.146453180675737e-02 9.937311689784180e-03 606
2.210078407599330e-02 9.880456220332652e-03 607
2.268000000000000e-02 9.863799679929328e-03 608
0.000000000000000e+00 1.987176644213109e-02 609
1.793562276256132e-03 1.971023070791963e-02 610
3.517132950108579e-03 1.923598801483490e-02 611
5.107407404248324e-03 1.847783826588852e-02 612
6.605329555519892e-03 1.761940016147249e-02 613
8.061195980890168e-03 1.678405988016830e-02 614
9.467401029328042e-03 1.597771109817686e-02 615
1.081668910250726e-02 1.520398465240625e-02 616
1.210324660870708e-02 1.446592698140698e-02 617
1.332316578213243e-02 1.376673053689842e-02 618
1.447292194922579e-02 1.310715184762899e-02 619
1.555125298341394e-02 1.248893054360813e-02 620
1.655739779162369e-02 1.191198605358338e-02 621
1.749195519841767e-02 1.137620863750126e-02 622
1.837061958919731e-02 1.090722057980697e-02 623
1.921661779189259e-02 1.055173567441064e-02 624
2.001877521483222e-02 1.029434965306113e-02 625
2.076934040254159e-02 1.011919075990045e-02 626
2.146370156777523e-02 1.000993244843883e-02 627
2.210038111661254e-02 9.952661485596927e-03 628
2.268000000000000e-02 9.935883221065546e-03 629
0.000000000000000e+00 2.000000000000000e-02 630
1.794620486109054e-03 1.983742186716829e-02 631
3.518872840857099e-03 1.936011886095013e-02 632
5.109116937572497e-03 1.859707673165155e-02 633
6.606629768558379e-03 1.773309908083132e-02 634
8.062095440047889e-03 1.689236830459481e-02 635
9.467914854088150e-03 1.608081611134654e-02 636
1.081683285531272e-02 1.530209676797685e-02 637
1.210303660910709e-02 1.455927637186502e-02 638
1.332262220071351e-02 1.385556797578992e-02 639
1.447206223486708e-02 1.319173299041990e-02 640
1.555009789435591e-02 1.256952227168869e-02 641
1.655596678156740e-02 1.198885472841327e-02 642
1.749026823993878e-02 1.144961991238182e-02 643
1.836878863018565e-02 1.097760544999366e-02 644
1.921489044044977e-02 1.061982658173699e-02 645
2.001730884081687e-02 1.036077963480446e-02 646
2.076822128462230e-02 1.018449043205970e-02 647
2.146296308783319e-02 1.007452707094654e-02 648
2.210002269280139e-02 1.001688653555812e-02 649
2.268000000000000e-02 1.000000000000000e-02 650
2.361139498723828e-02 0.000000000000000e+00 651
2.457409133725236e-02 0.000000000000000e+00 652
2.556888580817703e-02 0.000000000000000e+00 653
2.659657619816259e-02 0.000000000000000e+00 654
2.765795966256152e-02 0.000000000000000e+00 655
2.875383090538362e-02 0.000000000000000e+00 656
2.988498024239692e-02 0.000000000000000e+00 657
3.105219153379571e-02 0.000000000000000e+00 658
3.225623998498348e-02 0.000000000000000e+00 659
3.349788981472437e-02 0.000000000000000e+00 660
3.477789179071098e-02 0.000000000000000e+00 661
3.609698063347702e-02 0.000000000000000e+00 662
3.745587229055380e-02 0.000000000000000e+00 663
3.885526108382991e-02 0.000000000000000e+00 664
4.029581673422314e-02 0.000000000000000e+00 665
4.177818126901070e-02 0.000000000000000e+00 666
4.330296581848402e-02 0.000000000000000e+00 667
4.487074730999388e-02 0.000000000000000e+00 668
4.648206506892354e-02 0.000000000000000e+00 669
4.813741733766126e-02 0.000000000000000e+00 670
2.361519139389948e-02 6.554812111540992e-04 671
2.457912146221788e-02 6.753270529550664e-04 672
2.556952124574426e-02 7.090152314604112e-04 673
2.658982535981643e-02 7.487023348700947e-04 674
2.764382460199725e-02 7.893234049667190e-04 675
2.873230884396710e-02 8.309027358427928e-04 676
2.985612980707602e-02 8.733629218851871e-04 677
3.101605359313334e-02 9.167464744382361e-04 678
3.221287786009207e-02 9.610329616228804e-04 679
3.344735413289047e-02 1.006256763051391e-03 680
3.472030951421846e-02 1.052307122264017e-03 681
3.603244139683487e-02 1.099256643614642e-03 682
3.738451628287761e-02 1.147031392953049e-03 683
3.877722568165076e-02 1.195645059429033e-03 684
4.021127865317318e-02 1.245037295108406e-03 685
4.168730755879791e-02 1.295231291437319e-03 686
4.320595922469546e-02 1.346167519720610e-03 687
4.476783744740066e-02 1.397800053561137e-03 688
4.637347589178874e-02 1.450139522730119e-03 689
4.802341801548601e-02 1.503099967305147e-03 690
2.361895889911590e-02 1.305972347291784e-03 691
2.458411329363586e-02 1.345512947632038e-03 692
2.557015184582557e-02 1.412632841856232e-03 693
2.658312591453723e-02 1.491704917020522e-03 694
2.762979714941837e-02 1.572637815417698e-03 695
2.871095062660766e-02 1.655479940285685e-03 696
2.982749900556620e-02 1.740077069674944e-03 697
3.098019076491016e-02 1.826513902641987e-03 698
3.216984584421434e-02 1.914749730973366e-03 699
3.339720317122713e-02 2.004853052167059e-03 700
3.466316560250959e-02 2.096603196475016e-03 701
3.596839348721607e-02 2.190144819879516e-03 702
3.731370349722689e-02 2.285330616929141e-03 703
3.869978435067331e-02 2.382187861710142e-03 704
4.012738414719298e-02 2.480596317773446e-03 705
4.159712565579984e-02 2.580602191458535e-03 706
4.310969112679642e-02 2.682086878557643e-03 707
4.466571102135074e-02 2.784958875906907e-03 708
4.626571338692258e-02 2.889239362125989e-03 709
4.791028655215980e-02 2.994757071769393e-03 710
2.362266947488195e-02 1.946634139944574e-03 711
2.458902969523951e-02 2.005571898233148e-03 712
2.557077291713014e-02 2.105618333241693e-03 713
2.657652770222671e-02 2.223480247661448e-03 714
2.761598166075714e-02 2.344115836455740e-03 715
2.868991514578218e-02 2.467597247703067e-03 716
2.979930083405955e-02 2.593694603862208e-03 717
3.094486984731015e-02 2.722534154218122e-03 718
3.212746407004077e-02 2.854055220611556e-03 719
3.334781002316171e-02 2.988359902882787e-03 720
3.460688517241491e-02 3.125119278856622e-03 721
3.590531338310324e-02 3.264548967396846e-03 722
3.724396073875196e-02 3.406429400438846e-03 723
3.862351320849600e-02 3.550801231728117e-03 724
4.004475734167779e-02 3.697485241255055e-03 725
4.150830645991866e-02 3.846550302482482e-03 726
4.301487770237149e-02 3.997819628359397e-03 727
4.456512779191758e-02 4.151156827649744e-03 728
4.615957924348409e-02 4.306593468421689e-03 729
4.779886457871010e-02 4.463874268728495e-03 730
2.362629678456991e-02 2.572919351111912e-03 731
2.459383577178698e-02 2.650818991162480e-03 732
2.557138005146779e-02 2.783053088654767e-03 733
2.657007755514816e-02 2.938834390414077e-03 734
2.760247619448335e-02 3.098281733123505e-03 735
2.866935170544302e-02 3.261490476863047e-03 736
2.977173543528113e-02 3.428156786226726e-03 737
3.091034153831555e-02 3.598447528332344e-03 738
3.208603335153632e-02 3.772282503204497e-03 739
3.329952526742769e-02 3.949796658982338e-03 740
3.455186768666713e-02 4.130555250270113e-03 741
3.584364880941113e-02 4.314843266391553e-03 742
3.717578302202251e-02 4.502370498256649e-03 743
3.854895360632792e-02 4.693190679027858e-03 744
3.996398469855528e-02 4.887066928738186e-03 745
4.142148038493480e-02 5.084090279318922e-03 746
4.292219191055677e-02 5.284027066510710e-03 747
4.446680167069753e-02 5.486697018302819e-03 748
4.605582677190274e-02 5.692141859070561e-03 749
4.768994293710309e-02 5.900024175713415e-03 750
2.362981689583887e-02 3.180695862925584e-03 751
2.459849981364432e-02 3.276997001445590e-03 752
2.557196924307468e-02 3.440467514677827e-03 753
2.656381803021895e-02 3.633047566521608e-03 754
2.758936985724922e-02 3.830159653649866e-03 755
2.864939597949362e-02 4.031921662156391e-03 756
2.974498468080446e-02 4.237957984458154e-03 757
3.087683364953682e-02 4.448474905120974e-03 758
3.204582704117554e-02 4.663373279284423e-03 759
3.325266747821195e-02 4.882819932615901e-03 760
3.449847614080222e-02 5.106277423908357e-03 761
3.578380661797376e-02 5.334098062830022e-03 762
3.710962017142604e-02 5.565923086930148e-03 763
3.847659747509585e-02 5.801818922250210e-03 764
3.988559914128587e-02 6.041492732899063e-03 765
4.133722029376996e-02 6.285057054423976e-03 766
4.283224527563809e-02 6.532223026257769e-03 767
4.437138139586157e-02 6.782767792430052e-03 768
4.595514051243927e-02 7.036742933472452e-03 769
4.758424027285921e-02 7.293731332364774e-03 770
2.363320884996166e-02 3.766344976681347e-03 771
2.460299405112666e-02 3.880377667936497e-03 772
2.557253698390654e-02 4.073947368681620e-03 773
2.655778639662327e-02 4.301986433757056e-03 774
2.757674068412957e-02 4.535392000083617e-03 775
2.863016678423936e-02 4.774303659661382e-03 776
2.971920784450522e-02 5.018276645749204e-03 777
3.084454568679780e-02 5.267555225284802e-03 778
3.200708452715519e-02 5.522021998251594e-03 779
3.320751564658743e-02 5.781874507275932e-03 780
3.444702842785177e-02 6.046476354199155e-03 781
3.572614310893831e-02 6.316244718093496e-03 782
3.704586612028682e-02 6.590754778978551e-03 783
3.840687562289000e-02 6.870085193663521e-03 784
3.981006737713606e-02 7.153889207527672e-03 785
4.125602787063991e-02 7.442300076849324e-03 786
4.274557333948800e-02 7.734975754292602e-03 787
4.427943509931048e-02 8.031652350287178e-03 788
4.585811995064392e-02 8.332390942686622e-03 789
4.748238593918097e-02 8.636697612341981e-03 790
2.363645506328570e-02 4.326830728391173e-03 791
2.460729518642165e-02 4.457833107519668e-03 792
2.557308033083467e-02 4.680208735470634e-03 793
2.655201392192724e-02 4.942183259883796e-03 794
2.756465414387334e-02 5.210322897333884e-03 795
2.861176380248166e-02 5.484788013097887e-03 796
2.969453855169737e-02 5.765067652811691e-03 797
3.081364502863594e-02 6.051442433810829e-03 798
3.197000664795451e-02 6.343777485284903e-03 799
3.316430383648693e-02 6.642299747015357e-03 800
3.439779124915635e-02 6.946278115737505e-03 801
3.567095720589698e-02 7.256191852708659e-03 802
3.698485136514078e-02 7.571552918687421e-03 803
3.834014948290904e-02 7.892451675735991e-03 804
3.973778095748115e-02 8.218489767209538e-03 805
4.117832401137963e-02 8.549820279817683e-03 806
4.266262540335318e-02 8.886050264711445e-03 807
4.419143942420582e-02 9.226876561795602e-03 808
4.576526803431395e-02 9.572369338177865e-03 809
4.738490794180054e-02 9.921961172508287e-03 810
2.363954155201084e-02 4.859738698563007e-03 811
2.461138469141352e-02 5.006875799923867e-03 812
2.557359694326896e-02 5.256640006709090e-03 813
2.654652547237478e-02 5.550880251878482e-03 814
2.755316230199387e-02 5.852044927488378e-03 815
2.859426630923818e-02 6.160314149977663e-03 816
2.967108307095466e-02 6.475114034012628e-03 817
3.078426478664446e-02 6.796759758764955e-03 818
3.193475312494731e-02 7.125099842252161e-03 819
3.312321819258276e-02 7.460389174972014e-03 820
3.435097670503009e-02 7.801806608363118e-03 821
3.561848663464314e-02 8.149890431215834e-03 822
3.692683874088366e-02 8.504092495627752e-03 823
3.827670649313421e-02 8.864514292976305e-03 824
3.966905127246818e-02 9.230708403585475e-03 825
4.110444344298590e-02 9.602846768872349e-03 826
4.258375878428088e-02 9.980488043000273e-03 827
4.410777343187532e-02 1.036329172759083e-02 828
4.567698474413749e-02 1.075133663178406e-02 829
4.729222618929934e-02 1.114398544858418e-02 830
2.364245798608197e-02 5.363285317192536e-03 831
2.461524887908903e-02 5.525668174438816e-03 832
2.557408509217831e-02 5.801311945863714e-03 833
2.654133941705500e-02 6.126040184258661e-03 834
2.754230362011232e-02 6.458410334784085e-03 835
2.857773286622287e-02 6.798621176821335e-03 836
2.964891990455931e-02 7.146039361341810e-03 837
3.075650329247025e-02 7.501012725117934e-03 838
3.190144194684778e-02 7.863374090212193e-03 839
3.308439622289915e-02 8.233404757852700e-03 840
3.430674147734180e-02 8.610198495359930e-03 841
3.556890700699392e-02 8.994349366848188e-03 842
3.687202240782510e-02 9.385252427529507e-03 843
3.821675898856498e-02 9.783019684910493e-03 844
3.960410835094159e-02 1.018715735948408e-02 845
4.103463343360455e-02 1.059785520854689e-02 846
4.250923743804581e-02 1.101462615577808e-02 847
4.402871714093873e-02 1.143709442172391e-02 848
4.559356555219801e-02 1.186534698141119e-02 849
4.720465087481194e-02 1.229868049265116e-02 850
2.364519759010194e-02 5.836300755565502e-03 851
2.461887877225018e-02 6.013004983736873e-03 852
2.557454364350565e-02 6.312959182756843e-03 853
2.653646780410050e-02 6.666326857794120e-03 854
2.753210332488576e-02 7.028010424100147e-03 855
2.856220188357624e-02 7.398226192421972e-03 856
2.962810054150457e-02 7.776284955455564e-03 857
3.073042504102164e-02 8.162565227469261e-03 858
3.187015050147107e-02 8.556885086252092e-03 859
3.304792811780419e-02 8.959550642419663e-03 860
3.426518833242456e-02 9.369575738018518e-03 861
3.552233350527784e-02 9.787606830701777e-03 862
3.682052971409546e-02 1.021298562252065e-02 863
3.816044623795935e-02 1.064583399949401e-02 864
3.954310306690507e-02 1.108561463318608e-02 865
4.096905616435347e-02 1.153253401655559e-02 866
4.243923449104268e-02 1.198606211554107e-02 867
4.395445421327721e-02 1.244579000878558e-02 868
4.551520425617468e-02 1.291181234208633e-02 869
4.712238545143237e-02 1.338336374192600e-02 870
2.364775691774221e-02 6.278189976371231e-03 871
2.462226980461503e-02 6.468273174710522e-03 872
2.557497202040902e-02 6.790938082591058e-03 873
2.653191676183444e-02 7.171060610251592e-03 874
2.752257424793820e-02 7.560128657924657e-03 875
2.854769289874548e-02 7.958374914092351e-03 876
2.960865117184008e-02 8.365057988862515e-03 877
3.070606283785079e-02 8.780585055303313e-03 878
3.184091815238969e-02 9.204760417159662e-03 879
3.301385975293199e-02 9.637913361882477e-03 880
3.422636954271936e-02 1.007898306563182e-02 881
3.547882471737377e-02 1.052866493190523e-02 882
3.677242543574960e-02 1.098625082043426e-02 883
3.810783908083964e-02 1.145187184570637e-02 884
3.948611216292814e-02 1.192494999604240e-02 885
4.090779412920382e-02 1.240570739879290e-02 886
4.237383800459456e-02 1.289357388893877e-02 887
4.388507806912430e-02 1.338810958408326e-02 888
4.544199943190894e-02 1.388941629602813e-02 889
4.704553340626130e-02 1.439667070182518e-02 890
2.365013553081195e-02 6.688877322317566e-03 891
2.462542139559386e-02 6.891394799410569e-03 892
2.557537014954462e-02 7.235166809042757e-03 893
2.652768706945560e-02 7.640155024522052e-03 894
2.751371802077386e-02 8.054673930562375e-03 895
2.853420839586113e-02 8.478971436946156e-03 896
2.959057512555574e-02 8.912257655814737e-03 897
3.068342085408978e-02 9.354966395433270e-03 898
3.181374990456931e-02 9.806889158090207e-03 899
3.298219696123822e-02 1.026837677155140e-02 900
3.419029175451758e-02 1.073829901826167e-02 901
3.543838809256297e-02 1.121739679148837e-02 902
3.672771780887763e-02 1.170491562801830e-02 903
3.805894652424845e-02 1.220099521918368e-02 904
3.943314539660898e-02 1.270501974271294e-02 905
4.085085781702811e-02 1.321722585640126e-02 906
4.231305917544678e-02 1.373700609792583e-02 907
4.382060058659554e-02 1.426389181001454e-02 908
4.537396361303708e-02 1.479799146448082e-02 909
4.697410789738761e-02 1.533842788076505e-02 910
2.365233561518951e-02 7.068740203495093e-03 911
2.462833644140993e-02 7.282758694679154e-03 912
2.557573839678190e-02 7.646053595785430e-03 913
2.652377483999594e-02 8.074041185144943e-03 914
2.750552650476977e-02 8.512100715173937e-03 915
2.852173598304526e-02 8.960494174508393e-03 916
2.957385579127469e-02 9.418386817376525e-03 917
3.066247828239401e-02 9.886237088114619e-03 918
3.178862079115624e-02 1.036382464837815e-02 919
3.295291064551012e-02 1.085152024952244e-02 920
3.415692181334917e-02 1.134812948867751e-02 921
3.540098647072743e-02 1.185443533460967e-02 922
3.668636574843111e-02 1.236964047796642e-02 923
3.801372363730494e-02 1.289389254318282e-02 924
3.938415409298285e-02 1.342654073529890e-02 925
4.079819490496091e-02 1.396783515196046e-02 926
4.225684214956916e-02 1.451713383291968e-02 927
4.376096251270260e-02 1.507394150575022e-02 928
4.531103427656000e-02 1.563837280240474e-02 929
4.690804328678261e-02 1.620950072703790e-02 930
2.365436156389029e-02 7.418537110578503e-03 931
2.463102076267688e-02 7.643146315824715e-03 932
2.557607749741801e-02 8.024418880433645e-03 933
2.652017226171677e-02 8.473585453702349e-03 934
2.749798334352781e-02 8.933322378049330e-03 935
2.851025075602509e-02 9.403904606629265e-03 936
2.955845978468970e-02 9.884456086240660e-03 937
3.064319330571283e-02 1.037545794735711e-02 938
3.176548063562857e-02 1.087667894818181e-02 939
3.292594232833788e-02 1.138850818671655e-02 940
3.412619308783096e-02 1.190969215501496e-02 941
3.536654517023127e-02 1.244105256708576e-02 942
3.664828668474140e-02 1.298175265868952e-02 943
3.797208012127307e-02 1.353194735946269e-02 944
3.933904042873310e-02 1.409095366982927e-02 945
4.074970023840645e-02 1.465903406352760e-02 946
4.220507467569422e-02 1.523551481287993e-02 947
4.370604476520514e-02 1.581987613688302e-02 948
4.525308576841344e-02 1.641223834005651e-02 949
4.684720766002790e-02 1.701162855412661e-02 950
2.365621955352713e-02 7.739334487190571e-03 951
2.463348254322147e-02 7.973656394918675e-03 952
2.557638848528631e-02 8.371416204475981e-03 953
2.651686835125447e-02 8.840005941128330e-03 954
2.749106553982862e-02 9.319623119097271e-03 955
2.849971769920482e-02 9.810554581246914e-03 956
2.954434016721240e-02 1.031188639149338e-02 957
3.062550712895692e-02 1.082412048567815e-02 958
3.174425888941712e-02 1.134701562249095e-02 959
3.290120979004121e-02 1.188097772557134e-02 960
3.409801189373442e-02 1.242469908193834e-02 961
3.533495918812982e-02 1.297903693871113e-02 962
3.661336452423015e-02 1.354311834772758e-02 963
3.793388901544737e-02 1.411710493819586e-02 964
3.929766686353679e-02 1.470028417581240e-02 965
4.070522596920819e-02 1.529292988438169e-02 966
4.215759892769125e-02 1.589433920244009e-02 967
4.365567991357304e-02 1.650396987226425e-02 968
4.519994141803308e-02 1.712194740066289e-02 969
4.679141554445378e-02 1.774725684993725e-02 970
2.365791713522497e-02 8.032436097907276e-03 971
2.463573178805780e-02 8.275632170293199e-03 972
2.557667262428419e-02 8.688455812671350e-03 973
2.651384968106336e-02 9.174791830584117e-03 974
2.748474497876835e-02 9.672572917558768e-03 975
2.849009400479561e-02 1.018209677968101e-02 976
2.953143955477905e-02 1.070241486857068e-02 977
3.060934787307607e-02 1.123404812922358e-02 978
3.172486930443209e-02 1.177674618411537e-02 979
3.287861251418932e-02 1.233093032989642e-02 980
3.407226369881824e-02 1.289524332829620e-02 981
3.530610015465586e-02 1.347057489182378e-02 982
3.658145733844312e-02 1.405601901230228e-02 983
3.789899510593108e-02 1.465174344010973e-02 984
3.925986524954542e-02 1.525700865607039e-02 985
4.066459134783090e-02 1.587209885415664e-02 986
4.211422195760312e-02 1.649628455435935e-02 987
4.360966326813540e-02 1.712900296274340e-02 988
4.515138523948364e-02 1.777038433927138e-02 989
4.674044019324371e-02 1.841937530884726e-02 990
2.365946285548443e-02 8.299317567199522e-03 991
2.463777982104285e-02 8.550593943534752e-03 992
2.557693134491370e-02 8.977133845699290e-03 993
2.651110105360292e-02 9.479628606669357e-03 994
2.747898983938719e-02 9.993948704506761e-03 995
2.848133122216309e-02 1.052040173672201e-02 996
2.951969299906220e-02 1.105800763896863e-02 997
3.059463418405334e-02 1.160730466488506e-02 998
3.170721426351599e-02 1.216803411803587e-02 999
3.285803673445679e-02 1.274063129285092e-02 1000
3.404881887340753e-02 1.332369385617943e-02 1001
3.527982277857099e-02 1.391814108164728e-02 1002
3.655240449017318e-02 1.452303685852956e-02 1003
3.786722271881154e-02 1.513855451078954e-02 1004
3.922544527396436e-02 1.576392994837888e-02 1005
4.062759179866166e-02 1.639945680774840e-02 1006
4.207472538342100e-02 1.704438137157242e-02 1007
4.356776315739814e-02 1.769812214682246e-02 1008
4.510717277595330e-02 1.836081372140966e-02 1009
4.669402497022478e-02 1.903136772135473e-02 1010
2.366086591716714e-02 8.541567845733757e-03 1011
2.463963883569227e-02 8.800178773574387e-03 1012
2.557716618753776e-02 9.239169025935631e-03 1013
2.650860610417971e-02 9.756331197186290e-03 1014
2.747376585691368e-02 1.028566387719663e-02 1015
2.847337717972212e-02 1.082748364199641e-02 1016
2.950903056378047e-02 1.138078181996406e-02 1017
3.058127845998049e-02 1.194611237592062e-02 1018
3.169118865263040e-02 1.252320906229372e-02 1019
3.283935994740042e-02 1.311251987940088e-02 1020
3.402753783242331e-02 1.371260156113589e-02 1021
3.525597061044337e-02 1.432440021396840e-02 1022
3.652603300546774e-02 1.494695240286859e-02 1023
3.783838268862951e-02 1.558043651098417e-02 1024
3.919420200820387e-02 1.622406614510446e-02 1025
4.059400703492490e-02 1.687814351268766e-02 1026
4.203887405165886e-02 1.754189289601702e-02 1027
4.352973011777336e-02 1.821471582875906e-02 1028
4.506704079663937e-02 1.889675082733578e-02 1029
4.665189352987266e-02 1.958687774902336e-02 1030
2.366213588610720e-02 8.760838554391699e-03 1031
2.464132150644937e-02 9.026088287008970e-03 1032
2.557737875327313e-02 9.476347864331120e-03 1033
2.650634782265614e-02 1.000678611297521e-02 1034
2.746903741513060e-02 1.054970729968103e-02 1035
2.846617764817449e-02 1.110543612730608e-02 1036
2.949937955427744e-02 1.167293803060534e-02 1037
3.056918964381973e-02 1.225278119523859e-02 1038
3.167668321190677e-02 1.284469253878828e-02 1039
3.282245481788691e-02 1.344913156219441e-02 1040
3.400827548537538e-02 1.406461794924619e-02 1041
3.523438103027852e-02 1.469212209392578e-02 1042
3.650216308806369e-02 1.533065582884914e-02 1043
3.781227838900191e-02 1.598040211644031e-02 1044
3.916592244103248e-02 1.664055437597734e-02 1045
4.056360808145734e-02 1.731142257289040e-02 1046
4.200642353408102e-02 1.799221107600226e-02 1047
4.349530484651505e-02 1.868230605574178e-02 1048
4.503071568858479e-02 1.938184958438797e-02 1049
4.661375862724765e-02 2.008969276401735e-02 1050
2.366328244505248e-02 8.958801500194199e-03 1051
2.464284066266465e-02 9.230044907745247e-03 1052
2.557757066280546e-02 9.690478706604415e-03 1053
2.650430899099643e-02 1.023290292184473e-02 1054
2.746476846251870e-02 1.078809214394370e-02 1055
2.845967773543061e-02 1.135637841285716e-02 1056
2.949066638742135e-02 1.193670378594508e-02 1057
3.055827556563255e-02 1.252964928778745e-02 1058
3.166358734610057e-02 1.313493566530171e-02 1059
3.280719245449078e-02 1.375303280247041e-02 1060
3.399088496847499e-02 1.438242693334438e-02 1061
3.521488943053758e-02 1.502411037926470e-02 1062
3.648061274422484e-02 1.567707264387446e-02 1063
3.778871079037453e-02 1.634150082388004e-02 1064
3.914039095779184e-02 1.701657011278188e-02 1065
4.053616316455722e-02 1.770259748009645e-02 1066
4.197712641504561e-02 1.839876931628856e-02 1067
4.346422487167455e-02 1.910445792148124e-02 1068
4.499792049473013e-02 1.981980857826797e-02 1069
4.657932950669731e-02 2.054364642782941e-02 1070
2.366431519376672e-02 9.137114162255579e-03 1071
2.464420902373715e-02 9.413756297980920e-03 1072
2.557774352293059e-02 9.883354400388488e-03 1073
2.650247253872875e-02 1.043657482601297e-02 1074
2.746092325653153e-02 1.100281432845782e-02 1075
2.845382301984314e-02 1.158241155647900e-02 1076
2.948281811071081e-02 1.217428751053858e-02 1077
3.054844484540554e-02 1.277903477971429e-02 1078
3.165179140780296e-02 1.339636855277378e-02 1079
3.279344507042613e-02 1.402676806609611e-02 1080
3.397522067660175e-02 1.466868942429614e-02 1081
3.519733261441952e-02 1.532314469951084e-02 1082
3.646120153995796e-02 1.598910328283864e-02 1083
3.776748256893841e-02 1.666675599488936e-02 1084
3.911739379170826e-02 1.735526161252082e-02 1085
4.051144249689550e-02 1.805494341409316e-02 1086
4.195073739933990e-02 1.876497159628879e-02 1087
4.343622997076953e-02 1.948470596572523e-02 1088
4.496838063162427e-02 2.021429469664679e-02 1089
4.654831790443572e-02 2.095253954627997e-02 1090
2.366524349212706e-02 9.297392601275498e-03 1091
2.464543899122338e-02 9.578887447484020e-03 1092
2.557789890029251e-02 1.005672299220477e-02 1093
2.650082182195186e-02 1.061964771884580e-02 1094
2.745746694778593e-02 1.119581989608836e-02 1095
2.844856043969648e-02 1.178558411308635e-02 1096
2.947576359463987e-02 1.238784244306086e-02 1097
3.053960838660215e-02 1.300319786997475e-02 1098
3.164118848956227e-02 1.363136058658722e-02 1099
3.278108807214562e-02 1.427281823578922e-02 1100
3.396114064313263e-02 1.492599983999677e-02 1101
3.518155146321561e-02 1.559193522458267e-02 1102
3.644375355009888e-02 1.626957570224737e-02 1103
3.774840133176985e-02 1.695911544087524e-02 1104
3.909672251778332e-02 1.765969846103126e-02 1105
4.048922203325291e-02 1.837165371185411e-02 1106
4.192701732138419e-02 1.909413683405395e-02 1107
4.341106642396525e-02 1.982649640431349e-02 1108
4.494182837732703e-02 2.056888319607156e-02 1109
4.652044276004309e-02 2.132007794761169e-02 1110
2.366607634181714e-02 9.441191032866956e-03 1111
2.464654249208419e-02 9.727039628467571e-03 1112
2.557803830158119e-02 1.021226563251776e-02 1113
2.649934083371057e-02 1.078389685314764e-02 1114
2.745436602055109e-02 1.136898041651395e-02 1115
2.844383896389573e-02 1.196786624137020e-02 1116
2.946943443176034e-02 1.257943941981646e-02 1117
3.053168050232451e-02 1.320431226188709e-02 1118
3.163167577517205e-02 1.384219047802797e-02 1119
3.277000163417690e-02 1.449356925327502e-02 1120
3.394850833437046e-02 1.515685331246726e-02 1121
3.516739294753685e-02 1.583308840880585e-02 1122
3.642809958197003e-02 1.652120963543427e-02 1123
3.773128204863706e-02 1.722141416334091e-02 1124
3.907817668724254e-02 1.793283277405639e-02 1125
4.046928630240489e-02 1.865579950442219e-02 1126
4.190573616823526e-02 1.938945693583743e-02 1127
4.338849022104076e-02 2.013314356972446e-02 1128
4.491800625535912e-02 2.088701251146449e-02 1129
4.649543376901126e-02 2.164982564158922e-02 1130
2.366682230159603e-02 9.569987198023152e-03 1131
2.464753086641864e-02 9.859735323121732e-03 1132
2.557816315935051e-02 1.035158075138845e-02 1133
2.649801435466619e-02 1.093101013104766e-02 1134
2.745158860822569e-02 1.152407536950086e-02 1135
2.843961007231267e-02 1.213113115907229e-02 1136
2.946376558058780e-02 1.275104738235496e-02 1137
3.052457972186772e-02 1.338444470248018e-02 1138
3.162315550746034e-02 1.403102481521330e-02 1139
3.276007182701690e-02 1.469128966087497e-02 1140
3.393719393470958e-02 1.536362220165559e-02 1141
3.515471156775028e-02 1.604908245685912e-02 1142
3.641407876795864e-02 1.674659099223320e-02 1143
3.771594879365420e-02 1.745634766856111e-02 1144
3.906156571432124e-02 1.817747140954690e-02 1145
4.045143043531099e-02 1.891030080894274e-02 1146
4.188667524465389e-02 1.965396675129433e-02 1147
4.336826935821021e-02 2.040779871389987e-02 1148
4.489666945827867e-02 2.117195189079502e-02 1149
4.647303392706807e-02 2.194517127215953e-02 1150
2.366748943096865e-02 9.685172637357126e-03 1151
2.464841479282903e-02 9.978408203389029e-03 1152
2.557827482258983e-02 1.047617353839824e-02 1153
2.649682805326268e-02 1.106257699506280e-02 1154
2.744910470306808e-02 1.166278043324723e-02 1155
2.843582807512123e-02 1.227714281439242e-02 1156
2.945869579367269e-02 1.290452041887148e-02 1157
3.051822932691974e-02 1.354554138018681e-02 1158
3.161553563167888e-02 1.419990380368051e-02 1159
3.275119136695943e-02 1.486811567108324e-02 1160
3.392707520101779e-02 1.554854048173695e-02 1161
3.514337031158548e-02 1.624225101345681e-02 1162
3.640153962426780e-02 1.694815483979878e-02 1163
3.770223590313858e-02 1.766645422709289e-02 1164
3.904671013060582e-02 1.839625749431011e-02 1165
4.043546151346142e-02 1.913790731055495e-02 1166
4.186962861244890e-02 1.989052409960206e-02 1167
4.335018536505694e-02 2.065342926826314e-02 1168
4.487758745888291e-02 2.142677987850673e-02 1169
4.645300122165244e-02 2.220930581507357e-02 1170
2.366808525725700e-02 9.788047005669046e-03 1171
2.464920424479127e-02 1.008439727339514e-02 1172
2.557837455121244e-02 1.058744979287943e-02 1173
2.649576854428116e-02 1.118008193409501e-02 1174
2.744688627879924e-02 1.178666063804639e-02 1175
2.843245029947286e-02 1.240754867900596e-02 1176
2.945416786783948e-02 1.304159018893828e-02 1177
3.051255766501017e-02 1.368941997328021e-02 1178
3.160873017161236e-02 1.435073293069671e-02 1179
3.274326005442536e-02 1.502604243861979e-02 1180
3.391803796208655e-02 1.571369461374089e-02 1181
3.513324121392728e-02 1.641477362875106e-02 1182
3.639034066983551e-02 1.712817545362572e-02 1183
3.768998865246450e-02 1.785410450313584e-02 1184
3.903344231828971e-02 1.859165962495783e-02 1185
4.042119935708651e-02 1.934118712797313e-02 1186
4.185440393188099e-02 2.010179809323714e-02 1187
4.333403419714063e-02 2.087280671965232e-02 1188
4.486054495207545e-02 2.165437173747452e-02 1189
4.643510962070767e-02 2.244520954048156e-02 1190
2.366861676145583e-02 9.879815629812098e-03 1191
2.464990847191402e-02 1.017894435337497e-02 1192
2.557846351368806e-02 1.068671328232870e-02 1193
2.649482341399169e-02 1.128490169398217e-02 1194
2.744490734326593e-02 1.189716742549521e-02 1195
2.842943716968163e-02 1.252387665235966e-02 1196
2.945012875167523e-02 1.316386266960609e-02 1197
3.050749828414995e-02 1.381776623434095e-02 1198
3.160265939113309e-02 1.448527938472698e-02 1199
3.273618496224405e-02 1.516692031140775e-02 1200
3.390997633316597e-02 1.586101962495833e-02 1201
3.512420559727022e-02 1.656867166281828e-02 1202
3.638035069218649e-02 1.728876204404049e-02 1203
3.767906354680080e-02 1.802149709990310e-02 1204
3.902160682513806e-02 1.876596722925622e-02 1205
4.040847686372577e-02 1.952252198782815e-02 1206
4.184082282308137e-02 2.029026412254301e-02 1207
4.331962661940959e-02 2.106850140251978e-02 1208
4.484534225943847e-02 2.185739404620261e-02 1209
4.641914949741009e-02 2.265564641281569e-02 1210
2.366909037876032e-02 9.961589599798244e-03 1211
2.465053600063790e-02 1.026319417353679e-02 1212
2.557854278713124e-02 1.077516584095365e-02 1213
2.649398121921493e-02 1.137830538156068e-02 1214
2.744314393647614e-02 1.199563875820277e-02 1215
2.842675220423278e-02 1.262753517715945e-02 1216
2.944652954151960e-02 1.327281827679352e-02 1217
3.050298992780838e-02 1.393213411767604e-02 1218
3.159724978817412e-02 1.460517218900900e-02 1219
3.272988042862937e-02 1.529245497043365e-02 1220
3.390279270796129e-02 1.599229925520236e-02 1221
3.511615406274827e-02 1.670580843844567e-02 1222
3.637144873751447e-02 1.743185891562794e-02 1223
3.766932831026455e-02 1.817065872580490e-02 1224
3.901106035273761e-02 1.892129073917433e-02 1225
4.039713999559740e-02 1.968410740469255e-02 1226
4.182872085256882e-02 2.045820404283476e-02 1227
4.330678819189745e-02 2.124288269321351e-02 1228
4.483179531413976e-02 2.203830490038051e-02 1229
4.640492761432426e-02 2.284316429970702e-02 1230
2.366951201020694e-02 1.003438777869479e-02 1231
2.465109464965923e-02 1.033819644481187e-02 1232
2.557861335924972e-02 1.085390954372028e-02 1233
2.649323146662207e-02 1.146145676040520e-02 1234
2.744157408725673e-02 1.208330154008607e-02 1235
2.842436194978985e-02 1.271981578716048e-02 1236
2.944332539300093e-02 1.336981454327242e-02 1237
3.049897642410374e-02 1.403394859033107e-02 1238
3.159243396176833e-02 1.471190514836038e-02 1239
3.272426790222251e-02 1.540421051522418e-02 1240
3.389639758206900e-02 1.610916918348880e-02 1241
3.510898629223864e-02 1.682789261177260e-02 1242
3.636352389188389e-02 1.755924898436406e-02 1243
3.766066164664179e-02 1.830344786064500e-02 1244
3.900167149727823e-02 1.905956540853150e-02 1245
4.038704750095304e-02 1.982795665263733e-02 1246
4.181794723579906e-02 2.060771030214125e-02 1247
4.329535895417135e-02 2.139812329603961e-02 1248
4.481973532796660e-02 2.219935835943358e-02 1249
4.639226677384770e-02 2.301009958092830e-02 1250
2.366988704242411e-02 1.009914021273962e-02 1251
2.465159155609914e-02 1.040490937221702e-02 1252
2.557867613165030e-02 1.092395039497685e-02 1253
2.649256457761395e-02 1.153541814592306e-02 1254
2.744017773971642e-02 1.216127572279400e-02 1255
2.842223586922695e-02 1.280189742990596e-02 1256
2.944047537094310e-02 1.345609066230411e-02 1257
3.049540649779703e-02 1.412451040142764e-02 1258
3.158815038645862e-02 1.480684184891481e-02 1259
3.271927567918213e-02 1.550361469885734e-02 1260
3.389070925340711e-02 1.621312250262259e-02 1261
3.510261071259904e-02 1.693648389113005e-02 1262
3.635647491000289e-02 1.767255974500168e-02 1263
3.765295283341148e-02 1.842156097591703e-02 1264
3.899332030974714e-02 1.918255779025502e-02 1265
4.037807044131070e-02 1.995590750362194e-02 1266
4.180836433249180e-02 2.074069294458881e-02 1267
4.328519288994748e-02 2.153620651526220e-02 1268
4.480900822639487e-02 2.234261199081693e-02 1269
4.638100522513403e-02 2.315858496821244e-02 1270
4.983725772523115e-02 0.000000000000000e+00 1271
5.158199160186813e-02 0.000000000000000e+00 1272
5.337197245447418e-02 0.000000000000000e+00 1273
5.520749822055228e-02 0.000000000000000e+00 1274
5.708880761986171e-02 0.000000000000000e+00 1275
5.901607650465236e-02 0.000000000000000e+00 1276
6.098941425089328e-02 0.000000000000000e+00 1277
6.300886021438626e-02 0.000000000000000e+00 1278
6.507438027702045e-02 0.000000000000000e+00 1279
6.718586350965569e-02 0.000000000000000e+00 1280
6.934311897918320e-02 0.000000000000000e+00 1281
7.154587272818209e-02 0.000000000000000e+00 1282
7.379376495623201e-02 0.000000000000000e+00 1283
7.608634743233150e-02 0.000000000000000e+00 1284
7.842308116798015e-02 0.000000000000000e+00 1285
8.080333438028242e-02 0.000000000000000e+00 1286
8.322638077390429e-02 0.000000000000000e+00 1287
8.569139816983255e-02 0.000000000000000e+00 1288
8.819746750764729e-02 0.000000000000000e+00 1289
9.074357224639533e-02 0.000000000000000e+00 1290
4.971812643495629e-02 1.556659542162867e-03 1291
5.145802752318699e-02 1.610771547467308e-03 1292
5.324347550688829e-02 1.665426657275030e-03 1293
5.507479055522151e-02 1.720569741100310e-03 1294
5.695225043380373e-02 1.776106312990521e-03 1295
5.887604161276406e-02 1.831996609157165e-03 1296
6.084626818631765e-02 1.888233900826675e-03 1297
6.286299072512372e-02 1.944750819671602e-03 1298
6.492620626261973e-02 2.001452630410991e-03 1299
6.703579271853677e-02 2.058337739235204e-03 1300
6.919160166156192e-02 2.115274140796299e-03 1301
7.139332725135968e-02 2.172306781829625e-03 1302
7.364066686704093e-02 2.229256565624167e-03 1303
7.593313744239791e-02 2.286172952078920e-03 1304
7.827024070084103e-02 2.342905905071640e-03 1305
8.065133057214879e-02 2.399446717453774e-03 1306
8.307569076770777e-02 2.455718042508071e-03 1307
8.554250385166014e-02 2.511653644667512e-03 1308
8.805085613463959e-02 2.567179976115317e-03 1309
9.059972434503287e-02 2.622256459893208e-03 1310
4.959990207239372e-02 3.101468480893892e-03 1311
5.133500716347356e-02 3.209280545346023e-03 1312
5.311595678628575e-02 3.318174684235841e-03 1313
5.494309317240374e-02 3.428041056291588e-03 1314
5.681673283605255e-02 3.538691408914658e-03 1315
5.873707278440823e-02 3.650046517243500e-03 1316
6.070421187014119e-02 3.762092974956071e-03 1317
6.271823171726269e-02 3.874696558261916e-03 1318
6.477916027360672e-02 3.987668517803876e-03 1319
6.688686439266738e-02 4.101005678096088e-03 1320
6.904123782136815e-02 4.214445033378557e-03 1321
7.124194307917846e-02 4.328076134949567e-03 1322
7.348873428944176e-02 4.441542152822095e-03 1323
7.578109381593898e-02 4.554941630263724e-03 1324
7.811856378405785e-02 4.667975637231284e-03 1325
8.050048394501810e-02 4.780626825713818e-03 1326
8.292614794074739e-02 4.892741091105175e-03 1327
8.539474304243436e-02 5.004186466512240e-03 1328
8.790536089087725e-02 5.114816416209368e-03 1329
9.045697153504223e-02 5.224550095185988e-03 1330
4.948346415672236e-02 4.622934353388104e-03 1331
5.121384572128273e-02 4.783635034222302e-03 1332
5.299036495636000e-02 4.945948615242886e-03 1333
5.481338582256241e-02 5.109711371107568e-03 1334
5.668326299720625e-02 5.274642699446672e-03 1335
5.860020386529288e-02 5.440624510608038e-03 1336
6.056430211715112e-02 5.607636821623240e-03 1337
6.257566011201451e-02 5.775479563468275e-03 1338
6.463433624497687e-02 5.943871393323522e-03 1339
6.674018647051340e-02 6.112807577927053e-03 1340
6.889314607644341e-02 6.281896090608112e-03 1341
7.109284642014527e-02 6.451270413224006e-03 1342
7.333909751175263e-02 6.620398668176925e-03 1343
7.563134766741041e-02 6.789427740421458e-03 1344
7.796917880398373e-02 6.957912055877355e-03 1345
8.035191670838064e-02 7.125825756240288e-03 1346
8.277886480301297e-02 7.292939138876763e-03 1347
8.524921499498934e-02 7.459055498810574e-03 1348
8.776206417473031e-02 7.623956415301929e-03 1349
9.031637581271182e-02 7.787521383764376e-03 1350
4.936963913166167e-02 6.110258220936655e-03 1351
5.109540316660249e-02 6.322660686798542e-03 1352
5.286759143275053e-02 6.537194966757295e-03 1353
5.468658913214487e-02 6.753644660569635e-03 1354
5.655278824880549e-02 6.971638888442552e-03 1355
5.846640631267862e-02 7.191021568067107e-03 1356
6.042753196759539e-02 7.411766287409780e-03 1357
6.243628784270902e-02 7.633608609793520e-03 1358
6.449276209713048e-02 7.856176676752442e-03 1359
6.659680003089222e-02 8.079464232205371e-03 1360
6.874837754052324e-02 8.302953123826375e-03 1361
7.094709552059446e-02 8.526819778221086e-03 1362
7.319281861391887e-02 8.750361198285022e-03 1363
7.548496185304121e-02 8.973771525862470e-03 1364
7.782314605337504e-02 9.196461833558222e-03 1365
8.020668335087888e-02 9.418397943747317e-03 1366
8.263488672897260e-02 9.639276252204086e-03 1367
8.510695262665381e-02 9.858836768605054e-03 1368
8.762198306616278e-02 1.007679080031066e-02 1369
9.017893508710789e-02 1.029297907312757e-02 1370
4.925917799437959e-02 7.553626986536244e-03 1371
5.098046096223575e-02 7.816203286936073e-03 1372
5.274844625321905e-02 8.081414979803797e-03 1373
5.456353968304826e-02 8.348994546704295e-03 1374
5.642616943991657e-02 8.618483498403223e-03 1375
5.833656289889986e-02 8.889688882737480e-03 1376
6.029480380647169e-02 9.162578048607558e-03 1377
6.230103446266488e-02 9.436824093950108e-03 1378
6.435537191098720e-02 9.711967319675255e-03 1379
6.645765111190062e-02 9.987999991886681e-03 1380
6.860788737052877e-02 1.026428156001339e-02 1381
7.080565201890686e-02 1.054103012625684e-02 1382
7.305086271795953e-02 1.081737663112594e-02 1383
7.534290220026657e-02 1.109356107676484e-02 1384
7.768142903021547e-02 1.136885541900507e-02 1385
8.006574209624370e-02 1.164321740676314e-02 1386
8.249516366022122e-02 1.191627171824586e-02 1387
8.496889455910318e-02 1.218769694806372e-02 1388
8.748604179528799e-02 1.245713620843322e-02 1389
9.004555616756896e-02 1.272439260131805e-02 1390
4.915273843000641e-02 8.944446838842907e-03 1391
5.086970347356672e-02 9.255370288498616e-03 1392
5.263363880764559e-02 9.569414375150381e-03 1393
5.444497011115661e-02 9.886262323237846e-03 1394
5.630416045837608e-02 1.020537122369361e-02 1395
5.821144671107677e-02 1.052651259682594e-02 1396
6.016690789667324e-02 1.084964777961584e-02 1397
6.217070526991778e-02 1.117438967879906e-02 1398
6.422298370711690e-02 1.150019395268667e-02 1399
6.632356820559632e-02 1.182705144337023e-02 1400
6.847251204432023e-02 1.215420365820241e-02 1401
7.066935806907537e-02 1.248190885769170e-02 1402
7.291407502866083e-02 1.280913796581519e-02 1403
7.520601453164041e-02 1.313617517537499e-02 1404
7.754487151704365e-02 1.346215839027174e-02 1405
7.992993210809130e-02 1.378703757989487e-02 1406
8.236052750730165e-02 1.411036831591444e-02 1407
8.483586278947025e-02 1.443177001382113e-02 1408
8.735504975584066e-02 1.475082007347695e-02 1409
8.991703319160105e-02 1.506728534277872e-02 1410
4.905087221378904e-02 1.027550786515249e-02 1411
5.076370485965941e-02 1.063270115054642e-02 1412
5.252376424978713e-02 1.099347946814803e-02 1413
5.433149507282618e-02 1.135747890168387e-02 1414
5.618739379019907e-02 1.172407574948821e-02 1415
5.809170634276412e-02 1.209300753083849e-02 1416
6.004450724163889e-02 1.246422982910804e-02 1417
6.204597588187494e-02 1.283729794604408e-02 1418
6.409628377669629e-02 1.321158653416493e-02 1419
6.619524638837461e-02 1.358708507273497e-02 1420
6.834295333810729e-02 1.396292219460276e-02 1421
7.053892020939022e-02 1.433939459311714e-02 1422
7.278316464382380e-02 1.471532005109266e-02 1423
7.507500846324955e-02 1.509102505326627e-02 1424
7.741418141844369e-02 1.546551921136590e-02 1425
7.979995741588836e-02 1.583874504951384e-02 1426
8.223167621460095e-02 1.621019200211761e-02 1427
8.470854694513165e-02 1.657942284827475e-02 1428
8.722968600137887e-02 1.694595209893044e-02 1429
8.979403241331013e-02 1.730951190562930e-02 1430
4.895401815755673e-02 1.154107621821335e-02 1431
5.066292173358341e-02 1.194226270801651e-02 1432
5.241929588922084e-02 1.234747577543478e-02 1433
5.422360338752043e-02 1.275630668296299e-02 1434
5.607637243429110e-02 1.316805491160433e-02 1435
5.797785760275519e-02 1.358242565257029e-02 1436
5.992812910995031e-02 1.399936901872338e-02 1437
6.192738359866359e-02 1.441838554118120e-02 1438
6.397581790841084e-02 1.483877285242638e-02 1439
6.607323843556626e-02 1.526051913595183e-02 1440
6.821976935540047e-02 1.568264570390670e-02 1441
7.041490033051502e-02 1.610548579145536e-02 1442
7.265869548962126e-02 1.652771157530938e-02 1443
7.495044833344536e-02 1.694968975123533e-02 1444
7.728992171165544e-02 1.737030795119417e-02 1445
7.967637791509952e-02 1.778950162037326e-02 1446
8.210916483828555e-02 1.820669731009304e-02 1447
8.458749546796164e-02 1.862140394975865e-02 1448
8.711049056470713e-02 1.903307625574438e-02 1449
8.967708368644491e-02 1.944141339041974e-02 1450
4.886250041857340e-02 1.273691621404387e-02 1451
5.056769140266131e-02 1.317967203769619e-02 1452
5.232058336724454e-02 1.362687165677480e-02 1453
5.412165615393628e-02 1.407806398203477e-02 1454
5.597146796392803e-02 1.453247590951251e-02 1455
5.787028152719331e-02 1.498978208351608e-02 1456
5.981816300327843e-02 1.544992744780303e-02 1457
6.181532533241668e-02 1.591236078053008e-02 1458
6.386198928502607e-02 1.637630693767676e-02 1459
6.595795269108254e-02 1.684175287835694e-02 1460
6.810337237612220e-02 1.730761850701280e-02 1461
7.029771351000198e-02 1.777427158729893e-02 1462
7.254108414726854e-02 1.824024671220719e-02 1463
7.483275102792611e-02 1.870594857304768e-02 1464
7.717250827690242e-02 1.917014954266982e-02 1465
7.955960720939198e-02 1.963277837735040e-02 1466
8.199340340715625e-02 2.009320220995928e-02 1467
8.447311350067863e-02 2.055087908713757e-02 1468
8.699786237663035e-02 2.100520722515886e-02 1469
8.956657842238025e-02 2.145585461480480e-02 1470
4.877653160888917e-02 1.386024970279055e-02 1471
5.047823510395730e-02 1.434205441674631e-02 1472
5.222785601067408e-02 1.482869484707183e-02 1473
5.402589021370229e-02 1.531968012066501e-02 1474
5.587292409092751e-02 1.581416894958761e-02 1475
5.776922803451208e-02 1.631180728337272e-02 1476
5.971486439252589e-02 1.681253521008754e-02 1477
6.171006141449709e-02 1.731575289282800e-02 1478
6.375506235076076e-02 1.782061682367594e-02 1479
6.584965698429468e-02 1.832711281160310e-02 1480
6.799403281124050e-02 1.883406550192527e-02 1481
7.018763199376153e-02 1.934187509324617e-02 1482
7.243060384891600e-02 1.984894693685274e-02 1483
7.472218997854996e-02 2.035572141584210e-02 1484
7.706221388656032e-02 2.086086263237506e-02 1485
7.944991657796699e-02 2.136429305938168e-02 1486
8.188466085568943e-02 2.186532401395753e-02 1487
8.436566677301793e-02 2.236336574511771e-02 1488
8.689206309254163e-02 2.285776339476509e-02 1489
8.946277334457764e-02 2.334815567209800e-02 1490
4.869621987433857e-02 1.490966356918502e-02 1491
5.039466537044827e-02 1.542794760772449e-02 1492
5.214123046736571e-02 1.595143349368627e-02 1493
5.393642603710948e-02 1.647959318804048e-02 1494
5.578086478012538e-02 1.701152170563939e-02 1495
5.767482424656339e-02 1.754683818946665e-02 1496
5.961836322382670e-02 1.808547819142207e-02 1497
6.161172426332831e-02 1.862679645859690e-02 1498
6.365517161605624e-02 1.916988561778021e-02 1499
6.574848754751328e-02 1.971473040348529e-02 1500
6.789188820620388e-02 2.026006647031495e-02 1501
7.008479426059171e-02 2.080632431747882e-02 1502
7.232739357501602e-02 2.135178855915537e-02 1503
7.461890426735129e-02 2.189693292157326e-02 1504
7.695917728721557e-02 2.244032036082832e-02 1505
7.934744400790289e-02 2.298186747997212e-02 1506
8.178307397831096e-02 2.352083345321643e-02 1507
8.426529044930339e-02 2.405658387721619e-02 1508
8.679322580433690e-02 2.458841431199935e-02 1509
8.936579903628938e-02 2.511593611202063e-02 1510
4.862157896535507e-02 1.588497813966262e-02 1511
5.031699651038041e-02 1.643716569132216e-02 1512
5.206072156876076e-02 1.699489536887916e-02 1513
5.385327894161075e-02 1.755760459166854e-02 1514
5.569530579329598e-02 1.812432917500425e-02 1515
5.758708632652716e-02 1.869466334813556e-02 1516
5.952867601946014e-02 1.926853844709443e-02 1517
6.152033071553417e-02 1.984526700979952e-02 1518
6.356233418353044e-02 2.042388230728647e-02 1519
6.565446170228703e-02 2.100436807547792e-02 1520
6.779695604952281e-02 2.158537726191339e-02 1521
6.998921791767562e-02 2.216736852687736e-02 1522
7.223147099653561e-02 2.274851427270812e-02 1523
7.452291157821303e-02 2.332931921440150e-02 1524
7.686341612009984e-02 2.390825230392968e-02 1525
7.925220704386204e-02 2.448522468893883e-02 1526
8.168866016804086e-02 2.505944708257501e-02 1527
8.417200171529217e-02 2.563024358204402e-02 1528
8.670136743427001e-02 2.619686366648362e-02 1529
8.927567210080256e-02 2.675889326712814e-02 1530
4.855254028904804e-02 1.678708970081226e-02 1531
5.024515714826135e-02 1.737063611050076e-02 1532
5.198625532945156e-02 1.796003938469081e-02 1533
5.377637251736995e-02 1.855470499363199e-02 1534
5.561616850414296e-02 1.915361399636821e-02 1535
5.750593364572885e-02 1.975633757833450e-02 1536
5.944572035941432e-02 2.036280317612033e-02 1537
6.143579678302130e-02 2.097228428651462e-02 1538
6.347646473820066e-02 2.158375927979290e-02 1539
6.556749304151543e-02 2.219721096823707e-02 1540
6.770914910122207e-02 2.281121579996769e-02 1541
6.990081513304912e-02 2.342625848269227e-02 1542
7.214274796333001e-02 2.404040762905764e-02 1543
7.443412369656058e-02 2.465419661694030e-02 1544
7.677484238340071e-02 2.526600744974289e-02 1545
7.916411816575991e-02 2.587574622916597e-02 1546
8.160133266124985e-02 2.648257884457367e-02 1547
8.408571484126821e-02 2.708579100849670e-02 1548
8.661640356708908e-02 2.768458957782048e-02 1549
8.919230971400482e-02 2.827853696871892e-02 1550
4.848896599253749e-02 1.761779954262714e-02 1551
5.017900383894564e-02 1.823022277100926e-02 1552
5.191768305907928e-02 1.884879269107979e-02 1553
5.370555320159241e-02 1.947288535275856e-02 1554
5.554329489539528e-02 2.010143139275326e-02 1555
5.743120416266705e-02 2.073398077659212e-02 1556
5.936933060209152e-02 2.137045735006114e-02 1557
6.135795367277863e-02 2.201009865890724e-02 1558
6.339739182037249e-02 2.265183251801594e-02 1559
6.548740791064717e-02 2.329564088913417e-02 1560
6.762829203290095e-02 2.394002977585771e-02 1561
6.981940938857616e-02 2.458550787167541e-02 1562
7.206104731780708e-02 2.523004821444948e-02 1563
7.435236333531592e-02 2.587421057628314e-02 1564
7.669327921763380e-02 2.651629689394917e-02 1565
7.908300148225278e-02 2.715620862258681e-02 1566
8.152091708686114e-02 2.779307037556021e-02 1567
8.400625753403691e-02 2.842613251885454e-02 1568
8.653816455131158e-02 2.905456266063473e-02 1569
8.911554542216732e-02 2.967790156322061e-02 1570
4.843066225363199e-02 1.837964029245543e-02 1571
5.011833489747433e-02 1.901854633842178e-02 1572
5.185479569787538e-02 1.966386487545708e-02 1573
5.364060508382794e-02 2.031494497221167e-02 1574
5.547646279357531e-02 2.097067102326579e-02 1575
5.736267004576561e-02 2.163057353345402e-02 1576
5.929927385415309e-02 2.229457305545056e-02 1577
6.128656406055652e-02 2.296187416444215e-02 1578
6.332487435641937e-02 2.363135831116370e-02 1579
6.541396215007034e-02 2.430300667733986e-02 1580
6.755413833150252e-02 2.497526066216801e-02 1581
6.974475249842287e-02 2.564865095640331e-02 1582
7.198611997505325e-02 2.632106294664650e-02 1583
7.427738122750702e-02 2.699308061104296e-02 1584
7.661847795702700e-02 2.766293245757208e-02 1585
7.900860968878176e-02 2.833051568002991e-02 1586
8.144716827782297e-02 2.899491703772230e-02 1587
8.393338754806424e-02 2.965535448045560e-02 1588
8.646641185567050e-02 3.031095962154658e-02 1589
8.904514519008899e-02 3.096125336465010e-02 1590
4.837739211793302e-02 1.907570817568603e-02 1591
5.006290375694097e-02 1.973881066793329e-02 1592
5.179733766297109e-02 2.040856850306891e-02 1593
5.358126420601021e-02 2.108430609787842e-02 1594
5.541540058384688e-02 2.176486559708896e-02 1595
5.730005276296550e-02 2.244975972496374e-02 1596
5.923526539535838e-02 2.313890602537312e-02 1597
6.122133780917094e-02 2.383147894942868e-02 1598
6.325861762541293e-02 2.452631758652381e-02 1599
6.534685726613165e-02 2.522340240570344e-02 1600
6.748638662620483e-02 2.592111577933174e-02 1601
6.967654104673918e-02 2.662000849631515e-02 1602
7.191766142006197e-02 2.731788585928925e-02 1603
7.420887263555459e-02 2.801535396263375e-02 1604
7.655013459898885e-02 2.871057422494645e-02 1605
7.894064044688601e-02 2.940343994657959e-02 1606
8.137978650885155e-02 3.009300330087832e-02 1607
8.386680872972398e-02 3.077845262009314e-02 1608
8.640085386736102e-02 3.145888663027693e-02 1609
8.898082290156248e-02 3.213380809090035e-02 1610
4.832888739614052e-02 1.970950755655425e-02 1611
5.001243134843419e-02 2.039464194115213e-02 1612
5.174501968102480e-02 2.108665279553772e-02 1613
5.352723181559667e-02 2.178484208992637e-02 1614
5.535980084759601e-02 2.248801349875888e-02 1615
5.724303706661392e-02 2.319566355633279e-02 1616
5.917698297415809e-02 2.390770706687479e-02 1617
6.116194653607747e-02 2.462329105224614e-02 1618
6.319828805684366e-02 2.534121603003898e-02 1619
6.528575541828288e-02 2.606146182037310e-02 1620
6.742469582002783e-02 2.678235704917324e-02 1621
6.961443162194492e-02 2.750447080556646e-02 1622
7.185532699720761e-02 2.822553547233558e-02 1623
7.414649265192130e-02 2.894617728163132e-02 1624
7.648790506785466e-02 2.966449656431919e-02 1625
7.887875156439417e-02 3.038038307560540e-02 1626
8.131843254541669e-02 3.109285749684847e-02 1627
8.380618588695300e-02 3.180108119225598e-02 1628
8.634116053370412e-02 3.250412294262977e-02 1629
8.892225472505805e-02 3.320146898638993e-02 1630
4.828485930233686e-02 2.028481193027989e-02 1631
4.996661717088383e-02 2.098994482609973e-02 1632
5.169753026284808e-02 2.170215491022514e-02 1633
5.347818621620655e-02 2.242072377795411e-02 1634
5.530933255682662e-02 2.314442018396472e-02 1635
5.719128349841519e-02 2.387272596680327e-02 1636
5.912407959046924e-02 2.460555344390164e-02 1637
6.110803663934483e-02 2.534202473938820e-02 1638
6.314352646238558e-02 2.608090535894663e-02 1639
6.523029282022551e-02 2.682217453366251e-02 1640
6.736869862015099e-02 2.756411210342103e-02 1641
6.955805443886086e-02 2.830730376859447e-02 1642
7.179874558172462e-02 2.904941572207744e-02 1643
7.408986988058314e-02 2.979109247522390e-02 1644
7.643141886335986e-02 3.053037890911409e-02 1645
7.882257456918509e-02 3.126716156099908e-02 1646
8.126274110018186e-02 3.200043252672875e-02 1647
8.375115808533846e-02 3.272932869141915e-02 1648
8.628697645436967e-02 3.345289165434688e-02 1649
8.886909195917149e-02 3.417059265765256e-02 1650
4.824500766052411e-02 2.080554362348619e-02 1651
4.992514887107903e-02 2.152877799582145e-02 1652
5.165454563372662e-02 2.225927123506312e-02 1653
5.343379302334876e-02 2.299628649433191e-02 1654
5.526365162738160e-02 2.373856092098992e-02 1655
5.714443921141095e-02 2.448556305185344e-02 1656
5.907619455808848e-02 2.523720295345390e-02 1657
6.105924057053633e-02 2.599258021395579e-02 1658
6.309395948687282e-02 2.675042864832180e-02 1659
6.518009133747121e-02 2.751072695447839e-02 1660
6.731801324726246e-02 2.827171081405619e-02 1661
6.950702512751490e-02 2.903398096295002e-02 1662
7.174753141121927e-02 2.979514368285931e-02 1663
7.403861827718924e-02 3.055586003039812e-02 1664
7.638029087224291e-02 3.131412469676132e-02 1665
7.877172645613317e-02 3.206982130649613e-02 1666
8.121233247841801e-02 3.282191608153080e-02 1667
8.370135015475978e-02 3.356952374994702e-02 1668
8.623793221159098e-02 3.431166130790290e-02 1669
8.882097214927612e-02 3.504778642378854e-02 1670
4.820902862594806e-02 2.127567290154064e-02 1671
4.988771027822265e-02 2.201524972853527e-02 1672
5.161573806176594e-02 2.276224944630993e-02 1673
5.339371376567912e-02 2.351591855793777e-02 1674
5.522240976970128e-02 2.427496567492477e-02 1675
5.710214704614120e-02 2.503884732496083e-02 1676
5.903296278249946e-02 2.580747154240956e-02 1677
6.101518628903180e-02 2.657991756941740e-02 1678
6.304920921198626e-02 2.735489060979086e-02 1679
6.513476821396551e-02 2.813236888010739e-02 1680
6.727225325593703e-02 2.891054819484795e-02 1681
6.946095462015825e-02 2.969004286434394e-02 1682
7.170129400850310e-02 3.046840508100605e-02 1683
7.399234707914801e-02 3.124631083891282e-02 1684
7.633413127438132e-02 3.202170951660602e-02 1685
7.872581953901753e-02 3.279448210897278e-02 1686
8.116682234476040e-02 3.356357147833359e-02 1687
8.365638233976050e-02 3.432807234885887e-02 1688
8.619365387257094e-02 3.508697950441105e-02 1689
8.877752841081858e-02 3.583973835866722e-02 1690
4.817662095789865e-02 2.169913600340071e-02 1691
4.985398793119960e-02 2.245343309323602e-02 1692
5.158078262383592e-02 2.321530081631614e-02 1693
5.335761287265823e-02 2.398397067839089e-02 1694
5.518526167917594e-02 2.475812558764865e-02 1695
5.706405290411366e-02 2.553721125470806e-02 1696
5.899402229815949e-02 2.632113388348280e-02 1697
6.097550494271504e-02 2.710895438969656e-02 1698
6.300890095828419e-02 2.789935220601263e-02 1699
6.509394397399229e-02 2.869230511543931e-02 1700
6.723103551270701e-02 2.948597302261820e-02 1701
6.941945718347396e-02 3.028098246488569e-02 1702
7.165964624289879e-02 3.107483691439815e-02 1703
7.395066887282481e-02 3.186822581996950e-02 1704
7.629255359053239e-02 3.265905774533265e-02 1705
7.868446945420876e-02 3.344721131674108e-02 1706
8.112582965771813e-02 3.423160835563901e-02 1707
8.361587813950677e-02 3.501132556792259e-02 1708
8.615377070923289e-02 3.578533773000506e-02 1709
8.873839700356018e-02 3.655307921728304e-02 1710
4.814749094330972e-02 2.207977080613446e-02 1711
4.982367620191208e-02 2.284729937781067e-02 1712
5.154936251624559e-02 2.362253138278839e-02 1713
5.332516315925188e-02 2.440468484629649e-02 1714
5.515187067994381e-02 2.519241957279327e-02 1715
5.702981153533263e-02 2.598517154984529e-02 1716
5.895902018461054e-02 2.678284533604471e-02 1717
6.093983689664173e-02 2.758448537419398e-02 1718
6.297266940911495e-02 2.838874793226047e-02 1719
6.505724862447851e-02 2.919561040353374e-02 1720
6.719398645815047e-02 3.000320041467280e-02 1721
6.938215672315777e-02 3.081215549340165e-02 1722
7.162221065766017e-02 3.161993531910152e-02 1723
7.391320592558703e-02 3.242724143453395e-02 1724
7.625518099910600e-02 3.323194571655955e-02 1725
7.864730144286353e-02 3.403392466235755e-02 1726
8.108898289756987e-02 3.483208118053239e-02 1727
8.357947046146888e-02 3.562547578104189e-02 1728
8.611792125755011e-02 3.641306525636771e-02 1729
8.870322327669458e-02 3.719427406001784e-02 1730
4.812135610923138e-02 2.242126831495059e-02 1731
4.979648115835524e-02 2.320066789278324e-02 1732
5.152117305907624e-02 2.398789004932453e-02 1733
5.329604996148205e-02 2.478214071536455e-02 1734
5.512191298040409e-02 2.558205896718269e-02 1735
5.699909090218715e-02 2.638707206902849e-02 1736
5.892761702732062e-02 2.719708310334643e-02 1737
6.090783627875054e-02 2.801112173378177e-02 1738
6.294016322814308e-02 2.882782344542579e-02 1739
6.502432633162958e-02 2.964716528192057e-02 1740
6.716074682860483e-02 3.046724591080065e-02 1741
6.934869153767241e-02 3.128871272013374e-02 1742
7.158862424094722e-02 3.210898609934787e-02 1743
7.387959496026617e-02 3.292877844163893e-02 1744
7.622165109911144e-02 3.374592870918033e-02 1745
7.861395508779859e-02 3.456031148899080e-02 1746
8.105592476229631e-02 3.537081272147429e-02 1747
8.354680626139459e-02 3.617647838593464e-02 1748
8.608575788637601e-02 3.697624914004977e-02 1749
8.867166615156016e-02 3.776954053561872e-02 1750
4.809794788169347e-02 2.272713792047502e-02 1751
4.977212333134270e-02 2.351717002087814e-02 1752
5.149592456407484e-02 2.431513141514226e-02 1753
5.326997409829852e-02 2.512021720141261e-02 1754
5.509508072100519e-02 2.593104789032837e-02 1755
5.697157530485748e-02 2.674704293291207e-02 1756
5.889949011252760e-02 2.756810408946472e-02 1757
6.087917423549039e-02 2.839324778636084e-02 1758
6.291104836641118e-02 2.922109089406072e-02 1759
6.499483877032476e-02 3.005161014303717e-02 1760
6.713097503784671e-02 3.088287826296059e-02 1761
6.931871772287450e-02 3.171555147352811e-02 1762
7.155854184278689e-02 3.254701497327413e-02 1763
7.384949057461593e-02 3.337799087382008e-02 1764
7.619161932136828e-02 3.420628865659016e-02 1765
7.858408770602837e-02 3.503178119772669e-02 1766
8.102631553079558e-02 3.585333923969903e-02 1767
8.351754986644715e-02 3.666999574711757e-02 1768
8.605695006962957e-02 3.748067692617543e-02 1769
8.864340133214813e-02 3.828479035566414e-02 1770
4.807701335332679e-02 2.300068430167754e-02 1771
4.975033955383461e-02 2.380022531705516e-02 1772
5.147334424123889e-02 2.460779106416405e-02 1773
5.324665384064046e-02 2.542256695326049e-02 1774
5.507108400042397e-02 2.624315689129494e-02 1775
5.694696745909508e-02 2.706897334173735e-02 1776
5.887433555118170e-02 2.789991688246465e-02 1777
6.085354109617197e-02 2.873499210144896e-02 1778
6.288501026088475e-02 2.957279922164822e-02 1779
6.496846735080564e-02 3.041331469346062e-02 1780
6.710434942524342e-02 3.125458804971471e-02 1781
6.929191143542154e-02 3.209728340844149e-02 1782
7.153163844667942e-02 3.293875449613165e-02 1783
7.382256751457919e-02 3.377973211582306e-02 1784
7.616476119629033e-02 3.461799938361264e-02 1785
7.855737660413503e-02 3.545342764556576e-02 1786
8.099983529875897e-02 3.628487405228142e-02 1787
8.349138518443767e-02 3.711135992902359e-02 1788
8.603118656165426e-02 3.793179855768274e-02 1789
8.861812343945839e-02 3.874559038660226e-02 1790
4.805831631666935e-02 2.324499392390878e-02 1791
4.973088403616197e-02 2.405302753719623e-02 1792
5.145317731335758e-02 2.486917111964321e-02 1793
5.322582606250016e-02 2.569260142906286e-02 1794
5.504965206001880e-02 2.652190754332661e-02 1795
5.692498971084008e-02 2.735649568518454e-02 1796
5.885186952054806e-02 2.819626537646753e-02 1797
6.083064763819251e-02 2.904021063203895e-02 1798
6.286175511966585e-02 2.988691680664694e-02 1799
6.494491452034198e-02 3.073636010054954e-02 1800
6.708056956996554e-02 3.158656932902221e-02 1801
6.926797021590235e-02 3.243821566425240e-02 1802
7.150761049752193e-02 3.328862472443309e-02 1803
7.379852200318193e-02 3.413853507507621e-02 1804
7.614077367957456e-02 3.498570628488928e-02 1805
7.853352039670042e-02 3.583000833339594e-02 1806
8.097618528570809e-02 3.667028623203011e-02 1807
8.346801699528662e-02 3.750555091072783e-02 1808
8.600817666887797e-02 3.833470410843207e-02 1809
8.859554725918983e-02 3.915713990514362e-02 1810
4.804163770801531e-02 2.346292923923523e-02 1811
4.971352882788116e-02 2.427853863683489e-02 1812
5.143518749475426e-02 2.510233403926403e-02 1813
5.320724673535333e-02 2.593348448596228e-02 1814
5.503053379260223e-02 2.677056582658685e-02 1815
5.690538455795095e-02 2.761297871688132e-02 1816
5.883182879752800e-02 2.846062173663539e-02 1817
6.081022563050370e-02 2.931247946901767e-02 1818
6.284101047404686e-02 3.016712400565561e-02 1819
6.492390432235204e-02 3.102453132367086e-02 1820
6.705935685549665e-02 3.188271175733753e-02 1821
6.924661355717741e-02 3.274234277147203e-02 1822
7.148617647200768e-02 3.360072491038500e-02 1823
7.377707231134956e-02 3.445860366406892e-02 1824
7.611937572164063e-02 3.531371759588701e-02 1825
7.851223957262864e-02 3.616593546634549e-02 1826
8.095508839642210e-02 3.701409145818974e-02 1827
8.344717150576093e-02 3.785718722824970e-02 1828
8.598765079604487e-02 3.869411421863322e-02 1829
8.857540827767629e-02 3.952426082848926e-02 1830
4.802677559085686e-02 2.365712890280049e-02 1831
4.969806380054409e-02 2.447948899503847e-02 1832
5.141915697342675e-02 2.531010284662061e-02 1833
5.319069090971405e-02 2.614813261923232e-02 1834
5.501349772346084e-02 2.699214237502058e-02 1835
5.688791463074111e-02 2.784152780903328e-02 1836
5.881397073876286e-02 2.869618666161801e-02 1837
6.079202781333692e-02 2.955509511146813e-02 1838
6.282252515791553e-02 3.041681343159621e-02 1839
6.490518237554423e-02 3.128131740028962e-02 1840
6.704045444857375e-02 3.214660088361376e-02 1841
6.922758288317647e-02 3.301334695367469e-02 1842
7.146707685734685e-02 3.387883381173369e-02 1843
7.375795873661206e-02 3.474381311810846e-02 1844
7.610030824638764e-02 3.560600471854056e-02 1845
7.849327647401869e-02 3.646527628728365e-02 1846
8.093628919999321e-02 3.732045235776292e-02 1847
8.342859632877926e-02 3.817052632364957e-02 1848
8.596936042583753e-02 3.901438045165960e-02 1849
8.855746266189293e-02 3.985139807879996e-02 1850
4.801354479059283e-02 2.383001254599732e-02 1851
4.968429626758814e-02 2.465838235350336e-02 1852
5.140488601703799e-02 2.549506623790063e-02 1853
5.317595230821441e-02 2.633922023804608e-02 1854
5.499833159163114e-02 2.718939792241411e-02 1855
5.687236226259085e-02 2.804499056985974e-02 1856
5.879807284170647e-02 2.890589517342856e-02 1857
6.077582745092502e-02 2.977108042984269e-02 1858
6.280606885341039e-02 3.063909609075145e-02 1859
6.488851541375626e-02 3.150991775743262e-02 1860
6.702362683459120e-02 3.238152463535000e-02 1861
6.921064108114981e-02 3.325460478842388e-02 1862
7.145007368182330e-02 3.412641652731586e-02 1863
7.374094313331769e-02 3.499771700539282e-02 1864
7.608333368254032e-02 3.586620940528494e-02 1865
7.847639483007651e-02 3.673176043422417e-02 1866
8.091955346776729e-02 3.759318603545785e-02 1867
8.341206002685854e-02 3.844947224649110e-02 1868
8.595307766932392e-02 3.929949316577055e-02 1869
8.854148681837665e-02 4.014262762379915e-02 1870
4.800177627475297e-02 2.398378887492775e-02 1871
4.967205033941791e-02 2.481750419653074e-02 1872
5.139219230441599e-02 2.565958724620202e-02 1873
5.316284263519809e-02 2.650918861667278e-02 1874
5.498484163946607e-02 2.736485254251836e-02 1875
5.685852876142154e-02 2.822596637448415e-02 1876
5.878393199991348e-02 2.909242644090640e-02 1877
6.076141757262205e-02 2.996319478345276e-02 1878
6.279143132005111e-02 3.083681179524335e-02 1879
6.487369050521788e-02 3.171325292010973e-02 1880
6.700865902933763e-02 3.259048432322187e-02 1881
6.919557170805611e-02 3.346919850861289e-02 1882
7.143494971830756e-02 3.434663609467830e-02 1883
7.372580811556373e-02 3.522355912073571e-02 1884
7.606823516850302e-02 3.609765594793149e-02 1885
7.846137896632141e-02 3.696879242335234e-02 1886
8.090466738938482e-02 3.783577684946489e-02 1887
8.339735133749716e-02 3.869758872062076e-02 1888
8.593859450321728e-02 3.955309486976435e-02 1889
8.852727664486294e-02 4.040167011895916e-02 1890
9.332859818715664e-02 0.000000000000000e+00 1891
9.595133373801201e-02 0.000000000000000e+00 1892
9.861047063937090e-02 0.000000000000000e+00 1893
1.013046051645037e-01 0.000000000000000e+00 1894
1.040322398066762e-01 0.000000000000000e+00 1895
1.067917854605223e-01 0.000000000000000e+00 1896
1.095815641012657e-01 0.000000000000000e+00 1897
1.123998119611315e-01 0.000000000000000e+00 1898
1.152446831978532e-01 0.000000000000000e+00 1899
1.181142540456072e-01 0.000000000000000e+00 1900
1.210065274340708e-01 0.000000000000000e+00 1901
1.239194380566653e-01 0.000000000000000e+00 1902
1.268508578644689e-01 0.000000000000000e+00 1903
1.297986019578479e-01 0.000000000000000e+00 1904
1.327604348436131e-01 0.000000000000000e+00 1905
1.357340770215437e-01 0.000000000000000e+00 1906
1.387172118604836e-01 0.000000000000000e+00 1907
1.417074927209770e-01 0.000000000000000e+00 1908
1.447025502786185e-01 0.000000000000000e+00 1909
1.477000000000000e-01 0.000000000000000e+00 1910
9.318797361482314e-02 2.676885149461830e-03 1911
9.581441673920477e-02 2.730923242718945e-03 1912
9.847773905014712e-02 2.784319472213909e-03 1913
1.011765229179834e-01 2.837045718882797e-03 1914
1.039092573130424e-01 2.889073122678138e-03 1915
1.066743611114164e-01 2.940292219975747e-03 1916
1.094701394266891e-01 2.990679511140681e-03 1917
1.122947952292712e-01 3.040275146753537e-03 1918
1.151465109631850e-01 3.088880941737784e-03 1919
1.180233136907361e-01 3.136599103002575e-03 1920
1.209232216829867e-01 3.183271043152160e-03 1921
1.238441197052354e-01 3.229009430532103e-03 1922
1.267838985442024e-01 3.273633674960302e-03 1923
1.297403361981651e-01 3.317204357467370e-03 1924
1.327111794501064e-01 3.359700796909533e-03 1925
1.356941494828819e-01 3.401010579381331e-03 1926
1.386868822587224e-01 3.441257344711643e-03 1927
1.416870371592782e-01 3.480300472710533e-03 1928
1.446922039820952e-01 3.518241594548610e-03 1929
1.477000000000000e-01 3.554957762844359e-03 1930
9.304841959516633e-02 5.333391594730718e-03 1931
9.567854206790206e-02 5.441056397768947e-03 1932
9.834601792556519e-02 5.547442359690400e-03 1933
1.010494157413926e-01 5.652493456433228e-03 1934
1.037872110657243e-01 5.756152187609467e-03 1935
1.065578306953490e-01 5.858200459300049e-03 1936
1.093595630105757e-01 5.958591451134095e-03 1937
1.121905779732175e-01 6.057405158612771e-03 1938
1.150490860982463e-01 6.154246720334722e-03 1939
1.179330656504348e-01 6.249319772033193e-03 1940
1.208405501254387e-01 6.342308346217487e-03 1941
1.237693747405286e-01 6.433436921852405e-03 1942
1.267174489746737e-01 6.522345693378302e-03 1943
1.296825140065156e-01 6.609155361662575e-03 1944
1.326622990301373e-01 6.693824721859963e-03 1945
1.356545259062709e-01 6.776129801948862e-03 1946
1.386567835514331e-01 6.856316940336529e-03 1947
1.416667373225425e-01 6.934105967162403e-03 1948
1.446819364502946e-01 7.009699371065639e-03 1949
1.477000000000000e-01 7.082852193262229e-03 1950
9.291097432737053e-02 7.949756502521598e-03 1951
9.554472055111744e-02 8.110237680931880e-03 1952
9.821628719271318e-02 8.268812666012228e-03 1953
1.009242292367813e-01 8.425397950365513e-03 1954
1.036670090164579e-01 8.579907826037424e-03 1955
1.064430611295413e-01 8.732017210288299e-03 1956
1.092506574759163e-01 8.881656314402795e-03 1957
1.120879355075796e-01 9.028944376720022e-03 1958
1.149531333862830e-01 9.173292831420793e-03 1959
1.178441813166282e-01 9.315005210407028e-03 1960
1.207591277888109e-01 9.453610544208535e-03 1961
1.236957592207767e-01 9.589443432878283e-03 1962
1.266520035012921e-01 9.721967563539814e-03 1963
1.296255655457307e-01 9.851362848447539e-03 1964
1.326141572250560e-01 9.977567869181159e-03 1965
1.356155010676333e-01 1.010024878131852e-02 1966
1.386271396551565e-01 1.021977276779005e-02 1967
1.416467442295222e-01 1.033572221775070e-02 1968
1.446718240675671e-01 1.044839895328635e-02 1969
1.477000000000000e-01 1.055743784788199e-02 1970
9.277661335945794e-02 1.050740964737624e-02 1971
9.541390201650315e-02 1.071952199090722e-02 1972
9.808946764400450e-02 1.092911486680692e-02 1973
1.008018519429035e-01 1.113607790107457e-02 1974
1.035495043257289e-01 1.134029781117307e-02 1975
1.063308670162325e-01 1.154134492639316e-02 1976
1.091441958036991e-01 1.173912700508936e-02 1977
1.119875963598359e-01 1.193380164782144e-02 1978
1.148593338727749e-01 1.212459093111906e-02 1979
1.177572915654272e-01 1.231189604136241e-02 1980
1.206795325860478e-01 1.249509448537788e-02 1981
1.236237956483244e-01 1.267462851316688e-02 1982
1.265880266377006e-01 1.284978926539638e-02 1983
1.295698950200377e-01 1.302081453699221e-02 1984
1.325670957319139e-01 1.318762314955577e-02 1985
1.355773519543458e-01 1.334977385182346e-02 1986
1.385981609739673e-01 1.350775195947311e-02 1987
1.416271997855930e-01 1.366100550487894e-02 1988
1.446619386087735e-01 1.380993341451071e-02 1989
1.477000000000000e-01 1.395405309071087e-02 1990
9.264622318107636e-02 1.298947609105230e-02 1991
9.528694958136541e-02 1.325169373625477e-02 1992
9.796639601215121e-02 1.351079676371063e-02 1993
1.006830912832679e-01 1.376664872680817e-02 1994
1.034354722684816e-01 1.401910958334322e-02 1995
1.062219885921264e-01 1.426764816554064e-02 1996
1.090408804090062e-01 1.451215044237959e-02 1997
1.118902225497465e-01 1.475281124291609e-02 1998
1.147683064301445e-01 1.498866888214330e-02 1999
1.176729696798779e-01 1.522021931492247e-02 2000
1.206022896720690e-01 1.544669300237892e-02 2001
1.235539588259584e-01 1.566863666306773e-02 2002
1.265259404918088e-01 1.588517399049020e-02 2003
1.295158697336136e-01 1.609659895162839e-02 2004
1.325214250540301e-01 1.630281119207503e-02 2005
1.355403302674382e-01 1.650326522793527e-02 2006
1.385700387040236e-01 1.669856101643983e-02 2007
1.416082329415020e-01 1.688801620384802e-02 2008
1.446523452964038e-01 1.707212395127322e-02 2009
1.477000000000000e-01 1.725028766155737e-02 2010
9.252058013478011e-02 1.538117762075447e-02 2011
9.516461911995013e-02 1.569167637743130e-02 2012
9.784780506511331e-02 1.599848703395339e-02 2013
1.005686543583247e-01 1.630144802032702e-02 2014
1.033255917910881e-01 1.660039350892362e-02 2015
1.061170741188860e-01 1.689469453011896e-02 2016
1.089413264312478e-01 1.718421605680541e-02 2017
1.117963938405526e-01 1.746918879115262e-02 2018
1.146805930353889e-01 1.774847397684726e-02 2019
1.175917177121195e-01 1.802265888698326e-02 2020
1.205278589508478e-01 1.829083229049678e-02 2021
1.234866645618150e-01 1.855364157109636e-02 2022
1.264661147242589e-01 1.881004907138829e-02 2023
1.294638113527785e-01 1.906040288534756e-02 2024
1.324774171144217e-01 1.930458418070159e-02 2025
1.355046564338733e-01 1.954194703573525e-02 2026
1.385429402851984e-01 1.977320187546224e-02 2027
1.415899566257566e-01 1.999754070701111e-02 2028
1.446431012489980e-01 2.021554749532604e-02 2029
1.477000000000000e-01 2.042651579414304e-02 2030
9.240033554532126e-02 1.767011582326270e-02 2031
9.504754478480144e-02 1.802682121531639e-02 2032
9.773430957005444e-02 1.837928966540705e-02 2033
1.004591344010779e-01 1.872733555962574e-02 2034
1.032204325062474e-01 1.907076839283197e-02 2035
1.060166674657925e-01 1.940886559576712e-02 2036
1.088460499512719e-01 1.974147204736772e-02 2037
1.117065966337109e-01 2.006885278157056e-02 2038
1.145966483886031e-01 2.038969957891114e-02 2039
1.175139568666622e-01 2.070468710708041e-02 2040
1.204566262660299e-01 2.101276853085960e-02 2041
1.234222617046462e-01 2.131468757386946e-02 2042
1.264088594676398e-01 2.160925216052362e-02 2043
1.294139897445324e-01 2.189686218613614e-02 2044
1.324353000471654e-01 2.217738113450053e-02 2045
1.354705153843054e-01 2.245006696155487e-02 2046
1.385170061937967e-01 2.271573581366877e-02 2047
1.415724655814974e-01 2.297345945712861e-02 2048
1.446342543870505e-01 2.322390875917584e-02 2049
1.477000000000000e-01 2.346627214428512e-02 2050
9.228600739354013e-02 1.984643057814505e-02 2051
9.493623090017014e-02 2.024706908391668e-02 2052
9.762639843455997e-02 2.064294881077742e-02 2053
1.003550031935822e-01 2.103386128394445e-02 2054
1.031204474114288e-01 2.141959253498186e-02 2055
1.059212011572760e-01 2.179933100041308e-02 2056
1.087554613941246e-01 2.217290245390882e-02 2057
1.116212177510559e-01 2.254060457193485e-02 2058
1.145168341003916e-01 2.290096801003168e-02 2059
1.174400221159838e-01 2.325475053037956e-02 2060
1.203888984685608e-01 2.360077636578467e-02 2061
1.233610276843659e-01 2.393988083953277e-02 2062
1.263544213619548e-01 2.427072505573849e-02 2063
1.293666195267524e-01 2.459375816225513e-02 2064
1.323952552810806e-01 2.490882682905124e-02 2065
1.354380541890491e-01 2.521509761926038e-02 2066
1.384923481467993e-01 2.551348719876234e-02 2067
1.415558351553645e-01 2.580295300925457e-02 2068
1.446258428204256e-01 2.608424854439089e-02 2069
1.477000000000000e-01 2.635646227209735e-02 2070
9.217797832010555e-02 2.190283805792287e-02 2071
9.483105001838577e-02 2.234498911763772e-02 2072
9.752443282242401e-02 2.278188831287103e-02 2073
1.002566092487303e-01 2.321330556751976e-02 2074
1.030259711430535e-01 2.363900474259742e-02 2075
1.058309947059989e-01 2.405809018367734e-02 2076
1.086698639473020e-01 2.447036961179730e-02 2077
1.115405429440165e-01 2.487617154746366e-02 2078
1.144414172982480e-01 2.527387439864148e-02 2079
1.173701609095707e-01 2.566431444378676e-02 2080
1.203249022341043e-01 2.604619408742815e-02 2081
1.233031674428549e-01 2.642043520569758e-02 2082
1.263029826040892e-01 2.678556017169193e-02 2083
1.293218592410708e-01 2.714206467216232e-02 2084
1.323574168405158e-01 2.748977948963484e-02 2085
1.354073814912795e-01 2.782778482986011e-02 2086
1.384690486713127e-01 2.815709233995716e-02 2087
1.415401210071169e-01 2.847655143591663e-02 2088
1.446178947014850e-01 2.878699368538048e-02 2089
1.477000000000000e-01 2.908741310697984e-02 2090
9.207649929584608e-02 2.383456086080440e-02 2091
9.473224649341899e-02 2.431570747361199e-02 2092
9.742864961797169e-02 2.479113903327045e-02 2093
1.001641811532262e-01 2.526060517209380e-02 2094
1.029372231863639e-01 2.572384892479608e-02 2095
1.057462576776557e-01 2.617989564462669e-02 2096
1.085894564689586e-01 2.662853609456272e-02 2097
1.114647596345759e-01 2.707012776900665e-02 2098
1.143705731888709e-01 2.750290605946587e-02 2099
1.173045355474807e-01 2.792778100005121e-02 2100
1.202647862373412e-01 2.834334055374023e-02 2101
1.232488153997866e-01 2.875058790161447e-02 2102
1.262546626954631e-01 2.914791509733117e-02 2103
1.292798128736243e-01 2.953586154477971e-02 2104
1.323218726309255e-01 2.991424310233565e-02 2105
1.353785685491511e-01 3.028205885441176e-02 2106
1.384471618961793e-01 3.064040967043713e-02 2107
1.415253596435271e-01 3.098804349054062e-02 2108
1.446104284951282e-01 3.132586522254829e-02 2109
1.477000000000000e-01 3.165278016247259e-02 2110
9.198169797791789e-02 2.563916894529765e-02 2111
9.463994461673902e-02 2.615674505526987e-02 2112
9.733916931321186e-02 2.666817340300399e-02 2113
1.000778351784663e-01 2.717318466449457e-02 2114
1.028543151832666e-01 2.767150241860596e-02 2115
1.056670966685420e-01 2.816207822425943e-02 2116
1.085143401089633e-01 2.864468700227642e-02 2117
1.113939631555562e-01 2.911971331436273e-02 2118
1.143043908917370e-01 2.958525894659582e-02 2119
1.172432285841842e-01 3.004230283533828e-02 2120
1.202086261021477e-01 3.048932603270654e-02 2121
1.231980399281799e-01 3.092740767455643e-02 2122
1.262095224208759e-01 3.135481807062100e-02 2123
1.292405333173108e-01 3.177213746517375e-02 2124
1.322886673657145e-01 3.217916777450558e-02 2125
1.353516516083637e-01 3.257483229978446e-02 2126
1.384267153542167e-01 3.296031526158172e-02 2127
1.415115696338878e-01 3.333426980166262e-02 2128
1.446034535935886e-01 3.369766934197392e-02 2129
1.477000000000000e-01 3.404933629419558e-02 2130
9.189359059756325e-02 2.731635333857720e-02 2131
9.455416019165069e-02 2.786778665257317e-02 2132
9.725600722835887e-02 2.841267004890618e-02 2133
9.999758610802584e-02 2.895071658576037e-02 2134
1.027772613287108e-01 2.948163175993141e-02 2135
1.055935252320719e-01 3.000429854664272e-02 2136
1.084445277282328e-01 3.051847714317750e-02 2137
1.113281656282530e-01 3.102457726731786e-02 2138
1.142428817381328e-01 3.152057653361399e-02 2139
1.171862505162458e-01 3.200751791548029e-02 2140
1.201564314438835e-01 3.248378310316654e-02 2141
1.231508497214684e-01 3.295052182412302e-02 2142
1.261675695089408e-01 3.340589124051834e-02 2143
1.292040272973113e-01 3.385050955326341e-02 2144
1.322578067300646e-01 3.428416572101756e-02 2145
1.353266352774542e-01 3.470571261277204e-02 2146
1.384077125461439e-01 3.511641191480173e-02 2147
1.414987533392313e-01 3.551482866423732e-02 2148
1.445969711910617e-01 3.590199995935218e-02 2149
1.477000000000000e-01 3.627667117997103e-02 2150
9.181209618658401e-02 2.886765532580815e-02 2151
9.447481438468619e-02 2.945040466450275e-02 2152
9.717908693980162e-02 3.002623211420422e-02 2153
9.992336019527197e-02 3.059483443760499e-02 2154
1.027059908123769e-01 3.115590040659604e-02 2155
1.055254757581697e-01 3.170824956030692e-02 2156
1.083799551711577e-01 3.225162847756932e-02 2157
1.112673065865940e-01 3.278647014413247e-02 2158
1.141859892028807e-01 3.331063732281186e-02 2159
1.171335489824279e-01 3.382523221772182e-02 2160
1.201081542971294e-01 3.432854461492938e-02 2161
1.231072014131831e-01 3.482178953517107e-02 2162
1.261287654061147e-01 3.530301948543131e-02 2163
1.291702612656228e-01 3.577288777439289e-02 2164
1.322292623639216e-01 3.623117137562885e-02 2165
1.353034965671200e-01 3.667665801229674e-02 2166
1.383901360089161e-01 3.711068102212505e-02 2167
1.414868989817444e-01 3.753172395037319e-02 2168
1.445909753304024e-01 3.794088279236393e-02 2169
1.477000000000000e-01 3.833683167775379e-02 2170
9.173705202112950e-02 3.029617246705559e-02 2171
9.440174876221685e-02 3.090775918135206e-02 2172
9.710825485706198e-02 3.151208147668665e-02 2173
9.985500922971760e-02 3.210882111004087e-02 2174
1.026403613249615e-01 3.269765145216956e-02 2175
1.054628123691441e-01 3.327733362704628e-02 2176
1.083204935025752e-01 3.384760167294562e-02 2177
1.112112645103734e-01 3.440891000193479e-02 2178
1.141335996858907e-01 3.495901561555707e-02 2179
1.170850187510167e-01 3.549907526054392e-02 2180
1.200636982645603e-01 3.602729409295375e-02 2181
1.230670078486256e-01 3.654494725887546e-02 2182
1.260930326303599e-01 3.704999089351946e-02 2183
1.291391677999686e-01 3.754311063457628e-02 2184
1.322029772713628e-01 3.802407241914683e-02 2185
1.352821892751738e-01 3.849160398081798e-02 2186
1.383739506466074e-01 3.894710463759190e-02 2187
1.414759828912553e-01 3.938898289290124e-02 2188
1.445854540393844e-01 3.981838897744357e-02 2189
1.477000000000000e-01 4.023393141012548e-02 2190
9.166822931023538e-02 3.160625995518846e-02 2191
9.433474056536312e-02 3.224429331396384e-02 2192
9.704329503076647e-02 3.287474812088150e-02 2193
9.979232482629746e-02 3.349729237124403e-02 2194
1.025801727785080e-01 3.411158531148456e-02 2195
1.054053440199336e-01 3.471633449326541e-02 2196
1.082659614386721e-01 3.531126245396510e-02 2197
1.111598685412626e-01 3.589684325564346e-02 2198
1.140855534645775e-01 3.647073690659428e-02 2199
1.170405118654273e-01 3.703415017437002e-02 2200
1.200229278108085e-01 3.758521060117889e-02 2201
1.230301464876311e-01 3.812524847383555e-02 2202
1.260602622413454e-01 3.865213154537304e-02 2203
1.291106521041188e-01 3.916657510228851e-02 2204
1.321788713156892e-01 3.966833496017744e-02 2205
1.352626484409907e-01 4.015608383642581e-02 2206
1.383591071140804e-01 4.063128155928705e-02 2207
1.414659717873236e-01 4.109226781162762e-02 2208
1.445803904849670e-01 4.154024256319544e-02 2209
1.477000000000000e-01 4.197375416153473e-02 2210
9.160534834895701e-02 3.280324216560065e-02 2211
9.427351746361434e-02 3.346543892052559e-02 2212
9.698394345526368e-02 3.411977011109064e-02 2213
9.973505222699097e-02 3.476589115902223e-02 2214
1.025251805585013e-01 3.540344840584291e-02 2215
1.053528371512779e-01 3.603110045602322e-02 2216
1.082161373536545e-01 3.664855933896567e-02 2217
1.111129097989880e-01 3.725631707025738e-02 2218
1.140416552725023e-01 3.785194503877158e-02 2219
1.169998474435670e-01 3.843669571437710e-02 2220
1.199856772391534e-01 3.900862572615702e-02 2221
1.229964675205684e-01 3.956911574112459e-02 2222
1.260303210557115e-01 4.011595276053481e-02 2223
1.290845982863708e-01 4.064987915998725e-02 2224
1.321568465269879e-01 4.117064150740335e-02 2225
1.352447946479383e-01 4.167686225374472e-02 2226
1.383455450851812e-01 4.217005651341544e-02 2227
1.414568249834489e-01 4.264850109028029e-02 2228
1.445757640881697e-01 4.311344139895927e-02 2229
1.477000000000000e-01 4.356337081047719e-02 2230
9.154809256214833e-02 3.389314532324737e-02 2231
9.421777122834329e-02 3.457734387697420e-02 2232
9.692990132415338e-02 3.525341552926383e-02 2233
9.968290309203497e-02 3.592100425306744e-02 2234
1.024751078057822e-01 3.657974463943824e-02 2235
1.053050274165566e-01 3.722825072434906e-02 2236
1.081707704074165e-01 3.786622496924379e-02 2237
1.110701518690546e-01 3.849417573715901e-02 2238
1.140016841035563e-01 3.910959372522033e-02 2239
1.169628207597918e-01 3.971377301719740e-02 2240
1.199517590110311e-01 4.030470567276008e-02 2241
1.229658013901711e-01 4.088381823223280e-02 2242
1.260030583341088e-01 4.144882416894591e-02 2243
1.290608751783870e-01 4.200049052427760e-02 2244
1.321367920211288e-01 4.253855544574925e-02 2245
1.352285380108266e-01 4.306159561460739e-02 2246
1.383331962816711e-01 4.357117648564519e-02 2247
1.414484964299092e-01 4.406551760872496e-02 2248
1.445715515573285e-01 4.454590577795346e-02 2249
1.477000000000000e-01 4.501078430589884e-02 2250
9.149612106207042e-02 3.488245845995732e-02 2251
9.416716995933250e-02 3.558662820876986e-02 2252
9.688084688306095e-02 3.628243383855226e-02 2253
9.963556693751696e-02 3.696950893011784e-02 2254
1.024296563987385e-01 3.764747740853211e-02 2255
1.052616301676446e-01 3.831491285461374e-02 2256
1.081295904956320e-01 3.897150904490000e-02 2257
1.110313401806172e-01 3.961778918112792e-02 2258
1.139654019786258e-01 4.025117071592855e-02 2259
1.169292113657731e-01 4.087298550631631e-02 2260
1.199209711851404e-01 4.148116700182828e-02 2261
1.229379655173769e-01 4.207718338233195e-02 2262
1.259783117605854e-01 4.265868137931798e-02 2263
1.290393415382582e-01 4.322645042347376e-02 2264
1.321185883982129e-01 4.378022101906147e-02 2265
1.352137817413906e-01 4.431852830181959e-02 2266
1.383219871816246e-01 4.484298342088382e-02 2267
1.414409365404191e-01 4.535175395623602e-02 2268
1.445677278120068e-01 4.584616426244841e-02 2269
1.477000000000000e-01 4.632461221365872e-02 2270
9.144907951594283e-02 3.577792654314607e-02 2271
9.412136866580204e-02 3.650017304351363e-02 2272
9.683644568721407e-02 3.721384070943342e-02 2273
9.959272103364797e-02 3.791855371536668e-02 2274
1.023885164574667e-01 3.861392633215397e-02 2275
1.052223495295362e-01 3.929849552298702e-02 2276
1.080923168607197e-01 3.997194720333629e-02 2277
1.109962101222355e-01 4.063481800605794e-02 2278
1.139325615324011e-01 4.128445908717314e-02 2279
1.168987901184226e-01 4.192223649381645e-02 2280
1.198931038553609e-01 4.254603062507890e-02 2281
1.229127701219759e-01 4.315734735049410e-02 2282
1.259559126172441e-01 4.375377299076353e-02 2283
1.290198505533165e-01 4.433611724206098e-02 2284
1.321021115490589e-01 4.490410369041969e-02 2285
1.352004252339144e-01 4.545622986702702e-02 2286
1.383118413633184e-01 4.599414828085088e-02 2287
1.414340937729479e-01 4.651597947179300e-02 2288
1.445642667825646e-01 4.702308179195049e-02 2289
1.477000000000000e-01 4.751381198726545e-02 2290
9.140660926032354e-02 3.658637697733839e-02 2291
9.408001814048861e-02 3.732494361006779e-02 2292
9.679635920425064e-02 3.805473755803152e-02 2293
9.955403870623003e-02 3.877537450340660e-02 2294
1.023513743147057e-01 3.948646000096381e-02 2295
1.051868860110366e-01 4.018649795460783e-02 2296
1.080586653136747e-01 4.087516718264615e-02 2297
1.109644938483838e-01 4.155301644387706e-02 2298
1.139029123762693e-01 4.221733704012466e-02 2299
1.168713250740608e-01 4.286952588619829e-02 2300
1.198679445500959e-01 4.350741548595185e-02 2301
1.228900231042608e-01 4.413254573606906e-02 2302
1.259356901241149e-01 4.474244841691708e-02 2303
1.290022536165471e-01 4.533795152084516e-02 2304
1.320872358476211e-01 4.591877238794070e-02 2305
1.351883666530769e-01 4.648337459908483e-02 2306
1.383026814710019e-01 4.703344800391109e-02 2307
1.414279159555169e-01 4.756707067338909e-02 2308
1.445611420807379e-01 4.808563165341097e-02 2309
1.477000000000000e-01 4.858745055838034e-02 2310
9.136835470562796e-02 3.731457865407706e-02 2311
9.404277216894384e-02 3.806784544311518e-02 2312
9.676025180313619e-02 3.881216493912402e-02 2313
9.951919608076465e-02 3.954714517496122e-02 2314
1.023179189914201e-01 4.027238385450597e-02 2315
1.051549426876833e-01 4.098635510392126e-02 2316
1.080283541010801e-01 4.168873134883329e-02 2317
1.109359258090559e-01 4.238007227033189e-02 2318
1.138762062675262e-01 4.305761525731742e-02 2319
1.168465862768384e-01 4.372278502827343e-02 2320
1.198452826186964e-01 4.437337094601449e-02 2321
1.228695340108787e-01 4.501094355675674e-02 2322
1.259174749648649e-01 4.563298551433925e-02 2323
1.289864033945433e-01 4.624034129116391e-02 2324
1.320738367445078e-01 4.683272260136007e-02 2325
1.351775050363179e-01 4.740856244549258e-02 2326
1.382944308118873e-01 4.796958430733526e-02 2327
1.414223513632779e-01 4.851382800449524e-02 2328
1.445583275444184e-01 4.904271022991886e-02 2329
1.477000000000000e-01 4.955451715223808e-02 2330
9.133396914802858e-02 3.796913131842562e-02 2331
9.400929318820314e-02 3.873561151631129e-02 2332
9.672779623985323e-02 3.949298747247088e-02 2333
9.948787737598845e-02 4.024086034408111e-02 2334
1.022878472795679e-01 4.097882077815471e-02 2335
1.051262300548002e-01 4.170531613478035e-02 2336
1.080011085101989e-01 4.242001309344730e-02 2337
1.109102470900215e-01 4.312348115287598e-02 2338
1.138522011667544e-01 4.381290924169939e-02 2339
1.168243495172263e-01 4.448974707006159e-02 2340
1.198249126744204e-01 4.515174522294518e-02 2341
1.228511171476776e-01 4.580050179625996e-02 2342
1.259011020541734e-01 4.643345528588593e-02 2343
1.289721562355838e-01 4.705146497751461e-02 2344
1.320617928026674e-01 4.765423752831660e-02 2345
1.351677419440100e-01 4.824017845137885e-02 2346
1.382870146096474e-01 4.881104146291885e-02 2347
1.414173495639240e-01 4.936483199605769e-02 2348
1.445557976652577e-01 4.990299159462244e-02 2349
1.477000000000000e-01 5.042377636411879e-02 2350
9.130311915171949e-02 3.855638214955981e-02 2351
9.397925655351147e-02 3.933471713889386e-02 2352
9.669867779369756e-02 4.010380707544466e-02 2353
9.945977889528312e-02 4.086324694767317e-02 2354
1.022608675745865e-01 4.161262107132054e-02 2355
1.051004696867763e-01 4.235035279251864e-02 2356
1.079766643412860e-01 4.307610363544398e-02 2357
1.108872086854488e-01 4.379045190698788e-02 2358
1.138306642971526e-01 4.449054305825470e-02 2359
1.168043991659785e-01 4.517784922137850e-02 2360
1.198066371904789e-01 4.585008619068984e-02 2361
1.228345939268417e-01 4.650887677910198e-02 2362
1.258864126243761e-01 4.715161986490637e-02 2363
1.289593739853602e-01 4.777918802396517e-02 2364
1.320509872323274e-01 4.839128337645241e-02 2365
1.351589827037157e-01 4.898628677427023e-02 2366
1.382803609495733e-01 4.956597905754623e-02 2367
1.414128620551449e-01 5.012833481036664e-02 2368
1.445535279110869e-01 5.067481787224398e-02 2369
1.477000000000000e-01 5.120365737668183e-02 2370
9.127548768748364e-02 3.908236601598859e-02 2371
9.395235359414213e-02 3.987131900484028e-02 2372
9.667259722968412e-02 4.065090082044992e-02 2373
9.943461188531287e-02 4.142070092613510e-02 2374
1.022367026202113e-01 4.218029796689718e-02 2375
1.050773968578326e-01 4.292809378024991e-02 2376
1.079547703944496e-01 4.366374527290287e-02 2377
1.108665738417482e-01 4.438783864097544e-02 2378
1.138113743356176e-01 4.509748039398614e-02 2379
1.167865302038084e-01 4.579416274680785e-02 2380
1.197902683593171e-01 4.647557033277363e-02 2381
1.228197945479045e-01 4.714334810311365e-02 2382
1.258732557199140e-01 4.779485945177218e-02 2383
1.289479252873970e-01 4.843098885823924e-02 2384
1.320413089903139e-01 4.905143437903002e-02 2385
1.351511373013208e-01 4.965455477772484e-02 2386
1.382744014554931e-01 5.024215518856619e-02 2387
1.414088427211685e-01 5.081218256503709e-02 2388
1.445514949568343e-01 5.136612071626150e-02 2389
1.477000000000000e-01 5.190217461768778e-02 2390
9.125077621922223e-02 3.955276575703451e-02 2391
9.392829364491467e-02 4.035121467255303e-02 2392
9.664927276796340e-02 4.114017962233720e-02 2393
9.941210443645652e-02 4.191924512843912e-02 2394
1.022150913332384e-01 4.268798476438409e-02 2395
1.050567622843161e-01 4.344478113202294e-02 2396
1.079351901229249e-01 4.418928700855587e-02 2397
1.108481196157675e-01 4.492209564562456e-02 2398
1.137941228693845e-01 4.564027872637154e-02 2399
1.167705495707242e-01 4.634534642613528e-02 2400
1.197756293286715e-01 4.703495551023586e-02 2401
1.228065591152915e-01 4.771077072872110e-02 2402
1.258614891908493e-01 4.837012374104889e-02 2403
1.289376864475752e-01 4.901390967240372e-02 2404
1.320326535108827e-01 4.964182294507506e-02 2405
1.351441209734628e-01 5.025220256853763e-02 2406
1.382690717397908e-01 5.084687540383212e-02 2407
1.414052481362727e-01 5.142376369374341e-02 2408
1.445496768380382e-01 5.198436910668848e-02 2409
1.477000000000000e-01 5.252687501299887e-02 2410
9.122870592368701e-02 3.997288896439477e-02 2411
9.390680523376914e-02 4.077981887771156e-02 2412
9.662844123509245e-02 4.157716408811351e-02 2413
9.939200259375146e-02 4.236450470451185e-02 2414
1.021957898702358e-01 4.314140977099744e-02 2415
1.050383331432008e-01 4.390624470967436e-02 2416
1.079177025995354e-01 4.465865860959735e-02 2417
1.108316377856731e-01 4.539925102383292e-02 2418
1.137787152475405e-01 4.612506253140622e-02 2419
1.167562769548166e-01 4.683761934849869e-02 2420
1.197625549241368e-01 4.753455335096318e-02 2421
1.227947382916069e-01 4.821754697155857e-02 2422
1.258509802736480e-01 4.888390352705256e-02 2423
1.289285419395106e-01 4.953452765050743e-02 2424
1.320249231329454e-01 5.016911051841463e-02 2425
1.351378545538489e-01 5.078597349747088e-02 2426
1.382643116664748e-01 5.138696285334522e-02 2427
1.414020377422104e-01 5.196997875921477e-02 2428
1.445480530405881e-01 5.253653883398036e-02 2429
1.477000000000000e-01 5.308480715202123e-02 2430
9.120901821440694e-02 4.034765800883855e-02 2431
9.388763659187899e-02 4.116215335863946e-02 2432
9.660985855855481e-02 4.196697414337031e-02 2433
9.937407083409106e-02 4.276169653521955e-02 2434
1.021785720857404e-01 4.354588553781617e-02 2435
1.050218935095775e-01 4.431789124814738e-02 2436
1.079021029318295e-01 4.507735946527400e-02 2437
1.108169352422122e-01 4.582489536342068e-02 2438
1.137649709467868e-01 4.655751177532255e-02 2439
1.167435451310762e-01 4.727674922632396e-02 2440
1.197508919595390e-01 4.798021738973881e-02 2441
1.227841935782484e-01 4.866961447210998e-02 2442
1.258416058406515e-01 4.934221850723410e-02 2443
1.289203846216352e-01 4.999894260963359e-02 2444
1.320180272835805e-01 5.063947506040027e-02 2445
1.351322646220156e-01 5.126212148806889e-02 2446
1.382600654641778e-01 5.186874546812120e-02 2447
1.413991739244209e-01 5.245722748663857e-02 2448
1.445466045392723e-01 5.302909939108025e-02 2449
1.477000000000000e-01 5.358250804295673e-02 2450
9.119147472214259e-02 4.068161041226907e-02 2451
9.387055563462113e-02 4.150284723587718e-02 2452
9.659329974831171e-02 4.231432941927789e-02 2453
9.935809204842264e-02 4.311562962669105e-02 2454
1.021632295151646e-01 4.390630926133630e-02 2455
1.050072443403320e-01 4.468470476416479e-02 2456
1.078882022465932e-01 4.545045900256141e-02 2457
1.108038339741162e-01 4.620418215970049e-02 2458
1.137527235577928e-01 4.694286234391582e-02 2459
1.167321999487533e-01 4.766805283128298e-02 2460
1.197404992253571e-01 4.837734351068768e-02 2461
1.227747973049389e-01 4.907244664451109e-02 2462
1.258332523907698e-01 4.975061773718380e-02 2463
1.289131157290987e-01 5.041277746096035e-02 2464
1.320118824711866e-01 5.105861151687502e-02 2465
1.351272834977780e-01 5.168641150936672e-02 2466
1.382562817219410e-01 5.229805643849300e-02 2467
1.413966220091868e-01 5.289140924738975e-02 2468
1.445453137963387e-01 5.346801446242160e-02 2469
1.477000000000000e-01 5.402600360690891e-02 2470
9.117585686369026e-02 4.097890705583405e-02 2471
9.385534954174840e-02 4.180614538598915e-02 2472
9.657855848980865e-02 4.262355779012087e-02 2473
9.934386714900983e-02 4.343071380952715e-02 2474
1.021495709976963e-01 4.422717164221163e-02 2475
1.049942031140885e-01 4.501125557202251e-02 2476
1.078758273481899e-01 4.578260585645968e-02 2477
1.107921707460892e-01 4.654183713784762e-02 2478
1.137418204841723e-01 4.728591551395382e-02 2479
1.167221000525089e-01 4.801640561202111e-02 2480
1.197312472332826e-01 4.873087970811364e-02 2481
1.227664323987780e-01 4.943106257763392e-02 2482
1.258258158441646e-01 5.011418966854690e-02 2483
1.289066446951092e-01 5.078118838127664e-02 2484
1.320064121344521e-01 5.143174211999585e-02 2485
1.351228491188013e-01 5.206413000438036e-02 2486
1.382529132962145e-01 5.268024476600934e-02 2487
1.413943502009112e-01 5.327793373064690e-02 2488
1.445441647297714e-01 5.385875271188306e-02 2489
1.477000000000000e-01 5.442081957842022e-02 2490
9.116196511028810e-02 4.124334610631562e-02 2491
9.384182404508423e-02 4.207592264908460e-02 2492
9.656544645344417e-02 4.289860985861085e-02 2493
9.933121440308972e-02 4.371097449841961e-02 2494
1.021374220364870e-01 4.451257191554289e-02 2495
1.049826032203138e-01 4.530171558034415e-02 2496
1.078648201388775e-01 4.607804342888588e-02 2497
1.107817965524622e-01 4.684217406981196e-02 2498
1.137321224317458e-01 4.759105402295859e-02 2499
1.167131164093005e-01 4.832625801219081e-02 2500
1.197230177828257e-01 4.904534264734205e-02 2501
1.227589919924012e-01 4.975004383388155e-02 2502
1.258192011938963e-01 5.043757917997404e-02 2503
1.289008888478069e-01 5.110888207060746e-02 2504
1.320015463861055e-01 5.176363386694492e-02 2505
1.351189048328785e-01 5.240010258373073e-02 2506
1.382499171530693e-01 5.302019316644081e-02 2507
1.413923294756987e-01 5.362173904951880e-02 2508
1.445431426594636e-01 5.420630608630193e-02 2509
1.477000000000000e-01 5.477200000000000e-02 2510
1.492025106777048e-01 0.000000000000000e+00 2511
1.508147164211147e-01 0.000000000000000e+00 2512
1.525441323253741e-01 0.000000000000000e+00 2513
1.543987120758111e-01 0.000000000000000e+00 2514
1.563868615865280e-01 0.000000000000000e+00 2515
1.585174510053649e-01 0.000000000000000e+00 2516
1.607998246505088e-01 0.000000000000000e+00 2517
1.632438083865821e-01 0.000000000000000e+00 2518
1.658597138872814e-01 0.000000000000000e+00 2519
1.686583391682775e-01 0.000000000000000e+00 2520
1.716509647091616e-01 0.000000000000000e+00 2521
1.748493444181310e-01 0.000000000000000e+00 2522
1.782656906296400e-01 0.000000000000000e+00 2523
1.819126522657234e-01 0.000000000000000e+00 2524
1.858032852388953e-01 0.000000000000000e+00 2525
1.899510141318949e-01 0.000000000000000e+00 2526
1.943695841610568e-01 0.000000000000000e+00 2527
1.990730024203879e-01 0.000000000000000e+00 2528
2.040754674177677e-01 0.000000000000000e+00 2529
2.093912859588205e-01 0.000000000000000e+00 2530
2.150347765141456e-01 0.000000000000000e+00 2531
2.210201583281434e-01 0.000000000000000e+00 2532
2.273614256990677e-01 0.000000000000000e+00 2533
2.340722070861714e-01 0.000000000000000e+00 2534
2.411656089860899e-01 0.000000000000000e+00 2535
1.492025106777047e-01 3.554957762844359e-03 2536
1.508147164211147e-01 3.554957762844359e-03 2537
1.525441323253740e-01 3.554957762844357e-03 2538
1.543987120758111e-01 3.554957762844359e-03 2539
1.563868615865280e-01 3.554957762844359e-03 2540
1.585174510053649e-01 3.554957762844359e-03 2541
1.607998246505089e-01 3.554957762844359e-03 2542
1.632438083865821e-01 3.554957762844359e-03 2543
1.658597138872814e-01 3.554957762844359e-03 2544
1.686583391682775e-01 3.554957762844359e-03 2545
1.716509647091617e-01 3.554957762844359e-03 2546
1.748493444181310e-01 3.554957762844358e-03 2547
1.782656906296400e-01 3.554957762844359e-03 2548
1.819126522657234e-01 3.554957762844359e-03 2549
1.858032852388953e-01 3.554957762844358e-03 2550
1.899510141318949e-01 3.554957762844359e-03 2551
1.943695841610568e-01 3.554957762844360e-03 2552
1.990730024203879e-01 3.554957762844358e-03 2553
2.040754674177676e-01 3.554957762844359e-03 2554
2.093912859588205e-01 3.554957762844360e-03 2555
2.150347765141456e-01 3.554957762844359e-03 2556
2.210201583281434e-01 3.554957762844359e-03 2557
2.273614256990677e-01 3.554957762844359e-03 2558
2.340722070861714e-01 3.554957762844359e-03 2559
2.411656089860899e-01 3.554957762844358e-03 2560
1.492025106777047e-01 7.082852193262230e-03 2561
1.508147164211147e-01 7.082852193262228e-03 2562
1.525441323253740e-01 7.082852193262229e-03 2563
1.543987120758110e-01 7.082852193262231e-03 2564
1.563868615865280e-01 7.082852193262230e-03 2565
1.585174510053649e-01 7.082852193262230e-03 2566
1.607998246505088e-01 7.082852193262229e-03 2567
1.632438083865821e-01 7.082852193262229e-03 2568
1.658597138872814e-01 7.082852193262229e-03 2569
1.686583391682774e-01 7.082852193262228e-03 2570
1.716509647091617e-01 7.082852193262230e-03 2571
1.748493444181310e-01 7.082852193262228e-03 2572
1.782656906296400e-01 7.082852193262231e-03 2573
1.819126522657233e-01 7.082852193262231e-03 2574
1.858032852388952e-01 7.082852193262229e-03 2575
1.899510141318949e-01 7.082852193262229e-03 2576
1.943695841610567e-01 7.082852193262226e-03 2577
1.990730024203879e-01 7.082852193262230e-03 2578
2.040754674177677e-01 7.082852193262231e-03 2579
2.093912859588205e-01 7.082852193262229e-03 2580
2.150347765141456e-01 7.082852193262230e-03 2581
2.210201583281433e-01 7.082852193262231e-03 2582
2.273614256990677e-01 7.082852193262229e-03 2583
2.340722070861714e-01 7.082852193262230e-03 2584
2.411656089860899e-01 7.082852193262231e-03 2585
1.492025106777048e-01 1.055743784788199e-02 2586
1.508147164211147e-01 1.055743784788199e-02 2587
1.525441323253741e-01 1.055743784788199e-02 2588
1.543987120758111e-01 1.055743784788199e-02 2589
1.563868615865280e-01 1.055743784788199e-02 2590
1.585174510053649e-01 1.055743784788199e-02 2591
1.607998246505089e-01 1.055743784788199e-02 2592
1.632438083865821e-01 1.055743784788199e-02 2593
1.658597138872814e-01 1.055743784788199e-02 2594
1.686583391682775e-01 1.055743784788199e-02 2595
1.716509647091616e-01 1.055743784788200e-02 2596
1.748493444181310e-01 1.055743784788199e-02 2597
1.782656906296400e-01 1.055743784788200e-02 2598
1.819126522657234e-01 1.055743784788199e-02 2599
1.858032852388953e-01 1.055743784788199e-02 2600
1.899510141318949e-01 1.055743784788199e-02 2601
1.943695841610568e-01 1.055743784788200e-02 2602
1.990730024203879e-01 1.055743784788199e-02 2603
2.040754674177676e-01 1.055743784788199e-02 2604
2.093912859588205e-01 1.055743784788199e-02 2605
2.150347765141457e-01 1.055743784788199e-02 2606
2.210201583281433e-01 1.055743784788200e-02 2607
2.273614256990678e-01 1.055743784788199e-02 2608
2.340722070861714e-01 1.055743784788200e-02 2609
2.411656089860899e-01 1.055743784788199e-02 2610
1.492025106777048e-01 1.395405309071087e-02 2611
1.508147164211147e-01 1.395405309071087e-02 2612
1.525441323253741e-01 1.395405309071087e-02 2613
1.543987120758111e-01 1.395405309071087e-02 2614
1.563868615865280e-01 1.395405309071087e-02 2615
1.585174510053649e-01 1.395405309071087e-02 2616
1.607998246505089e-01 1.395405309071087e-02 2617
1.632438083865821e-01 1.395405309071087e-02 2618
1.658597138872815e-01 1.395405309071087e-02 2619
1.686583391682775e-01 1.395405309071087e-02 2620
1.716509647091616e-01 1.395405309071087e-02 2621
1.748493444181310e-01 1.395405309071087e-02 2622
1.782656906296400e-01 1.395405309071087e-02 2623
1.819126522657234e-01 1.395405309071086e-02 2624
1.858032852388953e-01 1.395405309071087e-02 2625
1.899510141318949e-01 1.395405309071087e-02 2626
1.943695841610568e-01 1.395405309071087e-02 2627
1.990730024203879e-01 1.395405309071087e-02 2628
2.040754674177677e-01 1.395405309071087e-02 2629
2.093912859588205e-01 1.395405309071087e-02 2630
2.150347765141456e-01 1.395405309071087e-02 2631
2.210201583281434e-01 1.395405309071087e-02 2632
2.273614256990677e-01 1.395405309071087e-02 2633
2.340722070861714e-01 1.395405309071087e-02 2634
2.411656089860899e-01 1.395405309071087e-02 2635
1.492025106777048e-01 1.725028766155737e-02 2636
1.508147164211147e-01 1.725028766155737e-02 2637
1.525441323253741e-01 1.725028766155737e-02 2638
1.543987120758110e-01 1.725028766155738e-02 2639
1.563868615865280e-01 1.725028766155737e-02 2640
1.585174510053649e-01 1.725028766155737e-02 2641
1.607998246505089e-01 1.725028766155737e-02 2642
1.632438083865821e-01 1.725028766155737e-02 2643
1.658597138872814e-01 1.725028766155737e-02 2644
1.686583391682775e-01 1.725028766155738e-02 2645
1.716509647091616e-01 1.725028766155737e-02 2646
1.748493444181310e-01 1.725028766155737e-02 2647
1.782656906296400e-01 1.725028766155737e-02 2648
1.819126522657234e-01 1.725028766155737e-02 2649
1.858032852388953e-01 1.725028766155737e-02 2650
1.899510141318949e-01 1.725028766155737e-02 2651
1.943695841610568e-01 1.725028766155737e-02 2652
1.990730024203879e-01 1.725028766155737e-02 2653
2.040754674177676e-01 1.725028766155737e-02 2654
2.093912859588205e-01 1.725028766155737e-02 2655
2.150347765141456e-01 1.725028766155738e-02 2656
2.210201583281433e-01 1.725028766155738e-02 2657
2.273614256990677e-01 1.725028766155738e-02 2658
2.340722070861714e-01 1.725028766155737e-02 2659
2.411656089860899e-01 1.725028766155737e-02 2660
1.492025106777048e-01 2.042651579414304e-02 2661
1.508147164211147e-01 2.042651579414303e-02 2662
1.525441323253741e-01 2.042651579414304e-02 2663
1.543987120758111e-01 2.042651579414303e-02 2664
1.563868615865280e-01 2.042651579414304e-02 2665
1.585174510053649e-01 2.042651579414303e-02 2666
1.607998246505088e-01 2.042651579414304e-02 2667
1.632438083865821e-01 2.042651579414303e-02 2668
1.658597138872814e-01 2.042651579414303e-02 2669
1.686583391682775e-01 2.042651579414303e-02 2670
1.716509647091617e-01 2.042651579414304e-02 2671
1.748493444181310e-01 2.042651579414304e-02 2672
1.782656906296400e-01 2.042651579414304e-02 2673
1.819126522657234e-01 2.042651579414303e-02 2674
1.858032852388953e-01 2.042651579414303e-02 2675
1.899510141318949e-01 2.042651579414303e-02 2676
1.943695841610568e-01 2.042651579414304e-02 2677
1.990730024203879e-01 2.042651579414304e-02 2678
2.040754674177677e-01 2.042651579414304e-02 2679
2.093912859588205e-01 2.042651579414303e-02 2680
2.150347765141457e-01 2.042651579414304e-02 2681
2.210201583281434e-01 2.042651579414304e-02 2682
2.273614256990677e-01 2.042651579414304e-02 2683
2.340722070861714e-01 2.042651579414304e-02 2684
2.411656089860899e-01 2.042651579414304e-02 2685
1.492025106777047e-01 2.346627214428511e-02 2686
1.508147164211147e-01 2.346627214428512e-02 2687
1.525441323253741e-01 2.346627214428511e-02 2688
1.543987120758111e-01 2.346627214428512e-02 2689
1.563868615865280e-01 2.346627214428511e-02 2690
1.585174510053649e-01 2.346627214428512e-02 2691
1.607998246505089e-01 2.346627214428512e-02 2692
1.632438083865821e-01 2.346627214428511e-02 2693
1.658597138872814e-01 2.346627214428512e-02 2694
1.686583391682774e-01 2.346627214428512e-02 2695
1.716509647091617e-01 2.346627214428512e-02 2696
1.748493444181310e-01 2.346627214428512e-02 2697
1.782656906296400e-01 2.346627214428512e-02 2698
1.819126522657234e-01 2.346627214428512e-02 2699
1.858032852388953e-01 2.346627214428512e-02 2700
1.899510141318949e-01 2.346627214428513e-02 2701
1.943695841610568e-01 2.346627214428511e-02 2702
1.990730024203879e-01 2.346627214428513e-02 2703
2.040754674177676e-01 2.346627214428511e-02 2704
2.093912859588205e-01 2.346627214428513e-02 2705
2.150347765141456e-01 2.346627214428513e-02 2706
2.210201583281434e-01 2.346627214428511e-02 2707
2.273614256990677e-01 2.346627214428513e-02 2708
2.340722070861714e-01 2.346627214428511e-02 2709
2.411656089860899e-01 2.346627214428513e-02 2710
1.492025106777047e-01 2.635646227209735e-02 2711
1.508147164211147e-01 2.635646227209735e-02 2712
1.525441323253741e-01 2.635646227209736e-02 2713
1.543987120758111e-01 2.635646227209735e-02 2714
1.563868615865280e-01 2.635646227209735e-02 2715
1.585174510053649e-01 2.635646227209736e-02 2716
1.607998246505089e-01 2.635646227209735e-02 2717
1.632438083865821e-01 2.635646227209734e-02 2718
1.658597138872814e-01 2.635646227209736e-02 2719
1.686583391682775e-01 2.635646227209736e-02 2720
1.716509647091617e-01 2.635646227209736e-02 2721
1.748493444181310e-01 2.635646227209735e-02 2722
1.782656906296400e-01 2.635646227209735e-02 2723
1.819126522657234e-01 2.635646227209736e-02 2724
1.858032852388953e-01 2.635646227209735e-02 2725
1.899510141318949e-01 2.635646227209735e-02 2726
1.943695841610568e-01 2.635646227209735e-02 2727
1.990730024203879e-01 2.635646227209735e-02 2728
2.040754674177676e-01 2.635646227209735e-02 2729
2.093912859588205e-01 2.635646227209735e-02 2730
2.150347765141456e-01 2.635646227209735e-02 2731
2.210201583281434e-01 2.635646227209735e-02 2732
2.273614256990677e-01 2.635646227209735e-02 2733
2.340722070861714e-01 2.635646227209735e-02 2734
2.411656089860899e-01 2.635646227209735e-02 2735
1.492025106777048e-01 2.908741310697984e-02 2736
1.508147164211147e-01 2.908741310697984e-02 2737
1.525441323253741e-01 2.908741310697985e-02 2738
1.543987120758111e-01 2.908741310697984e-02 2739
1.563868615865280e-01 2.908741310697985e-02 2740
1.585174510053649e-01 2.908741310697984e-02 2741
1.607998246505089e-01 2.908741310697984e-02 2742
1.632438083865821e-01 2.908741310697984e-02 2743
1.658597138872814e-01 2.908741310697984e-02 2744
1.686583391682775e-01 2.908741310697984e-02 2745
1.716509647091617e-01 2.908741310697985e-02 2746
1.748493444181310e-01 2.908741310697984e-02 2747
1.782656906296400e-01 2.908741310697984e-02 2748
1.819126522657234e-01 2.908741310697984e-02 2749
1.858032852388953e-01 2.908741310697984e-02 2750
1.899510141318949e-01 2.908741310697984e-02 2751
1.943695841610568e-01 2.908741310697985e-02 2752
1.990730024203879e-01 2.908741310697984e-02 2753
2.040754674177677e-01 2.908741310697983e-02 2754
2.093912859588205e-01 2.908741310697984e-02 2755
2.150347765141457e-01 2.908741310697984e-02 2756
2.210201583281434e-01 2.908741310697984e-02 2757
2.273614256990678e-01 2.908741310697984e-02 2758
2.340722070861714e-01 2.908741310697983e-02 2759
2.411656089860899e-01 2.908741310697985e-02 2760
1.492025106777048e-01 3.165278016247259e-02 2761
1.508147164211147e-01 3.165278016247257e-02 2762
1.525441323253741e-01 3.165278016247259e-02 2763
1.543987120758111e-01 3.165278016247259e-02 2764
1.563868615865280e-01 3.165278016247259e-02 2765
1.585174510053649e-01 3.165278016247259e-02 2766
1.607998246505088e-01 3.165278016247259e-02 2767
1.632438083865821e-01 3.165278016247259e-02 2768
1.658597138872814e-01 3.165278016247259e-02 2769
1.686583391682775e-01 3.165278016247260e-02 2770
1.716509647091617e-01 3.165278016247259e-02 2771
1.748493444181310e-01 3.165278016247259e-02 2772
1.782656906296400e-01 3.165278016247258e-02 2773
1.819126522657234e-01 3.165278016247259e-02 2774
1.858032852388953e-01 3.165278016247258e-02 2775
1.899510141318949e-01 3.165278016247259e-02 2776
1.943695841610568e-01 3.165278016247259e-02 2777
1.990730024203879e-01 3.165278016247258e-02 2778
2.040754674177677e-01 3.165278016247259e-02 2779
2.093912859588205e-01 3.165278016247259e-02 2780
2.150347765141456e-01 3.165278016247260e-02 2781
2.210201583281434e-01 3.165278016247260e-02 2782
2.273614256990677e-01 3.165278016247259e-02 2783
2.340722070861714e-01 3.165278016247259e-02 2784
2.411656089860899e-01 3.165278016247259e-02 2785
1.492025106777048e-01 3.404933629419559e-02 2786
1.508147164211147e-01 3.404933629419560e-02 2787
1.525441323253741e-01 3.404933629419557e-02 2788
1.543987120758111e-01 3.404933629419558e-02 2789
1.563868615865280e-01 3.404933629419558e-02 2790
1.585174510053649e-01 3.404933629419557e-02 2791
1.607998246505089e-01 3.404933629419558e-02 2792
1.632438083865821e-01 3.404933629419560e-02 2793
1.658597138872814e-01 3.404933629419558e-02 2794
1.686583391682775e-01 3.404933629419558e-02 2795
1.716509647091617e-01 3.404933629419557e-02 2796
1.748493444181310e-01 3.404933629419558e-02 2797
1.782656906296400e-01 3.404933629419558e-02 2798
1.819126522657234e-01 3.404933629419558e-02 2799
1.858032852388953e-01 3.404933629419558e-02 2800
1.899510141318949e-01 3.404933629419558e-02 2801
1.943695841610568e-01 3.404933629419558e-02 2802
1.990730024203879e-01 3.404933629419558e-02 2803
2.040754674177676e-01 3.404933629419558e-02 2804
2.093912859588205e-01 3.404933629419558e-02 2805
2.150347765141456e-01 3.404933629419558e-02 2806
2.210201583281434e-01 3.404933629419558e-02 2807
2.273614256990676e-01 3.404933629419558e-02 2808
2.340722070861714e-01 3.404933629419558e-02 2809
2.411656089860898e-01 3.404933629419558e-02 2810
1.492025106777048e-01 3.627667117997106e-02 2811
1.508147164211147e-01 3.627667117997105e-02 2812
1.525441323253741e-01 3.627667117997104e-02 2813
1.543987120758111e-01 3.627667117997103e-02 2814
1.563868615865280e-01 3.627667117997103e-02 2815
1.585174510053649e-01 3.627667117997102e-02 2816
1.607998246505088e-01 3.627667117997103e-02 2817
1.632438083865821e-01 3.627667117997103e-02 2818
1.658597138872814e-01 3.627667117997103e-02 2819
1.686583391682775e-01 3.627667117997103e-02 2820
1.716509647091617e-01 3.627667117997102e-02 2821
1.748493444181310e-01 3.627667117997103e-02 2822
1.782656906296400e-01 3.627667117997103e-02 2823
1.819126522657234e-01 3.627667117997104e-02 2824
1.858032852388953e-01 3.627667117997102e-02 2825
1.899510141318949e-01 3.627667117997103e-02 2826
1.943695841610568e-01 3.627667117997103e-02 2827
1.990730024203879e-01 3.627667117997103e-02 2828
2.040754674177676e-01 3.627667117997103e-02 2829
2.093912859588205e-01 3.627667117997103e-02 2830
2.150347765141456e-01 3.627667117997103e-02 2831
2.210201583281433e-01 3.627667117997104e-02 2832
2.273614256990677e-01 3.627667117997104e-02 2833
2.340722070861714e-01 3.627667117997103e-02 2834
2.411656089860899e-01 3.627667117997103e-02 2835
1.492025106777048e-01 3.833683167775379e-02 2836
1.508147164211147e-01 3.833683167775379e-02 2837
1.525441323253741e-01 3.833683167775379e-02 2838
1.543987120758111e-01 3.833683167775379e-02 2839
1.563868615865280e-01 3.833683167775379e-02 2840
1.585174510053649e-01 3.833683167775379e-02 2841
1.607998246505089e-01 3.833683167775377e-02 2842
1.632438083865821e-01 3.833683167775379e-02 2843
1.658597138872814e-01 3.833683167775381e-02 2844
1.686583391682775e-01 3.833683167775379e-02 2845
1.716509647091616e-01 3.833683167775379e-02 2846
1.748493444181310e-01 3.833683167775379e-02 2847
1.782656906296400e-01 3.833683167775379e-02 2848
1.819126522657234e-01 3.833683167775379e-02 2849
1.858032852388953e-01 3.833683167775379e-02 2850
1.899510141318949e-01 3.833683167775379e-02 2851
1.943695841610567e-01 3.833683167775379e-02 2852
1.990730024203879e-01 3.833683167775379e-02 2853
2.040754674177676e-01 3.833683167775379e-02 2854
2.093912859588205e-01 3.833683167775379e-02 2855
2.150347765141457e-01 3.833683167775379e-02 2856
2.210201583281434e-01 3.833683167775379e-02 2857
2.273614256990677e-01 3.833683167775379e-02 2858
2.340722070861714e-01 3.833683167775379e-02 2859
2.411656089860899e-01 3.833683167775379e-02 2860
1.492025106777048e-01 4.023393141012547e-02 2861
1.508147164211147e-01 4.023393141012548e-02 2862
1.525441323253741e-01 4.023393141012548e-02 2863
1.543987120758111e-01 4.023393141012549e-02 2864
1.563868615865280e-01 4.023393141012550e-02 2865
1.585174510053649e-01 4.023393141012547e-02 2866
1.607998246505088e-01 4.023393141012549e-02 2867
1.632438083865821e-01 4.023393141012548e-02 2868
1.658597138872814e-01 4.023393141012549e-02 2869
1.686583391682775e-01 4.023393141012549e-02 2870
1.716509647091616e-01 4.023393141012548e-02 2871
1.748493444181310e-01 4.023393141012548e-02 2872
1.782656906296400e-01 4.023393141012550e-02 2873
1.819126522657234e-01 4.023393141012549e-02 2874
1.858032852388953e-01 4.023393141012549e-02 2875
1.899510141318949e-01 4.023393141012548e-02 2876
1.943695841610568e-01 4.023393141012548e-02 2877
1.990730024203879e-01 4.023393141012548e-02 2878
2.040754674177676e-01 4.023393141012548e-02 2879
2.093912859588205e-01 4.023393141012548e-02 2880
2.150347765141456e-01 4.023393141012548e-02 2881
2.210201583281434e-01 4.023393141012550e-02 2882
2.273614256990677e-01 4.023393141012550e-02 2883
2.340722070861714e-01 4.023393141012549e-02 2884
2.411656089860899e-01 4.023393141012550e-02 2885
1.492025106777048e-01 4.197375416153473e-02 2886
1.508147164211147e-01 4.197375416153473e-02 2887
1.525441323253741e-01 4.197375416153472e-02 2888
1.543987120758111e-01 4.197375416153473e-02 2889
1.563868615865280e-01 4.197375416153473e-02 2890
1.585174510053649e-01 4.197375416153475e-02 2891
1.607998246505088e-01 4.197375416153473e-02 2892
1.632438083865821e-01 4.197375416153473e-02 2893
1.658597138872814e-01 4.197375416153473e-02 2894
1.686583391682775e-01 4.197375416153472e-02 2895
1.716509647091617e-01 4.197375416153471e-02 2896
1.748493444181310e-01 4.197375416153473e-02 2897
1.782656906296400e-01 4.197375416153473e-02 2898
1.819126522657234e-01 4.197375416153473e-02 2899
1.858032852388953e-01 4.197375416153472e-02 2900
1.899510141318949e-01 4.197375416153473e-02 2901
1.943695841610568e-01 4.197375416153472e-02 2902
1.990730024203879e-01 4.197375416153473e-02 2903
2.040754674177676e-01 4.197375416153473e-02 2904
2.093912859588205e-01 4.197375416153473e-02 2905
2.150347765141456e-01 4.197375416153472e-02 2906
2.210201583281433e-01 4.197375416153473e-02 2907
2.273614256990677e-01 4.197375416153470e-02 2908
2.340722070861714e-01 4.197375416153473e-02 2909
2.411656089860899e-01 4.197375416153472e-02 2910
1.492025106777048e-01 4.356337081047719e-02 2911
1.508147164211147e-01 4.356337081047718e-02 2912
1.525441323253740e-01 4.356337081047719e-02 2913
1.543987120758111e-01 4.356337081047718e-02 2914
1.563868615865280e-01 4.356337081047719e-02 2915
1.585174510053649e-01 4.356337081047718e-02 2916
1.607998246505089e-01 4.356337081047719e-02 2917
1.632438083865821e-01 4.356337081047720e-02 2918
1.658597138872814e-01 4.356337081047719e-02 2919
1.686583391682774e-01 4.356337081047720e-02 2920
1.716509647091616e-01 4.356337081047719e-02 2921
1.748493444181310e-01 4.356337081047719e-02 2922
1.782656906296400e-01 4.356337081047720e-02 2923
1.819126522657234e-01 4.356337081047717e-02 2924
1.858032852388953e-01 4.356337081047718e-02 2925
1.899510141318949e-01 4.356337081047718e-02 2926
1.943695841610568e-01 4.356337081047718e-02 2927
1.990730024203879e-01 4.356337081047717e-02 2928
2.040754674177676e-01 4.356337081047718e-02 2929
2.093912859588205e-01 4.356337081047719e-02 2930
2.150347765141456e-01 4.356337081047719e-02 2931
2.210201583281434e-01 4.356337081047720e-02 2932
2.273614256990677e-01 4.356337081047719e-02 2933
2.340722070861714e-01 4.356337081047719e-02 2934
2.411656089860899e-01 4.356337081047719e-02 2935
1.492025106777048e-01 4.501078430589885e-02 2936
1.508147164211147e-01 4.501078430589884e-02 2937
1.525441323253741e-01 4.501078430589884e-02 2938
1.543987120758111e-01 4.501078430589884e-02 2939
1.563868615865280e-01 4.501078430589884e-02 2940
1.585174510053649e-01 4.501078430589883e-02 2941
1.607998246505089e-01 4.501078430589883e-02 2942
1.632438083865821e-01 4.501078430589883e-02 2943
1.658597138872814e-01 4.501078430589885e-02 2944
1.686583391682775e-01 4.501078430589885e-02 2945
1.716509647091617e-01 4.501078430589885e-02 2946
1.748493444181310e-01 4.501078430589884e-02 2947
1.782656906296400e-01 4.501078430589882e-02 2948
1.819126522657234e-01 4.501078430589885e-02 2949
1.858032852388953e-01 4.501078430589883e-02 2950
1.899510141318949e-01 4.501078430589883e-02 2951
1.943695841610568e-01 4.501078430589882e-02 2952
1.990730024203879e-01 4.501078430589883e-02 2953
2.040754674177676e-01 4.501078430589883e-02 2954
2.093912859588205e-01 4.501078430589883e-02 2955
2.150347765141456e-01 4.501078430589884e-02 2956
2.210201583281433e-01 4.501078430589885e-02 2957
2.273614256990678e-01 4.501078430589884e-02 2958
2.340722070861714e-01 4.501078430589885e-02 2959
2.411656089860899e-01 4.501078430589885e-02 2960
1.492025106777048e-01 4.632461221365872e-02 2961
1.508147164211147e-01 4.632461221365872e-02 2962
1.525441323253741e-01 4.632461221365871e-02 2963
1.543987120758111e-01 4.632461221365874e-02 2964
1.563868615865280e-01 4.632461221365870e-02 2965
1.585174510053649e-01 4.632461221365872e-02 2966
1.607998246505089e-01 4.632461221365872e-02 2967
1.632438083865821e-01 4.632461221365874e-02 2968
1.658597138872814e-01 4.632461221365872e-02 2969
1.686583391682775e-01 4.632461221365871e-02 2970
1.716509647091617e-01 4.632461221365873e-02 2971
1.748493444181310e-01 4.632461221365872e-02 2972
1.782656906296400e-01 4.632461221365872e-02 2973
1.819126522657234e-01 4.632461221365872e-02 2974
1.858032852388953e-01 4.632461221365872e-02 2975
1.899510141318949e-01 4.632461221365872e-02 2976
1.943695841610568e-01 4.632461221365873e-02 2977
1.990730024203879e-01 4.632461221365872e-02 2978
2.040754674177677e-01 4.632461221365870e-02 2979
2.093912859588205e-01 4.632461221365870e-02 2980
2.150347765141456e-01 4.632461221365872e-02 2981
2.210201583281433e-01 4.632461221365872e-02 2982
2.273614256990677e-01 4.632461221365872e-02 2983
2.340722070861714e-01 4.632461221365871e-02 2984
2.411656089860899e-01 4.632461221365872e-02 2985
1.492025106777047e-01 4.751381198726546e-02 2986
1.508147164211147e-01 4.751381198726545e-02 2987
1.525441323253741e-01 4.751381198726543e-02 2988
1.543987120758111e-01 4.751381198726547e-02 2989
1.563868615865280e-01 4.751381198726545e-02 2990
1.585174510053649e-01 4.751381198726545e-02 2991
1.607998246505089e-01 4.751381198726543e-02 2992
1.632438083865821e-01 4.751381198726544e-02 2993
1.658597138872814e-01 4.751381198726544e-02 2994
1.686583391682775e-01 4.751381198726544e-02 2995
1.716509647091617e-01 4.751381198726543e-02 2996
1.748493444181310e-01 4.751381198726544e-02 2997
1.782656906296400e-01 4.751381198726545e-02 2998
1.819126522657234e-01 4.751381198726545e-02 2999
1.858032852388953e-01 4.751381198726543e-02 3000
1.899510141318949e-01 4.751381198726544e-02 3001
1.943695841610568e-01 4.751381198726542e-02 3002
1.990730024203879e-01 4.751381198726545e-02 3003
2.040754674177677e-01 4.751381198726545e-02 3004
2.093912859588205e-01 4.751381198726544e-02 3005
2.150347765141457e-01 4.751381198726543e-02 3006
2.210201583281434e-01 4.751381198726545e-02 3007
2.273614256990678e-01 4.751381198726545e-02 3008
2.340722070861714e-01 4.751381198726546e-02 3009
2.411656089860899e-01 4.751381198726544e-02 3010
1.492025106777048e-01 4.858745055838035e-02 3011
1.508147164211147e-01 4.858745055838034e-02 3012
1.525441323253741e-01 4.858745055838035e-02 3013
1.543987120758111e-01 4.858745055838035e-02 3014
1.563868615865280e-01 4.858745055838035e-02 3015
1.585174510053649e-01 4.858745055838034e-02 3016
1.607998246505089e-01 4.858745055838035e-02 3017
1.632438083865821e-01 4.858745055838034e-02 3018
1.658597138872814e-01 4.858745055838034e-02 3019
1.686583391682774e-01 4.858745055838035e-02 3020
1.716509647091617e-01 4.858745055838034e-02 3021
1.748493444181310e-01 4.858745055838034e-02 3022
1.782656906296400e-01 4.858745055838033e-02 3023
1.819126522657234e-01 4.858745055838035e-02 3024
1.858032852388953e-01 4.858745055838033e-02 3025
1.899510141318949e-01 4.858745055838035e-02 3026
1.943695841610568e-01 4.858745055838033e-02 3027
1.990730024203879e-01 4.858745055838034e-02 3028
2.040754674177676e-01 4.858745055838035e-02 3029
2.093912859588205e-01 4.858745055838034e-02 3030
2.150347765141457e-01 4.858745055838035e-02 3031
2.210201583281434e-01 4.858745055838035e-02 3032
2.273614256990678e-01 4.858745055838035e-02 3033
2.340722070861714e-01 4.858745055838034e-02 3034
2.411656089860899e-01 4.858745055838034e-02 3035
1.492025106777047e-01 4.955451715223808e-02 3036
1.508147164211147e-01 4.955451715223808e-02 3037
1.525441323253741e-01 4.955451715223807e-02 3038
1.543987120758111e-01 4.955451715223808e-02 3039
1.563868615865280e-01 4.955451715223809e-02 3040
1.585174510053649e-01 4.955451715223808e-02 3041
1.607998246505089e-01 4.955451715223808e-02 3042
1.632438083865821e-01 4.955451715223808e-02 3043
1.658597138872814e-01 4.955451715223808e-02 3044
1.686583391682775e-01 4.955451715223808e-02 3045
1.716509647091617e-01 4.955451715223806e-02 3046
1.748493444181310e-01 4.955451715223808e-02 3047
1.782656906296400e-01 4.955451715223808e-02 3048
1.819126522657234e-01 4.955451715223808e-02 3049
1.858032852388953e-01 4.955451715223808e-02 3050
1.899510141318949e-01 4.955451715223808e-02 3051
1.943695841610568e-01 4.955451715223808e-02 3052
1.990730024203879e-01 4.955451715223806e-02 3053
2.040754674177677e-01 4.955451715223808e-02 3054
2.093912859588205e-01 4.955451715223808e-02 3055
2.150347765141456e-01 4.955451715223808e-02 3056
2.210201583281434e-01 4.955451715223808e-02 3057
2.273614256990678e-01 4.955451715223808e-02 3058
2.340722070861714e-01 4.955451715223808e-02 3059
2.411656089860899e-01 4.955451715223808e-02 3060
1.492025106777047e-01 5.042377636411881e-02 3061
1.508147164211147e-01 5.042377636411879e-02 3062
1.525441323253741e-01 5.042377636411879e-02 3063
1.543987120758110e-01 5.042377636411879e-02 3064
1.563868615865280e-01 5.042377636411879e-02 3065
1.585174510053649e-01 5.042377636411879e-02 3066
1.607998246505089e-01 5.042377636411881e-02 3067
1.632438083865821e-01 5.042377636411879e-02 3068
1.658597138872814e-01 5.042377636411878e-02 3069
1.686583391682775e-01 5.042377636411879e-02 3070
1.716509647091617e-01 5.042377636411879e-02 3071
1.748493444181310e-01 5.042377636411879e-02 3072
1.782656906296400e-01 5.042377636411879e-02 3073
1.819126522657234e-01 5.042377636411877e-02 3074
1.858032852388953e-01 5.042377636411877e-02 3075
1.899510141318949e-01 5.042377636411879e-02 3076
1.943695841610568e-01 5.042377636411879e-02 3077
1.990730024203879e-01 5.042377636411878e-02 3078
2.040754674177677e-01 5.042377636411881e-02 3079
2.093912859588205e-01 5.042377636411879e-02 3080
2.150347765141456e-01 5.042377636411880e-02 3081
2.210201583281434e-01 5.042377636411880e-02 3082
2.273614256990677e-01 5.042377636411880e-02 3083
2.340722070861714e-01 5.042377636411881e-02 3084
2.411656089860899e-01 5.042377636411881e-02 3085
1.492025106777048e-01 5.120365737668184e-02 3086
1.508147164211147e-01 5.120365737668182e-02 3087
1.525441323253740e-01 5.120365737668182e-02 3088
1.543987120758111e-01 5.120365737668184e-02 3089
1.563868615865280e-01 5.120365737668184e-02 3090
1.585174510053649e-01 5.120365737668183e-02 3091
1.607998246505088e-01 5.120365737668183e-02 3092
1.632438083865821e-01 5.120365737668181e-02 3093
1.658597138872814e-01 5.120365737668185e-02 3094
1.686583391682775e-01 5.120365737668185e-02 3095
1.716509647091617e-01 5.120365737668184e-02 3096
1.748493444181310e-01 5.120365737668185e-02 3097
1.782656906296400e-01 5.120365737668183e-02 3098
1.819126522657234e-01 5.120365737668185e-02 3099
1.858032852388953e-01 5.120365737668182e-02 3100
1.899510141318949e-01 5.120365737668182e-02 3101
1.943695841610568e-01 5.120365737668183e-02 3102
1.990730024203879e-01 5.120365737668185e-02 3103
2.040754674177677e-01 5.120365737668183e-02 3104
2.093912859588205e-01 5.120365737668182e-02 3105
2.150347765141457e-01 5.120365737668184e-02 3106
2.210201583281434e-01 5.120365737668184e-02 3107
2.273614256990678e-01 5.120365737668184e-02 3108
2.340722070861714e-01 5.120365737668184e-02 3109
2.411656089860899e-01 5.120365737668183e-02 3110
1.492025106777047e-01 5.190217461768778e-02 3111
1.508147164211147e-01 5.190217461768777e-02 3112
1.525441323253741e-01 5.190217461768778e-02 3113
1.543987120758111e-01 5.190217461768778e-02 3114
1.563868615865280e-01 5.190217461768776e-02 3115
1.585174510053649e-01 5.190217461768780e-02 3116
1.607998246505089e-01 5.190217461768779e-02 3117
1.632438083865821e-01 5.190217461768778e-02 3118
1.658597138872814e-01 5.190217461768779e-02 3119
1.686583391682775e-01 5.190217461768779e-02 3120
1.716509647091616e-01 5.190217461768779e-02 3121
1.748493444181310e-01 5.190217461768779e-02 3122
1.782656906296400e-01 5.190217461768778e-02 3123
1.819126522657234e-01 5.190217461768779e-02 3124
1.858032852388953e-01 5.190217461768777e-02 3125
1.899510141318949e-01 5.190217461768776e-02 3126
1.943695841610568e-01 5.190217461768776e-02 3127
1.990730024203879e-01 5.190217461768777e-02 3128
2.040754674177677e-01 5.190217461768776e-02 3129
2.093912859588205e-01 5.190217461768776e-02 3130
2.150347765141457e-01 5.190217461768779e-02 3131
2.210201583281434e-01 5.190217461768779e-02 3132
2.273614256990678e-01 5.190217461768779e-02 3133
2.340722070861714e-01 5.190217461768778e-02 3134
2.411656089860899e-01 5.190217461768778e-02 3135
1.492025106777048e-01 5.252687501299887e-02 3136
1.508147164211147e-01 5.252687501299885e-02 3137
1.525441323253741e-01 5.252687501299885e-02 3138
1.543987120758111e-01 5.252687501299887e-02 3139
1.563868615865280e-01 5.252687501299888e-02 3140
1.585174510053649e-01 5.252687501299887e-02 3141
1.607998246505089e-01 5.252687501299887e-02 3142
1.632438083865821e-01 5.252687501299887e-02 3143
1.658597138872814e-01 5.252687501299887e-02 3144
1.686583391682774e-01 5.252687501299887e-02 3145
1.716509647091616e-01 5.252687501299887e-02 3146
1.748493444181310e-01 5.252687501299887e-02 3147
1.782656906296400e-01 5.252687501299887e-02 3148
1.819126522657234e-01 5.252687501299887e-02 3149
1.858032852388953e-01 5.252687501299887e-02 3150
1.899510141318949e-01 5.252687501299887e-02 3151
1.943695841610568e-01 5.252687501299887e-02 3152
1.990730024203879e-01 5.252687501299887e-02 3153
2.040754674177676e-01 5.252687501299885e-02 3154
2.093912859588205e-01 5.252687501299887e-02 3155
2.150347765141456e-01 5.252687501299887e-02 3156
2.210201583281433e-01 5.252687501299885e-02 3157
2.273614256990677e-01 5.252687501299888e-02 3158
2.340722070861714e-01 5.252687501299887e-02 3159
2.411656089860899e-01 5.252687501299887e-02 3160
1.492025106777047e-01 5.308480715202123e-02 3161
1.508147164211147e-01 5.308480715202124e-02 3162
1.525441323253740e-01 5.308480715202123e-02 3163
1.543987120758111e-01 5.308480715202123e-02 3164
1.563868615865280e-01 5.308480715202124e-02 3165
1.585174510053649e-01 5.308480715202123e-02 3166
1.607998246505089e-01 5.308480715202125e-02 3167
1.632438083865821e-01 5.308480715202125e-02 3168
1.658597138872814e-01 5.308480715202121e-02 3169
1.686583391682775e-01 5.308480715202124e-02 3170
1.716509647091617e-01 5.308480715202123e-02 3171
1.748493444181310e-01 5.308480715202123e-02 3172
1.782656906296400e-01 5.308480715202123e-02 3173
1.819126522657234e-01 5.308480715202123e-02 3174
1.858032852388953e-01 5.308480715202124e-02 3175
1.899510141318949e-01 5.308480715202125e-02 3176
1.943695841610568e-01 5.308480715202123e-02 3177
1.990730024203879e-01 5.308480715202123e-02 3178
2.040754674177677e-01 5.308480715202123e-02 3179
2.093912859588205e-01 5.308480715202123e-02 3180
2.150347765141456e-01 5.308480715202125e-02 3181
2.210201583281433e-01 5.308480715202121e-02 3182
2.273614256990677e-01 5.308480715202123e-02 3183
2.340722070861714e-01 5.308480715202123e-02 3184
2.411656089860899e-01 5.308480715202123e-02 3185
1.492025106777047e-01 5.358250804295673e-02 3186
1.508147164211147e-01 5.358250804295672e-02 3187
1.525441323253741e-01 5.358250804295674e-02 3188
1.543987120758110e-01 5.358250804295676e-02 3189
1.563868615865280e-01 5.358250804295673e-02 3190
1.585174510053649e-01 5.358250804295674e-02 3191
1.607998246505088e-01 5.358250804295674e-02 3192
1.632438083865821e-01 5.358250804295674e-02 3193
1.658597138872814e-01 5.358250804295674e-02 3194
1.686583391682775e-01 5.358250804295674e-02 3195
1.716509647091617e-01 5.358250804295674e-02 3196
1.748493444181310e-01 5.358250804295673e-02 3197
1.782656906296400e-01 5.358250804295673e-02 3198
1.819126522657234e-01 5.358250804295673e-02 3199
1.858032852388953e-01 5.358250804295673e-02 3200
1.899510141318949e-01 5.358250804295674e-02 3201
1.943695841610568e-01 5.358250804295674e-02 3202
1.990730024203879e-01 5.358250804295673e-02 3203
2.040754674177676e-01 5.358250804295672e-02 3204
2.093912859588205e-01 5.358250804295673e-02 3205
2.150347765141456e-01 5.358250804295674e-02 3206
2.210201583281434e-01 5.358250804295672e-02 3207
2.273614256990677e-01 5.358250804295674e-02 3208
2.340722070861714e-01 5.358250804295674e-02 3209
2.411656089860899e-01 5.358250804295672e-02 3210
1.492025106777047e-01 5.402600360690890e-02 3211
1.508147164211147e-01 5.402600360690891e-02 3212
1.525441323253740e-01 5.402600360690892e-02 3213
1.543987120758111e-01 5.402600360690890e-02 3214
1.563868615865280e-01 5.402600360690890e-02 3215
1.585174510053649e-01 5.402600360690890e-02 3216
1.607998246505088e-01 5.402600360690890e-02 3217
1.632438083865821e-01 5.402600360690891e-02 3218
1.658597138872814e-01 5.402600360690892e-02 3219
1.686583391682775e-01 5.402600360690892e-02 3220
1.716509647091616e-01 5.402600360690891e-02 3221
1.748493444181310e-01 5.402600360690891e-02 3222
1.782656906296400e-01 5.402600360690892e-02 3223
1.819126522657234e-01 5.402600360690889e-02 3224
1.858032852388953e-01 5.402600360690891e-02 3225
1.899510141318949e-01 5.402600360690891e-02 3226
1.943695841610568e-01 5.402600360690890e-02 3227
1.990730024203879e-01 5.402600360690890e-02 3228
2.040754674177677e-01 5.402600360690889e-02 3229
2.093912859588205e-01 5.402600360690890e-02 3230
2.150347765141457e-01 5.402600360690891e-02 3231
2.210201583281434e-01 5.402600360690892e-02 3232
2.273614256990677e-01 5.402600360690890e-02 3233
2.340722070861714e-01 5.402600360690891e-02 3234
2.411656089860899e-01 5.402600360690890e-02 3235
1.492025106777048e-01 5.442081957842022e-02 3236
1.508147164211147e-01 5.442081957842020e-02 3237
1.525441323253741e-01 5.442081957842022e-02 3238
1.543987120758111e-01 5.442081957842020e-02 3239
1.563868615865280e-01 5.442081957842022e-02 3240
1.585174510053649e-01 5.442081957842024e-02 3241
1.607998246505088e-01 5.442081957842022e-02 3242
1.632438083865821e-01 5.442081957842022e-02 3243
1.658597138872814e-01 5.442081957842021e-02 3244
1.686583391682775e-01 5.442081957842022e-02 3245
1.716509647091617e-01 5.442081957842023e-02 3246
1.748493444181310e-01 5.442081957842021e-02 3247
1.782656906296400e-01 5.442081957842022e-02 3248
1.819126522657234e-01 5.442081957842020e-02 3249
1.858032852388953e-01 5.442081957842021e-02 3250
1.899510141318949e-01 5.442081957842022e-02 3251
1.943695841610568e-01 5.442081957842024e-02 3252
1.990730024203879e-01 5.442081957842020e-02 3253
2.040754674177677e-01 5.442081957842021e-02 3254
2.093912859588205e-01 5.442081957842024e-02 3255
2.150347765141456e-01 5.442081957842020e-02 3256
2.210201583281434e-01 5.442081957842020e-02 3257
2.273614256990677e-01 5.442081957842022e-02 3258
2.340722070861714e-01 5.442081957842023e-02 3259
2.411656089860899e-01 5.442081957842021e-02 3260
1.492025106777048e-01 5.477200000000000e-02 3261
1.508147164211147e-01 5.477200000000000e-02 3262
1.525441323253741e-01 5.477200000000000e-02 3263
1.543987120758111e-01 5.477200000000000e-02 3264
1.563868615865280e-01 5.477200000000002e-02 3265
1.585174510053649e-01 5.477200000000000e-02 3266
1.607998246505088e-01 5.477199999999999e-02 3267
1.632438083865821e-01 5.477200000000000e-02 3268
1.658597138872814e-01 5.477200000000000e-02 3269
1.686583391682775e-01 5.477200000000000e-02 3270
1.716509647091616e-01 5.477200000000000e-02 3271
1.748493444181310e-01 5.477199999999999e-02 3272
1.782656906296400e-01 5.477200000000000e-02 3273
1.819126522657234e-01 5.477200000000000e-02 3274
1.858032852388953e-01 5.477200000000000e-02 3275
1.899510141318949e-01 5.477200000000000e-02 3276
1.943695841610568e-01 5.477200000000002e-02 3277
1.990730024203879e-01 5.477200000000002e-02 3278
2.040754674177677e-01 5.477200000000002e-02 3279
2.093912859588205e-01 5.477200000000000e-02 3280
2.150347765141456e-01 5.477200000000000e-02 3281
2.210201583281434e-01 5.477200000000000e-02 3282
2.273614256990677e-01 5.477200000000000e-02 3283
2.340722070861714e-01 5.477200000000000e-02 3284
2.411656089860899e-01 5.477200000000000e-02 3285
2.486540448707749e-01 0.000000000000000e+00 3286
2.565490498951539e-01 0.000000000000000e+00 3287
2.648610825634138e-01 0.000000000000000e+00 3288
2.735993150841006e-01 0.000000000000000e+00 3289
2.827714147376686e-01 0.000000000000000e+00 3290
2.923833192125028e-01 0.000000000000000e+00 3291
3.024390095183190e-01 0.000000000000000e+00 3292
3.129402847352810e-01 0.000000000000000e+00 3293
3.238865434738639e-01 0.000000000000000e+00 3294
3.352745774703876e-01 0.000000000000000e+00 3295
3.470983831885163e-01 0.000000000000000e+00 3296
3.593489975981798e-01 0.000000000000000e+00 3297
3.720143644209379e-01 0.000000000000000e+00 3298
3.850792370284777e-01 0.000000000000000e+00 3299
3.985251238286495e-01 0.000000000000000e+00 3300
4.123302813507554e-01 0.000000000000000e+00 3301
4.264697593409826e-01 0.000000000000000e+00 3302
4.409155010077273e-01 0.000000000000000e+00 3303
4.556365001402327e-01 0.000000000000000e+00 3304
4.705990152057111e-01 0.000000000000000e+00 3305
4.857668387704588e-01 0.000000000000000e+00 3306
5.011016187649044e-01 0.000000000000000e+00 3307
5.165632263075337e-01 0.000000000000000e+00 3308
5.321101631103085e-01 0.000000000000000e+00 3309
5.477000000000001e-01 0.000000000000000e+00 3310
2.486540448707750e-01 3.554957762844359e-03 3311
2.565490498951539e-01 3.554957762844359e-03 3312
2.648610825634138e-01 3.554957762844359e-03 3313
2.735993150841006e-01 3.554957762844357e-03 3314
2.827714147376686e-01 3.554957762844358e-03 3315
2.923833192125028e-01 3.554957762844359e-03 3316
3.024390095183190e-01 3.554957762844358e-03 3317
3.129402847352810e-01 3.554957762844359e-03 3318
3.238865434738639e-01 3.554957762844360e-03 3319
3.352745774703876e-01 3.554957762844358e-03 3320
3.470983831885164e-01 3.554957762844359e-03 3321
3.593489975981798e-01 3.554957762844358e-03 3322
3.720143644209379e-01 3.554957762844359e-03 3323
3.850792370284777e-01 3.554957762844358e-03 3324
3.985251238286495e-01 3.554957762844358e-03 3325
4.123302813507554e-01 3.554957762844359e-03 3326
4.264697593409826e-01 3.554957762844359e-03 3327
4.409155010077273e-01 3.554957762844359e-03 3328
4.556365001402327e-01 3.554957762844360e-03 3329
4.705990152057111e-01 3.554957762844360e-03 3330
4.857668387704588e-01 3.554957762844359e-03 3331
5.011016187649044e-01 3.554957762844358e-03 3332
5.165632263075337e-01 3.554957762844358e-03 3333
5.321101631103086e-01 3.554957762844359e-03 3334
5.477000000000001e-01 3.554957762844359e-03 3335
2.486540448707748e-01 7.082852193262228e-03 3336
2.565490498951539e-01 7.082852193262228e-03 3337
2.648610825634138e-01 7.082852193262228e-03 3338
2.735993150841007e-01 7.082852193262228e-03 3339
2.827714147376686e-01 7.082852193262231e-03 3340
2.923833192125028e-01 7.082852193262230e-03 3341
3.024390095183190e-01 7.082852193262229e-03 3342
3.129402847352810e-01 7.082852193262230e-03 3343
3.238865434738639e-01 7.082852193262231e-03 3344
3.352745774703876e-01 7.082852193262229e-03 3345
3.470983831885163e-01 7.082852193262229e-03 3346
3.593489975981798e-01 7.082852193262228e-03 3347
3.720143644209379e-01 7.082852193262229e-03 3348
3.850792370284777e-01 7.082852193262228e-03 3349
3.985251238286495e-01 7.082852193262229e-03 3350
4.123302813507553e-01 7.082852193262230e-03 3351
4.264697593409826e-01 7.082852193262228e-03 3352
4.409155010077273e-01 7.082852193262231e-03 3353
4.556365001402327e-01 7.082852193262231e-03 3354
4.705990152057111e-01 7.082852193262228e-03 3355
4.857668387704587e-01 7.082852193262231e-03 3356
5.011016187649044e-01 7.082852193262229e-03 3357
5.165632263075338e-01 7.082852193262230e-03 3358
5.321101631103086e-01 7.082852193262229e-03 3359
5.477000000000001e-01 7.082852193262229e-03 3360
2.486540448707750e-01 1.055743784788199e-02 3361
2.565490498951539e-01 1.055743784788199e-02 3362
2.648610825634137e-01 1.055743784788199e-02 3363
2.735993150841006e-01 1.055743784788199e-02 3364
2.827714147376686e-01 1.055743784788199e-02 3365
2.923833192125028e-01 1.055743784788199e-02 3366
3.024390095183190e-01 1.055743784788199e-02 3367
3.129402847352810e-01 1.055743784788199e-02 3368
3.238865434738639e-01 1.055743784788199e-02 3369
3.352745774703876e-01 1.055743784788199e-02 3370
3.470983831885163e-01 1.055743784788199e-02 3371
3.593489975981797e-01 1.055743784788199e-02 3372
3.720143644209379e-01 1.055743784788199e-02 3373
3.850792370284776e-01 1.055743784788199e-02 3374
3.985251238286495e-01 1.055743784788199e-02 3375
4.123302813507554e-01 1.055743784788199e-02 3376
4.264697593409826e-01 1.055743784788199e-02 3377
4.409155010077273e-01 1.055743784788199e-02 3378
4.556365001402327e-01 1.055743784788199e-02 3379
4.705990152057110e-01 1.055743784788199e-02 3380
4.857668387704588e-01 1.055743784788199e-02 3381
5.011016187649044e-01 1.055743784788199e-02 3382
5.165632263075337e-01 1.055743784788199e-02 3383
5.321101631103085e-01 1.055743784788199e-02 3384
5.477000000000001e-01 1.055743784788199e-02 3385
2.486540448707749e-01 1.395405309071086e-02 3386
2.565490498951539e-01 1.395405309071087e-02 3387
2.648610825634138e-01 1.395405309071087e-02 3388
2.735993150841006e-01 1.395405309071087e-02 3389
2.827714147376686e-01 1.395405309071086e-02 3390
2.923833192125028e-01 1.395405309071087e-02 3391
3.024390095183190e-01 1.395405309071087e-02 3392
3.129402847352809e-01 1.395405309071087e-02 3393
3.238865434738639e-01 1.395405309071087e-02 3394
3.352745774703876e-01 1.395405309071087e-02 3395
3.470983831885163e-01 1.395405309071087e-02 3396
3.593489975981799e-01 1.395405309071087e-02 3397
3.720143644209379e-01 1.395405309071087e-02 3398
3.850792370284776e-01 1.395405309071087e-02 3399
3.985251238286495e-01 1.395405309071087e-02 3400
4.123302813507554e-01 1.395405309071087e-02 3401
4.264697593409827e-01 1.395405309071087e-02 3402
4.409155010077275e-01 1.395405309071086e-02 3403
4.556365001402327e-01 1.395405309071086e-02 3404
4.705990152057111e-01 1.395405309071087e-02 3405
4.857668387704588e-01 1.395405309071087e-02 3406
5.011016187649046e-01 1.395405309071087e-02 3407
5.165632263075337e-01 1.395405309071087e-02 3408
5.321101631103085e-01 1.395405309071087e-02 3409
5.477000000000001e-01 1.395405309071087e-02 3410
2.486540448707749e-01 1.725028766155737e-02 3411
2.565490498951539e-01 1.725028766155737e-02 3412
2.648610825634138e-01 1.725028766155737e-02 3413
2.735993150841007e-01 1.725028766155737e-02 3414
2.827714147376686e-01 1.725028766155737e-02 3415
2.923833192125028e-01 1.725028766155737e-02 3416
3.024390095183190e-01 1.725028766155737e-02 3417
3.129402847352809e-01 1.725028766155737e-02 3418
3.238865434738639e-01 1.725028766155737e-02 3419
3.352745774703876e-01 1.725028766155737e-02 3420
3.470983831885163e-01 1.725028766155737e-02 3421
3.593489975981799e-01 1.725028766155737e-02 3422
3.720143644209379e-01 1.725028766155737e-02 3423
3.850792370284776e-01 1.725028766155737e-02 3424
3.985251238286495e-01 1.725028766155737e-02 3425
4.123302813507554e-01 1.725028766155737e-02 3426
4.264697593409826e-01 1.725028766155737e-02 3427
4.409155010077273e-01 1.725028766155737e-02 3428
4.556365001402327e-01 1.725028766155737e-02 3429
4.705990152057111e-01 1.725028766155737e-02 3430
4.857668387704588e-01 1.725028766155737e-02 3431
5.011016187649044e-01 1.725028766155737e-02 3432
5.165632263075337e-01 1.725028766155737e-02 3433
5.321101631103086e-01 1.725028766155737e-02 3434
5.477000000000001e-01 1.725028766155737e-02 3435
2.486540448707748e-01 2.042651579414304e-02 3436
2.565490498951539e-01 2.042651579414303e-02 3437
2.648610825634138e-01 2.042651579414303e-02 3438
2.735993150841006e-01 2.042651579414304e-02 3439
2.827714147376686e-01 2.042651579414304e-02 3440
2.923833192125028e-01 2.042651579414304e-02 3441
3.024390095183190e-01 2.042651579414304e-02 3442
3.129402847352810e-01 2.042651579414304e-02 3443
3.238865434738639e-01 2.042651579414303e-02 3444
3.352745774703876e-01 2.042651579414304e-02 3445
3.470983831885163e-01 2.042651579414304e-02 3446
3.593489975981798e-01 2.042651579414304e-02 3447
3.720143644209379e-01 2.042651579414304e-02 3448
3.850792370284777e-01 2.042651579414304e-02 3449
3.985251238286495e-01 2.042651579414304e-02 3450
4.123302813507554e-01 2.042651579414304e-02 3451
4.264697593409826e-01 2.042651579414304e-02 3452
4.409155010077274e-01 2.042651579414304e-02 3453
4.556365001402327e-01 2.042651579414304e-02 3454
4.705990152057111e-01 2.042651579414304e-02 3455
4.857668387704589e-01 2.042651579414304e-02 3456
5.011016187649046e-01 2.042651579414304e-02 3457
5.165632263075337e-01 2.042651579414304e-02 3458
5.321101631103086e-01 2.042651579414304e-02 3459
5.477000000000001e-01 2.042651579414304e-02 3460
2.486540448707749e-01 2.346627214428511e-02 3461
2.565490498951539e-01 2.346627214428512e-02 3462
2.648610825634138e-01 2.346627214428511e-02 3463
2.735993150841007e-01 2.346627214428512e-02 3464
2.827714147376686e-01 2.346627214428511e-02 3465
2.923833192125028e-01 2.346627214428512e-02 3466
3.024390095183190e-01 2.346627214428512e-02 3467
3.129402847352809e-01 2.346627214428511e-02 3468
3.238865434738639e-01 2.346627214428512e-02 3469
3.352745774703875e-01 2.346627214428511e-02 3470
3.470983831885163e-01 2.346627214428511e-02 3471
3.593489975981798e-01 2.346627214428511e-02 3472
3.720143644209379e-01 2.346627214428512e-02 3473
3.850792370284776e-01 2.346627214428512e-02 3474
3.985251238286495e-01 2.346627214428513e-02 3475
4.123302813507554e-01 2.346627214428512e-02 3476
4.264697593409826e-01 2.346627214428512e-02 3477
4.409155010077273e-01 2.346627214428512e-02 3478
4.556365001402328e-01 2.346627214428512e-02 3479
4.705990152057110e-01 2.346627214428512e-02 3480
4.857668387704589e-01 2.346627214428511e-02 3481
5.011016187649043e-01 2.346627214428512e-02 3482
5.165632263075337e-01 2.346627214428511e-02 3483
5.321101631103083e-01 2.346627214428512e-02 3484
5.477000000000001e-01 2.346627214428512e-02 3485
2.486540448707749e-01 2.635646227209736e-02 3486
2.565490498951539e-01 2.635646227209736e-02 3487
2.648610825634138e-01 2.635646227209735e-02 3488
2.735993150841006e-01 2.635646227209735e-02 3489
2.827714147376686e-01 2.635646227209736e-02 3490
2.923833192125028e-01 2.635646227209735e-02 3491
3.024390095183190e-01 2.635646227209735e-02 3492
3.129402847352810e-01 2.635646227209736e-02 3493
3.238865434738639e-01 2.635646227209736e-02 3494
3.352745774703876e-01 2.635646227209736e-02 3495
3.470983831885163e-01 2.635646227209735e-02 3496
3.593489975981798e-01 2.635646227209735e-02 3497
3.720143644209379e-01 2.635646227209735e-02 3498
3.850792370284776e-01 2.635646227209735e-02 3499
3.985251238286495e-01 2.635646227209735e-02 3500
4.123302813507553e-01 2.635646227209735e-02 3501
4.264697593409826e-01 2.635646227209735e-02 3502
4.409155010077272e-01 2.635646227209735e-02 3503
4.556365001402328e-01 2.635646227209734e-02 3504
4.705990152057111e-01 2.635646227209735e-02 3505
4.857668387704587e-01 2.635646227209735e-02 3506
5.011016187649044e-01 2.635646227209735e-02 3507
5.165632263075337e-01 2.635646227209735e-02 3508
5.321101631103086e-01 2.635646227209735e-02 3509
5.477000000000001e-01 2.635646227209735e-02 3510
2.486540448707749e-01 2.908741310697984e-02 3511
2.565490498951539e-01 2.908741310697984e-02 3512
2.648610825634138e-01 2.908741310697985e-02 3513
2.735993150841006e-01 2.908741310697984e-02 3514
2.827714147376686e-01 2.908741310697984e-02 3515
2.923833192125028e-01 2.908741310697984e-02 3516
3.024390095183190e-01 2.908741310697984e-02 3517
3.129402847352809e-01 2.908741310697984e-02 3518
3.238865434738639e-01 2.908741310697984e-02 3519
3.352745774703875e-01 2.908741310697984e-02 3520
3.470983831885163e-01 2.908741310697984e-02 3521
3.593489975981798e-01 2.908741310697984e-02 3522
3.720143644209379e-01 2.908741310697984e-02 3523
3.850792370284776e-01 2.908741310697984e-02 3524
3.985251238286495e-01 2.908741310697983e-02 3525
4.123302813507554e-01 2.908741310697985e-02 3526
4.264697593409826e-01 2.908741310697984e-02 3527
4.409155010077273e-01 2.908741310697985e-02 3528
4.556365001402327e-01 2.908741310697984e-02 3529
4.705990152057110e-01 2.908741310697984e-02 3530
4.857668387704588e-01 2.908741310697985e-02 3531
5.011016187649044e-01 2.908741310697984e-02 3532
5.165632263075337e-01 2.908741310697983e-02 3533
5.321101631103083e-01 2.908741310697984e-02 3534
5.477000000000001e-01 2.908741310697984e-02 3535
2.486540448707750e-01 3.165278016247259e-02 3536
2.565490498951539e-01 3.165278016247259e-02 3537
2.648610825634138e-01 3.165278016247259e-02 3538
2.735993150841006e-01 3.165278016247259e-02 3539
2.827714147376686e-01 3.165278016247259e-02 3540
2.923833192125028e-01 3.165278016247259e-02 3541
3.024390095183190e-01 3.165278016247259e-02 3542
3.129402847352809e-01 3.165278016247259e-02 3543
3.238865434738639e-01 3.165278016247259e-02 3544
3.352745774703876e-01 3.165278016247259e-02 3545
3.470983831885163e-01 3.165278016247259e-02 3546
3.593489975981798e-01 3.165278016247259e-02 3547
3.720143644209379e-01 3.165278016247259e-02 3548
3.850792370284776e-01 3.165278016247259e-02 3549
3.985251238286495e-01 3.165278016247259e-02 3550
4.123302813507554e-01 3.165278016247259e-02 3551
4.264697593409826e-01 3.165278016247260e-02 3552
4.409155010077275e-01 3.165278016247259e-02 3553
4.556365001402327e-01 3.165278016247259e-02 3554
4.705990152057111e-01 3.165278016247259e-02 3555
4.857668387704588e-01 3.165278016247259e-02 3556
5.011016187649044e-01 3.165278016247260e-02 3557
5.165632263075337e-01 3.165278016247259e-02 3558
5.321101631103085e-01 3.165278016247258e-02 3559
5.477000000000001e-01 3.165278016247259e-02 3560
2.486540448707749e-01 3.404933629419558e-02 3561
2.565490498951539e-01 3.404933629419558e-02 3562
2.648610825634138e-01 3.404933629419558e-02 3563
2.735993150841006e-01 3.404933629419558e-02 3564
2.827714147376686e-01 3.404933629419558e-02 3565
2.923833192125028e-01 3.404933629419558e-02 3566
3.024390095183190e-01 3.404933629419558e-02 3567
3.129402847352809e-01 3.404933629419558e-02 3568
3.238865434738638e-01 3.404933629419558e-02 3569
3.352745774703876e-01 3.404933629419558e-02 3570
3.470983831885163e-01 3.404933629419558e-02 3571
3.593489975981798e-01 3.404933629419558e-02 3572
3.720143644209379e-01 3.404933629419558e-02 3573
3.850792370284776e-01 3.404933629419558e-02 3574
3.985251238286495e-01 3.404933629419558e-02 3575
4.123302813507554e-01 3.404933629419558e-02 3576
4.264697593409826e-01 3.404933629419558e-02 3577
4.409155010077274e-01 3.404933629419558e-02 3578
4.556365001402327e-01 3.404933629419558e-02 3579
4.705990152057110e-01 3.404933629419558e-02 3580
4.857668387704589e-01 3.404933629419558e-02 3581
5.011016187649044e-01 3.404933629419558e-02 3582
5.165632263075337e-01 3.404933629419558e-02 3583
5.321101631103082e-01 3.404933629419558e-02 3584
5.477000000000001e-01 3.404933629419558e-02 3585
2.486540448707750e-01 3.627667117997103e-02 3586
2.565490498951539e-01 3.627667117997103e-02 3587
2.648610825634138e-01 3.627667117997103e-02 3588
2.735993150841007e-01 3.627667117997103e-02 3589
2.827714147376686e-01 3.627667117997103e-02 3590
2.923833192125028e-01 3.627667117997103e-02 3591
3.024390095183190e-01 3.627667117997103e-02 3592
3.129402847352809e-01 3.627667117997103e-02 3593
3.238865434738639e-01 3.627667117997103e-02 3594
3.352745774703876e-01 3.627667117997103e-02 3595
3.470983831885163e-01 3.627667117997103e-02 3596
3.593489975981798e-01 3.627667117997103e-02 3597
3.720143644209379e-01 3.627667117997103e-02 3598
3.850792370284776e-01 3.627667117997103e-02 3599
3.985251238286495e-01 3.627667117997103e-02 3600
4.123302813507556e-01 3.627667117997103e-02 3601
4.264697593409826e-01 3.627667117997103e-02 3602
4.409155010077273e-01 3.627667117997103e-02 3603
4.556365001402327e-01 3.627667117997103e-02 3604
4.705990152057111e-01 3.627667117997103e-02 3605
4.857668387704588e-01 3.627667117997103e-02 3606
5.011016187649044e-01 3.627667117997104e-02 3607
5.165632263075337e-01 3.627667117997103e-02 3608
5.321101631103083e-01 3.627667117997103e-02 3609
5.477000000000001e-01 3.627667117997103e-02 3610
2.486540448707749e-01 3.833683167775379e-02 3611
2.565490498951539e-01 3.833683167775379e-02 3612
2.648610825634138e-01 3.833683167775377e-02 3613
2.735993150841007e-01 3.833683167775378e-02 3614
2.827714147376686e-01 3.833683167775379e-02 3615
2.923833192125028e-01 3.833683167775379e-02 3616
3.024390095183190e-01 3.833683167775379e-02 3617
3.129402847352809e-01 3.833683167775379e-02 3618
3.238865434738639e-01 3.833683167775379e-02 3619
3.352745774703876e-01 3.833683167775379e-02 3620
3.470983831885163e-01 3.833683167775379e-02 3621
3.593489975981798e-01 3.833683167775379e-02 3622
3.720143644209379e-01 3.833683167775379e-02 3623
3.850792370284776e-01 3.833683167775379e-02 3624
3.985251238286495e-01 3.833683167775379e-02 3625
4.123302813507554e-01 3.833683167775379e-02 3626
4.264697593409826e-01 3.833683167775379e-02 3627
4.409155010077273e-01 3.833683167775379e-02 3628
4.556365001402327e-01 3.833683167775379e-02 3629
4.705990152057111e-01 3.833683167775379e-02 3630
4.857668387704588e-01 3.833683167775379e-02 3631
5.011016187649044e-01 3.833683167775379e-02 3632
5.165632263075337e-01 3.833683167775379e-02 3633
5.321101631103083e-01 3.833683167775379e-02 3634
5.477000000000001e-01 3.833683167775379e-02 3635
2.486540448707749e-01 4.023393141012549e-02 3636
2.565490498951539e-01 4.023393141012547e-02 3637
2.648610825634138e-01 4.023393141012548e-02 3638
2.735993150841006e-01 4.023393141012548e-02 3639
2.827714147376686e-01 4.023393141012548e-02 3640
2.923833192125028e-01 4.023393141012548e-02 3641
3.024390095183190e-01 4.023393141012548e-02 3642
3.129402847352809e-01 4.023393141012548e-02 3643
3.238865434738639e-01 4.023393141012548e-02 3644
3.352745774703876e-01 4.023393141012549e-02 3645
3.470983831885163e-01 4.023393141012548e-02 3646
3.593489975981798e-01 4.023393141012549e-02 3647
3.720143644209379e-01 4.023393141012548e-02 3648
3.850792370284776e-01 4.023393141012548e-02 3649
3.985251238286495e-01 4.023393141012548e-02 3650
4.123302813507554e-01 4.023393141012549e-02 3651
4.264697593409826e-01 4.023393141012548e-02 3652
4.409155010077274e-01 4.023393141012549e-02 3653
4.556365001402327e-01 4.023393141012548e-02 3654
4.705990152057111e-01 4.023393141012548e-02 3655
4.857668387704588e-01 4.023393141012548e-02 3656
5.011016187649044e-01 4.023393141012548e-02 3657
5.165632263075337e-01 4.023393141012548e-02 3658
5.321101631103082e-01 4.023393141012548e-02 3659
5.477000000000001e-01 4.023393141012548e-02 3660
2.486540448707750e-01 4.197375416153473e-02 3661
2.565490498951539e-01 4.197375416153475e-02 3662
2.648610825634138e-01 4.197375416153473e-02 3663
2.735993150841006e-01 4.197375416153473e-02 3664
2.827714147376686e-01 4.197375416153472e-02 3665
2.923833192125028e-01 4.197375416153473e-02 3666
3.024390095183190e-01 4.197375416153473e-02 3667
3.129402847352809e-01 4.197375416153472e-02 3668
3.238865434738639e-01 4.197375416153473e-02 3669
3.352745774703876e-01 4.197375416153473e-02 3670
3.470983831885163e-01 4.197375416153473e-02 3671
3.593489975981798e-01 4.197375416153473e-02 3672
3.720143644209379e-01 4.197375416153473e-02 3673
3.850792370284776e-01 4.197375416153473e-02 3674
3.985251238286495e-01 4.197375416153472e-02 3675
4.123302813507554e-01 4.197375416153473e-02 3676
4.264697593409826e-01 4.197375416153472e-02 3677
4.409155010077274e-01 4.197375416153472e-02 3678
4.556365001402327e-01 4.197375416153473e-02 3679
4.705990152057112e-01 4.197375416153473e-02 3680
4.857668387704588e-01 4.197375416153473e-02 3681
5.011016187649044e-01 4.197375416153473e-02 3682
5.165632263075337e-01 4.197375416153473e-02 3683
5.321101631103085e-01 4.197375416153473e-02 3684
5.477000000000001e-01 4.197375416153473e-02 3685
2.486540448707749e-01 4.356337081047719e-02 3686
2.565490498951539e-01 4.356337081047718e-02 3687
2.648610825634138e-01 4.356337081047719e-02 3688
2.735993150841007e-01 4.356337081047719e-02 3689
2.827714147376686e-01 4.356337081047719e-02 3690
2.923833192125028e-01 4.356337081047718e-02 3691
3.024390095183190e-01 4.356337081047716e-02 3692
3.129402847352809e-01 4.356337081047719e-02 3693
3.238865434738639e-01 4.356337081047719e-02 3694
3.352745774703876e-01 4.356337081047719e-02 3695
3.470983831885163e-01 4.356337081047719e-02 3696
3.593489975981798e-01 4.356337081047719e-02 3697
3.720143644209379e-01 4.356337081047719e-02 3698
3.850792370284776e-01 4.356337081047719e-02 3699
3.985251238286495e-01 4.356337081047719e-02 3700
4.123302813507554e-01 4.356337081047719e-02 3701
4.264697593409826e-01 4.356337081047718e-02 3702
4.409155010077274e-01 4.356337081047719e-02 3703
4.556365001402327e-01 4.356337081047718e-02 3704
4.705990152057111e-01 4.356337081047719e-02 3705
4.857668387704588e-01 4.356337081047719e-02 3706
5.011016187649044e-01 4.356337081047718e-02 3707
5.165632263075337e-01 4.356337081047718e-02 3708
5.321101631103083e-01 4.356337081047719e-02 3709
5.477000000000001e-01 4.356337081047719e-02 3710
2.486540448707749e-01 4.501078430589883e-02 3711
2.565490498951540e-01 4.501078430589884e-02 3712
2.648610825634138e-01 4.501078430589883e-02 3713
2.735993150841007e-01 4.501078430589884e-02 3714
2.827714147376686e-01 4.501078430589885e-02 3715
2.923833192125028e-01 4.501078430589883e-02 3716
3.024390095183190e-01 4.501078430589883e-02 3717
3.129402847352808e-01 4.501078430589885e-02 3718
3.238865434738639e-01 4.501078430589885e-02 3719
3.352745774703876e-01 4.501078430589883e-02 3720
3.470983831885163e-01 4.501078430589883e-02 3721
3.593489975981798e-01 4.501078430589884e-02 3722
3.720143644209379e-01 4.501078430589884e-02 3723
3.850792370284776e-01 4.501078430589883e-02 3724
3.985251238286495e-01 4.501078430589885e-02 3725
4.123302813507554e-01 4.501078430589884e-02 3726
4.264697593409827e-01 4.501078430589884e-02 3727
4.409155010077274e-01 4.501078430589884e-02 3728
4.556365001402328e-01 4.501078430589884e-02 3729
4.705990152057111e-01 4.501078430589883e-02 3730
4.857668387704588e-01 4.501078430589884e-02 3731
5.011016187649044e-01 4.501078430589884e-02 3732
5.165632263075337e-01 4.501078430589884e-02 3733
5.321101631103083e-01 4.501078430589884e-02 3734
5.477000000000001e-01 4.501078430589884e-02 3735
2.486540448707750e-01 4.632461221365870e-02 3736
2.565490498951539e-01 4.632461221365872e-02 3737
2.648610825634138e-01 4.632461221365872e-02 3738
2.735993150841006e-01 4.632461221365872e-02 3739
2.827714147376686e-01 4.632461221365872e-02 3740
2.923833192125028e-01 4.632461221365872e-02 3741
3.024390095183190e-01 4.632461221365872e-02 3742
3.129402847352810e-01 4.632461221365872e-02 3743
3.238865434738639e-01 4.632461221365872e-02 3744
3.352745774703876e-01 4.632461221365872e-02 3745
3.470983831885163e-01 4.632461221365872e-02 3746
3.593489975981798e-01 4.632461221365872e-02 3747
3.720143644209379e-01 4.632461221365872e-02 3748
3.850792370284776e-01 4.632461221365871e-02 3749
3.985251238286495e-01 4.632461221365872e-02 3750
4.123302813507554e-01 4.632461221365872e-02 3751
4.264697593409826e-01 4.632461221365871e-02 3752
4.409155010077274e-01 4.632461221365871e-02 3753
4.556365001402327e-01 4.632461221365872e-02 3754
4.705990152057111e-01 4.632461221365872e-02 3755
4.857668387704586e-01 4.632461221365872e-02 3756
5.011016187649044e-01 4.632461221365872e-02 3757
5.165632263075337e-01 4.632461221365872e-02 3758
5.321101631103083e-01 4.632461221365872e-02 3759
5.477000000000001e-01 4.632461221365872e-02 3760
2.486540448707749e-01 4.751381198726543e-02 3761
2.565490498951539e-01 4.751381198726545e-02 3762
2.648610825634138e-01 4.751381198726544e-02 3763
2.735993150841006e-01 4.751381198726544e-02 3764
2.827714147376686e-01 4.751381198726544e-02 3765
2.923833192125028e-01 4.751381198726544e-02 3766
3.024390095183190e-01 4.751381198726544e-02 3767
3.129402847352809e-01 4.751381198726544e-02 3768
3.238865434738638e-01 4.751381198726544e-02 3769
3.352745774703876e-01 4.751381198726544e-02 3770
3.470983831885163e-01 4.751381198726543e-02 3771
3.593489975981798e-01 4.751381198726545e-02 3772
3.720143644209379e-01 4.751381198726545e-02 3773
3.850792370284776e-01 4.751381198726544e-02 3774
3.985251238286495e-01 4.751381198726545e-02 3775
4.123302813507556e-01 4.751381198726545e-02 3776
4.264697593409826e-01 4.751381198726544e-02 3777
4.409155010077274e-01 4.751381198726545e-02 3778
4.556365001402327e-01 4.751381198726545e-02 3779
4.705990152057110e-01 4.751381198726545e-02 3780
4.857668387704588e-01 4.751381198726547e-02 3781
5.011016187649044e-01 4.751381198726545e-02 3782
5.165632263075337e-01 4.751381198726545e-02 3783
5.321101631103083e-01 4.751381198726545e-02 3784
5.477000000000001e-01 4.751381198726545e-02 3785
2.486540448707750e-01 4.858745055838034e-02 3786
2.565490498951539e-01 4.858745055838035e-02 3787
2.648610825634138e-01 4.858745055838035e-02 3788
2.735993150841007e-01 4.858745055838033e-02 3789
2.827714147376686e-01 4.858745055838034e-02 3790
2.923833192125028e-01 4.858745055838035e-02 3791
3.024390095183190e-01 4.858745055838035e-02 3792
3.129402847352809e-01 4.858745055838035e-02 3793
3.238865434738638e-01 4.858745055838035e-02 3794
3.352745774703876e-01 4.858745055838035e-02 3795
3.470983831885163e-01 4.858745055838035e-02 3796
3.593489975981798e-01 4.858745055838035e-02 3797
3.720143644209379e-01 4.858745055838035e-02 3798
3.850792370284776e-01 4.858745055838035e-02 3799
3.985251238286495e-01 4.858745055838036e-02 3800
4.123302813507554e-01 4.858745055838036e-02 3801
4.264697593409826e-01 4.858745055838035e-02 3802
4.409155010077275e-01 4.858745055838035e-02 3803
4.556365001402327e-01 4.858745055838034e-02 3804
4.705990152057110e-01 4.858745055838035e-02 3805
4.857668387704588e-01 4.858745055838033e-02 3806
5.011016187649044e-01 4.858745055838033e-02 3807
5.165632263075337e-01 4.858745055838035e-02 3808
5.321101631103083e-01 4.858745055838035e-02 3809
5.477000000000001e-01 4.858745055838034e-02 3810
2.486540448707749e-01 4.955451715223808e-02 3811
2.565490498951539e-01 4.955451715223808e-02 3812
2.648610825634138e-01 4.955451715223808e-02 3813
2.735993150841007e-01 4.955451715223810e-02 3814
2.827714147376686e-01 4.955451715223808e-02 3815
2.923833192125028e-01 4.955451715223808e-02 3816
3.024390095183190e-01 4.955451715223808e-02 3817
3.129402847352809e-01 4.955451715223808e-02 3818
3.238865434738639e-01 4.955451715223808e-02 3819
3.352745774703876e-01 4.955451715223808e-02 3820
3.470983831885163e-01 4.955451715223808e-02 3821
3.593489975981798e-01 4.955451715223808e-02 3822
3.720143644209379e-01 4.955451715223808e-02 3823
3.850792370284776e-01 4.955451715223808e-02 3824
3.985251238286495e-01 4.955451715223808e-02 3825
4.123302813507554e-01 4.955451715223808e-02 3826
4.264697593409826e-01 4.955451715223808e-02 3827
4.409155010077274e-01 4.955451715223808e-02 3828
4.556365001402327e-01 4.955451715223808e-02 3829
4.705990152057110e-01 4.955451715223808e-02 3830
4.857668387704588e-01 4.955451715223808e-02 3831
5.011016187649044e-01 4.955451715223808e-02 3832
5.165632263075337e-01 4.955451715223808e-02 3833
5.321101631103083e-01 4.955451715223808e-02 3834
5.477000000000001e-01 4.955451715223808e-02 3835
2.486540448707748e-01 5.042377636411879e-02 3836
2.565490498951539e-01 5.042377636411881e-02 3837
2.648610825634138e-01 5.042377636411879e-02 3838
2.735993150841007e-01 5.042377636411879e-02 3839
2.827714147376686e-01 5.042377636411880e-02 3840
2.923833192125028e-01 5.042377636411880e-02 3841
3.024390095183190e-01 5.042377636411879e-02 3842
3.129402847352809e-01 5.042377636411879e-02 3843
3.238865434738639e-01 5.042377636411879e-02 3844
3.352745774703876e-01 5.042377636411878e-02 3845
3.470983831885163e-01 5.042377636411878e-02 3846
3.593489975981798e-01 5.042377636411879e-02 3847
3.720143644209379e-01 5.042377636411879e-02 3848
3.850792370284776e-01 5.042377636411879e-02 3849
3.985251238286495e-01 5.042377636411879e-02 3850
4.123302813507554e-01 5.042377636411879e-02 3851
4.264697593409826e-01 5.042377636411880e-02 3852
4.409155010077274e-01 5.042377636411879e-02 3853
4.556365001402327e-01 5.042377636411879e-02 3854
4.705990152057110e-01 5.042377636411879e-02 3855
4.857668387704589e-01 5.042377636411879e-02 3856
5.011016187649044e-01 5.042377636411879e-02 3857
5.165632263075337e-01 5.042377636411879e-02 3858
5.321101631103083e-01 5.042377636411879e-02 3859
5.477000000000001e-01 5.042377636411879e-02 3860
2.486540448707749e-01 5.120365737668183e-02 3861
2.565490498951539e-01 5.120365737668182e-02 3862
2.648610825634138e-01 5.120365737668184e-02 3863
2.735993150841006e-01 5.120365737668184e-02 3864
2.827714147376686e-01 5.120365737668184e-02 3865
2.923833192125028e-01 5.120365737668182e-02 3866
3.024390095183190e-01 5.120365737668185e-02 3867
3.129402847352809e-01 5.120365737668184e-02 3868
3.238865434738639e-01 5.120365737668184e-02 3869
3.352745774703876e-01 5.120365737668184e-02 3870
3.470983831885163e-01 5.120365737668184e-02 3871
3.593489975981798e-01 5.120365737668183e-02 3872
3.720143644209379e-01 5.120365737668184e-02 3873
3.850792370284776e-01 5.120365737668183e-02 3874
3.985251238286495e-01 5.120365737668182e-02 3875
4.123302813507554e-01 5.120365737668182e-02 3876
4.264697593409826e-01 5.120365737668182e-02 3877
4.409155010077274e-01 5.120365737668184e-02 3878
4.556365001402327e-01 5.120365737668183e-02 3879
4.705990152057111e-01 5.120365737668182e-02 3880
4.857668387704589e-01 5.120365737668184e-02 3881
5.011016187649044e-01 5.120365737668183e-02 3882
5.165632263075337e-01 5.120365737668183e-02 3883
5.321101631103085e-01 5.120365737668185e-02 3884
5.477000000000001e-01 5.120365737668183e-02 3885
2.486540448707749e-01 5.190217461768778e-02 3886
2.565490498951540e-01 5.190217461768779e-02 3887
2.648610825634138e-01 5.190217461768776e-02 3888
2.735993150841006e-01 5.190217461768779e-02 3889
2.827714147376686e-01 5.190217461768780e-02 3890
2.923833192125028e-01 5.190217461768777e-02 3891
3.024390095183190e-01 5.190217461768777e-02 3892
3.129402847352809e-01 5.190217461768779e-02 3893
3.238865434738639e-01 5.190217461768779e-02 3894
3.352745774703876e-01 5.190217461768778e-02 3895
3.470983831885163e-01 5.190217461768777e-02 3896
3.593489975981798e-01 5.190217461768777e-02 3897
3.720143644209379e-01 5.190217461768779e-02 3898
3.850792370284776e-01 5.190217461768777e-02 3899
3.985251238286495e-01 5.190217461768779e-02 3900
4.123302813507554e-01 5.190217461768778e-02 3901
4.264697593409826e-01 5.190217461768779e-02 3902
4.409155010077274e-01 5.190217461768780e-02 3903
4.556365001402327e-01 5.190217461768777e-02 3904
4.705990152057111e-01 5.190217461768779e-02 3905
4.857668387704588e-01 5.190217461768780e-02 3906
5.011016187649044e-01 5.190217461768779e-02 3907
5.165632263075337e-01 5.190217461768778e-02 3908
5.321101631103085e-01 5.190217461768779e-02 3909
5.477000000000001e-01 5.190217461768778e-02 3910
2.486540448707750e-01 5.252687501299887e-02 3911
2.565490498951539e-01 5.252687501299887e-02 3912
2.648610825634138e-01 5.252687501299887e-02 3913
2.735993150841006e-01 5.252687501299887e-02 3914
2.827714147376686e-01 5.252687501299887e-02 3915
2.923833192125028e-01 5.252687501299887e-02 3916
3.024390095183190e-01 5.252687501299888e-02 3917
3.129402847352809e-01 5.252687501299887e-02 3918
3.238865434738639e-01 5.252687501299887e-02 3919
3.352745774703876e-01 5.252687501299887e-02 3920
3.470983831885163e-01 5.252687501299887e-02 3921
3.593489975981798e-01 5.252687501299887e-02 3922
3.720143644209379e-01 5.252687501299887e-02 3923
3.850792370284776e-01 5.252687501299887e-02 3924
3.985251238286495e-01 5.252687501299887e-02 3925
4.123302813507554e-01 5.252687501299887e-02 3926
4.264697593409826e-01 5.252687501299887e-02 3927
4.409155010077274e-01 5.252687501299887e-02 3928
4.556365001402327e-01 5.252687501299887e-02 3929
4.705990152057111e-01 5.252687501299887e-02 3930
4.857668387704589e-01 5.252687501299887e-02 3931
5.011016187649043e-01 5.252687501299887e-02 3932
5.165632263075337e-01 5.252687501299887e-02 3933
5.321101631103085e-01 5.252687501299887e-02 3934
5.477000000000001e-01 5.252687501299887e-02 3935
2.486540448707749e-01 5.308480715202121e-02 3936
2.565490498951539e-01 5.308480715202123e-02 3937
2.648610825634138e-01 5.308480715202122e-02 3938
2.735993150841007e-01 5.308480715202124e-02 3939
2.827714147376686e-01 5.308480715202123e-02 3940
2.923833192125028e-01 5.308480715202124e-02 3941
3.024390095183190e-01 5.308480715202124e-02 3942
3.129402847352809e-01 5.308480715202122e-02 3943
3.238865434738639e-01 5.308480715202122e-02 3944
3.352745774703876e-01 5.308480715202123e-02 3945
3.470983831885163e-01 5.308480715202123e-02 3946
3.593489975981798e-01 5.308480715202123e-02 3947
3.720143644209379e-01 5.308480715202123e-02 3948
3.850792370284777e-01 5.308480715202122e-02 3949
3.985251238286495e-01 5.308480715202125e-02 3950
4.123302813507553e-01 5.308480715202123e-02 3951
4.264697593409827e-01 5.308480715202124e-02 3952
4.409155010077274e-01 5.308480715202123e-02 3953
4.556365001402328e-01 5.308480715202124e-02 3954
4.705990152057111e-01 5.308480715202123e-02 3955
4.857668387704588e-01 5.308480715202124e-02 3956
5.011016187649044e-01 5.308480715202123e-02 3957
5.165632263075337e-01 5.308480715202123e-02 3958
5.321101631103086e-01 5.308480715202123e-02 3959
5.477000000000001e-01 5.308480715202123e-02 3960
2.486540448707749e-01 5.358250804295672e-02 3961
2.565490498951539e-01 5.358250804295672e-02 3962
2.648610825634138e-01 5.358250804295673e-02 3963
2.735993150841006e-01 5.358250804295673e-02 3964
2.827714147376686e-01 5.358250804295673e-02 3965
2.923833192125028e-01 5.358250804295672e-02 3966
3.024390095183190e-01 5.358250804295672e-02 3967
3.129402847352810e-01 5.358250804295674e-02 3968
3.238865434738639e-01 5.358250804295672e-02 3969
3.352745774703876e-01 5.358250804295672e-02 3970
3.470983831885163e-01 5.358250804295674e-02 3971
3.593489975981798e-01 5.358250804295673e-02 3972
3.720143644209379e-01 5.358250804295673e-02 3973
3.850792370284776e-01 5.358250804295675e-02 3974
3.985251238286495e-01 5.358250804295672e-02 3975
4.123302813507554e-01 5.358250804295673e-02 3976
4.264697593409826e-01 5.358250804295674e-02 3977
4.409155010077274e-01 5.358250804295674e-02 3978
4.556365001402327e-01 5.358250804295673e-02 3979
4.705990152057111e-01 5.358250804295675e-02 3980
4.857668387704588e-01 5.358250804295674e-02 3981
5.011016187649044e-01 5.358250804295674e-02 3982
5.165632263075338e-01 5.358250804295674e-02 3983
5.321101631103086e-01 5.358250804295673e-02 3984
5.477000000000001e-01 5.358250804295673e-02 3985
2.486540448707750e-01 5.402600360690891e-02 3986
2.565490498951539e-01 5.402600360690892e-02 3987
2.648610825634138e-01 5.402600360690889e-02 3988
2.735993150841006e-01 5.402600360690892e-02 3989
2.827714147376686e-01 5.402600360690890e-02 3990
2.923833192125028e-01 5.402600360690889e-02 3991
3.024390095183190e-01 5.402600360690889e-02 3992
3.129402847352810e-01 5.402600360690892e-02 3993
3.238865434738639e-01 5.402600360690892e-02 3994
3.352745774703876e-01 5.402600360690892e-02 3995
3.470983831885163e-01 5.402600360690891e-02 3996
3.593489975981798e-01 5.402600360690892e-02 3997
3.720143644209379e-01 5.402600360690892e-02 3998
3.850792370284777e-01 5.402600360690890e-02 3999
3.985251238286495e-01 5.402600360690892e-02 4000
4.123302813507554e-01 5.402600360690889e-02 4001
4.264697593409826e-01 5.402600360690892e-02 4002
4.409155010077273e-01 5.402600360690890e-02 4003
4.556365001402327e-01 5.402600360690891e-02 4004
4.705990152057110e-01 5.402600360690892e-02 4005
4.857668387704588e-01 5.402600360690890e-02 4006
5.011016187649044e-01 5.402600360690890e-02 4007
5.165632263075337e-01 5.402600360690890e-02 4008
5.321101631103085e-01 5.402600360690891e-02 4009
5.477000000000001e-01 5.402600360690891e-02 4010
2.486540448707750e-01 5.442081957842020e-02 4011
2.565490498951539e-01 5.442081957842022e-02 4012
2.648610825634138e-01 5.442081957842020e-02 4013
2.735993150841007e-01 5.442081957842021e-02 4014
2.827714147376686e-01 5.442081957842022e-02 4015
2.923833192125028e-01 5.442081957842021e-02 4016
3.024390095183190e-01 5.442081957842022e-02 4017
3.129402847352809e-01 5.442081957842021e-02 4018
3.238865434738639e-01 5.442081957842022e-02 4019
3.352745774703876e-01 5.442081957842022e-02 4020
3.470983831885163e-01 5.442081957842021e-02 4021
3.593489975981798e-01 5.442081957842022e-02 4022
3.720143644209379e-01 5.442081957842021e-02 4023
3.850792370284776e-01 5.442081957842022e-02 4024
3.985251238286495e-01 5.442081957842020e-02 4025
4.123302813507554e-01 5.442081957842021e-02 4026
4.264697593409826e-01 5.442081957842023e-02 4027
4.409155010077274e-01 5.442081957842021e-02 4028
4.556365001402328e-01 5.442081957842022e-02 4029
4.705990152057111e-01 5.442081957842023e-02 4030
4.857668387704588e-01 5.442081957842023e-02 4031
5.011016187649043e-01 5.442081957842022e-02 4032
5.165632263075337e-01 5.442081957842021e-02 4033
5.321101631103085e-01 5.442081957842022e-02 4034
5.477000000000001e-01 5.442081957842022e-02 4035
2.486540448707749e-01 5.477200000000000e-02 4036
2.565490498951539e-01 5.477200000000000e-02 4037
2.648610825634138e-01 5.477200000000000e-02 4038
2.735993150841006e-01 5.477200000000002e-02 4039
2.827714147376686e-01 5.477200000000000e-02 4040
2.923833192125028e-01 5.477200000000000e-02 4041
3.024390095183190e-01 5.477200000000000e-02 4042
3.129402847352810e-01 5.477200000000000e-02 4043
3.238865434738639e-01 5.477200000000000e-02 4044
3.352745774703876e-01 5.477200000000000e-02 4045
3.470983831885163e-01 5.477200000000000e-02 4046
3.593489975981798e-01 5.477200000000000e-02 4047
3.720143644209379e-01 5.477200000000000e-02 4048
3.850792370284777e-01 5.477200000000000e-02 4049
3.985251238286495e-01 5.477200000000000e-02 4050
4.123302813507554e-01 5.477200000000000e-02 4051
4.264697593409826e-01 5.477200000000000e-02 4052
4.409155010077273e-01 5.477200000000000e-02 4053
4.556365001402327e-01 5.477200000000000e-02 4054
4.705990152057111e-01 5.477200000000000e-02 4055
4.857668387704588e-01 5.477200000000000e-02 4056
5.011016187649044e-01 5.477200000000000e-02 4057
5.165632263075337e-01 5.477200000000000e-02 4058
5.321101631103085e-01 5.477200000000000e-02 4059
5.477000000000001e-01 5.477200000000000e-02 4060
1.477000000000000e-01 5.634432294645378e-02 4061
1.492025106777048e-01 5.634432294645378e-02 4062
1.508147164211147e-01 5.634432294645377e-02 4063
1.525441323253741e-01 5.634432294645379e-02 4064
1.543987120758111e-01 5.634432294645378e-02 4065
1.563868615865280e-01 5.634432294645378e-02 4066
1.585174510053649e-01 5.634432294645378e-02 4067
1.607998246505088e-01 5.634432294645376e-02 4068
1.632438083865821e-01 5.634432294645376e-02 4069
1.658597138872814e-01 5.634432294645377e-02 4070
1.686583391682775e-01 5.634432294645377e-02 4071
1.716509647091617e-01 5.634432294645376e-02 4072
1.748493444181310e-01 5.634432294645377e-02 4073
1.782656906296400e-01 5.634432294645378e-02 4074
1.819126522657234e-01 5.634432294645378e-02 4075
1.858032852388953e-01 5.634432294645377e-02 4076
1.899510141318948e-01 5.634432294645377e-02 4077
1.943695841610568e-01 5.634432294645377e-02 4078
1.990730024203879e-01 5.634432294645378e-02 4079
2.040754674177677e-01 5.634432294645377e-02 4080
2.093912859588205e-01 5.634432294645378e-02 4081
2.150347765141456e-01 5.634432294645377e-02 4082
2.210201583281433e-01 5.634432294645376e-02 4083
2.273614256990677e-01 5.634432294645377e-02 4084
2.340722070861714e-01 5.634432294645378e-02 4085
2.411656089860899e-01 5.634432294645378e-02 4086
1.477000000000000e-01 5.811201320902910e-02 4087
1.492025106777047e-01 5.811201320902908e-02 4088
1.508147164211147e-01 5.811201320902909e-02 4089
1.525441323253740e-01 5.811201320902910e-02 4090
1.543987120758111e-01 5.811201320902908e-02 4091
1.563868615865280e-01 5.811201320902909e-02 4092
1.585174510053649e-01 5.811201320902909e-02 4093
1.607998246505088e-01 5.811201320902909e-02 4094
1.632438083865821e-01 5.811201320902911e-02 4095
1.658597138872814e-01 5.811201320902911e-02 4096
1.686583391682775e-01 5.811201320902910e-02 4097
1.716509647091616e-01 5.811201320902910e-02 4098
1.748493444181310e-01 5.811201320902910e-02 4099
1.782656906296400e-01 5.811201320902908e-02 4100
1.819126522657234e-01 5.811201320902909e-02 4101
1.858032852388953e-01 5.811201320902911e-02 4102
1.899510141318949e-01 5.811201320902910e-02 4103
1.943695841610568e-01 5.811201320902908e-02 4104
1.990730024203879e-01 5.811201320902910e-02 4105
2.040754674177677e-01 5.811201320902911e-02 4106
2.093912859588205e-01 5.811201320902909e-02 4107
2.150347765141456e-01 5.811201320902910e-02 4108
2.210201583281434e-01 5.811201320902909e-02 4109
2.273614256990677e-01 5.811201320902909e-02 4110
2.340722070861714e-01 5.811201320902910e-02 4111
2.411656089860899e-01 5.811201320902910e-02 4112
1.477000000000000e-01 6.009765423285270e-02 4113
1.492025106777047e-01 6.009765423285270e-02 4114
1.508147164211147e-01 6.009765423285269e-02 4115
1.525441323253741e-01 6.009765423285270e-02 4116
1.543987120758111e-01 6.009765423285271e-02 4117
1.563868615865280e-01 6.009765423285269e-02 4118
1.585174510053649e-01 6.009765423285270e-02 4119
1.607998246505088e-01 6.009765423285272e-02 4120
1.632438083865821e-01 6.009765423285272e-02 4121
1.658597138872814e-01 6.009765423285270e-02 4122
1.686583391682775e-01 6.009765423285272e-02 4123
1.716509647091617e-01 6.009765423285271e-02 4124
1.748493444181310e-01 6.009765423285270e-02 4125
1.782656906296400e-01 6.009765423285270e-02 4126
1.819126522657234e-01 6.009765423285269e-02 4127
1.858032852388953e-01 6.009765423285270e-02 4128
1.899510141318949e-01 6.009765423285271e-02 4129
1.943695841610568e-01 6.009765423285270e-02 4130
1.990730024203879e-01 6.009765423285270e-02 4131
2.040754674177676e-01 6.009765423285270e-02 4132
2.093912859588205e-01 6.009765423285271e-02 4133
2.150347765141457e-01 6.009765423285271e-02 4134
2.210201583281434e-01 6.009765423285270e-02 4135
2.273614256990678e-01 6.009765423285270e-02 4136
2.340722070861714e-01 6.009765423285271e-02 4137
2.411656089860899e-01 6.009765423285271e-02 4138
1.477000000000000e-01 6.232598611926052e-02 4139
1.492025106777047e-01 6.232598611926052e-02 4140
1.508147164211147e-01 6.232598611926050e-02 4141
1.525441323253740e-01 6.232598611926052e-02 4142
1.543987120758111e-01 6.232598611926050e-02 4143
1.563868615865280e-01 6.232598611926052e-02 4144
1.585174510053649e-01 6.232598611926052e-02 4145
1.607998246505089e-01 6.232598611926052e-02 4146
1.632438083865821e-01 6.232598611926054e-02 4147
1.658597138872815e-01 6.232598611926052e-02 4148
1.686583391682775e-01 6.232598611926051e-02 4149
1.716509647091617e-01 6.232598611926052e-02 4150
1.748493444181310e-01 6.232598611926051e-02 4151
1.782656906296400e-01 6.232598611926052e-02 4152
1.819126522657234e-01 6.232598611926052e-02 4153
1.858032852388953e-01 6.232598611926051e-02 4154
1.899510141318949e-01 6.232598611926052e-02 4155
1.943695841610568e-01 6.232598611926053e-02 4156
1.990730024203879e-01 6.232598611926052e-02 4157
2.040754674177677e-01 6.232598611926052e-02 4158
2.093912859588205e-01 6.232598611926052e-02 4159
2.150347765141456e-01 6.232598611926052e-02 4160
2.210201583281433e-01 6.232598611926050e-02 4161
2.273614256990677e-01 6.232598611926052e-02 4162
2.340722070861714e-01 6.232598611926052e-02 4163
2.411656089860899e-01 6.232598611926052e-02 4164
1.477000000000000e-01 6.482398843044467e-02 4165
1.492025106777048e-01 6.482398843044471e-02 4166
1.508147164211147e-01 6.482398843044468e-02 4167
1.525441323253740e-01 6.482398843044462e-02 4168
1.543987120758111e-01 6.482398843044464e-02 4169
1.563868615865280e-01 6.482398843044467e-02 4170
1.585174510053649e-01 6.482398843044471e-02 4171
1.607998246505089e-01 6.482398843044471e-02 4172
1.632438083865821e-01 6.482398843044468e-02 4173
1.658597138872814e-01 6.482398843044468e-02 4174
1.686583391682775e-01 6.482398843044468e-02 4175
1.716509647091616e-01 6.482398843044467e-02 4176
1.748493444181310e-01 6.482398843044467e-02 4177
1.782656906296400e-01 6.482398843044468e-02 4178
1.819126522657234e-01 6.482398843044467e-02 4179
1.858032852388953e-01 6.482398843044467e-02 4180
1.899510141318949e-01 6.482398843044468e-02 4181
1.943695841610568e-01 6.482398843044467e-02 4182
1.990730024203879e-01 6.482398843044468e-02 4183
2.040754674177676e-01 6.482398843044468e-02 4184
2.093912859588205e-01 6.482398843044467e-02 4185
2.150347765141456e-01 6.482398843044468e-02 4186
2.210201583281433e-01 6.482398843044468e-02 4187
2.273614256990677e-01 6.482398843044467e-02 4188
2.340722070861714e-01 6.482398843044468e-02 4189
2.411656089860899e-01 6.482398843044467e-02 4190
1.477000000000000e-01 6.762092899389584e-02 4191
1.492025106777047e-01 6.762092899389584e-02 4192
1.508147164211147e-01 6.762092899389584e-02 4193
1.525441323253741e-01 6.762092899389581e-02 4194
1.543987120758111e-01 6.762092899389585e-02 4195
1.563868615865280e-01 6.762092899389585e-02 4196
1.585174510053649e-01 6.762092899389584e-02 4197
1.607998246505089e-01 6.762092899389585e-02 4198
1.632438083865821e-01 6.762092899389584e-02 4199
1.658597138872814e-01 6.762092899389584e-02 4200
1.686583391682774e-01 6.762092899389587e-02 4201
1.716509647091616e-01 6.762092899389581e-02 4202
1.748493444181310e-01 6.762092899389588e-02 4203
1.782656906296400e-01 6.762092899389585e-02 4204
1.819126522657234e-01 6.762092899389584e-02 4205
1.858032852388953e-01 6.762092899389585e-02 4206
1.899510141318949e-01 6.762092899389582e-02 4207
1.943695841610568e-01 6.762092899389585e-02 4208
1.990730024203879e-01 6.762092899389584e-02 4209
2.040754674177676e-01 6.762092899389585e-02 4210
2.093912859588205e-01 6.762092899389584e-02 4211
2.150347765141456e-01 6.762092899389585e-02 4212
2.210201583281434e-01 6.762092899389585e-02 4213
2.273614256990677e-01 6.762092899389584e-02 4214
2.340722070861714e-01 6.762092899389584e-02 4215
2.411656089860899e-01 6.762092899389585e-02 4216
1.477000000000000e-01 7.074836611464012e-02 4217
1.492025106777047e-01 7.074836611464012e-02 4218
1.508147164211147e-01 7.074836611464012e-02 4219
1.525441323253740e-01 7.074836611464014e-02 4220
1.543987120758111e-01 7.074836611464012e-02 4221
1.563868615865280e-01 7.074836611464012e-02 4222
1.585174510053649e-01 7.074836611464011e-02 4223
1.607998246505088e-01 7.074836611464015e-02 4224
1.632438083865821e-01 7.074836611464014e-02 4225
1.658597138872814e-01 7.074836611464012e-02 4226
1.686583391682774e-01 7.074836611464012e-02 4227
1.716509647091617e-01 7.074836611464012e-02 4228
1.748493444181310e-01 7.074836611464012e-02 4229
1.782656906296400e-01 7.074836611464011e-02 4230
1.819126522657234e-01 7.074836611464011e-02 4231
1.858032852388953e-01 7.074836611464015e-02 4232
1.899510141318949e-01 7.074836611464015e-02 4233
1.943695841610568e-01 7.074836611464012e-02 4234
1.990730024203879e-01 7.074836611464012e-02 4235
2.040754674177676e-01 7.074836611464012e-02 4236
2.093912859588205e-01 7.074836611464012e-02 4237
2.150347765141456e-01 7.074836611464012e-02 4238
2.210201583281433e-01 7.074836611464010e-02 4239
2.273614256990677e-01 7.074836611464017e-02 4240
2.340722070861714e-01 7.074836611464014e-02 4241
2.411656089860899e-01 7.074836611464012e-02 4242
1.477000000000000e-01 7.424008927517484e-02 4243
1.492025106777047e-01 7.424008927517482e-02 4244
1.508147164211147e-01 7.424008927517484e-02 4245
1.525441323253741e-01 7.424008927517486e-02 4246
1.543987120758110e-01 7.424008927517482e-02 4247
1.563868615865280e-01 7.424008927517486e-02 4248
1.585174510053649e-01 7.424008927517482e-02 4249
1.607998246505089e-01 7.424008927517482e-02 4250
1.632438083865821e-01 7.424008927517486e-02 4251
1.658597138872814e-01 7.424008927517484e-02 4252
1.686583391682775e-01 7.424008927517488e-02 4253
1.716509647091617e-01 7.424008927517482e-02 4254
1.748493444181310e-01 7.424008927517479e-02 4255
1.782656906296400e-01 7.424008927517484e-02 4256
1.819126522657234e-01 7.424008927517484e-02 4257
1.858032852388953e-01 7.424008927517484e-02 4258
1.899510141318949e-01 7.424008927517482e-02 4259
1.943695841610568e-01 7.424008927517484e-02 4260
1.990730024203879e-01 7.424008927517481e-02 4261
2.040754674177676e-01 7.424008927517484e-02 4262
2.093912859588205e-01 7.424008927517484e-02 4263
2.150347765141456e-01 7.424008927517484e-02 4264
2.210201583281434e-01 7.424008927517484e-02 4265
2.273614256990677e-01 7.424008927517484e-02 4266
2.340722070861714e-01 7.424008927517484e-02 4267
2.411656089860899e-01 7.424008927517482e-02 4268
1.477000000000000e-01 7.813198108140952e-02 4269
1.492025106777047e-01 7.813198108140952e-02 4270
1.508147164211147e-01 7.813198108140952e-02 4271
1.525441323253741e-01 7.813198108140952e-02 4272
1.543987120758111e-01 7.813198108140954e-02 4273
1.563868615865280e-01 7.813198108140952e-02 4274
1.585174510053649e-01 7.813198108140952e-02 4275
1.607998246505089e-01 7.813198108140952e-02 4276
1.632438083865821e-01 7.813198108140954e-02 4277
1.658597138872814e-01 7.813198108140952e-02 4278
1.686583391682775e-01 7.813198108140954e-02 4279
1.716509647091617e-01 7.813198108140956e-02 4280
1.748493444181310e-01 7.813198108140952e-02 4281
1.782656906296400e-01 7.813198108140955e-02 4282
1.819126522657234e-01 7.813198108140949e-02 4283
1.858032852388953e-01 7.813198108140956e-02 4284
1.899510141318949e-01 7.813198108140954e-02 4285
1.943695841610568e-01 7.813198108140954e-02 4286
1.990730024203879e-01 7.813198108140955e-02 4287
2.040754674177676e-01 7.813198108140949e-02 4288
2.093912859588205e-01 7.813198108140954e-02 4289
2.150347765141456e-01 7.813198108140954e-02 4290
2.210201583281434e-01 7.813198108140952e-02 4291
2.273614256990678e-01 7.813198108140955e-02 4292
2.340722070861714e-01 7.813198108140952e-02 4293
2.411656089860899e-01 7.813198108140954e-02 4294
1.477000000000000e-01 8.246178110110103e-02 4295
1.492025106777048e-01 8.246178110110103e-02 4296
1.508147164211147e-01 8.246178110110103e-02 4297
1.525441323253741e-01 8.246178110110103e-02 4298
1.543987120758111e-01 8.246178110110100e-02 4299
1.563868615865280e-01 8.246178110110103e-02 4300
1.585174510053649e-01 8.246178110110104e-02 4301
1.607998246505088e-01 8.246178110110099e-02 4302
1.632438083865821e-01 8.246178110110099e-02 4303
1.658597138872814e-01 8.246178110110103e-02 4304
1.686583391682775e-01 8.246178110110103e-02 4305
1.716509647091617e-01 8.246178110110104e-02 4306
1.748493444181310e-01 8.246178110110104e-02 4307
1.782656906296400e-01 8.246178110110103e-02 4308
1.819126522657234e-01 8.246178110110103e-02 4309
1.858032852388953e-01 8.246178110110101e-02 4310
1.899510141318949e-01 8.246178110110103e-02 4311
1.943695841610568e-01 8.246178110110103e-02 4312
1.990730024203879e-01 8.246178110110103e-02 4313
2.040754674177677e-01 8.246178110110107e-02 4314
2.093912859588205e-01 8.246178110110103e-02 4315
2.150347765141457e-01 8.246178110110104e-02 4316
2.210201583281434e-01 8.246178110110103e-02 4317
2.273614256990678e-01 8.246178110110101e-02 4318
2.340722070861715e-01 8.246178110110104e-02 4319
2.411656089860899e-01 8.246178110110101e-02 4320
1.477000000000000e-01 8.726873062854870e-02 4321
1.492025106777047e-01 8.726873062854867e-02 4322
1.508147164211147e-01 8.726873062854870e-02 4323
1.525441323253740e-01 8.726873062854872e-02 4324
1.543987120758111e-01 8.726873062854870e-02 4325
1.563868615865280e-01 8.726873062854870e-02 4326
1.585174510053649e-01 8.726873062854869e-02 4327
1.607998246505089e-01 8.726873062854870e-02 4328
1.632438083865821e-01 8.726873062854869e-02 4329
1.658597138872814e-01 8.726873062854874e-02 4330
1.686583391682775e-01 8.726873062854870e-02 4331
1.716509647091617e-01 8.726873062854870e-02 4332
1.748493444181310e-01 8.726873062854870e-02 4333
1.782656906296400e-01 8.726873062854870e-02 4334
1.819126522657234e-01 8.726873062854870e-02 4335
1.858032852388953e-01 8.726873062854870e-02 4336
1.899510141318949e-01 8.726873062854869e-02 4337
1.943695841610568e-01 8.726873062854872e-02 4338
1.990730024203879e-01 8.726873062854873e-02 4339
2.040754674177677e-01 8.726873062854870e-02 4340
2.093912859588205e-01 8.726873062854870e-02 4341
2.150347765141456e-01 8.726873062854870e-02 4342
2.210201583281433e-01 8.726873062854870e-02 4343
2.273614256990678e-01 8.726873062854870e-02 4344
2.340722070861714e-01 8.726873062854873e-02 4345
2.411656089860898e-01 8.726873062854870e-02 4346
1.477000000000000e-01 9.259307668277407e-02 4347
1.492025106777048e-01 9.259307668277407e-02 4348
1.508147164211147e-01 9.259307668277408e-02 4349
1.525441323253741e-01 9.259307668277406e-02 4350
1.543987120758111e-01 9.259307668277407e-02 4351
1.563868615865280e-01 9.259307668277407e-02 4352
1.585174510053649e-01 9.259307668277406e-02 4353
1.607998246505089e-01 9.259307668277410e-02 4354
1.632438083865821e-01 9.259307668277408e-02 4355
1.658597138872814e-01 9.259307668277410e-02 4356
1.686583391682775e-01 9.259307668277408e-02 4357
1.716509647091617e-01 9.259307668277407e-02 4358
1.748493444181310e-01 9.259307668277407e-02 4359
1.782656906296400e-01 9.259307668277407e-02 4360
1.819126522657234e-01 9.259307668277407e-02 4361
1.858032852388953e-01 9.259307668277407e-02 4362
1.899510141318949e-01 9.259307668277408e-02 4363
1.943695841610567e-01 9.259307668277406e-02 4364
1.990730024203879e-01 9.259307668277408e-02 4365
2.040754674177677e-01 9.259307668277407e-02 4366
2.093912859588205e-01 9.259307668277407e-02 4367
2.150347765141457e-01 9.259307668277408e-02 4368
2.210201583281433e-01 9.259307668277407e-02 4369
2.273614256990677e-01 9.259307668277408e-02 4370
2.340722070861714e-01 9.259307668277407e-02 4371
2.411656089860899e-01 9.259307668277407e-02 4372
1.477000000000000e-01 9.847541419398670e-02 4373
1.492025106777048e-01 9.847541419398667e-02 4374
1.508147164211147e-01 9.847541419398670e-02 4375
1.525441323253741e-01 9.847541419398667e-02 4376
1.543987120758111e-01 9.847541419398674e-02 4377
1.563868615865280e-01 9.847541419398671e-02 4378
1.585174510053649e-01 9.847541419398669e-02 4379
1.607998246505089e-01 9.847541419398670e-02 4380
1.632438083865821e-01 9.847541419398673e-02 4381
1.658597138872814e-01 9.847541419398670e-02 4382
1.686583391682775e-01 9.847541419398667e-02 4383
1.716509647091617e-01 9.847541419398670e-02 4384
1.748493444181310e-01 9.847541419398667e-02 4385
1.782656906296400e-01 9.847541419398669e-02 4386
1.819126522657234e-01 9.847541419398669e-02 4387
1.858032852388953e-01 9.847541419398670e-02 4388
1.899510141318949e-01 9.847541419398670e-02 4389
1.943695841610568e-01 9.847541419398667e-02 4390
1.990730024203879e-01 9.847541419398670e-02 4391
2.040754674177676e-01 9.847541419398671e-02 4392
2.093912859588205e-01 9.847541419398673e-02 4393
2.150347765141456e-01 9.847541419398670e-02 4394
2.210201583281433e-01 9.847541419398673e-02 4395
2.273614256990678e-01 9.847541419398670e-02 4396
2.340722070861714e-01 9.847541419398669e-02 4397
2.411656089860899e-01 9.847541419398669e-02 4398
1.477000000000000e-01 1.049558479312112e-01 4399
1.492025106777048e-01 1.049558479312112e-01 4400
1.508147164211147e-01 1.049558479312112e-01 4401
1.525441323253740e-01 1.049558479312112e-01 4402
1.543987120758111e-01 1.049558479312112e-01 4403
1.563868615865280e-01 1.049558479312112e-01 4404
1.585174510053649e-01 1.049558479312112e-01 4405
1.607998246505089e-01 1.049558479312112e-01 4406
1.632438083865821e-01 1.049558479312112e-01 4407
1.658597138872814e-01 1.049558479312112e-01 4408
1.686583391682775e-01 1.049558479312112e-01 4409
1.716509647091616e-01 1.049558479312112e-01 4410
1.748493444181310e-01 1.049558479312111e-01 4411
1.782656906296400e-01 1.049558479312112e-01 4412
1.819126522657234e-01 1.049558479312112e-01 4413
1.858032852388953e-01 1.049558479312112e-01 4414
1.899510141318949e-01 1.049558479312112e-01 4415
1.943695841610568e-01 1.049558479312112e-01 4416
1.990730024203879e-01 1.049558479312112e-01 4417
2.040754674177676e-01 1.049558479312112e-01 4418
2.093912859588205e-01 1.049558479312112e-01 4419
2.150347765141457e-01 1.049558479312112e-01 4420
2.210201583281433e-01 1.049558479312112e-01 4421
2.273614256990678e-01 1.049558479312112e-01 4422
2.340722070861714e-01 1.049558479312112e-01 4423
2.411656089860899e-01 1.049558479312112e-01 4424
1.477000000000000e-01 1.120729609011021e-01 4425
1.492025106777048e-01 1.120729609011021e-01 4426
1.508147164211147e-01 1.120729609011021e-01 4427
1.525441323253741e-01 1.120729609011021e-01 4428
1.543987120758111e-01 1.120729609011021e-01 4429
1.563868615865280e-01 1.120729609011021e-01 4430
1.585174510053649e-01 1.120729609011021e-01 4431
1.607998246505089e-01 1.120729609011021e-01 4432
1.632438083865821e-01 1.120729609011021e-01 4433
1.658597138872814e-01 1.120729609011021e-01 4434
1.686583391682774e-01 1.120729609011021e-01 4435
1.716509647091616e-01 1.120729609011021e-01 4436
1.748493444181310e-01 1.120729609011021e-01 4437
1.782656906296400e-01 1.120729609011021e-01 4438
1.819126522657234e-01 1.120729609011021e-01 4439
1.858032852388953e-01 1.120729609011021e-01 4440
1.899510141318949e-01 1.120729609011021e-01 4441
1.943695841610568e-01 1.120729609011021e-01 4442
1.990730024203879e-01 1.120729609011021e-01 4443
2.040754674177676e-01 1.120729609011021e-01 4444
2.093912859588205e-01 1.120729609011021e-01 4445
2.150347765141456e-01 1.120729609011021e-01 4446
2.210201583281433e-01 1.120729609011021e-01 4447
2.273614256990678e-01 1.120729609011021e-01 4448
2.340722070861714e-01 1.120729609011021e-01 4449
2.411656089860899e-01 1.120729609011021e-01 4450
1.477000000000000e-01 1.198625843160328e-01 4451
1.492025106777048e-01 1.198625843160328e-01 4452
1.508147164211147e-01 1.198625843160328e-01 4453
1.525441323253741e-01 1.198625843160328e-01 4454
1.543987120758111e-01 1.198625843160328e-01 4455
1.563868615865280e-01 1.198625843160328e-01 4456
1.585174510053649e-01 1.198625843160328e-01 4457
1.607998246505088e-01 1.198625843160328e-01 4458
1.632438083865821e-01 1.198625843160328e-01 4459
1.658597138872814e-01 1.198625843160328e-01 4460
1.686583391682775e-01 1.198625843160328e-01 4461
1.716509647091616e-01 1.198625843160328e-01 4462
1.748493444181310e-01 1.198625843160328e-01 4463
1.782656906296400e-01 1.198625843160328e-01 4464
1.819126522657234e-01 1.198625843160328e-01 4465
1.858032852388953e-01 1.198625843160328e-01 4466
1.899510141318949e-01 1.198625843160328e-01 4467
1.943695841610568e-01 1.198625843160328e-01 4468
1.990730024203879e-01 1.198625843160328e-01 4469
2.040754674177676e-01 1.198625843160328e-01 4470
2.093912859588205e-01 1.198625843160328e-01 4471
2.150347765141456e-01 1.198625843160328e-01 4472
2.210201583281433e-01 1.198625843160328e-01 4473
2.273614256990677e-01 1.198625843160328e-01 4474
2.340722070861714e-01 1.198625843160328e-01 4475
2.411656089860899e-01 1.198625843160328e-01 4476
1.477000000000000e-01 1.283563762748812e-01 4477
1.492025106777048e-01 1.283563762748813e-01 4478
1.508147164211147e-01 1.283563762748812e-01 4479
1.525441323253741e-01 1.283563762748812e-01 4480
1.543987120758111e-01 1.283563762748812e-01 4481
1.563868615865280e-01 1.283563762748812e-01 4482
1.585174510053649e-01 1.283563762748812e-01 4483
1.607998246505089e-01 1.283563762748812e-01 4484
1.632438083865821e-01 1.283563762748812e-01 4485
1.658597138872814e-01 1.283563762748812e-01 4486
1.686583391682775e-01 1.283563762748812e-01 4487
1.716509647091616e-01 1.283563762748812e-01 4488
1.748493444181310e-01 1.283563762748812e-01 4489
1.782656906296400e-01 1.283563762748812e-01 4490
1.819126522657234e-01 1.283563762748812e-01 4491
1.858032852388953e-01 1.283563762748812e-01 4492
1.899510141318949e-01 1.283563762748812e-01 4493
1.943695841610568e-01 1.283563762748812e-01 4494
1.990730024203879e-01 1.283563762748812e-01 4495
2.040754674177676e-01 1.283563762748812e-01 4496
2.093912859588205e-01 1.283563762748812e-01 4497
2.150347765141456e-01 1.283563762748812e-01 4498
2.210201583281434e-01 1.283563762748812e-01 4499
2.273614256990677e-01 1.283563762748812e-01 4500
2.340722070861714e-01 1.283563762748812e-01 4501
2.411656089860899e-01 1.283563762748812e-01 4502
1.477000000000000e-01 1.375802322332225e-01 4503
1.492025106777048e-01 1.375802322332225e-01 4504
1.508147164211147e-01 1.375802322332225e-01 4505
1.525441323253740e-01 1.375802322332225e-01 4506
1.543987120758111e-01 1.375802322332225e-01 4507
1.563868615865280e-01 1.375802322332225e-01 4508
1.585174510053649e-01 1.375802322332226e-01 4509
1.607998246505088e-01 1.375802322332226e-01 4510
1.632438083865821e-01 1.375802322332225e-01 4511
1.658597138872814e-01 1.375802322332226e-01 4512
1.686583391682775e-01 1.375802322332225e-01 4513
1.716509647091617e-01 1.375802322332225e-01 4514
1.748493444181310e-01 1.375802322332225e-01 4515
1.782656906296400e-01 1.375802322332225e-01 4516
1.819126522657234e-01 1.375802322332225e-01 4517
1.858032852388953e-01 1.375802322332225e-01 4518
1.899510141318949e-01 1.375802322332225e-01 4519
1.943695841610568e-01 1.375802322332225e-01 4520
1.990730024203879e-01 1.375802322332225e-01 4521
2.040754674177676e-01 1.375802322332225e-01 4522
2.093912859588205e-01 1.375802322332225e-01 4523
2.150347765141456e-01 1.375802322332225e-01 4524
2.210201583281434e-01 1.375802322332225e-01 4525
2.273614256990677e-01 1.375802322332225e-01 4526
2.340722070861714e-01 1.375802322332225e-01 4527
2.411656089860899e-01 1.375802322332225e-01 4528
1.477000000000000e-01 1.475525699124919e-01 4529
1.492025106777048e-01 1.475525699124919e-01 4530
1.508147164211147e-01 1.475525699124919e-01 4531
1.525441323253741e-01 1.475525699124919e-01 4532
1.543987120758111e-01 1.475525699124919e-01 4533
1.563868615865280e-01 1.475525699124919e-01 4534
1.585174510053649e-01 1.475525699124919e-01 4535
1.607998246505089e-01 1.475525699124919e-01 4536
1.632438083865821e-01 1.475525699124919e-01 4537
1.658597138872814e-01 1.475525699124918e-01 4538
1.686583391682775e-01 1.475525699124919e-01 4539
1.716509647091617e-01 1.475525699124919e-01 4540
1.748493444181310e-01 1.475525699124919e-01 4541
1.782656906296400e-01 1.475525699124918e-01 4542
1.819126522657234e-01 1.475525699124918e-01 4543
1.858032852388953e-01 1.475525699124919e-01 4544
1.899510141318949e-01 1.475525699124919e-01 4545
1.943695841610568e-01 1.475525699124918e-01 4546
1.990730024203879e-01 1.475525699124919e-01 4547
2.040754674177676e-01 1.475525699124919e-01 4548
2.093912859588205e-01 1.475525699124919e-01 4549
2.150347765141456e-01 1.475525699124919e-01 4550
2.210201583281434e-01 1.475525699124919e-01 4551
2.273614256990677e-01 1.475525699124919e-01 4552
2.340722070861714e-01 1.475525699124919e-01 4553
2.411656089860899e-01 1.475525699124919e-01 4554
1.477000000000000e-01 1.582825536098220e-01 4555
1.492025106777048e-01 1.582825536098220e-01 4556
1.508147164211147e-01 1.582825536098220e-01 4557
1.525441323253741e-01 1.582825536098220e-01 4558
1.543987120758111e-01 1.582825536098219e-01 4559
1.563868615865280e-01 1.582825536098220e-01 4560
1.585174510053649e-01 1.582825536098220e-01 4561
1.607998246505088e-01 1.582825536098221e-01 4562
1.632438083865821e-01 1.582825536098220e-01 4563
1.658597138872814e-01 1.582825536098220e-01 4564
1.686583391682775e-01 1.582825536098220e-01 4565
1.716509647091617e-01 1.582825536098220e-01 4566
1.748493444181310e-01 1.582825536098221e-01 4567
1.782656906296400e-01 1.582825536098220e-01 4568
1.819126522657234e-01 1.582825536098220e-01 4569
1.858032852388953e-01 1.582825536098220e-01 4570
1.899510141318949e-01 1.582825536098220e-01 4571
1.943695841610568e-01 1.582825536098220e-01 4572
1.990730024203879e-01 1.582825536098220e-01 4573
2.040754674177677e-01 1.582825536098220e-01 4574
2.093912859588205e-01 1.582825536098220e-01 4575
2.150347765141456e-01 1.582825536098220e-01 4576
2.210201583281434e-01 1.582825536098220e-01 4577
2.273614256990678e-01 1.582825536098220e-01 4578
2.340722070861714e-01 1.582825536098221e-01 4579
2.411656089860899e-01 1.582825536098220e-01 4580
1.477000000000000e-01 1.697683462097704e-01 4581
1.492025106777048e-01 1.697683462097704e-01 4582
1.508147164211147e-01 1.697683462097704e-01 4583
1.525441323253741e-01 1.697683462097704e-01 4584
1.543987120758111e-01 1.697683462097704e-01 4585
1.563868615865280e-01 1.697683462097704e-01 4586
1.585174510053649e-01 1.697683462097704e-01 4587
1.607998246505089e-01 1.697683462097704e-01 4588
1.632438083865821e-01 1.697683462097704e-01 4589
1.658597138872814e-01 1.697683462097705e-01 4590
1.686583391682775e-01 1.697683462097705e-01 4591
1.716509647091617e-01 1.697683462097704e-01 4592
1.748493444181310e-01 1.697683462097704e-01 4593
1.782656906296400e-01 1.697683462097704e-01 4594
1.819126522657234e-01 1.697683462097704e-01 4595
1.858032852388953e-01 1.697683462097704e-01 4596
1.899510141318949e-01 1.697683462097704e-01 4597
1.943695841610568e-01 1.697683462097704e-01 4598
1.990730024203879e-01 1.697683462097704e-01 4599
2.040754674177676e-01 1.697683462097704e-01 4600
2.093912859588205e-01 1.697683462097704e-01 4601
2.150347765141456e-01 1.697683462097704e-01 4602
2.210201583281434e-01 1.697683462097705e-01 4603
2.273614256990678e-01 1.697683462097704e-01 4604
2.340722070861714e-01 1.697683462097704e-01 4605
2.411656089860899e-01 1.697683462097704e-01 4606
1.477000000000000e-01 1.819954989764498e-01 4607
1.492025106777048e-01 1.819954989764498e-01 4608
1.508147164211147e-01 1.819954989764498e-01 4609
1.525441323253741e-01 1.819954989764498e-01 4610
1.543987120758111e-01 1.819954989764498e-01 4611
1.563868615865280e-01 1.819954989764498e-01 4612
1.585174510053649e-01 1.819954989764498e-01 4613
1.607998246505088e-01 1.819954989764498e-01 4614
1.632438083865821e-01 1.819954989764498e-01 4615
1.658597138872814e-01 1.819954989764498e-01 4616
1.686583391682775e-01 1.819954989764497e-01 4617
1.716509647091617e-01 1.819954989764497e-01 4618
1.748493444181310e-01 1.819954989764498e-01 4619
1.782656906296400e-01 1.819954989764498e-01 4620
1.819126522657234e-01 1.819954989764497e-01 4621
1.858032852388953e-01 1.819954989764498e-01 4622
1.899510141318949e-01 1.819954989764497e-01 4623
1.943695841610568e-01 1.819954989764497e-01 4624
1.990730024203879e-01 1.819954989764498e-01 4625
2.040754674177676e-01 1.819954989764498e-01 4626
2.093912859588205e-01 1.819954989764498e-01 4627
2.150347765141456e-01 1.819954989764498e-01 4628
2.210201583281433e-01 1.819954989764497e-01 4629
2.273614256990677e-01 1.819954989764498e-01 4630
2.340722070861714e-01 1.819954989764498e-01 4631
2.411656089860899e-01 1.819954989764498e-01 4632
1.477000000000000e-01 1.949356060505596e-01 4633
1.492025106777048e-01 1.949356060505595e-01 4634
1.508147164211147e-01 1.949356060505596e-01 4635
1.525441323253741e-01 1.949356060505595e-01 4636
1.543987120758111e-01 1.949356060505596e-01 4637
1.563868615865280e-01 1.949356060505596e-01 4638
1.585174510053649e-01 1.949356060505596e-01 4639
1.607998246505089e-01 1.949356060505596e-01 4640
1.632438083865821e-01 1.949356060505596e-01 4641
1.658597138872814e-01 1.949356060505596e-01 4642
1.686583391682775e-01 1.949356060505596e-01 4643
1.716509647091617e-01 1.949356060505595e-01 4644
1.748493444181310e-01 1.949356060505596e-01 4645
1.782656906296400e-01 1.949356060505595e-01 4646
1.819126522657234e-01 1.949356060505595e-01 4647
1.858032852388953e-01 1.949356060505596e-01 4648
1.899510141318949e-01 1.949356060505595e-01 4649
1.943695841610568e-01 1.949356060505596e-01 4650
1.990730024203879e-01 1.949356060505596e-01 4651
2.040754674177676e-01 1.949356060505596e-01 4652
2.093912859588205e-01 1.949356060505595e-01 4653
2.150347765141456e-01 1.949356060505596e-01 4654
2.210201583281434e-01 1.949356060505595e-01 4655
2.273614256990677e-01 1.949356060505596e-01 4656
2.340722070861714e-01 1.949356060505595e-01 4657
2.411656089860899e-01 1.949356060505596e-01 4658
1.477000000000000e-01 2.085453586656301e-01 4659
1.492025106777048e-01 2.085453586656301e-01 4660
1.508147164211147e-01 2.085453586656301e-01 4661
1.525441323253741e-01 2.085453586656300e-01 4662
1.543987120758111e-01 2.085453586656301e-01 4663
1.563868615865280e-01 2.085453586656301e-01 4664
1.585174510053649e-01 2.085453586656300e-01 4665
1.607998246505088e-01 2.085453586656300e-01 4666
1.632438083865821e-01 2.085453586656301e-01 4667
1.658597138872814e-01 2.085453586656301e-01 4668
1.686583391682775e-01 2.085453586656301e-01 4669
1.716509647091617e-01 2.085453586656301e-01 4670
1.748493444181310e-01 2.085453586656301e-01 4671
1.782656906296400e-01 2.085453586656301e-01 4672
1.819126522657234e-01 2.085453586656301e-01 4673
1.858032852388953e-01 2.085453586656301e-01 4674
1.899510141318949e-01 2.085453586656301e-01 4675
1.943695841610568e-01 2.085453586656301e-01 4676
1.990730024203879e-01 2.085453586656301e-01 4677
2.040754674177677e-01 2.085453586656301e-01 4678
2.093912859588205e-01 2.085453586656301e-01 4679
2.150347765141457e-01 2.085453586656301e-01 4680
2.210201583281433e-01 2.085453586656301e-01 4681
2.273614256990677e-01 2.085453586656301e-01 4682
2.340722070861714e-01 2.085453586656301e-01 4683
2.411656089860899e-01 2.085453586656301e-01 4684
1.477000000000000e-01 2.227661297256191e-01 4685
1.492025106777048e-01 2.227661297256191e-01 4686
1.508147164211147e-01 2.227661297256191e-01 4687
1.525441323253741e-01 2.227661297256191e-01 4688
1.543987120758110e-01 2.227661297256191e-01 4689
1.563868615865280e-01 2.227661297256192e-01 4690
1.585174510053649e-01 2.227661297256191e-01 4691
1.607998246505089e-01 2.227661297256191e-01 4692
1.632438083865821e-01 2.227661297256191e-01 4693
1.658597138872814e-01 2.227661297256191e-01 4694
1.686583391682775e-01 2.227661297256191e-01 4695
1.716509647091617e-01 2.227661297256191e-01 4696
1.748493444181310e-01 2.227661297256190e-01 4697
1.782656906296400e-01 2.227661297256191e-01 4698
1.819126522657234e-01 2.227661297256191e-01 4699
1.858032852388953e-01 2.227661297256191e-01 4700
1.899510141318949e-01 2.227661297256191e-01 4701
1.943695841610568e-01 2.227661297256191e-01 4702
1.990730024203879e-01 2.227661297256191e-01 4703
2.040754674177676e-01 2.227661297256190e-01 4704
2.093912859588205e-01 2.227661297256191e-01 4705
2.150347765141456e-01 2.227661297256192e-01 4706
2.210201583281434e-01 2.227661297256191e-01 4707
2.273614256990677e-01 2.227661297256191e-01 4708
2.340722070861714e-01 2.227661297256192e-01 4709
2.411656089860899e-01 2.227661297256191e-01 4710
1.477000000000000e-01 2.375241997493456e-01 4711
1.492025106777048e-01 2.375241997493455e-01 4712
1.508147164211147e-01 2.375241997493456e-01 4713
1.525441323253741e-01 2.375241997493456e-01 4714
1.543987120758111e-01 2.375241997493456e-01 4715
1.563868615865280e-01 2.375241997493456e-01 4716
1.585174510053649e-01 2.375241997493456e-01 4717
1.607998246505089e-01 2.375241997493456e-01 4718
1.632438083865821e-01 2.375241997493456e-01 4719
1.658597138872814e-01 2.375241997493455e-01 4720
1.686583391682775e-01 2.375241997493456e-01 4721
1.716509647091616e-01 2.375241997493455e-01 4722
1.748493444181310e-01 2.375241997493455e-01 4723
1.782656906296400e-01 2.375241997493456e-01 4724
1.819126522657234e-01 2.375241997493456e-01 4725
1.858032852388953e-01 2.375241997493455e-01 4726
1.899510141318949e-01 2.375241997493456e-01 4727
1.943695841610568e-01 2.375241997493455e-01 4728
1.990730024203879e-01 2.375241997493455e-01 4729
2.040754674177676e-01 2.375241997493456e-01 4730
2.093912859588205e-01 2.375241997493456e-01 4731
2.150347765141457e-01 2.375241997493456e-01 4732
2.210201583281434e-01 2.375241997493456e-01 4733
2.273614256990678e-01 2.375241997493455e-01 4734
2.340722070861714e-01 2.375241997493456e-01 4735
2.411656089860899e-01 2.375241997493456e-01 4736
1.477000000000000e-01 2.527316992521653e-01 4737
1.492025106777048e-01 2.527316992521653e-01 4738
1.508147164211147e-01 2.527316992521653e-01 4739
1.525441323253741e-01 2.527316992521653e-01 4740
1.543987120758111e-01 2.527316992521653e-01 4741
1.563868615865280e-01 2.527316992521653e-01 4742
1.585174510053649e-01 2.527316992521653e-01 4743
1.607998246505089e-01 2.527316992521653e-01 4744
1.632438083865821e-01 2.527316992521653e-01 4745
1.658597138872814e-01 2.527316992521653e-01 4746
1.686583391682775e-01 2.527316992521653e-01 4747
1.716509647091616e-01 2.527316992521653e-01 4748
1.748493444181310e-01 2.527316992521653e-01 4749
1.782656906296400e-01 2.527316992521653e-01 4750
1.819126522657234e-01 2.527316992521652e-01 4751
1.858032852388953e-01 2.527316992521652e-01 4752
1.899510141318949e-01 2.527316992521652e-01 4753
1.943695841610568e-01 2.527316992521652e-01 4754
1.990730024203879e-01 2.527316992521653e-01 4755
2.040754674177677e-01 2.527316992521653e-01 4756
2.093912859588205e-01 2.527316992521653e-01 4757
2.150347765141456e-01 2.527316992521653e-01 4758
2.210201583281434e-01 2.527316992521653e-01 4759
2.273614256990677e-01 2.527316992521653e-01 4760
2.340722070861714e-01 2.527316992521653e-01 4761
2.411656089860899e-01 2.527316992521653e-01 4762
1.477000000000000e-01 2.682882918708591e-01 4763
1.492025106777048e-01 2.682882918708591e-01 4764
1.508147164211147e-01 2.682882918708591e-01 4765
1.525441323253740e-01 2.682882918708592e-01 4766
1.543987120758111e-01 2.682882918708591e-01 4767
1.563868615865280e-01 2.682882918708591e-01 4768
1.585174510053649e-01 2.682882918708590e-01 4769
1.607998246505089e-01 2.682882918708591e-01 4770
1.632438083865821e-01 2.682882918708591e-01 4771
1.658597138872814e-01 2.682882918708591e-01 4772
1.686583391682775e-01 2.682882918708589e-01 4773
1.716509647091616e-01 2.682882918708591e-01 4774
1.748493444181310e-01 2.682882918708591e-01 4775
1.782656906296400e-01 2.682882918708591e-01 4776
1.819126522657234e-01 2.682882918708591e-01 4777
1.858032852388953e-01 2.682882918708591e-01 4778
1.899510141318949e-01 2.682882918708590e-01 4779
1.943695841610568e-01 2.682882918708591e-01 4780
1.990730024203879e-01 2.682882918708590e-01 4781
2.040754674177676e-01 2.682882918708591e-01 4782
2.093912859588205e-01 2.682882918708591e-01 4783
2.150347765141456e-01 2.682882918708591e-01 4784
2.210201583281434e-01 2.682882918708591e-01 4785
2.273614256990677e-01 2.682882918708591e-01 4786
2.340722070861714e-01 2.682882918708591e-01 4787
2.411656089860899e-01 2.682882918708591e-01 4788
1.477000000000000e-01 2.840835612673118e-01 4789
1.492025106777047e-01 2.840835612673118e-01 4790
1.508147164211147e-01 2.840835612673119e-01 4791
1.525441323253740e-01 2.840835612673118e-01 4792
1.543987120758111e-01 2.840835612673118e-01 4793
1.563868615865280e-01 2.840835612673118e-01 4794
1.585174510053649e-01 2.840835612673119e-01 4795
1.607998246505089e-01 2.840835612673119e-01 4796
1.632438083865821e-01 2.840835612673117e-01 4797
1.658597138872814e-01 2.840835612673118e-01 4798
1.686583391682775e-01 2.840835612673118e-01 4799
1.716509647091617e-01 2.840835612673117e-01 4800
1.748493444181310e-01 2.840835612673118e-01 4801
1.782656906296400e-01 2.840835612673119e-01 4802
1.819126522657234e-01 2.840835612673118e-01 4803
1.858032852388953e-01 2.840835612673118e-01 4804
1.899510141318949e-01 2.840835612673118e-01 4805
1.943695841610568e-01 2.840835612673119e-01 4806
1.990730024203879e-01 2.840835612673118e-01 4807
2.040754674177677e-01 2.840835612673119e-01 4808
2.093912859588205e-01 2.840835612673118e-01 4809
2.150347765141456e-01 2.840835612673118e-01 4810
2.210201583281434e-01 2.840835612673119e-01 4811
2.273614256990677e-01 2.840835612673118e-01 4812
2.340722070861714e-01 2.840835612673118e-01 4813
2.411656089860899e-01 2.840835612673119e-01 4814
1.477000000000000e-01 3.000000000000000e-01 4815
1.492025106777048e-01 3.000000000000000e-01 4816
1.508147164211147e-01 3.000000000000001e-01 4817
1.525441323253741e-01 3.000000000000001e-01 4818
1.543987120758111e-01 3.000000000000001e-01 4819
1.563868615865280e-01 3.000000000000001e-01 4820
1.585174510053649e-01 3.000000000000000e-01 4821
1.607998246505088e-01 3.000000000000001e-01 4822
1.632438083865821e-01 3.000000000000000e-01 4823
1.658597138872814e-01 3.000000000000000e-01 4824
1.686583391682775e-01 3.000000000000000e-01 4825
1.716509647091616e-01 3.000000000000000e-01 4826
1.748493444181310e-01 3.000000000000000e-01 4827
1.782656906296400e-01 3.000000000000000e-01 4828
1.819126522657234e-01 3.000000000000000e-01 4829
1.858032852388953e-01 3.000000000000000e-01 4830
1.899510141318949e-01 3.000000000000000e-01 4831
1.943695841610568e-01 3.000000000000000e-01 4832
1.990730024203879e-01 3.000000000000000e-01 4833
2.040754674177677e-01 3.000000000000001e-01 4834
2.093912859588205e-01 3.000000000000000e-01 4835
2.150347765141456e-01 3.000000000000000e-01 4836
2.210201583281434e-01 3.000000000000000e-01 4837
2.273614256990677e-01 3.000000000000000e-01 4838
2.340722070861714e-01 3.000000000000001e-01 4839
2.411656089860899e-01 3.000000000000000e-01 4840
2.486540448707750e-01 5.634432294645379e-02 4841
2.565490498951539e-01 5.634432294645378e-02 4842
2.648610825634138e-01 5.634432294645377e-02 4843
2.735993150841007e-01 5.634432294645377e-02 4844
2.827714147376686e-01 5.634432294645379e-02 4845
2.923833192125028e-01 5.634432294645377e-02 4846
3.024390095183190e-01 5.634432294645378e-02 4847
3.129402847352809e-01 5.634432294645378e-02 4848
3.238865434738639e-01 5.634432294645378e-02 4849
3.352745774703876e-01 5.634432294645377e-02 4850
3.470983831885163e-01 5.634432294645377e-02 4851
3.593489975981798e-01 5.634432294645378e-02 4852
3.720143644209379e-01 5.634432294645377e-02 4853
3.850792370284776e-01 5.634432294645378e-02 4854
3.985251238286495e-01 5.634432294645378e-02 4855
4.123302813507554e-01 5.634432294645377e-02 4856
4.264697593409826e-01 5.634432294645377e-02 4857
4.409155010077273e-01 5.634432294645377e-02 4858
4.556365001402327e-01 5.634432294645377e-02 4859
4.705990152057111e-01 5.634432294645378e-02 4860
4.857668387704588e-01 5.634432294645378e-02 4861
5.011016187649043e-01 5.634432294645377e-02 4862
5.165632263075337e-01 5.634432294645377e-02 4863
5.321101631103086e-01 5.634432294645378e-02 4864
5.477000000000001e-01 5.634432294645378e-02 4865
2.486540448707749e-01 5.811201320902910e-02 4866
2.565490498951539e-01 5.811201320902910e-02 4867
2.648610825634138e-01 5.811201320902908e-02 4868
2.735993150841006e-01 5.811201320902908e-02 4869
2.827714147376686e-01 5.811201320902909e-02 4870
2.923833192125028e-01 5.811201320902910e-02 4871
3.024390095183190e-01 5.811201320902910e-02 4872
3.129402847352809e-01 5.811201320902909e-02 4873
3.238865434738639e-01 5.811201320902909e-02 4874
3.352745774703876e-01 5.811201320902909e-02 4875
3.470983831885163e-01 5.811201320902910e-02 4876
3.593489975981798e-01 5.811201320902909e-02 4877
3.720143644209380e-01 5.811201320902911e-02 4878
3.850792370284777e-01 5.811201320902909e-02 4879
3.985251238286495e-01 5.811201320902908e-02 4880
4.123302813507554e-01 5.811201320902910e-02 4881
4.264697593409826e-01 5.811201320902911e-02 4882
4.409155010077273e-01 5.811201320902910e-02 4883
4.556365001402327e-01 5.811201320902910e-02 4884
4.705990152057110e-01 5.811201320902910e-02 4885
4.857668387704589e-01 5.811201320902908e-02 4886
5.011016187649044e-01 5.811201320902909e-02 4887
5.165632263075338e-01 5.811201320902911e-02 4888
5.321101631103085e-01 5.811201320902910e-02 4889
5.477000000000001e-01 5.811201320902910e-02 4890
2.486540448707749e-01 6.009765423285271e-02 4891
2.565490498951539e-01 6.009765423285272e-02 4892
2.648610825634137e-01 6.009765423285272e-02 4893
2.735993150841006e-01 6.009765423285270e-02 4894
2.827714147376686e-01 6.009765423285270e-02 4895
2.923833192125028e-01 6.009765423285270e-02 4896
3.024390095183190e-01 6.009765423285270e-02 4897
3.129402847352810e-01 6.009765423285270e-02 4898
3.238865434738639e-01 6.009765423285270e-02 4899
3.352745774703876e-01 6.009765423285269e-02 4900
3.470983831885163e-01 6.009765423285271e-02 4901
3.593489975981798e-01 6.009765423285269e-02 4902
3.720143644209379e-01 6.009765423285272e-02 4903
3.850792370284776e-01 6.009765423285271e-02 4904
3.985251238286495e-01 6.009765423285270e-02 4905
4.123302813507554e-01 6.009765423285271e-02 4906
4.264697593409826e-01 6.009765423285270e-02 4907
4.409155010077274e-01 6.009765423285270e-02 4908
4.556365001402327e-01 6.009765423285269e-02 4909
4.705990152057111e-01 6.009765423285272e-02 4910
4.857668387704588e-01 6.009765423285272e-02 4911
5.011016187649044e-01 6.009765423285272e-02 4912
5.165632263075338e-01 6.009765423285273e-02 4913
5.321101631103086e-01 6.009765423285270e-02 4914
5.477000000000001e-01 6.009765423285270e-02 4915
2.486540448707749e-01 6.232598611926051e-02 4916
2.565490498951540e-01 6.232598611926051e-02 4917
2.648610825634137e-01 6.232598611926052e-02 4918
2.735993150841006e-01 6.232598611926053e-02 4919
2.827714147376686e-01 6.232598611926051e-02 4920
2.923833192125028e-01 6.232598611926051e-02 4921
3.024390095183190e-01 6.232598611926051e-02 4922
3.129402847352810e-01 6.232598611926052e-02 4923
3.238865434738639e-01 6.232598611926052e-02 4924
3.352745774703876e-01 6.232598611926052e-02 4925
3.470983831885163e-01 6.232598611926052e-02 4926
3.593489975981798e-01 6.232598611926052e-02 4927
3.720143644209379e-01 6.232598611926052e-02 4928
3.850792370284777e-01 6.232598611926052e-02 4929
3.985251238286496e-01 6.232598611926052e-02 4930
4.123302813507553e-01 6.232598611926052e-02 4931
4.264697593409827e-01 6.232598611926052e-02 4932
4.409155010077273e-01 6.232598611926052e-02 4933
4.556365001402328e-01 6.232598611926052e-02 4934
4.705990152057111e-01 6.232598611926052e-02 4935
4.857668387704588e-01 6.232598611926051e-02 4936
5.011016187649046e-01 6.232598611926052e-02 4937
5.165632263075337e-01 6.232598611926052e-02 4938
5.321101631103086e-01 6.232598611926052e-02 4939
5.477000000000001e-01 6.232598611926052e-02 4940
2.486540448707750e-01 6.482398843044468e-02 4941
2.565490498951540e-01 6.482398843044468e-02 4942
2.648610825634138e-01 6.482398843044467e-02 4943
2.735993150841007e-01 6.482398843044468e-02 4944
2.827714147376686e-01 6.482398843044468e-02 4945
2.923833192125028e-01 6.482398843044468e-02 4946
3.024390095183190e-01 6.482398843044468e-02 4947
3.129402847352810e-01 6.482398843044468e-02 4948
3.238865434738638e-01 6.482398843044467e-02 4949
3.352745774703876e-01 6.482398843044468e-02 4950
3.470983831885163e-01 6.482398843044468e-02 4951
3.593489975981798e-01 6.482398843044468e-02 4952
3.720143644209379e-01 6.482398843044468e-02 4953
3.850792370284776e-01 6.482398843044468e-02 4954
3.985251238286495e-01 6.482398843044468e-02 4955
4.123302813507554e-01 6.482398843044468e-02 4956
4.264697593409826e-01 6.482398843044467e-02 4957
4.409155010077273e-01 6.482398843044468e-02 4958
4.556365001402327e-01 6.482398843044468e-02 4959
4.705990152057111e-01 6.482398843044468e-02 4960
4.857668387704589e-01 6.482398843044468e-02 4961
5.011016187649043e-01 6.482398843044468e-02 4962
5.165632263075337e-01 6.482398843044468e-02 4963
5.321101631103085e-01 6.482398843044467e-02 4964
5.477000000000001e-01 6.482398843044467e-02 4965
2.486540448707749e-01 6.762092899389585e-02 4966
2.565490498951540e-01 6.762092899389585e-02 4967
2.648610825634138e-01 6.762092899389584e-02 4968
2.735993150841006e-01 6.762092899389585e-02 4969
2.827714147376686e-01 6.762092899389585e-02 4970
2.923833192125028e-01 6.762092899389585e-02 4971
3.024390095183190e-01 6.762092899389584e-02 4972
3.129402847352810e-01 6.762092899389585e-02 4973
3.238865434738639e-01 6.762092899389584e-02 4974
3.352745774703876e-01 6.762092899389585e-02 4975
3.470983831885163e-01 6.762092899389585e-02 4976
3.593489975981798e-01 6.762092899389584e-02 4977
3.720143644209379e-01 6.762092899389585e-02 4978
3.850792370284777e-01 6.762092899389585e-02 4979
3.985251238286495e-01 6.762092899389585e-02 4980
4.123302813507554e-01 6.762092899389585e-02 4981
4.264697593409826e-01 6.762092899389584e-02 4982
4.409155010077273e-01 6.762092899389585e-02 4983
4.556365001402327e-01 6.762092899389584e-02 4984
4.705990152057111e-01 6.762092899389585e-02 4985
4.857668387704589e-01 6.762092899389585e-02 4986
5.011016187649046e-01 6.762092899389584e-02 4987
5.165632263075337e-01 6.762092899389584e-02 4988
5.321101631103086e-01 6.762092899389585e-02 4989
5.477000000000001e-01 6.762092899389584e-02 4990
2.486540448707749e-01 7.074836611464012e-02 4991
2.565490498951539e-01 7.074836611464014e-02 4992
2.648610825634137e-01 7.074836611464012e-02 4993
2.735993150841006e-01 7.074836611464012e-02 4994
2.827714147376686e-01 7.074836611464012e-02 4995
2.923833192125028e-01 7.074836611464012e-02 4996
3.024390095183190e-01 7.074836611464014e-02 4997
3.129402847352810e-01 7.074836611464010e-02 4998
3.238865434738639e-01 7.074836611464012e-02 4999
3.352745774703875e-01 7.074836611464012e-02 5000
3.470983831885163e-01 7.074836611464011e-02 5001
3.593489975981798e-01 7.074836611464012e-02 5002
3.720143644209379e-01 7.074836611464014e-02 5003
3.850792370284776e-01 7.074836611464012e-02 5004
3.985251238286495e-01 7.074836611464012e-02 5005
4.123302813507554e-01 7.074836611464012e-02 5006
4.264697593409826e-01 7.074836611464012e-02 5007
4.409155010077273e-01 7.074836611464012e-02 5008
4.556365001402327e-01 7.074836611464012e-02 5009
4.705990152057110e-01 7.074836611464014e-02 5010
4.857668387704589e-01 7.074836611464014e-02 5011
5.011016187649044e-01 7.074836611464012e-02 5012
5.165632263075337e-01 7.074836611464012e-02 5013
5.321101631103083e-01 7.074836611464014e-02 5014
5.477000000000001e-01 7.074836611464012e-02 5015
2.486540448707748e-01 7.424008927517484e-02 5016
2.565490498951540e-01 7.424008927517484e-02 5017
2.648610825634138e-01 7.424008927517482e-02 5018
2.735993150841006e-01 7.424008927517482e-02 5019
2.827714147376686e-01 7.424008927517484e-02 5020
2.923833192125028e-01 7.424008927517484e-02 5021
3.024390095183191e-01 7.424008927517484e-02 5022
3.129402847352810e-01 7.424008927517482e-02 5023
3.238865434738639e-01 7.424008927517484e-02 5024
3.352745774703876e-01 7.424008927517484e-02 5025
3.470983831885163e-01 7.424008927517484e-02 5026
3.593489975981798e-01 7.424008927517484e-02 5027
3.720143644209379e-01 7.424008927517484e-02 5028
3.850792370284776e-01 7.424008927517482e-02 5029
3.985251238286495e-01 7.424008927517484e-02 5030
4.123302813507554e-01 7.424008927517484e-02 5031
4.264697593409826e-01 7.424008927517484e-02 5032
4.409155010077273e-01 7.424008927517482e-02 5033
4.556365001402328e-01 7.424008927517484e-02 5034
4.705990152057110e-01 7.424008927517484e-02 5035
4.857668387704589e-01 7.424008927517484e-02 5036
5.011016187649044e-01 7.424008927517484e-02 5037
5.165632263075337e-01 7.424008927517484e-02 5038
5.321101631103085e-01 7.424008927517484e-02 5039
5.477000000000001e-01 7.424008927517484e-02 5040
2.486540448707749e-01 7.813198108140955e-02 5041
2.565490498951539e-01 7.813198108140955e-02 5042
2.648610825634138e-01 7.813198108140954e-02 5043
2.735993150841007e-01 7.813198108140956e-02 5044
2.827714147376686e-01 7.813198108140954e-02 5045
2.923833192125028e-01 7.813198108140952e-02 5046
3.024390095183190e-01 7.813198108140954e-02 5047
3.129402847352809e-01 7.813198108140952e-02 5048
3.238865434738639e-01 7.813198108140952e-02 5049
3.352745774703875e-01 7.813198108140954e-02 5050
3.470983831885163e-01 7.813198108140954e-02 5051
3.593489975981798e-01 7.813198108140952e-02 5052
3.720143644209379e-01 7.813198108140952e-02 5053
3.850792370284776e-01 7.813198108140952e-02 5054
3.985251238286495e-01 7.813198108140954e-02 5055
4.123302813507554e-01 7.813198108140952e-02 5056
4.264697593409826e-01 7.813198108140954e-02 5057
4.409155010077273e-01 7.813198108140954e-02 5058
4.556365001402327e-01 7.813198108140952e-02 5059
4.705990152057110e-01 7.813198108140952e-02 5060
4.857668387704589e-01 7.813198108140952e-02 5061
5.011016187649044e-01 7.813198108140954e-02 5062
5.165632263075337e-01 7.813198108140952e-02 5063
5.321101631103083e-01 7.813198108140954e-02 5064
5.477000000000001e-01 7.813198108140952e-02 5065
2.486540448707749e-01 8.246178110110103e-02 5066
2.565490498951540e-01 8.246178110110103e-02 5067
2.648610825634138e-01 8.246178110110103e-02 5068
2.735993150841007e-01 8.246178110110103e-02 5069
2.827714147376686e-01 8.246178110110103e-02 5070
2.923833192125028e-01 8.246178110110103e-02 5071
3.024390095183190e-01 8.246178110110103e-02 5072
3.129402847352809e-01 8.246178110110101e-02 5073
3.238865434738638e-01 8.246178110110103e-02 5074
3.352745774703876e-01 8.246178110110103e-02 5075
3.470983831885163e-01 8.246178110110103e-02 5076
3.593489975981798e-01 8.246178110110103e-02 5077
3.720143644209380e-01 8.246178110110103e-02 5078
3.850792370284776e-01 8.246178110110103e-02 5079
3.985251238286494e-01 8.246178110110103e-02 5080
4.123302813507554e-01 8.246178110110103e-02 5081
4.264697593409826e-01 8.246178110110103e-02 5082
4.409155010077274e-01 8.246178110110103e-02 5083
4.556365001402327e-01 8.246178110110103e-02 5084
4.705990152057112e-01 8.246178110110103e-02 5085
4.857668387704587e-01 8.246178110110103e-02 5086
5.011016187649044e-01 8.246178110110103e-02 5087
5.165632263075337e-01 8.246178110110103e-02 5088
5.321101631103086e-01 8.246178110110103e-02 5089
5.477000000000001e-01 8.246178110110103e-02 5090
2.486540448707749e-01 8.726873062854870e-02 5091
2.565490498951540e-01 8.726873062854870e-02 5092
2.648610825634138e-01 8.726873062854870e-02 5093
2.735993150841006e-01 8.726873062854870e-02 5094
2.827714147376686e-01 8.726873062854870e-02 5095
2.923833192125028e-01 8.726873062854870e-02 5096
3.024390095183190e-01 8.726873062854870e-02 5097
3.129402847352809e-01 8.726873062854870e-02 5098
3.238865434738638e-01 8.726873062854870e-02 5099
3.352745774703876e-01 8.726873062854870e-02 5100
3.470983831885163e-01 8.726873062854870e-02 5101
3.593489975981798e-01 8.726873062854870e-02 5102
3.720143644209379e-01 8.726873062854870e-02 5103
3.850792370284776e-01 8.726873062854870e-02 5104
3.985251238286495e-01 8.726873062854870e-02 5105
4.123302813507556e-01 8.726873062854870e-02 5106
4.264697593409826e-01 8.726873062854870e-02 5107
4.409155010077274e-01 8.726873062854870e-02 5108
4.556365001402327e-01 8.726873062854870e-02 5109
4.705990152057110e-01 8.726873062854870e-02 5110
4.857668387704589e-01 8.726873062854870e-02 5111
5.011016187649044e-01 8.726873062854870e-02 5112
5.165632263075337e-01 8.726873062854870e-02 5113
5.321101631103085e-01 8.726873062854870e-02 5114
5.477000000000001e-01 8.726873062854870e-02 5115
2.486540448707749e-01 9.259307668277407e-02 5116
2.565490498951539e-01 9.259307668277408e-02 5117
2.648610825634137e-01 9.259307668277407e-02 5118
2.735993150841006e-01 9.259307668277407e-02 5119
2.827714147376686e-01 9.259307668277408e-02 5120
2.923833192125028e-01 9.259307668277407e-02 5121
3.024390095183190e-01 9.259307668277406e-02 5122
3.129402847352810e-01 9.259307668277407e-02 5123
3.238865434738639e-01 9.259307668277407e-02 5124
3.352745774703876e-01 9.259307668277407e-02 5125
3.470983831885163e-01 9.259307668277408e-02 5126
3.593489975981798e-01 9.259307668277407e-02 5127
3.720143644209379e-01 9.259307668277407e-02 5128
3.850792370284776e-01 9.259307668277406e-02 5129
3.985251238286495e-01 9.259307668277406e-02 5130
4.123302813507554e-01 9.259307668277407e-02 5131
4.264697593409826e-01 9.259307668277408e-02 5132
4.409155010077274e-01 9.259307668277407e-02 5133
4.556365001402327e-01 9.259307668277410e-02 5134
4.705990152057110e-01 9.259307668277407e-02 5135
4.857668387704586e-01 9.259307668277406e-02 5136
5.011016187649044e-01 9.259307668277407e-02 5137
5.165632263075337e-01 9.259307668277407e-02 5138
5.321101631103083e-01 9.259307668277408e-02 5139
5.477000000000001e-01 9.259307668277407e-02 5140
2.486540448707749e-01 9.847541419398669e-02 5141
2.565490498951539e-01 9.847541419398670e-02 5142
2.648610825634138e-01 9.847541419398669e-02 5143
2.735993150841007e-01 9.847541419398670e-02 5144
2.827714147376686e-01 9.847541419398671e-02 5145
2.923833192125028e-01 9.847541419398671e-02 5146
3.024390095183190e-01 9.847541419398671e-02 5147
3.129402847352810e-01 9.847541419398670e-02 5148
3.238865434738639e-01 9.847541419398669e-02 5149
3.352745774703876e-01 9.847541419398670e-02 5150
3.470983831885163e-01 9.847541419398670e-02 5151
3.593489975981798e-01 9.847541419398670e-02 5152
3.720143644209379e-01 9.847541419398670e-02 5153
3.850792370284776e-01 9.847541419398670e-02 5154
3.985251238286495e-01 9.847541419398670e-02 5155
4.123302813507554e-01 9.847541419398671e-02 5156
4.264697593409827e-01 9.847541419398670e-02 5157
4.409155010077273e-01 9.847541419398670e-02 5158
4.556365001402328e-01 9.847541419398670e-02 5159
4.705990152057111e-01 9.847541419398670e-02 5160
4.857668387704588e-01 9.847541419398671e-02 5161
5.011016187649044e-01 9.847541419398670e-02 5162
5.165632263075337e-01 9.847541419398670e-02 5163
5.321101631103083e-01 9.847541419398670e-02 5164
5.477000000000001e-01 9.847541419398670e-02 5165
2.486540448707748e-01 1.049558479312112e-01 5166
2.565490498951539e-01 1.049558479312112e-01 5167
2.648610825634137e-01 1.049558479312112e-01 5168
2.735993150841007e-01 1.049558479312111e-01 5169
2.827714147376686e-01 1.049558479312112e-01 5170
2.923833192125028e-01 1.049558479312112e-01 5171
3.024390095183190e-01 1.049558479312112e-01 5172
3.129402847352809e-01 1.049558479312112e-01 5173
3.238865434738639e-01 1.049558479312112e-01 5174
3.352745774703876e-01 1.049558479312112e-01 5175
3.470983831885163e-01 1.049558479312112e-01 5176
3.593489975981798e-01 1.049558479312112e-01 5177
3.720143644209379e-01 1.049558479312112e-01 5178
3.850792370284776e-01 1.049558479312112e-01 5179
3.985251238286495e-01 1.049558479312112e-01 5180
4.123302813507554e-01 1.049558479312112e-01 5181
4.264697593409826e-01 1.049558479312112e-01 5182
4.409155010077273e-01 1.049558479312112e-01 5183
4.556365001402327e-01 1.049558479312112e-01 5184
4.705990152057111e-01 1.049558479312112e-01 5185
4.857668387704588e-01 1.049558479312112e-01 5186
5.011016187649044e-01 1.049558479312112e-01 5187
5.165632263075337e-01 1.049558479312112e-01 5188
5.321101631103083e-01 1.049558479312112e-01 5189
5.477000000000001e-01 1.049558479312112e-01 5190
2.486540448707749e-01 1.120729609011021e-01 5191
2.565490498951539e-01 1.120729609011021e-01 5192
2.648610825634138e-01 1.120729609011021e-01 5193
2.735993150841006e-01 1.120729609011021e-01 5194
2.827714147376686e-01 1.120729609011021e-01 5195
2.923833192125028e-01 1.120729609011021e-01 5196
3.024390095183190e-01 1.120729609011021e-01 5197
3.129402847352809e-01 1.120729609011021e-01 5198
3.238865434738639e-01 1.120729609011021e-01 5199
3.352745774703876e-01 1.120729609011021e-01 5200
3.470983831885163e-01 1.120729609011021e-01 5201
3.593489975981798e-01 1.120729609011021e-01 5202
3.720143644209379e-01 1.120729609011021e-01 5203
3.850792370284776e-01 1.120729609011021e-01 5204
3.985251238286495e-01 1.120729609011021e-01 5205
4.123302813507554e-01 1.120729609011021e-01 5206
4.264697593409826e-01 1.120729609011021e-01 5207
4.409155010077273e-01 1.120729609011021e-01 5208
4.556365001402327e-01 1.120729609011021e-01 5209
4.705990152057112e-01 1.120729609011021e-01 5210
4.857668387704588e-01 1.120729609011021e-01 5211
5.011016187649043e-01 1.120729609011021e-01 5212
5.165632263075337e-01 1.120729609011021e-01 5213
5.321101631103086e-01 1.120729609011021e-01 5214
5.477000000000001e-01 1.120729609011021e-01 5215
2.486540448707749e-01 1.198625843160328e-01 5216
2.565490498951539e-01 1.198625843160328e-01 5217
2.648610825634138e-01 1.198625843160328e-01 5218
2.735993150841006e-01 1.198625843160328e-01 5219
2.827714147376686e-01 1.198625843160328e-01 5220
2.923833192125028e-01 1.198625843160328e-01 5221
3.024390095183190e-01 1.198625843160328e-01 5222
3.129402847352809e-01 1.198625843160328e-01 5223
3.238865434738638e-01 1.198625843160328e-01 5224
3.352745774703876e-01 1.198625843160328e-01 5225
3.470983831885163e-01 1.198625843160328e-01 5226
3.593489975981799e-01 1.198625843160328e-01 5227
3.720143644209379e-01 1.198625843160328e-01 5228
3.850792370284776e-01 1.198625843160328e-01 5229
3.985251238286495e-01 1.198625843160328e-01 5230
4.123302813507554e-01 1.198625843160328e-01 5231
4.264697593409826e-01 1.198625843160328e-01 5232
4.409155010077274e-01 1.198625843160328e-01 5233
4.556365001402327e-01 1.198625843160328e-01 5234
4.705990152057110e-01 1.198625843160328e-01 5235
4.857668387704588e-01 1.198625843160328e-01 5236
5.011016187649044e-01 1.198625843160328e-01 5237
5.165632263075337e-01 1.198625843160328e-01 5238
5.321101631103083e-01 1.198625843160328e-01 5239
5.477000000000001e-01 1.198625843160328e-01 5240
2.486540448707749e-01 1.283563762748812e-01 5241
2.565490498951539e-01 1.283563762748812e-01 5242
2.648610825634138e-01 1.283563762748812e-01 5243
2.735993150841006e-01 1.283563762748812e-01 5244
2.827714147376686e-01 1.283563762748812e-01 5245
2.923833192125028e-01 1.283563762748812e-01 5246
3.024390095183190e-01 1.283563762748812e-01 5247
3.129402847352810e-01 1.283563762748812e-01 5248
3.238865434738639e-01 1.283563762748812e-01 5249
3.352745774703876e-01 1.283563762748812e-01 5250
3.470983831885163e-01 1.283563762748812e-01 5251
3.593489975981798e-01 1.283563762748812e-01 5252
3.720143644209379e-01 1.283563762748812e-01 5253
3.850792370284776e-01 1.283563762748812e-01 5254
3.985251238286495e-01 1.283563762748812e-01 5255
4.123302813507554e-01 1.283563762748812e-01 5256
4.264697593409826e-01 1.283563762748812e-01 5257
4.409155010077272e-01 1.283563762748812e-01 5258
4.556365001402327e-01 1.283563762748812e-01 5259
4.705990152057111e-01 1.283563762748812e-01 5260
4.857668387704588e-01 1.283563762748812e-01 5261
5.011016187649044e-01 1.283563762748812e-01 5262
5.165632263075337e-01 1.283563762748812e-01 5263
5.321101631103083e-01 1.283563762748812e-01 5264
5.477000000000001e-01 1.283563762748812e-01 5265
2.486540448707750e-01 1.375802322332225e-01 5266
2.565490498951539e-01 1.375802322332225e-01 5267
2.648610825634138e-01 1.375802322332225e-01 5268
2.735993150841006e-01 1.375802322332225e-01 5269
2.827714147376686e-01 1.375802322332225e-01 5270
2.923833192125028e-01 1.375802322332225e-01 5271
3.024390095183190e-01 1.375802322332225e-01 5272
3.129402847352809e-01 1.375802322332225e-01 5273
3.238865434738639e-01 1.375802322332225e-01 5274
3.352745774703876e-01 1.375802322332225e-01 5275
3.470983831885163e-01 1.375802322332225e-01 5276
3.593489975981798e-01 1.375802322332225e-01 5277
3.720143644209379e-01 1.375802322332225e-01 5278
3.850792370284776e-01 1.375802322332225e-01 5279
3.985251238286495e-01 1.375802322332225e-01 5280
4.123302813507556e-01 1.375802322332225e-01 5281
4.264697593409826e-01 1.375802322332225e-01 5282
4.409155010077273e-01 1.375802322332225e-01 5283
4.556365001402327e-01 1.375802322332225e-01 5284
4.705990152057111e-01 1.375802322332225e-01 5285
4.857668387704589e-01 1.375802322332225e-01 5286
5.011016187649044e-01 1.375802322332225e-01 5287
5.165632263075337e-01 1.375802322332225e-01 5288
5.321101631103083e-01 1.375802322332225e-01 5289
5.477000000000001e-01 1.375802322332225e-01 5290
2.486540448707749e-01 1.475525699124919e-01 5291
2.565490498951539e-01 1.475525699124919e-01 5292
2.648610825634138e-01 1.475525699124919e-01 5293
2.735993150841006e-01 1.475525699124919e-01 5294
2.827714147376686e-01 1.475525699124919e-01 5295
2.923833192125028e-01 1.475525699124919e-01 5296
3.024390095183190e-01 1.475525699124919e-01 5297
3.129402847352809e-01 1.475525699124919e-01 5298
3.238865434738639e-01 1.475525699124919e-01 5299
3.352745774703876e-01 1.475525699124919e-01 5300
3.470983831885163e-01 1.475525699124919e-01 5301
3.593489975981798e-01 1.475525699124919e-01 5302
3.720143644209379e-01 1.475525699124919e-01 5303
3.850792370284777e-01 1.475525699124919e-01 5304
3.985251238286495e-01 1.475525699124919e-01 5305
4.123302813507554e-01 1.475525699124919e-01 5306
4.264697593409826e-01 1.475525699124919e-01 5307
4.409155010077273e-01 1.475525699124919e-01 5308
4.556365001402327e-01 1.475525699124919e-01 5309
4.705990152057110e-01 1.475525699124919e-01 5310
4.857668387704589e-01 1.475525699124919e-01 5311
5.011016187649044e-01 1.475525699124919e-01 5312
5.165632263075337e-01 1.475525699124919e-01 5313
5.321101631103083e-01 1.475525699124919e-01 5314
5.477000000000001e-01 1.475525699124919e-01 5315
2.486540448707750e-01 1.582825536098220e-01 5316
2.565490498951539e-01 1.582825536098220e-01 5317
2.648610825634138e-01 1.582825536098220e-01 5318
2.735993150841006e-01 1.582825536098220e-01 5319
2.827714147376686e-01 1.582825536098220e-01 5320
2.923833192125028e-01 1.582825536098220e-01 5321
3.024390095183190e-01 1.582825536098220e-01 5322
3.129402847352809e-01 1.582825536098220e-01 5323
3.238865434738639e-01 1.582825536098220e-01 5324
3.352745774703876e-01 1.582825536098220e-01 5325
3.470983831885163e-01 1.582825536098220e-01 5326
3.593489975981798e-01 1.582825536098220e-01 5327
3.720143644209379e-01 1.582825536098220e-01 5328
3.850792370284776e-01 1.582825536098220e-01 5329
3.985251238286495e-01 1.582825536098220e-01 5330
4.123302813507553e-01 1.582825536098220e-01 5331
4.264697593409826e-01 1.582825536098220e-01 5332
4.409155010077275e-01 1.582825536098220e-01 5333
4.556365001402328e-01 1.582825536098220e-01 5334
4.705990152057110e-01 1.582825536098220e-01 5335
4.857668387704586e-01 1.582825536098220e-01 5336
5.011016187649044e-01 1.582825536098220e-01 5337
5.165632263075337e-01 1.582825536098220e-01 5338
5.321101631103083e-01 1.582825536098220e-01 5339
5.477000000000001e-01 1.582825536098220e-01 5340
2.486540448707750e-01 1.697683462097704e-01 5341
2.565490498951539e-01 1.697683462097704e-01 5342
2.648610825634138e-01 1.697683462097704e-01 5343
2.735993150841006e-01 1.697683462097704e-01 5344
2.827714147376686e-01 1.697683462097704e-01 5345
2.923833192125028e-01 1.697683462097704e-01 5346
3.024390095183190e-01 1.697683462097704e-01 5347
3.129402847352809e-01 1.697683462097704e-01 5348
3.238865434738639e-01 1.697683462097704e-01 5349
3.352745774703876e-01 1.697683462097704e-01 5350
3.470983831885163e-01 1.697683462097704e-01 5351
3.593489975981798e-01 1.697683462097704e-01 5352
3.720143644209379e-01 1.697683462097704e-01 5353
3.850792370284777e-01 1.697683462097704e-01 5354
3.985251238286495e-01 1.697683462097704e-01 5355
4.123302813507554e-01 1.697683462097704e-01 5356
4.264697593409826e-01 1.697683462097704e-01 5357
4.409155010077274e-01 1.697683462097704e-01 5358
4.556365001402327e-01 1.697683462097704e-01 5359
4.705990152057110e-01 1.697683462097704e-01 5360
4.857668387704588e-01 1.697683462097704e-01 5361
5.011016187649044e-01 1.697683462097704e-01 5362
5.165632263075337e-01 1.697683462097704e-01 5363
5.321101631103083e-01 1.697683462097704e-01 5364
5.477000000000001e-01 1.697683462097704e-01 5365
2.486540448707750e-01 1.819954989764498e-01 5366
2.565490498951539e-01 1.819954989764498e-01 5367
2.648610825634138e-01 1.819954989764497e-01 5368
2.735993150841006e-01 1.819954989764498e-01 5369
2.827714147376686e-01 1.819954989764498e-01 5370
2.923833192125028e-01 1.819954989764497e-01 5371
3.024390095183190e-01 1.819954989764498e-01 5372
3.129402847352809e-01 1.819954989764497e-01 5373
3.238865434738639e-01 1.819954989764498e-01 5374
3.352745774703877e-01 1.819954989764498e-01 5375
3.470983831885163e-01 1.819954989764498e-01 5376
3.593489975981798e-01 1.819954989764498e-01 5377
3.720143644209379e-01 1.819954989764498e-01 5378
3.850792370284776e-01 1.819954989764498e-01 5379
3.985251238286495e-01 1.819954989764497e-01 5380
4.123302813507554e-01 1.819954989764498e-01 5381
4.264697593409826e-01 1.819954989764498e-01 5382
4.409155010077274e-01 1.819954989764498e-01 5383
4.556365001402327e-01 1.819954989764498e-01 5384
4.705990152057111e-01 1.819954989764498e-01 5385
4.857668387704589e-01 1.819954989764498e-01 5386
5.011016187649044e-01 1.819954989764498e-01 5387
5.165632263075337e-01 1.819954989764498e-01 5388
5.321101631103083e-01 1.819954989764498e-01 5389
5.477000000000001e-01 1.819954989764498e-01 5390
2.486540448707749e-01 1.949356060505596e-01 5391
2.565490498951539e-01 1.949356060505596e-01 5392
2.648610825634138e-01 1.949356060505596e-01 5393
2.735993150841006e-01 1.949356060505595e-01 5394
2.827714147376686e-01 1.949356060505596e-01 5395
2.923833192125028e-01 1.949356060505596e-01 5396
3.024390095183190e-01 1.949356060505595e-01 5397
3.129402847352809e-01 1.949356060505595e-01 5398
3.238865434738639e-01 1.949356060505595e-01 5399
3.352745774703876e-01 1.949356060505595e-01 5400
3.470983831885163e-01 1.949356060505596e-01 5401
3.593489975981798e-01 1.949356060505596e-01 5402
3.720143644209379e-01 1.949356060505596e-01 5403
3.850792370284776e-01 1.949356060505596e-01 5404
3.985251238286495e-01 1.949356060505595e-01 5405
4.123302813507554e-01 1.949356060505596e-01 5406
4.264697593409826e-01 1.949356060505595e-01 5407
4.409155010077274e-01 1.949356060505595e-01 5408
4.556365001402327e-01 1.949356060505595e-01 5409
4.705990152057112e-01 1.949356060505595e-01 5410
4.857668387704588e-01 1.949356060505596e-01 5411
5.011016187649043e-01 1.949356060505595e-01 5412
5.165632263075337e-01 1.949356060505595e-01 5413
5.321101631103085e-01 1.949356060505595e-01 5414
5.477000000000001e-01 1.949356060505596e-01 5415
2.486540448707749e-01 2.085453586656301e-01 5416
2.565490498951539e-01 2.085453586656301e-01 5417
2.648610825634138e-01 2.085453586656301e-01 5418
2.735993150841006e-01 2.085453586656301e-01 5419
2.827714147376686e-01 2.085453586656301e-01 5420
2.923833192125028e-01 2.085453586656300e-01 5421
3.024390095183190e-01 2.085453586656301e-01 5422
3.129402847352809e-01 2.085453586656301e-01 5423
3.238865434738639e-01 2.085453586656301e-01 5424
3.352745774703876e-01 2.085453586656301e-01 5425
3.470983831885163e-01 2.085453586656301e-01 5426
3.593489975981798e-01 2.085453586656301e-01 5427
3.720143644209379e-01 2.085453586656301e-01 5428
3.850792370284777e-01 2.085453586656301e-01 5429
3.985251238286495e-01 2.085453586656301e-01 5430
4.123302813507554e-01 2.085453586656301e-01 5431
4.264697593409826e-01 2.085453586656301e-01 5432
4.409155010077274e-01 2.085453586656301e-01 5433
4.556365001402327e-01 2.085453586656301e-01 5434
4.705990152057111e-01 2.085453586656301e-01 5435
4.857668387704588e-01 2.085453586656300e-01 5436
5.011016187649044e-01 2.085453586656301e-01 5437
5.165632263075337e-01 2.085453586656301e-01 5438
5.321101631103086e-01 2.085453586656301e-01 5439
5.477000000000001e-01 2.085453586656301e-01 5440
2.486540448707750e-01 2.227661297256191e-01 5441
2.565490498951539e-01 2.227661297256191e-01 5442
2.648610825634138e-01 2.227661297256191e-01 5443
2.735993150841007e-01 2.227661297256190e-01 5444
2.827714147376686e-01 2.227661297256190e-01 5445
2.923833192125028e-01 2.227661297256191e-01 5446
3.024390095183190e-01 2.227661297256191e-01 5447
3.129402847352809e-01 2.227661297256191e-01 5448
3.238865434738639e-01 2.227661297256191e-01 5449
3.352745774703876e-01 2.227661297256191e-01 5450
3.470983831885163e-01 2.227661297256191e-01 5451
3.593489975981798e-01 2.227661297256191e-01 5452
3.720143644209379e-01 2.227661297256191e-01 5453
3.850792370284776e-01 2.227661297256191e-01 5454
3.985251238286495e-01 2.227661297256191e-01 5455
4.123302813507554e-01 2.227661297256191e-01 5456
4.264697593409826e-01 2.227661297256191e-01 5457
4.409155010077273e-01 2.227661297256191e-01 5458
4.556365001402327e-01 2.227661297256191e-01 5459
4.705990152057112e-01 2.227661297256191e-01 5460
4.857668387704588e-01 2.227661297256191e-01 5461
5.011016187649044e-01 2.227661297256191e-01 5462
5.165632263075338e-01 2.227661297256191e-01 5463
5.321101631103086e-01 2.227661297256191e-01 5464
5.477000000000001e-01 2.227661297256191e-01 5465
2.486540448707749e-01 2.375241997493456e-01 5466
2.565490498951539e-01 2.375241997493456e-01 5467
2.648610825634138e-01 2.375241997493455e-01 5468
2.735993150841007e-01 2.375241997493456e-01 5469
2.827714147376686e-01 2.375241997493456e-01 5470
2.923833192125028e-01 2.375241997493455e-01 5471
3.024390095183190e-01 2.375241997493456e-01 5472
3.129402847352809e-01 2.375241997493456e-01 5473
3.238865434738639e-01 2.375241997493456e-01 5474
3.352745774703876e-01 2.375241997493456e-01 5475
3.470983831885163e-01 2.375241997493456e-01 5476
3.593489975981798e-01 2.375241997493456e-01 5477
3.720143644209379e-01 2.375241997493456e-01 5478
3.850792370284776e-01 2.375241997493456e-01 5479
3.985251238286495e-01 2.375241997493456e-01 5480
4.123302813507554e-01 2.375241997493456e-01 5481
4.264697593409826e-01 2.375241997493456e-01 5482
4.409155010077273e-01 2.375241997493456e-01 5483
4.556365001402328e-01 2.375241997493456e-01 5484
4.705990152057111e-01 2.375241997493456e-01 5485
4.857668387704589e-01 2.375241997493456e-01 5486
5.011016187649044e-01 2.375241997493456e-01 5487
5.165632263075337e-01 2.375241997493456e-01 5488
5.321101631103085e-01 2.375241997493455e-01 5489
5.477000000000001e-01 2.375241997493456e-01 5490
2.486540448707750e-01 2.527316992521653e-01 5491
2.565490498951539e-01 2.527316992521653e-01 5492
2.648610825634138e-01 2.527316992521653e-01 5493
2.735993150841006e-01 2.527316992521653e-01 5494
2.827714147376686e-01 2.527316992521653e-01 5495
2.923833192125028e-01 2.527316992521652e-01 5496
3.024390095183190e-01 2.527316992521653e-01 5497
3.129402847352809e-01 2.527316992521653e-01 5498
3.238865434738638e-01 2.527316992521653e-01 5499
3.352745774703876e-01 2.527316992521652e-01 5500
3.470983831885163e-01 2.527316992521653e-01 5501
3.593489975981797e-01 2.527316992521653e-01 5502
3.720143644209379e-01 2.527316992521653e-01 5503
3.850792370284776e-01 2.527316992521653e-01 5504
3.985251238286495e-01 2.527316992521653e-01 5505
4.123302813507554e-01 2.527316992521652e-01 5506
4.264697593409826e-01 2.527316992521653e-01 5507
4.409155010077273e-01 2.527316992521653e-01 5508
4.556365001402327e-01 2.527316992521653e-01 5509
4.705990152057110e-01 2.527316992521653e-01 5510
4.857668387704589e-01 2.527316992521653e-01 5511
5.011016187649044e-01 2.527316992521653e-01 5512
5.165632263075337e-01 2.527316992521653e-01 5513
5.321101631103085e-01 2.527316992521653e-01 5514
5.477000000000001e-01 2.527316992521653e-01 5515
2.486540448707750e-01 2.682882918708591e-01 5516
2.565490498951539e-01 2.682882918708591e-01 5517
2.648610825634138e-01 2.682882918708591e-01 5518
2.735993150841007e-01 2.682882918708591e-01 5519
2.827714147376686e-01 2.682882918708591e-01 5520
2.923833192125028e-01 2.682882918708590e-01 5521
3.024390095183190e-01 2.682882918708591e-01 5522
3.129402847352809e-01 2.682882918708591e-01 5523
3.238865434738639e-01 2.682882918708591e-01 5524
3.352745774703876e-01 2.682882918708591e-01 5525
3.470983831885163e-01 2.682882918708591e-01 5526
3.593489975981797e-01 2.682882918708591e-01 5527
3.720143644209379e-01 2.682882918708591e-01 5528
3.850792370284777e-01 2.682882918708591e-01 5529
3.985251238286494e-01 2.682882918708591e-01 5530
4.123302813507554e-01 2.682882918708591e-01 5531
4.264697593409826e-01 2.682882918708591e-01 5532
4.409155010077274e-01 2.682882918708591e-01 5533
4.556365001402327e-01 2.682882918708591e-01 5534
4.705990152057111e-01 2.682882918708591e-01 5535
4.857668387704588e-01 2.682882918708591e-01 5536
5.011016187649043e-01 2.682882918708591e-01 5537
5.165632263075338e-01 2.682882918708591e-01 5538
5.321101631103085e-01 2.682882918708591e-01 5539
5.477000000000001e-01 2.682882918708591e-01 5540
2.486540448707750e-01 2.840835612673118e-01 5541
2.565490498951539e-01 2.840835612673118e-01 5542
2.648610825634138e-01 2.840835612673118e-01 5543
2.735993150841006e-01 2.840835612673118e-01 5544
2.827714147376686e-01 2.840835612673118e-01 5545
2.923833192125028e-01 2.840835612673118e-01 5546
3.024390095183190e-01 2.840835612673118e-01 5547
3.129402847352809e-01 2.840835612673118e-01 5548
3.238865434738639e-01 2.840835612673118e-01 5549
3.352745774703876e-01 2.840835612673118e-01 5550
3.470983831885163e-01 2.840835612673118e-01 5551
3.593489975981798e-01 2.840835612673118e-01 5552
3.720143644209379e-01 2.840835612673118e-01 5553
3.850792370284776e-01 2.840835612673118e-01 5554
3.985251238286495e-01 2.840835612673118e-01 5555
4.123302813507554e-01 2.840835612673118e-01 5556
4.264697593409826e-01 2.840835612673118e-01 5557
4.409155010077274e-01 2.840835612673118e-01 5558
4.556365001402327e-01 2.840835612673118e-01 5559
4.705990152057111e-01 2.840835612673118e-01 5560
4.857668387704588e-01 2.840835612673118e-01 5561
5.011016187649044e-01 2.840835612673118e-01 5562
5.165632263075338e-01 2.840835612673119e-01 5563
5.321101631103086e-01 2.840835612673118e-01 5564
5.477000000000001e-01 2.840835612673118e-01 5565
2.486540448707749e-01 3.000000000000000e-01 5566
2.565490498951539e-01 3.000000000000000e-01 5567
2.648610825634138e-01 3.000000000000000e-01 5568
2.735993150841006e-01 3.000000000000000e-01 5569
2.827714147376686e-01 3.000000000000000e-01 5570
2.923833192125028e-01 3.000000000000000e-01 5571
3.024390095183190e-01 3.000000000000000e-01 5572
3.129402847352810e-01 3.000000000000000e-01 5573
3.238865434738639e-01 3.000000000000000e-01 5574
3.352745774703876e-01 3.000000000000000e-01 5575
3.470983831885163e-01 3.000000000000000e-01 5576
3.593489975981798e-01 3.000000000000000e-01 5577
3.720143644209379e-01 3.000000000000000e-01 5578
3.850792370284777e-01 3.000000000000000e-01 5579
3.985251238286495e-01 3.000000000000000e-01 5580
4.123302813507554e-01 3.000000000000000e-01 5581
4.264697593409826e-01 3.000000000000000e-01 5582
4.409155010077273e-01 3.000000000000000e-01 5583
4.556365001402327e-01 3.000000000000000e-01 5584
4.705990152057111e-01 3.000000000000000e-01 5585
4.857668387704588e-01 3.000000000000000e-01 5586
5.011016187649044e-01 3.000000000000000e-01 5587
5.165632263075337e-01 3.000000000000000e-01 5588
5.321101631103085e-01 3.000000000000000e-01 5589
5.477000000000001e-01 3.000000000000000e-01 5590
4.769999999999999e-02 5.477200000000000e-02 5591
5.882508265733846e-02 5.477200000000000e-02 5592
6.972487908065707e-02 5.477200000000000e-02 5593
8.019198928711407e-02 5.477200000000000e-02 5594
9.005185043173133e-02 5.477200000000000e-02 5595
9.917261565360876e-02 5.477200000000000e-02 5596
1.074691027812337e-01 5.477200000000000e-02 5597
1.149012479949260e-01 5.477200000000000e-02 5598
1.214684211009142e-01 5.477200000000000e-02 5599
1.272013430242334e-01 5.477200000000000e-02 5600
1.321532490487413e-01 5.477200000000000e-02 5601
1.363915475577166e-01 5.477200000000000e-02 5602
1.399907342563281e-01 5.477200000000000e-02 5603
1.430268815799607e-01 5.477200000000000e-02 5604
1.455737027389472e-01 5.477200000000000e-02 5605
4.769999999999999e-02 5.634432294645378e-02 5606
5.882508265733845e-02 5.634432294645376e-02 5607
6.972487908065707e-02 5.634432294645379e-02 5608
8.019198928711406e-02 5.634432294645376e-02 5609
9.005185043173133e-02 5.634432294645378e-02 5610
9.917261565360877e-02 5.634432294645377e-02 5611
1.074691027812337e-01 5.634432294645377e-02 5612
1.149012479949261e-01 5.634432294645378e-02 5613
1.214684211009142e-01 5.634432294645377e-02 5614
1.272013430242334e-01 5.634432294645377e-02 5615
1.321532490487413e-01 5.634432294645378e-02 5616
1.363915475577166e-01 5.634432294645376e-02 5617
1.399907342563280e-01 5.634432294645377e-02 5618
1.430268815799607e-01 5.634432294645377e-02 5619
1.455737027389471e-01 5.634432294645378e-02 5620
4.769999999999999e-02 5.811201320902910e-02 5621
5.882508265733845e-02 5.811201320902909e-02 5622
6.972487908065707e-02 5.811201320902908e-02 5623
8.019198928711407e-02 5.811201320902908e-02 5624
9.005185043173132e-02 5.811201320902910e-02 5625
9.917261565360877e-02 5.811201320902910e-02 5626
1.074691027812337e-01 5.811201320902910e-02 5627
1.149012479949260e-01 5.811201320902909e-02 5628
1.214684211009142e-01 5.811201320902908e-02 5629
1.272013430242334e-01 5.811201320902908e-02 5630
1.321532490487413e-01 5.811201320902909e-02 5631
1.363915475577166e-01 5.811201320902910e-02 5632
1.399907342563281e-01 5.811201320902907e-02 5633
1.430268815799607e-01 5.811201320902910e-02 5634
1.455737027389471e-01 5.811201320902909e-02 5635
4.769999999999999e-02 6.009765423285270e-02 5636
5.882508265733845e-02 6.009765423285270e-02 5637
6.972487908065707e-02 6.009765423285270e-02 5638
8.019198928711406e-02 6.009765423285270e-02 5639
9.005185043173133e-02 6.009765423285271e-02 5640
9.917261565360876e-02 6.009765423285270e-02 5641
1.074691027812336e-01 6.009765423285272e-02 5642
1.149012479949260e-01 6.009765423285270e-02 5643
1.214684211009142e-01 6.009765423285272e-02 5644
1.272013430242335e-01 6.009765423285272e-02 5645
1.321532490487413e-01 6.009765423285269e-02 5646
1.363915475577166e-01 6.009765423285272e-02 5647
1.399907342563281e-01 6.009765423285272e-02 5648
1.430268815799607e-01 6.009765423285272e-02 5649
1.455737027389472e-01 6.009765423285270e-02 5650
4.769999999999999e-02 6.232598611926052e-02 5651
5.882508265733846e-02 6.232598611926052e-02 5652
6.972487908065707e-02 6.232598611926052e-02 5653
8.019198928711407e-02 6.232598611926052e-02 5654
9.005185043173133e-02 6.232598611926052e-02 5655
9.917261565360876e-02 6.232598611926052e-02 5656
1.074691027812337e-01 6.232598611926052e-02 5657
1.149012479949260e-01 6.232598611926052e-02 5658
1.214684211009142e-01 6.232598611926052e-02 5659
1.272013430242335e-01 6.232598611926052e-02 5660
1.321532490487413e-01 6.232598611926052e-02 5661
1.363915475577166e-01 6.232598611926052e-02 5662
1.399907342563281e-01 6.232598611926052e-02 5663
1.430268815799607e-01 6.232598611926052e-02 5664
1.455737027389471e-01 6.232598611926052e-02 5665
4.769999999999999e-02 6.482398843044467e-02 5666
5.882508265733846e-02 6.482398843044468e-02 5667
6.972487908065707e-02 6.482398843044467e-02 5668
8.019198928711407e-02 6.482398843044468e-02 5669
9.005185043173133e-02 6.482398843044468e-02 5670
9.917261565360876e-02 6.482398843044468e-02 5671
1.074691027812337e-01 6.482398843044467e-02 5672
1.149012479949261e-01 6.482398843044467e-02 5673
1.214684211009142e-01 6.482398843044468e-02 5674
1.272013430242334e-01 6.482398843044468e-02 5675
1.321532490487413e-01 6.482398843044467e-02 5676
1.363915475577166e-01 6.482398843044467e-02 5677
1.399907342563281e-01 6.482398843044468e-02 5678
1.430268815799607e-01 6.482398843044468e-02 5679
1.455737027389472e-01 6.482398843044467e-02 5680
4.769999999999999e-02 6.762092899389584e-02 5681
5.882508265733846e-02 6.762092899389581e-02 5682
6.972487908065707e-02 6.762092899389584e-02 5683
8.019198928711409e-02 6.762092899389585e-02 5684
9.005185043173132e-02 6.762092899389585e-02 5685
9.917261565360876e-02 6.762092899389584e-02 5686
1.074691027812337e-01 6.762092899389584e-02 5687
1.149012479949260e-01 6.762092899389584e-02 5688
1.214684211009142e-01 6.762092899389584e-02 5689
1.272013430242334e-01 6.762092899389585e-02 5690
1.321532490487413e-01 6.762092899389585e-02 5691
1.363915475577166e-01 6.762092899389585e-02 5692
1.399907342563281e-01 6.762092899389585e-02 5693
1.430268815799607e-01 6.762092899389585e-02 5694
1.455737027389472e-01 6.762092899389585e-02 5695
4.769999999999999e-02 7.074836611464012e-02 5696
5.882508265733846e-02 7.074836611464012e-02 5697
6.972487908065707e-02 7.074836611464012e-02 5698
8.019198928711406e-02 7.074836611464012e-02 5699
9.005185043173133e-02 7.074836611464012e-02 5700
9.917261565360876e-02 7.074836611464012e-02 5701
1.074691027812337e-01 7.074836611464012e-02 5702
1.149012479949260e-01 7.074836611464012e-02 5703
1.214684211009142e-01 7.074836611464014e-02 5704
1.272013430242334e-01 7.074836611464012e-02 5705
1.321532490487413e-01 7.074836611464012e-02 5706
1.363915475577165e-01 7.074836611464014e-02 5707
1.399907342563281e-01 7.074836611464012e-02 5708
1.430268815799607e-01 7.074836611464014e-02 5709
1.455737027389471e-01 7.074836611464012e-02 5710
4.769999999999999e-02 7.424008927517484e-02 5711
5.882508265733845e-02 7.424008927517482e-02 5712
6.972487908065708e-02 7.424008927517484e-02 5713
8.019198928711406e-02 7.424008927517484e-02 5714
9.005185043173133e-02 7.424008927517484e-02 5715
9.917261565360876e-02 7.424008927517484e-02 5716
1.074691027812337e-01 7.424008927517484e-02 5717
1.149012479949260e-01 7.424008927517484e-02 5718
1.214684211009142e-01 7.424008927517484e-02 5719
1.272013430242334e-01 7.424008927517484e-02 5720
1.321532490487413e-01 7.424008927517482e-02 5721
1.363915475577166e-01 7.424008927517484e-02 5722
1.399907342563280e-01 7.424008927517484e-02 5723
1.430268815799607e-01 7.424008927517484e-02 5724
1.455737027389472e-01 7.424008927517484e-02 5725
4.769999999999999e-02 7.813198108140952e-02 5726
5.882508265733846e-02 7.813198108140954e-02 5727
6.972487908065707e-02 7.813198108140951e-02 5728
8.019198928711407e-02 7.813198108140954e-02 5729
9.005185043173133e-02 7.813198108140954e-02 5730
9.917261565360876e-02 7.813198108140952e-02 5731
1.074691027812337e-01 7.813198108140952e-02 5732
1.149012479949260e-01 7.813198108140952e-02 5733
1.214684211009142e-01 7.813198108140952e-02 5734
1.272013430242334e-01 7.813198108140954e-02 5735
1.321532490487413e-01 7.813198108140952e-02 5736
1.363915475577166e-01 7.813198108140952e-02 5737
1.399907342563281e-01 7.813198108140952e-02 5738
1.430268815799607e-01 7.813198108140954e-02 5739
1.455737027389471e-01 7.813198108140952e-02 5740
4.769999999999999e-02 8.246178110110103e-02 5741
5.882508265733846e-02 8.246178110110101e-02 5742
6.972487908065707e-02 8.246178110110103e-02 5743
8.019198928711406e-02 8.246178110110103e-02 5744
9.005185043173135e-02 8.246178110110100e-02 5745
9.917261565360876e-02 8.246178110110101e-02 5746
1.074691027812337e-01 8.246178110110103e-02 5747
1.149012479949261e-01 8.246178110110103e-02 5748
1.214684211009142e-01 8.246178110110103e-02 5749
1.272013430242335e-01 8.246178110110103e-02 5750
1.321532490487413e-01 8.246178110110103e-02 5751
1.363915475577166e-01 8.246178110110103e-02 5752
1.399907342563281e-01 8.246178110110103e-02 5753
1.430268815799606e-01 8.246178110110103e-02 5754
1.455737027389472e-01 8.246178110110103e-02 5755
4.769999999999999e-02 8.726873062854870e-02 5756
5.882508265733846e-02 8.726873062854870e-02 5757
6.972487908065707e-02 8.726873062854870e-02 5758
8.019198928711406e-02 8.726873062854870e-02 5759
9.005185043173133e-02 8.726873062854872e-02 5760
9.917261565360876e-02 8.726873062854870e-02 5761
1.074691027812336e-01 8.726873062854870e-02 5762
1.149012479949260e-01 8.726873062854870e-02 5763
1.214684211009142e-01 8.726873062854870e-02 5764
1.272013430242335e-01 8.726873062854870e-02 5765
1.321532490487413e-01 8.726873062854870e-02 5766
1.363915475577166e-01 8.726873062854870e-02 5767
1.399907342563280e-01 8.726873062854870e-02 5768
1.430268815799607e-01 8.726873062854870e-02 5769
1.455737027389471e-01 8.726873062854870e-02 5770
4.769999999999999e-02 9.259307668277407e-02 5771
5.882508265733846e-02 9.259307668277406e-02 5772
6.972487908065707e-02 9.259307668277407e-02 5773
8.019198928711406e-02 9.259307668277404e-02 5774
9.005185043173132e-02 9.259307668277404e-02 5775
9.917261565360874e-02 9.259307668277408e-02 5776
1.074691027812337e-01 9.259307668277404e-02 5777
1.149012479949260e-01 9.259307668277407e-02 5778
1.214684211009142e-01 9.259307668277407e-02 5779
1.272013430242334e-01 9.259307668277408e-02 5780
1.321532490487413e-01 9.259307668277406e-02 5781
1.363915475577166e-01 9.259307668277407e-02 5782
1.399907342563280e-01 9.259307668277407e-02 5783
1.430268815799607e-01 9.259307668277407e-02 5784
1.455737027389472e-01 9.259307668277407e-02 5785
4.769999999999999e-02 9.847541419398670e-02 5786
5.882508265733846e-02 9.847541419398667e-02 5787
6.972487908065708e-02 9.847541419398669e-02 5788
8.019198928711406e-02 9.847541419398670e-02 5789
9.005185043173133e-02 9.847541419398670e-02 5790
9.917261565360877e-02 9.847541419398671e-02 5791
1.074691027812337e-01 9.847541419398670e-02 5792
1.149012479949260e-01 9.847541419398670e-02 5793
1.214684211009142e-01 9.847541419398670e-02 5794
1.272013430242334e-01 9.847541419398670e-02 5795
1.321532490487413e-01 9.847541419398670e-02 5796
1.363915475577166e-01 9.847541419398670e-02 5797
1.399907342563281e-01 9.847541419398670e-02 5798
1.430268815799607e-01 9.847541419398670e-02 5799
1.455737027389472e-01 9.847541419398670e-02 5800
4.769999999999999e-02 1.049558479312112e-01 5801
5.882508265733846e-02 1.049558479312111e-01 5802
6.972487908065707e-02 1.049558479312112e-01 5803
8.019198928711406e-02 1.049558479312112e-01 5804
9.005185043173133e-02 1.049558479312112e-01 5805
9.917261565360878e-02 1.049558479312112e-01 5806
1.074691027812337e-01 1.049558479312112e-01 5807
1.149012479949260e-01 1.049558479312112e-01 5808
1.214684211009142e-01 1.049558479312112e-01 5809
1.272013430242334e-01 1.049558479312112e-01 5810
1.321532490487413e-01 1.049558479312112e-01 5811
1.363915475577166e-01 1.049558479312112e-01 5812
1.399907342563280e-01 1.049558479312112e-01 5813
1.430268815799607e-01 1.049558479312112e-01 5814
1.455737027389472e-01 1.049558479312112e-01 5815
4.769999999999999e-02 1.120729609011021e-01 5816
5.882508265733846e-02 1.120729609011021e-01 5817
6.972487908065705e-02 1.120729609011021e-01 5818
8.019198928711407e-02 1.120729609011021e-01 5819
9.005185043173132e-02 1.120729609011021e-01 5820
9.917261565360880e-02 1.120729609011021e-01 5821
1.074691027812337e-01 1.120729609011021e-01 5822
1.149012479949260e-01 1.120729609011021e-01 5823
1.214684211009142e-01 1.120729609011021e-01 5824
1.272013430242334e-01 1.120729609011021e-01 5825
1.321532490487413e-01 1.120729609011021e-01 5826
1.363915475577166e-01 1.120729609011021e-01 5827
1.399907342563280e-01 1.120729609011021e-01 5828
1.430268815799607e-01 1.120729609011021e-01 5829
1.455737027389472e-01 1.120729609011021e-01 5830
4.769999999999999e-02 1.198625843160328e-01 5831
5.882508265733846e-02 1.198625843160328e-01 5832
6.972487908065707e-02 1.198625843160328e-01 5833
8.019198928711407e-02 1.198625843160328e-01 5834
9.005185043173133e-02 1.198625843160328e-01 5835
9.917261565360877e-02 1.198625843160328e-01 5836
1.074691027812337e-01 1.198625843160328e-01 5837
1.149012479949260e-01 1.198625843160328e-01 5838
1.214684211009142e-01 1.198625843160328e-01 5839
1.272013430242334e-01 1.198625843160328e-01 5840
1.321532490487413e-01 1.198625843160328e-01 5841
1.363915475577166e-01 1.198625843160328e-01 5842
1.399907342563281e-01 1.198625843160328e-01 5843
1.430268815799607e-01 1.198625843160328e-01 5844
1.455737027389472e-01 1.198625843160328e-01 5845
4.769999999999999e-02 1.283563762748812e-01 5846
5.882508265733846e-02 1.283563762748811e-01 5847
6.972487908065707e-02 1.283563762748812e-01 5848
8.019198928711406e-02 1.283563762748812e-01 5849
9.005185043173133e-02 1.283563762748812e-01 5850
9.917261565360880e-02 1.283563762748812e-01 5851
1.074691027812337e-01 1.283563762748812e-01 5852
1.149012479949260e-01 1.283563762748812e-01 5853
1.214684211009142e-01 1.283563762748812e-01 5854
1.272013430242334e-01 1.283563762748812e-01 5855
1.321532490487414e-01 1.283563762748812e-01 5856
1.363915475577166e-01 1.283563762748812e-01 5857
1.399907342563280e-01 1.283563762748812e-01 5858
1.430268815799607e-01 1.283563762748812e-01 5859
1.455737027389472e-01 1.283563762748812e-01 5860
4.769999999999999e-02 1.375802322332225e-01 5861
5.882508265733846e-02 1.375802322332225e-01 5862
6.972487908065707e-02 1.375802322332225e-01 5863
8.019198928711405e-02 1.375802322332225e-01 5864
9.005185043173133e-02 1.375802322332225e-01 5865
9.917261565360876e-02 1.375802322332225e-01 5866
1.074691027812337e-01 1.375802322332225e-01 5867
1.149012479949260e-01 1.375802322332225e-01 5868
1.214684211009142e-01 1.375802322332225e-01 5869
1.272013430242334e-01 1.375802322332225e-01 5870
1.321532490487413e-01 1.375802322332225e-01 5871
1.363915475577166e-01 1.375802322332225e-01 5872
1.399907342563280e-01 1.375802322332225e-01 5873
1.430268815799607e-01 1.375802322332225e-01 5874
1.455737027389472e-01 1.375802322332225e-01 5875
4.769999999999999e-02 1.475525699124919e-01 5876
5.882508265733846e-02 1.475525699124919e-01 5877
6.972487908065707e-02 1.475525699124919e-01 5878
8.019198928711406e-02 1.475525699124919e-01 5879
9.005185043173133e-02 1.475525699124919e-01 5880
9.917261565360877e-02 1.475525699124919e-01 5881
1.074691027812337e-01 1.475525699124919e-01 5882
1.149012479949260e-01 1.475525699124919e-01 5883
1.214684211009142e-01 1.475525699124919e-01 5884
1.272013430242334e-01 1.475525699124919e-01 5885
1.321532490487414e-01 1.475525699124919e-01 5886
1.363915475577166e-01 1.475525699124919e-01 5887
1.399907342563280e-01 1.475525699124919e-01 5888
1.430268815799607e-01 1.475525699124919e-01 5889
1.455737027389472e-01 1.475525699124919e-01 5890
4.769999999999999e-02 1.582825536098220e-01 5891
5.882508265733846e-02 1.582825536098220e-01 5892
6.972487908065707e-02 1.582825536098220e-01 5893
8.019198928711406e-02 1.582825536098220e-01 5894
9.005185043173133e-02 1.582825536098220e-01 5895
9.917261565360876e-02 1.582825536098220e-01 5896
1.074691027812337e-01 1.582825536098220e-01 5897
1.149012479949260e-01 1.582825536098220e-01 5898
1.214684211009142e-01 1.582825536098220e-01 5899
1.272013430242334e-01 1.582825536098220e-01 5900
1.321532490487414e-01 1.582825536098220e-01 5901
1.363915475577166e-01 1.582825536098220e-01 5902
1.399907342563281e-01 1.582825536098220e-01 5903
1.430268815799607e-01 1.582825536098220e-01 5904
1.455737027389472e-01 1.582825536098220e-01 5905
4.769999999999999e-02 1.697683462097704e-01 5906
5.882508265733846e-02 1.697683462097704e-01 5907
6.972487908065707e-02 1.697683462097704e-01 5908
8.019198928711406e-02 1.697683462097704e-01 5909
9.005185043173133e-02 1.697683462097704e-01 5910
9.917261565360877e-02 1.697683462097704e-01 5911
1.074691027812337e-01 1.697683462097704e-01 5912
1.149012479949260e-01 1.697683462097704e-01 5913
1.214684211009142e-01 1.697683462097704e-01 5914
1.272013430242334e-01 1.697683462097704e-01 5915
1.321532490487414e-01 1.697683462097704e-01 5916
1.363915475577165e-01 1.697683462097704e-01 5917
1.399907342563281e-01 1.697683462097704e-01 5918
1.430268815799607e-01 1.697683462097704e-01 5919
1.455737027389472e-01 1.697683462097704e-01 5920
4.769999999999999e-02 1.819954989764498e-01 5921
5.882508265733846e-02 1.819954989764498e-01 5922
6.972487908065707e-02 1.819954989764498e-01 5923
8.019198928711406e-02 1.819954989764498e-01 5924
9.005185043173133e-02 1.819954989764498e-01 5925
9.917261565360876e-02 1.819954989764498e-01 5926
1.074691027812337e-01 1.819954989764498e-01 5927
1.149012479949260e-01 1.819954989764497e-01 5928
1.214684211009142e-01 1.819954989764498e-01 5929
1.272013430242334e-01 1.819954989764498e-01 5930
1.321532490487414e-01 1.819954989764498e-01 5931
1.363915475577166e-01 1.819954989764497e-01 5932
1.399907342563280e-01 1.819954989764498e-01 5933
1.430268815799607e-01 1.819954989764498e-01 5934
1.455737027389472e-01 1.819954989764498e-01 5935
4.769999999999999e-02 1.949356060505596e-01 5936
5.882508265733848e-02 1.949356060505595e-01 5937
6.972487908065707e-02 1.949356060505595e-01 5938
8.019198928711406e-02 1.949356060505595e-01 5939
9.005185043173133e-02 1.949356060505596e-01 5940
9.917261565360876e-02 1.949356060505596e-01 5941
1.074691027812337e-01 1.949356060505596e-01 5942
1.149012479949261e-01 1.949356060505595e-01 5943
1.214684211009142e-01 1.949356060505596e-01 5944
1.272013430242334e-01 1.949356060505596e-01 5945
1.321532490487413e-01 1.949356060505596e-01 5946
1.363915475577166e-01 1.949356060505596e-01 5947
1.399907342563280e-01 1.949356060505596e-01 5948
1.430268815799607e-01 1.949356060505595e-01 5949
1.455737027389472e-01 1.949356060505595e-01 5950
4.769999999999999e-02 2.085453586656301e-01 5951
5.882508265733846e-02 2.085453586656300e-01 5952
6.972487908065707e-02 2.085453586656301e-01 5953
8.019198928711405e-02 2.085453586656300e-01 5954
9.005185043173133e-02 2.085453586656301e-01 5955
9.917261565360876e-02 2.085453586656301e-01 5956
1.074691027812337e-01 2.085453586656301e-01 5957
1.149012479949260e-01 2.085453586656302e-01 5958
1.214684211009142e-01 2.085453586656301e-01 5959
1.272013430242334e-01 2.085453586656301e-01 5960
1.321532490487414e-01 2.085453586656301e-01 5961
1.363915475577166e-01 2.085453586656301e-01 5962
1.399907342563280e-01 2.085453586656301e-01 5963
1.430268815799607e-01 2.085453586656301e-01 5964
1.455737027389472e-01 2.085453586656301e-01 5965
4.769999999999999e-02 2.227661297256191e-01 5966
5.882508265733846e-02 2.227661297256191e-01 5967
6.972487908065707e-02 2.227661297256192e-01 5968
8.019198928711406e-02 2.227661297256190e-01 5969
9.005185043173133e-02 2.227661297256191e-01 5970
9.917261565360877e-02 2.227661297256191e-01 5971
1.074691027812337e-01 2.227661297256191e-01 5972
1.149012479949260e-01 2.227661297256191e-01 5973
1.214684211009142e-01 2.227661297256191e-01 5974
1.272013430242335e-01 2.227661297256191e-01 5975
1.321532490487413e-01 2.227661297256191e-01 5976
1.363915475577166e-01 2.227661297256191e-01 5977
1.399907342563280e-01 2.227661297256191e-01 5978
1.430268815799607e-01 2.227661297256191e-01 5979
1.455737027389472e-01 2.227661297256191e-01 5980
4.769999999999999e-02 2.375241997493456e-01 5981
5.882508265733846e-02 2.375241997493455e-01 5982
6.972487908065707e-02 2.375241997493456e-01 5983
8.019198928711407e-02 2.375241997493455e-01 5984
9.005185043173133e-02 2.375241997493456e-01 5985
9.917261565360877e-02 2.375241997493456e-01 5986
1.074691027812337e-01 2.375241997493456e-01 5987
1.149012479949260e-01 2.375241997493455e-01 5988
1.214684211009142e-01 2.375241997493456e-01 5989
1.272013430242335e-01 2.375241997493455e-01 5990
1.321532490487413e-01 2.375241997493456e-01 5991
1.363915475577166e-01 2.375241997493455e-01 5992
1.399907342563280e-01 2.375241997493456e-01 5993
1.430268815799607e-01 2.375241997493456e-01 5994
1.455737027389472e-01 2.375241997493455e-01 5995
4.769999999999999e-02 2.527316992521653e-01 5996
5.882508265733845e-02 2.527316992521652e-01 5997
6.972487908065707e-02 2.527316992521653e-01 5998
8.019198928711407e-02 2.527316992521652e-01 5999
9.005185043173133e-02 2.527316992521653e-01 6000
9.917261565360877e-02 2.527316992521653e-01 6001
1.074691027812337e-01 2.527316992521653e-01 6002
1.149012479949260e-01 2.527316992521653e-01 6003
1.214684211009142e-01 2.527316992521653e-01 6004
1.272013430242334e-01 2.527316992521653e-01 6005
1.321532490487413e-01 2.527316992521652e-01 6006
1.363915475577166e-01 2.527316992521653e-01 6007
1.399907342563280e-01 2.527316992521653e-01 6008
1.430268815799607e-01 2.527316992521653e-01 6009
1.455737027389472e-01 2.527316992521653e-01 6010
4.769999999999999e-02 2.682882918708591e-01 6011
5.882508265733846e-02 2.682882918708591e-01 6012
6.972487908065707e-02 2.682882918708591e-01 6013
8.019198928711407e-02 2.682882918708590e-01 6014
9.005185043173133e-02 2.682882918708591e-01 6015
9.917261565360877e-02 2.682882918708591e-01 6016
1.074691027812337e-01 2.682882918708591e-01 6017
1.149012479949260e-01 2.682882918708591e-01 6018
1.214684211009142e-01 2.682882918708591e-01 6019
1.272013430242334e-01 2.682882918708591e-01 6020
1.321532490487413e-01 2.682882918708591e-01 6021
1.363915475577166e-01 2.682882918708591e-01 6022
1.399907342563280e-01 2.682882918708591e-01 6023
1.430268815799607e-01 2.682882918708591e-01 6024
1.455737027389472e-01 2.682882918708591e-01 6025
4.769999999999999e-02 2.840835612673118e-01 6026
5.882508265733845e-02 2.840835612673117e-01 6027
6.972487908065707e-02 2.840835612673119e-01 6028
8.019198928711407e-02 2.840835612673117e-01 6029
9.005185043173133e-02 2.840835612673118e-01 6030
9.917261565360877e-02 2.840835612673119e-01 6031
1.074691027812337e-01 2.840835612673118e-01 6032
1.149012479949260e-01 2.840835612673118e-01 6033
1.214684211009142e-01 2.840835612673118e-01 6034
1.272013430242334e-01 2.840835612673118e-01 6035
1.321532490487414e-01 2.840835612673119e-01 6036
1.363915475577166e-01 2.840835612673118e-01 6037
1.399907342563280e-01 2.840835612673118e-01 6038
1.430268815799607e-01 2.840835612673118e-01 6039
1.455737027389472e-01 2.840835612673118e-01 6040
4.769999999999999e-02 3.000000000000000e-01 6041
5.882508265733846e-02 2.999999999999999e-01 6042
6.972487908065707e-02 2.999999999999999e-01 6043
8.019198928711407e-02 2.999999999999999e-01 6044
9.005185043173133e-02 3.000000000000000e-01 6045
9.917261565360876e-02 3.000000000000000e-01 6046
1.074691027812337e-01 3.000000000000000e-01 6047
1.149012479949260e-01 3.000000000000000e-01 6048
1.214684211009142e-01 3.000000000000000e-01 6049
1.272013430242334e-01 3.000000000000000e-01 6050
1.321532490487413e-01 3.000000000000000e-01 6051
1.363915475577166e-01 3.000000000000000e-01 6052
1.399907342563281e-01 3.000000000000000e-01 6053
1.430268815799607e-01 3.000000000000000e-01 6054
1.455737027389472e-01 3.000000000000000e-01 6055
NMARK= 6
MARKER_TAG= AXIS
MARKER_ELEMS= 130
3 0 1
3 1 2
3 2 3
3 3 4
3 4 5
3 5 6
3 6 7
3 7 8
3 8 9
3 9 10
3 10 11
3 11 12
3 12 13
3 13 14
3 14 15
3 15 16
3 16 17
3 17 18
3 18 19
3 19 20
3 20 651
3 651 652
3 652 653
3 653 654
3 654 655
3 655 656
3 656 657
3 657 658
3 658 659
3 659 660
3 660 661
3 661 662
3 662 663
3 663 664
3 664 665
3 665 666
3 666 667
3 667 668
3 668 669
3 669 670
3 670 1271
3 1271 1272
3 1272 1273
3 1273 1274
3 1274 1275
3 1275 1276
3 1276 1277
3 1277 1278
3 1278 1279
3 1279 1280
3 1280 1281
3 1281 1282
3 1282 1283
3 1283 1284
3 1284 1285
3 1285 1286
3 1286 1287
3 1287 1288
3 1288 1289
3 1289 1290
3 1290 1891
3 1891 1892
3 1892 1893
3 1893 1894
3 1894 1895
3 1895 1896
3 1896 1897
3 1897 1898
3 1898 1899
3 1899 1900
3 1900 1901
3 1901 1902
3 1902 1903
3 1903 1904
3 1904 1905
3 1905 1906
3 1906 1907
3 1907 1908
3 1908 1909
3 1909 1910
3 1910 2511
3 2511 2512
3 2512 2513
3 2513 2514
3 2514 2515
3 2515 2516
3 2516 2517
3 2517 2518
3 2518 2519
3 2519 2520
3 2520 2521
3 2521 2522
3 2522 2523
3 2523 2524
3 2524 2525
3 2525 2526
3 2526 2527
3 2527 2528
3 2528 2529
3 2529 2530
3 2530 2531
3 2531 2532
3 2532 2533
3 2533 2534
3 2534 2535
3 2535 3286
3 3286 3287
3 3287 3288
3 3288 3289
3 3289 3290
3 3290 3291
3 3291 3292
3 3292 3293
3 3293 3294
3 3294 3295
3 3295 3296
3 3296 3297
3 3297 3298
3 3298 3299
3 3299 3300
3 3300 3301
3 3301 3302
3 3302 3303
3 3303 3304
3 3304 3305
3 3305 3306
3 3306 3307
3 3307 3308
3 3308 3309
3 3309 3310
MARKER_TAG= WALL
MARKER_ELEMS= 80
3 630 631
3 631 632
3 632 633
3 633 634
3 634 635
3 635 636
3 636 637
3 637 638
3 638 639
3 639 640
3 640 641
3 641 642
3 642 643
3 643 644
3 644 645
3 645 646
3 646 647
3 647 648
3 648 649
3 649 650
3 650 1251
3 1251 1252
3 1252 1253
3 1253 1254
3 1254 1255
3 1255 1256
3 1256 1257
3 1257 1258
3 1258 1259
3 1259 1260
3 1260 1261
3 1261 1262
3 1262 1263
3 1263 1264
3 1264 1265
3 1265 1266
3 1266 1267
3 1267 1268
3 1268 1269
3 1269 1270
3 1270 1871
3 1871 1872
3 1872 1873
3 1873 1874
3 1874 1875
3 1875 1876
3 1876 1877
3 1877 1878
3 1878 1879
3 1879 1880
3 1880 1881
3 1881 1882
3 1882 1883
3 1883 1884
3 1884 1885
3 1885 1886
3 1886 1887
3 1887 1888
3 1888 1889
3 1889 1890
3 1890 2491
3 2491 2492
3 2492 2493
3 2493 2494
3 2494 2495
3 2495 2496
3 2496 2497
3 2497 2498
3 2498 2499
3 2499 2500
3 2500 2501
3 2501 2502
3 2502 2503
3 2503 2504
3 2504 2505
3 2505 2506
3 2506 2507
3 2507 2508
3 2508 2509
3 2509 2510
MARKER_TAG= INLET
MARKER_ELEMS= 30
3 0 21
3 21 42
3 42 63
3 63 84
3 84 105
3 105 126
3 126 147
3 147 168
3 168 189
3 189 210
3 210 231
3 231 252
3 252 273
3 273 294
3 294 315
3 315 336
3 336 357
3 357 378
3 378 399
3 399 420
3 420 441
3 441 462
3 462 483
3 483 504
3 504 525
3 525 546
3 546 567
3 567 588
3 588 609
3 609 630
MARKER_TAG= OUTLET
MARKER_ELEMS= 60
3 3310 3335
3 3335 3360
3 3360 3385
3 3385 3410
3 3410 3435
3 3435 3460
3 3460 3485
3 3485 3510
3 3510 3535
3 3535 3560
3 3560 3585
3 3585 3610
3 3610 3635
3 3635 3660
3 3660 3685
3 3685 3710
3 3710 3735
3 3735 3760
3 3760 3785
3 3785 3810
3 3810 3835
3 3835 3860
3 3860 3885
3 3885 3910
3 3910 3935
3 3935 3960
3 3960 3985
3 3985 4010
3 4010 4035
3 4035 4060
3 4060 4865
3 4865 4890
3 4890 4915
3 4915 4940
3 4940 4965
3 4965 4990
3 4990 5015
3 5015 5040
3 5040 5065
3 5065 5090
3 5090 5115
3 5115 5140
3 5140 5165
3 5165 5190
3 5190 5215
3 5215 5240
3 5240 5265
3 5265 5290
3 5290 5315
3 5315 5340
3 5340 5365
3 5365 5390
3 5390 5415
3 5415 5440
3 5440 5465
3 5465 5490
3 5490 5515
3 5515 5540
3 5540 5565
3 5565 5590
MARKER_TAG= FARFIELD
MARKER_ELEMS= 95
3 4815 4816
3 4816 4817
3 4817 4818
3 4818 4819
3 4819 4820
3 4820 4821
3 4821 4822
3 4822 4823
3 4823 4824
3 4824 4825
3 4825 4826
3 4826 4827
3 4827 4828
3 4828 4829
3 4829 4830
3 4830 4831
3 4831 4832
3 4832 4833
3 4833 4834
3 4834 4835
3 4835 4836
3 4836 4837
3 4837 4838
3 4838 4839
3 4839 4840
3 4840 5566
3 5566 5567
3 5567 5568
3 5568 5569
3 5569 5570
3 5570 5571
3 5571 5572
3 5572 5573
3 5573 5574
3 5574 5575
3 5575 5576
3 5576 5577
3 5577 5578
3 5578 5579
3 5579 5580
3 5580 5581
3 5581 5582
3 5582 5583
3 5583 5584
3 5584 5585
3 5585 5586
3 5586 5587
3 5587 5588
3 5588 5589
3 5589 5590
3 6041 6042
3 6042 6043
3 6043 6044
3 6044 6045
3 6045 6046
3 6046 6047
3 6047 6048
3 6048 6049
3 6049 6050
3 6050 6051
3 6051 6052
3 6052 6053
3 6053 6054
3 6054 6055
3 6055 4815
3 5591 5606
3 5606 5621
3 5621 5636
3 5636 5651
3 5651 5666
3 5666 5681
3 5681 5696
3 5696 5711
3 5711 5726
3 5726 5741
3 5741 5756
3 5756 5771
3 5771 5786
3 5786 5801
3 5801 5816
3 5816 5831
3 5831 5846
3 5846 5861
3 5861 5876
3 5876 5891
3 5891 5906
3 5906 5921
3 5921 5936
3 5936 5951
3 5951 5966
3 5966 5981
3 5981 5996
3 5996 6011
3 6011 6026
3 6026 6041
MARKER_TAG= SHROUD
MARKER_ELEMS= 15
3 5591 5592
3 5592 5593
3 5593 5594
3 5594 5595
3 5595 5596
3 5596 5597
3 5597 5598
3 5598 5599
3 5599 5600
3 5600 5601
3 5601 5602
3 5602 5603
3 5603 5604
3 5604 5605
3 5605 2510
