"Time_Iter","Outer_Iter","Inner_Iter",    "Cur_Time"    ,    "Time_Step"   ,    "rms[Rho]"    ,    "rms[RhoU]"   ,    "rms[RhoV]"   ,    "rms[RhoE]"   ,     "rms[k]"     ,     "rms[w]"     
          4,           0,           0,             1e-07,             1e-07,      -2.252676356,      0.4769243576,      0.3390320319,       3.130196224,       2.182054907,       4.998329887
          4,           0,          10,             1e-07,             1e-07,      -4.527931804,      -1.665083469,      -1.831668796,      0.7769050791,      0.1009048868,       3.755044359
          4,           0,          20,             1e-07,             1e-07,      -4.708095348,      -1.806042513,      -1.985051606,      0.5390675453,    -0.08019335314,       2.693201412
          4,           0,          29,             1e-07,             1e-07,      -4.799249288,      -1.891211226,      -2.075319125,      0.3937224173,     -0.1512423997,       1.861785744
          5,           0,           0,             2e-07,             1e-07,      -2.259854258,      0.4668952263,      0.3467829239,       3.117081744,       2.157870802,        4.87730364
          5,           0,          10,             2e-07,             1e-07,      -4.453676241,      -1.609953896,      -1.787302888,      0.8015694776,    -0.02890946979,       2.812783232
          5,           0,          20,             2e-07,             1e-07,      -4.636459418,      -1.742115041,      -1.943489549,      0.5896930575,     -0.1590395625,       1.181052995
          5,           0,          29,             2e-07,             1e-07,      -4.734713874,      -1.824113419,      -2.035016733,      0.4508469686,      -0.243359305,      0.1847068984
          6,           0,           0,             3e-07,             1e-07,      -2.260150941,      0.4656420885,      0.3400929146,       3.114981709,       2.134035497,        4.73990404
          6,           0,          10,             3e-07,             1e-07,      -4.426623939,      -1.588529783,      -1.746091679,      0.8176012766,   -0.004994519224,       2.690855358
          6,           0,          20,             3e-07,             1e-07,      -4.611938813,      -1.714907181,      -1.890863282,      0.6124143991,     -0.1289853025,       1.091884207
          6,           0,          29,             3e-07,             1e-07,      -4.713580792,      -1.794804653,      -1.977329082,      0.4776526754,     -0.2110584278,       0.192795174
          7,           0,           0,             4e-07,             1e-07,      -2.259689122,      0.4639737786,       0.326127689,       3.114425887,       2.111700752,       4.618490885
          7,           0,          10,             4e-07,             1e-07,      -4.411734618,      -1.576224014,      -1.706772625,      0.8307072009,    0.005239879545,       2.584884883
          7,           0,          20,             4e-07,             1e-07,      -4.597520876,      -1.698089173,      -1.839939133,        0.62910168,     -0.1148069461,      0.9967147166
          7,           0,          29,             4e-07,             1e-07,      -4.700976957,       -1.77657442,       -1.92276619,      0.4968514666,     -0.1958153413,      0.1871029035
          8,           0,           0,             5e-07,             1e-07,       -2.25870129,      0.4624303955,      0.3113858678,       3.115049902,       2.091865574,       4.523476481
          8,           0,          10,             5e-07,             1e-07,      -4.400946622,      -1.566125903,      -1.676051398,      0.8432061922,     0.01210057715,       2.522317002
          8,           0,          20,             5e-07,             1e-07,      -4.586429737,      -1.684790027,      -1.800588565,      0.6442735641,     -0.1049194516,      0.9391364348
          8,           0,          29,             5e-07,             1e-07,      -4.691000499,      -1.762365806,      -1.881154917,      0.5132793493,     -0.1852252409,      0.1923063796
          9,           0,           0,             6e-07,             1e-07,      -2.257267359,      0.4614702176,      0.2981175389,       3.116686567,       2.074650914,       4.453374761
          9,           0,          10,             6e-07,             1e-07,      -4.391890668,      -1.556857172,       -1.65266901,      0.8551277945,     0.01834271593,       2.490048659
          9,           0,          20,             6e-07,             1e-07,      -4.576877518,      -1.673078111,       -1.77130755,          0.657876,    -0.09643390568,      0.8963675313
          9,           0,          29,             6e-07,             1e-07,      -4.682091952,      -1.749998031,       -1.85026846,      0.5275051874,     -0.1762439675,      0.1964541044
         10,           0,           0,             7e-07,             1e-07,      -2.255556457,       0.461157235,      0.2868197796,       3.118992074,       2.059835979,       4.401085993
         10,           0,          10,             7e-07,             1e-07,      -4.383677164,      -1.548167845,      -1.634368518,       0.866385424,     0.02458586957,       2.453316937
         10,           0,          20,             7e-07,             1e-07,      -4.568127856,       -1.66244425,      -1.748873132,      0.6699708873,    -0.08847674804,      0.8578063084
         10,           0,          29,             7e-07,             1e-07,      -4.673681328,      -1.738827161,      -1.826460792,      0.5398431994,     -0.1679125304,      0.2103139941
         11,           0,           0,             8e-07,             1e-07,       -2.25371873,      0.4613803823,       0.277395555,       3.121646018,       2.047091703,       4.358182036
         11,           0,          10,             8e-07,             1e-07,      -4.376316615,      -1.540113953,      -1.619389344,      0.8760313011,     0.03081803356,       2.410687818
         11,           0,          20,             8e-07,             1e-07,      -4.559914648,      -1.652728042,      -1.730853102,      0.6806007035,    -0.08087780371,      0.8042749054
         11,           0,          29,             8e-07,             1e-07,      -4.665523099,       -1.72866037,      -1.807315122,       0.550721539,      -0.160015834,      0.2230950619
         12,           0,           0,             9e-07,             1e-07,      -2.251848794,      0.4619971954,      0.2695619897,         3.1244429,       2.036101737,       4.320767647
         12,           0,          10,             9e-07,             1e-07,      -4.369307118,      -1.532644781,      -1.606862081,      0.8850053935,     0.03690166116,       2.372836852
         12,           0,          20,             9e-07,             1e-07,      -4.552073133,      -1.643868387,      -1.716097309,      0.6899914789,    -0.07364929485,      0.7534477899
         12,           0,          29,             9e-07,             1e-07,      -4.657570126,      -1.719436372,      -1.791761153,      0.5602601571,     -0.1525436537,      0.2362586237
         13,           0,           0,             1e-06,             1e-07,      -2.250001156,      0.4628813059,      0.2630430075,       3.127255746,       2.026580157,       4.284726436
         13,           0,          10,             1e-06,             1e-07,      -4.362756832,      -1.525677198,       -1.59589846,       0.892908817,     0.04275150401,        2.33241208
         13,           0,          20,             1e-06,             1e-07,      -4.544500271,      -1.635642607,       -1.70318184,      0.6984340027,    -0.06681935094,      0.7017014887
         13,           0,          29,             1e-06,             1e-07,      -4.649735908,      -1.710802326,      -1.777781254,      0.5689305181,     -0.1455123833,        0.25194127
         14,           0,           0,           1.1e-06,             1e-07,       -2.24825686,      0.4639212505,      0.2575856509,       3.129927286,       2.018283484,       4.248828397
         14,           0,          10,           1.1e-06,             1e-07,      -4.356651404,      -1.519160644,      -1.585909191,      0.8997127937,     0.04833349622,       2.292295133
         14,           0,          20,           1.1e-06,             1e-07,      -4.537133027,      -1.627961704,      -1.691207772,      0.7061850137,    -0.06039765655,      0.6630316989
         14,           0,          29,           1.1e-06,             1e-07,      -4.641983366,      -1.702681335,       -1.76439158,      0.5770768664,      -0.138924089,      0.2762569475
         15,           0,           0,           1.2e-06,             1e-07,       -2.24665353,       0.465043298,      0.2530053631,       3.132381225,       2.010997971,       4.213413965
         15,           0,          10,           1.2e-06,             1e-07,      -4.350740033,      -1.512989928,      -1.576627331,      0.9060872392,     0.05363161758,       2.244048556
         15,           0,          20,           1.2e-06,             1e-07,      -4.529973827,      -1.620749404,      -1.680435465,      0.7132406782,    -0.05437649101,       0.610602323
         15,           0,          29,           1.2e-06,             1e-07,      -4.634391894,      -1.695092789,       -1.75285174,      0.5844020748,     -0.1327653074,      0.2896803234
         16,           0,           0,           1.3e-06,             1e-07,      -2.245221267,       0.466191263,      0.2491642267,       3.134565259,       2.004507605,       4.178265501
         16,           0,          10,           1.3e-06,             1e-07,      -4.345034711,      -1.507217972,      -1.568177298,       0.911987992,     0.05864775301,       2.203174187
         16,           0,          20,           1.3e-06,             1e-07,      -4.522988855,      -1.614039004,      -1.670612986,      0.7197741006,    -0.04873671107,      0.5786208586
         16,           0,          29,           1.3e-06,             1e-07,      -4.626906127,       -1.68804094,      -1.742294032,      0.5913004408,     -0.1270122373,      0.3029487394
         17,           0,           0,           1.4e-06,             1e-07,      -2.243989394,      0.4672993007,      0.2459473687,       3.136414668,       1.998684966,        4.14492228
         17,           0,          10,           1.4e-06,             1e-07,      -4.339480214,      -1.501744526,      -1.559879247,      0.9176187249,     0.06339168057,       2.163907263
         17,           0,          20,           1.4e-06,             1e-07,      -4.516117636,      -1.607567255,       -1.66000439,       0.726095175,    -0.04345313601,      0.5581937613
         17,           0,          29,           1.4e-06,             1e-07,      -4.619428203,      -1.680975258,      -1.729294205,      0.5984096784,     -0.1216358601,      0.3351742135
         18,           0,           0,           1.5e-06,             1e-07,      -2.242976943,      0.4683235541,      0.2432646139,       3.137900738,       1.993424994,        4.11479422
         18,           0,          10,           1.5e-06,             1e-07,      -4.334252428,      -1.496439352,      -1.551395703,      0.9224528948,     0.06787874384,       2.137849242
         18,           0,          20,           1.5e-06,             1e-07,      -4.509331973,       -1.60122961,      -1.649158309,      0.7323093082,    -0.03849852149,      0.5456131691
         18,           0,          29,           1.5e-06,             1e-07,      -4.611958876,      -1.673944202,      -1.716059902,      0.6056344264,     -0.1166056506,      0.3533597638
         19,           0,           0,           1.6e-06,             1e-07,      -2.242194147,      0.4692306604,      0.2410256494,       3.139009246,       1.988643167,        4.08685518
         19,           0,          10,           1.6e-06,             1e-07,      -4.329024161,      -1.491089978,      -1.542334028,      0.9274722973,     0.07212564688,       2.109455269
         19,           0,          20,           1.6e-06,             1e-07,      -4.502565496,      -1.594590873,       -1.63702116,      0.7386512034,    -0.03384548974,      0.5364018146
         19,           0,          29,           1.6e-06,             1e-07,      -4.604377375,      -1.666190085,      -1.700545383,      0.6134758468,     -0.1118917479,       0.379478029
         20,           0,           0,           1.7e-06,             1e-07,      -2.241630277,      0.4699977076,      0.2391515331,       3.139761006,       1.984296011,       4.062366902
         20,           0,          10,           1.7e-06,             1e-07,      -4.323875863,      -1.485749527,      -1.532511662,      0.9324709896,     0.07614922731,       2.085159766
         20,           0,          20,           1.7e-06,             1e-07,      -4.495720491,      -1.587826218,      -1.623540688,      0.7455202963,    -0.02946759652,      0.5370194721
         20,           0,          29,           1.7e-06,             1e-07,      -4.596513267,      -1.658103763,       -1.68297137,      0.6226956405,     -0.1074653821,      0.4109806724
         21,           0,           0,           1.8e-06,             1e-07,      -2.241262587,      0.4706172965,      0.2375781587,       3.140191668,       1.980293454,       4.040776941
         21,           0,          10,           1.8e-06,             1e-07,      -4.318759984,      -1.480058495,      -1.521203792,      0.9375729188,     0.07996619782,       2.060620138
         21,           0,          20,           1.8e-06,             1e-07,      -4.488759371,      -1.580248127,      -1.607027941,      0.7531021715,    -0.02534033752,       0.554538872
         21,           0,          29,           1.8e-06,             1e-07,      -4.588304959,      -1.648637897,      -1.660954067,      0.6336296273,     -0.1033004839,      0.4591789259
         22,           0,           0,           1.9e-06,             1e-07,      -2.241083905,      0.4710783349,      0.2362472745,         3.1403153,       1.976587173,       4.021211246
         22,           0,          10,           1.9e-06,             1e-07,      -4.313643892,      -1.474134581,      -1.507635745,      0.9429844433,     0.08359255117,       2.043891271
         22,           0,          20,           1.9e-06,             1e-07,      -4.481600341,      -1.572524329,      -1.587758464,      0.7618366636,    -0.02144152604,      0.5862198801
         22,           0,          29,           1.9e-06,             1e-07,      -4.579725435,      -1.639316657,      -1.636508447,      0.6465801729,    -0.09937311653,      0.5168373851
         23,           0,           0,             2e-06,             1e-07,      -2.241112173,      0.4713472594,      0.2351226917,       3.140100948,       1.973140419,       4.003235672
         23,           0,          10,             2e-06,             1e-07,      -4.308521002,        -1.4679907,      -1.493309187,      0.9486841289,     0.08704334474,       2.026123903
         23,           0,          20,             2e-06,             1e-07,      -4.474348915,      -1.564622961,      -1.569223136,      0.7711277983,    -0.01775091413,      0.6178329598
         23,           0,          29,             2e-06,             1e-07,      -4.571105982,      -1.630142279,      -1.615301091,      0.6597186741,    -0.09566175699,      0.5651214917
         24,           0,           0,           2.1e-06,             1e-07,      -2.241366639,      0.4714028474,      0.2341916325,       3.139519653,       1.969974641,       3.987115532
         24,           0,          10,           2.1e-06,             1e-07,      -4.303512257,        -1.4627839,      -1.481492394,      0.9542444147,     0.09033206076,       2.013131544
         24,           0,          20,           2.1e-06,             1e-07,      -4.467620128,      -1.559265271,      -1.558166617,      0.7788470915,    -0.01425053413,      0.6415260398
         24,           0,          29,           2.1e-06,             1e-07,      -4.563757194,      -1.625756666,       -1.60786151,       0.668201249,    -0.09214768988,      0.5867806117
         25,           0,           0,           2.2e-06,             1e-07,      -2.241765725,      0.4712893883,      0.2333931593,       3.138704386,       1.967027394,       3.971463923
         25,           0,          10,           2.2e-06,             1e-07,      -4.298984114,      -1.458862418,      -1.473281248,      0.9583899663,     0.09347100793,       1.993892531
         25,           0,          20,           2.2e-06,             1e-07,      -4.461269679,      -1.554145508,      -1.546393802,      0.7854933908,    -0.01092419545,      0.6587367589
         25,           0,          29,           2.2e-06,             1e-07,      -4.556165911,      -1.619199055,       -1.59190917,      0.6780284919,    -0.08881338938,      0.6188220778
         26,           0,           0,           2.3e-06,             1e-07,      -2.242273286,      0.4710306488,      0.2326910638,       3.137717071,       1.964237477,       3.956248341
         26,           0,          10,           2.3e-06,             1e-07,      -4.294353785,      -1.455375921,       -1.46369642,       0.963210028,     0.09647178429,        1.98012084
         26,           0,          20,           2.3e-06,             1e-07,      -4.454875897,      -1.550835176,       -1.53566459,      0.7928622634,   -0.007757348698,      0.6841956231
         26,           0,          29,           2.3e-06,             1e-07,      -4.548900156,      -1.616598543,      -1.581438861,      0.6873582363,    -0.08564387521,      0.6503044771
         27,           0,           0,           2.4e-06,             1e-07,      -2.242871015,      0.4706394892,      0.2320566798,       3.136589484,       1.961658038,       3.941173328
         27,           0,          10,           2.4e-06,             1e-07,      -4.290008801,      -1.451731693,      -1.454966162,      0.9672434877,     0.09934435721,       1.962853938
         27,           0,          20,           2.4e-06,             1e-07,      -4.448691687,       -1.54559947,      -1.522198393,      0.7996302095,   -0.004737391531,      0.7105071622
         27,           0,          29,           2.4e-06,             1e-07,      -4.541266507,       -1.60936008,      -1.562028734,      0.6981666654,    -0.08262566661,      0.6849662967
         28,           0,           0,           2.5e-06,             1e-07,      -2.243541752,      0.4701349961,      0.2314680111,       3.135343207,       1.959261688,       3.925677024
         28,           0,          10,           2.5e-06,             1e-07,      -4.285303343,      -1.448119569,      -1.442583786,      0.9728224226,      0.1020980529,       1.944149374
         28,           0,          20,           2.5e-06,             1e-07,       -4.44187345,      -1.541876279,      -1.506498559,      0.8092880943,   -0.001852511573,      0.7504538806
         28,           0,          29,           2.5e-06,             1e-07,      -4.533095869,      -1.606015803,      -1.544658487,      0.7117798872,    -0.07974653828,      0.7315976073
         29,           0,           0,           2.6e-06,             1e-07,      -2.244269586,      0.4695369261,      0.2309049416,       3.134002512,       1.957033342,       3.910923982
         29,           0,          10,           2.6e-06,             1e-07,      -4.280643002,        -1.4444792,      -1.429147843,      0.9785233953,      0.1047410176,       1.925539418
         29,           0,          20,           2.6e-06,             1e-07,      -4.434812426,      -1.536929515,      -1.486970394,      0.8200657293,   0.0009073982768,      0.7933090348
         29,           0,          29,           2.6e-06,             1e-07,       -4.52404732,      -1.599538644,      -1.519069571,      0.7287174341,     -0.0769958163,      0.7833639685
         30,           0,           0,           2.7e-06,             1e-07,      -2.245046067,      0.4688526874,      0.2303540069,       3.132582609,       1.954999127,       3.897227797
         30,           0,          10,           2.7e-06,             1e-07,      -4.275769948,      -1.439907379,       -1.41148024,      0.9852290126,      0.1072810428,       1.913663118
         30,           0,          20,           2.7e-06,             1e-07,      -4.427028561,       -1.53001498,      -1.460652066,      0.8336554222,    0.003551689972,       0.842780081
         30,           0,          29,           2.7e-06,             1e-07,      -4.513501619,      -1.589717203,      -1.483993566,      0.7509168378,    -0.07436367239,      0.8425983454
         31,           0,           0,           2.8e-06,             1e-07,      -2.245852297,      0.4681099527,      0.2298064001,       3.131112809,       1.953131757,       3.883343681
         31,           0,          10,           2.8e-06,             1e-07,      -4.270356585,      -1.433667749,      -1.386289561,      0.9941307594,       0.109725045,       1.897455996
         31,           0,          20,           2.8e-06,             1e-07,      -4.417874232,      -1.520013985,      -1.424263949,      0.8521698181,    0.006088905659,      0.8995814086
         31,           0,          29,           2.8e-06,             1e-07,      -4.500493715,      -1.574855366,         -1.436551,      0.7808889275,    -0.07184106053,      0.9131165041
         32,           0,           0,           2.9e-06,             1e-07,      -2.246673452,      0.4673253115,      0.2292627516,       3.129619188,       1.951428729,       3.869740587
         32,           0,          10,           2.9e-06,             1e-07,      -4.263978947,       -1.42364071,      -1.349430608,       1.006513971,       0.112079529,       1.888943185
         32,           0,          20,           2.9e-06,             1e-07,      -4.405974271,      -1.501961194,      -1.369246467,      0.8794447282,    0.008527087203,      0.9761468771
         32,           0,          29,           2.9e-06,             1e-07,      -4.481653442,      -1.546046227,      -1.363253556,      0.8268710666,    -0.06941884643,       1.005315113
         33,           0,           0,             3e-06,             1e-07,      -2.247497693,      0.4665109855,      0.2287264478,       3.128121341,       1.949885117,       3.856713608
         33,           0,          10,             3e-06,             1e-07,      -4.255130608,      -1.404212684,      -1.286857153,       1.027229277,      0.1143506019,       1.884759691
         33,           0,          20,             3e-06,             1e-07,      -4.387092904,      -1.463686143,      -1.276654422,      0.9263733362,     0.01087467309,       1.086000222
         33,           0,          29,             3e-06,             1e-07,      -4.449634089,      -1.481363098,      -1.242239016,      0.9022959269,     -0.0670862749,       1.133191073
         34,           0,           0,           3.1e-06,             1e-07,      -2.248317301,      0.4656834385,      0.2282313966,       3.126634726,       1.948497335,        3.84504259
         34,           0,          10,           3.1e-06,             1e-07,      -4.239703507,       -1.35663579,      -1.175672951,       1.067461852,      0.1165457838,        1.87777723
         34,           0,          20,           3.1e-06,             1e-07,      -4.351170622,      -1.372256107,      -1.124707226,       1.010584002,     0.01314337782,       1.238587518
         34,           0,          29,           3.1e-06,             1e-07,      -4.386707737,      -1.340872196,      -1.057119695,       1.027104279,    -0.06482386671,       1.307797386
         35,           0,           0,           3.2e-06,             1e-07,      -2.249122477,      0.4648648204,       0.227909116,       3.125175027,       1.947259957,       3.833527211
         35,           0,          10,           3.2e-06,             1e-07,      -4.205401788,      -1.240353639,     -0.9906984366,       1.152019222,       0.118678021,       1.879285298
         35,           0,          20,           3.2e-06,             1e-07,      -4.271405982,      -1.186575227,     -0.9004022898,       1.160797585,     0.01536205073,       1.450646795
         35,           0,          29,           3.2e-06,             1e-07,       -4.25465433,      -1.103652668,     -0.8070225466,       1.225614995,    -0.06257066094,       1.540648262
         36,           0,           0,           3.3e-06,             1e-07,      -2.249902014,      0.4641103988,      0.2283110772,       3.123763992,       1.946162525,       3.822200745
         36,           0,          10,           3.3e-06,             1e-07,      -4.118553738,      -1.020290581,      -0.741825603,       1.315704338,      0.1207837192,        1.91967353
         36,           0,          20,           3.3e-06,             1e-07,      -4.116873937,      -0.906858457,     -0.6326410892,       1.375072164,     0.01760868163,       1.694389254
         36,           0,          29,           3.3e-06,             1e-07,      -4.063591156,     -0.7844132918,     -0.5240066187,       1.450902467,    -0.06019342991,       1.780732131
         37,           0,           0,           3.4e-06,             1e-07,      -2.250640553,      0.4636970227,      0.2314841248,       3.122427635,       1.945193873,       3.811895874
         37,           0,          10,           3.4e-06,             1e-07,      -3.984949074,     -0.6837059902,     -0.4363622603,       1.502449032,       0.122922013,       1.993309652
         37,           0,          20,           3.4e-06,             1e-07,      -3.924883388,     -0.5141915649,     -0.2824125673,       1.592577812,     0.02005601812,       1.959854568
         37,           0,          29,           3.4e-06,             1e-07,      -3.809169973,     -0.3485911859,     -0.1279317311,        1.71514024,    -0.05710229918,       2.089108249
         38,           0,           0,           3.5e-06,             1e-07,       -2.25119801,      0.4661190162,      0.2543396127,       3.121420939,       1.944368157,       3.801220484
         38,           0,          10,           3.5e-06,             1e-07,      -3.711277007,     -0.2238119237,    -0.01416091559,       1.802125283,      0.1255559083,       2.218229349
         38,           0,          20,           3.5e-06,             1e-07,       -3.54820979,    -0.02511871203,      0.1771393988,       1.971020592,     0.02458195412,       2.350423529
         38,           0,          29,           3.5e-06,             1e-07,      -3.392705267,      0.1566732738,      0.3562754304,       2.127216491,    -0.04731026178,       2.512830478
         39,           0,           0,           3.6e-06,             1e-07,      -2.250283994,      0.4957297546,      0.4032227876,       3.123069791,       1.943683597,       3.788266427
         39,           0,          10,           3.6e-06,             1e-07,      -3.287603526,      0.2752716854,      0.4764916035,       2.235056631,      0.1337856392,       2.632840378
         39,           0,          20,           3.6e-06,             1e-07,      -3.114955184,      0.4820903255,      0.6845343754,       2.414225017,     0.04895597319,       2.810490843
         39,           0,          29,           3.6e-06,             1e-07,      -2.965991155,      0.6661615873,      0.8705868716,       2.571082482,     0.01939717328,       2.978203952
         40,           0,           0,           3.7e-06,             1e-07,      -2.238804793,      0.6785044726,      0.8004794001,       3.143728815,       1.943158743,       3.775827386
         40,           0,          10,           3.7e-06,             1e-07,      -2.892097101,      0.7506318678,      0.9552361555,       2.652996953,      0.1813862397,       3.052273128
         40,           0,          20,           3.7e-06,             1e-07,      -2.774482492,      0.8952470559,       1.100885715,       2.781223065,      0.1503318899,       3.174184416
         40,           0,          29,           3.7e-06,             1e-07,      -2.712446024,      0.9963338084,       1.201763121,       2.847275026,       0.169898823,       3.265824368
         41,           0,           0,           3.8e-06,             1e-07,      -2.209934057,      0.9422185954,        1.12892344,       3.192722686,       1.942784822,       3.767595228
         41,           0,          10,           3.8e-06,             1e-07,      -2.685749035,       0.993349043,       1.197335701,       2.881624027,      0.2719474628,       3.289181264
         41,           0,          20,           3.8e-06,             1e-07,       -2.63607494,       1.050525304,       1.255759043,       2.935998759,      0.2501275538,        3.33327404
         41,           0,          29,           3.8e-06,             1e-07,      -2.627265858,       1.102368562,       1.304912425,       2.940880187,      0.2589166825,       3.379697242
         42,           0,           0,           3.9e-06,             1e-07,      -2.187197562,       1.077505715,       1.273050134,        3.22865337,       1.942519352,       3.764147446
         42,           0,          10,           3.9e-06,             1e-07,      -2.598070977,       1.099246803,       1.303880027,       2.977078172,      0.3490245844,       3.411057031
         42,           0,          20,           3.9e-06,             1e-07,      -2.571337531,       1.127551124,       1.332495558,       3.005248337,      0.3309072587,       3.434644177
         42,           0,          29,           3.9e-06,             1e-07,      -2.583569535,       1.158615665,       1.360209461,       2.989913226,      0.3315965958,        3.45926038
         43,           0,           0,             4e-06,             1e-07,      -2.175247637,       1.145685367,       1.344273683,       3.248411173,        1.94240283,       3.766536238
         43,           0,          10,             4e-06,             1e-07,      -2.549999656,       1.155725207,       1.360030374,       3.027336421,      0.4191669946,       3.492621176
         43,           0,          20,             4e-06,             1e-07,      -2.535638651,       1.172180733,       1.376773159,       3.041900865,      0.4056960933,        3.50712231
         43,           0,          29,             4e-06,             1e-07,      -2.556855646,       1.194548968,       1.395458779,       3.017448888,      0.4043456132,       3.522743117
         44,           0,           0,           4.1e-06,             1e-07,      -2.168951648,       1.185793941,       1.385579365,       3.260104617,       1.942399739,       3.775875132
         44,           0,          10,           4.1e-06,             1e-07,        -2.5187201,       1.187223594,       1.390774752,        3.05673018,      0.4710994767,       3.547153851
         44,           0,          20,           4.1e-06,             1e-07,      -2.508401927,        1.19715263,       1.400219901,       3.064961283,      0.4557562617,        3.55341267
         44,           0,          29,           4.1e-06,             1e-07,      -2.529482344,       1.215738516,        1.41497401,         3.0414626,      0.4564415654,        3.56751506
         45,           0,           0,           4.2e-06,             1e-07,       -2.16338748,       1.210163073,        1.40897624,       3.270767504,       1.942502376,       3.789051894
         45,           0,          10,           4.2e-06,             1e-07,      -2.491381374,       1.209613957,       1.411826778,        3.07990677,      0.5044832086,       3.585257295
         45,           0,          20,           4.2e-06,             1e-07,      -2.477486615,       1.219180722,       1.420428535,       3.090842153,       0.493032035,       3.596132784
         45,           0,          29,           4.2e-06,             1e-07,      -2.498130425,       1.237302016,       1.434251376,       3.068044396,      0.4939030317,        3.60861825
         46,           0,           0,           4.3e-06,             1e-07,      -2.155913397,       1.231393365,       1.428355761,       3.283924105,       1.942701791,       3.804351724
         46,           0,          10,           4.3e-06,             1e-07,      -2.468534775,       1.229738901,       1.429962654,       3.098112989,      0.5287650361,       3.615535904
         46,           0,          20,           4.3e-06,             1e-07,      -2.455252893,       1.238515181,       1.437799469,       3.108680703,       0.517536417,       3.627265351
         46,           0,          29,           4.3e-06,             1e-07,      -2.472514317,        1.25690311,       1.451380968,       3.087492668,       0.521225647,       3.642334575
         47,           0,           0,           4.4e-06,             1e-07,      -2.148044204,       1.251653989,       1.446021005,       3.296561593,       1.942986737,       3.819923813
         47,           0,          10,           4.4e-06,             1e-07,      -2.443616712,       1.248444993,       1.446924559,       3.120335552,      0.5499701152,       3.653934057
         47,           0,          20,           4.4e-06,             1e-07,      -2.433154814,       1.256166301,       1.453447239,       3.127959655,      0.5387773216,       3.663622015
         47,           0,          29,           4.4e-06,             1e-07,       -2.45415213,       1.272964633,       1.465713096,       3.102548154,      0.5413483362,       3.676513547
         48,           0,           0,           4.5e-06,             1e-07,      -2.140895236,       1.269054704,       1.461127798,         3.3077669,       1.943350362,         3.8404628
         48,           0,          10,           4.5e-06,             1e-07,      -2.428041865,       1.259489931,        1.45669744,       3.134425673,      0.5680477434,       3.690690793
         48,           0,          20,           4.5e-06,             1e-07,      -2.424557574,       1.259591595,       1.456075622,       3.136380261,      0.5496250901,       3.690163708
         48,           0,          29,           4.5e-06,             1e-07,      -2.456131878,       1.270012007,       1.462554122,        3.10087697,      0.5400880315,       3.687756716
         49,           0,           0,           4.6e-06,             1e-07,      -2.138460245,       1.271847602,       1.462739388,       3.313078412,       1.943771792,       3.853370389
         49,           0,          10,           4.6e-06,             1e-07,      -2.431028227,       1.258853646,       1.455161768,       3.128081616,      0.5832988181,       3.714324223
         49,           0,          20,           4.6e-06,             1e-07,      -2.430930507,       1.254464696,       1.450666809,       3.128681294,      0.5651620706,       3.714233396
         49,           0,          29,           4.6e-06,             1e-07,      -2.467020872,       1.258374891,       1.451309034,       3.086995335,      0.5481767235,       3.702099904
         50,           0,           0,           4.7e-06,             1e-07,      -2.142191071,        1.26301223,       1.453711395,       3.309738017,       1.944250504,       3.856017313
         50,           0,          10,           4.7e-06,             1e-07,      -2.445866329,       1.245180041,        1.44302409,       3.113382621,      0.5717781098,       3.710497919
         50,           0,          20,           4.7e-06,             1e-07,      -2.452567005,       1.237704621,       1.435551594,       3.104581552,      0.5400176952,       3.690715856
         50,           0,          29,           4.7e-06,             1e-07,      -2.488523015,       1.239642539,       1.434797488,         3.0640002,      0.5255953289,       3.681120088
         51,           0,           0,           4.8e-06,             1e-07,      -2.148247724,       1.246124044,       1.437949326,       3.303051594,       1.944751717,       3.839961845
         51,           0,          10,           4.8e-06,             1e-07,      -2.472039931,       1.228269212,       1.427595158,       3.081150246,      0.5369172965,       3.673234028
         51,           0,          20,           4.8e-06,             1e-07,      -2.476415195,       1.222832846,       1.422281112,       3.075787923,      0.5175532819,       3.670169768
         51,           0,          29,           4.8e-06,             1e-07,      -2.509648812,       1.225591369,       1.422422587,       3.036476277,      0.5104246841,       3.669904608
         52,           0,           0,           4.9e-06,             1e-07,      -2.154860327,        1.23245426,       1.424087261,       3.291722294,       1.945297948,       3.822293633
         52,           0,          10,           4.9e-06,             1e-07,       -2.49221256,        1.21302446,       1.414255468,       3.054922768,      0.5137994697,       3.657852976
         52,           0,          20,           4.9e-06,             1e-07,      -2.498220462,       1.204935672,       1.406797717,       3.048601643,      0.4847492129,       3.645106746
         52,           0,          29,           4.9e-06,             1e-07,      -2.537153522,       1.204800699,       1.404446486,       3.002992907,      0.4654376132,       3.631518723
         53,           0,           0,             5e-06,             1e-07,      -2.162088837,       1.214601329,       1.406627223,       3.279984676,       1.945860264,       3.803396219
         53,           0,          10,             5e-06,             1e-07,      -2.518108863,       1.195362706,       1.398644299,       3.021360122,      0.4696087979,       3.619132892
         53,           0,          20,             5e-06,             1e-07,      -2.524310199,        1.18851356,       1.392428024,       3.013784655,      0.4491786699,       3.616149496
         53,           0,          29,             5e-06,             1e-07,      -2.563388041,       1.188513895,       1.390515122,       2.967310225,      0.4363838792,       3.608791308
         54,           0,           0,           5.1e-06,             1e-07,      -2.169236801,       1.198875987,       1.390857201,       3.266647401,        1.94646604,       3.801208573
         54,           0,          10,           5.1e-06,             1e-07,      -2.543256973,       1.179206375,       1.384317723,       2.988829105,      0.4215788363,       3.553522932
         54,           0,          20,           5.1e-06,             1e-07,      -2.548449136,       1.173976291,       1.379587803,       2.983855047,      0.3767928915,       3.526865532
         54,           0,          29,           5.1e-06,             1e-07,      -2.587103164,       1.175809803,       1.379488719,        2.93572985,      0.3649539913,       3.525063169
         55,           0,           0,           5.2e-06,             1e-07,      -2.176516063,       1.185663992,       1.377791083,       3.254516665,       1.947096126,       3.792350678
         55,           0,          10,           5.2e-06,             1e-07,      -2.554741772,        1.17091242,       1.377100592,       2.972185907,      0.3819241448,       3.504050969
         55,           0,          20,           5.2e-06,             1e-07,      -2.555376549,       1.169816833,       1.376306291,       2.971387903,      0.3502791508,       3.501314184
         55,           0,          29,           5.2e-06,             1e-07,      -2.594430502,       1.173765539,       1.378424662,        2.92111022,      0.3396497492,       3.503445162
         56,           0,           0,           5.3e-06,             1e-07,      -2.179360774,       1.181366476,       1.374192318,       3.248455265,       1.947771636,        3.81520207
         56,           0,          10,           5.3e-06,             1e-07,      -2.557403091,         1.1696372,       1.376459421,       2.964415843,      0.3641750363,       3.482153647
         56,           0,          20,           5.3e-06,             1e-07,       -2.55668568,       1.171006982,       1.378063022,       2.965617246,       0.331466947,       3.482475454
         56,           0,          29,           5.3e-06,             1e-07,      -2.595718932,       1.177424415,       1.382505004,       2.913522173,      0.3206968928,       3.487311427
         57,           0,           0,           5.4e-06,             1e-07,      -2.181594795,       1.183139783,       1.376945807,       3.243601021,       1.948471101,       3.863118815
         57,           0,          10,           5.4e-06,             1e-07,      -2.557787218,       1.174385574,       1.381830029,       2.962556778,      0.3475256207,       3.462021885
         57,           0,          20,           5.4e-06,             1e-07,       -2.55508043,       1.178378867,       1.385942587,       2.965915508,      0.3128630853,       3.464846895
         57,           0,          29,           5.4e-06,             1e-07,       -2.59483514,       1.187203039,       1.392457823,       2.910618934,      0.3011987836,       3.473881807
         58,           0,           0,           5.5e-06,             1e-07,       -2.18278641,       1.190389965,       1.385474072,       3.240750298,        1.94918134,       3.799793276
         58,           0,          10,           5.5e-06,             1e-07,      -2.552900796,       1.186108653,       1.393573953,       2.966096256,      0.3360221789,       3.452068632
         58,           0,          20,           5.5e-06,             1e-07,      -2.545652379,       1.194227944,       1.401500846,       2.973902708,      0.3012738311,       3.460807036
         58,           0,          29,           5.5e-06,             1e-07,      -2.582349254,       1.206965167,        1.41162281,       2.919115944,      0.2903398837,       3.474969236
         59,           0,           0,           5.6e-06,             1e-07,       -2.18179054,       1.206868611,       1.402276901,       3.240499221,       1.949869066,       3.861688618
         59,           0,          10,           5.6e-06,             1e-07,      -2.537921382,        1.20554895,       1.412523103,       2.979990696,      0.3281346246,       3.450392146
         59,           0,          20,           5.6e-06,             1e-07,      -2.527603704,       1.214833636,       1.421576014,       2.990877186,      0.2926218787,        3.46120696
         59,           0,          29,           5.6e-06,             1e-07,       -2.56655554,       1.228192381,       1.432226097,       2.932138139,      0.2809198446,        3.47526879
         60,           0,           0,           5.7e-06,             1e-07,        -2.1794281,       1.226866171,       1.422575088,       3.242569017,       1.950656452,       3.977655334
         60,           0,          10,           5.7e-06,             1e-07,      -2.519601403,       1.226934675,       1.433626804,       2.998075793,      0.3271937464,       3.457597677
         60,           0,          20,           5.7e-06,             1e-07,      -2.510715086,       1.236365781,       1.443020853,       3.008313904,      0.2909583232,       3.466035126
         60,           0,          29,           5.7e-06,             1e-07,      -2.552559651,       1.249680734,       1.453523303,       2.945263159,       0.277705482,       3.477873391
         61,           0,           0,           5.8e-06,             1e-07,      -2.176739833,       1.247624832,       1.443794832,       3.245437278,       1.951473836,       4.020840533
         61,           0,          10,           5.8e-06,             1e-07,      -2.500626975,       1.249313353,       1.455641931,       3.018126664,      0.3328106099,       3.472441687
         61,           0,          20,           5.8e-06,             1e-07,      -2.489715456,       1.260361773,       1.466553329,       3.031550903,      0.2990103779,       3.484683225
         61,           0,          29,           5.8e-06,             1e-07,      -2.530719537,       1.275546561,        1.47880683,       2.969748394,      0.2874443394,        3.50057214
         62,           0,           0,           5.9e-06,             1e-07,        -2.1730114,       1.271638653,       1.468459545,       3.250653133,       1.952265469,       3.974325183
         62,           0,          10,           5.9e-06,             1e-07,      -2.474914049,       1.275291424,       1.481243634,       3.048547714,      0.3529847498,       3.510322133
         62,           0,          20,           5.9e-06,             1e-07,      -2.463723318,       1.286347415,       1.492223266,       3.062471932,      0.3229172606,       3.523293377
         62,           0,          29,           5.9e-06,             1e-07,      -2.506438166,       1.301683624,       1.504370696,       2.999489468,      0.3144163564,        3.54122773
         63,           0,           0,             6e-06,             1e-07,      -2.166988165,       1.297036821,       1.494410379,       3.259854483,       1.953653323,       3.887029171
         63,           0,          10,             6e-06,             1e-07,       -2.44544431,       1.302599697,       1.507687721,       3.086628758,      0.3950660135,       3.574238289
         63,           0,          20,             6e-06,             1e-07,      -2.434003255,         1.3148636,       1.519445412,       3.101304414,      0.3759624053,       3.593829386
         63,           0,          29,             6e-06,             1e-07,      -2.480468406,       1.329913301,       1.530937409,       3.031360183,      0.3745323722,       3.614901809
         64,           0,           0,           6.1e-06,             1e-07,      -2.161907228,        1.32344684,       1.521158856,       3.269378211,       1.954684344,       3.836303457
         64,           0,          10,           6.1e-06,             1e-07,       -2.41899708,       1.326415602,       1.530747125,       3.123799806,      0.4878251803,       3.714986332
         64,           0,          20,           6.1e-06,             1e-07,      -2.409527541,       1.332888394,       1.537162452,       3.135058865,      0.4832760414,       3.753581738
         64,           0,          29,           6.1e-06,             1e-07,      -2.465944858,       1.343305092,       1.544393878,        3.05937865,      0.5042382523,       3.798240613
         65,           0,           0,           6.2e-06,             1e-07,      -2.155748417,       1.338458063,       1.537326786,       3.279807584,       1.955704521,       3.937032121
         65,           0,          10,           6.2e-06,             1e-07,      -2.396754789,        1.33557847,       1.540386168,       3.144832267,      0.6347574314,       3.963166369
         65,           0,          20,           6.2e-06,             1e-07,      -2.367669702,       1.335381977,       1.540129043,       3.161370877,       0.649302419,       4.029664544
         65,           0,          29,           6.2e-06,             1e-07,      -2.402268441,       1.340803363,       1.542438537,       3.091426738,      0.6217413961,       3.973761931
         66,           0,           0,           6.3e-06,             1e-07,       -2.14103272,       1.336681037,        1.53737503,       3.294990606,       1.956782422,       4.088161606
         66,           0,          10,           6.3e-06,             1e-07,      -2.377514523,       1.330089646,       1.535433987,       3.147658942,      0.6741065212,       3.993063729
         66,           0,          20,           6.3e-06,             1e-07,      -2.373126135,       1.328448003,       1.534659444,       3.153954771,      0.6717567892,        4.03704256
         66,           0,          29,           6.3e-06,             1e-07,      -2.468386155,       1.335569591,       1.538311199,       3.062728982,       0.670938037,       4.048127684
         67,           0,           0,           6.4e-06,             1e-07,      -2.151624785,       1.331467103,       1.534698416,        3.28808692,       1.957686915,       4.141764643
         67,           0,          10,           6.4e-06,             1e-07,      -2.408044226,       1.328883703,       1.535609014,       3.134449498,      0.6467255187,       4.013610952
         67,           0,          20,           6.4e-06,             1e-07,       -2.40866507,       1.329590981,       1.535395927,       3.135224914,      0.6711818816,       4.056400532
         67,           0,          29,           6.4e-06,             1e-07,      -2.445416042,       1.337818132,       1.539818292,       3.077624013,      0.6889049648,       4.092199211
         68,           0,           0,           6.5e-06,             1e-07,      -2.147975503,       1.331772103,       1.535766077,       3.292805419,       1.958300081,       4.102699185
         68,           0,          10,           6.5e-06,             1e-07,      -2.411468721,       1.329802221,       1.535828473,        3.13301878,      0.6683367054,       4.007268866
         68,           0,          20,           6.5e-06,             1e-07,      -2.400351175,       1.329369755,       1.535601987,       3.137330006,      0.6696869667,       4.004931329
         68,           0,          29,           6.5e-06,             1e-07,      -2.476424583,       1.337629189,       1.540488196,       3.059974555,      0.6763397812,       4.007259367
         69,           0,           0,           6.6e-06,             1e-07,      -2.155386357,       1.331526343,        1.53619547,       3.285646394,       1.958795209,        4.07061416
         69,           0,          10,           6.6e-06,             1e-07,      -2.415714027,       1.333522207,       1.539160962,        3.12315291,       0.641430369,       3.921641852
         69,           0,          20,           6.6e-06,             1e-07,      -2.398645621,       1.342011551,        1.54686648,       3.137242367,      0.6924758547,       4.094443691
         69,           0,          29,           6.6e-06,             1e-07,      -2.435412315,       1.357962178,       1.558057238,       3.076774891,      0.6987710353,       4.086968927
         70,           0,           0,           6.7e-06,             1e-07,      -2.147631128,       1.349226035,       1.551767608,       3.292891176,        1.95923576,        4.12203698
         70,           0,          10,           6.7e-06,             1e-07,      -2.391585869,       1.354968267,       1.558049962,       3.137657946,       0.655005834,       4.085514523
         70,           0,          20,           6.7e-06,             1e-07,      -2.371698839,       1.364936849,       1.566867593,          3.155034,      0.6461036122,        4.11166542
         70,           0,          29,           6.7e-06,             1e-07,      -2.436926451,       1.375205263,       1.573124243,       3.082672137,      0.6313939324,       3.968956959
         71,           0,           0,           6.8e-06,             1e-07,      -2.144716028,       1.367462416,       1.568060366,       3.295216232,       1.959706156,       4.245078819
         71,           0,          10,           6.8e-06,             1e-07,      -2.334641706,       1.361992816,       1.565247676,       3.185331906,      0.6603920366,       4.023627905
         71,           0,          20,           6.8e-06,             1e-07,       -2.35051456,       1.367923609,       1.571078808,       3.163939105,      0.7347043328,       4.162519301
         71,           0,          29,           6.8e-06,             1e-07,       -2.45021402,       1.368592484,       1.568382914,       3.069050594,       0.703837118,       4.263201302
         72,           0,           0,           6.9e-06,             1e-07,      -2.138709356,       1.364154484,       1.566144499,        3.30390247,        1.95981351,       4.134769359
         72,           0,          10,           6.9e-06,             1e-07,      -2.380033123,       1.366199414,        1.57062733,       3.153385366,      0.6326437666,       3.954456212
         72,           0,          20,           6.9e-06,             1e-07,       -2.37006115,       1.361997573,       1.566779436,       3.161490681,      0.6696502663,       4.094363643
         72,           0,          29,           6.9e-06,             1e-07,      -2.434757575,       1.370845886,       1.570927247,       3.078324565,      0.6601531692,       4.017550655
         73,           0,           0,             7e-06,             1e-07,      -2.148883842,       1.365062989,       1.568574476,       3.291681643,       1.959979924,       4.071764613
         73,           0,          10,             7e-06,             1e-07,      -2.248600259,       1.372889646,        1.57672355,       3.236144585,      0.8455960288,       4.234355014
         73,           0,          20,             7e-06,             1e-07,      -2.243283585,       1.373476548,       1.577066087,       3.295995579,      0.7542600971,       4.335856123
         73,           0,          29,             7e-06,             1e-07,      -2.382324965,       1.382367889,       1.579711605,       3.108579853,      0.6906702757,       4.060400575
         74,           0,           0,           7.1e-06,             1e-07,      -2.137009516,       1.373501342,       1.575654423,       3.302636651,       1.960441125,       4.162835304
         74,           0,          10,           7.1e-06,             1e-07,      -2.190559311,       1.369850288,       1.575273949,       3.308400439,       0.832001849,       4.274432629
         74,           0,          20,           7.1e-06,             1e-07,      -2.216248198,        1.37239832,       1.576373636,       3.258518228,      0.8944603649,       4.341523599
         74,           0,          29,           7.1e-06,             1e-07,      -2.384151671,       1.381182493,       1.578981224,       3.116004403,      0.8994547302,       4.364651334
         75,           0,           0,           7.2e-06,             1e-07,      -2.075806402,       1.371095456,       1.573270596,       3.362047405,       1.960845643,       4.385941047
         75,           0,          10,           7.2e-06,             1e-07,      -2.226983628,       1.373597259,       1.577035586,       3.256651019,       0.966340996,       4.419816742
         75,           0,          20,           7.2e-06,             1e-07,      -2.243792698,       1.368529871,       1.572184528,        3.24623404,      0.9771902208,       4.392414225
         75,           0,          29,           7.2e-06,             1e-07,      -2.378596567,       1.377048848,       1.578268786,       3.117954611,       0.909184244,       4.319688915
         76,           0,           0,           7.3e-06,             1e-07,      -2.076349834,       1.370444071,       1.573650765,       3.361922945,        1.96158534,       4.425550885
         76,           0,          10,           7.3e-06,             1e-07,       -2.27138963,       1.373876512,       1.578712044,       3.227023577,      0.9902024131,       4.393283954
         76,           0,          20,           7.3e-06,             1e-07,      -2.286455563,       1.377578781,       1.581858131,       3.211087728,      0.9185504004,       4.374469975
         76,           0,          29,           7.3e-06,             1e-07,      -2.347614663,          1.387632,        1.58929991,       3.147339746,      0.9068274593,       4.360806945
         77,           0,           0,           7.4e-06,             1e-07,      -2.109306465,       1.381945199,       1.583253902,       3.331066707,       1.961575505,        4.42338176
         77,           0,          10,           7.4e-06,             1e-07,      -2.269425709,       1.385702609,       1.591748052,        3.23472221,      0.8942324309,       4.377625613
         77,           0,          20,           7.4e-06,             1e-07,      -2.291704283,       1.386760155,       1.590472643,       3.224360545,      0.8689533664,       4.356286889
         77,           0,          29,           7.4e-06,             1e-07,      -2.375663972,       1.394809141,       1.595738706,       3.121462841,      0.8481163633,       4.331968791
         78,           0,           0,           7.5e-06,             1e-07,      -2.120391177,       1.387109772,       1.589962988,       3.321786657,       1.960519758,       4.427267201
         78,           0,          10,           7.5e-06,             1e-07,      -2.283471237,       1.390103135,       1.594203426,       3.237968356,      0.8884151991,       4.411225147
         78,           0,          20,           7.5e-06,             1e-07,       -2.27548661,       1.394032225,       1.599059578,       3.242545771,      0.8493884121,       4.370422026
         78,           0,          29,           7.5e-06,             1e-07,      -2.298930616,       1.406651624,       1.603487041,       3.188092737,      0.8556775829,       4.370969392
         79,           0,           0,           7.6e-06,             1e-07,      -2.085164561,       1.394808103,       1.596838176,       3.356710837,       1.959320297,       4.418602312
         79,           0,          10,           7.6e-06,             1e-07,      -2.292182175,       1.401265614,       1.604676634,       3.224445255,      0.8012168955,       4.340681541
         79,           0,          20,           7.6e-06,             1e-07,      -2.260438893,       1.404855934,       1.608023936,       3.255531187,      0.8715470465,        4.40701651
         79,           0,          29,           7.6e-06,             1e-07,      -2.274726631,       1.414578824,       1.612036365,       3.216011953,      0.8101435906,       4.341056328
         80,           0,           0,           7.7e-06,             1e-07,      -2.098907983,       1.405244102,         1.6058488,       3.341691858,       1.958922979,        4.47844033
         80,           0,          10,           7.7e-06,             1e-07,      -2.267305247,       1.402000592,       1.603096131,       3.243893194,      0.8733598932,       4.307678461
         80,           0,          20,           7.7e-06,             1e-07,      -2.298035361,       1.402892259,       1.603655876,       3.218567054,      0.8515467984,       4.348675056
         80,           0,          29,           7.7e-06,             1e-07,      -2.342312856,       1.408068925,       1.607211491,       3.164638823,      0.8338197589,       4.341258706
         81,           0,           0,           7.8e-06,             1e-07,      -2.112389934,       1.403351935,       1.603377524,       3.336675009,       1.958206104,       4.376934587
         81,           0,          10,           7.8e-06,             1e-07,      -2.298655303,       1.406052207,       1.607294898,       3.219564676,        0.86276517,       4.357456854
         81,           0,          20,           7.8e-06,             1e-07,      -2.304776629,       1.408334071,       1.609093239,       3.215644195,      0.8600596815,       4.307524322
         81,           0,          29,           7.8e-06,             1e-07,      -2.327235446,       1.416088927,       1.613710104,       3.165907918,      0.8554923595,        4.30622851
         82,           0,           0,           7.9e-06,             1e-07,      -2.115997948,       1.408403556,       1.608398422,       3.336574809,       1.957533168,       4.374356603
         82,           0,          10,           7.9e-06,             1e-07,      -2.267427547,       1.414161059,       1.615433647,       3.253949324,      0.8566508904,       4.331194599
         82,           0,          20,           7.9e-06,             1e-07,      -2.258025231,       1.414035849,       1.614813489,       3.267321702,      0.8471574847,       4.332684618
         82,           0,          29,           7.9e-06,             1e-07,      -2.319496337,       1.418201552,       1.617685971,        3.18293888,      0.8683510281,       4.343621468
         83,           0,           0,             8e-06,             1e-07,      -2.094254637,       1.413413696,       1.611385247,       3.362952713,       1.956904621,       4.345355111
         83,           0,          10,             8e-06,             1e-07,      -2.267268474,       1.416823985,       1.617428569,       3.257755883,      0.8749102899,       4.388099321
         83,           0,          20,             8e-06,             1e-07,       -2.26857318,       1.419640926,       1.620415622,        3.25433401,      0.8508359666,       4.379308726
         83,           0,          29,             8e-06,             1e-07,      -2.318409911,       1.427173661,       1.626151548,       3.185281332,      0.8549982481,        4.37650559
         84,           0,           0,           8.1e-06,             1e-07,      -2.086279319,       1.421312105,       1.618980666,        3.37232672,       1.956460694,       4.395345804
         84,           0,          10,           8.1e-06,             1e-07,      -2.274396372,       1.424551369,       1.625487702,       3.255853161,      0.8522376423,        4.33433921
         84,           0,          20,           8.1e-06,             1e-07,      -2.260210738,        1.42178869,       1.624198081,       3.252002062,      0.8870315926,       4.371435511
         84,           0,          29,           8.1e-06,             1e-07,      -2.285232099,       1.427915519,       1.625597039,        3.22826719,      0.8856525106,       4.336838606
         85,           0,           0,           8.2e-06,             1e-07,      -2.090881287,       1.421723461,       1.621118879,       3.372141732,       1.955638064,       4.394130122
         85,           0,          10,           8.2e-06,             1e-07,      -2.260207408,       1.423412502,       1.624930404,       3.276083117,      0.8304742556,        4.27663051
         85,           0,          20,           8.2e-06,             1e-07,      -2.270031075,       1.423353231,       1.626296336,       3.253855331,      0.8079343041,          4.203864
         85,           0,          29,           8.2e-06,             1e-07,      -2.291163273,        1.43381169,       1.630391648,       3.214444652,      0.8177287334,       4.221292029
         86,           0,           0,           8.3e-06,             1e-07,      -2.085279896,       1.424418847,       1.623641127,       3.376825325,       1.954780277,       4.308463462
         86,           0,          10,           8.3e-06,             1e-07,      -2.280210531,       1.424063335,        1.62613287,       3.238276935,      0.8533513399,       4.257636992
         86,           0,          20,           8.3e-06,             1e-07,      -2.281750982,        1.42172923,       1.623358217,       3.233267717,      0.8338253987,        4.20318945
         86,           0,          29,           8.3e-06,             1e-07,      -2.307444324,       1.428191091,       1.626589599,       3.178870197,      0.8378700742,       4.284503788
         87,           0,           0,           8.4e-06,             1e-07,      -2.101295277,       1.423329671,       1.622616228,       3.355345449,       1.954199379,       4.318212082
         87,           0,          10,           8.4e-06,             1e-07,      -2.268534746,        1.42726646,       1.628592723,       3.249512831,      0.8522274189,       4.286854148
         87,           0,          20,           8.4e-06,             1e-07,      -2.265634256,       1.432465904,        1.63378043,       3.255787876,      0.8344035394,       4.267162615
         87,           0,          29,           8.4e-06,             1e-07,      -2.319184217,       1.443439942,       1.640633201,       3.177747998,      0.8302173612,       4.242987479
         88,           0,           0,           8.5e-06,             1e-07,      -2.102323721,       1.433843828,       1.632263658,       3.352034101,       1.953465234,       4.283652032
         88,           0,          10,           8.5e-06,             1e-07,      -2.265797714,       1.430987309,       1.631743067,       3.253132864,      0.8593985183,       4.305658087
         88,           0,          20,           8.5e-06,             1e-07,      -2.266422501,       1.434547558,       1.634665425,       3.253375594,      0.8551253185,       4.299945946
         88,           0,          29,           8.5e-06,             1e-07,      -2.317009814,       1.445793928,       1.642034543,       3.175852959,      0.8511358353,       4.282034069
         89,           0,           0,           8.6e-06,             1e-07,      -2.103419313,       1.439697932,       1.637647168,       3.350543588,        1.95274619,       4.298095215
         89,           0,          10,           8.6e-06,             1e-07,      -2.238918333,       1.435626195,       1.636037293,       3.277823741,      0.8881670118,       4.324010294
         89,           0,          20,           8.6e-06,             1e-07,      -2.257179705,       1.436731176,        1.63746492,       3.258132439,      0.8701990018,       4.280150833
         89,           0,          29,           8.6e-06,             1e-07,      -2.308858836,        1.44621025,       1.642104962,       3.183319984,      0.8786044547,       4.311272302
         90,           0,           0,           8.7e-06,             1e-07,      -2.097282144,       1.439244946,       1.637406944,       3.356156985,       1.952032683,       4.291109391
         90,           0,          10,           8.7e-06,             1e-07,      -2.257434044,       1.438538556,       1.638816131,       3.252872053,        0.86988286,       4.261953303
         90,           0,          20,           8.7e-06,             1e-07,      -2.254817001,       1.438365197,       1.638873489,       3.252961021,      0.8644148815,        4.25588894
         90,           0,          29,           8.7e-06,             1e-07,      -2.300703383,       1.447110255,       1.643619137,       3.178285652,      0.8686471106,       4.272130458
         91,           0,           0,           8.8e-06,             1e-07,      -2.101330116,       1.440144166,       1.638692321,       3.350820868,       1.951665758,       4.291061242
         91,           0,          10,           8.8e-06,             1e-07,      -2.253014063,       1.440000576,       1.640974696,       3.253296027,      0.8823170236,       4.291285524
         91,           0,          20,           8.8e-06,             1e-07,      -2.246386713,       1.440274706,       1.641491126,       3.261825452,      0.8904560721,       4.337130025
         91,           0,          29,           8.8e-06,             1e-07,      -2.301787495,        1.45025694,       1.647210578,       3.173305136,      0.8902916879,       4.346209331
         92,           0,           0,           8.9e-06,             1e-07,      -2.098105887,       1.442927063,        1.64173056,       3.354334706,       1.951126697,       4.349828049
         92,           0,          10,           8.9e-06,             1e-07,      -2.242404264,       1.443350775,       1.643886875,       3.263750556,      0.9064720824,       4.356753903
         92,           0,          20,           8.9e-06,             1e-07,      -2.238948815,       1.444933483,       1.645232302,       3.265795452,      0.9111562779,       4.374584988
         92,           0,          29,           8.9e-06,             1e-07,      -2.300014207,       1.454275928,       1.650922813,       3.171851564,      0.9036078015,       4.356288168
         93,           0,           0,             9e-06,             1e-07,      -2.091611152,       1.448279355,       1.646068059,       3.359129803,       1.950668561,       4.439551527
         93,           0,          10,             9e-06,             1e-07,      -2.236301848,       1.447069001,       1.647406375,       3.273426288,      0.9440321242,       4.464429534
         93,           0,          20,             9e-06,             1e-07,       -2.23391841,       1.449076982,       1.648619464,       3.262347234,      0.9362059194,       4.370504379
         93,           0,          29,             9e-06,             1e-07,      -2.285305794,       1.456601629,       1.652571203,       3.188517196,      0.9221807373,       4.318323538
         94,           0,           0,           9.1e-06,             1e-07,      -2.081605808,       1.450110673,       1.647735329,       3.369580509,       1.949951854,       4.427520623
         94,           0,          10,           9.1e-06,             1e-07,      -2.238987037,       1.446852987,       1.647578519,       3.268792392,      0.9610663327,       4.398971859
         94,           0,          20,           9.1e-06,             1e-07,      -2.245164615,       1.446704016,       1.647823936,       3.262225348,       0.947574467,       4.365689371
         94,           0,          29,           9.1e-06,             1e-07,      -2.298439953,       1.454767615,       1.653010522,       3.172960962,      0.9503539646,       4.329749471
         95,           0,           0,           9.2e-06,             1e-07,      -2.087353468,       1.450749374,       1.648191574,        3.36210376,       1.949381446,       4.399631029
         95,           0,          10,           9.2e-06,             1e-07,      -2.244651671,       1.447549581,       1.648856389,       3.260815821,      0.9570859873,       4.340415974
         95,           0,          20,           9.2e-06,             1e-07,       -2.24665675,       1.448049219,       1.649438628,       3.257823959,      0.9533622435,       4.349648206
         95,           0,          29,           9.2e-06,             1e-07,      -2.292768961,       1.454937643,       1.653371156,       3.166193939,      0.9391851669,        4.31381368
         96,           0,           0,           9.3e-06,             1e-07,      -2.087368808,       1.451263073,         1.6485092,       3.360113755,       1.948541797,       4.352175387
         96,           0,          10,           9.3e-06,             1e-07,      -2.247986522,       1.448801127,       1.650296918,       3.251798739,      0.9417692186,       4.260378691
         96,           0,          20,           9.3e-06,             1e-07,      -2.244772946,       1.452371989,        1.65360338,       3.253168316,      0.9253441032,       4.195911728
         96,           0,          29,           9.3e-06,             1e-07,      -2.271916874,       1.462331875,       1.660285932,       3.175255869,      0.9127003125,       4.162577666
         97,           0,           0,           9.4e-06,             1e-07,      -2.087659494,       1.457876801,       1.654558979,         3.3572137,       1.947577357,       4.277839043
         97,           0,          10,           9.4e-06,             1e-07,      -2.246416883,       1.455110203,       1.657108996,       3.253613763,      0.9260916405,       4.144075686
         97,           0,          20,           9.4e-06,             1e-07,      -2.241933537,       1.457581636,       1.658854081,       3.257307735,      0.9196326171,       4.132145723
         97,           0,          29,           9.4e-06,             1e-07,       -2.26318341,       1.468129694,       1.665643087,       3.195757981,      0.9184665304,       4.154642675
         98,           0,           0,           9.5e-06,             1e-07,      -2.080269937,       1.465276265,       1.662509934,       3.364271594,       1.946831853,       4.281017901
         98,           0,          10,           9.5e-06,             1e-07,      -2.215221839,        1.46380963,       1.665678143,       3.298867791,       1.007776184,       4.282876215
         98,           0,          20,           9.5e-06,             1e-07,      -2.231166235,       1.465770601,       1.668030732,       3.274752691,      0.9409961579,       4.138939371
         98,           0,          29,           9.5e-06,             1e-07,      -2.249087079,       1.473849864,        1.67271353,       3.221713396,      0.9344176844,       4.139528308
         99,           0,           0,           9.6e-06,             1e-07,       -2.07472167,       1.469644031,       1.667507519,       3.371221358,       1.945980847,       4.204078851
         99,           0,          10,           9.6e-06,             1e-07,      -2.229937039,       1.471233881,       1.674326143,       3.280564707,      0.9590992262,       4.143137379
         99,           0,          20,           9.6e-06,             1e-07,      -2.205933425,       1.478804519,       1.680625182,       3.311221931,      0.9972624478,       4.264619096
         99,           0,          29,           9.6e-06,             1e-07,       -2.19812827,       1.485487486,       1.683056297,       3.290838836,      0.9777469692,       4.220724377
        100,           0,           0,           9.7e-06,             1e-07,      -2.068940542,       1.481976462,       1.679846877,       3.376449776,        1.94548978,       4.279065296
        100,           0,          10,           9.7e-06,             1e-07,      -2.170451087,       1.478535454,        1.67947598,       3.368277272,      0.9916514298,       4.225573572
        100,           0,          20,           9.7e-06,             1e-07,      -2.191805938,       1.480707432,       1.679377488,       3.301003491,       1.008100434,        4.26251162
        100,           0,          29,           9.7e-06,             1e-07,      -2.179925368,         1.4895956,       1.685083132,       3.263275091,       1.000081484,       4.282514261
        101,           0,           0,           9.8e-06,             1e-07,      -2.035119746,       1.485958165,       1.682818931,        3.41561634,       1.944795443,        4.33683217
        101,           0,          10,           9.8e-06,             1e-07,      -2.194672293,       1.486514359,       1.686599921,       3.308721053,       1.032871746,       4.307293634
        101,           0,          20,           9.8e-06,             1e-07,       -2.20610652,       1.482904799,       1.682267297,       3.294485222,       1.008610002,       4.212203389
        101,           0,          29,           9.8e-06,             1e-07,      -2.226051331,       1.487989079,       1.686236885,       3.281706493,       1.004559069,        4.24347422
        102,           0,           0,           9.9e-06,             1e-07,      -2.058469203,       1.485840181,       1.683745751,       3.393846969,       1.944286787,       4.325637372
        102,           0,          10,           9.9e-06,             1e-07,      -2.207865085,       1.482963503,       1.682996954,       3.298030154,       1.029897451,       4.233362707
        102,           0,          20,           9.9e-06,             1e-07,      -2.193597771,        1.48740949,       1.685826033,       3.304636435,       1.040147063,       4.286013855
        102,           0,          29,           9.9e-06,             1e-07,      -2.210580288,       1.489973608,       1.687845401,       3.259147217,         1.0345612,       4.285758076
        103,           0,           0,             1e-05,             1e-07,      -2.043406503,       1.485914404,       1.684259779,       3.411104646,       1.943906738,       4.330415556
        103,           0,          10,             1e-05,             1e-07,       -2.18762685,       1.491324319,       1.688446558,       3.295975425,       1.070318995,        4.33883564
        103,           0,          20,             1e-05,             1e-07,      -2.186363745,       1.490431691,       1.686832036,       3.315394086,       1.077277778,       4.370444151
        103,           0,          29,             1e-05,             1e-07,      -2.227042395,       1.487654575,       1.685743868,       3.225618671,       1.043215074,       4.273387044
        104,           0,           0,          1.01e-05,             1e-07,      -2.048127079,       1.484869066,       1.683177741,       3.400466297,       1.943689429,       4.337818955
        104,           0,          10,          1.01e-05,             1e-07,      -2.198027723,       1.487077957,       1.684526914,       3.290427279,       1.062885769,       4.219894635
        104,           0,          20,          1.01e-05,             1e-07,      -2.181601587,       1.491213568,       1.687932062,       3.308854726,        1.07208956,       4.306644347
        104,           0,          29,          1.01e-05,             1e-07,      -2.214700014,       1.498152357,       1.693201516,       3.211421194,       1.071322963,       4.362970823
        105,           0,           0,          1.02e-05,             1e-07,       -2.03598259,        1.49371237,       1.691501881,       3.409304044,       1.943721969,       4.456741838
        105,           0,          10,          1.02e-05,             1e-07,      -2.151257389,       1.487176722,       1.682540634,       3.355691927,       1.074142134,       4.270507042
        105,           0,          20,          1.02e-05,             1e-07,      -2.133060239,       1.487627476,       1.682579924,       3.356257403,       1.088448917,        4.34238149
        105,           0,          29,          1.02e-05,             1e-07,      -2.222731753,        1.48875787,       1.685909566,       3.224473464,        1.04565611,       4.239160174
        106,           0,           0,          1.03e-05,             1e-07,      -2.042294415,       1.490243091,       1.686735174,       3.406020596,       1.943697104,       4.330907658
        106,           0,          10,          1.03e-05,             1e-07,       -2.12769543,       1.494085973,       1.690998133,       3.369999026,       1.095997108,          4.304286
        106,           0,          20,          1.03e-05,             1e-07,      -2.125242104,        1.49805754,         1.6930873,       3.381843462,       1.091690824,       4.289711952
        106,           0,          29,          1.03e-05,             1e-07,      -2.207946246,       1.494117796,       1.692333344,       3.248066053,       1.085896756,       4.278591912
        107,           0,           0,          1.04e-05,             1e-07,      -1.999008802,       1.491649919,       1.686638663,       3.458097752,       1.944775189,       4.417744399
        107,           0,          10,          1.04e-05,             1e-07,      -2.089872608,       1.494060933,       1.689500238,       3.403932385,        1.12505326,       4.381318605
        107,           0,          20,          1.04e-05,             1e-07,      -2.109534876,       1.500045675,       1.695718636,       3.375390322,       1.153418304,       4.407353662
        107,           0,          29,          1.04e-05,             1e-07,      -2.135184281,       1.500344534,       1.696048593,       3.344201721,       1.126543499,       4.388359056
        108,           0,           0,          1.05e-05,             1e-07,      -1.963567516,       1.499632803,         1.6916758,        3.49661728,       1.946567402,       4.509434506
        108,           0,          10,          1.05e-05,             1e-07,      -2.085329689,       1.497204419,       1.692462284,       3.398419385,       1.153614838,       4.370724144
        108,           0,          20,          1.05e-05,             1e-07,      -2.104314671,       1.497721539,       1.692196043,       3.382149793,       1.140607215,         4.3377404
        108,           0,          29,          1.05e-05,             1e-07,      -2.116034178,       1.499143735,       1.694387534,       3.318398826,       1.209491524,        4.50468127
        109,           0,           0,          1.06e-05,             1e-07,      -1.979997854,       1.499174566,       1.690897481,       3.479581944,       1.947429762,       4.481103764
        109,           0,          10,          1.06e-05,             1e-07,      -2.106169451,        1.49813806,       1.694394677,       3.373191966,       1.162657184,       4.334138657
        109,           0,          20,          1.06e-05,             1e-07,      -2.110343391,       1.497772396,       1.692651271,       3.379426079,       1.155911329,       4.310677933
        109,           0,          29,          1.06e-05,             1e-07,      -2.136503226,       1.496688831,        1.69458913,       3.322272055,       1.152084048,        4.32338521
        110,           0,           0,          1.07e-05,             1e-07,      -1.991566565,       1.499253818,       1.691730994,       3.468376931,       1.948323605,       4.456551849
        110,           0,          10,          1.07e-05,             1e-07,      -2.126176202,       1.498192391,       1.693198428,       3.360495605,       1.172103124,       4.331804436
        110,           0,          20,          1.07e-05,             1e-07,      -2.097128648,       1.499594849,       1.693085986,       3.380936948,       1.193168213,       4.366291947
        110,           0,          29,          1.07e-05,             1e-07,      -2.145137058,       1.497093635,       1.693756731,       3.327807631,       1.162849111,       4.307651459
        111,           0,           0,          1.08e-05,             1e-07,       -1.99493718,       1.500028767,       1.691247352,       3.465485789,       1.948644734,       4.430884871
        111,           0,          10,          1.08e-05,             1e-07,      -2.113419297,       1.506581287,       1.700832772,        3.37127526,       1.217740333,       4.373486443
        111,           0,          20,          1.08e-05,             1e-07,      -2.118527033,       1.505268573,       1.700591844,       3.372631071,       1.219097067,       4.359573398
        111,           0,          29,          1.08e-05,             1e-07,      -2.137381232,       1.508975439,       1.704236125,       3.313895936,       1.202529886,       4.341599392
        112,           0,           0,          1.09e-05,             1e-07,      -1.987796248,       1.509072714,       1.698991596,       3.472001168,       1.948730033,       4.421490644
        112,           0,          10,          1.09e-05,             1e-07,      -2.116161711,       1.506995033,       1.700540945,       3.366319342,       1.250692152,       4.425993431
        112,           0,          20,          1.09e-05,             1e-07,      -2.122005724,       1.506676306,       1.702361437,       3.362569339,       1.244859189,       4.402228436
        112,           0,          29,          1.09e-05,             1e-07,       -2.13571562,       1.509504507,       1.702878518,       3.322993508,       1.242262073,       4.397519429
        113,           0,           0,           1.1e-05,             1e-07,      -1.976738263,       1.510741093,       1.700338724,       3.478738037,       1.949380466,       4.504596321
        113,           0,          10,           1.1e-05,             1e-07,      -2.128774671,       1.505493103,       1.702141793,       3.358613433,       1.247481639,       4.352779912
        113,           0,          20,           1.1e-05,             1e-07,       -2.12996023,       1.500678631,       1.698280929,       3.354582716,       1.249284674,       4.359641411
        113,           0,          29,           1.1e-05,             1e-07,      -2.150965227,         1.5057689,       1.700553705,       3.295287996,       1.241369009,       4.366060755
        114,           0,           0,          1.11e-05,             1e-07,      -1.983532338,       1.506767865,       1.697220338,       3.476514205,       1.949180964,       4.470615729
        114,           0,          10,          1.11e-05,             1e-07,       -2.13770789,       1.493973675,       1.692567466,        3.33643747,       1.251448848,       4.363823392
        114,           0,          20,          1.11e-05,             1e-07,      -2.138839865,       1.489352898,       1.688671323,       3.344943521,       1.256351328,       4.371424111
        114,           0,          29,          1.11e-05,             1e-07,      -2.145500565,       1.494692235,       1.690753818,       3.293489706,       1.251574348,       4.375335309
        115,           0,           0,          1.12e-05,             1e-07,       -1.98579591,       1.498909817,        1.69046872,       3.469185012,       1.948200244,       4.432827292
        115,           0,          10,          1.12e-05,             1e-07,      -2.143199343,       1.489220293,        1.68851067,        3.33217279,       1.257890956,       4.356583354
        115,           0,          20,          1.12e-05,             1e-07,      -2.143299541,       1.486640759,       1.686282673,       3.329250403,       1.256011239,       4.357413952
        115,           0,          29,          1.12e-05,             1e-07,      -2.146786421,       1.489636847,       1.687470886,       3.305244687,       1.252861577,       4.365508185
        116,           0,           0,          1.13e-05,             1e-07,      -1.988455571,       1.494076747,       1.686623579,       3.465302567,       1.947909505,       4.437995866
        116,           0,          10,          1.13e-05,             1e-07,      -2.153248069,       1.485261319,       1.686883488,       3.318635083,       1.258111456,       4.339768777
        116,           0,          20,          1.13e-05,             1e-07,      -2.145465916,       1.487386112,        1.68768647,       3.323401614,        1.25835359,       4.338145115
        116,           0,          29,          1.13e-05,             1e-07,      -2.145170637,       1.490619417,       1.689004806,       3.311454133,       1.252063618,       4.337509359
        117,           0,           0,          1.14e-05,             1e-07,      -1.989765001,       1.493990869,       1.687473042,       3.461280885,       1.947385254,       4.436648745
        117,           0,          10,          1.14e-05,             1e-07,       -2.14888872,       1.492630472,       1.694576494,       3.319979438,       1.270009814,        4.34995201
        117,           0,          20,          1.14e-05,             1e-07,      -2.149561029,       1.496672834,       1.699742464,       3.320937193,        1.26958556,       4.351421369
        117,           0,          29,          1.14e-05,             1e-07,      -2.139136581,       1.501073967,       1.702151653,       3.316149508,       1.265523268,       4.353555174
        118,           0,           0,          1.15e-05,             1e-07,      -1.985448051,       1.504175028,       1.698430164,       3.464725707,       1.946927989,       4.438295877
        118,           0,          10,          1.15e-05,             1e-07,      -2.150110234,       1.506197852,       1.709617226,       3.325747341,       1.288390169,       4.364948515
        118,           0,          20,          1.15e-05,             1e-07,      -2.145212165,       1.510421868,       1.713763623,       3.334449883,       1.295125144,       4.372451495
        118,           0,          29,          1.15e-05,             1e-07,      -2.114499438,       1.518345878,       1.718883695,       3.336428962,        1.29152894,       4.379836859
        119,           0,           0,          1.16e-05,             1e-07,      -1.980015192,       1.518710715,       1.714670938,       3.472361101,       1.945924603,       4.450493097
        119,           0,          10,          1.16e-05,             1e-07,      -2.136394294,       1.512067989,        1.71675626,       3.336755501,       1.286074305,       4.408617346
        119,           0,          20,          1.16e-05,             1e-07,       -2.13322769,       1.516079045,       1.719581473,       3.343583438,       1.290698586,       4.386909574
        119,           0,          29,          1.16e-05,             1e-07,       -2.10718802,       1.519607597,       1.722469696,       3.346292109,       1.286555768,       4.386471805
        120,           0,           0,          1.17e-05,             1e-07,      -1.978454892,       1.524976211,        1.72167313,        3.46918345,       1.944675223,        4.45929738
        120,           0,          10,          1.17e-05,             1e-07,      -2.130724796,       1.518548481,       1.724351301,       3.364193772,       1.286099943,       4.394405939
        120,           0,          20,          1.17e-05,             1e-07,      -2.115784288,       1.523742346,       1.724599226,       3.347515595,         1.2985036,        4.50709687
        120,           0,          29,          1.17e-05,             1e-07,      -2.098262856,       1.521626305,       1.722743355,       3.361466279,       1.284756473,       4.422774988
        121,           0,           0,          1.18e-05,             1e-07,      -1.972713101,       1.524401778,        1.72292155,        3.47551862,        1.94398166,       4.529529353
        121,           0,          10,          1.18e-05,             1e-07,      -2.118799316,       1.518277025,       1.722222747,       3.375916256,        1.28962337,       4.471550194
        121,           0,          20,          1.18e-05,             1e-07,      -2.125953592,        1.52076185,       1.724791312,       3.354698097,       1.289871287,       4.426042611
        121,           0,          29,          1.18e-05,             1e-07,      -2.076638411,        1.52213508,       1.722742809,       3.370253346,       1.297266332,        4.51060413
        122,           0,           0,          1.19e-05,             1e-07,      -1.964234437,       1.523204261,       1.722007129,       3.491285845,       1.942885737,       4.485576013
        122,           0,          10,          1.19e-05,             1e-07,      -2.128904061,       1.516121423,       1.722485698,        3.36165162,       1.286442543,       4.408368761
        122,           0,          20,          1.19e-05,             1e-07,      -2.114380393,       1.516957839,       1.723223189,       3.360917486,       1.293761773,       4.466670562
        122,           0,          29,          1.19e-05,             1e-07,      -2.078479144,        1.51868558,       1.721124194,       3.381630232,       1.287272502,       4.525029322
        123,           0,           0,           1.2e-05,             1e-07,      -1.966970407,       1.518938192,       1.721506494,       3.487883687,       1.942150907,       4.523722517
        123,           0,          10,           1.2e-05,             1e-07,      -2.118848891,       1.513139345,       1.717527135,       3.354004099,       1.285980648,         4.5411291
        123,           0,          20,           1.2e-05,             1e-07,      -2.124061979,       1.515485679,       1.720351679,       3.355081894,       1.292937195,       4.485586062
        123,           0,          29,           1.2e-05,             1e-07,      -2.091118745,       1.515660173,       1.717326394,       3.361529666,       1.286431499,       4.460731998
        124,           0,           0,          1.21e-05,             1e-07,      -1.980354992,        1.51733189,       1.718466887,       3.466744425,       1.940626587,       4.515649723
        124,           0,          10,          1.21e-05,             1e-07,      -2.098336702,        1.51167566,       1.717304539,       3.371194913,       1.273900233,       4.579602024
        124,           0,          20,          1.21e-05,             1e-07,      -2.140392359,       1.509478428,        1.71497529,       3.332892114,       1.285268301,       4.570219118
        124,           0,          29,          1.21e-05,             1e-07,      -2.106969252,       1.515308204,       1.717238191,       3.327920235,       1.272806482,       4.558133461
        125,           0,           0,          1.22e-05,             1e-07,      -1.982716551,       1.516777772,       1.716785638,       3.459709244,       1.940539327,       4.583929351
        125,           0,          10,          1.22e-05,             1e-07,      -2.089712521,       1.510116595,       1.715277312,       3.372892082,       1.287263134,       4.717132151
        125,           0,          20,          1.22e-05,             1e-07,      -2.097201151,       1.506005964,       1.711541233,       3.360399596,       1.290331745,       4.703032844
        125,           0,          29,          1.22e-05,             1e-07,      -2.097685954,       1.509229656,       1.709819207,        3.37416931,       1.266034228,       4.691984977
        126,           0,           0,          1.23e-05,             1e-07,      -1.976976231,       1.508612732,       1.707931109,       3.460380988,       1.939480413,       4.685754006
        126,           0,          10,          1.23e-05,             1e-07,      -2.114545446,       1.502327281,       1.707881404,       3.338972377,       1.275782841,       4.802847053
        126,           0,          20,          1.23e-05,             1e-07,      -2.112941469,       1.500845942,       1.705806682,       3.337106712,       1.282079697,       4.831527309
        126,           0,          29,          1.23e-05,             1e-07,      -2.107625747,       1.505756794,       1.708165062,        3.33782131,        1.26638739,       4.803497913
        127,           0,           0,          1.24e-05,             1e-07,      -1.960685865,       1.506513234,       1.707578836,       3.473051473,       1.937328759,       4.753885207
        127,           0,          10,          1.24e-05,             1e-07,      -2.057426933,       1.506906316,       1.711973674,       3.393523312,         1.2712711,       4.840653238
        127,           0,          20,          1.24e-05,             1e-07,      -2.120056232,       1.506881413,       1.711972064,       3.340180412,       1.284326963,         4.8471709
        127,           0,          29,          1.24e-05,             1e-07,      -2.113261709,        1.51420557,       1.720168383,       3.337275643,       1.263709629,       4.843557122
        128,           0,           0,          1.25e-05,             1e-07,      -1.971940891,       1.515337676,       1.716110715,       3.459321341,       1.936896263,       4.830614534
        128,           0,          10,          1.25e-05,             1e-07,      -2.128938552,       1.514527845,       1.718919054,       3.364453997,       1.265720413,       4.819988515
        128,           0,          20,          1.25e-05,             1e-07,      -2.108479723,       1.512560095,       1.716609081,       3.357439311,       1.280568123,       4.829335805
        128,           0,          29,          1.25e-05,             1e-07,      -2.066995422,       1.517684823,       1.721116007,       3.371981994,       1.281034425,       4.828321467
        129,           0,           0,          1.26e-05,             1e-07,       -1.96097509,       1.518031149,       1.720037632,       3.475971933,       1.936857396,       4.864504083
        129,           0,          10,          1.26e-05,             1e-07,      -2.116221816,       1.508189606,       1.713791262,       3.357742509,       1.298108742,        4.78944647
        129,           0,          20,          1.26e-05,             1e-07,      -2.109849563,       1.504310033,       1.710485164,       3.361925268,       1.299865111,       4.796528504
        129,           0,          29,          1.26e-05,             1e-07,       -2.07822009,       1.500414801,       1.707806752,       3.385790619,       1.295558314,       4.807652623
        130,           0,           0,          1.27e-05,             1e-07,      -1.973686999,       1.508229467,       1.709940654,       3.471428454,       1.935723269,       4.820458587
        130,           0,          10,          1.27e-05,             1e-07,      -2.069221021,       1.506113277,        1.71440566,       3.399635572,       1.296089222,       4.803136794
        130,           0,          20,          1.27e-05,             1e-07,      -2.103539924,        1.50597083,       1.712022934,       3.376671531,       1.300350479,       4.809699359
        130,           0,          29,          1.27e-05,             1e-07,       -2.07303967,       1.501368853,       1.707248804,       3.377808174,       1.297062738,       4.808813417
        131,           0,           0,          1.28e-05,             1e-07,      -1.951472165,       1.503835596,       1.706309021,       3.491666173,       1.933996603,       4.820810001
        131,           0,          10,          1.28e-05,             1e-07,      -2.089887842,       1.503136049,       1.709058316,       3.382707998,       1.301839735,       4.906625549
        131,           0,          20,          1.28e-05,             1e-07,      -2.096034382,       1.503761873,       1.709153809,       3.375241581,       1.291957085,       4.910712416
        131,           0,          29,          1.28e-05,             1e-07,      -2.059706965,       1.505287353,       1.713503839,       3.398556123,       1.278451179,         4.9041832
        132,           0,           0,          1.29e-05,             1e-07,      -1.947896446,       1.510631047,       1.713672764,       3.496246049,       1.933312089,       4.874206925
        132,           0,          10,          1.29e-05,             1e-07,      -2.104082706,         1.5072452,        1.71580047,       3.393048154,       1.293382237,       4.973319135
        132,           0,          20,          1.29e-05,             1e-07,      -2.100019056,       1.503407287,       1.710067845,       3.368234152,       1.311635067,       4.973366586
        132,           0,          29,          1.29e-05,             1e-07,      -2.051013954,       1.498426796,       1.706870984,       3.403748207,         1.2910563,       4.972792037
        133,           0,           0,           1.3e-05,             1e-07,      -1.955286022,       1.505005453,       1.709015818,       3.490408011,       1.931342227,       4.919565022
        133,           0,          10,           1.3e-05,             1e-07,      -2.145504254,       1.508094658,       1.716510105,       3.342751976,       1.288830564,       4.948201243
        133,           0,          20,           1.3e-05,             1e-07,      -2.138410338,       1.499768332,       1.708696366,       3.350446424,       1.296318706,       4.943155475
        133,           0,          29,           1.3e-05,             1e-07,      -2.033901782,       1.505448425,       1.712180287,       3.435392403,       1.303714462,       4.956744462
        134,           0,           0,          1.31e-05,             1e-07,      -1.955628975,       1.508225107,       1.710547812,       3.492229051,       1.931323983,       4.940344277
        134,           0,          10,          1.31e-05,             1e-07,      -2.106879368,       1.498863145,       1.709499659,       3.378975552,       1.306015798,       4.879066794
        134,           0,          20,          1.31e-05,             1e-07,      -2.115183662,       1.500005266,       1.707675287,       3.359498208,       1.309420128,       4.882082673
        134,           0,          29,          1.31e-05,             1e-07,      -2.062438092,        1.49476748,       1.703990662,       3.413905379,        1.29500335,       4.878916553
        135,           0,           0,          1.32e-05,             1e-07,      -1.967704459,       1.500377014,       1.705282829,       3.477063781,       1.931800441,       4.921790948
        135,           0,          10,          1.32e-05,             1e-07,      -2.134690413,       1.498182717,       1.708757115,       3.354860149,       1.313155803,       4.803629119
        135,           0,          20,          1.32e-05,             1e-07,      -2.132101624,       1.495244162,       1.705819328,       3.350499921,       1.318458168,       4.807536615
        135,           0,          29,          1.32e-05,             1e-07,      -2.019684844,       1.494391179,       1.702654423,       3.427875026,       1.312712595,        4.80358484
        136,           0,           0,          1.33e-05,             1e-07,      -1.972027829,       1.499585698,       1.704086148,       3.468539584,       1.931461367,       4.875400665
        136,           0,          10,          1.33e-05,             1e-07,      -2.149785769,       1.491022455,       1.701617591,        3.33888289,       1.311783967,        4.71846489
        136,           0,          20,          1.33e-05,             1e-07,      -2.143088408,       1.490152495,        1.70105586,       3.340412472,       1.309235253,       4.717303056
        136,           0,          29,          1.33e-05,             1e-07,      -2.079259615,       1.490259862,       1.700737706,       3.378488109,       1.297315097,       4.706266587
        137,           0,           0,          1.34e-05,             1e-07,       -1.97630603,       1.499154154,       1.703134769,       3.457492271,       1.930576173,       4.786637796
        137,           0,          10,          1.34e-05,             1e-07,      -2.138273919,       1.494504603,        1.70541883,       3.336466246,       1.327694166,       4.635706006
        137,           0,          20,          1.34e-05,             1e-07,      -2.109929352,       1.498646655,       1.706362387,       3.351298069,       1.343855798,        4.62916496
        137,           0,          29,          1.34e-05,             1e-07,      -2.047388365,       1.493151683,       1.705043614,       3.418812864,       1.335127052,       4.599805159
        138,           0,           0,          1.35e-05,             1e-07,      -1.967731605,       1.500405426,       1.706386795,       3.460504711,       1.928638561,         4.6441328
        138,           0,          10,          1.35e-05,             1e-07,      -2.129809314,        1.49873122,       1.708618049,       3.344175511,       1.348164811,         4.5346567
        138,           0,          20,          1.35e-05,             1e-07,       -2.12472364,       1.499140537,       1.709214581,       3.347478746,       1.344451823,       4.573927718
        138,           0,          29,          1.35e-05,             1e-07,      -2.065638159,       1.496672667,        1.70909491,        3.39529461,       1.327922895,        4.58224505
        139,           0,           0,          1.36e-05,             1e-07,      -1.962309644,       1.505117436,       1.710640743,       3.469987208,       1.929158404,        4.63032814
        139,           0,          10,          1.36e-05,             1e-07,      -2.121914075,        1.50337832,       1.714741621,       3.337769873,       1.361422804,       4.563047703
        139,           0,          20,          1.36e-05,             1e-07,      -2.115720583,       1.499449746,       1.709551151,       3.360459046,       1.369046082,       4.552623628
        139,           0,          29,          1.36e-05,             1e-07,      -2.050048752,        1.49683974,        1.70953069,       3.410270797,       1.355887977,       4.565073368
        140,           0,           0,          1.37e-05,             1e-07,      -1.963392293,        1.50612452,       1.711379254,       3.466927114,       1.928109152,       4.566453655
        140,           0,          10,          1.37e-05,             1e-07,      -2.131875621,        1.50259651,       1.713704272,       3.344712633,       1.372270756,       4.512270329
        140,           0,          20,          1.37e-05,             1e-07,      -2.125514288,        1.50467019,        1.71387166,       3.343520991,       1.380387818,       4.533050971
        140,           0,          29,          1.37e-05,             1e-07,       -2.02839931,       1.502512067,       1.713969727,       3.433087869,       1.368193202,       4.526062917
        141,           0,           0,          1.38e-05,             1e-07,      -1.969828614,       1.507760664,       1.714339438,       3.461407241,        1.92846001,       4.579414719
        141,           0,          10,          1.38e-05,             1e-07,      -2.105194676,       1.506564772,       1.717444866,       3.355563735,       1.399497064,       4.540515721
        141,           0,          20,          1.38e-05,             1e-07,      -2.096807777,       1.506400152,       1.714612805,       3.365770544,       1.412462494,       4.647997748
        141,           0,          29,          1.38e-05,             1e-07,      -2.025422909,       1.503418084,       1.712310492,       3.414834212,       1.395229724,       4.545721398
        142,           0,           0,          1.39e-05,             1e-07,      -1.966730256,       1.508908219,       1.714689123,       3.461820108,       1.928585534,       4.586549805
        142,           0,          10,          1.39e-05,             1e-07,      -2.111426624,       1.509437987,       1.720166822,       3.349871167,       1.409013055,       4.623135477
        142,           0,          20,          1.39e-05,             1e-07,      -2.100408246,       1.511749839,       1.721831178,       3.378107836,       1.412558924,       4.648614301
        142,           0,          29,          1.39e-05,             1e-07,      -2.001710247,        1.51264256,       1.724164004,       3.446687366,       1.404714213,       4.695460065
        143,           0,           0,           1.4e-05,             1e-07,      -1.947176488,       1.520037591,       1.724707075,        3.47898933,       1.930233634,       4.641880759
        143,           0,          10,           1.4e-05,             1e-07,      -2.110689819,       1.511913738,       1.722954808,       3.371920725,       1.425893573,       4.682671669
        143,           0,          20,           1.4e-05,             1e-07,       -2.07287702,       1.506607582,       1.717984558,         3.3893074,       1.439883818,       4.730252825
        143,           0,          29,           1.4e-05,             1e-07,       -2.01862899,       1.501347666,       1.712174445,        3.42801163,       1.416525478,       4.695790831
        144,           0,           0,          1.41e-05,             1e-07,      -1.953226741,       1.512376877,       1.716318222,       3.469265267,       1.930702777,        4.65731426
        144,           0,          10,          1.41e-05,             1e-07,      -2.115068426,       1.510358388,       1.719995282,        3.35250501,       1.443389719,       4.790369815
        144,           0,          20,          1.41e-05,             1e-07,      -2.112950773,       1.512388698,       1.720238926,       3.359269419,       1.453056458,       4.812994627
        144,           0,          29,          1.41e-05,             1e-07,      -2.004074957,       1.518367415,       1.727714802,       3.446265155,       1.451688465,       4.845546592
        145,           0,           0,          1.42e-05,             1e-07,      -1.931498872,       1.518962285,       1.722101196,       3.500676265,       1.933114028,       4.830893635
        145,           0,          10,          1.42e-05,             1e-07,      -2.112878014,       1.514911074,       1.725773092,       3.375899852,       1.461762895,       4.768469382
        145,           0,          20,          1.42e-05,             1e-07,      -2.091304232,        1.50831135,       1.716781806,       3.395654259,       1.465656286,       4.762037276
        145,           0,          29,          1.42e-05,             1e-07,      -2.011846239,       1.504441041,       1.714581242,       3.447487979,       1.447661134,       4.756605033
        146,           0,           0,          1.43e-05,             1e-07,       -1.94852608,       1.514530783,       1.719548075,       3.485692954,       1.931846178,       4.774812257
        146,           0,          10,          1.43e-05,             1e-07,      -2.124187101,       1.511499468,       1.726260253,       3.377257154,       1.484635282,       4.653979038
        146,           0,          20,          1.43e-05,             1e-07,      -2.100404691,       1.516260994,       1.726790727,       3.386241939,       1.491438468,       4.641059815
        146,           0,          29,          1.43e-05,             1e-07,      -2.002746186,       1.502695676,        1.71217621,       3.442811796,       1.480201767,       4.588812149
        147,           0,           0,          1.44e-05,             1e-07,      -1.953199161,       1.509965664,       1.717093126,        3.47563224,       1.930083112,       4.686077143
        147,           0,          10,          1.44e-05,             1e-07,      -2.102970375,       1.514580305,       1.726135344,       3.369897776,       1.484009796,       4.547651265
        147,           0,          20,          1.44e-05,             1e-07,      -2.090698668,       1.513808193,        1.72258995,       3.391387287,       1.481038019,       4.531205784
        147,           0,          29,          1.44e-05,             1e-07,      -1.994178139,       1.504396267,        1.71581712,       3.465777689,       1.470023285,       4.559704976
        148,           0,           0,          1.45e-05,             1e-07,      -1.934898976,       1.515086309,       1.719096364,       3.492256693,       1.931704733,       4.648453846
        148,           0,          10,          1.45e-05,             1e-07,      -2.096006393,       1.512843263,       1.722530037,       3.385988686,       1.482739384,       4.679435499
        148,           0,          20,          1.45e-05,             1e-07,      -2.109288412,       1.508853788,       1.716203306,       3.364896275,       1.491307324,        4.69355177
        148,           0,          29,          1.45e-05,             1e-07,      -1.997832288,       1.506246817,       1.715177084,        3.43972605,        1.47877531,       4.690010777
        149,           0,           0,          1.46e-05,             1e-07,      -1.941282538,       1.515552755,       1.719087926,       3.480215344,        1.93470982,       4.686766787
        149,           0,          10,          1.46e-05,             1e-07,      -2.095485122,       1.511142612,        1.72277692,       3.376919558,       1.472830192,       4.775876323
        149,           0,          20,          1.46e-05,             1e-07,      -2.089896964,       1.502474813,       1.713812765,       3.398669962,       1.487613108,       4.771980972
        149,           0,          29,          1.46e-05,             1e-07,      -1.998632093,       1.502452745,       1.712488157,       3.448587405,       1.478436001,       4.770308184
        150,           0,           0,          1.47e-05,             1e-07,      -1.928743312,       1.512876451,       1.717465337,       3.502744559,       1.934874972,       4.727252477
        150,           0,          10,          1.47e-05,             1e-07,       -2.07737082,       1.504569678,         1.7160313,       3.412591035,       1.477012767,       4.786075747
        150,           0,          20,          1.47e-05,             1e-07,      -2.115921846,       1.502928008,       1.712403712,        3.36860244,       1.467842773,        4.77424846
        150,           0,          29,          1.47e-05,             1e-07,       -1.99502281,       1.499638795,       1.709721826,       3.466143426,       1.463188689,       4.784034755
        151,           0,           0,          1.48e-05,             1e-07,      -1.927046941,       1.508134916,       1.712968033,       3.508686603,        1.93475729,       4.768785967
        151,           0,          10,          1.48e-05,             1e-07,      -2.098205283,       1.503597474,        1.71266138,        3.40059701,       1.467933624,       4.714209119
        151,           0,          20,          1.48e-05,             1e-07,      -2.102304484,       1.502968038,       1.710302707,       3.385842527,       1.470233154,        4.71568051
        151,           0,          29,          1.48e-05,             1e-07,      -2.025561808,        1.49955161,       1.708979817,       3.422393525,       1.466760558,       4.723257787
        152,           0,           0,          1.49e-05,             1e-07,      -1.932770585,       1.508327631,       1.710998155,       3.500850933,       1.933733051,       4.782570949
        152,           0,          10,          1.49e-05,             1e-07,      -2.094072987,       1.501007517,       1.709586024,       3.391530451,       1.451514624,       4.723676236
        152,           0,          20,          1.49e-05,             1e-07,      -2.102778978,       1.497925261,       1.704951606,       3.385303143,       1.445882554,       4.725910243
        152,           0,          29,          1.49e-05,             1e-07,      -2.027860134,       1.490241161,       1.699516903,       3.415830404,       1.438767807,       4.726899718
        153,           0,           0,           1.5e-05,             1e-07,       -1.94357351,       1.503660098,       1.704660626,        3.48869504,       1.932249171,       4.771820008
        153,           0,          10,           1.5e-05,             1e-07,      -2.125659165,       1.498313061,        1.70675088,       3.358441346,       1.428196435,       4.799907178
        153,           0,          20,           1.5e-05,             1e-07,      -2.130143415,       1.497179435,        1.70488425,       3.359041996,       1.430521421,        4.79980709
        153,           0,          29,           1.5e-05,             1e-07,      -2.029642597,       1.496067432,       1.704130808,       3.423656847,       1.418366052,       4.798562194
        154,           0,           0,          1.51e-05,             1e-07,      -1.942910805,       1.506759544,       1.708766891,       3.492144623,       1.931632781,       4.806560869
        154,           0,          10,          1.51e-05,             1e-07,      -2.140437088,       1.498769568,       1.708091184,       3.363958224,       1.409911716,       4.857903108
        154,           0,          20,          1.51e-05,             1e-07,      -2.125768604,       1.504264691,       1.711813822,       3.362931967,       1.414714435,       4.865886149
        154,           0,          29,          1.51e-05,             1e-07,      -2.045751661,       1.493495481,       1.701547165,       3.406698228,        1.40613226,       4.862478554
        155,           0,           0,          1.52e-05,             1e-07,      -1.955380522,       1.504300502,       1.707042707,       3.475470386,       1.930278547,       4.850754852
        155,           0,          10,          1.52e-05,             1e-07,      -2.158519015,       1.498404466,       1.709631953,       3.341391799,       1.382898826,       4.861730302
        155,           0,          20,          1.52e-05,             1e-07,      -2.148611244,       1.494103535,       1.702174288,       3.348792601,       1.390135877,       4.861707097
        155,           0,          29,          1.52e-05,             1e-07,      -2.053762595,       1.484675983,       1.695126848,       3.389721477,       1.394800304,       4.862602082
        156,           0,           0,          1.53e-05,             1e-07,      -1.969764675,       1.497578866,       1.701453804,       3.457980854,       1.926795769,       4.849872092
        156,           0,          10,          1.53e-05,             1e-07,      -2.161712431,       1.488462581,       1.698222262,       3.339297907,       1.361626781,       4.829521603
        156,           0,          20,          1.53e-05,             1e-07,      -2.126366206,       1.488899076,       1.700043232,       3.354399167,       1.369308565,       4.832445317
        156,           0,          29,          1.53e-05,             1e-07,      -2.072827652,       1.481498629,       1.693203261,       3.381412285,       1.366898496,       4.832601944
        157,           0,           0,          1.54e-05,             1e-07,      -1.971777286,       1.492943899,       1.695932858,       3.461477495,       1.926162989,       4.843921397
        157,           0,          10,          1.54e-05,             1e-07,      -2.161322162,       1.488609858,       1.699308853,        3.34405553,       1.354067251,        4.82187058
        157,           0,          20,          1.54e-05,             1e-07,      -2.154377678,       1.486646472,       1.696472783,       3.347295979,       1.358652883,       4.827331344
        157,           0,          29,          1.54e-05,             1e-07,      -2.078660583,       1.480939983,       1.691948133,        3.37231442,       1.349699876,       4.822166919
        158,           0,           0,          1.55e-05,             1e-07,      -1.974860974,       1.491336357,       1.695178077,       3.463714629,       1.923485069,       4.843454638
        158,           0,          10,          1.55e-05,             1e-07,       -2.15946355,       1.484942345,       1.695834919,       3.345946978,       1.357013862,       4.827359858
        158,           0,          20,          1.55e-05,             1e-07,      -2.172692414,       1.482210238,       1.692959029,       3.334187361,       1.357625992,       4.821986786
        158,           0,          29,          1.55e-05,             1e-07,      -2.063399157,       1.478227778,       1.690587111,       3.400621121,       1.352475083,       4.824693895
        159,           0,           0,          1.56e-05,             1e-07,       -1.98327456,       1.489795456,       1.696320375,       3.461004166,       1.921676485,        4.83789865
        159,           0,          10,          1.56e-05,             1e-07,      -2.192296233,       1.479970568,       1.691990185,       3.320413606,       1.333986743,       4.823234074
        159,           0,          20,          1.56e-05,             1e-07,      -2.181348351,       1.481461036,       1.691841944,        3.32466093,       1.330429819,       4.821471916
        159,           0,          29,          1.56e-05,             1e-07,       -2.08860792,       1.474683541,       1.687764836,       3.388376432,       1.315817783,       4.822007716
        160,           0,           0,          1.57e-05,             1e-07,      -1.985822951,       1.486251966,       1.691884453,       3.457945501,        1.92138918,        4.83878233
        160,           0,          10,          1.57e-05,             1e-07,      -2.162946136,       1.483542611,       1.693787147,       3.337314494,       1.339341667,       4.810358745
        160,           0,          20,          1.57e-05,             1e-07,      -2.164807631,       1.480879783,        1.68880264,        3.33571756,       1.342820683,       4.816672209
        160,           0,          29,          1.57e-05,             1e-07,      -2.091669288,       1.473591325,       1.686103384,       3.363023775,       1.329529934,       4.813237002
        161,           0,           0,          1.58e-05,             1e-07,      -1.996130476,       1.484323075,       1.689262265,       3.446089738,       1.919234493,       4.832967985
        161,           0,          10,          1.58e-05,             1e-07,      -2.176396946,        1.48355887,       1.693474866,       3.319119433,       1.335633805,       4.808633246
        161,           0,          20,          1.58e-05,             1e-07,      -2.171883468,       1.487455049,       1.695720752,        3.32473304,       1.342996031,       4.810551198
        161,           0,          29,          1.58e-05,             1e-07,      -2.121852778,       1.481822699,       1.694292079,       3.337904804,       1.324221908,       4.808720353
        162,           0,           0,          1.59e-05,             1e-07,      -1.986305972,       1.490575519,       1.693406619,       3.458845278,       1.918242383,       4.823688284
        162,           0,          10,          1.59e-05,             1e-07,      -2.187989845,       1.484194651,        1.69273373,       3.316865234,       1.335130837,       4.844532227
        162,           0,          20,          1.59e-05,             1e-07,      -2.194759605,       1.487143189,       1.695791584,       3.308076435,       1.339231909,       4.845080982
        162,           0,          29,          1.59e-05,             1e-07,      -2.114514895,       1.487039465,        1.69782607,       3.345501197,       1.323010536,       4.842522452
        163,           0,           0,           1.6e-05,             1e-07,      -1.984998022,       1.497721904,       1.699912935,       3.462148789,       1.917320974,       4.848844608
        163,           0,          10,           1.6e-05,             1e-07,      -2.191609184,       1.497142604,       1.705915506,       3.320399716,        1.33337377,       4.873175368
        163,           0,          20,           1.6e-05,             1e-07,      -2.186314919,        1.50034999,       1.708353991,       3.316751821,       1.338492413,       4.871586101
        163,           0,          29,           1.6e-05,             1e-07,      -2.063967228,        1.49885532,       1.707158977,       3.409260664,       1.350727749,       4.878972339
        164,           0,           0,          1.61e-05,             1e-07,      -1.969539892,       1.504346541,        1.70840763,       3.483647005,       1.916232174,       4.859629717
        164,           0,          10,          1.61e-05,             1e-07,       -2.15212159,       1.493781835,       1.705925351,       3.363070711,       1.350296374,       4.850550214
        164,           0,          20,          1.61e-05,             1e-07,       -2.18392094,       1.497278022,       1.707564309,       3.325853487,       1.349336112,       4.848442299
        164,           0,          29,          1.61e-05,             1e-07,      -2.132204955,       1.489481021,       1.702973651,       3.355504863,       1.334346485,       4.849433629
        165,           0,           0,          1.62e-05,             1e-07,      -1.983308614,       1.496950924,       1.704145126,       3.468731838,       1.915631706,       4.850884833
        165,           0,          10,          1.62e-05,             1e-07,      -2.183525832,       1.497798026,        1.70890558,       3.324313111,       1.341629068,       4.860339574
        165,           0,          20,          1.62e-05,             1e-07,      -2.163156085,        1.49708558,       1.706658154,       3.324679317,       1.347630563,       4.863477887
        165,           0,          29,          1.62e-05,             1e-07,      -2.143325911,       1.489957767,       1.700534309,       3.320692005,       1.334061456,       4.864458039
        166,           0,           0,          1.63e-05,             1e-07,      -1.996376669,       1.495650925,       1.703915706,       3.459181226,       1.915186748,       4.865579046
        166,           0,          10,          1.63e-05,             1e-07,      -2.186965168,       1.491418657,        1.70314076,       3.310700272,       1.357199651,       4.913732734
        166,           0,          20,          1.63e-05,             1e-07,      -2.198084471,       1.492092197,       1.704546239,       3.310473163,       1.361473466,       4.913446821
        166,           0,          29,          1.63e-05,             1e-07,      -2.119587208,       1.492287494,        1.70849029,       3.347432154,        1.35307798,       4.913014224
        167,           0,           0,          1.64e-05,             1e-07,      -1.992560824,       1.499539261,       1.707951045,       3.466937753,       1.914922777,       4.904068731
        167,           0,          10,          1.64e-05,             1e-07,      -2.159660642,       1.495753839,       1.704267643,       3.338038379,       1.384289941,       4.932535216
        167,           0,          20,          1.64e-05,             1e-07,      -2.153026847,       1.499336705,       1.707975956,       3.370329399,         1.3872618,       4.935783927
        167,           0,          29,          1.64e-05,             1e-07,      -2.119199343,       1.489397758,       1.704609711,       3.368855412,       1.376485963,        4.93332473
        168,           0,           0,          1.65e-05,             1e-07,      -2.002635283,       1.497880442,       1.703665489,       3.453096645,       1.914918668,       4.918762504
        168,           0,          10,          1.65e-05,             1e-07,      -2.141907211,       1.498545542,       1.706861411,       3.357049452,       1.378222854,       4.917539534
        168,           0,          20,          1.65e-05,             1e-07,      -2.136108794,       1.496256302,       1.704303339,        3.35506529,       1.391752512,       4.922057414
        168,           0,          29,          1.65e-05,             1e-07,      -2.142371068,       1.488509314,       1.702616584,       3.326011949,       1.374423527,       4.917551023
        169,           0,           0,          1.66e-05,             1e-07,       -1.98008645,       1.499065765,       1.702750773,       3.475703607,        1.91520596,       4.925655167
        169,           0,          10,          1.66e-05,             1e-07,      -2.157432101,       1.492071425,       1.700542481,       3.333740407,       1.373196477,       4.900470367
        169,           0,          20,          1.66e-05,             1e-07,      -2.190945343,       1.491953027,       1.701563367,       3.315098847,       1.376637842,       4.902049051
        169,           0,          29,          1.66e-05,             1e-07,      -2.169072554,       1.489048241,       1.702841843,       3.293182851,       1.362064984,       4.899271647
        170,           0,           0,          1.67e-05,             1e-07,      -1.988161391,       1.498672849,         1.7025274,       3.461038951,       1.915272056,       4.919164223
        170,           0,          10,          1.67e-05,             1e-07,      -2.183324842,       1.489943956,       1.700217288,       3.313811501,       1.378664796,       4.893536141
        170,           0,          20,          1.67e-05,             1e-07,      -2.192258389,       1.490210908,       1.701904452,       3.304751507,       1.374907526,       4.887422965
        170,           0,          29,          1.67e-05,             1e-07,       -2.16678449,       1.486655844,       1.702598216,       3.309630147,       1.360821252,       4.883168153
        171,           0,           0,          1.68e-05,             1e-07,       -2.01874832,       1.494845309,        1.70309054,        3.43215088,       1.915735644,       4.900697578
        171,           0,          10,          1.68e-05,             1e-07,      -2.188706459,       1.494655771,       1.707272689,       3.312420102,       1.371699744,       4.873105862
        171,           0,          20,          1.68e-05,             1e-07,      -2.187129135,       1.496855954,       1.708303994,       3.311148529,       1.373078797,       4.869655169
        171,           0,          29,          1.68e-05,             1e-07,      -2.162192397,       1.494359876,       1.708907965,       3.300815617,       1.358936131,       4.868763078
        172,           0,           0,          1.69e-05,             1e-07,      -2.023839155,       1.499002299,       1.707641703,       3.426722382,       1.915306609,       4.891962348
        172,           0,          10,          1.69e-05,             1e-07,      -2.180652169,       1.504431163,       1.715854362,       3.320206385,       1.374769967,       4.852343371
        172,           0,          20,          1.69e-05,             1e-07,      -2.163765978,       1.506742438,       1.717439739,       3.349735422,       1.383321664,       4.859369598
        172,           0,          29,          1.69e-05,             1e-07,      -2.152079942,       1.507221159,       1.717295664,       3.312111661,       1.376329053,       4.851580556
        173,           0,           0,           1.7e-05,             1e-07,      -2.014662012,       1.510790715,       1.717787686,       3.438644902,       1.914794294,        4.86984787
        173,           0,          10,           1.7e-05,             1e-07,      -2.159007215,       1.502749451,       1.716051653,       3.362933375,       1.374813647,       4.812705116
        173,           0,          20,           1.7e-05,             1e-07,      -2.162724154,       1.498658277,       1.709539741,       3.341403346,       1.375297524,       4.812767278
        173,           0,          29,           1.7e-05,             1e-07,      -2.159373352,       1.501752463,       1.714674559,       3.303758082,       1.363525048,       4.827204056
        174,           0,           0,          1.71e-05,             1e-07,      -2.011542727,       1.508793051,       1.715307572,       3.441838905,       1.915022458,       4.840811838
        174,           0,          10,          1.71e-05,             1e-07,      -2.179490626,       1.503462486,       1.714593553,       3.327248735,       1.363062645,       4.816339465
        174,           0,          20,          1.71e-05,             1e-07,      -2.181219164,       1.501014512,       1.712157803,       3.323377308,       1.373821226,       4.815467272
        174,           0,          29,          1.71e-05,             1e-07,      -2.156958704,       1.500869386,       1.712809234,       3.309010417,       1.365723496,       4.816462345
        175,           0,           0,          1.72e-05,             1e-07,      -2.019014768,       1.505922173,       1.713953661,       3.437160263,       1.914327459,       4.823042322
        175,           0,          10,          1.72e-05,             1e-07,      -2.189056531,       1.502803506,       1.714662335,       3.320039725,       1.356576223,       4.813113331
        175,           0,          20,          1.72e-05,             1e-07,      -2.178346269,        1.50339926,       1.716353415,       3.334227143,       1.366267157,        4.81776292
        175,           0,          29,          1.72e-05,             1e-07,      -2.168397265,       1.504557733,       1.718129135,       3.290246574,       1.363871388,       4.821333017
        176,           0,           0,          1.73e-05,             1e-07,      -2.026016227,       1.508310505,       1.717685842,       3.434981566,       1.913302054,       4.817789256
        176,           0,          10,          1.73e-05,             1e-07,      -2.173602921,       1.505498491,       1.718521012,       3.333326917,       1.372036826,       4.824493849
        176,           0,          20,          1.73e-05,             1e-07,      -2.135096738,       1.500332522,       1.714133146,       3.381093672,       1.380804862,       4.832516036
        176,           0,          29,          1.73e-05,             1e-07,      -2.149346404,       1.498908624,        1.71160247,       3.316013753,       1.365180443,       4.831111743
        177,           0,           0,          1.74e-05,             1e-07,      -2.006721786,       1.504018943,       1.713980068,       3.454749517,       1.913095901,        4.82443309
        177,           0,          10,          1.74e-05,             1e-07,      -2.131149374,       1.505540373,       1.718942805,       3.379203208,       1.397275625,       4.847729393
        177,           0,          20,          1.74e-05,             1e-07,      -2.175077563,       1.506682231,       1.720459596,       3.334902822,       1.397192301,       4.846962734
        177,           0,          29,          1.74e-05,             1e-07,      -2.149509016,       1.503648353,       1.718459608,       3.311104718,       1.386557245,       4.843606713
        178,           0,           0,          1.75e-05,             1e-07,      -1.997894861,       1.505734913,       1.715977584,       3.466739967,       1.913837092,       4.834541393
        178,           0,          10,          1.75e-05,             1e-07,      -2.156428449,       1.501500347,       1.716851622,       3.375665495,       1.398794438,       4.836989787
        178,           0,          20,          1.75e-05,             1e-07,      -2.168966816,       1.503027202,       1.718046076,       3.349491287,       1.410243959,        4.85083761
        178,           0,          29,          1.75e-05,             1e-07,       -2.13573285,       1.502619536,       1.719174375,       3.324005468,       1.396022408,       4.845074648
        179,           0,           0,          1.76e-05,             1e-07,      -2.026700253,       1.505935459,       1.719435007,        3.43809133,       1.914017031,       4.838792106
        179,           0,          10,          1.76e-05,             1e-07,      -2.201791428,       1.500748415,       1.716605151,       3.325638316,        1.38294248,       4.854146464
        179,           0,          20,          1.76e-05,             1e-07,      -2.206816673,       1.501432087,       1.717462942,       3.317588489,       1.384876632,       4.856743642
        179,           0,          29,          1.76e-05,             1e-07,      -2.142317475,       1.500048648,       1.717246858,       3.326076075,       1.381021495,       4.856611891
        180,           0,           0,          1.77e-05,             1e-07,      -2.033879604,       1.506137514,       1.718904194,       3.426300708,       1.913979244,       4.850925106
        180,           0,          10,          1.77e-05,             1e-07,      -2.208631992,       1.503478616,       1.718113508,       3.319913616,       1.363746339,       4.876317016
        180,           0,          20,          1.77e-05,             1e-07,       -2.20142959,       1.505553828,       1.719743728,       3.315336916,       1.369836235,       4.879160312
        180,           0,          29,          1.77e-05,             1e-07,      -2.142974564,       1.502172392,       1.717466982,       3.325269586,       1.366103121,       4.878691145
        181,           0,           0,          1.78e-05,             1e-07,      -2.032688987,       1.506034577,       1.718529885,       3.429198223,       1.913291375,       4.870842078
        181,           0,          10,          1.78e-05,             1e-07,      -2.203610305,       1.502500448,        1.71742946,       3.314563813,       1.358083701,       4.897688341
        181,           0,          20,          1.78e-05,             1e-07,      -2.199297154,       1.504003987,       1.718127798,       3.315716119,       1.370825662,       4.898295519
        181,           0,          29,          1.78e-05,             1e-07,      -2.152087473,       1.499760259,       1.715983271,       3.320318184,       1.365232228,       4.895963997
        182,           0,           0,          1.79e-05,             1e-07,      -2.034000448,       1.506487872,       1.717836261,       3.429557404,       1.912737706,       4.884015369
        182,           0,          10,          1.79e-05,             1e-07,      -2.201036988,       1.506105338,       1.721470139,       3.322138692,       1.379855907,       4.885100825
        182,           0,          20,          1.79e-05,             1e-07,      -2.169793449,       1.506556953,       1.721882388,        3.34362147,       1.390247263,       4.884130414
        182,           0,          29,          1.79e-05,             1e-07,      -2.120640104,       1.504114985,       1.719683828,        3.38245346,       1.378749767,       4.880712077
        183,           0,           0,           1.8e-05,             1e-07,      -2.018597398,       1.508388184,       1.719618583,       3.447437761,       1.913194611,       4.879478657
        183,           0,          10,           1.8e-05,             1e-07,      -2.181706444,       1.509121513,       1.725952561,       3.356114185,       1.395793888,       4.847394674
        183,           0,          20,           1.8e-05,             1e-07,      -2.195505721,       1.512313443,       1.728232453,       3.335842088,       1.405360223,       4.843961653
        183,           0,          29,           1.8e-05,             1e-07,      -2.066292791,       1.510443691,       1.725332806,       3.401349593,       1.408436442,       4.843177908
        184,           0,           0,          1.81e-05,             1e-07,      -2.004571663,       1.511138698,        1.72467631,       3.466973322,       1.912477297,       4.862626186
        184,           0,          10,          1.81e-05,             1e-07,      -2.194419292,       1.512803381,        1.72958835,       3.339697762,       1.399334049,       4.795068772
        184,           0,          20,          1.81e-05,             1e-07,      -2.191787802,       1.509063285,       1.728046283,       3.340063244,       1.405884034,       4.803270267
        184,           0,          29,          1.81e-05,             1e-07,      -2.154857996,       1.511488744,       1.727505736,       3.359070662,       1.394907927,       4.802106012
        185,           0,           0,          1.82e-05,             1e-07,      -2.019335188,       1.514594907,        1.72744114,       3.450657238,       1.912587072,       4.834734648
        185,           0,          10,          1.82e-05,             1e-07,       -2.18369366,       1.505660905,       1.724117449,       3.341699697,       1.406799325,        4.80326933
        185,           0,          20,          1.82e-05,             1e-07,      -2.189727426,       1.503852048,       1.722008471,       3.332971007,       1.405564494,       4.810446218
        185,           0,          29,          1.82e-05,             1e-07,      -2.121928166,       1.501941739,       1.719507678,       3.329074373,       1.396479079,       4.805690437
        186,           0,           0,          1.83e-05,             1e-07,      -2.031243095,       1.506540516,        1.72195251,       3.437318818,       1.911299789,       4.825622944
        186,           0,          10,          1.83e-05,             1e-07,      -2.183340703,       1.500889334,       1.718501611,       3.326803554,       1.369969907,       4.854471511
        186,           0,          20,          1.83e-05,             1e-07,      -2.152570647,       1.498634369,       1.715133097,       3.352386373,       1.366316689,       4.850825915
        186,           0,          29,          1.83e-05,             1e-07,      -2.125813524,       1.495779743,       1.713676403,       3.335377333,       1.364028223,       4.849075495
        187,           0,           0,          1.84e-05,             1e-07,      -2.034894909,       1.501827349,        1.71688163,       3.433907715,       1.911922001,       4.854859331
        187,           0,          10,          1.84e-05,             1e-07,      -2.190370641,       1.501240764,       1.719162227,       3.329041064,       1.359892994,       4.902940917
        187,           0,          20,          1.84e-05,             1e-07,      -2.183497339,       1.502264588,       1.719016549,       3.330034816,       1.363572914,       4.897933852
        187,           0,          29,          1.84e-05,             1e-07,      -2.119586105,       1.502600765,       1.721208329,       3.341882712,       1.363613357,       4.900355085
        188,           0,           0,          1.85e-05,             1e-07,      -2.024382195,       1.506704068,       1.721114768,       3.444853046,       1.912014962,       4.886139137
        188,           0,          10,          1.85e-05,             1e-07,      -2.211141235,       1.502679806,       1.722033751,       3.316276182,       1.327601654,        4.89413653
        188,           0,          20,          1.85e-05,             1e-07,      -2.149299276,       1.504889103,       1.724793793,       3.368781423,       1.349708838,       4.912719945
        188,           0,          29,          1.85e-05,             1e-07,      -2.177479426,       1.506457789,       1.726180743,       3.303690567,       1.339519895,       4.910278476
        189,           0,           0,          1.86e-05,             1e-07,      -2.037496249,       1.513058587,       1.726648771,        3.43091935,       1.910896327,       4.904727973
        189,           0,          10,          1.86e-05,             1e-07,      -2.171182939,       1.508045818,       1.725775879,       3.352254133,       1.357435979,       4.908845651
        189,           0,          20,          1.86e-05,             1e-07,      -2.187308734,       1.511397529,       1.729663264,        3.33196761,       1.353389666,       4.915353068
        189,           0,          29,          1.86e-05,             1e-07,       -2.11801657,       1.515354409,       1.732122993,       3.350318537,       1.357125809,       4.897492681
        190,           0,           0,          1.87e-05,             1e-07,      -2.021361655,        1.51952897,       1.733738326,        3.44763529,       1.909779378,       4.900972454
        190,           0,          10,          1.87e-05,             1e-07,      -2.115496398,       1.514474131,       1.732224062,       3.402786472,       1.356906796,       4.869861528
        190,           0,          20,          1.87e-05,             1e-07,      -2.159583735,        1.51541943,       1.732096201,       3.357119004,       1.352405471,       4.872535221
        190,           0,          29,          1.87e-05,             1e-07,      -2.127747512,       1.522500241,       1.738474231,       3.334263484,       1.356058369,       4.873262046
        191,           0,           0,          1.88e-05,             1e-07,      -1.992196814,       1.524385605,        1.73772489,       3.480302336,       1.911060683,       4.906429843
        191,           0,          10,          1.88e-05,             1e-07,      -2.132611932,       1.525217652,       1.740576781,       3.400037987,       1.366343945,       4.840524624
        191,           0,          20,          1.88e-05,             1e-07,      -2.162576875,       1.526598622,       1.741489682,       3.353911601,       1.358806646,       4.838060524
        191,           0,          29,          1.88e-05,             1e-07,      -2.097227712,       1.524881986,       1.740983427,       3.395414193,       1.358912219,       4.844234896
        192,           0,           0,          1.89e-05,             1e-07,      -2.016531014,       1.527137611,       1.739067269,       3.453508803,       1.909138713,       4.874184173
        192,           0,          10,          1.89e-05,             1e-07,        -2.1568109,       1.525526625,       1.739873767,       3.358155703,       1.345194446,       4.881180129
        192,           0,          20,          1.89e-05,             1e-07,      -2.130163863,       1.525860784,       1.738209724,       3.371648007,       1.355586027,       4.893004981
        192,           0,          29,          1.89e-05,             1e-07,       -2.08018417,       1.523012793,       1.738263353,        3.37059371,       1.343493274,       4.884758579
        193,           0,           0,           1.9e-05,             1e-07,      -2.001695114,        1.52743842,       1.738971572,        3.46647694,       1.908867271,         4.8914051
        193,           0,          10,           1.9e-05,             1e-07,      -2.153292176,       1.520408418,        1.73587925,       3.372277096,       1.330328314,       4.963919157
        193,           0,          20,           1.9e-05,             1e-07,      -2.145022412,       1.519930662,       1.734130781,       3.360437194,        1.33268828,       4.966999282
        193,           0,          29,           1.9e-05,             1e-07,      -2.097804985,       1.515286457,       1.731545391,       3.381743381,       1.325481848,       4.968703003
        194,           0,           0,          1.91e-05,             1e-07,      -2.024678657,       1.522452175,       1.735144458,       3.444261072,       1.907980455,         4.9284843
        194,           0,          10,          1.91e-05,             1e-07,      -2.165002148,        1.52149799,       1.737397306,       3.355079638,       1.329532585,        4.98810694
        194,           0,          20,          1.91e-05,             1e-07,      -2.162965934,       1.526154783,       1.740583114,       3.344760271,       1.333079021,       4.990522468
        194,           0,          29,          1.91e-05,             1e-07,      -2.117405753,       1.526237162,       1.742013725,       3.343043904,       1.327256022,       4.988645739
        195,           0,           0,          1.92e-05,             1e-07,      -2.018108554,       1.527997042,       1.740454167,       3.452325531,       1.908064693,       4.946269899
        195,           0,          10,          1.92e-05,             1e-07,      -2.139280268,       1.526474287,       1.742568142,       3.396097888,       1.338442723,       4.942688048
        195,           0,          20,          1.92e-05,             1e-07,      -2.168813112,       1.530568709,       1.745048136,       3.340947156,         1.3355073,       4.936398909
        195,           0,          29,          1.92e-05,             1e-07,      -2.119154286,        1.53356237,       1.746808477,       3.333564637,       1.330928617,       4.932988961
        196,           0,           0,          1.93e-05,             1e-07,      -2.022868257,       1.536626849,       1.748244638,       3.444902146,       1.907924394,       4.944165567
        196,           0,          10,          1.93e-05,             1e-07,      -2.135976007,       1.535617583,        1.74924742,       3.369677218,       1.351625292,       4.885153056
        196,           0,          20,          1.93e-05,             1e-07,      -2.151727155,       1.533257759,       1.747281172,       3.361838027,       1.340101292,       4.871250736
        196,           0,          29,          1.93e-05,             1e-07,      -2.097582031,       1.534469915,       1.745674718,       3.342624584,       1.329754015,       4.867588935
        197,           0,           0,          1.94e-05,             1e-07,      -2.023398491,       1.537439853,       1.747797613,       3.445448511,       1.908202301,       4.918174354
        197,           0,          10,          1.94e-05,             1e-07,      -2.160795008,       1.533506237,       1.748500942,       3.350540073,       1.352804467,       4.824859867
        197,           0,          20,          1.94e-05,             1e-07,      -2.156934636,       1.532765451,       1.748459216,       3.357000687,        1.34747611,       4.812774151
        197,           0,          29,          1.94e-05,             1e-07,      -2.112449346,       1.533788163,       1.747627123,       3.344574388,       1.347910164,       4.816836671
        198,           0,           0,          1.95e-05,             1e-07,      -2.001037767,       1.537240071,       1.748098122,       3.473488052,       1.908095373,       4.864555132
        198,           0,          10,          1.95e-05,             1e-07,       -2.14697302,       1.533982368,       1.748542281,       3.370609408,       1.351887715,       4.732815596
        198,           0,          20,          1.95e-05,             1e-07,      -2.156778171,       1.532119294,       1.746594388,       3.357525137,       1.338984646,        4.73631689
        198,           0,          29,          1.95e-05,             1e-07,      -2.099261926,       1.532960463,       1.745103881,        3.35330844,        1.33344022,       4.736212811
        199,           0,           0,          1.96e-05,             1e-07,      -2.018817736,       1.534924724,        1.74647531,       3.455465853,       1.907210349,       4.812991937
        199,           0,          10,          1.96e-05,             1e-07,      -2.145498943,       1.531136654,       1.746189036,       3.363768172,       1.352833009,       4.793545902
        199,           0,          20,          1.96e-05,             1e-07,       -2.16302737,       1.529602404,       1.744855034,       3.346133791,       1.348598062,       4.787052458
        199,           0,          29,          1.96e-05,             1e-07,      -2.112806855,       1.528634241,       1.743029378,       3.335641941,       1.345032959,       4.798742176
        200,           0,           0,          1.97e-05,             1e-07,      -2.021625593,        1.53284174,       1.745689083,       3.456382228,       1.906430948,       4.820094834
        200,           0,          10,          1.97e-05,             1e-07,      -2.156883306,       1.529369266,       1.743694871,       3.340461209,       1.347830945,       4.871370713
        200,           0,          20,          1.97e-05,             1e-07,       -2.16039971,        1.53040186,       1.744174712,       3.344435925,       1.337158691,        4.87133378
        200,           0,          29,          1.97e-05,             1e-07,      -2.102473954,       1.529206013,       1.742216888,       3.340089197,       1.329870461,       4.868249881
        201,           0,           0,          1.98e-05,             1e-07,      -2.015440177,       1.534076845,       1.745211881,       3.459244781,       1.906493897,       4.854244162
        201,           0,          10,          1.98e-05,             1e-07,      -2.152992452,       1.533594382,       1.747805513,       3.348529486,       1.352495116,       4.907471818
        201,           0,          20,          1.98e-05,             1e-07,      -2.141805914,       1.538922127,       1.752519941,       3.359379451,       1.355716418,       4.906296636
        201,           0,          29,          1.98e-05,             1e-07,      -2.092995495,       1.537891268,       1.751146595,       3.355624213,       1.341337828,       4.902502467
        202,           0,           0,          1.99e-05,             1e-07,      -2.008401701,       1.540625944,       1.751793417,       3.465889912,       1.906550601,       4.887536304
        202,           0,          10,          1.99e-05,             1e-07,      -2.124304884,       1.545969603,       1.758998786,       3.383116626,       1.366633823,       4.905880883
        202,           0,          20,          1.99e-05,             1e-07,      -2.116871649,       1.546295393,       1.760042803,       3.380087081,       1.367739983,       4.906823983
        202,           0,          29,          1.99e-05,             1e-07,      -2.091245281,       1.536748243,       1.751741095,       3.408085838,       1.363752955,       4.906900388
        203,           0,           0,             2e-05,             1e-07,      -1.990985262,       1.541279294,       1.753918701,       3.484879081,        1.90698974,        4.90087131
        203,           0,          10,             2e-05,             1e-07,      -2.099033448,       1.542030037,        1.75611884,       3.388250468,       1.357725871,       4.888077709
        203,           0,          20,             2e-05,             1e-07,      -2.115766366,       1.539772836,        1.75128969,       3.372711886,       1.361835293,       4.887870552
        203,           0,          29,             2e-05,             1e-07,      -2.078987635,       1.530710097,       1.745752278,       3.374532436,       1.355431846,       4.885227119
        204,           0,           0,          2.01e-05,             1e-07,      -1.989972601,       1.537962278,       1.748688328,       3.485231735,       1.907172126,       4.902614442
        204,           0,          10,          2.01e-05,             1e-07,      -2.131753176,       1.539949267,       1.754832397,       3.371760765,       1.363512527,       4.878459373
        204,           0,          20,          2.01e-05,             1e-07,      -2.077110582,       1.542716718,       1.756550491,       3.411671901,       1.380872942,       4.886186876
        204,           0,          29,          2.01e-05,             1e-07,      -2.075373875,       1.538132742,       1.754997023,       3.367898603,       1.366498382,       4.876434118
        205,           0,           0,          2.02e-05,             1e-07,      -1.995005009,       1.541450741,       1.753853333,       3.482861222,       1.906735629,       4.886661377
        205,           0,          10,          2.02e-05,             1e-07,      -2.120202436,        1.53945822,       1.755916106,       3.382059973,       1.390449467,       4.890177949
        205,           0,          20,          2.02e-05,             1e-07,      -2.126009173,       1.537452096,       1.754148943,       3.368714054,       1.391167553,       4.891892764
        205,           0,          29,          2.02e-05,             1e-07,      -2.084004657,        1.53242817,       1.749364165,       3.368144148,       1.401663708,       4.900179818
        206,           0,           0,          2.03e-05,             1e-07,      -1.976123242,       1.539486618,        1.75292518,       3.500349734,       1.907977127,       4.897936696
        206,           0,          10,          2.03e-05,             1e-07,      -2.128308712,       1.538060483,       1.759345527,       3.391306432,       1.409055528,       4.908815694
        206,           0,          20,          2.03e-05,             1e-07,      -2.112052238,       1.532979113,       1.752160897,       3.377631336,       1.410823891,       4.911121447
        206,           0,          29,          2.03e-05,             1e-07,      -2.069971024,       1.531154368,       1.753418348,       3.407181579,       1.396284297,       4.907576252
        207,           0,           0,          2.04e-05,             1e-07,      -1.996962216,       1.537407145,        1.75588057,       3.482343771,       1.907073246,       4.900544853
        207,           0,          10,          2.04e-05,             1e-07,      -2.128417305,       1.537465743,       1.759923894,       3.377258612,       1.412925117,       4.909721799
        207,           0,          20,          2.04e-05,             1e-07,      -2.105121001,       1.536090336,       1.757627372,       3.405734622,       1.408323284,       4.904692592
        207,           0,          29,          2.04e-05,             1e-07,       -2.08714585,       1.530635174,       1.754103171,       3.393672097,       1.396608913,       4.900013632
        208,           0,           0,          2.05e-05,             1e-07,      -1.989094017,        1.53828176,       1.756827735,       3.492955663,        1.90775344,       4.904039914
        208,           0,          10,          2.05e-05,             1e-07,      -2.121821061,       1.538834511,       1.759600733,       3.381653735,       1.418122154,        4.86670153
        208,           0,          20,          2.05e-05,             1e-07,      -2.115180674,       1.539777968,       1.758810118,       3.382982782,       1.420625799,       4.873275986
        208,           0,          29,          2.05e-05,             1e-07,      -2.063888856,        1.53943928,       1.757697324,       3.378340345,       1.406766947,        4.86920686
        209,           0,           0,          2.06e-05,             1e-07,      -1.979129501,       1.538224216,       1.758737934,       3.501734364,        1.90768015,       4.887064714
        209,           0,          10,          2.06e-05,             1e-07,      -2.127337275,       1.539595832,       1.760902264,       3.365584106,       1.404903894,       4.829031638
        209,           0,          20,          2.06e-05,             1e-07,      -2.114394303,       1.534826115,       1.757926692,       3.382276064,       1.412660048,       4.836832247
        209,           0,          29,          2.06e-05,             1e-07,      -2.108452142,       1.534448542,       1.756542947,       3.359130426,        1.41502665,       4.839106332
        210,           0,           0,          2.07e-05,             1e-07,      -1.992023484,       1.539817495,       1.759263729,       3.485306852,       1.909559953,       4.865008243
        210,           0,          10,          2.07e-05,             1e-07,      -2.131652263,       1.534684352,       1.757039321,       3.367591856,       1.425547778,       4.849393433
        210,           0,          20,          2.07e-05,             1e-07,      -2.117692865,       1.534918648,       1.755894628,       3.369062621,       1.432329758,       4.849926062
        210,           0,          29,          2.07e-05,             1e-07,      -2.066598563,       1.533300735,       1.756205629,        3.40790279,       1.418157596,       4.848388698
        211,           0,           0,          2.08e-05,             1e-07,      -1.994021494,       1.539187319,       1.757816645,       3.482138173,       1.908560023,       4.867343383
        211,           0,          10,          2.08e-05,             1e-07,      -2.138567468,       1.536479037,       1.758994494,       3.378017642,       1.413452278,       4.902438876
        211,           0,          20,          2.08e-05,             1e-07,      -2.137416062,       1.541238673,       1.761081665,       3.372848287,       1.409349983,       4.896918892
        211,           0,          29,          2.08e-05,             1e-07,      -2.055813579,        1.54328395,       1.760401795,       3.394933237,       1.406641472,       4.894173905
        212,           0,           0,          2.09e-05,             1e-07,      -1.991405501,       1.541757038,       1.762862158,       3.486442821,       1.909066304,       4.894902334
        212,           0,          10,          2.09e-05,             1e-07,       -2.14057706,       1.540637034,       1.762886832,       3.376576625,       1.397439179,       4.933495355
        212,           0,          20,          2.09e-05,             1e-07,      -2.133451161,       1.541277703,        1.76358065,        3.36965914,       1.404952145,       4.935670306
        212,           0,          29,          2.09e-05,             1e-07,      -2.101047398,        1.54051865,       1.759997872,       3.393489429,       1.407075006,       4.933765922
        213,           0,           0,           2.1e-05,             1e-07,      -1.982508393,       1.544211422,       1.762099058,       3.492217407,        1.90963753,        4.91607672
        213,           0,          10,           2.1e-05,             1e-07,      -2.117500615,       1.544629096,       1.765174303,       3.386128252,       1.424119687,        4.93353451
        213,           0,          20,           2.1e-05,             1e-07,      -2.111041922,       1.540663785,       1.761848217,       3.405628186,       1.421276599,        4.93995883
        213,           0,          29,           2.1e-05,             1e-07,      -2.042497523,       1.538282176,       1.759134459,       3.450277665,       1.410401387,       4.937129215
        214,           0,           0,          2.11e-05,             1e-07,      -1.979993536,       1.542920995,       1.762500205,       3.496018267,       1.909672226,       4.931376352
        214,           0,          10,          2.11e-05,             1e-07,      -2.123409263,       1.536030456,       1.758416702,       3.376740086,       1.417718251,       4.933470744
        214,           0,          20,          2.11e-05,             1e-07,      -2.108246983,       1.535425508,       1.757861575,       3.398652762,       1.420967293,       4.936406565
        214,           0,          29,          2.11e-05,             1e-07,      -2.062293591,       1.534651996,       1.752777491,       3.401958829,       1.404543831,       4.931339631
        215,           0,           0,          2.12e-05,             1e-07,      -1.986157367,        1.53880248,       1.757137364,       3.485418695,       1.910559465,       4.938776633
        215,           0,          10,          2.12e-05,             1e-07,      -2.116080982,        1.53184742,       1.753558069,       3.386971479,       1.385747522,       4.930026323
        215,           0,          20,          2.12e-05,             1e-07,      -2.119905862,       1.527487382,       1.751765726,       3.389259318,       1.397377409,       4.932009778
        215,           0,          29,          2.12e-05,             1e-07,      -2.088291558,       1.531473264,       1.746752668,       3.396221116,       1.397220545,        4.93387766
        216,           0,           0,          2.13e-05,             1e-07,      -1.972647951,       1.535050726,        1.75232008,       3.494256405,        1.91096496,       4.940792144
        216,           0,          10,          2.13e-05,             1e-07,      -2.131388604,       1.533043577,       1.756255248,        3.37368348,       1.402598825,       4.932940613
        216,           0,          20,          2.13e-05,             1e-07,      -2.135159692,       1.530417436,       1.753330099,       3.380718429,       1.406038474,       4.933926354
        216,           0,          29,          2.13e-05,             1e-07,      -2.033248393,       1.533691076,       1.748379738,       3.435475711,       1.398615052,       4.933381539
        217,           0,           0,          2.14e-05,             1e-07,       -1.99557661,        1.53470525,       1.752540605,        3.46856229,       1.909334043,       4.941479385
        217,           0,          10,          2.14e-05,             1e-07,      -2.139234287,       1.535398112,       1.757359134,       3.374165243,       1.389057125,       4.931785299
        217,           0,          20,          2.14e-05,             1e-07,      -2.130393984,       1.536798132,       1.759417016,       3.383025112,       1.399743627,        4.93170541
        217,           0,          29,          2.14e-05,             1e-07,      -2.106200121,       1.542071071,        1.75601033,       3.371704386,       1.383978868,       4.925288475
        218,           0,           0,          2.15e-05,             1e-07,      -1.986196059,       1.541780014,       1.758524329,       3.478490554,       1.908793696,        4.93537506
        218,           0,          10,          2.15e-05,             1e-07,       -2.13449831,       1.540351527,        1.76198694,       3.373137362,       1.414437489,       4.899466351
        218,           0,          20,          2.15e-05,             1e-07,      -2.129175569,       1.546578725,       1.767091518,       3.386987316,       1.412432764,       4.896630111
        218,           0,          29,          2.15e-05,             1e-07,      -2.054654518,       1.544198979,       1.758605578,       3.399096985,       1.404709483,       4.892366882
        219,           0,           0,          2.16e-05,             1e-07,      -1.991699464,       1.544657666,       1.761072322,       3.473166082,       1.908502373,        4.91258891
        219,           0,          10,          2.16e-05,             1e-07,        -2.1262455,       1.543691319,       1.763348288,       3.383870244,       1.402164058,       4.852112137
        219,           0,          20,          2.16e-05,             1e-07,       -2.13965398,       1.542334363,       1.765137798,       3.367128088,       1.407808249,       4.849925977
        219,           0,          29,          2.16e-05,             1e-07,      -2.107512325,       1.541669827,       1.755861641,       3.377237126,       1.408315327,       4.855489841
        220,           0,           0,          2.17e-05,             1e-07,      -1.984116402,       1.544488771,        1.75958051,       3.480071895,       1.908418932,       4.879874438
        220,           0,          10,          2.17e-05,             1e-07,      -2.144746504,       1.544126909,       1.764174095,        3.36346302,       1.411173966,       4.825841279
        220,           0,          20,          2.17e-05,             1e-07,      -2.143346006,       1.539223034,       1.758180498,       3.361727975,       1.400414067,       4.830211772
        220,           0,          29,          2.17e-05,             1e-07,      -2.071816275,       1.545925738,       1.759340702,       3.387063318,       1.394398393,       4.824432664
        221,           0,           0,          2.18e-05,             1e-07,      -1.983371958,       1.547774817,       1.762933682,        3.48302058,       1.907387975,       4.845412692
        221,           0,          10,          2.18e-05,             1e-07,      -2.147099138,        1.54430801,        1.76640638,       3.375322672,       1.380731277,       4.799193955
        221,           0,          20,          2.18e-05,             1e-07,      -2.148459119,       1.542611718,        1.76262785,        3.35777779,       1.394193719,       4.801373097
        221,           0,          29,          2.18e-05,             1e-07,      -2.070385174,       1.545587149,       1.760993042,       3.376972342,       1.398576021,        4.78486403
        222,           0,           0,          2.19e-05,             1e-07,      -1.979747614,       1.549566357,       1.763595617,       3.483323777,       1.907912276,       4.809074267
        222,           0,          10,          2.19e-05,             1e-07,      -2.135909278,       1.542742025,       1.763110078,       3.373579151,       1.407773055,       4.734028077
        222,           0,          20,          2.19e-05,             1e-07,      -2.152682142,       1.541210543,       1.761470172,       3.364705561,       1.400368016,       4.740911325
        222,           0,          29,          2.19e-05,             1e-07,      -2.091716634,       1.541877468,       1.755809338,       3.355604372,       1.409958319,       4.743790714
        223,           0,           0,           2.2e-05,             1e-07,      -1.991852843,       1.543435539,       1.759571534,        3.46940902,       1.905540648,       4.772074125
        223,           0,          10,           2.2e-05,             1e-07,      -2.165882352,       1.539729609,       1.762094095,       3.349175444,       1.410347898,       4.774912764
        223,           0,          20,           2.2e-05,             1e-07,      -2.136830722,       1.543429649,        1.76268994,       3.380222236,       1.405306047,        4.77722817
        223,           0,          29,           2.2e-05,             1e-07,      -2.074569842,       1.547067437,       1.759061939,       3.364515521,       1.430144651,        4.78004264
        224,           0,           0,          2.21e-05,             1e-07,      -1.983595338,        1.54556815,       1.763048292,       3.484739883,       1.905785511,        4.78943407
        224,           0,          10,          2.21e-05,             1e-07,      -2.120664865,       1.538514198,       1.760195505,       3.389067181,       1.423850783,       4.843818932
        224,           0,          20,          2.21e-05,             1e-07,      -2.134499462,       1.538025751,       1.761223983,       3.375922934,       1.445608366,       4.845655765
        224,           0,          29,          2.21e-05,             1e-07,      -2.105192721,       1.545471614,       1.759799948,       3.343537424,       1.446848983,       4.846334778
        225,           0,           0,          2.22e-05,             1e-07,      -1.985111127,       1.545292393,       1.764486191,       3.484597058,       1.906764321,       4.823213341
        225,           0,          10,          2.22e-05,             1e-07,      -2.128268412,       1.543587121,       1.767560656,       3.384861195,       1.437737581,       4.881120929
        225,           0,          20,          2.22e-05,             1e-07,      -2.111134026,       1.546998448,       1.766348265,       3.399048336,       1.435382347,        4.88409181
        225,           0,          29,          2.22e-05,             1e-07,      -2.079352319,       1.545745046,       1.760433865,       3.352978523,       1.459080704,       4.881951777
        226,           0,           0,          2.23e-05,             1e-07,      -1.988325079,       1.545428148,       1.766390031,       3.481660056,       1.907016716,       4.853839583
        226,           0,          10,          2.23e-05,             1e-07,      -2.080853058,       1.540402721,       1.761845041,        3.40556418,       1.413107595,       4.904108429
        226,           0,          20,          2.23e-05,             1e-07,      -2.066685977,       1.542937672,       1.763523554,       3.433481636,       1.427130027,       4.905908622
        226,           0,          29,          2.23e-05,             1e-07,      -2.093078637,       1.542217055,       1.759273364,        3.35704915,       1.434381318,        4.91034088
        227,           0,           0,          2.24e-05,             1e-07,      -1.973691482,       1.545662567,       1.764296399,       3.493407526,        1.90895323,       4.895863934
        227,           0,          10,          2.24e-05,             1e-07,      -2.105982685,       1.542846978,       1.765532982,       3.405099273,        1.42137013,       4.930223681
        227,           0,          20,          2.24e-05,             1e-07,      -2.131450049,       1.547696747,       1.769802669,       3.391191519,       1.436243601,        4.93929932
        227,           0,          29,          2.24e-05,             1e-07,      -2.038042557,       1.549399302,       1.765688615,       3.446069901,       1.452303602,       4.939084035
        228,           0,           0,          2.25e-05,             1e-07,      -1.974608808,       1.549569582,       1.767078806,       3.494095718,       1.907847626,       4.915311058
        228,           0,          10,          2.25e-05,             1e-07,      -2.102900044,       1.543027122,        1.76368879,       3.407560293,       1.430455468,       4.918037534
        228,           0,          20,          2.25e-05,             1e-07,      -2.112313988,        1.54513625,       1.765055667,       3.394384377,       1.429373996,       4.932983917
        228,           0,          29,          2.25e-05,             1e-07,      -2.054275791,       1.543544997,       1.761320274,       3.395548653,       1.469423583,       4.908324651
        229,           0,           0,          2.26e-05,             1e-07,      -1.982999892,       1.549120239,       1.766070544,       3.479833392,       1.910641913,       4.916143776
        229,           0,          10,          2.26e-05,             1e-07,      -2.118992906,        1.54346936,       1.765089787,       3.395107738,       1.429118584,       4.869867077
        229,           0,          20,          2.26e-05,             1e-07,      -2.156109836,       1.548124725,       1.768983267,       3.359933663,       1.444666826,        4.87838202
        229,           0,          29,          2.26e-05,             1e-07,      -2.088757862,       1.553678311,       1.770830667,       3.365315952,       1.483055441,       4.885687808
        230,           0,           0,          2.27e-05,             1e-07,      -1.948061361,       1.554631169,       1.768482743,       3.521970967,       1.910256592,       4.901484389
        230,           0,          10,          2.27e-05,             1e-07,       -2.11085674,        1.54886231,       1.769366522,       3.405211501,       1.417889449,       4.821941049
        230,           0,          20,          2.27e-05,             1e-07,      -2.122034412,       1.545817452,       1.765393194,       3.384875412,       1.414908079,       4.824127916
        230,           0,          29,          2.27e-05,             1e-07,      -2.076807777,        1.55089033,       1.765948828,       3.373299265,       1.450527671,       4.824689736
        231,           0,           0,          2.28e-05,             1e-07,      -1.973703071,       1.553122921,       1.768906503,       3.495422251,       1.910045354,       4.859715118
        231,           0,          10,          2.28e-05,             1e-07,      -2.114141892,       1.553425871,       1.772005335,       3.387787566,       1.411727083,       4.758029277
        231,           0,          20,          2.28e-05,             1e-07,      -2.136522415,       1.552008178,       1.772162554,       3.387266377,       1.441506119,       4.760846459
        231,           0,          29,          2.28e-05,             1e-07,       -2.09252752,       1.552399419,       1.767116722,       3.366303057,        1.47255336,       4.756995288
        232,           0,           0,          2.29e-05,             1e-07,      -1.972256809,       1.551065931,       1.768239853,       3.495406675,        1.91007143,       4.783380982
        232,           0,          10,          2.29e-05,             1e-07,      -2.112570853,       1.553660098,       1.774140316,       3.386185977,       1.451144273,       4.780521866
        232,           0,          20,          2.29e-05,             1e-07,       -2.11253705,       1.548671564,       1.770163653,       3.406783053,       1.438750009,       4.725506638
        232,           0,          29,          2.29e-05,             1e-07,      -2.106371436,       1.556331024,       1.773214949,       3.338278037,       1.450085974,       4.723791084
        233,           0,           0,           2.3e-05,             1e-07,      -1.972137546,       1.556566875,       1.771967666,       3.490883446,       1.913973447,       4.784674436
        233,           0,          10,           2.3e-05,             1e-07,      -2.119304728,       1.552392158,       1.771199496,       3.395172726,       1.440545133,       4.753820201
        233,           0,          20,           2.3e-05,             1e-07,      -2.114205397,       1.550100211,       1.769991747,       3.399208841,         1.4547601,       4.764426175
        233,           0,          29,           2.3e-05,             1e-07,      -2.114332388,       1.555546692,       1.771610204,       3.338126511,       1.481935761,       4.768049631
        234,           0,           0,          2.31e-05,             1e-07,      -1.971960981,       1.555425664,       1.771095844,       3.488543153,       1.915128902,       4.804681754
        234,           0,          10,          2.31e-05,             1e-07,      -2.113616534,        1.55217722,       1.772393682,       3.399085073,       1.443817308,       4.814032108
        234,           0,          20,          2.31e-05,             1e-07,       -2.10227114,       1.552961043,       1.771408947,       3.403647622,       1.462096606,       4.820030783
        234,           0,          29,          2.31e-05,             1e-07,      -2.113857192,       1.558228839,        1.77268068,       3.334125033,       1.474970227,       4.821975071
        235,           0,           0,          2.32e-05,             1e-07,      -1.963900767,       1.556854566,       1.772318298,       3.499009837,       1.909584038,       4.798889168
        235,           0,          10,          2.32e-05,             1e-07,      -2.097388737,          1.551433,       1.769522286,       3.406052849,       1.441493593,       4.885798649
        235,           0,          20,          2.32e-05,             1e-07,      -2.087597161,       1.550979245,       1.770654799,       3.412887685,       1.441032408,       4.889454539
        235,           0,          29,          2.32e-05,             1e-07,      -2.071691635,        1.55677519,       1.769933065,       3.371740917,       1.477505122,       4.888401427
        236,           0,           0,          2.33e-05,             1e-07,      -1.960574772,       1.554936818,       1.769660219,       3.505254767,       1.910593434,       4.836985424
        236,           0,          10,          2.33e-05,             1e-07,       -2.08746426,       1.554304859,       1.774200245,       3.418240358,       1.446630092,       4.933902638
        236,           0,          20,          2.33e-05,             1e-07,      -2.106644469,       1.553175769,        1.77140598,       3.391183481,       1.461536949,        4.91369797
        236,           0,          29,          2.33e-05,             1e-07,      -2.092369984,       1.561930926,       1.775289262,       3.347867035,       1.484447054,       4.921235061
        237,           0,           0,          2.34e-05,             1e-07,      -1.951775497,       1.558682041,       1.774084779,       3.510794378,       1.911055296,       4.881667327
        237,           0,          10,          2.34e-05,             1e-07,        -2.1108127,       1.553722525,       1.772088476,       3.391713311,       1.445981625,       4.888994712
        237,           0,          20,          2.34e-05,             1e-07,      -2.073474603,       1.558048918,       1.775612376,       3.442474822,       1.467224984,       4.917396374
        237,           0,          29,          2.34e-05,             1e-07,       -2.06912284,       1.562747225,       1.775153586,       3.403105352,       1.470572358,       4.884583058
        238,           0,           0,          2.35e-05,             1e-07,      -1.968565723,       1.561274061,        1.77540027,        3.49405127,       1.909688386,       4.882300026
        238,           0,          10,          2.35e-05,             1e-07,      -2.072575488,       1.557169106,       1.777060432,       3.452417044,       1.444509404,       4.862166908
        238,           0,          20,          2.35e-05,             1e-07,      -2.079484834,        1.56128683,       1.777061005,       3.430061194,       1.460321823,       4.855902321
        238,           0,          29,          2.35e-05,             1e-07,      -2.048034156,       1.569839614,       1.778640063,       3.397984007,       1.475598693,        4.85621203
        239,           0,           0,          2.36e-05,             1e-07,      -1.965344241,       1.563220666,       1.777982534,       3.501355451,       1.910375569,       4.875951154
        239,           0,          10,          2.36e-05,             1e-07,      -2.086830882,       1.567514275,       1.787593198,       3.440094373,       1.456589892,       4.862596126
        239,           0,          20,          2.36e-05,             1e-07,      -2.082081976,       1.571529897,         1.7887538,       3.431957332,       1.475966634,       4.838776681
        239,           0,          29,          2.36e-05,             1e-07,      -2.053647796,        1.57817032,       1.791140778,       3.468528056,         1.5098004,       4.853732628
        240,           0,           0,          2.37e-05,             1e-07,      -1.941311707,       1.572260443,       1.788679492,       3.530800777,       1.911579034,       4.872654524
        240,           0,          10,          2.37e-05,             1e-07,      -2.090235038,        1.56908846,       1.787388707,       3.424036311,       1.468328984,       4.819368718
        240,           0,          20,          2.37e-05,             1e-07,      -2.067707757,       1.564322943,       1.783889206,       3.450936336,       1.507950424,       4.825266692
        240,           0,          29,          2.37e-05,             1e-07,      -2.060777892,       1.572636828,       1.783999216,       3.409866327,       1.507504396,        4.82842518
        241,           0,           0,          2.38e-05,             1e-07,      -1.961649951,       1.569014238,       1.785913542,       3.506820855,       1.911140436,       4.839303105
        241,           0,          10,          2.38e-05,             1e-07,      -2.069366242,       1.564289891,       1.780791583,       3.443190568,        1.46010868,       4.814349286
        241,           0,          20,          2.38e-05,             1e-07,      -2.072137609,       1.563850975,       1.781461409,       3.434620991,       1.480618716,       4.815982425
        241,           0,          29,          2.38e-05,             1e-07,      -2.048135635,       1.570135034,       1.782727878,       3.376211983,       1.498209165,        4.82385409
        242,           0,           0,          2.39e-05,             1e-07,      -1.952109928,       1.565781002,       1.780710343,       3.515512979,       1.912032723,       4.829126474
        242,           0,          10,          2.39e-05,             1e-07,       -2.07936287,       1.564246061,       1.780310943,        3.41215371,       1.461588909,       4.836579365
        242,           0,          20,          2.39e-05,             1e-07,      -2.068269995,       1.562790511,       1.778776591,       3.435296801,       1.511353633,       4.843320174
        242,           0,          29,          2.39e-05,             1e-07,      -2.065345948,       1.570407193,       1.781175902,       3.375074654,       1.487846081,       4.845299305
        243,           0,           0,           2.4e-05,             1e-07,      -1.961056651,       1.566676207,       1.780653271,       3.501644292,       1.912162968,       4.844037097
        243,           0,          10,           2.4e-05,             1e-07,      -2.077256006,       1.564947992,       1.782476901,       3.420460164,       1.446273443,       4.858478146
        243,           0,          20,           2.4e-05,             1e-07,      -2.093220131,       1.569092727,       1.784479924,       3.395389392,        1.48043444,       4.859835131
        243,           0,          29,           2.4e-05,             1e-07,      -2.066612335,       1.581971951,       1.789863952,       3.355745789,       1.490536859,       4.861215585
        244,           0,           0,          2.41e-05,             1e-07,      -1.959307621,        1.57382896,       1.787398365,       3.503258975,       1.912420448,       4.857657311
        244,           0,          10,          2.41e-05,             1e-07,      -2.072568139,       1.569705963,       1.784920516,       3.410681541,       1.431590844,       4.860706754
        244,           0,          20,          2.41e-05,             1e-07,      -2.069002962,        1.57134848,       1.786772723,       3.422612826,       1.454429066,       4.862608247
        244,           0,          29,          2.41e-05,             1e-07,      -2.078557855,       1.581026941,       1.790897615,       3.361066634,       1.460067877,       4.870885112
        245,           0,           0,          2.42e-05,             1e-07,      -1.959151755,       1.576504833,       1.788557763,       3.500581047,       1.911921387,       4.864612029
        245,           0,          10,          2.42e-05,             1e-07,      -2.047810366,        1.57246672,       1.786253708,       3.452713719,       1.449438086,        4.88787355
        245,           0,          20,          2.42e-05,             1e-07,      -2.051871784,       1.574807462,       1.789850018,       3.437692449,       1.488163225,       4.887514492
        245,           0,          29,          2.42e-05,             1e-07,      -2.044157521,       1.582362206,        1.78997808,       3.390293926,       1.508017398,       4.897209365
        246,           0,           0,          2.43e-05,             1e-07,      -1.938683997,       1.574898085,       1.788156303,       3.519281697,       1.910888766,       4.892564235
        246,           0,          10,          2.43e-05,             1e-07,      -2.068213401,       1.576887557,       1.790819865,       3.427328533,       1.448365806,       4.904846108
        246,           0,          20,          2.43e-05,             1e-07,      -2.055653028,       1.574216514,       1.786952753,       3.429479734,       1.464604821,       4.915955956
        246,           0,          29,          2.43e-05,             1e-07,      -2.020992342,       1.582089474,        1.78875655,       3.418665714,       1.497082746,       4.918889296
        247,           0,           0,          2.44e-05,             1e-07,      -1.936070343,       1.576702652,       1.788168834,       3.518603736,       1.910427158,       4.892442941
        247,           0,          10,          2.44e-05,             1e-07,      -2.066555121,        1.56993106,       1.784058583,       3.420496871,        1.44128033,       4.896290331
        247,           0,          20,          2.44e-05,             1e-07,      -2.074653336,        1.56862435,       1.782688064,       3.413595539,       1.460953728,       4.902079413
        247,           0,          29,          2.44e-05,             1e-07,      -2.047712531,       1.576145222,       1.786920974,       3.386342332,       1.488481168,       4.904562012
        248,           0,           0,          2.45e-05,             1e-07,      -1.942791245,       1.572528963,       1.784718479,       3.516166552,       1.909775138,       4.895529456
        248,           0,          10,          2.45e-05,             1e-07,        -2.0728757,       1.567059091,       1.783706712,       3.427784877,        1.43666226,       4.859978744
        248,           0,          20,          2.45e-05,             1e-07,      -2.065314332,       1.570438554,       1.783642076,       3.408908072,        1.46619944,         4.8528328
        248,           0,          29,          2.45e-05,             1e-07,      -2.065505895,       1.578941437,       1.786842075,       3.356176508,       1.506720714,       4.855157952
        249,           0,           0,          2.46e-05,             1e-07,      -1.944126013,       1.572484416,       1.784792055,       3.515596056,       1.908495827,       4.862761406
        249,           0,          10,          2.46e-05,             1e-07,      -2.090421582,       1.572294275,       1.788173963,       3.395714394,        1.45398404,       4.779168362
        249,           0,          20,          2.46e-05,             1e-07,      -2.051337358,       1.574543289,       1.789050797,       3.425565422,       1.475652933,       4.823310183
        249,           0,          29,          2.46e-05,             1e-07,      -2.085027882,       1.581920606,       1.791224136,       3.353649377,       1.514778362,       4.803156214
        250,           0,           0,          2.47e-05,             1e-07,       -1.95731653,       1.575996702,       1.789021442,        3.50300545,       1.909582721,       4.828466667
        250,           0,          10,          2.47e-05,             1e-07,      -2.084188063,        1.57245584,       1.787090444,       3.400443428,       1.444582098,       4.807589104
        250,           0,          20,          2.47e-05,             1e-07,      -2.087132803,        1.57204718,       1.786766071,       3.400099363,       1.459893694,       4.803073882
        250,           0,          29,          2.47e-05,             1e-07,      -2.096032015,       1.581531098,       1.792101536,       3.327151494,       1.497183434,       4.803395226
        251,           0,           0,          2.48e-05,             1e-07,      -1.949430442,       1.577328747,       1.790456443,       3.509860781,       1.907413769,       4.822625588
        251,           0,          10,          2.48e-05,             1e-07,      -2.076599319,       1.574973915,       1.792857589,       3.409996898,       1.448603889,       4.829787458
        251,           0,          20,          2.48e-05,             1e-07,      -2.083248681,       1.569772618,       1.783976269,       3.390665224,        1.43841512,       4.818943063
        251,           0,          29,          2.48e-05,             1e-07,      -2.066723577,       1.579704538,       1.790809472,       3.365872908,       1.505602188,       4.839687254
        252,           0,           0,          2.49e-05,             1e-07,      -1.941996594,       1.575524461,       1.787942265,       3.515928988,       1.907509443,       4.834354355
        252,           0,          10,          2.49e-05,             1e-07,      -2.024073536,       1.568385183,       1.783738609,       3.455172061,       1.449001443,       4.917428267
        252,           0,          20,          2.49e-05,             1e-07,      -2.092149808,       1.568041974,       1.782578091,       3.382156936,       1.432722278,       4.826088756
        252,           0,          29,          2.49e-05,             1e-07,      -2.088058351,       1.573547827,        1.78350627,       3.342709413,       1.479137294,       4.833467448
        253,           0,           0,           2.5e-05,             1e-07,      -1.948555012,       1.568887984,       1.780846386,       3.512561197,        1.90696013,       4.827590782
        253,           0,          10,           2.5e-05,             1e-07,      -2.106085157,       1.564586487,       1.782144105,       3.374308117,       1.421417044,       4.800649798
        253,           0,          20,           2.5e-05,             1e-07,      -2.103118589,       1.561172921,       1.777719293,       3.375968179,       1.413672786,       4.824190617
        253,           0,          29,           2.5e-05,             1e-07,      -2.130515375,        1.57129506,       1.783411075,       3.293213327,       1.483084076,       4.823650767
        254,           0,           0,          2.51e-05,             1e-07,      -1.949662573,       1.568355062,        1.78170728,       3.514078139,       1.905299988,       4.822871969
        254,           0,          10,          2.51e-05,             1e-07,      -2.122234007,       1.557687757,       1.775294826,       3.364239047,       1.408259655,       4.792731231
        254,           0,          20,          2.51e-05,             1e-07,      -2.114009135,       1.557449788,        1.77605753,       3.374032612,       1.403147824,       4.804523578
        254,           0,          29,          2.51e-05,             1e-07,       -2.13970955,       1.568465717,       1.780190541,       3.271419401,       1.453619837,       4.812523074
        255,           0,           0,          2.52e-05,             1e-07,       -1.96170674,       1.564260263,       1.778409797,       3.495272491,       1.904864922,       4.823235426
        255,           0,          10,          2.52e-05,             1e-07,      -2.119205764,        1.55659736,       1.776704573,       3.367873928,       1.409903788,       4.846660781
        255,           0,          20,          2.52e-05,             1e-07,      -2.120720696,       1.556828867,       1.775126148,       3.361980922,       1.405327434,       4.843931677
        255,           0,          29,          2.52e-05,             1e-07,       -2.15160582,       1.566927859,       1.781383202,       3.267976753,       1.457362736,       4.851918223
        256,           0,           0,          2.53e-05,             1e-07,      -1.964117302,       1.563097118,       1.778714446,       3.493066072,       1.903838707,       4.844082507
        256,           0,          10,          2.53e-05,             1e-07,      -2.129257304,       1.557489194,       1.777745713,       3.365302486,       1.406842147,       4.885207218
        256,           0,          20,          2.53e-05,             1e-07,       -2.12180216,       1.559871909,       1.778481138,       3.361547409,       1.391423039,       4.886643234
        256,           0,          29,          2.53e-05,             1e-07,       -2.15686045,       1.568514089,       1.781516638,       3.259319989,       1.430690493,       4.890028811
        257,           0,           0,          2.54e-05,             1e-07,      -1.964283442,       1.564535754,       1.779180438,       3.492501353,       1.904259629,        4.86886146
        257,           0,          10,          2.54e-05,             1e-07,      -2.138471557,       1.559604324,       1.777247956,       3.344789324,       1.405840023,       4.882798888
        257,           0,          20,          2.54e-05,             1e-07,      -2.139773253,       1.558008868,       1.776745266,       3.341637171,       1.407068672,       4.886936609
        257,           0,          29,          2.54e-05,             1e-07,      -2.160747898,       1.566574878,       1.780577727,       3.249348561,       1.419870098,       4.889466339
        258,           0,           0,          2.55e-05,             1e-07,      -1.981122963,       1.562125858,       1.778762363,       3.481264434,       1.901914893,       4.878969368
        258,           0,          10,          2.55e-05,             1e-07,       -2.15382333,       1.554451669,       1.772636545,       3.344182587,       1.397063658,       4.876116935
        258,           0,          20,          2.55e-05,             1e-07,      -2.144547185,       1.556054849,       1.773770899,       3.331228081,       1.399416683,       4.879410394
        258,           0,          29,          2.55e-05,             1e-07,      -2.160941793,       1.566550818,       1.778547434,       3.246603956,       1.404729252,       4.880072447
        259,           0,           0,          2.56e-05,             1e-07,      -1.988601865,       1.558883085,        1.77663629,       3.476095198,       1.900606845,       4.878552447
        259,           0,          10,          2.56e-05,             1e-07,      -2.164210114,       1.554408417,       1.774661322,         3.3394512,       1.404217589,       4.868883223
        259,           0,          20,          2.56e-05,             1e-07,      -2.151807542,       1.557883977,       1.777154023,       3.341539359,       1.400579054,       4.870838096
        259,           0,          29,          2.56e-05,             1e-07,       -2.15088383,       1.565408466,       1.779277891,       3.239867767,       1.405813175,       4.869013803
        260,           0,           0,          2.57e-05,             1e-07,      -1.983971779,       1.558026814,       1.776538215,       3.483012857,       1.901869916,       4.874619676
        260,           0,          10,          2.57e-05,             1e-07,      -2.165401163,       1.552899354,       1.774044349,       3.334789585,       1.395830397,       4.844930389
        260,           0,          20,          2.57e-05,             1e-07,      -2.160667118,       1.552408081,       1.772606529,       3.336612808,       1.406273994,       4.846569462
        260,           0,          29,          2.57e-05,             1e-07,      -2.167915018,       1.560348125,       1.775039754,       3.247857647,       1.415364201,        4.84929274
        261,           0,           0,          2.58e-05,             1e-07,      -1.984315034,       1.555701666,       1.773556226,       3.482016426,       1.901945601,       4.861324163
        261,           0,          10,          2.58e-05,             1e-07,      -2.164438257,        1.54688678,       1.767835513,       3.337261317,       1.388668909,       4.809940776
        261,           0,          20,          2.58e-05,             1e-07,      -2.167392095,       1.547485183,        1.76781356,       3.331390757,       1.402293414,       4.814790494
        261,           0,          29,          2.58e-05,             1e-07,      -2.174763092,       1.557183651,       1.773174426,       3.234497071,       1.404603749,       4.816369724
        262,           0,           0,          2.59e-05,             1e-07,      -1.988241564,       1.551418672,       1.770283035,       3.479959214,       1.900537498,       4.839054601
        262,           0,          10,          2.59e-05,             1e-07,      -2.178376144,       1.543034972,       1.765062495,       3.322473044,       1.375667171,       4.814765584
        262,           0,          20,          2.59e-05,             1e-07,      -2.175684678,       1.542444372,       1.763599848,        3.31884109,       1.381488912,       4.814281546
        262,           0,          29,          2.59e-05,             1e-07,      -2.194669432,       1.549744336,       1.768685398,       3.216156024,       1.388016855,       4.815135341
        263,           0,           0,           2.6e-05,             1e-07,      -1.988987234,       1.545444119,       1.764960737,       3.480050197,       1.900294675,       4.832861186
        263,           0,          10,           2.6e-05,             1e-07,      -2.171576009,       1.543036576,       1.764053386,       3.328789155,       1.373312512,       4.838309777
        263,           0,          20,           2.6e-05,             1e-07,      -2.161998508,       1.544085968,       1.763977593,        3.32679825,       1.380495708,       4.839174643
        263,           0,          29,           2.6e-05,             1e-07,       -2.17109332,       1.551930492,       1.769972897,        3.24528763,       1.384325537,       4.839701619
        264,           0,           0,          2.61e-05,             1e-07,      -1.987076257,        1.54492262,        1.76492434,       3.483350032,       1.900829129,       4.842499638
        264,           0,          10,          2.61e-05,             1e-07,      -2.163613348,       1.541542259,       1.760981293,        3.31859271,       1.358530816,       4.850903099
        264,           0,          20,          2.61e-05,             1e-07,      -2.158006089,       1.544891794,       1.763729749,       3.321589302,       1.364122302,       4.848257929
        264,           0,          29,          2.61e-05,             1e-07,       -2.15236867,       1.556597113,       1.772394274,       3.304678272,       1.370894101,       4.850898165
        265,           0,           0,          2.62e-05,             1e-07,      -1.985599579,       1.548293135,       1.768534676,       3.488718165,       1.903359102,       4.842390156
        265,           0,          10,          2.62e-05,             1e-07,      -2.155990425,       1.542498965,       1.761656861,       3.341036191,         1.3498936,       4.823223368
        265,           0,          20,          2.62e-05,             1e-07,      -2.135899141,         1.5427392,       1.760554035,       3.346921581,       1.370083935,       4.821516045
        265,           0,          29,          2.62e-05,             1e-07,      -2.172187882,       1.551662087,       1.766586705,       3.252578717,        1.36279564,       4.827127455
        266,           0,           0,          2.63e-05,             1e-07,      -1.984706795,       1.544871294,       1.763094978,       3.487037391,       1.902586382,        4.83496177
        266,           0,          10,          2.63e-05,             1e-07,      -2.162686429,       1.539548521,       1.758721123,       3.328839414,       1.336548993,       4.803512887
        266,           0,          20,          2.63e-05,             1e-07,      -2.149074677,       1.542939643,       1.760831861,       3.343274814,        1.33913965,       4.807512865
        266,           0,          29,          2.63e-05,             1e-07,      -2.191933643,       1.551006184,       1.767201339,       3.228743541,        1.34456289,       4.803635828
        267,           0,           0,          2.64e-05,             1e-07,      -1.981771309,       1.545358699,       1.760956528,       3.487766583,        1.90130315,       4.822522333
        267,           0,          10,          2.64e-05,             1e-07,      -2.134761162,       1.537966281,       1.757557131,       3.379744301,       1.322384411,       4.789837734
        267,           0,          20,          2.64e-05,             1e-07,      -2.150388724,       1.539218918,       1.758592633,       3.346597209,       1.322236115,       4.790956634
        267,           0,          29,          2.64e-05,             1e-07,      -2.186032661,       1.544057756,       1.758577784,       3.235013509,       1.322145825,       4.791103015
        268,           0,           0,          2.65e-05,             1e-07,      -1.996034897,       1.540221521,         1.7561863,       3.472133004,       1.899790708,        4.80980339
        268,           0,          10,          2.65e-05,             1e-07,      -2.162736556,       1.526567394,       1.746783509,       3.338802924,       1.287112546,       4.831760574
        268,           0,          20,          2.65e-05,             1e-07,      -2.149724989,       1.521363689,       1.741453297,       3.346398823,        1.28233708,       4.830720686
        268,           0,          29,          2.65e-05,             1e-07,      -2.213423829,       1.524039821,        1.73904711,       3.192522855,        1.28074937,        4.83371508
        269,           0,           0,          2.66e-05,             1e-07,      -2.003605797,        1.52450454,       1.740808428,       3.460835513,       1.898379503,       4.835795888
        269,           0,          10,          2.66e-05,             1e-07,      -2.170554915,       1.518517429,       1.736911111,       3.328045433,       1.243245667,       4.872111806
        269,           0,          20,          2.66e-05,             1e-07,      -2.147859854,       1.517956199,       1.735696369,       3.343161433,       1.258049242,       4.882845053
        269,           0,          29,          2.66e-05,             1e-07,      -2.181331604,       1.525607706,       1.741699423,        3.25442964,       1.255459757,       4.875397734
        270,           0,           0,          2.67e-05,             1e-07,       -1.99474103,       1.522606115,       1.738272494,       3.470597609,       1.896293627,       4.859575726
        270,           0,          10,          2.67e-05,             1e-07,      -2.170944866,        1.51343489,       1.731237862,       3.318455132,       1.223258064,       4.873204285
        270,           0,          20,          2.67e-05,             1e-07,      -2.162508885,       1.515383336,       1.731793731,       3.314959275,       1.234930671,       4.876213685
        270,           0,          29,          2.67e-05,             1e-07,       -2.19111068,       1.518640309,       1.733276262,         3.2375885,       1.243297836,       4.880192102
        271,           0,           0,          2.68e-05,             1e-07,      -2.000215695,       1.516666492,       1.732576322,       3.463381131,       1.895092362,       4.867135492
        271,           0,          10,          2.68e-05,             1e-07,      -2.139119354,       1.512862489,       1.730488692,       3.358550787,       1.236707692,        4.87140734
        271,           0,          20,          2.68e-05,             1e-07,       -2.15023567,       1.514752386,       1.731459818,       3.329867708,       1.237472767,       4.871345387
        271,           0,          29,          2.68e-05,             1e-07,      -2.170442172,        1.51614488,       1.732388982,       3.263025211,       1.243224836,       4.875929866
        272,           0,           0,          2.69e-05,             1e-07,      -2.000580166,       1.514695945,       1.728586107,       3.461506841,       1.894276872,       4.880717149
        272,           0,          10,          2.69e-05,             1e-07,      -2.136669848,       1.512433198,        1.72904882,       3.356654708,       1.239527998,       4.891945528
        272,           0,          20,          2.69e-05,             1e-07,      -2.142096225,       1.514414212,       1.730208393,       3.331600313,       1.237084349,       4.894896648
        272,           0,          29,          2.69e-05,             1e-07,      -2.167061141,       1.516708493,       1.730208916,       3.278167044,       1.248429473,       4.893656542
        273,           0,           0,           2.7e-05,             1e-07,      -2.011166377,        1.51306165,       1.726714557,       3.447939591,       1.893922993,       4.892930455
        273,           0,          10,           2.7e-05,             1e-07,      -2.172317563,       1.514863611,        1.73208685,       3.313195672,        1.21886708,       4.907256028
        273,           0,          20,           2.7e-05,             1e-07,      -2.151223211,       1.516124114,       1.728777857,       3.325258517,       1.229716621,       4.906662772
        273,           0,          29,           2.7e-05,             1e-07,      -2.150810611,       1.521987992,       1.734980837,       3.320122012,       1.224509065,       4.905760588
        274,           0,           0,          2.71e-05,             1e-07,      -2.019640865,       1.515293327,       1.729759176,       3.440772641,       1.892554063,       4.897945495
        274,           0,          10,          2.71e-05,             1e-07,      -2.166164857,       1.511138576,       1.728268186,       3.320475332,       1.179076647,       4.886010731
        274,           0,          20,          2.71e-05,             1e-07,      -2.166407112,       1.503425158,       1.719785956,       3.339139926,        1.18623998,        4.88484199
        274,           0,          29,          2.71e-05,             1e-07,      -2.203404283,       1.510778101,       1.724935481,       3.250252639,       1.184722274,       4.881797714
        275,           0,           0,          2.72e-05,             1e-07,      -2.015636987,       1.508231166,       1.722600489,       3.444619992,       1.892185232,       4.893478136
        275,           0,          10,          2.72e-05,             1e-07,      -2.156119666,       1.504689864,       1.720326085,       3.330450968,       1.173408992,       4.857723477
        275,           0,          20,          2.72e-05,             1e-07,      -2.159202795,       1.504943649,       1.720271755,       3.329400186,       1.167311252,       4.851976448
        275,           0,          29,          2.72e-05,             1e-07,      -2.166225937,       1.508531541,       1.722889335,       3.288230892,       1.159416634,       4.852509751
        276,           0,           0,          2.73e-05,             1e-07,      -2.018806547,       1.506749813,       1.720872647,       3.441578527,        1.89096823,       4.874630164
        276,           0,          10,          2.73e-05,             1e-07,      -2.130812084,       1.502706489,       1.717478831,       3.356517549,       1.153418737,       4.852831184
        276,           0,          20,          2.73e-05,             1e-07,      -2.142652115,       1.500590587,       1.715344827,       3.333172235,       1.149844062,       4.820426494
        276,           0,          29,          2.73e-05,             1e-07,      -2.203024468,        1.50154176,       1.717566921,       3.237129272,       1.144690743,       4.793677318
        277,           0,           0,          2.74e-05,             1e-07,      -2.002275386,       1.501733023,       1.713938737,       3.453066056,       1.889618071,       4.831683621
        277,           0,          10,          2.74e-05,             1e-07,      -2.147418827,       1.494231373,       1.708936753,       3.330239293,       1.116902047,       4.806868027
        277,           0,          20,          2.74e-05,             1e-07,      -2.173608414,       1.493605972,        1.70857329,       3.299712307,       1.122303529,       4.800984684
        277,           0,          29,          2.74e-05,             1e-07,      -2.195840171,       1.495304548,       1.712293684,       3.282130742,       1.115947127,       4.791527412
        278,           0,           0,          2.75e-05,             1e-07,      -2.014264629,       1.496770507,       1.709065723,       3.444853786,       1.888252798,       4.818147311
        278,           0,          10,          2.75e-05,             1e-07,      -2.075242715,       1.493374207,       1.705059011,       3.413417899,       1.185164587,       4.876181913
        278,           0,          20,          2.75e-05,             1e-07,      -2.150794125,       1.489748963,       1.705814046,       3.326299701,       1.160696577,       4.855520064
        278,           0,          29,          2.75e-05,             1e-07,      -2.164784451,       1.496523487,       1.711354333,       3.295844438,       1.123100213,       4.814589976
        279,           0,           0,          2.76e-05,             1e-07,       -1.99842229,       1.494312117,       1.705208848,       3.457773721,       1.888314085,       4.813561811
        279,           0,          10,          2.76e-05,             1e-07,      -2.117008276,       1.489229818,        1.70228852,       3.374379374,       1.178463653,       4.792024304
        279,           0,          20,          2.76e-05,             1e-07,      -2.121256379,       1.494448391,       1.706408362,       3.328084946,       1.131232583,       4.773715264
        279,           0,          29,          2.76e-05,             1e-07,      -2.186720474,       1.493144879,       1.707914233,       3.268963145,       1.132576689,       4.793187646
        280,           0,           0,          2.77e-05,             1e-07,       -2.01369805,          1.492988,       1.704461744,       3.438467557,       1.887957649,       4.810044183
        280,           0,          10,          2.77e-05,             1e-07,      -2.107005225,       1.491426716,       1.707933763,       3.390195944,       1.181290693,       4.861763948
        280,           0,          20,          2.77e-05,             1e-07,      -2.194605926,       1.486994235,       1.701162169,       3.280242543,       1.144484748,       4.824223348
        280,           0,          29,          2.77e-05,             1e-07,      -2.182306645,       1.489881368,       1.703902205,       3.252206417,       1.138620192,       4.821228107
        281,           0,           0,          2.78e-05,             1e-07,      -2.038982542,       1.488974942,       1.701952124,       3.410267472,       1.888633446,       4.838874981
        281,           0,          10,          2.78e-05,             1e-07,      -2.171389498,       1.485338015,       1.699508592,       3.330383646,       1.187476654,       4.862654897
        281,           0,          20,          2.78e-05,             1e-07,      -2.164985508,        1.48193805,       1.696050601,       3.307151625,       1.107095608,       4.831757118
        281,           0,          29,          2.78e-05,             1e-07,       -2.14649871,        1.48641843,       1.701412816,       3.289531158,       1.134390406,       4.844088306
        282,           0,           0,          2.79e-05,             1e-07,      -2.031172197,       1.485731368,       1.698375492,       3.416029425,       1.887284043,       4.851451922
        282,           0,          10,          2.79e-05,             1e-07,      -2.157351618,       1.482625999,       1.696935252,        3.32616608,       1.122777116,       4.857444002
        282,           0,          20,          2.79e-05,             1e-07,       -2.16650813,        1.48065507,       1.694540862,       3.298966245,       1.139961173,        4.85662357
        282,           0,          29,          2.79e-05,             1e-07,      -2.153767548,       1.485374781,       1.698664118,       3.273544873,       1.117086617,       4.845746313
        283,           0,           0,           2.8e-05,             1e-07,       -2.03045099,       1.481360793,       1.695193373,       3.424824785,       1.885984244,       4.840694447
        283,           0,          10,           2.8e-05,             1e-07,      -2.152002454,       1.474960741,       1.690605249,       3.318991159,       1.110572156,       4.820446191
        283,           0,          20,           2.8e-05,             1e-07,      -2.167013137,       1.474812887,       1.689583543,       3.308968183,       1.108464316,       4.822491725
        283,           0,          29,           2.8e-05,             1e-07,      -2.154761192,       1.479449169,       1.693289985,       3.291516041,       1.108416716,        4.81016196
        284,           0,           0,          2.81e-05,             1e-07,      -2.026646699,       1.479022112,       1.692107542,       3.426949633,       1.885732176,       4.819556627
        284,           0,          10,          2.81e-05,             1e-07,      -2.148249865,       1.475720438,       1.689634936,       3.334296321,       1.136666783,       4.776480625
        284,           0,          20,          2.81e-05,             1e-07,      -2.142278422,       1.477991281,        1.69124525,       3.338208929,       1.166025384,       4.809809601
        284,           0,          29,          2.81e-05,             1e-07,      -2.114228115,       1.481042337,       1.694209533,        3.30417582,       1.167156108,       4.802989456
        285,           0,           0,          2.82e-05,             1e-07,      -2.031031989,       1.477410635,       1.689795089,       3.419132308,       1.885525528,       4.797537879
        285,           0,          10,          2.82e-05,             1e-07,      -2.091315213,       1.478963277,       1.688472059,       3.393561482,       1.164123448,       4.754760446
        285,           0,          20,          2.82e-05,             1e-07,      -2.152414682,       1.478773464,       1.691947584,       3.343607515,       1.185885373,       4.828773955
        285,           0,          29,          2.82e-05,             1e-07,      -2.155903969,       1.487137092,       1.699558532,       3.276831898,       1.140063254,       4.754103057
        286,           0,           0,          2.83e-05,             1e-07,      -2.013358605,       1.487287977,       1.696267586,         3.4360336,       1.887980164,       4.855289167
        286,           0,          10,          2.83e-05,             1e-07,      -2.075387729,        1.48153637,       1.689932341,       3.399469867,       1.157379419,       4.768467745
        286,           0,          20,          2.83e-05,             1e-07,      -2.090009533,       1.479263945,       1.686405981,       3.375774949,       1.146211218,       4.758867409
        286,           0,          29,          2.83e-05,             1e-07,      -2.150968281,       1.484554246,       1.694940044,       3.279068863,       1.124924276,       4.745354152
        287,           0,           0,          2.84e-05,             1e-07,       -2.01522966,       1.485287093,       1.692775989,       3.433385538,       1.885153124,       4.799551952
        287,           0,          10,          2.84e-05,             1e-07,       -2.10933869,       1.478616441,       1.687360557,       3.373140923,       1.153908482,       4.760477261
        287,           0,          20,          2.84e-05,             1e-07,      -2.130090463,       1.470547627,       1.682002878,       3.355561727,       1.202294671,       4.792631061
        287,           0,          29,          2.84e-05,             1e-07,      -2.118628179,       1.479967258,         1.6886131,       3.309942076,       1.146099312,       4.781013287
        288,           0,           0,          2.85e-05,             1e-07,      -2.031466658,       1.478723367,       1.687262828,       3.410433302,       1.888860942,       4.820381419
        288,           0,          10,          2.85e-05,             1e-07,      -2.141551786,       1.472254597,       1.686266223,       3.302140111,       1.313343126,       4.869553825
        288,           0,          20,          2.85e-05,             1e-07,      -2.138834591,       1.468004976,       1.683114839,       3.327094788,       1.169630561,       4.787890788
        288,           0,          29,          2.85e-05,             1e-07,       -2.14833951,        1.47440802,       1.685418323,       3.360819003,       1.190583463,       4.771805999
        289,           0,           0,          2.86e-05,             1e-07,      -2.054142006,       1.472720215,       1.685265061,        3.39059306,       1.885217706,       4.744027147
        289,           0,          10,          2.86e-05,             1e-07,      -2.173629585,       1.471793976,       1.683794473,       3.316848503,       1.218580906,       4.698727402
        289,           0,          20,          2.86e-05,             1e-07,      -2.133378272,        1.46768128,       1.680312538,        3.34276231,       1.197251749,       4.711311412
        289,           0,          29,          2.86e-05,             1e-07,       -2.18327493,       1.475178127,       1.682239836,       3.269603734,       1.188513672,       4.692970406
        290,           0,           0,          2.87e-05,             1e-07,      -2.026247919,        1.46859235,          1.681278,       3.423176114,       1.884784671,       4.651600261
        290,           0,          10,          2.87e-05,             1e-07,      -2.167826561,       1.465273794,       1.676764264,       3.313304122,        1.21292492,       4.671096424
        290,           0,          20,          2.87e-05,             1e-07,      -2.121630538,       1.468000864,       1.680628757,       3.329519586,       1.201821586,       4.666335112
        290,           0,          29,          2.87e-05,             1e-07,      -2.121564875,       1.472954759,       1.681636363,       3.385662847,       1.209558656,        4.66519748
        291,           0,           0,          2.88e-05,             1e-07,      -1.987021623,        1.46740451,       1.677434215,       3.463373231,       1.885586882,       4.640911871
        291,           0,          10,          2.88e-05,             1e-07,       -2.14100475,       1.464618706,       1.679323778,       3.339743307,       1.194875563,       4.668183013
        291,           0,          20,          2.88e-05,             1e-07,      -2.155144647,       1.461982533,       1.676185781,       3.325989935,       1.217485801,       4.697950209
        291,           0,          29,          2.88e-05,             1e-07,      -2.143984706,       1.471745189,       1.681006926,       3.303215566,       1.190463662,       4.657626638
        292,           0,           0,          2.89e-05,             1e-07,      -1.992021435,       1.469072737,       1.680565085,       3.447307013,       1.886454729,       4.657149496
        292,           0,          10,          2.89e-05,             1e-07,      -2.152913026,       1.462212993,       1.675305201,       3.323495138,       1.208217743,       4.678061178
        292,           0,          20,          2.89e-05,             1e-07,      -2.092989872,       1.457026351,       1.673157542,       3.389098429,       1.241310603,        4.70142811
        292,           0,          29,          2.89e-05,             1e-07,      -2.124749519,       1.462255054,       1.669026045,       3.327020931,       1.217354706,       4.684612607
        293,           0,           0,           2.9e-05,             1e-07,      -2.008900643,       1.459158257,       1.670950055,       3.433885133,       1.887228849,       4.720402418
        293,           0,          10,           2.9e-05,             1e-07,      -2.120556925,       1.460742347,       1.674084421,       3.385415956,        1.31652697,       4.788199868
        293,           0,          20,           2.9e-05,             1e-07,      -2.109507723,       1.455249388,       1.668976709,       3.368445202,       1.267598714,       4.759047266
        293,           0,          29,           2.9e-05,             1e-07,      -2.176527757,       1.467569881,       1.672889827,       3.281029245,       1.266370509,       4.745750124
        294,           0,           0,          2.91e-05,             1e-07,      -2.000757668,       1.458664908,       1.669962275,       3.449000734,        1.89036712,       4.739503394
        294,           0,          10,          2.91e-05,             1e-07,      -1.999845838,       1.466122294,       1.673454772,       3.465842652,       1.292273563,       4.848023017
        294,           0,          20,          2.91e-05,             1e-07,      -2.052416163,       1.466842252,        1.67883739,       3.426229609,       1.342991879,       4.856554558
        294,           0,          29,          2.91e-05,             1e-07,      -2.106821293,       1.470350106,       1.676414523,       3.346839782,       1.327838916,       4.852853936
        295,           0,           0,          2.92e-05,             1e-07,      -1.985083439,        1.46217543,       1.673155442,       3.470726815,       1.887838697,       4.769997034
        295,           0,          10,          2.92e-05,             1e-07,      -2.100512563,       1.459885635,       1.674810294,       3.361074857,       1.233259877,        4.87750605
        295,           0,          20,          2.92e-05,             1e-07,       -2.12628712,       1.464350833,       1.673462933,       3.345254769,       1.241742473,       4.864864251
        295,           0,          29,          2.92e-05,             1e-07,      -2.143126985,        1.46918103,        1.67990124,       3.387280552,       1.255890088,       4.876897777
        296,           0,           0,          2.93e-05,             1e-07,      -1.974966881,       1.466884119,       1.676684314,       3.477427477,       1.891214182,       4.843599089
        296,           0,          10,          2.93e-05,             1e-07,      -2.133537348,       1.454815835,       1.667367677,       3.361113752,       1.214759908,       4.811425959
        296,           0,          20,          2.93e-05,             1e-07,      -2.107389905,       1.455525703,       1.669048105,       3.366468399,        1.26936562,       4.839785643
        296,           0,          29,          2.93e-05,             1e-07,      -2.110759999,       1.459792102,        1.67100748,       3.410742591,       1.285246209,        4.85972978
        297,           0,           0,          2.94e-05,             1e-07,      -1.979732916,       1.458619502,       1.669605376,       3.455352211,       1.887342592,       4.846917537
        297,           0,          10,          2.94e-05,             1e-07,      -2.175982532,       1.453636889,       1.669461915,       3.331543005,       1.323420598,       4.828467809
        297,           0,          20,          2.94e-05,             1e-07,      -2.175462563,       1.463262267,         1.6763043,       3.328964136,       1.339374122,       4.846918179
        297,           0,          29,          2.94e-05,             1e-07,      -2.067057601,         1.4609124,       1.670286355,       3.426826939,       1.269069886,       4.813116588
        298,           0,           0,          2.95e-05,             1e-07,      -2.007977856,       1.456442024,       1.668852933,       3.437286635,       1.888281392,       4.842683893
        298,           0,          10,          2.95e-05,             1e-07,      -2.164453702,       1.460997201,       1.676152746,       3.338010201,       1.342049513,        4.81474786
        298,           0,          20,          2.95e-05,             1e-07,      -2.092771789,        1.46199141,       1.676343055,       3.423409134,       1.346775552,       4.858178508
        298,           0,          29,          2.95e-05,             1e-07,       -2.10734132,       1.464124707,       1.674397446,       3.385858134,        1.25234812,       4.804504448
        299,           0,           0,          2.96e-05,             1e-07,      -2.010407749,       1.460663675,       1.674763527,       3.448831276,       1.886506152,       4.840831851
        299,           0,          10,          2.96e-05,             1e-07,      -2.122998881,       1.458245484,       1.678984338,       3.384464425,       1.227362154,       4.810403907
        299,           0,          20,          2.96e-05,             1e-07,      -2.167520849,       1.465980838,       1.685901743,       3.344625321,       1.220093095,       4.799212285
        299,           0,          29,          2.96e-05,             1e-07,      -2.113658091,       1.477745811,       1.686669589,       3.352960308,       1.212908027,       4.799343438
        300,           0,           0,          2.97e-05,             1e-07,      -2.021411198,       1.469201305,       1.685954881,       3.440184514,       1.884472926,       4.841232153
        300,           0,          10,          2.97e-05,             1e-07,      -2.160528122,       1.461838734,       1.682689445,       3.363461546,       1.237764381,       4.861237723
        300,           0,          20,          2.97e-05,             1e-07,      -2.145187339,       1.463925117,       1.681769634,       3.357814554,       1.278041961,       4.881339788
        300,           0,          29,          2.97e-05,             1e-07,      -2.078505712,       1.468883423,        1.67839196,       3.381985248,       1.262737655,       4.875618616
        301,           0,           0,          2.98e-05,             1e-07,      -2.029441498,       1.461792548,       1.682164181,       3.440755098,       1.889062529,       4.893813202
        301,           0,          10,          2.98e-05,             1e-07,      -2.151068764,       1.473686427,       1.688855283,       3.371964688,       1.321154816,        4.92665675
        301,           0,          20,          2.98e-05,             1e-07,      -2.141388294,       1.468707261,       1.684477204,       3.362469929,       1.257322474,       4.913421106
        301,           0,          29,          2.98e-05,             1e-07,      -2.122194281,       1.471333034,        1.68287266,       3.365521329,        1.29102058,       4.917568415
        302,           0,           0,          2.99e-05,             1e-07,      -2.026287453,       1.466063085,       1.681446854,       3.437289587,       1.884153113,       4.897839839
        302,           0,          10,          2.99e-05,             1e-07,      -2.173794573,       1.467135139,       1.685259016,       3.359241775,       1.340272698,       4.936027305
        302,           0,          20,          2.99e-05,             1e-07,      -2.108786741,       1.466874685,       1.682745711,       3.403086337,       1.376739496,       4.948614767
        302,           0,          29,          2.99e-05,             1e-07,      -2.104476488,       1.469616177,       1.686838955,       3.334325539,       1.294981551,        4.93153478
        303,           0,           0,             3e-05,             1e-07,      -2.009505315,       1.467746778,       1.682442143,        3.46639231,       1.885029952,       4.915265449
        303,           0,          10,             3e-05,             1e-07,      -2.158583977,       1.467732657,       1.682015781,       3.351741669,       1.293436601,       4.916617355
        303,           0,          20,             3e-05,             1e-07,      -2.135457399,        1.47229102,       1.685107761,       3.365332953,       1.248426012,       4.903214752
        303,           0,          29,             3e-05,             1e-07,      -2.098054523,       1.473918557,       1.686995083,       3.401803417,       1.270234915,       4.910189312
        304,           0,           0,          3.01e-05,             1e-07,      -1.999226808,       1.473849586,       1.685172705,       3.462191194,       1.886480623,       4.918652518
        304,           0,          10,          3.01e-05,             1e-07,      -2.137367989,       1.473595671,       1.688417743,        3.36438226,       1.242509172,       4.883255453
        304,           0,          20,          3.01e-05,             1e-07,      -2.139050219,       1.474475886,        1.68961433,       3.365332664,       1.293926253,       4.898993799
        304,           0,          29,          3.01e-05,             1e-07,      -2.122687983,       1.479338432,       1.692030391,       3.360747831,       1.255879934,        4.88427009
        305,           0,           0,          3.02e-05,             1e-07,      -1.968945931,       1.476517149,       1.688723755,       3.492370995,       1.888690435,       4.918390865
        305,           0,          10,          3.02e-05,             1e-07,      -2.140241168,       1.477593521,       1.694036834,       3.369872633,       1.278106499,       4.859565658
        305,           0,          20,          3.02e-05,             1e-07,       -2.13457974,       1.477091756,       1.691833787,       3.366517272,       1.273930101,       4.862037717
        305,           0,          29,          3.02e-05,             1e-07,      -2.075757442,        1.48529616,        1.69651046,       3.391420204,       1.250689769,       4.862249873
        306,           0,           0,          3.03e-05,             1e-07,      -1.974858052,       1.478603511,       1.692185444,       3.483208922,       1.891393241,       4.920370726
        306,           0,          10,          3.03e-05,             1e-07,      -2.143160719,       1.474895423,       1.689012844,       3.344508408,       1.286188215,       4.877777193
        306,           0,          20,          3.03e-05,             1e-07,      -2.115633903,       1.480674031,       1.694303633,       3.358955806,       1.248191379,       4.859071458
        306,           0,          29,          3.03e-05,             1e-07,      -2.057530028,       1.487618678,       1.701359044,       3.389465581,       1.279679439,       4.872191852
        307,           0,           0,          3.04e-05,             1e-07,      -1.972255059,       1.485883701,       1.697150244,       3.479624199,        1.89049357,       4.907518784
        307,           0,          10,          3.04e-05,             1e-07,      -2.119058991,       1.488933795,       1.704066616,       3.372557022,       1.299716089,       4.877177663
        307,           0,          20,          3.04e-05,             1e-07,      -2.097721151,       1.479043795,       1.692752815,       3.383777856,       1.258529464,       4.858158218
        307,           0,          29,          3.04e-05,             1e-07,      -2.135917739,       1.480097674,       1.692876132,       3.314299908,       1.237980533,       4.847656237
        308,           0,           0,          3.05e-05,             1e-07,      -1.984737392,        1.48255624,       1.690998495,       3.464358096,       1.888590605,       4.887934143
        308,           0,          10,          3.05e-05,             1e-07,      -2.111809505,        1.48154948,       1.695955429,       3.373379714,       1.270830168,       4.796362475
        308,           0,          20,          3.05e-05,             1e-07,      -2.093555945,        1.47289633,       1.685837976,       3.375280256,       1.312902429,       4.829821099
        308,           0,          29,          3.05e-05,             1e-07,       -2.14778042,       1.476234729,       1.691479835,        3.30791906,       1.290068544,       4.784638169
        309,           0,           0,          3.06e-05,             1e-07,      -2.006100585,       1.478329886,       1.688971958,       3.443624267,       1.889767252,       4.847537088
        309,           0,          10,          3.06e-05,             1e-07,      -2.104557207,       1.474297786,       1.689679405,       3.373755161,       1.333508105,       4.729142628
        309,           0,          20,          3.06e-05,             1e-07,      -2.115843896,       1.476307126,       1.689830046,       3.368274677,       1.297831733,        4.69458864
        309,           0,          29,          3.06e-05,             1e-07,      -2.126937521,       1.482109319,        1.69164364,       3.329019168,       1.299400992,       4.726771516
        310,           0,           0,          3.07e-05,             1e-07,      -1.957316504,       1.478739461,       1.688922922,        3.48750554,       1.889576502,       4.786968739
        310,           0,          10,          3.07e-05,             1e-07,      -2.126152561,       1.465903757,       1.679667255,       3.348635571,       1.254581384,       4.692759983
        310,           0,          20,          3.07e-05,             1e-07,      -2.154902828,       1.465778973,       1.679715628,       3.328311872,       1.285153856,       4.717613146
        310,           0,          29,          3.07e-05,             1e-07,      -2.147579476,       1.468244065,       1.679447611,       3.327177835,       1.245788385,       4.694135462
        311,           0,           0,          3.08e-05,             1e-07,      -1.998641621,       1.470554756,        1.68114958,        3.45609859,       1.886975287,          4.749976
        311,           0,          10,          3.08e-05,             1e-07,       -2.18525687,       1.469859732,       1.683449721,       3.296199376,       1.201635424,       4.704691887
        311,           0,          20,          3.08e-05,             1e-07,      -2.137048051,       1.470293031,       1.686738499,        3.34348516,       1.261003198,       4.750744919
        311,           0,          29,          3.08e-05,             1e-07,      -2.102483137,       1.478984974,       1.688290919,       3.334015735,       1.218633206,       4.706441759
        312,           0,           0,          3.09e-05,             1e-07,      -2.039362493,       1.476709147,       1.686815191,       3.416156201,       1.883605825,       4.709746516
        312,           0,          10,          3.09e-05,             1e-07,      -2.158101342,        1.47166278,       1.686543831,       3.321701397,       1.161991927,       4.675659939
        312,           0,          20,          3.09e-05,             1e-07,      -2.170565428,       1.468599662,        1.68544284,       3.316708129,       1.183721432,       4.688432881
        312,           0,          29,          3.09e-05,             1e-07,       -2.08452737,       1.476387622,       1.685001638,       3.365337794,       1.204422517,       4.711966444
        313,           0,           0,           3.1e-05,             1e-07,      -2.007341446,       1.473840473,       1.686787991,       3.445770654,       1.883867102,       4.729289278
        313,           0,          10,           3.1e-05,             1e-07,      -2.124692107,       1.477089559,       1.693557528,       3.358091107,       1.176218216,       4.718363093
        313,           0,          20,           3.1e-05,             1e-07,      -2.133163644,       1.472270007,        1.68928813,       3.356383322,       1.248454713,        4.75953743
        313,           0,          29,           3.1e-05,             1e-07,       -2.08309778,       1.483741879,       1.690383811,       3.355038235,       1.200914914,       4.734060633
        314,           0,           0,          3.11e-05,             1e-07,      -1.978671142,       1.478389527,       1.689282906,       3.474708845,       1.887139342,       4.785471193
        314,           0,          10,          3.11e-05,             1e-07,      -2.088581274,       1.476009226,        1.69218411,       3.403175256,        1.23947049,       4.764826392
        314,           0,          20,          3.11e-05,             1e-07,      -2.113258994,       1.477815969,       1.691077736,       3.367021664,       1.186530051,       4.746654112
        314,           0,          29,          3.11e-05,             1e-07,      -2.091301001,       1.480495656,       1.689055312,       3.364585855,       1.215843776,       4.754346179
        315,           0,           0,          3.12e-05,             1e-07,      -1.985330948,       1.477010949,        1.68821646,       3.469919992,       1.885540434,       4.755347764
        315,           0,          10,          3.12e-05,             1e-07,      -2.091656381,       1.477915164,       1.692559321,       3.388447313,       1.258927734,       4.732040014
        315,           0,          20,          3.12e-05,             1e-07,      -2.077058083,       1.469888622,       1.684698007,       3.402026286,       1.300645948,       4.779587176
        315,           0,          29,          3.12e-05,             1e-07,      -2.090273332,       1.487447763,       1.692122765,       3.357331271,       1.324944685,       4.798444995
        316,           0,           0,          3.13e-05,             1e-07,      -1.944404564,       1.477930948,       1.689820124,       3.515072728,       1.890775582,       4.794765996
        316,           0,          10,          3.13e-05,             1e-07,      -2.114229185,       1.482984343,        1.69430184,       3.398514971,       1.261665821,       4.703734609
        316,           0,          20,          3.13e-05,             1e-07,      -1.994216512,       1.488598987,       1.702638271,       3.473458841,       1.364171572,       4.799589321
        316,           0,          29,          3.13e-05,             1e-07,      -2.061043597,       1.485744047,       1.697244789,       3.342384327,       1.316360497,       4.747007075
        317,           0,           0,          3.14e-05,             1e-07,      -1.961689093,       1.479544593,       1.689767737,       3.498446876,       1.888454667,       4.780288333
        317,           0,          10,          3.14e-05,             1e-07,      -2.107089183,       1.493386328,       1.707904331,       3.402754504,        1.30591411,       4.793538264
        317,           0,          20,          3.14e-05,             1e-07,      -2.090184778,        1.49877647,       1.712025025,       3.408151787,       1.276498874,       4.758253639
        317,           0,          29,          3.14e-05,             1e-07,      -2.131117712,       1.501408248,       1.710031617,       3.358311245,       1.267780703,       4.730278813
        318,           0,           0,          3.15e-05,             1e-07,      -1.983171106,        1.49189519,       1.705097827,         3.4795644,       1.886211393,       4.748944135
        318,           0,          10,          3.15e-05,             1e-07,      -2.077091959,        1.49814747,       1.714278587,       3.416232667,       1.326327097,       4.727259845
        318,           0,          20,          3.15e-05,             1e-07,      -2.077441812,       1.487305389,       1.703152382,       3.436944498,       1.306111965,       4.694713899
        318,           0,          29,          3.15e-05,             1e-07,      -2.122889182,       1.501608553,       1.710775058,       3.320821945,       1.332071462,       4.729622735
        319,           0,           0,          3.16e-05,             1e-07,      -1.992076941,       1.498504159,       1.711007103,       3.462218478,       1.888368282,       4.722050347
        319,           0,          10,          3.16e-05,             1e-07,       -2.11457132,       1.489295229,       1.705674714,       3.388107777,       1.382646975,       4.758501058
        319,           0,          20,          3.16e-05,             1e-07,      -2.097392439,       1.486931328,       1.703211867,       3.377977716,       1.388272649,       4.772485634
        319,           0,          29,          3.16e-05,             1e-07,      -2.076538568,        1.49639416,       1.704401698,       3.405655355,       1.381335198,       4.760118047
        320,           0,           0,          3.17e-05,             1e-07,      -1.953849445,        1.49123107,       1.705170443,       3.509024025,       1.891064388,       4.797744579
        320,           0,          10,          3.17e-05,             1e-07,      -2.078368291,       1.489641348,       1.706401177,       3.405917746,       1.281428656,       4.634761175
        320,           0,          20,          3.17e-05,             1e-07,      -2.056626487,       1.491393977,       1.708778342,        3.45340623,       1.354297267,       4.734534102
        320,           0,          29,          3.17e-05,             1e-07,      -2.072463633,       1.496883913,       1.708391903,       3.367619058,       1.390766254,       4.748945233
        321,           0,           0,          3.18e-05,             1e-07,      -1.930275105,       1.490996067,       1.704083803,       3.528959994,       1.891094465,        4.76436632
        321,           0,          10,          3.18e-05,             1e-07,      -2.075404191,       1.471780158,       1.689353625,        3.42885402,       1.329399458,       4.712210568
        321,           0,          20,          3.18e-05,             1e-07,      -2.118209669,       1.472397134,       1.688900857,       3.384719957,       1.374276339,       4.747952489
        321,           0,          29,          3.18e-05,             1e-07,      -2.124973782,        1.48309226,       1.691511421,        3.32377919,       1.326363743,       4.691886412
        322,           0,           0,          3.19e-05,             1e-07,      -1.970786683,       1.481414503,       1.695066719,       3.481379305,       1.893871821,       4.749113249
        322,           0,          10,          3.19e-05,             1e-07,      -2.134879503,       1.475471716,       1.690413635,       3.366527144,       1.329041171,       4.722389263
        322,           0,          20,          3.19e-05,             1e-07,      -2.084635827,       1.472927962,       1.687522222,        3.40804287,       1.349160072,       4.758391598
        322,           0,          29,          3.19e-05,             1e-07,      -2.119224896,       1.482256533,       1.694474599,       3.351012772,       1.340444897,       4.749097919
        323,           0,           0,           3.2e-05,             1e-07,      -1.965516516,       1.481262997,       1.693550064,        3.49462061,       1.888053683,       4.736474211
        323,           0,          10,           3.2e-05,             1e-07,       -2.11371835,       1.477545771,       1.692166125,       3.376636682,       1.378545308,       4.814429002
        323,           0,          20,           3.2e-05,             1e-07,      -2.079432273,       1.482752702,       1.697818596,       3.416345564,       1.405355114,       4.820471523
        323,           0,          29,           3.2e-05,             1e-07,      -2.074177269,        1.48888877,       1.703015081,       3.401935822,       1.424493023,       4.834041482
        324,           0,           0,          3.21e-05,             1e-07,      -1.967585175,       1.486576926,       1.697426618,       3.489075734,       1.893051161,       4.786583448
        324,           0,          10,          3.21e-05,             1e-07,      -2.051886595,        1.48031058,       1.697101052,       3.433240737,        1.44169505,       4.828564742
        324,           0,          20,          3.21e-05,             1e-07,       -2.05764483,       1.485786748,       1.701431955,       3.447658576,       1.562891147,       4.911144337
        324,           0,          29,          3.21e-05,             1e-07,      -2.095438844,       1.491791441,       1.706080964,       3.405653417,       1.480960867,        4.85045909
        325,           0,           0,          3.22e-05,             1e-07,      -1.946847752,       1.487548504,       1.702246058,       3.521580984,       1.900382687,       4.822874097
        325,           0,          10,          3.22e-05,             1e-07,      -2.100049325,       1.480706783,       1.698651656,       3.435155796,       1.354322974,       4.743608314
        325,           0,          20,          3.22e-05,             1e-07,      -2.091056827,       1.479879907,       1.699055595,       3.425758571,       1.390340547,       4.768737204
        325,           0,          29,          3.22e-05,             1e-07,      -2.060417581,       1.480068528,       1.694033652,       3.401329961,       1.363100617,       4.752037429
        326,           0,           0,          3.23e-05,             1e-07,       -1.95062533,       1.479574806,       1.695076049,       3.519268846,       1.892878394,       4.782777051
        326,           0,          10,          3.23e-05,             1e-07,      -2.077537384,       1.479532967,       1.702477726,       3.433010911,       1.296624741,       4.743622159
        326,           0,          20,          3.23e-05,             1e-07,      -2.073451057,       1.470299582,       1.696278428,       3.440521768,       1.323927956,       4.756349147
        326,           0,          29,          3.23e-05,             1e-07,      -2.055974331,       1.475386596,       1.691065138,       3.439292568,       1.393625894,       4.782698721
        327,           0,           0,          3.24e-05,             1e-07,      -1.973711937,       1.473678645,       1.693385165,       3.500584316,         1.8904374,        4.79508616
        327,           0,          10,          3.24e-05,             1e-07,      -2.063159204,       1.463258985,        1.68776478,       3.450844839,       1.316164551,       4.782481068
        327,           0,          20,          3.24e-05,             1e-07,      -2.048913181,       1.471396551,       1.691804803,       3.455461336,       1.400508097,       4.804655207
        327,           0,          29,          3.24e-05,             1e-07,      -2.084713546,       1.481482499,        1.70016988,       3.398270305,       1.338603969,       4.783812724
        328,           0,           0,          3.25e-05,             1e-07,      -1.932469771,       1.474273404,       1.695761365,       3.546379665,       1.896604885,       4.823885614
        328,           0,          10,          3.25e-05,             1e-07,      -2.065989579,       1.479247343,       1.700232356,       3.454911874,       1.271475876,       4.725854222
        328,           0,          20,          3.25e-05,             1e-07,      -2.059482685,       1.470519306,       1.692993627,       3.461414949,       1.352239526,       4.788369222
        328,           0,          29,          3.25e-05,             1e-07,      -2.063076237,       1.492312583,       1.699702928,       3.411886103,       1.400558407,       4.811585265
        329,           0,           0,          3.26e-05,             1e-07,       -1.90346816,       1.478659817,       1.698259652,       3.574337407,       1.889104412,       4.892269358
        329,           0,          10,          3.26e-05,             1e-07,      -2.042248836,       1.479216636,       1.699545027,       3.470318627,       1.398235029,       4.759775032
        329,           0,          20,          3.26e-05,             1e-07,       -2.05197094,       1.478413101,       1.698342256,       3.439124615,       1.340116986,       4.741795129
        329,           0,          29,          3.26e-05,             1e-07,      -2.142116281,       1.488834106,       1.704113654,       3.386225697,       1.396821921,       4.745949998
        330,           0,           0,          3.27e-05,             1e-07,      -1.932160075,       1.483068279,       1.703946958,        3.54733161,       1.893330473,       4.749103538
        330,           0,          10,          3.27e-05,             1e-07,      -2.092062157,       1.473979897,       1.694926265,       3.452853168,       1.323067959,       4.645361521
        330,           0,          20,          3.27e-05,             1e-07,       -2.09340946,       1.473523499,       1.693502347,       3.415070469,       1.343507498,        4.68841324
        330,           0,          29,          3.27e-05,             1e-07,      -2.143608698,       1.483596422,       1.699610617,       3.381154995,       1.346552571,       4.685537751
        331,           0,           0,          3.28e-05,             1e-07,      -1.955430094,       1.482291821,       1.699910834,       3.517964832,       1.896849992,       4.777873603
        331,           0,          10,          3.28e-05,             1e-07,      -2.122717043,       1.474287616,       1.695088398,       3.401624492,        1.31124622,       4.724396598
        331,           0,          20,          3.28e-05,             1e-07,      -2.108289851,       1.470571106,        1.69516573,       3.423869747,       1.276518604,       4.716499622
        331,           0,          29,          3.28e-05,             1e-07,      -2.117246178,       1.484950986,       1.697867084,       3.388882568,       1.322327831,       4.726037828
        332,           0,           0,          3.29e-05,             1e-07,      -1.957784464,       1.478169829,       1.698924917,       3.510710795,       1.892153398,        4.79208767
        332,           0,          10,          3.29e-05,             1e-07,      -2.127634054,       1.473501208,       1.690117415,       3.394315716,       1.223559729,       4.782956267
        332,           0,          20,          3.29e-05,             1e-07,      -2.077783154,       1.473549341,         1.6944621,       3.437630766,       1.287140287,       4.805028784
        332,           0,          29,          3.29e-05,             1e-07,      -2.118951814,       1.481710323,       1.691609179,       3.420542048,       1.351652947,       4.799262293
        333,           0,           0,           3.3e-05,             1e-07,      -1.963276652,       1.475137735,       1.695166492,       3.511191961,       1.888135995,       4.830800853
        333,           0,          10,           3.3e-05,             1e-07,      -2.047915893,       1.475358321,       1.690097628,       3.472274074,       1.247593222,       4.844869985
        333,           0,          20,           3.3e-05,             1e-07,      -2.074786419,       1.466208897,       1.682630418,       3.443328687,       1.261556329,       4.854460921
        333,           0,          29,           3.3e-05,             1e-07,      -2.151802289,       1.478752864,       1.690036917,       3.351178629,       1.256433651,       4.853628757
        334,           0,           0,          3.31e-05,             1e-07,      -1.959638671,       1.473640392,       1.689728187,       3.516630279,       1.885366828,       4.848999259
        334,           0,          10,          3.31e-05,             1e-07,      -2.053855562,       1.479334076,       1.691912571,       3.474360712,       1.267831758,       4.873704483
        334,           0,          20,          3.31e-05,             1e-07,      -2.087794052,       1.470056384,       1.682886526,       3.425384987,       1.274189125,       4.877187427
        334,           0,          29,          3.31e-05,             1e-07,      -2.117330267,        1.47905414,       1.690191467,       3.392800886,        1.26345278,       4.871238622
        335,           0,           0,          3.32e-05,             1e-07,      -1.934592648,       1.477206232,       1.688492789,       3.534358648,       1.885492963,       4.870957045
        335,           0,          10,          3.32e-05,             1e-07,      -2.088684659,       1.479169479,       1.694040697,       3.428844696,       1.234823035,       4.910312144
        335,           0,          20,          3.32e-05,             1e-07,      -2.056686575,       1.473118875,       1.685287742,       3.448987161,       1.312640719,       4.916863421
        335,           0,          29,          3.32e-05,             1e-07,      -2.070144584,       1.477134982,       1.685883208,        3.41650596,       1.269557027,        4.91441334
        336,           0,           0,          3.33e-05,             1e-07,      -1.933836387,        1.47796034,       1.686478724,       3.534309741,       1.884358701,       4.892111099
        336,           0,          10,          3.33e-05,             1e-07,      -2.059025898,       1.479399714,        1.69145261,       3.441049915,       1.241287368,        4.93783042
        336,           0,          20,          3.33e-05,             1e-07,      -2.054970904,       1.478557121,       1.689062343,       3.440098994,       1.259993405,       4.941406262
        336,           0,          29,          3.33e-05,             1e-07,      -2.111889927,       1.481889727,       1.689852261,       3.386891805,       1.242596352,        4.93646329
        337,           0,           0,          3.34e-05,             1e-07,      -1.943564518,       1.483024035,       1.687795267,       3.521621448,       1.883668906,       4.926622155
        337,           0,          10,          3.34e-05,             1e-07,      -2.076375134,       1.485900765,       1.697941793,        3.43998979,       1.199552758,       4.930474853
        337,           0,          20,          3.34e-05,             1e-07,      -2.044904267,       1.481738027,       1.693240699,       3.460798389,       1.232591298,        4.93308919
        337,           0,          29,          3.34e-05,             1e-07,      -2.140030083,       1.486492032,       1.692865296,       3.356197328,       1.219024131,       4.936517434
        338,           0,           0,          3.35e-05,             1e-07,      -1.953325312,       1.485369559,       1.694195411,       3.519014745,       1.885502163,       4.939382793
        338,           0,          10,          3.35e-05,             1e-07,      -2.066136502,         1.4685245,       1.683885587,       3.461772916,       1.187586585,        4.91100547
        338,           0,          20,          3.35e-05,             1e-07,      -2.122672747,       1.476429371,       1.691358258,       3.416388344,       1.201680227,       4.915174828
        338,           0,          29,          3.35e-05,             1e-07,      -2.079266174,       1.488949057,       1.691392727,       3.394476104,       1.222813102,        4.91949647
        339,           0,           0,          3.36e-05,             1e-07,      -1.953601704,       1.480783185,       1.691271863,       3.525349196,       1.882535615,       4.944765492
        339,           0,          10,          3.36e-05,             1e-07,      -2.124451583,       1.480001087,       1.692183325,       3.404160009,       1.199364988,        4.88516452
        339,           0,          20,          3.36e-05,             1e-07,      -2.099545164,       1.482552283,        1.69406585,       3.429867464,       1.198519326,       4.877415287
        339,           0,          29,          3.36e-05,             1e-07,      -2.067433039,       1.486842541,       1.691729465,       3.419810167,       1.177917857,       4.873395421
        340,           0,           0,          3.37e-05,             1e-07,      -1.961027039,       1.482774387,       1.691485797,       3.521936621,       1.880574739,       4.911569264
        340,           0,          10,          3.37e-05,             1e-07,       -2.11156683,       1.481766741,       1.691975829,       3.404904068,       1.179492197,       4.821824126
        340,           0,          20,          3.37e-05,             1e-07,      -2.148651635,        1.47783374,       1.689576063,       3.388291987,       1.163204971,       4.820089202
        340,           0,          29,          3.37e-05,             1e-07,      -2.125574035,       1.485497848,       1.691711288,       3.374054564,       1.203791967,       4.832231306
        341,           0,           0,          3.38e-05,             1e-07,      -1.968370054,       1.481901987,       1.688959764,       3.518074502,       1.881264488,       4.872158387
        341,           0,          10,          3.38e-05,             1e-07,      -2.150265123,       1.474733209,       1.685822404,       3.382826819,       1.149087041,       4.814151087
        341,           0,          20,          3.38e-05,             1e-07,      -2.154981355,       1.478179948,       1.687183734,       3.368125922,         1.1291179,       4.813328148
        341,           0,          29,          3.38e-05,             1e-07,      -2.080452184,       1.483065027,       1.685387284,       3.425970083,       1.152707876,       4.814671436
        342,           0,           0,          3.39e-05,             1e-07,      -1.970749623,       1.478428789,       1.686147576,       3.517535505,       1.880736865,       4.850234573
        342,           0,          10,          3.39e-05,             1e-07,      -2.122592662,       1.475938688,       1.686515813,       3.393426914,       1.134937215,        4.82418736
        342,           0,          20,          3.39e-05,             1e-07,      -2.143926557,        1.47580849,        1.68852023,       3.389186901,       1.164257585,       4.838797939
        342,           0,          29,          3.39e-05,             1e-07,      -2.078776047,       1.485872998,       1.690348042,       3.413378573,       1.143036929,       4.822018633
        343,           0,           0,           3.4e-05,             1e-07,      -1.989628666,       1.482918196,       1.690939729,       3.494020453,       1.881013127,       4.853061832
        343,           0,          10,           3.4e-05,             1e-07,      -2.139593688,       1.488315378,       1.698728746,       3.371599411,       1.165917794,       4.821690728
        343,           0,          20,           3.4e-05,             1e-07,      -2.156720109,       1.484908652,       1.698881345,       3.373193709,       1.152138885,       4.802856694
        343,           0,          29,           3.4e-05,             1e-07,      -2.070654719,       1.498049907,        1.70416716,       3.412767914,       1.165410419,       4.787472567
        344,           0,           0,          3.41e-05,             1e-07,      -1.976954252,        1.49168742,       1.701329572,       3.503021436,       1.880734108,       4.797276723
        344,           0,          10,          3.41e-05,             1e-07,      -2.142763795,       1.490567445,       1.704013237,       3.397207023,       1.116109046,       4.658303721
        344,           0,          20,          3.41e-05,             1e-07,      -2.102607365,       1.498987067,       1.708582604,       3.402512698,        1.17670458,       4.711100687
        344,           0,          29,          3.41e-05,             1e-07,      -2.121642465,       1.498249189,       1.704025964,       3.386314832,       1.150434739,       4.687107565
        345,           0,           0,          3.42e-05,             1e-07,      -1.963609801,       1.493918777,       1.702809625,       3.498123875,       1.879747293,       4.760178088
        345,           0,          10,          3.42e-05,             1e-07,      -2.124411837,       1.503258598,       1.714628037,       3.398837554,       1.118507614,       4.749937924
        345,           0,          20,          3.42e-05,             1e-07,      -2.129583187,       1.501852524,        1.71364901,       3.393604338,       1.133445156,       4.742168969
        345,           0,          29,          3.42e-05,             1e-07,      -2.123515148,       1.513312561,        1.71973519,       3.371862058,       1.151027514,       4.735930507
        346,           0,           0,          3.43e-05,             1e-07,      -1.965752699,       1.504753042,       1.713534869,       3.510093639,       1.879004323,         4.7535112
        346,           0,          10,          3.43e-05,             1e-07,      -2.124574092,       1.508480744,       1.721654864,       3.404770448,        1.10782352,       4.740420028
        346,           0,          20,          3.43e-05,             1e-07,       -2.11381597,       1.510235271,       1.722575818,       3.402831734,       1.143586056,       4.766653642
        346,           0,          29,          3.43e-05,             1e-07,       -2.13284126,       1.516909915,       1.725012551,       3.356993537,       1.176875413,       4.784575046
        347,           0,           0,          3.44e-05,             1e-07,      -1.966443624,       1.512190378,       1.723202465,       3.513386293,       1.879959737,       4.746438626
        347,           0,          10,          3.44e-05,             1e-07,      -2.096274299,       1.518994105,       1.731978527,       3.408113038,       1.167041681,       4.676629784
        347,           0,          20,          3.44e-05,             1e-07,       -2.08535099,       1.520641985,       1.732167702,       3.405088926,       1.172054554,       4.704725586
        347,           0,          29,          3.44e-05,             1e-07,        -2.1367496,       1.520824069,       1.731625519,       3.352387653,       1.127464783,       4.654895822
        348,           0,           0,          3.45e-05,             1e-07,      -1.977429815,       1.518028855,       1.729419718,       3.500625516,       1.878725161,       4.687896821
        348,           0,          10,          3.45e-05,             1e-07,      -2.106700604,        1.52109193,       1.735642481,       3.401028123,        1.11852085,       4.566279794
        348,           0,          20,          3.45e-05,             1e-07,      -2.115727793,       1.517325266,       1.731796588,       3.387346165,       1.077208692,       4.590762307
        348,           0,          29,          3.45e-05,             1e-07,      -2.136451497,        1.52079186,       1.732988282,       3.416568848,       1.108868225,       4.590953338
        349,           0,           0,          3.46e-05,             1e-07,      -1.960383724,       1.518213386,       1.728045149,       3.509793848,       1.877651884,        4.62688706
        349,           0,          10,          3.46e-05,             1e-07,      -2.113942961,       1.520111403,       1.734819127,       3.395329832,       1.083741876,         4.5288191
        349,           0,          20,          3.46e-05,             1e-07,      -2.103631044,       1.519365996,       1.734872341,       3.395187199,       1.156684925,       4.575366084
        349,           0,          29,          3.46e-05,             1e-07,       -2.15118099,       1.530107599,       1.740496108,       3.362158848,       1.104851489,       4.585396986
        350,           0,           0,          3.47e-05,             1e-07,      -1.945970449,       1.524004215,       1.731642475,       3.523576758,       1.878090179,       4.585631051
        350,           0,          10,          3.47e-05,             1e-07,      -2.112222676,       1.514096617,       1.730706121,        3.42019332,       1.117434449,       4.553152293
        350,           0,          20,          3.47e-05,             1e-07,      -2.130856969,       1.513359484,       1.726714435,       3.382658257,         1.1617989,       4.623384774
        350,           0,          29,          3.47e-05,             1e-07,      -2.136372278,       1.526095306,       1.733660964,       3.339784887,       1.146292697,       4.558228819
        351,           0,           0,          3.48e-05,             1e-07,       -1.98436663,       1.518913906,       1.732304043,       3.494880304,       1.878042652,       4.605578965
        351,           0,          10,          3.48e-05,             1e-07,      -2.111725384,       1.515873339,       1.735626906,       3.416188709,       1.260134293,       4.666868026
        351,           0,          20,          3.48e-05,             1e-07,      -2.132249425,       1.514632064,       1.732661037,       3.389144264,       1.270198463,       4.690426941
        351,           0,          29,          3.48e-05,             1e-07,      -2.151262883,       1.520668212,       1.732158218,       3.349483537,       1.130943642,       4.533562309
        352,           0,           0,          3.49e-05,             1e-07,      -1.991510952,       1.514963124,       1.731841843,       3.493009732,       1.880168875,       4.640980937
        352,           0,          10,          3.49e-05,             1e-07,      -2.033723276,       1.505548033,       1.724792644,       3.471431146,       1.314289166,       4.801835712
        352,           0,          20,          3.49e-05,             1e-07,      -2.081231692,       1.511246698,       1.730265978,       3.423624145,       1.266226151,       4.726193158
        352,           0,          29,          3.49e-05,             1e-07,      -2.087392241,       1.512869418,       1.725711936,       3.396503225,       1.178731741,       4.683586414
        353,           0,           0,           3.5e-05,             1e-07,      -1.960509921,        1.50935533,       1.723094706,       3.518726024,       1.878074899,       4.662269641
        353,           0,          10,           3.5e-05,             1e-07,      -2.060972568,        1.51319869,       1.729864896,       3.447739424,       1.214623741,       4.698659717
        353,           0,          20,           3.5e-05,             1e-07,      -2.045597538,       1.510437795,       1.726202308,       3.466787223,       1.189703283,       4.658657554
        353,           0,          29,           3.5e-05,             1e-07,      -2.043533171,       1.519309547,       1.729328802,       3.403771812,       1.321287216,       4.786976867
        354,           0,           0,          3.51e-05,             1e-07,      -1.931442561,       1.509751803,       1.722920231,       3.549686087,       1.879689609,       4.673760615
        354,           0,          10,          3.51e-05,             1e-07,        -2.0709929,       1.509727325,       1.725174181,       3.469320489,       1.164326335,       4.690491761
        354,           0,          20,          3.51e-05,             1e-07,      -2.047013436,       1.508892699,       1.722972993,       3.451895732,       1.239061477,        4.73225974
        354,           0,          29,          3.51e-05,             1e-07,      -2.103909298,       1.524758931,       1.737639027,        3.38992585,       1.201328885,       4.720548991
        355,           0,           0,          3.52e-05,             1e-07,      -1.936735441,       1.519836319,       1.731799518,       3.533532017,        1.88232627,       4.696402446
        355,           0,          10,          3.52e-05,             1e-07,      -2.129387982,        1.51279899,       1.725599691,       3.397526282,       1.209638968,         4.7605053
        355,           0,          20,          3.52e-05,             1e-07,      -1.993316189,        1.51872411,       1.737489552,       3.501732322,        1.29827849,       4.812379573
        355,           0,          29,          3.52e-05,             1e-07,      -2.147649466,        1.52303947,       1.733942684,       3.335195974,       1.252886002,       4.786230959
        356,           0,           0,          3.53e-05,             1e-07,      -1.905977326,       1.518398266,       1.731220531,        3.56400932,        1.88051424,       4.723407869
        356,           0,          10,          3.53e-05,             1e-07,      -2.055010177,       1.513915134,       1.728507853,        3.46081275,       1.258330917,       4.810613282
        356,           0,          20,          3.53e-05,             1e-07,      -2.018409349,       1.513040098,       1.729021384,       3.476371855,       1.267166556,       4.799699133
        356,           0,          29,          3.53e-05,             1e-07,       -2.08860911,       1.520250916,       1.732466136,       3.420797483,       1.238731467,       4.798144737
        357,           0,           0,          3.54e-05,             1e-07,      -1.944786677,       1.515826754,       1.728542927,        3.53538394,       1.883442673,        4.80087243
        357,           0,          10,          3.54e-05,             1e-07,       -2.11265292,       1.525452594,       1.739937375,       3.422584395,       1.266741571,        4.77420175
        357,           0,          20,          3.54e-05,             1e-07,      -2.109197574,       1.520872346,       1.734276156,       3.399072248,       1.282135811,       4.769967501
        357,           0,          29,          3.54e-05,             1e-07,      -2.127860645,       1.523588985,       1.737775605,       3.370303786,       1.255145413,       4.765899671
        358,           0,           0,          3.55e-05,             1e-07,      -1.952764079,       1.523923088,       1.734143246,       3.525182592,       1.882034133,       4.791529288
        358,           0,          10,          3.55e-05,             1e-07,      -2.101460155,       1.514451338,         1.7295982,       3.417200191,       1.283137492,       4.741070913
        358,           0,          20,          3.55e-05,             1e-07,      -2.099563138,        1.51547837,       1.730416589,       3.418973892,       1.312140049,       4.766438306
        358,           0,          29,          3.55e-05,             1e-07,      -2.111342605,       1.516795299,       1.730518584,       3.368341689,       1.302566223,       4.748922701
        359,           0,           0,          3.56e-05,             1e-07,      -1.965223833,       1.517744778,       1.730421453,       3.515192896,       1.883636849,       4.781174006
        359,           0,          10,          3.56e-05,             1e-07,      -2.100026324,       1.520937265,       1.736806544,       3.428317284,       1.343290265,       4.766388576
        359,           0,          20,          3.56e-05,             1e-07,      -2.080270037,       1.513917559,       1.731316928,       3.432910878,       1.382102227,       4.802217003
        359,           0,          29,          3.56e-05,             1e-07,      -2.093862401,        1.52205363,       1.739429993,       3.382199458,       1.352583172,       4.749612387
        360,           0,           0,          3.57e-05,             1e-07,      -1.950348525,       1.516203601,       1.731976565,       3.527508072,       1.885345599,       4.769108029
        360,           0,          10,          3.57e-05,             1e-07,      -2.046673058,       1.523912021,       1.742076911,       3.466444518,       1.392164172,       4.758401895
        360,           0,          20,          3.57e-05,             1e-07,      -2.029958201,       1.515471065,       1.734474696,       3.480670992,       1.394152156,       4.761990508
        360,           0,          29,          3.57e-05,             1e-07,      -2.059076122,       1.525066069,       1.741304775,       3.441622028,       1.389138023,       4.757702061
        361,           0,           0,          3.58e-05,             1e-07,      -1.936508633,        1.52128838,       1.737664992,       3.545469743,       1.890071374,       4.767263729
        361,           0,          10,          3.58e-05,             1e-07,      -2.050329327,       1.520160749,       1.737462638,       3.462834039,       1.431212861,       4.758612619
        361,           0,          20,          3.58e-05,             1e-07,      -2.065233167,       1.521770694,       1.738432104,        3.45836482,       1.467794016,       4.798042557
        361,           0,          29,          3.58e-05,             1e-07,      -2.089590864,       1.526958975,       1.743691169,       3.395449321,       1.458636607,       4.786360312
        362,           0,           0,          3.59e-05,             1e-07,      -1.939992312,       1.523989558,       1.739537177,       3.541689609,       1.895003381,       4.769267345
        362,           0,          10,          3.59e-05,             1e-07,      -2.062047067,       1.520444944,       1.738801922,       3.461598053,       1.381025087,       4.746540594
        362,           0,          20,          3.59e-05,             1e-07,      -2.064064302,       1.521655872,       1.738740815,       3.457387992,       1.384915131,       4.742591326
        362,           0,          29,          3.59e-05,             1e-07,      -2.124239873,       1.528899015,       1.745031596,       3.361415995,       1.372437493,       4.755091206
        363,           0,           0,           3.6e-05,             1e-07,      -1.927515683,       1.526667193,       1.741073911,       3.557703802,       1.894930342,       4.779291371
        363,           0,          10,           3.6e-05,             1e-07,      -2.008704059,       1.527741384,       1.740548344,       3.493556504,       1.413292658,       4.809682356
        363,           0,          20,           3.6e-05,             1e-07,      -2.094313941,       1.526656946,       1.740433794,       3.432458733,        1.35461599,       4.779334316
        363,           0,          29,           3.6e-05,             1e-07,      -2.124911511,       1.520766544,       1.739315802,       3.421947166,       1.383064015,       4.794656769
        364,           0,           0,          3.61e-05,             1e-07,      -1.946918332,       1.522108175,       1.736556722,       3.541909348,       1.888523799,       4.774880044
        364,           0,          10,          3.61e-05,             1e-07,      -2.051617865,       1.520856956,       1.732935453,       3.476971142,       1.397329168,       4.853681106
        364,           0,          20,          3.61e-05,             1e-07,      -2.075286454,       1.521838045,       1.737793723,       3.450850311,       1.317382078,       4.804907878
        364,           0,          29,          3.61e-05,             1e-07,      -2.096668974,       1.526295118,       1.743570232,       3.417500856,       1.358752274,       4.819739652
        365,           0,           0,          3.62e-05,             1e-07,      -1.891040689,       1.523946914,       1.734653573,       3.595616875,       1.885632455,       4.818764085
        365,           0,          10,          3.62e-05,             1e-07,      -2.116825365,         1.5228872,       1.739924215,       3.403282185,        1.36704875,       4.850900431
        365,           0,          20,          3.62e-05,             1e-07,      -2.067667949,       1.527988552,       1.741047595,       3.441203984,       1.257753077,       4.811774291
        365,           0,          29,          3.62e-05,             1e-07,      -2.095749892,       1.531624501,       1.745248265,       3.410628396,       1.403695107,       4.877899219
        366,           0,           0,          3.63e-05,             1e-07,      -1.886986325,       1.532547933,       1.739246521,       3.604460664,       1.887073108,       4.839914346
        366,           0,          10,          3.63e-05,             1e-07,      -2.065132622,        1.52923185,       1.740137211,       3.433975063,       1.290880561,        4.85312624
        366,           0,          20,          3.63e-05,             1e-07,      -2.042169575,       1.531271866,       1.740517833,       3.471487573,       1.288570689,        4.86036977
        366,           0,          29,          3.63e-05,             1e-07,      -2.050924591,       1.535289094,       1.751843445,       3.452339942,       1.339074172,       4.879057351
        367,           0,           0,          3.64e-05,             1e-07,      -1.901316672,       1.537982041,       1.745096344,        3.59115443,       1.888045201,       4.877035755
        367,           0,          10,          3.64e-05,             1e-07,       -2.03798696,       1.532106228,       1.748607583,       3.464342885,        1.31636623,       4.895024808
        367,           0,          20,          3.64e-05,             1e-07,       -2.07885559,       1.536518138,       1.752245309,       3.442339977,       1.333677322,       4.902252509
        367,           0,          29,          3.64e-05,             1e-07,      -2.100164192,       1.536577262,       1.754254419,       3.394311692,       1.329575375,       4.898900287
        368,           0,           0,          3.65e-05,             1e-07,      -1.931934179,       1.539391899,       1.751274359,       3.550709668,       1.900117192,        4.93982328
        368,           0,          10,          3.65e-05,             1e-07,      -2.089526705,       1.538850104,       1.756373015,        3.43057734,        1.28733805,       4.902499648
        368,           0,          20,          3.65e-05,             1e-07,      -2.083883728,       1.540827644,         1.7619437,       3.447224459,       1.315546614,       4.910934678
        368,           0,          29,          3.65e-05,             1e-07,      -2.083901179,       1.547618955,        1.76227956,       3.408069745,       1.297604473,       4.904496644
        369,           0,           0,          3.66e-05,             1e-07,      -1.937599261,       1.544179068,       1.757362396,       3.551147579,       1.890510134,       4.929575138
        369,           0,          10,          3.66e-05,             1e-07,      -2.055027879,       1.537028652,       1.759933262,       3.465167046,       1.272463348,       4.873007649
        369,           0,          20,          3.66e-05,             1e-07,      -2.104354422,        1.53676246,        1.75773206,        3.42962617,       1.249898251,       4.868632073
        369,           0,          29,          3.66e-05,             1e-07,      -2.109329008,       1.544691631,       1.758965398,       3.365518885,       1.254423901,       4.858960812
        370,           0,           0,          3.67e-05,             1e-07,      -1.943114161,       1.541715362,       1.758468439,        3.55138057,        1.88478792,       4.893998152
        370,           0,          10,          3.67e-05,             1e-07,      -2.081142951,       1.536944472,       1.756614886,       3.438418041,       1.278713731,       4.789934437
        370,           0,          20,          3.67e-05,             1e-07,      -2.089766693,       1.535191391,       1.754597805,       3.440262296,       1.300169146,       4.770223259
        370,           0,          29,          3.67e-05,             1e-07,      -2.103162292,       1.541476259,       1.755036957,       3.389892982,       1.286534549,       4.751368625
        371,           0,           0,          3.68e-05,             1e-07,      -1.923981229,       1.540558502,       1.754438149,        3.56604842,       1.886366652,       4.841589653
        371,           0,          10,          3.68e-05,             1e-07,      -2.034839694,       1.542613491,       1.757499084,       3.468284709,       1.300354496,       4.733560433
        371,           0,          20,          3.68e-05,             1e-07,      -2.092267545,       1.544256389,         1.7602644,       3.428788248,        1.33309275,       4.755011989
        371,           0,          29,          3.68e-05,             1e-07,      -2.113257084,        1.54212355,       1.758562129,       3.374753719,       1.310948525,       4.737575724
        372,           0,           0,          3.69e-05,             1e-07,      -1.934751057,       1.544454584,       1.757171793,       3.553939925,       1.887434302,       4.813141569
        372,           0,          10,          3.69e-05,             1e-07,      -2.052668887,       1.546607922,       1.760702057,       3.451728914,       1.345036811,       4.767817527
        372,           0,          20,          3.69e-05,             1e-07,      -2.046482728,       1.543121705,       1.754801804,       3.463735069,       1.376368801,       4.800907393
        372,           0,          29,          3.69e-05,             1e-07,      -2.029238441,       1.543954512,        1.75844576,       3.474881882,       1.360400118,       4.818587086
        373,           0,           0,           3.7e-05,             1e-07,      -1.917875388,       1.546086481,       1.757626184,       3.570903125,       1.888840384,       4.830104645
        373,           0,          10,           3.7e-05,             1e-07,      -2.032511239,       1.547220516,       1.761383654,         3.4926006,       1.380129157,       4.802318453
        373,           0,          20,           3.7e-05,             1e-07,      -2.052649888,       1.544070547,       1.756721212,       3.461462921,       1.345571578,       4.722686143
        373,           0,          29,           3.7e-05,             1e-07,      -2.025765815,       1.539570457,       1.757633386,       3.478593398,       1.327332951,       4.795310913
        374,           0,           0,          3.71e-05,             1e-07,      -1.906081621,       1.547324906,       1.754948182,       3.582230897,       1.885994151,       4.808760889
        374,           0,          10,          3.71e-05,             1e-07,      -2.011705024,       1.544044171,       1.755787338,       3.495041263,       1.443840295,       4.824803425
        374,           0,          20,          3.71e-05,             1e-07,      -2.042400906,       1.545705916,       1.757037463,        3.46113344,       1.360347637,       4.764133359
        374,           0,          29,          3.71e-05,             1e-07,      -2.038955621,       1.541887558,       1.755792359,       3.445143167,       1.347449631,       4.770970724
        375,           0,           0,          3.72e-05,             1e-07,      -1.888987202,       1.547624573,       1.753612595,       3.596088221,       1.888313413,       4.780991019
        375,           0,          10,          3.72e-05,             1e-07,      -1.993219165,       1.538220429,        1.75121825,       3.503447321,       1.473294855,        4.83812605
        375,           0,          20,          3.72e-05,             1e-07,      -2.023571625,       1.539656851,       1.753189705,       3.472975228,       1.473468118,       4.852002541
        375,           0,          29,          3.72e-05,             1e-07,      -1.995679816,       1.545510999,       1.754210816,       3.481919567,       1.387104063,       4.770494791
        376,           0,           0,          3.73e-05,             1e-07,      -1.889579644,       1.547307487,       1.754085263,       3.600254048,        1.88884121,       4.765776067
        376,           0,          10,          3.73e-05,             1e-07,      -2.037729466,       1.536098041,       1.749320197,       3.458268242,       1.437366466,       4.861668326
        376,           0,          20,          3.73e-05,             1e-07,      -2.021501454,       1.538569251,       1.751269872,       3.455546799,       1.358887177,       4.818502543
        376,           0,          29,          3.73e-05,             1e-07,      -2.009295332,       1.539279198,        1.74886114,       3.465116244,       1.309272562,        4.77041502
        377,           0,           0,          3.74e-05,             1e-07,      -1.897828653,       1.543847285,       1.749670378,       3.584985186,       1.888800015,       4.776941904
        377,           0,          10,          3.74e-05,             1e-07,      -2.033950741,        1.54070572,        1.75630894,       3.451995215,       1.340663634,        4.82544772
        377,           0,          20,          3.74e-05,             1e-07,      -2.043712916,       1.543419059,        1.75554178,       3.450496805,       1.364670906,       4.840155278
        377,           0,          29,          3.74e-05,             1e-07,      -1.994388469,       1.542632882,       1.751932541,       3.479253052,       1.319139592,       4.798248153
        378,           0,           0,          3.75e-05,             1e-07,      -1.910329376,       1.543616221,        1.75178737,       3.570193715,        1.88967819,        4.80419865
        378,           0,          10,          3.75e-05,             1e-07,      -2.041591006,       1.545465777,       1.757428726,       3.449896637,       1.361130065,       4.842296052
        378,           0,          20,          3.75e-05,             1e-07,      -2.068893083,       1.546736158,       1.757287032,       3.424537019,       1.349006979,       4.836132786
        378,           0,          29,          3.75e-05,             1e-07,       -1.97010456,       1.544328334,       1.758361546,       3.495913172,       1.341832013,       4.832951817
        379,           0,           0,          3.76e-05,             1e-07,      -1.909195007,       1.548422749,       1.756684512,        3.57550066,       1.891287358,       4.830709701
        379,           0,          10,          3.76e-05,             1e-07,       -2.07276606,       1.540932134,       1.753128283,       3.427731455,       1.345596978,       4.862154213
        379,           0,          20,          3.76e-05,             1e-07,      -2.067654715,       1.536531728,       1.753156472,       3.439310898,       1.316862767,       4.792650111
        379,           0,          29,          3.76e-05,             1e-07,      -2.018039558,       1.545391734,       1.755236476,       3.443240812,       1.314840588,       4.781187205
        380,           0,           0,          3.77e-05,             1e-07,      -1.904042342,       1.543868986,       1.755829567,       3.571756236,       1.885732796,       4.806678932
        380,           0,          10,          3.77e-05,             1e-07,      -2.061378942,       1.535625498,       1.753118415,       3.439362039,       1.335797359,       4.752747049
        380,           0,          20,          3.77e-05,             1e-07,      -2.086649347,       1.536308529,       1.754458173,       3.423665738,       1.324936917,       4.726789208
        380,           0,          29,          3.77e-05,             1e-07,      -2.006850206,       1.542887352,       1.755905663,       3.457836653,       1.321080673,       4.723166285
        381,           0,           0,          3.78e-05,             1e-07,       -1.92044249,       1.541293109,       1.754920576,       3.562684744,       1.887473601,        4.78894284
        381,           0,          10,          3.78e-05,             1e-07,      -2.054799857,       1.533884103,       1.754445394,       3.453452356,       1.341758409,       4.767334794
        381,           0,          20,          3.78e-05,             1e-07,      -2.086115964,       1.535021512,       1.753896558,        3.43004281,       1.307997203,       4.746562108
        381,           0,          29,          3.78e-05,             1e-07,      -2.019717067,       1.545793284,       1.756151005,       3.443508259,       1.317229227,       4.743780902
        382,           0,           0,          3.79e-05,             1e-07,      -1.919861936,       1.539315066,       1.755994313,       3.570677252,       1.886121907,        4.80093629
        382,           0,          10,          3.79e-05,             1e-07,      -2.083872241,       1.536543309,       1.757742156,       3.424570801,        1.34423239,       4.841743951
        382,           0,          20,          3.79e-05,             1e-07,      -2.091475784,       1.539163935,       1.759640387,       3.415250674,       1.348475876,       4.861850576
        382,           0,          29,          3.79e-05,             1e-07,      -2.011763897,       1.545847771,       1.760801574,       3.468249098,       1.409466669,       4.899530254
        383,           0,           0,           3.8e-05,             1e-07,       -1.92331366,        1.54087959,       1.758962823,       3.567517189,       1.888546363,       4.880480723
        383,           0,          10,           3.8e-05,             1e-07,      -2.069282897,       1.540015409,       1.760523933,       3.440636958,       1.378422619,       4.909096833
        383,           0,          20,           3.8e-05,             1e-07,      -2.086559795,       1.544290177,       1.764055862,       3.421776375,       1.402711532,       4.933690547
        383,           0,          29,           3.8e-05,             1e-07,      -2.067110006,       1.548042725,        1.76355412,       3.429089408,       1.343078669,       4.886443854
        384,           0,           0,          3.81e-05,             1e-07,      -1.912312693,       1.542946497,       1.760958632,        3.57258173,       1.888482173,       4.875979738
        384,           0,          10,          3.81e-05,             1e-07,      -2.073353274,       1.550135571,       1.768564889,       3.432928291,       1.389782764,       4.870891002
        384,           0,          20,          3.81e-05,             1e-07,      -2.080601142,       1.546871371,       1.766316254,       3.433114495,       1.405228279,       4.887859446
        384,           0,          29,          3.81e-05,             1e-07,      -2.009242585,       1.549427575,       1.765215188,       3.451616757,       1.390279456,       4.886301943
        385,           0,           0,          3.82e-05,             1e-07,      -1.928394793,       1.546668001,       1.763622512,        3.56200857,       1.892048013,       4.889061966
        385,           0,          10,          3.82e-05,             1e-07,      -2.050291958,       1.543355587,       1.763847211,        3.45623766,       1.411198296,       4.862350913
        385,           0,          20,          3.82e-05,             1e-07,      -2.035667907,        1.54626438,       1.763726619,       3.488668927,       1.425231113,       4.922606945
        385,           0,          29,          3.82e-05,             1e-07,      -2.064280447,       1.547545968,       1.767865911,       3.430707479,       1.392847821,       4.858879706
        386,           0,           0,          3.83e-05,             1e-07,      -1.933485238,       1.546528425,       1.765858529,       3.556968622,       1.890951021,       4.883986534
        386,           0,          10,          3.83e-05,             1e-07,      -2.044748949,        1.54261245,       1.765967998,       3.461881508,       1.311009359,       4.802627266
        386,           0,          20,          3.83e-05,             1e-07,       -2.03175523,       1.547955828,       1.772773706,       3.508661215,       1.404404589,       4.879654394
        386,           0,          29,          3.83e-05,             1e-07,      -2.001182279,       1.555863913,       1.776901859,       3.498963913,       1.369087107,       4.814777469
        387,           0,           0,          3.84e-05,             1e-07,      -1.916884087,       1.552032235,       1.773047837,       3.572511043,        1.88815717,       4.842183729
        387,           0,          10,          3.84e-05,             1e-07,      -2.039108275,       1.555299831,       1.776640717,       3.473593473,       1.346049994,       4.776015391
        387,           0,          20,          3.84e-05,             1e-07,      -2.043037347,       1.553017602,       1.774982162,       3.482986923,        1.37011704,       4.789819378
        387,           0,          29,          3.84e-05,             1e-07,      -2.002983238,       1.557392663,        1.77865881,       3.463886626,       1.367773537,       4.778442416
        388,           0,           0,          3.85e-05,             1e-07,      -1.928225437,       1.554500331,       1.774442982,        3.56214243,       1.886091546,       4.811543516
        388,           0,          10,          3.85e-05,             1e-07,      -2.023062742,       1.553718945,       1.777847399,       3.480851374,       1.312526607,       4.753717342
        388,           0,          20,          3.85e-05,             1e-07,      -2.029816288,       1.556958436,       1.779309776,         3.4860228,       1.355418753,       4.794302975
        388,           0,          29,          3.85e-05,             1e-07,      -2.039213575,       1.555561885,       1.779048716,       3.472274244,       1.293860642,       4.722249145
        389,           0,           0,          3.86e-05,             1e-07,      -1.923981638,       1.554659196,       1.776085907,       3.565274718,       1.884448576,       4.776015511
        389,           0,          10,          3.86e-05,             1e-07,      -2.019771139,       1.551970993,       1.771886526,       3.485558172,       1.305322906,       4.740448004
        389,           0,          20,          3.86e-05,             1e-07,      -2.053666072,       1.554522225,       1.776313187,       3.455520624,       1.337707017,       4.791466155
        389,           0,          29,          3.86e-05,             1e-07,      -2.059076294,       1.547137979,       1.770268153,       3.437392491,       1.316713271,       4.737322994
        390,           0,           0,          3.87e-05,             1e-07,      -1.912698546,       1.548368022,       1.769958249,       3.576593753,       1.882679199,       4.791488912
        390,           0,          10,          3.87e-05,             1e-07,      -2.015852296,       1.545159357,       1.766180669,       3.492850569,       1.377843042,       4.868990741
        390,           0,          20,          3.87e-05,             1e-07,      -2.005956104,       1.544234469,       1.767555398,       3.495717623,       1.354281111,          4.867548
        390,           0,          29,          3.87e-05,             1e-07,      -2.057692746,       1.553077422,        1.77485756,       3.450833743,       1.412668516,       4.862139022
        391,           0,           0,          3.88e-05,             1e-07,      -1.907155645,       1.550569994,       1.769420905,       3.589782517,       1.888812388,       4.859957656
        391,           0,          10,          3.88e-05,             1e-07,      -2.030016075,       1.550418929,       1.771953857,       3.488001869,       1.381954886,       4.877260704
        391,           0,          20,          3.88e-05,             1e-07,      -2.038793258,       1.548088886,       1.766152075,       3.458412162,       1.377477908,       4.865708752
        391,           0,          29,          3.88e-05,             1e-07,      -1.995310347,       1.541146118,       1.762601163,       3.476295121,       1.348076785,       4.844558674
        392,           0,           0,          3.89e-05,             1e-07,      -1.929613876,       1.542231927,       1.763670553,       3.561359213,       1.887079628,       4.838231931
        392,           0,          10,          3.89e-05,             1e-07,      -2.023386797,       1.546646779,       1.766456031,       3.487118103,       1.388951954,       4.848723442
        392,           0,          20,          3.89e-05,             1e-07,      -2.006665811,       1.542506246,       1.761745124,        3.49521766,       1.359104828,       4.820730015
        392,           0,          29,          3.89e-05,             1e-07,      -2.034056239,       1.536136933,       1.759096884,       3.506939162,       1.375467003,       4.820614745
        393,           0,           0,           3.9e-05,             1e-07,      -1.908805573,       1.539657291,       1.758356847,       3.587980017,       1.888182461,       4.845464181
        393,           0,          10,           3.9e-05,             1e-07,      -2.050336214,       1.536538825,       1.759130787,       3.452563081,       1.358221607,       4.778329772
        393,           0,          20,           3.9e-05,             1e-07,      -2.028465463,       1.533461977,       1.753362541,       3.479880717,       1.357300263,        4.78580231
        393,           0,          29,           3.9e-05,             1e-07,      -2.027577403,       1.530345236,       1.755817338,       3.486165125,         1.3790833,       4.795257009
        394,           0,           0,          3.91e-05,             1e-07,      -1.912688081,       1.534268202,        1.75530884,       3.572002447,       1.885148664,       4.795844142
        394,           0,          10,          3.91e-05,             1e-07,      -1.994109678,       1.537459885,       1.756448822,       3.517815178,       1.382256997,       4.795958752
        394,           0,          20,          3.91e-05,             1e-07,      -1.994100192,       1.533091667,       1.752648302,       3.504053598,       1.406791721,       4.814248703
        394,           0,          29,          3.91e-05,             1e-07,      -1.998741068,       1.533217728,       1.758681996,       3.499565518,       1.330008523,       4.748134907
        395,           0,           0,          3.92e-05,             1e-07,      -1.877177432,        1.53707133,       1.754038071,       3.609540408,        1.88518882,       4.795633405
        395,           0,          10,          3.92e-05,             1e-07,      -1.993485668,        1.53763629,       1.757370248,        3.50415472,       1.364994397,       4.824459015
        395,           0,          20,          3.92e-05,             1e-07,      -1.998735019,       1.533619322,       1.756300451,       3.491363853,       1.372580823,        4.80054399
        395,           0,          29,          3.92e-05,             1e-07,      -2.034314077,       1.533279113,       1.754176766,       3.457122406,       1.348833287,       4.798499765
        396,           0,           0,          3.93e-05,             1e-07,      -1.870134109,       1.532978971,       1.751692587,       3.609120862,       1.890268977,        4.87424207
        396,           0,          10,          3.93e-05,             1e-07,      -2.060645663,       1.536655101,        1.76306108,       3.452275544,       1.398608852,       4.856688278
        396,           0,          20,          3.93e-05,             1e-07,      -2.049387657,       1.535770188,       1.761004926,       3.464561424,       1.397154117,       4.865686898
        396,           0,          29,          3.93e-05,             1e-07,      -2.062959613,       1.537136093,       1.762367019,       3.436526242,        1.37412701,       4.843972616
        397,           0,           0,          3.94e-05,             1e-07,      -1.865262821,       1.537040719,       1.758017605,       3.610402527,       1.895056754,        4.88574466
        397,           0,          10,          3.94e-05,             1e-07,      -2.045685419,       1.534235315,        1.75785387,       3.462980721,        1.47169239,        4.93690889
        397,           0,          20,          3.94e-05,             1e-07,      -2.062723211,       1.531342961,       1.756331327,       3.451847856,       1.445045079,       4.920273161
        397,           0,          29,          3.94e-05,             1e-07,      -2.046789389,       1.532621933,       1.755887136,       3.453260767,       1.452117079,       4.925958924
        398,           0,           0,          3.95e-05,             1e-07,      -1.904325286,       1.535866636,       1.755300109,          3.573513,        1.89547329,       4.906079189
        398,           0,          10,          3.95e-05,             1e-07,       -2.01842518,        1.54004015,       1.763877212,        3.48727172,       1.479210761,       4.961340527
        398,           0,          20,          3.95e-05,             1e-07,      -2.017647906,       1.538262402,       1.761446461,        3.50419622,       1.479874585,       4.967688781
        398,           0,          29,          3.95e-05,             1e-07,      -2.030161506,       1.537933515,       1.762149112,       3.443555014,       1.459291549,        4.95305656
        399,           0,           0,          3.96e-05,             1e-07,      -1.895605404,       1.540856622,       1.756945355,        3.58592963,        1.89819996,       4.940262477
        399,           0,          10,          3.96e-05,             1e-07,       -2.02454044,        1.53479439,       1.754422227,       3.489483111,       1.402659036,       4.894448676
        399,           0,          20,          3.96e-05,             1e-07,      -1.988914394,       1.536170264,       1.754850126,       3.519518508,       1.435765451,       4.907437805
        399,           0,          29,          3.96e-05,             1e-07,      -2.061999979,       1.536423131,       1.755424723,        3.43068009,       1.446299727,       4.905630069
        400,           0,           0,          3.97e-05,             1e-07,      -1.844277248,       1.540785381,       1.752237176,       3.650599841,       1.891959448,       4.894705049
        400,           0,          10,          3.97e-05,             1e-07,      -2.009245638,       1.533637202,       1.755200238,       3.477233794,       1.418124252,       4.844740408
        400,           0,          20,          3.97e-05,             1e-07,      -2.055451895,       1.534515866,       1.757417762,       3.453517784,        1.40296612,       4.818957106
        400,           0,          29,          3.97e-05,             1e-07,      -1.999398462,       1.538150798,       1.754693822,       3.505417183,        1.37264236,       4.792514863
        401,           0,           0,          3.98e-05,             1e-07,      -1.887935172,       1.539207756,       1.756617915,       3.600933269,       1.897417419,       4.905744324
        401,           0,          10,          3.98e-05,             1e-07,      -2.051315175,       1.533256755,       1.758846975,       3.469321308,       1.458374411,       4.801125599
        401,           0,          20,          3.98e-05,             1e-07,      -2.075634115,       1.533093206,       1.757729902,       3.452530134,       1.430674495,       4.771804594
        401,           0,          29,          3.98e-05,             1e-07,       -2.01427658,       1.536549149,       1.754583231,       3.457314056,       1.433823852,       4.738841114
        402,           0,           0,          3.99e-05,             1e-07,      -1.886803208,       1.534728761,       1.755775904,       3.597283179,       1.895925119,       4.797932374
        402,           0,          10,          3.99e-05,             1e-07,      -2.028038598,       1.535654789,       1.759855109,       3.484619002,       1.429483739,       4.753555171
        402,           0,          20,          3.99e-05,             1e-07,      -1.990869187,       1.538162456,       1.760396245,       3.507283233,       1.507611729,       4.816031719
        402,           0,          29,          3.99e-05,             1e-07,      -2.013976358,       1.537628023,       1.759851087,       3.456912738,       1.451623583,       4.767541188
        403,           0,           0,             4e-05,             1e-07,      -1.911236158,       1.536475775,        1.75753781,       3.578370754,       1.890954812,       4.738172669
        403,           0,          10,             4e-05,             1e-07,      -2.037211036,       1.545019955,        1.76774457,       3.474677629,       1.466718361,       4.788708759
        403,           0,          20,             4e-05,             1e-07,      -2.027304506,       1.547108819,       1.768886211,       3.487765001,       1.460994835,        4.76682298
        403,           0,          29,             4e-05,             1e-07,      -2.049163643,       1.547314876,       1.769086562,        3.43330686,       1.417604336,       4.675793497
        404,           0,           0,          4.01e-05,             1e-07,      -1.925013629,       1.544875191,         1.7668398,       3.566662669,       1.892997518,       4.733270632
        404,           0,          10,          4.01e-05,             1e-07,      -2.030168283,       1.543770961,       1.767548519,       3.492397409,        1.47213714,       4.788968499
        404,           0,          20,          4.01e-05,             1e-07,      -2.032234281,       1.545030287,       1.768914802,       3.481274781,       1.448956703,       4.756080141
        404,           0,          29,          4.01e-05,             1e-07,      -2.075645848,       1.548770733,       1.771538969,       3.425884598,       1.436278664,       4.766989868
        405,           0,           0,          4.02e-05,             1e-07,      -1.913607432,       1.550823782,       1.771950521,       3.570710055,       1.891663759,        4.73796397
        405,           0,          10,          4.02e-05,             1e-07,      -2.007075245,       1.550914636,       1.776228406,       3.513816473,       1.419721852,        4.78343029
        405,           0,          20,          4.02e-05,             1e-07,        -2.0186924,         1.5521834,       1.774752715,       3.495150337,       1.465344899,       4.891676894
        405,           0,          29,          4.02e-05,             1e-07,      -2.063193808,        1.54939812,       1.772439881,       3.435407545,       1.383536896,       4.745454838
        406,           0,           0,          4.03e-05,             1e-07,      -1.915964055,       1.550141605,       1.771468592,        3.57044402,       1.892332426,        4.74485854
        406,           0,          10,          4.03e-05,             1e-07,      -2.032686936,       1.555022603,       1.779895082,       3.485646204,       1.449872086,       4.779099928
        406,           0,          20,          4.03e-05,             1e-07,       -2.00344144,       1.558594441,       1.782802836,        3.52048778,       1.416394285,       4.796273445
        406,           0,          29,          4.03e-05,             1e-07,      -2.085690092,       1.558376812,       1.782195429,        3.40404953,       1.401676424,       4.719681451
        407,           0,           0,          4.04e-05,             1e-07,      -1.915005063,       1.558976854,       1.780786972,       3.574755644,       1.889951611,       4.704220301
        407,           0,          10,          4.04e-05,             1e-07,      -2.029016028,       1.552283636,       1.777768205,       3.485707987,       1.375729522,       4.624371909
        407,           0,          20,          4.04e-05,             1e-07,      -2.014911016,       1.550772772,       1.775592964,       3.493547417,       1.406347557,       4.687411866
        407,           0,          29,          4.04e-05,             1e-07,      -2.047082157,       1.544492981,       1.767376672,       3.444672854,       1.381083036,       4.750711907
        408,           0,           0,          4.05e-05,             1e-07,      -1.916182136,       1.549063142,       1.769271226,       3.576741405,        1.89020346,       4.700312509
        408,           0,          10,          4.05e-05,             1e-07,      -2.011597132,       1.560261076,       1.784941072,       3.486182029,       1.522563647,       4.809302001
        408,           0,          20,          4.05e-05,             1e-07,      -2.022140638,       1.561071289,       1.785068906,       3.488635535,       1.451266938,       4.784602588
        408,           0,          29,          4.05e-05,             1e-07,      -2.118829888,        1.55266567,       1.776883101,       3.398464233,       1.402670288,       4.725040839
        409,           0,           0,          4.06e-05,             1e-07,      -1.932497152,       1.553003496,       1.773027086,       3.563462846,       1.894320573,       4.734776609
        409,           0,          10,          4.06e-05,             1e-07,      -2.000630414,       1.562958936,       1.784658099,       3.496617743,       1.427855854,       4.763221194
        409,           0,          20,          4.06e-05,             1e-07,      -2.035929691,       1.561469666,       1.782052334,       3.485073394,         1.4034969,       4.700501953
        409,           0,          29,          4.06e-05,             1e-07,      -2.056181511,       1.568600103,       1.787565232,       3.452301452,        1.44497156,       4.723037542
        410,           0,           0,          4.07e-05,             1e-07,      -1.909101402,       1.563425871,       1.783028091,       3.579060005,       1.893790414,       4.713310069
        410,           0,          10,          4.07e-05,             1e-07,      -1.995039653,       1.557165017,       1.781194555,       3.531123275,       1.437660044,       4.765194403
        410,           0,          20,          4.07e-05,             1e-07,      -2.030738822,       1.557346958,       1.781276913,       3.493557126,       1.401917711,       4.728497534
        410,           0,          29,          4.07e-05,             1e-07,       -2.06203862,       1.559039863,       1.779415669,       3.476232112,       1.396483288,       4.760912359
        411,           0,           0,          4.08e-05,             1e-07,      -1.912724799,       1.561528757,       1.780686817,        3.57006119,       1.894636734,       4.731622715
        411,           0,          10,          4.08e-05,             1e-07,      -2.031126402,       1.566285169,       1.789659301,        3.49118365,       1.453378901,        4.77249777
        411,           0,          20,          4.08e-05,             1e-07,       -2.03620055,        1.56159522,       1.785116764,       3.497539238,       1.482992032,       4.814919028
        411,           0,          29,          4.08e-05,             1e-07,       -2.09721802,       1.561867378,       1.784667538,       3.426121758,       1.470536755,       4.828736761
        412,           0,           0,          4.09e-05,             1e-07,      -1.925502406,       1.560411898,       1.781221557,       3.564627853,         1.8954628,       4.758063509
        412,           0,          10,          4.09e-05,             1e-07,      -2.041759593,       1.565519645,        1.78838964,       3.499892335,       1.502261332,       4.842117962
        412,           0,          20,          4.09e-05,             1e-07,      -1.987651073,       1.561165666,       1.785129585,       3.531932324,       1.486166262,       4.811012664
        412,           0,          29,          4.09e-05,             1e-07,      -2.097124681,       1.566008888,       1.783563911,       3.407889909,       1.470353318,       4.781175563
        413,           0,           0,           4.1e-05,             1e-07,       -1.94382623,       1.565669137,       1.787045692,       3.551407482,       1.902696236,       4.839677423
        413,           0,          10,           4.1e-05,             1e-07,      -2.042275125,       1.566814362,       1.791697064,       3.503692734,        1.50340027,       4.811704129
        413,           0,          20,           4.1e-05,             1e-07,      -2.015930554,       1.564302942,        1.78987526,       3.518786226,       1.502822385,       4.804544092
        413,           0,          29,           4.1e-05,             1e-07,      -2.047574802,       1.574171463,       1.793341964,       3.431346341,       1.509520109,       4.814926285
        414,           0,           0,          4.11e-05,             1e-07,        -1.9103978,        1.56821606,       1.791678476,       3.588937504,       1.898696771,       4.795894747
        414,           0,          10,          4.11e-05,             1e-07,      -2.021549864,       1.567256494,       1.791840353,       3.524069922,       1.459875154,       4.815116646
        414,           0,          20,          4.11e-05,             1e-07,      -2.023552798,       1.561296849,        1.78486811,       3.509654707,       1.497438955,       4.823249255
        414,           0,          29,          4.11e-05,             1e-07,      -2.073173111,       1.565095808,       1.785323783,       3.438972143,       1.512407769,        4.83320429
        415,           0,           0,          4.12e-05,             1e-07,      -1.912065754,       1.565298842,       1.788452497,       3.593652802,       1.904291493,       4.856408462
        415,           0,          10,          4.12e-05,             1e-07,      -2.054505601,       1.561327853,       1.784066935,       3.484642471,       1.506782858,       4.847450947
        415,           0,          20,          4.12e-05,             1e-07,      -2.033266602,        1.56116011,       1.787193489,       3.485735734,       1.504562551,       4.857802768
        415,           0,          29,          4.12e-05,             1e-07,      -2.096484462,       1.558297687,       1.779874381,       3.448053613,       1.500716619,       4.853230485
        416,           0,           0,          4.13e-05,             1e-07,       -1.93178416,       1.561078518,       1.782026753,       3.563235346,       1.907544406,       4.862131441
        416,           0,          10,          4.13e-05,             1e-07,      -2.046902652,       1.564439559,       1.787957552,       3.484427353,       1.509778913,       4.842379743
        416,           0,          20,          4.13e-05,             1e-07,      -2.040631075,       1.563622493,       1.786127649,        3.50175498,       1.540723671,        4.86129349
        416,           0,          29,          4.13e-05,             1e-07,      -2.070963992,       1.559828852,       1.780410566,       3.445325309,       1.518727688,       4.860915422
        417,           0,           0,          4.14e-05,             1e-07,       -1.92682687,       1.559695759,       1.781832345,       3.575568238,        1.91161235,       4.870001017
        417,           0,          10,          4.14e-05,             1e-07,      -2.012957216,        1.56240324,       1.785704507,       3.524161785,       1.564952973,       4.876984615
        417,           0,          20,          4.14e-05,             1e-07,       -2.05408191,       1.555133266,       1.779759451,       3.485955394,        1.52459462,       4.851281715
        417,           0,          29,          4.14e-05,             1e-07,      -2.087662987,       1.560760898,       1.780816049,       3.407545413,       1.527399992,         4.8563015
        418,           0,           0,          4.15e-05,             1e-07,      -1.918771688,       1.562933307,       1.784004797,       3.582704065,        1.90993555,       4.874198125
        418,           0,          10,          4.15e-05,             1e-07,       -2.03916769,       1.563303374,       1.788479192,         3.4956522,       1.535707908,       4.850507769
        418,           0,          20,          4.15e-05,             1e-07,      -2.020713352,        1.56405299,       1.784384358,       3.506762624,       1.543169095,       4.866699353
        418,           0,          29,          4.15e-05,             1e-07,      -2.088070816,       1.560350373,       1.783485713,       3.481184987,       1.511743949,       4.840264612
        419,           0,           0,          4.16e-05,             1e-07,      -1.921730181,       1.567053476,       1.786596159,       3.573767394,       1.906707808,       4.866064182
        419,           0,          10,          4.16e-05,             1e-07,      -2.012413471,       1.564542901,       1.788418617,       3.511991059,       1.477632533,        4.82439408
        419,           0,          20,          4.16e-05,             1e-07,      -2.034793393,       1.564718879,       1.787454756,       3.494172368,       1.464628721,       4.806434881
        419,           0,          29,          4.16e-05,             1e-07,        -2.0806521,       1.563505869,       1.785208811,       3.447458859,       1.470025419,       4.803176817
        420,           0,           0,          4.17e-05,             1e-07,      -1.911338848,       1.569021103,       1.787506559,       3.578442587,       1.909003176,       4.846925268
        420,           0,          10,          4.17e-05,             1e-07,      -2.059859695,       1.563000929,       1.787917488,       3.465940465,       1.444331839,       4.699365942
        420,           0,          20,          4.17e-05,             1e-07,      -2.007581116,       1.573771129,       1.792215223,       3.494969921,       1.492635496,       4.725623438
        420,           0,          29,          4.17e-05,             1e-07,       -2.05736301,       1.564688829,       1.785596353,       3.465665568,       1.438344873,       4.698407103
        421,           0,           0,          4.18e-05,             1e-07,      -1.901081444,       1.571125285,       1.787725453,       3.586783913,       1.903348271,       4.774027527
        421,           0,          10,          4.18e-05,             1e-07,      -2.053015732,        1.56672122,       1.789272012,       3.476211406,       1.474193507,        4.67137318
        421,           0,          20,          4.18e-05,             1e-07,      -2.039887592,       1.570603801,       1.792438963,       3.481175957,       1.445989326,        4.66402204
        421,           0,          29,          4.18e-05,             1e-07,      -2.010851717,       1.565060077,       1.787422816,       3.491120283,        1.45115859,       4.648272599
        422,           0,           0,          4.19e-05,             1e-07,      -1.917564675,       1.572927148,       1.790323413,       3.573004765,       1.901442055,       4.736011587
        422,           0,          10,          4.19e-05,             1e-07,      -2.017881215,       1.569723943,       1.793019429,       3.508389616,       1.436609686,       4.700639463
        422,           0,          20,          4.19e-05,             1e-07,      -2.029629525,       1.568079511,       1.792569124,        3.50122673,       1.448654575,       4.711256246
        422,           0,          29,          4.19e-05,             1e-07,      -2.011484758,       1.566925434,       1.789970099,       3.475716704,       1.450445815,       4.705068424
        423,           0,           0,           4.2e-05,             1e-07,      -1.906845209,       1.571549275,       1.793265053,       3.594065764,       1.897997977,       4.764670932
        423,           0,          10,           4.2e-05,             1e-07,      -2.043004096,       1.567073248,       1.792693225,       3.489195013,       1.476684824,       4.790828772
        423,           0,          20,           4.2e-05,             1e-07,      -2.016873001,       1.567116665,        1.79455572,       3.509803002,       1.473425703,       4.792524994
        423,           0,          29,           4.2e-05,             1e-07,      -2.011700938,       1.567585486,       1.792481594,       3.477941561,       1.440012274,       4.769798591
        424,           0,           0,          4.21e-05,             1e-07,       -1.91387265,       1.572768226,       1.796792809,       3.584415832,       1.898662439,       4.769133437
        424,           0,          10,          4.21e-05,             1e-07,      -2.022526544,       1.574785683,       1.803244053,       3.509464189,       1.489563888,       4.845262364
        424,           0,          20,          4.21e-05,             1e-07,      -1.972816686,       1.575393011,       1.804472107,       3.566725254,       1.511965285,       4.854123811
        424,           0,          29,          4.21e-05,             1e-07,      -1.996062386,       1.581917236,       1.806303322,       3.477550901,       1.565279909,         4.8989537
        425,           0,           0,          4.22e-05,             1e-07,      -1.908331567,       1.579837735,       1.806799814,       3.590728313,       1.901880806,       4.819891348
        425,           0,          10,          4.22e-05,             1e-07,       -1.97812951,       1.583626991,       1.810666654,       3.546500214,       1.496755049,       4.841292702
        425,           0,          20,          4.22e-05,             1e-07,      -1.982337425,       1.574381171,        1.80285614,        3.52916764,       1.503248463,       4.849414299
        425,           0,          29,          4.22e-05,             1e-07,      -1.995991019,       1.573812578,       1.802883083,        3.51014429,       1.485046766,       4.847432946
        426,           0,           0,          4.23e-05,             1e-07,      -1.886608468,       1.581139616,       1.806246749,        3.60561848,        1.90113452,       4.835913248
        426,           0,          10,          4.23e-05,             1e-07,      -1.948276137,       1.583028282,       1.803262093,        3.57827729,       1.513701146,       4.854448842
        426,           0,          20,          4.23e-05,             1e-07,      -1.960433767,       1.581589102,       1.803521235,       3.554384294,       1.511750328,       4.855619664
        426,           0,          29,          4.23e-05,             1e-07,      -1.976233574,       1.576156014,       1.808510996,       3.521293667,       1.512123136,        4.86936829
        427,           0,           0,          4.24e-05,             1e-07,      -1.860548063,       1.581809188,       1.803337846,       3.630532387,       1.901239824,       4.848419322
        427,           0,          10,          4.24e-05,             1e-07,      -1.954857978,       1.585911743,       1.806275042,       3.560336513,       1.512257248,       4.869995941
        427,           0,          20,          4.24e-05,             1e-07,      -1.941680436,       1.584276115,       1.806533099,       3.562410762,       1.542616934,       4.890634986
        427,           0,          29,          4.24e-05,             1e-07,       -1.96991186,        1.57396634,       1.803447161,       3.542949678,       1.538344615,       4.884185171
        428,           0,           0,          4.25e-05,             1e-07,      -1.862746828,       1.582681648,        1.80157818,       3.629773381,       1.905668718,       4.891776863
        428,           0,          10,          4.25e-05,             1e-07,      -1.985316937,       1.583894813,       1.805845704,       3.530412869,       1.522007874,       4.868774521
        428,           0,          20,          4.25e-05,             1e-07,       -1.95163259,       1.575881357,       1.798875063,       3.555515703,       1.513256189,       4.888039174
        428,           0,          29,          4.25e-05,             1e-07,      -1.974151129,       1.571621986,        1.79809673,       3.510041371,       1.508513162,       4.856305848
        429,           0,           0,          4.26e-05,             1e-07,      -1.876469449,        1.57727859,       1.796755199,       3.616483197,       1.911301974,       4.904134123
        429,           0,          10,          4.26e-05,             1e-07,      -2.006517828,       1.578646423,       1.799462871,       3.505498112,       1.506659117,        4.84422364
        429,           0,          20,          4.26e-05,             1e-07,      -2.019178397,       1.580244685,       1.804215576,       3.500521094,       1.502687062,       4.840745221
        429,           0,          29,          4.26e-05,             1e-07,      -1.951816066,       1.577032543,       1.801314355,       3.542361436,       1.497287737,       4.847057423
        430,           0,           0,          4.27e-05,             1e-07,      -1.858777411,       1.580792933,       1.800248524,       3.629809534,       1.911781649,       4.878651147
        430,           0,          10,          4.27e-05,             1e-07,      -2.019736486,       1.577932147,       1.801596859,       3.492816641,       1.485482649,       4.820549948
        430,           0,          20,          4.27e-05,             1e-07,      -2.030150869,       1.579745864,       1.803185489,       3.494959363,       1.481763184,       4.805942889
        430,           0,          29,          4.27e-05,             1e-07,      -1.977502665,       1.581080053,       1.805677479,       3.516879546,       1.470024581,       4.801643846
        431,           0,           0,          4.28e-05,             1e-07,      -1.881665633,       1.586156446,       1.804636118,       3.597564675,       1.911704795,       4.876159163
        431,           0,          10,          4.28e-05,             1e-07,      -2.044550875,       1.574365686,       1.799234231,       3.488045271,       1.456520754,       4.761069056
        431,           0,          20,          4.28e-05,             1e-07,      -2.045187473,       1.575725921,        1.79954798,       3.481413236,       1.461127105,       4.749919406
        431,           0,          29,          4.28e-05,             1e-07,      -1.973087859,       1.574102086,       1.797475994,       3.521453043,       1.451020072,       4.705381429
        432,           0,           0,          4.29e-05,             1e-07,      -1.905562246,       1.577486588,         1.7996975,       3.584408621,        1.90482554,       4.804409689
        432,           0,          10,          4.29e-05,             1e-07,      -2.040823217,       1.578312239,       1.802984106,       3.484714738,       1.447376979,       4.669645043
        432,           0,          20,          4.29e-05,             1e-07,      -2.024236809,       1.580391346,       1.805997957,       3.498971358,       1.458868597,       4.677696994
        432,           0,          29,          4.29e-05,             1e-07,      -1.978678042,       1.582431626,       1.804419125,       3.492154104,       1.449368747,       4.659289838
        433,           0,           0,           4.3e-05,             1e-07,       -1.90952396,       1.579663353,       1.803527448,       3.587839766,       1.902015809,        4.72676216
        433,           0,          10,           4.3e-05,             1e-07,      -2.046950499,       1.580696484,       1.804896738,       3.480107768,       1.448785332,       4.684207641
        433,           0,          20,           4.3e-05,             1e-07,       -2.04046961,        1.58095705,        1.80501799,         3.4755613,       1.446064504,       4.662346628
        433,           0,          29,           4.3e-05,             1e-07,      -1.997743864,        1.57683045,       1.799190262,       3.497268695,       1.437754823,       4.647786111
        434,           0,           0,          4.31e-05,             1e-07,      -1.914956777,       1.579066418,       1.801361802,       3.582828046,       1.903473163,       4.720523364
        434,           0,          10,          4.31e-05,             1e-07,      -2.048788371,       1.583884702,        1.80598803,       3.473209169,       1.439784547,       4.691197851
        434,           0,          20,          4.31e-05,             1e-07,      -2.063459897,       1.580626138,       1.803599478,       3.453369908,       1.429691868,       4.644258569
        434,           0,          29,          4.31e-05,             1e-07,      -2.003287549,       1.582657491,       1.802931717,        3.47610278,       1.425666479,       4.646329471
        435,           0,           0,          4.32e-05,             1e-07,      -1.939278947,       1.584311007,       1.804935671,       3.561432751,       1.899576971,       4.698345799
        435,           0,          10,          4.32e-05,             1e-07,       -2.04346402,       1.584301003,       1.808296972,       3.488556302,       1.444840868,       4.682899743
        435,           0,          20,          4.32e-05,             1e-07,      -2.072545879,       1.581059331,       1.804134596,       3.451202492,        1.43508721,       4.695463824
        435,           0,          29,          4.32e-05,             1e-07,      -2.048946916,       1.580350242,        1.80406292,       3.440000189,       1.424638422,       4.677153442
        436,           0,           0,          4.33e-05,             1e-07,      -1.944970425,       1.585820229,       1.805779115,       3.555434681,       1.896675896,       4.682983521
        436,           0,          10,          4.33e-05,             1e-07,      -1.992485469,       1.579529908,       1.798761861,       3.529889374,       1.468414124,       4.847860619
        436,           0,          20,          4.33e-05,             1e-07,      -2.045617642,       1.585609754,       1.805080092,       3.466530782,       1.447449013,       4.784215091
        436,           0,          29,          4.33e-05,             1e-07,      -2.035225641,       1.582226475,       1.805915487,       3.443902706,       1.447949517,       4.784097368
        437,           0,           0,          4.34e-05,             1e-07,      -1.942226438,       1.587918718,       1.805240654,        3.55335286,        1.89844223,       4.756284209
        437,           0,          10,          4.34e-05,             1e-07,      -2.028212366,       1.585269255,       1.805625271,       3.509936148,       1.442234145,        4.82729437
        437,           0,          20,          4.34e-05,             1e-07,      -2.038362812,       1.588713809,       1.807170921,       3.477888515,       1.455372718,       4.840228723
        437,           0,          29,          4.34e-05,             1e-07,      -2.009067388,       1.586030272,       1.811205935,       3.464734785,       1.433783601,       4.836331446
        438,           0,           0,          4.35e-05,             1e-07,      -1.932860805,       1.591222602,       1.808624567,       3.560743374,       1.896257005,       4.793943565
        438,           0,          10,          4.35e-05,             1e-07,      -2.042037878,       1.582963645,       1.803819248,       3.470559553,       1.430479101,       4.807882627
        438,           0,          20,          4.35e-05,             1e-07,      -2.045661838,       1.585624594,       1.808362614,        3.47201464,        1.43521558,        4.81027028
        438,           0,          29,          4.35e-05,             1e-07,      -2.025404601,       1.583198858,       1.808500946,       3.474198724,         1.4124546,        4.79084465
        439,           0,           0,          4.36e-05,             1e-07,      -1.920422976,       1.588852494,       1.806941686,       3.572773309,       1.895539115,       4.812337897
        439,           0,          10,          4.36e-05,             1e-07,        -2.0490083,       1.589623028,        1.81185215,       3.465164145,       1.442979397,       4.787518648
        439,           0,          20,          4.36e-05,             1e-07,      -2.048255556,       1.591916723,       1.811596584,       3.468966141,       1.447543323,       4.802111627
        439,           0,          29,          4.36e-05,             1e-07,      -2.033260896,       1.588768197,       1.811014189,       3.466200417,       1.419626369,       4.785088365
        440,           0,           0,          4.37e-05,             1e-07,      -1.928155114,       1.589263196,       1.811936401,       3.562356074,       1.895645687,       4.815193835
        440,           0,          10,          4.37e-05,             1e-07,       -2.05165712,        1.59228417,       1.811785348,       3.460577281,       1.454628907,       4.792733202
        440,           0,          20,          4.37e-05,             1e-07,      -2.033859146,       1.595408919,        1.81406167,       3.472794319,       1.472125749,       4.834230065
        440,           0,          29,          4.37e-05,             1e-07,      -1.968390697,       1.596711455,       1.817059763,       3.510605936,       1.461946875,        4.81708015
        441,           0,           0,          4.38e-05,             1e-07,      -1.922962153,       1.597712413,       1.816253786,       3.565505144,       1.895379737,       4.820082871
        441,           0,          10,          4.38e-05,             1e-07,      -2.037684735,       1.593388981,       1.814236501,       3.473553063,       1.469562456,       4.871727403
        441,           0,          20,          4.38e-05,             1e-07,       -2.06009454,       1.592834706,       1.813379463,       3.446897152,       1.475085877,       4.867507888
        441,           0,          29,          4.38e-05,             1e-07,       -2.02630317,       1.594454418,       1.817256378,       3.458574827,       1.491488945,       4.882507799
        442,           0,           0,          4.39e-05,             1e-07,      -1.927162731,       1.597585598,       1.817862457,       3.565704206,       1.897939329,       4.857779569
        442,           0,          10,          4.39e-05,             1e-07,      -2.033383064,       1.595256435,       1.818147507,        3.47866288,       1.484965353,       4.897189045
        442,           0,          20,          4.39e-05,             1e-07,       -2.04351873,       1.593536308,       1.818515164,       3.467957368,       1.469070586,       4.886501225
        442,           0,          29,          4.39e-05,             1e-07,      -2.018763236,       1.596715967,        1.81836224,       3.479317718,       1.438723376,       4.876018918
        443,           0,           0,           4.4e-05,             1e-07,      -1.926093719,       1.597842275,       1.817282088,       3.567852053,       1.897438785,       4.875273452
        443,           0,          10,           4.4e-05,             1e-07,      -2.020649379,       1.598868925,       1.821673215,       3.488530862,       1.469415091,       4.889432374
        443,           0,          20,           4.4e-05,             1e-07,      -2.007704616,       1.597569612,        1.82105856,       3.500954638,       1.473687805,       4.891706026
        443,           0,          29,           4.4e-05,             1e-07,      -2.024408442,       1.602543197,       1.821980694,       3.450926917,       1.444717218,       4.881373604
        444,           0,           0,          4.41e-05,             1e-07,      -1.914290241,       1.598807393,         1.8219411,       3.577175066,       1.897660057,       4.888167344
        444,           0,          10,          4.41e-05,             1e-07,      -2.016485245,       1.602780765,       1.827292314,       3.492734288,       1.476411336,       4.881369955
        444,           0,          20,          4.41e-05,             1e-07,      -2.023279856,       1.603750082,       1.828075153,       3.502303373,       1.474197668,       4.883863902
        444,           0,          29,          4.41e-05,             1e-07,      -1.993279321,         1.6064684,       1.829308222,       3.516034652,       1.452408973,       4.871725833
        445,           0,           0,          4.42e-05,             1e-07,      -1.897069394,       1.604337359,       1.828433332,       3.593299866,       1.896273195,       4.885235463
        445,           0,          10,          4.42e-05,             1e-07,      -2.014618012,       1.602277151,       1.828160233,       3.514475363,       1.474142999,       4.887394372
        445,           0,          20,          4.42e-05,             1e-07,      -2.002512391,       1.598637664,       1.823328547,       3.502457386,       1.469723138,       4.890954538
        445,           0,          29,          4.42e-05,             1e-07,      -1.992949668,       1.602697595,       1.823076638,       3.496202135,       1.468144165,       4.907958866
        446,           0,           0,          4.43e-05,             1e-07,      -1.890103199,       1.602218585,       1.824520516,       3.598822355,       1.897524093,       4.893038675
        446,           0,          10,          4.43e-05,             1e-07,      -2.023096132,       1.598731128,       1.823226957,       3.492499529,       1.481557436,       4.905066677
        446,           0,          20,          4.43e-05,             1e-07,      -2.003723828,       1.597082645,       1.823685069,       3.511582435,       1.483463851,       4.903592149
        446,           0,          29,          4.43e-05,             1e-07,      -2.010233097,       1.599974863,       1.820675594,       3.493297001,       1.474472526,        4.89639753
        447,           0,           0,          4.44e-05,             1e-07,      -1.906910693,       1.600415274,       1.819367822,       3.577626203,       1.897444196,       4.897215232
        447,           0,          10,          4.44e-05,             1e-07,      -2.008641859,       1.594476486,       1.817452266,       3.500942318,       1.495400702,       4.918600653
        447,           0,          20,          4.44e-05,             1e-07,       -2.00698587,       1.593352275,       1.815742237,       3.500629343,        1.50223782,       4.923862014
        447,           0,          29,          4.44e-05,             1e-07,      -2.027902304,       1.590023451,       1.812593862,       3.490152623,       1.501913236,       4.920124739
        448,           0,           0,          4.45e-05,             1e-07,      -1.910596187,       1.593628397,       1.812753344,       3.574186111,         1.8987972,       4.935885651
        448,           0,          10,          4.45e-05,             1e-07,      -2.026968703,       1.586647923,       1.807484768,       3.483935396,       1.474487574,       4.936235893
        448,           0,          20,          4.45e-05,             1e-07,      -2.010808766,       1.589360917,       1.810704899,       3.507215328,       1.471506714,       4.937541431
        448,           0,          29,          4.45e-05,             1e-07,      -2.031084938,       1.587892728,       1.811604766,       3.479364885,       1.451740263,       4.917211864
        449,           0,           0,          4.46e-05,             1e-07,      -1.885000337,       1.591626876,       1.809772601,       3.602513602,       1.900770281,       4.964250529
        449,           0,          10,          4.46e-05,             1e-07,      -1.995871544,       1.588534292,       1.808484334,       3.514387221,       1.478032326,       4.925134821
        449,           0,          20,          4.46e-05,             1e-07,       -1.95848829,       1.589416049,       1.810004184,       3.527623512,       1.493893503,       4.935689873
        449,           0,          29,          4.46e-05,             1e-07,      -2.030096872,       1.589183189,       1.810933482,       3.495216372,        1.47421418,       4.924971996
        450,           0,           0,          4.47e-05,             1e-07,      -1.884346111,       1.589676838,       1.810181437,       3.596081456,       1.901415446,       4.959515495
        450,           0,          10,          4.47e-05,             1e-07,      -2.005683616,       1.585860657,       1.809469074,       3.491622314,       1.469704195,       4.914793906
        450,           0,          20,          4.47e-05,             1e-07,      -2.037474185,       1.586097451,       1.808258882,       3.469902482,       1.468678354,       4.913131659
        450,           0,          29,          4.47e-05,             1e-07,      -1.976458783,        1.58491002,       1.807635465,       3.509054476,       1.449371825,       4.902461068
        451,           0,           0,          4.48e-05,             1e-07,      -1.903388275,         1.5891601,       1.809431688,       3.572525624,       1.898623087,        4.93562959
        451,           0,          10,          4.48e-05,             1e-07,      -2.033691981,       1.583916893,       1.807189196,        3.47358621,       1.468447336,       4.909170206
        451,           0,          20,          4.48e-05,             1e-07,      -2.031780036,       1.583665617,       1.806995735,       3.472392813,       1.464203937,       4.906040081
        451,           0,          29,          4.48e-05,             1e-07,      -2.012518263,       1.583574215,       1.805660442,       3.488406951,       1.451018787,       4.902085956
        452,           0,           0,          4.49e-05,             1e-07,      -1.891510545,       1.586842752,       1.804949475,       3.586504011,       1.898274633,        4.92337354
        452,           0,          10,          4.49e-05,             1e-07,      -2.008543588,       1.580687701,       1.803987222,       3.499671518,       1.459427344,       4.900333682
        452,           0,          20,          4.49e-05,             1e-07,      -2.049576653,       1.577685097,       1.800923924,        3.45511751,        1.46789933,        4.90681821
        452,           0,          29,          4.49e-05,             1e-07,      -2.006447825,       1.581160766,       1.799912504,       3.484667856,       1.483033013,       4.915136439
        453,           0,           0,           4.5e-05,             1e-07,      -1.892064958,       1.583223559,       1.801096269,       3.585351855,       1.898798851,       4.933674486
        453,           0,          10,           4.5e-05,             1e-07,      -1.975648323,        1.57503818,       1.798945904,       3.533122286,       1.484110758,       4.929397129
        453,           0,          20,           4.5e-05,             1e-07,      -2.004695872,        1.57653384,       1.800128598,       3.519234978,       1.505937088,       4.945104535
        453,           0,          29,           4.5e-05,             1e-07,      -2.031261055,       1.580578196,       1.801407242,       3.468105968,       1.471617539,       4.918168521
        454,           0,           0,          4.51e-05,             1e-07,      -1.882202159,       1.580737161,       1.799784738,       3.593769521,       1.899404757,       4.937111709
        454,           0,          10,          4.51e-05,             1e-07,      -1.996184542,       1.582413339,       1.802097818,       3.507227578,       1.540597228,       5.024613604
        454,           0,          20,          4.51e-05,             1e-07,      -1.998178141,       1.581525135,       1.803208316,       3.508494055,       1.500288139,        4.93990786
        454,           0,          29,          4.51e-05,             1e-07,      -2.036845454,       1.584774627,       1.803755995,       3.475597107,       1.473647973,        4.92448511
        455,           0,           0,          4.52e-05,             1e-07,      -1.881545108,       1.583957799,       1.802860483,       3.595526532,       1.895108554,        4.90758992
        455,           0,          10,          4.52e-05,             1e-07,      -1.969847538,       1.582183663,       1.802353764,       3.536047139,        1.53070858,       4.955785899
        455,           0,          20,          4.52e-05,             1e-07,      -2.004789114,       1.583678166,       1.803428364,        3.50309405,       1.470787987,       4.909163422
        455,           0,          29,          4.52e-05,             1e-07,      -2.053282621,       1.580762586,       1.801114096,       3.457887865,        1.44752936,       4.897384784
        456,           0,           0,          4.53e-05,             1e-07,      -1.896615524,       1.584092112,       1.803143717,       3.585233927,       1.896578974,        4.91609981
        456,           0,          10,          4.53e-05,             1e-07,      -2.019621613,       1.594701911,       1.813586694,       3.511816496,       1.526611008,       4.933372673
        456,           0,          20,          4.53e-05,             1e-07,       -2.01120659,       1.591895027,       1.810925834,       3.499332198,       1.494192635,       4.915643972
        456,           0,          29,          4.53e-05,             1e-07,      -1.990884032,       1.589728381,       1.810947987,       3.548237567,       1.546923725,       4.988151542
        457,           0,           0,          4.54e-05,             1e-07,      -1.874629221,       1.586796647,        1.80645709,       3.620248391,       1.897690551,       4.928794941
        457,           0,          10,          4.54e-05,             1e-07,      -2.012092664,       1.593794383,       1.813834554,        3.50891796,       1.539458582,       4.944870444
        457,           0,          20,          4.54e-05,             1e-07,      -2.011210109,       1.590839069,       1.809652492,       3.510347558,       1.586608015,       4.967313955
        457,           0,          29,          4.54e-05,             1e-07,      -2.023058762,       1.593772785,       1.814653251,       3.488446458,       1.573084118,       4.954327382
        458,           0,           0,          4.55e-05,             1e-07,      -1.893813187,       1.592256092,       1.811311163,       3.592000808,       1.901003011,       4.918241956
        458,           0,          10,          4.55e-05,             1e-07,       -1.99651877,       1.596070312,       1.819550372,       3.502445052,       1.538150887,       4.931652031
        458,           0,          20,          4.55e-05,             1e-07,      -2.002883596,        1.59515937,       1.814977973,       3.523343753,       1.501281315,       4.897823569
        458,           0,          29,          4.55e-05,             1e-07,      -2.037284214,       1.598926089,       1.821787452,       3.477612708,       1.474751082,       4.863974519
        459,           0,           0,          4.56e-05,             1e-07,      -1.888842905,       1.596778911,       1.815822334,       3.604752903,       1.900405714,       4.907853175
        459,           0,          10,          4.56e-05,             1e-07,      -2.029688878,       1.598196359,       1.821984161,       3.504873409,       1.501018818,         4.8967688
        459,           0,          20,          4.56e-05,             1e-07,      -2.002238002,       1.599043404,       1.822805284,       3.509779833,       1.529307222,       4.875018619
        459,           0,          29,          4.56e-05,             1e-07,      -2.014399741,       1.604293585,       1.825088388,       3.485449383,       1.557478286,       4.927193934
        460,           0,           0,          4.57e-05,             1e-07,       -1.89664337,       1.604188893,       1.824454269,       3.604486263,       1.909365074,       4.975701767
        460,           0,          10,          4.57e-05,             1e-07,      -2.000333736,        1.60688902,       1.828856049,       3.517027791,       1.514612418,       4.912855945
        460,           0,          20,          4.57e-05,             1e-07,       -1.99066852,       1.602639573,       1.827361358,       3.530819566,       1.532717071,       4.939663935
        460,           0,          29,          4.57e-05,             1e-07,       -2.01675409,       1.607343723,       1.830709996,       3.498816025,       1.515336515,       4.921230305
        461,           0,           0,          4.58e-05,             1e-07,      -1.894372354,       1.609652508,       1.829596314,       3.597388487,       1.905180643,       4.918415204
        461,           0,          10,          4.58e-05,             1e-07,      -1.964968492,       1.606832774,       1.828491266,       3.552170744,       1.535871779,       4.913188743
        461,           0,          20,          4.58e-05,             1e-07,      -2.011797393,       1.603289962,       1.823330288,       3.499679568,       1.515039422,       4.896399254
        461,           0,          29,          4.58e-05,             1e-07,      -2.013145781,       1.604298295,        1.82551614,       3.483011665,       1.499946103,       4.882458433
        462,           0,           0,          4.59e-05,             1e-07,       -1.87007068,       1.606766809,       1.824400363,       3.614113978,       1.903319498,       4.904383144
        462,           0,          10,          4.59e-05,             1e-07,      -2.017546256,       1.604401638,       1.826218596,       3.483684305,       1.497096076,        4.89192475
        462,           0,          20,          4.59e-05,             1e-07,       -2.02311464,       1.609889823,       1.830982827,       3.494615076,       1.510235282,       4.890383249
        462,           0,          29,          4.59e-05,             1e-07,      -2.047617464,       1.611727589,       1.835592224,       3.449624679,       1.481707587,       4.866742766
        463,           0,           0,           4.6e-05,             1e-07,      -1.879174659,       1.614057106,       1.832384866,       3.611524534,       1.904691463,       4.905393845
        463,           0,          10,           4.6e-05,             1e-07,      -1.991147431,       1.616635341,       1.836663617,       3.507763062,       1.519569014,       4.896983098
        463,           0,          20,           4.6e-05,             1e-07,      -2.009039468,       1.617485952,        1.83946901,       3.506643016,       1.514349871,       4.877831809
        463,           0,          29,           4.6e-05,             1e-07,      -2.059359686,       1.615098877,       1.837920314,        3.42102686,       1.508251223,       4.868772105
        464,           0,           0,          4.61e-05,             1e-07,      -1.885757051,       1.617214962,       1.835644074,       3.605580479,       1.909195973,       4.914048538
        464,           0,          10,          4.61e-05,             1e-07,      -2.005482999,       1.614850339,       1.836956186,       3.509185544,       1.555912912,       4.892594424
        464,           0,          20,          4.61e-05,             1e-07,      -1.999513729,       1.618103421,       1.838965757,       3.520453088,       1.545706553,         4.8849492
        464,           0,          29,          4.61e-05,             1e-07,      -2.075222416,       1.618726949,       1.840486813,       3.435868946,        1.53448329,       4.884298503
        465,           0,           0,          4.62e-05,             1e-07,      -1.887703099,         1.6200096,       1.837659716,       3.601697948,       1.905403603,        4.89250464
        465,           0,          10,          4.62e-05,             1e-07,      -1.976066917,       1.614155549,       1.834764582,        3.51849885,       1.550635884,       4.905833694
        465,           0,          20,          4.62e-05,             1e-07,      -2.020664674,       1.611849485,       1.832328339,       3.493223465,       1.545888978,       4.909997114
        465,           0,          29,          4.62e-05,             1e-07,      -2.089754618,       1.616788167,       1.836391205,       3.441432422,       1.522611844,       4.899938573
        466,           0,           0,          4.63e-05,             1e-07,      -1.889636333,       1.617261058,       1.835889331,         3.5997741,       1.911986724,       4.930693212
        466,           0,          10,          4.63e-05,             1e-07,      -1.990331043,        1.61452069,       1.836527326,       3.520794615,       1.528871819,       4.938277907
        466,           0,          20,          4.63e-05,             1e-07,      -1.998067122,       1.617647815,       1.838279017,       3.513114046,       1.546637528,       4.953266829
        466,           0,          29,          4.63e-05,             1e-07,      -2.082428513,       1.616986587,       1.837671189,       3.425201174,       1.508488769,       4.927528389
        467,           0,           0,          4.64e-05,             1e-07,      -1.896856172,       1.615722187,       1.836072438,       3.585527016,       1.909550998,       4.934239187
        467,           0,          10,          4.64e-05,             1e-07,      -2.012905276,       1.618538667,       1.841524504,       3.510973259,       1.554544922,       4.956999336
        467,           0,          20,          4.64e-05,             1e-07,      -2.011828447,       1.622899547,       1.844247373,       3.509233796,       1.568382499,       4.967896847
        467,           0,          29,          4.64e-05,             1e-07,       -2.06080933,       1.623809541,       1.844117339,       3.449897838,       1.537574553,        4.95416618
        468,           0,           0,          4.65e-05,             1e-07,      -1.891280372,       1.619290161,        1.84068172,        3.59729705,       1.911338055,       4.950554042
        468,           0,          10,          4.65e-05,             1e-07,      -2.004395343,       1.616496781,       1.839806671,       3.510263501,       1.511797502,       4.914671844
        468,           0,          20,          4.65e-05,             1e-07,      -2.007739251,       1.621316567,       1.844227893,        3.51491008,        1.51654062,       4.926575741
        468,           0,          29,          4.65e-05,             1e-07,      -2.087266069,       1.627368664,       1.847516912,       3.413123298,       1.492026842,       4.910721092
        469,           0,           0,          4.66e-05,             1e-07,      -1.903321776,       1.624457919,       1.844333873,       3.581209339,       1.905693718,       4.924073878
        469,           0,          10,          4.66e-05,             1e-07,      -2.033446414,       1.619485927,       1.842060165,       3.484117719,       1.509187367,        4.86312369
        469,           0,          20,          4.66e-05,             1e-07,      -2.021932142,       1.622468044,        1.84411287,       3.488508033,       1.509197969,       4.865173407
        469,           0,          29,          4.66e-05,             1e-07,      -2.104981588,       1.619313394,       1.841099073,       3.407290938,       1.465169423,       4.814058809
        470,           0,           0,          4.67e-05,             1e-07,        -1.8989032,       1.619743345,       1.840650143,       3.588373663,       1.902857655,       4.895996704
        470,           0,          10,          4.67e-05,             1e-07,      -2.005547589,       1.614970344,       1.837065169,       3.520867131,       1.463592535,       4.708572081
        470,           0,          20,          4.67e-05,             1e-07,      -2.034477639,       1.617876843,       1.841485458,       3.479609846,       1.477281034,       4.724746906
        470,           0,          29,          4.67e-05,             1e-07,      -2.068788809,       1.617118315,       1.838076571,       3.417876797,       1.476195268,        4.71986347
        471,           0,           0,          4.68e-05,             1e-07,      -1.903685135,       1.615577823,       1.836329005,       3.583319235,       1.897182981,       4.769110562
        471,           0,          10,          4.68e-05,             1e-07,       -2.01637635,       1.616462215,       1.838455206,       3.490365212,       1.461935826,       4.805753711
        471,           0,          20,          4.68e-05,             1e-07,      -2.021193971,        1.61719476,        1.83806136,       3.490785239,       1.456614879,       4.802888829
        471,           0,          29,          4.68e-05,             1e-07,       -2.05351861,       1.620484335,       1.839615014,        3.42265992,       1.451885014,       4.807947195
        472,           0,           0,          4.69e-05,             1e-07,      -1.899213084,       1.614869545,       1.836306809,       3.590727392,       1.894993113,       4.803334174
        472,           0,          10,          4.69e-05,             1e-07,      -2.001692602,        1.61187112,       1.836224739,       3.504390063,       1.458122923,       4.955021534
        472,           0,          20,          4.69e-05,             1e-07,      -2.035063448,       1.613977935,       1.836947034,       3.479998122,        1.44464946,       4.940077127
        472,           0,          29,          4.69e-05,             1e-07,      -2.057792784,       1.621801543,       1.840815071,       3.402588005,       1.455538787,       4.947160551
        473,           0,           0,           4.7e-05,             1e-07,      -1.887801881,       1.616926865,       1.838249168,       3.599340938,       1.895182029,       4.858365489
        473,           0,          10,           4.7e-05,             1e-07,      -2.027230106,       1.613908931,       1.838527141,       3.492152753,       1.462872468,       4.939784414
        473,           0,          20,           4.7e-05,             1e-07,      -2.031157533,       1.617223078,        1.84167759,       3.478946154,       1.451691084,       4.932282151
        473,           0,          29,           4.7e-05,             1e-07,      -2.069117227,       1.623411327,       1.843460487,       3.407137748,       1.428413886,       4.925157615
        474,           0,           0,          4.71e-05,             1e-07,      -1.887407159,       1.618528291,       1.840196463,       3.602160935,       1.899125915,       4.919236031
        474,           0,          10,          4.71e-05,             1e-07,       -2.00589082,       1.619838974,       1.844144634,       3.502556342,       1.457303421,       4.889826513
        474,           0,          20,          4.71e-05,             1e-07,      -2.034405805,       1.616976158,       1.839595875,       3.480260228,       1.460925841,       4.902173917
        474,           0,          29,          4.71e-05,             1e-07,      -2.069837751,       1.623335722,       1.844665316,       3.411034475,       1.439529665,        4.92099154
        475,           0,           0,          4.72e-05,             1e-07,      -1.907536144,        1.61921102,       1.841050769,       3.584836092,       1.895518706,       4.967217534
        475,           0,          10,          4.72e-05,             1e-07,      -2.032660084,       1.620725251,       1.844548682,       3.476294905,       1.457414305,       4.918944548
        475,           0,          20,          4.72e-05,             1e-07,      -2.015247852,       1.621763078,       1.844881435,       3.494673865,       1.468132432,       4.960862774
        475,           0,          29,          4.72e-05,             1e-07,      -2.041314967,       1.628592876,       1.847267624,       3.440003581,       1.455014191,       4.939506912
        476,           0,           0,          4.73e-05,             1e-07,      -1.903204363,       1.620757485,       1.843315885,       3.586406008,       1.896259159,       4.953556775
        476,           0,          10,          4.73e-05,             1e-07,      -2.030393108,       1.619591992,       1.843065045,       3.494585347,       1.468710443,       4.906188999
        476,           0,          20,          4.73e-05,             1e-07,       -2.02423872,       1.616187682,       1.839839062,       3.485783364,       1.448313794,       4.886853743
        476,           0,          29,          4.73e-05,             1e-07,      -2.068828958,       1.628875928,       1.847962353,       3.407599549,       1.435194258,       4.862939645
        477,           0,           0,          4.74e-05,             1e-07,      -1.912236228,       1.623138249,       1.844633668,       3.575213295,       1.896329529,       4.900482572
        477,           0,          10,          4.74e-05,             1e-07,      -2.028266194,       1.617274977,       1.841305709,       3.483519795,        1.45865585,       4.871495227
        477,           0,          20,          4.74e-05,             1e-07,      -2.027301888,       1.617446999,       1.839066973,       3.481011752,       1.458566167,       4.867986117
        477,           0,          29,          4.74e-05,             1e-07,      -2.083218511,       1.621321983,       1.840602908,       3.390288436,       1.439145682,       4.847498703
        478,           0,           0,          4.75e-05,             1e-07,      -1.916709939,       1.617133735,       1.838562488,       3.570745675,       1.894050135,       4.871389658
        478,           0,          10,          4.75e-05,             1e-07,      -2.037203865,       1.614834836,       1.838067481,       3.479769728,       1.431914825,       4.837657756
        478,           0,          20,          4.75e-05,             1e-07,      -2.034089653,       1.615807513,       1.838592982,        3.48128616,       1.422505949,       4.860671605
        478,           0,          29,          4.75e-05,             1e-07,      -2.058544563,       1.622960239,       1.841261459,       3.419369296,       1.409111922,       4.854120981
        479,           0,           0,          4.76e-05,             1e-07,      -1.922505774,       1.616727254,       1.837914095,       3.563172516,       1.893498934,       4.903666513
        479,           0,          10,          4.76e-05,             1e-07,      -2.034894417,       1.616558045,       1.840566158,       3.475656815,       1.425075586,        4.92540208
        479,           0,          20,          4.76e-05,             1e-07,      -1.977250244,        1.61778492,       1.841560653,       3.535199934,       1.442431445,       4.914639956
        479,           0,          29,          4.76e-05,             1e-07,      -2.023077164,       1.628303027,       1.848074969,       3.459954677,       1.451325049,       4.987408181
        480,           0,           0,          4.77e-05,             1e-07,       -1.90172162,        1.62149065,       1.844145276,       3.583852551,       1.892949092,       4.941660863
        480,           0,          10,          4.77e-05,             1e-07,      -1.999470465,       1.612912391,       1.836213586,       3.518255329,       1.417745456,        4.90364738
        480,           0,          20,          4.77e-05,             1e-07,      -1.988095561,       1.616698717,       1.839764609,        3.52025116,       1.442443224,       4.952150185
        480,           0,          29,          4.77e-05,             1e-07,       -2.05204675,       1.622943652,       1.842874528,        3.45158152,       1.421700735,       4.935408431
        481,           0,           0,          4.78e-05,             1e-07,      -1.889947628,       1.618333273,       1.839807729,       3.592794988,       1.892554807,       4.919629668
        481,           0,          10,          4.78e-05,             1e-07,      -1.986296489,       1.617148546,       1.840825343,       3.530234897,       1.436125102,       4.885789913
        481,           0,          20,          4.78e-05,             1e-07,       -2.02077284,       1.612534092,       1.835821341,       3.483850542,       1.433250269,       4.890456906
        481,           0,          29,          4.78e-05,             1e-07,      -2.009185116,       1.619151422,       1.838427972,       3.525911282,       1.427590962,       4.889480991
        482,           0,           0,          4.79e-05,             1e-07,      -1.878420711,       1.613636068,       1.835720923,       3.608809904,       1.891944944,        4.90701906
        482,           0,          10,          4.79e-05,             1e-07,       -1.99143582,       1.612732001,       1.837403416,       3.523148108,       1.458471408,       4.861661944
        482,           0,          20,          4.79e-05,             1e-07,      -2.003867374,       1.608397138,       1.833404874,       3.502892208,       1.439629322,        4.84779412
        482,           0,          29,          4.79e-05,             1e-07,      -2.045160014,       1.618470166,       1.836789337,       3.442957876,       1.446442114,       4.848751121
        483,           0,           0,           4.8e-05,             1e-07,      -1.884153408,       1.612797236,       1.834223926,       3.601518027,       1.891452307,       4.882248295
        483,           0,          10,           4.8e-05,             1e-07,      -2.022313137,       1.612874449,       1.835854021,       3.512453936,       1.460845825,         4.8901061
        483,           0,          20,           4.8e-05,             1e-07,      -2.023247358,       1.608015862,       1.833113204,       3.493558873,       1.445160169,       4.879554334
        483,           0,          29,           4.8e-05,             1e-07,      -2.085563763,       1.617973028,       1.835950966,       3.415770165,       1.439306678,       4.887779065
        484,           0,           0,          4.81e-05,             1e-07,      -1.894305594,       1.610692991,       1.832378625,        3.58950517,       1.891825812,       4.891371743
        484,           0,          10,          4.81e-05,             1e-07,       -1.97468262,       1.604422081,        1.82975148,       3.533866912,       1.450705872,       4.935917703
        484,           0,          20,          4.81e-05,             1e-07,      -2.011648972,       1.603192963,        1.82647528,       3.489202035,       1.471285177,       4.944058939
        484,           0,          29,          4.81e-05,             1e-07,      -2.033059377,       1.613959667,       1.834051302,       3.477229482,        1.44065274,       4.939535491
        485,           0,           0,          4.82e-05,             1e-07,      -1.885452701,       1.606463459,       1.831625207,       3.598867977,       1.895657825,        4.93814829
        485,           0,          10,          4.82e-05,             1e-07,       -2.02585272,       1.605767496,       1.829930982,       3.490049584,       1.452037503,        4.97017844
        485,           0,          20,          4.82e-05,             1e-07,      -2.047124924,       1.602893083,       1.828385103,       3.468062002,       1.452346922,       4.967540731
        485,           0,          29,          4.82e-05,             1e-07,      -2.074328429,        1.61111426,       1.832312653,       3.414023143,       1.454982719,       4.973831141
        486,           0,           0,          4.83e-05,             1e-07,      -1.887993934,       1.606739333,        1.82882432,       3.591970214,       1.893615482,       4.959664708
        486,           0,          10,          4.83e-05,             1e-07,      -2.011266307,       1.600000926,        1.82395633,       3.499999398,        1.46243254,       4.983032343
        486,           0,          20,          4.83e-05,             1e-07,      -2.017801004,        1.59941292,       1.822560594,        3.50262614,       1.469312888,       4.983159562
        486,           0,          29,          4.83e-05,             1e-07,      -2.038534426,       1.607337774,       1.829686465,       3.476376527,       1.439816023,       4.978395316
        487,           0,           0,          4.84e-05,             1e-07,      -1.897906556,       1.603112851,       1.824517592,       3.589317205,       1.891189133,       4.962818497
        487,           0,          10,          4.84e-05,             1e-07,      -2.023071925,       1.600648043,       1.823664502,       3.497661079,       1.443386295,       4.961246566
        487,           0,          20,          4.84e-05,             1e-07,      -2.016508618,       1.598956124,       1.820919721,       3.505454516,       1.483641121,       4.970722016
        487,           0,          29,          4.84e-05,             1e-07,       -2.07989899,       1.603489673,       1.825784617,       3.419486471,        1.48331448,       4.974925296
        488,           0,           0,          4.85e-05,             1e-07,      -1.885835961,       1.599518585,       1.820921815,       3.606491478,       1.896092499,       4.967139358
        488,           0,          10,          4.85e-05,             1e-07,      -2.035385801,       1.599363766,       1.821108207,       3.479187776,       1.493026519,       4.950707701
        488,           0,          20,          4.85e-05,             1e-07,      -2.021627546,        1.59896319,       1.820043833,       3.486598617,       1.497255272,       4.949902636
        488,           0,          29,          4.85e-05,             1e-07,      -2.027231991,       1.600890159,       1.822800087,       3.475792886,        1.48788981,       4.948674621
        489,           0,           0,          4.86e-05,             1e-07,      -1.887551009,       1.599133676,        1.81935416,       3.596358703,       1.898528539,       4.964507163
        489,           0,          10,          4.86e-05,             1e-07,      -2.013132899,       1.601806521,       1.823708118,       3.506546701,       1.529988552,       4.929578267
        489,           0,          20,          4.86e-05,             1e-07,      -2.029446243,       1.598908662,       1.821103808,       3.490819823,       1.498030287,       4.908668781
        489,           0,          29,          4.86e-05,             1e-07,      -2.011705073,       1.604851862,       1.826942602,       3.486064547,        1.50550919,        4.92001268
        490,           0,           0,          4.87e-05,             1e-07,      -1.893427838,        1.60238773,       1.822800735,       3.588822026,       1.898305103,       4.938548022
        490,           0,          10,          4.87e-05,             1e-07,       -2.01793906,       1.602625654,       1.824104837,       3.504069113,         1.4825357,       4.875121901
        490,           0,          20,          4.87e-05,             1e-07,      -1.992703441,       1.598410811,       1.820740544,       3.520201135,       1.484841977,       4.876036183
        490,           0,          29,          4.87e-05,             1e-07,      -2.095288602,        1.60505248,       1.824700024,       3.388722871,       1.452919174,       4.853610899
        491,           0,           0,          4.88e-05,             1e-07,      -1.912177764,        1.60327119,       1.822921981,       3.574681894,       1.895213514,       4.893912726
        491,           0,          10,          4.88e-05,             1e-07,      -2.000332856,       1.597504271,       1.820554166,       3.518999632,       1.538155208,       4.844500784
        491,           0,          20,          4.88e-05,             1e-07,      -2.016994677,       1.600968459,       1.822408807,       3.505671369,       1.517616159,       4.815944412
        491,           0,          29,          4.88e-05,             1e-07,      -2.024878429,       1.605838174,       1.824157271,       3.481298554,       1.530437557,       4.826994895
        492,           0,           0,          4.89e-05,             1e-07,      -1.887704103,       1.602658047,       1.821275124,       3.605769955,       1.892640202,       4.831444284
        492,           0,          10,          4.89e-05,             1e-07,      -2.034238908,       1.596531366,       1.820137413,       3.493357221,       1.424750862,       4.720849748
        492,           0,          20,          4.89e-05,             1e-07,      -2.031348452,       1.592789911,       1.819324852,       3.491388878,        1.41372596,        4.72102534
        492,           0,          29,          4.89e-05,             1e-07,       -2.05389804,       1.602974819,       1.820453918,       3.424346452,       1.401886504,       4.723358598
        493,           0,           0,           4.9e-05,             1e-07,       -1.89728921,        1.59839182,       1.819711041,       3.589422853,       1.894217068,       4.794928327
        493,           0,          10,           4.9e-05,             1e-07,      -2.043090315,         1.5929573,       1.818545463,         3.4883638,       1.441939257,       4.789521493
        493,           0,          20,           4.9e-05,             1e-07,      -2.050461253,        1.59399304,       1.819521031,       3.472528493,       1.482973549,       4.811779105
        493,           0,          29,           4.9e-05,             1e-07,      -2.037081931,       1.603754317,       1.824599334,       3.460012553,       1.525263822,       4.843832646
        494,           0,           0,          4.91e-05,             1e-07,      -1.880992389,       1.600143037,       1.821759876,       3.602456415,         1.8998839,       4.833355068
        494,           0,          10,          4.91e-05,             1e-07,      -2.059145764,       1.594766569,       1.819782276,       3.464916397,       1.419010937,       4.816626867
        494,           0,          20,          4.91e-05,             1e-07,      -2.031042255,       1.593223418,       1.818293619,       3.490684775,       1.434264918,       4.830847509
        494,           0,          29,          4.91e-05,             1e-07,      -2.086625132,       1.601791242,       1.821942242,       3.414390313,       1.424850321,       4.826810735
        495,           0,           0,          4.92e-05,             1e-07,      -1.908896671,       1.597257541,        1.82022647,       3.584498774,       1.894057764,        4.81651067
        495,           0,          10,          4.92e-05,             1e-07,      -2.035093111,        1.60042985,       1.826039364,       3.484074663,       1.433353442,       4.832231485
        495,           0,          20,          4.92e-05,             1e-07,      -2.031825829,       1.600551584,       1.826905768,       3.502025032,       1.438179447,       4.823500698
        495,           0,          29,          4.92e-05,             1e-07,      -2.059008403,       1.614155418,       1.833025123,       3.447794214,       1.403510437,       4.809247043
        496,           0,           0,          4.93e-05,             1e-07,      -1.892111373,         1.6041722,        1.82829208,       3.608836261,       1.895119948,       4.851008949
        496,           0,          10,          4.93e-05,             1e-07,      -2.033961827,       1.607506306,       1.833154945,       3.515456206,       1.464834954,       4.823959785
        496,           0,          20,          4.93e-05,             1e-07,      -2.039469883,       1.606375355,       1.831869377,       3.488909357,       1.507038905,       4.830383726
        496,           0,          29,          4.93e-05,             1e-07,      -2.020168086,       1.612437116,       1.833050264,       3.470497246,       1.554960786,       4.830237902
        497,           0,           0,          4.94e-05,             1e-07,       -1.89052069,       1.607654658,       1.831171072,       3.604884642,       1.892768367,       4.822142327
        497,           0,          10,          4.94e-05,             1e-07,      -2.034000632,        1.60534388,       1.831490498,       3.491322824,       1.419374102,       4.802873292
        497,           0,          20,          4.94e-05,             1e-07,      -2.033608333,       1.608345153,       1.834470493,       3.492523862,       1.416224071,       4.808395586
        497,           0,          29,          4.94e-05,             1e-07,      -2.043892282,        1.61243423,       1.829671638,       3.443923518,       1.408847113,       4.797503577
        498,           0,           0,          4.95e-05,             1e-07,      -1.914168887,       1.607156014,       1.828377535,       3.578217647,       1.889822932,       4.822843282
        498,           0,          10,          4.95e-05,             1e-07,      -2.050885272,        1.60413009,       1.828041257,       3.482607016,       1.430826134,       4.851908038
        498,           0,          20,          4.95e-05,             1e-07,      -2.040392448,       1.606123903,       1.829923652,       3.479822729,       1.457995632,       4.848834023
        498,           0,          29,          4.95e-05,             1e-07,      -2.019924039,       1.610490962,       1.828803843,       3.479241569,       1.438687001,       4.845049071
        499,           0,           0,          4.96e-05,             1e-07,      -1.931535122,       1.603246399,       1.826689061,       3.559366934,       1.891561939,       4.848912342
        499,           0,          10,          4.96e-05,             1e-07,      -2.015986665,       1.602497585,       1.824115824,       3.501814182,       1.411858786,       4.867341004
        499,           0,          20,          4.96e-05,             1e-07,      -2.032029991,       1.601881042,       1.822293914,       3.488354751,        1.40506749,        4.86895718
        499,           0,          29,          4.96e-05,             1e-07,      -2.078703793,        1.61052766,        1.82909935,       3.450392853,       1.407898135,       4.850612266
        500,           0,           0,          4.97e-05,             1e-07,      -1.905651115,       1.603057439,       1.824052177,       3.591300947,       1.889599752,       4.851993785
        500,           0,          10,          4.97e-05,             1e-07,      -2.000208806,       1.599480068,       1.817639194,       3.515034709,       1.385085528,       4.842956792
        500,           0,          20,          4.97e-05,             1e-07,      -2.040994316,       1.596755411,       1.819053935,        3.48867564,       1.392863645,       4.850474358
        500,           0,          29,          4.97e-05,             1e-07,      -2.103565882,       1.603416236,         1.8259461,        3.40107549,       1.395759391,       4.843437781
        501,           0,           0,          4.98e-05,             1e-07,      -1.897650533,       1.602916718,       1.821884043,       3.600536799,       1.886068206,       4.837309659
        501,           0,          10,          4.98e-05,             1e-07,       -2.05396635,       1.592027171,       1.814935068,       3.480747328,       1.371610836,       4.847798541
        501,           0,          20,          4.98e-05,             1e-07,      -1.993365272,       1.596735447,       1.816830204,       3.521467769,       1.411711596,       4.875567361
        501,           0,          29,          4.98e-05,             1e-07,      -2.096527831,        1.60302968,       1.823621498,       3.429946191,       1.400321704,         4.8653366
        502,           0,           0,          4.99e-05,             1e-07,      -1.882590447,         1.5992543,       1.818484258,       3.604027361,        1.88491487,       4.835370313
        502,           0,          10,          4.99e-05,             1e-07,      -2.040995146,       1.597082571,       1.820615581,       3.473119179,       1.388141778,       4.843312911
        502,           0,          20,          4.99e-05,             1e-07,      -2.052800118,       1.597968953,       1.823123664,       3.484814616,       1.379094082,       4.832574073
        502,           0,          29,          4.99e-05,             1e-07,      -2.114598985,       1.603417223,       1.827392789,       3.414848511,       1.373534498,       4.828366622
        503,           0,           0,             5e-05,             1e-07,      -1.922114484,       1.601480703,       1.822482145,       3.569718158,         1.8860595,       4.833324618
        503,           0,          10,             5e-05,             1e-07,      -2.043872487,       1.599131352,       1.824219492,       3.477860397,       1.474438504,       4.801347986
        503,           0,          20,             5e-05,             1e-07,      -2.049954729,       1.602751666,       1.828877275,       3.481565109,       1.405907107,       4.794322802
        503,           0,          29,             5e-05,             1e-07,      -2.090024908,       1.607672767,       1.830148634,       3.438482967,         1.3835939,       4.782941873
        504,           0,           0,          5.01e-05,             1e-07,      -1.923116127,       1.604334788,       1.825882621,       3.566114963,       1.886203911,       4.820704954
        504,           0,          10,          5.01e-05,             1e-07,      -2.049107162,        1.60202362,       1.826360693,       3.473436106,       1.415606434,       4.770833799
        504,           0,          20,          5.01e-05,             1e-07,      -2.060424519,       1.604450488,       1.829318144,       3.456755302,       1.409316991,       4.752658547
        504,           0,          29,          5.01e-05,             1e-07,      -2.080303431,       1.606201582,       1.829088611,       3.464727518,       1.388233949,       4.731279053
        505,           0,           0,          5.02e-05,             1e-07,      -1.935483053,       1.603521858,       1.826837167,       3.553156857,       1.886797379,       4.779495282
        505,           0,          10,          5.02e-05,             1e-07,      -2.076145617,       1.602121662,       1.827417034,       3.470444367,       1.387727021,       4.688662565
        505,           0,          20,          5.02e-05,             1e-07,      -2.093506138,       1.600162651,        1.82576337,       3.438146165,       1.383348688,       4.692248054
        505,           0,          29,          5.02e-05,             1e-07,      -2.088747556,       1.607554191,       1.830547738,       3.415214533,       1.374578181,       4.674232336
        506,           0,           0,          5.03e-05,             1e-07,      -1.938051665,       1.606076998,       1.828981931,       3.546169897,         1.8866464,       4.733981843
        506,           0,          10,          5.03e-05,             1e-07,      -2.091052664,       1.598311337,       1.823943909,       3.434337371,       1.387087641,       4.696548125
        506,           0,          20,          5.03e-05,             1e-07,      -2.089772897,       1.598845947,       1.824734736,       3.430729811,       1.394847522,       4.723758796
        506,           0,          29,          5.03e-05,             1e-07,      -2.078807893,        1.60327461,       1.826995831,       3.428878491,       1.382269061,       4.732389211
        507,           0,           0,          5.04e-05,             1e-07,      -1.949512295,       1.603009867,       1.825500382,       3.538382906,       1.884841184,       4.743027928
        507,           0,          10,          5.04e-05,             1e-07,      -2.070573081,       1.603130648,       1.828064995,       3.445239591,       1.373478236,       4.792655006
        507,           0,          20,          5.04e-05,             1e-07,      -2.097836598,       1.601257797,        1.82565308,       3.421293153,       1.381812195,        4.79463258
        507,           0,          29,          5.04e-05,             1e-07,      -2.071537986,       1.605941855,       1.826389764,       3.424399229,       1.371282436,       4.791463842
        508,           0,           0,          5.05e-05,             1e-07,      -1.947759147,       1.603179128,       1.823952248,       3.534274572,       1.884739218,       4.778336996
        508,           0,          10,          5.05e-05,             1e-07,      -2.050136517,       1.600675625,        1.82562882,        3.46331685,       1.405696773,       4.875326046
        508,           0,          20,          5.05e-05,             1e-07,       -2.07352285,       1.599420246,       1.825253454,       3.443792208,       1.381397933,       4.867060022
        508,           0,          29,          5.05e-05,             1e-07,       -2.09983284,       1.607367337,        1.82775629,        3.39312648,       1.381023354,       4.873539431
        509,           0,           0,          5.06e-05,             1e-07,      -1.931497271,       1.605942917,        1.82666302,       3.546458094,       1.885925074,       4.832723476
        509,           0,          10,          5.06e-05,             1e-07,      -2.043312058,       1.602255976,       1.826281515,       3.464876492,       1.387134221,       4.902362073
        509,           0,          20,          5.06e-05,             1e-07,      -2.058192403,       1.600998379,       1.825477572,       3.450264102,       1.405547563,       4.912180868
        509,           0,          29,          5.06e-05,             1e-07,      -2.087290698,       1.605385719,       1.823308267,       3.375092957,       1.389675298,       4.904338755
        510,           0,           0,          5.07e-05,             1e-07,      -1.919622936,       1.602407316,       1.823481698,       3.559320173,       1.883120025,       4.865789266
        510,           0,          10,          5.07e-05,             1e-07,      -2.016442239,       1.601381757,       1.824967519,       3.481851669,       1.399890867,       4.922453201
        510,           0,          20,          5.07e-05,             1e-07,      -2.042567699,       1.600701494,       1.824336126,       3.465415977,       1.370975886,       4.913186365
        510,           0,          29,          5.07e-05,             1e-07,      -2.035858799,       1.611179458,       1.829558215,       3.394789331,       1.367491392,       4.917476254
        511,           0,           0,          5.08e-05,             1e-07,      -1.907252228,       1.604044269,       1.824157691,       3.569165462,       1.884077789,       4.910406487
        511,           0,          10,          5.08e-05,             1e-07,      -2.008120984,       1.601536207,       1.825419489,       3.485031684,       1.391286373,       4.934806912
        511,           0,          20,          5.08e-05,             1e-07,      -2.014809035,       1.600401073,       1.824261208,       3.480741112,       1.386617491,       4.931981479
        511,           0,          29,          5.08e-05,             1e-07,      -2.072817506,       1.607713502,       1.825524398,       3.399047822,       1.383934634,       4.935535966
        512,           0,           0,          5.09e-05,             1e-07,      -1.899672524,       1.603107612,       1.824297008,       3.575696938,       1.884740043,       4.928884396
        512,           0,          10,          5.09e-05,             1e-07,      -2.025311887,       1.605826955,       1.828251682,       3.481206598,       1.371322501,       4.931550563
        512,           0,          20,          5.09e-05,             1e-07,      -2.034378328,       1.603415444,       1.827408154,       3.466854122,        1.36972304,       4.928509174
        512,           0,          29,          5.09e-05,             1e-07,      -2.062790375,         1.6113132,       1.831581302,       3.417021475,       1.363027291,       4.934828111
        513,           0,           0,           5.1e-05,             1e-07,      -1.908320612,        1.60752355,       1.827188349,       3.566522682,       1.884374037,       4.935875666
        513,           0,          10,           5.1e-05,             1e-07,      -2.066924703,       1.603745698,       1.826938378,       3.448194674,       1.347800609,       4.909791933
        513,           0,          20,           5.1e-05,             1e-07,      -2.054050909,       1.603165043,       1.826270466,       3.454021943,       1.378801163,       4.920602874
        513,           0,          29,           5.1e-05,             1e-07,      -2.069909038,       1.606776392,        1.82641193,       3.420631207,       1.351846206,       4.914575342
        514,           0,           0,          5.11e-05,             1e-07,      -1.931765335,       1.603191276,       1.823949773,       3.547517788,       1.885088863,       4.932325458
        514,           0,          10,          5.11e-05,             1e-07,      -2.087081484,       1.605494608,       1.827175961,       3.422971612,       1.342522231,       4.869888985
        514,           0,          20,          5.11e-05,             1e-07,      -2.091449605,       1.606385543,       1.829525229,       3.425108538,       1.348938977,       4.874126318
        514,           0,          29,          5.11e-05,             1e-07,      -2.055118269,       1.611965158,       1.830718685,       3.429821132,       1.356924697,       4.879048861
        515,           0,           0,          5.12e-05,             1e-07,      -1.935622873,       1.607382049,       1.828212945,       3.543531746,       1.884014375,       4.900992667
        515,           0,          10,          5.12e-05,             1e-07,      -2.087664437,       1.604167955,       1.828052261,       3.435736162,       1.357253669,       4.827420929
        515,           0,          20,          5.12e-05,             1e-07,      -2.049433181,       1.603529212,       1.826847961,       3.450544119,       1.365084345,       4.844388785
        515,           0,          29,          5.12e-05,             1e-07,      -2.132956896,       1.609239735,       1.832024957,       3.342587605,       1.356107416,       4.833481009
        516,           0,           0,          5.13e-05,             1e-07,      -1.948365332,       1.607354734,         1.8285988,        3.53459129,       1.883807373,       4.870619663
        516,           0,          10,          5.13e-05,             1e-07,      -2.088764771,       1.605779926,       1.828962027,       3.439142426,       1.386139302,       4.823118429
        516,           0,          20,          5.13e-05,             1e-07,      -2.080302529,       1.607204957,       1.829641531,       3.433678012,        1.39099977,       4.832803089
        516,           0,          29,          5.13e-05,             1e-07,      -2.085971797,       1.611836111,       1.831443995,       3.407095886,        1.38735496,       4.824545018
        517,           0,           0,          5.14e-05,             1e-07,      -1.937755039,       1.609032901,       1.829406556,       3.537478206,       1.883415885,       4.853690722
        517,           0,          10,          5.14e-05,             1e-07,      -2.082008543,       1.605788072,       1.828873908,       3.432806367,       1.418933176,       4.854190355
        517,           0,          20,          5.14e-05,             1e-07,      -2.076189718,       1.602984408,       1.826369782,       3.436193367,       1.408850634,       4.859832278
        517,           0,          29,          5.14e-05,             1e-07,      -2.096335152,       1.609094087,       1.829039301,       3.383486508,       1.397222736,       4.850028157
        518,           0,           0,          5.15e-05,             1e-07,      -1.940451507,       1.606452069,        1.82665134,        3.53205148,       1.885316863,       4.861350407
        518,           0,          10,          5.15e-05,             1e-07,      -2.071141941,       1.602227397,       1.824663107,       3.438779551,       1.423740338,       4.864442843
        518,           0,          20,          5.15e-05,             1e-07,      -2.058104892,       1.599180853,       1.821120284,       3.433576557,       1.423661467,       4.873097607
        518,           0,          29,          5.15e-05,             1e-07,      -2.072790303,       1.606089191,       1.824051617,       3.375903053,       1.424109175,       4.874438127
        519,           0,           0,          5.16e-05,             1e-07,      -1.929358926,        1.60214526,        1.82254931,       3.542343575,       1.885389071,       4.868803054
        519,           0,          10,          5.16e-05,             1e-07,      -2.032063423,       1.603184359,       1.826436116,       3.464857453,       1.424154006,       4.862725431
        519,           0,          20,          5.16e-05,             1e-07,      -2.059638052,       1.600581068,        1.82269768,       3.439082265,       1.427430423,       4.863130678
        519,           0,          29,          5.16e-05,             1e-07,      -2.056674969,       1.609495061,       1.825926415,       3.392049335,       1.413034544,       4.867067788
        520,           0,           0,          5.17e-05,             1e-07,      -1.929698559,       1.600891716,       1.821328672,       3.540841505,       1.888252902,       4.876189887
        520,           0,          10,          5.17e-05,             1e-07,      -1.987808718,       1.599452179,       1.822859915,       3.502198464,       1.449011789,       4.877454395
        520,           0,          20,          5.17e-05,             1e-07,      -2.020082628,       1.599321753,       1.822427462,       3.467822775,       1.428917753,       4.868555535
        520,           0,          29,          5.17e-05,             1e-07,      -2.019198611,       1.609661062,       1.826215756,       3.432041219,       1.418703181,       4.866157268
        521,           0,           0,          5.18e-05,             1e-07,      -1.907142485,       1.602574809,       1.823648927,        3.56313203,       1.891354073,       4.879121432
        521,           0,          10,          5.18e-05,             1e-07,       -2.02528484,       1.598484952,       1.820796871,       3.467634751,       1.441653099,       4.867028277
        521,           0,          20,          5.18e-05,             1e-07,      -2.035949685,       1.602368343,       1.822062654,       3.447489539,       1.438823483,       4.873508706
        521,           0,          29,          5.18e-05,             1e-07,      -2.023975243,       1.609128641,        1.82730141,       3.423980389,       1.423760281,       4.857894137
        522,           0,           0,          5.19e-05,             1e-07,      -1.917047915,       1.604404075,       1.825943056,       3.552531755,       1.893625438,       4.876095063
        522,           0,          10,          5.19e-05,             1e-07,      -2.036468145,       1.597154739,       1.820026004,       3.456617001,       1.431658519,       4.863519013
        522,           0,          20,          5.19e-05,             1e-07,      -2.059144612,       1.602784778,       1.824695905,       3.431834629,       1.450250598,       4.861666519
        522,           0,          29,          5.19e-05,             1e-07,      -2.044879896,       1.610332623,       1.826086035,       3.409545734,       1.424633074,       4.857078415
        523,           0,           0,           5.2e-05,             1e-07,       -1.91702324,       1.603189112,       1.823654635,        3.55246439,       1.894700749,       4.876031326
        523,           0,          10,           5.2e-05,             1e-07,       -2.02092199,       1.598678399,        1.81997659,       3.460219934,       1.450992251,       4.870022722
        523,           0,          20,           5.2e-05,             1e-07,      -2.078138269,       1.600717235,       1.822048831,       3.407840237,       1.443183148,        4.86959666
        523,           0,          29,           5.2e-05,             1e-07,      -2.020154374,       1.612276015,       1.830941973,       3.429875077,       1.437649243,       4.864697564
        524,           0,           0,          5.21e-05,             1e-07,      -1.925744626,       1.607114567,       1.828151782,       3.539581998,       1.893703303,       4.874412826
        524,           0,          10,          5.21e-05,             1e-07,      -2.060022042,       1.606200995,       1.828991718,       3.435401438,       1.455771731,       4.845003422
        524,           0,          20,          5.21e-05,             1e-07,       -2.04648732,       1.602711645,       1.827418823,       3.447097905,       1.460482416,       4.852767275
        524,           0,          29,          5.21e-05,             1e-07,      -2.019733749,       1.608972816,       1.829821053,        3.43722235,       1.449145557,       4.857795135
        525,           0,           0,          5.22e-05,             1e-07,      -1.935163723,       1.605645546,       1.826684897,       3.528749831,       1.893340008,       4.862796781
        525,           0,          10,          5.22e-05,             1e-07,      -2.044733418,       1.604387839,       1.828068423,       3.447422973,       1.457757756,       4.855737161
        525,           0,          20,          5.22e-05,             1e-07,      -2.036674911,       1.604151185,       1.826245804,       3.468142532,       1.471696492,       4.861651587
        525,           0,          29,          5.22e-05,             1e-07,      -2.001714491,       1.612046058,        1.83050665,       3.466977403,       1.466026234,       4.861216962
        526,           0,           0,          5.23e-05,             1e-07,      -1.913687411,        1.60723259,       1.827514166,       3.549870949,       1.893421844,       4.868423592
        526,           0,          10,          5.23e-05,             1e-07,      -2.032015361,       1.604151608,       1.828087793,       3.454673672,       1.484378864,       4.876119248
        526,           0,          20,          5.23e-05,             1e-07,      -2.025644006,       1.597398916,       1.818955332,       3.457697986,       1.472577822,       4.875654164
        526,           0,          29,          5.23e-05,             1e-07,      -2.006298409,       1.606752217,       1.826315384,       3.437406354,       1.475499075,       4.873985845
        527,           0,           0,          5.24e-05,             1e-07,      -1.901528511,       1.603566135,       1.824111776,       3.567599063,       1.896073569,       4.875720526
        527,           0,          10,          5.24e-05,             1e-07,      -2.026008823,       1.602870029,       1.825335531,        3.46173338,       1.506289124,       4.889706354
        527,           0,          20,          5.24e-05,             1e-07,      -2.001049274,       1.608510643,       1.831499063,       3.478273127,       1.510440125,        4.88698337
        527,           0,          29,          5.24e-05,             1e-07,      -2.033401705,       1.611803476,       1.830271552,       3.403656273,       1.490297401,       4.896402189
        528,           0,           0,          5.25e-05,             1e-07,      -1.896771326,       1.606818987,       1.826417446,       3.565589144,       1.897432355,       4.880081995
        528,           0,          10,          5.25e-05,             1e-07,      -2.058960399,       1.602489603,       1.824264869,       3.432332591,       1.507042276,       4.894254734
        528,           0,          20,          5.25e-05,             1e-07,      -2.041944761,       1.605783523,       1.828017321,       3.441934734,       1.501618943,       4.893588719
        528,           0,          29,          5.25e-05,             1e-07,      -1.978119791,       1.610903219,       1.829880062,       3.483387216,       1.496983175,       4.898401428
        529,           0,           0,          5.26e-05,             1e-07,      -1.897857229,       1.605925902,        1.82518093,       3.553585763,       1.897034635,       4.893333382
        529,           0,          10,          5.26e-05,             1e-07,      -2.021684207,       1.602999845,       1.822513197,       3.467699951,       1.511898277,       4.923374431
        529,           0,          20,          5.26e-05,             1e-07,      -2.004224107,       1.606523497,       1.825000296,       3.489449135,        1.50569099,         4.9201829
        529,           0,          29,          5.26e-05,             1e-07,       -1.96735471,       1.612982296,       1.831540892,       3.515650019,       1.519128889,       4.931599712
        530,           0,           0,          5.27e-05,             1e-07,      -1.888329614,       1.607616198,       1.825227686,       3.563801845,        1.89830205,       4.915762354
        530,           0,          10,          5.27e-05,             1e-07,      -1.978140512,       1.605494906,        1.82442244,       3.520034942,       1.509201475,       4.914489834
        530,           0,          20,          5.27e-05,             1e-07,      -2.003722211,       1.604664767,       1.822667587,       3.468068756,       1.514091729,       4.919473451
        530,           0,          29,          5.27e-05,             1e-07,      -2.009854705,       1.611152753,       1.824876843,       3.472809906,       1.573003971,       4.988811785
        531,           0,           0,          5.28e-05,             1e-07,      -1.876830633,       1.605527047,       1.821280691,       3.581556139,       1.908650167,       4.926566583
        531,           0,          10,          5.28e-05,             1e-07,      -2.006588429,       1.607710164,       1.824945783,       3.483507628,       1.508621795,       4.894163135
        531,           0,          20,          5.28e-05,             1e-07,      -1.915536645,       1.609684883,       1.820963434,       3.572371766,       1.521623593,       4.900042411
        531,           0,          29,          5.28e-05,             1e-07,      -1.974758121,       1.607772982,       1.820850906,       3.463840971,       1.500391336,       4.896826953
        532,           0,           0,          5.29e-05,             1e-07,      -1.836395531,       1.607143872,       1.816971624,       3.621466744,       1.904354747,       4.908322072
        532,           0,          10,          5.29e-05,             1e-07,      -1.973295079,       1.605123955,       1.818538221,       3.530231679,       1.514975402,       4.902700079
        532,           0,          20,          5.29e-05,             1e-07,       -1.97905297,       1.602989542,       1.815063304,       3.517169989,       1.523753115,       4.907823615
        532,           0,          29,          5.29e-05,             1e-07,      -1.928515993,       1.602022835,       1.820303923,       3.546756018,       1.543527244,       4.918063032
        533,           0,           0,           5.3e-05,             1e-07,      -1.800618339,       1.606798719,       1.813374407,       3.660455981,       1.910427439,       4.947876321
        533,           0,          10,           5.3e-05,             1e-07,      -1.921139636,       1.604464404,       1.816155636,       3.550622964,       1.656319716,       4.996946511
        533,           0,          20,           5.3e-05,             1e-07,      -1.941843612,       1.597807123,       1.813138241,       3.540366249,       1.646875367,       4.980966027
        533,           0,          29,           5.3e-05,             1e-07,      -1.978198381,       1.604869455,       1.815131498,       3.480676447,       1.666403047,       4.989408182
        534,           0,           0,          5.31e-05,             1e-07,       -1.79572602,       1.609998943,       1.812431459,       3.672761165,       1.916037775,       4.978204454
        534,           0,          10,          5.31e-05,             1e-07,      -1.982064763,       1.593651876,       1.807834293,       3.488929601,       1.569796594,       5.001008738
        534,           0,          20,          5.31e-05,             1e-07,      -1.972990807,       1.593695637,        1.80545957,       3.502349293,        1.56729251,       5.000175163
        534,           0,          29,          5.31e-05,             1e-07,      -1.965848139,       1.597114341,       1.808448628,       3.504384753,       1.546175023,       5.000531778
        535,           0,           0,          5.32e-05,             1e-07,      -1.822238419,       1.600067566,       1.808490845,       3.638958653,       1.945748116,       5.037240394
        535,           0,          10,          5.32e-05,             1e-07,       -1.99128075,       1.597788169,       1.810071322,       3.487419072,       1.591190627,       5.015083231
        535,           0,          20,          5.32e-05,             1e-07,      -1.983126153,       1.591152098,       1.803851289,        3.50317939,       1.576673118,       5.008695092
        535,           0,          29,          5.32e-05,             1e-07,      -1.951770276,       1.595067502,       1.806230502,       3.511643707,       1.569935865,        5.00916763
        536,           0,           0,          5.33e-05,             1e-07,      -1.828466773,        1.59760016,       1.804812487,       3.628616572,       1.932957608,       5.029332048
        536,           0,          10,          5.33e-05,             1e-07,      -2.028675297,       1.590213427,        1.80648074,       3.479137739,       1.546044092,       4.986495671
        536,           0,          20,          5.33e-05,             1e-07,      -2.020401547,       1.590166714,       1.806774386,       3.460604469,       1.514117563,       4.977118002
        536,           0,          29,          5.33e-05,             1e-07,      -1.944705767,       1.595808603,       1.807633469,       3.545927431,       1.514272893,       4.978601581
        537,           0,           0,          5.34e-05,             1e-07,      -1.843413068,        1.60119915,       1.806875271,       3.610561946,       1.916809519,       5.003665164
        537,           0,          10,          5.34e-05,             1e-07,      -2.013260227,       1.596165877,       1.809788314,       3.461461587,       1.539484829,       4.959654495
        537,           0,          20,          5.34e-05,             1e-07,      -2.008780176,       1.589834927,       1.804602994,       3.474485321,        1.52054846,       4.955802591
        537,           0,          29,          5.34e-05,             1e-07,      -1.944780138,       1.598016263,       1.808476318,       3.521727119,       1.536121587,       4.962817262
        538,           0,           0,          5.35e-05,             1e-07,      -1.844804067,       1.601399217,       1.808307887,       3.610040706,       1.913309407,       4.992427051
        538,           0,          10,          5.35e-05,             1e-07,      -2.010545278,       1.583564608,       1.800534997,       3.476278134,       1.522752679,       4.942581386
        538,           0,          20,          5.35e-05,             1e-07,      -2.005396562,       1.589254446,        1.80400152,       3.465454181,       1.547595585,       4.946384487
        538,           0,          29,          5.35e-05,             1e-07,      -1.915062435,       1.590609617,        1.80156912,       3.583077837,       1.538511723,       4.949726836
        539,           0,           0,          5.36e-05,             1e-07,       -1.84331372,       1.588544169,       1.801212126,       3.609212932,       1.909634684,       4.978761625
        539,           0,          10,          5.36e-05,             1e-07,      -2.011108717,         1.5938101,        1.80890311,       3.492548343,       1.545721523,       4.935797884
        539,           0,          20,          5.36e-05,             1e-07,      -2.000209529,       1.592576203,       1.806177091,       3.487081551,       1.530841619,       4.927453499
        539,           0,          29,          5.36e-05,             1e-07,      -1.903946304,        1.59944621,       1.806358587,       3.574261647,       1.542469631,       4.931206031
        540,           0,           0,          5.37e-05,             1e-07,      -1.849686682,       1.598906123,       1.808200284,       3.599816709,       1.908700206,       4.959314912
        540,           0,          10,          5.37e-05,             1e-07,      -2.018678942,       1.593938906,       1.808304301,       3.466705071,       1.516662445,       4.879229852
        540,           0,          20,          5.37e-05,             1e-07,      -1.994003957,       1.601190017,       1.814906712,       3.490720356,       1.535293152,       4.883079898
        540,           0,          29,          5.37e-05,             1e-07,      -1.928669723,       1.596021091,       1.804331661,       3.538467658,       1.528677432,       4.870419073
        541,           0,           0,          5.38e-05,             1e-07,      -1.851236578,       1.600601457,       1.806171228,       3.593833168,        1.90950985,       4.923654188
        541,           0,          10,          5.38e-05,             1e-07,      -2.003134041,       1.590213948,       1.802257675,       3.476837626,       1.510366149,       4.851098275
        541,           0,          20,          5.38e-05,             1e-07,      -2.017372297,       1.595938174,       1.808615464,       3.461577041,       1.526079143,       4.849698344
        541,           0,          29,          5.38e-05,             1e-07,      -1.941709372,       1.600835814,       1.808025909,       3.530407821,       1.533999181,       4.861039019
        542,           0,           0,          5.39e-05,             1e-07,      -1.841057513,       1.603262496,       1.806155784,       3.606008239,       1.910543769,       4.909528235
        542,           0,          10,          5.39e-05,             1e-07,       -2.01167778,       1.591117259,       1.804108883,       3.462944508,       1.522133188,       4.849677827
        542,           0,          20,          5.39e-05,             1e-07,      -2.019004507,       1.587903877,       1.799654763,       3.451858053,        1.51502018,       4.851160334
        542,           0,          29,          5.39e-05,             1e-07,      -1.945203223,       1.592093056,        1.80031802,       3.503383047,       1.514102688,       4.847714034
        543,           0,           0,           5.4e-05,             1e-07,      -1.854368096,        1.59868086,        1.80351808,       3.587437246,       1.910516335,       4.875086448
        543,           0,          10,           5.4e-05,             1e-07,       -2.01298471,       1.586588248,       1.799703407,       3.455174983,       1.536104593,       4.893441132
        543,           0,          20,           5.4e-05,             1e-07,      -2.020297146,       1.594000876,       1.805689626,       3.448593965,       1.529026084,       4.890589739
        543,           0,          29,           5.4e-05,             1e-07,      -1.941759123,       1.591314359,       1.801584456,       3.531787082,       1.533640042,       4.896487997
        544,           0,           0,          5.41e-05,             1e-07,      -1.846366542,       1.594312189,       1.800109169,       3.598746691,       1.910895522,       4.893715015
        544,           0,          10,          5.41e-05,             1e-07,       -2.02690287,       1.589233065,       1.803301341,       3.438009975,        1.52794199,       4.895578576
        544,           0,          20,          5.41e-05,             1e-07,      -2.038660659,       1.590928683,       1.803185608,       3.426720987,       1.509172975,       4.874819333
        544,           0,          29,          5.41e-05,             1e-07,      -1.947031601,       1.596013866,       1.802450692,       3.498254457,       1.515249792,       4.854693401
        545,           0,           0,          5.42e-05,             1e-07,      -1.853760634,       1.597301469,       1.802936724,       3.587279145,       1.912798521,       4.879898452
        545,           0,          10,          5.42e-05,             1e-07,      -2.042037032,       1.588143526,        1.80485686,       3.451746316,       1.504579195,       4.804003255
        545,           0,          20,          5.42e-05,             1e-07,      -2.037376766,       1.586909689,       1.803722882,       3.427248771,       1.512601957,       4.805003079
        545,           0,          29,          5.42e-05,             1e-07,      -1.948441562,        1.59254768,       1.802581031,       3.499100056,       1.514068755,       4.817159736
        546,           0,           0,          5.43e-05,             1e-07,      -1.848322339,       1.594125437,       1.804811328,       3.589777168,       1.913599279,       4.876846938
        546,           0,          10,          5.43e-05,             1e-07,      -2.020632218,       1.583843636,       1.803305232,       3.464343064,       1.508192204,       4.793308301
        546,           0,          20,          5.43e-05,             1e-07,      -2.024400887,       1.584439831,       1.803455599,       3.441418462,       1.495864514,       4.795175756
        546,           0,          29,          5.43e-05,             1e-07,      -1.946460869,        1.59250398,       1.800331722,       3.510844341,       1.508754629,       4.799296373
        547,           0,           0,          5.44e-05,             1e-07,      -1.842956896,       1.591230127,       1.804283075,       3.602276896,       1.913435451,       4.849432817
        547,           0,          10,          5.44e-05,             1e-07,      -1.998461854,       1.581642735,       1.802513246,       3.499021694,       1.493905236,       4.845276649
        547,           0,          20,          5.44e-05,             1e-07,      -2.035627694,       1.579762961,       1.801081802,        3.44797933,       1.486885938,       4.845275775
        547,           0,          29,          5.44e-05,             1e-07,      -1.983591502,       1.584656209,       1.796213908,       3.432795639,       1.497454086,       4.851454279
        548,           0,           0,          5.45e-05,             1e-07,      -1.858633599,       1.584224378,        1.79754948,       3.584509442,       1.912562373,       4.858383855
        548,           0,          10,          5.45e-05,             1e-07,       -2.01858655,       1.578219554,       1.799931984,        3.46920462,       1.500704808,        4.93934421
        548,           0,          20,          5.45e-05,             1e-07,      -2.036234393,       1.585742409,        1.80614921,       3.449327847,       1.492927797,       4.933329599
        548,           0,          29,          5.45e-05,             1e-07,      -1.997290091,       1.586137058,       1.799542466,       3.444091733,       1.504358787,       4.938017461
        549,           0,           0,          5.46e-05,             1e-07,      -1.879372267,       1.583268431,       1.798255897,        3.56956204,       1.913011668,        4.89605082
        549,           0,          10,          5.46e-05,             1e-07,      -2.040833891,       1.581405379,       1.801239659,       3.452477534,       1.498135956,       4.972724689
        549,           0,          20,          5.46e-05,             1e-07,      -2.044253439,       1.576306699,       1.795294488,       3.438642126,       1.489945968,        4.96851056
        549,           0,          29,          5.46e-05,             1e-07,      -1.996060141,        1.58611852,        1.79617425,       3.455120121,       1.499619239,       4.969834558
        550,           0,           0,          5.47e-05,             1e-07,      -1.871853886,       1.583340227,       1.798797301,        3.57471631,       1.914567661,       4.939718196
        550,           0,          10,          5.47e-05,             1e-07,       -2.03165288,       1.582681242,       1.800594489,       3.490534826,       1.506672285,       4.959938123
        550,           0,          20,          5.47e-05,             1e-07,      -2.046588707,       1.581619874,       1.799793301,       3.428374264,       1.498061019,       4.961442584
        550,           0,          29,          5.47e-05,             1e-07,       -2.01116224,       1.592146063,       1.802862221,       3.427913541,       1.508762845,       4.963754755
        551,           0,           0,          5.48e-05,             1e-07,      -1.871033557,        1.58664221,       1.798667443,       3.568685485,       1.911924963,       4.951697671
        551,           0,          10,          5.48e-05,             1e-07,      -2.052423769,       1.573140024,       1.794317621,         3.4277285,        1.49817159,       4.931371594
        551,           0,          20,          5.48e-05,             1e-07,      -2.004889372,       1.578405456,         1.7970466,       3.476410182,       1.505182723,       4.941384467
        551,           0,          29,          5.48e-05,             1e-07,      -2.008980322,       1.585425553,       1.796003676,       3.412725168,       1.507402297,       4.933033074
        552,           0,           0,          5.49e-05,             1e-07,      -1.874688746,       1.584489173,       1.798011158,       3.558646346,       1.911667054,       4.951395654
        552,           0,          10,          5.49e-05,             1e-07,       -2.03637191,        1.57721983,       1.796501208,       3.440415049,       1.503877621,       4.920999124
        552,           0,          20,          5.49e-05,             1e-07,      -2.037316236,       1.581990103,       1.800815347,       3.439739715,       1.505586338,       4.927893253
        552,           0,          29,          5.49e-05,             1e-07,      -2.012082171,       1.586524051,       1.800765187,       3.419106008,       1.518006875,       4.930570114
        553,           0,           0,           5.5e-05,             1e-07,      -1.870704312,       1.584770274,        1.79738649,       3.566599935,       1.912665911,         4.9501429
        553,           0,          10,           5.5e-05,             1e-07,      -2.042646761,        1.58309644,       1.804743001,        3.43319249,       1.508504976,       4.931889253
        553,           0,          20,           5.5e-05,             1e-07,      -2.033726445,       1.582933141,       1.802216802,       3.434976791,       1.503539283,       4.934012545
        553,           0,          29,           5.5e-05,             1e-07,      -2.005219756,       1.587222237,       1.800243662,       3.436630276,       1.511880935,        4.93268214
        554,           0,           0,          5.51e-05,             1e-07,      -1.882196539,       1.583421828,       1.798936431,         3.5619591,        1.91044643,       4.942342222
        554,           0,          10,          5.51e-05,             1e-07,      -2.032821249,       1.578677184,       1.799430374,       3.455794185,       1.508684255,       4.948725922
        554,           0,          20,          5.51e-05,             1e-07,      -2.060143183,       1.587896806,       1.806424033,       3.424309265,       1.501414303,       4.941351121
        554,           0,          29,          5.51e-05,             1e-07,      -2.036743451,       1.594534777,       1.806706961,       3.384780693,       1.515991385,       4.951093348
        555,           0,           0,          5.52e-05,             1e-07,      -1.875457304,       1.588966525,       1.805305564,       3.573979993,         1.9095381,       4.946329474
        555,           0,          10,          5.52e-05,             1e-07,      -2.062462831,       1.589180204,       1.808702923,       3.421321019,       1.513525893,       4.941974873
        555,           0,          20,          5.52e-05,             1e-07,       -2.04555632,        1.58755887,        1.80522814,       3.426083348,        1.50583027,       4.935727998
        555,           0,          29,          5.52e-05,             1e-07,      -2.004821363,       1.592311082,       1.803358186,       3.429656141,       1.513718798,       4.931477638
        556,           0,           0,          5.53e-05,             1e-07,      -1.894053212,       1.588344678,       1.806307681,        3.55735317,       1.907757379,       4.944827121
        556,           0,          10,          5.53e-05,             1e-07,      -2.027093915,       1.577928971,       1.798665682,       3.462224263,       1.499004947,       4.893194589
        556,           0,          20,          5.53e-05,             1e-07,      -2.052159696,       1.580661325,       1.799158994,       3.431305565,       1.505014808,       4.905572627
        556,           0,          29,          5.53e-05,             1e-07,      -2.027617403,       1.586575353,       1.798014859,       3.402467799,       1.491126469,       4.904674204
        557,           0,           0,          5.54e-05,             1e-07,      -1.894635814,       1.582289459,       1.799480218,       3.550602768,       1.907451388,       4.922651826
        557,           0,          10,          5.54e-05,             1e-07,      -2.034415764,       1.576299913,       1.796865643,       3.447766644,       1.510923714,       4.893979975
        557,           0,          20,          5.54e-05,             1e-07,      -2.050521556,       1.583392883,       1.799383745,       3.420651128,       1.509436083,       4.886292086
        557,           0,          29,          5.54e-05,             1e-07,      -2.007660452,       1.588104466,       1.799880094,       3.432612422,       1.510457321,       4.886216094
        558,           0,           0,          5.55e-05,             1e-07,      -1.891701964,       1.581860452,       1.799428662,       3.557636629,       1.906333726,        4.90683981
        558,           0,          10,          5.55e-05,             1e-07,      -2.024705303,       1.578686934,       1.797950748,       3.457581712,       1.516133782,       4.880186586
        558,           0,          20,          5.55e-05,             1e-07,      -2.038051638,       1.579792273,       1.796627549,       3.435657067,       1.523570902,        4.87869933
        558,           0,          29,          5.55e-05,             1e-07,      -2.008528327,       1.586268534,        1.79734816,       3.438204205,       1.516639789,       4.882746646
        559,           0,           0,          5.56e-05,             1e-07,      -1.869673145,       1.576808696,       1.793701644,       3.594271352,        1.90723338,       4.909757411
        559,           0,          10,          5.56e-05,             1e-07,      -2.057835981,       1.569389172,       1.789827822,       3.428931121,       1.512896769,       4.867937963
        559,           0,          20,          5.56e-05,             1e-07,      -2.026067102,       1.569944534,       1.789091542,       3.460980896,       1.513339252,       4.881628254
        559,           0,          29,          5.56e-05,             1e-07,      -2.041381401,       1.577272843,        1.78989682,       3.410150301,       1.513256253,       4.871719538
        560,           0,           0,          5.57e-05,             1e-07,      -1.899091674,       1.572828902,       1.789587205,       3.557637818,        1.90487556,        4.88395184
        560,           0,          10,          5.57e-05,             1e-07,      -2.091948406,       1.567415112,       1.786937794,       3.399684564,       1.504456824,       4.876984449
        560,           0,          20,          5.57e-05,             1e-07,      -2.050382491,       1.561400855,       1.779351904,       3.433841117,       1.496914534,       4.877864538
        560,           0,          29,          5.57e-05,             1e-07,      -2.045285103,       1.567481822,       1.780993825,       3.409820341,       1.489966574,       4.871836681
        561,           0,           0,          5.58e-05,             1e-07,      -1.910882028,        1.56430985,       1.783497808,       3.544675601,       1.902868686,       4.892159946
        561,           0,          10,          5.58e-05,             1e-07,      -2.096421222,       1.559735432,       1.779823804,       3.390308211,       1.472556711,       4.925600711
        561,           0,          20,          5.58e-05,             1e-07,      -2.059848272,       1.554226507,       1.776133491,         3.4243354,       1.468131915,       4.924526063
        561,           0,          29,          5.58e-05,             1e-07,      -2.082623592,       1.561481334,       1.777075644,       3.369987856,       1.461012752,       4.923762263
        562,           0,           0,          5.59e-05,             1e-07,      -1.914744561,        1.56125764,       1.778709489,       3.539611936,       1.901425891,       4.921038615
        562,           0,          10,          5.59e-05,             1e-07,      -2.014672995,       1.551039154,       1.774292917,       3.477219101,       1.444534611,        4.96802554
        562,           0,          20,          5.59e-05,             1e-07,      -2.076509965,       1.559193123,       1.779698868,       3.417667937,       1.449851611,       4.969072239
        562,           0,          29,          5.59e-05,             1e-07,      -2.059711825,       1.564994927,       1.779477091,       3.382541023,       1.443270717,       4.967636737
        563,           0,           0,           5.6e-05,             1e-07,       -1.91059729,       1.557880404,       1.777284359,       3.545303856,       1.900813197,       4.943409524
        563,           0,          10,           5.6e-05,             1e-07,      -2.064566132,       1.553672891,       1.772248316,       3.445517804,       1.426489797,       4.960183837
        563,           0,          20,           5.6e-05,             1e-07,      -2.077348204,        1.54878197,       1.768698871,       3.409329443,       1.421285916,       4.962321673
        563,           0,          29,           5.6e-05,             1e-07,      -2.050032373,       1.555984731,       1.768560958,       3.434304541,       1.432347206,       4.967895427
        564,           0,           0,          5.61e-05,             1e-07,      -1.921316131,       1.552140882,       1.770711132,       3.540216891,       1.900067738,       4.948679586
        564,           0,          10,          5.61e-05,             1e-07,       -2.08646978,       1.550386609,       1.768923535,       3.410600839,       1.406427219,       4.924056324
        564,           0,          20,          5.61e-05,             1e-07,      -2.092598389,       1.551425969,       1.768994037,       3.413071511,       1.395775096,       4.923838606
        564,           0,          29,          5.61e-05,             1e-07,      -2.016115598,       1.552358745,        1.76764158,       3.477665242,       1.408048463,       4.927584837
        565,           0,           0,          5.62e-05,             1e-07,      -1.927800382,       1.552410739,       1.768275092,       3.529712892,       1.896574951,       4.936018323
        565,           0,          10,          5.62e-05,             1e-07,      -2.065311606,       1.549987878,        1.76594644,       3.425678405,       1.382568412,       4.862693086
        565,           0,          20,          5.62e-05,             1e-07,      -2.113342093,       1.545912874,       1.760330676,       3.373607743,       1.383440568,       4.856900644
        565,           0,          29,          5.62e-05,             1e-07,      -2.014429706,       1.546110824,       1.759319069,       3.500050679,       1.395237167,       4.868302998
        566,           0,           0,          5.63e-05,             1e-07,       -1.93420619,       1.547155907,       1.759871222,       3.526715335,       1.894095711,       4.897311285
        566,           0,          10,          5.63e-05,             1e-07,       -2.10216619,       1.538945166,       1.754597563,       3.393620801,       1.393161238,       4.825265553
        566,           0,          20,          5.63e-05,             1e-07,      -2.118173398,       1.532655338,       1.749299409,       3.381280361,       1.361842792,       4.826843498
        566,           0,          29,          5.63e-05,             1e-07,      -2.023627216,       1.534177588,       1.748997467,       3.465710375,       1.391862906,       4.834572835
        567,           0,           0,          5.64e-05,             1e-07,      -1.941580879,       1.537275467,       1.749570289,       3.518598229,       1.892320258,       4.864889818
        567,           0,          10,          5.64e-05,             1e-07,      -2.108905802,       1.534518911,       1.749595576,       3.388861989,       1.381946015,       4.855971494
        567,           0,          20,          5.64e-05,             1e-07,      -2.123605364,       1.529582917,       1.746023186,       3.375415203,       1.400477057,       4.852992153
        567,           0,          29,          5.64e-05,             1e-07,      -2.059944788,       1.527035906,       1.741762047,       3.439225738,       1.397788569,       4.859766945
        568,           0,           0,          5.65e-05,             1e-07,      -1.949011371,       1.532568955,       1.743306503,       3.510558149,       1.891449006,       4.874010003
        568,           0,          10,          5.65e-05,             1e-07,      -2.107561398,       1.532071147,       1.747753781,       3.396836268,       1.424718651,       4.917714908
        568,           0,          20,          5.65e-05,             1e-07,      -2.115512088,       1.527202131,       1.744153292,       3.374863819,        1.38117523,       4.916805659
        568,           0,          29,          5.65e-05,             1e-07,      -1.981460743,       1.526828728,       1.742034733,       3.543039499,       1.404667166,       4.913883475
        569,           0,           0,          5.66e-05,             1e-07,      -1.950345658,       1.531803494,       1.743318181,       3.508679694,       1.892837885,       4.908539085
        569,           0,          10,          5.66e-05,             1e-07,      -2.119439472,       1.531126178,       1.747435524,       3.388139907,       1.336889465,       4.924734915
        569,           0,          20,          5.66e-05,             1e-07,      -2.134312576,       1.524118885,       1.742419239,       3.369264109,       1.329314356,       4.928282623
        569,           0,          29,          5.66e-05,             1e-07,      -2.010847676,       1.525653866,       1.740003391,       3.491901186,       1.324369357,       4.925841979
        570,           0,           0,          5.67e-05,             1e-07,      -1.953032972,       1.529566875,       1.741559453,       3.505255485,       1.892702887,       4.917122453
        570,           0,          10,          5.67e-05,             1e-07,      -2.133565254,        1.52268624,       1.741798178,       3.386584161,       1.264053598,       4.919388735
        570,           0,          20,          5.67e-05,             1e-07,      -2.135762367,        1.52573678,        1.74458335,       3.386267102,       1.265834656,         4.9228637
        570,           0,          29,          5.67e-05,             1e-07,      -2.013690628,       1.527594395,       1.738407036,        3.48692177,       1.258342589,       4.924000955
        571,           0,           0,          5.68e-05,             1e-07,      -1.945732759,       1.527473255,       1.743013862,       3.516162741,       1.887609983,       4.919906251
        571,           0,          10,          5.68e-05,             1e-07,      -2.124197861,       1.524199495,       1.740652408,       3.382850128,        1.25150916,       4.908370819
        571,           0,          20,          5.68e-05,             1e-07,      -2.130716936,       1.524345811,       1.743480368,       3.399471407,       1.282424525,       4.914817917
        571,           0,          29,          5.68e-05,             1e-07,      -2.003642092,       1.528073083,       1.738447653,       3.491526701,       1.263705987,        4.90771976
        572,           0,           0,          5.69e-05,             1e-07,      -1.956686652,       1.530994874,       1.744761495,       3.510493696,       1.885778514,       4.914517183
        572,           0,          10,          5.69e-05,             1e-07,       -2.12088108,       1.520656695,        1.73888901,       3.402825404,       1.245298857,       4.879898222
        572,           0,          20,          5.69e-05,             1e-07,      -2.108913656,       1.524467482,       1.742125239,       3.407485713,       1.270588417,       4.883736826
        572,           0,          29,          5.69e-05,             1e-07,       -1.97602594,       1.522926171,       1.733031768,       3.527100585,       1.266424458,       4.887780866
        573,           0,           0,           5.7e-05,             1e-07,       -1.96497513,       1.526277458,       1.742055905,       3.500768735,       1.887039955,       4.908548317
        573,           0,          10,           5.7e-05,             1e-07,      -2.105687347,       1.524430318,        1.74350721,       3.432671807,       1.261251374,       4.871894937
        573,           0,          20,           5.7e-05,             1e-07,      -2.126198523,        1.52041041,       1.735524473,       3.391832979,       1.288388088,       4.868746368
        573,           0,          29,           5.7e-05,             1e-07,      -2.021546264,       1.520288391,       1.733836971,       3.493469822,        1.28086731,       4.868721859
        574,           0,           0,          5.71e-05,             1e-07,      -1.969922014,       1.525012659,       1.740760542,       3.498553351,       1.887254162,       4.897318429
        574,           0,          10,          5.71e-05,             1e-07,      -2.116318524,       1.525028167,       1.740558403,       3.398012328,       1.254818191,       4.877602442
        574,           0,          20,          5.71e-05,             1e-07,      -2.124706643,       1.520679291,       1.738055785,       3.384926503,       1.268677706,       4.875838238
        574,           0,          29,          5.71e-05,             1e-07,      -2.040271849,       1.519775315,        1.73106791,       3.455075089,       1.258738833,       4.877555549
        575,           0,           0,          5.72e-05,             1e-07,      -1.963390475,       1.524268725,       1.737249251,       3.505159726,       1.881901226,       4.888487254
        575,           0,          10,          5.72e-05,             1e-07,      -2.135566169,       1.526174367,       1.740496439,        3.37365149,       1.240228649,       4.887799437
        575,           0,          20,          5.72e-05,             1e-07,      -2.136650511,       1.522764773,       1.738575737,         3.3909274,       1.272991596,       4.883999445
        575,           0,          29,          5.72e-05,             1e-07,      -2.048515666,       1.518057079,       1.729471846,       3.433069385,       1.252153432,       4.883528958
        576,           0,           0,          5.73e-05,             1e-07,      -1.959043196,       1.522355385,       1.734038788,       3.513693377,       1.880533861,       4.886354579
        576,           0,          10,          5.73e-05,             1e-07,      -2.115701918,       1.523120054,       1.737767323,       3.401368883,       1.300859026,       4.904187818
        576,           0,          20,          5.73e-05,             1e-07,      -2.129504842,       1.527314053,       1.740515794,       3.390965799,       1.297859412,       4.898559356
        576,           0,          29,          5.73e-05,             1e-07,      -2.003657394,       1.522414125,       1.733033634,        3.50491796,       1.304618178,       4.886922009
        577,           0,           0,          5.74e-05,             1e-07,      -1.968260462,       1.526796305,       1.737303189,       3.501284141,        1.88224892,       4.886777694
        577,           0,          10,          5.74e-05,             1e-07,      -2.133624682,       1.527855474,       1.741745807,       3.382718289,       1.319010951,        4.89467208
        577,           0,          20,          5.74e-05,             1e-07,      -2.125133573,       1.530023021,       1.742247419,       3.381502988,        1.30167432,       4.893312259
        577,           0,          29,          5.74e-05,             1e-07,      -2.036450462,       1.527335928,       1.735688776,       3.446844805,       1.309509995,       4.899612323
        578,           0,           0,          5.75e-05,             1e-07,      -1.965507558,       1.531352151,       1.741961675,       3.505666105,       1.882208311,       4.909378653
        578,           0,          10,          5.75e-05,             1e-07,      -2.110910836,       1.528454103,       1.741317052,        3.40911579,       1.273318012,       4.905544163
        578,           0,          20,          5.75e-05,             1e-07,       -2.12499014,       1.522793873,       1.739860015,       3.388939958,       1.277508851,       4.901206916
        578,           0,          29,          5.75e-05,             1e-07,      -2.011287361,       1.524440345,       1.734623411,        3.47445161,       1.254020234,       4.890716629
        579,           0,           0,          5.76e-05,             1e-07,      -1.953015321,       1.532016554,       1.738699199,        3.51334006,       1.881091015,       4.903134901
        579,           0,          10,          5.76e-05,             1e-07,      -2.109697634,       1.535582396,       1.747426576,       3.393945958,       1.252528571,       4.841615879
        579,           0,          20,          5.76e-05,             1e-07,      -2.083211287,       1.539842265,       1.750395998,       3.407578823,       1.285633662,       4.846377211
        579,           0,          29,          5.76e-05,             1e-07,      -2.021118656,       1.533088511,       1.741432695,       3.499269271,       1.277002041,       4.841203667
        580,           0,           0,          5.77e-05,             1e-07,      -1.919747469,       1.532988023,       1.741567768,       3.551292337,       1.879203609,       4.853204594
        580,           0,          10,          5.77e-05,             1e-07,      -2.072798598,       1.538941878,       1.750784573,       3.424271449,       1.275365561,       4.721223423
        580,           0,          20,          5.77e-05,             1e-07,      -2.087991179,       1.527232108,       1.741212285,        3.43253667,       1.291339862,       4.733720311
        580,           0,          29,          5.77e-05,             1e-07,      -2.040393329,       1.529065985,       1.737852664,       3.461174563,       1.278286541,       4.738250108
        581,           0,           0,          5.78e-05,             1e-07,      -1.948767514,       1.537453155,       1.743231429,       3.522731414,       1.879402095,       4.777625074
        581,           0,          10,          5.78e-05,             1e-07,      -2.103418378,       1.522355898,       1.736909541,       3.403706595,       1.247507987,       4.693846559
        581,           0,          20,          5.78e-05,             1e-07,      -2.109510545,       1.528539194,       1.741074544,       3.411603684,       1.248474175,       4.723496972
        581,           0,          29,          5.78e-05,             1e-07,      -2.048485922,       1.523237463,        1.73520835,       3.457476457,       1.258535312,        4.72604413
        582,           0,           0,          5.79e-05,             1e-07,      -1.939242441,       1.532128188,       1.737973489,       3.530417466,       1.877671988,        4.77265644
        582,           0,          10,          5.79e-05,             1e-07,      -2.128069355,       1.529113393,       1.744725318,       3.402150163,         1.2509693,        4.80640806
        582,           0,          20,          5.79e-05,             1e-07,      -2.139896049,        1.52784067,       1.741866508,       3.379770166,       1.230134385,        4.80229558
        582,           0,          29,          5.79e-05,             1e-07,      -2.033293936,        1.53040293,       1.738548319,       3.471965169,       1.234334631,        4.80584115
        583,           0,           0,           5.8e-05,             1e-07,       -1.95699361,       1.535726697,       1.742638506,       3.515576496,       1.880151921,       4.805999639
        583,           0,          10,           5.8e-05,             1e-07,      -2.163072344,       1.523420052,       1.741889008,       3.376932499,       1.224618491,       4.853562416
        583,           0,          20,           5.8e-05,             1e-07,      -2.144478678,        1.52311294,        1.73753864,        3.36765663,       1.249338656,       4.860009389
        583,           0,          29,           5.8e-05,             1e-07,      -2.022671289,       1.518883757,       1.728525037,       3.492200807,       1.228089778,       4.858997186
        584,           0,           0,          5.81e-05,             1e-07,      -1.966068542,       1.526187362,       1.735612655,       3.510579447,       1.876604588,       4.826144574
        584,           0,          10,          5.81e-05,             1e-07,      -2.169586884,       1.523909565,        1.74177334,       3.366357673,       1.235036489,       4.864610473
        584,           0,          20,          5.81e-05,             1e-07,      -2.132896651,       1.528062004,       1.741136807,       3.386977923,       1.234922618,       4.871858822
        584,           0,          29,          5.81e-05,             1e-07,      -2.016129137,       1.523983831,       1.731876347,       3.479906067,        1.26653106,       4.874587346
        585,           0,           0,          5.82e-05,             1e-07,      -1.989309331,       1.526001577,        1.73765335,       3.487799539,       1.877080767,        4.85340401
        585,           0,          10,          5.82e-05,             1e-07,      -2.115525049,       1.524208823,       1.736834813,        3.40337225,       1.231430585,       4.866611358
        585,           0,          20,          5.82e-05,             1e-07,       -2.14761373,       1.521358547,       1.732536549,       3.372159896,       1.234804575,       4.870536863
        585,           0,          29,          5.82e-05,             1e-07,      -2.044533211,       1.519242309,       1.729465204,        3.43996064,       1.267084033,       4.873902974
        586,           0,           0,          5.83e-05,             1e-07,      -1.958508061,       1.522829601,        1.73356084,       3.523425363,       1.875323148,         4.8676617
        586,           0,          10,          5.83e-05,             1e-07,      -2.134404382,       1.518890271,       1.734054718,        3.39839909,        1.26202374,       4.892114357
        586,           0,          20,          5.83e-05,             1e-07,      -2.114639153,       1.517922747,       1.729896445,       3.390262269,        1.19772803,       4.889488573
        586,           0,          29,          5.83e-05,             1e-07,      -2.044427234,       1.518828223,       1.726774617,       3.426807583,       1.227173408,       4.893799704
        587,           0,           0,          5.84e-05,             1e-07,      -1.957778101,       1.524448591,       1.733346363,       3.522811972,       1.878405132,       4.895772867
        587,           0,          10,          5.84e-05,             1e-07,      -2.123766391,       1.521185944,       1.733419356,       3.374020074,       1.251906659,       4.907054177
        587,           0,          20,          5.84e-05,             1e-07,      -2.132520148,       1.523776384,       1.739975393,         3.3802547,       1.240232338,       4.903494341
        587,           0,          29,          5.84e-05,             1e-07,      -2.046148168,       1.524645314,       1.734327797,       3.448701667,        1.22978666,       4.906703632
        588,           0,           0,          5.85e-05,             1e-07,      -1.974497061,       1.529298491,       1.738531453,       3.496956925,       1.877798183,       4.912699163
        588,           0,          10,          5.85e-05,             1e-07,       -2.13967914,       1.528143639,       1.745454884,       3.402142044,       1.239559277,        4.89589674
        588,           0,          20,          5.85e-05,             1e-07,      -2.120151356,       1.522943468,       1.738444432,       3.391178787,       1.230933233,       4.900422848
        588,           0,          29,          5.85e-05,             1e-07,      -2.052515108,       1.520936805,       1.733700566,       3.425898888,       1.237674879,       4.912928558
        589,           0,           0,          5.86e-05,             1e-07,      -1.976976708,       1.525990063,       1.739465874,       3.497388295,        1.87724351,       4.907796727
        589,           0,          10,          5.86e-05,             1e-07,      -2.136733278,       1.530633857,       1.748749412,        3.37495044,       1.285174299,       4.899010766
        589,           0,          20,          5.86e-05,             1e-07,      -2.153512736,       1.540266515,       1.760423832,       3.361939336,       1.240667821,       4.892613907
        589,           0,          29,          5.86e-05,             1e-07,      -2.008043757,       1.541337856,       1.758070056,       3.500443748,       1.269377351,       4.897360209
        590,           0,           0,          5.87e-05,             1e-07,      -1.952226005,        1.54127688,       1.753131325,       3.525327956,       1.878319258,       4.907563148
        590,           0,          10,          5.87e-05,             1e-07,      -2.086952939,       1.549569992,        1.76373073,       3.430617538,       1.284195332,       4.845353524
        590,           0,          20,          5.87e-05,             1e-07,      -2.125289825,       1.532339334,        1.75207648,       3.398634798,       1.282657969,       4.812401314
        590,           0,          29,          5.87e-05,             1e-07,      -2.041148846,       1.539002095,       1.755461348,       3.435109514,       1.273127168,       4.833403417
        591,           0,           0,          5.88e-05,             1e-07,      -1.949057332,       1.545189158,       1.758997546,       3.518982993,       1.876389027,        4.85491688
        591,           0,          10,          5.88e-05,             1e-07,      -2.125408042,       1.537761653,       1.755233263,        3.38516107,       1.282963395,       4.692375675
        591,           0,          20,          5.88e-05,             1e-07,      -2.126512824,       1.538661984,       1.755182033,        3.38106326,       1.229644743,       4.723880737
        591,           0,          29,          5.88e-05,             1e-07,      -2.069772128,       1.533308286,       1.748296744,       3.428325583,       1.266908437,       4.716059919
        592,           0,           0,          5.89e-05,             1e-07,      -1.960058855,       1.538076584,       1.753539017,       3.516206041,       1.877681838,       4.777874052
        592,           0,          10,          5.89e-05,             1e-07,        -2.1135876,       1.541477885,       1.756793724,       3.386033736,       1.260589735,       4.668548227
        592,           0,          20,          5.89e-05,             1e-07,      -2.104126712,       1.538871458,       1.753163108,       3.386873675,       1.266379279,       4.703343726
        592,           0,          29,          5.89e-05,             1e-07,      -2.052714367,       1.537540246,       1.752913637,       3.427785139,       1.243565746,       4.650083586
        593,           0,           0,           5.9e-05,             1e-07,       -1.96884258,       1.541330624,       1.754553748,       3.505244363,       1.877658324,       4.722673437
        593,           0,          10,           5.9e-05,             1e-07,      -2.124960988,       1.541787193,       1.760437443,       3.378666247,       1.286989081,       4.688259135
        593,           0,          20,           5.9e-05,             1e-07,       -2.10623114,       1.542539803,       1.759113133,       3.390367304,       1.282901158,       4.696529418
        593,           0,          29,           5.9e-05,             1e-07,      -1.999069306,       1.536913939,       1.755688771,       3.479482845,        1.28944628,       4.688302067
        594,           0,           0,          5.91e-05,             1e-07,      -1.959221095,       1.543424101,        1.75555616,       3.516495391,       1.876153489,       4.715144369
        594,           0,          10,          5.91e-05,             1e-07,      -2.126896178,       1.538850157,       1.757295206,       3.385292919,       1.298246231,       4.701601121
        594,           0,          20,          5.91e-05,             1e-07,      -2.109758138,       1.541779787,       1.759779635,       3.379431039,       1.275494677,       4.693986093
        594,           0,          29,          5.91e-05,             1e-07,       -2.05112658,       1.536857588,        1.75049651,       3.422733523,        1.26453192,       4.695773188
        595,           0,           0,          5.92e-05,             1e-07,      -1.957429189,       1.543573346,       1.756657911,       3.503960369,       1.877423628,       4.782997379
        595,           0,          10,          5.92e-05,             1e-07,      -2.100979302,       1.539817787,       1.758485289,       3.404527041,       1.307024553,       4.810829303
        595,           0,          20,          5.92e-05,             1e-07,      -2.127415494,       1.545479567,       1.763820265,        3.37268911,       1.303505429,       4.757846759
        595,           0,          29,          5.92e-05,             1e-07,      -2.010575132,       1.545040529,       1.763371144,       3.444589791,       1.298964412,       4.740890871
        596,           0,           0,          5.93e-05,             1e-07,      -1.966574162,       1.547058306,       1.765198044,       3.501857482,       1.876410135,       4.757265984
        596,           0,          10,          5.93e-05,             1e-07,      -2.125368455,       1.543935846,        1.76375469,       3.382229119,       1.290290956,       4.738514476
        596,           0,          20,          5.93e-05,             1e-07,      -2.075533456,       1.543850508,        1.76593532,       3.423445226,       1.323548373,       4.773484726
        596,           0,          29,          5.93e-05,             1e-07,       -2.04978249,       1.544165179,       1.759776811,       3.438301433,       1.318403171,        4.76530998
        597,           0,           0,          5.94e-05,             1e-07,      -1.950425689,       1.546622612,       1.764060343,       3.518704659,       1.875903034,       4.738472993
        597,           0,          10,          5.94e-05,             1e-07,      -2.063424227,       1.542647993,       1.765882998,       3.441258035,       1.337575056,       4.739173176
        597,           0,          20,          5.94e-05,             1e-07,       -2.06337779,       1.550429446,       1.767233052,        3.42859318,       1.381440859,       4.815275028
        597,           0,          29,          5.94e-05,             1e-07,      -2.013746745,       1.548956429,       1.768088266,       3.469499253,       1.329195887,       4.751083946
        598,           0,           0,          5.95e-05,             1e-07,      -1.915270151,       1.548659163,       1.767295462,       3.556912926,       1.878179702,       4.721041943
        598,           0,          10,          5.95e-05,             1e-07,      -2.069034636,       1.553738718,       1.774666424,       3.475964447,       1.308468247,       4.728884489
        598,           0,          20,          5.95e-05,             1e-07,      -2.071956429,        1.54431394,       1.764975901,       3.422797027,       1.313685599,       4.802053993
        598,           0,          29,          5.95e-05,             1e-07,      -2.035098601,        1.54827848,        1.76940211,       3.447506656,       1.340874248,       4.778965799
        599,           0,           0,          5.96e-05,             1e-07,      -1.924920119,       1.553838264,        1.77121296,        3.54143576,        1.88116322,       4.767907301
        599,           0,          10,          5.96e-05,             1e-07,      -2.113697214,       1.547721863,        1.77015248,       3.408471312,       1.312182319,       4.745230046
        599,           0,          20,          5.96e-05,             1e-07,      -2.122541065,       1.547160317,       1.766797276,       3.399649082,       1.317933339,       4.697046162
        599,           0,          29,          5.96e-05,             1e-07,      -2.058183237,         1.5459298,        1.76195203,       3.416967162,       1.361345908,       4.788354674
        600,           0,           0,          5.97e-05,             1e-07,      -1.946336225,        1.54648479,       1.766275061,       3.523831105,       1.880567179,       4.777469136
        600,           0,          10,          5.97e-05,             1e-07,      -2.105908031,       1.543128172,       1.764054457,        3.41809963,       1.303103492,        4.66891922
        600,           0,          20,          5.97e-05,             1e-07,       -2.05621712,       1.541894969,       1.765531863,       3.440179416,        1.36089761,       4.737903381
        600,           0,          29,          5.97e-05,             1e-07,      -2.058129043,       1.540499248,       1.764103054,       3.413624002,       1.343942849,       4.718052902
        601,           0,           0,          5.98e-05,             1e-07,      -1.956586984,       1.548336512,       1.764104025,       3.516339487,       1.881520701,       4.788370284
        601,           0,          10,          5.98e-05,             1e-07,      -2.124772099,       1.546003723,       1.766646984,       3.414616238,       1.301884352,       4.788354636
        601,           0,          20,          5.98e-05,             1e-07,      -2.092334533,       1.547778986,       1.764434248,       3.416788675,       1.326281681,       4.791505234
        601,           0,          29,          5.98e-05,             1e-07,      -2.008846199,       1.536920479,       1.759300331,        3.51686166,       1.295809221,       4.767220983
        602,           0,           0,          5.99e-05,             1e-07,      -1.942321919,       1.543930637,       1.762633522,       3.532650456,       1.879191213,       4.748229037
        602,           0,          10,          5.99e-05,             1e-07,      -2.122673309,       1.545836598,        1.76579617,       3.387055968,       1.302067434,       4.912565131
        602,           0,          20,          5.99e-05,             1e-07,      -2.013171285,       1.545355096,       1.761128222,       3.489398305,       1.368182419,       4.935080633
        602,           0,          29,          5.99e-05,             1e-07,      -2.003349402,       1.541297374,        1.75811122,       3.477505404,       1.346619362,       4.938006514
        603,           0,           0,             6e-05,             1e-07,      -1.956748559,       1.543540271,       1.761555527,       3.517210726,       1.878960478,       4.850969849
        603,           0,          10,             6e-05,             1e-07,      -2.084190811,       1.546029341,       1.766431523,       3.421302757,       1.326897753,       4.933445576
        603,           0,          20,             6e-05,             1e-07,      -2.077253292,       1.541836168,       1.762311799,       3.419437194,       1.320273044,       4.937678009
        603,           0,          29,             6e-05,             1e-07,      -1.963446458,       1.539756132,       1.756264468,       3.507955233,        1.35852104,       4.948252349
        604,           0,           0,          6.01e-05,             1e-07,       -1.93849377,       1.541692352,        1.76080396,       3.528537577,       1.878837759,       4.895850389
        604,           0,          10,          6.01e-05,             1e-07,      -1.985096757,       1.542622907,       1.766907027,       3.495677001,       1.339329362,       4.882036844
        604,           0,          20,          6.01e-05,             1e-07,      -2.092498208,        1.53582407,       1.759486029,       3.422398687,       1.337153104,       4.884809295
        604,           0,          29,          6.01e-05,             1e-07,      -1.998970288,        1.53534467,       1.754046842,       3.503356379,       1.292121821,       4.871623516
        605,           0,           0,          6.02e-05,             1e-07,      -1.912374426,       1.540753187,       1.760420701,       3.566189082,       1.883606554,       4.932011454
        605,           0,          10,          6.02e-05,             1e-07,      -2.023473288,       1.539860936,       1.764104456,       3.471780322,       1.301166007,       4.843042433
        605,           0,          20,          6.02e-05,             1e-07,      -2.020986998,       1.540691877,       1.765938036,       3.467662799,       1.331073946,       4.859731738
        605,           0,          29,          6.02e-05,             1e-07,      -2.029744063,       1.540233548,        1.76161883,       3.463534945,       1.318029511,       4.852583615
        606,           0,           0,          6.03e-05,             1e-07,      -1.892373886,       1.541626666,       1.764207138,        3.58204576,       1.881540717,       4.896344869
        606,           0,          10,          6.03e-05,             1e-07,      -2.004176038,       1.541942223,       1.767517562,       3.493115142,       1.319919383,       4.821944102
        606,           0,          20,          6.03e-05,             1e-07,      -2.067757008,        1.54617515,       1.766465226,        3.43019238,       1.332838826,       4.813466908
        606,           0,          29,          6.03e-05,             1e-07,      -1.925820911,       1.541431834,       1.758758449,       3.539381304,       1.350976373,       4.827821536
        607,           0,           0,          6.04e-05,             1e-07,       -1.88677623,       1.540878485,       1.764427552,       3.587450756,       1.877319926,       4.854667686
        607,           0,          10,          6.04e-05,             1e-07,      -2.086636789,       1.552414731,       1.772871697,       3.434407872,        1.33665858,       4.807092862
        607,           0,          20,          6.04e-05,             1e-07,      -2.074504887,       1.546315051,       1.771092712,       3.429886052,       1.308828043,       4.782762465
        607,           0,          29,          6.04e-05,             1e-07,      -1.962132734,       1.547657538,       1.765800784,       3.558994311,       1.306638415,       4.783523102
        608,           0,           0,          6.05e-05,             1e-07,      -1.931443028,       1.549556325,       1.767103709,       3.548502723,       1.881619463,       4.826309382
        608,           0,          10,          6.05e-05,             1e-07,      -2.069632359,       1.543805437,       1.764246793,       3.449196382,       1.328763409,       4.737302015
        608,           0,          20,          6.05e-05,             1e-07,      -2.075645022,       1.550211356,       1.766200196,       3.429383597,       1.378186201,       4.767377499
        608,           0,          29,          6.05e-05,             1e-07,      -1.957197125,       1.540870813,       1.756444302,       3.513272041,       1.364711816,       4.726297865
        609,           0,           0,          6.06e-05,             1e-07,      -1.935360501,       1.543253635,       1.763044549,       3.550457043,       1.877233716,       4.747039615
        609,           0,          10,          6.06e-05,             1e-07,      -2.086541058,       1.547945223,       1.765868573,       3.424702182,       1.323892578,       4.676904829
        609,           0,          20,          6.06e-05,             1e-07,      -2.082568738,       1.545932838,        1.76544193,       3.423457209,       1.311011027,       4.676034876
        609,           0,          29,          6.06e-05,             1e-07,      -2.010104153,       1.544723768,       1.761220083,       3.480354955,       1.293019116,       4.657696091
        610,           0,           0,          6.07e-05,             1e-07,      -1.943395076,       1.545962994,        1.76508176,       3.540262589,        1.87990925,       4.714805311
        610,           0,          10,          6.07e-05,             1e-07,      -2.058816777,       1.554498332,       1.773068899,       3.455541161,       1.352406712,       4.703633912
        610,           0,          20,          6.07e-05,             1e-07,       -2.09355319,       1.546201514,       1.767138422,       3.417551589,         1.3330341,       4.711851877
        610,           0,          29,          6.07e-05,             1e-07,      -1.971257523,       1.548216068,       1.762471833,       3.513499856,       1.346503397,       4.716660569
        611,           0,           0,          6.08e-05,             1e-07,      -1.922318944,       1.549844221,       1.769348474,       3.556555551,       1.882819518,       4.798447946
        611,           0,          10,          6.08e-05,             1e-07,      -2.091711526,       1.554786624,       1.774858694,       3.446156347,       1.337150827,       4.787818106
        611,           0,          20,          6.08e-05,             1e-07,      -2.018146302,       1.556250315,       1.773319327,       3.478873992,       1.387076847,        4.83865629
        611,           0,          29,          6.08e-05,             1e-07,      -1.920572666,       1.556239726,       1.773232338,       3.564240491,       1.371505687,        4.81584013
        612,           0,           0,          6.09e-05,             1e-07,      -1.947099345,        1.55834199,       1.779626377,       3.530963747,       1.878830136,       4.819887685
        612,           0,          10,          6.09e-05,             1e-07,      -2.043990331,       1.558024062,       1.774135178,       3.472540666,       1.354246267,        4.86261898
        612,           0,          20,          6.09e-05,             1e-07,      -2.088363062,       1.549309776,       1.771507156,       3.426508082,       1.306138539,        4.82183556
        612,           0,          29,          6.09e-05,             1e-07,      -1.963442436,       1.551889958,       1.770067613,       3.521433552,       1.338905519,        4.83405212
        613,           0,           0,           6.1e-05,             1e-07,      -1.917134638,       1.555300114,        1.77276395,       3.558272058,        1.87944805,       4.829848971
        613,           0,          10,           6.1e-05,             1e-07,      -2.055197349,       1.563467088,         1.7794885,       3.456397726,       1.357772324,       4.864843302
        613,           0,          20,           6.1e-05,             1e-07,      -2.063129498,       1.559061517,       1.776715485,       3.450381112,        1.34662128,       4.850625637
        613,           0,          29,           6.1e-05,             1e-07,      -1.969469603,        1.56005383,       1.777761747,       3.533500057,       1.339321808,        4.88752612
        614,           0,           0,          6.11e-05,             1e-07,      -1.900950493,       1.563877385,       1.778763333,       3.567187641,       1.883893982,       4.866269336
        614,           0,          10,          6.11e-05,             1e-07,      -2.042325935,       1.567835893,       1.782997209,       3.500626308,       1.355169425,       4.856376324
        614,           0,          20,          6.11e-05,             1e-07,      -2.049592565,       1.563750063,       1.781451837,       3.478421829,       1.348408609,       4.842030629
        614,           0,          29,          6.11e-05,             1e-07,      -1.946981375,       1.558397158,        1.77171782,       3.551905824,        1.33297548,       4.833447916
        615,           0,           0,          6.12e-05,             1e-07,      -1.941990875,       1.564242824,       1.779532746,       3.528317434,        1.88006946,       4.857818758
        615,           0,          10,          6.12e-05,             1e-07,       -2.08511204,       1.556412995,       1.774854315,       3.445542777,       1.350585725,       4.825501083
        615,           0,          20,          6.12e-05,             1e-07,      -2.045697697,        1.55973185,       1.775516748,       3.461048687,       1.374024855,       4.861752025
        615,           0,          29,          6.12e-05,             1e-07,      -1.952205451,       1.555050485,       1.765389606,        3.53136001,       1.327860267,       4.826573468
        616,           0,           0,          6.13e-05,             1e-07,       -1.93233585,       1.562042797,       1.775311203,       3.543501089,       1.883672141,       4.877687614
        616,           0,          10,          6.13e-05,             1e-07,      -2.084676172,       1.557179958,       1.773194455,       3.438509048,       1.336562456,        4.79699384
        616,           0,          20,          6.13e-05,             1e-07,      -2.075815144,       1.560701183,       1.774182243,       3.445877421,       1.376535421,       4.809274523
        616,           0,          29,          6.13e-05,             1e-07,      -1.922019782,       1.549451369,        1.75957337,       3.549903045,       1.354459482,       4.775721903
        617,           0,           0,          6.14e-05,             1e-07,      -1.938384206,       1.554848578,       1.768633238,        3.54781302,       1.875871119,       4.796002142
        617,           0,          10,          6.14e-05,             1e-07,      -2.057932602,       1.566296775,        1.77928446,       3.475118548,       1.347750024,       4.785803899
        617,           0,          20,          6.14e-05,             1e-07,      -2.068629798,       1.557749724,       1.772501433,       3.450597661,       1.308983593,       4.745068909
        617,           0,          29,          6.14e-05,             1e-07,      -1.967504407,       1.553583845,       1.769306841,       3.532229044,       1.303447078,       4.739883591
        618,           0,           0,          6.15e-05,             1e-07,       -1.93097965,       1.567286873,       1.773327616,       3.546274693,       1.880120646,       4.794727694
        618,           0,          10,          6.15e-05,             1e-07,      -2.080991993,       1.563425389,       1.779048681,       3.427646157,       1.318884057,       4.793915386
        618,           0,          20,          6.15e-05,             1e-07,      -2.062758142,       1.563750774,       1.774626391,       3.438620888,       1.370553001,       4.793652738
        618,           0,          29,          6.15e-05,             1e-07,      -1.939574232,         1.5656584,       1.775795811,       3.546181678,       1.335444709,       4.783702417
        619,           0,           0,          6.16e-05,             1e-07,      -1.928447246,       1.570361547,       1.779789438,       3.547429025,       1.877055191,       4.806639841
        619,           0,          10,          6.16e-05,             1e-07,      -2.082304087,       1.575818544,       1.791093218,        3.45097951,       1.366329641,       4.805101791
        619,           0,          20,          6.16e-05,             1e-07,      -2.069363945,       1.575938424,       1.789785817,       3.418482793,       1.338000312,       4.757271658
        619,           0,          29,          6.16e-05,             1e-07,      -1.972256405,       1.576580057,        1.78950355,       3.512351236,       1.319918453,        4.79682114
        620,           0,           0,          6.17e-05,             1e-07,      -1.929264497,       1.582006865,       1.791358976,       3.542447405,       1.879920546,       4.826195417
        620,           0,          10,          6.17e-05,             1e-07,      -2.053640195,       1.572884951,       1.787128756,       3.448835602,       1.356061372,       4.732633476
        620,           0,          20,          6.17e-05,             1e-07,      -2.096743496,        1.57864598,       1.792273879,        3.42589447,       1.356659826,       4.764418748
        620,           0,          29,          6.17e-05,             1e-07,      -1.946970374,       1.577473442,       1.788567257,       3.519185232,       1.374405045,       4.737945879
        621,           0,           0,          6.18e-05,             1e-07,      -1.927951296,       1.582103333,       1.790716654,       3.547938901,       1.880774305,        4.80413373
        621,           0,          10,          6.18e-05,             1e-07,      -2.093817347,       1.572353183,       1.785870197,       3.434977034,       1.336895921,        4.66430621
        621,           0,          20,          6.18e-05,             1e-07,      -2.072580909,       1.577401638,       1.791853751,       3.447776407,       1.347172527,       4.748246812
        621,           0,          29,          6.18e-05,             1e-07,      -1.942938379,       1.576908801,       1.786115456,        3.53519705,       1.350718783,       4.707401094
        622,           0,           0,          6.19e-05,             1e-07,      -1.925165095,       1.580696889,       1.789475602,       3.556491634,       1.880225236,       4.776950528
        622,           0,          10,          6.19e-05,             1e-07,      -2.086448416,       1.576073502,       1.792666692,       3.427306869,       1.312154272,       4.675129096
        622,           0,          20,          6.19e-05,             1e-07,      -2.101619145,        1.58028072,       1.795013708,       3.418775143,       1.317411155,       4.649124245
        622,           0,          29,          6.19e-05,             1e-07,      -1.948982936,       1.582103885,       1.790976676,       3.502209823,       1.331834385,       4.715813921
        623,           0,           0,           6.2e-05,             1e-07,       -1.93618733,       1.583278589,       1.794420327,       3.541909505,       1.879281561,       4.736605146
        623,           0,          10,           6.2e-05,             1e-07,       -2.06921723,       1.572583559,       1.790435489,       3.444405977,       1.317170129,       4.663060805
        623,           0,          20,           6.2e-05,             1e-07,      -2.048530407,       1.578478695,       1.796486539,       3.460237856,       1.338592181,       4.700294352
        623,           0,          29,           6.2e-05,             1e-07,      -1.933017064,        1.57720236,       1.789394852,       3.557057758,       1.336623645,       4.663108948
        624,           0,           0,          6.21e-05,             1e-07,      -1.910642771,       1.579699821,       1.793428336,       3.568839734,       1.878802244,       4.697005839
        624,           0,          10,          6.21e-05,             1e-07,      -2.051558623,        1.57948143,       1.797791015,         3.4509888,       1.321261533,       4.771204492
        624,           0,          20,          6.21e-05,             1e-07,      -2.078012832,       1.574411329,       1.792677989,       3.429570621,       1.326217849,       4.766149358
        624,           0,          29,          6.21e-05,             1e-07,      -1.952573602,       1.579212932,       1.791556922,       3.508675198,       1.321314472,       4.771537519
        625,           0,           0,          6.22e-05,             1e-07,      -1.915077642,       1.580512004,       1.793639891,       3.567958457,        1.87877372,       4.711949093
        625,           0,          10,          6.22e-05,             1e-07,       -2.06880499,       1.572708387,       1.790095877,       3.440876989,       1.326862315,       4.751440608
        625,           0,          20,          6.22e-05,             1e-07,      -2.058579499,       1.572787513,         1.7915029,       3.455967139,       1.347697957,       4.775107295
        625,           0,          29,          6.22e-05,             1e-07,      -1.981627878,       1.574960974,       1.789279404,       3.505688417,       1.354120924,       4.782257598
        626,           0,           0,          6.23e-05,             1e-07,      -1.911974538,       1.580510441,        1.79420184,       3.568341293,       1.879471876,       4.729103498
        626,           0,          10,          6.23e-05,             1e-07,      -2.062392808,       1.582830242,       1.801359007,       3.459323544,       1.342548297,        4.73290531
        626,           0,          20,          6.23e-05,             1e-07,      -2.020741313,       1.588673327,       1.806287983,       3.485626027,       1.355037501,       4.747983762
        626,           0,          29,          6.23e-05,             1e-07,      -1.903782608,       1.584092617,       1.797755154,       3.581006253,       1.376248953,       4.761812441
        627,           0,           0,          6.24e-05,             1e-07,      -1.921726192,       1.584054228,       1.800991984,       3.556522185,        1.87895328,       4.747393288
        627,           0,          10,          6.24e-05,             1e-07,      -2.078316511,       1.585521637,       1.805309232,       3.457923179,       1.359722215,       4.746008121
        627,           0,          20,          6.24e-05,             1e-07,      -2.047138003,        1.58775684,       1.804002796,       3.465503949,       1.363432379,       4.747873041
        627,           0,          29,          6.24e-05,             1e-07,      -1.922254095,       1.580848641,       1.796374315,       3.564096545,       1.376742016,       4.774677462
        628,           0,           0,          6.25e-05,             1e-07,      -1.899337097,       1.583202364,       1.799648404,       3.584730403,       1.880067575,       4.739788192
        628,           0,          10,          6.25e-05,             1e-07,      -2.067561594,       1.583456839,       1.803948868,       3.440775805,       1.336547048,       4.725095531
        628,           0,          20,          6.25e-05,             1e-07,      -2.058686602,       1.588056417,        1.80685593,       3.460989357,       1.333911629,       4.710728924
        628,           0,          29,          6.25e-05,             1e-07,       -1.95889223,       1.586423146,       1.802782118,       3.515018735,       1.340542631,       4.693724995
        629,           0,           0,          6.26e-05,             1e-07,      -1.915200846,       1.587096095,       1.804698888,       3.563159023,       1.877201933,       4.732401606
        629,           0,          10,          6.26e-05,             1e-07,      -2.064137751,       1.583502976,       1.804979047,       3.455975347,       1.310703623,       4.693776556
        629,           0,          20,          6.26e-05,             1e-07,      -2.065653803,       1.586495995,        1.80644948,       3.452603854,       1.295057324,       4.709660765
        629,           0,          29,          6.26e-05,             1e-07,      -1.944228973,       1.580789213,       1.796528689,       3.547069525,       1.307053491,       4.716121692
        630,           0,           0,          6.27e-05,             1e-07,      -1.929146556,       1.583267484,       1.799968526,       3.541827892,       1.876815156,       4.751145429
        630,           0,          10,          6.27e-05,             1e-07,      -2.102807255,       1.584514315,       1.802361141,       3.417255515,       1.282693138,       4.738383479
        630,           0,          20,          6.27e-05,             1e-07,      -2.070176875,       1.579338761,       1.797377567,       3.447480393,        1.29647873,       4.753301946
        630,           0,          29,          6.27e-05,             1e-07,      -1.972943769,       1.580437108,       1.796379653,       3.510560288,       1.298566599,       4.761329196
        631,           0,           0,          6.28e-05,             1e-07,      -1.933891561,       1.585789626,       1.801233233,       3.537794854,        1.87490418,       4.776960887
        631,           0,          10,          6.28e-05,             1e-07,      -2.041157953,       1.580760518,       1.799135763,       3.461656649,       1.306380571,       4.807621663
        631,           0,          20,          6.28e-05,             1e-07,      -2.014490136,       1.573446749,       1.794491232,        3.50968706,       1.286009729,       4.812518229
        631,           0,          29,          6.28e-05,             1e-07,      -1.979599208,       1.576048635,       1.789400296,       3.500684614,       1.292740224,       4.803417466
        632,           0,           0,          6.29e-05,             1e-07,       -1.90500771,       1.580048757,       1.794457527,       3.566463223,       1.876613984,       4.818289416
        632,           0,          10,          6.29e-05,             1e-07,       -2.03390321,       1.579368779,       1.799522983,       3.468011238,       1.357709808,       4.870136822
        632,           0,          20,          6.29e-05,             1e-07,      -2.021717419,       1.575619544,       1.795636632,       3.477229967,       1.331264436,       4.862332059
        632,           0,          29,          6.29e-05,             1e-07,      -1.992940917,       1.577617232,       1.793470943,       3.501671329,       1.318400709,       4.857890454
        633,           0,           0,           6.3e-05,             1e-07,      -1.903112452,       1.581154343,       1.797516507,       3.572088308,       1.880138832,       4.876614031
        633,           0,          10,           6.3e-05,             1e-07,        -2.0397685,       1.575394585,       1.797853344,       3.467054181,       1.347275876,       4.917813258
        633,           0,          20,           6.3e-05,             1e-07,       -2.10802596,       1.579917081,        1.80112028,       3.414497203,       1.308112261,       4.901808411
        633,           0,          29,           6.3e-05,             1e-07,      -1.945161561,       1.581063079,       1.796099136,       3.532238861,        1.36601866,       4.925359931
        634,           0,           0,          6.31e-05,             1e-07,      -1.896278312,       1.581395964,       1.800463716,       3.583131714,         1.8804442,       4.925786488
        634,           0,          10,          6.31e-05,             1e-07,      -2.090477572,       1.578110495,         1.8007761,        3.45426586,       1.347367131,       4.935030099
        634,           0,          20,          6.31e-05,             1e-07,      -2.083524126,        1.57422347,       1.797452102,       3.444623743,       1.343996005,       4.949171101
        634,           0,          29,          6.31e-05,             1e-07,      -1.939729763,       1.577956922,       1.798231136,       3.550158009,       1.346116848,       4.940742874
        635,           0,           0,          6.32e-05,             1e-07,      -1.920017381,       1.580227868,       1.801745275,        3.55892985,       1.879364545,       4.951946392
        635,           0,          10,          6.32e-05,             1e-07,      -2.084501125,        1.57945765,        1.79993573,       3.452697009,       1.308333977,       4.899321643
        635,           0,          20,          6.32e-05,             1e-07,      -2.062585055,       1.580440826,       1.799177271,       3.449072427,       1.301753786,       4.895747083
        635,           0,          29,          6.32e-05,             1e-07,      -1.929365269,       1.576204051,       1.797222563,       3.566211769,       1.313881785,       4.895694187
        636,           0,           0,          6.33e-05,             1e-07,       -1.92833574,       1.582478416,       1.801143794,       3.549630241,       1.876609111,       4.931740696
        636,           0,          10,          6.33e-05,             1e-07,      -2.021517274,       1.580459022,       1.798508036,       3.487757011,       1.292706744,        4.87417533
        636,           0,          20,          6.33e-05,             1e-07,      -2.002975729,       1.578131405,       1.796095716,       3.500395079,       1.285827167,         4.8819875
        636,           0,          29,          6.33e-05,             1e-07,      -1.961251827,       1.570812664,       1.793250839,       3.525089739,       1.277718146,       4.874269051
        637,           0,           0,          6.34e-05,             1e-07,      -1.893531398,       1.583496038,       1.796500929,       3.586257497,       1.879256631,       4.925943794
        637,           0,          10,          6.34e-05,             1e-07,      -2.066209676,       1.581248795,       1.801852336,       3.448815475,       1.308297023,       4.907512259
        637,           0,          20,          6.34e-05,             1e-07,      -2.033216118,       1.581998219,       1.800546733,       3.464836691,       1.327251415,       4.912572473
        637,           0,          29,          6.34e-05,             1e-07,      -1.956764445,       1.573658847,       1.795730842,       3.533609383,       1.313030238,       4.907384086
        638,           0,           0,          6.35e-05,             1e-07,      -1.904000544,       1.582734335,       1.798408996,       3.573679864,       1.876010257,       4.929120958
        638,           0,          10,          6.35e-05,             1e-07,      -2.063412937,       1.582523168,       1.800032882,       3.440411484,       1.306245554,       4.991470369
        638,           0,          20,          6.35e-05,             1e-07,      -2.070539803,       1.579746962,       1.800525476,       3.439343592,       1.322190309,       4.991753399
        638,           0,          29,          6.35e-05,             1e-07,      -1.921720343,       1.574412583,       1.795114525,       3.570040007,       1.313320826,       4.989981179
        639,           0,           0,          6.36e-05,             1e-07,      -1.905968069,       1.583653579,       1.798814908,       3.570646963,       1.876739424,       4.974697583
        639,           0,          10,          6.36e-05,             1e-07,      -2.048818943,       1.582629848,        1.80066046,       3.443861556,       1.335017793,       5.017576464
        639,           0,          20,          6.36e-05,             1e-07,      -2.069925796,       1.579194828,       1.799182609,       3.429991486,       1.322993038,       5.014026685
        639,           0,          29,          6.36e-05,             1e-07,      -1.955507822,       1.572973416,       1.793762105,        3.53081481,       1.326581833,       5.016382499
        640,           0,           0,          6.37e-05,             1e-07,      -1.915827818,       1.583326782,       1.797847422,       3.561931122,        1.87910871,       4.999416954
        640,           0,          10,          6.37e-05,             1e-07,      -2.064926621,       1.581823006,       1.800948527,       3.440852779,       1.362866152,       4.994677282
        640,           0,          20,          6.37e-05,             1e-07,      -2.063892717,       1.581222275,         1.8000806,       3.440422654,       1.361128366,       4.985575753
        640,           0,          29,          6.37e-05,             1e-07,      -1.958553375,       1.576892478,       1.797353175,       3.542161795,       1.344564911,         4.9855393
        641,           0,           0,          6.38e-05,             1e-07,      -1.919068431,       1.584132825,       1.800486181,       3.557809226,       1.877758469,       4.993869016
        641,           0,          10,          6.38e-05,             1e-07,      -2.068924387,       1.580942154,       1.798929328,       3.420078207,       1.351949485,       4.922449147
        641,           0,          20,          6.38e-05,             1e-07,      -2.107229227,       1.582544382,       1.802089298,       3.409077944,       1.370015443,       4.931989372
        641,           0,          29,          6.38e-05,             1e-07,      -1.983068939,       1.582713601,       1.800222037,       3.489522717,       1.364045696,       4.923480833
        642,           0,           0,          6.39e-05,             1e-07,      -1.924030373,       1.589634305,       1.802598829,       3.546672404,       1.878782456,       4.966332187
        642,           0,          10,          6.39e-05,             1e-07,      -2.087782348,       1.592586252,       1.812763032,       3.418411573,       1.341229783,       4.861905093
        642,           0,          20,          6.39e-05,             1e-07,      -2.083119001,       1.596521954,       1.813655981,       3.416072591,       1.354529383,       4.863254441
        642,           0,          29,          6.39e-05,             1e-07,      -1.927635994,       1.593099993,       1.810120097,       3.549098149,       1.365473369,       4.866687569
        643,           0,           0,           6.4e-05,             1e-07,      -1.940070707,       1.594755209,       1.813408858,        3.53329692,       1.880836794,       4.928908539
        643,           0,          10,           6.4e-05,             1e-07,      -2.071042755,       1.593508948,       1.813852721,       3.431214602,       1.343118325,         4.8224784
        643,           0,          20,           6.4e-05,             1e-07,      -2.060926532,       1.596672785,       1.816814511,       3.443550261,       1.374856785,       4.844342792
        643,           0,          29,           6.4e-05,             1e-07,      -1.957265667,       1.592170184,       1.812655551,       3.526737958,       1.361283158,       4.797459807
        644,           0,           0,          6.41e-05,             1e-07,      -1.938119499,       1.599204938,       1.816949286,       3.541544612,       1.880830011,       4.855315317
        644,           0,          10,          6.41e-05,             1e-07,      -2.049437375,       1.596770597,       1.817038643,       3.449158573,       1.375741545,       4.760287295
        644,           0,          20,          6.41e-05,             1e-07,      -2.038326061,       1.597338519,       1.816441302,       3.457330438,       1.365610628,       4.760205645
        644,           0,          29,          6.41e-05,             1e-07,       -1.93422705,       1.589463911,       1.812200717,       3.546833879,       1.364661511,        4.78416039
        645,           0,           0,          6.42e-05,             1e-07,      -1.929347472,       1.598003161,       1.817068817,       3.544462339,       1.877817872,       4.820852497
        645,           0,          10,          6.42e-05,             1e-07,       -2.03415698,       1.590090946,       1.812078873,       3.490653127,       1.353725632,       4.785832542
        645,           0,          20,          6.42e-05,             1e-07,      -2.036662742,       1.590777324,        1.80969731,       3.445844348,       1.325215682,       4.792111504
        645,           0,          29,          6.42e-05,             1e-07,      -1.937272212,       1.586626504,       1.809388391,       3.537230977,       1.316986043,       4.722318129
        646,           0,           0,          6.43e-05,             1e-07,      -1.928787507,       1.597100151,       1.815947113,       3.546425625,       1.877586287,       4.767418192
        646,           0,          10,          6.43e-05,             1e-07,      -2.037425636,       1.595764223,       1.818544255,       3.454739055,        1.34248334,       4.724163687
        646,           0,          20,          6.43e-05,             1e-07,      -2.045786547,       1.591271011,       1.812532982,       3.451767412,       1.367239781,       4.726269415
        646,           0,          29,          6.43e-05,             1e-07,      -1.944058867,       1.587087517,        1.80728989,       3.522822871,       1.348672614,       4.693316707
        647,           0,           0,          6.44e-05,             1e-07,      -1.918662118,       1.590079051,       1.808341094,       3.549090983,       1.878087278,       4.733474758
        647,           0,          10,          6.44e-05,             1e-07,      -2.059115211,       1.595969273,        1.81779303,       3.437160843,       1.376487952,       4.733504755
        647,           0,          20,          6.44e-05,             1e-07,      -2.040334716,       1.598278415,       1.819132123,       3.442750251,       1.386438329,       4.743705649
        647,           0,          29,          6.44e-05,             1e-07,      -1.925435064,       1.592872644,         1.8136539,       3.539873489,       1.355131695,       4.704487205
        648,           0,           0,          6.45e-05,             1e-07,      -1.935943365,        1.59735281,       1.814147646,       3.524755822,       1.882038346,       4.780654101
        648,           0,          10,          6.45e-05,             1e-07,        -2.0673518,       1.603027739,       1.825602509,       3.443673355,       1.345854184,       4.727522913
        648,           0,          20,          6.45e-05,             1e-07,      -2.059258015,       1.604184698,       1.827272017,       3.440059483,       1.368258527,       4.728114105
        648,           0,          29,          6.45e-05,             1e-07,      -1.908354697,       1.600018932,       1.819448895,       3.567966336,       1.375726948,       4.754232348
        649,           0,           0,          6.46e-05,             1e-07,      -1.921483999,       1.600404117,       1.818951299,       3.546040814,       1.878398711,       4.728871029
        649,           0,          10,          6.46e-05,             1e-07,      -2.022910918,       1.606339428,       1.828706811,       3.457933009,       1.354777091,        4.72564151
        649,           0,          20,          6.46e-05,             1e-07,      -2.045885274,        1.60135598,       1.824071445,       3.455789334,       1.350816159,       4.705366035
        649,           0,          29,          6.46e-05,             1e-07,      -1.905375734,       1.603487328,       1.822266665,       3.569774339,       1.382662844,       4.746461245
        650,           0,           0,          6.47e-05,             1e-07,      -1.900942484,        1.60612894,       1.824855633,       3.564538062,       1.879662317,       4.740731387
        650,           0,          10,          6.47e-05,             1e-07,      -2.015534099,       1.594312718,       1.815512973,       3.480293095,        1.36002438,       4.745117279
        650,           0,          20,          6.47e-05,             1e-07,      -2.018799649,       1.593679771,       1.817198068,       3.471737616,       1.343020842,       4.715745492
        650,           0,          29,          6.47e-05,             1e-07,      -1.897185382,       1.592566157,       1.807230617,       3.572422485,        1.35056617,       4.740670855
        651,           0,           0,          6.48e-05,             1e-07,      -1.892490837,       1.595209386,       1.815691852,       3.576859054,       1.879263894,       4.752129633
        651,           0,          10,          6.48e-05,             1e-07,      -1.966272334,       1.589966742,       1.815017754,       3.502869019,       1.380319393,       4.823775032
        651,           0,          20,          6.48e-05,             1e-07,      -1.965270856,       1.593639455,       1.819975388,        3.50832395,       1.392104236,       4.820496114
        651,           0,          29,          6.48e-05,             1e-07,        -1.9258413,       1.597998287,       1.814031596,       3.544273078,       1.365700025,       4.785408922
        652,           0,           0,          6.49e-05,             1e-07,      -1.892646711,       1.596173415,       1.818350876,       3.577481456,       1.880918878,       4.803379966
        652,           0,          10,          6.49e-05,             1e-07,      -2.027908557,       1.595052906,       1.818185979,       3.461091946,       1.350264847,       4.891604018
        652,           0,          20,          6.49e-05,             1e-07,      -2.014021205,       1.591435195,       1.814667296,        3.48129609,       1.394452033,       4.924232258
        652,           0,          29,          6.49e-05,             1e-07,      -1.910294333,       1.600229973,       1.816436726,       3.544960383,       1.430279724,       4.935844934
        653,           0,           0,           6.5e-05,             1e-07,      -1.885464884,       1.597547445,       1.819402171,       3.576926622,         1.8830664,       4.874896715
        653,           0,          10,           6.5e-05,             1e-07,      -2.022515902,       1.601231197,        1.82251834,       3.475733371,       1.418893107,       4.952590928
        653,           0,          20,           6.5e-05,             1e-07,      -2.000011827,       1.603897681,       1.826073792,        3.48272657,       1.402261335,       4.947514964
        653,           0,          29,           6.5e-05,             1e-07,      -1.928784529,       1.607041214,       1.821302686,       3.553873948,       1.376880031,       4.944594767
        654,           0,           0,          6.51e-05,             1e-07,       -1.88584122,       1.604609182,       1.825007681,        3.57959429,       1.883193111,       4.909485102
        654,           0,          10,          6.51e-05,             1e-07,      -2.016230927,       1.598493825,       1.819653141,       3.472504641,       1.389692348,        4.93803393
        654,           0,          20,          6.51e-05,             1e-07,      -2.023600884,       1.595146595,       1.817809175,       3.469472416,       1.404662636,       4.947427932
        654,           0,          29,          6.51e-05,             1e-07,      -1.934835399,       1.595391479,       1.815737458,       3.529940402,       1.402100225,       4.938319042
        655,           0,           0,          6.52e-05,             1e-07,      -1.873615657,       1.600308653,       1.820330266,       3.588172755,       1.884124042,       4.930807467
        655,           0,          10,          6.52e-05,             1e-07,      -2.004724868,       1.590499376,       1.814543701,       3.488647966,       1.394586433,        4.91659872
        655,           0,          20,          6.52e-05,             1e-07,      -2.000702055,        1.59790902,        1.81853584,       3.487866656,       1.422236215,       4.917362763
        655,           0,          29,          6.52e-05,             1e-07,      -1.954476361,       1.595767453,       1.813380296,       3.494968259,       1.414543211,       4.914243458
        656,           0,           0,          6.53e-05,             1e-07,      -1.879690712,       1.599087857,       1.817462617,       3.582264631,       1.885440621,       4.970327653
        656,           0,          10,          6.53e-05,             1e-07,      -1.980063527,       1.596343376,       1.820892225,       3.521939427,       1.432182532,       4.955407628
        656,           0,          20,          6.53e-05,             1e-07,      -1.965914731,       1.602589506,       1.823792959,       3.529728402,       1.424138419,       4.954765583
        656,           0,          29,          6.53e-05,             1e-07,      -1.936243184,        1.60619861,       1.821951512,       3.560162482,       1.429805159,       4.933454634
        657,           0,           0,          6.54e-05,             1e-07,      -1.882997765,       1.602815979,       1.822188461,       3.589100433,         1.8876712,       4.968845648
        657,           0,          10,          6.54e-05,             1e-07,      -1.976077513,       1.604733348,       1.825803137,       3.515637798,       1.457118571,       4.922044743
        657,           0,          20,          6.54e-05,             1e-07,      -2.003292227,       1.601969866,       1.822203343,       3.498683816,       1.432343819,       4.918362358
        657,           0,          29,          6.54e-05,             1e-07,      -1.955731301,       1.598565412,       1.821466497,       3.517119485,       1.474058916,       4.928415181
        658,           0,           0,          6.55e-05,             1e-07,      -1.877868707,       1.604515398,       1.824306952,       3.595202719,       1.886061814,       4.951363039
        658,           0,          10,          6.55e-05,             1e-07,      -2.011387931,       1.595798731,       1.818496001,       3.493182577,       1.470484601,       4.942338542
        658,           0,          20,          6.55e-05,             1e-07,      -1.986267012,       1.594696022,       1.815944544,        3.50158521,       1.439360061,       4.916225259
        658,           0,          29,          6.55e-05,             1e-07,      -1.913426383,       1.592614734,       1.813978028,       3.562334272,        1.49329398,       4.930962318
        659,           0,           0,          6.56e-05,             1e-07,      -1.874030766,        1.60123018,       1.817524856,       3.594339089,       1.891870094,       4.971026045
        659,           0,          10,          6.56e-05,             1e-07,      -1.968659828,       1.601384666,       1.819370352,       3.527197472,       1.495932266,       4.959844392
        659,           0,          20,          6.56e-05,             1e-07,      -2.000165343,       1.592126935,       1.812157562,       3.487219489,       1.471767076,       4.961950138
        659,           0,          29,          6.56e-05,             1e-07,      -1.923587833,       1.592864495,       1.812555096,       3.554348214,       1.492877414,       4.965902665
        660,           0,           0,          6.57e-05,             1e-07,      -1.874402923,       1.600975423,       1.817369089,       3.597408586,       1.896509379,       4.989436236
        660,           0,          10,          6.57e-05,             1e-07,      -1.982284601,       1.596927816,       1.816839782,       3.505345338,       1.489552774,       4.984284059
        660,           0,          20,          6.57e-05,             1e-07,      -1.974904495,       1.594989528,        1.81533612,       3.509970701,       1.455357713,       4.960110521
        660,           0,          29,          6.57e-05,             1e-07,      -1.879706538,       1.587830592,       1.812221676,       3.603179577,       1.468641487,       4.966501697
        661,           0,           0,          6.58e-05,             1e-07,      -1.865551144,       1.596872281,       1.816377503,       3.616777033,       1.898946835,       5.021299277
        661,           0,          10,          6.58e-05,             1e-07,      -1.969581516,       1.592255914,       1.816666688,        3.54154326,       1.584892908,       5.039403196
        661,           0,          20,          6.58e-05,             1e-07,       -1.96333845,       1.596725183,       1.818375686,       3.520575074,       1.502058687,       4.969706581
        661,           0,          29,          6.58e-05,             1e-07,      -1.922844726,       1.591606235,       1.815934323,       3.552289231,       1.464214498,       4.949008031
        662,           0,           0,          6.59e-05,             1e-07,      -1.852296296,       1.597612414,       1.818015627,       3.627050837,       1.892802614,       4.981698863
        662,           0,          10,          6.59e-05,             1e-07,      -1.970124538,       1.598516975,       1.822109446,       3.512388522,       1.482300041,        4.93101817
        662,           0,          20,          6.59e-05,             1e-07,      -2.005899878,       1.599152641,       1.823031609,       3.493029983,       1.467829366,       4.915482592
        662,           0,          29,          6.59e-05,             1e-07,      -1.885540097,       1.597702535,       1.819494685,       3.573339978,       1.483104494,       4.924742399
        663,           0,           0,           6.6e-05,             1e-07,      -1.851804582,       1.601177005,       1.821982287,       3.616495264,       1.903481285,       4.985162927
        663,           0,          10,           6.6e-05,             1e-07,      -1.979306387,       1.599192444,       1.823689464,       3.522862068,       1.487233534,       4.858252726
        663,           0,          20,           6.6e-05,             1e-07,      -1.963215205,        1.59674205,        1.82086132,       3.536105025,       1.468636433,       4.868903233
        663,           0,          29,           6.6e-05,             1e-07,      -1.906556604,       1.595607709,       1.816018832,       3.561688681,       1.480958212,       4.853384777
        664,           0,           0,          6.61e-05,             1e-07,      -1.848390635,       1.601675832,       1.820904562,       3.620947066,       1.893994156,       4.899281449
        664,           0,          10,          6.61e-05,             1e-07,      -1.942145004,        1.59884002,       1.823249705,       3.561745388,       1.464224382,       4.760930947
        664,           0,          20,          6.61e-05,             1e-07,       -1.93008948,       1.600645561,       1.822995499,       3.561037624,       1.495004301,       4.787156864
        664,           0,          29,          6.61e-05,             1e-07,      -1.876969068,       1.599179142,       1.816390505,       3.614354788,       1.464388866,       4.779571454
        665,           0,           0,          6.62e-05,             1e-07,      -1.827037799,       1.600678296,        1.82122058,       3.646281863,       1.893015634,       4.829371023
        665,           0,          10,          6.62e-05,             1e-07,      -1.950328356,       1.603185813,       1.827050285,       3.547724813,       1.552092695,         4.8487157
        665,           0,          20,          6.62e-05,             1e-07,      -1.957490018,       1.594845578,       1.817140044,       3.552947076,       1.487486347,       4.774431114
        665,           0,          29,          6.62e-05,             1e-07,      -1.865816448,       1.596766017,       1.813033207,       3.603049459,       1.586299389,       4.919885542
        666,           0,           0,          6.63e-05,             1e-07,      -1.832334309,          1.599516,       1.818236663,        3.64432789,          1.901761,       4.833917501
        666,           0,          10,          6.63e-05,             1e-07,       -1.96460234,       1.590383889,       1.813018195,       3.532241664,       1.578963238,       4.869624282
        666,           0,          20,          6.63e-05,             1e-07,      -1.970076178,       1.590208497,       1.812627616,       3.527804509,       1.562899958,       4.849807411
        666,           0,          29,          6.63e-05,             1e-07,      -1.906279076,       1.587893804,       1.808049388,       3.554307781,       1.548200134,       4.851781522
        667,           0,           0,          6.64e-05,             1e-07,      -1.846797957,       1.592858737,       1.809612922,       3.628939222,       1.903531312,       4.916614365
        667,           0,          10,          6.64e-05,             1e-07,      -2.000007277,       1.590242956,       1.814169111,       3.489600706,       1.471425549,       4.747330349
        667,           0,          20,          6.64e-05,             1e-07,      -2.005997665,       1.588287507,       1.808644858,       3.487049828,        1.52913385,       4.808505947
        667,           0,          29,          6.64e-05,             1e-07,      -1.904676885,       1.592974447,       1.809008368,       3.550427077,       1.516218578,       4.798088881
        668,           0,           0,          6.65e-05,             1e-07,      -1.844993879,       1.591446512,       1.815315175,       3.622878449,       1.894876441,       4.786217231
        668,           0,          10,          6.65e-05,             1e-07,      -1.976207217,       1.595566574,       1.816490369,        3.50886365,        1.50164235,        4.80649687
        668,           0,          20,          6.65e-05,             1e-07,       -1.96693631,       1.596315914,        1.81785268,       3.534454114,       1.464696933,       4.756060444
        668,           0,          29,          6.65e-05,             1e-07,      -1.878186633,       1.590978373,       1.813091841,       3.578022133,       1.522844503,       4.834208658
        669,           0,           0,          6.66e-05,             1e-07,      -1.850120831,       1.595390309,       1.818654234,       3.613326453,       1.893014342,       4.823600603
        669,           0,          10,          6.66e-05,             1e-07,      -1.953812698,       1.600291037,       1.822659333,        3.53696971,       1.530782691,       4.819584815
        669,           0,          20,          6.66e-05,             1e-07,      -1.955336063,       1.594437218,       1.816119996,       3.545341669,        1.49351563,       4.796157461
        669,           0,          29,          6.66e-05,             1e-07,      -1.929403495,       1.590200236,       1.812982682,       3.561200185,       1.474703299,        4.77050385
        670,           0,           0,          6.67e-05,             1e-07,      -1.821117679,       1.597674583,       1.817086243,       3.660002164,       1.895186944,       4.801776834
        670,           0,          10,          6.67e-05,             1e-07,      -1.952565933,       1.597510457,       1.816252624,       3.549085027,       1.467374933,       4.763901934
        670,           0,          20,          6.67e-05,             1e-07,      -1.966270048,       1.597213031,       1.815321143,       3.532619343,       1.490378957,       4.776660945
        670,           0,          29,          6.67e-05,             1e-07,      -1.874904174,       1.589953792,       1.812572192,       3.599896907,       1.501687988,       4.794235898
        671,           0,           0,          6.68e-05,             1e-07,       -1.82233298,       1.598736003,       1.815944639,       3.643634455,       1.894806082,       4.795813814
        671,           0,          10,          6.68e-05,             1e-07,       -1.97724323,       1.593437931,        1.81398948,       3.532370292,       1.433014587,       4.698325152
        671,           0,          20,          6.68e-05,             1e-07,       -1.98437496,       1.589399148,       1.812261737,       3.517305737,       1.471146929,        4.76569744
        671,           0,          29,          6.68e-05,             1e-07,      -1.924019648,       1.589911391,       1.810822336,       3.552914954,       1.488360484,       4.771950593
        672,           0,           0,          6.69e-05,             1e-07,      -1.834760122,       1.602672545,       1.815148543,       3.633340192,        1.90012103,       4.825649901
        672,           0,          10,          6.69e-05,             1e-07,      -1.990095101,       1.596520082,       1.816203778,       3.515691184,       1.464701545,        4.71411235
        672,           0,          20,          6.69e-05,             1e-07,      -1.988488347,        1.59689648,       1.816370828,       3.516915636,       1.482498119,        4.75387029
        672,           0,          29,          6.69e-05,             1e-07,      -1.926450215,       1.590018796,       1.811097943,       3.558665249,       1.469419772,       4.718394089
        673,           0,           0,           6.7e-05,             1e-07,      -1.850482334,        1.59880173,       1.815236468,       3.629498163,       1.892689979,       4.783861825
        673,           0,          10,           6.7e-05,             1e-07,      -1.992744376,       1.590033028,       1.811676117,       3.521951006,       1.486336459,       4.787583727
        673,           0,          20,           6.7e-05,             1e-07,      -1.986542339,       1.587495501,       1.810846304,        3.52960492,        1.48168993,       4.764341609
        673,           0,          29,           6.7e-05,             1e-07,      -1.893453672,       1.587283294,       1.803245533,       3.579147997,       1.528146682,       4.827221653
        674,           0,           0,          6.71e-05,             1e-07,      -1.817483642,       1.593999904,       1.810440548,       3.658951171,       1.891330877,       4.779075377
        674,           0,          10,          6.71e-05,             1e-07,      -1.999040368,       1.583022592,       1.804701302,       3.492209616,       1.499223172,       4.880114223
        674,           0,          20,          6.71e-05,             1e-07,      -1.947525959,       1.582868799,       1.801780827,       3.547447781,       1.515529895,       4.889889253
        674,           0,          29,          6.71e-05,             1e-07,      -1.921485484,       1.582947354,       1.799596571,       3.552829171,       1.532879948,       4.891482723
        675,           0,           0,          6.72e-05,             1e-07,      -1.835450993,       1.590048697,       1.808591236,        3.63922381,       1.897151991,       4.852514818
        675,           0,          10,          6.72e-05,             1e-07,      -2.015191055,       1.590512046,       1.809699582,       3.486250352,         1.4907016,        4.86621044
        675,           0,          20,          6.72e-05,             1e-07,      -2.006461736,       1.588718168,       1.807976172,       3.499753635,        1.52045386,        4.89788827
        675,           0,          29,          6.72e-05,             1e-07,      -1.889365684,       1.583729922,       1.802257258,       3.588124254,       1.494578501,       4.887527856
        676,           0,           0,          6.73e-05,             1e-07,      -1.836539316,       1.587872953,       1.806874915,        3.63742067,       1.900136959,       4.886515879
        676,           0,          10,          6.73e-05,             1e-07,       -2.00995201,       1.580064529,        1.80118888,       3.493333113,       1.460477133,       4.848933273
        676,           0,          20,          6.73e-05,             1e-07,      -2.031194376,        1.57712482,       1.795691652,       3.470600512,        1.48840207,       4.857835233
        676,           0,          29,          6.73e-05,             1e-07,      -1.930759262,        1.57715558,       1.790957218,       3.558857348,       1.442927857,       4.838356966
        677,           0,           0,          6.74e-05,             1e-07,      -1.843616041,       1.580054689,       1.800610247,       3.632635881,       1.900598055,       4.904816802
        677,           0,          10,          6.74e-05,             1e-07,      -2.028423992,       1.581814391,       1.802402773,         3.4943497,       1.474801916,       4.844387598
        677,           0,          20,          6.74e-05,             1e-07,      -1.988591529,       1.581985426,       1.802704299,       3.519563478,       1.495638923,       4.864466709
        677,           0,          29,          6.74e-05,             1e-07,      -1.923292028,       1.577112419,       1.797602351,       3.565785934,       1.477944939,       4.863154413
        678,           0,           0,          6.75e-05,             1e-07,      -1.873972911,       1.580472626,       1.802348567,       3.611837486,       1.907712921,       4.927488178
        678,           0,          10,          6.75e-05,             1e-07,      -2.002157071,        1.58349563,       1.804332507,       3.503934831,       1.462234605,       4.861071988
        678,           0,          20,          6.75e-05,             1e-07,      -2.010450028,       1.586774788,       1.806335196,       3.500103132,       1.486793455,       4.879510215
        678,           0,          29,          6.75e-05,             1e-07,      -1.941456549,       1.584478174,       1.803751456,        3.53826996,       1.505468033,       4.889773611
        679,           0,           0,          6.76e-05,             1e-07,      -1.862679243,       1.586694031,       1.807946325,        3.62423591,       1.896768937,        4.89560673
        679,           0,          10,          6.76e-05,             1e-07,       -2.00058304,       1.590933142,        1.81135988,       3.514071039,       1.484341107,       4.887510278
        679,           0,          20,          6.76e-05,             1e-07,      -1.980216826,       1.591832254,       1.814734546,        3.53414561,       1.519326111,        4.90997943
        679,           0,          29,          6.76e-05,             1e-07,      -1.915358266,       1.592569659,       1.813754199,       3.568981556,       1.509186845,       4.903937679
        680,           0,           0,          6.77e-05,             1e-07,      -1.863821691,       1.597725359,       1.816967511,       3.618881244,       1.894222377,       4.896826158
        680,           0,          10,          6.77e-05,             1e-07,      -1.985194523,       1.590195706,        1.81311765,       3.529319751,       1.448674486,       4.898000658
        680,           0,          20,          6.77e-05,             1e-07,      -1.993409928,       1.593235925,       1.815687217,       3.523015872,       1.470689661,       4.904104325
        680,           0,          29,          6.77e-05,             1e-07,      -1.875619115,        1.58751667,       1.806117975,       3.608924181,       1.475061354,       4.916739062
        681,           0,           0,          6.78e-05,             1e-07,       -1.87198878,       1.591741098,       1.811051399,       3.612249295,       1.890673543,       4.901769141
        681,           0,          10,          6.78e-05,             1e-07,      -1.996292005,       1.592007965,        1.81338329,       3.520974548,       1.449016385,       4.899519569
        681,           0,          20,          6.78e-05,             1e-07,       -2.00613409,       1.588985085,        1.81048493,       3.506017396,       1.416215811,       4.883404689
        681,           0,          29,          6.78e-05,             1e-07,      -1.902788658,       1.590581871,       1.809734178,       3.596517293,        1.48638321,       4.925796158
        682,           0,           0,          6.79e-05,             1e-07,      -1.843709417,       1.597180757,       1.813801103,       3.640603741,        1.89092181,       4.933938741
        682,           0,          10,          6.79e-05,             1e-07,      -2.002368917,        1.58671147,       1.809272267,       3.511854261,       1.421352541,       4.862284897
        682,           0,          20,          6.79e-05,             1e-07,      -1.977091259,       1.587725064,        1.80750372,       3.526014267,       1.446873362,       4.874493377
        682,           0,          29,          6.79e-05,             1e-07,      -1.940758793,       1.585854951,       1.804169848,       3.551325253,       1.470135414,       4.870687479
        683,           0,           0,           6.8e-05,             1e-07,      -1.851066118,       1.592525698,       1.810699674,       3.634544512,       1.891505027,       4.913716553
        683,           0,          10,           6.8e-05,             1e-07,       -1.99215638,       1.593946832,       1.815467749,       3.510983501,       1.438392452,        4.80289636
        683,           0,          20,           6.8e-05,             1e-07,      -2.000605694,         1.5908298,       1.812481991,       3.515660695,       1.449776182,        4.79347786
        683,           0,          29,           6.8e-05,             1e-07,      -1.952159486,       1.589542113,       1.809298289,       3.543534453,       1.452037106,       4.800029036
        684,           0,           0,          6.81e-05,             1e-07,      -1.866847406,        1.59301902,       1.813187713,       3.621761305,       1.903015943,       4.904358951
        684,           0,          10,          6.81e-05,             1e-07,      -2.004697344,       1.588173014,       1.812586256,       3.515372542,       1.427074839,        4.69618985
        684,           0,          20,          6.81e-05,             1e-07,      -2.012884285,       1.586297673,       1.809839952,       3.513108569,       1.403347406,       4.667798798
        684,           0,          29,          6.81e-05,             1e-07,      -1.952895531,       1.582865199,       1.801454518,       3.531766775,       1.452167347,       4.730125905
        685,           0,           0,          6.82e-05,             1e-07,      -1.875631178,       1.589959752,       1.808479722,       3.614597162,       1.889043518,       4.779930223
        685,           0,          10,          6.82e-05,             1e-07,      -1.982784497,       1.591325699,       1.813331136,       3.534231801,       1.441726805,       4.695303608
        685,           0,          20,          6.82e-05,             1e-07,      -1.952629828,       1.589432139,       1.811531486,        3.56332028,       1.449293749,       4.712652614
        685,           0,          29,          6.82e-05,             1e-07,      -1.966488874,       1.595181492,        1.81291543,       3.507727492,        1.47779833,       4.731392251
        686,           0,           0,          6.83e-05,             1e-07,       -1.85528085,       1.596269496,       1.816584928,       3.634248152,       1.886246962,       4.724702904
        686,           0,          10,          6.83e-05,             1e-07,      -1.962437915,       1.593404497,       1.816596474,       3.550712599,       1.436544505,        4.67680481
        686,           0,          20,          6.83e-05,             1e-07,      -1.966717853,        1.59508529,       1.815625321,       3.543462892,       1.439501375,       4.677341189
        686,           0,          29,          6.83e-05,             1e-07,      -1.954085435,        1.59346414,       1.811706024,       3.542917469,       1.472879019,       4.722725951
        687,           0,           0,          6.84e-05,             1e-07,      -1.840574455,       1.598810937,       1.818536002,       3.642762798,       1.887669452,       4.752957413
        687,           0,          10,          6.84e-05,             1e-07,      -1.980647631,       1.597201394,        1.81962035,       3.541617788,       1.422007351,       4.731935428
        687,           0,          20,          6.84e-05,             1e-07,      -1.968053947,       1.597705463,        1.81894516,       3.536535535,         1.4554198,       4.732138371
        687,           0,          29,          6.84e-05,             1e-07,      -1.947877597,       1.597139391,       1.813520366,       3.542223159,       1.463995658,       4.744236269
        688,           0,           0,          6.85e-05,             1e-07,       -1.84607085,       1.599938668,       1.817602733,       3.639732273,       1.887096681,       4.769589072
        688,           0,          10,          6.85e-05,             1e-07,      -1.965448577,       1.600677525,       1.820567456,       3.532165299,       1.447739456,        4.83468474
        688,           0,          20,          6.85e-05,             1e-07,      -1.981598961,       1.595645837,       1.816679579,       3.526152705,       1.431751607,       4.825173582
        688,           0,          29,          6.85e-05,             1e-07,      -1.969148438,       1.596044503,       1.811285691,       3.521092179,       1.401128062,       4.793334829
        689,           0,           0,          6.86e-05,             1e-07,        -1.8642599,       1.601526306,       1.817089076,       3.622316067,       1.894140317,       4.849101909
        689,           0,          10,          6.86e-05,             1e-07,      -2.009537127,       1.601489375,       1.821657584,       3.508824725,       1.414643644,       4.868343189
        689,           0,          20,          6.86e-05,             1e-07,      -2.007834614,       1.597606122,       1.817222182,       3.506091824,       1.414670103,       4.874202244
        689,           0,          29,          6.86e-05,             1e-07,      -1.953330197,       1.598389046,       1.813540142,       3.540467257,       1.434191636,        4.87633455
        690,           0,           0,          6.87e-05,             1e-07,      -1.876868494,       1.600837713,       1.817831282,       3.609458202,       1.891081741,       4.870640507
        690,           0,          10,          6.87e-05,             1e-07,      -2.013712359,       1.604452248,       1.824969031,       3.508205553,       1.396990083,       4.860355292
        690,           0,          20,          6.87e-05,             1e-07,      -2.015268356,       1.595832623,       1.817947169,       3.494191401,       1.406162584,       4.874311533
        690,           0,          29,          6.87e-05,             1e-07,      -1.953748694,       1.604724518,       1.819765931,       3.518279278,       1.431346576,       4.877452416
        691,           0,           0,          6.88e-05,             1e-07,      -1.875592024,       1.607292826,       1.823670942,        3.61205754,       1.893458417,       4.897466574
        691,           0,          10,          6.88e-05,             1e-07,      -2.019846069,       1.604842799,       1.825332444,       3.512511429,       1.397286329,       4.810329385
        691,           0,          20,          6.88e-05,             1e-07,       -2.02732243,       1.603983694,       1.825408999,       3.504637448,       1.411564408,       4.816117788
        691,           0,          29,          6.88e-05,             1e-07,      -1.924149815,        1.59996264,       1.813615335,       3.555216687,       1.447077556,       4.848223871
        692,           0,           0,          6.89e-05,             1e-07,      -1.870998316,       1.604458432,         1.8198577,       3.617580203,       1.885377541,       4.856537492
        692,           0,          10,          6.89e-05,             1e-07,      -2.010879525,       1.604752044,       1.826653779,       3.551445371,       1.409989486,       4.828704334
        692,           0,          20,          6.89e-05,             1e-07,      -2.003943866,       1.606960778,       1.827648401,       3.522857817,       1.423004876,       4.847187142
        692,           0,          29,          6.89e-05,             1e-07,      -1.940012188,       1.602741862,       1.816844167,       3.565083146,        1.45682402,       4.856171149
        693,           0,           0,           6.9e-05,             1e-07,      -1.878666346,       1.607156549,       1.824580211,       3.611366514,       1.887055399,       4.870889402
        693,           0,          10,           6.9e-05,             1e-07,      -1.986261591,       1.609546806,       1.827136974,       3.536581071,       1.457113123,       4.886317101
        693,           0,          20,           6.9e-05,             1e-07,      -2.018441558,       1.604112634,       1.825522859,       3.517405311,       1.443302153,       4.883965227
        693,           0,          29,           6.9e-05,             1e-07,      -1.950421638,        1.60643673,       1.819428598,       3.542810322,       1.446753901,         4.8877847
        694,           0,           0,          6.91e-05,             1e-07,      -1.883848842,       1.611390502,       1.826720577,       3.605088531,       1.886469837,       4.884826046
        694,           0,          10,          6.91e-05,             1e-07,      -1.978470657,       1.611127919,       1.825647912,       3.529420499,       1.490721484,       4.935720175
        694,           0,          20,          6.91e-05,             1e-07,      -1.960502245,       1.615309775,        1.82745631,       3.543859708,       1.462600145,       4.924429221
        694,           0,          29,          6.91e-05,             1e-07,       -1.91548534,       1.611897835,       1.822727504,       3.569230825,       1.462166285,       4.921933009
        695,           0,           0,          6.92e-05,             1e-07,      -1.870257328,       1.616885985,       1.829091788,       3.615931841,       1.889340186,       4.917704002
        695,           0,          10,          6.92e-05,             1e-07,      -1.970960507,       1.613160765,         1.8251346,       3.537397466,       1.506684651,       4.947554478
        695,           0,          20,          6.92e-05,             1e-07,      -1.962132275,       1.616132203,       1.827739955,       3.541313115,       1.480564976,       4.937127447
        695,           0,          29,          6.92e-05,             1e-07,      -1.955316062,       1.608187615,       1.820258429,       3.548652627,       1.466673471,       4.926879864
        696,           0,           0,          6.93e-05,             1e-07,       -1.85743249,        1.61761402,       1.826592121,       3.632490763,       1.894111517,       4.934881676
        696,           0,          10,          6.93e-05,             1e-07,      -1.963464315,       1.617155795,       1.828411289,       3.536864584,       1.498686446,       4.923390094
        696,           0,          20,          6.93e-05,             1e-07,      -1.933527782,       1.621559539,       1.830060746,       3.564259542,       1.509445423,       4.924429251
        696,           0,          29,          6.93e-05,             1e-07,      -1.918758607,       1.610698276,       1.825269787,       3.571764316,       1.483766919,        4.87406217
        697,           0,           0,          6.94e-05,             1e-07,      -1.856844315,       1.618769084,       1.827522561,       3.636427987,       1.892266602,        4.90476901
        697,           0,          10,          6.94e-05,             1e-07,       -1.94417862,        1.61889305,       1.828870287,       3.551561368,       1.493271941,       4.805944434
        697,           0,          20,          6.94e-05,             1e-07,      -1.932093502,       1.620922419,        1.83196498,       3.566408743,       1.505287612,        4.80562932
        697,           0,          29,          6.94e-05,             1e-07,      -1.928667242,       1.615037715,       1.829282154,       3.572662921,       1.504247504,       4.824531413
        698,           0,           0,          6.95e-05,             1e-07,      -1.833681031,       1.625030939,       1.832083955,        3.64277081,       1.899433066,       4.892524301
        698,           0,          10,          6.95e-05,             1e-07,       -1.99595373,       1.615547443,       1.829222168,       3.520798584,       1.540112517,       4.839151154
        698,           0,          20,          6.95e-05,             1e-07,       -1.95952643,       1.621909395,       1.833788366,       3.543702502,        1.56493253,       4.859616585
        698,           0,          29,          6.95e-05,             1e-07,       -1.92343334,       1.615852087,       1.824154206,       3.577050872,       1.537989229,       4.836194002
        699,           0,           0,          6.96e-05,             1e-07,      -1.869989136,       1.620719196,       1.830914182,       3.599159038,       1.905408118,       4.888538944
        699,           0,          10,          6.96e-05,             1e-07,       -1.98088233,       1.622483875,       1.834421307,       3.511809849,       1.557972188,       4.817700339
        699,           0,          20,          6.96e-05,             1e-07,      -1.995175498,       1.618754372,       1.832709464,       3.503062658,       1.537366294,         4.8105587
        699,           0,          29,          6.96e-05,             1e-07,      -1.945896228,       1.612642251,       1.825032145,       3.555661772,       1.537934157,       4.809059368
        700,           0,           0,          6.97e-05,             1e-07,       -1.87019374,       1.622637897,       1.832489488,       3.601077002,       1.903655553,       4.840366793
        700,           0,          10,          6.97e-05,             1e-07,      -2.003118449,       1.626120107,        1.83721405,       3.495647059,       1.489446043,       4.741079616
        700,           0,          20,          6.97e-05,             1e-07,      -1.971849563,       1.624455861,       1.834435115,       3.513811981,       1.498731115,       4.731427789
        700,           0,          29,          6.97e-05,             1e-07,      -1.944982391,       1.616026001,       1.828885575,       3.529079547,       1.484376478,       4.711079235
        701,           0,           0,          6.98e-05,             1e-07,      -1.871371606,       1.624603601,       1.833314864,       3.599778276,       1.895327977,       4.755831791
        701,           0,          10,          6.98e-05,             1e-07,      -1.996497125,        1.62911577,       1.842004871,       3.496278846,       1.514972741,       4.750973643
        701,           0,          20,          6.98e-05,             1e-07,      -1.999147353,          1.632515,       1.843330718,       3.493203971,       1.498986654,       4.705655564
        701,           0,          29,          6.98e-05,             1e-07,      -1.947562982,       1.624870918,        1.83744661,        3.52662197,       1.481917633,       4.690111133
        702,           0,           0,          6.99e-05,             1e-07,      -1.878479185,       1.629285512,       1.842249608,       3.597120577,       1.893346024,        4.72487032
        702,           0,          10,          6.99e-05,             1e-07,      -2.003234654,       1.623310314,       1.835397553,       3.483973296,        1.50913194,        4.74693579
        702,           0,          20,          6.99e-05,             1e-07,      -2.009358756,       1.624703978,       1.839791523,       3.490945149,       1.516914297,       4.754262202
        702,           0,          29,          6.99e-05,             1e-07,      -1.942804253,       1.620418098,       1.832838596,       3.527774668,       1.505403228,       4.696180808
        703,           0,           0,             7e-05,             1e-07,      -1.884137036,       1.632498411,       1.842384739,       3.590964014,       1.893193374,       4.724914552
        703,           0,          10,             7e-05,             1e-07,       -1.98939515,       1.632139783,       1.848370609,       3.520229733,       1.509619645,       4.740019678
        703,           0,          20,             7e-05,             1e-07,       -1.97399038,       1.630103914,       1.844151622,       3.524543356,       1.517324981,       4.730623124
        703,           0,          29,             7e-05,             1e-07,      -1.916705996,       1.623964262,       1.837410855,       3.552469084,        1.50442261,        4.71347347
        704,           0,           0,          7.01e-05,             1e-07,      -1.882517479,        1.63127425,       1.843929181,       3.590127921,        1.89853927,       4.777930337
        704,           0,          10,          7.01e-05,             1e-07,      -1.937872545,       1.627869841,       1.842833007,       3.548671897,       1.512493117,       4.748608278
        704,           0,          20,          7.01e-05,             1e-07,      -1.983648611,       1.628454161,       1.843742384,       3.516074582,       1.505075727,       4.737270791
        704,           0,          29,          7.01e-05,             1e-07,      -1.933880025,       1.624926404,       1.835480345,       3.530185147,       1.508884308,       4.743036291
        705,           0,           0,          7.02e-05,             1e-07,       -1.85825274,       1.631429302,        1.84276066,       3.614516995,       1.897378738,       4.769167819
        705,           0,          10,          7.02e-05,             1e-07,      -1.947297813,       1.634190952,       1.849061314,       3.529220373,       1.532174935,       4.846936156
        705,           0,          20,          7.02e-05,             1e-07,      -1.984301881,       1.632486222,       1.847789715,       3.510506495,       1.518977759,        4.79666274
        705,           0,          29,          7.02e-05,             1e-07,      -1.903739384,       1.629035808,       1.838068062,       3.544021884,       1.515694137,       4.785397603
        706,           0,           0,          7.03e-05,             1e-07,      -1.865101622,       1.634069249,       1.844262051,       3.609016206,       1.900086317,       4.815199792
        706,           0,          10,          7.03e-05,             1e-07,      -1.975033381,       1.628723865,       1.846032432,       3.526404997,       1.521659418,        4.88574425
        706,           0,          20,          7.03e-05,             1e-07,      -1.984190485,       1.629475727,       1.844901239,       3.512257263,       1.513927315,       4.877819994
        706,           0,          29,          7.03e-05,             1e-07,       -1.91278458,       1.626475358,       1.835217954,       3.547628227,       1.506645474,       4.870045657
        707,           0,           0,          7.04e-05,             1e-07,      -1.856473378,       1.631922469,       1.843890496,       3.615434837,       1.899161465,       4.842725547
        707,           0,          10,          7.04e-05,             1e-07,      -1.963200432,       1.628798983,       1.844357262,       3.526603475,        1.52489112,       4.925526633
        707,           0,          20,          7.04e-05,             1e-07,      -1.950018964,       1.626970107,       1.842732994,       3.536590121,       1.520538843,       4.937527979
        707,           0,          29,          7.04e-05,             1e-07,      -1.903048802,       1.622731533,       1.835253016,       3.558715226,       1.536138253,       4.958961708
        708,           0,           0,          7.05e-05,             1e-07,      -1.840959326,       1.630450497,       1.842572676,       3.632545009,        1.90105743,       4.889757345
        708,           0,          10,          7.05e-05,             1e-07,      -1.943159768,       1.625246448,       1.844469907,       3.551132059,       1.542111723,       4.898885577
        708,           0,          20,          7.05e-05,             1e-07,      -1.933871342,       1.629051064,       1.846080698,       3.549690637,       1.544674231,       4.907125481
        708,           0,          29,          7.05e-05,             1e-07,      -1.903049211,       1.625978706,       1.838683525,       3.558159694,       1.534418198,       4.902012734
        709,           0,           0,          7.06e-05,             1e-07,      -1.835603019,       1.630164512,       1.844676051,       3.636565417,       1.903192483,       4.913056669
        709,           0,          10,          7.06e-05,             1e-07,       -1.96955543,       1.631741483,       1.849564415,       3.520710051,       1.555070205,       4.855339748
        709,           0,          20,          7.06e-05,             1e-07,      -1.966315063,       1.633400034,       1.851335653,       3.524317886,       1.577043864,        4.89168345
        709,           0,          29,          7.06e-05,             1e-07,      -1.902187542,       1.631555667,       1.845164058,       3.566029268,       1.562022394,       4.862169843
        710,           0,           0,          7.07e-05,             1e-07,      -1.834842132,       1.635064141,       1.850594078,       3.639706942,       1.904641252,       4.918911251
        710,           0,          10,          7.07e-05,             1e-07,        -1.9724352,       1.630776618,       1.853152048,        3.52431748,       1.577845205,       4.824892545
        710,           0,          20,          7.07e-05,             1e-07,      -1.951579497,       1.630929128,       1.851511197,        3.56573958,       1.581540551,       4.842941156
        710,           0,          29,          7.07e-05,             1e-07,      -1.881880556,       1.633005131,       1.846171287,       3.587800967,       1.569922922,       4.796862346
        711,           0,           0,          7.08e-05,             1e-07,      -1.829724124,       1.636647321,       1.854824433,       3.644882772,       1.906705388,       4.858035406
        711,           0,          10,          7.08e-05,             1e-07,      -1.956508183,       1.631217248,       1.852829846,       3.531055849,       1.594063128,       4.808156281
        711,           0,          20,          7.08e-05,             1e-07,      -1.961233425,       1.633013579,       1.854258349,       3.520772089,       1.587341918,       4.786151094
        711,           0,          29,          7.08e-05,             1e-07,      -1.870983426,       1.630662376,       1.843833108,       3.603044032,       1.598401937,       4.791954221
        712,           0,           0,          7.09e-05,             1e-07,      -1.825587914,       1.635424732,       1.853387007,       3.647647506,       1.911074683,       4.842981527
        712,           0,          10,          7.09e-05,             1e-07,      -1.969867392,       1.629887808,       1.852478275,       3.523492719,       1.575735965,       4.762979141
        712,           0,          20,          7.09e-05,             1e-07,      -1.953418033,       1.630118311,        1.85210443,       3.531808696,       1.578628109,       4.761492157
        712,           0,          29,          7.09e-05,             1e-07,      -1.877519731,       1.632336468,       1.846489651,       3.585001097,       1.574739973,       4.770968798
        713,           0,           0,           7.1e-05,             1e-07,      -1.826645606,       1.632521327,       1.853171768,       3.647731881,       1.910693193,       4.811966967
        713,           0,          10,           7.1e-05,             1e-07,      -1.963314056,       1.633644112,       1.854492875,       3.531229734,       1.590171878,       4.762940831
        713,           0,          20,           7.1e-05,             1e-07,      -1.933367424,       1.633905043,       1.854617368,       3.543577694,       1.600065522,       4.803119661
        713,           0,          29,           7.1e-05,             1e-07,      -1.895589303,       1.637554069,       1.852008461,       3.559482966,       1.594714482,       4.779604084
        714,           0,           0,          7.11e-05,             1e-07,      -1.817904514,       1.637197123,       1.856295756,       3.656903056,        1.91643163,       4.833453391
        714,           0,          10,          7.11e-05,             1e-07,      -1.945982426,       1.638895004,       1.859052994,       3.544027279,       1.583450252,       4.802610572
        714,           0,          20,          7.11e-05,             1e-07,      -1.948941304,       1.637905367,        1.85656728,       3.542703943,       1.586058087,       4.813822122
        714,           0,          29,          7.11e-05,             1e-07,      -1.889219915,       1.636661821,       1.852117916,        3.56189017,       1.579816517,       4.807777339
        715,           0,           0,          7.12e-05,             1e-07,      -1.811811834,       1.639015231,       1.855842492,       3.662799033,       1.914837794,       4.825132482
        715,           0,          10,          7.12e-05,             1e-07,      -1.943290543,       1.632920662,       1.852946728,       3.544139492,       1.599475835,       4.912441941
        715,           0,          20,          7.12e-05,             1e-07,      -1.951136579,       1.639027185,        1.85731292,       3.539236693,       1.612720292,        4.92220212
        715,           0,          29,          7.12e-05,             1e-07,      -1.873978524,       1.633190834,       1.851885782,       3.629301257,       1.603462631,       4.900594769
        716,           0,           0,          7.13e-05,             1e-07,      -1.820177814,       1.639286334,       1.855077742,       3.652990878,        1.91264926,       4.843309577
        716,           0,          10,          7.13e-05,             1e-07,      -1.941203329,        1.63321909,       1.852770817,       3.551818506,       1.620446317,       4.942235494
        716,           0,          20,          7.13e-05,             1e-07,      -1.937429316,       1.635705537,       1.857296188,       3.553387627,       1.618378836,       4.941196139
        716,           0,          29,          7.13e-05,             1e-07,      -1.874465966,       1.639818752,       1.854785557,       3.574694721,       1.626576496,       4.951870842
        717,           0,           0,          7.14e-05,             1e-07,      -1.806491086,       1.641498828,       1.857286948,       3.667859301,       1.917046927,       4.911245444
        717,           0,          10,          7.14e-05,             1e-07,      -1.950026587,       1.629079614,       1.850114401,       3.536078652,       1.619720517,       4.919557069
        717,           0,          20,          7.14e-05,             1e-07,      -1.927354897,        1.63008116,       1.850442909,       3.564875389,       1.638972694,       4.945782496
        717,           0,          29,          7.14e-05,             1e-07,      -1.900635329,       1.631823359,       1.849164385,       3.546345983,       1.631766665,       4.934560146
        718,           0,           0,          7.15e-05,             1e-07,      -1.804727313,       1.636123539,       1.853220475,       3.673602461,        1.91871792,       4.932724937
        718,           0,          10,          7.15e-05,             1e-07,      -1.893713197,       1.635145741,       1.853699776,       3.567430844,       1.649730003,        4.96322753
        718,           0,          20,          7.15e-05,             1e-07,      -1.925479269,       1.633106051,        1.85263272,       3.560862184,       1.649234229,       4.949322752
        718,           0,          29,          7.15e-05,             1e-07,      -1.833014632,       1.634615774,       1.851916002,       3.617877792,       1.631316221,       4.926797506
        719,           0,           0,          7.16e-05,             1e-07,      -1.793994641,       1.635271805,       1.853676644,       3.689859897,       1.922417473,       4.946500905
        719,           0,          10,          7.16e-05,             1e-07,      -1.907869234,        1.63274085,       1.853554321,       3.586774837,         1.6665347,       4.973959671
        719,           0,          20,          7.16e-05,             1e-07,      -1.943115938,       1.625246679,       1.848011627,       3.541861324,       1.648892358,       4.943880889
        719,           0,          29,          7.16e-05,             1e-07,      -1.892295335,       1.624675741,       1.847171712,       3.560987725,       1.648846719,       4.945484273
        720,           0,           0,          7.17e-05,             1e-07,      -1.788834544,       1.633287132,       1.850631928,       3.693354808,       1.921590952,       4.949821625
        720,           0,          10,          7.17e-05,             1e-07,      -1.911456893,       1.632842965,       1.854784208,       3.573575092,       1.661860994,       4.968166166
        720,           0,          20,          7.17e-05,             1e-07,      -1.940491438,       1.625687364,        1.84939239,       3.546741048,       1.665527426,       4.944674359
        720,           0,          29,          7.17e-05,             1e-07,      -1.898545002,       1.630612244,       1.853318533,        3.56566334,       1.667231246,       4.960261452
        721,           0,           0,          7.18e-05,             1e-07,        -1.7772011,        1.63477193,       1.852792252,       3.708953997,       1.923743337,       4.979827798
        721,           0,          10,          7.18e-05,             1e-07,      -1.929039758,       1.631871801,       1.855289473,       3.562064039,        1.66132794,       4.932388026
        721,           0,          20,          7.18e-05,             1e-07,       -1.92694377,       1.630297307,       1.850812684,       3.573257292,       1.661017942,       4.925123458
        721,           0,          29,          7.18e-05,             1e-07,      -1.934626838,       1.625291683,       1.853260874,       3.533500048,        1.66714311,        4.93051358
        722,           0,           0,          7.19e-05,             1e-07,      -1.790276085,       1.634107678,       1.852948697,       3.695641879,       1.928555644,       4.972920676
        722,           0,          10,          7.19e-05,             1e-07,      -1.904763219,       1.632434894,       1.852463002,       3.588433303,       1.638413188,       4.914450815
        722,           0,          20,          7.19e-05,             1e-07,      -1.903316314,         1.6296049,       1.849087066,       3.592861951,       1.627368918,       4.900220416
        722,           0,          29,          7.19e-05,             1e-07,      -1.919629231,       1.627097602,       1.851608114,       3.565441282,       1.624730408,        4.90284339
        723,           0,           0,           7.2e-05,             1e-07,      -1.785352747,       1.634972023,       1.850855557,       3.698255266,       1.948207383,       5.002438957
        723,           0,          10,           7.2e-05,             1e-07,      -1.897860799,       1.636542033,       1.855442909,       3.595183331,       1.669010285,       4.923084383
        723,           0,          20,           7.2e-05,             1e-07,       -1.90593399,       1.631965764,       1.851654057,       3.588407526,       1.652277603,       4.912172255
        723,           0,          29,           7.2e-05,             1e-07,      -1.905932044,       1.633930005,       1.854013981,       3.565851861,       1.650202243,       4.920898063
        724,           0,           0,          7.21e-05,             1e-07,      -1.774224519,       1.637513622,       1.853872097,       3.708671248,       1.946747432,       4.986616899
        724,           0,          10,          7.21e-05,             1e-07,      -1.930682564,       1.636751654,       1.856661158,       3.557321639,       1.715171687,        4.95631647
        724,           0,          20,          7.21e-05,             1e-07,      -1.916362536,       1.634592981,       1.854732551,       3.573641889,       1.715268249,       4.956115148
        724,           0,          29,          7.21e-05,             1e-07,      -1.907369716,       1.634508259,       1.853814723,       3.560145858,        1.68350595,       4.931383644
        725,           0,           0,          7.22e-05,             1e-07,      -1.781674621,       1.640495278,       1.856880972,        3.69230451,       1.954798897,         4.9922853
        725,           0,          10,          7.22e-05,             1e-07,      -1.928666215,       1.628881613,       1.851502726,       3.565987769,        1.69784393,       4.938920281
        725,           0,          20,          7.22e-05,             1e-07,      -1.942333957,       1.629059556,       1.849915973,       3.548552059,       1.717618779,       4.953468698
        725,           0,          29,          7.22e-05,             1e-07,      -1.909971328,        1.62801354,       1.852016702,       3.572118817,       1.691639596,        4.93597497
        726,           0,           0,          7.23e-05,             1e-07,      -1.785710415,        1.63380451,       1.852646358,       3.694976695,       1.949257727,       4.979396131
        726,           0,          10,          7.23e-05,             1e-07,      -1.963446551,       1.628130035,       1.853566943,       3.534309709,       1.680993561,       4.918316848
        726,           0,          20,          7.23e-05,             1e-07,      -1.915428893,       1.630495558,       1.853036717,       3.563403733,       1.704646054,       4.945279997
        726,           0,          29,          7.23e-05,             1e-07,      -1.898438888,       1.626261578,       1.850966189,       3.585627328,       1.654627665,       4.922196583
        727,           0,           0,          7.24e-05,             1e-07,      -1.803459101,       1.631562198,       1.852932342,       3.681325781,       1.940740209,       4.958280726
        727,           0,          10,          7.24e-05,             1e-07,      -1.916611056,       1.628155561,       1.851060428,        3.56084351,       1.651273113,       4.930630713
        727,           0,          20,          7.24e-05,             1e-07,      -1.965831213,       1.627516412,       1.852830308,       3.539617347,       1.682762674,       4.934129826
        727,           0,          29,          7.24e-05,             1e-07,      -1.887463266,       1.631632541,       1.853156763,       3.589310709,       1.666898832,       4.927753471
        728,           0,           0,          7.25e-05,             1e-07,      -1.804199942,       1.635140939,       1.854703164,       3.670743026,       1.932458642,         4.9443944
        728,           0,          10,          7.25e-05,             1e-07,       -1.95412394,       1.626276767,       1.850571734,       3.543655791,       1.656012371,       4.932796189
        728,           0,          20,          7.25e-05,             1e-07,      -1.934350823,       1.630147355,       1.853842798,       3.557713613,       1.657243912,       4.929175992
        728,           0,          29,          7.25e-05,             1e-07,      -1.880059185,        1.63035039,       1.853079925,       3.595547471,       1.639880541,       4.916470536
        729,           0,           0,          7.26e-05,             1e-07,      -1.793895118,       1.635540936,       1.856197405,       3.678623627,       1.935838588,       4.950843245
        729,           0,          10,          7.26e-05,             1e-07,      -1.933250214,       1.630222198,       1.852104391,        3.55810594,       1.692143573,       4.962374738
        729,           0,          20,          7.26e-05,             1e-07,      -1.929716149,       1.630874486,       1.852052746,       3.552172109,       1.680111687,       4.944584394
        729,           0,          29,          7.26e-05,             1e-07,      -1.847522511,       1.632074697,       1.849001805,       3.624095899,       1.665365695,       4.946009646
        730,           0,           0,          7.27e-05,             1e-07,      -1.788589096,       1.634630003,       1.853627839,       3.677812296,       1.935956508,        4.94934715
        730,           0,          10,          7.27e-05,             1e-07,      -1.968174502,       1.624767616,       1.851003667,       3.526941218,       1.691237348,       4.952448849
        730,           0,          20,          7.27e-05,             1e-07,      -1.979035533,        1.62354596,        1.84846624,       3.522629722,       1.671156927,       4.931039122
        730,           0,          29,          7.27e-05,             1e-07,      -1.896368191,       1.626987843,       1.846339595,       3.563114196,       1.671073286,       4.933896505
        731,           0,           0,          7.28e-05,             1e-07,      -1.802560132,        1.62894632,       1.850913207,       3.674509822,       1.937023368,       4.944070418
        731,           0,          10,          7.28e-05,             1e-07,      -1.989174206,       1.628542284,       1.854009162,       3.509601579,       1.679113887,       4.858363509
        731,           0,          20,          7.28e-05,             1e-07,      -1.986554321,       1.626412027,        1.85234517,       3.509682274,       1.693304717,       4.888780427
        731,           0,          29,          7.28e-05,             1e-07,      -1.880789199,        1.62512985,       1.850674334,       3.581695649,       1.687609705,       4.874778897
        732,           0,           0,          7.29e-05,             1e-07,      -1.812794442,       1.630195412,       1.851804955,       3.668003254,       1.936739898,       4.878200215
        732,           0,          10,          7.29e-05,             1e-07,      -1.964613479,       1.622677017,       1.848476357,       3.534535423,       1.669061002,       4.835310163
        732,           0,          20,          7.29e-05,             1e-07,      -1.970031003,       1.622777364,       1.849395569,       3.531929077,        1.69537008,       4.852408392
        732,           0,          29,          7.29e-05,             1e-07,      -1.848337865,        1.62431823,       1.847740269,       3.600998666,       1.677403782,       4.857344966
        733,           0,           0,           7.3e-05,             1e-07,       -1.82231454,       1.625247598,        1.84869815,       3.653170595,       1.939339574,       4.872963717
        733,           0,          10,           7.3e-05,             1e-07,      -1.954725777,       1.625536222,       1.854394722,       3.540770368,       1.671944937,       4.816460436
        733,           0,          20,           7.3e-05,             1e-07,      -1.944455463,       1.620779665,       1.849729776,       3.555340898,       1.672595737,       4.839230399
        733,           0,          29,           7.3e-05,             1e-07,      -1.879088804,       1.623170102,       1.848117922,       3.575632296,       1.662888962,       4.827588561
        734,           0,           0,          7.31e-05,             1e-07,      -1.803470809,       1.626093344,       1.850685435,       3.669648997,        1.94269804,       4.880903031
        734,           0,          10,          7.31e-05,             1e-07,      -1.940569394,       1.620216491,       1.849125149,       3.566323966,       1.673493635,       4.843362804
        734,           0,          20,          7.31e-05,             1e-07,      -1.925233583,       1.617855091,       1.848406699,       3.569129462,       1.683153233,       4.847655455
        734,           0,          29,          7.31e-05,             1e-07,      -1.887500497,       1.625973983,       1.849333642,       3.561587667,       1.667475063,       4.839420726
        735,           0,           0,          7.32e-05,             1e-07,      -1.798994975,       1.624424537,       1.852165811,       3.673651681,       1.940907268,       4.857682382
        735,           0,          10,          7.32e-05,             1e-07,      -1.935487664,       1.618710759,       1.849071108,       3.565349352,        1.69044278,       4.879885508
        735,           0,          20,          7.32e-05,             1e-07,      -1.967603566,       1.621064691,       1.850804886,       3.524768771,       1.687904487,       4.877131909
        735,           0,          29,          7.32e-05,             1e-07,      -1.851646046,       1.624128933,       1.846139681,       3.609921604,       1.682636485,       4.881628258
        736,           0,           0,          7.33e-05,             1e-07,       -1.78678959,       1.621623678,        1.85011654,       3.690347709,       1.944276067,       4.873406827
        736,           0,          10,          7.33e-05,             1e-07,      -1.986303711,       1.618737202,       1.849707924,       3.516777494,       1.697202832,        4.87722226
        736,           0,          20,          7.33e-05,             1e-07,      -1.970252127,       1.622157491,       1.851502611,       3.525742574,       1.700202732,       4.885982041
        736,           0,          29,          7.33e-05,             1e-07,      -1.883313064,        1.62255083,       1.846927836,       3.563769682,       1.676301864,       4.878852962
        737,           0,           0,          7.34e-05,             1e-07,       -1.81100936,       1.621747542,       1.848366627,       3.664246806,       1.947768725,        4.89303371
        737,           0,          10,          7.34e-05,             1e-07,      -1.973527235,       1.619916333,       1.851104121,       3.528353771,       1.687551737,        4.86858074
        737,           0,          20,          7.34e-05,             1e-07,      -1.984666187,       1.616098535,        1.84705775,       3.526824244,       1.693587141,        4.88060675
        737,           0,          29,          7.34e-05,             1e-07,      -1.889898792,        1.62039729,       1.843875105,       3.556794465,       1.678647623,       4.877481796
        738,           0,           0,          7.35e-05,             1e-07,      -1.837085287,       1.618954645,       1.848228437,       3.642128046,       1.949324629,       4.883250292
        738,           0,          10,          7.35e-05,             1e-07,      -1.928393619,       1.617692447,       1.850430536,       3.574227824,       1.688459794,       4.871373517
        738,           0,          20,          7.35e-05,             1e-07,      -1.966220029,       1.617005761,       1.847875154,       3.540077319,       1.685832544,       4.862516487
        738,           0,          29,          7.35e-05,             1e-07,      -1.898198877,       1.618817963,       1.841679067,         3.5592727,       1.667240043,       4.854031641
        739,           0,           0,          7.36e-05,             1e-07,      -1.842038528,       1.617787144,       1.847075453,       3.637882651,       1.953792101,       4.908108108
        739,           0,          10,          7.36e-05,             1e-07,      -1.970064634,        1.61848073,       1.849625925,         3.5357644,       1.688248256,       4.892102551
        739,           0,          20,          7.36e-05,             1e-07,      -1.968552519,       1.616114814,       1.848066076,       3.542600948,       1.688634183,       4.893032177
        739,           0,          29,          7.36e-05,             1e-07,      -1.929555562,       1.615815795,       1.842729883,       3.529623791,       1.674086161,       4.890034432
        740,           0,           0,          7.37e-05,             1e-07,      -1.840580671,       1.618514076,       1.847057411,       3.641189504,       1.951983758,       4.918017546
        740,           0,          10,          7.37e-05,             1e-07,      -1.982455781,       1.612167401,       1.844635874,       3.534520747,       1.664112547,       4.896408417
        740,           0,          20,          7.37e-05,             1e-07,      -1.983677043,       1.609179506,       1.840775635,       3.522880063,       1.665846751,          4.905494
        740,           0,          29,          7.37e-05,             1e-07,      -1.935219161,        1.61441713,       1.841275111,       3.509664902,       1.655035291,       4.904543391
        741,           0,           0,          7.38e-05,             1e-07,       -1.85516551,       1.617617505,       1.844968136,       3.618821221,       1.946070015,        4.91730527
        741,           0,          10,          7.38e-05,             1e-07,      -1.972767077,       1.609189566,       1.838697167,       3.527686931,       1.668553414,       4.947104766
        741,           0,          20,          7.38e-05,             1e-07,      -1.995288036,       1.614073045,        1.84271493,       3.499959177,       1.655109173,       4.924771093
        741,           0,          29,          7.38e-05,             1e-07,       -1.92894586,       1.616484892,       1.842399217,       3.543270055,       1.655927177,       4.930303116
        742,           0,           0,          7.39e-05,             1e-07,      -1.829266111,       1.619825959,       1.844906074,       3.633311261,       1.944940961,       4.935263598
        742,           0,          10,          7.39e-05,             1e-07,      -2.005850827,       1.605221418,       1.836368215,       3.505174819,       1.660977885,       4.945798622
        742,           0,          20,          7.39e-05,             1e-07,      -2.024796713,       1.608347024,       1.837802788,       3.477826819,       1.660018548,       4.947074093
        742,           0,          29,          7.39e-05,             1e-07,      -1.914988368,       1.607586347,       1.834326807,       3.537722126,       1.651070318,       4.949726723
        743,           0,           0,           7.4e-05,             1e-07,        -1.8380189,        1.61140551,       1.838209729,       3.622748311,       1.946887871,       4.959096086
        743,           0,          10,           7.4e-05,             1e-07,      -1.968042111,       1.605041322,       1.831815173,        3.53675669,       1.652641607,       4.931027342
        743,           0,          20,           7.4e-05,             1e-07,      -2.002143987,       1.610254745,       1.838297578,       3.491835476,       1.647031867,       4.931577202
        743,           0,          29,           7.4e-05,             1e-07,      -1.934056197,       1.605706992,       1.835866038,       3.536793685,       1.644818983,       4.929859255
        744,           0,           0,          7.41e-05,             1e-07,      -1.833568866,       1.611592248,       1.836031394,        3.63509683,        1.94110362,       4.947260921
        744,           0,          10,          7.41e-05,             1e-07,       -2.00689265,       1.604871705,       1.834359777,       3.489885767,       1.627141089,       4.911530496
        744,           0,          20,          7.41e-05,             1e-07,      -1.970608198,       1.604078256,       1.832163772,       3.515693328,       1.644081647,       4.930932858
        744,           0,          29,          7.41e-05,             1e-07,        -1.9212523,       1.602916225,       1.829820499,       3.560230978,       1.633495685,       4.922167364
        745,           0,           0,          7.42e-05,             1e-07,       -1.84779434,       1.608991221,       1.832777186,       3.623595655,       1.939947624,       4.944264837
        745,           0,          10,          7.42e-05,             1e-07,      -2.006221702,       1.600789044,       1.831199279,       3.501246746,        1.63576098,       4.908710134
        745,           0,          20,          7.42e-05,             1e-07,      -1.969493012,       1.602696243,       1.834692676,       3.528008895,       1.631206364,       4.908850594
        745,           0,          29,          7.42e-05,             1e-07,      -1.938573299,       1.603141456,       1.830107178,       3.557392643,       1.623004299,       4.906714555
        746,           0,           0,          7.43e-05,             1e-07,      -1.861632308,       1.606101588,       1.831443978,       3.614261895,       1.938235506,       4.939998605
        746,           0,          10,          7.43e-05,             1e-07,      -1.997604214,        1.59598679,       1.827904751,       3.508803234,       1.615068294,        4.85839097
        746,           0,          20,          7.43e-05,             1e-07,      -2.007436568,       1.594996457,       1.825658459,       3.493988162,       1.616125308,       4.836067353
        746,           0,          29,          7.43e-05,             1e-07,      -1.958318282,       1.600910045,       1.827669907,       3.532253044,       1.617927417,       4.869836284
        747,           0,           0,          7.44e-05,             1e-07,      -1.830523667,       1.603470984,       1.829791489,       3.645190975,       1.931233591,       4.918369794
        747,           0,          10,          7.44e-05,             1e-07,      -2.000546735,       1.594967372,       1.823927386,       3.492124773,       1.595530229,       4.740166438
        747,           0,          20,          7.44e-05,             1e-07,      -1.981666499,       1.590653214,       1.821093583,       3.509911862,       1.595206511,       4.836053926
        747,           0,          29,          7.44e-05,             1e-07,      -1.933231914,       1.591388914,       1.818432813,       3.555060181,       1.586696417,       4.813366716
        748,           0,           0,          7.45e-05,             1e-07,       -1.84260171,       1.597914055,       1.822401137,       3.624869911,       1.928285897,       4.881751377
        748,           0,          10,          7.45e-05,             1e-07,       -1.99013037,       1.598481634,       1.825605363,       3.506715894,       1.589381612,       4.803969141
        748,           0,          20,          7.45e-05,             1e-07,      -2.005595608,       1.590209152,       1.819487049,       3.489963516,       1.588975762,       4.754161323
        748,           0,          29,          7.45e-05,             1e-07,       -1.91405692,       1.591066408,        1.81922803,       3.564738869,       1.586316084,       4.774073411
        749,           0,           0,          7.46e-05,             1e-07,      -1.836596829,       1.597732759,       1.819861396,       3.631349679,       1.925432506,       4.801614435
        749,           0,          10,          7.46e-05,             1e-07,       -1.99534399,       1.594101481,        1.82159212,       3.494263359,       1.584369603,       4.727515926
        749,           0,          20,          7.46e-05,             1e-07,      -2.008535122,       1.591768416,       1.821266936,        3.48354612,       1.577163773,       4.686143424
        749,           0,          29,          7.46e-05,             1e-07,      -1.906498875,       1.590911907,       1.819023773,        3.58969721,       1.571325245,       4.693912411
        750,           0,           0,          7.47e-05,             1e-07,       -1.84891871,       1.597390328,       1.820362374,       3.617226548,       1.924220413,       4.795173752
        750,           0,          10,          7.47e-05,             1e-07,      -1.986703691,       1.599317364,       1.829033487,       3.519452113,       1.584270886,       4.777732312
        750,           0,          20,          7.47e-05,             1e-07,      -2.003945594,       1.599975494,       1.830537044,       3.498015436,       1.579604466,       4.764749453
        750,           0,          29,          7.47e-05,             1e-07,      -1.895055442,       1.599803872,       1.830417135,       3.596348528,       1.580520915,        4.76501484
        751,           0,           0,          7.48e-05,             1e-07,      -1.829444233,       1.606749171,       1.830070897,       3.640931427,       1.922289469,       4.850951829
        751,           0,          10,          7.48e-05,             1e-07,      -1.992125464,       1.606332666,       1.836797914,       3.529095208,        1.59540957,       4.789311073
        751,           0,          20,          7.48e-05,             1e-07,      -1.971261361,       1.602788471,       1.832322887,       3.528786533,       1.604131404,       4.845677139
        751,           0,          29,          7.48e-05,             1e-07,      -1.901860579,       1.604747899,       1.831353039,       3.589674818,       1.586231919,       4.812491885
        752,           0,           0,          7.49e-05,             1e-07,      -1.828046202,       1.610170189,       1.835399418,       3.647616442,       1.926188585,       4.834051583
        752,           0,          10,          7.49e-05,             1e-07,      -1.969941197,       1.605314065,       1.831479619,       3.537820075,       1.615422316,       4.794871331
        752,           0,          20,          7.49e-05,             1e-07,      -1.989215292,       1.601820543,       1.831922537,       3.505034537,       1.612021215,       4.807965726
        752,           0,          29,          7.49e-05,             1e-07,      -1.867861242,       1.598134328,       1.822678902,       3.619877566,       1.592733419,       4.800651414
        753,           0,           0,           7.5e-05,             1e-07,      -1.842248463,       1.604949542,       1.830020475,       3.631060552,       1.928012856,       4.833277709
        753,           0,          10,           7.5e-05,             1e-07,      -2.000395528,       1.600457959,       1.829515383,       3.504280256,       1.590914727,       4.788119507
        753,           0,          20,           7.5e-05,             1e-07,      -1.982786963,       1.595223936,       1.823322745,       3.522262403,       1.609268367,        4.80889381
        753,           0,          29,           7.5e-05,             1e-07,      -1.887259666,       1.595577435,       1.816571194,       3.598818093,       1.588806128,       4.800974702
        754,           0,           0,          7.51e-05,             1e-07,      -1.863036625,       1.600188652,        1.82478379,       3.606866084,       1.929462991,       4.845203917
        754,           0,          10,          7.51e-05,             1e-07,      -1.993096926,       1.595337909,        1.82239022,       3.508764851,       1.605413199,       4.762597003
        754,           0,          20,          7.51e-05,             1e-07,      -1.959938989,        1.59363446,       1.821567313,       3.540006011,       1.613967684,       4.776777953
        754,           0,          29,          7.51e-05,             1e-07,      -1.883287979,       1.594339207,        1.81861654,       3.600975792,        1.60473706,       4.812756806
        755,           0,           0,          7.52e-05,             1e-07,      -1.831535653,       1.597139307,       1.819512896,       3.645176774,       1.926594183,       4.831031038
        755,           0,          10,          7.52e-05,             1e-07,      -1.981028573,       1.598022724,       1.828911748,       3.544159636,       1.613781833,       4.771488817
        755,           0,          20,          7.52e-05,             1e-07,       -1.94992539,        1.59868877,       1.827207765,       3.547976315,       1.615309555,       4.789109403
        755,           0,          29,          7.52e-05,             1e-07,      -1.880090368,       1.603259115,       1.823245889,       3.609185414,       1.587684043,       4.775554882
        756,           0,           0,          7.53e-05,             1e-07,      -1.817990542,       1.603944499,       1.827274296,       3.662789149,       1.928607657,       4.793615679
        756,           0,          10,          7.53e-05,             1e-07,       -1.97661489,       1.596539531,       1.828008211,       3.530225459,       1.622101302,       4.767220244
        756,           0,          20,          7.53e-05,             1e-07,      -1.968083711,        1.59447785,       1.825233164,       3.534730209,       1.638584321,       4.782364849
        756,           0,          29,          7.53e-05,             1e-07,      -1.899174372,       1.597925859,       1.822857562,       3.593469668,       1.627866645,       4.817387915
        757,           0,           0,          7.54e-05,             1e-07,      -1.821298593,       1.597065443,       1.825873147,       3.661116548,       1.924632636,       4.801132495
        757,           0,          10,          7.54e-05,             1e-07,      -1.955110972,       1.594501591,        1.82616759,       3.548342545,        1.60425281,       4.834515572
        757,           0,          20,          7.54e-05,             1e-07,      -1.986256994,       1.592469873,       1.822498372,       3.527064969,       1.611362008,       4.859645257
        757,           0,          29,          7.54e-05,             1e-07,      -1.915858986,       1.591978139,       1.817350955,       3.578386688,       1.597850496,       4.843873579
        758,           0,           0,          7.55e-05,             1e-07,      -1.829647564,       1.595088318,       1.824254696,       3.654612987,       1.925872254,       4.842770845
        758,           0,          10,          7.55e-05,             1e-07,      -1.962650709,       1.595208808,       1.825626575,       3.546881175,       1.625513775,       4.861047034
        758,           0,          20,          7.55e-05,             1e-07,      -1.971118968,       1.591488128,       1.822845737,        3.53696935,       1.604746257,       4.829089805
        758,           0,          29,          7.55e-05,             1e-07,      -1.886106307,       1.594314187,       1.816342807,       3.602879679,       1.625420917,       4.917889268
        759,           0,           0,          7.56e-05,             1e-07,      -1.823805462,       1.596047737,       1.820870646,       3.651264344,       1.926054421,       4.860530907
        759,           0,          10,          7.56e-05,             1e-07,      -1.943266597,       1.592809857,       1.822703605,       3.562383068,       1.639535911,       4.866166905
        759,           0,          20,          7.56e-05,             1e-07,      -1.961136229,       1.588190571,       1.818055322,       3.547784758,       1.645971917,       4.884483087
        759,           0,          29,          7.56e-05,             1e-07,      -1.907352541,       1.585854876,       1.812492421,       3.578270116,       1.608370407,       4.834507595
        760,           0,           0,          7.57e-05,             1e-07,      -1.825955555,       1.590615818,       1.817708054,       3.660823623,        1.92634498,       4.879158302
        760,           0,          10,          7.57e-05,             1e-07,      -1.979059195,       1.584663756,       1.815773743,       3.547723817,       1.623275716,       4.885536511
        760,           0,          20,          7.57e-05,             1e-07,      -1.980234386,       1.583640222,       1.814752505,       3.527798079,       1.612498901,       4.883375766
        760,           0,          29,          7.57e-05,             1e-07,       -1.86617441,       1.582860684,       1.810431685,       3.628711077,       1.624601623,       4.919940136
        761,           0,           0,          7.58e-05,             1e-07,       -1.80975895,        1.58841966,       1.816590485,        3.67828876,       1.925716443,       4.907689305
        761,           0,          10,          7.58e-05,             1e-07,      -1.977563039,       1.589103501,       1.820864123,        3.54159932,       1.654293013,       4.972518116
        761,           0,          20,          7.58e-05,             1e-07,      -1.940288687,       1.583047656,       1.816938464,        3.57885918,       1.638046732,       4.947020756
        761,           0,          29,          7.58e-05,             1e-07,      -1.880230644,       1.588420078,       1.814092273,       3.607385629,       1.621978733,       4.942991314
        762,           0,           0,          7.59e-05,             1e-07,      -1.820418316,       1.588208302,       1.819082706,       3.669109331,       1.919889284,       4.890026048
        762,           0,          10,          7.59e-05,             1e-07,      -1.997647839,       1.586614694,       1.820541029,       3.528081028,       1.617673817,       4.893844043
        762,           0,          20,          7.59e-05,             1e-07,      -1.970638774,       1.589227514,       1.822577295,        3.54618261,       1.610291887,       4.892009338
        762,           0,          29,          7.59e-05,             1e-07,      -1.869121288,       1.591884851,       1.822138707,       3.624191415,        1.61484481,       4.894325601
        763,           0,           0,           7.6e-05,             1e-07,      -1.817729842,       1.597355503,         1.8265022,       3.668822076,       1.924209173,       4.913016612
        763,           0,          10,           7.6e-05,             1e-07,      -1.985685515,       1.590553755,       1.825718393,       3.534780354,        1.62882683,       4.875042482
        763,           0,          20,           7.6e-05,             1e-07,      -1.968377797,       1.592394636,        1.82825883,       3.551498934,       1.622862655,       4.878738661
        763,           0,          29,           7.6e-05,             1e-07,      -1.899938681,       1.590758232,       1.824206352,       3.595252708,       1.601636255,        4.86779785
        764,           0,           0,          7.61e-05,             1e-07,      -1.820627048,       1.597523872,        1.82823041,       3.668464523,       1.924750048,       4.919114573
        764,           0,          10,          7.61e-05,             1e-07,      -1.984498091,       1.594020465,       1.830788265,       3.533829218,       1.613728323,       4.848803408
        764,           0,          20,          7.61e-05,             1e-07,      -1.980279303,       1.588220141,       1.826480434,       3.541081647,       1.621457675,       4.860307902
        764,           0,          29,          7.61e-05,             1e-07,      -1.910853702,       1.592323775,       1.824688289,       3.576456108,       1.612445797,       4.855901163
        765,           0,           0,          7.62e-05,             1e-07,       -1.82797801,       1.596922751,       1.827813232,         3.6589774,       1.925651721,       4.914779847
        765,           0,          10,          7.62e-05,             1e-07,      -1.994432297,       1.592875615,       1.828863205,       3.530565435,       1.631724904,       4.850208237
        765,           0,          20,          7.62e-05,             1e-07,      -1.998490137,       1.590008281,       1.826383149,       3.527566849,          1.630375,       4.861789927
        765,           0,          29,          7.62e-05,             1e-07,      -1.922855711,       1.593300358,       1.825301724,       3.552799651,       1.633400265,       4.880254807
        766,           0,           0,          7.63e-05,             1e-07,      -1.827111211,       1.593324355,       1.827854316,       3.662573589,        1.92433247,       4.904750793
        766,           0,          10,          7.63e-05,             1e-07,      -2.015261475,       1.592920143,       1.827817889,       3.512167878,       1.617648023,       4.866230621
        766,           0,          20,          7.63e-05,             1e-07,      -1.991942203,       1.591340841,       1.825686851,       3.550969999,       1.612548316,       4.866467001
        766,           0,          29,          7.63e-05,             1e-07,      -1.904452346,       1.591425978,       1.822430461,       3.607534631,       1.599057404,       4.869407516
        767,           0,           0,          7.64e-05,             1e-07,      -1.842583398,       1.593245273,       1.827070829,       3.648394877,       1.918349132,       4.887852047
        767,           0,          10,          7.64e-05,             1e-07,      -1.999658474,       1.596858248,       1.832344042,       3.541812731,       1.612214184,       4.897349677
        767,           0,          20,          7.64e-05,             1e-07,      -2.015062643,       1.593354727,       1.827721925,        3.51429526,       1.606162021,       4.893613576
        767,           0,          29,          7.64e-05,             1e-07,      -1.913870252,       1.596514594,        1.82742292,       3.561716744,       1.591231162,       4.892354967
        768,           0,           0,          7.65e-05,             1e-07,      -1.847872806,       1.600262528,       1.832776174,       3.644705016,       1.919673571,       4.900927335
        768,           0,          10,          7.65e-05,             1e-07,      -1.964197443,       1.604814505,       1.838698316,       3.589867951,       1.609436139,       4.901044208
        768,           0,          20,          7.65e-05,             1e-07,      -1.995365655,        1.59661768,       1.832447001,       3.534904586,       1.600905093,       4.893646249
        768,           0,          29,          7.65e-05,             1e-07,      -1.907418257,       1.608243031,       1.837525776,       3.572450052,       1.598366334,       4.894198394
        769,           0,           0,          7.66e-05,             1e-07,        -1.8415427,        1.60684396,       1.839451089,       3.656753842,       1.917828167,       4.902360675
        769,           0,          10,          7.66e-05,             1e-07,       -1.94183188,       1.609851523,       1.840870603,       3.582818218,       1.599520141,       4.870520576
        769,           0,          20,          7.66e-05,             1e-07,      -1.979833078,       1.607885399,       1.839561359,       3.541008067,       1.597012489,       4.879090701
        769,           0,          29,          7.66e-05,             1e-07,      -1.898399805,       1.602186196,       1.837097614,       3.617772905,       1.584788739,       4.877000406
        770,           0,           0,          7.67e-05,             1e-07,      -1.830127035,       1.609659703,       1.839029997,       3.671381762,       1.917835284,       4.887461725
        770,           0,          10,          7.67e-05,             1e-07,      -1.963781172,       1.619584034,       1.851512697,       3.551900599,       1.584076255,       4.855404911
        770,           0,          20,          7.67e-05,             1e-07,      -1.986442183,       1.604334393,       1.838090104,       3.538066805,       1.571738452,       4.852915822
        770,           0,          29,          7.67e-05,             1e-07,       -1.90374471,       1.609077365,       1.841165173,       3.578922811,       1.589008494,       4.869584333
        771,           0,           0,          7.68e-05,             1e-07,      -1.838651139,       1.615200131,       1.843172259,       3.653744292,       1.913951647,       4.868177789
        771,           0,          10,          7.68e-05,             1e-07,      -1.954128325,       1.614305963,       1.846650392,       3.557535384,       1.590302797,       4.881045775
        771,           0,          20,          7.68e-05,             1e-07,      -1.953762328,       1.610770375,       1.843007727,       3.553018407,       1.584994337,       4.874114774
        771,           0,          29,          7.68e-05,             1e-07,      -1.918366214,       1.609745063,       1.844428863,       3.590858126,       1.577612454,       4.890701323
        772,           0,           0,          7.69e-05,             1e-07,      -1.830520698,       1.618781011,       1.846409067,       3.661097393,       1.917488821,       4.897970469
        772,           0,          10,          7.69e-05,             1e-07,      -1.955205767,       1.618524105,       1.848948685,        3.55034981,       1.586598948,       4.890234465
        772,           0,          20,          7.69e-05,             1e-07,      -1.940217648,       1.617931092,       1.848251274,       3.562456723,       1.592394874,       4.915906913
        772,           0,          29,          7.69e-05,             1e-07,      -1.924582371,       1.616294133,       1.849533879,       3.558203666,       1.570995761,       4.886412306
        773,           0,           0,           7.7e-05,             1e-07,      -1.843446142,       1.624104891,       1.850384703,       3.649715598,       1.917089837,       4.905667887
        773,           0,          10,           7.7e-05,             1e-07,      -1.981853922,       1.615506454,       1.847889783,       3.534733165,       1.587403859,       4.855676002
        773,           0,          20,           7.7e-05,             1e-07,      -1.965601411,       1.617467208,       1.847968125,       3.539254041,       1.592775141,       4.847413006
        773,           0,          29,           7.7e-05,             1e-07,      -1.901762053,       1.612082407,       1.845153624,       3.600845276,       1.578553104,        4.86455708
        774,           0,           0,          7.71e-05,             1e-07,       -1.84515723,       1.620708603,       1.847723687,       3.655868471,       1.918289706,        4.91544581
        774,           0,          10,          7.71e-05,             1e-07,      -1.972406835,       1.617296872,       1.851278849,       3.550219439,       1.593428718,       4.797114423
        774,           0,          20,          7.71e-05,             1e-07,      -1.984564174,       1.615151787,       1.847947702,       3.527981674,       1.588252407,       4.746881876
        774,           0,          29,          7.71e-05,             1e-07,      -1.880346239,       1.613253527,       1.841900571,       3.603397638,       1.591517264,       4.832328103
        775,           0,           0,          7.72e-05,             1e-07,      -1.846580078,       1.620500233,       1.845711657,       3.648776099,       1.917733939,       4.869078371
        775,           0,          10,          7.72e-05,             1e-07,      -1.961834027,       1.614525359,       1.848455096,       3.562321008,       1.597646797,       4.775717917
        775,           0,          20,          7.72e-05,             1e-07,       -1.99165209,       1.611156113,       1.846295413,       3.515175617,       1.575914236,       4.754692427
        775,           0,          29,          7.72e-05,             1e-07,      -1.885926448,       1.612385134,       1.841998953,       3.613698034,       1.581650403,       4.755467875
        776,           0,           0,          7.73e-05,             1e-07,      -1.844237868,       1.617778354,       1.846051444,       3.656771297,       1.918418329,        4.82588898
        776,           0,          10,          7.73e-05,             1e-07,      -1.988548291,       1.617508337,        1.85279774,       3.535946039,       1.602168723,       4.787602026
        776,           0,          20,          7.73e-05,             1e-07,       -1.98469607,       1.617426616,       1.850452883,       3.537722932,       1.593528013,       4.807322544
        776,           0,          29,          7.73e-05,             1e-07,      -1.873068943,       1.611249175,       1.841203803,       3.617673957,       1.611345212,       4.819669226
        777,           0,           0,          7.74e-05,             1e-07,      -1.858712164,       1.616935831,       1.845638479,       3.639018169,        1.92008934,       4.864822922
        777,           0,          10,          7.74e-05,             1e-07,      -1.981764728,       1.615188004,       1.850501701,       3.527343932,       1.596523092,       4.769494291
        777,           0,          20,          7.74e-05,             1e-07,      -1.993543438,       1.607145677,       1.842399595,        3.51694131,       1.588861113,       4.797901036
        777,           0,          29,          7.74e-05,             1e-07,      -1.884231478,       1.608249729,       1.839539321,       3.593414323,       1.589711449,       4.778018639
        778,           0,           0,          7.75e-05,             1e-07,      -1.852019316,       1.616147253,       1.844557702,        3.64028995,       1.919403805,       4.844213805
        778,           0,          10,          7.75e-05,             1e-07,      -1.992931302,       1.609135297,       1.846482906,       3.524830995,       1.601843064,       4.809959279
        778,           0,          20,          7.75e-05,             1e-07,      -1.984115836,       1.607739154,       1.844633556,        3.52286832,        1.60598539,       4.843227112
        778,           0,          29,          7.75e-05,             1e-07,       -1.87213324,       1.609435132,       1.837398104,        3.59944463,       1.610167364,       4.836807623
        779,           0,           0,          7.76e-05,             1e-07,      -1.854035219,       1.615326602,       1.845053423,       3.637351107,       1.923097474,       4.859522433
        779,           0,          10,          7.76e-05,             1e-07,      -1.977817587,       1.613017498,       1.849128223,       3.526886949,       1.604697938,       4.869232142
        779,           0,          20,          7.76e-05,             1e-07,      -1.977121466,       1.606112502,       1.843043466,       3.522475259,       1.590789886,       4.867490102
        779,           0,          29,          7.76e-05,             1e-07,      -1.869231168,       1.609653741,       1.838603042,       3.599979942,       1.598350386,       4.869449493
        780,           0,           0,          7.77e-05,             1e-07,      -1.855537224,       1.614987499,       1.845684225,       3.634083559,       1.923401767,       4.873604334
        780,           0,          10,          7.77e-05,             1e-07,      -1.971028321,        1.61063928,       1.846230972,       3.541758486,       1.615661559,       4.916990649
        780,           0,          20,          7.77e-05,             1e-07,      -1.966584642,       1.605009862,       1.842029185,       3.546657125,       1.604988439,       4.909109106
        780,           0,          29,          7.77e-05,             1e-07,      -1.882108387,       1.609000631,       1.839818156,        3.58796607,       1.618652801,       4.906815068
        781,           0,           0,          7.78e-05,             1e-07,      -1.842287554,       1.612860813,       1.845663267,       3.645683545,        1.92094019,       4.901103184
        781,           0,          10,          7.78e-05,             1e-07,       -1.95466571,       1.612502636,       1.847986992,       3.549191291,       1.616498904,       4.926487403
        781,           0,          20,          7.78e-05,             1e-07,      -1.947559222,       1.609595276,        1.84691363,       3.563384664,       1.588420526,       4.911599126
        781,           0,          29,          7.78e-05,             1e-07,      -1.874294112,       1.612899027,       1.841937272,       3.596304069,       1.616942597,       4.919576033
        782,           0,           0,          7.79e-05,             1e-07,      -1.831126823,       1.615651186,         1.8484975,       3.659788452,       1.919759068,       4.911466255
        782,           0,          10,          7.79e-05,             1e-07,      -1.947235469,       1.612322029,       1.849808965,       3.563406596,       1.599587774,       4.933426438
        782,           0,          20,          7.79e-05,             1e-07,      -1.940784151,        1.60682799,       1.843965668,       3.573456686,       1.604169611,       4.939436362
        782,           0,          29,          7.79e-05,             1e-07,      -1.860596823,       1.608764444,       1.837314309,       3.620496005,       1.608238133,         4.9421548
        783,           0,           0,           7.8e-05,             1e-07,      -1.842147394,       1.613187041,        1.84465862,       3.645776651,       1.921252346,       4.942463102
        783,           0,          10,           7.8e-05,             1e-07,      -1.928931408,       1.607201809,         1.8469477,       3.587543469,       1.611980201,       4.941213157
        783,           0,          20,           7.8e-05,             1e-07,      -1.981781235,         1.6033746,       1.841937997,       3.527436985,       1.600279394,       4.934799171
        783,           0,          29,           7.8e-05,             1e-07,      -1.871878256,       1.608211128,       1.836526391,       3.613623439,       1.609959559,       4.947042378
        784,           0,           0,          7.81e-05,             1e-07,      -1.847129653,       1.609885195,       1.842256071,        3.64523199,       1.922126211,       4.969884472
        784,           0,          10,          7.81e-05,             1e-07,      -1.971290651,       1.603317309,       1.840119538,       3.538734372,       1.594731084,       4.930983737
        784,           0,          20,          7.81e-05,             1e-07,      -1.980048899,       1.601312605,       1.838634045,       3.523135087,       1.594558219,       4.937703579
        784,           0,          29,          7.81e-05,             1e-07,      -1.869755473,       1.605892419,       1.831884772,       3.601413865,       1.623837631,       4.937441656
        785,           0,           0,          7.82e-05,             1e-07,      -1.831262347,       1.608842754,       1.838303745,       3.656632257,       1.921734688,       4.974598285
        785,           0,          10,          7.82e-05,             1e-07,      -1.975415104,       1.608648976,       1.844445893,       3.529468824,       1.609005449,       4.916857532
        785,           0,          20,          7.82e-05,             1e-07,       -1.96473288,       1.604810297,       1.840115489,       3.532543549,       1.608904387,       4.938269152
        785,           0,          29,          7.82e-05,             1e-07,      -1.862311773,        1.60677881,       1.833209382,       3.604605653,       1.625538861,       4.932974546
        786,           0,           0,          7.83e-05,             1e-07,      -1.842034692,       1.609967923,       1.840752778,       3.641653893,       1.926130528,       4.949698713
        786,           0,          10,          7.83e-05,             1e-07,      -1.942930395,       1.609395123,       1.847154914,       3.560641355,       1.620849212,       4.889216384
        786,           0,          20,          7.83e-05,             1e-07,      -1.991195844,       1.608343534,       1.842706682,       3.525656815,       1.611721134,        4.86235072
        786,           0,          29,          7.83e-05,             1e-07,      -1.880527758,       1.612392673,       1.838330502,       3.597879435,       1.649527072,       4.881849052
        787,           0,           0,          7.84e-05,             1e-07,      -1.846190913,       1.612178625,       1.843363942,       3.641197967,       1.924399634,        4.90597583
        787,           0,          10,          7.84e-05,             1e-07,      -1.965490125,       1.612475211,       1.847036678,       3.550562538,       1.618866349,       4.820792022
        787,           0,          20,          7.84e-05,             1e-07,      -1.980236822,       1.611660846,       1.844576477,       3.535710523,       1.606205917,       4.803018295
        787,           0,          29,          7.84e-05,             1e-07,      -1.871316348,       1.611646629,       1.836828317,       3.610139267,       1.633510441,       4.791052016
        788,           0,           0,          7.85e-05,             1e-07,      -1.843873207,       1.614935297,       1.844636789,       3.638037352,       1.926686084,       4.880607301
        788,           0,          10,          7.85e-05,             1e-07,       -2.00467106,        1.61267836,       1.846657035,       3.507625421,       1.606633581,       4.801365611
        788,           0,          20,          7.85e-05,             1e-07,      -1.978882036,       1.613819344,       1.844077494,       3.525430819,       1.616817461,       4.834929682
        788,           0,          29,          7.85e-05,             1e-07,       -1.86821686,       1.613593973,       1.840850078,       3.620360067,       1.636764885,       4.818868605
        789,           0,           0,          7.86e-05,             1e-07,      -1.844358466,       1.618471185,       1.845685818,       3.637683607,       1.926621355,       4.889318892
        789,           0,          10,          7.86e-05,             1e-07,      -1.972783382,       1.617775834,       1.847867409,       3.533925405,       1.609956755,       4.875319932
        789,           0,          20,          7.86e-05,             1e-07,      -1.957976604,       1.612007966,       1.844873648,       3.550790359,       1.618194912,       4.910998896
        789,           0,          29,          7.86e-05,             1e-07,      -1.860279241,       1.615355794,       1.841203289,       3.605125613,       1.657578721,        4.90040197
        790,           0,           0,          7.87e-05,             1e-07,      -1.828396117,       1.619007793,       1.845776905,       3.657208996,       1.924649175,       4.873620677
        790,           0,          10,          7.87e-05,             1e-07,      -1.977223039,       1.619325378,       1.849952295,       3.533677836,       1.612437962,       4.907484854
        790,           0,          20,          7.87e-05,             1e-07,       -1.97072496,       1.616875064,       1.845722621,       3.535823373,       1.618923804,       4.931633777
        790,           0,          29,          7.87e-05,             1e-07,      -1.868649953,        1.61148183,       1.836080387,       3.614414833,        1.64502964,         4.9265487
        791,           0,           0,          7.88e-05,             1e-07,      -1.829136711,       1.618131226,       1.843888159,       3.652050201,       1.928093575,       4.918927763
        791,           0,          10,          7.88e-05,             1e-07,      -1.984195447,       1.617546876,       1.847822329,        3.53072479,       1.639222762,       4.952744065
        791,           0,          20,          7.88e-05,             1e-07,      -1.987592626,       1.613987075,       1.843995326,       3.532202131,       1.621366786,       4.922261913
        791,           0,          29,          7.88e-05,             1e-07,      -1.869794496,       1.610602531,       1.837456929,       3.620091978,       1.654142016,       4.928180526
        792,           0,           0,          7.89e-05,             1e-07,      -1.840993748,       1.617180515,       1.842779217,       3.643831488,        1.92793883,       4.927260642
        792,           0,          10,          7.89e-05,             1e-07,      -2.011610617,       1.622316381,       1.852405843,       3.509936777,       1.603516972,       4.867036817
        792,           0,          20,          7.89e-05,             1e-07,      -1.970725935,       1.618782545,        1.84900577,        3.55118344,       1.637752657,       4.897674993
        792,           0,          29,          7.89e-05,             1e-07,      -1.853912373,       1.618964017,       1.841654304,        3.60817104,       1.640762322,       4.869553591
        793,           0,           0,           7.9e-05,             1e-07,      -1.841849253,       1.621561724,       1.847419284,        3.64259758,       1.925448823,       4.908687563
        793,           0,          10,           7.9e-05,             1e-07,      -1.995753005,       1.626793704,       1.855604409,       3.536807442,       1.601243086,       4.796807983
        793,           0,          20,           7.9e-05,             1e-07,      -1.979978798,       1.625660186,        1.85593475,       3.532147074,       1.608702918,       4.781844236
        793,           0,          29,           7.9e-05,             1e-07,        -1.8649921,       1.624656968,         1.8495932,       3.602144289,       1.637903332,       4.762659226
        794,           0,           0,          7.91e-05,             1e-07,       -1.83913268,       1.630269531,       1.854724769,       3.642795413,       1.922916931,       4.822836727
        794,           0,          10,          7.91e-05,             1e-07,      -1.977144433,       1.628931875,       1.857920757,       3.522595249,       1.597386949,       4.741765369
        794,           0,          20,          7.91e-05,             1e-07,      -1.990465789,       1.626625636,       1.853858498,       3.516425776,       1.597267193,       4.738886131
        794,           0,          29,          7.91e-05,             1e-07,      -1.864039211,        1.62479182,       1.848479622,       3.608218386,       1.635537436,       4.764215936
        795,           0,           0,          7.92e-05,             1e-07,      -1.823728889,          1.631697,       1.852581375,       3.656942019,       1.929735524,       4.854207054
        795,           0,          10,          7.92e-05,             1e-07,      -1.982819479,       1.628898727,       1.855094265,       3.510881757,       1.600533689,       4.807998817
        795,           0,          20,          7.92e-05,             1e-07,      -1.991687368,       1.623982479,       1.850060746,       3.513872552,       1.601741604,       4.803350925
        795,           0,          29,          7.92e-05,             1e-07,      -1.858357622,       1.619939495,       1.837494288,       3.615956749,       1.637986448,       4.790826925
        796,           0,           0,          7.93e-05,             1e-07,      -1.837686495,       1.626901888,       1.846896145,        3.63743143,       1.922784746,       4.807104595
        796,           0,          10,          7.93e-05,             1e-07,      -1.994682956,       1.628145015,       1.855035303,       3.517991448,       1.613126176,       4.828261515
        796,           0,          20,          7.93e-05,             1e-07,      -1.965537154,       1.631241719,         1.8588388,       3.545573014,       1.631122975,       4.858825838
        796,           0,          29,          7.93e-05,             1e-07,      -1.860629026,       1.624430938,       1.842179024,       3.612998081,       1.645446754,       4.836485621
        797,           0,           0,          7.94e-05,             1e-07,      -1.828546733,       1.628257443,       1.849378927,       3.647478629,       1.925199121,       4.836264217
        797,           0,          10,          7.94e-05,             1e-07,       -1.95597896,       1.630456013,       1.855511211,       3.549829459,       1.603849675,       4.838492823
        797,           0,          20,          7.94e-05,             1e-07,      -1.975129754,       1.624122155,       1.849435616,       3.531395262,       1.611502068,       4.851545133
        797,           0,          29,          7.94e-05,             1e-07,      -1.892461969,       1.625950312,       1.849311063,       3.586570303,       1.644057264,       4.854983784
        798,           0,           0,          7.95e-05,             1e-07,      -1.806952857,       1.635964717,       1.854714142,         3.6699522,       1.925996283,       4.900117472
        798,           0,          10,          7.95e-05,             1e-07,      -1.990848931,       1.629786192,       1.856298194,       3.518982622,       1.591211887,       4.829685673
        798,           0,          20,          7.95e-05,             1e-07,      -1.962946569,       1.628374611,       1.854422185,       3.551937231,       1.623822383,       4.887127986
        798,           0,          29,          7.95e-05,             1e-07,      -1.870041915,       1.622259998,       1.848274393,       3.607026839,       1.632312936,       4.852476699
        799,           0,           0,          7.96e-05,             1e-07,      -1.825106676,       1.635751321,       1.856683272,       3.651529252,       1.919321983,       4.867318969
        799,           0,          10,          7.96e-05,             1e-07,      -1.986486029,       1.635317842,       1.862674998,       3.535242075,       1.595598739,       4.890167982
        799,           0,          20,          7.96e-05,             1e-07,      -1.961840885,       1.638127929,       1.864768983,        3.55160726,       1.614205914,       4.926341191
        799,           0,          29,          7.96e-05,             1e-07,      -1.865417244,       1.629309119,       1.852421948,        3.60818142,        1.63635074,       4.870879761
        800,           0,           0,          7.97e-05,             1e-07,      -1.833231521,         1.6383123,       1.860867318,       3.645347363,       1.921563424,       4.868603244
        800,           0,          10,          7.97e-05,             1e-07,      -1.866455994,       1.634822166,       1.858787924,       3.610217411,       1.618033207,       4.908913208
        800,           0,          20,          7.97e-05,             1e-07,      -1.960577587,       1.631462091,       1.856416243,        3.53873956,       1.600373826,       4.897719417
        800,           0,          29,          7.97e-05,             1e-07,      -1.868146859,       1.627102533,       1.850566851,       3.620573169,       1.639000936,       4.881240314
        801,           0,           0,          7.98e-05,             1e-07,      -1.793640911,       1.641131907,        1.85880404,       3.685369094,       1.924672449,       4.874147448
        801,           0,          10,          7.98e-05,             1e-07,      -1.973303337,       1.636760879,       1.864427284,       3.550349938,       1.596791353,       4.895741082
        801,           0,          20,          7.98e-05,             1e-07,      -1.975263928,       1.630142342,       1.855518499,       3.541423268,       1.572493717,       4.856514489
        801,           0,          29,          7.98e-05,             1e-07,      -1.867495253,       1.620739486,       1.844510172,       3.634068552,       1.625032706,       4.871923151
        802,           0,           0,          7.99e-05,             1e-07,       -1.80585119,       1.634825402,       1.854963721,       3.676988871,        1.92271678,       4.885364092
        802,           0,          10,          7.99e-05,             1e-07,      -1.964696211,       1.634635161,       1.858980721,       3.530685584,       1.573546141,       4.878867788
        802,           0,          20,          7.99e-05,             1e-07,       -1.97131425,       1.630324377,       1.858717985,       3.550672309,       1.576580507,       4.876384653
        802,           0,          29,          7.99e-05,             1e-07,      -1.822600251,       1.621061106,       1.844661331,       3.640479628,       1.633841916,       4.911174934
        803,           0,           0,             8e-05,             1e-07,      -1.814772703,       1.633201442,       1.852971887,       3.663593049,       1.920882709,       4.887095535
        803,           0,          10,             8e-05,             1e-07,      -1.948756528,        1.62554194,         1.8534238,       3.562771387,       1.574677331,       4.881593401
        803,           0,          20,             8e-05,             1e-07,      -1.997450759,       1.624692671,       1.852671231,       3.519034891,       1.560180493,       4.868268739
        803,           0,          29,             8e-05,             1e-07,      -1.871574301,        1.61935214,       1.846391256,       3.614051776,       1.615343125,       4.871584504
        804,           0,           0,          8.01e-05,             1e-07,       -1.79912594,       1.634265376,         1.8536178,       3.681022727,       1.915910412,       4.871358526
        804,           0,          10,          8.01e-05,             1e-07,      -1.969939781,       1.625912512,       1.857555801,       3.540862805,       1.551434103,       4.864505235
        804,           0,          20,          8.01e-05,             1e-07,      -1.959907983,        1.62602559,       1.856481185,       3.546164587,       1.553383729,        4.86690441
        804,           0,          29,          8.01e-05,             1e-07,      -1.844608258,       1.620041239,       1.844406436,        3.63033658,       1.621554676,       4.913415825
        805,           0,           0,          8.02e-05,             1e-07,      -1.795891487,       1.635365825,        1.85568839,       3.683827751,        1.91853557,       4.917928665
        805,           0,          10,          8.02e-05,             1e-07,      -1.940583815,       1.627941921,       1.856549797,       3.559277429,       1.556487106,       4.877912531
        805,           0,          20,          8.02e-05,             1e-07,      -1.944248493,       1.622950214,       1.853181119,       3.551006981,        1.57636189,       4.900111791
        805,           0,          29,          8.02e-05,             1e-07,      -1.830071555,       1.621463727,       1.839635022,       3.635841614,       1.612978342,       4.881071146
        806,           0,           0,          8.03e-05,             1e-07,      -1.795729905,       1.629273594,       1.852928206,       3.684428466,       1.918106902,       4.908227508
        806,           0,          10,          8.03e-05,             1e-07,      -1.981825789,       1.626632636,       1.855963792,       3.522428598,       1.556676235,       4.851335365
        806,           0,          20,          8.03e-05,             1e-07,      -1.971173893,       1.613778544,       1.849998521,       3.548740834,       1.558329585,       4.854147991
        806,           0,          29,          8.03e-05,             1e-07,       -1.82939537,       1.613549266,       1.839457111,       3.642280666,       1.613101735,       4.859346662
        807,           0,           0,          8.04e-05,             1e-07,      -1.795591263,       1.629483004,       1.849806782,       3.683743934,       1.915016736,       4.884975865
        807,           0,          10,          8.04e-05,             1e-07,      -1.998386332,       1.618276269,       1.854999526,       3.532559119,       1.559004195,       4.829535717
        807,           0,          20,          8.04e-05,             1e-07,      -1.969109599,       1.615669831,       1.847808705,       3.534984494,       1.560526123,       4.834960518
        807,           0,          29,          8.04e-05,             1e-07,      -1.833825685,       1.614205028,       1.838246964,       3.638248901,       1.628874775,       4.831506469
        808,           0,           0,          8.05e-05,             1e-07,      -1.831882894,       1.620570586,       1.852972733,        3.65763318,       1.918404007,       4.877927012
        808,           0,          10,          8.05e-05,             1e-07,      -1.968061928,       1.623004132,       1.857335088,       3.548435961,       1.555357782,       4.799175984
        808,           0,          20,          8.05e-05,             1e-07,      -1.982390576,       1.614419664,       1.852730012,       3.532037829,       1.567372306,       4.810803318
        808,           0,          29,          8.05e-05,             1e-07,      -1.859669608,       1.617729849,       1.841518785,       3.620376177,       1.627701495,       4.817987097
        809,           0,           0,          8.06e-05,             1e-07,      -1.809053088,       1.625944188,       1.853152092,        3.68050064,       1.918678549,       4.817092619
        809,           0,          10,          8.06e-05,             1e-07,      -1.980483448,       1.624992878,       1.859746496,       3.536571461,       1.559754335,       4.784092194
        809,           0,          20,          8.06e-05,             1e-07,      -1.997769788,       1.619175173,       1.855988869,       3.519470307,       1.569054496,        4.79171863
        809,           0,          29,          8.06e-05,             1e-07,      -1.808352936,       1.615223711,       1.840789436,       3.668989372,       1.629030725,       4.769586467
        810,           0,           0,          8.07e-05,             1e-07,      -1.828647457,       1.626426835,        1.85517589,       3.659663435,       1.916678008,       4.810461064
        810,           0,          10,          8.07e-05,             1e-07,      -1.971001683,       1.621344486,       1.856812983,       3.549227164,       1.561631457,        4.78244871
        810,           0,          20,          8.07e-05,             1e-07,      -1.957315656,       1.614609532,       1.852716018,       3.555918001,       1.574897736,       4.811876439
        810,           0,          29,          8.07e-05,             1e-07,      -1.839092674,       1.618578715,       1.843125028,       3.632673202,       1.647588034,       4.833524378
        811,           0,           0,          8.08e-05,             1e-07,       -1.82254273,       1.627378067,       1.857204939,       3.667177149,       1.920949601,       4.828021749
        811,           0,          10,          8.08e-05,             1e-07,      -1.981667768,       1.622589751,       1.856186621,       3.548009643,       1.574745428,       4.865242765
        811,           0,          20,          8.08e-05,             1e-07,      -1.984005076,       1.613076959,       1.851956767,        3.53204078,       1.577535789,       4.845034279
        811,           0,          29,          8.08e-05,             1e-07,      -1.828614486,       1.614876378,       1.839844228,       3.645550993,       1.610337901,        4.84243058
        812,           0,           0,          8.09e-05,             1e-07,      -1.833580785,         1.6222984,       1.854488688,       3.657523106,       1.916971017,       4.836070286
        812,           0,          10,          8.09e-05,             1e-07,      -1.987309243,       1.614924375,       1.853403096,       3.531878847,       1.571669672,       4.853941439
        812,           0,          20,          8.09e-05,             1e-07,      -1.988384584,       1.617760093,       1.854672379,       3.536100962,       1.573779355,       4.863554466
        812,           0,          29,          8.09e-05,             1e-07,      -1.826065043,        1.61656491,        1.84167801,       3.651488452,       1.631661873,         4.8788128
        813,           0,           0,           8.1e-05,             1e-07,      -1.811025199,       1.621166663,       1.854158124,       3.680926176,       1.917235108,        4.85745478
        813,           0,          10,           8.1e-05,             1e-07,      -1.942942488,       1.616258008,       1.853990411,       3.566416364,       1.584971013,        4.85009778
        813,           0,          20,           8.1e-05,             1e-07,      -1.951552255,       1.611846729,       1.851394846,       3.560158649,       1.592179883,       4.866337951
        813,           0,          29,           8.1e-05,             1e-07,      -1.863302502,       1.610079817,        1.83581893,       3.616552763,       1.616954703,       4.870865923
        814,           0,           0,          8.11e-05,             1e-07,      -1.802447342,       1.621254957,       1.852209891,       3.688119504,       1.917234556,       4.864027786
        814,           0,          10,          8.11e-05,             1e-07,      -1.960031923,       1.617446572,       1.854365083,       3.552032595,       1.590112958,       4.861295129
        814,           0,          20,          8.11e-05,             1e-07,      -1.979773506,       1.614706919,       1.848773454,       3.541121746,       1.607135286,       4.886054782
        814,           0,          29,          8.11e-05,             1e-07,      -1.815683076,       1.613842309,       1.840443225,       3.650432258,         1.6372991,       4.856714399
        815,           0,           0,          8.12e-05,             1e-07,      -1.812324771,       1.621095273,       1.851949798,       3.678250198,       1.921638232,       4.907332866
        815,           0,          10,          8.12e-05,             1e-07,      -1.971646621,       1.612967206,        1.85091655,       3.546548411,       1.618900647,       4.869398164
        815,           0,          20,          8.12e-05,             1e-07,      -1.976436915,       1.611246555,       1.849151905,       3.536239328,       1.610735061,       4.868203231
        815,           0,          29,          8.12e-05,             1e-07,      -1.852639645,        1.60933543,       1.839560628,       3.636916097,       1.638857474,       4.887259997
        816,           0,           0,          8.13e-05,             1e-07,      -1.811295742,        1.62020652,       1.851551634,        3.68149924,       1.926179706,       4.892457607
        816,           0,          10,          8.13e-05,             1e-07,      -1.978166176,       1.618875798,       1.853614948,       3.539252607,       1.606205939,       4.863547664
        816,           0,          20,          8.13e-05,             1e-07,      -1.976946228,        1.61363418,        1.85102131,       3.537829112,       1.609582977,       4.912525547
        816,           0,          29,          8.13e-05,             1e-07,      -1.814042504,        1.60568103,       1.839376756,       3.666569976,       1.631847509,       4.899637893
        817,           0,           0,          8.14e-05,             1e-07,      -1.814459875,       1.620140904,       1.849340981,       3.673944926,       1.921497468,        4.89087678
        817,           0,          10,          8.14e-05,             1e-07,      -1.978954635,       1.615729347,       1.854433841,       3.538919709,       1.596134227,       4.909124705
        817,           0,          20,          8.14e-05,             1e-07,      -1.985150915,       1.617553727,       1.854105689,       3.543954365,       1.619624828,       4.936084132
        817,           0,          29,          8.14e-05,             1e-07,      -1.825234458,       1.616870527,       1.843443856,       3.645920252,       1.650622864,       4.924692325
        818,           0,           0,          8.15e-05,             1e-07,      -1.822476526,       1.621473549,       1.854710155,       3.663531431,       1.932435641,       4.939920308
        818,           0,          10,          8.15e-05,             1e-07,      -1.932058197,        1.61933682,       1.860862692,       3.573785975,       1.613763595,       4.948823721
        818,           0,          20,          8.15e-05,             1e-07,        -1.9903741,       1.615141786,       1.856051415,       3.530351556,       1.635082486,       4.968365523
        818,           0,          29,          8.15e-05,             1e-07,      -1.860783404,       1.616277253,       1.847852697,       3.620721415,       1.664460245,       4.971543702
        819,           0,           0,          8.16e-05,             1e-07,      -1.814696004,       1.624791273,       1.860478447,       3.672710489,        1.93179996,       4.960035125
        819,           0,          10,          8.16e-05,             1e-07,      -1.967314385,       1.610303378,       1.853369784,       3.547096947,       1.602906073,       4.972570596
        819,           0,          20,          8.16e-05,             1e-07,      -1.968500605,       1.612035516,       1.853406607,       3.557171573,       1.625911607,       4.986900141
        819,           0,          29,          8.16e-05,             1e-07,      -1.845173673,       1.610803083,       1.843792977,       3.637903273,       1.631425795,       4.980542738
        820,           0,           0,          8.17e-05,             1e-07,      -1.811572668,       1.619834314,       1.856483665,       3.670957538,       1.930025559,       4.970658169
        820,           0,          10,          8.17e-05,             1e-07,      -1.946757734,       1.613178058,       1.854312035,       3.579289077,       1.656420985,       5.029174781
        820,           0,          20,          8.17e-05,             1e-07,      -1.945601301,       1.610768454,       1.852450278,       3.563427805,       1.652187447,       5.008472693
        820,           0,          29,          8.17e-05,             1e-07,      -1.834232156,       1.606045049,       1.836859606,       3.631220403,       1.654950757,       5.003027472
        821,           0,           0,          8.18e-05,             1e-07,      -1.822208698,       1.613974557,       1.850705759,        3.66614271,       1.934074873,       4.992585799
        821,           0,          10,          8.18e-05,             1e-07,      -1.954024943,       1.617265951,       1.857541427,       3.564884166,       1.640998879,       4.993246953
        821,           0,          20,          8.18e-05,             1e-07,      -1.946987815,       1.612694469,       1.855139609,       3.568240753,       1.649809149,       5.024543181
        821,           0,          29,          8.18e-05,             1e-07,      -1.854904235,       1.610606395,       1.840121618,       3.624000787,       1.668984143,       5.023914465
        822,           0,           0,          8.19e-05,             1e-07,       -1.82090359,        1.61576285,       1.852428446,       3.671477968,       1.935404235,        5.02550309
        822,           0,          10,          8.19e-05,             1e-07,       -1.95595036,        1.61945775,       1.859093623,       3.552256712,       1.644308276,       5.018207681
        822,           0,          20,          8.19e-05,             1e-07,      -1.970050315,       1.615852808,       1.856143904,       3.549200761,       1.673516187,       5.047624837
        822,           0,          29,          8.19e-05,             1e-07,      -1.874153997,        1.61558951,       1.846621611,       3.596361167,       1.653328074,        5.01372022
        823,           0,           0,           8.2e-05,             1e-07,       -1.81905069,       1.621522932,       1.857168374,       3.673704744,       1.935563977,       5.032108268
        823,           0,          10,           8.2e-05,             1e-07,      -1.935764464,       1.629649671,        1.86579311,       3.578500164,       1.671013707,       5.043193699
        823,           0,          20,           8.2e-05,             1e-07,      -1.947244739,       1.621601032,       1.860219442,       3.568525233,       1.674878888,       5.067177955
        823,           0,          29,           8.2e-05,             1e-07,      -1.838863279,       1.618280734,       1.847825064,       3.632044859,       1.700328209,       5.055087584
        824,           0,           0,          8.21e-05,             1e-07,      -1.830506393,       1.622248129,       1.858373302,       3.663365213,       1.941302921,        5.06779343
        824,           0,          10,          8.21e-05,             1e-07,      -1.934579273,       1.630318295,       1.866837197,       3.594871502,       1.656947898,       5.046138147
        824,           0,          20,          8.21e-05,             1e-07,      -1.931879557,       1.630162268,       1.865406286,       3.581944568,       1.672278886,       5.067995303
        824,           0,          29,          8.21e-05,             1e-07,      -1.840551158,       1.622916065,       1.857567165,       3.660240131,       1.697930206,       5.084557866
        825,           0,           0,          8.22e-05,             1e-07,      -1.804463069,       1.632707899,       1.865793762,        3.68997657,       1.948314368,       5.115271186
        825,           0,          10,          8.22e-05,             1e-07,       -1.88919176,        1.63123093,       1.866002281,       3.635037458,       1.679382042,       5.047468261
        825,           0,          20,          8.22e-05,             1e-07,      -1.951985138,       1.634002784,       1.867147783,       3.564551645,       1.650752121,       5.032798096
        825,           0,          29,          8.22e-05,             1e-07,      -1.864968701,       1.623049385,       1.855187129,       3.622655746,       1.692842821,       5.071011647
        826,           0,           0,          8.23e-05,             1e-07,      -1.793885423,       1.632826676,       1.864701133,       3.712243795,        1.94190901,       5.051608945
        826,           0,          10,          8.23e-05,             1e-07,       -1.91356346,       1.641733428,       1.876218176,       3.596929286,       1.689311792,       5.019644323
        826,           0,          20,          8.23e-05,             1e-07,      -1.924714205,       1.642612399,       1.875167262,       3.584169505,       1.670968475,       5.014883137
        826,           0,          29,          8.23e-05,             1e-07,      -1.815910573,       1.632662586,       1.863344102,       3.671210981,       1.670137194,       5.010746468
        827,           0,           0,          8.24e-05,             1e-07,      -1.827856337,       1.636733787,       1.873291709,       3.674308082,       1.940175943,       5.044636872
        827,           0,          10,          8.24e-05,             1e-07,      -1.952992352,       1.632215893,       1.866165993,       3.556267808,       1.651960076,       4.989918255
        827,           0,          20,          8.24e-05,             1e-07,      -1.943332093,       1.635319427,       1.869933458,       3.570139906,       1.676193145,       5.002012913
        827,           0,          29,          8.24e-05,             1e-07,      -1.842034728,       1.630144553,        1.86024668,       3.638386476,       1.682271852,       5.017805309
        828,           0,           0,          8.25e-05,             1e-07,      -1.830997284,       1.637178962,       1.867747979,       3.664438924,       1.939933224,       5.048425113
        828,           0,          10,          8.25e-05,             1e-07,      -1.921962282,       1.639187951,       1.870226526,        3.59694119,       1.676405946,       4.997187462
        828,           0,          20,          8.25e-05,             1e-07,      -1.932117077,       1.633525967,       1.866105115,       3.582349561,       1.673984534,       5.001282478
        828,           0,          29,          8.25e-05,             1e-07,      -1.856014382,       1.624545071,       1.859350066,       3.636806315,       1.699206023,       5.010606897
        829,           0,           0,          8.26e-05,             1e-07,      -1.812168059,       1.639998377,       1.867056289,       3.688821727,       1.939375476,       5.032900854
        829,           0,          10,          8.26e-05,             1e-07,      -1.906351774,       1.639607584,       1.869125953,       3.596607015,       1.685464959,        4.99818148
        829,           0,          20,          8.26e-05,             1e-07,      -1.927337871,       1.631310749,       1.863973757,       3.592799212,       1.684299828,       4.992178483
        829,           0,          29,          8.26e-05,             1e-07,      -1.869445712,       1.627283667,       1.856556822,       3.615340306,       1.707583067,       5.001007348
        830,           0,           0,          8.27e-05,             1e-07,      -1.802733163,        1.63999666,       1.865476361,       3.698894577,       1.935782333,       5.004134252
        830,           0,          10,          8.27e-05,             1e-07,      -1.960940905,       1.631961839,       1.865519196,       3.557974709,       1.672035353,       4.987817538
        830,           0,          20,          8.27e-05,             1e-07,      -1.902688918,       1.634005871,        1.86358958,       3.592926762,       1.726544771,       5.018984032
        830,           0,          29,          8.27e-05,             1e-07,      -1.880201576,       1.623403621,       1.853438839,       3.604423826,        1.69235442,       4.994182347
        831,           0,           0,          8.28e-05,             1e-07,      -1.815196603,       1.633654062,       1.861464015,       3.684504578,       1.943642826,        4.99469632
        831,           0,          10,          8.28e-05,             1e-07,      -1.929742564,       1.634488077,       1.866562715,       3.580102449,       1.731146195,       5.000966288
        831,           0,          20,          8.28e-05,             1e-07,      -1.946927038,       1.634945201,        1.86879074,       3.577959488,       1.702008459,        4.98329999
        831,           0,          29,          8.28e-05,             1e-07,      -1.871324581,       1.628198225,       1.857454177,       3.610345744,       1.683874321,       4.959856175
        832,           0,           0,          8.29e-05,             1e-07,      -1.816955704,        1.63358443,        1.86547527,       3.684195237,       1.954481051,       5.015771173
        832,           0,          10,          8.29e-05,             1e-07,      -1.953694326,       1.632388055,        1.86685102,       3.566626026,       1.715190981,       4.986001953
        832,           0,          20,          8.29e-05,             1e-07,       -1.94942301,       1.633319348,       1.868501547,       3.566526725,       1.684006063,        4.95013345
        832,           0,          29,          8.29e-05,             1e-07,      -1.888669944,        1.63502677,       1.862248369,       3.597489675,       1.690132226,       4.953911266
        833,           0,           0,           8.3e-05,             1e-07,      -1.814805838,       1.639045859,       1.869771209,       3.680203796,       1.956950415,       5.017179631
        833,           0,          10,           8.3e-05,             1e-07,      -1.954046161,       1.642927294,        1.87660944,       3.567053741,        1.69940016,       4.968420934
        833,           0,          20,           8.3e-05,             1e-07,      -1.956894646,       1.640666447,       1.875309808,       3.559123155,        1.71152832,       4.979091113
        833,           0,          29,           8.3e-05,             1e-07,      -1.904745751,        1.63927129,       1.867657379,       3.581889425,       1.702319173,       4.962338646
        834,           0,           0,          8.31e-05,             1e-07,      -1.829078242,       1.645423588,       1.876125221,       3.671168589,       1.952040803,       5.001229723
        834,           0,          10,          8.31e-05,             1e-07,      -1.945025455,       1.642295159,       1.877845191,       3.574758819,       1.719521953,       4.973559989
        834,           0,          20,          8.31e-05,             1e-07,      -1.971113005,       1.643313701,       1.877403373,        3.55541027,       1.705751991,        4.94934231
        834,           0,          29,          8.31e-05,             1e-07,      -1.903018468,       1.637499813,       1.868103504,       3.592689238,       1.724840177,       4.958036351
        835,           0,           0,          8.32e-05,             1e-07,       -1.81223114,       1.644090296,       1.875363842,       3.684603552,       1.945552289,       4.955415495
        835,           0,          10,          8.32e-05,             1e-07,      -1.979095147,       1.637460715,       1.873096164,        3.55725122,       1.720885408,       4.935830429
        835,           0,          20,          8.32e-05,             1e-07,      -1.959435438,        1.64056218,       1.875729451,       3.558688744,       1.716541848,       4.925265155
        835,           0,          29,          8.32e-05,             1e-07,      -1.911267616,       1.637705303,       1.867535544,       3.577974212,       1.708943221,       4.902343469
        836,           0,           0,          8.33e-05,             1e-07,       -1.81727081,       1.644921957,       1.873932749,       3.679633258,       1.948496514,       4.938827725
        836,           0,          10,          8.33e-05,             1e-07,      -1.966053238,       1.648106223,       1.883449633,        3.56184242,       1.720647325,       4.911381861
        836,           0,          20,          8.33e-05,             1e-07,      -1.951364025,       1.648656793,       1.883847159,       3.579910054,       1.723681157,       4.915734778
        836,           0,          29,          8.33e-05,             1e-07,      -1.909304133,       1.647674656,         1.8772146,       3.583527101,       1.743198673,       4.912066543
        837,           0,           0,          8.34e-05,             1e-07,      -1.816318711,       1.650956934,       1.881734048,       3.681377374,       1.953727404,       4.935707247
        837,           0,          10,          8.34e-05,             1e-07,      -1.937040316,       1.649151709,        1.88386012,       3.586769802,       1.734507477,       4.936770897
        837,           0,          20,          8.34e-05,             1e-07,      -1.928293957,       1.650064452,       1.884087939,       3.577398598,       1.734786684,       4.931662838
        837,           0,          29,          8.34e-05,             1e-07,      -1.924596407,        1.64830164,       1.876110832,       3.551171564,       1.722382024,        4.90128353
        838,           0,           0,          8.35e-05,             1e-07,       -1.80882109,       1.655241067,       1.884561172,        3.68755498,       1.953716164,       4.936725975
        838,           0,          10,          8.35e-05,             1e-07,      -1.938160434,       1.641893898,       1.878879035,       3.570452571,        1.71418636,        4.95060523
        838,           0,          20,          8.35e-05,             1e-07,      -1.926914186,       1.643308418,       1.879233186,       3.578297116,       1.727430789,       4.961760235
        838,           0,          29,          8.35e-05,             1e-07,      -1.935786079,       1.643824001,       1.874487219,         3.5410833,       1.728072328,         4.9521603
        839,           0,           0,          8.36e-05,             1e-07,      -1.813458088,       1.650118428,       1.881687832,       3.679778133,        1.95173834,       4.919098118
        839,           0,          10,          8.36e-05,             1e-07,      -1.946669542,       1.651829721,       1.886362001,       3.563600656,       1.716560305,       4.980420718
        839,           0,          20,          8.36e-05,             1e-07,      -1.939642535,        1.65232289,       1.887551076,       3.567788249,       1.731963038,       4.998799025
        839,           0,          29,          8.36e-05,             1e-07,      -1.928957922,       1.654058854,       1.880367259,       3.540957955,       1.726904122,       4.987452206
        840,           0,           0,          8.37e-05,             1e-07,      -1.806088917,       1.656630947,       1.885682348,       3.682622616,       1.954509883,       4.955905652
        840,           0,          10,          8.37e-05,             1e-07,      -1.911653193,       1.654022641,       1.889143682,       3.597085813,       1.738821899,        5.01743892
        840,           0,          20,          8.37e-05,             1e-07,      -1.921362155,        1.65436254,       1.886772006,       3.577392528,       1.727409683,       4.999913126
        840,           0,          29,          8.37e-05,             1e-07,      -1.911084143,       1.647881707,       1.877562909,       3.572899223,         1.7273845,       4.984070591
        841,           0,           0,          8.38e-05,             1e-07,      -1.813772288,       1.654881268,       1.884560577,       3.676408182,       1.961703736,       4.984847204
        841,           0,          10,          8.38e-05,             1e-07,      -1.921260758,       1.655562952,       1.889768421,       3.587998268,       1.717766611,       4.993321421
        841,           0,          20,          8.38e-05,             1e-07,      -1.893328922,       1.657061856,       1.890643809,       3.599656835,       1.715021648,       5.006737124
        841,           0,          29,          8.38e-05,             1e-07,       -1.90541373,       1.656678361,       1.885735277,       3.565411713,       1.704954003,       4.994446925
        842,           0,           0,          8.39e-05,             1e-07,      -1.813068277,       1.659505589,       1.891188302,       3.678829154,       1.957214655,       5.005965566
        842,           0,          10,          8.39e-05,             1e-07,      -1.945720586,       1.659370997,       1.891847508,       3.565239941,       1.711609771,        5.03037923
        842,           0,          20,          8.39e-05,             1e-07,      -1.926033949,       1.655576869,       1.891369959,       3.577956842,       1.737175062,       5.038367983
        842,           0,          29,          8.39e-05,             1e-07,      -1.886836256,       1.657082269,       1.886761221,       3.581627361,        1.72012833,       5.041030755
        843,           0,           0,           8.4e-05,             1e-07,       -1.82248516,        1.66153616,       1.891202055,       3.674597459,       1.948100428,       5.036626271
        843,           0,          10,           8.4e-05,             1e-07,      -1.953948787,       1.657965512,       1.892848563,       3.558916819,       1.705766875,       4.974572418
        843,           0,          20,           8.4e-05,             1e-07,      -1.935168585,       1.659319301,       1.892568881,       3.571758444,       1.713922848,       5.040479756
        843,           0,          29,           8.4e-05,             1e-07,      -1.907784633,        1.65929429,       1.889949618,       3.559820947,       1.745496825,       5.066946954
        844,           0,           0,          8.41e-05,             1e-07,      -1.815250083,       1.663804648,       1.893441059,       3.684315497,       1.949609558,       5.018128591
        844,           0,          10,          8.41e-05,             1e-07,      -1.940626294,       1.663151624,       1.895862295,       3.568153997,       1.722511615,       5.022595534
        844,           0,          20,          8.41e-05,             1e-07,      -1.912423287,       1.663226706,       1.895092529,       3.600743036,       1.732130492,       5.041889904
        844,           0,          29,          8.41e-05,             1e-07,      -1.920143018,       1.660460515,       1.893391991,       3.553314837,       1.736669969,       5.034686433
        845,           0,           0,          8.42e-05,             1e-07,      -1.822512449,       1.664195821,       1.896789211,       3.679207465,       1.954046752,       5.069235029
        845,           0,          10,          8.42e-05,             1e-07,      -1.926284127,       1.669672973,       1.901343256,       3.588940125,       1.731821736,       5.027350912
        845,           0,          20,          8.42e-05,             1e-07,      -1.921474398,       1.666914506,       1.899828741,       3.596851956,       1.739157538,       5.027139096
        845,           0,          29,          8.42e-05,             1e-07,      -1.910548153,       1.666221968,       1.896601779,       3.570846481,       1.750170541,       5.033502973
        846,           0,           0,          8.43e-05,             1e-07,      -1.804839843,       1.666031867,       1.899218293,       3.696969073,       1.955027528,       5.046765195
        846,           0,          10,          8.43e-05,             1e-07,      -1.953950303,       1.655116426,       1.892297876,       3.563079014,       1.728705851,       4.979704666
        846,           0,          20,          8.43e-05,             1e-07,       -1.95254817,        1.65705941,       1.893412574,       3.567780281,       1.750169087,       5.010088797
        846,           0,          29,          8.43e-05,             1e-07,      -1.941743122,       1.656709516,       1.890655642,       3.536041144,       1.747172752,       5.004743333
        847,           0,           0,          8.44e-05,             1e-07,      -1.823024218,       1.661775895,       1.895053965,       3.683040297,       1.957597024,       5.032445641
        847,           0,          10,          8.44e-05,             1e-07,      -1.951034872,       1.661004318,       1.896907183,       3.568197675,       1.718887221,       4.975206214
        847,           0,          20,          8.44e-05,             1e-07,      -1.944133662,       1.660902784,       1.898384007,       3.585066005,       1.744609947,       4.993785633
        847,           0,          29,          8.44e-05,             1e-07,      -1.943818795,       1.658941784,       1.893476375,       3.544082081,       1.733959397,       4.986646137
        848,           0,           0,          8.45e-05,             1e-07,      -1.838757741,       1.659213279,       1.894078683,       3.669677833,       1.952116398,       5.003692908
        848,           0,          10,          8.45e-05,             1e-07,      -1.956980345,       1.656443018,       1.895120485,       3.559587619,       1.732456088,       4.975704253
        848,           0,          20,          8.45e-05,             1e-07,      -1.950444929,        1.65813297,       1.895664946,       3.568104945,       1.728812605,         4.9962585
        848,           0,          29,          8.45e-05,             1e-07,      -1.930800543,       1.662914454,       1.897369273,        3.53617962,       1.724161984,       4.987170224
        849,           0,           0,          8.46e-05,             1e-07,      -1.832450096,       1.661428249,       1.898813125,       3.675666414,       1.967773355,       5.026335625
        849,           0,          10,          8.46e-05,             1e-07,      -1.944423894,        1.66564152,       1.903428992,       3.587675055,       1.723662411,       5.002067244
        849,           0,          20,          8.46e-05,             1e-07,      -1.934607059,       1.660598539,       1.900526306,       3.582689967,       1.749215841,       5.036236356
        849,           0,          29,          8.46e-05,             1e-07,      -1.934478898,       1.666755813,       1.902972463,       3.557406784,        1.77258078,       5.057384577
        850,           0,           0,          8.47e-05,             1e-07,      -1.811218649,       1.669304854,       1.904491953,       3.696447927,       1.953924415,       5.035262687
        850,           0,          10,          8.47e-05,             1e-07,      -1.943672734,       1.660684794,       1.899159187,       3.576735387,       1.713883566,       5.034819394
        850,           0,          20,          8.47e-05,             1e-07,      -1.940617837,       1.663151318,       1.899297141,       3.584662809,       1.712485579,       5.049527208
        850,           0,          29,          8.47e-05,             1e-07,      -1.938918233,       1.659787779,       1.893967612,       3.556426759,       1.718560356,       5.046192098
        851,           0,           0,          8.48e-05,             1e-07,      -1.821247706,       1.663905166,       1.899642612,       3.685579962,       1.961614833,       5.060949996
        851,           0,          10,          8.48e-05,             1e-07,      -1.927621605,       1.662477557,       1.898927996,       3.576671235,       1.716888361,       5.117370631
        851,           0,          20,          8.48e-05,             1e-07,      -1.949009228,       1.660399299,       1.898950683,       3.571159262,        1.72901159,       5.083919489
        851,           0,          29,          8.48e-05,             1e-07,      -1.920172985,       1.665009831,       1.899790189,         3.5664973,       1.738555243,       5.086871149
        852,           0,           0,          8.49e-05,             1e-07,      -1.824160678,       1.664565572,       1.900996061,       3.684323352,       1.947208959,       5.066645717
        852,           0,          10,          8.49e-05,             1e-07,      -1.928932306,       1.651555669,       1.893864479,       3.580458824,       1.729185001,       5.104442769
        852,           0,          20,          8.49e-05,             1e-07,      -1.932902325,       1.650427544,       1.890052486,       3.578118153,       1.713674641,       5.086733949
        852,           0,          29,          8.49e-05,             1e-07,      -1.947674615,       1.651810613,       1.888254674,       3.531584271,       1.721989202,       5.109773266
        853,           0,           0,           8.5e-05,             1e-07,      -1.818082082,       1.655529496,       1.893318585,       3.689593058,        1.95753671,       5.084045697
        853,           0,          10,           8.5e-05,             1e-07,      -1.931181883,       1.654298491,       1.893487917,       3.578124313,       1.728083748,       5.044275877
        853,           0,          20,           8.5e-05,             1e-07,      -1.910175103,       1.652705779,       1.891968804,       3.596232956,       1.749474681,       5.060875567
        853,           0,          29,           8.5e-05,             1e-07,      -1.899206945,       1.654909174,       1.890183283,       3.569609922,       1.764763138,        5.06196254
        854,           0,           0,          8.51e-05,             1e-07,      -1.807848293,       1.654280855,       1.892606668,       3.694642359,       1.955405584,       5.019400864
        854,           0,          10,          8.51e-05,             1e-07,      -1.917589395,       1.645490621,        1.88741344,       3.602366047,       1.734108247,       4.987124289
        854,           0,          20,          8.51e-05,             1e-07,      -1.913089311,       1.642806538,       1.883487405,       3.587511946,       1.736373458,       5.007897642
        854,           0,          29,          8.51e-05,             1e-07,      -1.919548608,       1.645997726,       1.883056363,       3.581986609,       1.773793706,       5.020258988
        855,           0,           0,          8.52e-05,             1e-07,      -1.779973779,       1.648587132,        1.88885196,        3.71605122,       1.968741679,       5.026963792
        855,           0,          10,          8.52e-05,             1e-07,      -1.942756542,       1.642902743,       1.885438833,       3.577127826,       1.731981959,       4.961304209
        855,           0,          20,          8.52e-05,             1e-07,      -1.947781432,       1.636846344,       1.879689675,       3.561402338,       1.735102777,       4.969290791
        855,           0,          29,          8.52e-05,             1e-07,      -1.907410198,       1.640293627,       1.878231034,        3.55980023,       1.748199695,       4.979194855
        856,           0,           0,          8.53e-05,             1e-07,      -1.822440682,       1.641405049,       1.882567221,       3.681746524,       1.955449801,       4.992908212
        856,           0,          10,          8.53e-05,             1e-07,      -1.919005402,        1.63532829,       1.877911763,       3.588148405,       1.727182243,       4.984577032
        856,           0,          20,          8.53e-05,             1e-07,      -1.908167255,       1.632899159,       1.877113362,       3.592100091,       1.731333762,       5.002936237
        856,           0,          29,          8.53e-05,             1e-07,      -1.946732211,       1.636654903,       1.873714228,       3.531872305,       1.735117052,       4.977793747
        857,           0,           0,          8.54e-05,             1e-07,      -1.827054337,       1.638173572,       1.879320004,        3.67547834,       1.962092532,       4.973759269
        857,           0,          10,          8.54e-05,             1e-07,      -1.927433343,        1.63562841,       1.880225961,       3.587568467,       1.748649661,       5.056312612
        857,           0,          20,          8.54e-05,             1e-07,      -1.928622352,       1.637679249,       1.881513438,       3.591267658,       1.756780279,        5.04360863
        857,           0,          29,          8.54e-05,             1e-07,       -1.89634168,       1.642632558,       1.880581842,       3.579704449,       1.772625299,       5.049969118
        858,           0,           0,          8.55e-05,             1e-07,      -1.808326838,       1.638595451,       1.880803652,       3.692894053,       1.955332803,       5.005272065
        858,           0,          10,          8.55e-05,             1e-07,      -1.879483341,       1.639976435,       1.882339694,       3.615134236,       1.743494766,       5.062278761
        858,           0,          20,          8.55e-05,             1e-07,      -1.944438776,       1.634633535,       1.878939221,        3.57238453,       1.720274099,       5.047994588
        858,           0,          29,          8.55e-05,             1e-07,      -1.909741436,       1.631216922,       1.875002932,       3.561479314,       1.752093473,       5.066975334
        859,           0,           0,          8.56e-05,             1e-07,      -1.811679382,       1.634790387,       1.879401056,       3.689231121,       1.982796051,       5.086275428
        859,           0,          10,          8.56e-05,             1e-07,      -1.942307791,       1.640381725,        1.88161899,       3.581452891,       1.729628674,       5.048599728
        859,           0,          20,          8.56e-05,             1e-07,      -1.929959371,       1.635147678,       1.879698135,        3.57502206,       1.749881859,       5.054559482
        859,           0,          29,          8.56e-05,             1e-07,      -1.908335535,       1.634324099,       1.877852732,       3.581409356,       1.776468693,       5.071484985
        860,           0,           0,          8.57e-05,             1e-07,      -1.818577886,       1.638799799,       1.877727698,       3.681814441,       1.956429178,       5.061647199
        860,           0,          10,          8.57e-05,             1e-07,      -1.943105982,       1.633850267,       1.881066918,       3.571802096,       1.739854473,       5.042180868
        860,           0,          20,          8.57e-05,             1e-07,      -1.932501462,       1.630713914,       1.876368886,       3.571536973,       1.727179263,       5.041189766
        860,           0,          29,          8.57e-05,             1e-07,      -1.909208433,       1.631503557,       1.876192357,       3.570079725,       1.735749631,       5.048141956
        861,           0,           0,          8.58e-05,             1e-07,      -1.822238051,       1.637137994,       1.880359848,       3.674013991,       1.966295252,       5.086499716
        861,           0,          10,          8.58e-05,             1e-07,      -1.937132591,       1.634151914,        1.88081619,       3.590446771,       1.720093653,       5.029155253
        861,           0,          20,          8.58e-05,             1e-07,       -1.94917858,       1.633626377,       1.880069165,       3.567584382,       1.740665234,       5.050114196
        861,           0,          29,          8.58e-05,             1e-07,      -1.875947079,       1.638680704,       1.877630668,       3.596583248,       1.760195481,       5.043491952
        862,           0,           0,          8.59e-05,             1e-07,      -1.822345291,       1.636085742,       1.877684134,        3.67730426,        1.95403389,       5.072683764
        862,           0,          10,          8.59e-05,             1e-07,      -1.939020784,       1.639563009,        1.88548088,       3.581193391,       1.751849293,       5.023218824
        862,           0,          20,          8.59e-05,             1e-07,      -1.917862392,       1.639958252,       1.883404971,       3.594636313,       1.736891399,       5.020099444
        862,           0,          29,          8.59e-05,             1e-07,       -1.90817473,       1.639345626,       1.880922726,       3.573329014,       1.739117359,       5.010657609
        863,           0,           0,           8.6e-05,             1e-07,      -1.806402031,       1.642392276,       1.888085077,       3.694427879,       1.963267004,       5.054741727
        863,           0,          10,           8.6e-05,             1e-07,      -1.932373861,        1.64324747,       1.885501266,       3.580780248,        1.72120306,        4.97261877
        863,           0,          20,           8.6e-05,             1e-07,      -1.922707131,       1.640941612,       1.884779026,        3.60041308,       1.745995798,       4.991435185
        863,           0,          29,           8.6e-05,             1e-07,      -1.922010523,       1.641476745,       1.882401521,       3.566546543,       1.738261241,         4.9904241
        864,           0,           0,          8.61e-05,             1e-07,      -1.806381241,       1.646511374,       1.886521187,       3.695104816,       1.969310172,       5.036963029
        864,           0,          10,          8.61e-05,             1e-07,       -1.87304241,       1.645720184,       1.890144411,       3.651746882,       1.727446331,       4.976995243
        864,           0,          20,          8.61e-05,             1e-07,      -1.915213703,       1.641826305,       1.885241246,       3.618023106,       1.722684204,        4.95934592
        864,           0,          29,          8.61e-05,             1e-07,      -1.923665066,       1.646639248,       1.884105828,        3.55960022,       1.747560201,       4.967801755
        865,           0,           0,          8.62e-05,             1e-07,      -1.799460473,       1.649226549,       1.890318444,       3.707225074,       1.954872624,       5.012574752
        865,           0,          10,          8.62e-05,             1e-07,       -1.89826059,       1.645799872,        1.88543476,       3.617613204,        1.72867067,       4.982864953
        865,           0,          20,          8.62e-05,             1e-07,      -1.899164824,       1.644616519,       1.884636199,       3.611363403,       1.724766283,       4.988138574
        865,           0,          29,          8.62e-05,             1e-07,      -1.905308709,       1.644709851,       1.880307515,       3.570053891,        1.69873166,       4.974008381
        866,           0,           0,          8.63e-05,             1e-07,      -1.802360033,       1.648049384,        1.88605322,       3.702362245,       1.962971579,       5.023025439
        866,           0,          10,          8.63e-05,             1e-07,      -1.900138639,       1.644567569,       1.884264893,       3.606774837,       1.728006377,       4.999509055
        866,           0,          20,          8.63e-05,             1e-07,      -1.883828123,       1.644369348,       1.881562999,       3.613454336,       1.746374344,       5.057967489
        866,           0,          29,          8.63e-05,             1e-07,      -1.935382894,        1.63777146,       1.879171165,       3.566317015,       1.720860646,       5.001540564
        867,           0,           0,          8.64e-05,             1e-07,      -1.803176362,       1.646789071,       1.883778432,       3.694601159,       1.967319627,       5.024224175
        867,           0,          10,          8.64e-05,             1e-07,      -1.912246309,       1.644945327,       1.882288129,       3.602459168,       1.751562655,       5.040477869
        867,           0,          20,          8.64e-05,             1e-07,      -1.896259989,       1.643531215,       1.880438493,       3.613793316,       1.756637488,       5.033377314
        867,           0,          29,          8.64e-05,             1e-07,      -1.924885962,       1.637958606,       1.875228893,        3.56497518,       1.753358059,       5.018201083
        868,           0,           0,          8.65e-05,             1e-07,      -1.807638471,        1.64384112,       1.881573669,        3.69374882,       1.951987315,       5.001456481
        868,           0,          10,          8.65e-05,             1e-07,      -1.930005649,       1.641862507,       1.882985853,       3.587851581,       1.715899647,       4.985059472
        868,           0,          20,          8.65e-05,             1e-07,      -1.938763329,       1.644254138,       1.884350568,       3.586518257,       1.701857945,       4.977980728
        868,           0,          29,          8.65e-05,             1e-07,      -1.911721553,       1.642006259,       1.876251114,       3.566624183,       1.683482793,       4.958712584
        869,           0,           0,          8.66e-05,             1e-07,      -1.813895648,       1.646230948,       1.881252222,        3.68035912,       1.952464145,       4.994749516
        869,           0,          10,          8.66e-05,             1e-07,      -1.945235359,       1.644329674,       1.884088924,       3.564373679,       1.701843155,       4.974743867
        869,           0,          20,          8.66e-05,             1e-07,      -1.943640652,       1.639623455,        1.88094269,       3.598032993,       1.692768955,       4.953967586
        869,           0,          29,          8.66e-05,             1e-07,      -1.893159016,       1.640565062,       1.876429614,       3.595674505,       1.673018506,       4.946340264
        870,           0,           0,          8.67e-05,             1e-07,      -1.830751047,       1.645570525,       1.882619194,       3.674729492,       1.942121892,       4.969148681
        870,           0,          10,          8.67e-05,             1e-07,      -1.939692416,       1.641781174,       1.883765349,       3.600502152,       1.722232803,         4.9941083
        870,           0,          20,          8.67e-05,             1e-07,      -1.919932786,       1.640985025,       1.881338646,        3.61360857,       1.721736992,       4.997178556
        870,           0,          29,          8.67e-05,             1e-07,      -1.857347779,       1.642227398,        1.87397069,       3.623715413,       1.728850311,       4.981014993
        871,           0,           0,          8.68e-05,             1e-07,      -1.822732371,       1.645102279,       1.880919382,       3.685706742,        1.94587412,       4.991705922
        871,           0,          10,          8.68e-05,             1e-07,      -1.935655289,       1.634699672,       1.876956002,       3.594501118,          1.704251,       4.951445211
        871,           0,          20,          8.68e-05,             1e-07,      -1.939631534,       1.636846254,       1.879089066,       3.587476668,       1.709406767,       4.952027164
        871,           0,          29,          8.68e-05,             1e-07,      -1.886514581,       1.634778784,       1.868865377,       3.601219501,       1.713840181,       4.930507679
        872,           0,           0,          8.69e-05,             1e-07,      -1.815403484,       1.638316327,       1.875581753,       3.693343275,       1.945391158,       4.950541136
        872,           0,          10,          8.69e-05,             1e-07,      -1.921457338,       1.641946374,       1.882626089,       3.595563095,       1.709780196,       4.928341703
        872,           0,          20,          8.69e-05,             1e-07,       -1.91650485,        1.63793138,        1.87928022,       3.618327928,       1.729930384,       4.962758625
        872,           0,          29,          8.69e-05,             1e-07,       -1.87716613,       1.643061593,       1.877450272,       3.604666949,       1.748295305,       4.952654287
        873,           0,           0,           8.7e-05,             1e-07,      -1.808421893,       1.641003594,       1.878876501,       3.691290004,       1.952515827,       4.964410839
        873,           0,          10,           8.7e-05,             1e-07,      -1.936562016,       1.644413081,       1.885008994,       3.584014851,       1.700652052,        4.90168628
        873,           0,          20,           8.7e-05,             1e-07,       -1.93821122,       1.643492055,       1.885485426,       3.585731345,       1.732613029,       4.925734326
        873,           0,          29,           8.7e-05,             1e-07,        -1.8761113,       1.641855403,        1.88081339,       3.598701981,       1.729292881,       4.916425463
        874,           0,           0,          8.71e-05,             1e-07,      -1.815747793,       1.645178892,       1.882497071,       3.680879858,       1.949287269,       4.948918709
        874,           0,          10,          8.71e-05,             1e-07,      -1.929494259,       1.644761847,       1.886623669,       3.610968799,       1.701833435,       4.958033415
        874,           0,          20,          8.71e-05,             1e-07,      -1.909118924,       1.642005458,       1.882529739,       3.587315133,       1.716081135,       4.974347108
        874,           0,          29,          8.71e-05,             1e-07,      -1.931798468,       1.645122765,       1.880682651,       3.553749475,       1.701064512,        4.90458607
        875,           0,           0,          8.72e-05,             1e-07,      -1.831616937,        1.64628062,       1.885165924,       3.666688933,       1.954092092,       4.941815262
        875,           0,          10,          8.72e-05,             1e-07,      -1.960438407,       1.651027937,       1.890839484,       3.568426621,       1.697811508,       4.933112646
        875,           0,          20,          8.72e-05,             1e-07,       -1.95783808,       1.650549957,       1.890980725,       3.569119775,       1.704019085,       4.938784125
        875,           0,          29,          8.72e-05,             1e-07,      -1.954369886,       1.649872299,       1.887334601,       3.557752547,       1.730161587,       4.925592873
        876,           0,           0,          8.73e-05,             1e-07,      -1.836560575,       1.654363439,       1.890092518,       3.663496756,       1.940713764,       4.920651872
        876,           0,          10,          8.73e-05,             1e-07,      -1.918957839,        1.65548125,       1.894994925,       3.589577131,       1.723746535,       4.993574447
        876,           0,          20,          8.73e-05,             1e-07,      -1.936967227,       1.650356883,       1.889621201,       3.579921684,       1.704870226,       4.962641193
        876,           0,          29,          8.73e-05,             1e-07,      -1.947706722,       1.651065875,       1.887292676,       3.548535591,        1.71390159,        4.95572161
        877,           0,           0,          8.74e-05,             1e-07,      -1.828206137,       1.654775402,       1.890460024,       3.671191866,       1.944746695,       4.927212393
        877,           0,          10,          8.74e-05,             1e-07,      -1.930730099,       1.649560992,       1.890432953,       3.602878667,       1.691237474,       4.964128239
        877,           0,          20,          8.74e-05,             1e-07,      -1.954326808,       1.654435623,       1.895126927,       3.572641252,       1.695086213,       4.971365368
        877,           0,          29,          8.74e-05,             1e-07,      -1.955789368,       1.657375047,       1.890784718,       3.537702268,       1.701513444,       4.959754535
        878,           0,           0,          8.75e-05,             1e-07,      -1.819817094,       1.657425777,       1.894176897,       3.673608888,       1.947330738,       4.969905129
        878,           0,          10,          8.75e-05,             1e-07,        -1.9540344,       1.658633906,       1.901016582,        3.58036202,       1.683534118,        4.94039028
        878,           0,          20,          8.75e-05,             1e-07,      -1.907418607,       1.661810663,       1.902257699,       3.615708397,       1.716178241,       4.990655812
        878,           0,          29,          8.75e-05,             1e-07,      -1.955955664,       1.663700733,       1.896845404,       3.522543403,       1.678063789,       4.954350255
        879,           0,           0,          8.76e-05,             1e-07,      -1.819261963,       1.662347343,        1.90005804,        3.67491241,       1.942986129,       4.971841894
        879,           0,          10,          8.76e-05,             1e-07,       -1.92120803,       1.662411563,       1.903570624,       3.623638229,       1.663939547,       4.991537426
        879,           0,          20,          8.76e-05,             1e-07,      -1.941592324,       1.660695125,       1.899398678,       3.567522169,       1.692901959,       4.989433387
        879,           0,          29,          8.76e-05,             1e-07,      -1.915730929,       1.667504209,       1.896191395,       3.595136946,       1.716961394,       4.981432981
        880,           0,           0,          8.77e-05,             1e-07,      -1.831665082,       1.663962924,       1.900982202,       3.670163216,       1.935596011,       4.966218008
        880,           0,          10,          8.77e-05,             1e-07,      -1.934886073,       1.674776611,       1.913315931,        3.59151254,       1.677518043,       4.958105486
        880,           0,          20,          8.77e-05,             1e-07,      -1.946414062,       1.667841751,       1.907349175,        3.59681431,       1.703638911,       4.975769319
        880,           0,          29,          8.77e-05,             1e-07,      -1.916181873,       1.675286192,        1.90508977,       3.607735246,       1.698955031,       4.944673293
        881,           0,           0,          8.78e-05,             1e-07,      -1.822040498,        1.67318833,       1.907733591,       3.674021141,        1.94262811,       4.959410675
        881,           0,          10,          8.78e-05,             1e-07,       -1.88058578,       1.670102387,       1.907158148,       3.642882477,       1.673631196,       4.959967016
        881,           0,          20,          8.78e-05,             1e-07,      -1.916976351,       1.669881234,       1.909436235,       3.600435845,       1.685438856,        4.95054891
        881,           0,          29,          8.78e-05,             1e-07,      -1.923048231,       1.670977498,        1.90112329,       3.587597819,       1.712732718,       4.948263986
        882,           0,           0,          8.79e-05,             1e-07,      -1.807884747,       1.669387536,        1.90480961,       3.690592515,       1.938216541,       4.951686418
        882,           0,          10,          8.79e-05,             1e-07,      -1.907838667,        1.67273755,       1.908224351,       3.611999331,       1.681707396,       4.930959005
        882,           0,          20,          8.79e-05,             1e-07,       -1.88830661,       1.664021889,       1.903685545,       3.624797493,       1.695314027,       4.950690603
        882,           0,          29,          8.79e-05,             1e-07,       -1.91953862,       1.668787451,       1.901784159,       3.575313371,       1.709325757,       4.924284291
        883,           0,           0,           8.8e-05,             1e-07,      -1.789958795,       1.669006973,       1.903821885,       3.707498687,       1.946217675,       4.950182212
        883,           0,          10,           8.8e-05,             1e-07,      -1.884466267,         1.6733943,       1.906573048,       3.634446833,       1.688726144,       4.909897159
        883,           0,          20,           8.8e-05,             1e-07,      -1.917805734,       1.667658218,       1.906590022,       3.608099012,       1.688314314,       4.894870204
        883,           0,          29,           8.8e-05,             1e-07,      -1.919489361,       1.671267471,       1.902653926,       3.557552212,       1.710599652,       4.915909489
        884,           0,           0,          8.81e-05,             1e-07,      -1.763402103,        1.66846729,       1.901282823,       3.739532078,       1.940318041,       4.939770996
        884,           0,          10,          8.81e-05,             1e-07,      -1.889710342,       1.663032262,       1.903020514,       3.629997653,       1.699281873,       4.903927247
        884,           0,          20,          8.81e-05,             1e-07,      -1.916335419,       1.665479145,       1.905003339,       3.600398757,       1.694142931,       4.896815412
        884,           0,          29,          8.81e-05,             1e-07,      -1.912896519,       1.667407713,       1.897487501,       3.594753004,       1.715315108,       4.891940709
        885,           0,           0,          8.82e-05,             1e-07,      -1.801454083,       1.668129199,       1.902608569,       3.699343047,       1.948264352,       4.941678156
        885,           0,          10,          8.82e-05,             1e-07,      -1.907582238,       1.664033584,       1.903736063,       3.612077098,       1.689979769,       4.908374096
        885,           0,          20,          8.82e-05,             1e-07,      -1.906779589,       1.664659317,       1.904142593,        3.61489375,       1.719840094,       4.922305031
        885,           0,          29,          8.82e-05,             1e-07,      -1.908873409,        1.66972146,        1.90205547,       3.586832745,       1.719460091,       4.951624425
        886,           0,           0,          8.83e-05,             1e-07,      -1.776665197,       1.666059719,       1.902754895,       3.725605776,        1.94309063,        4.97452872
        886,           0,          10,          8.83e-05,             1e-07,      -1.868217345,       1.661998238,       1.903444313,       3.648912972,        1.70696709,       4.976811098
        886,           0,          20,          8.83e-05,             1e-07,       -1.89342932,       1.660712239,       1.900967224,       3.615866942,       1.714628232,       4.982120395
        886,           0,          29,          8.83e-05,             1e-07,      -1.893762001,       1.667422222,       1.899463737,       3.592582716,       1.701870022,       4.967798194
        887,           0,           0,          8.84e-05,             1e-07,      -1.766509033,       1.664350822,       1.902669697,       3.732464327,       1.952179482,       5.003560343
        887,           0,          10,          8.84e-05,             1e-07,      -1.889795392,       1.665142634,         1.9035249,       3.608418873,       1.711918241,       4.994619931
        887,           0,          20,          8.84e-05,             1e-07,       -1.92823221,       1.660591136,       1.899271334,       3.582205953,       1.716397559,       4.973872905
        887,           0,          29,          8.84e-05,             1e-07,       -1.82145048,        1.66785296,       1.898603492,       3.653840272,       1.747418964,       4.985150224
        888,           0,           0,          8.85e-05,             1e-07,      -1.785886888,       1.662046762,       1.902071724,       3.709980058,       1.950265118,       5.012859435
        888,           0,          10,          8.85e-05,             1e-07,       -1.92435604,        1.65906857,       1.900963741,       3.588203739,       1.688454426,       4.973107633
        888,           0,          20,          8.85e-05,             1e-07,      -1.943009166,       1.655386926,       1.899906572,       3.577471857,       1.715327962,       4.968858104
        888,           0,          29,          8.85e-05,             1e-07,      -1.884346895,       1.662382191,       1.899776892,       3.611547045,       1.722853652,       4.974474168
        889,           0,           0,          8.86e-05,             1e-07,       -1.79452553,       1.659859215,        1.90037792,       3.704878913,       1.939723425,       4.982976649
        889,           0,          10,          8.86e-05,             1e-07,      -1.932471543,       1.660322876,       1.900307751,        3.58360841,       1.707695504,       4.948201653
        889,           0,          20,          8.86e-05,             1e-07,      -1.930046775,       1.653275162,       1.894021528,       3.591291829,        1.72688304,       4.945794233
        889,           0,          29,          8.86e-05,             1e-07,      -1.876715939,       1.657324159,       1.892311867,       3.611235466,       1.714571425,       4.956217424
        890,           0,           0,          8.87e-05,             1e-07,      -1.800416719,       1.656896909,       1.899346385,       3.698646097,       1.946449941,        4.96586007
        890,           0,          10,          8.87e-05,             1e-07,      -1.873213826,       1.653691343,       1.896855646,       3.632660682,       1.717043342,       4.949297559
        890,           0,          20,          8.87e-05,             1e-07,      -1.897245768,       1.652306803,       1.894787878,       3.627547557,       1.724969279,       4.947656668
        890,           0,          29,          8.87e-05,             1e-07,      -1.861045278,        1.65793127,       1.891406749,        3.62129968,         1.7296073,       4.942111237
        891,           0,           0,          8.88e-05,             1e-07,      -1.795242752,       1.654123025,       1.894345492,       3.705190814,       1.953001132,       4.943261303
        891,           0,          10,          8.88e-05,             1e-07,      -1.895019115,        1.65377908,       1.896107384,       3.623503612,       1.727501547,       4.918515417
        891,           0,          20,          8.88e-05,             1e-07,      -1.910860335,       1.650381811,       1.895045983,       3.605195324,       1.717270103,       4.919528666
        891,           0,          29,          8.88e-05,             1e-07,      -1.877785312,        1.65429215,       1.891628413,       3.609074195,       1.755053921,       4.947330828
        892,           0,           0,          8.89e-05,             1e-07,      -1.791376369,       1.654624259,       1.892816867,       3.706555469,        1.94457316,        4.92969952
        892,           0,          10,          8.89e-05,             1e-07,      -1.924963801,       1.640107123,        1.88744868,       3.589096888,       1.724304784,       4.940288815
        892,           0,          20,          8.89e-05,             1e-07,      -1.930060426,       1.642982677,       1.888382939,       3.586085917,       1.725136063,       4.929114075
        892,           0,          29,          8.89e-05,             1e-07,      -1.868915874,       1.647288124,        1.88209559,       3.624931107,       1.710210115,       4.945846912
        893,           0,           0,           8.9e-05,             1e-07,      -1.796773359,       1.649265273,       1.888487879,       3.698222384,       1.959158462,       4.960361898
        893,           0,          10,           8.9e-05,             1e-07,      -1.939252262,       1.652055237,       1.896316656,       3.583642429,        1.74575305,       4.983315395
        893,           0,          20,           8.9e-05,             1e-07,      -1.930873433,       1.652583201,       1.895739437,       3.590062684,       1.747343502,       4.973538173
        893,           0,          29,           8.9e-05,             1e-07,      -1.856759505,       1.656029405,       1.891759536,       3.626202851,       1.743409126,       4.987146802
        894,           0,           0,          8.91e-05,             1e-07,      -1.807788703,       1.651062867,       1.891691359,       3.688144592,       1.968184116,       4.993171487
        894,           0,          10,          8.91e-05,             1e-07,      -1.889627704,       1.658499764,       1.898543464,       3.621524257,       1.739689559,       5.018703565
        894,           0,          20,          8.91e-05,             1e-07,      -1.903002661,       1.657442982,       1.898264452,       3.613250381,       1.791270209,       5.033643391
        894,           0,          29,          8.91e-05,             1e-07,       -1.83163772,        1.65698089,       1.892801967,       3.675446687,       1.772707986,       5.024529244
        895,           0,           0,          8.92e-05,             1e-07,      -1.809767649,       1.652107085,       1.893968088,       3.684992277,       1.974606239,       5.012378891
        895,           0,          10,          8.92e-05,             1e-07,      -1.926188518,       1.651667623,         1.8942708,       3.590009638,       1.707901633,       4.997316583
        895,           0,          20,          8.92e-05,             1e-07,       -1.91708443,       1.645343265,       1.890268943,       3.608096653,       1.767825259,        5.01569832
        895,           0,          29,          8.92e-05,             1e-07,      -1.890782687,       1.654639729,       1.895107486,       3.595101695,       1.756779151,       5.017749771
        896,           0,           0,          8.93e-05,             1e-07,      -1.817548219,       1.655902832,        1.89784982,       3.681604102,       1.953022082,         5.0112207
        896,           0,          10,          8.93e-05,             1e-07,      -1.923348454,       1.653247401,       1.894757508,       3.603317343,       1.709776194,       4.994245879
        896,           0,          20,          8.93e-05,             1e-07,      -1.919359972,       1.649026418,       1.894948048,       3.607851335,       1.714732297,       4.985302745
        896,           0,          29,          8.93e-05,             1e-07,      -1.883902043,        1.65842276,       1.895163056,        3.61481441,       1.741276946,       4.993146044
        897,           0,           0,          8.94e-05,             1e-07,      -1.808280034,       1.660940932,       1.899427289,       3.692918985,       1.954888121,       5.011129526
        897,           0,          10,          8.94e-05,             1e-07,      -1.918856573,       1.657579629,       1.901087224,       3.606807096,       1.724660502,       4.988042603
        897,           0,          20,          8.94e-05,             1e-07,      -1.921392478,       1.656020163,       1.902053798,       3.614289157,       1.725264041,       4.957462103
        897,           0,          29,          8.94e-05,             1e-07,      -1.875081025,       1.666068915,       1.902093748,       3.610606634,       1.755382818,         4.9768944
        898,           0,           0,          8.95e-05,             1e-07,      -1.813522487,       1.664100011,       1.904829784,       3.691921734,       1.975138132,        5.04913066
        898,           0,          10,          8.95e-05,             1e-07,      -1.914250448,          1.659732,       1.902437433,       3.619658684,        1.71498241,       4.910235535
        898,           0,          20,          8.95e-05,             1e-07,      -1.880790592,       1.657229687,       1.902103992,       3.653296869,       1.737741045,       4.934228923
        898,           0,          29,          8.95e-05,             1e-07,      -1.887166134,       1.665987339,       1.900971953,       3.599149304,       1.754525986,       4.927892146
        899,           0,           0,          8.96e-05,             1e-07,       -1.78276189,       1.664072641,       1.903606604,       3.724511865,       1.960664854,       4.979415884
        899,           0,          10,          8.96e-05,             1e-07,      -1.931738063,       1.662185672,       1.906047574,       3.597653924,       1.723586912,       4.880382991
        899,           0,          20,          8.96e-05,             1e-07,      -1.898315009,       1.658139894,       1.903959232,       3.623409021,       1.751713823,       4.910370965
        899,           0,          29,          8.96e-05,             1e-07,      -1.885322863,       1.666877472,       1.904547552,       3.612963169,       1.772804249,       4.915861785
        900,           0,           0,          8.97e-05,             1e-07,      -1.779283843,       1.664575587,       1.906834943,        3.72766144,       1.952804065,       4.945711764
        900,           0,          10,          8.97e-05,             1e-07,      -1.885138275,       1.664133652,       1.905110458,       3.651320615,        1.74453604,       4.897848424
        900,           0,          20,          8.97e-05,             1e-07,      -1.930339192,       1.665062246,       1.908130256,       3.598593814,       1.750854097,       4.893690982
        900,           0,          29,          8.97e-05,             1e-07,      -1.910428402,       1.670148996,       1.908117784,       3.577246005,       1.752393257,       4.905160182
        901,           0,           0,          8.98e-05,             1e-07,      -1.789558397,       1.667884797,       1.908747542,       3.718054057,       1.955939163,       4.940747326
        901,           0,          10,          8.98e-05,             1e-07,      -1.923927542,       1.667908932,       1.910561552,       3.612503862,        1.73795434,       4.898205198
        901,           0,          20,          8.98e-05,             1e-07,      -1.902382715,       1.666890237,       1.905900026,       3.626739808,       1.768733497,       4.917307237
        901,           0,          29,          8.98e-05,             1e-07,      -1.866564814,       1.671165609,       1.909325797,       3.619419434,       1.757025497,       4.916423911
        902,           0,           0,          8.99e-05,             1e-07,       -1.80356713,       1.669401953,       1.908805096,        3.70287259,       1.971818614,       4.953401419
        902,           0,          10,          8.99e-05,             1e-07,      -1.901194988,       1.678593221,       1.916913333,       3.625605986,       1.770138285,       4.904009929
        902,           0,          20,          8.99e-05,             1e-07,      -1.889972202,       1.679901079,       1.916489344,       3.627706136,       1.793742877,       4.935468258
        902,           0,          29,          8.99e-05,             1e-07,      -1.920232095,       1.678208352,       1.918910032,       3.576628909,       1.809945947,        4.92490145
        903,           0,           0,             9e-05,             1e-07,      -1.817309428,       1.675537511,        1.91709479,       3.694578447,       1.956021238,       4.933572674
        903,           0,          10,             9e-05,             1e-07,      -1.885626948,       1.675213532,       1.913574198,       3.635942839,       1.751982395,       4.908092206
        903,           0,          20,             9e-05,             1e-07,      -1.900429715,       1.674587316,       1.914525589,       3.627599131,       1.727961583,       4.903465661
        903,           0,          29,             9e-05,             1e-07,      -1.884757461,       1.678318178,        1.91606667,       3.601289152,       1.722534141,       4.890939752
        904,           0,           0,          9.01e-05,             1e-07,       -1.80081546,       1.680612802,        1.91902533,       3.700151592,       1.978622267,        4.95152626
        904,           0,          10,          9.01e-05,             1e-07,      -1.883350038,       1.685823147,       1.924031341,       3.630583849,       1.750555387,       4.894874252
        904,           0,          20,          9.01e-05,             1e-07,      -1.893693084,       1.686121133,       1.920440494,       3.621890435,       1.793834503,       4.885715575
        904,           0,          29,          9.01e-05,             1e-07,      -1.874266621,       1.685821514,       1.924279591,       3.603323595,       1.806338913,       4.917083567
        905,           0,           0,          9.02e-05,             1e-07,      -1.763449949,       1.684393105,       1.921578068,       3.730345141,       1.959840411,       4.933917433
        905,           0,          10,          9.02e-05,             1e-07,        -1.9240954,       1.675637439,       1.915952069,       3.601839046,       1.763542359,       4.888417808
        905,           0,          20,          9.02e-05,             1e-07,      -1.872330026,       1.679641777,       1.915170742,       3.646588516,       1.774464864,       4.880248906
        905,           0,          29,          9.02e-05,             1e-07,      -1.875752241,       1.678631721,       1.916998418,        3.60436889,       1.775801523,       4.893633181
        906,           0,           0,          9.03e-05,             1e-07,      -1.752013629,       1.683605283,       1.917051313,       3.740551066,       1.964723402,       4.937489292
        906,           0,          10,          9.03e-05,             1e-07,      -1.888811005,       1.680756389,       1.918601769,       3.638333541,       1.807790574,       4.944157325
        906,           0,          20,          9.03e-05,             1e-07,      -1.876056534,       1.681021513,       1.916934412,       3.635248323,       1.805288623,        4.91142781
        906,           0,          29,          9.03e-05,             1e-07,      -1.858198946,        1.68627457,       1.919212991,       3.618010262,        1.79925131,       4.916934592
        907,           0,           0,          9.04e-05,             1e-07,      -1.759172517,       1.686185298,       1.917692724,        3.73751816,       1.975408982,         4.9350155
        907,           0,          10,          9.04e-05,             1e-07,      -1.895497251,       1.684769693,       1.924116884,       3.626299522,       1.806491701,       4.982010191
        907,           0,          20,          9.04e-05,             1e-07,      -1.866680871,       1.684289011,       1.918634936,       3.647064365,       1.841816502,       4.980468878
        907,           0,          29,          9.04e-05,             1e-07,      -1.833455704,       1.683965419,       1.918028014,       3.656480952,       1.794294214,       4.974453646
        908,           0,           0,          9.05e-05,             1e-07,      -1.771233062,       1.683508863,       1.919655622,       3.730705556,       1.987256411,       4.985563335
        908,           0,          10,          9.05e-05,             1e-07,         -1.890416,       1.682663464,       1.921719404,       3.627177138,       1.794209101,       4.990153043
        908,           0,          20,          9.05e-05,             1e-07,      -1.881067616,       1.676355885,       1.917096501,       3.635511475,       1.852763028,        5.00147098
        908,           0,          29,          9.05e-05,             1e-07,      -1.843314956,       1.688515563,       1.917700259,       3.646961421,       1.831667619,       5.007571737
        909,           0,           0,          9.06e-05,             1e-07,      -1.775198218,       1.683358391,       1.920617939,       3.725285689,       1.980302972,       5.000475648
        909,           0,          10,          9.06e-05,             1e-07,       -1.90129341,       1.674804111,       1.916924234,       3.610515035,       1.821640675,       4.980437313
        909,           0,          20,          9.06e-05,             1e-07,      -1.874964179,       1.673803055,        1.91093814,       3.633906076,       1.839501274,       4.987074227
        909,           0,          29,          9.06e-05,             1e-07,      -1.841237192,       1.677295962,       1.910967082,       3.643621009,       1.795378167,       4.967048819
        910,           0,           0,          9.07e-05,             1e-07,      -1.778343979,       1.679311705,       1.918004887,       3.720726922,       1.991840431,       5.008780366
        910,           0,          10,          9.07e-05,             1e-07,      -1.906913392,       1.677394382,       1.918031989,       3.606966637,       1.806203726,       4.955849012
        910,           0,          20,          9.07e-05,             1e-07,       -1.90973594,       1.664338599,        1.90605609,       3.606340853,       1.810231741,       4.984270431
        910,           0,          29,          9.07e-05,             1e-07,      -1.850223529,       1.674350292,       1.907466401,        3.63647484,       1.809146204,       4.994858343
        911,           0,           0,          9.08e-05,             1e-07,       -1.78257498,       1.675476138,       1.912443756,       3.716253347,       1.989044319,       5.021986302
        911,           0,          10,          9.08e-05,             1e-07,      -1.907581656,       1.672512146,       1.917378938,        3.61344747,       1.815675286,       5.008759585
        911,           0,          20,          9.08e-05,             1e-07,       -1.88841281,       1.667992377,       1.907165743,       3.625529115,       1.828383477,       4.988986568
        911,           0,          29,          9.08e-05,             1e-07,      -1.825759598,       1.673513685,       1.909566417,       3.659530219,       1.811595357,       4.982426556
        912,           0,           0,          9.09e-05,             1e-07,      -1.791474122,       1.671632877,       1.913729878,       3.712175405,       1.996134414,       5.024991624
        912,           0,          10,          9.09e-05,             1e-07,       -1.89141038,       1.672512093,       1.915919976,       3.628122599,       1.812507249,       4.958761404
        912,           0,          20,          9.09e-05,             1e-07,      -1.884872283,        1.67403006,       1.917185203,       3.632599103,       1.825778482,       4.982933189
        912,           0,          29,          9.09e-05,             1e-07,      -1.805156222,       1.678721652,       1.912225341,       3.674616808,       1.846405883,       4.986477594
        913,           0,           0,           9.1e-05,             1e-07,      -1.789728073,       1.672902769,       1.915461011,        3.71209568,       1.999624106,       5.022053841
        913,           0,          10,           9.1e-05,             1e-07,      -1.880210114,       1.673233626,       1.918286921,       3.633373897,       1.830400813,       4.942223787
        913,           0,          20,           9.1e-05,             1e-07,      -1.876653296,       1.670710896,       1.914824376,        3.63527394,       1.849696464,       4.975749786
        913,           0,          29,           9.1e-05,             1e-07,      -1.838601497,       1.677100667,       1.914900931,       3.644948581,       1.827924286,       4.936844103
        914,           0,           0,          9.11e-05,             1e-07,      -1.775434162,       1.673886674,       1.919001153,       3.731009145,       1.997225931,       4.974973612
        914,           0,          10,          9.11e-05,             1e-07,      -1.847639827,       1.675908549,       1.922512981,       3.669372049,       1.852369796,       4.942893574
        914,           0,          20,          9.11e-05,             1e-07,      -1.878474172,       1.670280866,       1.918172476,       3.637205933,       1.833737733,       4.922897463
        914,           0,          29,          9.11e-05,             1e-07,      -1.842033222,       1.682013566,       1.917100959,       3.639731845,       1.846770884,       4.947024978
        915,           0,           0,          9.12e-05,             1e-07,      -1.764030724,       1.677798653,       1.920717708,       3.740467908,       2.001120141,       4.962008922
        915,           0,          10,          9.12e-05,             1e-07,      -1.898957168,       1.676226529,        1.92351485,       3.620217652,       1.839677119,       4.905247005
        915,           0,          20,          9.12e-05,             1e-07,      -1.883363098,       1.669787107,       1.916809379,       3.636994804,       1.850335417,       4.910720709
        915,           0,          29,          9.12e-05,             1e-07,      -1.850895322,       1.677178235,        1.91496667,        3.64106324,       1.838159047,       4.937053439
        916,           0,           0,          9.13e-05,             1e-07,      -1.770865954,       1.680194682,       1.921237476,       3.726674638,       1.995718136,       4.952958969
        916,           0,          10,          9.13e-05,             1e-07,      -1.884409799,       1.676616095,       1.922822411,       3.630786151,       1.855694673,        4.93987036
        916,           0,          20,          9.13e-05,             1e-07,      -1.893998614,       1.670262714,       1.918424714,       3.619832287,       1.847309059,       4.920968609
        916,           0,          29,          9.13e-05,             1e-07,      -1.849215361,       1.673945723,       1.914807139,         3.6448966,       1.820001041,       4.909122376
        917,           0,           0,          9.14e-05,             1e-07,      -1.793592092,       1.676378503,       1.918975383,       3.703887699,       1.995432217,       4.963900656
        917,           0,          10,          9.14e-05,             1e-07,       -1.87029465,       1.677363217,       1.925157832,       3.647408165,       1.839954028,       4.959767312
        917,           0,          20,          9.14e-05,             1e-07,       -1.84004944,       1.676741517,       1.923117191,       3.667224644,       1.864394505,       4.990281531
        917,           0,          29,          9.14e-05,             1e-07,       -1.85286581,       1.689270191,       1.924837977,       3.626364343,       1.854478832,       4.969467225
        918,           0,           0,          9.15e-05,             1e-07,       -1.77724546,       1.680873777,       1.927169406,       3.722056758,        2.00325367,       4.991410221
        918,           0,          10,          9.15e-05,             1e-07,      -1.875006232,       1.672442061,       1.917773768,       3.635729898,       1.862972645,       5.003752939
        918,           0,          20,          9.15e-05,             1e-07,      -1.861844971,       1.664182655,       1.912413472,       3.647974835,         1.8704191,       5.015464225
        918,           0,          29,          9.15e-05,             1e-07,      -1.839877009,        1.67109937,       1.909927758,       3.652237946,       1.836139445,       4.984915958
        919,           0,           0,          9.16e-05,             1e-07,      -1.791343136,       1.676024488,       1.917859754,       3.705478656,       1.998693115,       5.003226597
        919,           0,          10,          9.16e-05,             1e-07,      -1.901455916,       1.675622387,       1.926187181,       3.624522965,       1.843326717,       4.999112332
        919,           0,          20,          9.16e-05,             1e-07,      -1.868353006,       1.676273211,       1.921932202,       3.641458709,        1.84488027,        5.01500608
        919,           0,          29,          9.16e-05,             1e-07,      -1.822249101,       1.681777125,       1.918922482,       3.663314132,       1.829765908,       5.000667587
        920,           0,           0,          9.17e-05,             1e-07,      -1.793739444,       1.679984832,       1.923485762,       3.704477668,       2.000592207,       5.013414967
        920,           0,          10,          9.17e-05,             1e-07,      -1.872908635,       1.677601817,       1.924367348,        3.64701969,       1.853634046,       4.990893283
        920,           0,          20,          9.17e-05,             1e-07,       -1.86060716,       1.674656869,       1.924437389,       3.672232295,        1.84036765,        5.02812561
        920,           0,          29,          9.17e-05,             1e-07,      -1.817582107,       1.690840248,       1.924116811,       3.670544683,       1.900937441,       5.027005779
        921,           0,           0,          9.18e-05,             1e-07,      -1.758864031,       1.683128202,       1.926598575,       3.741202365,       2.002571701,       5.010400383
        921,           0,          10,          9.18e-05,             1e-07,      -1.886596925,       1.676667068,       1.925914332,       3.643961774,       1.829988057,       4.959548547
        921,           0,          20,          9.18e-05,             1e-07,      -1.845097428,       1.675660486,       1.923832573,       3.672359267,       1.842950968,       4.966842245
        921,           0,          29,          9.18e-05,             1e-07,      -1.811212413,       1.684103498,       1.922182418,       3.669880671,       1.852507525,       4.979674597
        922,           0,           0,          9.19e-05,             1e-07,      -1.748356273,       1.685208932,       1.925446265,       3.753890159,       2.002458749,       5.019731158
        922,           0,          10,          9.19e-05,             1e-07,      -1.863540615,       1.676286229,       1.924647662,       3.658729841,        1.81510376,       4.904255689
        922,           0,          20,          9.19e-05,             1e-07,      -1.838518154,       1.679467563,       1.925671245,       3.690325747,       1.837323514,       4.945958046
        922,           0,          29,          9.19e-05,             1e-07,      -1.790970349,       1.685213264,       1.919434391,       3.687872231,       1.846106299,       4.941953051
        923,           0,           0,           9.2e-05,             1e-07,      -1.766698328,       1.683880119,        1.92615144,       3.733422246,       1.997214337,        4.98859858
        923,           0,          10,           9.2e-05,             1e-07,      -1.847435774,       1.682222911,       1.930777465,       3.680316821,       1.849399094,       4.952384455
        923,           0,          20,           9.2e-05,             1e-07,      -1.887906224,       1.677271085,       1.925043069,       3.635889688,       1.813683552,       4.921907849
        923,           0,          29,           9.2e-05,             1e-07,      -1.783718244,       1.692353358,       1.923860246,        3.71932937,       1.847538449,       4.965778053
        924,           0,           0,          9.21e-05,             1e-07,      -1.768554841,       1.682296039,       1.930029415,       3.730827585,       1.991343545,       4.953983453
        924,           0,          10,          9.21e-05,             1e-07,      -1.859081971,       1.674085373,       1.924818915,       3.676729589,        1.85521544,       4.984318891
        924,           0,          20,          9.21e-05,             1e-07,      -1.840196771,        1.67177989,       1.924614595,       3.684457774,       1.831770704,       4.981777752
        924,           0,          29,          9.21e-05,             1e-07,      -1.816959738,       1.688041061,       1.920318314,       3.675301443,       1.876655255,       4.967851411
        925,           0,           0,          9.22e-05,             1e-07,       -1.75544759,       1.684994103,       1.928458183,       3.746225739,       2.002989292,       4.989728439
        925,           0,          10,          9.22e-05,             1e-07,      -1.846266703,       1.678734734,        1.92784366,       3.686647632,       1.835346121,       4.986794461
        925,           0,          20,          9.22e-05,             1e-07,      -1.858608756,       1.671237436,       1.922014537,       3.674483066,       1.829691613,       4.996907404
        925,           0,          29,          9.22e-05,             1e-07,      -1.814030185,       1.681079376,       1.912787357,       3.675142376,       1.831008986,       4.999508556
        926,           0,           0,          9.23e-05,             1e-07,       -1.75939267,       1.678776655,       1.923023807,       3.744457927,       2.003427107,       4.996611155
        926,           0,          10,          9.23e-05,             1e-07,      -1.842899392,       1.677452665,       1.927012361,       3.679093252,       1.809878493,       4.989752456
        926,           0,          20,          9.23e-05,             1e-07,      -1.846249888,       1.671742018,       1.922602953,       3.679595433,        1.81670768,        5.00747898
        926,           0,          29,          9.23e-05,             1e-07,      -1.767435945,       1.687776027,       1.915994707,       3.732379652,       1.835007645,       5.049339293
        927,           0,           0,          9.24e-05,             1e-07,      -1.735911739,        1.67838679,       1.924093412,       3.764942951,       1.999709034,       5.015272422
        927,           0,          10,          9.24e-05,             1e-07,      -1.883064136,       1.668674598,       1.919880896,       3.651097475,       1.803039358,       4.992738056
        927,           0,          20,          9.24e-05,             1e-07,      -1.858843956,       1.669460387,       1.917669927,       3.666714692,       1.826217451,       4.993712934
        927,           0,          29,          9.24e-05,             1e-07,      -1.734802154,       1.681818823,       1.912836893,       3.738908043,       1.843362273,       5.010117649
        928,           0,           0,          9.25e-05,             1e-07,      -1.751186297,       1.678240701,       1.919321261,       3.751334683,        2.00493746,       5.048213253
        928,           0,          10,          9.25e-05,             1e-07,      -1.850845612,       1.674039107,       1.921765397,       3.680632571,       1.847114522,       5.028043356
        928,           0,          20,          9.25e-05,             1e-07,      -1.837282455,        1.67365511,        1.91863141,       3.670218683,       1.829242457,       5.019502283
        928,           0,          29,          9.25e-05,             1e-07,      -1.805119248,       1.677157868,       1.911257051,       3.689803533,       1.860924048,       5.020552263
        929,           0,           0,          9.26e-05,             1e-07,      -1.771827717,       1.674270812,       1.921544762,       3.736760695,       1.991218276,       5.041411522
        929,           0,          10,          9.26e-05,             1e-07,      -1.846683726,       1.676655749,       1.923291136,       3.673625907,       1.842192165,       5.038680761
        929,           0,          20,          9.26e-05,             1e-07,       -1.87320113,       1.672021589,       1.922524889,       3.650113769,       1.786032463,        5.01034217
        929,           0,          29,          9.26e-05,             1e-07,      -1.746194218,       1.683581774,       1.914675913,       3.751182972,       1.850196784,       5.046258836
        930,           0,           0,          9.27e-05,             1e-07,      -1.758749384,       1.675835944,       1.922167692,        3.74677259,        2.00669737,        5.06366843
        930,           0,          10,          9.27e-05,             1e-07,      -1.878906346,       1.673859026,       1.919472139,       3.642145636,       1.817359948,       5.049006361
        930,           0,          20,          9.27e-05,             1e-07,      -1.878977544,       1.672916727,       1.920605219,       3.645347336,       1.823699693,       5.044186928
        930,           0,          29,          9.27e-05,             1e-07,      -1.817693999,       1.681629707,       1.916396106,       3.674768621,       1.834139657,       5.048853092
        931,           0,           0,          9.28e-05,             1e-07,      -1.740668999,       1.682525427,       1.926396003,       3.763048182,       1.992602251,       5.054482235
        931,           0,          10,          9.28e-05,             1e-07,      -1.864381275,       1.677355878,       1.925355394,       3.666089918,       1.810149493,       5.029932767
        931,           0,          20,          9.28e-05,             1e-07,      -1.847319711,        1.67609117,       1.924057028,       3.675456249,       1.814552925,       5.043892415
        931,           0,          29,          9.28e-05,             1e-07,      -1.757473134,       1.682066489,       1.908598436,       3.722543601,       1.826607541,       5.045842974
        932,           0,           0,          9.29e-05,             1e-07,      -1.760181138,       1.672221481,        1.91916983,       3.749685267,       2.004089006,       5.066094252
        932,           0,          10,          9.29e-05,             1e-07,       -1.85776765,       1.680697776,       1.929702961,       3.669317683,       1.824529832,       5.003211883
        932,           0,          20,          9.29e-05,             1e-07,       -1.87143081,       1.674196479,       1.921334807,       3.650622351,       1.794728971,        5.00951735
        932,           0,          29,          9.29e-05,             1e-07,      -1.762773035,       1.685419754,       1.915737942,        3.73033477,       1.850835225,       5.025480686
        933,           0,           0,           9.3e-05,             1e-07,       -1.76456214,       1.676588844,       1.927367011,       3.740069751,       1.996903259,       5.060623292
        933,           0,          10,           9.3e-05,             1e-07,      -1.866695008,       1.670792109,       1.922930645,       3.659979072,       1.799887366,       5.011609682
        933,           0,          20,           9.3e-05,             1e-07,      -1.849399214,       1.661756142,       1.918311858,       3.680354511,       1.791900045,       4.996439794
        933,           0,          29,           9.3e-05,             1e-07,      -1.714402638,       1.672788794,       1.904429214,       3.777511885,       1.809852478,       4.983274113
        934,           0,           0,          9.31e-05,             1e-07,      -1.777373578,       1.670695319,       1.916529857,       3.725059115,        1.99206947,        5.04901159
        934,           0,          10,          9.31e-05,             1e-07,      -1.872424339,       1.665748664,       1.906345466,       3.641507149,       1.797945158,       5.006120493
        934,           0,          20,          9.31e-05,             1e-07,      -1.838578306,       1.671583497,       1.916717368,       3.666460031,        1.80722351,       5.005976335
        934,           0,          29,          9.31e-05,             1e-07,      -1.694377316,       1.680248543,       1.906532823,       3.800684597,        1.81131838,       4.979519059
        935,           0,           0,          9.32e-05,             1e-07,      -1.767206918,       1.669025309,       1.909911051,       3.732682888,       1.993565058,       5.041342557
        935,           0,          10,          9.32e-05,             1e-07,      -1.841508871,       1.671810566,       1.914313683,       3.672283961,       1.838696685,       5.042375051
        935,           0,          20,          9.32e-05,             1e-07,      -1.874103834,       1.667761457,       1.908787802,       3.645544189,       1.782911322,       5.001287641
        935,           0,          29,          9.32e-05,             1e-07,      -1.743997409,       1.672369999,       1.905000326,       3.762445646,       1.830776742,       5.037007747
        936,           0,           0,          9.33e-05,             1e-07,      -1.767777647,       1.667448659,       1.913628543,       3.727556872,       1.980306758,       5.033326308
        936,           0,          10,          9.33e-05,             1e-07,      -1.836824489,       1.667748847,       1.914436777,       3.674223867,       1.807631774,       5.038783233
