t_s,x_p50_rt,x_shock_rt,dpdx_max,p_2.56,p_3.36,p_4.16,p_4.95,p_5.75,p_6.55,p_7.35,p_8.14,p_8.94,p_9.73,p_10.53,p_11.33,p_12.12
3.000000e-07,9.385132e+00,9.317740e+00,1.014356e+00,1.133573e+00,8.504242e-01,6.671890e-01,5.446035e-01,4.559281e-01,3.913736e-01,3.416190e-01,3.034109e-01,2.719633e-01,6.497907e-01,7.612333e-01,8.121285e-01,8.560699e-01
5.000000e-06,9.383865e+00,9.309705e+00,1.003620e+00,1.135099e+00,8.512583e-01,6.676590e-01,5.450980e-01,4.563056e-01,3.916437e-01,3.417223e-01,3.034663e-01,2.716336e-01,6.574945e-01,7.605154e-01,8.122519e-01,8.556281e-01
1.000000e-05,9.383613e+00,9.313211e+00,1.021630e+00,1.135340e+00,8.513024e-01,6.675982e-01,5.449823e-01,4.561660e-01,3.915763e-01,3.417480e-01,3.035211e-01,2.717210e-01,6.462797e-01,7.656189e-01,8.107307e-01,8.562031e-01
1.500000e-05,9.384488e+00,9.314589e+00,1.027552e+00,1.136014e+00,8.514335e-01,6.676806e-01,5.449977e-01,4.561951e-01,3.915837e-01,3.417426e-01,3.035358e-01,2.716947e-01,6.515300e-01,7.650041e-01,8.117758e-01,8.548972e-01
2.000000e-05,9.385328e+00,9.315491e+00,1.028585e+00,1.132168e+00,8.518978e-01,6.677500e-01,5.450355e-01,4.562056e-01,3.915842e-01,3.417567e-01,3.035315e-01,2.717245e-01,6.496038e-01,7.552439e-01,8.202014e-01,8.558693e-01
2.500000e-05,9.385687e+00,9.316486e+00,1.032814e+00,1.132665e+00,8.506383e-01,6.680340e-01,5.450664e-01,4.562166e-01,3.915992e-01,3.417417e-01,3.035370e-01,2.717210e-01,6.507989e-01,7.585011e-01,8.149594e-01,8.614700e-01
3.000000e-05,9.385969e+00,9.316990e+00,1.034911e+00,1.136064e+00,8.490275e-01,6.678601e-01,5.452804e-01,4.562605e-01,3.916140e-01,3.417645e-01,3.035286e-01,2.717293e-01,6.504387e-01,7.657517e-01,8.083818e-01,8.639760e-01
3.500000e-05,9.386139e+00,9.317446e+00,1.037049e+00,1.134251e+00,8.504261e-01,6.662677e-01,5.454841e-01,4.563927e-01,3.916482e-01,3.417768e-01,3.035452e-01,2.717313e-01,6.506386e-01,7.640596e-01,8.121865e-01,8.580007e-01
4.000000e-05,9.386273e+00,9.317584e+00,1.037869e+00,1.134892e+00,8.522327e-01,6.666465e-01,5.442144e-01,4.567121e-01,3.917304e-01,3.417907e-01,3.035583e-01,2.717399e-01,6.506201e-01,7.592498e-01,8.106043e-01,8.544916e-01
4.500000e-05,9.386327e+00,9.317601e+00,1.038240e+00,1.134421e+00,8.507129e-01,6.672330e-01,5.440896e-01,4.558696e-01,3.920454e-01,3.418571e-01,3.035595e-01,2.717564e-01,6.506308e-01,7.617776e-01,8.120791e-01,8.575688e-01
5.000000e-05,9.386324e+00,9.317567e+00,1.038117e+00,1.134666e+00,8.512147e-01,6.684361e-01,5.445626e-01,4.554842e-01,3.915775e-01,3.421317e-01,3.036188e-01,2.717515e-01,6.507713e-01,7.635856e-01,8.184796e-01,8.595602e-01
5.500000e-05,9.386199e+00,9.317491e+00,1.038152e+00,1.135214e+00,8.511768e-01,6.671927e-01,5.448849e-01,4.557089e-01,3.910539e-01,3.419269e-01,3.038412e-01,2.717989e-01,6.507263e-01,7.626465e-01,8.182995e-01,8.575184e-01
6.000000e-05,9.385802e+00,9.317351e+00,1.038303e+00,1.135241e+00,8.508587e-01,6.676532e-01,5.456429e-01,4.559628e-01,3.911187e-01,3.413944e-01,3.037877e-01,2.719834e-01,6.507850e-01,7.627086e-01,8.142066e-01,8.565810e-01
6.500000e-05,9.385242e+00,9.317087e+00,1.038719e+00,1.135411e+00,8.509000e-01,6.675346e-01,5.446760e-01,4.562705e-01,3.913383e-01,3.413294e-01,3.033413e-01,2.720218e-01,6.511359e-01,7.635902e-01,8.125227e-01,8.609117e-01
7.000000e-05,9.385146e+00,9.316801e+00,1.038794e+00,1.135739e+00,8.512431e-01,6.673747e-01,5.450196e-01,4.567218e-01,3.914631e-01,3.414641e-01,3.031614e-01,2.716957e-01,6.514898e-01,7.641053e-01,8.144390e-01,8.636854e-01
7.500000e-05,9.385438e+00,9.316423e+00,1.037200e+00,1.135511e+00,8.513155e-01,6.672761e-01,5.448856e-01,4.560076e-01,3.918042e-01,3.416129e-01,3.032400e-01,2.714387e-01,6.513987e-01,7.644758e-01,8.169484e-01,8.627469e-01
8.000000e-05,9.385255e+00,9.315817e+00,1.035073e+00,1.141424e+00,8.513891e-01,6.673519e-01,5.448235e-01,4.562157e-01,3.919895e-01,3.416821e-01,3.033586e-01,2.714552e-01,6.511824e-01,7.646360e-01,8.179010e-01,8.611667e-01
8.500000e-05,9.384480e+00,9.315109e+00,1.033969e+00,1.099248e+00,8.511467e-01,6.676020e-01,5.447807e-01,4.561624e-01,3.914797e-01,3.420398e-01,3.034600e-01,2.715404e-01,6.514058e-01,7.643788e-01,8.178214e-01,8.600691e-01
9.000000e-05,9.383489e+00,9.314378e+00,1.033446e+00,1.000393e+00,8.563562e-01,6.677351e-01,5.447023e-01,4.560775e-01,3.915775e-01,3.420699e-01,3.035070e-01,2.716218e-01,6.518743e-01,7.642013e-01,8.176277e-01,8.601158e-01
9.500000e-05,9.382402e+00,9.313555e+00,1.032854e+00,9.076036e-01,8.304272e-01,6.674057e-01,5.447955e-01,4.560323e-01,3.915434e-01,3.416586e-01,3.038800e-01,2.716889e-01,6.523600e-01,7.646888e-01,8.174402e-01,8.613477e-01
1.000000e-04,9.381257e+00,9.312585e+00,1.031976e+00,8.326705e-01,7.587428e-01,6.717562e-01,5.449774e-01,4.560438e-01,3.915165e-01,3.417095e-01,3.037660e-01,2.717396e-01,6.528729e-01,7.655879e-01,8.172669e-01,8.626627e-01
1.050000e-04,9.380056e+00,9.311532e+00,1.029843e+00,7.789277e-01,6.865293e-01,6.532352e-01,5.449029e-01,4.560162e-01,3.914556e-01,3.417254e-01,3.034409e-01,2.720910e-01,6.534097e-01,7.661960e-01,8.173739e-01,8.632289e-01
1.100000e-04,9.378289e+00,9.310252e+00,1.028717e+00,7.487008e-01,6.263037e-01,5.980504e-01,5.485111e-01,4.560515e-01,3.914856e-01,3.417055e-01,3.034736e-01,2.718820e-01,6.539732e-01,7.664406e-01,8.179293e-01,8.632118e-01
1.150000e-04,9.377404e+00,9.309282e+00,1.027981e+00,7.338784e-01,5.796536e-01,5.406416e-01,5.325923e-01,4.562904e-01,3.914938e-01,3.416432e-01,3.035198e-01,2.716172e-01,6.552557e-01,7.667575e-01,8.189029e-01,8.630880e-01
1.200000e-04,9.376562e+00,9.307691e+00,1.023100e+00,7.199710e-01,5.501148e-01,4.920179e-01,4.878742e-01,4.594078e-01,3.913497e-01,3.416389e-01,3.035013e-01,2.716642e-01,6.553613e-01,7.671818e-01,8.199487e-01,8.630928e-01
1.250000e-04,9.374867e+00,9.305849e+00,1.019618e+00,6.783025e-01,5.338076e-01,4.530293e-01,4.409760e-01,4.456189e-01,3.918714e-01,3.417121e-01,3.034626e-01,2.717000e-01,6.552586e-01,7.678522e-01,8.205894e-01,8.633261e-01
1.300000e-04,9.373024e+00,9.303813e+00,1.015987e+00,6.132437e-01,5.225683e-01,4.261873e-01,4.009769e-01,4.081164e-01,3.943913e-01,3.414737e-01,3.034541e-01,2.716787e-01,6.561282e-01,7.690716e-01,8.207997e-01,8.638819e-01
1.350000e-04,9.370945e+00,9.301215e+00,1.011519e+00,5.576824e-01,4.947226e-01,4.106532e-01,3.684347e-01,3.691989e-01,3.813329e-01,3.422585e-01,3.035191e-01,2.716395e-01,6.566597e-01,7.687174e-01,8.210008e-01,8.646864e-01
1.400000e-04,9.368696e+00,9.298257e+00,1.006889e+00,5.289178e-01,4.503698e-01,4.010280e-01,3.450715e-01,3.356204e-01,3.492199e-01,3.441764e-01,3.031966e-01,2.716216e-01,6.571849e-01,7.677441e-01,8.218274e-01,8.654818e-01
1.450000e-04,9.366244e+00,9.294915e+00,1.001496e+00,5.335012e-01,4.105478e-01,3.814626e-01,3.307824e-01,3.077202e-01,3.161300e-01,3.316959e-01,3.043966e-01,2.716850e-01,6.575894e-01,7.692658e-01,8.229148e-01,8.659981e-01
1.500000e-04,9.363558e+00,9.292395e+00,1.009403e+00,6.811663e-01,3.874559e-01,3.499591e-01,3.221540e-01,2.871445e-01,2.873493e-01,3.034139e-01,3.053358e-01,2.714127e-01,6.579763e-01,7.710191e-01,8.228174e-01,8.662693e-01
1.550000e-04,9.361631e+00,9.290528e+00,1.014153e+00,7.385475e-01,3.871191e-01,3.199402e-01,3.072229e-01,2.742966e-01,2.633325e-01,2.747867e-01,2.924307e-01,2.728536e-01,6.586821e-01,7.708566e-01,8.220909e-01,8.666360e-01
1.600000e-04,9.356079e+00,9.287803e+00,1.022376e+00,7.113426e-01,4.729835e-01,3.004483e-01,2.833706e-01,2.664445e-01,2.450515e-01,2.499516e-01,2.672034e-01,2.729911e-01,6.587571e-01,7.705897e-01,8.220561e-01,8.667442e-01
1.650000e-04,9.353556e+00,9.286017e+00,1.052328e+00,6.949138e-01,5.439780e-01,2.968657e-01,2.600228e-01,2.547940e-01,2.333410e-01,2.289032e-01,2.422562e-01,2.600204e-01,6.621423e-01,7.713726e-01,8.232502e-01,8.663961e-01
1.700000e-04,9.375268e+00,9.285668e+00,1.064710e+00,6.881170e-01,5.300037e-01,3.453939e-01,2.438687e-01,2.362066e-01,2.262295e-01,2.126962e-01,2.204822e-01,2.373206e-01,6.648959e-01,7.722611e-01,8.248788e-01,8.661728e-01
1.750000e-04,9.416929e+00,9.278289e+00,1.030645e+00,6.764055e-01,5.221419e-01,4.159936e-01,2.388122e-01,2.174716e-01,2.166860e-01,2.021183e-01,2.020234e-01,2.153853e-01,6.431295e-01,7.725890e-01,8.254032e-01,8.661629e-01
1.800000e-04,9.470332e+00,9.263957e+00,9.985566e-01,6.646343e-01,5.214511e-01,4.096733e-01,2.697507e-01,2.037601e-01,2.018507e-01,1.954820e-01,1.875883e-01,1.963057e-01,6.013113e-01,7.774371e-01,8.249693e-01,8.664084e-01
1.850000e-04,9.543733e+00,9.247984e+00,9.486400e-01,6.534134e-01,5.165728e-01,4.055792e-01,3.313348e-01,1.977584e-01,1.864363e-01,1.875376e-01,1.780051e-01,1.797977e-01,5.635230e-01,7.782748e-01,8.247488e-01,8.672369e-01
1.900000e-04,9.633873e+00,9.228095e+00,8.851484e-01,6.491048e-01,5.085346e-01,4.073185e-01,3.298924e-01,2.162418e-01,1.747325e-01,1.754919e-01,1.719305e-01,1.668511e-01,5.290754e-01,7.403036e-01,8.262428e-01,8.683188e-01
1.950000e-04,9.731880e+00,9.194103e+00,7.822370e-01,6.582455e-01,5.001811e-01,4.083452e-01,3.275103e-01,2.709804e-01,1.684470e-01,1.626013e-01,1.650074e-01,1.583847e-01,4.994966e-01,6.734218e-01,8.320376e-01,8.689185e-01
2.000000e-04,9.839844e+00,9.157200e+00,7.890111e-01,6.743473e-01,4.974717e-01,4.040422e-01,3.296841e-01,2.730569e-01,1.806603e-01,1.524894e-01,1.549157e-01,1.548085e-01,4.750433e-01,6.234161e-01,8.300211e-01,8.688110e-01
2.050000e-04,9.944898e+00,9.126213e+00,7.822988e-01,7.112633e-01,5.061729e-01,3.983466e-01,3.333054e-01,2.714292e-01,2.266414e-01,1.461303e-01,1.439564e-01,1.528715e-01,4.600868e-01,5.989391e-01,7.932421e-01,8.706729e-01
2.100000e-04,1.005032e+01,9.087359e+00,7.394136e-01,7.926184e-01,5.210260e-01,3.980711e-01,3.321331e-01,2.733788e-01,2.321104e-01,1.540141e-01,1.351568e-01,1.504159e-01,4.526939e-01,5.808136e-01,7.253105e-01,8.748937e-01
2.150000e-04,1.013140e+01,9.050634e+00,7.608121e-01,8.148108e-01,5.600970e-01,4.077330e-01,3.289818e-01,2.779550e-01,2.308484e-01,1.930187e-01,1.290821e-01,1.530022e-01,4.480331e-01,5.591726e-01,6.544777e-01,8.648355e-01
2.200000e-04,1.018731e+01,9.014125e+00,7.208319e-01,7.991427e-01,6.099329e-01,4.222947e-01,3.298214e-01,2.785585e-01,2.325305e-01,2.006715e-01,1.351930e-01,1.674343e-01,4.372599e-01,5.382798e-01,6.002571e-01,8.243131e-01
2.250000e-04,1.022034e+01,8.955421e+00,6.686009e-01,7.836312e-01,6.105978e-01,4.589760e-01,3.395760e-01,2.774215e-01,2.371043e-01,1.998105e-01,1.674580e-01,1.941891e-01,4.192477e-01,5.256437e-01,5.672856e-01,7.631290e-01
2.300000e-04,1.028793e+01,8.919042e+00,6.531551e-01,7.710124e-01,5.989225e-01,4.852682e-01,3.553493e-01,2.793428e-01,2.387686e-01,2.011855e-01,1.763486e-01,2.385637e-01,4.043545e-01,5.213931e-01,5.537747e-01,6.979564e-01
2.350000e-04,1.038469e+01,8.861014e+00,6.903919e-01,7.651967e-01,5.893224e-01,4.802829e-01,3.881922e-01,2.884995e-01,2.388102e-01,2.054902e-01,1.760593e-01,3.180575e-01,3.977955e-01,5.170106e-01,5.541398e-01,6.384628e-01
2.400000e-04,1.049563e+01,8.846810e+00,8.633510e-01,7.653955e-01,5.801358e-01,4.719210e-01,4.012986e-01,3.045627e-01,2.417148e-01,2.077855e-01,1.773364e-01,3.621432e-01,3.945039e-01,5.053502e-01,5.600624e-01,5.887385e-01
2.450000e-04,1.061941e+01,8.825453e+00,8.807519e-01,7.692679e-01,5.748829e-01,4.653438e-01,3.950351e-01,3.326336e-01,2.506823e-01,2.084590e-01,1.812174e-01,3.765263e-01,4.139961e-01,4.839855e-01,5.655233e-01,5.486055e-01
2.500000e-04,9.489315e+00,8.794013e+00,8.721372e-01,7.732896e-01,5.738620e-01,4.582715e-01,3.884922e-01,3.397343e-01,2.671150e-01,2.119096e-01,1.837772e-01,3.916413e-01,5.129740e-01,4.595669e-01,5.672230e-01,5.201711e-01
2.550000e-04,9.601488e+00,8.761967e+00,8.550714e-01,7.737516e-01,5.760737e-01,4.535458e-01,3.833530e-01,3.341942e-01,2.899142e-01,2.208340e-01,1.848609e-01,4.145849e-01,5.595672e-01,4.405267e-01,5.636814e-01,5.021953e-01
2.600000e-04,9.728307e+00,8.738159e+00,8.998829e-01,7.708171e-01,5.789400e-01,4.519386e-01,3.774359e-01,3.291231e-01,2.939334e-01,2.377419e-01,1.886328e-01,4.351930e-01,5.008267e-01,4.430452e-01,5.543915e-01,4.943132e-01
2.650000e-04,9.327071e+00,8.712796e+00,9.133117e-01,7.680730e-01,5.792728e-01,4.530037e-01,3.730848e-01,3.247862e-01,2.895919e-01,2.561117e-01,1.976622e-01,4.448642e-01,4.792570e-01,5.033223e-01,5.398066e-01,4.925332e-01
2.700000e-04,9.176844e+00,8.688724e+00,9.250018e-01,7.688381e-01,5.777180e-01,4.545247e-01,3.713399e-01,3.195361e-01,2.859002e-01,2.582044e-01,2.151002e-01,4.536765e-01,5.271591e-01,6.472246e-01,5.221285e-01,4.905942e-01
2.750000e-04,9.075874e+00,8.671276e+00,9.447856e-01,7.748580e-01,5.772046e-01,4.542829e-01,3.717383e-01,3.153931e-01,2.823950e-01,2.548025e-01,2.296910e-01,4.767754e-01,5.671630e-01,7.188980e-01,5.099327e-01,4.830594e-01
2.800000e-04,8.818145e+00,8.659188e+00,9.969305e-01,7.958417e-01,5.788758e-01,4.531742e-01,3.722840e-01,3.135133e-01,2.777932e-01,2.521950e-01,2.304560e-01,5.227929e-01,5.643683e-01,6.759628e-01,5.204006e-01,4.687291e-01
2.850000e-04,8.787183e+00,8.645594e+00,1.021463e+00,8.035185e-01,5.871873e-01,4.532539e-01,3.714918e-01,3.134012e-01,2.739230e-01,2.495283e-01,2.277287e-01,5.598955e-01,5.637097e-01,5.924630e-01,5.824497e-01,4.507130e-01
2.900000e-04,8.786410e+00,8.629060e+00,1.050205e+00,7.858233e-01,6.012415e-01,4.551130e-01,3.704655e-01,3.132943e-01,2.719060e-01,2.456239e-01,2.258930e-01,5.636674e-01,6.003160e-01,5.386760e-01,7.080711e-01,4.371103e-01
2.950000e-04,8.783230e+00,8.613437e+00,1.085087e+00,7.716977e-01,5.954235e-01,4.639406e-01,3.705311e-01,3.122368e-01,2.713530e-01,2.420939e-01,2.237945e-01,5.605580e-01,6.638202e-01,5.343127e-01,8.183933e-01,4.368112e-01
3.000000e-04,8.769750e+00,8.600778e+00,1.105738e+00,7.631119e-01,5.813734e-01,4.700783e-01,3.728366e-01,3.112215e-01,2.707366e-01,2.401204e-01,2.204507e-01,5.602480e-01,6.891623e-01,5.808943e-01,8.507568e-01,4.589809e-01
3.050000e-04,8.752656e+00,8.589857e+00,1.112821e+00,7.558095e-01,5.730580e-01,4.615964e-01,3.804006e-01,3.110779e-01,2.694394e-01,2.391912e-01,2.173719e-01,5.614271e-01,6.601864e-01,6.696903e-01,8.276086e-01,5.215270e-01
3.100000e-04,8.736370e+00,8.576058e+00,1.088631e+00,7.503668e-01,5.679458e-01,4.518554e-01,3.811015e-01,3.137386e-01,2.682743e-01,2.381223e-01,2.155398e-01,5.618094e-01,6.407862e-01,7.688691e-01,7.918378e-01,6.035496e-01
3.150000e-04,8.717384e+00,8.555155e+00,1.023906e+00,7.474677e-01,5.630060e-01,4.464104e-01,3.728898e-01,3.190699e-01,2.679034e-01,2.365965e-01,2.144606e-01,5.646264e-01,6.599235e-01,8.193554e-01,7.671528e-01,6.603525e-01
3.200000e-04,8.701656e+00,8.529029e+00,1.025966e+00,7.474405e-01,5.595428e-01,4.429847e-01,3.660043e-01,3.169839e-01,2.706445e-01,2.353000e-01,2.130953e-01,5.702886e-01,6.819932e-01,8.029335e-01,7.656086e-01,6.882485e-01
3.250000e-04,8.696443e+00,8.506364e+00,1.069358e+00,7.484003e-01,5.580035e-01,4.395893e-01,3.624000e-01,3.099103e-01,2.737039e-01,2.349327e-01,2.113270e-01,5.779829e-01,6.808601e-01,7.535017e-01,8.031963e-01,7.028383e-01
3.300000e-04,8.685647e+00,8.487868e+00,1.093952e+00,7.487384e-01,5.584246e-01,4.372825e-01,3.600711e-01,3.047710e-01,2.702661e-01,2.374481e-01,2.096198e-01,5.817445e-01,6.720594e-01,7.117778e-01,8.757823e-01,7.153930e-01
3.350000e-04,8.658490e+00,8.472511e+00,1.097457e+00,7.489125e-01,5.597104e-01,4.363770e-01,3.577048e-01,3.020338e-01,2.643897e-01,2.386588e-01,2.090468e-01,5.816138e-01,6.743414e-01,6.961110e-01,9.521647e-01,7.336554e-01
3.400000e-04,8.615964e+00,8.452064e+00,1.049210e+00,7.527091e-01,5.609813e-01,4.368575e-01,3.561621e-01,3.003853e-01,2.603707e-01,2.346681e-01,2.108281e-01,5.820351e-01,6.899294e-01,7.155830e-01,9.894983e-01,7.565458e-01
3.450000e-04,8.584984e+00,8.425284e+00,1.053443e+00,7.608988e-01,5.626461e-01,4.380244e-01,3.557594e-01,2.986938e-01,2.582185e-01,2.297659e-01,2.106505e-01,5.882526e-01,7.106637e-01,7.622858e-01,9.581665e-01,7.866360e-01
3.500000e-04,8.574086e+00,8.401478e+00,1.110342e+00,7.692851e-01,5.663134e-01,4.394928e-01,3.563272e-01,2.975960e-01,2.569495e-01,2.265121e-01,2.073097e-01,6.022687e-01,7.308687e-01,8.036036e-01,8.864500e-01,8.221053e-01
3.550000e-04,8.568631e+00,8.382118e+00,1.120616e+00,7.635935e-01,5.721238e-01,4.416959e-01,3.573956e-01,2.974498e-01,2.557378e-01,2.246358e-01,2.040119e-01,6.155233e-01,7.466440e-01,8.202943e-01,8.063394e-01,8.526833e-01
3.600000e-04,8.549226e+00,8.362486e+00,1.094817e+00,7.504070e-01,5.777461e-01,4.449889e-01,3.588619e-01,2.980424e-01,2.550045e-01,2.235501e-01,2.015948e-01,6.186521e-01,7.604505e-01,8.213149e-01,7.378165e-01,8.586864e-01
3.650000e-04,8.513357e+00,8.335168e+00,1.018238e+00,7.642258e-01,5.704078e-01,4.493387e-01,3.611989e-01,2.990236e-01,2.549769e-01,2.226042e-01,2.014036e-01,6.263651e-01,7.743611e-01,8.145030e-01,6.898139e-01,8.406815e-01
3.700000e-04,8.484448e+00,8.307166e+00,1.082984e+00,7.711086e-01,5.582158e-01,4.525970e-01,3.641248e-01,3.004548e-01,2.555657e-01,2.221030e-01,2.052819e-01,6.427618e-01,7.834630e-01,8.078881e-01,6.676970e-01,8.037049e-01
3.750000e-04,8.454663e+00,8.281714e+00,1.139986e+00,7.628570e-01,5.672016e-01,4.454865e-01,3.675762e-01,3.027397e-01,2.564870e-01,2.222119e-01,2.157801e-01,6.632459e-01,7.796061e-01,8.006088e-01,6.707102e-01,7.591248e-01
3.800000e-04,8.386561e+00,8.256178e+00,1.186453e+00,7.613560e-01,5.790401e-01,4.357892e-01,3.688746e-01,3.053942e-01,2.579091e-01,2.227612e-01,2.339172e-01,6.815095e-01,7.658977e-01,7.948557e-01,6.933948e-01,7.156988e-01
3.850000e-04,8.334631e+00,8.220887e+00,1.212241e+00,7.624633e-01,5.752714e-01,4.421778e-01,3.623125e-01,3.081813e-01,2.601282e-01,2.236114e-01,2.677378e-01,6.949804e-01,7.531452e-01,7.843247e-01,7.296207e-01,6.831012e-01
3.900000e-04,8.283752e+00,8.184520e+00,1.308386e+00,7.635466e-01,5.745635e-01,4.551075e-01,3.550826e-01,3.083783e-01,2.626137e-01,2.250162e-01,3.219678e-01,6.967518e-01,7.466870e-01,7.680901e-01,7.733127e-01,6.599068e-01
3.950000e-04,8.230475e+00,8.135207e+00,1.280381e+00,7.644789e-01,5.757398e-01,4.542144e-01,3.605257e-01,3.027483e-01,2.647982e-01,2.271784e-01,3.910685e-01,6.918409e-01,7.476548e-01,7.501745e-01,8.038652e-01,6.428482e-01
4.000000e-04,8.170846e+00,8.093882e+00,1.406211e+00,7.661557e-01,5.772722e-01,4.536392e-01,3.726148e-01,2.971213e-01,2.642374e-01,2.295436e-01,4.541528e-01,6.929372e-01,7.496936e-01,7.331729e-01,8.090739e-01,6.338956e-01
4.050000e-04,8.130317e+00,8.048301e+00,1.347681e+00,7.672860e-01,5.789331e-01,4.543615e-01,3.733604e-01,3.015838e-01,2.594057e-01,2.312079e-01,5.085398e-01,7.002954e-01,7.514697e-01,7.182298e-01,7.943750e-01,6.405381e-01
4.100000e-04,8.065813e+00,7.999061e+00,1.424043e+00,7.891414e-01,5.802344e-01,4.555775e-01,3.729515e-01,3.129540e-01,2.552109e-01,2.302107e-01,5.573468e-01,7.028576e-01,7.450471e-01,7.083343e-01,7.734603e-01,6.619342e-01
4.150000e-04,8.038245e+00,7.964603e+00,1.409456e+00,8.037085e-01,5.837047e-01,4.571923e-01,3.734458e-01,3.146299e-01,2.592204e-01,2.260866e-01,5.835657e-01,6.954625e-01,7.347773e-01,7.069990e-01,7.556040e-01,6.891383e-01
4.200000e-04,7.984296e+00,7.912096e+00,1.340358e+00,7.893500e-01,6.019266e-01,4.580936e-01,3.744513e-01,3.142820e-01,2.694206e-01,2.228795e-01,5.875965e-01,6.991674e-01,7.224254e-01,7.142410e-01,7.491388e-01,7.152435e-01
4.250000e-04,7.962012e+00,7.880146e+00,1.373779e+00,7.714383e-01,6.018775e-01,4.637707e-01,3.757485e-01,3.145696e-01,2.717454e-01,2.265532e-01,5.983174e-01,7.113862e-01,7.188674e-01,7.287126e-01,7.523094e-01,7.325242e-01
4.300000e-04,7.929972e+00,7.833068e+00,1.255849e+00,7.565045e-01,5.898190e-01,4.762064e-01,3.764219e-01,3.153494e-01,2.714276e-01,2.360282e-01,6.034296e-01,7.016333e-01,7.272045e-01,7.444713e-01,7.594210e-01,7.374177e-01
4.350000e-04,7.861883e+00,7.794475e+00,1.360539e+00,7.572142e-01,5.785657e-01,4.715619e-01,3.835486e-01,3.163821e-01,2.714031e-01,2.386213e-01,6.058294e-01,6.866870e-01,7.348422e-01,7.584118e-01,7.690002e-01,7.322271e-01
4.400000e-04,7.837976e+00,7.767873e+00,1.382688e+00,7.687537e-01,5.685955e-01,4.623345e-01,3.905825e-01,3.172561e-01,2.720528e-01,2.382172e-01,6.348482e-01,6.793705e-01,7.396030e-01,7.664312e-01,7.799859e-01,7.234872e-01
4.450000e-04,7.799788e+00,7.735664e+00,1.343241e+00,7.701950e-01,5.697159e-01,4.548127e-01,3.846696e-01,3.245640e-01,2.728713e-01,2.379110e-01,6.528337e-01,6.683197e-01,7.420921e-01,7.708958e-01,7.929333e-01,7.137076e-01
4.500000e-04,7.764710e+00,7.704044e+00,1.315506e+00,7.668422e-01,5.796375e-01,4.479359e-01,3.775993e-01,3.279396e-01,2.743469e-01,2.383062e-01,6.438340e-01,6.772354e-01,7.383069e-01,7.787534e-01,8.068699e-01,7.051359e-01
4.550000e-04,7.751326e+00,7.676550e+00,1.331578e+00,7.631073e-01,5.814797e-01,4.489234e-01,3.724624e-01,3.222031e-01,2.810449e-01,2.385585e-01,6.421749e-01,7.204437e-01,7.301094e-01,7.855667e-01,8.179654e-01,6.993705e-01
4.600000e-04,7.726529e+00,7.649804e+00,1.316495e+00,7.597525e-01,5.787010e-01,4.572265e-01,3.677567e-01,3.167121e-01,2.820862e-01,2.400178e-01,6.515599e-01,7.391407e-01,7.253871e-01,7.861109e-01,8.254165e-01,6.962542e-01
4.650000e-04,7.689466e+00,7.626692e+00,1.266604e+00,7.579589e-01,5.756123e-01,4.590705e-01,3.689674e-01,3.130795e-01,2.768630e-01,2.451875e-01,6.554138e-01,7.218231e-01,7.321115e-01,7.821744e-01,8.335686e-01,7.020019e-01
4.700000e-04,7.662358e+00,7.603479e+00,1.264742e+00,7.570220e-01,5.730764e-01,4.565149e-01,3.760396e-01,3.097617e-01,2.726231e-01,2.448362e-01,6.525843e-01,7.088353e-01,7.664636e-01,7.737110e-01,8.378692e-01,7.173958e-01
4.750000e-04,7.655587e+00,7.581900e+00,1.294241e+00,7.634500e-01,5.714437e-01,4.536527e-01,3.776011e-01,3.110147e-01,2.699730e-01,2.411591e-01,6.667725e-01,7.165544e-01,8.222230e-01,7.608485e-01,8.321111e-01,7.337072e-01
4.800000e-04,7.646578e+00,7.563215e+00,1.291149e+00,7.728525e-01,5.720029e-01,4.516289e-01,3.750977e-01,3.172458e-01,2.675755e-01,2.386130e-01,6.780837e-01,7.441287e-01,8.500650e-01,7.504657e-01,8.199483e-01,7.470477e-01
4.850000e-04,7.632759e+00,7.550141e+00,1.281595e+00,7.696052e-01,5.776306e-01,4.504394e-01,3.724084e-01,3.185653e-01,2.689234e-01,2.389229e-01,6.766576e-01,7.775076e-01,8.389910e-01,7.519951e-01,8.055882e-01,7.580161e-01
4.900000e-04,7.617070e+00,7.535745e+00,1.237891e+00,7.626834e-01,5.785557e-01,4.521883e-01,3.705123e-01,3.161036e-01,2.742207e-01,2.365437e-01,6.791462e-01,7.983693e-01,8.065565e-01,7.707639e-01,7.908637e-01,7.624770e-01
4.950000e-04,7.600344e+00,7.513658e+00,1.146794e+00,7.548547e-01,5.744197e-01,4.550482e-01,3.698826e-01,3.136041e-01,2.753413e-01,2.401050e-01,6.855129e-01,7.932385e-01,7.743477e-01,8.008950e-01,7.792716e-01,7.587215e-01
5.000000e-04,7.570658e+00,7.490908e+00,1.222465e+00,7.474744e-01,5.705140e-01,4.530349e-01,3.719742e-01,3.119026e-01,2.730476e-01,2.492679e-01,6.947944e-01,7.758840e-01,7.639089e-01,8.255769e-01,7.760183e-01,7.515151e-01
5.050000e-04,7.545112e+00,7.473665e+00,1.326631e+00,7.447112e-01,5.656202e-01,4.500696e-01,3.723803e-01,3.117688e-01,2.707034e-01,2.564430e-01,7.052854e-01,7.631316e-01,7.828047e-01,8.335015e-01,7.825574e-01,7.461769e-01
5.100000e-04,7.522688e+00,7.459925e+00,1.388455e+00,7.462811e-01,5.610394e-01,4.476882e-01,3.696682e-01,3.134575e-01,2.691139e-01,2.672091e-01,7.295616e-01,7.651862e-01,8.111428e-01,8.273483e-01,7.940061e-01,7.455322e-01
5.150000e-04,7.497507e+00,7.445055e+00,1.393521e+00,7.483894e-01,5.599551e-01,4.443261e-01,3.677203e-01,3.124632e-01,2.693866e-01,2.845831e-01,7.446169e-01,7.750314e-01,8.172359e-01,8.117011e-01,8.042217e-01,7.487873e-01
5.200000e-04,7.467048e+00,7.419150e+00,1.308554e+00,7.491057e-01,5.618574e-01,4.412543e-01,3.661407e-01,3.099287e-01,2.703263e-01,3.150731e-01,7.360801e-01,7.808798e-01,8.014896e-01,7.903609e-01,8.114859e-01,7.506928e-01
5.250000e-04,7.448501e+00,7.388861e+00,1.358372e+00,7.493411e-01,5.637246e-01,4.408255e-01,3.637161e-01,3.085525e-01,2.686695e-01,3.584158e-01,7.281966e-01,7.878565e-01,7.777114e-01,7.717632e-01,8.181352e-01,7.480582e-01
5.300000e-04,7.423399e+00,7.362662e+00,1.408833e+00,7.507223e-01,5.644708e-01,4.424558e-01,3.616156e-01,3.073359e-01,2.666017e-01,4.059948e-01,7.267816e-01,7.987203e-01,7.595754e-01,7.612126e-01,8.226454e-01,7.446553e-01
5.350000e-04,7.391335e+00,7.341333e+00,1.414167e+00,7.524732e-01,5.651030e-01,4.438581e-01,3.615591e-01,3.055141e-01,2.655791e-01,4.472459e-01,7.298577e-01,7.965375e-01,7.560573e-01,7.583185e-01,8.188269e-01,7.448670e-01
5.400000e-04,7.361333e+00,7.313174e+00,1.310523e+00,7.529739e-01,5.660171e-01,4.445106e-01,3.629302e-01,3.040004e-01,2.645743e-01,4.803032e-01,7.319500e-01,7.746000e-01,7.712477e-01,7.604679e-01,8.055324e-01,7.481688e-01
5.450000e-04,7.348359e+00,7.285258e+00,1.364632e+00,7.527427e-01,5.659115e-01,4.453447e-01,3.639179e-01,3.041182e-01,2.631286e-01,5.023382e-01,7.279852e-01,7.508272e-01,7.972804e-01,7.617160e-01,7.884907e-01,7.495358e-01
5.500000e-04,7.328093e+00,7.259417e+00,1.376624e+00,7.468929e-01,5.658166e-01,4.456959e-01,3.644417e-01,3.052612e-01,2.620158e-01,5.247717e-01,7.139094e-01,7.451664e-01,8.136893e-01,7.597320e-01,7.734307e-01,7.462998e-01
5.550000e-04,7.299948e+00,7.239625e+00,1.363319e+00,7.433323e-01,5.652030e-01,4.448100e-01,3.651268e-01,3.059675e-01,2.622025e-01,5.476028e-01,7.082822e-01,7.577638e-01,8.106293e-01,7.593828e-01,7.623608e-01,7.411877e-01
5.600000e-04,7.274556e+00,7.215571e+00,1.258969e+00,7.501851e-01,5.586080e-01,4.447750e-01,3.650127e-01,3.063912e-01,2.631338e-01,5.632254e-01,7.117079e-01,7.690671e-01,7.928344e-01,7.661298e-01,7.552106e-01,7.371016e-01
5.650000e-04,7.259691e+00,7.191000e+00,1.294108e+00,7.508198e-01,5.552817e-01,4.434293e-01,3.641520e-01,3.068641e-01,2.636618e-01,5.703357e-01,7.133177e-01,7.678706e-01,7.711784e-01,7.792110e-01,7.542206e-01,7.350368e-01
5.700000e-04,7.244250e+00,7.169358e+00,1.325653e+00,7.460704e-01,5.614504e-01,4.373716e-01,3.641451e-01,3.064421e-01,2.640133e-01,5.724279e-01,7.063223e-01,7.543124e-01,7.556783e-01,7.943245e-01,7.641179e-01,7.344404e-01
5.750000e-04,7.224550e+00,7.155055e+00,1.343307e+00,7.426672e-01,5.633594e-01,4.351774e-01,3.620597e-01,3.057546e-01,2.642460e-01,5.786078e-01,6.979662e-01,7.421465e-01,7.521519e-01,8.071071e-01,7.873914e-01,7.360624e-01
5.800000e-04,7.206102e+00,7.143944e+00,1.321437e+00,7.412639e-01,5.607012e-01,4.406056e-01,3.568696e-01,3.056027e-01,2.636562e-01,5.901143e-01,7.019070e-01,7.425959e-01,7.618131e-01,8.134052e-01,8.179319e-01,7.429710e-01
5.850000e-04,7.191604e+00,7.128417e+00,1.243672e+00,7.418181e-01,5.586075e-01,4.426419e-01,3.558051e-01,3.031624e-01,2.630798e-01,5.998977e-01,7.121078e-01,7.521599e-01,7.790205e-01,8.111675e-01,8.473407e-01,7.546392e-01
5.900000e-04,7.180618e+00,7.105618e+00,1.204363e+00,7.436766e-01,5.577891e-01,4.408256e-01,3.606972e-01,2.988860e-01,2.626114e-01,6.036195e-01,7.129667e-01,7.557739e-01,7.901784e-01,8.029593e-01,8.735980e-01,7.686207e-01
5.950000e-04,7.164930e+00,7.086888e+00,1.245616e+00,7.453185e-01,5.583337e-01,4.391795e-01,3.624290e-01,2.986416e-01,2.601319e-01,6.028628e-01,7.074758e-01,7.504812e-01,7.920650e-01,7.956718e-01,8.966929e-01,7.846600e-01
6.000000e-04,7.155055e+00,7.073764e+00,1.283393e+00,7.466058e-01,5.597036e-01,4.384724e-01,3.611045e-01,3.030485e-01,2.568301e-01,5.996654e-01,7.056330e-01,7.488699e-01,7.922167e-01,7.959006e-01,9.158150e-01,8.030826e-01
6.050000e-04,7.147450e+00,7.064799e+00,1.280958e+00,7.534853e-01,5.603949e-01,4.388932e-01,3.597199e-01,3.045616e-01,2.572346e-01,5.970729e-01,7.080113e-01,7.588483e-01,7.979842e-01,8.065444e-01,9.295883e-01,8.233082e-01
6.100000e-04,7.139011e+00,7.055444e+00,1.247996e+00,7.577308e-01,5.622718e-01,4.398292e-01,3.590588e-01,3.034586e-01,2.611724e-01,5.948438e-01,7.119764e-01,7.710437e-01,8.096310e-01,8.251853e-01,9.370296e-01,8.426053e-01
6.150000e-04,7.122958e+00,7.044225e+00,1.217519e+00,7.532527e-01,5.671148e-01,4.403468e-01,3.593295e-01,3.021653e-01,2.623123e-01,6.016681e-01,7.152460e-01,7.733024e-01,8.226504e-01,8.442598e-01,9.387937e-01,8.573109e-01
6.200000e-04,7.108757e+00,7.032392e+00,1.179493e+00,7.463158e-01,5.667974e-01,4.427819e-01,3.597985e-01,3.015166e-01,2.612313e-01,6.144719e-01,7.101465e-01,7.693700e-01,8.354866e-01,8.568789e-01,9.350692e-01,8.655237e-01
6.250000e-04,7.100928e+00,7.014238e+00,1.135340e+00,7.401097e-01,5.627817e-01,4.455866e-01,3.602660e-01,3.016488e-01,2.600670e-01,6.204497e-01,7.047366e-01,7.700973e-01,8.487363e-01,8.632766e-01,9.289641e-01,8.682157e-01
6.300000e-04,7.093108e+00,7.000375e+00,1.170382e+00,7.399299e-01,5.581150e-01,4.438453e-01,3.627818e-01,3.017874e-01,2.595340e-01,6.212754e-01,7.153904e-01,7.809081e-01,8.595013e-01,8.664825e-01,9.210076e-01,8.675420e-01
6.350000e-04,7.080930e+00,6.989569e+00,1.205448e+00,7.446146e-01,5.539833e-01,4.406956e-01,3.639678e-01,3.023856e-01,2.595857e-01,6.203021e-01,7.407699e-01,7.967238e-01,8.636384e-01,8.672494e-01,9.160858e-01,8.648243e-01
6.400000e-04,7.065710e+00,6.981605e+00,1.239610e+00,7.472331e-01,5.548234e-01,4.373031e-01,3.618400e-01,3.045658e-01,2.595558e-01,6.203068e-01,7.514762e-01,8.085957e-01,8.607775e-01,8.627018e-01,9.140385e-01,8.610301e-01
6.450000e-04,7.058169e+00,6.975853e+00,1.248565e+00,7.477242e-01,5.593022e-01,4.345869e-01,3.593566e-01,3.047391e-01,2.603615e-01,6.233043e-01,7.463198e-01,8.202876e-01,8.541537e-01,8.566430e-01,9.152825e-01,8.579504e-01
6.500000e-04,7.049720e+00,6.970305e+00,1.256538e+00,7.469673e-01,5.618891e-01,4.358428e-01,3.567820e-01,3.027335e-01,2.619869e-01,6.275824e-01,7.515028e-01,8.412064e-01,8.478488e-01,8.497319e-01,9.199416e-01,8.547181e-01
6.550000e-04,7.039513e+00,6.965202e+00,1.265514e+00,7.454769e-01,5.625390e-01,4.397408e-01,3.550621e-01,3.007782e-01,2.615109e-01,6.374808e-01,7.711437e-01,8.666151e-01,8.446694e-01,8.397095e-01,9.181763e-01,8.550780e-01
6.600000e-04,7.030721e+00,6.960545e+00,1.273375e+00,7.445484e-01,5.619153e-01,4.419534e-01,3.566601e-01,2.988229e-01,2.596912e-01,6.491622e-01,7.884750e-01,8.777768e-01,8.471902e-01,8.282741e-01,9.092932e-01,8.593014e-01
6.650000e-04,7.022096e+00,6.954066e+00,1.260346e+00,7.443784e-01,5.605384e-01,4.424291e-01,3.600172e-01,2.977563e-01,2.580795e-01,6.594031e-01,7.986823e-01,8.691378e-01,8.580625e-01,8.160040e-01,8.999653e-01,8.624021e-01
6.700000e-04,7.009325e+00,6.942593e+00,1.235403e+00,7.462673e-01,5.593795e-01,4.417112e-01,3.617349e-01,2.994061e-01,2.565175e-01,6.698933e-01,8.083996e-01,8.530542e-01,8.731593e-01,8.041016e-01,8.902156e-01,8.642832e-01
6.750000e-04,6.992106e+00,6.923126e+00,1.193449e+00,7.508462e-01,5.592825e-01,4.403637e-01,3.619319e-01,3.022780e-01,2.558660e-01,6.823413e-01,8.193692e-01,8.455876e-01,8.823999e-01,7.977221e-01,8.783171e-01,8.668980e-01
6.800000e-04,6.968249e+00,6.903991e+00,1.270437e+00,7.534660e-01,5.610526e-01,4.393149e-01,3.611004e-01,3.036560e-01,2.574557e-01,6.935750e-01,8.227112e-01,8.511575e-01,8.810404e-01,8.027721e-01,8.661581e-01,8.694713e-01
6.850000e-04,6.947687e+00,6.886808e+00,1.373561e+00,7.519552e-01,5.628653e-01,4.395944e-01,3.597928e-01,3.036650e-01,2.596669e-01,7.054052e-01,8.176935e-01,8.633761e-01,8.712129e-01,8.169008e-01,8.595447e-01,8.705890e-01
6.900000e-04,6.921001e+00,6.872397e+00,1.451957e+00,7.477226e-01,5.631422e-01,4.409057e-01,3.589950e-01,3.027580e-01,2.603512e-01,7.191694e-01,8.152504e-01,8.696902e-01,8.563444e-01,8.300655e-01,8.615094e-01,8.702542e-01
6.950000e-04,6.891191e+00,6.858147e+00,1.483731e+00,7.427990e-01,5.622684e-01,4.413680e-01,3.594766e-01,3.015342e-01,2.596895e-01,7.307445e-01,8.172921e-01,8.644082e-01,8.409926e-01,8.385587e-01,8.683798e-01,8.707302e-01
7.000000e-04,6.864596e+00,6.835519e+00,1.410738e+00,7.399356e-01,5.599541e-01,4.412204e-01,3.602054e-01,3.009964e-01,2.584867e-01,7.366239e-01,8.174128e-01,8.498258e-01,8.311848e-01,8.452720e-01,8.747122e-01,8.735722e-01
7.050000e-04,6.846944e+00,6.803228e+00,1.427230e+00,7.407310e-01,5.568119e-01,4.408147e-01,3.601026e-01,3.014794e-01,2.579049e-01,7.404515e-01,8.190447e-01,8.332265e-01,8.300906e-01,8.513158e-01,8.800299e-01,8.783754e-01
7.100000e-04,6.820526e+00,6.776560e+00,1.490161e+00,7.432899e-01,5.553446e-01,4.392742e-01,3.600519e-01,3.017582e-01,2.584584e-01,7.430893e-01,8.246995e-01,8.213045e-01,8.346103e-01,8.520560e-01,8.887596e-01,8.826019e-01
7.150000e-04,6.784138e+00,6.755990e+00,1.498843e+00,7.456236e-01,5.567062e-01,4.370670e-01,3.599316e-01,3.014856e-01,2.606463e-01,7.446090e-01,8.225518e-01,8.177656e-01,8.373462e-01,8.454909e-01,8.998139e-01,8.856414e-01
7.200000e-04,6.761715e+00,6.730030e+00,1.392404e+00,7.476312e-01,5.591296e-01,4.362857e-01,3.587829e-01,3.015756e-01,2.613176e-01,7.415836e-01,8.087903e-01,8.240199e-01,8.346476e-01,8.368367e-01,9.069869e-01,8.901648e-01
7.250000e-04,6.744752e+00,6.701102e+00,1.451144e+00,7.489671e-01,5.609752e-01,4.377163e-01,3.571655e-01,3.015899e-01,2.666565e-01,7.353514e-01,7.921527e-01,8.374094e-01,8.270308e-01,8.270125e-01,9.106168e-01,8.962033e-01
7.300000e-04,6.719810e+00,6.677714e+00,1.490338e+00,7.492011e-01,5.623889e-01,4.397708e-01,3.568258e-01,3.006996e-01,2.778777e-01,7.317525e-01,7.844956e-01,8.483014e-01,8.179651e-01,8.169407e-01,9.096610e-01,9.019434e-01
7.350000e-04,6.691128e+00,6.661716e+00,1.483529e+00,7.484165e-01,5.630607e-01,4.411921e-01,3.581840e-01,2.994922e-01,2.944354e-01,7.338713e-01,7.871358e-01,8.467311e-01,8.135882e-01,8.134672e-01,8.998037e-01,9.073272e-01
7.400000e-04,6.672476e+00,6.641548e+00,1.375206e+00,7.476778e-01,5.623652e-01,4.421969e-01,3.598282e-01,2.994059e-01,3.153047e-01,7.333510e-01,7.906242e-01,8.322098e-01,8.180818e-01,8.167544e-01,8.869193e-01,9.103153e-01
7.450000e-04,6.661572e+00,6.614612e+00,1.361900e+00,7.460898e-01,5.610699e-01,4.424129e-01,3.608982e-01,3.006467e-01,3.401759e-01,7.280636e-01,7.855152e-01,8.121580e-01,8.300009e-01,8.217573e-01,8.778552e-01,9.076983e-01
7.500000e-04,6.646198e+00,6.593864e+00,1.411711e+00,7.443427e-01,5.605372e-01,4.413677e-01,3.616048e-01,3.019645e-01,3.658190e-01,7.225488e-01,7.765045e-01,7.983839e-01,8.416736e-01,8.279212e-01,8.703298e-01,9.024386e-01
7.550000e-04,6.627686e+00,6.580748e+00,1.431728e+00,7.465307e-01,5.589958e-01,4.402230e-01,3.615073e-01,3.027717e-01,3.904923e-01,7.232940e-01,7.764194e-01,7.978101e-01,8.432524e-01,8.350358e-01,8.643775e-01,8.977400e-01
7.600000e-04,6.611252e+00,6.572424e+00,1.418231e+00,7.490391e-01,5.571516e-01,4.398449e-01,3.604064e-01,3.032397e-01,4.107787e-01,7.247717e-01,7.824706e-01,8.071476e-01,8.314906e-01,8.382127e-01,8.656853e-01,8.914892e-01
7.650000e-04,6.597168e+00,6.562991e+00,1.366082e+00,7.469785e-01,5.589937e-01,4.383763e-01,3.595436e-01,3.029357e-01,4.279821e-01,7.260818e-01,7.812587e-01,8.137951e-01,8.114554e-01,8.351260e-01,8.749571e-01,8.839430e-01
7.700000e-04,6.585861e+00,6.549599e+00,1.285411e+00,7.436339e-01,5.615790e-01,4.369667e-01,3.591598e-01,3.018948e-01,4.420453e-01,7.267474e-01,7.716431e-01,8.121538e-01,7.917985e-01,8.307492e-01,8.836282e-01,8.799632e-01
7.750000e-04,6.579362e+00,6.531590e+00,1.244748e+00,7.419417e-01,5.607289e-01,4.387211e-01,3.577695e-01,3.012469e-01,4.541305e-01,7.270602e-01,7.679083e-01,8.072959e-01,7.796572e-01,8.283646e-01,8.863282e-01,8.820309e-01
7.800000e-04,6.574144e+00,6.519926e+00,1.277461e+00,7.423873e-01,5.587254e-01,4.409809e-01,3.568635e-01,3.008419e-01,4.642137e-01,7.301046e-01,7.760853e-01,8.032718e-01,7.768774e-01,8.255190e-01,8.852481e-01,8.864375e-01
7.850000e-04,6.568282e+00,6.511654e+00,1.302253e+00,7.443634e-01,5.578167e-01,4.405359e-01,3.586565e-01,2.996162e-01,4.740157e-01,7.319498e-01,7.851539e-01,7.976227e-01,7.811872e-01,8.203785e-01,8.842749e-01,8.896075e-01
7.900000e-04,6.562555e+00,6.505439e+00,1.333532e+00,7.468726e-01,5.583703e-01,4.391202e-01,3.605287e-01,2.990998e-01,4.827186e-01,7.313368e-01,7.834152e-01,7.896737e-01,7.874937e-01,8.134021e-01,8.841341e-01,8.914799e-01
7.950000e-04,6.558100e+00,6.501355e+00,1.349640e+00,7.485782e-01,5.598227e-01,4.385116e-01,3.601994e-01,3.008404e-01,4.891931e-01,7.313163e-01,7.748667e-01,7.849260e-01,7.910188e-01,8.036187e-01,8.837789e-01,8.940297e-01
8.000000e-04,6.553423e+00,6.497786e+00,1.339911e+00,7.499999e-01,5.611294e-01,4.390109e-01,3.591168e-01,3.024100e-01,4.956022e-01,7.314747e-01,7.689226e-01,7.873462e-01,7.902501e-01,7.934578e-01,8.816080e-01,8.977442e-01
8.050000e-04,6.547009e+00,6.494156e+00,1.343178e+00,7.511780e-01,5.619343e-01,4.400508e-01,3.586658e-01,3.021323e-01,5.037186e-01,7.294087e-01,7.664825e-01,7.925489e-01,7.853450e-01,7.880887e-01,8.757831e-01,9.009586e-01
8.100000e-04,6.541529e+00,6.491046e+00,1.348481e+00,7.498928e-01,5.629251e-01,4.407694e-01,3.590781e-01,3.012220e-01,5.102564e-01,7.254195e-01,7.644121e-01,7.927633e-01,7.782284e-01,7.904052e-01,8.672952e-01,9.019424e-01
8.150000e-04,6.538481e+00,6.488737e+00,1.343295e+00,7.464795e-01,5.630034e-01,4.413570e-01,3.597608e-01,3.008692e-01,5.135497e-01,7.261873e-01,7.626913e-01,7.852638e-01,7.732326e-01,7.992000e-01,8.591744e-01,8.989554e-01
8.200000e-04,6.536527e+00,6.486331e+00,1.327366e+00,7.429576e-01,5.613134e-01,4.420627e-01,3.601406e-01,3.012049e-01,5.152808e-01,7.306509e-01,7.611534e-01,7.735371e-01,7.728160e-01,8.089821e-01,8.546493e-01,8.921027e-01
8.250000e-04,6.534251e+00,6.483484e+00,1.309206e+00,7.418887e-01,5.589243e-01,4.416119e-01,3.606938e-01,3.016313e-01,5.171897e-01,7.285737e-01,7.583518e-01,7.638491e-01,7.749894e-01,8.147149e-01,8.555344e-01,8.835122e-01
8.300000e-04,6.531851e+00,6.480892e+00,1.295355e+00,7.440047e-01,5.567015e-01,4.400608e-01,3.611918e-01,3.018568e-01,5.191678e-01,7.215937e-01,7.575341e-01,7.603250e-01,7.758219e-01,8.155677e-01,8.607821e-01,8.762702e-01
8.350000e-04,6.530566e+00,6.478954e+00,1.281594e+00,7.461269e-01,5.564280e-01,4.383342e-01,3.605321e-01,3.023827e-01,5.199901e-01,7.184622e-01,7.620534e-01,7.621512e-01,7.729507e-01,8.129197e-01,8.674241e-01,8.727559e-01
8.400000e-04,6.530462e+00,6.477518e+00,1.263078e+00,7.466889e-01,5.586057e-01,4.368699e-01,3.592119e-01,3.026673e-01,5.196433e-01,7.175447e-01,7.644412e-01,7.659800e-01,7.666531e-01,8.081466e-01,8.729778e-01,8.726851e-01
8.450000e-04,6.530972e+00,6.476677e+00,1.247814e+00,7.466419e-01,5.606643e-01,4.370052e-01,3.578953e-01,3.019503e-01,5.188213e-01,7.151737e-01,7.567628e-01,7.708133e-01,7.594136e-01,8.020242e-01,8.763854e-01,8.739439e-01
8.500000e-04,6.533114e+00,6.476753e+00,1.236960e+00,7.464433e-01,5.613615e-01,4.389966e-01,3.569153e-01,3.008637e-01,5.165941e-01,7.118335e-01,7.456945e-01,7.765888e-01,7.544975e-01,7.962499e-01,8.773514e-01,8.751657e-01
8.550000e-04,6.537292e+00,6.477577e+00,1.225606e+00,7.461191e-01,5.613628e-01,4.407576e-01,3.573233e-01,2.998644e-01,5.124534e-01,7.096016e-01,7.431415e-01,7.804383e-01,7.545992e-01,7.927411e-01,8.756644e-01,8.767534e-01
8.600000e-04,6.542351e+00,6.478904e+00,1.214918e+00,7.457809e-01,5.609970e-01,4.413451e-01,3.591150e-01,2.992229e-01,5.075005e-01,7.079652e-01,7.484880e-01,7.793235e-01,7.610565e-01,7.912539e-01,8.720631e-01,8.794373e-01
8.650000e-04,6.547711e+00,6.480763e+00,1.204521e+00,7.459412e-01,5.603597e-01,4.412233e-01,3.605472e-01,2.997684e-01,5.022598e-01,7.035505e-01,7.517411e-01,7.731487e-01,7.720382e-01,7.905334e-01,8.679713e-01,8.829370e-01
8.700000e-04,6.553004e+00,6.483258e+00,1.194569e+00,7.475161e-01,5.597305e-01,4.407198e-01,3.609732e-01,3.013566e-01,4.969967e-01,6.984425e-01,7.502604e-01,7.652703e-01,7.823548e-01,7.910796e-01,8.643098e-01,8.865744e-01
8.750000e-04,6.557292e+00,6.486324e+00,1.190927e+00,7.497800e-01,5.596818e-01,4.400182e-01,3.607457e-01,3.025234e-01,4.925506e-01,6.954308e-01,7.479953e-01,7.615922e-01,7.876501e-01,7.943245e-01,8.617883e-01,8.893718e-01
8.800000e-04,6.560952e+00,6.489675e+00,1.194371e+00,7.500188e-01,5.606140e-01,4.394537e-01,3.601601e-01,3.027962e-01,4.884112e-01,6.927332e-01,7.459611e-01,7.657354e-01,7.873872e-01,8.002814e-01,8.612017e-01,8.902090e-01
8.850000e-04,6.565875e+00,6.494125e+00,1.196629e+00,7.476963e-01,5.617233e-01,4.394422e-01,3.594755e-01,3.024775e-01,4.824440e-01,6.912099e-01,7.427397e-01,7.745683e-01,7.833153e-01,8.077172e-01,8.626004e-01,8.886076e-01
8.900000e-04,6.572122e+00,6.499896e+00,1.193629e+00,7.446105e-01,5.616303e-01,4.400503e-01,3.590143e-01,3.018684e-01,4.743307e-01,6.927320e-01,7.402405e-01,7.801906e-01,7.780940e-01,8.157679e-01,8.652876e-01,8.853077e-01
8.950000e-04,6.579343e+00,6.505703e+00,1.188893e+00,7.422653e-01,5.602994e-01,4.406732e-01,3.590296e-01,3.012433e-01,4.644288e-01,6.942616e-01,7.409716e-01,7.799652e-01,7.748582e-01,8.233260e-01,8.685603e-01,8.813946e-01
9.000000e-04,6.588720e+00,6.512267e+00,1.157980e+00,7.420444e-01,5.585384e-01,4.405720e-01,3.594566e-01,3.008748e-01,4.537576e-01,6.927377e-01,7.444067e-01,7.763906e-01,7.756358e-01,8.279187e-01,8.726011e-01,8.773976e-01
9.050000e-04,6.603987e+00,6.519933e+00,1.116074e+00,7.437887e-01,5.572058e-01,4.397354e-01,3.598878e-01,3.008978e-01,4.424252e-01,6.907090e-01,7.493706e-01,7.733410e-01,7.800021e-01,8.275274e-01,8.777294e-01,8.737832e-01
9.100000e-04,6.617692e+00,6.527877e+00,1.076394e+00,7.458769e-01,5.574246e-01,4.385562e-01,3.598475e-01,3.012210e-01,4.313571e-01,6.889389e-01,7.537197e-01,7.731320e-01,7.851976e-01,8.225013e-01,8.829830e-01,8.713897e-01
9.150000e-04,6.629623e+00,6.538076e+00,1.030913e+00,7.475830e-01,5.590205e-01,4.376993e-01,3.592878e-01,3.015698e-01,4.208344e-01,6.870273e-01,7.534666e-01,7.771057e-01,7.882461e-01,8.150953e-01,8.863058e-01,8.709381e-01
9.200000e-04,6.640005e+00,6.552097e+00,1.056740e+00,7.488234e-01,5.607082e-01,4.380671e-01,3.584209e-01,3.015931e-01,4.102925e-01,6.861413e-01,7.488150e-01,7.851936e-01,7.881686e-01,8.079951e-01,8.859297e-01,8.722049e-01
9.250000e-04,6.648313e+00,6.563555e+00,1.083609e+00,7.490385e-01,5.619425e-01,4.394438e-01,3.578473e-01,3.011955e-01,4.004074e-01,6.861250e-01,7.453206e-01,7.936279e-01,7.864637e-01,8.033610e-01,8.812086e-01,8.740242e-01
9.300000e-04,6.655920e+00,6.572089e+00,1.109150e+00,7.479647e-01,5.625515e-01,4.407960e-01,3.582623e-01,3.005215e-01,3.901625e-01,6.861586e-01,7.460709e-01,7.973025e-01,7.860410e-01,8.023965e-01,8.727805e-01,8.749486e-01
9.350000e-04,6.663161e+00,6.579266e+00,1.123407e+00,7.464509e-01,5.620823e-01,4.416779e-01,3.594204e-01,3.001276e-01,3.800376e-01,6.865991e-01,7.484378e-01,7.942537e-01,7.895362e-01,8.047379e-01,8.623920e-01,8.738070e-01
9.400000e-04,6.670005e+00,6.585840e+00,1.136220e+00,7.454441e-01,5.607006e-01,4.418966e-01,3.604877e-01,3.005495e-01,3.694317e-01,6.861425e-01,7.502977e-01,7.868780e-01,7.964704e-01,8.083923e-01,8.525658e-01,8.697703e-01
9.450000e-04,6.675857e+00,6.591369e+00,1.143341e+00,7.452363e-01,5.594699e-01,4.411589e-01,3.611155e-01,3.015275e-01,3.595574e-01,6.848262e-01,7.523060e-01,7.804098e-01,8.030679e-01,8.113030e-01,8.454832e-01,8.629645e-01
9.500000e-04,6.680688e+00,6.597471e+00,1.149130e+00,7.461143e-01,5.588376e-01,4.398819e-01,3.610864e-01,3.023733e-01,3.505030e-01,6.834829e-01,7.541076e-01,7.789274e-01,8.054109e-01,8.133080e-01,8.422457e-01,8.545554e-01
9.550000e-04,6.688112e+00,6.603464e+00,1.152435e+00,7.472311e-01,5.586679e-01,4.390028e-01,3.602700e-01,3.028012e-01,3.418804e-01,6.823654e-01,7.547324e-01,7.826966e-01,8.019146e-01,8.148663e-01,8.431431e-01,8.461146e-01
9.600000e-04,6.695840e+00,6.610222e+00,1.131573e+00,7.470807e-01,5.593674e-01,4.385982e-01,3.591995e-01,3.026132e-01,3.348013e-01,6.827588e-01,7.532683e-01,7.886236e-01,7.938678e-01,8.152278e-01,8.481463e-01,8.392402e-01
9.650000e-04,6.704823e+00,6.617344e+00,1.103564e+00,7.455828e-01,5.605063e-01,4.385053e-01,3.585691e-01,3.018021e-01,3.280917e-01,6.843472e-01,7.508117e-01,7.935456e-01,7.843886e-01,8.135336e-01,8.552246e-01,8.352327e-01
9.700000e-04,6.713808e+00,6.623762e+00,1.079154e+00,7.439793e-01,5.607719e-01,4.391592e-01,3.582704e-01,3.009312e-01,3.211616e-01,6.850552e-01,7.493815e-01,7.952458e-01,7.772786e-01,8.092639e-01,8.604458e-01,8.353721e-01
9.750000e-04,6.722643e+00,6.630599e+00,1.048854e+00,7.434747e-01,5.599563e-01,4.401997e-01,3.582634e-01,3.004756e-01,3.149538e-01,6.850498e-01,7.503515e-01,7.929652e-01,7.756326e-01,8.025043e-01,8.615382e-01,8.395098e-01
9.800000e-04,6.730435e+00,6.639310e+00,1.052695e+00,7.445081e-01,5.589838e-01,4.405008e-01,3.589429e-01,3.002615e-01,3.096764e-01,6.845321e-01,7.531971e-01,7.877656e-01,7.798742e-01,7.942650e-01,8.586233e-01,8.452146e-01
9.850000e-04,6.736872e+00,6.646985e+00,1.067599e+00,7.466085e-01,5.587510e-01,4.399297e-01,3.598655e-01,3.003349e-01,3.049604e-01,6.823573e-01,7.545757e-01,7.818646e-01,7.863386e-01,7.854603e-01,8.531070e-01,8.500778e-01
9.900000e-04,6.741566e+00,6.652673e+00,1.082970e+00,7.485285e-01,5.595166e-01,4.392287e-01,3.601161e-01,3.010099e-01,3.009069e-01,6.799561e-01,7.520144e-01,7.782989e-01,7.898292e-01,7.773167e-01,8.466532e-01,8.529989e-01
9.950000e-04,6.745222e+00,6.658288e+00,1.099023e+00,7.493283e-01,5.608056e-01,4.390967e-01,3.596550e-01,3.018127e-01,2.977633e-01,6.782128e-01,7.467991e-01,7.786691e-01,7.882397e-01,7.724006e-01,8.399001e-01,8.536962e-01
1.000000e-03,6.747852e+00,6.663147e+00,1.114853e+00,7.490389e-01,5.617531e-01,4.396794e-01,3.591007e-01,3.020069e-01,2.952663e-01,6.767591e-01,7.419077e-01,7.808056e-01,7.832399e-01,7.734865e-01,8.333086e-01,8.523560e-01
1.005000e-03,6.749782e+00,6.667185e+00,1.132456e+00,7.478521e-01,5.619797e-01,4.405276e-01,3.590133e-01,3.015985e-01,2.926758e-01,6.748896e-01,7.385662e-01,7.804087e-01,7.779690e-01,7.797754e-01,8.289338e-01,8.490811e-01
1.010000e-03,6.752201e+00,6.670887e+00,1.146972e+00,7.460630e-01,5.615123e-01,4.410620e-01,3.594494e-01,3.011381e-01,2.899029e-01,6.741741e-01,7.365079e-01,7.750280e-01,7.750278e-01,7.871702e-01,8.285898e-01,8.446201e-01
1.015000e-03,6.755464e+00,6.674261e+00,1.155616e+00,7.443526e-01,5.604658e-01,4.411102e-01,3.600078e-01,3.010759e-01,2.870292e-01,6.740676e-01,7.347628e-01,7.662370e-01,7.754735e-01,7.929719e-01,8.307598e-01,8.410099e-01
1.020000e-03,6.759273e+00,6.677308e+00,1.160967e+00,7.436354e-01,5.592275e-01,4.406354e-01,3.603318e-01,3.014001e-01,2.840509e-01,6.721049e-01,7.323819e-01,7.584707e-01,7.781014e-01,7.965794e-01,8.333496e-01,8.398868e-01
1.025000e-03,6.762724e+00,6.679897e+00,1.163999e+00,7.444152e-01,5.581866e-01,4.397745e-01,3.603261e-01,3.017762e-01,2.814969e-01,6.689684e-01,7.298210e-01,7.549956e-01,7.801087e-01,7.977314e-01,8.369068e-01,8.401903e-01
1.030000e-03,6.765763e+00,6.682271e+00,1.166451e+00,7.458457e-01,5.579199e-01,4.388831e-01,3.599011e-01,3.019898e-01,2.790139e-01,6.655758e-01,7.278306e-01,7.557737e-01,7.792217e-01,7.968618e-01,8.422969e-01,8.401658e-01
1.035000e-03,6.768810e+00,6.684955e+00,1.168659e+00,7.467416e-01,5.588492e-01,4.381897e-01,3.592043e-01,3.019559e-01,2.764387e-01,6.627295e-01,7.244363e-01,7.584956e-01,7.757619e-01,7.954922e-01,8.484796e-01,8.399148e-01
1.040000e-03,6.772332e+00,6.688277e+00,1.165895e+00,7.469161e-01,5.602571e-01,4.381501e-01,3.585249e-01,3.015819e-01,2.744144e-01,6.603344e-01,7.183912e-01,7.608273e-01,7.720481e-01,7.945326e-01,8.536689e-01,8.403704e-01
1.045000e-03,6.777024e+00,6.691719e+00,1.163470e+00,7.466593e-01,5.610842e-01,4.390846e-01,3.580376e-01,3.010242e-01,2.717687e-01,6.575156e-01,7.126846e-01,7.615439e-01,7.707048e-01,7.938969e-01,8.563203e-01,8.419438e-01
1.050000e-03,6.786496e+00,6.695352e+00,1.157188e+00,7.463014e-01,5.611747e-01,4.403093e-01,3.581549e-01,3.004990e-01,2.689245e-01,6.547591e-01,7.104283e-01,7.601363e-01,7.733672e-01,7.934609e-01,8.555985e-01,8.443378e-01
1.055000e-03,6.797348e+00,6.699501e+00,1.134227e+00,7.461451e-01,5.608301e-01,4.409431e-01,3.590527e-01,3.001628e-01,2.671270e-01,6.517505e-01,7.104675e-01,7.565309e-01,7.795351e-01,7.933207e-01,8.522484e-01,8.468339e-01
1.060000e-03,6.809428e+00,6.704288e+00,1.102755e+00,7.463018e-01,5.603425e-01,4.409124e-01,3.600750e-01,3.003687e-01,2.654820e-01,6.479483e-01,7.099736e-01,7.518373e-01,7.862100e-01,7.930667e-01,8.485059e-01,8.483235e-01
1.065000e-03,6.821264e+00,6.709582e+00,1.070253e+00,7.468207e-01,5.599338e-01,4.405197e-01,3.605327e-01,3.011995e-01,2.640622e-01,6.444323e-01,7.083433e-01,7.487706e-01,7.897613e-01,7.930747e-01,8.461780e-01,8.485317e-01
1.070000e-03,6.832244e+00,6.715562e+00,1.037577e+00,7.477075e-01,5.597864e-01,4.400127e-01,3.604197e-01,3.020399e-01,2.626901e-01,6.410481e-01,7.069349e-01,7.494935e-01,7.889154e-01,7.945873e-01,8.455393e-01,8.480278e-01
1.075000e-03,6.841925e+00,6.723650e+00,9.955254e-01,7.482197e-01,5.600480e-01,4.395868e-01,3.600040e-01,3.023560e-01,2.626274e-01,6.385282e-01,7.059674e-01,7.532425e-01,7.847857e-01,7.977480e-01,8.465453e-01,8.473681e-01
1.080000e-03,6.850488e+00,6.736619e+00,9.912301e-01,7.474619e-01,5.606247e-01,4.394289e-01,3.595068e-01,3.021838e-01,2.624146e-01,6.369657e-01,7.050942e-01,7.566916e-01,7.796770e-01,8.019523e-01,8.481873e-01,8.468996e-01
1.085000e-03,6.858696e+00,6.749887e+00,1.015441e+00,7.456521e-01,5.609347e-01,4.396424e-01,3.591077e-01,3.017699e-01,2.626166e-01,6.364044e-01,7.049144e-01,7.571827e-01,7.760957e-01,8.055476e-01,8.495496e-01,8.472015e-01
1.090000e-03,6.866824e+00,6.759769e+00,1.038199e+00,7.439018e-01,5.604837e-01,4.400733e-01,3.589820e-01,3.013019e-01,2.617942e-01,6.363251e-01,7.058172e-01,7.552427e-01,7.758600e-01,8.063629e-01,8.508209e-01,8.477495e-01
1.095000e-03,6.876273e+00,6.768295e+00,1.053698e+00,7.433494e-01,5.594451e-01,4.402855e-01,3.591897e-01,3.009502e-01,2.609391e-01,6.355233e-01,7.080025e-01,7.531463e-01,7.789059e-01,8.038714e-01,8.513497e-01,8.480118e-01
1.100000e-03,6.888919e+00,6.775867e+00,1.064506e+00,7.443271e-01,5.584514e-01,4.399895e-01,3.595520e-01,3.008682e-01,2.597054e-01,6.336199e-01,7.114536e-01,7.523637e-01,7.829599e-01,7.995098e-01,8.503003e-01,8.481658e-01
1.105000e-03,6.900281e+00,6.782560e+00,1.072447e+00,7.460063e-01,5.582822e-01,4.393039e-01,3.597291e-01,3.010738e-01,2.581205e-01,6.322447e-01,7.138618e-01,7.534367e-01,7.854019e-01,7.950160e-01,8.482110e-01,8.475226e-01
1.110000e-03,6.910114e+00,6.789898e+00,1.076384e+00,7.474174e-01,5.591707e-01,4.386528e-01,3.595303e-01,3.013920e-01,2.584850e-01,6.313374e-01,7.132919e-01,7.563971e-01,7.850887e-01,7.915059e-01,8.458495e-01,8.454738e-01
1.115000e-03,6.918591e+00,6.796832e+00,1.076283e+00,7.482293e-01,5.604634e-01,4.386313e-01,3.590320e-01,3.015558e-01,2.583480e-01,6.303758e-01,7.111133e-01,7.606800e-01,7.826961e-01,7.895775e-01,8.431513e-01,8.426017e-01
1.120000e-03,6.926734e+00,6.805077e+00,1.048337e+00,7.482665e-01,5.614154e-01,4.393979e-01,3.585686e-01,3.014185e-01,2.582440e-01,6.302600e-01,7.100102e-01,7.643646e-01,7.800608e-01,7.889937e-01,8.400092e-01,8.398746e-01
1.125000e-03,6.934355e+00,6.813308e+00,1.019661e+00,7.474944e-01,5.617956e-01,4.404057e-01,3.586233e-01,3.010296e-01,2.580169e-01,6.304552e-01,7.103020e-01,7.648024e-01,7.790569e-01,7.887075e-01,8.366952e-01,8.380614e-01
1.130000e-03,6.941822e+00,6.821514e+00,9.906418e-01,7.463431e-01,5.615061e-01,4.410697e-01,3.592761e-01,3.006804e-01,2.577481e-01,6.312433e-01,7.110475e-01,7.613964e-01,7.802027e-01,7.878119e-01,8.333508e-01,8.377383e-01
1.135000e-03,6.948472e+00,6.832732e+00,9.971710e-01,7.454922e-01,5.605922e-01,4.412257e-01,3.600605e-01,3.007694e-01,2.572724e-01,6.314941e-01,7.117204e-01,7.561342e-01,7.821454e-01,7.860346e-01,8.304550e-01,8.389047e-01
1.140000e-03,6.954566e+00,6.842059e+00,1.016944e+00,7.453375e-01,5.595432e-01,4.408126e-01,3.605299e-01,3.013233e-01,2.569721e-01,6.304152e-01,7.126438e-01,7.521437e-01,7.826611e-01,7.837359e-01,8.291504e-01,8.405636e-01
1.145000e-03,6.959097e+00,6.848830e+00,1.035385e+00,7.458656e-01,5.589611e-01,4.399450e-01,3.605567e-01,3.019456e-01,2.570755e-01,6.287795e-01,7.135204e-01,7.513189e-01,7.800631e-01,7.813105e-01,8.299637e-01,8.422602e-01
1.150000e-03,6.961998e+00,6.855145e+00,1.054329e+00,7.466016e-01,5.590230e-01,4.391090e-01,3.601011e-01,3.022782e-01,2.575581e-01,6.272428e-01,7.137513e-01,7.527070e-01,7.742206e-01,7.786803e-01,8.316098e-01,8.446055e-01
1.155000e-03,6.964110e+00,6.860164e+00,1.072710e+00,7.468178e-01,5.595764e-01,4.387584e-01,3.593225e-01,3.022210e-01,2.580930e-01,6.260206e-01,7.129765e-01,7.540507e-01,7.667717e-01,7.760238e-01,8.318908e-01,8.481195e-01
1.160000e-03,6.965839e+00,6.864422e+00,1.088028e+00,7.462065e-01,5.602626e-01,4.389272e-01,3.586698e-01,3.017576e-01,2.583513e-01,6.260465e-01,7.111209e-01,7.539308e-01,7.603727e-01,7.732311e-01,8.299752e-01,8.519711e-01
1.165000e-03,6.967755e+00,6.868335e+00,1.101151e+00,7.452381e-01,5.605867e-01,4.394431e-01,3.584694e-01,3.010818e-01,2.582797e-01,6.261333e-01,7.089517e-01,7.520383e-01,7.572759e-01,7.696684e-01,8.264833e-01,8.549102e-01
1.170000e-03,6.970786e+00,6.871809e+00,1.112118e+00,7.447216e-01,5.603020e-01,4.400349e-01,3.586927e-01,3.005882e-01,2.578833e-01,6.258006e-01,7.076694e-01,7.487096e-01,7.579849e-01,7.652760e-01,8.222755e-01,8.565145e-01
1.175000e-03,6.975913e+00,6.874650e+00,1.119806e+00,7.450704e-01,5.596982e-01,4.403265e-01,3.591837e-01,3.004921e-01,2.573842e-01,6.247208e-01,7.069206e-01,7.445593e-01,7.610053e-01,7.608015e-01,8.179668e-01,8.570023e-01
1.180000e-03,6.981109e+00,6.877037e+00,1.124133e+00,7.461942e-01,5.593581e-01,4.401284e-01,3.597029e-01,3.007432e-01,2.571120e-01,6.230300e-01,7.053096e-01,7.403809e-01,7.636942e-01,7.573811e-01,8.140147e-01,8.563548e-01
1.185000e-03,6.985664e+00,6.879143e+00,1.127282e+00,7.475749e-01,5.595931e-01,4.396727e-01,3.599414e-01,3.011970e-01,2.571875e-01,6.207083e-01,7.017571e-01,7.376337e-01,7.641505e-01,7.561646e-01,8.106252e-01,8.542569e-01
1.190000e-03,6.989745e+00,6.881323e+00,1.126340e+00,7.484554e-01,5.602878e-01,4.394193e-01,3.597659e-01,3.016430e-01,2.575371e-01,6.185281e-01,6.970901e-01,7.370469e-01,7.622272e-01,7.577484e-01,8.076041e-01,8.507628e-01
1.195000e-03,6.993555e+00,6.883426e+00,1.126545e+00,7.483016e-01,5.610345e-01,4.395972e-01,3.593842e-01,3.018287e-01,2.580190e-01,6.166032e-01,6.928271e-01,7.371132e-01,7.591205e-01,7.615135e-01,8.049117e-01,8.463218e-01
1.200000e-03,6.997518e+00,6.885578e+00,1.127603e+00,7.472294e-01,5.613971e-01,4.400723e-01,3.591788e-01,3.016575e-01,2.584474e-01,6.148326e-01,6.892476e-01,7.355128e-01,7.566152e-01,7.658228e-01,8.025628e-01,8.414049e-01
1.205000e-03,7.002238e+00,6.887997e+00,1.124540e+00,7.458704e-01,5.611130e-01,4.405291e-01,3.593120e-01,3.013244e-01,2.586240e-01,6.129734e-01,6.863333e-01,7.312663e-01,7.559141e-01,7.688554e-01,8.006791e-01,8.366705e-01
1.210000e-03,7.008543e+00,6.890964e+00,1.110436e+00,7.448492e-01,5.602810e-01,4.406953e-01,3.596466e-01,3.011551e-01,2.584953e-01,6.109278e-01,6.845474e-01,7.257987e-01,7.568067e-01,7.692162e-01,7.997847e-01,8.324939e-01
1.215000e-03,7.016546e+00,6.894164e+00,1.090957e+00,7.445213e-01,5.593606e-01,4.404099e-01,3.599450e-01,3.012566e-01,2.582570e-01,6.085911e-01,6.834661e-01,7.217910e-01,7.577320e-01,7.666923e-01,8.000970e-01,8.289529e-01
1.220000e-03,7.025257e+00,6.897792e+00,1.066742e+00,7.449795e-01,5.587951e-01,4.397606e-01,3.600253e-01,3.014977e-01,2.581760e-01,6.054389e-01,6.821290e-01,7.208194e-01,7.568530e-01,7.627153e-01,8.010104e-01,8.264473e-01
1.225000e-03,7.033632e+00,6.901756e+00,1.043556e+00,7.459272e-01,5.587578e-01,4.391117e-01,3.597729e-01,3.017042e-01,2.583008e-01,6.019139e-01,6.804592e-01,7.222917e-01,7.534258e-01,7.587506e-01,8.022074e-01,8.251784e-01
1.230000e-03,7.041636e+00,6.906277e+00,1.020021e+00,7.467137e-01,5.592752e-01,4.387735e-01,3.592642e-01,3.017442e-01,2.585346e-01,5.986425e-01,6.785480e-01,7.245621e-01,7.485558e-01,7.555306e-01,8.028574e-01,8.250326e-01
1.235000e-03,7.049481e+00,6.912011e+00,9.915058e-01,7.469732e-01,5.601343e-01,4.388443e-01,3.587912e-01,3.015274e-01,2.587427e-01,5.957263e-01,6.762964e-01,7.259566e-01,7.445994e-01,7.532414e-01,8.018625e-01,8.260593e-01
1.240000e-03,7.057087e+00,6.919411e+00,9.566830e-01,7.467795e-01,5.608200e-01,4.393418e-01,3.585784e-01,3.011243e-01,2.588018e-01,5.930164e-01,6.745330e-01,7.255011e-01,7.435435e-01,7.508606e-01,7.988269e-01,8.276999e-01
1.245000e-03,7.064741e+00,6.931309e+00,9.652496e-01,7.464110e-01,5.609956e-01,4.400787e-01,3.587001e-01,3.007729e-01,2.586585e-01,5.903565e-01,6.738857e-01,7.231363e-01,7.455664e-01,7.469780e-01,7.929129e-01,8.292958e-01
1.250000e-03,7.075398e+00,6.941932e+00,9.818231e-01,7.461661e-01,5.607131e-01,4.406149e-01,3.591684e-01,3.006427e-01,2.583837e-01,5.878918e-01,6.741207e-01,7.196591e-01,7.488033e-01,7.414113e-01,7.837932e-01,8.295833e-01
1.255000e-03,7.087055e+00,6.950288e+00,9.989538e-01,7.462058e-01,5.602604e-01,4.406834e-01,3.597953e-01,3.007886e-01,2.581733e-01,5.852335e-01,6.741979e-01,7.165118e-01,7.505691e-01,7.356610e-01,7.725772e-01,8.263762e-01
1.260000e-03,7.097568e+00,6.957893e+00,1.015087e+00,7.465277e-01,5.599119e-01,4.403603e-01,3.602037e-01,3.012150e-01,2.581498e-01,5.822924e-01,6.738404e-01,7.149095e-01,7.490972e-01,7.317339e-01,7.607507e-01,8.187673e-01
1.265000e-03,7.106567e+00,6.964537e+00,1.024302e+00,7.470121e-01,5.597934e-01,4.399218e-01,3.601914e-01,3.017430e-01,2.583549e-01,5.801529e-01,6.729405e-01,7.149606e-01,7.443803e-01,7.309302e-01,7.499777e-01,8.072603e-01
1.270000e-03,7.114410e+00,6.970387e+00,1.034657e+00,7.472859e-01,5.599380e-01,4.395968e-01,3.598544e-01,3.020467e-01,2.587802e-01,5.785086e-01,6.714173e-01,7.154808e-01,7.381355e-01,7.335161e-01,7.425880e-01,7.930190e-01
1.275000e-03,7.121078e+00,6.976282e+00,1.042350e+00,7.469324e-01,5.602841e-01,4.394785e-01,3.594471e-01,3.019774e-01,2.592411e-01,5.773955e-01,6.697679e-01,7.151146e-01,7.327503e-01,7.382998e-01,7.407734e-01,7.781835e-01
1.280000e-03,7.127337e+00,6.982640e+00,1.045755e+00,7.460195e-01,5.605240e-01,4.395962e-01,3.591567e-01,3.016456e-01,2.594608e-01,5.761458e-01,6.684753e-01,7.130101e-01,7.299833e-01,7.430105e-01,7.449239e-01,7.661331e-01
1.285000e-03,7.134159e+00,6.988641e+00,1.048481e+00,7.450126e-01,5.603419e-01,4.398861e-01,3.590589e-01,3.012787e-01,2.593442e-01,5.750658e-01,6.676307e-01,7.094679e-01,7.302539e-01,7.459367e-01,7.537562e-01,7.597394e-01
1.290000e-03,7.142294e+00,6.995582e+00,1.024520e+00,7.444861e-01,5.598104e-01,4.400860e-01,3.591814e-01,3.010298e-01,2.590216e-01,5.737161e-01,6.671274e-01,7.057881e-01,7.325412e-01,7.466688e-01,7.644136e-01,7.601071e-01
1.295000e-03,7.151053e+00,7.002973e+00,9.924469e-01,7.448485e-01,5.592518e-01,4.399673e-01,3.594477e-01,3.009615e-01,2.587061e-01,5.713505e-01,6.664431e-01,7.031734e-01,7.348678e-01,7.459958e-01,7.735282e-01,7.661232e-01
1.300000e-03,7.159995e+00,7.009953e+00,9.634129e-01,7.459559e-01,5.590258e-01,4.396092e-01,3.596252e-01,3.010914e-01,2.585168e-01,5.683573e-01,6.650486e-01,7.019577e-01,7.356385e-01,7.455364e-01,7.801101e-01,7.742839e-01
1.305000e-03,7.169444e+00,7.017774e+00,9.306478e-01,7.471390e-01,5.593836e-01,4.392500e-01,3.595440e-01,3.013395e-01,2.584976e-01,5.645710e-01,6.623644e-01,7.020889e-01,7.346768e-01,7.467359e-01,7.847650e-01,7.813703e-01
1.310000e-03,7.180712e+00,7.029927e+00,9.440952e-01,7.477685e-01,5.602006e-01,4.391432e-01,3.592824e-01,3.014977e-01,2.586533e-01,5.608389e-01,6.590017e-01,7.029682e-01,7.332488e-01,7.495559e-01,7.873936e-01,7.868472e-01
1.315000e-03,7.190522e+00,7.038924e+00,9.606190e-01,7.476875e-01,5.609810e-01,4.394595e-01,3.590264e-01,3.014389e-01,2.588936e-01,5.572472e-01,6.563368e-01,7.033834e-01,7.330281e-01,7.526522e-01,7.879998e-01,7.908611e-01
1.320000e-03,7.199513e+00,7.047101e+00,9.773375e-01,7.470778e-01,5.612835e-01,4.400834e-01,3.589744e-01,3.012355e-01,2.590307e-01,5.539347e-01,6.542458e-01,7.023612e-01,7.347672e-01,7.548319e-01,7.872284e-01,7.931725e-01
1.325000e-03,7.208235e+00,7.054517e+00,9.924239e-01,7.462657e-01,5.610356e-01,4.406289e-01,3.592468e-01,3.010400e-01,2.589784e-01,5.508595e-01,6.524465e-01,7.002066e-01,7.379966e-01,7.558769e-01,7.857048e-01,7.942615e-01
1.330000e-03,7.217563e+00,7.060759e+00,9.990713e-01,7.456481e-01,5.604144e-01,4.407707e-01,3.597360e-01,3.010146e-01,2.588100e-01,5.476598e-01,6.508870e-01,6.984341e-01,7.413211e-01,7.562768e-01,7.839716e-01,7.940092e-01
1.335000e-03,7.227571e+00,7.066934e+00,1.005028e+00,7.455229e-01,5.597085e-01,4.404791e-01,3.601268e-01,3.012468e-01,2.586554e-01,5.441385e-01,6.497832e-01,6.987351e-01,7.433711e-01,7.569365e-01,7.827782e-01,7.916712e-01
1.340000e-03,7.237950e+00,7.072518e+00,1.007320e+00,7.458639e-01,5.592567e-01,4.399188e-01,3.601786e-01,3.016378e-01,2.586489e-01,5.401534e-01,6.490261e-01,7.014008e-01,7.436220e-01,7.586976e-01,7.828410e-01,7.872663e-01
1.345000e-03,7.247870e+00,7.078602e+00,1.006260e+00,7.463382e-01,5.592729e-01,4.393492e-01,3.598832e-01,3.019243e-01,2.588517e-01,5.363754e-01,6.481983e-01,7.045750e-01,7.425745e-01,7.617776e-01,7.840383e-01,7.820110e-01
1.350000e-03,7.256946e+00,7.085305e+00,1.003705e+00,7.465726e-01,5.596765e-01,4.390471e-01,3.593902e-01,3.019204e-01,2.591627e-01,5.331510e-01,6.475336e-01,7.069825e-01,7.418329e-01,7.654347e-01,7.856757e-01,7.768771e-01
1.355000e-03,7.265750e+00,7.093519e+00,9.753023e-01,7.463827e-01,5.601666e-01,4.391467e-01,3.589329e-01,3.016328e-01,2.593596e-01,5.302518e-01,6.475824e-01,7.087445e-01,7.431628e-01,7.685124e-01,7.872855e-01,7.722634e-01
1.360000e-03,7.277474e+00,7.102916e+00,9.409108e-01,7.459122e-01,5.604386e-01,4.395429e-01,3.587355e-01,3.012047e-01,2.593026e-01,5.275132e-01,6.481326e-01,7.099583e-01,7.471883e-01,7.702989e-01,7.890792e-01,7.683938e-01
1.365000e-03,7.289454e+00,7.113072e+00,9.064128e-01,7.455151e-01,5.603580e-01,4.399752e-01,3.588830e-01,3.008438e-01,2.590173e-01,5.245794e-01,6.491767e-01,7.105467e-01,7.527676e-01,7.708300e-01,7.911639e-01,7.655424e-01
1.370000e-03,7.300769e+00,7.128397e+00,9.138093e-01,7.455286e-01,5.600416e-01,4.401993e-01,3.592625e-01,3.007253e-01,2.586452e-01,5.209269e-01,6.507352e-01,7.110751e-01,7.577896e-01,7.708990e-01,7.930812e-01,7.641111e-01
1.375000e-03,7.310578e+00,7.140888e+00,9.377993e-01,7.460848e-01,5.597535e-01,4.401275e-01,3.596413e-01,3.009005e-01,2.583684e-01,5.174692e-01,6.530565e-01,7.125990e-01,7.608443e-01,7.717500e-01,7.946215e-01,7.633863e-01
1.380000e-03,7.318725e+00,7.149718e+00,9.608014e-01,7.469462e-01,5.597286e-01,4.398729e-01,3.598175e-01,3.012525e-01,2.583216e-01,5.141774e-01,6.550371e-01,7.151886e-01,7.617371e-01,7.742953e-01,7.961024e-01,7.623040e-01
1.385000e-03,7.324554e+00,7.156672e+00,9.816129e-01,7.476065e-01,5.600485e-01,4.396440e-01,3.597373e-01,3.015750e-01,2.585224e-01,5.118448e-01,6.563511e-01,7.182880e-01,7.611734e-01,7.784750e-01,7.978430e-01,7.607733e-01
1.390000e-03,7.328057e+00,7.162555e+00,9.967452e-01,7.476350e-01,5.605411e-01,4.396149e-01,3.595109e-01,3.017052e-01,2.588475e-01,5.105212e-01,6.571167e-01,7.209960e-01,7.604652e-01,7.831918e-01,7.997223e-01,7.596207e-01
1.395000e-03,7.329890e+00,7.167342e+00,1.013343e+00,7.469980e-01,5.608724e-01,4.398333e-01,3.593139e-01,3.016157e-01,2.591104e-01,5.099705e-01,6.579623e-01,7.227891e-01,7.609537e-01,7.869332e-01,8.016236e-01,7.589055e-01
1.400000e-03,7.330843e+00,7.171407e+00,1.028326e+00,7.460427e-01,5.607831e-01,4.401598e-01,3.592824e-01,3.014109e-01,2.591906e-01,5.097971e-01,6.594457e-01,7.237818e-01,7.631743e-01,7.886048e-01,8.037321e-01,7.586580e-01
1.405000e-03,7.331577e+00,7.175665e+00,1.040865e+00,7.452490e-01,5.602870e-01,4.403503e-01,3.594427e-01,3.012399e-01,2.590835e-01,5.097241e-01,6.612742e-01,7.241628e-01,7.662989e-01,7.881393e-01,8.060501e-01,7.584067e-01
1.410000e-03,7.332571e+00,7.179241e+00,1.050581e+00,7.449905e-01,5.596458e-01,4.402335e-01,3.596783e-01,3.012089e-01,2.588905e-01,5.094704e-01,6.633838e-01,7.248598e-01,7.688166e-01,7.864808e-01,8.085490e-01,7.581667e-01
1.415000e-03,7.333817e+00,7.182051e+00,1.059353e+00,7.453359e-01,5.591969e-01,4.398438e-01,3.597991e-01,3.013323e-01,2.587400e-01,5.090047e-01,6.652666e-01,7.266727e-01,7.697725e-01,7.850111e-01,8.109533e-01,7.580157e-01
1.420000e-03,7.334850e+00,7.184099e+00,1.063521e+00,7.460303e-01,5.591575e-01,4.393914e-01,3.596856e-01,3.015115e-01,2.587156e-01,5.085612e-01,6.665703e-01,7.293683e-01,7.692760e-01,7.846898e-01,8.128832e-01,7.577352e-01
1.425000e-03,7.335148e+00,7.185640e+00,1.063821e+00,7.466512e-01,5.595320e-01,4.391194e-01,3.593784e-01,3.015935e-01,2.588207e-01,5.085075e-01,6.679027e-01,7.321401e-01,7.681522e-01,7.855416e-01,8.143567e-01,7.571934e-01
1.430000e-03,7.334502e+00,7.186478e+00,1.065235e+00,7.469163e-01,5.601222e-01,4.391632e-01,3.590469e-01,3.014913e-01,2.589643e-01,5.089462e-01,6.686090e-01,7.340002e-01,7.676593e-01,7.869021e-01,8.152832e-01,7.568051e-01
1.435000e-03,7.332712e+00,7.186646e+00,1.070289e+00,7.468044e-01,5.606148e-01,4.395073e-01,3.588746e-01,3.012465e-01,2.590201e-01,5.100019e-01,6.694407e-01,7.344176e-01,7.688157e-01,7.880288e-01,8.156751e-01,7.568043e-01
1.440000e-03,7.330051e+00,7.186291e+00,1.077771e+00,7.464600e-01,5.607795e-01,4.399927e-01,3.589535e-01,3.010003e-01,2.589264e-01,5.115340e-01,6.705249e-01,7.336943e-01,7.714947e-01,7.885158e-01,8.157174e-01,7.568370e-01
1.445000e-03,7.326913e+00,7.185499e+00,1.086560e+00,7.461551e-01,5.605997e-01,4.403672e-01,3.592628e-01,3.008918e-01,2.587282e-01,5.133077e-01,6.716033e-01,7.328256e-01,7.744970e-01,7.885239e-01,8.159251e-01,7.565665e-01
1.450000e-03,7.323501e+00,7.184286e+00,1.096635e+00,7.461083e-01,5.602259e-01,4.404489e-01,3.596669e-01,3.009853e-01,2.585457e-01,5.151787e-01,6.726630e-01,7.324723e-01,7.763907e-01,7.887433e-01,8.168739e-01,7.560715e-01
1.455000e-03,7.319789e+00,7.182681e+00,1.107171e+00,7.463387e-01,5.598949e-01,4.402405e-01,3.599522e-01,3.012590e-01,2.584851e-01,5.171266e-01,6.734055e-01,7.329426e-01,7.762827e-01,7.899381e-01,8.187414e-01,7.555653e-01
1.460000e-03,7.315581e+00,7.180910e+00,1.114441e+00,7.466634e-01,5.597768e-01,4.398930e-01,3.599749e-01,3.015948e-01,2.585921e-01,5.192597e-01,6.736658e-01,7.340723e-01,7.744776e-01,7.923435e-01,8.213145e-01,7.551799e-01
1.465000e-03,7.310697e+00,7.178854e+00,1.118840e+00,7.468247e-01,5.599039e-01,4.396028e-01,3.597569e-01,3.018089e-01,2.588396e-01,5.216615e-01,6.735736e-01,7.353150e-01,7.722493e-01,7.953854e-01,8.243291e-01,7.548252e-01
1.470000e-03,7.305280e+00,7.176482e+00,1.121818e+00,7.466544e-01,5.601546e-01,4.395015e-01,3.594405e-01,3.017900e-01,2.591166e-01,5.243182e-01,6.735169e-01,7.360468e-01,7.709581e-01,7.979661e-01,8.277250e-01,7.546218e-01
1.475000e-03,7.299267e+00,7.173864e+00,1.124977e+00,7.461720e-01,5.603210e-01,4.396125e-01,3.591907e-01,3.015736e-01,2.592644e-01,5.272074e-01,6.737646e-01,7.359246e-01,7.714371e-01,7.991717e-01,8.315471e-01,7.550392e-01
1.480000e-03,7.292807e+00,7.171180e+00,1.130133e+00,7.455820e-01,5.602562e-01,4.398305e-01,3.591144e-01,3.012912e-01,2.592047e-01,5.302374e-01,6.744799e-01,7.351616e-01,7.735517e-01,7.988331e-01,8.356845e-01,7.565538e-01
1.485000e-03,7.286726e+00,7.168366e+00,1.133159e+00,7.452183e-01,5.599806e-01,4.399788e-01,3.592262e-01,3.010816e-01,2.589878e-01,5.329925e-01,6.754421e-01,7.343939e-01,7.762810e-01,7.975679e-01,8.397068e-01,7.590536e-01
1.490000e-03,7.281363e+00,7.165649e+00,1.132682e+00,7.453537e-01,5.596479e-01,4.399434e-01,3.594273e-01,3.010314e-01,2.587374e-01,5.352423e-01,6.764987e-01,7.343243e-01,7.784285e-01,7.964042e-01,8.430585e-01,7.620765e-01
1.495000e-03,7.276259e+00,7.162918e+00,1.129090e+00,7.459942e-01,5.594748e-01,4.397545e-01,3.595620e-01,3.011470e-01,2.585707e-01,5.372790e-01,6.772722e-01,7.353515e-01,7.792883e-01,7.962793e-01,8.453822e-01,7.649001e-01
1.500000e-03,7.271313e+00,7.159664e+00,1.122297e+00,7.468020e-01,5.596248e-01,4.395358e-01,3.595418e-01,3.013342e-01,2.585552e-01,5.390168e-01,6.780248e-01,7.371439e-01,7.790077e-01,7.976122e-01,8.466764e-01,7.669281e-01
1.505000e-03,7.265893e+00,7.156086e+00,1.117335e+00,7.473246e-01,5.600864e-01,4.394408e-01,3.594002e-01,3.014541e-01,2.586833e-01,5.410278e-01,6.786935e-01,7.390357e-01,7.784061e-01,8.001175e-01,8.474162e-01,7.682725e-01
1.510000e-03,7.261790e+00,7.152363e+00,1.107123e+00,7.473149e-01,5.606095e-01,4.395791e-01,3.592394e-01,3.014403e-01,2.588586e-01,5.435344e-01,6.790769e-01,7.403713e-01,7.784939e-01,8.030240e-01,8.481037e-01,7.692883e-01
1.515000e-03,7.258103e+00,7.148184e+00,1.094157e+00,7.468497e-01,5.608755e-01,4.399297e-01,3.591787e-01,3.013276e-01,2.589598e-01,5.460332e-01,6.796167e-01,7.407391e-01,7.798741e-01,8.054799e-01,8.490811e-01,7.703227e-01
1.520000e-03,7.254172e+00,7.143037e+00,1.079592e+00,7.462183e-01,5.607454e-01,4.402928e-01,3.592988e-01,3.012013e-01,2.589442e-01,5.484065e-01,6.810074e-01,7.405924e-01,7.823804e-01,8.070084e-01,8.505495e-01,7.714536e-01
1.525000e-03,7.250114e+00,7.136179e+00,1.062692e+00,7.457633e-01,5.603173e-01,4.404324e-01,3.595730e-01,3.011584e-01,2.588482e-01,5.507959e-01,6.829687e-01,7.408164e-01,7.851476e-01,8.076989e-01,8.525884e-01,7.725663e-01
1.530000e-03,7.246199e+00,7.128283e+00,1.041044e+00,7.456825e-01,5.598141e-01,4.402708e-01,3.598348e-01,3.012609e-01,2.587458e-01,5.528580e-01,6.850542e-01,7.417738e-01,7.870604e-01,8.080765e-01,8.551396e-01,7.736139e-01
1.535000e-03,7.241978e+00,7.119032e+00,1.018876e+00,7.459246e-01,5.594875e-01,4.399031e-01,3.599058e-01,3.014796e-01,2.587174e-01,5.546440e-01,6.869767e-01,7.436490e-01,7.875158e-01,8.087613e-01,8.580421e-01,7.745466e-01
1.540000e-03,7.237012e+00,7.110940e+00,1.031042e+00,7.462597e-01,5.594888e-01,4.395083e-01,3.597418e-01,3.016734e-01,2.588109e-01,5.568086e-01,6.890738e-01,7.464705e-01,7.869071e-01,8.100227e-01,8.608830e-01,7.755115e-01
1.545000e-03,7.231080e+00,7.104175e+00,1.057181e+00,7.464691e-01,5.597675e-01,4.392826e-01,3.594283e-01,3.017029e-01,2.589908e-01,5.590957e-01,6.911669e-01,7.497063e-01,7.862919e-01,8.116457e-01,8.633158e-01,7.765331e-01
1.550000e-03,7.223896e+00,7.098514e+00,1.080058e+00,7.464312e-01,5.601184e-01,4.393355e-01,3.591142e-01,3.015450e-01,2.591336e-01,5.618150e-01,6.930549e-01,7.525774e-01,7.866896e-01,8.130602e-01,8.652981e-01,7.777799e-01
1.555000e-03,7.215744e+00,7.093415e+00,1.103002e+00,7.461845e-01,5.603423e-01,4.396098e-01,3.589573e-01,3.012772e-01,2.591331e-01,5.650583e-01,6.950500e-01,7.544937e-01,7.885765e-01,8.137484e-01,8.669031e-01,7.793956e-01
1.560000e-03,7.206883e+00,7.088515e+00,1.129926e+00,7.459191e-01,5.603401e-01,4.399223e-01,3.590412e-01,3.010259e-01,2.589831e-01,5.683862e-01,6.970363e-01,7.557314e-01,7.917480e-01,8.136425e-01,8.680538e-01,7.813437e-01
1.565000e-03,7.197215e+00,7.084203e+00,1.155727e+00,7.458617e-01,5.601570e-01,4.401052e-01,3.593029e-01,3.009224e-01,2.587559e-01,5.718008e-01,6.995027e-01,7.569587e-01,7.953865e-01,8.131315e-01,8.687143e-01,7.833299e-01
1.570000e-03,7.187257e+00,7.080204e+00,1.173379e+00,7.461213e-01,5.599431e-01,4.400907e-01,3.595770e-01,3.010265e-01,2.585639e-01,5.756915e-01,7.021795e-01,7.586011e-01,7.984891e-01,8.128215e-01,8.689659e-01,7.850216e-01
1.575000e-03,7.177796e+00,7.076210e+00,1.176132e+00,7.465955e-01,5.598599e-01,4.399310e-01,3.597222e-01,3.012696e-01,2.585141e-01,5.792470e-01,7.043359e-01,7.607891e-01,8.003465e-01,8.132798e-01,8.690072e-01,7.862823e-01
1.580000e-03,7.167512e+00,7.071892e+00,1.181887e+00,7.470246e-01,5.599910e-01,4.397498e-01,3.596918e-01,3.015042e-01,2.586423e-01,5.830430e-01,7.057919e-01,7.634846e-01,8.009019e-01,8.148000e-01,8.690291e-01,7.871316e-01
1.585000e-03,7.160825e+00,7.067176e+00,1.184598e+00,7.471315e-01,5.602687e-01,4.396718e-01,3.595414e-01,3.016137e-01,2.588723e-01,5.870121e-01,7.074179e-01,7.662197e-01,8.007655e-01,8.172458e-01,8.692620e-01,7.876643e-01
1.590000e-03,7.154250e+00,7.062072e+00,1.184650e+00,7.468043e-01,5.605069e-01,4.397596e-01,3.593794e-01,3.015692e-01,2.590697e-01,5.909647e-01,7.095346e-01,7.684943e-01,8.008479e-01,8.199971e-01,8.698031e-01,7.880424e-01
1.595000e-03,7.147313e+00,7.056547e+00,1.181672e+00,7.461875e-01,5.605255e-01,4.399533e-01,3.593081e-01,3.014283e-01,2.591432e-01,5.952305e-01,7.117445e-01,7.699204e-01,8.017849e-01,8.222313e-01,8.705997e-01,7.885339e-01
1.600000e-03,7.140103e+00,7.050240e+00,1.167185e+00,7.456100e-01,5.602721e-01,4.401062e-01,3.593745e-01,3.012839e-01,2.590819e-01,6.002963e-01,7.145833e-01,7.701801e-01,8.036323e-01,8.234388e-01,8.716870e-01,7.893093e-01
1.605000e-03,7.132045e+00,7.040827e+00,1.143039e+00,7.453817e-01,5.598583e-01,4.400941e-01,3.595232e-01,3.012212e-01,2.589449e-01,6.045953e-01,7.176422e-01,7.700515e-01,8.058730e-01,8.236751e-01,8.729730e-01,7.904050e-01
1.610000e-03,7.123826e+00,7.028793e+00,1.107192e+00,7.455830e-01,5.595169e-01,4.398926e-01,3.596330e-01,3.012761e-01,2.588128e-01,6.085314e-01,7.200229e-01,7.712390e-01,8.077532e-01,8.234054e-01,8.743423e-01,7.916840e-01
1.615000e-03,7.114411e+00,7.013335e+00,1.097974e+00,7.460682e-01,5.594498e-01,4.395954e-01,3.596124e-01,3.013961e-01,2.587575e-01,6.115787e-01,7.221188e-01,7.739628e-01,8.087171e-01,8.231787e-01,8.756081e-01,7.930141e-01
1.620000e-03,7.103407e+00,7.002122e+00,1.140431e+00,7.465648e-01,5.596846e-01,4.393775e-01,3.594501e-01,3.014801e-01,2.588011e-01,6.142289e-01,7.246352e-01,7.773966e-01,8.086019e-01,8.233106e-01,8.765915e-01,7.943264e-01
1.625000e-03,7.089461e+00,6.992690e+00,1.181630e+00,7.468202e-01,5.600881e-01,4.393780e-01,3.592270e-01,3.014583e-01,2.588893e-01,6.172740e-01,7.269480e-01,7.808911e-01,8.080037e-01,8.238684e-01,8.772818e-01,7.955855e-01
1.630000e-03,7.072675e+00,6.984482e+00,1.224905e+00,7.467542e-01,5.604521e-01,4.395992e-01,3.590818e-01,3.013269e-01,2.589354e-01,6.199023e-01,7.287522e-01,7.831502e-01,8.081376e-01,8.247339e-01,8.776470e-01,7.968064e-01
1.635000e-03,7.061383e+00,6.978258e+00,1.242785e+00,7.464712e-01,5.606011e-01,4.399240e-01,3.591141e-01,3.011563e-01,2.588912e-01,6.228633e-01,7.309582e-01,7.839703e-01,8.097910e-01,8.256003e-01,8.776266e-01,7.980655e-01
1.640000e-03,7.052990e+00,6.972094e+00,1.257430e+00,7.461853e-01,5.604877e-01,4.401913e-01,3.593127e-01,3.010582e-01,2.587690e-01,6.268495e-01,7.330255e-01,7.840920e-01,8.127971e-01,8.261744e-01,8.772278e-01,7.994207e-01
1.645000e-03,7.044668e+00,6.965749e+00,1.257868e+00,7.460851e-01,5.602042e-01,4.402718e-01,3.595773e-01,3.011052e-01,2.586242e-01,6.314261e-01,7.352457e-01,7.843718e-01,8.162739e-01,8.265110e-01,8.765909e-01,8.008286e-01
1.650000e-03,7.035759e+00,6.959107e+00,1.251718e+00,7.462107e-01,5.599262e-01,4.401398e-01,3.597776e-01,3.012801e-01,2.585391e-01,6.358018e-01,7.371581e-01,7.854512e-01,8.188197e-01,8.270028e-01,8.759756e-01,8.021162e-01
1.655000e-03,7.026264e+00,6.951257e+00,1.226418e+00,7.464461e-01,5.598080e-01,4.398822e-01,3.598140e-01,3.014962e-01,2.585619e-01,6.397517e-01,7.386220e-01,7.873245e-01,8.195920e-01,8.280243e-01,8.755392e-01,8.031000e-01
1.660000e-03,7.015579e+00,6.939373e+00,1.185738e+00,7.466001e-01,5.598876e-01,4.396460e-01,3.596766e-01,3.016461e-01,2.586701e-01,6.444113e-01,7.395413e-01,7.894478e-01,8.189100e-01,8.297454e-01,8.753665e-01,8.037625e-01
1.665000e-03,7.004068e+00,6.921336e+00,1.129661e+00,7.465307e-01,5.600786e-01,4.395539e-01,3.594453e-01,3.016526e-01,2.587810e-01,6.490794e-01,7.401239e-01,7.916760e-01,8.177176e-01,8.319804e-01,8.754830e-01,8.042552e-01
1.670000e-03,6.990748e+00,6.907412e+00,1.177302e+00,7.462421e-01,5.602293e-01,4.396307e-01,3.592467e-01,3.015156e-01,2.588013e-01,6.526079e-01,7.417881e-01,7.936437e-01,8.171424e-01,8.341472e-01,8.759240e-01,8.047880e-01
1.675000e-03,6.974172e+00,6.896257e+00,1.222759e+00,7.458849e-01,5.602253e-01,4.397986e-01,3.591794e-01,3.013099e-01,2.586668e-01,6.553806e-01,7.438265e-01,7.947422e-01,8.178625e-01,8.356412e-01,8.766148e-01,8.054931e-01
1.680000e-03,6.962444e+00,6.886838e+00,1.270733e+00,7.456631e-01,5.600629e-01,4.399319e-01,3.592588e-01,3.011450e-01,2.583898e-01,6.584334e-01,7.465974e-01,7.949816e-01,8.198420e-01,8.362372e-01,8.773953e-01,8.064045e-01
1.685000e-03,6.953317e+00,6.879630e+00,1.291012e+00,7.457165e-01,5.598501e-01,4.399405e-01,3.594128e-01,3.011010e-01,2.580465e-01,6.592856e-01,7.498780e-01,7.952782e-01,8.225515e-01,8.361212e-01,8.780872e-01,8.075172e-01
1.690000e-03,6.944052e+00,6.873472e+00,1.299159e+00,7.460647e-01,5.597338e-01,4.398259e-01,3.595328e-01,3.011847e-01,2.577023e-01,6.614125e-01,7.523728e-01,7.961799e-01,8.251473e-01,8.357146e-01,8.784930e-01,8.088688e-01
1.695000e-03,6.934920e+00,6.866732e+00,1.290593e+00,7.465689e-01,5.598008e-01,4.396773e-01,3.595449e-01,3.013270e-01,2.574620e-01,6.633765e-01,7.539306e-01,7.975360e-01,8.268085e-01,8.355618e-01,8.785300e-01,8.103562e-01
1.700000e-03,6.924904e+00,6.859085e+00,1.274081e+00,7.469640e-01,5.600477e-01,4.396071e-01,3.594547e-01,3.014328e-01,2.573861e-01,6.675312e-01,7.556867e-01,7.998376e-01,8.272818e-01,8.360903e-01,8.782172e-01,8.117486e-01
1.705000e-03,6.913879e+00,6.848371e+00,1.235738e+00,7.470141e-01,5.603684e-01,4.396720e-01,3.593397e-01,3.014429e-01,2.574057e-01,6.708989e-01,7.569832e-01,8.025847e-01,8.270267e-01,8.374121e-01,8.777259e-01,8.128307e-01
1.710000e-03,6.902613e+00,6.834022e+00,1.179828e+00,7.467062e-01,5.605809e-01,4.398587e-01,3.592900e-01,3.013667e-01,2.574781e-01,6.754756e-01,7.570979e-01,8.046432e-01,8.267408e-01,8.393011e-01,8.772211e-01,8.135594e-01
1.715000e-03,6.889454e+00,6.816057e+00,1.177705e+00,7.462444e-01,5.605393e-01,4.400807e-01,3.593459e-01,3.012733e-01,2.575897e-01,6.799381e-01,7.575853e-01,8.056597e-01,8.270066e-01,8.412634e-01,8.767254e-01,8.141534e-01
1.720000e-03,6.873775e+00,6.803421e+00,1.225872e+00,7.458867e-01,5.602612e-01,4.402031e-01,3.594914e-01,3.012358e-01,2.578264e-01,6.829455e-01,7.596830e-01,8.062063e-01,8.283082e-01,8.427763e-01,8.762193e-01,8.148229e-01
1.725000e-03,6.863608e+00,6.792744e+00,1.276705e+00,7.457998e-01,5.599072e-01,4.401310e-01,3.596536e-01,3.012830e-01,2.582070e-01,6.854474e-01,7.626036e-01,8.066975e-01,8.304557e-01,8.436090e-01,8.757537e-01,8.156380e-01
1.730000e-03,6.853941e+00,6.785196e+00,1.302640e+00,7.459723e-01,5.596661e-01,4.398939e-01,3.597274e-01,3.013987e-01,2.589323e-01,6.876270e-01,7.655550e-01,8.071829e-01,8.325684e-01,8.438853e-01,8.754526e-01,8.165028e-01
1.735000e-03,6.844141e+00,6.778256e+00,1.317760e+00,7.462477e-01,5.596494e-01,4.396227e-01,3.596472e-01,3.015210e-01,2.586013e-01,6.882408e-01,7.683065e-01,8.082095e-01,8.340176e-01,8.439276e-01,8.753788e-01,8.173044e-01
1.740000e-03,6.834292e+00,6.771755e+00,1.316324e+00,7.464378e-01,5.598358e-01,4.394600e-01,3.594467e-01,3.015648e-01,2.597916e-01,6.892909e-01,7.700534e-01,8.098350e-01,8.347180e-01,8.441779e-01,8.755504e-01,8.179909e-01
1.745000e-03,6.823798e+00,6.764700e+00,1.307393e+00,7.464437e-01,5.600989e-01,4.394810e-01,3.592345e-01,3.014842e-01,2.605799e-01,6.923858e-01,7.711169e-01,8.119273e-01,8.348335e-01,8.449427e-01,8.758900e-01,8.186693e-01
1.750000e-03,6.812813e+00,6.756229e+00,1.276622e+00,7.462980e-01,5.602838e-01,4.396594e-01,3.591218e-01,3.013137e-01,2.609618e-01,6.954237e-01,7.730674e-01,8.142687e-01,8.347080e-01,8.461277e-01,8.762066e-01,8.194973e-01
1.755000e-03,6.801252e+00,6.743687e+00,1.229298e+00,7.461218e-01,5.603041e-01,4.398879e-01,3.591636e-01,3.011458e-01,2.607194e-01,6.984495e-01,7.747963e-01,8.161908e-01,8.348555e-01,8.474417e-01,8.763821e-01,8.205331e-01
1.760000e-03,6.788440e+00,6.725438e+00,1.184979e+00,7.460455e-01,5.601853e-01,4.400388e-01,3.593313e-01,3.010700e-01,2.616084e-01,7.030481e-01,7.754698e-01,8.171683e-01,8.356435e-01,8.487474e-01,8.764130e-01,8.217243e-01
1.765000e-03,6.774909e+00,6.712326e+00,1.235271e+00,7.461561e-01,5.600295e-01,4.400451e-01,3.595295e-01,3.011249e-01,2.631519e-01,7.060980e-01,7.763359e-01,8.175944e-01,8.371207e-01,8.499348e-01,8.762718e-01,8.229831e-01
1.770000e-03,6.765977e+00,6.701702e+00,1.279956e+00,7.464238e-01,5.599406e-01,4.399347e-01,3.596504e-01,3.012797e-01,2.659186e-01,7.083191e-01,7.784007e-01,8.185439e-01,8.390963e-01,8.508102e-01,8.759433e-01,8.242267e-01
1.775000e-03,6.756279e+00,6.692969e+00,1.328926e+00,7.466996e-01,5.599828e-01,4.397977e-01,3.596416e-01,3.014496e-01,2.684363e-01,7.109090e-01,7.805099e-01,8.201434e-01,8.410873e-01,8.513352e-01,8.756034e-01,8.252895e-01
1.780000e-03,6.746616e+00,6.686216e+00,1.344546e+00,7.467972e-01,5.601382e-01,4.397178e-01,3.595350e-01,3.015430e-01,2.737205e-01,7.126363e-01,7.825630e-01,8.217669e-01,8.426114e-01,8.516971e-01,8.755009e-01,8.260697e-01
1.785000e-03,6.736913e+00,6.680430e+00,1.353785e+00,7.466255e-01,5.603043e-01,4.397423e-01,3.594113e-01,3.015213e-01,2.793447e-01,7.135570e-01,7.843459e-01,8.229908e-01,8.435884e-01,8.521981e-01,8.756403e-01,8.266132e-01
1.790000e-03,6.727098e+00,6.674146e+00,1.346081e+00,7.462578e-01,5.603514e-01,4.398540e-01,3.593398e-01,3.014197e-01,2.861615e-01,7.147169e-01,7.853802e-01,8.236692e-01,8.443522e-01,8.530557e-01,8.758412e-01,8.271107e-01
1.795000e-03,6.716879e+00,6.667120e+00,1.329894e+00,7.458809e-01,5.602222e-01,4.399710e-01,3.593575e-01,3.013091e-01,2.928533e-01,7.175720e-01,7.868283e-01,8.241332e-01,8.451566e-01,8.542745e-01,8.759381e-01,8.278026e-01
1.800000e-03,6.705802e+00,6.657548e+00,1.293011e+00,7.456892e-01,5.599762e-01,4.399961e-01,3.594475e-01,3.012471e-01,3.012303e-01,7.202183e-01,7.896005e-01,8.248470e-01,8.459034e-01,8.556491e-01,8.758911e-01,8.287720e-01
1.805000e-03,6.694463e+00,6.644761e+00,1.238972e+00,7.457816e-01,5.597494e-01,4.398928e-01,3.595393e-01,3.012633e-01,3.112212e-01,7.218746e-01,7.918454e-01,8.259924e-01,8.464672e-01,8.570014e-01,8.757163e-01,8.299205e-01
1.810000e-03,6.680958e+00,6.627359e+00,1.214696e+00,7.461038e-01,5.596715e-01,4.397139e-01,3.595551e-01,3.013400e-01,3.224522e-01,7.256429e-01,7.924521e-01,8.274030e-01,8.467665e-01,8.582777e-01,8.754584e-01,8.310489e-01
1.815000e-03,6.672529e+00,6.614892e+00,1.264075e+00,7.464743e-01,5.597946e-01,4.395646e-01,3.594708e-01,3.014157e-01,3.345866e-01,7.279607e-01,7.928952e-01,8.293653e-01,8.469005e-01,8.593321e-01,8.751846e-01,8.319432e-01
1.820000e-03,6.663566e+00,6.604782e+00,1.310175e+00,7.466932e-01,5.600595e-01,4.395374e-01,3.593342e-01,3.014269e-01,3.470489e-01,7.302855e-01,7.943474e-01,8.322021e-01,8.472038e-01,8.599460e-01,8.750335e-01,8.325443e-01
1.825000e-03,6.654117e+00,6.596983e+00,1.355533e+00,7.466710e-01,5.603258e-01,4.396588e-01,3.592307e-01,3.013577e-01,3.589861e-01,7.325759e-01,7.958338e-01,8.350306e-01,8.479936e-01,8.600323e-01,8.751088e-01,8.329928e-01
1.830000e-03,6.645081e+00,6.590814e+00,1.366132e+00,7.464665e-01,5.604515e-01,4.398723e-01,3.592285e-01,3.012511e-01,3.719720e-01,7.347294e-01,7.976204e-01,8.365301e-01,8.493508e-01,8.597440e-01,8.753794e-01,8.334273e-01
1.835000e-03,6.636112e+00,6.585171e+00,1.373869e+00,7.462250e-01,5.603850e-01,4.400665e-01,3.593403e-01,3.011772e-01,3.841488e-01,7.358243e-01,7.996102e-01,8.363512e-01,8.513056e-01,8.594159e-01,8.756229e-01,8.338658e-01
1.840000e-03,6.626849e+00,6.579334e+00,1.367044e+00,7.460981e-01,5.601859e-01,4.401365e-01,3.595144e-01,3.011878e-01,3.965645e-01,7.364584e-01,8.014230e-01,8.352712e-01,8.538565e-01,8.593622e-01,8.754799e-01,8.344069e-01
1.845000e-03,6.617049e+00,6.572830e+00,1.354506e+00,7.461527e-01,5.599718e-01,4.400536e-01,3.596593e-01,3.012874e-01,4.085826e-01,7.377441e-01,8.031336e-01,8.344761e-01,8.563525e-01,8.597280e-01,8.748227e-01,8.351773e-01
1.850000e-03,6.606737e+00,6.565202e+00,1.323062e+00,7.463238e-01,5.598579e-01,4.398761e-01,3.596949e-01,3.014297e-01,4.210900e-01,7.398604e-01,8.053766e-01,8.349348e-01,8.577653e-01,8.605537e-01,8.738419e-01,8.360598e-01
1.855000e-03,6.594989e+00,6.553713e+00,1.278205e+00,7.464635e-01,5.598955e-01,4.397000e-01,3.596077e-01,3.015385e-01,4.343091e-01,7.411825e-01,8.071244e-01,8.368491e-01,8.576759e-01,8.619384e-01,8.728402e-01,8.367615e-01
1.860000e-03,6.583222e+00,6.537017e+00,1.220640e+00,7.464560e-01,5.600378e-01,4.396147e-01,3.594512e-01,3.015519e-01,4.476975e-01,7.436962e-01,8.071897e-01,8.395106e-01,8.564034e-01,8.638745e-01,8.720926e-01,8.371009e-01
1.865000e-03,6.575902e+00,6.525044e+00,1.268354e+00,7.462937e-01,5.601704e-01,4.396559e-01,3.593055e-01,3.014649e-01,4.606164e-01,7.468834e-01,8.067518e-01,8.422375e-01,8.547804e-01,8.659161e-01,8.716783e-01,8.371265e-01
1.870000e-03,6.567820e+00,6.515096e+00,1.313909e+00,7.460701e-01,5.601986e-01,4.397822e-01,3.592426e-01,3.013270e-01,4.738530e-01,7.491809e-01,8.078179e-01,8.446592e-01,8.538281e-01,8.673670e-01,8.716281e-01,8.370255e-01
1.875000e-03,6.559521e+00,6.506859e+00,1.356951e+00,7.459159e-01,5.601093e-01,4.398983e-01,3.592885e-01,3.012069e-01,4.865326e-01,7.513832e-01,8.095565e-01,8.460627e-01,8.542681e-01,8.678023e-01,8.719675e-01,8.370117e-01
1.880000e-03,6.551228e+00,6.500765e+00,1.389631e+00,7.459309e-01,5.599697e-01,4.399284e-01,3.594046e-01,3.011631e-01,4.983261e-01,7.533632e-01,8.115589e-01,8.459805e-01,8.560800e-01,8.672994e-01,8.725455e-01,8.371843e-01
1.885000e-03,6.543000e+00,6.495512e+00,1.397859e+00,7.461353e-01,5.598779e-01,4.398634e-01,3.595075e-01,3.012141e-01,5.091842e-01,7.548390e-01,8.135935e-01,8.448397e-01,8.587110e-01,8.662875e-01,8.730720e-01,8.375402e-01
1.890000e-03,6.534737e+00,6.490190e+00,1.400145e+00,7.464456e-01,5.598993e-01,4.397609e-01,3.595347e-01,3.013212e-01,5.189764e-01,7.557002e-01,8.152768e-01,8.438779e-01,8.614999e-01,8.652860e-01,8.732041e-01,8.381017e-01
1.895000e-03,6.525916e+00,6.484972e+00,1.392188e+00,7.467050e-01,5.600402e-01,4.396982e-01,3.594812e-01,3.014110e-01,5.282569e-01,7.560455e-01,8.162253e-01,8.439224e-01,8.635992e-01,8.647413e-01,8.728951e-01,8.388687e-01
1.900000e-03,6.516618e+00,6.479168e+00,1.380428e+00,7.467663e-01,5.602374e-01,4.397205e-01,3.593984e-01,3.014322e-01,5.368914e-01,7.565039e-01,8.166246e-01,8.452407e-01,8.642144e-01,8.649395e-01,8.722645e-01,8.396412e-01
1.905000e-03,6.507134e+00,6.472583e+00,1.352163e+00,7.465937e-01,5.603816e-01,4.398269e-01,3.593494e-01,3.013844e-01,5.448347e-01,7.580720e-01,8.174514e-01,8.474233e-01,8.634506e-01,8.660183e-01,8.715453e-01,8.401721e-01
1.910000e-03,6.496065e+00,6.462590e+00,1.312177e+00,7.462833e-01,5.603777e-01,4.399653e-01,3.593681e-01,3.013148e-01,5.524278e-01,7.599928e-01,8.184356e-01,8.495739e-01,8.620841e-01,8.679083e-01,8.708867e-01,8.404100e-01
1.915000e-03,6.487042e+00,6.449167e+00,1.257326e+00,7.460053e-01,5.602180e-01,4.400526e-01,3.594514e-01,3.012750e-01,5.586973e-01,7.612347e-01,8.188018e-01,8.508429e-01,8.609450e-01,8.701257e-01,8.703220e-01,8.404661e-01
1.920000e-03,6.480390e+00,6.435705e+00,1.264298e+00,7.459088e-01,5.599844e-01,4.400241e-01,3.595546e-01,3.012909e-01,5.648724e-01,7.640239e-01,8.191020e-01,8.511995e-01,8.606886e-01,8.719208e-01,8.698650e-01,8.404671e-01
1.925000e-03,6.473433e+00,6.425672e+00,1.308485e+00,7.460198e-01,5.598014e-01,4.398861e-01,3.596112e-01,3.013581e-01,5.713179e-01,7.657247e-01,8.203568e-01,8.512063e-01,8.615601e-01,8.727618e-01,8.696597e-01,8.405003e-01
1.930000e-03,6.466103e+00,6.417745e+00,1.343204e+00,7.462343e-01,5.597676e-01,4.397084e-01,3.595744e-01,3.014379e-01,5.777625e-01,7.672618e-01,8.219652e-01,8.512475e-01,8.632052e-01,8.726447e-01,8.698596e-01,8.405693e-01
1.935000e-03,6.458532e+00,6.411205e+00,1.383609e+00,7.464059e-01,5.598893e-01,4.395851e-01,3.594569e-01,3.014752e-01,5.847877e-01,7.684599e-01,8.229598e-01,8.515018e-01,8.648571e-01,8.719615e-01,8.703966e-01,8.406524e-01
1.940000e-03,6.451150e+00,6.406081e+00,1.409456e+00,7.464433e-01,5.600825e-01,4.395832e-01,3.593180e-01,3.014363e-01,5.916762e-01,7.696410e-01,8.234879e-01,8.519260e-01,8.660235e-01,8.711992e-01,8.710390e-01,8.408278e-01
1.945000e-03,6.444181e+00,6.401858e+00,1.412176e+00,7.463540e-01,5.602319e-01,4.396995e-01,3.592319e-01,3.013366e-01,5.983336e-01,7.708272e-01,8.239177e-01,8.526699e-01,8.667151e-01,8.707684e-01,8.715813e-01,8.411657e-01
1.950000e-03,6.437243e+00,6.397526e+00,1.412814e+00,7.462193e-01,5.602644e-01,4.398632e-01,3.592475e-01,3.012273e-01,6.037769e-01,7.715207e-01,8.247310e-01,8.535978e-01,8.670641e-01,8.709030e-01,8.718891e-01,8.416145e-01
1.955000e-03,6.429977e+00,6.392933e+00,1.406769e+00,7.461383e-01,5.601873e-01,4.399814e-01,3.593561e-01,3.011681e-01,6.080963e-01,7.717274e-01,8.256758e-01,8.542722e-01,8.671074e-01,8.716213e-01,8.719084e-01,8.420927e-01
1.960000e-03,6.422444e+00,6.387997e+00,1.394685e+00,7.461808e-01,5.600680e-01,4.399983e-01,3.594958e-01,3.011946e-01,6.124253e-01,7.719237e-01,8.266260e-01,8.546494e-01,8.670916e-01,8.728573e-01,8.717053e-01,8.425850e-01
1.965000e-03,6.414676e+00,6.382903e+00,1.379298e+00,7.463360e-01,5.599838e-01,4.399248e-01,3.595890e-01,3.012945e-01,6.165712e-01,7.720462e-01,8.281145e-01,8.549037e-01,8.673189e-01,8.744913e-01,8.714616e-01,8.431042e-01
1.970000e-03,6.406484e+00,6.376444e+00,1.351222e+00,7.465116e-01,5.599884e-01,4.398200e-01,3.595928e-01,3.014131e-01,6.202275e-01,7.736475e-01,8.292796e-01,8.554399e-01,8.677381e-01,8.761878e-01,8.713212e-01,8.436308e-01
1.975000e-03,6.396853e+00,6.367743e+00,1.314667e+00,7.465909e-01,5.600791e-01,4.397460e-01,3.595215e-01,3.014854e-01,6.234923e-01,7.743496e-01,8.292426e-01,8.563165e-01,8.682047e-01,8.775115e-01,8.714108e-01,8.441456e-01
1.980000e-03,6.391060e+00,6.356826e+00,1.268481e+00,7.465059e-01,5.601920e-01,4.397446e-01,3.594275e-01,3.014790e-01,6.257875e-01,7.753251e-01,8.284382e-01,8.575590e-01,8.686885e-01,8.782292e-01,8.719056e-01,8.446241e-01
1.985000e-03,6.385625e+00,6.345193e+00,1.258374e+00,7.462867e-01,5.602419e-01,4.398122e-01,3.593622e-01,3.014109e-01,6.279618e-01,7.776081e-01,8.281568e-01,8.590634e-01,8.692870e-01,8.784571e-01,8.728606e-01,8.450015e-01
1.990000e-03,6.380238e+00,6.336882e+00,1.294435e+00,7.460419e-01,5.601817e-01,4.398968e-01,3.593603e-01,3.013271e-01,6.302944e-01,7.794180e-01,8.291029e-01,8.601827e-01,8.700534e-01,8.784578e-01,8.740514e-01,8.452949e-01
1.995000e-03,6.374722e+00,6.330006e+00,1.326168e+00,7.459018e-01,5.600374e-01,4.399315e-01,3.594169e-01,3.012710e-01,6.327286e-01,7.806597e-01,8.302803e-01,8.604063e-01,8.709414e-01,8.784480e-01,8.750972e-01,8.456800e-01
2.000000e-03,6.369190e+00,6.324385e+00,1.354144e+00,7.459447e-01,5.598880e-01,4.398838e-01,3.594864e-01,3.012711e-01,6.352718e-01,7.819794e-01,8.313322e-01,8.597238e-01,8.720116e-01,8.785601e-01,8.757481e-01,8.462934e-01
2.005000e-03,6.363659e+00,6.319616e+00,1.384761e+00,7.461463e-01,5.598217e-01,4.397784e-01,3.595136e-01,3.013212e-01,6.382022e-01,7.822456e-01,8.324890e-01,8.588341e-01,8.732664e-01,8.788908e-01,8.759642e-01,8.470589e-01
2.010000e-03,6.358162e+00,6.315758e+00,1.411163e+00,7.463985e-01,5.598849e-01,4.396772e-01,3.594750e-01,3.013802e-01,6.419100e-01,7.825958e-01,8.336971e-01,8.588089e-01,8.743799e-01,8.794674e-01,8.758414e-01,8.478199e-01
2.015000e-03,6.352934e+00,6.312635e+00,1.416455e+00,7.465714e-01,5.600497e-01,4.396447e-01,3.593937e-01,3.014021e-01,6.453080e-01,7.831244e-01,8.347021e-01,8.597762e-01,8.748297e-01,8.802281e-01,8.755502e-01,8.484755e-01
2.020000e-03,6.347985e+00,6.309374e+00,1.418827e+00,7.465824e-01,5.602299e-01,4.397096e-01,3.593204e-01,3.013697e-01,6.489225e-01,7.832651e-01,8.353340e-01,8.613351e-01,8.744404e-01,8.811180e-01,8.753128e-01,8.489746e-01
2.025000e-03,6.342953e+00,6.305807e+00,1.420653e+00,7.464461e-01,5.603304e-01,4.398434e-01,3.593050e-01,3.013044e-01,6.520739e-01,7.836356e-01,8.353780e-01,8.630698e-01,8.737135e-01,8.821053e-01,8.752882e-01,8.492984e-01
2.030000e-03,6.337777e+00,6.302245e+00,1.418515e+00,7.462558e-01,5.603018e-01,4.399751e-01,3.593660e-01,3.012487e-01,6.543265e-01,7.846434e-01,8.353418e-01,8.643944e-01,8.732568e-01,8.830381e-01,8.754837e-01,8.494836e-01
2.035000e-03,6.332598e+00,6.299251e+00,1.412974e+00,7.461331e-01,5.601692e-01,4.400334e-01,3.594757e-01,3.012427e-01,6.564431e-01,7.851907e-01,8.360157e-01,8.651748e-01,8.733215e-01,8.836315e-01,8.758502e-01,8.496472e-01
2.040000e-03,6.327289e+00,6.296074e+00,1.402878e+00,7.461440e-01,5.600087e-01,4.399892e-01,3.595746e-01,3.012984e-01,6.585297e-01,7.855617e-01,8.373103e-01,8.654754e-01,8.740063e-01,8.837576e-01,8.763850e-01,8.498815e-01
2.045000e-03,6.321748e+00,6.292615e+00,1.395817e+00,7.462567e-01,5.599108e-01,4.398710e-01,3.596075e-01,3.013892e-01,6.607493e-01,7.865749e-01,8.383439e-01,8.653013e-01,8.752184e-01,8.836046e-01,8.770434e-01,8.502061e-01
2.050000e-03,6.316204e+00,6.288897e+00,1.379127e+00,7.463754e-01,5.599230e-01,4.397417e-01,3.595580e-01,3.014649e-01,6.629152e-01,7.881050e-01,8.389917e-01,8.650713e-01,8.765932e-01,8.834555e-01,8.776689e-01,8.506289e-01
2.055000e-03,6.310396e+00,6.284615e+00,1.358686e+00,7.464079e-01,5.600204e-01,4.396704e-01,3.594542e-01,3.014828e-01,6.648730e-01,7.886975e-01,8.391459e-01,8.653169e-01,8.777545e-01,8.834765e-01,8.781256e-01,8.511969e-01
2.060000e-03,6.304342e+00,6.279812e+00,1.336587e+00,7.463249e-01,5.601281e-01,4.396903e-01,3.593485e-01,3.014339e-01,6.664627e-01,7.897172e-01,8.389659e-01,8.661184e-01,8.784353e-01,8.837482e-01,8.784757e-01,8.519374e-01
2.065000e-03,6.299586e+00,6.272994e+00,1.309719e+00,7.461803e-01,5.601733e-01,4.397776e-01,3.592964e-01,3.013444e-01,6.679703e-01,7.911856e-01,8.392946e-01,8.671815e-01,8.785878e-01,8.843150e-01,8.788718e-01,8.527854e-01
2.070000e-03,6.295936e+00,6.265541e+00,1.280247e+00,7.460665e-01,5.601311e-01,4.398701e-01,3.593219e-01,3.012599e-01,6.691103e-01,7.922783e-01,8.402351e-01,8.680640e-01,8.785080e-01,8.851768e-01,8.793524e-01,8.536409e-01
2.075000e-03,6.292180e+00,6.256810e+00,1.251622e+00,7.460616e-01,5.600382e-01,4.399102e-01,3.594021e-01,3.012254e-01,6.700892e-01,7.933361e-01,8.410729e-01,8.683622e-01,8.785875e-01,8.862462e-01,8.798068e-01,8.544704e-01
2.080000e-03,6.288538e+00,6.250681e+00,1.271880e+00,7.461813e-01,5.599623e-01,4.398795e-01,3.594830e-01,3.012580e-01,6.713369e-01,7.942300e-01,8.417046e-01,8.680790e-01,8.789768e-01,8.873336e-01,8.801274e-01,8.552949e-01
2.085000e-03,6.284681e+00,6.245228e+00,1.297285e+00,7.463726e-01,5.599595e-01,4.398085e-01,3.595170e-01,3.013348e-01,6.726073e-01,7.944921e-01,8.424526e-01,8.678454e-01,8.796047e-01,8.882201e-01,8.803214e-01,8.560910e-01
2.090000e-03,6.280698e+00,6.240245e+00,1.323466e+00,7.465419e-01,5.600391e-01,4.397516e-01,3.594907e-01,3.014083e-01,6.739400e-01,7.951522e-01,8.432273e-01,8.681671e-01,8.802686e-01,8.887971e-01,8.805070e-01,8.567808e-01
2.095000e-03,6.276854e+00,6.236178e+00,1.344633e+00,7.465958e-01,5.601613e-01,4.397509e-01,3.594311e-01,3.014392e-01,6.755200e-01,7.955724e-01,8.437889e-01,8.689128e-01,8.806682e-01,8.890955e-01,8.808012e-01,8.572793e-01
2.100000e-03,6.273046e+00,6.232785e+00,1.363145e+00,7.464980e-01,5.602586e-01,4.398111e-01,3.593842e-01,3.014181e-01,6.769416e-01,7.957543e-01,8.439239e-01,8.698495e-01,8.807079e-01,8.892195e-01,8.812157e-01,8.575754e-01
2.105000e-03,6.269435e+00,6.229610e+00,1.382414e+00,7.462974e-01,5.602695e-01,4.398984e-01,3.593832e-01,3.013707e-01,6.783752e-01,7.962319e-01,8.438810e-01,8.707014e-01,8.806404e-01,8.892791e-01,8.816689e-01,8.577745e-01
2.110000e-03,6.265910e+00,6.226808e+00,1.401822e+00,7.461017e-01,5.601787e-01,4.399602e-01,3.594307e-01,3.013358e-01,6.799149e-01,7.967183e-01,8.441915e-01,8.712664e-01,8.807158e-01,8.893092e-01,8.820685e-01,8.580184e-01
2.115000e-03,6.262490e+00,6.224368e+00,1.418929e+00,7.460156e-01,5.600290e-01,4.399538e-01,3.594970e-01,3.013397e-01,6.817433e-01,7.969345e-01,8.449284e-01,8.715244e-01,8.809813e-01,8.892902e-01,8.823588e-01,8.583768e-01
2.120000e-03,6.259182e+00,6.222095e+00,1.433288e+00,7.460729e-01,5.599003e-01,4.398746e-01,3.595396e-01,3.013828e-01,6.832160e-01,7.969060e-01,8.457652e-01,8.715004e-01,8.814170e-01,8.892835e-01,8.824908e-01,8.588431e-01
2.125000e-03,6.256069e+00,6.220179e+00,1.435177e+00,7.462232e-01,5.598637e-01,4.397603e-01,3.595267e-01,3.014393e-01,6.848692e-01,7.968029e-01,8.464935e-01,8.713856e-01,8.819625e-01,8.894082e-01,8.824346e-01,8.593858e-01
2.130000e-03,6.253073e+00,6.218195e+00,1.432019e+00,7.463695e-01,5.599347e-01,4.396725e-01,3.594587e-01,3.014739e-01,6.865503e-01,7.971041e-01,8.468770e-01,8.715290e-01,8.824881e-01,8.896790e-01,8.822180e-01,8.599555e-01
2.135000e-03,6.250045e+00,6.216007e+00,1.430109e+00,7.464257e-01,5.600672e-01,4.396614e-01,3.593687e-01,3.014625e-01,6.881989e-01,7.977508e-01,8.468748e-01,8.721120e-01,8.828620e-01,8.900114e-01,8.819662e-01,8.604937e-01
2.140000e-03,6.246990e+00,6.213849e+00,1.428842e+00,7.463754e-01,5.601852e-01,4.397319e-01,3.593065e-01,3.014086e-01,6.895662e-01,7.981829e-01,8.466661e-01,8.730520e-01,8.830402e-01,8.903507e-01,8.818528e-01,8.609365e-01
2.145000e-03,6.243932e+00,6.211993e+00,1.427573e+00,7.462720e-01,5.602253e-01,4.398430e-01,3.593092e-01,3.013402e-01,6.905082e-01,7.988262e-01,8.463789e-01,8.740300e-01,8.831404e-01,8.907194e-01,8.819620e-01,8.612317e-01
2.150000e-03,6.240786e+00,6.210091e+00,1.425978e+00,7.461936e-01,5.601779e-01,4.399338e-01,3.593760e-01,3.012987e-01,6.915519e-01,7.995233e-01,8.463194e-01,8.746490e-01,8.833696e-01,8.911663e-01,8.822245e-01,8.613888e-01
2.155000e-03,6.237682e+00,6.208313e+00,1.421657e+00,7.461980e-01,5.600864e-01,4.399575e-01,3.594700e-01,3.013118e-01,6.924116e-01,8.001528e-01,8.467026e-01,8.747154e-01,8.838478e-01,8.916882e-01,8.824844e-01,8.615113e-01
2.160000e-03,6.234460e+00,6.206222e+00,1.415867e+00,7.462855e-01,5.600122e-01,4.399103e-01,3.595409e-01,3.013753e-01,6.932165e-01,8.007585e-01,8.472507e-01,8.742711e-01,8.845386e-01,8.922414e-01,8.826528e-01,8.617040e-01
2.165000e-03,6.231144e+00,6.204116e+00,1.409104e+00,7.464014e-01,5.599996e-01,4.398304e-01,3.595527e-01,3.014559e-01,6.942146e-01,8.011722e-01,8.477302e-01,8.736272e-01,8.852865e-01,8.928050e-01,8.827831e-01,8.619757e-01
2.170000e-03,6.227759e+00,6.202009e+00,1.402652e+00,7.464684e-01,5.600513e-01,4.397674e-01,3.595059e-01,3.015117e-01,6.952079e-01,8.016706e-01,8.480396e-01,8.732443e-01,8.858909e-01,8.933797e-01,8.829879e-01,8.622700e-01
2.175000e-03,6.224435e+00,6.199937e+00,1.398043e+00,7.464303e-01,5.601290e-01,4.397555e-01,3.594350e-01,3.015151e-01,6.962746e-01,8.021321e-01,8.482165e-01,8.733345e-01,8.861770e-01,8.939594e-01,8.833397e-01,8.625516e-01
2.180000e-03,6.221208e+00,6.197778e+00,1.389214e+00,7.462976e-01,5.601764e-01,4.397954e-01,3.593810e-01,3.014701e-01,6.972575e-01,8.025492e-01,8.483492e-01,8.738136e-01,8.860657e-01,8.945268e-01,8.838435e-01,8.628425e-01
2.185000e-03,6.218029e+00,6.195426e+00,1.376713e+00,7.461396e-01,5.601534e-01,4.398556e-01,3.593714e-01,3.014075e-01,6.981651e-01,8.032053e-01,8.484697e-01,8.744194e-01,8.856405e-01,8.950588e-01,8.844465e-01,8.631936e-01
2.190000e-03,6.214696e+00,6.192643e+00,1.362667e+00,7.460417e-01,5.600680e-01,4.398918e-01,3.594057e-01,3.013616e-01,6.988024e-01,8.037702e-01,8.487382e-01,8.748883e-01,8.851488e-01,8.955189e-01,8.850563e-01,8.636438e-01
2.195000e-03,6.211191e+00,6.189457e+00,1.348794e+00,7.460585e-01,5.599697e-01,4.398745e-01,3.594565e-01,3.013552e-01,6.991611e-01,8.039658e-01,8.492126e-01,8.750964e-01,8.848464e-01,8.958466e-01,8.855686e-01,8.641956e-01
2.200000e-03,6.208477e+00,6.186238e+00,1.334743e+00,7.461824e-01,5.599186e-01,4.398117e-01,3.594867e-01,3.013865e-01,6.996058e-01,8.039402e-01,8.497954e-01,8.751073e-01,8.848420e-01,8.959683e-01,8.859165e-01,8.648107e-01
2.205000e-03,6.206128e+00,6.182758e+00,1.318848e+00,7.463514e-01,5.599487e-01,4.397431e-01,3.594731e-01,3.014290e-01,7.000906e-01,8.040904e-01,8.503687e-01,8.751036e-01,8.850773e-01,8.958495e-01,8.860784e-01,8.654161e-01
2.210000e-03,6.203780e+00,6.178844e+00,1.302435e+00,7.464785e-01,5.600484e-01,4.397139e-01,3.594241e-01,3.014518e-01,7.006549e-01,8.043890e-01,8.507658e-01,8.752719e-01,8.854184e-01,8.955365e-01,8.860828e-01,8.659312e-01
2.215000e-03,6.201657e+00,6.174785e+00,1.286426e+00,7.464987e-01,5.601679e-01,4.397467e-01,3.593725e-01,3.014373e-01,7.011011e-01,8.047218e-01,8.508113e-01,8.756633e-01,8.857434e-01,8.951377e-01,8.859895e-01,8.663061e-01
2.220000e-03,6.199591e+00,6.170426e+00,1.270852e+00,7.464123e-01,5.602436e-01,4.398275e-01,3.593546e-01,3.013942e-01,7.015012e-01,8.050084e-01,8.505107e-01,8.761885e-01,8.859743e-01,8.947761e-01,8.858576e-01,8.665364e-01
2.225000e-03,6.197638e+00,6.166050e+00,1.256735e+00,7.462769e-01,5.602341e-01,4.399153e-01,3.593859e-01,3.013506e-01,7.018904e-01,8.052336e-01,8.502599e-01,8.766824e-01,8.861266e-01,8.945641e-01,8.857057e-01,8.666725e-01
2.230000e-03,6.195782e+00,6.162183e+00,1.254228e+00,7.461735e-01,5.601486e-01,4.399615e-01,3.594524e-01,3.013354e-01,7.023973e-01,8.055568e-01,8.504194e-01,8.769503e-01,8.862930e-01,8.945752e-01,8.855263e-01,8.667792e-01
2.235000e-03,6.193925e+00,6.159258e+00,1.266577e+00,7.461582e-01,5.600363e-01,4.399394e-01,3.595190e-01,3.013599e-01,7.026527e-01,8.057179e-01,8.509492e-01,8.768298e-01,8.865304e-01,8.948221e-01,8.852965e-01,8.668862e-01
2.240000e-03,6.192047e+00,6.156463e+00,1.279556e+00,7.462268e-01,5.599587e-01,4.398625e-01,3.595476e-01,3.014105e-01,7.031933e-01,8.056943e-01,8.515048e-01,8.763599e-01,8.868069e-01,8.952583e-01,8.850163e-01,8.669999e-01
2.245000e-03,6.190178e+00,6.153837e+00,1.292443e+00,7.463217e-01,5.599546e-01,4.397726e-01,3.595205e-01,3.014576e-01,7.036773e-01,8.056586e-01,8.518534e-01,8.758585e-01,8.870491e-01,8.958017e-01,8.847418e-01,8.671031e-01
2.250000e-03,6.188383e+00,6.151550e+00,1.304679e+00,7.463699e-01,5.600172e-01,4.397172e-01,3.594526e-01,3.014694e-01,7.042953e-01,8.056993e-01,8.519715e-01,8.756989e-01,8.871633e-01,8.963480e-01,8.845750e-01,8.671643e-01
2.255000e-03,6.186704e+00,6.149584e+00,1.315737e+00,7.463354e-01,5.601006e-01,4.397227e-01,3.593796e-01,3.014360e-01,7.047419e-01,8.058278e-01,8.518515e-01,8.760163e-01,8.870602e-01,8.967969e-01,8.846020e-01,8.671658e-01
2.260000e-03,6.185140e+00,6.147912e+00,1.324475e+00,7.462448e-01,5.601489e-01,4.397799e-01,3.593392e-01,3.013723e-01,7.052394e-01,8.060064e-01,8.515113e-01,8.766047e-01,8.867475e-01,8.970976e-01,8.848499e-01,8.671294e-01
2.265000e-03,6.183715e+00,6.146405e+00,1.332263e+00,7.461605e-01,5.601341e-01,4.398506e-01,3.593507e-01,3.013078e-01,7.057801e-01,8.061596e-01,8.511407e-01,8.771409e-01,8.863858e-01,8.972553e-01,8.852667e-01,8.671112e-01
2.270000e-03,6.182330e+00,6.144988e+00,1.339878e+00,7.461409e-01,5.600740e-01,4.398907e-01,3.594037e-01,3.012735e-01,7.062505e-01,8.062439e-01,8.510131e-01,8.773887e-01,8.861875e-01,8.972911e-01,8.857347e-01,8.671769e-01
2.275000e-03,6.180981e+00,6.143660e+00,1.346941e+00,7.462065e-01,5.600143e-01,4.398794e-01,3.594648e-01,3.012840e-01,7.065637e-01,8.061503e-01,8.511580e-01,8.772377e-01,8.862523e-01,8.972101e-01,8.861199e-01,8.673869e-01
2.280000e-03,6.179668e+00,6.142458e+00,1.353128e+00,7.463278e-01,5.599979e-01,4.398318e-01,3.594978e-01,3.013285e-01,7.070001e-01,8.058865e-01,8.514095e-01,8.767517e-01,8.865382e-01,8.970349e-01,8.863530e-01,8.677487e-01
2.285000e-03,6.178385e+00,6.141283e+00,1.359592e+00,7.464414e-01,5.600389e-01,4.397853e-01,3.594869e-01,3.013771e-01,7.074594e-01,8.057991e-01,8.515264e-01,8.761993e-01,8.869302e-01,8.968288e-01,8.864346e-01,8.681919e-01
2.290000e-03,6.177185e+00,6.140155e+00,1.366422e+00,7.464830e-01,5.601159e-01,4.397724e-01,3.594461e-01,3.013995e-01,7.079216e-01,8.058588e-01,8.513909e-01,8.758691e-01,8.872576e-01,8.966745e-01,8.864038e-01,8.686239e-01
2.295000e-03,6.176025e+00,6.139103e+00,1.373262e+00,7.464263e-01,5.601840e-01,4.398030e-01,3.594068e-01,3.013836e-01,7.082856e-01,8.058361e-01,8.509774e-01,8.758539e-01,8.873383e-01,8.966281e-01,8.863245e-01,8.689884e-01
2.300000e-03,6.174957e+00,6.138153e+00,1.379626e+00,7.462996e-01,5.601992e-01,4.398588e-01,3.593957e-01,3.013426e-01,7.085468e-01,8.059567e-01,8.503949e-01,8.760293e-01,8.871072e-01,8.967090e-01,8.862732e-01,8.692653e-01
2.305000e-03,6.173980e+00,6.137280e+00,1.385259e+00,7.461675e-01,5.601474e-01,4.399046e-01,3.594196e-01,3.013045e-01,7.087176e-01,8.062249e-01,8.499840e-01,8.761595e-01,8.866753e-01,8.969107e-01,8.862975e-01,8.694782e-01
2.310000e-03,6.173067e+00,6.136482e+00,1.390345e+00,7.460985e-01,5.600535e-01,4.399083e-01,3.594629e-01,3.012909e-01,7.089011e-01,8.063907e-01,8.499257e-01,8.760450e-01,8.862434e-01,8.971972e-01,8.863914e-01,8.696729e-01
2.315000e-03,6.172200e+00,6.135767e+00,1.395016e+00,7.461251e-01,5.599666e-01,4.398630e-01,3.594964e-01,3.013068e-01,7.090582e-01,8.063791e-01,8.500870e-01,8.755805e-01,8.859631e-01,8.974946e-01,8.865111e-01,8.698920e-01
2.320000e-03,6.171394e+00,6.135154e+00,1.399247e+00,7.462256e-01,5.599338e-01,4.397908e-01,3.594953e-01,3.013379e-01,7.092914e-01,8.062397e-01,8.503064e-01,8.748782e-01,8.858691e-01,8.977170e-01,8.866302e-01,8.701465e-01
2.325000e-03,6.170673e+00,6.134637e+00,1.402779e+00,7.463370e-01,5.599725e-01,4.397308e-01,3.594562e-01,3.013598e-01,7.095670e-01,8.060840e-01,8.504220e-01,8.742767e-01,8.858978e-01,8.978111e-01,8.867699e-01,8.704204e-01
2.330000e-03,6.170031e+00,6.134199e+00,1.405917e+00,7.463940e-01,5.600605e-01,4.397166e-01,3.593990e-01,3.013532e-01,7.098573e-01,8.060443e-01,8.503029e-01,8.740392e-01,8.859166e-01,8.977780e-01,8.869672e-01,8.706848e-01
2.335000e-03,6.169486e+00,6.133800e+00,1.408677e+00,7.463724e-01,5.601477e-01,4.397571e-01,3.593558e-01,3.013166e-01,7.100828e-01,8.060811e-01,8.499181e-01,8.741619e-01,8.857944e-01,8.976619e-01,8.872293e-01,8.709317e-01
2.340000e-03,6.169029e+00,6.133441e+00,1.410737e+00,7.463001e-01,5.601860e-01,4.398310e-01,3.593517e-01,3.012685e-01,7.102422e-01,8.061201e-01,8.493818e-01,8.744747e-01,8.855245e-01,8.975316e-01,8.875135e-01,8.711829e-01
2.345000e-03,6.168634e+00,6.133106e+00,1.412305e+00,7.462307e-01,5.601605e-01,4.398976e-01,3.593910e-01,3.012349e-01,7.103149e-01,8.061474e-01,8.489276e-01,8.747319e-01,8.852418e-01,8.974527e-01,8.877641e-01,8.714698e-01
2.350000e-03,6.168271e+00,6.132788e+00,1.413698e+00,7.462127e-01,5.600957e-01,4.399210e-01,3.594535e-01,3.012349e-01,7.103361e-01,8.061335e-01,8.487694e-01,8.747081e-01,8.850962e-01,8.974506e-01,8.879404e-01,8.717976e-01
2.355000e-03,6.167925e+00,6.132507e+00,1.414691e+00,7.462588e-01,5.600340e-01,4.398931e-01,3.595054e-01,3.012697e-01,7.103322e-01,8.059838e-01,8.488800e-01,8.743396e-01,8.851563e-01,8.975072e-01,8.880270e-01,8.721508e-01
2.360000e-03,6.167606e+00,6.132281e+00,1.415136e+00,7.463369e-01,5.600122e-01,4.398362e-01,3.595188e-01,3.013210e-01,7.103408e-01,8.057648e-01,8.490324e-01,8.737581e-01,8.853968e-01,8.975954e-01,8.880395e-01,8.725066e-01
2.365000e-03,6.167335e+00,6.132096e+00,1.415410e+00,7.463918e-01,5.600400e-01,4.397853e-01,3.594899e-01,3.013602e-01,7.103628e-01,8.056030e-01,8.490462e-01,8.732211e-01,8.857006e-01,8.977029e-01,8.880082e-01,8.728483e-01
2.370000e-03,6.167137e+00,6.131945e+00,1.415484e+00,7.463807e-01,5.600946e-01,4.397680e-01,3.594395e-01,3.013656e-01,7.103751e-01,8.055188e-01,8.488727e-01,8.729680e-01,8.859037e-01,8.978241e-01,8.879826e-01,8.731531e-01
2.375000e-03,6.167030e+00,6.131829e+00,1.415289e+00,7.463035e-01,5.601358e-01,4.397906e-01,3.593967e-01,3.013365e-01,7.103308e-01,8.054911e-01,8.485528e-01,8.730607e-01,8.858850e-01,8.979566e-01,8.880071e-01,8.734024e-01
2.380000e-03,6.167011e+00,6.131749e+00,1.414768e+00,7.462010e-01,5.601322e-01,4.398341e-01,3.593834e-01,3.012917e-01,7.101930e-01,8.054988e-01,8.482356e-01,8.733487e-01,8.856449e-01,8.981055e-01,8.881084e-01,8.735939e-01
2.385000e-03,6.167060e+00,6.131704e+00,1.413832e+00,7.461302e-01,5.600836e-01,4.398666e-01,3.594037e-01,3.012556e-01,7.099710e-01,8.054841e-01,8.480909e-01,8.736001e-01,8.853108e-01,8.982754e-01,8.882736e-01,8.737525e-01
2.390000e-03,6.167152e+00,6.131693e+00,1.412795e+00,7.461328e-01,5.600192e-01,4.398644e-01,3.594410e-01,3.012461e-01,7.097045e-01,8.053796e-01,8.481900e-01,8.736378e-01,8.850540e-01,8.984485e-01,8.884462e-01,8.739142e-01
2.395000e-03,6.167271e+00,6.131717e+00,1.411834e+00,7.462103e-01,5.599790e-01,4.398286e-01,3.594684e-01,3.012657e-01,7.094413e-01,8.051770e-01,8.484489e-01,8.734348e-01,8.849823e-01,8.985837e-01,8.885637e-01,8.741075e-01
2.400000e-03,6.167420e+00,6.131783e+00,1.411004e+00,7.463227e-01,5.599903e-01,4.397827e-01,3.594671e-01,3.012986e-01,7.092160e-01,8.049263e-01,8.486899e-01,8.731372e-01,8.850965e-01,8.986432e-01,8.886166e-01,8.743335e-01
2.405000e-03,6.167613e+00,6.131901e+00,1.409995e+00,7.464117e-01,5.600509e-01,4.397571e-01,3.594389e-01,3.013223e-01,7.090382e-01,8.047073e-01,8.487558e-01,8.729597e-01,8.853131e-01,8.986174e-01,8.886506e-01,8.745546e-01
2.410000e-03,6.167870e+00,6.132064e+00,1.408871e+00,7.464325e-01,5.601296e-01,4.397710e-01,3.594035e-01,3.013216e-01,7.088859e-01,8.045741e-01,8.485908e-01,8.730392e-01,8.855120e-01,8.985294e-01,8.887066e-01,8.747272e-01
2.415000e-03,6.168193e+00,6.132259e+00,1.407595e+00,7.463796e-01,5.601838e-01,4.398199e-01,3.593855e-01,3.012989e-01,7.087212e-01,8.045242e-01,8.482702e-01,8.733462e-01,8.856011e-01,8.984234e-01,8.887782e-01,8.748557e-01
2.420000e-03,6.168572e+00,6.132479e+00,1.406158e+00,7.462864e-01,5.601835e-01,4.398781e-01,3.593992e-01,3.012714e-01,7.085128e-01,8.045169e-01,8.479593e-01,8.737027e-01,8.855762e-01,8.983520e-01,8.888409e-01,8.749707e-01
2.425000e-03,6.168981e+00,6.132716e+00,1.404616e+00,7.462061e-01,5.601303e-01,4.399125e-01,3.594395e-01,3.012593e-01,7.082616e-01,8.044921e-01,8.478185e-01,8.738907e-01,8.855204e-01,8.983648e-01,8.888802e-01,8.750792e-01
2.430000e-03,6.169399e+00,6.132980e+00,1.402739e+00,7.461826e-01,5.600540e-01,4.399029e-01,3.594842e-01,3.012733e-01,7.079953e-01,8.044008e-01,8.479074e-01,8.737875e-01,8.855360e-01,8.984781e-01,8.888906e-01,8.751871e-01
2.435000e-03,6.169818e+00,6.133278e+00,1.400540e+00,7.462222e-01,5.599954e-01,4.398546e-01,3.595068e-01,3.013083e-01,7.077475e-01,8.042394e-01,8.481469e-01,8.734412e-01,8.856668e-01,8.986653e-01,8.888732e-01,8.753191e-01
2.440000e-03,6.170242e+00,6.133597e+00,1.398263e+00,7.462911e-01,5.599848e-01,4.397936e-01,3.594932e-01,3.013448e-01,7.075403e-01,8.040496e-01,8.483700e-01,8.730407e-01,8.858668e-01,8.988795e-01,8.888463e-01,8.754902e-01
2.445000e-03,6.170682e+00,6.133928e+00,1.396061e+00,7.463390e-01,5.600238e-01,4.397518e-01,3.594503e-01,3.013613e-01,7.073643e-01,8.039037e-01,8.484251e-01,8.728066e-01,8.860280e-01,8.990818e-01,8.888460e-01,8.756897e-01
2.450000e-03,6.171152e+00,6.134271e+00,1.393740e+00,7.463332e-01,5.600843e-01,4.397502e-01,3.594007e-01,3.013479e-01,7.071843e-01,8.038231e-01,8.482620e-01,8.728625e-01,8.860507e-01,8.992543e-01,8.889050e-01,8.758874e-01
2.455000e-03,6.171657e+00,6.134620e+00,1.391238e+00,7.462803e-01,5.601270e-01,4.397871e-01,3.593700e-01,3.013120e-01,7.069681e-01,8.037917e-01,8.479596e-01,8.731639e-01,8.859117e-01,8.993966e-01,8.890331e-01,8.760530e-01
2.460000e-03,6.172182e+00,6.134968e+00,1.388610e+00,7.462183e-01,5.601276e-01,4.398382e-01,3.593739e-01,3.012735e-01,7.066967e-01,8.037699e-01,8.476760e-01,8.735230e-01,8.856846e-01,8.995109e-01,8.892049e-01,8.761831e-01
2.465000e-03,6.172709e+00,6.135310e+00,1.385873e+00,7.461920e-01,5.600912e-01,4.398724e-01,3.594087e-01,3.012535e-01,7.063773e-01,8.037053e-01,8.475467e-01,8.737204e-01,8.855010e-01,8.995979e-01,8.893689e-01,8.762976e-01
2.470000e-03,6.173214e+00,6.135652e+00,1.383081e+00,7.462239e-01,5.600457e-01,4.398719e-01,3.594526e-01,3.012632e-01,7.060601e-01,8.035508e-01,8.475956e-01,8.736382e-01,8.854752e-01,8.996541e-01,8.894818e-01,8.764128e-01
2.475000e-03,6.173695e+00,6.136002e+00,1.380224e+00,7.462997e-01,5.600238e-01,4.398420e-01,3.594802e-01,3.012976e-01,7.057818e-01,8.033333e-01,8.477238e-01,8.733222e-01,8.856379e-01,8.996734e-01,8.895162e-01,8.765343e-01
2.480000e-03,6.174155e+00,6.136359e+00,1.377472e+00,7.463767e-01,5.600418e-01,4.398058e-01,3.594780e-01,3.013374e-01,7.055499e-01,8.030973e-01,8.477866e-01,8.729483e-01,8.859148e-01,8.996588e-01,8.894761e-01,8.766597e-01
2.485000e-03,6.174617e+00,6.136732e+00,1.374716e+00,7.464102e-01,5.600899e-01,4.397882e-01,3.594517e-01,3.013613e-01,7.053429e-01,8.028892e-01,8.476771e-01,8.727126e-01,8.861677e-01,8.996321e-01,8.893910e-01,8.767783e-01
2.490000e-03,6.175095e+00,6.137105e+00,1.371889e+00,7.463792e-01,5.601377e-01,4.398014e-01,3.594208e-01,3.013593e-01,7.051784e-01,8.027588e-01,8.473909e-01,8.727063e-01,8.862732e-01,8.996284e-01,8.893041e-01,8.768723e-01
2.495000e-03,6.175595e+00,6.137481e+00,1.368955e+00,7.462983e-01,5.601541e-01,4.398367e-01,3.594059e-01,3.013375e-01,7.049535e-01,8.026830e-01,8.470349e-01,8.728680e-01,8.861912e-01,8.996789e-01,8.892421e-01,8.769314e-01
2.500000e-03,6.176108e+00,6.137856e+00,1.365934e+00,7.462089e-01,5.601263e-01,4.398703e-01,3.594162e-01,3.013129e-01,7.046759e-01,8.026151e-01,8.467535e-01,8.730298e-01,8.859817e-01,8.997918e-01,8.892089e-01,8.769639e-01
