t_s,x_p50_rt,x_shock_rt,dpdx_max,p_256,p_336,p_416,p_495,p_575,p_655,p_735,p_814,p_894,p_973,p_1053,p_1133,p_1212
1.500000e-07,5.691927e+00,1.003928e+00,2.101761e+00,1.217695e+00,8.996183e-01,7.084601e-01,5.782967e-01,4.885887e-01,4.248987e-01,3.669153e-01,3.470896e-01,7.359626e-01,8.149418e-01,8.466597e-01,8.698952e-01,8.887227e-01
2.500000e-06,8.369466e+00,8.330675e+00,9.560004e-01,1.141108e+00,8.482949e-01,6.628632e-01,5.447752e-01,4.574658e-01,3.955844e-01,3.469613e-01,3.278190e-01,7.359716e-01,8.127585e-01,8.426562e-01,8.682093e-01,8.666785e-01
5.000000e-06,8.376621e+00,8.355803e+00,8.501089e-01,1.140071e+00,8.454336e-01,6.628556e-01,5.425947e-01,4.564565e-01,3.941582e-01,3.461690e-01,3.290767e-01,7.301388e-01,8.131199e-01,8.431562e-01,8.691784e-01,8.685883e-01
7.500000e-06,8.372872e+00,8.365739e+00,7.796689e-01,1.136795e+00,8.460451e-01,6.616652e-01,5.428962e-01,4.572825e-01,3.953561e-01,3.462989e-01,3.299144e-01,7.214428e-01,8.139490e-01,8.433325e-01,8.700082e-01,8.674206e-01
1.000000e-05,8.369003e+00,8.227892e+00,9.133214e-01,1.142343e+00,8.461876e-01,6.613670e-01,5.428320e-01,4.570622e-01,3.952206e-01,3.467825e-01,3.306754e-01,7.179553e-01,8.136823e-01,8.438136e-01,8.706533e-01,8.676821e-01
1.250000e-05,8.330866e+00,8.223882e+00,1.075228e+00,1.145373e+00,8.494073e-01,6.615006e-01,5.426774e-01,4.567030e-01,3.952444e-01,3.458842e-01,3.296279e-01,7.231262e-01,8.111017e-01,8.451112e-01,8.713293e-01,8.697140e-01
1.500000e-05,8.292887e+00,8.225333e+00,1.225887e+00,1.138507e+00,8.527440e-01,6.644543e-01,5.444634e-01,4.575218e-01,3.955995e-01,3.447470e-01,3.280728e-01,7.372089e-01,8.086509e-01,8.465694e-01,8.718775e-01,8.732437e-01
1.750000e-05,8.282038e+00,8.228622e+00,1.340505e+00,1.132745e+00,8.528191e-01,6.673844e-01,5.468720e-01,4.582070e-01,3.956194e-01,3.434431e-01,3.268750e-01,7.388114e-01,8.044206e-01,8.473269e-01,8.720064e-01,8.766985e-01
2.000000e-05,8.276018e+00,8.231368e+00,1.412900e+00,1.130100e+00,8.522769e-01,6.679925e-01,5.480114e-01,4.584453e-01,3.946996e-01,3.419297e-01,3.267909e-01,7.301600e-01,8.001831e-01,8.471686e-01,8.718733e-01,8.771655e-01
2.250000e-05,8.272407e+00,8.233064e+00,1.449186e+00,1.127714e+00,8.515177e-01,6.680825e-01,5.470023e-01,4.573840e-01,3.931720e-01,3.410359e-01,3.275815e-01,7.180433e-01,8.048344e-01,8.464387e-01,8.718406e-01,8.749421e-01
2.500000e-05,8.269870e+00,8.233866e+00,1.461644e+00,1.129676e+00,8.482992e-01,6.689613e-01,5.461264e-01,4.566066e-01,3.923430e-01,3.408710e-01,3.289710e-01,7.117217e-01,8.113359e-01,8.446555e-01,8.714153e-01,8.725735e-01
2.750000e-05,8.267831e+00,8.233529e+00,1.460003e+00,1.128523e+00,8.489646e-01,6.679629e-01,5.455157e-01,4.563612e-01,3.920382e-01,3.412155e-01,3.305630e-01,7.068671e-01,8.140739e-01,8.410052e-01,8.704165e-01,8.713274e-01
3.000000e-05,8.266203e+00,8.232404e+00,1.451173e+00,1.133087e+00,8.504476e-01,6.660715e-01,5.445188e-01,4.561894e-01,3.918622e-01,3.414955e-01,3.320361e-01,6.984654e-01,8.187045e-01,8.381745e-01,8.701228e-01,8.709053e-01
3.250000e-05,8.264710e+00,8.230333e+00,1.437166e+00,1.129295e+00,8.484698e-01,6.659384e-01,5.441707e-01,4.559065e-01,3.914869e-01,3.417370e-01,3.335891e-01,6.908865e-01,8.261623e-01,8.397302e-01,8.711047e-01,8.705681e-01
3.500000e-05,8.262953e+00,8.227604e+00,1.422964e+00,1.134392e+00,8.497195e-01,6.655071e-01,5.441908e-01,4.564425e-01,3.914381e-01,3.422189e-01,3.352662e-01,6.903722e-01,8.302877e-01,8.444032e-01,8.716065e-01,8.700532e-01
3.750000e-05,8.260782e+00,8.224627e+00,1.412504e+00,1.135859e+00,8.494144e-01,6.655216e-01,5.429782e-01,4.570639e-01,3.917300e-01,3.426755e-01,3.369693e-01,6.944868e-01,8.271003e-01,8.478620e-01,8.701650e-01,8.696770e-01
4.000000e-05,8.258303e+00,8.221738e+00,1.406499e+00,1.135118e+00,8.517001e-01,6.664790e-01,5.429858e-01,4.565992e-01,3.919001e-01,3.428464e-01,3.386338e-01,7.008827e-01,8.190787e-01,8.483018e-01,8.681467e-01,8.694994e-01
4.250000e-05,8.255700e+00,8.219087e+00,1.400349e+00,1.133800e+00,8.497679e-01,6.662050e-01,5.447867e-01,4.561204e-01,3.921329e-01,3.427763e-01,3.405027e-01,7.078349e-01,8.106614e-01,8.473880e-01,8.679958e-01,8.688554e-01
4.500000e-05,8.252685e+00,8.216624e+00,1.394495e+00,1.134952e+00,8.519763e-01,6.672644e-01,5.452187e-01,4.564185e-01,3.928040e-01,3.430215e-01,3.428634e-01,7.147323e-01,8.039120e-01,8.481306e-01,8.700839e-01,8.672570e-01
4.750000e-05,8.249378e+00,8.214384e+00,1.390523e+00,1.135013e+00,8.529350e-01,6.671964e-01,5.452564e-01,4.565401e-01,3.929552e-01,3.434050e-01,3.454031e-01,7.225390e-01,7.989535e-01,8.526299e-01,8.725227e-01,8.653021e-01
5.000000e-05,8.246201e+00,8.212288e+00,1.386969e+00,1.131098e+00,8.522958e-01,6.681675e-01,5.453430e-01,4.569943e-01,3.922201e-01,3.432004e-01,3.477645e-01,7.299580e-01,7.951306e-01,8.601411e-01,8.735576e-01,8.641542e-01
5.250000e-05,8.243343e+00,8.210199e+00,1.379767e+00,1.128163e+00,8.525350e-01,6.668927e-01,5.449659e-01,4.576203e-01,3.920570e-01,3.426059e-01,3.501096e-01,7.355702e-01,7.918697e-01,8.670722e-01,8.729921e-01,8.645330e-01
5.500000e-05,8.240277e+00,8.207894e+00,1.370666e+00,1.129907e+00,8.526463e-01,6.681127e-01,5.457020e-01,4.572971e-01,3.926699e-01,3.422948e-01,3.526847e-01,7.397228e-01,7.901401e-01,8.703847e-01,8.715648e-01,8.660395e-01
5.750000e-05,8.237055e+00,8.205612e+00,1.365564e+00,1.134659e+00,8.534337e-01,6.694294e-01,5.460095e-01,4.573789e-01,3.928622e-01,3.421324e-01,3.550477e-01,7.437178e-01,7.909220e-01,8.697106e-01,8.701222e-01,8.675193e-01
6.000000e-05,8.234590e+00,8.203691e+00,1.363798e+00,1.139083e+00,8.546124e-01,6.690864e-01,5.464387e-01,4.575447e-01,3.930978e-01,3.420318e-01,3.565635e-01,7.478352e-01,7.938494e-01,8.658806e-01,8.695254e-01,8.680083e-01
6.250000e-05,8.232865e+00,8.201917e+00,1.358532e+00,1.141922e+00,8.541412e-01,6.692922e-01,5.454943e-01,4.572141e-01,3.933163e-01,3.425414e-01,3.577900e-01,7.500808e-01,7.978567e-01,8.594092e-01,8.706826e-01,8.673933e-01
6.500000e-05,8.230854e+00,8.199870e+00,1.350266e+00,1.142972e+00,8.513134e-01,6.699224e-01,5.465685e-01,4.574635e-01,3.929940e-01,3.430822e-01,3.594756e-01,7.494552e-01,8.013265e-01,8.506632e-01,8.741654e-01,8.660615e-01
6.750000e-05,8.229267e+00,8.197824e+00,1.344783e+00,1.142737e+00,8.496447e-01,6.703834e-01,5.477042e-01,4.579579e-01,3.931864e-01,3.430573e-01,3.612947e-01,7.484470e-01,8.032318e-01,8.409845e-01,8.796153e-01,8.644244e-01
7.000000e-05,8.228057e+00,8.196046e+00,1.340114e+00,1.141423e+00,8.507891e-01,6.703304e-01,5.479651e-01,4.583688e-01,3.935091e-01,3.432097e-01,3.630052e-01,7.490325e-01,8.041249e-01,8.325715e-01,8.857633e-01,8.627815e-01
7.250000e-05,8.226787e+00,8.194342e+00,1.337138e+00,1.139334e+00,8.532814e-01,6.708366e-01,5.482527e-01,4.578294e-01,3.935776e-01,3.433770e-01,3.647994e-01,7.501276e-01,8.052905e-01,8.271950e-01,8.910998e-01,8.613363e-01
7.500000e-05,8.225655e+00,8.193458e+00,1.349511e+00,1.136012e+00,8.554565e-01,6.710299e-01,5.483137e-01,4.587371e-01,3.937334e-01,3.432495e-01,3.660431e-01,7.502299e-01,8.072209e-01,8.255985e-01,8.946875e-01,8.603152e-01
7.750000e-05,8.225031e+00,8.193024e+00,1.357521e+00,1.133778e+00,8.569777e-01,6.697709e-01,5.484554e-01,4.598400e-01,3.939813e-01,3.433973e-01,3.666543e-01,7.498827e-01,8.094144e-01,8.275582e-01,8.961692e-01,8.601191e-01
8.000000e-05,8.224513e+00,8.192626e+00,1.362265e+00,1.135745e+00,8.575401e-01,6.679946e-01,5.485832e-01,4.602604e-01,3.939440e-01,3.435400e-01,3.673237e-01,7.495060e-01,8.112941e-01,8.319147e-01,8.952463e-01,8.611343e-01
8.250000e-05,8.223995e+00,8.192384e+00,1.368143e+00,1.127082e+00,8.573770e-01,6.675671e-01,5.485185e-01,4.603539e-01,3.937758e-01,3.436898e-01,3.678145e-01,7.488934e-01,8.127931e-01,8.371303e-01,8.915327e-01,8.633871e-01
8.500000e-05,8.223673e+00,8.192380e+00,1.371769e+00,1.092618e+00,8.566644e-01,6.686419e-01,5.486054e-01,4.601839e-01,3.948217e-01,3.439616e-01,3.680436e-01,7.491326e-01,8.142928e-01,8.421005e-01,8.849608e-01,8.664608e-01
8.750000e-05,8.223385e+00,8.192459e+00,1.374694e+00,1.041782e+00,8.556664e-01,6.701126e-01,5.488485e-01,4.601191e-01,3.957949e-01,3.441668e-01,3.682089e-01,7.504901e-01,8.165370e-01,8.462459e-01,8.761680e-01,8.696510e-01
9.000000e-05,8.223234e+00,8.192802e+00,1.377182e+00,9.886557e-01,8.566861e-01,6.712431e-01,5.483296e-01,4.602237e-01,3.959365e-01,3.439759e-01,3.680577e-01,7.510456e-01,8.200960e-01,8.492091e-01,8.664869e-01,8.722746e-01
9.250000e-05,8.223261e+00,8.193310e+00,1.376738e+00,9.392662e-01,8.533010e-01,6.721506e-01,5.471213e-01,4.602439e-01,3.957369e-01,3.441078e-01,3.677628e-01,7.504013e-01,8.241358e-01,8.508514e-01,8.575330e-01,8.738987e-01
9.500000e-05,8.223307e+00,8.193941e+00,1.375146e+00,8.944001e-01,8.331029e-01,6.722661e-01,5.464321e-01,4.600653e-01,3.956148e-01,3.452383e-01,3.674640e-01,7.500742e-01,8.268398e-01,8.513191e-01,8.507076e-01,8.741200e-01
9.750000e-05,8.223447e+00,8.194926e+00,1.378380e+00,8.539556e-01,7.969322e-01,6.711551e-01,5.467716e-01,4.601104e-01,3.956631e-01,3.459601e-01,3.668306e-01,7.506971e-01,8.276677e-01,8.510162e-01,8.468721e-01,8.725634e-01
1.000000e-04,8.223995e+00,8.196674e+00,1.390003e+00,8.187167e-01,7.566202e-01,6.722539e-01,5.476632e-01,4.603695e-01,3.957141e-01,3.457764e-01,3.656259e-01,7.517745e-01,8.276662e-01,8.504760e-01,8.463418e-01,8.691031e-01
1.025000e-04,8.224648e+00,8.198507e+00,1.396749e+00,7.899349e-01,7.180131e-01,6.717900e-01,5.487892e-01,4.601595e-01,3.956847e-01,3.454131e-01,3.647012e-01,7.522683e-01,8.279740e-01,8.503271e-01,8.489378e-01,8.640021e-01
1.050000e-04,8.224926e+00,8.200233e+00,1.406676e+00,7.686273e-01,6.821445e-01,6.587889e-01,5.487827e-01,4.593421e-01,3.955645e-01,3.453206e-01,3.640846e-01,7.521350e-01,8.292681e-01,8.510495e-01,8.541105e-01,8.578926e-01
1.075000e-04,8.225532e+00,8.202541e+00,1.425691e+00,7.531889e-01,6.492386e-01,6.317684e-01,5.482199e-01,4.586671e-01,3.954788e-01,3.454191e-01,3.625491e-01,7.528767e-01,8.313294e-01,8.526066e-01,8.611190e-01,8.515106e-01
1.100000e-04,8.226903e+00,8.205192e+00,1.443171e+00,7.409557e-01,6.197645e-01,6.006234e-01,5.503983e-01,4.588284e-01,3.955888e-01,3.454636e-01,3.601612e-01,7.548057e-01,8.331345e-01,8.545757e-01,8.687334e-01,8.454558e-01
1.125000e-04,8.228593e+00,8.207774e+00,1.456762e+00,7.337899e-01,5.943679e-01,5.700046e-01,5.506607e-01,4.594370e-01,3.958066e-01,3.454069e-01,3.576300e-01,7.560830e-01,8.342082e-01,8.565262e-01,8.754763e-01,8.402950e-01
1.150000e-04,8.230243e+00,8.210205e+00,1.469220e+00,7.301426e-01,5.740386e-01,5.410953e-01,5.398472e-01,4.590252e-01,3.957074e-01,3.453351e-01,3.552705e-01,7.561515e-01,8.348955e-01,8.582721e-01,8.800688e-01,8.364633e-01
1.175000e-04,8.232841e+00,8.212562e+00,1.483102e+00,7.244721e-01,5.589688e-01,5.142458e-01,5.178724e-01,4.591294e-01,3.952046e-01,3.452901e-01,3.529279e-01,7.569738e-01,8.357053e-01,8.598326e-01,8.821248e-01,8.341456e-01
1.200000e-04,8.235609e+00,8.214931e+00,1.497266e+00,7.163467e-01,5.470704e-01,4.897680e-01,4.926236e-01,4.620372e-01,3.948448e-01,3.452976e-01,3.504179e-01,7.582146e-01,8.370235e-01,8.612101e-01,8.820855e-01,8.335590e-01
1.225000e-04,8.238606e+00,8.217336e+00,1.511352e+00,7.041891e-01,5.379069e-01,4.680900e-01,4.676750e-01,4.626214e-01,3.944669e-01,3.454295e-01,3.476990e-01,7.578960e-01,8.388264e-01,8.622915e-01,8.807906e-01,8.347796e-01
1.250000e-04,8.241842e+00,8.219823e+00,1.524852e+00,6.817702e-01,5.322060e-01,4.499329e-01,4.439983e-01,4.534732e-01,3.936955e-01,3.456228e-01,3.448637e-01,7.569683e-01,8.407170e-01,8.630529e-01,8.790786e-01,8.377083e-01
1.275000e-04,8.245148e+00,8.222313e+00,1.536873e+00,6.497035e-01,5.276044e-01,4.359268e-01,4.218884e-01,4.351888e-01,3.945908e-01,3.456764e-01,3.420764e-01,7.573269e-01,8.424712e-01,8.637874e-01,8.775062e-01,8.419355e-01
1.300000e-04,8.248511e+00,8.224851e+00,1.548337e+00,6.143599e-01,5.220987e-01,4.250069e-01,4.014934e-01,4.141146e-01,3.976458e-01,3.453311e-01,3.392185e-01,7.590303e-01,8.439288e-01,8.649789e-01,8.763268e-01,8.468944e-01
1.325000e-04,8.252025e+00,8.227489e+00,1.557662e+00,5.811866e-01,5.133264e-01,4.160465e-01,3.831071e-01,3.931909e-01,3.977744e-01,3.443014e-01,3.363632e-01,7.597940e-01,8.445421e-01,8.669100e-01,8.756546e-01,8.519737e-01
1.350000e-04,8.255472e+00,8.230120e+00,1.564742e+00,5.537213e-01,4.977258e-01,4.096173e-01,3.673449e-01,3.733118e-01,3.894433e-01,3.434005e-01,3.336878e-01,7.597422e-01,8.440242e-01,8.692884e-01,8.756076e-01,8.566688e-01
1.375000e-04,8.258801e+00,8.232796e+00,1.571366e+00,5.335549e-01,4.758672e-01,4.053501e-01,3.548650e-01,3.547061e-01,3.737983e-01,3.447146e-01,3.311230e-01,7.597944e-01,8.430504e-01,8.714112e-01,8.762034e-01,8.606662e-01
1.400000e-04,8.262267e+00,8.235620e+00,1.578752e+00,5.213223e-01,4.517193e-01,4.013117e-01,3.451069e-01,3.374349e-01,3.559061e-01,3.474645e-01,3.280628e-01,7.600539e-01,8.424881e-01,8.729431e-01,8.773419e-01,8.637426e-01
1.425000e-04,8.266341e+00,8.238732e+00,1.581025e+00,5.177357e-01,4.284404e-01,3.949049e-01,3.369502e-01,3.217100e-01,3.380937e-01,3.469243e-01,3.243702e-01,7.603367e-01,8.425815e-01,8.742778e-01,8.788903e-01,8.658356e-01
1.450000e-04,8.270736e+00,8.241901e+00,1.569819e+00,5.248255e-01,4.083483e-01,3.837339e-01,3.306718e-01,3.079934e-01,3.210761e-01,3.389046e-01,3.212826e-01,7.607929e-01,8.434294e-01,8.759223e-01,8.807156e-01,8.669673e-01
1.475000e-04,8.274274e+00,8.244754e+00,1.544673e+00,5.435021e-01,3.927931e-01,3.680545e-01,3.265375e-01,2.968739e-01,3.050681e-01,3.251085e-01,3.207406e-01,7.614030e-01,8.449730e-01,8.777043e-01,8.826536e-01,8.672791e-01
1.500000e-04,8.276245e+00,8.247462e+00,1.533165e+00,7.126298e-01,3.823864e-01,3.505470e-01,3.232182e-01,2.880700e-01,2.901662e-01,3.096802e-01,3.207975e-01,7.628188e-01,8.466710e-01,8.789696e-01,8.844661e-01,8.670131e-01
1.525000e-04,8.279249e+00,8.251194e+00,1.534661e+00,7.594701e-01,3.779059e-01,3.334388e-01,3.182022e-01,2.806808e-01,2.765256e-01,2.943971e-01,3.171332e-01,7.636789e-01,8.477161e-01,8.794287e-01,8.859417e-01,8.665602e-01
1.550000e-04,8.285651e+00,8.256278e+00,1.530122e+00,7.419022e-01,3.807121e-01,3.181225e-01,3.095367e-01,2.747504e-01,2.644997e-01,2.797609e-01,3.073682e-01,7.614380e-01,8.478403e-01,8.794012e-01,8.871239e-01,8.662970e-01
1.575000e-04,8.296370e+00,8.261819e+00,1.491610e+00,7.245764e-01,3.887460e-01,3.056425e-01,2.975261e-01,2.707676e-01,2.545708e-01,2.659380e-01,2.935538e-01,7.589428e-01,8.475228e-01,8.793585e-01,8.883545e-01,8.664021e-01
1.600000e-04,8.314057e+00,8.265843e+00,1.431496e+00,7.117533e-01,4.849578e-01,2.965718e-01,2.841130e-01,2.678808e-01,2.466073e-01,2.530121e-01,2.791255e-01,7.623620e-01,8.471609e-01,8.795807e-01,8.899664e-01,8.668993e-01
1.625000e-04,8.335095e+00,8.267953e+00,1.388724e+00,7.022627e-01,5.523161e-01,2.914210e-01,2.709559e-01,2.639833e-01,2.398962e-01,2.411078e-01,2.653813e-01,7.686963e-01,8.469784e-01,8.802544e-01,8.919318e-01,8.676784e-01
1.650000e-04,8.355568e+00,8.267056e+00,1.336949e+00,6.947605e-01,5.473367e-01,2.915500e-01,2.589815e-01,2.573298e-01,2.344280e-01,2.305118e-01,2.525537e-01,7.623599e-01,8.474054e-01,8.815781e-01,8.938733e-01,8.686589e-01
1.675000e-04,8.377094e+00,8.264399e+00,1.296279e+00,6.916603e-01,5.387994e-01,2.942909e-01,2.489139e-01,2.479098e-01,2.306443e-01,2.216310e-01,2.406858e-01,7.387560e-01,8.485924e-01,8.836312e-01,8.954198e-01,8.698415e-01
1.700000e-04,8.407371e+00,8.260885e+00,1.269844e+00,6.871810e-01,5.322776e-01,3.428952e-01,2.411299e-01,2.372705e-01,2.280251e-01,2.144260e-01,2.298674e-01,7.067279e-01,8.502625e-01,8.861896e-01,8.964734e-01,8.712654e-01
1.725000e-04,8.438674e+00,8.256569e+00,1.245517e+00,6.805187e-01,5.284238e-01,4.149496e-01,2.362120e-01,2.267524e-01,2.248037e-01,2.083350e-01,2.203854e-01,6.799773e-01,8.524444e-01,8.886512e-01,8.971610e-01,8.729588e-01
1.750000e-04,8.477350e+00,8.251634e+00,1.221772e+00,6.735973e-01,5.253676e-01,4.193523e-01,2.349143e-01,2.170627e-01,2.195222e-01,2.033211e-01,2.125496e-01,6.594803e-01,8.545997e-01,8.903178e-01,8.976379e-01,8.748790e-01
1.775000e-04,8.518502e+00,8.245762e+00,1.198516e+00,6.670415e-01,5.245360e-01,4.142499e-01,2.355837e-01,2.087175e-01,2.120085e-01,1.997910e-01,2.065525e-01,6.389779e-01,8.527695e-01,8.909682e-01,8.980200e-01,8.768837e-01
1.800000e-04,8.565991e+00,8.239312e+00,1.175057e+00,6.613419e-01,5.251486e-01,4.105387e-01,2.633077e-01,2.019501e-01,2.033887e-01,1.973346e-01,2.027137e-01,6.168242e-01,8.392216e-01,8.911548e-01,8.984454e-01,8.789020e-01
1.825000e-04,8.613614e+00,8.232500e+00,1.152171e+00,6.565080e-01,5.227137e-01,4.084521e-01,3.247247e-01,1.973654e-01,1.947566e-01,1.946075e-01,2.007021e-01,5.949764e-01,8.093175e-01,8.920602e-01,8.991022e-01,8.808424e-01
1.850000e-04,8.660355e+00,8.225619e+00,1.128129e+00,6.521849e-01,5.185252e-01,4.075427e-01,3.352042e-01,1.951983e-01,1.867222e-01,1.903437e-01,2.003731e-01,5.750949e-01,7.677582e-01,8.950687e-01,9.001272e-01,8.826901e-01
1.875000e-04,8.707353e+00,8.218519e+00,1.098284e+00,6.485727e-01,5.138660e-01,4.078355e-01,3.324346e-01,1.943336e-01,1.796643e-01,1.842257e-01,2.022750e-01,5.575556e-01,7.249086e-01,9.002575e-01,9.015190e-01,8.843658e-01
1.900000e-04,8.750741e+00,8.210543e+00,1.064364e+00,6.470043e-01,5.092075e-01,4.104546e-01,3.300687e-01,2.087826e-01,1.737513e-01,1.771047e-01,2.061236e-01,5.428870e-01,6.893520e-01,9.038652e-01,9.032052e-01,8.857858e-01
1.925000e-04,8.792128e+00,8.200782e+00,1.026240e+00,6.490899e-01,5.046335e-01,4.119583e-01,3.286558e-01,2.589697e-01,1.695785e-01,1.699061e-01,2.109055e-01,5.312684e-01,6.646367e-01,8.990686e-01,9.051219e-01,8.869812e-01
1.950000e-04,8.832879e+00,8.189541e+00,1.022153e+00,6.542954e-01,5.001715e-01,4.112182e-01,3.282761e-01,2.749639e-01,1.668929e-01,1.631540e-01,2.155393e-01,5.216290e-01,6.505478e-01,8.811399e-01,9.072605e-01,8.880785e-01
1.975000e-04,8.871231e+00,8.180194e+00,1.046535e+00,6.614801e-01,4.964761e-01,4.094026e-01,3.288572e-01,2.746981e-01,1.652612e-01,1.571151e-01,2.196097e-01,5.130552e-01,6.429607e-01,8.506684e-01,9.098984e-01,8.891349e-01
2.000000e-04,8.900745e+00,8.170782e+00,1.047595e+00,6.713442e-01,4.948548e-01,4.069625e-01,3.313301e-01,2.729592e-01,1.735720e-01,1.519496e-01,2.239030e-01,5.067732e-01,6.355750e-01,8.124429e-01,9.135550e-01,8.902421e-01
2.025000e-04,8.922157e+00,8.160579e+00,1.026916e+00,6.849406e-01,4.966945e-01,4.040126e-01,3.342542e-01,2.718531e-01,2.111498e-01,1.482163e-01,2.291690e-01,5.028148e-01,6.255851e-01,7.714509e-01,9.177658e-01,8.914922e-01
2.050000e-04,8.942020e+00,8.148991e+00,9.905697e-01,7.070630e-01,5.018459e-01,4.008753e-01,3.354774e-01,2.715127e-01,2.312251e-01,1.452901e-01,2.352743e-01,4.996809e-01,6.132016e-01,7.310476e-01,9.194890e-01,8.930058e-01
2.075000e-04,8.966255e+00,8.134889e+00,9.378533e-01,7.495315e-01,5.092268e-01,3.983531e-01,3.356117e-01,2.719616e-01,2.332073e-01,1.432256e-01,2.418267e-01,4.954901e-01,6.003469e-01,6.934189e-01,9.138749e-01,8.948330e-01
2.100000e-04,9.003096e+00,8.117699e+00,9.070466e-01,7.987601e-01,5.185985e-01,3.976163e-01,3.349934e-01,2.738497e-01,2.320136e-01,1.480250e-01,2.482985e-01,4.876711e-01,5.895512e-01,6.602445e-01,8.976922e-01,8.971789e-01
2.125000e-04,9.052187e+00,8.104170e+00,9.278679e-01,8.192558e-01,5.323833e-01,3.997250e-01,3.337200e-01,2.768827e-01,2.312002e-01,1.756742e-01,2.550346e-01,4.751427e-01,5.819718e-01,6.326957e-01,8.716135e-01,9.003607e-01
2.150000e-04,9.110939e+00,8.090892e+00,9.174761e-01,8.165846e-01,5.585705e-01,4.046348e-01,3.321156e-01,2.789903e-01,2.308600e-01,1.973191e-01,2.613579e-01,4.609222e-01,5.778696e-01,6.114487e-01,8.389163e-01,9.041391e-01
2.175000e-04,9.175880e+00,8.075349e+00,8.668849e-01,8.069402e-01,5.947372e-01,4.110646e-01,3.309218e-01,2.799926e-01,2.311510e-01,2.010662e-01,2.683650e-01,4.490417e-01,5.765973e-01,5.967591e-01,8.031420e-01,9.065219e-01
2.200000e-04,9.244581e+00,8.056599e+00,7.520108e-01,7.977574e-01,6.158418e-01,4.191068e-01,3.311702e-01,2.803524e-01,2.325353e-01,2.006216e-01,2.840387e-01,4.402852e-01,5.764672e-01,5.886482e-01,7.668614e-01,9.040975e-01
2.225000e-04,9.315368e+00,8.035862e+00,9.122029e-01,7.899284e-01,6.179755e-01,4.333408e-01,3.339141e-01,2.802077e-01,2.351648e-01,1.999949e-01,3.293476e-01,4.340468e-01,5.751603e-01,5.866830e-01,7.315590e-01,8.941184e-01
2.250000e-04,9.387974e+00,8.037120e+00,1.102051e+00,7.820761e-01,6.121699e-01,4.585984e-01,3.391011e-01,2.798388e-01,2.375886e-01,1.997041e-01,3.757025e-01,4.299530e-01,5.703712e-01,5.893828e-01,6.980479e-01,8.762178e-01
2.275000e-04,9.460863e+00,8.032818e+00,1.166299e+00,7.748293e-01,6.054134e-01,4.806096e-01,3.453596e-01,2.797745e-01,2.389816e-01,1.998766e-01,3.877834e-01,4.267079e-01,5.607881e-01,5.946992e-01,6.667816e-01,8.521948e-01
2.300000e-04,9.533952e+00,8.029350e+00,1.173970e+00,7.697440e-01,5.997208e-01,4.877559e-01,3.537665e-01,2.809099e-01,2.396953e-01,2.008951e-01,3.942819e-01,4.226300e-01,5.467083e-01,6.006724e-01,6.380943e-01,8.245410e-01
2.325000e-04,8.478081e+00,8.022471e+00,1.174445e+00,7.668170e-01,5.950222e-01,4.853262e-01,3.695778e-01,2.840941e-01,2.400225e-01,2.030936e-01,3.959360e-01,4.201924e-01,5.296083e-01,6.061656e-01,6.123242e-01,7.952557e-01
2.350000e-04,8.532352e+00,8.015896e+00,1.177033e+00,7.652632e-01,5.901920e-01,4.803881e-01,3.902398e-01,2.893179e-01,2.402742e-01,2.055377e-01,3.985089e-01,4.311999e-01,5.115124e-01,6.106369e-01,5.897602e-01,7.658141e-01
2.375000e-04,8.601630e+00,8.010048e+00,1.172217e+00,7.646555e-01,5.851209e-01,4.758469e-01,4.015597e-01,2.955121e-01,2.409115e-01,2.071226e-01,4.028411e-01,4.836167e-01,4.945607e-01,6.137414e-01,5.706810e-01,7.369086e-01
2.400000e-04,8.674971e+00,8.004541e+00,1.166330e+00,7.649690e-01,5.809380e-01,4.721691e-01,4.023856e-01,3.045218e-01,2.426974e-01,2.079858e-01,4.081100e-01,5.808692e-01,4.805509e-01,6.148270e-01,5.553906e-01,7.091099e-01
2.425000e-04,8.749849e+00,7.999392e+00,1.161312e+00,7.662240e-01,5.781656e-01,4.691304e-01,3.986674e-01,3.207808e-01,2.463322e-01,2.084898e-01,4.157711e-01,6.294177e-01,4.699494e-01,6.130520e-01,5.441484e-01,6.828234e-01
2.450000e-04,8.505888e+00,7.994183e+00,1.151003e+00,7.682954e-01,5.764835e-01,4.659333e-01,3.944609e-01,3.362232e-01,2.516084e-01,2.089730e-01,4.243979e-01,5.960967e-01,4.624527e-01,6.077904e-01,5.374580e-01,6.581696e-01
2.475000e-04,8.523327e+00,7.987763e+00,1.129099e+00,7.707501e-01,5.754710e-01,4.622414e-01,3.909746e-01,3.421846e-01,2.578738e-01,2.098841e-01,4.309012e-01,5.277517e-01,4.599551e-01,5.991927e-01,5.353661e-01,6.350786e-01
2.500000e-04,8.435865e+00,7.979471e+00,1.110736e+00,7.728950e-01,5.751283e-01,4.588184e-01,3.882411e-01,3.410065e-01,2.677220e-01,2.119416e-01,4.349012e-01,4.824355e-01,4.686314e-01,5.879583e-01,5.377793e-01,6.135593e-01
2.525000e-04,8.395635e+00,7.972934e+00,1.138104e+00,7.741245e-01,5.755510e-01,4.563254e-01,3.860128e-01,3.374424e-01,2.830356e-01,2.157289e-01,4.377631e-01,4.773183e-01,4.987756e-01,5.749106e-01,5.450166e-01,5.934795e-01
2.550000e-04,8.373707e+00,7.967199e+00,1.158035e+00,7.742095e-01,5.767074e-01,4.546174e-01,3.836498e-01,3.339470e-01,2.942614e-01,2.209914e-01,4.402629e-01,5.167255e-01,5.683368e-01,5.608207e-01,5.565932e-01,5.746756e-01
2.575000e-04,8.354989e+00,7.961828e+00,1.175095e+00,7.734189e-01,5.783568e-01,4.534275e-01,3.807898e-01,3.310516e-01,2.974218e-01,2.275036e-01,4.430137e-01,5.665741e-01,6.773649e-01,5.460948e-01,5.721961e-01,5.572352e-01
2.600000e-04,8.338145e+00,7.957118e+00,1.196772e+00,7.719289e-01,5.799761e-01,4.527480e-01,3.779682e-01,3.287180e-01,2.958175e-01,2.381338e-01,4.477650e-01,5.873529e-01,7.600915e-01,5.313700e-01,5.896251e-01,5.412203e-01
2.625000e-04,8.313341e+00,7.953669e+00,1.227217e+00,7.700501e-01,5.810391e-01,4.526868e-01,3.757624e-01,3.267906e-01,2.928959e-01,2.517585e-01,4.555687e-01,5.872827e-01,7.822084e-01,5.182648e-01,6.050322e-01,5.263037e-01
2.650000e-04,8.271760e+00,7.951911e+00,1.251951e+00,7.684594e-01,5.812831e-01,4.532405e-01,3.741527e-01,3.247583e-01,2.902077e-01,2.598232e-01,4.663122e-01,5.747108e-01,7.557235e-01,5.095764e-01,6.157480e-01,5.131404e-01
2.675000e-04,8.220823e+00,7.950345e+00,1.278923e+00,7.678096e-01,5.809115e-01,4.541994e-01,3.729457e-01,3.222878e-01,2.879461e-01,2.614678e-01,4.799714e-01,5.651511e-01,6.999966e-01,5.081904e-01,6.206156e-01,5.018009e-01
2.700000e-04,8.134121e+00,7.950179e+00,1.355169e+00,7.685186e-01,5.802121e-01,4.551501e-01,3.721452e-01,3.197627e-01,2.860516e-01,2.598664e-01,5.015662e-01,5.632757e-01,6.355429e-01,5.164205e-01,6.200302e-01,4.929331e-01
2.725000e-04,8.074496e+00,7.952791e+00,1.429438e+00,7.703337e-01,5.795064e-01,4.557041e-01,3.718600e-01,3.177016e-01,2.844043e-01,2.575962e-01,5.254725e-01,5.697450e-01,5.774711e-01,5.379184e-01,6.152448e-01,4.862028e-01
2.750000e-04,8.063990e+00,7.955832e+00,1.455452e+00,7.732542e-01,5.792622e-01,4.557167e-01,3.720608e-01,3.161471e-01,2.825698e-01,2.556161e-01,5.376832e-01,5.835927e-01,5.369379e-01,5.862778e-01,6.080911e-01,4.821510e-01
2.775000e-04,8.066202e+00,7.957844e+00,1.444502e+00,7.804805e-01,5.799434e-01,4.553578e-01,3.725485e-01,3.149496e-01,2.803230e-01,2.539623e-01,5.401129e-01,6.028089e-01,5.187513e-01,6.817921e-01,6.005932e-01,4.813626e-01
2.800000e-04,8.072269e+00,7.958442e+00,1.424502e+00,7.946070e-01,5.812597e-01,4.548860e-01,3.729825e-01,3.140935e-01,2.779749e-01,2.525774e-01,5.377449e-01,6.254538e-01,5.241091e-01,7.943148e-01,5.949157e-01,4.824451e-01
2.825000e-04,8.078037e+00,7.958260e+00,1.408036e+00,8.063388e-01,5.830710e-01,4.545752e-01,3.730804e-01,3.136697e-01,2.759681e-01,2.513227e-01,5.339072e-01,6.536749e-01,5.601217e-01,8.558227e-01,5.929156e-01,4.829206e-01
2.850000e-04,8.082685e+00,7.957656e+00,1.398386e+00,8.050086e-01,5.876582e-01,4.548170e-01,3.728058e-01,3.136470e-01,2.743886e-01,2.497891e-01,5.305337e-01,6.854290e-01,6.196859e-01,8.665501e-01,5.954820e-01,4.839532e-01
2.875000e-04,8.085907e+00,7.956892e+00,1.394419e+00,7.945533e-01,5.968369e-01,4.556944e-01,3.723277e-01,3.138242e-01,2.731397e-01,2.477938e-01,5.277025e-01,7.069669e-01,6.694312e-01,8.495945e-01,6.026392e-01,4.844591e-01
2.900000e-04,8.087680e+00,7.956046e+00,1.395960e+00,7.833722e-01,6.050734e-01,4.568673e-01,3.718788e-01,3.139122e-01,2.722193e-01,2.456346e-01,5.257424e-01,7.050725e-01,6.966300e-01,8.138202e-01,6.161161e-01,4.821501e-01
2.925000e-04,8.089163e+00,7.955206e+00,1.400721e+00,7.749583e-01,6.048668e-01,4.594740e-01,3.717212e-01,3.137236e-01,2.716682e-01,2.437269e-01,5.245810e-01,6.834208e-01,7.064727e-01,7.692678e-01,6.408885e-01,4.777228e-01
2.950000e-04,8.091370e+00,7.954273e+00,1.403281e+00,7.693937e-01,5.975355e-01,4.653068e-01,3.720595e-01,3.132612e-01,2.714346e-01,2.421759e-01,5.232949e-01,6.598103e-01,7.124196e-01,7.232134e-01,6.831461e-01,4.732377e-01
2.975000e-04,8.094782e+00,7.953063e+00,1.401543e+00,7.654839e-01,5.886468e-01,4.721127e-01,3.727011e-01,3.126685e-01,2.713412e-01,2.409009e-01,5.214113e-01,6.505378e-01,7.267463e-01,6.801787e-01,7.435913e-01,4.703336e-01
3.000000e-04,8.098572e+00,7.951430e+00,1.397930e+00,7.618980e-01,5.816918e-01,4.740584e-01,3.740205e-01,3.121704e-01,2.711622e-01,2.399120e-01,5.193122e-01,6.607322e-01,7.516027e-01,6.433160e-01,8.116954e-01,4.689603e-01
3.025000e-04,8.101429e+00,7.949552e+00,1.394446e+00,7.584145e-01,5.769139e-01,4.699555e-01,3.774865e-01,3.120034e-01,2.707744e-01,2.392471e-01,5.176000e-01,6.781376e-01,7.795114e-01,6.148668e-01,8.726927e-01,4.691556e-01
3.050000e-04,8.102971e+00,7.947518e+00,1.391785e+00,7.552647e-01,5.736506e-01,4.632312e-01,3.826912e-01,3.121700e-01,2.701935e-01,2.388445e-01,5.164748e-01,6.873650e-01,7.987902e-01,5.975671e-01,9.135971e-01,4.710502e-01
3.075000e-04,8.103316e+00,7.945418e+00,1.388063e+00,7.524178e-01,5.712851e-01,4.571262e-01,3.858316e-01,3.126369e-01,2.695565e-01,2.385305e-01,5.158819e-01,6.865758e-01,7.977507e-01,5.950058e-01,9.330921e-01,4.772716e-01
3.100000e-04,8.102568e+00,7.943228e+00,1.383356e+00,7.500075e-01,5.690774e-01,4.527022e-01,3.843287e-01,3.143316e-01,2.690591e-01,2.381302e-01,5.157678e-01,6.799307e-01,7.753672e-01,6.086887e-01,9.339829e-01,4.924062e-01
3.125000e-04,8.100296e+00,7.940996e+00,1.378406e+00,7.482061e-01,5.667391e-01,4.495892e-01,3.796241e-01,3.178249e-01,2.688264e-01,2.375736e-01,5.163073e-01,6.730577e-01,7.384344e-01,6.535501e-01,9.237827e-01,5.193198e-01
3.150000e-04,8.097164e+00,7.938701e+00,1.372263e+00,7.470829e-01,5.645305e-01,4.473617e-01,3.744813e-01,3.212591e-01,2.688035e-01,2.368924e-01,5.173377e-01,6.688566e-01,6.996833e-01,7.440679e-01,9.075152e-01,5.553163e-01
3.175000e-04,8.094451e+00,7.936260e+00,1.362334e+00,7.466125e-01,5.626449e-01,4.457402e-01,3.703807e-01,3.217798e-01,2.693632e-01,2.362139e-01,5.183585e-01,6.670753e-01,6.717846e-01,8.517611e-01,8.894790e-01,5.938529e-01
3.200000e-04,8.092379e+00,7.933596e+00,1.349449e+00,7.467326e-01,5.611681e-01,4.442751e-01,3.674570e-01,3.189686e-01,2.713071e-01,2.356911e-01,5.189852e-01,6.670985e-01,6.593066e-01,9.180770e-01,8.724359e-01,6.274761e-01
3.225000e-04,8.090823e+00,7.930573e+00,1.332256e+00,7.472494e-01,5.601465e-01,4.426663e-01,3.653416e-01,3.147785e-01,2.741696e-01,2.353322e-01,5.193799e-01,6.680624e-01,6.669558e-01,9.375798e-01,8.585911e-01,6.538967e-01
3.250000e-04,8.090203e+00,7.927014e+00,1.310259e+00,7.478029e-01,5.596020e-01,4.410625e-01,3.637874e-01,3.109484e-01,2.758145e-01,2.352010e-01,5.195199e-01,6.689902e-01,6.940904e-01,9.327727e-01,8.485494e-01,6.727616e-01
3.275000e-04,8.090214e+00,7.922683e+00,1.285682e+00,7.481818e-01,5.595017e-01,4.397098e-01,3.626576e-01,3.080639e-01,2.747451e-01,2.359229e-01,5.193605e-01,6.692789e-01,7.271999e-01,9.055673e-01,8.423068e-01,6.872013e-01
3.300000e-04,8.089504e+00,7.917702e+00,1.258904e+00,7.483207e-01,5.597953e-01,4.387007e-01,3.616569e-01,3.059853e-01,2.715892e-01,2.378239e-01,5.191973e-01,6.689450e-01,7.487994e-01,8.680834e-01,8.397026e-01,7.028029e-01
3.325000e-04,8.088987e+00,7.911631e+00,1.226933e+00,7.483054e-01,5.603749e-01,4.380602e-01,3.605373e-01,3.044349e-01,2.680639e-01,2.397652e-01,5.192230e-01,6.684275e-01,7.558711e-01,8.270621e-01,8.422961e-01,7.192417e-01
3.350000e-04,8.087062e+00,7.906686e+00,1.235872e+00,7.484363e-01,5.610519e-01,4.377814e-01,3.593769e-01,3.032904e-01,2.651484e-01,2.400149e-01,5.195119e-01,6.678530e-01,7.517021e-01,7.857157e-01,8.527923e-01,7.383208e-01
3.375000e-04,8.081408e+00,7.902613e+00,1.260326e+00,7.492795e-01,5.617088e-01,4.378223e-01,3.584102e-01,3.024876e-01,2.629815e-01,2.381035e-01,5.215411e-01,6.670622e-01,7.420902e-01,7.478195e-01,8.748678e-01,7.585914e-01
3.400000e-04,8.073831e+00,7.899451e+00,1.288239e+00,7.515222e-01,5.623650e-01,4.381321e-01,3.577189e-01,3.018159e-01,2.613857e-01,2.350843e-01,5.251806e-01,6.661358e-01,7.332025e-01,7.158602e-01,9.090967e-01,7.791779e-01
3.425000e-04,8.069815e+00,7.896976e+00,1.308269e+00,7.554894e-01,5.631839e-01,4.386375e-01,3.573127e-01,3.010644e-01,2.601608e-01,2.321900e-01,5.279892e-01,6.654833e-01,7.286446e-01,6.919613e-01,9.509017e-01,8.005061e-01
3.450000e-04,8.072266e+00,7.894720e+00,1.315068e+00,7.604304e-01,5.642678e-01,4.392340e-01,3.571846e-01,3.002540e-01,2.592611e-01,2.299317e-01,5.273861e-01,6.655758e-01,7.292744e-01,6.772491e-01,9.893128e-01,8.228255e-01
3.475000e-04,8.078925e+00,7.892105e+00,1.312564e+00,7.647269e-01,5.656640e-01,4.398803e-01,3.572971e-01,2.995797e-01,2.586610e-01,2.282526e-01,5.239794e-01,6.669209e-01,7.342703e-01,6.718218e-01,1.012266e+00,8.457129e-01
3.500000e-04,8.086237e+00,7.889086e+00,1.308120e+00,7.681359e-01,5.676784e-01,4.406558e-01,3.576012e-01,2.991125e-01,2.581959e-01,2.269556e-01,5.199526e-01,6.703148e-01,7.407403e-01,6.779349e-01,1.012867e+00,8.708257e-01
3.525000e-04,8.094347e+00,7.885878e+00,1.306747e+00,7.699868e-01,5.704525e-01,4.416995e-01,3.580449e-01,2.988610e-01,2.576880e-01,2.259330e-01,5.166024e-01,6.760379e-01,7.459094e-01,6.978538e-01,9.940608e-01,8.983697e-01
3.550000e-04,8.100702e+00,7.882818e+00,1.307720e+00,7.654714e-01,5.736475e-01,4.430232e-01,3.585705e-01,2.988245e-01,2.571319e-01,2.251808e-01,5.141484e-01,6.822981e-01,7.481937e-01,7.290925e-01,9.633274e-01,9.247795e-01
3.575000e-04,8.104148e+00,7.879945e+00,1.309123e+00,7.540267e-01,5.768966e-01,4.445087e-01,3.591752e-01,2.989718e-01,2.566789e-01,2.246869e-01,5.124608e-01,6.850160e-01,7.479471e-01,7.640064e-01,9.270162e-01,9.482484e-01
3.600000e-04,8.105829e+00,7.877200e+00,1.311351e+00,7.447151e-01,5.794740e-01,4.461926e-01,3.599454e-01,2.992585e-01,2.563927e-01,2.243307e-01,5.115207e-01,6.811996e-01,7.464908e-01,7.928510e-01,8.895760e-01,9.682399e-01
3.625000e-04,8.104608e+00,7.874473e+00,1.310925e+00,7.455182e-01,5.793085e-01,4.481198e-01,3.610117e-01,2.996458e-01,2.562723e-01,2.239633e-01,5.115459e-01,6.721937e-01,7.458182e-01,8.108770e-01,8.543333e-01,9.835438e-01
3.650000e-04,8.101347e+00,7.871782e+00,1.309856e+00,7.629232e-01,5.737503e-01,4.503936e-01,3.623734e-01,3.001087e-01,2.563060e-01,2.235617e-01,5.123472e-01,6.626803e-01,7.474808e-01,8.193944e-01,8.226379e-01,9.937914e-01
3.675000e-04,8.095016e+00,7.869043e+00,1.307395e+00,7.743347e-01,5.637945e-01,4.529110e-01,3.638527e-01,3.006686e-01,2.564722e-01,2.232417e-01,5.137714e-01,6.574313e-01,7.514394e-01,8.225156e-01,7.950755e-01,9.979861e-01
3.700000e-04,8.086776e+00,7.866078e+00,1.301434e+00,7.707610e-01,5.558347e-01,4.543558e-01,3.653127e-01,3.014101e-01,2.567437e-01,2.230673e-01,5.160862e-01,6.585129e-01,7.560797e-01,8.207771e-01,7.716177e-01,9.954288e-01
3.725000e-04,8.080996e+00,7.862677e+00,1.290696e+00,7.645567e-01,5.552535e-01,4.529950e-01,3.668196e-01,3.024505e-01,2.570927e-01,2.230406e-01,5.184167e-01,6.639400e-01,7.594623e-01,8.170760e-01,7.528836e-01,9.876882e-01
3.750000e-04,8.073982e+00,7.858704e+00,1.275841e+00,7.608721e-01,5.661209e-01,4.480581e-01,3.686303e-01,3.037778e-01,2.575146e-01,2.231459e-01,5.208720e-01,6.689917e-01,7.605532e-01,8.137161e-01,7.385243e-01,9.761532e-01
3.775000e-04,8.066594e+00,7.853724e+00,1.256893e+00,7.598027e-01,5.799686e-01,4.406111e-01,3.703532e-01,3.051772e-01,2.580454e-01,2.233473e-01,5.237752e-01,6.707773e-01,7.590846e-01,8.123315e-01,7.284654e-01,9.615688e-01
3.800000e-04,8.058529e+00,7.847655e+00,1.235484e+00,7.602776e-01,5.812944e-01,4.346246e-01,3.706608e-01,3.064527e-01,2.587706e-01,2.236130e-01,5.269234e-01,6.697289e-01,7.551039e-01,8.131470e-01,7.228214e-01,9.448246e-01
3.825000e-04,8.049159e+00,7.839670e+00,1.212828e+00,7.612293e-01,5.777826e-01,4.339011e-01,3.687105e-01,3.077319e-01,2.597895e-01,2.239340e-01,5.302691e-01,6.681330e-01,7.489418e-01,8.148621e-01,7.217460e-01,9.266228e-01
3.850000e-04,8.039821e+00,7.833711e+00,1.249646e+00,7.621431e-01,5.754857e-01,4.409732e-01,3.645434e-01,3.091818e-01,2.610628e-01,2.243294e-01,5.340422e-01,6.677350e-01,7.418366e-01,8.164256e-01,7.268693e-01,9.074624e-01
3.875000e-04,8.030141e+00,7.828091e+00,1.285439e+00,7.628662e-01,5.749881e-01,4.537517e-01,3.589766e-01,3.101954e-01,2.623547e-01,2.248444e-01,5.375345e-01,6.689342e-01,7.360273e-01,8.167168e-01,7.399602e-01,8.874353e-01
3.900000e-04,8.020526e+00,7.822574e+00,1.317697e+00,7.634444e-01,5.754867e-01,4.575142e-01,3.546716e-01,3.098128e-01,2.635061e-01,2.255628e-01,5.408139e-01,6.713810e-01,7.337987e-01,8.157378e-01,7.618778e-01,8.673299e-01
3.925000e-04,8.012255e+00,7.817304e+00,1.348282e+00,7.639234e-01,5.763642e-01,4.559767e-01,3.542988e-01,3.077930e-01,2.646468e-01,2.265677e-01,5.440318e-01,6.741325e-01,7.366201e-01,8.137669e-01,7.912919e-01,8.476817e-01
3.950000e-04,8.004007e+00,7.812199e+00,1.375812e+00,7.643213e-01,5.774224e-01,4.543912e-01,3.597029e-01,3.044444e-01,2.657291e-01,2.277955e-01,5.473786e-01,6.768123e-01,7.447161e-01,8.114896e-01,8.222217e-01,8.290706e-01
3.975000e-04,7.993968e+00,7.807406e+00,1.398132e+00,7.649474e-01,5.785085e-01,4.541120e-01,3.704624e-01,3.002293e-01,2.661461e-01,2.290077e-01,5.505988e-01,6.799063e-01,7.567282e-01,8.085649e-01,8.480546e-01,8.126867e-01
4.000000e-04,7.980628e+00,7.802900e+00,1.416945e+00,7.662768e-01,5.795103e-01,4.544669e-01,3.751554e-01,2.969738e-01,2.653714e-01,2.300884e-01,5.535031e-01,6.838887e-01,7.697209e-01,8.045145e-01,8.621477e-01,7.979792e-01
4.025000e-04,7.963231e+00,7.798728e+00,1.430168e+00,7.674854e-01,5.803975e-01,4.550535e-01,3.749920e-01,2.966848e-01,2.634862e-01,2.310964e-01,5.577819e-01,6.887337e-01,7.807808e-01,7.991220e-01,8.637129e-01,7.847437e-01
4.050000e-04,7.944154e+00,7.794543e+00,1.431687e+00,7.670103e-01,5.812507e-01,4.558262e-01,3.740794e-01,3.007931e-01,2.608111e-01,2.318238e-01,5.625240e-01,6.937756e-01,7.882770e-01,7.924453e-01,8.557918e-01,7.726419e-01
4.075000e-04,7.931316e+00,7.789852e+00,1.421467e+00,7.702430e-01,5.822922e-01,4.566926e-01,3.739681e-01,3.101021e-01,2.575374e-01,2.317756e-01,5.675039e-01,6.986740e-01,7.921398e-01,7.847737e-01,8.424311e-01,7.620067e-01
4.100000e-04,7.920043e+00,7.783920e+00,1.398398e+00,7.862244e-01,5.833534e-01,4.576174e-01,3.741981e-01,3.153181e-01,2.550949e-01,2.307728e-01,5.736266e-01,7.036325e-01,7.930536e-01,7.772503e-01,8.270871e-01,7.506428e-01
4.125000e-04,7.911042e+00,7.776131e+00,1.364039e+00,8.032407e-01,5.832607e-01,4.585524e-01,3.745319e-01,3.160975e-01,2.549717e-01,2.290787e-01,5.794730e-01,7.090936e-01,7.920612e-01,7.711994e-01,8.117305e-01,7.384123e-01
4.150000e-04,7.905510e+00,7.766496e+00,1.355722e+00,8.055368e-01,5.838117e-01,4.594604e-01,3.750386e-01,3.156628e-01,2.583518e-01,2.269212e-01,5.854798e-01,7.155986e-01,7.904535e-01,7.677705e-01,7.979231e-01,7.264503e-01
4.175000e-04,7.902419e+00,7.758781e+00,1.396631e+00,7.985536e-01,5.916411e-01,4.604451e-01,3.757132e-01,3.155726e-01,2.663340e-01,2.243514e-01,5.908216e-01,7.231965e-01,7.893086e-01,7.675232e-01,7.863082e-01,7.156734e-01
4.200000e-04,7.900320e+00,7.751603e+00,1.428753e+00,7.891493e-01,6.042603e-01,4.610136e-01,3.764671e-01,3.156816e-01,2.716440e-01,2.224779e-01,5.938102e-01,7.314267e-01,7.891284e-01,7.703681e-01,7.768007e-01,7.071180e-01
4.225000e-04,7.898443e+00,7.744868e+00,1.453731e+00,7.798363e-01,6.083749e-01,4.608712e-01,3.771990e-01,3.158608e-01,2.730511e-01,2.225154e-01,5.953525e-01,7.394570e-01,7.899767e-01,7.757589e-01,7.689479e-01,6.998618e-01
4.250000e-04,7.896430e+00,7.737990e+00,1.462469e+00,7.709064e-01,6.040638e-01,4.637366e-01,3.779518e-01,3.161860e-01,2.730130e-01,2.255242e-01,5.973602e-01,7.461649e-01,7.917540e-01,7.828629e-01,7.623103e-01,6.932391e-01
4.275000e-04,7.888524e+00,7.731124e+00,1.468087e+00,7.623513e-01,5.974286e-01,4.726293e-01,3.786738e-01,3.166554e-01,2.729233e-01,2.324986e-01,5.989111e-01,7.505556e-01,7.943228e-01,7.906707e-01,7.567926e-01,6.873306e-01
4.300000e-04,7.869867e+00,7.724493e+00,1.468568e+00,7.550693e-01,5.909008e-01,4.792916e-01,3.787559e-01,3.172049e-01,2.729021e-01,2.376790e-01,5.985221e-01,7.519763e-01,7.974804e-01,7.982799e-01,7.527366e-01,6.834242e-01
4.325000e-04,7.835245e+00,7.717574e+00,1.488285e+00,7.518651e-01,5.849886e-01,4.781782e-01,3.793219e-01,3.177962e-01,2.728844e-01,2.394269e-01,6.010295e-01,7.504236e-01,8.010535e-01,8.049082e-01,7.506665e-01,6.793132e-01
4.350000e-04,7.799938e+00,7.711900e+00,1.519126e+00,7.550939e-01,5.797671e-01,4.731273e-01,3.840524e-01,3.184681e-01,2.729887e-01,2.396518e-01,6.097518e-01,7.467649e-01,8.049266e-01,8.099721e-01,7.510801e-01,6.731328e-01
4.375000e-04,7.788309e+00,7.703602e+00,1.502161e+00,7.635000e-01,5.743398e-01,4.678726e-01,3.912639e-01,3.189169e-01,2.732815e-01,2.395363e-01,6.260530e-01,7.424766e-01,8.087729e-01,8.130736e-01,7.541165e-01,6.667003e-01
4.400000e-04,7.779712e+00,7.693172e+00,1.536332e+00,7.703140e-01,5.693636e-01,4.631812e-01,3.934903e-01,3.188637e-01,2.737327e-01,2.393652e-01,6.482142e-01,7.386092e-01,8.117723e-01,8.141993e-01,7.601579e-01,6.605625e-01
4.425000e-04,7.771042e+00,7.683851e+00,1.594957e+00,7.720236e-01,5.671626e-01,4.591861e-01,3.906874e-01,3.204203e-01,2.743069e-01,2.391758e-01,6.634989e-01,7.353098e-01,8.127372e-01,8.137871e-01,7.696190e-01,6.507938e-01
4.450000e-04,7.760278e+00,7.675101e+00,1.644647e+00,7.709933e-01,5.696502e-01,4.558173e-01,3.861938e-01,3.256240e-01,2.748970e-01,2.391262e-01,6.652852e-01,7.329314e-01,8.107888e-01,8.125876e-01,7.817260e-01,6.407087e-01
4.475000e-04,7.746093e+00,7.666773e+00,1.678459e+00,7.695829e-01,5.764409e-01,4.523286e-01,3.820951e-01,3.302727e-01,2.750916e-01,2.393001e-01,6.669193e-01,7.330485e-01,8.059017e-01,8.114318e-01,7.953514e-01,6.371454e-01
4.500000e-04,7.731013e+00,7.658707e+00,1.699816e+00,7.681811e-01,5.824248e-01,4.488682e-01,3.786566e-01,3.303256e-01,2.753581e-01,2.396713e-01,6.747781e-01,7.383179e-01,7.987704e-01,8.108780e-01,8.097347e-01,6.384954e-01
4.525000e-04,7.719540e+00,7.650794e+00,1.701212e+00,7.664854e-01,5.842665e-01,4.472387e-01,3.759264e-01,3.272769e-01,2.778307e-01,2.401829e-01,6.805254e-01,7.529145e-01,7.903422e-01,8.112757e-01,8.249029e-01,6.427608e-01
4.550000e-04,7.707171e+00,7.641479e+00,1.666754e+00,7.645903e-01,5.836405e-01,4.490622e-01,3.737341e-01,3.234974e-01,2.825288e-01,2.405742e-01,6.815114e-01,7.784298e-01,7.812954e-01,8.126495e-01,8.402250e-01,6.498217e-01
4.575000e-04,7.694930e+00,7.627944e+00,1.622125e+00,7.626782e-01,5.825052e-01,4.544699e-01,3.714316e-01,3.202722e-01,2.850484e-01,2.405663e-01,6.821560e-01,8.053574e-01,7.720223e-01,8.143708e-01,8.549057e-01,6.592263e-01
4.600000e-04,7.683054e+00,7.615857e+00,1.695577e+00,7.608985e-01,5.813001e-01,4.595590e-01,3.689699e-01,3.177253e-01,2.840748e-01,2.412488e-01,6.829596e-01,8.178164e-01,7.633669e-01,8.153785e-01,8.689392e-01,6.689356e-01
4.625000e-04,7.669560e+00,7.604417e+00,1.734305e+00,7.594916e-01,5.799173e-01,4.613907e-01,3.678737e-01,3.158263e-01,2.811323e-01,2.441894e-01,6.854257e-01,8.106833e-01,7.570918e-01,8.149525e-01,8.824403e-01,6.780776e-01
4.650000e-04,7.656318e+00,7.593167e+00,1.749590e+00,7.586333e-01,5.784158e-01,4.610138e-01,3.694858e-01,3.144228e-01,2.779436e-01,2.477385e-01,6.876109e-01,7.879419e-01,7.559471e-01,8.127895e-01,8.950681e-01,6.874249e-01
4.675000e-04,7.639899e+00,7.583242e+00,1.773454e+00,7.581369e-01,5.769802e-01,4.599297e-01,3.740210e-01,3.128849e-01,2.753580e-01,2.487380e-01,6.896090e-01,7.603640e-01,7.635329e-01,8.090997e-01,9.057941e-01,6.965688e-01
4.700000e-04,7.624237e+00,7.575059e+00,1.776781e+00,7.574022e-01,5.758136e-01,4.586438e-01,3.782568e-01,3.110735e-01,2.734393e-01,2.472775e-01,6.917480e-01,7.399207e-01,7.827694e-01,8.040908e-01,9.137330e-01,7.057371e-01
4.725000e-04,7.613765e+00,7.565000e+00,1.712690e+00,7.573643e-01,5.750490e-01,4.572493e-01,3.798386e-01,3.102676e-01,2.721250e-01,2.447093e-01,6.968758e-01,7.326893e-01,8.129859e-01,7.977755e-01,9.183173e-01,7.150366e-01
4.750000e-04,7.606973e+00,7.551945e+00,1.721649e+00,7.608932e-01,5.745700e-01,4.558858e-01,3.794917e-01,3.116879e-01,2.712467e-01,2.422732e-01,7.066554e-01,7.396581e-01,8.454826e-01,7.903264e-01,9.190741e-01,7.246474e-01
4.775000e-04,7.600746e+00,7.540128e+00,1.744546e+00,7.677592e-01,5.739492e-01,4.547306e-01,3.783675e-01,3.155097e-01,2.701633e-01,2.403583e-01,7.112413e-01,7.567048e-01,8.697023e-01,7.824072e-01,9.163836e-01,7.341757e-01
4.800000e-04,7.593705e+00,7.528849e+00,1.743542e+00,7.724923e-01,5.738683e-01,4.539335e-01,3.770247e-01,3.192051e-01,2.688078e-01,2.390184e-01,7.058004e-01,7.731413e-01,8.805610e-01,7.752296e-01,9.108925e-01,7.430961e-01
4.825000e-04,7.586727e+00,7.518304e+00,1.725404e+00,7.719183e-01,5.758284e-01,4.534231e-01,3.756614e-01,3.206782e-01,2.682967e-01,2.382505e-01,6.938395e-01,7.819104e-01,8.788980e-01,7.703582e-01,9.036243e-01,7.508858e-01
4.850000e-04,7.577410e+00,7.508619e+00,1.690355e+00,7.680527e-01,5.793265e-01,4.529594e-01,3.743974e-01,3.203586e-01,2.696322e-01,2.381256e-01,6.865688e-01,7.854884e-01,8.673829e-01,7.696245e-01,8.956855e-01,7.569905e-01
4.875000e-04,7.567815e+00,7.498303e+00,1.625733e+00,7.638552e-01,5.813525e-01,4.527203e-01,3.733985e-01,3.191972e-01,2.729231e-01,2.383122e-01,6.867611e-01,7.871771e-01,8.487513e-01,7.749744e-01,8.878660e-01,7.609628e-01
4.900000e-04,7.560481e+00,7.485875e+00,1.608508e+00,7.603679e-01,5.804865e-01,4.537867e-01,3.727357e-01,3.178312e-01,2.761574e-01,2.390173e-01,6.881580e-01,7.896171e-01,8.265443e-01,7.874435e-01,8.804420e-01,7.627721e-01
4.925000e-04,7.555052e+00,7.474868e+00,1.640536e+00,7.569869e-01,5.778745e-01,4.560557e-01,3.722253e-01,3.165053e-01,2.774864e-01,2.414116e-01,6.879228e-01,7.927970e-01,8.050513e-01,8.058811e-01,8.736892e-01,7.625782e-01
4.950000e-04,7.547921e+00,7.464474e+00,1.652397e+00,7.529704e-01,5.751279e-01,4.574450e-01,3.718884e-01,3.153417e-01,2.771676e-01,2.460892e-01,6.862555e-01,7.947368e-01,7.884620e-01,8.268101e-01,8.679541e-01,7.607872e-01
4.975000e-04,7.533845e+00,7.454970e+00,1.655315e+00,7.487321e-01,5.729292e-01,4.567261e-01,3.723381e-01,3.144567e-01,2.759851e-01,2.533470e-01,6.847289e-01,7.922452e-01,7.799342e-01,8.467081e-01,8.637454e-01,7.578585e-01
5.000000e-04,7.518225e+00,7.447174e+00,1.670465e+00,7.451713e-01,5.710113e-01,4.547389e-01,3.738915e-01,3.137943e-01,2.746218e-01,2.610931e-01,6.822302e-01,7.827756e-01,7.812379e-01,8.633246e-01,8.616193e-01,7.541989e-01
5.025000e-04,7.506391e+00,7.441647e+00,1.681286e+00,7.428687e-01,5.688152e-01,4.526765e-01,3.751761e-01,3.132519e-01,2.733575e-01,2.677695e-01,6.813702e-01,7.678545e-01,7.929606e-01,8.749311e-01,8.618971e-01,7.502196e-01
5.050000e-04,7.498155e+00,7.436168e+00,1.655950e+00,7.420761e-01,5.660729e-01,4.510805e-01,3.748363e-01,3.131821e-01,2.723040e-01,2.735907e-01,6.837692e-01,7.533979e-01,8.125848e-01,8.801252e-01,8.642950e-01,7.463000e-01
5.075000e-04,7.493161e+00,7.427995e+00,1.589530e+00,7.427463e-01,5.632445e-01,4.498146e-01,3.732387e-01,3.140795e-01,2.714829e-01,2.794160e-01,6.898323e-01,7.460712e-01,8.335834e-01,8.784886e-01,8.679631e-01,7.429186e-01
5.100000e-04,7.489694e+00,7.417307e+00,1.574715e+00,7.442844e-01,5.610320e-01,4.484743e-01,3.714549e-01,3.153293e-01,2.708099e-01,2.860776e-01,7.008595e-01,7.489962e-01,8.495871e-01,8.711090e-01,8.718838e-01,7.404883e-01
5.125000e-04,7.485938e+00,7.408458e+00,1.609583e+00,7.458300e-01,5.597927e-01,4.468277e-01,3.701208e-01,3.155653e-01,2.703944e-01,2.937923e-01,7.117444e-01,7.616971e-01,8.577066e-01,8.602958e-01,8.755200e-01,7.393485e-01
5.150000e-04,7.480870e+00,7.400672e+00,1.635002e+00,7.467825e-01,5.596363e-01,4.448307e-01,3.692071e-01,3.144320e-01,2.706580e-01,3.027061e-01,7.153489e-01,7.777101e-01,8.584700e-01,8.475185e-01,8.790716e-01,7.396567e-01
5.175000e-04,7.473587e+00,7.393868e+00,1.654903e+00,7.471946e-01,5.605009e-01,4.428301e-01,3.683817e-01,3.127799e-01,2.715906e-01,3.122781e-01,7.102874e-01,7.888621e-01,8.524884e-01,8.337608e-01,8.829629e-01,7.411590e-01
5.200000e-04,7.463878e+00,7.387841e+00,1.665209e+00,7.474885e-01,5.619100e-01,4.413158e-01,3.673712e-01,3.114438e-01,2.722083e-01,3.225338e-01,7.029538e-01,7.930477e-01,8.407019e-01,8.196281e-01,8.873854e-01,7.432819e-01
5.225000e-04,7.454759e+00,7.382442e+00,1.666348e+00,7.478055e-01,5.631728e-01,4.405190e-01,3.660838e-01,3.106547e-01,2.717131e-01,3.332560e-01,7.008410e-01,7.934127e-01,8.247242e-01,8.057178e-01,8.921122e-01,7.453739e-01
5.250000e-04,7.448196e+00,7.377503e+00,1.656581e+00,7.480806e-01,5.639136e-01,4.405293e-01,3.645709e-01,3.101099e-01,2.703492e-01,3.447023e-01,7.054196e-01,7.948344e-01,8.076780e-01,7.929859e-01,8.966309e-01,7.468884e-01
5.275000e-04,7.441040e+00,7.372293e+00,1.635659e+00,7.485448e-01,5.642504e-01,4.412910e-01,3.631104e-01,3.095214e-01,2.689308e-01,3.565874e-01,7.119737e-01,8.010892e-01,7.929699e-01,7.825920e-01,9.002667e-01,7.476914e-01
5.300000e-04,7.434732e+00,7.365738e+00,1.596789e+00,7.495190e-01,5.645078e-01,4.424079e-01,3.620388e-01,3.087402e-01,2.679982e-01,3.679566e-01,7.152199e-01,8.105817e-01,7.826553e-01,7.757282e-01,9.022474e-01,7.480493e-01
5.325000e-04,7.429934e+00,7.356241e+00,1.535370e+00,7.508493e-01,5.648950e-01,4.433531e-01,3.615212e-01,3.077581e-01,2.675255e-01,3.785558e-01,7.148170e-01,8.175981e-01,7.780391e-01,7.733231e-01,9.018017e-01,7.484567e-01
5.350000e-04,7.426043e+00,7.346793e+00,1.562264e+00,7.519501e-01,5.654641e-01,4.438635e-01,3.616274e-01,3.066006e-01,2.671775e-01,3.891337e-01,7.145662e-01,8.168073e-01,7.798894e-01,7.755442e-01,8.983516e-01,7.495509e-01
5.375000e-04,7.421461e+00,7.338688e+00,1.599607e+00,7.523384e-01,5.661722e-01,4.440609e-01,3.622798e-01,3.054958e-01,2.667170e-01,4.006886e-01,7.170237e-01,8.074003e-01,7.883161e-01,7.823248e-01,8.918434e-01,7.516783e-01
5.400000e-04,7.414839e+00,7.331200e+00,1.630886e+00,7.520302e-01,5.667970e-01,4.442507e-01,3.631322e-01,3.046994e-01,2.660831e-01,4.134729e-01,7.214542e-01,7.924821e-01,8.026727e-01,7.905884e-01,8.827182e-01,7.546075e-01
5.425000e-04,7.405341e+00,7.324428e+00,1.657426e+00,7.517484e-01,5.670976e-01,4.446543e-01,3.637695e-01,3.043394e-01,2.653065e-01,4.269629e-01,7.237703e-01,7.770769e-01,8.205313e-01,7.962457e-01,8.717532e-01,7.576420e-01
5.450000e-04,7.392799e+00,7.318319e+00,1.677023e+00,7.522603e-01,5.669522e-01,4.452724e-01,3.640436e-01,3.044719e-01,2.644256e-01,4.404104e-01,7.222789e-01,7.667001e-01,8.378374e-01,7.968280e-01,8.599062e-01,7.599425e-01
5.475000e-04,7.384008e+00,7.312823e+00,1.684525e+00,7.518486e-01,5.664308e-01,4.458469e-01,3.641131e-01,3.050212e-01,2.635954e-01,4.528599e-01,7.187820e-01,7.646003e-01,8.500213e-01,7.931469e-01,8.480425e-01,7.609040e-01
5.500000e-04,7.377565e+00,7.307455e+00,1.672422e+00,7.480379e-01,5.660125e-01,4.460928e-01,3.642592e-01,3.056815e-01,2.629903e-01,4.639058e-01,7.169128e-01,7.714098e-01,8.547138e-01,7.871170e-01,8.368586e-01,7.603693e-01
5.525000e-04,7.371501e+00,7.301095e+00,1.635952e+00,7.426714e-01,5.663680e-01,4.459029e-01,3.646479e-01,3.061108e-01,2.627401e-01,4.735505e-01,7.191458e-01,7.842507e-01,8.518075e-01,7.812327e-01,8.267991e-01,7.586649e-01
5.550000e-04,7.366073e+00,7.292073e+00,1.572120e+00,7.409382e-01,5.669566e-01,4.453798e-01,3.651484e-01,3.062273e-01,2.628902e-01,4.816150e-01,7.241078e-01,7.962361e-01,8.423635e-01,7.770367e-01,8.180472e-01,7.562739e-01
5.575000e-04,7.360902e+00,7.280624e+00,1.560187e+00,7.447871e-01,5.653963e-01,4.448534e-01,3.654511e-01,3.062124e-01,2.633502e-01,4.885493e-01,7.275164e-01,8.017478e-01,8.280923e-01,7.756672e-01,8.106886e-01,7.536286e-01
5.600000e-04,7.354945e+00,7.271376e+00,1.606865e+00,7.509465e-01,5.607850e-01,4.448058e-01,3.653473e-01,3.063260e-01,2.638436e-01,4.952997e-01,7.275431e-01,8.004638e-01,8.116183e-01,7.771911e-01,8.048644e-01,7.511373e-01
5.625000e-04,7.347202e+00,7.263030e+00,1.642334e+00,7.532286e-01,5.558870e-01,4.452277e-01,3.648601e-01,3.066499e-01,2.641073e-01,5.023685e-01,7.249997e-01,7.938653e-01,7.954926e-01,7.810149e-01,8.008759e-01,7.491400e-01
5.650000e-04,7.336104e+00,7.255485e+00,1.672368e+00,7.517736e-01,5.546865e-01,4.449835e-01,3.642843e-01,3.069824e-01,2.641194e-01,5.104273e-01,7.219148e-01,7.843280e-01,7.816201e-01,7.864920e-01,7.990329e-01,7.476570e-01
5.675000e-04,7.320937e+00,7.248831e+00,1.693724e+00,7.492475e-01,5.579783e-01,4.426785e-01,3.640333e-01,3.070412e-01,2.640721e-01,5.195385e-01,7.199500e-01,7.749282e-01,7.710053e-01,7.930720e-01,7.997562e-01,7.465675e-01
5.700000e-04,7.312366e+00,7.243132e+00,1.705032e+00,7.469713e-01,5.632025e-01,4.385652e-01,3.642190e-01,3.066886e-01,2.641687e-01,5.291629e-01,7.192613e-01,7.680452e-01,7.641478e-01,8.003590e-01,8.032811e-01,7.455300e-01
5.725000e-04,7.304551e+00,7.237535e+00,1.692909e+00,7.450265e-01,5.656285e-01,4.349880e-01,3.642981e-01,3.060981e-01,2.644117e-01,5.380881e-01,7.196379e-01,7.653230e-01,7.611339e-01,8.074785e-01,8.095533e-01,7.440704e-01
5.750000e-04,7.297484e+00,7.230808e+00,1.650471e+00,7.433969e-01,5.652219e-01,4.344765e-01,3.633506e-01,3.056453e-01,2.645740e-01,5.456572e-01,7.209676e-01,7.670528e-01,7.619949e-01,8.126072e-01,8.179721e-01,7.420439e-01
5.775000e-04,7.290853e+00,7.220720e+00,1.579095e+00,7.422206e-01,5.638499e-01,4.373600e-01,3.608888e-01,3.055816e-01,2.644153e-01,5.513870e-01,7.227737e-01,7.715146e-01,7.664048e-01,8.138111e-01,8.272734e-01,7.396605e-01
5.800000e-04,7.284174e+00,7.209936e+00,1.605135e+00,7.416866e-01,5.625532e-01,4.416635e-01,3.574900e-01,3.056720e-01,2.639121e-01,5.557409e-01,7.249906e-01,7.757205e-01,7.731448e-01,8.106532e-01,8.359959e-01,7.374608e-01
5.825000e-04,7.276706e+00,7.201082e+00,1.649634e+00,7.418200e-01,5.614361e-01,4.438549e-01,3.551189e-01,3.053518e-01,2.633452e-01,5.588473e-01,7.267832e-01,7.770765e-01,7.799023e-01,8.037395e-01,8.431886e-01,7.360659e-01
5.850000e-04,7.268036e+00,7.193121e+00,1.684762e+00,7.424387e-01,5.605080e-01,4.439001e-01,3.552534e-01,3.041295e-01,2.630419e-01,5.609559e-01,7.262667e-01,7.748158e-01,7.845636e-01,7.942127e-01,8.487043e-01,7.361319e-01
5.875000e-04,7.257883e+00,7.186070e+00,1.703370e+00,7.432506e-01,5.598651e-01,4.430822e-01,3.580084e-01,3.019107e-01,2.630047e-01,5.624196e-01,7.236034e-01,7.696984e-01,7.863953e-01,7.833547e-01,8.528812e-01,7.380995e-01
5.900000e-04,7.249032e+00,7.179772e+00,1.708030e+00,7.441609e-01,5.596129e-01,4.421620e-01,3.615866e-01,2.992354e-01,2.628575e-01,5.642175e-01,7.201795e-01,7.638781e-01,7.858742e-01,7.726608e-01,8.560029e-01,7.420142e-01
5.925000e-04,7.242767e+00,7.174061e+00,1.697654e+00,7.452620e-01,5.597571e-01,4.413032e-01,3.633226e-01,2.976695e-01,2.622352e-01,5.672639e-01,7.175780e-01,7.597817e-01,7.838190e-01,7.633927e-01,8.581478e-01,7.474639e-01
5.950000e-04,7.236568e+00,7.168241e+00,1.666140e+00,7.463904e-01,5.601758e-01,4.405604e-01,3.634351e-01,2.981204e-01,2.609608e-01,5.712703e-01,7.174199e-01,7.588076e-01,7.813183e-01,7.563457e-01,8.592324e-01,7.538712e-01
5.975000e-04,7.231265e+00,7.161000e+00,1.609346e+00,7.469427e-01,5.607564e-01,4.400390e-01,3.628443e-01,3.007433e-01,2.590159e-01,5.760093e-01,7.189815e-01,7.612051e-01,7.791917e-01,7.518740e-01,8.591826e-01,7.606836e-01
6.000000e-04,7.227096e+00,7.150220e+00,1.530207e+00,7.470639e-01,5.614829e-01,4.398278e-01,3.621064e-01,3.037429e-01,2.569320e-01,5.792768e-01,7.202491e-01,7.657374e-01,7.778737e-01,7.500212e-01,8.580495e-01,7.673368e-01
6.025000e-04,7.224148e+00,7.140710e+00,1.571244e+00,7.486830e-01,5.622333e-01,4.399265e-01,3.613676e-01,3.051509e-01,2.559779e-01,5.807509e-01,7.196106e-01,7.700102e-01,7.774327e-01,7.507524e-01,8.560109e-01,7.732303e-01
6.050000e-04,7.221938e+00,7.132604e+00,1.598364e+00,7.532390e-01,5.626012e-01,4.402582e-01,3.607097e-01,3.052531e-01,2.567118e-01,5.795815e-01,7.166833e-01,7.717470e-01,7.779309e-01,7.542434e-01,8.532709e-01,7.777470e-01
6.075000e-04,7.219961e+00,7.125232e+00,1.608999e+00,7.581803e-01,5.625400e-01,4.407697e-01,3.602383e-01,3.047578e-01,2.591901e-01,5.765929e-01,7.128244e-01,7.702814e-01,7.793452e-01,7.602948e-01,8.501046e-01,7.804737e-01
6.100000e-04,7.215627e+00,7.118452e+00,1.605917e+00,7.597020e-01,5.631746e-01,4.413772e-01,3.600260e-01,3.041007e-01,2.617361e-01,5.727138e-01,7.098088e-01,7.660718e-01,7.814498e-01,7.687382e-01,8.467781e-01,7.814544e-01
6.125000e-04,7.206015e+00,7.112375e+00,1.599560e+00,7.577242e-01,5.657748e-01,4.417960e-01,3.600741e-01,3.034252e-01,2.628811e-01,5.706734e-01,7.079835e-01,7.605496e-01,7.839758e-01,7.786189e-01,8.434747e-01,7.812007e-01
6.150000e-04,7.189371e+00,7.107204e+00,1.599015e+00,7.543469e-01,5.691574e-01,4.418013e-01,3.603505e-01,3.028213e-01,2.629407e-01,5.724287e-01,7.067107e-01,7.553982e-01,7.866935e-01,7.885461e-01,8.402949e-01,7.802784e-01
6.175000e-04,7.178584e+00,7.102977e+00,1.594623e+00,7.510177e-01,5.705454e-01,4.419030e-01,3.607934e-01,3.023815e-01,2.624754e-01,5.776233e-01,7.049486e-01,7.520711e-01,7.894828e-01,7.970255e-01,8.373486e-01,7.792467e-01
6.200000e-04,7.173560e+00,7.098399e+00,1.566036e+00,7.478124e-01,5.693557e-01,4.432137e-01,3.612079e-01,3.021626e-01,2.618507e-01,5.848176e-01,7.018339e-01,7.512951e-01,7.921894e-01,8.032843e-01,8.347360e-01,7.786159e-01
6.225000e-04,7.170785e+00,7.092287e+00,1.515719e+00,7.443285e-01,5.669993e-01,4.456586e-01,3.613240e-01,3.021784e-01,2.612134e-01,5.891767e-01,6.975602e-01,7.524926e-01,7.946297e-01,8.072358e-01,8.325277e-01,7.788429e-01
6.250000e-04,7.169283e+00,7.083522e+00,1.452070e+00,7.409650e-01,5.647614e-01,4.472687e-01,3.612769e-01,3.024106e-01,2.606514e-01,5.915566e-01,6.940410e-01,7.541159e-01,7.965602e-01,8.093921e-01,8.307715e-01,7.801232e-01
6.275000e-04,7.168198e+00,7.076185e+00,1.470325e+00,7.391008e-01,5.628355e-01,4.468628e-01,3.618544e-01,3.027475e-01,2.602391e-01,5.922594e-01,6.936271e-01,7.547414e-01,7.976669e-01,8.104383e-01,8.296075e-01,7.821189e-01
6.300000e-04,7.166997e+00,7.070133e+00,1.494042e+00,7.398202e-01,5.607355e-01,4.451526e-01,3.635418e-01,3.029390e-01,2.600242e-01,5.911861e-01,6.985507e-01,7.541136e-01,7.976642e-01,8.110316e-01,8.293269e-01,7.841252e-01
6.325000e-04,7.165680e+00,7.064975e+00,1.508273e+00,7.427490e-01,5.582172e-01,4.433025e-01,3.652680e-01,3.028717e-01,2.600325e-01,5.899838e-01,7.094534e-01,7.525016e-01,7.965175e-01,8.117354e-01,8.302338e-01,7.856189e-01
6.350000e-04,7.163487e+00,7.060581e+00,1.518687e+00,7.458205e-01,5.558687e-01,4.418100e-01,3.655748e-01,3.029626e-01,2.602254e-01,5.883648e-01,7.206591e-01,7.501352e-01,7.944612e-01,8.128483e-01,8.325855e-01,7.864495e-01
6.375000e-04,7.160699e+00,7.056666e+00,1.527422e+00,7.475681e-01,5.548763e-01,4.404574e-01,3.644988e-01,3.038878e-01,2.604284e-01,5.869269e-01,7.238161e-01,7.474005e-01,7.919020e-01,8.144181e-01,8.365662e-01,7.865882e-01
6.400000e-04,7.156872e+00,7.053440e+00,1.531807e+00,7.482260e-01,5.559994e-01,4.388830e-01,3.629262e-01,3.054528e-01,2.604348e-01,5.855016e-01,7.171113e-01,7.453963e-01,7.893130e-01,8.162329e-01,8.421428e-01,7.861319e-01
6.425000e-04,7.152426e+00,7.050649e+00,1.533891e+00,7.486051e-01,5.588327e-01,4.370479e-01,3.615601e-01,3.063780e-01,2.603547e-01,5.847603e-01,7.060770e-01,7.460976e-01,7.871372e-01,8.178871e-01,8.489078e-01,7.852477e-01
6.450000e-04,7.148524e+00,7.048274e+00,1.530811e+00,7.490107e-01,5.616267e-01,4.355103e-01,3.604734e-01,3.060315e-01,2.607186e-01,5.851765e-01,6.985547e-01,7.516669e-01,7.856611e-01,8.189076e-01,8.561731e-01,7.843198e-01
6.475000e-04,7.145553e+00,7.046182e+00,1.521851e+00,7.491033e-01,5.632275e-01,4.351258e-01,3.594124e-01,3.048798e-01,2.618137e-01,5.853260e-01,6.982244e-01,7.630472e-01,7.849114e-01,8.188916e-01,8.631475e-01,7.838247e-01
6.500000e-04,7.143095e+00,7.044122e+00,1.507665e+00,7.485871e-01,5.639346e-01,4.363835e-01,3.581781e-01,3.036186e-01,2.629536e-01,5.856094e-01,7.034852e-01,7.782202e-01,7.846949e-01,8.176254e-01,8.691393e-01,7.841279e-01
6.525000e-04,7.139948e+00,7.042012e+00,1.493941e+00,7.475881e-01,5.644457e-01,4.388877e-01,3.568390e-01,3.025931e-01,2.632127e-01,5.866514e-01,7.094039e-01,7.924610e-01,7.848062e-01,8.151470e-01,8.736955e-01,7.855073e-01
6.550000e-04,7.135578e+00,7.040240e+00,1.486176e+00,7.465103e-01,5.649225e-01,4.411731e-01,3.558835e-01,3.017365e-01,2.625547e-01,5.884546e-01,7.131218e-01,8.013866e-01,7.853326e-01,8.117919e-01,8.766092e-01,7.880663e-01
6.575000e-04,7.132220e+00,7.038760e+00,1.480793e+00,7.457210e-01,5.650394e-01,4.424553e-01,3.559499e-01,3.008811e-01,2.614838e-01,5.914170e-01,7.147041e-01,8.028308e-01,7.869424e-01,8.080050e-01,8.778892e-01,7.916992e-01
6.600000e-04,7.131437e+00,7.037344e+00,1.470478e+00,7.453688e-01,5.645892e-01,4.430730e-01,3.573146e-01,2.999309e-01,2.604724e-01,5.941272e-01,7.152531e-01,7.972405e-01,7.907978e-01,8.041648e-01,8.777135e-01,7.960158e-01
6.625000e-04,7.132471e+00,7.035802e+00,1.454982e+00,7.453182e-01,5.637345e-01,4.435342e-01,3.595081e-01,2.989595e-01,2.596581e-01,5.948042e-01,7.158187e-01,7.866849e-01,7.978235e-01,8.004455e-01,8.762112e-01,8.004530e-01
6.650000e-04,7.134003e+00,7.034043e+00,1.437178e+00,7.453654e-01,5.628088e-01,4.438732e-01,3.613175e-01,2.983861e-01,2.589637e-01,5.942278e-01,7.166590e-01,7.747899e-01,8.078485e-01,7.968239e-01,8.733842e-01,8.046865e-01
6.675000e-04,7.135121e+00,7.032086e+00,1.419912e+00,7.456245e-01,5.620745e-01,4.438374e-01,3.622994e-01,2.986699e-01,2.582927e-01,5.934048e-01,7.183110e-01,7.655249e-01,8.193242e-01,7.932316e-01,8.693037e-01,8.087253e-01
6.700000e-04,7.135596e+00,7.029997e+00,1.404332e+00,7.465871e-01,5.615708e-01,4.433490e-01,3.628048e-01,2.999934e-01,2.575722e-01,5.928254e-01,7.218067e-01,7.614138e-01,8.301704e-01,7.897612e-01,8.642443e-01,8.126258e-01
6.725000e-04,7.135460e+00,7.027807e+00,1.390361e+00,7.486097e-01,5.612300e-01,4.425851e-01,3.631519e-01,3.019000e-01,2.568861e-01,5.925618e-01,7.269771e-01,7.635097e-01,8.386621e-01,7.868127e-01,8.587705e-01,8.161253e-01
6.750000e-04,7.134923e+00,7.025411e+00,1.377174e+00,7.512928e-01,5.611706e-01,4.418036e-01,3.632940e-01,3.033540e-01,2.565894e-01,5.926504e-01,7.316572e-01,7.713744e-01,8.436434e-01,7.851125e-01,8.534808e-01,8.187050e-01
6.775000e-04,7.134202e+00,7.022718e+00,1.363183e+00,7.536273e-01,5.616910e-01,4.411437e-01,3.630731e-01,3.041414e-01,2.570420e-01,5.930020e-01,7.331804e-01,7.827028e-01,8.446482e-01,7.855337e-01,8.488325e-01,8.200814e-01
6.800000e-04,7.133094e+00,7.019518e+00,1.347146e+00,7.548272e-01,5.628385e-01,4.406424e-01,3.625151e-01,3.045465e-01,2.583551e-01,5.933943e-01,7.309188e-01,7.941407e-01,8.419266e-01,7.887372e-01,8.449702e-01,8.203849e-01
6.825000e-04,7.130445e+00,7.015921e+00,1.331485e+00,7.546927e-01,5.641487e-01,4.403997e-01,3.617943e-01,3.047701e-01,2.599951e-01,5.937430e-01,7.268995e-01,8.027518e-01,8.360540e-01,7.948569e-01,8.419116e-01,8.199595e-01
6.850000e-04,7.125435e+00,7.013037e+00,1.343819e+00,7.534549e-01,5.650544e-01,4.406252e-01,3.610847e-01,3.047529e-01,2.611651e-01,5.947827e-01,7.245119e-01,8.076701e-01,8.278891e-01,8.032384e-01,8.398180e-01,8.191010e-01
6.875000e-04,7.117801e+00,7.010613e+00,1.368308e+00,7.515109e-01,5.653745e-01,4.413531e-01,3.604801e-01,3.044277e-01,2.617844e-01,5.971908e-01,7.259184e-01,8.091712e-01,8.185988e-01,8.127219e-01,8.390458e-01,8.179021e-01
6.900000e-04,7.112103e+00,7.008556e+00,1.395104e+00,7.491653e-01,5.653004e-01,4.422097e-01,3.600863e-01,3.038547e-01,2.620851e-01,6.013058e-01,7.304942e-01,8.079153e-01,8.095869e-01,8.220912e-01,8.398800e-01,8.165023e-01
6.925000e-04,7.107885e+00,7.006612e+00,1.418525e+00,7.466327e-01,5.650349e-01,4.427128e-01,3.600747e-01,3.031705e-01,2.621860e-01,6.064473e-01,7.354064e-01,8.052486e-01,8.024187e-01,8.302807e-01,8.422538e-01,8.153277e-01
6.950000e-04,7.104317e+00,7.004658e+00,1.438780e+00,7.441384e-01,5.645691e-01,4.427211e-01,3.605197e-01,3.025028e-01,2.620491e-01,6.104834e-01,7.381729e-01,8.021783e-01,7.982790e-01,8.364376e-01,8.457290e-01,8.149195e-01
6.975000e-04,7.101092e+00,7.002595e+00,1.457985e+00,7.420147e-01,5.637757e-01,4.424569e-01,3.611770e-01,3.019689e-01,2.616644e-01,6.132044e-01,7.386907e-01,7.987984e-01,7.978869e-01,8.400637e-01,8.497692e-01,8.156457e-01
7.000000e-04,7.098022e+00,7.000406e+00,1.476779e+00,7.406866e-01,5.625581e-01,4.422441e-01,3.616238e-01,3.017236e-01,2.610981e-01,6.157487e-01,7.387337e-01,7.949792e-01,8.010899e-01,8.409565e-01,8.538901e-01,8.174176e-01
7.025000e-04,7.095077e+00,6.998140e+00,1.494744e+00,7.405052e-01,5.609755e-01,4.421894e-01,3.616426e-01,3.018873e-01,2.604505e-01,6.179445e-01,7.408496e-01,7.910041e-01,8.071748e-01,8.393291e-01,8.578043e-01,8.198632e-01
7.050000e-04,7.092171e+00,6.995801e+00,1.511448e+00,7.414432e-01,5.592955e-01,4.421007e-01,3.613554e-01,3.023539e-01,2.598390e-01,6.198115e-01,7.465922e-01,7.877219e-01,8.148726e-01,8.357808e-01,8.614642e-01,8.226499e-01
7.075000e-04,7.089124e+00,6.993328e+00,1.527756e+00,7.429725e-01,5.579218e-01,4.417046e-01,3.610602e-01,3.027940e-01,2.594133e-01,6.212105e-01,7.546849e-01,7.860292e-01,8.224346e-01,8.310387e-01,8.649654e-01,8.254879e-01
7.100000e-04,7.085683e+00,6.990768e+00,1.542416e+00,7.444181e-01,5.572637e-01,4.408680e-01,3.609975e-01,3.029270e-01,2.593194e-01,6.220592e-01,7.611935e-01,7.863267e-01,8.280501e-01,8.257598e-01,8.684131e-01,8.280659e-01
7.125000e-04,7.081552e+00,6.988114e+00,1.555033e+00,7.455321e-01,5.575541e-01,4.396980e-01,3.611354e-01,3.027380e-01,2.595599e-01,6.225793e-01,7.629287e-01,7.885783e-01,8.307676e-01,8.203852e-01,8.718128e-01,8.301259e-01
7.150000e-04,7.076286e+00,6.985373e+00,1.565459e+00,7.465405e-01,5.586964e-01,4.384792e-01,3.611859e-01,3.024231e-01,2.599255e-01,6.231347e-01,7.599077e-01,7.926827e-01,8.305782e-01,8.151688e-01,8.751043e-01,8.316510e-01
7.175000e-04,7.070064e+00,6.982613e+00,1.574062e+00,7.476724e-01,5.602043e-01,4.375756e-01,3.608867e-01,3.022418e-01,2.601418e-01,6.244536e-01,7.548275e-01,7.985009e-01,8.277135e-01,8.102905e-01,8.782412e-01,8.329037e-01
7.200000e-04,7.062886e+00,6.979854e+00,1.581823e+00,7.488286e-01,5.614996e-01,4.372902e-01,3.601885e-01,3.023389e-01,2.600831e-01,6.262622e-01,7.508154e-01,8.055731e-01,8.228430e-01,8.058890e-01,8.811402e-01,8.342992e-01
7.225000e-04,7.055767e+00,6.977021e+00,1.584962e+00,7.497378e-01,5.624100e-01,4.377622e-01,3.592433e-01,3.025861e-01,2.598259e-01,6.281835e-01,7.492891e-01,8.128789e-01,8.169156e-01,8.020933e-01,8.835939e-01,8.362146e-01
7.250000e-04,7.049335e+00,6.973916e+00,1.580580e+00,7.502685e-01,5.631384e-01,4.388747e-01,3.583271e-01,3.026774e-01,2.595686e-01,6.306460e-01,7.496679e-01,8.190326e-01,8.111116e-01,7.991236e-01,8.853048e-01,8.388787e-01
7.275000e-04,7.045940e+00,6.970442e+00,1.567413e+00,7.504505e-01,5.638836e-01,4.401909e-01,3.577416e-01,3.024253e-01,2.595155e-01,6.330848e-01,7.501671e-01,8.228599e-01,8.065410e-01,7.972193e-01,8.859753e-01,8.423454e-01
7.300000e-04,7.042845e+00,6.966271e+00,1.545021e+00,7.503569e-01,5.646383e-01,4.412512e-01,3.576868e-01,3.018349e-01,2.597230e-01,6.343908e-01,7.498700e-01,8.237233e-01,8.041783e-01,7.965691e-01,8.854112e-01,8.463532e-01
7.325000e-04,7.039457e+00,6.960987e+00,1.514729e+00,7.500262e-01,5.652367e-01,4.419548e-01,3.582514e-01,3.010733e-01,2.600071e-01,6.353901e-01,7.493529e-01,8.214771e-01,8.047506e-01,7.973720e-01,8.836316e-01,8.503955e-01
7.350000e-04,7.035522e+00,6.954352e+00,1.478849e+00,7.494766e-01,5.655072e-01,4.424765e-01,3.592886e-01,3.003845e-01,2.600941e-01,6.369064e-01,7.494761e-01,8.163523e-01,8.085153e-01,7.996027e-01,8.808712e-01,8.539547e-01
7.375000e-04,7.031216e+00,6.946426e+00,1.461333e+00,7.488384e-01,5.653706e-01,4.429920e-01,3.603949e-01,2.999922e-01,2.598669e-01,6.384367e-01,7.506657e-01,8.090314e-01,8.151179e-01,8.026508e-01,8.774674e-01,8.567153e-01
7.400000e-04,7.026693e+00,6.940668e+00,1.502081e+00,7.484186e-01,5.648553e-01,4.435133e-01,3.612179e-01,3.000528e-01,2.593740e-01,6.406104e-01,7.520469e-01,8.007341e-01,8.235195e-01,8.055829e-01,8.736545e-01,8.586874e-01
7.425000e-04,7.022324e+00,6.935475e+00,1.536029e+00,7.482661e-01,5.640484e-01,4.439040e-01,3.617294e-01,3.006237e-01,2.587693e-01,6.425022e-01,7.523219e-01,7.931139e-01,8.321868e-01,8.074487e-01,8.694783e-01,8.601941e-01
7.450000e-04,7.018069e+00,6.930704e+00,1.562436e+00,7.477799e-01,5.631440e-01,4.439865e-01,3.621003e-01,3.015424e-01,2.582513e-01,6.435256e-01,7.510836e-01,7.877249e-01,8.395129e-01,8.081277e-01,8.649339e-01,8.616143e-01
7.475000e-04,7.013688e+00,6.926258e+00,1.582568e+00,7.464249e-01,5.625081e-01,4.436674e-01,3.624701e-01,3.024479e-01,2.580078e-01,6.436593e-01,7.488909e-01,7.855328e-01,8.443766e-01,8.079849e-01,8.601448e-01,8.630680e-01
7.500000e-04,7.008746e+00,6.922022e+00,1.596702e+00,7.449558e-01,5.624138e-01,4.429801e-01,3.628377e-01,3.030765e-01,2.581598e-01,6.436162e-01,7.468699e-01,7.866308e-01,8.461780e-01,8.077942e-01,8.554981e-01,8.642874e-01
7.525000e-04,7.002739e+00,6.918138e+00,1.604692e+00,7.448877e-01,5.625307e-01,4.420883e-01,3.630627e-01,3.034413e-01,2.587256e-01,6.430493e-01,7.463433e-01,7.903515e-01,8.447618e-01,8.085050e-01,8.517303e-01,8.647884e-01
7.550000e-04,6.995530e+00,6.914509e+00,1.608764e+00,7.467743e-01,5.620010e-01,4.413018e-01,3.629840e-01,3.037012e-01,2.595264e-01,6.416474e-01,7.478388e-01,7.954426e-01,8.403153e-01,8.106658e-01,8.496990e-01,8.641998e-01
7.575000e-04,6.987367e+00,6.911146e+00,1.607671e+00,7.494537e-01,5.605153e-01,4.409477e-01,3.625340e-01,3.039702e-01,2.602475e-01,6.414452e-01,7.505664e-01,8.003265e-01,8.335187e-01,8.142941e-01,8.500200e-01,8.625357e-01
7.600000e-04,6.980400e+00,6.907950e+00,1.601670e+00,7.509032e-01,5.590159e-01,4.410444e-01,3.617893e-01,3.042235e-01,2.607146e-01,6.419153e-01,7.528384e-01,8.038445e-01,8.254813e-01,8.189782e-01,8.527945e-01,8.602483e-01
7.625000e-04,6.976587e+00,6.904771e+00,1.589365e+00,7.504874e-01,5.588542e-01,4.410782e-01,3.609854e-01,3.043238e-01,2.609730e-01,6.425547e-01,7.530491e-01,8.054884e-01,8.174045e-01,8.240670e-01,8.576108e-01,8.580217e-01
7.650000e-04,6.973366e+00,6.901364e+00,1.568896e+00,7.487823e-01,5.604319e-01,4.404080e-01,3.604321e-01,3.041344e-01,2.611625e-01,6.451034e-01,7.507993e-01,8.052665e-01,8.103727e-01,8.289069e-01,8.636987e-01,8.565132e-01
7.675000e-04,6.970580e+00,6.897400e+00,1.541345e+00,7.467070e-01,5.628166e-01,4.390463e-01,3.602961e-01,3.036241e-01,2.613610e-01,6.471604e-01,7.472484e-01,8.037177e-01,8.051353e-01,8.329784e-01,8.701549e-01,8.560357e-01
7.700000e-04,6.967914e+00,6.892795e+00,1.509656e+00,7.448542e-01,5.643559e-01,4.378853e-01,3.604033e-01,3.029174e-01,2.615210e-01,6.487479e-01,7.442452e-01,8.015852e-01,8.021405e-01,8.358778e-01,8.761646e-01,8.565080e-01
7.725000e-04,6.965275e+00,6.887279e+00,1.474976e+00,7.435105e-01,5.644576e-01,4.379115e-01,3.602684e-01,3.022732e-01,2.615119e-01,6.504730e-01,7.430607e-01,7.996380e-01,8.016496e-01,8.373022e-01,8.812694e-01,8.576547e-01
7.750000e-04,6.962544e+00,6.880874e+00,1.447469e+00,7.428157e-01,5.635129e-01,4.393162e-01,3.595360e-01,3.019121e-01,2.612285e-01,6.519790e-01,7.443198e-01,7.983846e-01,8.036526e-01,8.370727e-01,8.853579e-01,8.591916e-01
7.775000e-04,6.959879e+00,6.876510e+00,1.474739e+00,7.427911e-01,5.622195e-01,4.413393e-01,3.584138e-01,3.018654e-01,2.606844e-01,6.537404e-01,7.476194e-01,7.979316e-01,8.079570e-01,8.351392e-01,8.885030e-01,8.608496e-01
7.800000e-04,6.957406e+00,6.872653e+00,1.498728e+00,7.433289e-01,5.610721e-01,4.426541e-01,3.576754e-01,3.019082e-01,2.600454e-01,6.553149e-01,7.515420e-01,7.979529e-01,8.139363e-01,8.316947e-01,8.908024e-01,8.624069e-01
7.825000e-04,6.955408e+00,6.869063e+00,1.517144e+00,7.442022e-01,5.602901e-01,4.428399e-01,3.579692e-01,3.016792e-01,2.595425e-01,6.561429e-01,7.544660e-01,7.978716e-01,8.205289e-01,8.271396e-01,8.923495e-01,8.638803e-01
7.850000e-04,6.953275e+00,6.865787e+00,1.530961e+00,7.452252e-01,5.599674e-01,4.422134e-01,3.593412e-01,3.010070e-01,2.592944e-01,6.563821e-01,7.553678e-01,7.973085e-01,8.265895e-01,8.219635e-01,8.932425e-01,8.655161e-01
7.875000e-04,6.950670e+00,6.862698e+00,1.542914e+00,7.464144e-01,5.601138e-01,4.413033e-01,3.610606e-01,3.001374e-01,2.592499e-01,6.556391e-01,7.540365e-01,7.963789e-01,8.312579e-01,8.166740e-01,8.935662e-01,8.675130e-01
7.900000e-04,6.947471e+00,6.859728e+00,1.555206e+00,7.477853e-01,5.606077e-01,4.404904e-01,3.620729e-01,2.997047e-01,2.592052e-01,6.546535e-01,7.514708e-01,7.956370e-01,8.341357e-01,8.117653e-01,8.933672e-01,8.698921e-01
7.925000e-04,6.943554e+00,6.857089e+00,1.567311e+00,7.490937e-01,5.612656e-01,4.399523e-01,3.621705e-01,3.001374e-01,2.589241e-01,6.540646e-01,7.493181e-01,7.958236e-01,8.352217e-01,8.076876e-01,8.927092e-01,8.724603e-01
7.950000e-04,6.939534e+00,6.854708e+00,1.577104e+00,7.499722e-01,5.619836e-01,4.397729e-01,3.616523e-01,3.014441e-01,2.583260e-01,6.541516e-01,7.485403e-01,7.974511e-01,8.346999e-01,8.048234e-01,8.917445e-01,8.750275e-01
7.975000e-04,6.935926e+00,6.852497e+00,1.583177e+00,7.504138e-01,5.627388e-01,4.399472e-01,3.609295e-01,3.029091e-01,2.576719e-01,6.540783e-01,7.491092e-01,8.004501e-01,8.329907e-01,8.034496e-01,8.906540e-01,8.773588e-01
8.000000e-04,6.933245e+00,6.850415e+00,1.581876e+00,7.508386e-01,5.634377e-01,4.403691e-01,3.602961e-01,3.036971e-01,2.574707e-01,6.538807e-01,7.500083e-01,8.041968e-01,8.306491e-01,8.037607e-01,8.895521e-01,8.791096e-01
8.025000e-04,6.930803e+00,6.848250e+00,1.575251e+00,7.515556e-01,5.639124e-01,4.408987e-01,3.598901e-01,3.037438e-01,2.580045e-01,6.539969e-01,7.500728e-01,8.077643e-01,8.282721e-01,8.058469e-01,8.884889e-01,8.800728e-01
8.050000e-04,6.927327e+00,6.846075e+00,1.567359e+00,7.522543e-01,5.641662e-01,4.414436e-01,3.597743e-01,3.032931e-01,2.592183e-01,6.533887e-01,7.489710e-01,8.101875e-01,8.263994e-01,8.095641e-01,8.875406e-01,8.802688e-01
8.075000e-04,6.922417e+00,6.843850e+00,1.560197e+00,7.522637e-01,5.644555e-01,4.419242e-01,3.599358e-01,3.026836e-01,2.604412e-01,6.517970e-01,7.474826e-01,8.108249e-01,8.254382e-01,8.144756e-01,8.867693e-01,8.799098e-01
8.100000e-04,6.916274e+00,6.841795e+00,1.558170e+00,7.513087e-01,5.649739e-01,4.422402e-01,3.602864e-01,3.021514e-01,2.610412e-01,6.509371e-01,7.468142e-01,8.094946e-01,8.255648e-01,8.198975e-01,8.860966e-01,8.792085e-01
8.125000e-04,6.912691e+00,6.840081e+00,1.556298e+00,7.496961e-01,5.654959e-01,4.423862e-01,3.607143e-01,3.018151e-01,2.610312e-01,6.525739e-01,7.477932e-01,8.065147e-01,8.266769e-01,8.251688e-01,8.852933e-01,8.783728e-01
8.150000e-04,6.910730e+00,6.838326e+00,1.550081e+00,7.478723e-01,5.655147e-01,4.425414e-01,3.611139e-01,3.017221e-01,2.606176e-01,6.559170e-01,7.501461e-01,8.026161e-01,8.284679e-01,8.298540e-01,8.841435e-01,8.776799e-01
8.175000e-04,6.909630e+00,6.836417e+00,1.537938e+00,7.460434e-01,5.648111e-01,4.429037e-01,3.613780e-01,3.018559e-01,2.600712e-01,6.594394e-01,7.524220e-01,7.987777e-01,8.305491e-01,8.337869e-01,8.826651e-01,8.773687e-01
8.200000e-04,6.909042e+00,6.834282e+00,1.521189e+00,7.442908e-01,5.636641e-01,4.433830e-01,3.614741e-01,3.021426e-01,2.595950e-01,6.616841e-01,7.530760e-01,7.958046e-01,8.325694e-01,8.369272e-01,8.811646e-01,8.774140e-01
8.225000e-04,6.908576e+00,6.831900e+00,1.501892e+00,7.429138e-01,5.624795e-01,4.435796e-01,3.615320e-01,3.024767e-01,2.592928e-01,6.623030e-01,7.518556e-01,7.941266e-01,8.342586e-01,8.393078e-01,8.800524e-01,8.774428e-01
8.250000e-04,6.907926e+00,6.829309e+00,1.482154e+00,7.424057e-01,5.614000e-01,4.431916e-01,3.617555e-01,3.027368e-01,2.591998e-01,6.622821e-01,7.500520e-01,7.938263e-01,8.353885e-01,8.409979e-01,8.796345e-01,8.770944e-01
8.275000e-04,6.906944e+00,6.826495e+00,1.462985e+00,7.431090e-01,5.603170e-01,4.423340e-01,3.621835e-01,3.028395e-01,2.592954e-01,6.623333e-01,7.499050e-01,7.947558e-01,8.357697e-01,8.420548e-01,8.800963e-01,8.762514e-01
8.300000e-04,6.905623e+00,6.823463e+00,1.444688e+00,7.447497e-01,5.591897e-01,4.413771e-01,3.625357e-01,3.028385e-01,2.595116e-01,6.624426e-01,7.532987e-01,7.966743e-01,8.352804e-01,8.425479e-01,8.816501e-01,8.750421e-01
8.325000e-04,6.904004e+00,6.820194e+00,1.427660e+00,7.464881e-01,5.583158e-01,4.405595e-01,3.624616e-01,3.029163e-01,2.597354e-01,6.626945e-01,7.601237e-01,7.991525e-01,8.338902e-01,8.425698e-01,8.844948e-01,8.736610e-01
8.350000e-04,6.902077e+00,6.816891e+00,1.413285e+00,7.476042e-01,5.581665e-01,4.398429e-01,3.618965e-01,3.032134e-01,2.598539e-01,6.633688e-01,7.672533e-01,8.016136e-01,8.316803e-01,8.421738e-01,8.886528e-01,8.721971e-01
8.375000e-04,6.900141e+00,6.813967e+00,1.412719e+00,7.479848e-01,5.590048e-01,4.390927e-01,3.610939e-01,3.036229e-01,2.598392e-01,6.644363e-01,7.705591e-01,8.036775e-01,8.288657e-01,8.413596e-01,8.938094e-01,8.707093e-01
8.400000e-04,6.898376e+00,6.811698e+00,1.428550e+00,7.479579e-01,5.605738e-01,4.383240e-01,3.603499e-01,3.038179e-01,2.598073e-01,6.656345e-01,7.683877e-01,8.054581e-01,8.257873e-01,8.401303e-01,8.992875e-01,8.694198e-01
8.425000e-04,6.896753e+00,6.809493e+00,1.442989e+00,7.478585e-01,5.621611e-01,4.378111e-01,3.597572e-01,3.035882e-01,2.599286e-01,6.667108e-01,7.623099e-01,8.074804e-01,8.228561e-01,8.385207e-01,9.042109e-01,8.686884e-01
8.450000e-04,6.894991e+00,6.807354e+00,1.456413e+00,7.478126e-01,5.631923e-01,4.379000e-01,3.592294e-01,3.030128e-01,2.602417e-01,6.676102e-01,7.560242e-01,8.103016e-01,8.204706e-01,8.366594e-01,9.077792e-01,8.688064e-01
8.475000e-04,6.892877e+00,6.805303e+00,1.469483e+00,7.477665e-01,5.636261e-01,4.387463e-01,3.586767e-01,3.023456e-01,2.605426e-01,6.680792e-01,7.529641e-01,8.140160e-01,8.189434e-01,8.347455e-01,9.095284e-01,8.697264e-01
8.500000e-04,6.890356e+00,6.803428e+00,1.483744e+00,7.476515e-01,5.637383e-01,4.401149e-01,3.581561e-01,3.017791e-01,2.605620e-01,6.685570e-01,7.542781e-01,8.180676e-01,8.184909e-01,8.329645e-01,9.095433e-01,8.711937e-01
8.525000e-04,6.887916e+00,6.801698e+00,1.498021e+00,7.474785e-01,5.637575e-01,4.414240e-01,3.579075e-01,3.013347e-01,2.602242e-01,6.694662e-01,7.590851e-01,8.215324e-01,8.192835e-01,8.314154e-01,9.083044e-01,8.727870e-01
8.550000e-04,6.885915e+00,6.800042e+00,1.510723e+00,7.472760e-01,5.637301e-01,4.422635e-01,3.581771e-01,3.009335e-01,2.596676e-01,6.708321e-01,7.645828e-01,8.235403e-01,8.214759e-01,8.301390e-01,9.063732e-01,8.740387e-01
8.575000e-04,6.884440e+00,6.798377e+00,1.520477e+00,7.470497e-01,5.636045e-01,4.426444e-01,3.590298e-01,3.005259e-01,2.590996e-01,6.723404e-01,7.684029e-01,8.235149e-01,8.251658e-01,8.291324e-01,9.041539e-01,8.746943e-01
8.600000e-04,6.883123e+00,6.796649e+00,1.528324e+00,7.468231e-01,5.633673e-01,4.427683e-01,3.602256e-01,3.001844e-01,2.586367e-01,6.731647e-01,7.697974e-01,8.212903e-01,8.302369e-01,8.283166e-01,9.018432e-01,8.748388e-01
8.625000e-04,6.881530e+00,6.794856e+00,1.536750e+00,7.466963e-01,5.630664e-01,4.427745e-01,3.612800e-01,3.000987e-01,2.582695e-01,6.729756e-01,7.692312e-01,8.172317e-01,8.361827e-01,8.275303e-01,8.995092e-01,8.747495e-01
8.650000e-04,6.879437e+00,6.793121e+00,1.546214e+00,7.467980e-01,5.627270e-01,4.426803e-01,3.619259e-01,3.004419e-01,2.579434e-01,6.723500e-01,7.680206e-01,8.122422e-01,8.421185e-01,8.266176e-01,8.971758e-01,8.747565e-01
8.675000e-04,6.877066e+00,6.791438e+00,1.554701e+00,7.472255e-01,5.623486e-01,4.424770e-01,3.622119e-01,3.012392e-01,2.576352e-01,6.719803e-01,7.675331e-01,8.076156e-01,8.470610e-01,8.255637e-01,8.948246e-01,8.749745e-01
8.700000e-04,6.874472e+00,6.789771e+00,1.562866e+00,7.480722e-01,5.619804e-01,4.421920e-01,3.622815e-01,3.022713e-01,2.574125e-01,6.720614e-01,7.684545e-01,8.046479e-01,8.502864e-01,8.245758e-01,8.923912e-01,8.753397e-01
8.725000e-04,6.871678e+00,6.788139e+00,1.569409e+00,7.493563e-01,5.617342e-01,4.418649e-01,3.622203e-01,3.031263e-01,2.574241e-01,6.721859e-01,7.704565e-01,8.041824e-01,8.514899e-01,8.240387e-01,8.898565e-01,8.756473e-01
8.750000e-04,6.868529e+00,6.786518e+00,1.573626e+00,7.507922e-01,5.617078e-01,4.415107e-01,3.620476e-01,3.036323e-01,2.577985e-01,6.721889e-01,7.724825e-01,8.064546e-01,8.507473e-01,8.243338e-01,8.872467e-01,8.757028e-01
8.775000e-04,6.864780e+00,6.784906e+00,1.577034e+00,7.517532e-01,5.619569e-01,4.411460e-01,3.617816e-01,3.038389e-01,2.585339e-01,6.722668e-01,7.733203e-01,8.109599e-01,8.483562e-01,8.256998e-01,8.846416e-01,8.753849e-01
8.800000e-04,6.860176e+00,6.783297e+00,1.581901e+00,7.517006e-01,5.625151e-01,4.408301e-01,3.614609e-01,3.038511e-01,2.594122e-01,6.727026e-01,7.723726e-01,8.167113e-01,8.447130e-01,8.281438e-01,8.821273e-01,8.745985e-01
8.825000e-04,6.854945e+00,6.781772e+00,1.588207e+00,7.506489e-01,5.633137e-01,4.406394e-01,3.611232e-01,3.037320e-01,2.601007e-01,6.732544e-01,7.700984e-01,8.221246e-01,8.402503e-01,8.314398e-01,8.797874e-01,8.732277e-01
8.850000e-04,6.849955e+00,6.780401e+00,1.593840e+00,7.490876e-01,5.640750e-01,4.406236e-01,3.607877e-01,3.035085e-01,2.604879e-01,6.743892e-01,7.678488e-01,8.258715e-01,8.354321e-01,8.352293e-01,8.778143e-01,8.712771e-01
8.875000e-04,6.846981e+00,6.779022e+00,1.596102e+00,7.474773e-01,5.644172e-01,4.408068e-01,3.604819e-01,3.032119e-01,2.606185e-01,6.762517e-01,7.670270e-01,8.273777e-01,8.307320e-01,8.390788e-01,8.765420e-01,8.688006e-01
8.900000e-04,6.845275e+00,6.777586e+00,1.594749e+00,7.459814e-01,5.641630e-01,4.411883e-01,3.602491e-01,3.028830e-01,2.605718e-01,6.788722e-01,7.681252e-01,8.266710e-01,8.266309e-01,8.425610e-01,8.763154e-01,8.659288e-01
8.925000e-04,6.843804e+00,6.776113e+00,1.591051e+00,7.445887e-01,5.634748e-01,4.416821e-01,3.601284e-01,3.025542e-01,2.604057e-01,6.816143e-01,7.704176e-01,8.244444e-01,8.235865e-01,8.452952e-01,8.772327e-01,8.628755e-01
8.950000e-04,6.842459e+00,6.774583e+00,1.584905e+00,7.433842e-01,5.626528e-01,4.420836e-01,3.601454e-01,3.022511e-01,2.601544e-01,6.834707e-01,7.726327e-01,8.215624e-01,8.219433e-01,8.469388e-01,8.790433e-01,8.599246e-01
8.975000e-04,6.841184e+00,6.772904e+00,1.576889e+00,7.426384e-01,5.618527e-01,4.421911e-01,3.603139e-01,3.019998e-01,2.598558e-01,6.843827e-01,7.740923e-01,8.186533e-01,8.218336e-01,8.472500e-01,8.812791e-01,8.574684e-01
9.000000e-04,6.839954e+00,6.771023e+00,1.566590e+00,7.426395e-01,5.610521e-01,4.419755e-01,3.606123e-01,3.018243e-01,2.595460e-01,6.851742e-01,7.751117e-01,8.160215e-01,8.231424e-01,8.461665e-01,8.834855e-01,8.559405e-01
9.025000e-04,6.838701e+00,6.768977e+00,1.554500e+00,7.434253e-01,5.602276e-01,4.415652e-01,3.609522e-01,3.017449e-01,2.592569e-01,6.859119e-01,7.765230e-01,8.138362e-01,8.255260e-01,8.438144e-01,8.854148e-01,8.555335e-01
9.050000e-04,6.837319e+00,6.766719e+00,1.541287e+00,7.447088e-01,5.595038e-01,4.411003e-01,3.611900e-01,3.017782e-01,2.590193e-01,6.863262e-01,7.788994e-01,8.122515e-01,8.284230e-01,8.404809e-01,8.870504e-01,8.561655e-01
9.075000e-04,6.835765e+00,6.764199e+00,1.526966e+00,7.460201e-01,5.591362e-01,4.406158e-01,3.612287e-01,3.019294e-01,2.588517e-01,6.865449e-01,7.818191e-01,8.114200e-01,8.311450e-01,8.365281e-01,8.884790e-01,8.574991e-01
9.100000e-04,6.834015e+00,6.761407e+00,1.511517e+00,7.470764e-01,5.593361e-01,4.400793e-01,3.610833e-01,3.021697e-01,2.587625e-01,6.868576e-01,7.840271e-01,8.114579e-01,8.331080e-01,8.323178e-01,8.896989e-01,8.591482e-01
9.125000e-04,6.832099e+00,6.758193e+00,1.494132e+00,7.479162e-01,5.601048e-01,4.395074e-01,3.608292e-01,3.024253e-01,2.587672e-01,6.872017e-01,7.843459e-01,8.124710e-01,8.339324e-01,8.281382e-01,8.905675e-01,8.608889e-01
9.150000e-04,6.830024e+00,6.754346e+00,1.474659e+00,7.486727e-01,5.611918e-01,4.390354e-01,3.605219e-01,3.026042e-01,2.588743e-01,6.874985e-01,7.824343e-01,8.145720e-01,8.334386e-01,8.241563e-01,8.909186e-01,8.626429e-01
9.175000e-04,6.827617e+00,6.750044e+00,1.454875e+00,7.493865e-01,5.622387e-01,4.388659e-01,3.601630e-01,3.026574e-01,2.590859e-01,6.877673e-01,7.790632e-01,8.177642e-01,8.316761e-01,8.204404e-01,8.906351e-01,8.644000e-01
9.200000e-04,6.824963e+00,6.746497e+00,1.466638e+00,7.499733e-01,5.630512e-01,4.391393e-01,3.597443e-01,3.025903e-01,2.593409e-01,6.881941e-01,7.756065e-01,8.216910e-01,8.288747e-01,8.170387e-01,8.896263e-01,8.660593e-01
9.225000e-04,6.822075e+00,6.743437e+00,1.489751e+00,7.503073e-01,5.636660e-01,4.398306e-01,3.593134e-01,3.024323e-01,2.596128e-01,6.887199e-01,7.732382e-01,8.255398e-01,8.254409e-01,8.140653e-01,8.878236e-01,8.674620e-01
9.250000e-04,6.819107e+00,6.740594e+00,1.511096e+00,7.503012e-01,5.641842e-01,4.407330e-01,3.590003e-01,3.022070e-01,2.598182e-01,6.893340e-01,7.723356e-01,8.283244e-01,8.219284e-01,8.117244e-01,8.851846e-01,8.684617e-01
9.275000e-04,6.816118e+00,6.737929e+00,1.530089e+00,7.499319e-01,5.646222e-01,4.415719e-01,3.589567e-01,3.019190e-01,2.599406e-01,6.900521e-01,7.726420e-01,8.292907e-01,8.189728e-01,8.102564e-01,8.817424e-01,8.690104e-01
9.300000e-04,6.813001e+00,6.735459e+00,1.547793e+00,7.492314e-01,5.648914e-01,4.422086e-01,3.592667e-01,3.015788e-01,2.599850e-01,6.908684e-01,7.734838e-01,8.281574e-01,8.171554e-01,8.098550e-01,8.776858e-01,8.691581e-01
9.325000e-04,6.809815e+00,6.733084e+00,1.564477e+00,7.483291e-01,5.648849e-01,4.426746e-01,3.598850e-01,3.012428e-01,2.599081e-01,6.916604e-01,7.742123e-01,8.250433e-01,8.168864e-01,8.105449e-01,8.733038e-01,8.689218e-01
9.350000e-04,6.806694e+00,6.730801e+00,1.579121e+00,7.474565e-01,5.645548e-01,4.430355e-01,3.606369e-01,3.010225e-01,2.597587e-01,6.921514e-01,7.744828e-01,8.203635e-01,8.182568e-01,8.121546e-01,8.689280e-01,8.682595e-01
9.375000e-04,6.803605e+00,6.728592e+00,1.592069e+00,7.468145e-01,5.639232e-01,4.432903e-01,3.613053e-01,3.010318e-01,2.595611e-01,6.925004e-01,7.743424e-01,8.147421e-01,8.209353e-01,8.143075e-01,8.648521e-01,8.671641e-01
9.400000e-04,6.800383e+00,6.726538e+00,1.603517e+00,7.464312e-01,5.630833e-01,4.433616e-01,3.617974e-01,3.013290e-01,2.593393e-01,6.927401e-01,7.740766e-01,8.089260e-01,8.242439e-01,8.165321e-01,8.613391e-01,8.657048e-01
9.425000e-04,6.797247e+00,6.724502e+00,1.611820e+00,7.462233e-01,5.622215e-01,4.431759e-01,3.621466e-01,3.018695e-01,2.590911e-01,6.926848e-01,7.739401e-01,8.036824e-01,8.273841e-01,8.184272e-01,8.585830e-01,8.640373e-01
9.450000e-04,6.793976e+00,6.722516e+00,1.618382e+00,7.461810e-01,5.615588e-01,4.427195e-01,3.623916e-01,3.024964e-01,2.589475e-01,6.924332e-01,7.740196e-01,7.996539e-01,8.296478e-01,8.197975e-01,8.566834e-01,8.623008e-01
9.475000e-04,6.790573e+00,6.720592e+00,1.621598e+00,7.464322e-01,5.612051e-01,4.420474e-01,3.625106e-01,3.030316e-01,2.590367e-01,6.919685e-01,7.742424e-01,7.972770e-01,8.305427e-01,8.206788e-01,8.556277e-01,8.605597e-01
9.500000e-04,6.787002e+00,6.718764e+00,1.622882e+00,7.470235e-01,5.610633e-01,4.412864e-01,3.624438e-01,3.034140e-01,2.594053e-01,6.910333e-01,7.744457e-01,7.967094e-01,8.298456e-01,8.212315e-01,8.553224e-01,8.588765e-01
9.525000e-04,6.783040e+00,6.717009e+00,1.623500e+00,7.477839e-01,5.609624e-01,4.406212e-01,3.621524e-01,3.036713e-01,2.599804e-01,6.902633e-01,7.743661e-01,7.977119e-01,8.275458e-01,8.216151e-01,8.556403e-01,8.572975e-01
9.550000e-04,6.780295e+00,6.715351e+00,1.624035e+00,7.484162e-01,5.608876e-01,4.402017e-01,3.616500e-01,3.038238e-01,2.605914e-01,6.897997e-01,7.737056e-01,7.997432e-01,8.238333e-01,8.219117e-01,8.564747e-01,8.558130e-01
9.575000e-04,6.778167e+00,6.713797e+00,1.623238e+00,7.486948e-01,5.609996e-01,4.400327e-01,3.610165e-01,3.038493e-01,2.611127e-01,6.896493e-01,7.723340e-01,8.021351e-01,8.190532e-01,8.221100e-01,8.577683e-01,8.544131e-01
9.600000e-04,6.776318e+00,6.712266e+00,1.619936e+00,7.485277e-01,5.614198e-01,4.399699e-01,3.603908e-01,3.037043e-01,2.615154e-01,6.894931e-01,7.703753e-01,8.043264e-01,8.136635e-01,8.221412e-01,8.594855e-01,8.530869e-01
9.625000e-04,6.774723e+00,6.710784e+00,1.614542e+00,7.479425e-01,5.620795e-01,4.398809e-01,3.599199e-01,3.033691e-01,2.617943e-01,6.897148e-01,7.681650e-01,8.059607e-01,8.081905e-01,8.219242e-01,8.615446e-01,8.518290e-01
9.650000e-04,6.773335e+00,6.709374e+00,1.607308e+00,7.470664e-01,5.627481e-01,4.398011e-01,3.596732e-01,3.028776e-01,2.619888e-01,6.906468e-01,7.660699e-01,8.068530e-01,8.031763e-01,8.213934e-01,8.637405e-01,8.506449e-01
9.675000e-04,6.772167e+00,6.707992e+00,1.598594e+00,7.460693e-01,5.631922e-01,4.398955e-01,3.595960e-01,3.023236e-01,2.620782e-01,6.915983e-01,7.642556e-01,8.069599e-01,7.991225e-01,8.205029e-01,8.657435e-01,8.496131e-01
9.700000e-04,6.771225e+00,6.706540e+00,1.588454e+00,7.451621e-01,5.632821e-01,4.402685e-01,3.595580e-01,3.018349e-01,2.620257e-01,6.919454e-01,7.628007e-01,8.062853e-01,7.964178e-01,8.191938e-01,8.671961e-01,8.488734e-01
9.725000e-04,6.770573e+00,6.705050e+00,1.576544e+00,7.445384e-01,5.630104e-01,4.408588e-01,3.594858e-01,3.015082e-01,2.618213e-01,6.918044e-01,7.619162e-01,8.048735e-01,7.953135e-01,8.173830e-01,8.678495e-01,8.485548e-01
9.750000e-04,6.770189e+00,6.703537e+00,1.563241e+00,7.443320e-01,5.624911e-01,4.414632e-01,3.594527e-01,3.013634e-01,2.615132e-01,6.914391e-01,7.618341e-01,8.028126e-01,7.958911e-01,8.149916e-01,8.676338e-01,8.486982e-01
9.775000e-04,6.769981e+00,6.701997e+00,1.548797e+00,7.445898e-01,5.618772e-01,4.418783e-01,3.596010e-01,3.013267e-01,2.612389e-01,6.909550e-01,7.625768e-01,8.002386e-01,7.979984e-01,8.120041e-01,8.666186e-01,8.492186e-01
9.800000e-04,6.769838e+00,6.700399e+00,1.533386e+00,7.452692e-01,5.613260e-01,4.419951e-01,3.599915e-01,3.012975e-01,2.610740e-01,6.902154e-01,7.637956e-01,7.973450e-01,8.012168e-01,8.085091e-01,8.649421e-01,8.499403e-01
9.825000e-04,6.769616e+00,6.698755e+00,1.518023e+00,7.462670e-01,5.609679e-01,4.418203e-01,3.605415e-01,3.012506e-01,2.610364e-01,6.891493e-01,7.648257e-01,7.943831e-01,8.049059e-01,8.046932e-01,8.627583e-01,8.507063e-01
9.850000e-04,6.769258e+00,6.697084e+00,1.503297e+00,7.474598e-01,5.608823e-01,4.414553e-01,3.610592e-01,3.012692e-01,2.611449e-01,6.877155e-01,7.650205e-01,7.916563e-01,8.083221e-01,8.008082e-01,8.602260e-01,8.514313e-01
9.875000e-04,6.768787e+00,6.695414e+00,1.489602e+00,7.486899e-01,5.610896e-01,4.410251e-01,3.613868e-01,3.014624e-01,2.613239e-01,6.861782e-01,7.640331e-01,7.895239e-01,8.108259e-01,7.971337e-01,8.575143e-01,8.520711e-01
9.900000e-04,6.768304e+00,6.693782e+00,1.476901e+00,7.497356e-01,5.615585e-01,4.406478e-01,3.614560e-01,3.018542e-01,2.615034e-01,6.847883e-01,7.619424e-01,7.883607e-01,8.119866e-01,7.939505e-01,8.547879e-01,8.525726e-01
9.925000e-04,6.767949e+00,6.692215e+00,1.464567e+00,7.503878e-01,5.622182e-01,4.404158e-01,3.612924e-01,3.023548e-01,2.616833e-01,6.837382e-01,7.591795e-01,7.884218e-01,8.116789e-01,7.915068e-01,8.521812e-01,8.528676e-01
9.950000e-04,6.767701e+00,6.690731e+00,1.452570e+00,7.505896e-01,5.629592e-01,4.403825e-01,3.609878e-01,3.027942e-01,2.619360e-01,6.829767e-01,7.562822e-01,7.896572e-01,8.100094e-01,7.899833e-01,8.497910e-01,8.528811e-01
9.975000e-04,6.767460e+00,6.689357e+00,1.441348e+00,7.504624e-01,5.636391e-01,4.405583e-01,3.606425e-01,3.030517e-01,2.623249e-01,6.823071e-01,7.537091e-01,7.916273e-01,8.072712e-01,7.894723e-01,8.476820e-01,8.525763e-01
1.000000e-03,6.767109e+00,6.688206e+00,1.432065e+00,7.501710e-01,5.641159e-01,4.409183e-01,3.603491e-01,3.030843e-01,2.628522e-01,6.816149e-01,7.516834e-01,7.936302e-01,8.039021e-01,7.899813e-01,8.458846e-01,8.519472e-01
1.002500e-03,6.766667e+00,6.687371e+00,1.425296e+00,7.497552e-01,5.643193e-01,4.413934e-01,3.601769e-01,3.029288e-01,2.634116e-01,6.808325e-01,7.501933e-01,7.949577e-01,8.003868e-01,7.914296e-01,8.443978e-01,8.510333e-01
1.005000e-03,6.766278e+00,6.686892e+00,1.421223e+00,7.491333e-01,5.642896e-01,4.418788e-01,3.601649e-01,3.026606e-01,2.638519e-01,6.800536e-01,7.491788e-01,7.950861e-01,7.972086e-01,7.936489e-01,8.431924e-01,8.499068e-01
1.007500e-03,6.766163e+00,6.686768e+00,1.419046e+00,7.482696e-01,5.641182e-01,4.422661e-01,3.603210e-01,3.023631e-01,2.640868e-01,6.795060e-01,7.486065e-01,7.937551e-01,7.947538e-01,7.963729e-01,8.422241e-01,8.486862e-01
1.010000e-03,6.766464e+00,6.686954e+00,1.417758e+00,7.472709e-01,5.638409e-01,4.424867e-01,3.606155e-01,3.021131e-01,2.640950e-01,6.793766e-01,7.484827e-01,7.909705e-01,7.932482e-01,7.992265e-01,8.414565e-01,8.474693e-01
1.012500e-03,6.767209e+00,6.687383e+00,1.416604e+00,7.463105e-01,5.634205e-01,4.425400e-01,3.609721e-01,3.019662e-01,2.639192e-01,6.795701e-01,7.487269e-01,7.870135e-01,7.927308e-01,8.017926e-01,8.408712e-01,8.463758e-01
1.015000e-03,6.768323e+00,6.687988e+00,1.415241e+00,7.455023e-01,5.628420e-01,4.424721e-01,3.612961e-01,3.019552e-01,2.636315e-01,6.797344e-01,7.490930e-01,7.824302e-01,7.930492e-01,8.037053e-01,8.404602e-01,8.454824e-01
1.017500e-03,6.769684e+00,6.688728e+00,1.413740e+00,7.449035e-01,5.621785e-01,4.423130e-01,3.615200e-01,3.020846e-01,2.633022e-01,6.794542e-01,7.492415e-01,7.779262e-01,7.939166e-01,8.047509e-01,8.402076e-01,8.447710e-01
1.020000e-03,6.771165e+00,6.689606e+00,1.412485e+00,7.446001e-01,5.615453e-01,4.420429e-01,3.616278e-01,3.023177e-01,2.630013e-01,6.786156e-01,7.489737e-01,7.741691e-01,7.949778e-01,8.049406e-01,8.400842e-01,8.441489e-01
1.022500e-03,6.772643e+00,6.690619e+00,1.411976e+00,7.447025e-01,5.610031e-01,4.416425e-01,3.616422e-01,3.025795e-01,2.627769e-01,6.774302e-01,7.484326e-01,7.716360e-01,7.958683e-01,8.044871e-01,8.400751e-01,8.435436e-01
1.025000e-03,6.774046e+00,6.691783e+00,1.412536e+00,7.452465e-01,5.605496e-01,4.411543e-01,3.615834e-01,3.027952e-01,2.626550e-01,6.761448e-01,7.480164e-01,7.705609e-01,7.962581e-01,8.036384e-01,8.402252e-01,8.428737e-01
1.027500e-03,6.775328e+00,6.693074e+00,1.414406e+00,7.460960e-01,5.601981e-01,4.406680e-01,3.614378e-01,3.029323e-01,2.626313e-01,6.748628e-01,7.480314e-01,7.709052e-01,7.959100e-01,8.025733e-01,8.406773e-01,8.420671e-01
1.030000e-03,6.776502e+00,6.694471e+00,1.417841e+00,7.469686e-01,5.600515e-01,4.402490e-01,3.611772e-01,3.029992e-01,2.626478e-01,6.736187e-01,7.483948e-01,7.723631e-01,7.947124e-01,8.013762e-01,8.416381e-01,8.410556e-01
1.032500e-03,6.777636e+00,6.696020e+00,1.422738e+00,7.476323e-01,5.602495e-01,4.399007e-01,3.608159e-01,3.030130e-01,2.626578e-01,6.724809e-01,7.485710e-01,7.744627e-01,7.926869e-01,8.000641e-01,8.432643e-01,8.398231e-01
1.035000e-03,6.778853e+00,6.697670e+00,1.428322e+00,7.480123e-01,5.608382e-01,4.396015e-01,3.604210e-01,3.029677e-01,2.626102e-01,6.715573e-01,7.478965e-01,7.766993e-01,7.900031e-01,7.986517e-01,8.455233e-01,8.384413e-01
1.037500e-03,6.780190e+00,6.699395e+00,1.434379e+00,7.481633e-01,5.616879e-01,4.393799e-01,3.600620e-01,3.028333e-01,2.625047e-01,6.709153e-01,7.460248e-01,7.786883e-01,7.869691e-01,7.971830e-01,8.481366e-01,8.370844e-01
1.040000e-03,6.781649e+00,6.701198e+00,1.440442e+00,7.481680e-01,5.625337e-01,4.393431e-01,3.597645e-01,3.025957e-01,2.623467e-01,6.703720e-01,7.431978e-01,7.802137e-01,7.839910e-01,7.957220e-01,8.506660e-01,8.360304e-01
1.042500e-03,6.784168e+00,6.703015e+00,1.446328e+00,7.480685e-01,5.631620e-01,4.396056e-01,3.595123e-01,3.022916e-01,2.621653e-01,6.698354e-01,7.401500e-01,7.811963e-01,7.814985e-01,7.943260e-01,8.526750e-01,8.355619e-01
1.045000e-03,6.787005e+00,6.704808e+00,1.452373e+00,7.478850e-01,5.635039e-01,4.401839e-01,3.592967e-01,3.019842e-01,2.619201e-01,6.691450e-01,7.377263e-01,7.816002e-01,7.798820e-01,7.930250e-01,8.538494e-01,8.358394e-01
1.047500e-03,6.789978e+00,6.706576e+00,1.458504e+00,7.476374e-01,5.636074e-01,4.409464e-01,3.591694e-01,3.017173e-01,2.615780e-01,6.682328e-01,7.364282e-01,7.813837e-01,7.794268e-01,7.918213e-01,8.540469e-01,8.368310e-01
1.050000e-03,6.793231e+00,6.708448e+00,1.463576e+00,7.473765e-01,5.635551e-01,4.416642e-01,3.592290e-01,3.014944e-01,2.611878e-01,6.672355e-01,7.362807e-01,7.805118e-01,7.802588e-01,7.906980e-01,8.532871e-01,8.383659e-01
1.052500e-03,6.796817e+00,6.710267e+00,1.466846e+00,7.471727e-01,5.634045e-01,4.421688e-01,3.595503e-01,3.013010e-01,2.607625e-01,6.663131e-01,7.368547e-01,7.789758e-01,7.823084e-01,7.896296e-01,8.517183e-01,8.402066e-01
1.055000e-03,6.800473e+00,6.712063e+00,1.468975e+00,7.470825e-01,5.631872e-01,4.424166e-01,3.601123e-01,3.011466e-01,2.603779e-01,6.653295e-01,7.375580e-01,7.768128e-01,7.853177e-01,7.885970e-01,8.495744e-01,8.421528e-01
1.057500e-03,6.804075e+00,6.713872e+00,1.470028e+00,7.471317e-01,5.629226e-01,4.424530e-01,3.607794e-01,3.010875e-01,2.600420e-01,6.640252e-01,7.379308e-01,7.741409e-01,7.888432e-01,7.876080e-01,8.471281e-01,8.440157e-01
1.060000e-03,6.807640e+00,6.715628e+00,1.470629e+00,7.473021e-01,5.626342e-01,4.423558e-01,3.613574e-01,3.012031e-01,2.597320e-01,6.624287e-01,7.377624e-01,7.712186e-01,7.923095e-01,7.867222e-01,8.446477e-01,8.456218e-01
1.062500e-03,6.811291e+00,6.717360e+00,1.469522e+00,7.475407e-01,5.623573e-01,4.421848e-01,3.617293e-01,3.015379e-01,2.594661e-01,6.609061e-01,7.370899e-01,7.684481e-01,7.951370e-01,7.860568e-01,8.423617e-01,8.468418e-01
1.065000e-03,6.814925e+00,6.719167e+00,1.466863e+00,7.478150e-01,5.621330e-01,4.419693e-01,3.618746e-01,3.020542e-01,2.592457e-01,6.594860e-01,7.360891e-01,7.662993e-01,7.968881e-01,7.857657e-01,8.404681e-01,8.475708e-01
1.067500e-03,6.818521e+00,6.720989e+00,1.462210e+00,7.481610e-01,5.619995e-01,4.417177e-01,3.618450e-01,3.026242e-01,2.591244e-01,6.579144e-01,7.349437e-01,7.651793e-01,7.973496e-01,7.859967e-01,8.391123e-01,8.477768e-01
1.070000e-03,6.821936e+00,6.722862e+00,1.457057e+00,7.486187e-01,5.619686e-01,4.414408e-01,3.617106e-01,3.030857e-01,2.592003e-01,6.563500e-01,7.338070e-01,7.652946e-01,7.965416e-01,7.868420e-01,8.383942e-01,8.475299e-01
1.072500e-03,6.825192e+00,6.724793e+00,1.449533e+00,7.491135e-01,5.620325e-01,4.411654e-01,3.615210e-01,3.033532e-01,2.594855e-01,6.551024e-01,7.327430e-01,7.665595e-01,7.946376e-01,7.883039e-01,8.383518e-01,8.468895e-01
1.075000e-03,6.828163e+00,6.726779e+00,1.440670e+00,7.494496e-01,5.621906e-01,4.409301e-01,3.612981e-01,3.034277e-01,2.599304e-01,6.538607e-01,7.316834e-01,7.686114e-01,7.919516e-01,7.902970e-01,8.388955e-01,8.459668e-01
1.077500e-03,6.830950e+00,6.728894e+00,1.429913e+00,7.494220e-01,5.624534e-01,4.407719e-01,3.610493e-01,3.033570e-01,2.603562e-01,6.526363e-01,7.305319e-01,7.708743e-01,7.888643e-01,7.926731e-01,8.398448e-01,8.449225e-01
1.080000e-03,6.833682e+00,6.731239e+00,1.416318e+00,7.489496e-01,5.627961e-01,4.407104e-01,3.607852e-01,3.032027e-01,2.606459e-01,6.517789e-01,7.293766e-01,7.727151e-01,7.857738e-01,7.952437e-01,8.409864e-01,8.438941e-01
1.082500e-03,6.836584e+00,6.733821e+00,1.400379e+00,7.481094e-01,5.631168e-01,4.407510e-01,3.605313e-01,3.030067e-01,2.607790e-01,6.511992e-01,7.284531e-01,7.736478e-01,7.830516e-01,7.977911e-01,8.421408e-01,8.430158e-01
1.085000e-03,6.839796e+00,6.736600e+00,1.381887e+00,7.470640e-01,5.632841e-01,4.408893e-01,3.603231e-01,3.027864e-01,2.607708e-01,6.509663e-01,7.278757e-01,7.734559e-01,7.810134e-01,8.000787e-01,8.431974e-01,8.423129e-01
1.087500e-03,6.843249e+00,6.739663e+00,1.359479e+00,7.459870e-01,5.632183e-01,4.411083e-01,3.601932e-01,3.025460e-01,2.606161e-01,6.509146e-01,7.275849e-01,7.722846e-01,7.799032e-01,8.018720e-01,8.441067e-01,8.417617e-01
1.090000e-03,6.846876e+00,6.743072e+00,1.333067e+00,7.450353e-01,5.629239e-01,4.413594e-01,3.601612e-01,3.022973e-01,2.604008e-01,6.506695e-01,7.274695e-01,7.705099e-01,7.798676e-01,8.029729e-01,8.448476e-01,8.413199e-01
1.092500e-03,6.851949e+00,6.746949e+00,1.302769e+00,7.443725e-01,5.624636e-01,4.415603e-01,3.602291e-01,3.020665e-01,2.601605e-01,6.498724e-01,7.274712e-01,7.685538e-01,7.809242e-01,8.032605e-01,8.454123e-01,8.409835e-01
1.095000e-03,6.857765e+00,6.752272e+00,1.299207e+00,7.441452e-01,5.619073e-01,4.416421e-01,3.603790e-01,3.018870e-01,2.598822e-01,6.487350e-01,7.276271e-01,7.667565e-01,7.829193e-01,8.027226e-01,8.458136e-01,8.407560e-01
1.097500e-03,6.863184e+00,6.757867e+00,1.318927e+00,7.444254e-01,5.613195e-01,4.415843e-01,3.605780e-01,3.017892e-01,2.595978e-01,6.475885e-01,7.280559e-01,7.653751e-01,7.855314e-01,8.014717e-01,8.460926e-01,8.406287e-01
1.100000e-03,6.868448e+00,6.762728e+00,1.336852e+00,7.451420e-01,5.607807e-01,4.414035e-01,3.607740e-01,3.017878e-01,2.592826e-01,6.461808e-01,7.288384e-01,7.645933e-01,7.883218e-01,7.997330e-01,8.463137e-01,8.405348e-01
1.102500e-03,6.873657e+00,6.767002e+00,1.352234e+00,7.460985e-01,5.604113e-01,4.411277e-01,3.609107e-01,3.018763e-01,2.589969e-01,6.448828e-01,7.297704e-01,7.644716e-01,7.908380e-01,7.977968e-01,8.465525e-01,8.404216e-01
1.105000e-03,6.878531e+00,6.770872e+00,1.365925e+00,7.470723e-01,5.603350e-01,4.407835e-01,3.609589e-01,3.020301e-01,2.587811e-01,6.435195e-01,7.303471e-01,7.649706e-01,7.927234e-01,7.959510e-01,8.468772e-01,8.402436e-01
1.107500e-03,6.883210e+00,6.774435e+00,1.377646e+00,7.479094e-01,5.606212e-01,4.404023e-01,3.609170e-01,3.022121e-01,2.586689e-01,6.418625e-01,7.300890e-01,7.660223e-01,7.937741e-01,7.944214e-01,8.473159e-01,8.399824e-01
1.110000e-03,6.887643e+00,6.777763e+00,1.385744e+00,7.485703e-01,5.612231e-01,4.400452e-01,3.607946e-01,3.023775e-01,2.586664e-01,6.402170e-01,7.287885e-01,7.675689e-01,7.939600e-01,7.933435e-01,8.478351e-01,8.396433e-01
1.112500e-03,6.891725e+00,6.780962e+00,1.392272e+00,7.490694e-01,5.619851e-01,4.398155e-01,3.606012e-01,3.024901e-01,2.587529e-01,6.387491e-01,7.266884e-01,7.695303e-01,7.934131e-01,7.927622e-01,8.483368e-01,8.392899e-01
1.115000e-03,6.895546e+00,6.784092e+00,1.395973e+00,7.494164e-01,5.627254e-01,4.398137e-01,3.603477e-01,3.025360e-01,2.589012e-01,6.374389e-01,7.244483e-01,7.717316e-01,7.923968e-01,7.926616e-01,8.486656e-01,8.389835e-01
1.117500e-03,6.899260e+00,6.787126e+00,1.396708e+00,7.495812e-01,5.633143e-01,4.400918e-01,3.600598e-01,3.025165e-01,2.590733e-01,6.364839e-01,7.227543e-01,7.738789e-01,7.912472e-01,7.929955e-01,8.486396e-01,8.388050e-01
1.120000e-03,6.902804e+00,6.790158e+00,1.394403e+00,7.495155e-01,5.637226e-01,4.406029e-01,3.597970e-01,3.024328e-01,2.592343e-01,6.354766e-01,7.219048e-01,7.756359e-01,7.903129e-01,7.936988e-01,8.481096e-01,8.387899e-01
1.122500e-03,6.906329e+00,6.793240e+00,1.386199e+00,7.492038e-01,5.639791e-01,4.412174e-01,3.596504e-01,3.022857e-01,2.593604e-01,6.346452e-01,7.216666e-01,7.767004e-01,7.898995e-01,7.946832e-01,8.470124e-01,8.389241e-01
1.125000e-03,6.909942e+00,6.796361e+00,1.373223e+00,7.486880e-01,5.641062e-01,4.417846e-01,3.596990e-01,3.020821e-01,2.594438e-01,6.342431e-01,7.214978e-01,7.768450e-01,7.902128e-01,7.958256e-01,8.453854e-01,8.391483e-01
1.127500e-03,6.913557e+00,6.799635e+00,1.355635e+00,7.480626e-01,5.640903e-01,4.422061e-01,3.599725e-01,3.018470e-01,2.594791e-01,6.337533e-01,7.210948e-01,7.759926e-01,7.913255e-01,7.969725e-01,8.433510e-01,8.393771e-01
1.130000e-03,6.918477e+00,6.803034e+00,1.335096e+00,7.474333e-01,5.638995e-01,4.424688e-01,3.604168e-01,3.016393e-01,2.594599e-01,6.328839e-01,7.205650e-01,7.742543e-01,7.931481e-01,7.979670e-01,8.410885e-01,8.395123e-01
1.132500e-03,6.923997e+00,6.806672e+00,1.311159e+00,7.468928e-01,5.635209e-01,4.426030e-01,3.609184e-01,3.015375e-01,2.593812e-01,6.321419e-01,7.202137e-01,7.719304e-01,7.954163e-01,7.986722e-01,8.388017e-01,8.394673e-01
1.135000e-03,6.929477e+00,6.810677e+00,1.283731e+00,7.465085e-01,5.629839e-01,4.426282e-01,3.613538e-01,3.016025e-01,2.592493e-01,6.315994e-01,7.203639e-01,7.694835e-01,7.977416e-01,7.989884e-01,8.366985e-01,8.391939e-01
1.137500e-03,6.934901e+00,6.815230e+00,1.254746e+00,7.463194e-01,5.623701e-01,4.425331e-01,3.616561e-01,3.018499e-01,2.590882e-01,6.307889e-01,7.209717e-01,7.674387e-01,7.997038e-01,7.988689e-01,8.349693e-01,8.386775e-01
1.140000e-03,6.940237e+00,6.821606e+00,1.275584e+00,7.463318e-01,5.617920e-01,4.422959e-01,3.618240e-01,3.022280e-01,2.589560e-01,6.298326e-01,7.216630e-01,7.662413e-01,8.009516e-01,7.983363e-01,8.337605e-01,8.379433e-01
1.142500e-03,6.945047e+00,6.827103e+00,1.296457e+00,7.465256e-01,5.613506e-01,4.419109e-01,3.618815e-01,3.026352e-01,2.589189e-01,6.288844e-01,7.222480e-01,7.660853e-01,8.012481e-01,7.974999e-01,8.331346e-01,8.370287e-01
1.145000e-03,6.949638e+00,6.831770e+00,1.314297e+00,7.468558e-01,5.611067e-01,4.414113e-01,3.618426e-01,3.029718e-01,2.590265e-01,6.276850e-01,7.226403e-01,7.668455e-01,8.004867e-01,7.965425e-01,8.330498e-01,8.359870e-01
1.147500e-03,6.953723e+00,6.835926e+00,1.330808e+00,7.472593e-01,5.610659e-01,4.408782e-01,3.617007e-01,3.031907e-01,2.592815e-01,6.264312e-01,7.227179e-01,7.681986e-01,7.986916e-01,7.956572e-01,8.333958e-01,8.349369e-01
1.150000e-03,6.957232e+00,6.839649e+00,1.346024e+00,7.476671e-01,5.611984e-01,4.404156e-01,3.614409e-01,3.032960e-01,2.596330e-01,6.248989e-01,7.224998e-01,7.697961e-01,7.960238e-01,7.949631e-01,8.340640e-01,8.340193e-01
1.152500e-03,6.960334e+00,6.843156e+00,1.359089e+00,7.479919e-01,5.614513e-01,4.401063e-01,3.610664e-01,3.033095e-01,2.599934e-01,6.237428e-01,7.221958e-01,7.713634e-01,7.927703e-01,7.944752e-01,8.349627e-01,8.333257e-01
1.155000e-03,6.963088e+00,6.846489e+00,1.370486e+00,7.481337e-01,5.617721e-01,4.399834e-01,3.606184e-01,3.032406e-01,2.602830e-01,6.229981e-01,7.218861e-01,7.726951e-01,7.893170e-01,7.941357e-01,8.359835e-01,8.328973e-01
1.157500e-03,6.965741e+00,6.849785e+00,1.379074e+00,7.480143e-01,5.621208e-01,4.400308e-01,3.601768e-01,3.030821e-01,2.604673e-01,6.225391e-01,7.215276e-01,7.736486e-01,7.860906e-01,7.938556e-01,8.369597e-01,8.327591e-01
1.160000e-03,6.968651e+00,6.852934e+00,1.383946e+00,7.476197e-01,5.624672e-01,4.402046e-01,3.598305e-01,3.028241e-01,2.605527e-01,6.226296e-01,7.210845e-01,7.741677e-01,7.834865e-01,7.935193e-01,8.376947e-01,8.329409e-01
1.162500e-03,6.971743e+00,6.856016e+00,1.385548e+00,7.470417e-01,5.627667e-01,4.404511e-01,3.596357e-01,3.024781e-01,2.605551e-01,6.225691e-01,7.205600e-01,7.742452e-01,7.818057e-01,7.929801e-01,8.380463e-01,8.334649e-01
1.165000e-03,6.974923e+00,6.859121e+00,1.380630e+00,7.464357e-01,5.629531e-01,4.407289e-01,3.596028e-01,3.020894e-01,2.604806e-01,6.224791e-01,7.200234e-01,7.738697e-01,7.812107e-01,7.920903e-01,8.379609e-01,8.343192e-01
1.167500e-03,6.978294e+00,6.862160e+00,1.370812e+00,7.459499e-01,5.629662e-01,4.410150e-01,3.597055e-01,3.017332e-01,2.603229e-01,6.224177e-01,7.195992e-01,7.730060e-01,7.817002e-01,7.907521e-01,8.374486e-01,8.354006e-01
1.170000e-03,6.981646e+00,6.865229e+00,1.357417e+00,7.456881e-01,5.627829e-01,4.412960e-01,3.598975e-01,3.014796e-01,2.600800e-01,6.221397e-01,7.195231e-01,7.716597e-01,7.831008e-01,7.889471e-01,8.365576e-01,8.365956e-01
1.172500e-03,6.986870e+00,6.868323e+00,1.341344e+00,7.456926e-01,5.624484e-01,4.415448e-01,3.601342e-01,3.013658e-01,2.597710e-01,6.215731e-01,7.199617e-01,7.699294e-01,7.851038e-01,7.867235e-01,8.353759e-01,8.378053e-01
1.175000e-03,6.992027e+00,6.871513e+00,1.322225e+00,7.459607e-01,5.620616e-01,4.417125e-01,3.603850e-01,3.013884e-01,2.594452e-01,6.210380e-01,7.207678e-01,7.679929e-01,7.873225e-01,7.841629e-01,8.340213e-01,8.389659e-01
1.177500e-03,6.996980e+00,6.874837e+00,1.300704e+00,7.464504e-01,5.617293e-01,4.417498e-01,3.606351e-01,3.015169e-01,2.591693e-01,6.205814e-01,7.215499e-01,7.660836e-01,7.893488e-01,7.813737e-01,8.325799e-01,8.400043e-01
1.180000e-03,7.001705e+00,6.878311e+00,1.277612e+00,7.470947e-01,5.615359e-01,4.416352e-01,3.608740e-01,3.017110e-01,2.589954e-01,6.197409e-01,7.216916e-01,7.644669e-01,7.908097e-01,7.785364e-01,8.310590e-01,8.408460e-01
1.182500e-03,7.005966e+00,6.882165e+00,1.260126e+00,7.478220e-01,5.615272e-01,4.413987e-01,3.610783e-01,3.019336e-01,2.589441e-01,6.186395e-01,7.208840e-01,7.633714e-01,7.914347e-01,7.759518e-01,8.293993e-01,8.414771e-01
1.185000e-03,7.009621e+00,6.887219e+00,1.278795e+00,7.485568e-01,5.617076e-01,4.411133e-01,3.612082e-01,3.021596e-01,2.590062e-01,6.175803e-01,7.194008e-01,7.628912e-01,7.910873e-01,7.740257e-01,8.275604e-01,8.419270e-01
1.187500e-03,7.012518e+00,6.891601e+00,1.298013e+00,7.492038e-01,5.620373e-01,4.408644e-01,3.612251e-01,3.023774e-01,2.591534e-01,6.163114e-01,7.176909e-01,7.629619e-01,7.897948e-01,7.731523e-01,8.256361e-01,8.421949e-01
1.190000e-03,7.014965e+00,6.895335e+00,1.315638e+00,7.496542e-01,5.624497e-01,4.407224e-01,3.611145e-01,3.025797e-01,2.593511e-01,6.152808e-01,7.160499e-01,7.634246e-01,7.877386e-01,7.735389e-01,8.238994e-01,8.422170e-01
1.192500e-03,7.017122e+00,6.898556e+00,1.331909e+00,7.498192e-01,5.628722e-01,4.407253e-01,3.609048e-01,3.027467e-01,2.595663e-01,6.143344e-01,7.146043e-01,7.640656e-01,7.852389e-01,7.750911e-01,8.227070e-01,8.419613e-01
1.195000e-03,7.018898e+00,6.901565e+00,1.347529e+00,7.496595e-01,5.632494e-01,4.408713e-01,3.606600e-01,3.028449e-01,2.597773e-01,6.133901e-01,7.133101e-01,7.645717e-01,7.826865e-01,7.774371e-01,8.222735e-01,8.414012e-01
1.197500e-03,7.020695e+00,6.904249e+00,1.361491e+00,7.491987e-01,5.635396e-01,4.411181e-01,3.604538e-01,3.028433e-01,2.599757e-01,6.128586e-01,7.120004e-01,7.645435e-01,7.804637e-01,7.800961e-01,8.224598e-01,8.406573e-01
1.200000e-03,7.022546e+00,6.906692e+00,1.374243e+00,7.485168e-01,5.637070e-01,4.414006e-01,3.603449e-01,3.027323e-01,2.601548e-01,6.122905e-01,7.105689e-01,7.636400e-01,7.788665e-01,7.826539e-01,8.227988e-01,8.399601e-01
1.202500e-03,7.024478e+00,6.909017e+00,1.384522e+00,7.477336e-01,5.637172e-01,4.416595e-01,3.603606e-01,3.025394e-01,2.602966e-01,6.117901e-01,7.091922e-01,7.617372e-01,7.780463e-01,7.848309e-01,8.227982e-01,8.395535e-01
1.205000e-03,7.026402e+00,6.911209e+00,1.393086e+00,7.469800e-01,5.635414e-01,4.418631e-01,3.604900e-01,3.023211e-01,2.603710e-01,6.112354e-01,7.081247e-01,7.589878e-01,7.779949e-01,7.864696e-01,8.222480e-01,8.395063e-01
1.207500e-03,7.028373e+00,6.913359e+00,1.400141e+00,7.463586e-01,5.631786e-01,4.420011e-01,3.606871e-01,3.021430e-01,2.603526e-01,6.106622e-01,7.075517e-01,7.557600e-01,7.785768e-01,7.875035e-01,8.212948e-01,8.395803e-01
1.210000e-03,7.030651e+00,6.915372e+00,1.404974e+00,7.459178e-01,5.626731e-01,4.420638e-01,3.608923e-01,3.020534e-01,2.602390e-01,6.102485e-01,7.073279e-01,7.525222e-01,7.795707e-01,7.879448e-01,8.202955e-01,8.393766e-01
1.212500e-03,7.033267e+00,6.917310e+00,1.407471e+00,7.456554e-01,5.621164e-01,4.420286e-01,3.610617e-01,3.020708e-01,2.600586e-01,6.094313e-01,7.070265e-01,7.497192e-01,7.807128e-01,7.878973e-01,8.196278e-01,8.385796e-01
1.215000e-03,7.036059e+00,6.919193e+00,1.407209e+00,7.455586e-01,5.616145e-01,4.418678e-01,3.611822e-01,3.021787e-01,2.598640e-01,6.085767e-01,7.063833e-01,7.476853e-01,7.817368e-01,7.875303e-01,8.195682e-01,8.371559e-01
1.217500e-03,7.039058e+00,6.921006e+00,1.404748e+00,7.456390e-01,5.612427e-01,4.415743e-01,3.612574e-01,3.023337e-01,2.597124e-01,6.075523e-01,7.053666e-01,7.465711e-01,7.823952e-01,7.870546e-01,8.202424e-01,8.353118e-01
1.220000e-03,7.042106e+00,6.922794e+00,1.400480e+00,7.459128e-01,5.610264e-01,4.411834e-01,3.612823e-01,3.024840e-01,2.596417e-01,6.061653e-01,7.040970e-01,7.463307e-01,7.824859e-01,7.866880e-01,8.216197e-01,8.333512e-01
1.222500e-03,7.045176e+00,6.924533e+00,1.393590e+00,7.463682e-01,5.609471e-01,4.407712e-01,3.612349e-01,3.026000e-01,2.596616e-01,6.045693e-01,7.027466e-01,7.468000e-01,7.819040e-01,7.866025e-01,8.235646e-01,8.315781e-01
1.225000e-03,7.048175e+00,6.926244e+00,1.385182e+00,7.469376e-01,5.609824e-01,4.404212e-01,3.610892e-01,3.026800e-01,2.597513e-01,6.030816e-01,7.014780e-01,7.477802e-01,7.806889e-01,7.868766e-01,8.259073e-01,8.302466e-01
1.227500e-03,7.052086e+00,6.928029e+00,1.375296e+00,7.475040e-01,5.611334e-01,4.401875e-01,3.608415e-01,3.027305e-01,2.598691e-01,6.014808e-01,7.003702e-01,7.490379e-01,7.790309e-01,7.874875e-01,8.284727e-01,8.294807e-01
1.230000e-03,7.056128e+00,6.929906e+00,1.363029e+00,7.479454e-01,5.614125e-01,4.400800e-01,3.605271e-01,3.027454e-01,2.599757e-01,5.999476e-01,6.992187e-01,7.503008e-01,7.772348e-01,7.883429e-01,8.310465e-01,8.292728e-01
1.232500e-03,7.059983e+00,6.931880e+00,1.350101e+00,7.481959e-01,5.618159e-01,4.400765e-01,3.602122e-01,3.027016e-01,2.600544e-01,5.985329e-01,6.977640e-01,7.512996e-01,7.756666e-01,7.893290e-01,8.333692e-01,8.295362e-01
1.235000e-03,7.063911e+00,6.933972e+00,1.335845e+00,7.482520e-01,5.623005e-01,4.401564e-01,3.599630e-01,3.025768e-01,2.601092e-01,5.973311e-01,6.960559e-01,7.517961e-01,7.746862e-01,7.903328e-01,8.351995e-01,8.301771e-01
1.237500e-03,7.068038e+00,6.936178e+00,1.320288e+00,7.481552e-01,5.627788e-01,4.403209e-01,3.598144e-01,3.023712e-01,2.601457e-01,5.961096e-01,6.943185e-01,7.516435e-01,7.745819e-01,7.912474e-01,8.364004e-01,8.311071e-01
1.240000e-03,7.072133e+00,6.938650e+00,1.302311e+00,7.479653e-01,5.631552e-01,4.405797e-01,3.597661e-01,3.021202e-01,2.601546e-01,5.947672e-01,6.927485e-01,7.508634e-01,7.755090e-01,7.919579e-01,8.369698e-01,8.322147e-01
1.242500e-03,7.076240e+00,6.941400e+00,1.282278e+00,7.477326e-01,5.633678e-01,4.409298e-01,3.597994e-01,3.018798e-01,2.601137e-01,5.933500e-01,6.915296e-01,7.496541e-01,7.774537e-01,7.923554e-01,8.369920e-01,8.333631e-01
1.245000e-03,7.080240e+00,6.944522e+00,1.259792e+00,7.474987e-01,5.634021e-01,4.413359e-01,3.599006e-01,3.016995e-01,2.600046e-01,5.919541e-01,6.908092e-01,7.482829e-01,7.802169e-01,7.923795e-01,8.365732e-01,8.344335e-01
1.247500e-03,7.084296e+00,6.948077e+00,1.235063e+00,7.472998e-01,5.632853e-01,4.417264e-01,3.600719e-01,3.016017e-01,2.598322e-01,5.904989e-01,6.905542e-01,7.469493e-01,7.834413e-01,7.920548e-01,8.358203e-01,8.353999e-01
1.250000e-03,7.088426e+00,6.953309e+00,1.251081e+00,7.471737e-01,5.630657e-01,4.420227e-01,3.603184e-01,3.015844e-01,2.596291e-01,5.889623e-01,6.905375e-01,7.457556e-01,7.866994e-01,7.915108e-01,8.348687e-01,8.362470e-01
1.252500e-03,7.092593e+00,6.958055e+00,1.267504e+00,7.471458e-01,5.627960e-01,4.421733e-01,3.606317e-01,3.016322e-01,2.594424e-01,5.874756e-01,6.904524e-01,7.447719e-01,7.895745e-01,7.909488e-01,8.339203e-01,8.369522e-01
1.255000e-03,7.096862e+00,6.962226e+00,1.281536e+00,7.472112e-01,5.625234e-01,4.421671e-01,3.609763e-01,3.017360e-01,2.593093e-01,5.859463e-01,6.900612e-01,7.440826e-01,7.917226e-01,7.905840e-01,8.332271e-01,8.374585e-01
1.257500e-03,7.101217e+00,6.966058e+00,1.293902e+00,7.473458e-01,5.622874e-01,4.420301e-01,3.612893e-01,3.018987e-01,2.592461e-01,5.840853e-01,6.893875e-01,7.437808e-01,7.929259e-01,7.906003e-01,8.329972e-01,8.377351e-01
1.260000e-03,7.105165e+00,6.969579e+00,1.305189e+00,7.475296e-01,5.621188e-01,4.418071e-01,3.615059e-01,3.021223e-01,2.592495e-01,5.825234e-01,6.886820e-01,7.439547e-01,7.931204e-01,7.911407e-01,8.332926e-01,8.377935e-01
1.262500e-03,7.109119e+00,6.972879e+00,1.315304e+00,7.477644e-01,5.620313e-01,4.415460e-01,3.615889e-01,3.023960e-01,2.593076e-01,5.809390e-01,6.881702e-01,7.446763e-01,7.923894e-01,7.923091e-01,8.340327e-01,8.377378e-01
1.265000e-03,7.112706e+00,6.976039e+00,1.322991e+00,7.480447e-01,5.620128e-01,4.412912e-01,3.615357e-01,3.026852e-01,2.594144e-01,5.795429e-01,6.879333e-01,7.459482e-01,7.909356e-01,7.941491e-01,8.351003e-01,8.377431e-01
1.267500e-03,7.116028e+00,6.979114e+00,1.329443e+00,7.483204e-01,5.620431e-01,4.410770e-01,3.613734e-01,3.029332e-01,2.595708e-01,5.783291e-01,6.878485e-01,7.476233e-01,7.890498e-01,7.966048e-01,8.364224e-01,8.379033e-01
1.270000e-03,7.120513e+00,6.982186e+00,1.334043e+00,7.484944e-01,5.621210e-01,4.409259e-01,3.611445e-01,3.030886e-01,2.597759e-01,5.773451e-01,6.876916e-01,7.494034e-01,7.870751e-01,7.994899e-01,8.379417e-01,8.381662e-01
1.272500e-03,7.125112e+00,6.985145e+00,1.335807e+00,7.484779e-01,5.622627e-01,4.408412e-01,3.608965e-01,3.031247e-01,2.600171e-01,5.763032e-01,6.873409e-01,7.509654e-01,7.853560e-01,8.025036e-01,8.395520e-01,8.383942e-01
1.275000e-03,7.129581e+00,6.988091e+00,1.335485e+00,7.482430e-01,5.624686e-01,4.408092e-01,3.606686e-01,3.030432e-01,2.602601e-01,5.755010e-01,6.868885e-01,7.520629e-01,7.841788e-01,8.052846e-01,8.411085e-01,8.385334e-01
1.277500e-03,7.133663e+00,6.991135e+00,1.330942e+00,7.478267e-01,5.626925e-01,4.408177e-01,3.604879e-01,3.028725e-01,2.604556e-01,5.747659e-01,6.866081e-01,7.525879e-01,7.837206e-01,8.075005e-01,8.424947e-01,8.385964e-01
1.280000e-03,7.137721e+00,6.994222e+00,1.321722e+00,7.472996e-01,5.628501e-01,4.408712e-01,3.603667e-01,3.026534e-01,2.605614e-01,5.742360e-01,6.868162e-01,7.526098e-01,7.840394e-01,8.089177e-01,8.436886e-01,8.386340e-01
1.282500e-03,7.141822e+00,6.997393e+00,1.309054e+00,7.467350e-01,5.628705e-01,4.409849e-01,3.603025e-01,3.024276e-01,2.605589e-01,5.738464e-01,6.875537e-01,7.523078e-01,7.850896e-01,8.094390e-01,8.447614e-01,8.386444e-01
1.285000e-03,7.145867e+00,7.000707e+00,1.293086e+00,7.462023e-01,5.627365e-01,4.411544e-01,3.602827e-01,3.022279e-01,2.604560e-01,5.733679e-01,6.885674e-01,7.518880e-01,7.867431e-01,8.091192e-01,8.458285e-01,8.385726e-01
1.287500e-03,7.150091e+00,7.004195e+00,1.273993e+00,7.457707e-01,5.624834e-01,4.413363e-01,3.603002e-01,3.020747e-01,2.602812e-01,5.728942e-01,6.896384e-01,7.515424e-01,7.888072e-01,8.081249e-01,8.469916e-01,8.384179e-01
1.290000e-03,7.154521e+00,7.007949e+00,1.251090e+00,7.455094e-01,5.621683e-01,4.414625e-01,3.603620e-01,3.019762e-01,2.600721e-01,5.723003e-01,6.905766e-01,7.513774e-01,7.910448e-01,8.066814e-01,8.483054e-01,8.382462e-01
1.292500e-03,7.158907e+00,7.012004e+00,1.225455e+00,7.454767e-01,5.618471e-01,4.414822e-01,3.604771e-01,3.019293e-01,2.598656e-01,5.712886e-01,6.914291e-01,7.514063e-01,7.931975e-01,8.050256e-01,8.497589e-01,8.381443e-01
1.295000e-03,7.163193e+00,7.016895e+00,1.211427e+00,7.457031e-01,5.615642e-01,4.413877e-01,3.606344e-01,3.019229e-01,2.596892e-01,5.704194e-01,6.924030e-01,7.516457e-01,7.950136e-01,8.033823e-01,8.512675e-01,8.381901e-01
1.297500e-03,7.167135e+00,7.022792e+00,1.231819e+00,7.461822e-01,5.613560e-01,4.412105e-01,3.607914e-01,3.019530e-01,2.595587e-01,5.693520e-01,6.935045e-01,7.521623e-01,7.962935e-01,8.019670e-01,8.527036e-01,8.384383e-01
1.300000e-03,7.170522e+00,7.027773e+00,1.251607e+00,7.468520e-01,5.612554e-01,4.409988e-01,3.608926e-01,3.020257e-01,2.594788e-01,5.682638e-01,6.944914e-01,7.530386e-01,7.969321e-01,8.009830e-01,8.539718e-01,8.388890e-01
1.302500e-03,7.173560e+00,7.031976e+00,1.268923e+00,7.475953e-01,5.612916e-01,4.407948e-01,3.609022e-01,3.021443e-01,2.594447e-01,5.671631e-01,6.951802e-01,7.543179e-01,7.969428e-01,8.005883e-01,8.550498e-01,8.395345e-01
1.305000e-03,7.176096e+00,7.035645e+00,1.285487e+00,7.482771e-01,5.614860e-01,4.406277e-01,3.608210e-01,3.022931e-01,2.594488e-01,5.663780e-01,6.955263e-01,7.559193e-01,7.964587e-01,8.008549e-01,8.559405e-01,8.403172e-01
1.307500e-03,7.178119e+00,7.038872e+00,1.300775e+00,7.487835e-01,5.618406e-01,4.405174e-01,3.606804e-01,3.024323e-01,2.594890e-01,5.657028e-01,6.955327e-01,7.576251e-01,7.957052e-01,8.017596e-01,8.565886e-01,8.411712e-01
1.310000e-03,7.179941e+00,7.041803e+00,1.314542e+00,7.490487e-01,5.623173e-01,4.404811e-01,3.605211e-01,3.025162e-01,2.595690e-01,5.652898e-01,6.953447e-01,7.592324e-01,7.949432e-01,8.031827e-01,8.568641e-01,8.421033e-01
1.312500e-03,7.181349e+00,7.044449e+00,1.326356e+00,7.490745e-01,5.628292e-01,4.405378e-01,3.603754e-01,3.025201e-01,2.596882e-01,5.650328e-01,6.952588e-01,7.606204e-01,7.944094e-01,8.049357e-01,8.566496e-01,8.431935e-01
1.315000e-03,7.182542e+00,7.046892e+00,1.336815e+00,7.489093e-01,5.632742e-01,4.407050e-01,3.602628e-01,3.024500e-01,2.598287e-01,5.649297e-01,6.953977e-01,7.616668e-01,7.942773e-01,8.067965e-01,8.559344e-01,8.444250e-01
1.317500e-03,7.183481e+00,7.049161e+00,1.345890e+00,7.486128e-01,5.635697e-01,4.409849e-01,3.601954e-01,3.023363e-01,2.599534e-01,5.648440e-01,6.956974e-01,7.622557e-01,7.946459e-01,8.085496e-01,8.548346e-01,8.456316e-01
1.320000e-03,7.184771e+00,7.051202e+00,1.353155e+00,7.482339e-01,5.636745e-01,4.413452e-01,3.601857e-01,3.022113e-01,2.600250e-01,5.649354e-01,6.960192e-01,7.623568e-01,7.955398e-01,8.100275e-01,8.535315e-01,8.465762e-01
1.322500e-03,7.185926e+00,7.053126e+00,1.358827e+00,7.478138e-01,5.635990e-01,4.417165e-01,3.602490e-01,3.020994e-01,2.600267e-01,5.651437e-01,6.963142e-01,7.620193e-01,7.969072e-01,8.111311e-01,8.522080e-01,8.470918e-01
1.325000e-03,7.187145e+00,7.054884e+00,1.363068e+00,7.473893e-01,5.633876e-01,4.420207e-01,3.603990e-01,3.020143e-01,2.599679e-01,5.652904e-01,6.966722e-01,7.613608e-01,7.986219e-01,8.118399e-01,8.510145e-01,8.471630e-01
1.327500e-03,7.188349e+00,7.056499e+00,1.366412e+00,7.470015e-01,5.630875e-01,4.421999e-01,3.606334e-01,3.019649e-01,2.598746e-01,5.654690e-01,6.971573e-01,7.605578e-01,8.004994e-01,8.121933e-01,8.500622e-01,8.468524e-01
1.330000e-03,7.189721e+00,7.057971e+00,1.367141e+00,7.466982e-01,5.627344e-01,4.422295e-01,3.609202e-01,3.019616e-01,2.597740e-01,5.655773e-01,6.977240e-01,7.598326e-01,8.023117e-01,8.122740e-01,8.494448e-01,8.462286e-01
1.332500e-03,7.191328e+00,7.059238e+00,1.366788e+00,7.465263e-01,5.623602e-01,4.421215e-01,3.612012e-01,3.020184e-01,2.596848e-01,5.655280e-01,6.983233e-01,7.594484e-01,8.038165e-01,8.121911e-01,8.492365e-01,8.453398e-01
1.335000e-03,7.192891e+00,7.060366e+00,1.365538e+00,7.465110e-01,5.619986e-01,4.419104e-01,3.614157e-01,3.021462e-01,2.596172e-01,5.652914e-01,6.988796e-01,7.596126e-01,8.047988e-01,8.120613e-01,8.494784e-01,8.442680e-01
1.337500e-03,7.194292e+00,7.061386e+00,1.363858e+00,7.466492e-01,5.616905e-01,4.416334e-01,3.615215e-01,3.023409e-01,2.595789e-01,5.650287e-01,6.993880e-01,7.603551e-01,8.051227e-01,8.119895e-01,8.501700e-01,8.430724e-01
1.340000e-03,7.195514e+00,7.062290e+00,1.361735e+00,7.468965e-01,5.614750e-01,4.413207e-01,3.615037e-01,3.025714e-01,2.595799e-01,5.647383e-01,6.999922e-01,7.615421e-01,8.047616e-01,8.120511e-01,8.512450e-01,8.418653e-01
1.342500e-03,7.196589e+00,7.063051e+00,1.359732e+00,7.471864e-01,5.613833e-01,4.410018e-01,3.613767e-01,3.027885e-01,2.596326e-01,5.644701e-01,7.006588e-01,7.629621e-01,8.038022e-01,8.122740e-01,8.525709e-01,8.407807e-01
1.345000e-03,7.197393e+00,7.063715e+00,1.358139e+00,7.474598e-01,5.614294e-01,4.407108e-01,3.611713e-01,3.029436e-01,2.597447e-01,5.642432e-01,7.010801e-01,7.643923e-01,8.024299e-01,8.126288e-01,8.539800e-01,8.399310e-01
1.347500e-03,7.197962e+00,7.064273e+00,1.357023e+00,7.476680e-01,5.616037e-01,4.404815e-01,3.609181e-01,3.030054e-01,2.599087e-01,5.640832e-01,7.011005e-01,7.656848e-01,8.008973e-01,8.130277e-01,8.553020e-01,8.393830e-01
1.350000e-03,7.198221e+00,7.064759e+00,1.356378e+00,7.477794e-01,5.618649e-01,4.403420e-01,3.606443e-01,3.029662e-01,2.600965e-01,5.640252e-01,7.008870e-01,7.667857e-01,7.994774e-01,8.133366e-01,8.563802e-01,8.392078e-01
1.352500e-03,7.198154e+00,7.065185e+00,1.356257e+00,7.477699e-01,5.621572e-01,4.403121e-01,3.603787e-01,3.028398e-01,2.602664e-01,5.641121e-01,7.007432e-01,7.676628e-01,7.984160e-01,8.134060e-01,8.570840e-01,8.394303e-01
1.355000e-03,7.197781e+00,7.065568e+00,1.356654e+00,7.476348e-01,5.624288e-01,4.403956e-01,3.601510e-01,3.026510e-01,2.603790e-01,5.643588e-01,7.008375e-01,7.682847e-01,7.978854e-01,8.131010e-01,8.573239e-01,8.400577e-01
1.357500e-03,7.197197e+00,7.065911e+00,1.357525e+00,7.474019e-01,5.626389e-01,4.405772e-01,3.599882e-01,3.024262e-01,2.604101e-01,5.647554e-01,7.011135e-01,7.686540e-01,7.979551e-01,8.123309e-01,8.570580e-01,8.410698e-01
1.360000e-03,7.196541e+00,7.066208e+00,1.358699e+00,7.471192e-01,5.627641e-01,4.408210e-01,3.599107e-01,3.021909e-01,2.603551e-01,5.652755e-01,7.014431e-01,7.687930e-01,7.985938e-01,8.110761e-01,8.562949e-01,8.424168e-01
1.362500e-03,7.195936e+00,7.066452e+00,1.360038e+00,7.468414e-01,5.627910e-01,4.410807e-01,3.599284e-01,3.019721e-01,2.602274e-01,5.658064e-01,7.017763e-01,7.686975e-01,7.996956e-01,8.093915e-01,8.551019e-01,8.440062e-01
1.365000e-03,7.195445e+00,7.066629e+00,1.361444e+00,7.466190e-01,5.627202e-01,4.413132e-01,3.600386e-01,3.017957e-01,2.600497e-01,5.662785e-01,7.021301e-01,7.683585e-01,8.010993e-01,8.073955e-01,8.535956e-01,8.457170e-01
1.367500e-03,7.195100e+00,7.066721e+00,1.362920e+00,7.464896e-01,5.625733e-01,4.414876e-01,3.602243e-01,3.016841e-01,2.598467e-01,5.666609e-01,7.025360e-01,7.678216e-01,8.025981e-01,8.052533e-01,8.519272e-01,8.474172e-01
1.370000e-03,7.194871e+00,7.066716e+00,1.364537e+00,7.464915e-01,5.623853e-01,4.415874e-01,3.604531e-01,3.016493e-01,2.596429e-01,5.669255e-01,7.030265e-01,7.672083e-01,8.039450e-01,8.031554e-01,8.502404e-01,8.489750e-01
1.372500e-03,7.194689e+00,7.066608e+00,1.366406e+00,7.466534e-01,5.621942e-01,4.416062e-01,3.606837e-01,3.016952e-01,2.594629e-01,5.670941e-01,7.036066e-01,7.666721e-01,8.048970e-01,8.012924e-01,8.486530e-01,8.503024e-01
1.375000e-03,7.194473e+00,7.066397e+00,1.368623e+00,7.469814e-01,5.620323e-01,4.415491e-01,3.608800e-01,3.018167e-01,2.593284e-01,5.672000e-01,7.041890e-01,7.663412e-01,8.052776e-01,7.998326e-01,8.472466e-01,8.513528e-01
1.377500e-03,7.194148e+00,7.066086e+00,1.371271e+00,7.474403e-01,5.619285e-01,4.414348e-01,3.610177e-01,3.019969e-01,2.592548e-01,5.672826e-01,7.046136e-01,7.662935e-01,8.050191e-01,7.988999e-01,8.460603e-01,8.521203e-01
1.380000e-03,7.193638e+00,7.065684e+00,1.374358e+00,7.479524e-01,5.619089e-01,4.412909e-01,3.610857e-01,3.022050e-01,2.592497e-01,5.673884e-01,7.047550e-01,7.665446e-01,8.041600e-01,7.985639e-01,8.450898e-01,8.526139e-01
1.382500e-03,7.192873e+00,7.065207e+00,1.377948e+00,7.484247e-01,5.619930e-01,4.411460e-01,3.610823e-01,3.024048e-01,2.593143e-01,5.675578e-01,7.045877e-01,7.670330e-01,8.028236e-01,7.988363e-01,8.442980e-01,8.528583e-01
1.385000e-03,7.191834e+00,7.064665e+00,1.382068e+00,7.487743e-01,5.621841e-01,4.410249e-01,3.610165e-01,3.025663e-01,2.594423e-01,5.678464e-01,7.042029e-01,7.676274e-01,8.011810e-01,7.996756e-01,8.436420e-01,8.528817e-01
1.387500e-03,7.190467e+00,7.064081e+00,1.386795e+00,7.489431e-01,5.624536e-01,4.409475e-01,3.609071e-01,3.026714e-01,2.596166e-01,5.682458e-01,7.037569e-01,7.681628e-01,7.994200e-01,8.009899e-01,8.430998e-01,8.527137e-01
1.390000e-03,7.188763e+00,7.063474e+00,1.392086e+00,7.489071e-01,5.627474e-01,4.409308e-01,3.607783e-01,3.027142e-01,2.598077e-01,5.687801e-01,7.033929e-01,7.684781e-01,7.977231e-01,8.026385e-01,8.426947e-01,8.523582e-01
1.392500e-03,7.186729e+00,7.062857e+00,1.397852e+00,7.486706e-01,5.630069e-01,4.409870e-01,3.606539e-01,3.026961e-01,2.599832e-01,5.694554e-01,7.031706e-01,7.684370e-01,7.962537e-01,8.044387e-01,8.424881e-01,8.518391e-01
1.395000e-03,7.184453e+00,7.062228e+00,1.403959e+00,7.482681e-01,5.631828e-01,4.411148e-01,3.605531e-01,3.026262e-01,2.601184e-01,5.702517e-01,7.030831e-01,7.679435e-01,7.951493e-01,8.061802e-01,8.425364e-01,8.512068e-01
1.397500e-03,7.182636e+00,7.061602e+00,1.410133e+00,7.477630e-01,5.632398e-01,4.412917e-01,3.604911e-01,3.025217e-01,2.601997e-01,5.711741e-01,7.030955e-01,7.669565e-01,7.945103e-01,8.076553e-01,8.428416e-01,8.505459e-01
1.400000e-03,7.181014e+00,7.060965e+00,1.416101e+00,7.472302e-01,5.631628e-01,4.414798e-01,3.604801e-01,3.024042e-01,2.602235e-01,5.721410e-01,7.031701e-01,7.655055e-01,7.943831e-01,8.086892e-01,8.433406e-01,8.499716e-01
1.402500e-03,7.179471e+00,7.060303e+00,1.421678e+00,7.467384e-01,5.629569e-01,4.416399e-01,3.605271e-01,3.022940e-01,2.601932e-01,5.730759e-01,7.032941e-01,7.637079e-01,7.947354e-01,8.091851e-01,8.439452e-01,8.495803e-01
1.405000e-03,7.178051e+00,7.059602e+00,1.426724e+00,7.463401e-01,5.626522e-01,4.417375e-01,3.606275e-01,3.022065e-01,2.601193e-01,5.739843e-01,7.034563e-01,7.617643e-01,7.954433e-01,8.091368e-01,8.446000e-01,8.494078e-01
1.407500e-03,7.176712e+00,7.058864e+00,1.431667e+00,7.460738e-01,5.623003e-01,4.417477e-01,3.607617e-01,3.021535e-01,2.600190e-01,5.747845e-01,7.036450e-01,7.599251e-01,7.963027e-01,8.086252e-01,8.453103e-01,8.494013e-01
1.410000e-03,7.175436e+00,7.058095e+00,1.436557e+00,7.459722e-01,5.619549e-01,4.416613e-01,3.609004e-01,3.021437e-01,2.599113e-01,5.754604e-01,7.038423e-01,7.584352e-01,7.970713e-01,8.077924e-01,8.461237e-01,8.494743e-01
1.412500e-03,7.174205e+00,7.057287e+00,1.440999e+00,7.460520e-01,5.616587e-01,4.414862e-01,3.610132e-01,3.021819e-01,2.598127e-01,5.760233e-01,7.039840e-01,7.574753e-01,7.975193e-01,8.068043e-01,8.470847e-01,8.495553e-01
1.415000e-03,7.172979e+00,7.056444e+00,1.444985e+00,7.462994e-01,5.614428e-01,4.412503e-01,3.610726e-01,3.022638e-01,2.597356e-01,5.764861e-01,7.039946e-01,7.571158e-01,7.974852e-01,8.058072e-01,8.481927e-01,8.496159e-01
1.417500e-03,7.171753e+00,7.055565e+00,1.448324e+00,7.466698e-01,5.613297e-01,4.409937e-01,3.610605e-01,3.023722e-01,2.596889e-01,5.768623e-01,7.038036e-01,7.573090e-01,7.969081e-01,8.049072e-01,8.493700e-01,8.496797e-01
1.420000e-03,7.170493e+00,7.054656e+00,1.450784e+00,7.470919e-01,5.613359e-01,4.407554e-01,3.609728e-01,3.024828e-01,2.596795e-01,5.772277e-01,7.033692e-01,7.579148e-01,7.958325e-01,8.041630e-01,8.504718e-01,8.497958e-01
1.422500e-03,7.169158e+00,7.053729e+00,1.452581e+00,7.474918e-01,5.614650e-01,4.405649e-01,3.608211e-01,3.025696e-01,2.597109e-01,5.775321e-01,7.027274e-01,7.587459e-01,7.943925e-01,8.035904e-01,8.513481e-01,8.500113e-01
1.425000e-03,7.167772e+00,7.052788e+00,1.454035e+00,7.478168e-01,5.617006e-01,4.404423e-01,3.606313e-01,3.026102e-01,2.597783e-01,5.777864e-01,7.019767e-01,7.596055e-01,7.927831e-01,8.031675e-01,8.519071e-01,8.503455e-01
1.427500e-03,7.166383e+00,7.051784e+00,1.455023e+00,7.480330e-01,5.620086e-01,4.404004e-01,3.604361e-01,3.025916e-01,2.598672e-01,5.780616e-01,7.012219e-01,7.603139e-01,7.912246e-01,8.028343e-01,8.521147e-01,8.507885e-01
1.430000e-03,7.164952e+00,7.050802e+00,1.455656e+00,7.481292e-01,5.623425e-01,4.404470e-01,3.602646e-01,3.025133e-01,2.599566e-01,5.783336e-01,7.005246e-01,7.607334e-01,7.899321e-01,8.025014e-01,8.519605e-01,8.513187e-01
1.432500e-03,7.163521e+00,7.049844e+00,1.455584e+00,7.481149e-01,5.626542e-01,4.405801e-01,3.601380e-01,3.023877e-01,2.600244e-01,5.786018e-01,6.999129e-01,7.607881e-01,7.890887e-01,8.020724e-01,8.514301e-01,8.519178e-01
1.435000e-03,7.162131e+00,7.048916e+00,1.454909e+00,7.480083e-01,5.629055e-01,4.407857e-01,3.600692e-01,3.022374e-01,2.600522e-01,5.788807e-01,6.994030e-01,7.604593e-01,7.888176e-01,8.014665e-01,8.505114e-01,8.525757e-01
1.437500e-03,7.160831e+00,7.048025e+00,1.453681e+00,7.478298e-01,5.630682e-01,4.410390e-01,3.600657e-01,3.020884e-01,2.600309e-01,5.791605e-01,6.990280e-01,7.597742e-01,7.891560e-01,8.006391e-01,8.492243e-01,8.532772e-01
1.440000e-03,7.159739e+00,7.047146e+00,1.451773e+00,7.476065e-01,5.631267e-01,4.413063e-01,3.601313e-01,3.019622e-01,2.599623e-01,5.794139e-01,6.987758e-01,7.588105e-01,7.900361e-01,7.995858e-01,8.476387e-01,8.539714e-01
1.442500e-03,7.158879e+00,7.046294e+00,1.448964e+00,7.473774e-01,5.630837e-01,4.415520e-01,3.602621e-01,3.018743e-01,2.598584e-01,5.796179e-01,6.986057e-01,7.576970e-01,7.912854e-01,7.983439e-01,8.458609e-01,8.545781e-01
1.445000e-03,7.158266e+00,7.045469e+00,1.445090e+00,7.471896e-01,5.629533e-01,4.417448e-01,3.604457e-01,3.018338e-01,2.597384e-01,5.797545e-01,6.985264e-01,7.565900e-01,7.926559e-01,7.969878e-01,8.440094e-01,8.550188e-01
1.447500e-03,7.157862e+00,7.044671e+00,1.440821e+00,7.470866e-01,5.627590e-01,4.418589e-01,3.606621e-01,3.018463e-01,2.596230e-01,5.797786e-01,6.986026e-01,7.556396e-01,7.938749e-01,7.956236e-01,8.421975e-01,8.552327e-01
1.450000e-03,7.157602e+00,7.043932e+00,1.436443e+00,7.470920e-01,5.625315e-01,4.418811e-01,3.608831e-01,3.019133e-01,2.595295e-01,5.796771e-01,6.988158e-01,7.549588e-01,7.946930e-01,7.943763e-01,8.405240e-01,8.552095e-01
1.452500e-03,7.157438e+00,7.043236e+00,1.431602e+00,7.471954e-01,5.623076e-01,4.418156e-01,3.610782e-01,3.020314e-01,2.594692e-01,5.795017e-01,6.990602e-01,7.546078e-01,7.949365e-01,7.933722e-01,8.390696e-01,8.549412e-01
1.455000e-03,7.157339e+00,7.042571e+00,1.426671e+00,7.473652e-01,5.621234e-01,4.416785e-01,3.612207e-01,3.021909e-01,2.594489e-01,5.793121e-01,6.992441e-01,7.546003e-01,7.945223e-01,7.927179e-01,8.378932e-01,8.544105e-01
1.457500e-03,7.157233e+00,7.041939e+00,1.422086e+00,7.475670e-01,5.620069e-01,4.414936e-01,3.612898e-01,3.023742e-01,2.594721e-01,5.791246e-01,6.993466e-01,7.548945e-01,7.934688e-01,7.924799e-01,8.370222e-01,8.536411e-01
1.460000e-03,7.157077e+00,7.041357e+00,1.417787e+00,7.477670e-01,5.619711e-01,4.412895e-01,3.612768e-01,3.025566e-01,2.595398e-01,5.789868e-01,6.993846e-01,7.553933e-01,7.918916e-01,7.926689e-01,8.364473e-01,8.526850e-01
1.462500e-03,7.156851e+00,7.040855e+00,1.413809e+00,7.479279e-01,5.620088e-01,4.410967e-01,3.611889e-01,3.027117e-01,2.596493e-01,5.789116e-01,6.993796e-01,7.559783e-01,7.899801e-01,7.932371e-01,8.361298e-01,8.516245e-01
1.465000e-03,7.156544e+00,7.040421e+00,1.410159e+00,7.480078e-01,5.621039e-01,4.409417e-01,3.610445e-01,3.028160e-01,2.597915e-01,5.788866e-01,6.993598e-01,7.565501e-01,7.879587e-01,7.940830e-01,8.360163e-01,8.505229e-01
1.467500e-03,7.156168e+00,7.040043e+00,1.407076e+00,7.479830e-01,5.622400e-01,4.408424e-01,3.608684e-01,3.028532e-01,2.599503e-01,5.789948e-01,6.993642e-01,7.570245e-01,7.860521e-01,7.950641e-01,8.360554e-01,8.494411e-01
1.470000e-03,7.155715e+00,7.039714e+00,1.404683e+00,7.478593e-01,5.623953e-01,4.408064e-01,3.606873e-01,3.028188e-01,2.601035e-01,5.792232e-01,6.994308e-01,7.573177e-01,7.844591e-01,7.960143e-01,8.361993e-01,8.484395e-01
1.472500e-03,7.155189e+00,7.039450e+00,1.403057e+00,7.476585e-01,5.625376e-01,4.408302e-01,3.605253e-01,3.027227e-01,2.602273e-01,5.795457e-01,6.995898e-01,7.573601e-01,7.833336e-01,7.967626e-01,8.364002e-01,8.475526e-01
1.475000e-03,7.154632e+00,7.039244e+00,1.402054e+00,7.473998e-01,5.626281e-01,4.409049e-01,3.604008e-01,3.025839e-01,2.603015e-01,5.799541e-01,6.998419e-01,7.571134e-01,7.827617e-01,7.971612e-01,8.366143e-01,8.468104e-01
1.477500e-03,7.154100e+00,7.039088e+00,1.401504e+00,7.470972e-01,5.626431e-01,4.410181e-01,3.603258e-01,3.024247e-01,2.603137e-01,5.804146e-01,7.001695e-01,7.565833e-01,7.827482e-01,7.971112e-01,8.368126e-01,8.462381e-01
1.480000e-03,7.153645e+00,7.038970e+00,1.401254e+00,7.467754e-01,5.625847e-01,4.411503e-01,3.603053e-01,3.022675e-01,2.602635e-01,5.808864e-01,7.005530e-01,7.558299e-01,7.832202e-01,7.965792e-01,8.369865e-01,8.458530e-01
1.482500e-03,7.153304e+00,7.038875e+00,1.401110e+00,7.464810e-01,5.624695e-01,4.412723e-01,3.603373e-01,3.021312e-01,2.601622e-01,5.813200e-01,7.009533e-01,7.549610e-01,7.840421e-01,7.956016e-01,8.371491e-01,8.456469e-01
1.485000e-03,7.153093e+00,7.038786e+00,1.400928e+00,7.462733e-01,5.623157e-01,4.413514e-01,3.604143e-01,3.020298e-01,2.600284e-01,5.816735e-01,7.013437e-01,7.541166e-01,7.850364e-01,7.942843e-01,8.373298e-01,8.455843e-01
1.487500e-03,7.153002e+00,7.038685e+00,1.400587e+00,7.462036e-01,5.621398e-01,4.413693e-01,3.605240e-01,3.019738e-01,2.598823e-01,5.819203e-01,7.017327e-01,7.534395e-01,7.860062e-01,7.927837e-01,8.375617e-01,8.456320e-01
1.490000e-03,7.152990e+00,7.038556e+00,1.400052e+00,7.462978e-01,5.619623e-01,4.413291e-01,3.606467e-01,3.019673e-01,2.597431e-01,5.820521e-01,7.021282e-01,7.530364e-01,7.867674e-01,7.912828e-01,8.378698e-01,8.457454e-01
1.492500e-03,7.153008e+00,7.038393e+00,1.399330e+00,7.465543e-01,5.618118e-01,4.412466e-01,3.607547e-01,3.020084e-01,2.596263e-01,5.820848e-01,7.024896e-01,7.529558e-01,7.871804e-01,7.899651e-01,8.382602e-01,8.458867e-01
1.495000e-03,7.153011e+00,7.038189e+00,1.398438e+00,7.469422e-01,5.617181e-01,4.411400e-01,3.608208e-01,3.020889e-01,2.595434e-01,5.820451e-01,7.027309e-01,7.531936e-01,7.871753e-01,7.889806e-01,8.387166e-01,8.460507e-01
1.497500e-03,7.152961e+00,7.037943e+00,1.397369e+00,7.474063e-01,5.617057e-01,4.410256e-01,3.608326e-01,3.021959e-01,2.595025e-01,5.819604e-01,7.027783e-01,7.536977e-01,7.867625e-01,7.884123e-01,8.391928e-01,8.462254e-01
1.500000e-03,7.152842e+00,7.037656e+00,1.396156e+00,7.478736e-01,5.617897e-01,4.409183e-01,3.607958e-01,3.023096e-01,2.595075e-01,5.818652e-01,7.026080e-01,7.543727e-01,7.860249e-01,7.882670e-01,8.395974e-01,8.463949e-01
1.500150e-03,7.152388e+00,7.040260e+00,1.394172e+00,7.478149e-01,5.615586e-01,4.409152e-01,3.607493e-01,3.022880e-01,2.594204e-01,5.817401e-01,7.025644e-01,7.543808e-01,7.859461e-01,7.882516e-01,8.396157e-01,8.463909e-01
1.502500e-03,7.151389e+00,7.038102e+00,1.386379e+00,7.482606e-01,5.620723e-01,4.409185e-01,3.607033e-01,3.023384e-01,2.595004e-01,5.822858e-01,7.022328e-01,7.550858e-01,7.850876e-01,7.885026e-01,8.397696e-01,8.464345e-01
1.505000e-03,7.152684e+00,7.037394e+00,1.396585e+00,7.485199e-01,5.622197e-01,4.407635e-01,3.606431e-01,3.024555e-01,2.596608e-01,5.808357e-01,7.011827e-01,7.557472e-01,7.841314e-01,7.890169e-01,8.396127e-01,8.472017e-01
1.507500e-03,7.152524e+00,7.037024e+00,1.391500e+00,7.485690e-01,5.625480e-01,4.407792e-01,3.605357e-01,3.024713e-01,2.597246e-01,5.802837e-01,7.001364e-01,7.561928e-01,7.832979e-01,7.897478e-01,8.390785e-01,8.468954e-01
1.510000e-03,7.152107e+00,7.036801e+00,1.392525e+00,7.486125e-01,5.628661e-01,4.408434e-01,3.604635e-01,3.024017e-01,2.598388e-01,5.829950e-01,7.039558e-01,7.559001e-01,7.827090e-01,7.906134e-01,8.382191e-01,8.464870e-01
1.512500e-03,7.151597e+00,7.036466e+00,1.390443e+00,7.484647e-01,5.631407e-01,4.409994e-01,3.604146e-01,3.023588e-01,2.599136e-01,5.811880e-01,7.046863e-01,7.552895e-01,7.823779e-01,7.915172e-01,8.372135e-01,8.466116e-01
1.515000e-03,7.151091e+00,7.036188e+00,1.390425e+00,7.482242e-01,5.632332e-01,4.412150e-01,3.603898e-01,3.022964e-01,2.599669e-01,5.816383e-01,6.988107e-01,7.559011e-01,7.822332e-01,7.923350e-01,8.362699e-01,8.462455e-01
1.517500e-03,7.150573e+00,7.035875e+00,1.388854e+00,7.479666e-01,5.632793e-01,4.414323e-01,3.603963e-01,3.022209e-01,2.599667e-01,5.820473e-01,6.975438e-01,7.572864e-01,7.823565e-01,7.929289e-01,8.355375e-01,8.454510e-01
1.520000e-03,7.150244e+00,7.035582e+00,1.387866e+00,7.464021e-01,5.632145e-01,4.416784e-01,3.604800e-01,3.021747e-01,2.599391e-01,5.819447e-01,6.991467e-01,7.579697e-01,7.831190e-01,7.931787e-01,8.350743e-01,8.446393e-01
1.522500e-03,7.150036e+00,7.035296e+00,1.386225e+00,7.458028e-01,5.631847e-01,4.418327e-01,3.606087e-01,3.021254e-01,2.598940e-01,5.820662e-01,6.983491e-01,7.566627e-01,7.847578e-01,7.930292e-01,8.348216e-01,8.439011e-01
1.525000e-03,7.149966e+00,7.035015e+00,1.384184e+00,7.462847e-01,5.624804e-01,4.419160e-01,3.607725e-01,3.021069e-01,2.598360e-01,5.820789e-01,6.994115e-01,7.532018e-01,7.868438e-01,7.925369e-01,8.345789e-01,8.433342e-01
1.527500e-03,7.150041e+00,7.034745e+00,1.382038e+00,7.464390e-01,5.617154e-01,4.420013e-01,3.609686e-01,3.021344e-01,2.597881e-01,5.819656e-01,7.026019e-01,7.505948e-01,7.886718e-01,7.918678e-01,8.341269e-01,8.430876e-01
1.530000e-03,7.150186e+00,7.034487e+00,1.379688e+00,7.470178e-01,5.614525e-01,4.418087e-01,3.611352e-01,3.021937e-01,2.597360e-01,5.818094e-01,7.033082e-01,7.506514e-01,7.897433e-01,7.912093e-01,8.335452e-01,8.430723e-01
1.532500e-03,7.150358e+00,7.034249e+00,1.377425e+00,7.465645e-01,5.615295e-01,4.412220e-01,3.613121e-01,3.022976e-01,2.597067e-01,5.816257e-01,7.015207e-01,7.520280e-01,7.895999e-01,7.906639e-01,8.332668e-01,8.430132e-01
1.535000e-03,7.150558e+00,7.034037e+00,1.375238e+00,7.468200e-01,5.614732e-01,4.408625e-01,3.613725e-01,3.024444e-01,2.596989e-01,5.814195e-01,6.997399e-01,7.531634e-01,7.881243e-01,7.902478e-01,8.336388e-01,8.427247e-01
1.537500e-03,7.150741e+00,7.033851e+00,1.373239e+00,7.472094e-01,5.615655e-01,4.406969e-01,3.610845e-01,3.026398e-01,2.597097e-01,5.812046e-01,6.994470e-01,7.534106e-01,7.860067e-01,7.899521e-01,8.345702e-01,8.423571e-01
1.540000e-03,7.150908e+00,7.033698e+00,1.371477e+00,7.473166e-01,5.619691e-01,4.406418e-01,3.607361e-01,3.028267e-01,2.597636e-01,5.810082e-01,7.003672e-01,7.532612e-01,7.841589e-01,7.897350e-01,8.356588e-01,8.422485e-01
1.542500e-03,7.151075e+00,7.033578e+00,1.369834e+00,7.474355e-01,5.617254e-01,4.405392e-01,3.605533e-01,3.028097e-01,2.598905e-01,5.808280e-01,7.011539e-01,7.540994e-01,7.828814e-01,7.894750e-01,8.365108e-01,8.426445e-01
1.545000e-03,7.151164e+00,7.033491e+00,1.368396e+00,7.475133e-01,5.618245e-01,4.404637e-01,3.604327e-01,3.025958e-01,2.600695e-01,5.806628e-01,7.010531e-01,7.563262e-01,7.819416e-01,7.890447e-01,8.369130e-01,8.435146e-01
1.547500e-03,7.151087e+00,7.033447e+00,1.367543e+00,7.475301e-01,5.621841e-01,4.405674e-01,3.603408e-01,3.024220e-01,2.601821e-01,5.805870e-01,7.004683e-01,7.586932e-01,7.811746e-01,7.884535e-01,8.368479e-01,8.445648e-01
1.550000e-03,7.150916e+00,7.033462e+00,1.367511e+00,7.474991e-01,5.623500e-01,4.408599e-01,3.602220e-01,3.023286e-01,2.601398e-01,5.806519e-01,7.000788e-01,7.599292e-01,7.806318e-01,7.878584e-01,8.364182e-01,8.454487e-01
1.552500e-03,7.150893e+00,7.033544e+00,1.367903e+00,7.474422e-01,5.624939e-01,4.407199e-01,3.601229e-01,3.022399e-01,2.600310e-01,5.807646e-01,7.001014e-01,7.598962e-01,7.802976e-01,7.874065e-01,8.357475e-01,8.459361e-01
1.555000e-03,7.151155e+00,7.033669e+00,1.367941e+00,7.473214e-01,5.625934e-01,4.407796e-01,3.600759e-01,3.021480e-01,2.599665e-01,5.807664e-01,7.003385e-01,7.590686e-01,7.800683e-01,7.870930e-01,8.349278e-01,8.460109e-01
1.557500e-03,7.151549e+00,7.033807e+00,1.367565e+00,7.471617e-01,5.626253e-01,4.410772e-01,3.602146e-01,3.020337e-01,2.599248e-01,5.806342e-01,7.005741e-01,7.578508e-01,7.800589e-01,7.867704e-01,8.340208e-01,8.458274e-01
1.560000e-03,7.151877e+00,7.033952e+00,1.367421e+00,7.470288e-01,5.625847e-01,4.412608e-01,3.604185e-01,3.019198e-01,2.598628e-01,5.805155e-01,7.007360e-01,7.565502e-01,7.806641e-01,7.862758e-01,8.330680e-01,8.455608e-01
1.562500e-03,7.152170e+00,7.034119e+00,1.367689e+00,7.469683e-01,5.624928e-01,4.414080e-01,3.603199e-01,3.018485e-01,2.597818e-01,5.804953e-01,7.008456e-01,7.555000e-01,7.821507e-01,7.855504e-01,8.320910e-01,8.452989e-01
1.565000e-03,7.152517e+00,7.034303e+00,1.368096e+00,7.469997e-01,5.623827e-01,4.414806e-01,3.604028e-01,3.018241e-01,2.596796e-01,5.804742e-01,7.009499e-01,7.549404e-01,7.842471e-01,7.846578e-01,8.311004e-01,8.450629e-01
1.567500e-03,7.152904e+00,7.034495e+00,1.368575e+00,7.471201e-01,5.622743e-01,4.414741e-01,3.606581e-01,3.019755e-01,2.595689e-01,5.803715e-01,7.010933e-01,7.548565e-01,7.862565e-01,7.837143e-01,8.301145e-01,8.448236e-01
1.570000e-03,7.153307e+00,7.034691e+00,1.369105e+00,7.473182e-01,5.621714e-01,4.414347e-01,3.608244e-01,3.021190e-01,2.594822e-01,5.802278e-01,7.012817e-01,7.550117e-01,7.875615e-01,7.828131e-01,8.291628e-01,8.445280e-01
1.572500e-03,7.153717e+00,7.034880e+00,1.369577e+00,7.475737e-01,5.620840e-01,4.413646e-01,3.609307e-01,3.020498e-01,2.594263e-01,5.800668e-01,7.014690e-01,7.551556e-01,7.879510e-01,7.820147e-01,8.282807e-01,8.441352e-01
1.575000e-03,7.154087e+00,7.035050e+00,1.370005e+00,7.478492e-01,5.620397e-01,4.412613e-01,3.609764e-01,3.021450e-01,2.594328e-01,5.798934e-01,7.016003e-01,7.551897e-01,7.875557e-01,7.813978e-01,8.275051e-01,8.436213e-01
1.577500e-03,7.154353e+00,7.035205e+00,1.370622e+00,7.480872e-01,5.620671e-01,4.411490e-01,3.609564e-01,3.023665e-01,2.595843e-01,5.797411e-01,7.016484e-01,7.551775e-01,7.866067e-01,7.810997e-01,8.268704e-01,8.429828e-01
1.580000e-03,7.154523e+00,7.035361e+00,1.371125e+00,7.482840e-01,5.621785e-01,4.410541e-01,3.609117e-01,3.025013e-01,2.596689e-01,5.796492e-01,7.015732e-01,7.552374e-01,7.852771e-01,7.812818e-01,8.263919e-01,8.422305e-01
1.582500e-03,7.154498e+00,7.035469e+00,1.371712e+00,7.484509e-01,5.623604e-01,4.409866e-01,3.608432e-01,3.025688e-01,2.596415e-01,5.796175e-01,7.013099e-01,7.554242e-01,7.836938e-01,7.820269e-01,8.260433e-01,8.413909e-01
1.585000e-03,7.154106e+00,7.035607e+00,1.374012e+00,7.484831e-01,5.625672e-01,4.409534e-01,3.607550e-01,3.025976e-01,2.597582e-01,5.796663e-01,7.008610e-01,7.556779e-01,7.820310e-01,7.832532e-01,8.257525e-01,8.405094e-01
1.587500e-03,7.153891e+00,7.035815e+00,1.375848e+00,7.483304e-01,5.627607e-01,4.409660e-01,3.606555e-01,3.025846e-01,2.599385e-01,5.800070e-01,7.003533e-01,7.558651e-01,7.805307e-01,7.847083e-01,8.254263e-01,8.396447e-01
1.590000e-03,7.153913e+00,7.035942e+00,1.376282e+00,7.480624e-01,5.629338e-01,4.410330e-01,3.605599e-01,3.025360e-01,2.600396e-01,5.803196e-01,6.999443e-01,7.558666e-01,7.794398e-01,7.860648e-01,8.249992e-01,8.388613e-01
1.592500e-03,7.153576e+00,7.036045e+00,1.377774e+00,7.477287e-01,5.630313e-01,4.411451e-01,3.604894e-01,3.024704e-01,2.600874e-01,5.802504e-01,6.997030e-01,7.556350e-01,7.789125e-01,7.870493e-01,8.244770e-01,8.381896e-01
1.595000e-03,7.153130e+00,7.036196e+00,1.379919e+00,7.473511e-01,5.630059e-01,4.412781e-01,3.604590e-01,3.023858e-01,2.601058e-01,5.804335e-01,6.995886e-01,7.551856e-01,7.789583e-01,7.875372e-01,8.239462e-01,8.376121e-01
1.597500e-03,7.152896e+00,7.036338e+00,1.381524e+00,7.469715e-01,5.628906e-01,4.414207e-01,3.604770e-01,3.022962e-01,2.600934e-01,5.808601e-01,6.995318e-01,7.545585e-01,7.794558e-01,7.875386e-01,8.235386e-01,8.370771e-01
1.600000e-03,7.152797e+00,7.036453e+00,1.382673e+00,7.466467e-01,5.627191e-01,4.415424e-01,3.605406e-01,3.022146e-01,2.600474e-01,5.809829e-01,6.996106e-01,7.538021e-01,7.802072e-01,7.871489e-01,8.233721e-01,8.365345e-01
1.602500e-03,7.152797e+00,7.036546e+00,1.383514e+00,7.464259e-01,5.624997e-01,4.415913e-01,3.606331e-01,3.021493e-01,2.599744e-01,5.809609e-01,6.999012e-01,7.529800e-01,7.810019e-01,7.864884e-01,8.235039e-01,8.359801e-01
1.605000e-03,7.152911e+00,7.036617e+00,1.383997e+00,7.463375e-01,5.622486e-01,4.415691e-01,3.607411e-01,3.021163e-01,2.598883e-01,5.809358e-01,7.001012e-01,7.521833e-01,7.816665e-01,7.856670e-01,8.239215e-01,8.354399e-01
1.607500e-03,7.153151e+00,7.036667e+00,1.384060e+00,7.463834e-01,5.619987e-01,4.415012e-01,3.608494e-01,3.021288e-01,2.598056e-01,5.807956e-01,6.999162e-01,7.515190e-01,7.820913e-01,7.847763e-01,8.245597e-01,8.349722e-01
1.610000e-03,7.153496e+00,7.036699e+00,1.383687e+00,7.465455e-01,5.617896e-01,4.413935e-01,3.609188e-01,3.021829e-01,2.597333e-01,5.805354e-01,6.995360e-01,7.510858e-01,7.822372e-01,7.838998e-01,8.253231e-01,8.346296e-01
1.612500e-03,7.153921e+00,7.036709e+00,1.382906e+00,7.467948e-01,5.616590e-01,4.412486e-01,3.609316e-01,3.022645e-01,2.596816e-01,5.802066e-01,6.992744e-01,7.509866e-01,7.821193e-01,7.831179e-01,8.261069e-01,8.344667e-01
1.615000e-03,7.154378e+00,7.036714e+00,1.381933e+00,7.470886e-01,5.616299e-01,4.410806e-01,3.609078e-01,3.023623e-01,2.596578e-01,5.798270e-01,6.992183e-01,7.513020e-01,7.817815e-01,7.825061e-01,8.268174e-01,8.344866e-01
1.617500e-03,7.154825e+00,7.036730e+00,1.380963e+00,7.473855e-01,5.617030e-01,4.409140e-01,3.608578e-01,3.024490e-01,2.596687e-01,5.794185e-01,6.991838e-01,7.519357e-01,7.812790e-01,7.821244e-01,8.273907e-01,8.346602e-01
1.620000e-03,7.155230e+00,7.036770e+00,1.380086e+00,7.476591e-01,5.618608e-01,4.407783e-01,3.607793e-01,3.024928e-01,2.597136e-01,5.790328e-01,6.988589e-01,7.526056e-01,7.806715e-01,7.820046e-01,8.277979e-01,8.349362e-01
1.622500e-03,7.155576e+00,7.036835e+00,1.379392e+00,7.478806e-01,5.620717e-01,4.407028e-01,3.606745e-01,3.024966e-01,2.597875e-01,5.787055e-01,6.981862e-01,7.531052e-01,7.800305e-01,7.821413e-01,8.280332e-01,8.352345e-01
1.625000e-03,7.155873e+00,7.036926e+00,1.378902e+00,7.480120e-01,5.622989e-01,4.407051e-01,3.605557e-01,3.024765e-01,2.598748e-01,5.784521e-01,6.974343e-01,7.534120e-01,7.794573e-01,7.824907e-01,8.280999e-01,8.354820e-01
1.627500e-03,7.156122e+00,7.037048e+00,1.378638e+00,7.480353e-01,5.625163e-01,4.407831e-01,3.604413e-01,3.024352e-01,2.599436e-01,5.782407e-01,6.968477e-01,7.535167e-01,7.790828e-01,7.829769e-01,8.280068e-01,8.356569e-01
1.630000e-03,7.156330e+00,7.037205e+00,1.378695e+00,7.479593e-01,5.627051e-01,4.409196e-01,3.603555e-01,3.023712e-01,2.599754e-01,5.780556e-01,6.964335e-01,7.533513e-01,7.790144e-01,7.835034e-01,8.277642e-01,8.357620e-01
1.632500e-03,7.156539e+00,7.037404e+00,1.379071e+00,7.478051e-01,5.628440e-01,4.410870e-01,3.603218e-01,3.022886e-01,2.599787e-01,5.779126e-01,6.960976e-01,7.529071e-01,7.792704e-01,7.839783e-01,8.273778e-01,8.358122e-01
1.635000e-03,7.156835e+00,7.037642e+00,1.379535e+00,7.476024e-01,5.629136e-01,4.412584e-01,3.603501e-01,3.021977e-01,2.599622e-01,5.777993e-01,6.958186e-01,7.522837e-01,7.797959e-01,7.843353e-01,8.268504e-01,8.358378e-01
1.637500e-03,7.157253e+00,7.037910e+00,1.379910e+00,7.473958e-01,5.629053e-01,4.414164e-01,3.604341e-01,3.021143e-01,2.599257e-01,5.776449e-01,6.956374e-01,7.516065e-01,7.805358e-01,7.845486e-01,8.262007e-01,8.358619e-01
1.640000e-03,7.157775e+00,7.038206e+00,1.380228e+00,7.472301e-01,5.628226e-01,4.415455e-01,3.605570e-01,3.020586e-01,2.598698e-01,5.774145e-01,6.955588e-01,7.509534e-01,7.814469e-01,7.846393e-01,8.254836e-01,8.358935e-01
1.642500e-03,7.158382e+00,7.038532e+00,1.380548e+00,7.471311e-01,5.626785e-01,4.416313e-01,3.606953e-01,3.020481e-01,2.597994e-01,5.771369e-01,6.955345e-01,7.503529e-01,7.824410e-01,7.846656e-01,8.248001e-01,8.359091e-01
1.645000e-03,7.159086e+00,7.038879e+00,1.380888e+00,7.471073e-01,5.624969e-01,4.416635e-01,3.608298e-01,3.020875e-01,2.597247e-01,5.768267e-01,6.955202e-01,7.498263e-01,7.833610e-01,7.847012e-01,8.242808e-01,8.358580e-01
1.647500e-03,7.159854e+00,7.039250e+00,1.381265e+00,7.471582e-01,5.623120e-01,4.416369e-01,3.609469e-01,3.021692e-01,2.596605e-01,5.764667e-01,6.954833e-01,7.494337e-01,7.840344e-01,7.848105e-01,8.240507e-01,8.357005e-01
1.650000e-03,7.160675e+00,7.039634e+00,1.381658e+00,7.472702e-01,5.621564e-01,4.415531e-01,3.610344e-01,3.022777e-01,2.596241e-01,5.760639e-01,6.953992e-01,7.492764e-01,7.843461e-01,7.850407e-01,8.241886e-01,8.354044e-01
1.652500e-03,7.161519e+00,7.040028e+00,1.382052e+00,7.474111e-01,5.620525e-01,4.414223e-01,3.610833e-01,3.023940e-01,2.596275e-01,5.756331e-01,6.952670e-01,7.494294e-01,7.842697e-01,7.854224e-01,8.247002e-01,8.349775e-01
1.655000e-03,7.162359e+00,7.040436e+00,1.382481e+00,7.475478e-01,5.620158e-01,4.412649e-01,3.610873e-01,3.025027e-01,2.596721e-01,5.751968e-01,6.950954e-01,7.498715e-01,7.838563e-01,7.859700e-01,8.255188e-01,8.344809e-01
1.657500e-03,7.163151e+00,7.040872e+00,1.383112e+00,7.476600e-01,5.620467e-01,4.411078e-01,3.610431e-01,3.025921e-01,2.597499e-01,5.747825e-01,6.948934e-01,7.505008e-01,7.832021e-01,7.866736e-01,8.265314e-01,8.339822e-01
1.660000e-03,7.163860e+00,7.041339e+00,1.384070e+00,7.477317e-01,5.621229e-01,4.409764e-01,3.609529e-01,3.026530e-01,2.598469e-01,5.744162e-01,6.946844e-01,7.511931e-01,7.824254e-01,7.874912e-01,8.276178e-01,8.335249e-01
1.662500e-03,7.164473e+00,7.041837e+00,1.385245e+00,7.477457e-01,5.622177e-01,4.408923e-01,3.608278e-01,3.026798e-01,2.599473e-01,5.741157e-01,6.944976e-01,7.518319e-01,7.816616e-01,7.883519e-01,8.286770e-01,8.331217e-01
1.665000e-03,7.165030e+00,7.042361e+00,1.386640e+00,7.476944e-01,5.623177e-01,4.408674e-01,3.606867e-01,3.026686e-01,2.600380e-01,5.738872e-01,6.943401e-01,7.523191e-01,7.810586e-01,7.891697e-01,8.296372e-01,8.327665e-01
1.667500e-03,7.165555e+00,7.042919e+00,1.388204e+00,7.475819e-01,5.624155e-01,4.408950e-01,3.605522e-01,3.026172e-01,2.601092e-01,5.737214e-01,6.941958e-01,7.525902e-01,7.807545e-01,7.898613e-01,8.304572e-01,8.324679e-01
1.670000e-03,7.166094e+00,7.043496e+00,1.389785e+00,7.474178e-01,5.624935e-01,4.409548e-01,3.604460e-01,3.025285e-01,2.601539e-01,5.735875e-01,6.940624e-01,7.526328e-01,7.808396e-01,7.903620e-01,8.311240e-01,8.322561e-01
1.672500e-03,7.166681e+00,7.044088e+00,1.391202e+00,7.472195e-01,5.625304e-01,4.410311e-01,3.603857e-01,3.024135e-01,2.601677e-01,5.734558e-01,6.939829e-01,7.524909e-01,7.813209e-01,7.906351e-01,8.316494e-01,8.321636e-01
1.675000e-03,7.167332e+00,7.044692e+00,1.392502e+00,7.470151e-01,5.625187e-01,4.411173e-01,3.603762e-01,3.022892e-01,2.601472e-01,5.733319e-01,6.940202e-01,7.522422e-01,7.821288e-01,7.906749e-01,8.320670e-01,8.321958e-01
1.677500e-03,7.168041e+00,7.045315e+00,1.394015e+00,7.468401e-01,5.624637e-01,4.412044e-01,3.604075e-01,3.021749e-01,2.600912e-01,5.731754e-01,6.942019e-01,7.519679e-01,7.831526e-01,7.905084e-01,8.324261e-01,8.323281e-01
1.680000e-03,7.168817e+00,7.045948e+00,1.395467e+00,7.467264e-01,5.623722e-01,4.412737e-01,3.604649e-01,3.020896e-01,2.600039e-01,5.729793e-01,6.944980e-01,7.517401e-01,7.842751e-01,7.901965e-01,8.327824e-01,8.325226e-01
1.682500e-03,7.169659e+00,7.046584e+00,1.396666e+00,7.466915e-01,5.622546e-01,4.413084e-01,3.605387e-01,3.020460e-01,2.598963e-01,5.727659e-01,6.948397e-01,7.516146e-01,7.853852e-01,7.898295e-01,8.331890e-01,8.327584e-01
1.685000e-03,7.170548e+00,7.047213e+00,1.397696e+00,7.467352e-01,5.621302e-01,4.413048e-01,3.606217e-01,3.020454e-01,2.597842e-01,5.724845e-01,6.951548e-01,7.516274e-01,7.863783e-01,7.895151e-01,8.336867e-01,8.330182e-01
1.687500e-03,7.171505e+00,7.047818e+00,1.398457e+00,7.468497e-01,5.620261e-01,4.412685e-01,3.607017e-01,3.020785e-01,2.596857e-01,5.721933e-01,6.953997e-01,7.517984e-01,7.871659e-01,7.893584e-01,8.342976e-01,8.332974e-01
1.690000e-03,7.172450e+00,7.048404e+00,1.399130e+00,7.470318e-01,5.619657e-01,4.412052e-01,3.607616e-01,3.021353e-01,2.596164e-01,5.718284e-01,6.955568e-01,7.521382e-01,7.876894e-01,7.894423e-01,8.350218e-01,8.336048e-01
1.692500e-03,7.173366e+00,7.048965e+00,1.399637e+00,7.472790e-01,5.619590e-01,4.411226e-01,3.607896e-01,3.022072e-01,2.595844e-01,5.714127e-01,6.956517e-01,7.526471e-01,7.879340e-01,7.898151e-01,8.358404e-01,8.339363e-01
1.695000e-03,7.174196e+00,7.049506e+00,1.400037e+00,7.475723e-01,5.620026e-01,4.410366e-01,3.607850e-01,3.022851e-01,2.595892e-01,5.709978e-01,6.957154e-01,7.533071e-01,7.879344e-01,7.904877e-01,8.367240e-01,8.342945e-01
1.697500e-03,7.174923e+00,7.050029e+00,1.400420e+00,7.478674e-01,5.620907e-01,4.409688e-01,3.607532e-01,3.023563e-01,2.596244e-01,5.706175e-01,6.957475e-01,7.540726e-01,7.877700e-01,7.914364e-01,8.376382e-01,8.346778e-01
1.700000e-03,7.175552e+00,7.050533e+00,1.400786e+00,7.481069e-01,5.622202e-01,4.409356e-01,3.606994e-01,3.024069e-01,2.596818e-01,5.703127e-01,6.957521e-01,7.548709e-01,7.875492e-01,7.926080e-01,8.385458e-01,8.350765e-01
1.702500e-03,7.176096e+00,7.051014e+00,1.401205e+00,7.482424e-01,5.623861e-01,4.409416e-01,3.606312e-01,3.024285e-01,2.597521e-01,5.700924e-01,6.957385e-01,7.556123e-01,7.873925e-01,7.939276e-01,8.394087e-01,8.355052e-01
1.705000e-03,7.176544e+00,7.051488e+00,1.401732e+00,7.482479e-01,5.625708e-01,4.409834e-01,3.605634e-01,3.024221e-01,2.598252e-01,5.699410e-01,6.957112e-01,7.562075e-01,7.874116e-01,7.953063e-01,8.401961e-01,8.359521e-01
1.707500e-03,7.176919e+00,7.051967e+00,1.402327e+00,7.481273e-01,5.627452e-01,4.410561e-01,3.605138e-01,3.023932e-01,2.598893e-01,5.698360e-01,6.956902e-01,7.565899e-01,7.876883e-01,7.966505e-01,8.408966e-01,8.364233e-01
1.710000e-03,7.177252e+00,7.052414e+00,1.402979e+00,7.479111e-01,5.628740e-01,4.411557e-01,3.604933e-01,3.023459e-01,2.599331e-01,5.697940e-01,6.957224e-01,7.567402e-01,7.882597e-01,7.978716e-01,8.415250e-01,8.369116e-01
1.712500e-03,7.177545e+00,7.052856e+00,1.403705e+00,7.476438e-01,5.629275e-01,4.412746e-01,3.605041e-01,3.022877e-01,2.599508e-01,5.697924e-01,6.958459e-01,7.566930e-01,7.891119e-01,7.988975e-01,8.421122e-01,8.373950e-01
1.715000e-03,7.177823e+00,7.053288e+00,1.404405e+00,7.473699e-01,5.628925e-01,4.413991e-01,3.605431e-01,3.022317e-01,2.599439e-01,5.698023e-01,6.960838e-01,7.565209e-01,7.901841e-01,7.996841e-01,8.426918e-01,8.378776e-01
1.717500e-03,7.178102e+00,7.053711e+00,1.404913e+00,7.471280e-01,5.627758e-01,4.415089e-01,3.606060e-01,3.021920e-01,2.599167e-01,5.698274e-01,6.964317e-01,7.563133e-01,7.913819e-01,8.002173e-01,8.432947e-01,8.383780e-01
1.720000e-03,7.178423e+00,7.054109e+00,1.405186e+00,7.469488e-01,5.625992e-01,4.415809e-01,3.606874e-01,3.021765e-01,2.598737e-01,5.698536e-01,6.968578e-01,7.561608e-01,7.925938e-01,8.005119e-01,8.439404e-01,8.388968e-01
1.722500e-03,7.178775e+00,7.054477e+00,1.405443e+00,7.468522e-01,5.623922e-01,4.415968e-01,3.607793e-01,3.021867e-01,2.598225e-01,5.698711e-01,6.973144e-01,7.561439e-01,7.937065e-01,8.006078e-01,8.446281e-01,8.394476e-01
1.725000e-03,7.179135e+00,7.054818e+00,1.405607e+00,7.468372e-01,5.621872e-01,4.415501e-01,3.608700e-01,3.022201e-01,2.597749e-01,5.698757e-01,6.977617e-01,7.563224e-01,7.946191e-01,8.005661e-01,8.453360e-01,8.400232e-01
1.727500e-03,7.179484e+00,7.055123e+00,1.405835e+00,7.468926e-01,5.620153e-01,4.414468e-01,3.609439e-01,3.022730e-01,2.597422e-01,5.698561e-01,6.981693e-01,7.567298e-01,7.952574e-01,8.004628e-01,8.460359e-01,8.406011e-01
1.730000e-03,7.179806e+00,7.055389e+00,1.406146e+00,7.470058e-01,5.618999e-01,4.413022e-01,3.609847e-01,3.023394e-01,2.597302e-01,5.698200e-01,6.985186e-01,7.573747e-01,7.955841e-01,8.003756e-01,8.467065e-01,8.411615e-01
1.732500e-03,7.180065e+00,7.055620e+00,1.406527e+00,7.471632e-01,5.618488e-01,4.411388e-01,3.609806e-01,3.024116e-01,2.597402e-01,5.697820e-01,6.988049e-01,7.582431e-01,7.956020e-01,8.003695e-01,8.473296e-01,8.416842e-01
1.735000e-03,7.180239e+00,7.055820e+00,1.406952e+00,7.473418e-01,5.618599e-01,4.409830e-01,3.609285e-01,3.024799e-01,2.597697e-01,5.697566e-01,6.990408e-01,7.592919e-01,7.953583e-01,8.004885e-01,8.478798e-01,8.421499e-01
1.737500e-03,7.180320e+00,7.055989e+00,1.407533e+00,7.475056e-01,5.619252e-01,4.408598e-01,3.608340e-01,3.025325e-01,2.598145e-01,5.697614e-01,6.992495e-01,7.604471e-01,7.949408e-01,8.007591e-01,8.483315e-01,8.425433e-01
1.740000e-03,7.180305e+00,7.056133e+00,1.408229e+00,7.476173e-01,5.620364e-01,4.407841e-01,3.607103e-01,3.025572e-01,2.598689e-01,5.698103e-01,6.994524e-01,7.616128e-01,7.944707e-01,8.011930e-01,8.486855e-01,8.428614e-01
1.742500e-03,7.180212e+00,7.056250e+00,1.409028e+00,7.476587e-01,5.621825e-01,4.407600e-01,3.605771e-01,3.025456e-01,2.599261e-01,5.699181e-01,6.996786e-01,7.626886e-01,7.940848e-01,8.017708e-01,8.489922e-01,8.431079e-01
1.745000e-03,7.180056e+00,7.056342e+00,1.409929e+00,7.476320e-01,5.623435e-01,4.407850e-01,3.604567e-01,3.024960e-01,2.599781e-01,5.700766e-01,6.999531e-01,7.635875e-01,7.939162e-01,8.024190e-01,8.493277e-01,8.432827e-01
1.747500e-03,7.179848e+00,7.056410e+00,1.410930e+00,7.475541e-01,5.624903e-01,4.408533e-01,3.603680e-01,3.024138e-01,2.600156e-01,5.702815e-01,7.002748e-01,7.642496e-01,7.940680e-01,8.030085e-01,8.497175e-01,8.434070e-01
1.750000e-03,7.179600e+00,7.056456e+00,1.412024e+00,7.474492e-01,5.625935e-01,4.409572e-01,3.603206e-01,3.023103e-01,2.600291e-01,5.705253e-01,7.006460e-01,7.646547e-01,7.945937e-01,8.033905e-01,8.500719e-01,8.435302e-01
1.752500e-03,7.179323e+00,7.056481e+00,1.413209e+00,7.473385e-01,5.626389e-01,4.410856e-01,3.603168e-01,3.022024e-01,2.600126e-01,5.707991e-01,7.010775e-01,7.648282e-01,7.954826e-01,8.034542e-01,8.502162e-01,8.437362e-01
1.755000e-03,7.179027e+00,7.056484e+00,1.414466e+00,7.472367e-01,5.626286e-01,4.412217e-01,3.603541e-01,3.021086e-01,2.599651e-01,5.710925e-01,7.015748e-01,7.648341e-01,7.966578e-01,8.031705e-01,8.500122e-01,8.441065e-01
1.757500e-03,7.178729e+00,7.056462e+00,1.415780e+00,7.471572e-01,5.625749e-01,4.413426e-01,3.604263e-01,3.020432e-01,2.598914e-01,5.713994e-01,7.021329e-01,7.647591e-01,7.979893e-01,8.025955e-01,8.494657e-01,8.446415e-01
1.760000e-03,7.178434e+00,7.056410e+00,1.417131e+00,7.471131e-01,5.624944e-01,4.414256e-01,3.605255e-01,3.020138e-01,2.598023e-01,5.717051e-01,7.027256e-01,7.646955e-01,7.993194e-01,8.018456e-01,8.487257e-01,8.452313e-01
1.762500e-03,7.178139e+00,7.056323e+00,1.418518e+00,7.471170e-01,5.624024e-01,4.414602e-01,3.606406e-01,3.020214e-01,2.597129e-01,5.720011e-01,7.033143e-01,7.647251e-01,8.004914e-01,8.010594e-01,8.479916e-01,8.457319e-01
1.765000e-03,7.177830e+00,7.056196e+00,1.419961e+00,7.471784e-01,5.623118e-01,4.414488e-01,3.607568e-01,3.020632e-01,2.596387e-01,5.722874e-01,7.038721e-01,7.649088e-01,8.013722e-01,8.003624e-01,8.474216e-01,8.460629e-01
1.767500e-03,7.177479e+00,7.056023e+00,1.421507e+00,7.472962e-01,5.622356e-01,4.414013e-01,3.608547e-01,3.021333e-01,2.595908e-01,5.725749e-01,7.043926e-01,7.652774e-01,8.018734e-01,7.998435e-01,8.470915e-01,8.462604e-01
1.770000e-03,7.177044e+00,7.055806e+00,1.423215e+00,7.474556e-01,5.621852e-01,4.413303e-01,3.609167e-01,3.022236e-01,2.595746e-01,5.728694e-01,7.048776e-01,7.658209e-01,8.019627e-01,7.995486e-01,8.469956e-01,8.464363e-01
1.772500e-03,7.176481e+00,7.055546e+00,1.425158e+00,7.476317e-01,5.621698e-01,4.412493e-01,3.609360e-01,3.023242e-01,2.595909e-01,5.731984e-01,7.053185e-01,7.664909e-01,8.016618e-01,7.994867e-01,8.470674e-01,8.466989e-01
1.775000e-03,7.175769e+00,7.055246e+00,1.427267e+00,7.477952e-01,5.621947e-01,4.411708e-01,3.609160e-01,3.024221e-01,2.596363e-01,5.735875e-01,7.056943e-01,7.672152e-01,8.010418e-01,7.996365e-01,8.472119e-01,8.470998e-01
1.777500e-03,7.174898e+00,7.054907e+00,1.429635e+00,7.479193e-01,5.622585e-01,4.411061e-01,3.608654e-01,3.025005e-01,2.597048e-01,5.740551e-01,7.059863e-01,7.679138e-01,8.002108e-01,7.999509e-01,8.473361e-01,8.476459e-01
1.780000e-03,7.173873e+00,7.054530e+00,1.432238e+00,7.479816e-01,5.623513e-01,4.410634e-01,3.607957e-01,3.025457e-01,2.597885e-01,5.745942e-01,7.061969e-01,7.685137e-01,7.992983e-01,8.003624e-01,8.473645e-01,8.483089e-01
1.782500e-03,7.172714e+00,7.054115e+00,1.434993e+00,7.479633e-01,5.624574e-01,4.410485e-01,3.607196e-01,3.025539e-01,2.598785e-01,5.752109e-01,7.063581e-01,7.689612e-01,7.984346e-01,8.007890e-01,8.472418e-01,8.490342e-01
1.785000e-03,7.171443e+00,7.053665e+00,1.437901e+00,7.478566e-01,5.625583e-01,4.410640e-01,3.606489e-01,3.025285e-01,2.599626e-01,5.759107e-01,7.065262e-01,7.692257e-01,7.977310e-01,8.011454e-01,8.469335e-01,8.497575e-01
1.787500e-03,7.170097e+00,7.053164e+00,1.440918e+00,7.476738e-01,5.626355e-01,4.411076e-01,3.605932e-01,3.024771e-01,2.600266e-01,5.766763e-01,7.067626e-01,7.692979e-01,7.972610e-01,8.013551e-01,8.464338e-01,8.504243e-01
1.790000e-03,7.168670e+00,7.052625e+00,1.443912e+00,7.474456e-01,5.626704e-01,4.411721e-01,3.605586e-01,3.024106e-01,2.600597e-01,5.774803e-01,7.071019e-01,7.691862e-01,7.970484e-01,8.013584e-01,8.457780e-01,8.509908e-01
1.792500e-03,7.167208e+00,7.052015e+00,1.446871e+00,7.472106e-01,5.626484e-01,4.412464e-01,3.605485e-01,3.023410e-01,2.600594e-01,5.782924e-01,7.075345e-01,7.689115e-01,7.970717e-01,8.011151e-01,8.450441e-01,8.514072e-01
1.795000e-03,7.165745e+00,7.051391e+00,1.449628e+00,7.470029e-01,5.625666e-01,4.413168e-01,3.605638e-01,3.022786e-01,2.600293e-01,5.791091e-01,7.080277e-01,7.685076e-01,7.972727e-01,8.006070e-01,8.443234e-01,8.516343e-01
1.797500e-03,7.164289e+00,7.050733e+00,1.451963e+00,7.468445e-01,5.624386e-01,4.413684e-01,3.606018e-01,3.022310e-01,2.599769e-01,5.798919e-01,7.085300e-01,7.680223e-01,7.975697e-01,7.998475e-01,8.436810e-01,8.516669e-01
1.800000e-03,7.162864e+00,7.050032e+00,1.453827e+00,7.467494e-01,5.622883e-01,4.413865e-01,3.606562e-01,3.022027e-01,2.599129e-01,5.806154e-01,7.089994e-01,7.675159e-01,7.978692e-01,7.988910e-01,8.431470e-01,8.515466e-01
1.802500e-03,7.161476e+00,7.049274e+00,1.455199e+00,7.467295e-01,5.621412e-01,4.413617e-01,3.607175e-01,3.021963e-01,2.598484e-01,5.812754e-01,7.094120e-01,7.670572e-01,7.980737e-01,7.978316e-01,8.427482e-01,8.513447e-01
1.805000e-03,7.160096e+00,7.048466e+00,1.456131e+00,7.467931e-01,5.620180e-01,4.412949e-01,3.607737e-01,3.022120e-01,2.597923e-01,5.818796e-01,7.097558e-01,7.667132e-01,7.980967e-01,7.967858e-01,8.425316e-01,8.511251e-01
1.807500e-03,7.158714e+00,7.047599e+00,1.456550e+00,7.469367e-01,5.619337e-01,4.411986e-01,3.608117e-01,3.022468e-01,2.597509e-01,5.824530e-01,7.100388e-01,7.665346e-01,7.978801e-01,7.958676e-01,8.425520e-01,8.509323e-01
1.810000e-03,7.157310e+00,7.046680e+00,1.456319e+00,7.471399e-01,5.618979e-01,4.410911e-01,3.608202e-01,3.022951e-01,2.597274e-01,5.830157e-01,7.102441e-01,7.665408e-01,7.974058e-01,7.951657e-01,8.428368e-01,8.508054e-01
1.812500e-03,7.155845e+00,7.045717e+00,1.455259e+00,7.473692e-01,5.619173e-01,4.409901e-01,3.607935e-01,3.023483e-01,2.597236e-01,5.835942e-01,7.103468e-01,7.667115e-01,7.967018e-01,7.947315e-01,8.433555e-01,8.508201e-01
1.815000e-03,7.154346e+00,7.044695e+00,1.453903e+00,7.475861e-01,5.619936e-01,4.409110e-01,3.607355e-01,3.023954e-01,2.597393e-01,5.842231e-01,7.103323e-01,7.669840e-01,7.958389e-01,7.945768e-01,8.440145e-01,8.510556e-01
1.817500e-03,7.152734e+00,7.043663e+00,1.452209e+00,7.477581e-01,5.621196e-01,4.408647e-01,3.606575e-01,3.024252e-01,2.597717e-01,5.848268e-01,7.101724e-01,7.672643e-01,7.949172e-01,7.946778e-01,8.446774e-01,8.515695e-01
1.820000e-03,7.151044e+00,7.042603e+00,1.449670e+00,7.478646e-01,5.622783e-01,4.408576e-01,3.605740e-01,3.024291e-01,2.598155e-01,5.854341e-01,7.098891e-01,7.674528e-01,7.940483e-01,7.949811e-01,8.452033e-01,8.523623e-01
1.822500e-03,7.149274e+00,7.041483e+00,1.446857e+00,7.478962e-01,5.624459e-01,4.408919e-01,3.604994e-01,3.024042e-01,2.598625e-01,5.860632e-01,7.095637e-01,7.674725e-01,7.933364e-01,7.954094e-01,8.454868e-01,8.533534e-01
1.825000e-03,7.147451e+00,7.040309e+00,1.443425e+00,7.478546e-01,5.625965e-01,4.409658e-01,3.604460e-01,3.023550e-01,2.599029e-01,5.866882e-01,7.092801e-01,7.672771e-01,7.928637e-01,7.958742e-01,8.454732e-01,8.544085e-01
1.827500e-03,7.145628e+00,7.039042e+00,1.438859e+00,7.477532e-01,5.627079e-01,4.410719e-01,3.604220e-01,3.022915e-01,2.599270e-01,5.872863e-01,7.090812e-01,7.668477e-01,7.926797e-01,7.962961e-01,8.451553e-01,8.553765e-01
1.830000e-03,7.143879e+00,7.037699e+00,1.433407e+00,7.476141e-01,5.627658e-01,4.411966e-01,3.604306e-01,3.022253e-01,2.599285e-01,5.878424e-01,7.089566e-01,7.662015e-01,7.927950e-01,7.966228e-01,8.445784e-01,8.561314e-01
1.832500e-03,7.142190e+00,7.036316e+00,1.427190e+00,7.474625e-01,5.627650e-01,4.413223e-01,3.604713e-01,3.021684e-01,2.599062e-01,5.884296e-01,7.088814e-01,7.653931e-01,7.931798e-01,7.968350e-01,8.438448e-01,8.565839e-01
1.835000e-03,7.140593e+00,7.034834e+00,1.420258e+00,7.473218e-01,5.627082e-01,4.414300e-01,3.605408e-01,3.021307e-01,2.598644e-01,5.890202e-01,7.088382e-01,7.644966e-01,7.937650e-01,7.969429e-01,8.430990e-01,8.566760e-01
1.837500e-03,7.139047e+00,7.033271e+00,1.412841e+00,7.472117e-01,5.626083e-01,4.415035e-01,3.606319e-01,3.021182e-01,2.598118e-01,5.895210e-01,7.087908e-01,7.635957e-01,7.944504e-01,7.969739e-01,8.424905e-01,8.564017e-01
1.840000e-03,7.137611e+00,7.031624e+00,1.404405e+00,7.471472e-01,5.624841e-01,4.415328e-01,3.607333e-01,3.021323e-01,2.597585e-01,5.899422e-01,7.087074e-01,7.627760e-01,7.951197e-01,7.969626e-01,8.421345e-01,8.558194e-01
1.842500e-03,7.136267e+00,7.029873e+00,1.394969e+00,7.471387e-01,5.623544e-01,4.415151e-01,3.608307e-01,3.021715e-01,2.597149e-01,5.902244e-01,7.086053e-01,7.621108e-01,7.956570e-01,7.969476e-01,8.420915e-01,8.550432e-01
1.845000e-03,7.134954e+00,7.028034e+00,1.385091e+00,7.471894e-01,5.622357e-01,4.414550e-01,3.609093e-01,3.022323e-01,2.596891e-01,5.904597e-01,7.085061e-01,7.616566e-01,7.959697e-01,7.969698e-01,8.423675e-01,8.542187e-01
1.847500e-03,7.133707e+00,7.026020e+00,1.374541e+00,7.472892e-01,5.621423e-01,4.413644e-01,3.609566e-01,3.023086e-01,2.596850e-01,5.906944e-01,7.083686e-01,7.614460e-01,7.960042e-01,7.970707e-01,8.429281e-01,8.534815e-01
1.850000e-03,7.132515e+00,7.023861e+00,1.363267e+00,7.474137e-01,5.620859e-01,4.412584e-01,3.609657e-01,3.023909e-01,2.597025e-01,5.908810e-01,7.081448e-01,7.614803e-01,7.957539e-01,7.972847e-01,8.437129e-01,8.529367e-01
1.852500e-03,7.131366e+00,7.021538e+00,1.351758e+00,7.475313e-01,5.620742e-01,4.411513e-01,3.609359e-01,3.024672e-01,2.597398e-01,5.910287e-01,7.078508e-01,7.617304e-01,7.952595e-01,7.976288e-01,8.446453e-01,8.526446e-01
1.855000e-03,7.130144e+00,7.019151e+00,1.340633e+00,7.476153e-01,5.621100e-01,4.410557e-01,3.608734e-01,3.025253e-01,2.597938e-01,5.910679e-01,7.075400e-01,7.621299e-01,7.945993e-01,7.980949e-01,8.456431e-01,8.526160e-01
1.857500e-03,7.128841e+00,7.016767e+00,1.329904e+00,7.476505e-01,5.621855e-01,4.409826e-01,3.607891e-01,3.025555e-01,2.598590e-01,5.911245e-01,7.072519e-01,7.625860e-01,7.938755e-01,7.986474e-01,8.466274e-01,8.528394e-01
1.860000e-03,7.127566e+00,7.014543e+00,1.326173e+00,7.476330e-01,5.622820e-01,4.409411e-01,3.606960e-01,3.025534e-01,2.599273e-01,5.912301e-01,7.069730e-01,7.630167e-01,7.931992e-01,7.992300e-01,8.475325e-01,8.532691e-01
1.862500e-03,7.126358e+00,7.012908e+00,1.335024e+00,7.475673e-01,5.623768e-01,4.409364e-01,3.606060e-01,3.025196e-01,2.599882e-01,5.912991e-01,7.067114e-01,7.633645e-01,7.926768e-01,7.997781e-01,8.483134e-01,8.538492e-01
1.865000e-03,7.125236e+00,7.011383e+00,1.342923e+00,7.474631e-01,5.624514e-01,4.409692e-01,3.605291e-01,3.024604e-01,2.600315e-01,5.914328e-01,7.065377e-01,7.635864e-01,7.923965e-01,8.002335e-01,8.489524e-01,8.544888e-01
1.867500e-03,7.124223e+00,7.009939e+00,1.350553e+00,7.473347e-01,5.624948e-01,4.410324e-01,3.604743e-01,3.023855e-01,2.600495e-01,5.915692e-01,7.065193e-01,7.636590e-01,7.924154e-01,8.005546e-01,8.494581e-01,8.551163e-01
1.870000e-03,7.123238e+00,7.008615e+00,1.357776e+00,7.472011e-01,5.625029e-01,4.411116e-01,3.604480e-01,3.023059e-01,2.600393e-01,5.916907e-01,7.066384e-01,7.635963e-01,7.927489e-01,8.007222e-01,8.498615e-01,8.556786e-01
1.872500e-03,7.122384e+00,7.007399e+00,1.364041e+00,7.470823e-01,5.624756e-01,4.411900e-01,3.604535e-01,3.022311e-01,2.600026e-01,5.917894e-01,7.068362e-01,7.634471e-01,7.933703e-01,8.007398e-01,8.502067e-01,8.561531e-01
1.875000e-03,7.121656e+00,7.006283e+00,1.369427e+00,7.469963e-01,5.624173e-01,4.412536e-01,3.604899e-01,3.021696e-01,2.599457e-01,5.918198e-01,7.070501e-01,7.632742e-01,7.942117e-01,8.006300e-01,8.505415e-01,8.565319e-01
1.877500e-03,7.121030e+00,7.005265e+00,1.374139e+00,7.469579e-01,5.623376e-01,4.412937e-01,3.605500e-01,3.021286e-01,2.598776e-01,5.917612e-01,7.072425e-01,7.631371e-01,7.951793e-01,8.004314e-01,8.509062e-01,8.568063e-01
1.880000e-03,7.120526e+00,7.004330e+00,1.378125e+00,7.469746e-01,5.622518e-01,4.413057e-01,3.606216e-01,3.021131e-01,2.598074e-01,5.916867e-01,7.074373e-01,7.630884e-01,7.961713e-01,8.001953e-01,8.513285e-01,8.569957e-01
1.882500e-03,7.120109e+00,7.003464e+00,1.381632e+00,7.470470e-01,5.621767e-01,4.412886e-01,3.606907e-01,3.021249e-01,2.597437e-01,5.916002e-01,7.076990e-01,7.631792e-01,7.970879e-01,7.999828e-01,8.518259e-01,8.571531e-01
1.885000e-03,7.119727e+00,7.002667e+00,1.384853e+00,7.471694e-01,5.621260e-01,4.412460e-01,3.607462e-01,3.021624e-01,2.596936e-01,5.914734e-01,7.080399e-01,7.634519e-01,7.978422e-01,7.998604e-01,8.524063e-01,8.572964e-01
1.887500e-03,7.119345e+00,7.001937e+00,1.387647e+00,7.473300e-01,5.621084e-01,4.411868e-01,3.607802e-01,3.022188e-01,2.596629e-01,5.913602e-01,7.084028e-01,7.639207e-01,7.983759e-01,7.998926e-01,8.530684e-01,8.574367e-01
1.890000e-03,7.118910e+00,7.001278e+00,1.390233e+00,7.475109e-01,5.621268e-01,4.411245e-01,3.607888e-01,3.022834e-01,2.596553e-01,5.912852e-01,7.087183e-01,7.645674e-01,7.986768e-01,8.001306e-01,8.537980e-01,8.575847e-01
1.892500e-03,7.118429e+00,7.000681e+00,1.392675e+00,7.476888e-01,5.621794e-01,4.410727e-01,3.607714e-01,3.023443e-01,2.596721e-01,5.912599e-01,7.089581e-01,7.653403e-01,7.987803e-01,8.006003e-01,8.545702e-01,8.577402e-01
1.895000e-03,7.117850e+00,7.000159e+00,1.394874e+00,7.478357e-01,5.622609e-01,4.410411e-01,3.607325e-01,3.023920e-01,2.597108e-01,5.913133e-01,7.091246e-01,7.661570e-01,7.987562e-01,8.012949e-01,8.553526e-01,8.579189e-01
1.897500e-03,7.117233e+00,6.999678e+00,1.396914e+00,7.479260e-01,5.623640e-01,4.410344e-01,3.606816e-01,3.024198e-01,2.597649e-01,5.914367e-01,7.092463e-01,7.669327e-01,7.986884e-01,8.021762e-01,8.561034e-01,8.581045e-01
1.900000e-03,7.116554e+00,6.999230e+00,1.399026e+00,7.479442e-01,5.624768e-01,4.410532e-01,3.606306e-01,3.024241e-01,2.598248e-01,5.916481e-01,7.093885e-01,7.676121e-01,7.986614e-01,8.031856e-01,8.567780e-01,8.582822e-01
1.902500e-03,7.115940e+00,6.998815e+00,1.401249e+00,7.478888e-01,5.625837e-01,4.410949e-01,3.605905e-01,3.024061e-01,2.598802e-01,5.919499e-01,7.096034e-01,7.681682e-01,7.987520e-01,8.042546e-01,8.573464e-01,8.584415e-01
1.905000e-03,7.115424e+00,6.998425e+00,1.403646e+00,7.477723e-01,5.626660e-01,4.411552e-01,3.605683e-01,3.023704e-01,2.599224e-01,5.922862e-01,7.099020e-01,7.685932e-01,7.990237e-01,8.053129e-01,8.578162e-01,8.585682e-01
1.907500e-03,7.114886e+00,6.998063e+00,1.406082e+00,7.476142e-01,5.627062e-01,4.412282e-01,3.605665e-01,3.023258e-01,2.599456e-01,5.926792e-01,7.102813e-01,7.689003e-01,7.995144e-01,8.062948e-01,8.582227e-01,8.586367e-01
1.910000e-03,7.114342e+00,6.997720e+00,1.408572e+00,7.474357e-01,5.626944e-01,4.413056e-01,3.605845e-01,3.022829e-01,2.599472e-01,5.931239e-01,7.107323e-01,7.691214e-01,8.002235e-01,8.071486e-01,8.586149e-01,8.586248e-01
1.912500e-03,7.113789e+00,6.997394e+00,1.411080e+00,7.472583e-01,5.626325e-01,4.413757e-01,3.606196e-01,3.022501e-01,2.599286e-01,5.935563e-01,7.112399e-01,7.692927e-01,8.011096e-01,8.078436e-01,8.590323e-01,8.585241e-01
1.915000e-03,7.113247e+00,6.997072e+00,1.413616e+00,7.471047e-01,5.625320e-01,4.414247e-01,3.606682e-01,3.022325e-01,2.598952e-01,5.939741e-01,7.117896e-01,7.694490e-01,8.020978e-01,8.083765e-01,8.594977e-01,8.583553e-01
1.917500e-03,7.112718e+00,6.996743e+00,1.416191e+00,7.469976e-01,5.624083e-01,4.414401e-01,3.607253e-01,3.022317e-01,2.598555e-01,5.943778e-01,7.123905e-01,7.696324e-01,8.030975e-01,8.087730e-01,8.600343e-01,8.581599e-01
1.920000e-03,7.112194e+00,6.996404e+00,1.418807e+00,7.469527e-01,5.622776e-01,4.414165e-01,3.607839e-01,3.022468e-01,2.598185e-01,5.947559e-01,7.130497e-01,7.698962e-01,8.040211e-01,8.090809e-01,8.606769e-01,8.579753e-01
1.922500e-03,7.111655e+00,6.996048e+00,1.421558e+00,7.469753e-01,5.621557e-01,4.413575e-01,3.608339e-01,3.022758e-01,2.597909e-01,5.951124e-01,7.137430e-01,7.702918e-01,8.047982e-01,8.093588e-01,8.614617e-01,8.578160e-01
1.925000e-03,7.111074e+00,6.995679e+00,1.424460e+00,7.470594e-01,5.620582e-01,4.412730e-01,3.608643e-01,3.023155e-01,2.597765e-01,5.954512e-01,7.144233e-01,7.708539e-01,8.053865e-01,8.096631e-01,8.624052e-01,8.576879e-01
1.927500e-03,7.110432e+00,6.995297e+00,1.427487e+00,7.471868e-01,5.619985e-01,4.411754e-01,3.608660e-01,3.023616e-01,2.597763e-01,5.957864e-01,7.150484e-01,7.715933e-01,8.057787e-01,8.100395e-01,8.634871e-01,8.576130e-01
1.930000e-03,7.109705e+00,6.994907e+00,1.430613e+00,7.473305e-01,5.619853e-01,4.410776e-01,3.608368e-01,3.024077e-01,2.597893e-01,5.961516e-01,7.156010e-01,7.724906e-01,8.060001e-01,8.105161e-01,8.646497e-01,8.576305e-01
1.932500e-03,7.108904e+00,6.994497e+00,1.433974e+00,7.474619e-01,5.620207e-01,4.409915e-01,3.607810e-01,3.024453e-01,2.598137e-01,5.965510e-01,7.160875e-01,7.734982e-01,8.061026e-01,8.110967e-01,8.658170e-01,8.577707e-01
1.935000e-03,7.108025e+00,6.994068e+00,1.437518e+00,7.475575e-01,5.620997e-01,4.409277e-01,3.607077e-01,3.024651e-01,2.598468e-01,5.969815e-01,7.165293e-01,7.745547e-01,8.061564e-01,8.117559e-01,8.669153e-01,8.580374e-01
1.937500e-03,7.107086e+00,6.993618e+00,1.441178e+00,7.476054e-01,5.622094e-01,4.408945e-01,3.606280e-01,3.024610e-01,2.598846e-01,5.974432e-01,7.169566e-01,7.755998e-01,8.062390e-01,8.124519e-01,8.678790e-01,8.584002e-01
1.940000e-03,7.106100e+00,6.993139e+00,1.444884e+00,7.476062e-01,5.623305e-01,4.408971e-01,3.605523e-01,3.024319e-01,2.599215e-01,5.979596e-01,7.174074e-01,7.765769e-01,8.064262e-01,8.131490e-01,8.686568e-01,8.588061e-01
1.942500e-03,7.105067e+00,6.992629e+00,1.448787e+00,7.475676e-01,5.624414e-01,4.409359e-01,3.604898e-01,3.023827e-01,2.599499e-01,5.985093e-01,7.179107e-01,7.774377e-01,8.067797e-01,8.138197e-01,8.692382e-01,8.592021e-01
1.945000e-03,7.103980e+00,6.992095e+00,1.452890e+00,7.475013e-01,5.625234e-01,4.410071e-01,3.604479e-01,3.023215e-01,2.599623e-01,5.990864e-01,7.184722e-01,7.781512e-01,8.073378e-01,8.144238e-01,8.696666e-01,8.595483e-01
1.947500e-03,7.102854e+00,6.991536e+00,1.456961e+00,7.474204e-01,5.625665e-01,4.411005e-01,3.604323e-01,3.022573e-01,2.599542e-01,5.996862e-01,7.190853e-01,7.787119e-01,8.081097e-01,8.148956e-01,8.699861e-01,8.598072e-01
1.950000e-03,7.101691e+00,6.990960e+00,1.461078e+00,7.473370e-01,5.625698e-01,4.412007e-01,3.604458e-01,3.021985e-01,2.599259e-01,6.003055e-01,7.197411e-01,7.791371e-01,8.090753e-01,8.151669e-01,8.701653e-01,8.599717e-01
1.952500e-03,7.100494e+00,6.990369e+00,1.465193e+00,7.472636e-01,5.625392e-01,4.412905e-01,3.604882e-01,3.021521e-01,2.598820e-01,6.009388e-01,7.204199e-01,7.794634e-01,8.101821e-01,8.152107e-01,8.701020e-01,8.600807e-01
1.955000e-03,7.099274e+00,6.989753e+00,1.469200e+00,7.472138e-01,5.624847e-01,4.413551e-01,3.605555e-01,3.021239e-01,2.598299e-01,6.015514e-01,7.211025e-01,7.797445e-01,8.113482e-01,8.150612e-01,8.697215e-01,8.601952e-01
1.957500e-03,7.098030e+00,6.989105e+00,1.473030e+00,7.471982e-01,5.624173e-01,4.413868e-01,3.606382e-01,3.021177e-01,2.597772e-01,6.021570e-01,7.217745e-01,7.800490e-01,8.124756e-01,8.147920e-01,8.690713e-01,8.603427e-01
1.960000e-03,7.096756e+00,6.988425e+00,1.476559e+00,7.472256e-01,5.623470e-01,4.413849e-01,3.607230e-01,3.021356e-01,2.597309e-01,6.027691e-01,7.224338e-01,7.804460e-01,8.134674e-01,8.144832e-01,8.683164e-01,8.604561e-01
1.962500e-03,7.095403e+00,6.987728e+00,1.479777e+00,7.472954e-01,5.622839e-01,4.413550e-01,3.607955e-01,3.021770e-01,2.596965e-01,6.034090e-01,7.230859e-01,7.809864e-01,8.142468e-01,8.142101e-01,8.676363e-01,8.604228e-01
1.965000e-03,7.093969e+00,6.986999e+00,1.482627e+00,7.473967e-01,5.622356e-01,4.413063e-01,3.608439e-01,3.022380e-01,2.596782e-01,6.040313e-01,7.237308e-01,7.816882e-01,8.147668e-01,8.140388e-01,8.671336e-01,8.601931e-01
1.967500e-03,7.092451e+00,6.986231e+00,1.485101e+00,7.475115e-01,5.622110e-01,4.412483e-01,3.608627e-01,3.023099e-01,2.596790e-01,6.046587e-01,7.243569e-01,7.825331e-01,8.150138e-01,8.140092e-01,8.668399e-01,8.598366e-01
1.970000e-03,7.090852e+00,6.985428e+00,1.487406e+00,7.476186e-01,5.622159e-01,4.411895e-01,3.608525e-01,3.023808e-01,2.597004e-01,6.053204e-01,7.249391e-01,7.834720e-01,8.150042e-01,8.141187e-01,8.667581e-01,8.594979e-01
1.972500e-03,7.089133e+00,6.984555e+00,1.489995e+00,7.476993e-01,5.622506e-01,4.411366e-01,3.608195e-01,3.024387e-01,2.597416e-01,6.060525e-01,7.254545e-01,7.844385e-01,8.147805e-01,8.143273e-01,8.668636e-01,8.592777e-01
1.975000e-03,7.087307e+00,6.983664e+00,1.492502e+00,7.477410e-01,5.623092e-01,4.410961e-01,3.607721e-01,3.024741e-01,2.597983e-01,6.068078e-01,7.259244e-01,7.853627e-01,8.144072e-01,8.145770e-01,8.670906e-01,8.592018e-01
1.977500e-03,7.085373e+00,6.982758e+00,1.494498e+00,7.477364e-01,5.623806e-01,4.410739e-01,3.607187e-01,3.024837e-01,2.598624e-01,6.075901e-01,7.264061e-01,7.861830e-01,8.139619e-01,8.148061e-01,8.673474e-01,8.592455e-01
1.980000e-03,7.083340e+00,6.981819e+00,1.496161e+00,7.476836e-01,5.624508e-01,4.410742e-01,3.606663e-01,3.024690e-01,2.599232e-01,6.083951e-01,7.269440e-01,7.868570e-01,8.135228e-01,8.149595e-01,8.675514e-01,8.594064e-01
1.982500e-03,7.081197e+00,6.980849e+00,1.497552e+00,7.475876e-01,5.625059e-01,4.410973e-01,3.606208e-01,3.024357e-01,2.599704e-01,6.092970e-01,7.275372e-01,7.873652e-01,8.131581e-01,8.149975e-01,8.676481e-01,8.596886e-01
1.985000e-03,7.079050e+00,6.979814e+00,1.498232e+00,7.474584e-01,5.625350e-01,4.411391e-01,3.605871e-01,3.023913e-01,2.599969e-01,6.102543e-01,7.281567e-01,7.877067e-01,8.129155e-01,8.149003e-01,8.676147e-01,8.600744e-01
1.987500e-03,7.076902e+00,6.978726e+00,1.498219e+00,7.473118e-01,5.625312e-01,4.411916e-01,3.605698e-01,3.023432e-01,2.600001e-01,6.112697e-01,7.287810e-01,7.878916e-01,8.128177e-01,8.146671e-01,8.674638e-01,8.605259e-01
1.990000e-03,7.074777e+00,6.977583e+00,1.497162e+00,7.471682e-01,5.624936e-01,4.412438e-01,3.605718e-01,3.022972e-01,2.599821e-01,6.123717e-01,7.294538e-01,7.879380e-01,8.128592e-01,8.143119e-01,8.672426e-01,8.610008e-01
1.992500e-03,7.072623e+00,6.976406e+00,1.495864e+00,7.470490e-01,5.624266e-01,4.412844e-01,3.605931e-01,3.022580e-01,2.599485e-01,6.134319e-01,7.301952e-01,7.878730e-01,8.130090e-01,8.138582e-01,8.670063e-01,8.614722e-01
1.995000e-03,7.070432e+00,6.975186e+00,1.493388e+00,7.469713e-01,5.623398e-01,4.413042e-01,3.606300e-01,3.022297e-01,2.599065e-01,6.143872e-01,7.309546e-01,7.877368e-01,8.132162e-01,8.133360e-01,8.668080e-01,8.619397e-01
1.997500e-03,7.068201e+00,6.973891e+00,1.489994e+00,7.469477e-01,5.622467e-01,4.412983e-01,3.606754e-01,3.022163e-01,2.598623e-01,6.152992e-01,7.316437e-01,7.875867e-01,8.134191e-01,8.127807e-01,8.666863e-01,8.624275e-01
2.000000e-03,7.065942e+00,6.972451e+00,1.485533e+00,7.469834e-01,5.621614e-01,4.412666e-01,3.607193e-01,3.022202e-01,2.598210e-01,6.162406e-01,7.322364e-01,7.874852e-01,8.135570e-01,8.122308e-01,8.666645e-01,8.629698e-01
2.002500e-03,7.063690e+00,6.970887e+00,1.479476e+00,7.470738e-01,5.620962e-01,4.412144e-01,3.607519e-01,3.022409e-01,2.597866e-01,6.170934e-01,7.327667e-01,7.874634e-01,8.135794e-01,8.117218e-01,8.667499e-01,8.635873e-01
2.005000e-03,7.061407e+00,6.969191e+00,1.472327e+00,7.472045e-01,5.620608e-01,4.411508e-01,3.607657e-01,3.022750e-01,2.597629e-01,6.179623e-01,7.332600e-01,7.875093e-01,8.134561e-01,8.112818e-01,8.669320e-01,8.642813e-01
2.007500e-03,7.059056e+00,6.967337e+00,1.464034e+00,7.473544e-01,5.620612e-01,4.410866e-01,3.607573e-01,3.023155e-01,2.597529e-01,6.188555e-01,7.337142e-01,7.876043e-01,8.131778e-01,8.109347e-01,8.671781e-01,8.650410e-01
2.010000e-03,7.056588e+00,6.965294e+00,1.454772e+00,7.475004e-01,5.621008e-01,4.410315e-01,3.607282e-01,3.023536e-01,2.597588e-01,6.198205e-01,7.340926e-01,7.877480e-01,8.127548e-01,8.107034e-01,8.674358e-01,8.658513e-01
2.012500e-03,7.053971e+00,6.963083e+00,1.444468e+00,7.476238e-01,5.621766e-01,4.409931e-01,3.606842e-01,3.023807e-01,2.597797e-01,6.207585e-01,7.343674e-01,7.879250e-01,8.122198e-01,8.106099e-01,8.676497e-01,8.666976e-01
2.015000e-03,7.051237e+00,6.960567e+00,1.432954e+00,7.477110e-01,5.622784e-01,4.409770e-01,3.606339e-01,3.023908e-01,2.598122e-01,6.216162e-01,7.345285e-01,7.880795e-01,8.116303e-01,8.106675e-01,8.677834e-01,8.675550e-01
2.017500e-03,7.048567e+00,6.957704e+00,1.419918e+00,7.477533e-01,5.623903e-01,4.409872e-01,3.605859e-01,3.023818e-01,2.598495e-01,6.224604e-01,7.345868e-01,7.881453e-01,8.110613e-01,8.108713e-01,8.678288e-01,8.683860e-01
2.020000e-03,7.046921e+00,6.954359e+00,1.404843e+00,7.477479e-01,5.624945e-01,4.410260e-01,3.605472e-01,3.023559e-01,2.598837e-01,6.234192e-01,7.345755e-01,7.880776e-01,8.105846e-01,8.111942e-01,8.677961e-01,8.691395e-01
2.022500e-03,7.045119e+00,6.950562e+00,1.389027e+00,7.476967e-01,5.625758e-01,4.410906e-01,3.605229e-01,3.023193e-01,2.599072e-01,6.243703e-01,7.345286e-01,7.878610e-01,8.102533e-01,8.115929e-01,8.676928e-01,8.697688e-01
2.025000e-03,7.043185e+00,6.946966e+00,1.387212e+00,7.476069e-01,5.626241e-01,4.411724e-01,3.605170e-01,3.022791e-01,2.599153e-01,6.251698e-01,7.344749e-01,7.874961e-01,8.100981e-01,8.120165e-01,8.675173e-01,8.702501e-01
2.027500e-03,7.041190e+00,6.944087e+00,1.406959e+00,7.474926e-01,5.626351e-01,4.412584e-01,3.605323e-01,3.022419e-01,2.599068e-01,6.259141e-01,7.344466e-01,7.869984e-01,8.101314e-01,8.124096e-01,8.672744e-01,8.705827e-01
2.030000e-03,7.039176e+00,6.941284e+00,1.426072e+00,7.473726e-01,5.626099e-01,4.413343e-01,3.605702e-01,3.022129e-01,2.598846e-01,6.266016e-01,7.345020e-01,7.864061e-01,8.103437e-01,8.127109e-01,8.669883e-01,8.707699e-01
2.032500e-03,7.037211e+00,6.938631e+00,1.442591e+00,7.472671e-01,5.625533e-01,4.413882e-01,3.606273e-01,3.021960e-01,2.598544e-01,6.272250e-01,7.346284e-01,7.857779e-01,8.106943e-01,8.128571e-01,8.666881e-01,8.708084e-01
2.035000e-03,7.035150e+00,6.936101e+00,1.457785e+00,7.471957e-01,5.624726e-01,4.414134e-01,3.606957e-01,3.021942e-01,2.598224e-01,6.278260e-01,7.346957e-01,7.851850e-01,8.111071e-01,8.127988e-01,8.663782e-01,8.706934e-01
2.037500e-03,7.032925e+00,6.933687e+00,1.472411e+00,7.471704e-01,5.623787e-01,4.414086e-01,3.607639e-01,3.022103e-01,2.597938e-01,6.281598e-01,7.346417e-01,7.846855e-01,8.114814e-01,8.125350e-01,8.660207e-01,8.704359e-01
2.040000e-03,7.030528e+00,6.931376e+00,1.486415e+00,7.471932e-01,5.622837e-01,4.413766e-01,3.608199e-01,3.022446e-01,2.597725e-01,6.283879e-01,7.345365e-01,7.842943e-01,8.117159e-01,8.121336e-01,8.655547e-01,8.700734e-01
2.042500e-03,7.028095e+00,6.929184e+00,1.498374e+00,7.472558e-01,5.622016e-01,4.413229e-01,3.608550e-01,3.022938e-01,2.597617e-01,6.286934e-01,7.344486e-01,7.840017e-01,8.117367e-01,8.117091e-01,8.649621e-01,8.696507e-01
2.045000e-03,7.025538e+00,6.927070e+00,1.509998e+00,7.473411e-01,5.621456e-01,4.412539e-01,3.608648e-01,3.023503e-01,2.597638e-01,6.289928e-01,7.343923e-01,7.838195e-01,8.115173e-01,8.113720e-01,8.643292e-01,8.691771e-01
2.047500e-03,7.022697e+00,6.925145e+00,1.520084e+00,7.474307e-01,5.621257e-01,4.411780e-01,3.608501e-01,3.024044e-01,2.597810e-01,6.291540e-01,7.342888e-01,7.837835e-01,8.110839e-01,8.111980e-01,8.638188e-01,8.686209e-01
2.050000e-03,7.019878e+00,6.923310e+00,1.527812e+00,7.475051e-01,5.621433e-01,4.411036e-01,3.608148e-01,3.024462e-01,2.598131e-01,6.293288e-01,7.340987e-01,7.839062e-01,8.105009e-01,8.112233e-01,8.635656e-01,8.679457e-01
2.052500e-03,7.017007e+00,6.921569e+00,1.534423e+00,7.475522e-01,5.621934e-01,4.410411e-01,3.607640e-01,3.024690e-01,2.598566e-01,6.292584e-01,7.338535e-01,7.841473e-01,8.098503e-01,8.114408e-01,8.636106e-01,8.671704e-01
2.055000e-03,7.014125e+00,6.919938e+00,1.538343e+00,7.475650e-01,5.622636e-01,4.410006e-01,3.607035e-01,3.024704e-01,2.599044e-01,6.292756e-01,7.335484e-01,7.844372e-01,8.092165e-01,8.117932e-01,8.639299e-01,8.664025e-01
2.057500e-03,7.011315e+00,6.918380e+00,1.540731e+00,7.475418e-01,5.623382e-01,4.409887e-01,3.606396e-01,3.024522e-01,2.599477e-01,6.295768e-01,7.331755e-01,7.847129e-01,8.086766e-01,8.121848e-01,8.644798e-01,8.658039e-01
2.060000e-03,7.008694e+00,6.916888e+00,1.540999e+00,7.474872e-01,5.624025e-01,4.410072e-01,3.605797e-01,3.024182e-01,2.599787e-01,6.299723e-01,7.328179e-01,7.849217e-01,8.082876e-01,8.125175e-01,8.651987e-01,8.654837e-01
2.062500e-03,7.006172e+00,6.915418e+00,1.540433e+00,7.474080e-01,5.624466e-01,4.410514e-01,3.605320e-01,3.023730e-01,2.599924e-01,6.301075e-01,7.325527e-01,7.850147e-01,8.080795e-01,8.127281e-01,8.659973e-01,8.654589e-01
2.065000e-03,7.003814e+00,6.913995e+00,1.538352e+00,7.473183e-01,5.624656e-01,4.411109e-01,3.605046e-01,3.023211e-01,2.599875e-01,6.303916e-01,7.324289e-01,7.849599e-01,8.080586e-01,8.128007e-01,8.667808e-01,8.657038e-01
2.067500e-03,7.001672e+00,6.912600e+00,1.534626e+00,7.472284e-01,5.624589e-01,4.411729e-01,3.605024e-01,3.022680e-01,2.599662e-01,6.306889e-01,7.324612e-01,7.847667e-01,8.082166e-01,8.127555e-01,8.674875e-01,8.661908e-01
2.070000e-03,6.999784e+00,6.911192e+00,1.529653e+00,7.471575e-01,5.624295e-01,4.412259e-01,3.605255e-01,3.022196e-01,2.599324e-01,6.310177e-01,7.325193e-01,7.844918e-01,8.085319e-01,8.126289e-01,8.681032e-01,8.668844e-01
2.072500e-03,6.998121e+00,6.909802e+00,1.523588e+00,7.471181e-01,5.623831e-01,4.412623e-01,3.605689e-01,3.021832e-01,2.598899e-01,6.314614e-01,7.324459e-01,7.842099e-01,8.089661e-01,8.124560e-01,8.686435e-01,8.677217e-01
2.075000e-03,6.996549e+00,6.908479e+00,1.516474e+00,7.471185e-01,5.623258e-01,4.412790e-01,3.606230e-01,3.021652e-01,2.598429e-01,6.319190e-01,7.323185e-01,7.839751e-01,8.094626e-01,8.122618e-01,8.691304e-01,8.686330e-01
2.077500e-03,6.995062e+00,6.907206e+00,1.508940e+00,7.471605e-01,5.622684e-01,4.412758e-01,3.606770e-01,3.021690e-01,2.597959e-01,6.322237e-01,7.323325e-01,7.838016e-01,8.099553e-01,8.120616e-01,8.695793e-01,8.695636e-01
2.080000e-03,6.993665e+00,6.905883e+00,1.501027e+00,7.472383e-01,5.622211e-01,4.412552e-01,3.607217e-01,3.021940e-01,2.597546e-01,6.325604e-01,7.324763e-01,7.836842e-01,8.103826e-01,8.118689e-01,8.699940e-01,8.704791e-01
2.082500e-03,6.992430e+00,6.904530e+00,1.492115e+00,7.473411e-01,5.621936e-01,4.412210e-01,3.607513e-01,3.022348e-01,2.597251e-01,6.327800e-01,7.325759e-01,7.836469e-01,8.107012e-01,8.117074e-01,8.703648e-01,8.713720e-01
2.085000e-03,6.991330e+00,6.903164e+00,1.482649e+00,7.474551e-01,5.621925e-01,4.411792e-01,3.607637e-01,3.022832e-01,2.597124e-01,6.329992e-01,7.325279e-01,7.837404e-01,8.108923e-01,8.116267e-01,8.706745e-01,8.722309e-01
2.087500e-03,6.990228e+00,6.901829e+00,1.473411e+00,7.475660e-01,5.622194e-01,4.411370e-01,3.607589e-01,3.023299e-01,2.597189e-01,6.332779e-01,7.323758e-01,7.839708e-01,8.109593e-01,8.117066e-01,8.709073e-01,8.730268e-01
2.090000e-03,6.989101e+00,6.900495e+00,1.464396e+00,7.476593e-01,5.622705e-01,4.411024e-01,3.607393e-01,3.023674e-01,2.597434e-01,6.335464e-01,7.322774e-01,7.842763e-01,8.109240e-01,8.120323e-01,8.710739e-01,8.737281e-01
2.092500e-03,6.987964e+00,6.899153e+00,1.455630e+00,7.477231e-01,5.623382e-01,4.410829e-01,3.607093e-01,3.023912e-01,2.597807e-01,6.338678e-01,7.323566e-01,7.845851e-01,8.108212e-01,8.126478e-01,8.712422e-01,8.742729e-01
2.095000e-03,6.986797e+00,6.897835e+00,1.447099e+00,7.477485e-01,5.624119e-01,4.410833e-01,3.606735e-01,3.023996e-01,2.598233e-01,6.342082e-01,7.325917e-01,7.848640e-01,8.106955e-01,8.135311e-01,8.715276e-01,8.746174e-01
2.097500e-03,6.985615e+00,6.896518e+00,1.438862e+00,7.477306e-01,5.624805e-01,4.411045e-01,3.606381e-01,3.023934e-01,2.598632e-01,6.345266e-01,7.328730e-01,7.850989e-01,8.105995e-01,8.146134e-01,8.720192e-01,8.747268e-01
2.100000e-03,6.984416e+00,6.895206e+00,1.431024e+00,7.476688e-01,5.625337e-01,4.411434e-01,3.606101e-01,3.023750e-01,2.598938e-01,6.348126e-01,7.331021e-01,7.852559e-01,8.105908e-01,8.158112e-01,8.727187e-01,8.746058e-01
2.102500e-03,6.983236e+00,6.893872e+00,1.423499e+00,7.475694e-01,5.625639e-01,4.411934e-01,3.605954e-01,3.023478e-01,2.599115e-01,6.351548e-01,7.332701e-01,7.852932e-01,8.107216e-01,8.170304e-01,8.735655e-01,8.743197e-01
2.105000e-03,6.982095e+00,6.892518e+00,1.415979e+00,7.474457e-01,5.625663e-01,4.412458e-01,3.605975e-01,3.023162e-01,2.599154e-01,6.355080e-01,7.334535e-01,7.852040e-01,8.110188e-01,8.181564e-01,8.745047e-01,8.739774e-01
2.107500e-03,6.981299e+00,6.891094e+00,1.408210e+00,7.473164e-01,5.625394e-01,4.412919e-01,3.606167e-01,3.022857e-01,2.599063e-01,6.358526e-01,7.337320e-01,7.850297e-01,8.114663e-01,8.190666e-01,8.754996e-01,8.736716e-01
2.110000e-03,6.980708e+00,6.889618e+00,1.400508e+00,7.472019e-01,5.624850e-01,4.413241e-01,3.606496e-01,3.022620e-01,2.598865e-01,6.361870e-01,7.341353e-01,7.848443e-01,8.120088e-01,8.196676e-01,8.764885e-01,8.734254e-01
2.112500e-03,6.980118e+00,6.888105e+00,1.393041e+00,7.471201e-01,5.624087e-01,4.413375e-01,3.606901e-01,3.022499e-01,2.598592e-01,6.364662e-01,7.346502e-01,7.847332e-01,8.125755e-01,8.199279e-01,8.773772e-01,8.732268e-01
2.115000e-03,6.979525e+00,6.886566e+00,1.385803e+00,7.470819e-01,5.623204e-01,4.413298e-01,3.607308e-01,3.022523e-01,2.598284e-01,6.367005e-01,7.352119e-01,7.847661e-01,8.130975e-01,8.198824e-01,8.780805e-01,8.731033e-01
2.117500e-03,6.978915e+00,6.885019e+00,1.378653e+00,7.470893e-01,5.622325e-01,4.413014e-01,3.607644e-01,3.022693e-01,2.597992e-01,6.368877e-01,7.357354e-01,7.849752e-01,8.135111e-01,8.196118e-01,8.785703e-01,8.730727e-01
2.120000e-03,6.978319e+00,6.883470e+00,1.371402e+00,7.471377e-01,5.621585e-01,4.412548e-01,3.607851e-01,3.022972e-01,2.597767e-01,6.370939e-01,7.361920e-01,7.853549e-01,8.137604e-01,8.192154e-01,8.788860e-01,8.731244e-01
2.122500e-03,6.977718e+00,6.881852e+00,1.363986e+00,7.472162e-01,5.621104e-01,4.411951e-01,3.607896e-01,3.023308e-01,2.597649e-01,6.372410e-01,7.365845e-01,7.858751e-01,8.138083e-01,8.187852e-01,8.791026e-01,8.731798e-01
2.125000e-03,6.977132e+00,6.880554e+00,1.367068e+00,7.473107e-01,5.620955e-01,4.411293e-01,3.607773e-01,3.023635e-01,2.597661e-01,6.373938e-01,7.369258e-01,7.864946e-01,8.136539e-01,8.183929e-01,8.792904e-01,8.731699e-01
2.127500e-03,6.976552e+00,6.879427e+00,1.373573e+00,7.474061e-01,5.621154e-01,4.410665e-01,3.607493e-01,3.023891e-01,2.597795e-01,6.376000e-01,7.372402e-01,7.871761e-01,8.133402e-01,8.180861e-01,8.795056e-01,8.730750e-01
2.130000e-03,6.975933e+00,6.878355e+00,1.379729e+00,7.474896e-01,5.621653e-01,4.410163e-01,3.607084e-01,3.024031e-01,2.598019e-01,6.378223e-01,7.375398e-01,7.878928e-01,8.129470e-01,8.178977e-01,8.797877e-01,8.729419e-01
2.132500e-03,6.975277e+00,6.877311e+00,1.385950e+00,7.475503e-01,5.622361e-01,4.409876e-01,3.606591e-01,3.024037e-01,2.598284e-01,6.380580e-01,7.378353e-01,7.886210e-01,8.125685e-01,8.178473e-01,8.801450e-01,8.728467e-01
2.135000e-03,6.974577e+00,6.876287e+00,1.392504e+00,7.475791e-01,5.623154e-01,4.409855e-01,3.606073e-01,3.023908e-01,2.598532e-01,6.382952e-01,7.381494e-01,7.893285e-01,8.122888e-01,8.179340e-01,8.805477e-01,8.728524e-01
2.137500e-03,6.973843e+00,6.875299e+00,1.399066e+00,7.475723e-01,5.623921e-01,4.410103e-01,3.605603e-01,3.023658e-01,2.598712e-01,6.385667e-01,7.384947e-01,7.899745e-01,8.121681e-01,8.181373e-01,8.809412e-01,8.729971e-01
2.140000e-03,6.973091e+00,6.874356e+00,1.405307e+00,7.475320e-01,5.624566e-01,4.410572e-01,3.605256e-01,3.023312e-01,2.598790e-01,6.388484e-01,7.388605e-01,7.905197e-01,8.122434e-01,8.184347e-01,8.812615e-01,8.733151e-01
2.142500e-03,6.972362e+00,6.873432e+00,1.411186e+00,7.474667e-01,5.625017e-01,4.411180e-01,3.605099e-01,3.022910e-01,2.598755e-01,6.391369e-01,7.392310e-01,7.909356e-01,8.125366e-01,8.188167e-01,8.814542e-01,8.737982e-01
2.145000e-03,6.971635e+00,6.872529e+00,1.416929e+00,7.473915e-01,5.625216e-01,4.411829e-01,3.605166e-01,3.022499e-01,2.598608e-01,6.393984e-01,7.396261e-01,7.912130e-01,8.130567e-01,8.192840e-01,8.815060e-01,8.744027e-01
2.147500e-03,6.970919e+00,6.871640e+00,1.422577e+00,7.473229e-01,5.625139e-01,4.412432e-01,3.605448e-01,3.022139e-01,2.598365e-01,6.396059e-01,7.400837e-01,7.913684e-01,8.137949e-01,8.198319e-01,8.814599e-01,8.750223e-01
2.150000e-03,6.970202e+00,6.870779e+00,1.427839e+00,7.472750e-01,5.624803e-01,4.412920e-01,3.605894e-01,3.021892e-01,2.598051e-01,6.398563e-01,7.406028e-01,7.914435e-01,8.147161e-01,8.204382e-01,8.813920e-01,8.755471e-01
2.152500e-03,6.969476e+00,6.869927e+00,1.433140e+00,7.472542e-01,5.624270e-01,4.413241e-01,3.606431e-01,3.021811e-01,2.597698e-01,6.401146e-01,7.411453e-01,7.915004e-01,8.157554e-01,8.210646e-01,8.813654e-01,8.759106e-01
2.155000e-03,6.968735e+00,6.869084e+00,1.438434e+00,7.472653e-01,5.623654e-01,4.413355e-01,3.606975e-01,3.021916e-01,2.597348e-01,6.403465e-01,7.416689e-01,7.916035e-01,8.168257e-01,8.216744e-01,8.813965e-01,8.760809e-01
2.157500e-03,6.967965e+00,6.868266e+00,1.443459e+00,7.473039e-01,5.623074e-01,4.413249e-01,3.607456e-01,3.022194e-01,2.597052e-01,6.405848e-01,7.421448e-01,7.917981e-01,8.178361e-01,8.222523e-01,8.814605e-01,8.760836e-01
2.160000e-03,6.967160e+00,6.867475e+00,1.448394e+00,7.473626e-01,5.622629e-01,4.412943e-01,3.607821e-01,3.022597e-01,2.596860e-01,6.408526e-01,7.425630e-01,7.921046e-01,8.187086e-01,8.228101e-01,8.815341e-01,8.759785e-01
2.162500e-03,6.966288e+00,6.866726e+00,1.453124e+00,7.474322e-01,5.622394e-01,4.412489e-01,3.608032e-01,3.023057e-01,2.596815e-01,6.411401e-01,7.429213e-01,7.925294e-01,8.193898e-01,8.233712e-01,8.816309e-01,8.757981e-01
2.165000e-03,6.965390e+00,6.865986e+00,1.457603e+00,7.475027e-01,5.622390e-01,4.411973e-01,3.608066e-01,3.023506e-01,2.596929e-01,6.414372e-01,7.431995e-01,7.930737e-01,8.198571e-01,8.239417e-01,8.818064e-01,8.755578e-01
2.167500e-03,6.964444e+00,6.865240e+00,1.462241e+00,7.475635e-01,5.622592e-01,4.411492e-01,3.607918e-01,3.023886e-01,2.597184e-01,6.417854e-01,7.433984e-01,7.937281e-01,8.201160e-01,8.244989e-01,8.821297e-01,8.752388e-01
2.170000e-03,6.963437e+00,6.864484e+00,1.467169e+00,7.476040e-01,5.622949e-01,4.411128e-01,3.607610e-01,3.024160e-01,2.597532e-01,6.421590e-01,7.435627e-01,7.944635e-01,8.201920e-01,8.250006e-01,8.826309e-01,8.748677e-01
2.172500e-03,6.962343e+00,6.863735e+00,1.472261e+00,7.476151e-01,5.623397e-01,4.410931e-01,3.607189e-01,3.024298e-01,2.597914e-01,6.425728e-01,7.437351e-01,7.952331e-01,8.201233e-01,8.254070e-01,8.832677e-01,8.744977e-01
2.175000e-03,6.961156e+00,6.863009e+00,1.477534e+00,7.475919e-01,5.623864e-01,4.410916e-01,3.606734e-01,3.024286e-01,2.598272e-01,6.430571e-01,7.439242e-01,7.959852e-01,8.199531e-01,8.257010e-01,8.839377e-01,8.742358e-01
2.177500e-03,6.959892e+00,6.862298e+00,1.482963e+00,7.475353e-01,5.624276e-01,4.411064e-01,3.606327e-01,3.024121e-01,2.598561e-01,6.435268e-01,7.441347e-01,7.966738e-01,8.197270e-01,8.259008e-01,8.845268e-01,8.741844e-01
2.180000e-03,6.958572e+00,6.861596e+00,1.488438e+00,7.474531e-01,5.624558e-01,4.411330e-01,3.606031e-01,3.023825e-01,2.598748e-01,6.439762e-01,7.443718e-01,7.972623e-01,8.194939e-01,8.260590e-01,8.849564e-01,8.743766e-01
2.182500e-03,6.957203e+00,6.860911e+00,1.493775e+00,7.473574e-01,5.624648e-01,4.411664e-01,3.605884e-01,3.023445e-01,2.598811e-01,6.444424e-01,7.446395e-01,7.977252e-01,8.193093e-01,8.262419e-01,8.852114e-01,8.747964e-01
2.185000e-03,6.955838e+00,6.860206e+00,1.499112e+00,7.472624e-01,5.624517e-01,4.412010e-01,3.605893e-01,3.023049e-01,2.598736e-01,6.449053e-01,7.449509e-01,7.980553e-01,8.192298e-01,8.264888e-01,8.853462e-01,8.753729e-01
2.187500e-03,6.954535e+00,6.859487e+00,1.503650e+00,7.471821e-01,5.624165e-01,4.412313e-01,3.606036e-01,3.022704e-01,2.598527e-01,6.452728e-01,7.453186e-01,7.982657e-01,8.192976e-01,8.267760e-01,8.854667e-01,8.760181e-01
2.190000e-03,6.953259e+00,6.858737e+00,1.508028e+00,7.471282e-01,5.623645e-01,4.412519e-01,3.606276e-01,3.022463e-01,2.598209e-01,6.456108e-01,7.457502e-01,7.983844e-01,8.195255e-01,8.270245e-01,8.856746e-01,8.766523e-01
2.192500e-03,6.951994e+00,6.857964e+00,1.512095e+00,7.471080e-01,5.623038e-01,4.412585e-01,3.606566e-01,3.022355e-01,2.597827e-01,6.459585e-01,7.462464e-01,7.984477e-01,8.198884e-01,8.271444e-01,8.859903e-01,8.772309e-01
2.195000e-03,6.950702e+00,6.857196e+00,1.516050e+00,7.471243e-01,5.622442e-01,4.412486e-01,3.606860e-01,3.022384e-01,2.597443e-01,6.463113e-01,7.467868e-01,7.984951e-01,8.203295e-01,8.270775e-01,8.863248e-01,8.777546e-01
2.197500e-03,6.949384e+00,6.856433e+00,1.519720e+00,7.471744e-01,5.621958e-01,4.412228e-01,3.607111e-01,3.022526e-01,2.597113e-01,6.466409e-01,7.473226e-01,7.985647e-01,8.207754e-01,8.268115e-01,8.865501e-01,8.782712e-01
2.200000e-03,6.948056e+00,6.855667e+00,1.522818e+00,7.472514e-01,5.621668e-01,4.411848e-01,3.607274e-01,3.022746e-01,2.596880e-01,6.469495e-01,7.478050e-01,7.986863e-01,8.211508e-01,8.263750e-01,8.865750e-01,8.788294e-01
2.202500e-03,6.946712e+00,6.854907e+00,1.525467e+00,7.473457e-01,5.621622e-01,4.411413e-01,3.607319e-01,3.023005e-01,2.596765e-01,6.472510e-01,7.482186e-01,7.988785e-01,8.213957e-01,8.258252e-01,8.863806e-01,8.794219e-01
2.205000e-03,6.945326e+00,6.854166e+00,1.527591e+00,7.474449e-01,5.621829e-01,4.410999e-01,3.607226e-01,3.023262e-01,2.596766e-01,6.476203e-01,7.485467e-01,7.991458e-01,8.214755e-01,8.252299e-01,8.860027e-01,8.799567e-01
2.207500e-03,6.943926e+00,6.853414e+00,1.529190e+00,7.475363e-01,5.622266e-01,4.410682e-01,3.607005e-01,3.023477e-01,2.596865e-01,6.480900e-01,7.487806e-01,7.994766e-01,8.213852e-01,8.246518e-01,8.854995e-01,8.803326e-01
2.210000e-03,6.942510e+00,6.852670e+00,1.530310e+00,7.476082e-01,5.622871e-01,4.410520e-01,3.606694e-01,3.023613e-01,2.597029e-01,6.485104e-01,7.489430e-01,7.998442e-01,8.211474e-01,8.241415e-01,8.849255e-01,8.805127e-01
2.212500e-03,6.941049e+00,6.851893e+00,1.531568e+00,7.476497e-01,5.623562e-01,4.410547e-01,3.606348e-01,3.023645e-01,2.597223e-01,6.489681e-01,7.490682e-01,8.002094e-01,8.208056e-01,8.237419e-01,8.843140e-01,8.805298e-01
2.215000e-03,6.939549e+00,6.851132e+00,1.532945e+00,7.476545e-01,5.624249e-01,4.410767e-01,3.606032e-01,3.023559e-01,2.597410e-01,6.495685e-01,7.491936e-01,8.005260e-01,8.204178e-01,8.234938e-01,8.836700e-01,8.804463e-01
2.217500e-03,6.938003e+00,6.850369e+00,1.534164e+00,7.476226e-01,5.624843e-01,4.411149e-01,3.605807e-01,3.023369e-01,2.597554e-01,6.501885e-01,7.493348e-01,8.007489e-01,8.200493e-01,8.234424e-01,8.829863e-01,8.803239e-01
2.220000e-03,6.936437e+00,6.849608e+00,1.535028e+00,7.475606e-01,5.625263e-01,4.411637e-01,3.605718e-01,3.023108e-01,2.597623e-01,6.508085e-01,7.494650e-01,8.008428e-01,8.197658e-01,8.236284e-01,8.822618e-01,8.802064e-01
2.222500e-03,6.934847e+00,6.848828e+00,1.535722e+00,7.474804e-01,5.625443e-01,4.412164e-01,3.605788e-01,3.022824e-01,2.597596e-01,6.513755e-01,7.495697e-01,8.007859e-01,8.196221e-01,8.240455e-01,8.815071e-01,8.801088e-01
2.225000e-03,6.933245e+00,6.848044e+00,1.535994e+00,7.473958e-01,5.625352e-01,4.412659e-01,3.606012e-01,3.022571e-01,2.597464e-01,6.519231e-01,7.496881e-01,8.005735e-01,8.196467e-01,8.246039e-01,8.807477e-01,8.800166e-01
2.227500e-03,6.931664e+00,6.847214e+00,1.535726e+00,7.473197e-01,5.625000e-01,4.413057e-01,3.606354e-01,3.022400e-01,2.597239e-01,6.524922e-01,7.498447e-01,8.002227e-01,8.198274e-01,8.251583e-01,8.800131e-01,8.799076e-01
2.230000e-03,6.930039e+00,6.846346e+00,1.535365e+00,7.472627e-01,5.624443e-01,4.413304e-01,3.606762e-01,3.022348e-01,2.596953e-01,6.530412e-01,7.500220e-01,7.997774e-01,8.201075e-01,8.255770e-01,8.793190e-01,8.797661e-01
2.232500e-03,6.928435e+00,6.845437e+00,1.534201e+00,7.472323e-01,5.623775e-01,4.413360e-01,3.607180e-01,3.022431e-01,2.596650e-01,6.535623e-01,7.502017e-01,7.993049e-01,8.203991e-01,8.257778e-01,8.786568e-01,8.795693e-01
2.235000e-03,6.926818e+00,6.844494e+00,1.532389e+00,7.472305e-01,5.623098e-01,4.413210e-01,3.607551e-01,3.022637e-01,2.596377e-01,6.540599e-01,7.503844e-01,7.988761e-01,8.206078e-01,8.257300e-01,8.780289e-01,8.792742e-01
2.237500e-03,6.925181e+00,6.843517e+00,1.530445e+00,7.472563e-01,5.622510e-01,4.412870e-01,3.607825e-01,3.022931e-01,2.596177e-01,6.545237e-01,7.505645e-01,7.985469e-01,8.206540e-01,8.254534e-01,8.774690e-01,8.788333e-01
2.240000e-03,6.923491e+00,6.842510e+00,1.527609e+00,7.473047e-01,5.622094e-01,4.412388e-01,3.607965e-01,3.023269e-01,2.596077e-01,6.549339e-01,7.506892e-01,7.983520e-01,8.204842e-01,8.250089e-01,8.770223e-01,8.782093e-01
2.242500e-03,6.921763e+00,6.841455e+00,1.524013e+00,7.473666e-01,5.621897e-01,4.411838e-01,3.607944e-01,3.023602e-01,2.596085e-01,6.552244e-01,7.506909e-01,7.983006e-01,8.200760e-01,8.244684e-01,8.767258e-01,8.774054e-01
2.245000e-03,6.920003e+00,6.840341e+00,1.519876e+00,7.474304e-01,5.621930e-01,4.411304e-01,3.607758e-01,3.023884e-01,2.596186e-01,6.556016e-01,7.505769e-01,7.983649e-01,8.194380e-01,8.238850e-01,8.766140e-01,8.764871e-01
2.247500e-03,6.918287e+00,6.839153e+00,1.514590e+00,7.474834e-01,5.622174e-01,4.410863e-01,3.607426e-01,3.024078e-01,2.596350e-01,6.559465e-01,7.504175e-01,7.984815e-01,8.186048e-01,8.232851e-01,8.767141e-01,8.755698e-01
2.250000e-03,6.916641e+00,6.837893e+00,1.508218e+00,7.475158e-01,5.622585e-01,4.410573e-01,3.606995e-01,3.024155e-01,2.596537e-01,6.561869e-01,7.502632e-01,7.985782e-01,8.176308e-01,8.226786e-01,8.770190e-01,8.747808e-01
2.252500e-03,6.915019e+00,6.836575e+00,1.501318e+00,7.475188e-01,5.623094e-01,4.410464e-01,3.606530e-01,3.024099e-01,2.596707e-01,6.564354e-01,7.501249e-01,7.986046e-01,8.165821e-01,8.220706e-01,8.774727e-01,8.742225e-01
2.255000e-03,6.913984e+00,6.835221e+00,1.494087e+00,7.474925e-01,5.623620e-01,4.410535e-01,3.606101e-01,3.023909e-01,2.596824e-01,6.567255e-01,7.500052e-01,7.985330e-01,8.155300e-01,8.214689e-01,8.779857e-01,8.739724e-01
2.257500e-03,6.913068e+00,6.833791e+00,1.486224e+00,7.474422e-01,5.624072e-01,4.410767e-01,3.605770e-01,3.023606e-01,2.596861e-01,6.570075e-01,7.499154e-01,7.983403e-01,8.145448e-01,8.208855e-01,8.784681e-01,8.740792e-01
2.260000e-03,6.912169e+00,6.832327e+00,1.477801e+00,7.473786e-01,5.624366e-01,4.411121e-01,3.605579e-01,3.023233e-01,2.596790e-01,6.572910e-01,7.498569e-01,7.980065e-01,8.136870e-01,8.203294e-01,8.788529e-01,8.745388e-01
2.262500e-03,6.911280e+00,6.830814e+00,1.468914e+00,7.473144e-01,5.624451e-01,4.411546e-01,3.605544e-01,3.022846e-01,2.596607e-01,6.575889e-01,7.498323e-01,7.975240e-01,8.129966e-01,8.197972e-01,8.791037e-01,8.752869e-01
2.265000e-03,6.910406e+00,6.829218e+00,1.459609e+00,7.472615e-01,5.624318e-01,4.411976e-01,3.605658e-01,3.022504e-01,2.596307e-01,6.577749e-01,7.498499e-01,7.969045e-01,8.124860e-01,8.192706e-01,8.792130e-01,8.762271e-01
2.267500e-03,6.909539e+00,6.827483e+00,1.449897e+00,7.472283e-01,5.624004e-01,4.412339e-01,3.605898e-01,3.022255e-01,2.595919e-01,6.578629e-01,7.498862e-01,7.961816e-01,8.121422e-01,8.187270e-01,8.791849e-01,8.772526e-01
2.270000e-03,6.908688e+00,6.825657e+00,1.439866e+00,7.472195e-01,5.623582e-01,4.412576e-01,3.606229e-01,3.022131e-01,2.595483e-01,6.579397e-01,7.498946e-01,7.954048e-01,8.119355e-01,8.181583e-01,8.790147e-01,8.782772e-01
2.272500e-03,6.907896e+00,6.823686e+00,1.428903e+00,7.472365e-01,5.623145e-01,4.412648e-01,3.606605e-01,3.022140e-01,2.595042e-01,6.579858e-01,7.498411e-01,7.946309e-01,8.118278e-01,8.175810e-01,8.786852e-01,8.792373e-01
2.275000e-03,6.907097e+00,6.821624e+00,1.417908e+00,7.472779e-01,5.622776e-01,4.412550e-01,3.606969e-01,3.022271e-01,2.594650e-01,6.580369e-01,7.497114e-01,7.939124e-01,8.117750e-01,8.170315e-01,8.781831e-01,8.800928e-01
2.277500e-03,6.906280e+00,6.819487e+00,1.407099e+00,7.473391e-01,5.622534e-01,4.412311e-01,3.607263e-01,3.022503e-01,2.594353e-01,6.580594e-01,7.495021e-01,7.932864e-01,8.117292e-01,8.165517e-01,8.775225e-01,8.808021e-01
2.280000e-03,6.905449e+00,6.817309e+00,1.396230e+00,7.474127e-01,5.622454e-01,4.411991e-01,3.607443e-01,3.022803e-01,2.594168e-01,6.580279e-01,7.492419e-01,7.927723e-01,8.116434e-01,8.161782e-01,8.767497e-01,8.813182e-01
2.282500e-03,6.904652e+00,6.815021e+00,1.384760e+00,7.474892e-01,5.622550e-01,4.411658e-01,3.607479e-01,3.023130e-01,2.594095e-01,6.580245e-01,7.489463e-01,7.923713e-01,8.114815e-01,8.159456e-01,8.759283e-01,8.815919e-01
2.285000e-03,6.903886e+00,6.813434e+00,1.392977e+00,7.475574e-01,5.622809e-01,4.411378e-01,3.607373e-01,3.023437e-01,2.594124e-01,6.579489e-01,7.485813e-01,7.920657e-01,8.112300e-01,8.158933e-01,8.751177e-01,8.815913e-01
2.287500e-03,6.903139e+00,6.811909e+00,1.401339e+00,7.476062e-01,5.623198e-01,4.411197e-01,3.607154e-01,3.023676e-01,2.594235e-01,6.578538e-01,7.481318e-01,7.918207e-01,8.109050e-01,8.160526e-01,8.743663e-01,8.813144e-01
2.290000e-03,6.902390e+00,6.810491e+00,1.409249e+00,7.476279e-01,5.623666e-01,4.411141e-01,3.606874e-01,3.023811e-01,2.594400e-01,6.578765e-01,7.476135e-01,7.915889e-01,8.105453e-01,8.164189e-01,8.737255e-01,8.807948e-01
2.292500e-03,6.901608e+00,6.809172e+00,1.416859e+00,7.476192e-01,5.624141e-01,4.411218e-01,3.606591e-01,3.023820e-01,2.594581e-01,6.579175e-01,7.470537e-01,7.913255e-01,8.101958e-01,8.169399e-01,8.732565e-01,8.800945e-01
2.295000e-03,6.900824e+00,6.807948e+00,1.423983e+00,7.475807e-01,5.624548e-01,4.411412e-01,3.606360e-01,3.023710e-01,2.594738e-01,6.578790e-01,7.464887e-01,7.910069e-01,8.098945e-01,8.175336e-01,8.730019e-01,8.792780e-01
2.297500e-03,6.900056e+00,6.806821e+00,1.430326e+00,7.475176e-01,5.624815e-01,4.411697e-01,3.606217e-01,3.023508e-01,2.594830e-01,6.578111e-01,7.459499e-01,7.906349e-01,8.096677e-01,8.181162e-01,8.729491e-01,8.783935e-01
2.300000e-03,6.899303e+00,6.805780e+00,1.436047e+00,7.474388e-01,5.624895e-01,4.412029e-01,3.606182e-01,3.023259e-01,2.594819e-01,6.577763e-01,7.454563e-01,7.902233e-01,8.095307e-01,8.186267e-01,8.730330e-01,8.774921e-01
2.302500e-03,6.898580e+00,6.804812e+00,1.441304e+00,7.473555e-01,5.624769e-01,4.412357e-01,3.606256e-01,3.023015e-01,2.594694e-01,6.576881e-01,7.450036e-01,7.897849e-01,8.094879e-01,8.190383e-01,8.731760e-01,8.766393e-01
2.305000e-03,6.897911e+00,6.803901e+00,1.445954e+00,7.472789e-01,5.624444e-01,4.412623e-01,3.606423e-01,3.022818e-01,2.594465e-01,6.574337e-01,7.445612e-01,7.893342e-01,8.095309e-01,8.193588e-01,8.733268e-01,8.758993e-01
2.307500e-03,6.897296e+00,6.803048e+00,1.449966e+00,7.472192e-01,5.623961e-01,4.412780e-01,3.606657e-01,3.022700e-01,2.594162e-01,6.571497e-01,7.441279e-01,7.888954e-01,8.096372e-01,8.196154e-01,8.734755e-01,8.752842e-01
2.310000e-03,6.896747e+00,6.802235e+00,1.453642e+00,7.471838e-01,5.623389e-01,4.412795e-01,3.606921e-01,3.022676e-01,2.593832e-01,6.568373e-01,7.437443e-01,7.884961e-01,8.097752e-01,8.198300e-01,8.736498e-01,8.747690e-01
2.312500e-03,6.896259e+00,6.801483e+00,1.456848e+00,7.471765e-01,5.622812e-01,4.412656e-01,3.607172e-01,3.022744e-01,2.593519e-01,6.564539e-01,7.434312e-01,7.881589e-01,8.099111e-01,8.200001e-01,8.738989e-01,8.743227e-01
2.315000e-03,6.895838e+00,6.800794e+00,1.459555e+00,7.471980e-01,5.622312e-01,4.412376e-01,3.607365e-01,3.022889e-01,2.593262e-01,6.559983e-01,7.431593e-01,7.879049e-01,8.100145e-01,8.200959e-01,8.742663e-01,8.739439e-01
2.317500e-03,6.895489e+00,6.800178e+00,1.461556e+00,7.472451e-01,5.621959e-01,4.411989e-01,3.607462e-01,3.023086e-01,2.593086e-01,6.555081e-01,7.428929e-01,7.877519e-01,8.100571e-01,8.200769e-01,8.747612e-01,8.736552e-01
2.320000e-03,6.895231e+00,6.799626e+00,1.462945e+00,7.473106e-01,5.621801e-01,4.411551e-01,3.607442e-01,3.023303e-01,2.592995e-01,6.549984e-01,7.426167e-01,7.877035e-01,8.100121e-01,8.199210e-01,8.753398e-01,8.734809e-01
2.322500e-03,6.895061e+00,6.799133e+00,1.463781e+00,7.473839e-01,5.621856e-01,4.411131e-01,3.607298e-01,3.023505e-01,2.592990e-01,6.544871e-01,7.423190e-01,7.877456e-01,8.098596e-01,8.196465e-01,8.759162e-01,8.734442e-01
2.325000e-03,6.894978e+00,6.798706e+00,1.464079e+00,7.474529e-01,5.622116e-01,4.410790e-01,3.607044e-01,3.023654e-01,2.593056e-01,6.540087e-01,7.419917e-01,7.878556e-01,8.095958e-01,8.193070e-01,8.763961e-01,8.735712e-01
2.327500e-03,6.894979e+00,6.798352e+00,1.463856e+00,7.475064e-01,5.622545e-01,4.410578e-01,3.606716e-01,3.023720e-01,2.593176e-01,6.535606e-01,7.416513e-01,7.880115e-01,8.092412e-01,8.189705e-01,8.767227e-01,8.738637e-01
2.330000e-03,6.895061e+00,6.798078e+00,1.463189e+00,7.475364e-01,5.623083e-01,4.410525e-01,3.606365e-01,3.023688e-01,2.593320e-01,6.531429e-01,7.413245e-01,7.881900e-01,8.088412e-01,8.186981e-01,8.768977e-01,8.742784e-01
2.332500e-03,6.895213e+00,6.797894e+00,1.462081e+00,7.475394e-01,5.623653e-01,4.410636e-01,3.606044e-01,3.023553e-01,2.593457e-01,6.527671e-01,7.410343e-01,7.883629e-01,8.084558e-01,8.185183e-01,8.769670e-01,8.747434e-01
2.335000e-03,6.895446e+00,6.797797e+00,1.460529e+00,7.475171e-01,5.624170e-01,4.410894e-01,3.605805e-01,3.023333e-01,2.593555e-01,6.524236e-01,7.407974e-01,7.885033e-01,8.081419e-01,8.184150e-01,8.769927e-01,8.751934e-01
2.337500e-03,6.895767e+00,6.797783e+00,1.458540e+00,7.474764e-01,5.624556e-01,4.411265e-01,3.605683e-01,3.023058e-01,2.593589e-01,6.520969e-01,7.406181e-01,7.885883e-01,8.079368e-01,8.183488e-01,8.770278e-01,8.755951e-01
2.340000e-03,6.896174e+00,6.797848e+00,1.456147e+00,7.474261e-01,5.624757e-01,4.411704e-01,3.605696e-01,3.022774e-01,2.593547e-01,6.517955e-01,7.404947e-01,7.885961e-01,8.078517e-01,8.182931e-01,8.770882e-01,8.759361e-01
2.342500e-03,6.896668e+00,6.797986e+00,1.453368e+00,7.473752e-01,5.624745e-01,4.412149e-01,3.605840e-01,3.022527e-01,2.593429e-01,6.515289e-01,7.404298e-01,7.885104e-01,8.078779e-01,8.182492e-01,8.771421e-01,8.762323e-01
2.345000e-03,6.897243e+00,6.798192e+00,1.450233e+00,7.473320e-01,5.624541e-01,4.412537e-01,3.606094e-01,3.022355e-01,2.593251e-01,6.512900e-01,7.404234e-01,7.883333e-01,8.079962e-01,8.182383e-01,8.771400e-01,8.765022e-01
2.347500e-03,6.897889e+00,6.798461e+00,1.446774e+00,7.473034e-01,5.624190e-01,4.412813e-01,3.606427e-01,3.022287e-01,2.593043e-01,6.510736e-01,7.404630e-01,7.880896e-01,8.081831e-01,8.182889e-01,8.770619e-01,8.767799e-01
2.350000e-03,6.898592e+00,6.798790e+00,1.443024e+00,7.472937e-01,5.623761e-01,4.412935e-01,3.606796e-01,3.022329e-01,2.592842e-01,6.508763e-01,7.405307e-01,7.878169e-01,8.084126e-01,8.184266e-01,8.769392e-01,8.770736e-01
2.352500e-03,6.899333e+00,6.799172e+00,1.439034e+00,7.473049e-01,5.623332e-01,4.412888e-01,3.607154e-01,3.022476e-01,2.592687e-01,6.506958e-01,7.406120e-01,7.875550e-01,8.086567e-01,8.186640e-01,8.768409e-01,8.773595e-01
2.355000e-03,6.900097e+00,6.799606e+00,1.434858e+00,7.473371e-01,5.622966e-01,4.412688e-01,3.607449e-01,3.022707e-01,2.592612e-01,6.505309e-01,7.406915e-01,7.873402e-01,8.088860e-01,8.189910e-01,8.768444e-01,8.775906e-01
2.357500e-03,6.900863e+00,6.800092e+00,1.430549e+00,7.473836e-01,5.622712e-01,4.412377e-01,3.607639e-01,3.022994e-01,2.592634e-01,6.503793e-01,7.407507e-01,7.871997e-01,8.090699e-01,8.193740e-01,8.770054e-01,8.777304e-01
2.360000e-03,6.901613e+00,6.800628e+00,1.426178e+00,7.474368e-01,5.622603e-01,4.412015e-01,3.607695e-01,3.023301e-01,2.592757e-01,6.502506e-01,7.407751e-01,7.871475e-01,8.091804e-01,8.197666e-01,8.773349e-01,8.777809e-01
2.362500e-03,6.902339e+00,6.801209e+00,1.421836e+00,7.474870e-01,5.622656e-01,4.411663e-01,3.607608e-01,3.023589e-01,2.592969e-01,6.501425e-01,7.407636e-01,7.871821e-01,8.091979e-01,8.201289e-01,8.777904e-01,8.777998e-01
2.365000e-03,6.903053e+00,6.801832e+00,1.417302e+00,7.475234e-01,5.622849e-01,4.411370e-01,3.607398e-01,3.023816e-01,2.593247e-01,6.500476e-01,7.407258e-01,7.872866e-01,8.091173e-01,8.204441e-01,8.782837e-01,8.778517e-01
2.367500e-03,6.903757e+00,6.802479e+00,1.412898e+00,7.475385e-01,5.623153e-01,4.411172e-01,3.607107e-01,3.023948e-01,2.593570e-01,6.499872e-01,7.406727e-01,7.874330e-01,8.089525e-01,8.207211e-01,8.787137e-01,8.779852e-01
2.370000e-03,6.904438e+00,6.803157e+00,1.408444e+00,7.475291e-01,5.623517e-01,4.411094e-01,3.606787e-01,3.023962e-01,2.593909e-01,6.499568e-01,7.406134e-01,7.875890e-01,8.087336e-01,8.209788e-01,8.789965e-01,8.782074e-01
2.372500e-03,6.905107e+00,6.803870e+00,1.403743e+00,7.474967e-01,5.623868e-01,4.411132e-01,3.606489e-01,3.023857e-01,2.594225e-01,6.499254e-01,7.405563e-01,7.877231e-01,8.085007e-01,8.212363e-01,8.790880e-01,8.784978e-01
2.375000e-03,6.905770e+00,6.804600e+00,1.398996e+00,7.474463e-01,5.624134e-01,4.411280e-01,3.606254e-01,3.023653e-01,2.594488e-01,6.498993e-01,7.405090e-01,7.878082e-01,8.082960e-01,8.215246e-01,8.789860e-01,8.788025e-01
2.377500e-03,6.906428e+00,6.805349e+00,1.394135e+00,7.473861e-01,5.624261e-01,4.411512e-01,3.606108e-01,3.023390e-01,2.594665e-01,6.498703e-01,7.404809e-01,7.878247e-01,8.081601e-01,8.218959e-01,8.787168e-01,8.790438e-01
2.380000e-03,6.907079e+00,6.806128e+00,1.389029e+00,7.473244e-01,5.624224e-01,4.411788e-01,3.606061e-01,3.023113e-01,2.594738e-01,6.498239e-01,7.404815e-01,7.877665e-01,8.081312e-01,8.224038e-01,8.783302e-01,8.791514e-01
2.382500e-03,6.907718e+00,6.806929e+00,1.383964e+00,7.472694e-01,5.624028e-01,4.412055e-01,3.606114e-01,3.022865e-01,2.594705e-01,6.497633e-01,7.405033e-01,7.876436e-01,8.082389e-01,8.230610e-01,8.779110e-01,8.790851e-01
2.385000e-03,6.908348e+00,6.807745e+00,1.378882e+00,7.472284e-01,5.623712e-01,4.412258e-01,3.606255e-01,3.022676e-01,2.594592e-01,6.496612e-01,7.405355e-01,7.874794e-01,8.084930e-01,8.238024e-01,8.775807e-01,8.788495e-01
2.387500e-03,6.908972e+00,6.808585e+00,1.373566e+00,7.472075e-01,5.623328e-01,4.412356e-01,3.606462e-01,3.022566e-01,2.594432e-01,6.495268e-01,7.405757e-01,7.873050e-01,8.088691e-01,8.244894e-01,8.774672e-01,8.784483e-01
2.390000e-03,6.909603e+00,6.809441e+00,1.367998e+00,7.472106e-01,5.622938e-01,4.412330e-01,3.606700e-01,3.022543e-01,2.594263e-01,6.493760e-01,7.406134e-01,7.871545e-01,8.093063e-01,8.249672e-01,8.776431e-01,8.779197e-01
2.392500e-03,6.910244e+00,6.810306e+00,1.362130e+00,7.472385e-01,5.622602e-01,4.412187e-01,3.606924e-01,3.022604e-01,2.594122e-01,6.491878e-01,7.406392e-01,7.870629e-01,8.097209e-01,8.251435e-01,8.780734e-01,8.773146e-01
2.395000e-03,6.910869e+00,6.811172e+00,1.356292e+00,7.472877e-01,5.622369e-01,4.411954e-01,3.607089e-01,3.022738e-01,2.594037e-01,6.489963e-01,7.406436e-01,7.870618e-01,8.100308e-01,8.250258e-01,8.786188e-01,8.767124e-01
2.397500e-03,6.911495e+00,6.812035e+00,1.350476e+00,7.473515e-01,5.622278e-01,4.411675e-01,3.607163e-01,3.022926e-01,2.594022e-01,6.487401e-01,7.406150e-01,7.871711e-01,8.101790e-01,8.246934e-01,8.791076e-01,8.762095e-01
2.400000e-03,6.912089e+00,6.812934e+00,1.344504e+00,7.474206e-01,5.622351e-01,4.411401e-01,3.607132e-01,3.023136e-01,2.594082e-01,6.484980e-01,7.405498e-01,7.873908e-01,8.101459e-01,8.242410e-01,8.794216e-01,8.758669e-01
2.402500e-03,6.912650e+00,6.813872e+00,1.338417e+00,7.474851e-01,5.622585e-01,4.411174e-01,3.607006e-01,3.023328e-01,2.594217e-01,6.482866e-01,7.404508e-01,7.876989e-01,8.099460e-01,8.237360e-01,8.795365e-01,8.756954e-01
2.405000e-03,6.913189e+00,6.814827e+00,1.332445e+00,7.475363e-01,5.622952e-01,4.411031e-01,3.606810e-01,3.023465e-01,2.594415e-01,6.480575e-01,7.403239e-01,7.880568e-01,8.096144e-01,8.232052e-01,8.794936e-01,8.756409e-01
2.407500e-03,6.913718e+00,6.816148e+00,1.336213e+00,7.475671e-01,5.623404e-01,4.410999e-01,3.606585e-01,3.023522e-01,2.594655e-01,6.477929e-01,7.401807e-01,7.884177e-01,8.091926e-01,8.226444e-01,8.793382e-01,8.756378e-01
2.410000e-03,6.914237e+00,6.817511e+00,1.342044e+00,7.475738e-01,5.623877e-01,4.411087e-01,3.606370e-01,3.023490e-01,2.594910e-01,6.475348e-01,7.400385e-01,7.887348e-01,8.087202e-01,8.220342e-01,8.790792e-01,8.756306e-01
2.412500e-03,6.914759e+00,6.818813e+00,1.347757e+00,7.475567e-01,5.624304e-01,4.411289e-01,3.606202e-01,3.023377e-01,2.595145e-01,6.473233e-01,7.399191e-01,7.889691e-01,8.082302e-01,8.213555e-01,8.786866e-01,8.756470e-01
2.415000e-03,6.915615e+00,6.820086e+00,1.353343e+00,7.475193e-01,5.624619e-01,4.411580e-01,3.606110e-01,3.023210e-01,2.595327e-01,6.471320e-01,7.398286e-01,7.890961e-01,8.077492e-01,8.206039e-01,8.781144e-01,8.757244e-01
2.417500e-03,6.916492e+00,6.821352e+00,1.358865e+00,7.474680e-01,5.624773e-01,4.411923e-01,3.606109e-01,3.023022e-01,2.595435e-01,6.469540e-01,7.397703e-01,7.891060e-01,8.072972e-01,8.197953e-01,8.773273e-01,8.758797e-01
2.420000e-03,6.917360e+00,6.822596e+00,1.364477e+00,7.474105e-01,5.624742e-01,4.412270e-01,3.606205e-01,3.022847e-01,2.595464e-01,6.467796e-01,7.397631e-01,7.890007e-01,8.068875e-01,8.189558e-01,8.763232e-01,8.761048e-01
2.422500e-03,6.918255e+00,6.823814e+00,1.370071e+00,7.473547e-01,5.624534e-01,4.412568e-01,3.606387e-01,3.022715e-01,2.595427e-01,6.466217e-01,7.398165e-01,7.887915e-01,8.065250e-01,8.181051e-01,8.751436e-01,8.763387e-01
2.425000e-03,6.919180e+00,6.824993e+00,1.375539e+00,7.473077e-01,5.624184e-01,4.412769e-01,3.606632e-01,3.022649e-01,2.595345e-01,6.464263e-01,7.399040e-01,7.884987e-01,8.062038e-01,8.172506e-01,8.738623e-01,8.765222e-01
2.427500e-03,6.920123e+00,6.826140e+00,1.380868e+00,7.472764e-01,5.623751e-01,4.412837e-01,3.606910e-01,3.022660e-01,2.595252e-01,6.462430e-01,7.399808e-01,7.881504e-01,8.059073e-01,8.163932e-01,8.725582e-01,8.766066e-01
2.430000e-03,6.921092e+00,6.827255e+00,1.385912e+00,7.472652e-01,5.623297e-01,4.412759e-01,3.607179e-01,3.022749e-01,2.595173e-01,6.460814e-01,7.400245e-01,7.877771e-01,8.056085e-01,8.155362e-01,8.712939e-01,8.765732e-01
2.432500e-03,6.922104e+00,6.828333e+00,1.390692e+00,7.472760e-01,5.622881e-01,4.412546e-01,3.607397e-01,3.022907e-01,2.595135e-01,6.459134e-01,7.400406e-01,7.874030e-01,8.052754e-01,8.146858e-01,8.701142e-01,8.764326e-01
2.435000e-03,6.923093e+00,6.829378e+00,1.395431e+00,7.473063e-01,5.622552e-01,4.412235e-01,3.607524e-01,3.023113e-01,2.595152e-01,6.457165e-01,7.400410e-01,7.870439e-01,8.048750e-01,8.138437e-01,8.690520e-01,8.762283e-01
2.437500e-03,6.924063e+00,6.830394e+00,1.400127e+00,7.473499e-01,5.622353e-01,4.411877e-01,3.607536e-01,3.023340e-01,2.595233e-01,6.455845e-01,7.400220e-01,7.867112e-01,8.043785e-01,8.130023e-01,8.681335e-01,8.760026e-01
2.440000e-03,6.924992e+00,6.831388e+00,1.404902e+00,7.473976e-01,5.622310e-01,4.411522e-01,3.607427e-01,3.023554e-01,2.595379e-01,6.455015e-01,7.399499e-01,7.864102e-01,8.037663e-01,8.121551e-01,8.673741e-01,8.757895e-01
2.442500e-03,6.925919e+00,6.832342e+00,1.409558e+00,7.474399e-01,5.622431e-01,4.411212e-01,3.607215e-01,3.023717e-01,2.595583e-01,6.453862e-01,7.397863e-01,7.861307e-01,8.030350e-01,8.113149e-01,8.667674e-01,8.756107e-01
2.445000e-03,6.926814e+00,6.833262e+00,1.414207e+00,7.474694e-01,5.622696e-01,4.410984e-01,3.606935e-01,3.023799e-01,2.595826e-01,6.452714e-01,7.395258e-01,7.858464e-01,8.022031e-01,8.105184e-01,8.662796e-01,8.754931e-01
2.447500e-03,6.927665e+00,6.834156e+00,1.418860e+00,7.474812e-01,5.623059e-01,4.410864e-01,3.606631e-01,3.023782e-01,2.596080e-01,6.451983e-01,7.392102e-01,7.855229e-01,8.013096e-01,8.098073e-01,8.658682e-01,8.754752e-01
2.450000e-03,6.928455e+00,6.835027e+00,1.423657e+00,7.474740e-01,5.623453e-01,4.410866e-01,3.606346e-01,3.023667e-01,2.596312e-01,6.451611e-01,7.388787e-01,7.851277e-01,8.004044e-01,8.091986e-01,8.655125e-01,8.755835e-01
2.452500e-03,6.929196e+00,6.835872e+00,1.428545e+00,7.474502e-01,5.623809e-01,4.410993e-01,3.606112e-01,3.023471e-01,2.596497e-01,6.451342e-01,7.385279e-01,7.846387e-01,7.995368e-01,8.086724e-01,8.652201e-01,8.758165e-01
2.455000e-03,6.929913e+00,6.836698e+00,1.433362e+00,7.474144e-01,5.624063e-01,4.411227e-01,3.605956e-01,3.023227e-01,2.596609e-01,6.450845e-01,7.381463e-01,7.840478e-01,7.987455e-01,8.081814e-01,8.650071e-01,8.761583e-01
2.457500e-03,6.930620e+00,6.837504e+00,1.438038e+00,7.473728e-01,5.624181e-01,4.411532e-01,3.605895e-01,3.022975e-01,2.596632e-01,6.450211e-01,7.377390e-01,7.833549e-01,7.980528e-01,8.076701e-01,8.648661e-01,8.765857e-01
2.460000e-03,6.931320e+00,6.838284e+00,1.442415e+00,7.473323e-01,5.624152e-01,4.411856e-01,3.605936e-01,3.022748e-01,2.596574e-01,6.449316e-01,7.373087e-01,7.825617e-01,7.974602e-01,8.070889e-01,8.647555e-01,8.770843e-01
2.462500e-03,6.932007e+00,6.839045e+00,1.446581e+00,7.472997e-01,5.623995e-01,4.412141e-01,3.606077e-01,3.022571e-01,2.596451e-01,6.447551e-01,7.368494e-01,7.816800e-01,7.969494e-01,8.064074e-01,8.646136e-01,8.776545e-01
2.465000e-03,6.932729e+00,6.839734e+00,1.450337e+00,7.472812e-01,5.623746e-01,4.412341e-01,3.606300e-01,3.022464e-01,2.596293e-01,6.445141e-01,7.363522e-01,7.807394e-01,7.964890e-01,8.056264e-01,8.643792e-01,8.782887e-01
2.467500e-03,6.933443e+00,6.840372e+00,1.453857e+00,7.472815e-01,5.623453e-01,4.412429e-01,3.606573e-01,3.022437e-01,2.596135e-01,6.442486e-01,7.358087e-01,7.797775e-01,7.960457e-01,8.047805e-01,8.640059e-01,8.789708e-01
2.470000e-03,6.934180e+00,6.840978e+00,1.457035e+00,7.473019e-01,5.623165e-01,4.412400e-01,3.606849e-01,3.022496e-01,2.596003e-01,6.439423e-01,7.352283e-01,7.788255e-01,7.955936e-01,8.039288e-01,8.634697e-01,8.796395e-01
2.472500e-03,6.934927e+00,6.841553e+00,1.459840e+00,7.473402e-01,5.622929e-01,4.412272e-01,3.607081e-01,3.022636e-01,2.595918e-01,6.435772e-01,7.346163e-01,7.779078e-01,7.951185e-01,8.031450e-01,8.627769e-01,8.802203e-01
2.475000e-03,6.935692e+00,6.842098e+00,1.462223e+00,7.473902e-01,5.622786e-01,4.412075e-01,3.607232e-01,3.022841e-01,2.595893e-01,6.431448e-01,7.339514e-01,7.770444e-01,7.946168e-01,8.025042e-01,8.619675e-01,8.806469e-01
2.477500e-03,6.936480e+00,6.842623e+00,1.464216e+00,7.474436e-01,5.622766e-01,4.411848e-01,3.607284e-01,3.023080e-01,2.595938e-01,6.426612e-01,7.332147e-01,7.762443e-01,7.940944e-01,8.020615e-01,8.611042e-01,8.808617e-01
2.480000e-03,6.937295e+00,6.843136e+00,1.465809e+00,7.474916e-01,5.622880e-01,4.411628e-01,3.607238e-01,3.023313e-01,2.596055e-01,6.421363e-01,7.324027e-01,7.754991e-01,7.935639e-01,8.018370e-01,8.602620e-01,8.808410e-01
2.482500e-03,6.938143e+00,6.843636e+00,1.466812e+00,7.475267e-01,5.623115e-01,4.411450e-01,3.607111e-01,3.023501e-01,2.596240e-01,6.415599e-01,7.315190e-01,7.747886e-01,7.930444e-01,8.018144e-01,8.595152e-01,8.805669e-01
2.485000e-03,6.939025e+00,6.844133e+00,1.467634e+00,7.475441e-01,5.623431e-01,4.411342e-01,3.606934e-01,3.023614e-01,2.596475e-01,6.409548e-01,7.305821e-01,7.740933e-01,7.925584e-01,8.019535e-01,8.589146e-01,8.800697e-01
2.487500e-03,6.939953e+00,6.844645e+00,1.468410e+00,7.475420e-01,5.623771e-01,4.411326e-01,3.606738e-01,3.023640e-01,2.596732e-01,6.403466e-01,7.296239e-01,7.734014e-01,7.921278e-01,8.022060e-01,8.584758e-01,8.794035e-01
2.490000e-03,6.940937e+00,6.845169e+00,1.468935e+00,7.475210e-01,5.624074e-01,4.411409e-01,3.606554e-01,3.023583e-01,2.596976e-01,6.397148e-01,7.286750e-01,7.727052e-01,7.917718e-01,8.025291e-01,8.581811e-01,8.786109e-01
2.492500e-03,6.941993e+00,6.845715e+00,1.469183e+00,7.474835e-01,5.624285e-01,4.411579e-01,3.606409e-01,3.023462e-01,2.597174e-01,6.389925e-01,7.277471e-01,7.719988e-01,7.915066e-01,8.028899e-01,8.579885e-01,8.777576e-01
2.495000e-03,6.943120e+00,6.846291e+00,1.469228e+00,7.474339e-01,5.624372e-01,4.411808e-01,3.606327e-01,3.023303e-01,2.597303e-01,6.382696e-01,7.268392e-01,7.712809e-01,7.913434e-01,8.032655e-01,8.578495e-01,8.768921e-01
2.497500e-03,6.944315e+00,6.846898e+00,1.469238e+00,7.473788e-01,5.624321e-01,4.412051e-01,3.606321e-01,3.023132e-01,2.597355e-01,6.375330e-01,7.259452e-01,7.705589e-01,7.912865e-01,8.036433e-01,8.577288e-01,8.760430e-01
2.500000e-03,6.945627e+00,6.847533e+00,1.468830e+00,7.473252e-01,5.624141e-01,4.412262e-01,3.606396e-01,3.022975e-01,2.597338e-01,6.367458e-01,7.250602e-01,7.698446e-01,7.913316e-01,8.040205e-01,8.576131e-01,8.752188e-01
2.502500e-03,6.947061e+00,6.848195e+00,1.468043e+00,7.472806e-01,5.623854e-01,4.412399e-01,3.606541e-01,3.022853e-01,2.597269e-01,6.359164e-01,7.241847e-01,7.691509e-01,7.914675e-01,8.043991e-01,8.575112e-01,8.744043e-01
2.505000e-03,6.948587e+00,6.848898e+00,1.466892e+00,7.472514e-01,5.623500e-01,4.412439e-01,3.606728e-01,3.022787e-01,2.597171e-01,6.350835e-01,7.233298e-01,7.684965e-01,7.916780e-01,8.047795e-01,8.574438e-01,8.735846e-01
2.507500e-03,6.950193e+00,6.849661e+00,1.465356e+00,7.472418e-01,5.623124e-01,4.412375e-01,3.606922e-01,3.022787e-01,2.597068e-01,6.342189e-01,7.225051e-01,7.679088e-01,7.919425e-01,8.051560e-01,8.574324e-01,8.727627e-01
2.510000e-03,6.951914e+00,6.850463e+00,1.463252e+00,7.472531e-01,5.622778e-01,4.412216e-01,3.607083e-01,3.022856e-01,2.596980e-01,6.332870e-01,7.216999e-01,7.674177e-01,7.922354e-01,8.055180e-01,8.574900e-01,8.719528e-01
2.512500e-03,6.953738e+00,6.851328e+00,1.460711e+00,7.472834e-01,5.622510e-01,4.411986e-01,3.607179e-01,3.022982e-01,2.596927e-01,6.323092e-01,7.209055e-01,7.670452e-01,7.925282e-01,8.058507e-01,8.576207e-01,8.711831e-01
2.515000e-03,6.955649e+00,6.852211e+00,1.457755e+00,7.473271e-01,5.622359e-01,4.411715e-01,3.607192e-01,3.023142e-01,2.596925e-01,6.313247e-01,7.201322e-01,7.667977e-01,7.927916e-01,8.061361e-01,8.578205e-01,8.704854e-01
2.517500e-03,6.957609e+00,6.853141e+00,1.454905e+00,7.473770e-01,5.622352e-01,4.411442e-01,3.607120e-01,3.023303e-01,2.596984e-01,6.303558e-01,7.193933e-01,7.666641e-01,7.930003e-01,8.063528e-01,8.580800e-01,8.698819e-01
2.520000e-03,6.959616e+00,6.854146e+00,1.451459e+00,7.474254e-01,5.622494e-01,4.411203e-01,3.606974e-01,3.023432e-01,2.597103e-01,6.294119e-01,7.186796e-01,7.666256e-01,7.931372e-01,8.064788e-01,8.583819e-01,8.693750e-01
2.522500e-03,6.961724e+00,6.855220e+00,1.446693e+00,7.474653e-01,5.622766e-01,4.411032e-01,3.606778e-01,3.023503e-01,2.597272e-01,6.284023e-01,7.179846e-01,7.666632e-01,7.931975e-01,8.064967e-01,8.586994e-01,8.689595e-01
2.525000e-03,6.963943e+00,6.856322e+00,1.441358e+00,7.474916e-01,5.623127e-01,4.410956e-01,3.606560e-01,3.023503e-01,2.597469e-01,6.273725e-01,7.173435e-01,7.667543e-01,7.931888e-01,8.064005e-01,8.589971e-01,8.686343e-01
2.527500e-03,6.966190e+00,6.857482e+00,1.435283e+00,7.475017e-01,5.623522e-01,4.410991e-01,3.606349e-01,3.023434e-01,2.597664e-01,6.264291e-01,7.167763e-01,7.668694e-01,7.931287e-01,8.062000e-01,8.592363e-01,8.684045e-01
2.530000e-03,6.968525e+00,6.858693e+00,1.428322e+00,7.474952e-01,5.623889e-01,4.411137e-01,3.606176e-01,3.023307e-01,2.597826e-01,6.255017e-01,7.162716e-01,7.669806e-01,7.930406e-01,8.059218e-01,8.593827e-01,8.682712e-01
2.532500e-03,6.970857e+00,6.860039e+00,1.419742e+00,7.474735e-01,5.624175e-01,4.411377e-01,3.606065e-01,3.023143e-01,2.597934e-01,6.245502e-01,7.158432e-01,7.670691e-01,7.929510e-01,8.056035e-01,8.594148e-01,8.682237e-01
2.535000e-03,6.973218e+00,6.861466e+00,1.410278e+00,7.474405e-01,5.624344e-01,4.411677e-01,3.606035e-01,3.022965e-01,2.597981e-01,6.236138e-01,7.154940e-01,7.671251e-01,7.928850e-01,8.052823e-01,8.593315e-01,8.682473e-01
2.537500e-03,6.975642e+00,6.862960e+00,1.399805e+00,7.474020e-01,5.624380e-01,4.411990e-01,3.606097e-01,3.022799e-01,2.597968e-01,6.226529e-01,7.152253e-01,7.671479e-01,7.928629e-01,8.049867e-01,8.591555e-01,8.683197e-01
2.540000e-03,6.978071e+00,6.864553e+00,1.388346e+00,7.473648e-01,5.624285e-01,4.412267e-01,3.606246e-01,3.022669e-01,2.597906e-01,6.216929e-01,7.150540e-01,7.671411e-01,7.928961e-01,8.047311e-01,8.589285e-01,8.684122e-01
2.542500e-03,6.980499e+00,6.866258e+00,1.376027e+00,7.473357e-01,5.624080e-01,4.412469e-01,3.606465e-01,3.022593e-01,2.597815e-01,6.208409e-01,7.149496e-01,7.671087e-01,7.929823e-01,8.045169e-01,8.586993e-01,8.684993e-01
2.545000e-03,6.983684e+00,6.868059e+00,1.362906e+00,7.473199e-01,5.623799e-01,4.412571e-01,3.606722e-01,3.022587e-01,2.597716e-01,6.201209e-01,7.148841e-01,7.670602e-01,7.931040e-01,8.043351e-01,8.585108e-01,8.685684e-01
2.547500e-03,6.987476e+00,6.870015e+00,1.348319e+00,7.473207e-01,5.623485e-01,4.412564e-01,3.606976e-01,3.022656e-01,2.597628e-01,6.193334e-01,7.148752e-01,7.670079e-01,7.932312e-01,8.041734e-01,8.583899e-01,8.686090e-01
2.550000e-03,6.991109e+00,6.872203e+00,1.331898e+00,7.473374e-01,5.623185e-01,4.412457e-01,3.607189e-01,3.022795e-01,2.597573e-01,6.185175e-01,7.149222e-01,7.669639e-01,7.933299e-01,8.040215e-01,8.583431e-01,8.686318e-01
2.552500e-03,6.994657e+00,6.874616e+00,1.314252e+00,7.473664e-01,5.622944e-01,4.412271e-01,3.607328e-01,3.022987e-01,2.597567e-01,6.177814e-01,7.150160e-01,7.669510e-01,7.933700e-01,8.038711e-01,8.583536e-01,8.686475e-01
2.555000e-03,6.998045e+00,6.877287e+00,1.295419e+00,7.474016e-01,5.622806e-01,4.412034e-01,3.607378e-01,3.023204e-01,2.597619e-01,6.170991e-01,7.151360e-01,7.669929e-01,7.933304e-01,8.037091e-01,8.583862e-01,8.686711e-01
2.557500e-03,7.001242e+00,6.880236e+00,1.275700e+00,7.474363e-01,5.622791e-01,4.411778e-01,3.607338e-01,3.023410e-01,2.597733e-01,6.164219e-01,7.152345e-01,7.670831e-01,7.932006e-01,8.035170e-01,8.583995e-01,8.687086e-01
2.560000e-03,7.004395e+00,6.884259e+00,1.278130e+00,7.474644e-01,5.622899e-01,4.411539e-01,3.607219e-01,3.023573e-01,2.597904e-01,6.158410e-01,7.153131e-01,7.671920e-01,7.929813e-01,8.032819e-01,8.583590e-01,8.687642e-01
2.562500e-03,7.007341e+00,6.888531e+00,1.294781e+00,7.474812e-01,5.623102e-01,4.411352e-01,3.607041e-01,3.023669e-01,2.598114e-01,6.151996e-01,7.153981e-01,7.672989e-01,7.926842e-01,8.030082e-01,8.582410e-01,8.688152e-01
2.565000e-03,7.010157e+00,6.892413e+00,1.310794e+00,7.474838e-01,5.623357e-01,4.411248e-01,3.606829e-01,3.023688e-01,2.598339e-01,6.146831e-01,7.154890e-01,7.673945e-01,7.923322e-01,8.027154e-01,8.580312e-01,8.688449e-01
2.567500e-03,7.012894e+00,6.895864e+00,1.325400e+00,7.474715e-01,5.623613e-01,4.411243e-01,3.606611e-01,3.023632e-01,2.598554e-01,6.143756e-01,7.155487e-01,7.674585e-01,7.919595e-01,8.024233e-01,8.577278e-01,8.688154e-01
2.570000e-03,7.015586e+00,6.898973e+00,1.339174e+00,7.474453e-01,5.623824e-01,4.411333e-01,3.606415e-01,3.023515e-01,2.598723e-01,6.137943e-01,7.155783e-01,7.674613e-01,7.916050e-01,8.021378e-01,8.573455e-01,8.686936e-01
2.572500e-03,7.018029e+00,6.901939e+00,1.352372e+00,7.474082e-01,5.623955e-01,4.411496e-01,3.606272e-01,3.023353e-01,2.598829e-01,6.134570e-01,7.155866e-01,7.673879e-01,7.913005e-01,8.018458e-01,8.569091e-01,8.684706e-01
2.575000e-03,7.020545e+00,6.904572e+00,1.364435e+00,7.473656e-01,5.623990e-01,4.411698e-01,3.606203e-01,3.023168e-01,2.598864e-01,6.133053e-01,7.155821e-01,7.672432e-01,7.910610e-01,8.015183e-01,8.564412e-01,8.681886e-01
2.577500e-03,7.022934e+00,6.907055e+00,1.375689e+00,7.473243e-01,5.623921e-01,4.411898e-01,3.606218e-01,3.022984e-01,2.598833e-01,6.130100e-01,7.155789e-01,7.670440e-01,7.908824e-01,8.011218e-01,8.559519e-01,8.678641e-01
2.580000e-03,7.025237e+00,6.909416e+00,1.385080e+00,7.472912e-01,5.623759e-01,4.412060e-01,3.606312e-01,3.022825e-01,2.598745e-01,6.128661e-01,7.155478e-01,7.668062e-01,7.907453e-01,8.006287e-01,8.554362e-01,8.675228e-01
2.582500e-03,7.027379e+00,6.911642e+00,1.393310e+00,7.472722e-01,5.623525e-01,4.412160e-01,3.606462e-01,3.022715e-01,2.598621e-01,6.126512e-01,7.155233e-01,7.665434e-01,7.906234e-01,8.000241e-01,8.548743e-01,8.671948e-01
2.585000e-03,7.029375e+00,6.913803e+00,1.400480e+00,7.472705e-01,5.623257e-01,4.412185e-01,3.606639e-01,3.022671e-01,2.598478e-01,6.124856e-01,7.155422e-01,7.662752e-01,7.904921e-01,7.993139e-01,8.542372e-01,8.668801e-01
2.587500e-03,7.031459e+00,6.915783e+00,1.405844e+00,7.472865e-01,5.622998e-01,4.412134e-01,3.606808e-01,3.022699e-01,2.598338e-01,6.123977e-01,7.154798e-01,7.660167e-01,7.903283e-01,7.985325e-01,8.534981e-01,8.665716e-01
2.590000e-03,7.033540e+00,6.917670e+00,1.409715e+00,7.473178e-01,5.622795e-01,4.412015e-01,3.606939e-01,3.022792e-01,2.598221e-01,6.120013e-01,7.152548e-01,7.657670e-01,7.901078e-01,7.977421e-01,8.526491e-01,8.662577e-01
2.592500e-03,7.035487e+00,6.919464e+00,1.411630e+00,7.473592e-01,5.622686e-01,4.411846e-01,3.607015e-01,3.022930e-01,2.598147e-01,6.117568e-01,7.149367e-01,7.655285e-01,7.898111e-01,7.970114e-01,8.517163e-01,8.658918e-01
2.595000e-03,7.037375e+00,6.921156e+00,1.412395e+00,7.474048e-01,5.622695e-01,4.411656e-01,3.607028e-01,3.023086e-01,2.598130e-01,6.114589e-01,7.145947e-01,7.653088e-01,7.894361e-01,7.963825e-01,8.507641e-01,8.654399e-01
2.597500e-03,7.039171e+00,6.922782e+00,1.412089e+00,7.474485e-01,5.622824e-01,4.411475e-01,3.606979e-01,3.023230e-01,2.598174e-01,6.110126e-01,7.142685e-01,7.651000e-01,7.890034e-01,7.958513e-01,8.498772e-01,8.648896e-01
2.600000e-03,7.040967e+00,6.924307e+00,1.409859e+00,7.474848e-01,5.623054e-01,4.411338e-01,3.606876e-01,3.023338e-01,2.598271e-01,6.105230e-01,7.139534e-01,7.648917e-01,7.885446e-01,7.953759e-01,8.491200e-01,8.642199e-01
2.602500e-03,7.042779e+00,6.925736e+00,1.406226e+00,7.475092e-01,5.623347e-01,4.411273e-01,3.606737e-01,3.023398e-01,2.598402e-01,6.101567e-01,7.136675e-01,7.646853e-01,7.880805e-01,7.949083e-01,8.484950e-01,8.634431e-01
2.605000e-03,7.044475e+00,6.927149e+00,1.401620e+00,7.475183e-01,5.623661e-01,4.411297e-01,3.606583e-01,3.023403e-01,2.598543e-01,6.096327e-01,7.134275e-01,7.644677e-01,7.876161e-01,7.944304e-01,8.479409e-01,8.626439e-01
2.607500e-03,7.046139e+00,6.928519e+00,1.395708e+00,7.475110e-01,5.623949e-01,4.411409e-01,3.606443e-01,3.023357e-01,2.598667e-01,6.090468e-01,7.131090e-01,7.641952e-01,7.871529e-01,7.939666e-01,8.473797e-01,8.619003e-01
2.610000e-03,7.047740e+00,6.929859e+00,1.388734e+00,7.474884e-01,5.624173e-01,4.411592e-01,3.606343e-01,3.023267e-01,2.598758e-01,6.084295e-01,7.126424e-01,7.638166e-01,7.866996e-01,7.935631e-01,8.467679e-01,8.612731e-01
2.612500e-03,7.049554e+00,6.931159e+00,1.381549e+00,7.474540e-01,5.624301e-01,4.411817e-01,3.606304e-01,3.023148e-01,2.598805e-01,6.078037e-01,7.121711e-01,7.633059e-01,7.862714e-01,7.932525e-01,8.461228e-01,8.607642e-01
2.615000e-03,7.051873e+00,6.932447e+00,1.374028e+00,7.474129e-01,5.624314e-01,4.412049e-01,3.606337e-01,3.023020e-01,2.598803e-01,6.072579e-01,7.118137e-01,7.626690e-01,7.858866e-01,7.930294e-01,8.455068e-01,8.603454e-01
2.617500e-03,7.054199e+00,6.933715e+00,1.366034e+00,7.473714e-01,5.624211e-01,4.412251e-01,3.606441e-01,3.022905e-01,2.598756e-01,6.066001e-01,7.114828e-01,7.619442e-01,7.855633e-01,7.928540e-01,8.449821e-01,8.599814e-01
2.620000e-03,7.056484e+00,6.935007e+00,1.357553e+00,7.473357e-01,5.624004e-01,4.412395e-01,3.606597e-01,3.022826e-01,2.598671e-01,6.058269e-01,7.110609e-01,7.612084e-01,7.853086e-01,7.926805e-01,8.445792e-01,8.596570e-01
2.622500e-03,7.058634e+00,6.936355e+00,1.348973e+00,7.473110e-01,5.623722e-01,4.412461e-01,3.606782e-01,3.022800e-01,2.598562e-01,6.051654e-01,7.105547e-01,7.605387e-01,7.851074e-01,7.924913e-01,8.442909e-01,8.593849e-01
2.625000e-03,7.060703e+00,6.937754e+00,1.340087e+00,7.473003e-01,5.623405e-01,4.412437e-01,3.606963e-01,3.022835e-01,2.598447e-01,6.044408e-01,7.100428e-01,7.599502e-01,7.849240e-01,7.923093e-01,8.440797e-01,8.591817e-01
2.627500e-03,7.062718e+00,6.939224e+00,1.330527e+00,7.473046e-01,5.623098e-01,4.412327e-01,3.607113e-01,3.022927e-01,2.598346e-01,6.036841e-01,7.095349e-01,7.594113e-01,7.847183e-01,7.921762e-01,8.439101e-01,8.590484e-01
2.630000e-03,7.064669e+00,6.940763e+00,1.320505e+00,7.473220e-01,5.622844e-01,4.412144e-01,3.607209e-01,3.023061e-01,2.598277e-01,6.029676e-01,7.089982e-01,7.589085e-01,7.844595e-01,7.921202e-01,8.437785e-01,8.589637e-01
2.632500e-03,7.066557e+00,6.942374e+00,1.310012e+00,7.473487e-01,5.622680e-01,4.411912e-01,3.607236e-01,3.023213e-01,2.598256e-01,6.022223e-01,7.084230e-01,7.584568e-01,7.841352e-01,7.921465e-01,8.437041e-01,8.589125e-01
2.635000e-03,7.068404e+00,6.944117e+00,1.298273e+00,7.473800e-01,5.622631e-01,4.411662e-01,3.607191e-01,3.023358e-01,2.598288e-01,6.014796e-01,7.078091e-01,7.580535e-01,7.837583e-01,7.922507e-01,8.436893e-01,8.588671e-01
2.637500e-03,7.070324e+00,6.945919e+00,1.286219e+00,7.474111e-01,5.622697e-01,4.411430e-01,3.607077e-01,3.023472e-01,2.598367e-01,6.007521e-01,7.071319e-01,7.576694e-01,7.833647e-01,7.924340e-01,8.437009e-01,8.588240e-01
2.640000e-03,7.072250e+00,6.947844e+00,1.273616e+00,7.474370e-01,5.622863e-01,4.411248e-01,3.606910e-01,3.023538e-01,2.598479e-01,6.000332e-01,7.063866e-01,7.572836e-01,7.829972e-01,7.927021e-01,8.436941e-01,8.588078e-01
2.642500e-03,7.074163e+00,6.950546e+00,1.280139e+00,7.474531e-01,5.623099e-01,4.411143e-01,3.606711e-01,3.023546e-01,2.598604e-01,5.993418e-01,7.055993e-01,7.568903e-01,7.826877e-01,7.930511e-01,8.436430e-01,8.588293e-01
2.645000e-03,7.076075e+00,6.953254e+00,1.290424e+00,7.474574e-01,5.623365e-01,4.411131e-01,3.606507e-01,3.023493e-01,2.598719e-01,5.986843e-01,7.047798e-01,7.564824e-01,7.824559e-01,7.934526e-01,8.435540e-01,8.588720e-01
2.647500e-03,7.077967e+00,6.955893e+00,1.300525e+00,7.474486e-01,5.623619e-01,4.411210e-01,3.606327e-01,3.023387e-01,2.598804e-01,5.980751e-01,7.039493e-01,7.560557e-01,7.823192e-01,7.938531e-01,8.434505e-01,8.589008e-01
2.650000e-03,7.079871e+00,6.958317e+00,1.310355e+00,7.474282e-01,5.623825e-01,4.411365e-01,3.606197e-01,3.023241e-01,2.598845e-01,5.974103e-01,7.031466e-01,7.556153e-01,7.822921e-01,7.941844e-01,8.433479e-01,8.588661e-01
2.652500e-03,7.081756e+00,6.960667e+00,1.320256e+00,7.474000e-01,5.623956e-01,4.411569e-01,3.606136e-01,3.023073e-01,2.598836e-01,5.966903e-01,7.023997e-01,7.551655e-01,7.823745e-01,7.943785e-01,8.432302e-01,8.587640e-01
2.655000e-03,7.083712e+00,6.962895e+00,1.329392e+00,7.473695e-01,5.623995e-01,4.411788e-01,3.606155e-01,3.022907e-01,2.598776e-01,5.960527e-01,7.016812e-01,7.547043e-01,7.825440e-01,7.943819e-01,8.430562e-01,8.586166e-01
2.657500e-03,7.085686e+00,6.965051e+00,1.338119e+00,7.473426e-01,5.623935e-01,4.411988e-01,3.606248e-01,3.022765e-01,2.598672e-01,5.954288e-01,7.009416e-01,7.542368e-01,7.827575e-01,7.941650e-01,8.427768e-01,8.584511e-01
2.660000e-03,7.087718e+00,6.967091e+00,1.345952e+00,7.473248e-01,5.623790e-01,4.412146e-01,3.606400e-01,3.022671e-01,2.598537e-01,5.946938e-01,7.001917e-01,7.537793e-01,7.829608e-01,7.937170e-01,8.423521e-01,8.582780e-01
2.662500e-03,7.089868e+00,6.969011e+00,1.353374e+00,7.473193e-01,5.623587e-01,4.412241e-01,3.606583e-01,3.022639e-01,2.598388e-01,5.939110e-01,6.994972e-01,7.533442e-01,7.830979e-01,7.930325e-01,8.417706e-01,8.580790e-01
2.665000e-03,7.092077e+00,6.970842e+00,1.360395e+00,7.473274e-01,5.623363e-01,4.412263e-01,3.606770e-01,3.022675e-01,2.598245e-01,5.932586e-01,6.989110e-01,7.529352e-01,7.831177e-01,7.921136e-01,8.410545e-01,8.578335e-01
2.667500e-03,7.094202e+00,6.972676e+00,1.367297e+00,7.473477e-01,5.623161e-01,4.412210e-01,3.606934e-01,3.022770e-01,2.598129e-01,5.925799e-01,6.983861e-01,7.525634e-01,7.829785e-01,7.909866e-01,8.402442e-01,8.575137e-01
2.670000e-03,7.096382e+00,6.974461e+00,1.372937e+00,7.473769e-01,5.623018e-01,4.412092e-01,3.607054e-01,3.022909e-01,2.598057e-01,5.917741e-01,6.978264e-01,7.522478e-01,7.826524e-01,7.897019e-01,8.393778e-01,8.571143e-01
2.672500e-03,7.098488e+00,6.976212e+00,1.377876e+00,7.474105e-01,5.622964e-01,4.411929e-01,3.607117e-01,3.023070e-01,2.598042e-01,5.909741e-01,6.972025e-01,7.520008e-01,7.821314e-01,7.883121e-01,8.384883e-01,8.566621e-01
2.675000e-03,7.100640e+00,6.977904e+00,1.381822e+00,7.474438e-01,5.623004e-01,4.411753e-01,3.607118e-01,3.023226e-01,2.598083e-01,5.901767e-01,6.965897e-01,7.518141e-01,7.814303e-01,7.868521e-01,8.376013e-01,8.562082e-01
2.677500e-03,7.102773e+00,6.979603e+00,1.385074e+00,7.474720e-01,5.623130e-01,4.411595e-01,3.607057e-01,3.023358e-01,2.598174e-01,5.894036e-01,6.960624e-01,7.516557e-01,7.805787e-01,7.853520e-01,8.367165e-01,8.558152e-01
2.680000e-03,7.104992e+00,6.981249e+00,1.387685e+00,7.474898e-01,5.623317e-01,4.411485e-01,3.606944e-01,3.023449e-01,2.598300e-01,5.884736e-01,6.956028e-01,7.514941e-01,7.796083e-01,7.838612e-01,8.358051e-01,8.555542e-01
2.682500e-03,7.107356e+00,6.982839e+00,1.388666e+00,7.474946e-01,5.623535e-01,4.411444e-01,3.606800e-01,3.023490e-01,2.598438e-01,5.876046e-01,6.951942e-01,7.513084e-01,7.785487e-01,7.824448e-01,8.348505e-01,8.554927e-01
2.685000e-03,7.109577e+00,6.984507e+00,1.388600e+00,7.474850e-01,5.623749e-01,4.411475e-01,3.606648e-01,3.023478e-01,2.598569e-01,5.868962e-01,6.948625e-01,7.510683e-01,7.774355e-01,7.811490e-01,8.338882e-01,8.556706e-01
2.687500e-03,7.111800e+00,6.986161e+00,1.387407e+00,7.474617e-01,5.623920e-01,4.411568e-01,3.606518e-01,3.023415e-01,2.598673e-01,5.860254e-01,6.945970e-01,7.507365e-01,7.763185e-01,7.799611e-01,8.329773e-01,8.560654e-01
2.690000e-03,7.113986e+00,6.987806e+00,1.386033e+00,7.474283e-01,5.624024e-01,4.411708e-01,3.606433e-01,3.023310e-01,2.598740e-01,5.851651e-01,6.943622e-01,7.502903e-01,7.752520e-01,7.788009e-01,8.321382e-01,8.566245e-01
2.692500e-03,7.116151e+00,6.989486e+00,1.382261e+00,7.473898e-01,5.624039e-01,4.411866e-01,3.606406e-01,3.023182e-01,2.598763e-01,5.843099e-01,6.941906e-01,7.497241e-01,7.742717e-01,7.775659e-01,8.313302e-01,8.573031e-01
2.695000e-03,7.119514e+00,6.991140e+00,1.377292e+00,7.473521e-01,5.623958e-01,4.412016e-01,3.606440e-01,3.023051e-01,2.598738e-01,5.835213e-01,6.941560e-01,7.490421e-01,7.733801e-01,7.762114e-01,8.304722e-01,8.581068e-01
2.697500e-03,7.122962e+00,6.992775e+00,1.370871e+00,7.473205e-01,5.623789e-01,4.412132e-01,3.606525e-01,3.022942e-01,2.598669e-01,5.827951e-01,6.941524e-01,7.482523e-01,7.725543e-01,7.748025e-01,8.294787e-01,8.590497e-01
2.700000e-03,7.126316e+00,6.994486e+00,1.362351e+00,7.472995e-01,5.623556e-01,4.412196e-01,3.606642e-01,3.022874e-01,2.598565e-01,5.819513e-01,6.940212e-01,7.473809e-01,7.717672e-01,7.735087e-01,8.283153e-01,8.600534e-01
2.702500e-03,7.129633e+00,6.996211e+00,1.352961e+00,7.472909e-01,5.623295e-01,4.412194e-01,3.606770e-01,3.022858e-01,2.598443e-01,5.811323e-01,6.938017e-01,7.464743e-01,7.710031e-01,7.725561e-01,8.270556e-01,8.610104e-01
2.705000e-03,7.132848e+00,6.997970e+00,1.342741e+00,7.472957e-01,5.623047e-01,4.412123e-01,3.606886e-01,3.022892e-01,2.598323e-01,5.802871e-01,6.936369e-01,7.455665e-01,7.702649e-01,7.721406e-01,8.258989e-01,8.617958e-01
2.707500e-03,7.135996e+00,6.999772e+00,1.331685e+00,7.473134e-01,5.622852e-01,4.411990e-01,3.606973e-01,3.022969e-01,2.598227e-01,5.795207e-01,6.935543e-01,7.446633e-01,7.695723e-01,7.723292e-01,8.251224e-01,8.623268e-01
2.710000e-03,7.139155e+00,7.001589e+00,1.320542e+00,7.473410e-01,5.622734e-01,4.411814e-01,3.607016e-01,3.023069e-01,2.598170e-01,5.787276e-01,6.933818e-01,7.437783e-01,7.689567e-01,7.730192e-01,8.249499e-01,8.625668e-01
2.712500e-03,7.142179e+00,7.003516e+00,1.308176e+00,7.473744e-01,5.622712e-01,4.411623e-01,3.607003e-01,3.023176e-01,2.598158e-01,5.779052e-01,6.929953e-01,7.429418e-01,7.684538e-01,7.739940e-01,8.253803e-01,8.625485e-01
2.715000e-03,7.144951e+00,7.005591e+00,1.294491e+00,7.474088e-01,5.622788e-01,4.411448e-01,3.606935e-01,3.023272e-01,2.598189e-01,5.771252e-01,6.924595e-01,7.421523e-01,7.680932e-01,7.750301e-01,8.261354e-01,8.623714e-01
2.717500e-03,7.147587e+00,7.007784e+00,1.280227e+00,7.474398e-01,5.622950e-01,4.411316e-01,3.606819e-01,3.023341e-01,2.598255e-01,5.764105e-01,6.918732e-01,7.413585e-01,7.678847e-01,7.759832e-01,8.268160e-01,8.621919e-01
2.720000e-03,7.149974e+00,7.010124e+00,1.265455e+00,7.474623e-01,5.623176e-01,4.411250e-01,3.606675e-01,3.023371e-01,2.598341e-01,5.757163e-01,6.912555e-01,7.405193e-01,7.678108e-01,7.768118e-01,8.271315e-01,8.620631e-01
2.722500e-03,7.152132e+00,7.012660e+00,1.249858e+00,7.474743e-01,5.623434e-01,4.411260e-01,3.606524e-01,3.023356e-01,2.598432e-01,5.750151e-01,6.905902e-01,7.396500e-01,7.678340e-01,7.775382e-01,8.270144e-01,8.618057e-01
2.725000e-03,7.154277e+00,7.015359e+00,1.236205e+00,7.474735e-01,5.623689e-01,4.411343e-01,3.606391e-01,3.023295e-01,2.598512e-01,5.743358e-01,6.898326e-01,7.387913e-01,7.679187e-01,7.781944e-01,8.265707e-01,8.611201e-01
2.727500e-03,7.156289e+00,7.019131e+00,1.250271e+00,7.474602e-01,5.623903e-01,4.411488e-01,3.606300e-01,3.023197e-01,2.598567e-01,5.736122e-01,6.889580e-01,7.379695e-01,7.680481e-01,7.787872e-01,8.259591e-01,8.598030e-01
2.730000e-03,7.158275e+00,7.022608e+00,1.264264e+00,7.474376e-01,5.624051e-01,4.411674e-01,3.606266e-01,3.023076e-01,2.598587e-01,5.729989e-01,6.879968e-01,7.371998e-01,7.682232e-01,7.792894e-01,8.253045e-01,8.578848e-01
2.732500e-03,7.160205e+00,7.025697e+00,1.276827e+00,7.474102e-01,5.624110e-01,4.411878e-01,3.606294e-01,3.022954e-01,2.598569e-01,5.722745e-01,6.869709e-01,7.365133e-01,7.684455e-01,7.796517e-01,8.246761e-01,8.555655e-01
2.735000e-03,7.162163e+00,7.028493e+00,1.288394e+00,7.473825e-01,5.624070e-01,4.412069e-01,3.606380e-01,3.022850e-01,2.598512e-01,5.714757e-01,6.859231e-01,7.359472e-01,7.687016e-01,7.798364e-01,8.240967e-01,8.530688e-01
2.737500e-03,7.164220e+00,7.031039e+00,1.298848e+00,7.473595e-01,5.623944e-01,4.412224e-01,3.606514e-01,3.022785e-01,2.598426e-01,5.707466e-01,6.849000e-01,7.355115e-01,7.689638e-01,7.798503e-01,8.235655e-01,8.505626e-01
2.740000e-03,7.166183e+00,7.033423e+00,1.308714e+00,7.473445e-01,5.623753e-01,4.412318e-01,3.606677e-01,3.022768e-01,2.598323e-01,5.698505e-01,6.838660e-01,7.351833e-01,7.692037e-01,7.797551e-01,8.230994e-01,8.481607e-01
2.742500e-03,7.168294e+00,7.035625e+00,1.317267e+00,7.473396e-01,5.623526e-01,4.412340e-01,3.606845e-01,3.022802e-01,2.598222e-01,5.688297e-01,6.827558e-01,7.349449e-01,7.694052e-01,7.796447e-01,8.227718e-01,8.459495e-01
2.745000e-03,7.170631e+00,7.037676e+00,1.324699e+00,7.473448e-01,5.623302e-01,4.412289e-01,3.606995e-01,3.022884e-01,2.598139e-01,5.679267e-01,6.816388e-01,7.348100e-01,7.695643e-01,7.796048e-01,8.226990e-01,8.440003e-01
2.747500e-03,7.172965e+00,7.039617e+00,1.331507e+00,7.473593e-01,5.623116e-01,4.412171e-01,3.607105e-01,3.023003e-01,2.598090e-01,5.668870e-01,6.806381e-01,7.347909e-01,7.696858e-01,7.796849e-01,8.229718e-01,8.423875e-01
2.750000e-03,7.175368e+00,7.041532e+00,1.336880e+00,7.473806e-01,5.622994e-01,4.412005e-01,3.607161e-01,3.023141e-01,2.598084e-01,5.657368e-01,6.796952e-01,7.348537e-01,7.697850e-01,7.798964e-01,8.235918e-01,8.411910e-01
2.752500e-03,7.177688e+00,7.043417e+00,1.341287e+00,7.474047e-01,5.622952e-01,4.411818e-01,3.607156e-01,3.023278e-01,2.598122e-01,5.645363e-01,6.786939e-01,7.349422e-01,7.698882e-01,7.802195e-01,8.244737e-01,8.405196e-01
2.755000e-03,7.180168e+00,7.045236e+00,1.344505e+00,7.474282e-01,5.622994e-01,4.411638e-01,3.607091e-01,3.023394e-01,2.598200e-01,5.632587e-01,6.777271e-01,7.350525e-01,7.700269e-01,7.806072e-01,8.254919e-01,8.404557e-01
2.757500e-03,7.182645e+00,7.047096e+00,1.346720e+00,7.474458e-01,5.623105e-01,4.411492e-01,3.606975e-01,3.023473e-01,2.598306e-01,5.619188e-01,6.769519e-01,7.352100e-01,7.702327e-01,7.809937e-01,8.265040e-01,8.409666e-01
2.760000e-03,7.186065e+00,7.048909e+00,1.347372e+00,7.474544e-01,5.623267e-01,4.411403e-01,3.606824e-01,3.023507e-01,2.598423e-01,5.604810e-01,6.763508e-01,7.353934e-01,7.705319e-01,7.813118e-01,8.273478e-01,8.418950e-01
2.762500e-03,7.190282e+00,7.050746e+00,1.346606e+00,7.474515e-01,5.623449e-01,4.411382e-01,3.606662e-01,3.023488e-01,2.598535e-01,5.592011e-01,6.758554e-01,7.355738e-01,7.709369e-01,7.815126e-01,8.278533e-01,8.430539e-01
2.765000e-03,7.194400e+00,7.052657e+00,1.344223e+00,7.474375e-01,5.623622e-01,4.411425e-01,3.606513e-01,3.023421e-01,2.598626e-01,5.577683e-01,6.754473e-01,7.357699e-01,7.714366e-01,7.815799e-01,8.278911e-01,8.442731e-01
2.767500e-03,7.198634e+00,7.054592e+00,1.340624e+00,7.474145e-01,5.623756e-01,4.411521e-01,3.606401e-01,3.023313e-01,2.598684e-01,5.563291e-01,6.751131e-01,7.359914e-01,7.720007e-01,7.815356e-01,8.274216e-01,8.454001e-01
2.770000e-03,7.202812e+00,7.056592e+00,1.335610e+00,7.473863e-01,5.623828e-01,4.411651e-01,3.606343e-01,3.023179e-01,2.598699e-01,5.549285e-01,6.749158e-01,7.362040e-01,7.725939e-01,7.814328e-01,8.265194e-01,8.462700e-01
2.772500e-03,7.207085e+00,7.058644e+00,1.328000e+00,7.473582e-01,5.623822e-01,4.411793e-01,3.606342e-01,3.023041e-01,2.598670e-01,5.535679e-01,6.749384e-01,7.363858e-01,7.731823e-01,7.813326e-01,8.253646e-01,8.467244e-01
2.775000e-03,7.211484e+00,7.060715e+00,1.318716e+00,7.473345e-01,5.623738e-01,4.411927e-01,3.606395e-01,3.022920e-01,2.598599e-01,5.521830e-01,6.750165e-01,7.365466e-01,7.737335e-01,7.812721e-01,8.242015e-01,8.466505e-01
2.777500e-03,7.215743e+00,7.062947e+00,1.306804e+00,7.473187e-01,5.623591e-01,4.412030e-01,3.606488e-01,3.022836e-01,2.598495e-01,5.507857e-01,6.749892e-01,7.367094e-01,7.742181e-01,7.812441e-01,8.232639e-01,8.460361e-01
2.780000e-03,7.219844e+00,7.065306e+00,1.293169e+00,7.473133e-01,5.623410e-01,4.412084e-01,3.606604e-01,3.022799e-01,2.598374e-01,5.495108e-01,6.749726e-01,7.369079e-01,7.746176e-01,7.812031e-01,8.226868e-01,8.449814e-01
2.782500e-03,7.223743e+00,7.067809e+00,1.278190e+00,7.473200e-01,5.623227e-01,4.412079e-01,3.606726e-01,3.022811e-01,2.598253e-01,5.482694e-01,6.751699e-01,7.371691e-01,7.749252e-01,7.810915e-01,8.224586e-01,8.436920e-01
2.785000e-03,7.227720e+00,7.070398e+00,1.262535e+00,7.473364e-01,5.623073e-01,4.412016e-01,3.606836e-01,3.022866e-01,2.598152e-01,5.471180e-01,6.755041e-01,7.374934e-01,7.751344e-01,7.808707e-01,8.224496e-01,8.424120e-01
2.787500e-03,7.231379e+00,7.073258e+00,1.244696e+00,7.473623e-01,5.622978e-01,4.411908e-01,3.606916e-01,3.022952e-01,2.598086e-01,5.458564e-01,6.757562e-01,7.378731e-01,7.752303e-01,7.805409e-01,8.224937e-01,8.413564e-01
2.790000e-03,7.234790e+00,7.076358e+00,1.225368e+00,7.473935e-01,5.622957e-01,4.411774e-01,3.606955e-01,3.023054e-01,2.598062e-01,5.447335e-01,6.758958e-01,7.383036e-01,7.751972e-01,7.801375e-01,8.224648e-01,8.406346e-01
2.792500e-03,7.237753e+00,7.079845e+00,1.204099e+00,7.474252e-01,5.623008e-01,4.411641e-01,3.606943e-01,3.023158e-01,2.598081e-01,5.437515e-01,6.760450e-01,7.387659e-01,7.750314e-01,7.797039e-01,8.223171e-01,8.402589e-01
2.795000e-03,7.240539e+00,7.084206e+00,1.195007e+00,7.474533e-01,5.623133e-01,4.411535e-01,3.606885e-01,3.023250e-01,2.598136e-01,5.429490e-01,6.763179e-01,7.392129e-01,7.747477e-01,7.792629e-01,8.220756e-01,8.401505e-01
2.797500e-03,7.243007e+00,7.089411e+00,1.214379e+00,7.474731e-01,5.623311e-01,4.411473e-01,3.606791e-01,3.023315e-01,2.598215e-01,5.421486e-01,6.766604e-01,7.395901e-01,7.743750e-01,7.788126e-01,8.217860e-01,8.401890e-01
2.800000e-03,7.245128e+00,7.094000e+00,1.233702e+00,7.474817e-01,5.623517e-01,4.411465e-01,3.606680e-01,3.023342e-01,2.598308e-01,5.413295e-01,6.769531e-01,7.398827e-01,7.739427e-01,7.783454e-01,8.214767e-01,8.402740e-01
2.802500e-03,7.247105e+00,7.097897e+00,1.250397e+00,7.474781e-01,5.623722e-01,4.411516e-01,3.606574e-01,3.023328e-01,2.598400e-01,5.406867e-01,6.771944e-01,7.401120e-01,7.734753e-01,7.778773e-01,8.211746e-01,8.403602e-01
2.805000e-03,7.249000e+00,7.101404e+00,1.266476e+00,7.474634e-01,5.623895e-01,4.411615e-01,3.606493e-01,3.023274e-01,2.598479e-01,5.401505e-01,6.774458e-01,7.402905e-01,7.730018e-01,7.774575e-01,8.209350e-01,8.404519e-01
2.807500e-03,7.250534e+00,7.104521e+00,1.281323e+00,7.474400e-01,5.624007e-01,4.411750e-01,3.606451e-01,3.023191e-01,2.598532e-01,5.396079e-01,6.777267e-01,7.404151e-01,7.725543e-01,7.771413e-01,8.208525e-01,8.405585e-01
2.810000e-03,7.252452e+00,7.107257e+00,1.294690e+00,7.474115e-01,5.624041e-01,4.411901e-01,3.606455e-01,3.023097e-01,2.598552e-01,5.391225e-01,6.781124e-01,7.404647e-01,7.721532e-01,7.769521e-01,8.210285e-01,8.406671e-01
2.812500e-03,7.254611e+00,7.109819e+00,1.306029e+00,7.473828e-01,5.623989e-01,4.412048e-01,3.606504e-01,3.023010e-01,2.598535e-01,5.386523e-01,6.785260e-01,7.404087e-01,7.718002e-01,7.768744e-01,8.214878e-01,8.408146e-01
2.815000e-03,7.256577e+00,7.112169e+00,1.315980e+00,7.473571e-01,5.623859e-01,4.412165e-01,3.606590e-01,3.022945e-01,2.598484e-01,5.382406e-01,6.788241e-01,7.402480e-01,7.714897e-01,7.768750e-01,8.221346e-01,8.411192e-01
2.817500e-03,7.258464e+00,7.114369e+00,1.324937e+00,7.473379e-01,5.623671e-01,4.412234e-01,3.606701e-01,3.022914e-01,2.598410e-01,5.378265e-01,6.789524e-01,7.400119e-01,7.712239e-01,7.769251e-01,8.228144e-01,8.416817e-01
2.820000e-03,7.260272e+00,7.116411e+00,1.332330e+00,7.473276e-01,5.623455e-01,4.412241e-01,3.606821e-01,3.022922e-01,2.598329e-01,5.374499e-01,6.789288e-01,7.397278e-01,7.710129e-01,7.770161e-01,8.233838e-01,8.425264e-01
2.822500e-03,7.262301e+00,7.118249e+00,1.337984e+00,7.473273e-01,5.623241e-01,4.412182e-01,3.606932e-01,3.022965e-01,2.598254e-01,5.370762e-01,6.789075e-01,7.394339e-01,7.708602e-01,7.771678e-01,8.237285e-01,8.435626e-01
2.825000e-03,7.264100e+00,7.120055e+00,1.342175e+00,7.473367e-01,5.623059e-01,4.412066e-01,3.607016e-01,3.023039e-01,2.598201e-01,5.366205e-01,6.789591e-01,7.391420e-01,7.707499e-01,7.774174e-01,8.237931e-01,8.446102e-01
2.827500e-03,7.265855e+00,7.121705e+00,1.345039e+00,7.473541e-01,5.622933e-01,4.411912e-01,3.607056e-01,3.023132e-01,2.598177e-01,5.362117e-01,6.789955e-01,7.388258e-01,7.706569e-01,7.777897e-01,8.236085e-01,8.454971e-01
2.830000e-03,7.267474e+00,7.123238e+00,1.347481e+00,7.473763e-01,5.622879e-01,4.411740e-01,3.607045e-01,3.023230e-01,2.598186e-01,5.358249e-01,6.789536e-01,7.384906e-01,7.705690e-01,7.782737e-01,8.232596e-01,8.460719e-01
2.832500e-03,7.268989e+00,7.124666e+00,1.348243e+00,7.473995e-01,5.622903e-01,4.411577e-01,3.606981e-01,3.023317e-01,2.598226e-01,5.354651e-01,6.788619e-01,7.381646e-01,7.704959e-01,7.788263e-01,8.228153e-01,8.461516e-01
2.835000e-03,7.270478e+00,7.125956e+00,1.348171e+00,7.474204e-01,5.622999e-01,4.411446e-01,3.606875e-01,3.023380e-01,2.598290e-01,5.350473e-01,6.786561e-01,7.378215e-01,7.704595e-01,7.793955e-01,8.222939e-01,8.456952e-01
2.837500e-03,7.272018e+00,7.127107e+00,1.347195e+00,7.474350e-01,5.623149e-01,4.411363e-01,3.606741e-01,3.023405e-01,2.598369e-01,5.345953e-01,6.782367e-01,7.373892e-01,7.704828e-01,7.799428e-01,8.216884e-01,8.447122e-01
2.840000e-03,7.273395e+00,7.128199e+00,1.345409e+00,7.474411e-01,5.623330e-01,4.411341e-01,3.606598e-01,3.023386e-01,2.598450e-01,5.341407e-01,6.777557e-01,7.368530e-01,7.705786e-01,7.804475e-01,8.210146e-01,8.433291e-01
2.842500e-03,7.274683e+00,7.129211e+00,1.343229e+00,7.474381e-01,5.623519e-01,4.411381e-01,3.606471e-01,3.023327e-01,2.598520e-01,5.336991e-01,6.774070e-01,7.362714e-01,7.707428e-01,7.809010e-01,8.203301e-01,8.416238e-01
2.845000e-03,7.275900e+00,7.130141e+00,1.340324e+00,7.474266e-01,5.623683e-01,4.411473e-01,3.606376e-01,3.023233e-01,2.598567e-01,5.332717e-01,6.770807e-01,7.357063e-01,7.709616e-01,7.812977e-01,8.197108e-01,8.396618e-01
2.847500e-03,7.277129e+00,7.130977e+00,1.337457e+00,7.474091e-01,5.623798e-01,4.411603e-01,3.606326e-01,3.023118e-01,2.598581e-01,5.327931e-01,6.765770e-01,7.352133e-01,7.712243e-01,7.816280e-01,8.192228e-01,8.375085e-01
2.850000e-03,7.278318e+00,7.131740e+00,1.334629e+00,7.473892e-01,5.623848e-01,4.411753e-01,3.606328e-01,3.023001e-01,2.598558e-01,5.323046e-01,6.759105e-01,7.348496e-01,7.715216e-01,7.818721e-01,8.189036e-01,8.352641e-01
2.852500e-03,7.279503e+00,7.132450e+00,1.331617e+00,7.473702e-01,5.623827e-01,4.411902e-01,3.606379e-01,3.022901e-01,2.598500e-01,5.318005e-01,6.752266e-01,7.346217e-01,7.718324e-01,7.819980e-01,8.187500e-01,8.330812e-01
2.855000e-03,7.280684e+00,7.133122e+00,1.328436e+00,7.473550e-01,5.623740e-01,4.412029e-01,3.606470e-01,3.022831e-01,2.598415e-01,5.312602e-01,6.746105e-01,7.344688e-01,7.721211e-01,7.819669e-01,8.187101e-01,8.310906e-01
2.857500e-03,7.281852e+00,7.133780e+00,1.324913e+00,7.473472e-01,5.623610e-01,4.412115e-01,3.606589e-01,3.022801e-01,2.598316e-01,5.307135e-01,6.740140e-01,7.343446e-01,7.723477e-01,7.817463e-01,8.186974e-01,8.294187e-01
2.860000e-03,7.283079e+00,7.134412e+00,1.321095e+00,7.473472e-01,5.623457e-01,4.412147e-01,3.606719e-01,3.022815e-01,2.598219e-01,5.301442e-01,6.733609e-01,7.342639e-01,7.724762e-01,7.813239e-01,8.186213e-01,8.281678e-01
2.862500e-03,7.284344e+00,7.135041e+00,1.317026e+00,7.473553e-01,5.623309e-01,4.412122e-01,3.606841e-01,3.022868e-01,2.598139e-01,5.295372e-01,6.726752e-01,7.342520e-01,7.724830e-01,7.807185e-01,8.184146e-01,8.273429e-01
2.865000e-03,7.285657e+00,7.135673e+00,1.312880e+00,7.473717e-01,5.623196e-01,4.412047e-01,3.606939e-01,3.022953e-01,2.598087e-01,5.288911e-01,6.720596e-01,7.343065e-01,7.723695e-01,7.799762e-01,8.180552e-01,8.269443e-01
2.867500e-03,7.286993e+00,7.136323e+00,1.308236e+00,7.473936e-01,5.623127e-01,4.411937e-01,3.607000e-01,3.023058e-01,2.598071e-01,5.282360e-01,6.715227e-01,7.344072e-01,7.721596e-01,7.791479e-01,8.175695e-01,8.269375e-01
2.870000e-03,7.288386e+00,7.136996e+00,1.303281e+00,7.474173e-01,5.623114e-01,4.411814e-01,3.607012e-01,3.023168e-01,2.598093e-01,5.275575e-01,6.709939e-01,7.345390e-01,7.718777e-01,7.782599e-01,8.170009e-01,8.272650e-01
2.872500e-03,7.289795e+00,7.137706e+00,1.298044e+00,7.474388e-01,5.623164e-01,4.411701e-01,3.606978e-01,3.023268e-01,2.598148e-01,5.268712e-01,6.704655e-01,7.346887e-01,7.715364e-01,7.773045e-01,8.163524e-01,8.278804e-01
2.875000e-03,7.291267e+00,7.138452e+00,1.292490e+00,7.474543e-01,5.623268e-01,4.411610e-01,3.606903e-01,3.023344e-01,2.598229e-01,5.261760e-01,6.699677e-01,7.348322e-01,7.711479e-01,7.762597e-01,8.155591e-01,8.287426e-01
2.877500e-03,7.292777e+00,7.139265e+00,1.286358e+00,7.474607e-01,5.623407e-01,4.411557e-01,3.606804e-01,3.023386e-01,2.598323e-01,5.254664e-01,6.695481e-01,7.349419e-01,7.707317e-01,7.751246e-01,8.145453e-01,8.298300e-01
2.880000e-03,7.294303e+00,7.140154e+00,1.279739e+00,7.474569e-01,5.623561e-01,4.411551e-01,3.606698e-01,3.023387e-01,2.598418e-01,5.247561e-01,6.692365e-01,7.350100e-01,7.703045e-01,7.739402e-01,8.133205e-01,8.310767e-01
2.882500e-03,7.295832e+00,7.141126e+00,1.272619e+00,7.474435e-01,5.623700e-01,4.411590e-01,3.606602e-01,3.023348e-01,2.598502e-01,5.240581e-01,6.690124e-01,7.350434e-01,7.698650e-01,7.727825e-01,8.120177e-01,8.323443e-01
2.885000e-03,7.297346e+00,7.142204e+00,1.264921e+00,7.474226e-01,5.623800e-01,4.411667e-01,3.606531e-01,3.023278e-01,2.598563e-01,5.233780e-01,6.688564e-01,7.350333e-01,7.693977e-01,7.717385e-01,8.108338e-01,8.334521e-01
2.887500e-03,7.298824e+00,7.143404e+00,1.256660e+00,7.473975e-01,5.623838e-01,4.411770e-01,3.606494e-01,3.023189e-01,2.598592e-01,5.227059e-01,6.687639e-01,7.349539e-01,7.688905e-01,7.708761e-01,8.099364e-01,8.343234e-01
2.890000e-03,7.300227e+00,7.144725e+00,1.247596e+00,7.473719e-01,5.623808e-01,4.411882e-01,3.606496e-01,3.023096e-01,2.598586e-01,5.220939e-01,6.687329e-01,7.347860e-01,7.683464e-01,7.702236e-01,8.093853e-01,8.350216e-01
2.892500e-03,7.301627e+00,7.146154e+00,1.238068e+00,7.473495e-01,5.623712e-01,4.411981e-01,3.606534e-01,3.023016e-01,2.598545e-01,5.215113e-01,6.687569e-01,7.345267e-01,7.677789e-01,7.697690e-01,8.091075e-01,8.357076e-01
2.895000e-03,7.303025e+00,7.147702e+00,1.228284e+00,7.473326e-01,5.623569e-01,4.412050e-01,3.606602e-01,3.022960e-01,2.598477e-01,5.209235e-01,6.688268e-01,7.341816e-01,7.672014e-01,7.694764e-01,8.089405e-01,8.365082e-01
2.897500e-03,7.304316e+00,7.149355e+00,1.218641e+00,7.473241e-01,5.623399e-01,4.412072e-01,3.606689e-01,3.022934e-01,2.598394e-01,5.203733e-01,6.689272e-01,7.337609e-01,7.666229e-01,7.693084e-01,8.087202e-01,8.374603e-01
2.900000e-03,7.305514e+00,7.151632e+00,1.221259e+00,7.473248e-01,5.623230e-01,4.412042e-01,3.606779e-01,3.022940e-01,2.598312e-01,5.198882e-01,6.690496e-01,7.332781e-01,7.660510e-01,7.692429e-01,8.083460e-01,8.384452e-01
2.902500e-03,7.306650e+00,7.154113e+00,1.230729e+00,7.473349e-01,5.623087e-01,4.411965e-01,3.606858e-01,3.022976e-01,2.598244e-01,5.194169e-01,6.691907e-01,7.327447e-01,7.654924e-01,7.692772e-01,8.078000e-01,8.392512e-01
2.905000e-03,7.307604e+00,7.156523e+00,1.240524e+00,7.473531e-01,5.622992e-01,4.411854e-01,3.606908e-01,3.023036e-01,2.598197e-01,5.190402e-01,6.693429e-01,7.321686e-01,7.649516e-01,7.694217e-01,8.071319e-01,8.396873e-01
2.907500e-03,7.308453e+00,7.158800e+00,1.250455e+00,7.473766e-01,5.622955e-01,4.411727e-01,3.606918e-01,3.023111e-01,2.598178e-01,5.187205e-01,6.694381e-01,7.315559e-01,7.644291e-01,7.696832e-01,8.064233e-01,8.396362e-01
2.910000e-03,7.309221e+00,7.160901e+00,1.260147e+00,7.474013e-01,5.622983e-01,4.411607e-01,3.606887e-01,3.023188e-01,2.598186e-01,5.184343e-01,6.694415e-01,7.309087e-01,7.639219e-01,7.700497e-01,8.057509e-01,8.390769e-01
2.912500e-03,7.309898e+00,7.162811e+00,1.269534e+00,7.474238e-01,5.623076e-01,4.411512e-01,3.606818e-01,3.023253e-01,2.598221e-01,5.181934e-01,6.693963e-01,7.302296e-01,7.634261e-01,7.704893e-01,8.051662e-01,8.380648e-01
2.915000e-03,7.310556e+00,7.164553e+00,1.278497e+00,7.474407e-01,5.623221e-01,4.411454e-01,3.606724e-01,3.023291e-01,2.598276e-01,5.179634e-01,6.693535e-01,7.295292e-01,7.629436e-01,7.709603e-01,8.047045e-01,8.367321e-01
2.917500e-03,7.311094e+00,7.166145e+00,1.287147e+00,7.474500e-01,5.623395e-01,4.411441e-01,3.606622e-01,3.023296e-01,2.598342e-01,5.177765e-01,6.693176e-01,7.288186e-01,7.624858e-01,7.714246e-01,8.044076e-01,8.351859e-01
2.920000e-03,7.311526e+00,7.167614e+00,1.295110e+00,7.474509e-01,5.623574e-01,4.411479e-01,3.606531e-01,3.023265e-01,2.598408e-01,5.176546e-01,6.692045e-01,7.281027e-01,7.620666e-01,7.718493e-01,8.043349e-01,8.335283e-01
2.922500e-03,7.312028e+00,7.168913e+00,1.302420e+00,7.474436e-01,5.623732e-01,4.411563e-01,3.606463e-01,3.023205e-01,2.598463e-01,5.175093e-01,6.689089e-01,7.273923e-01,7.616940e-01,7.721965e-01,8.045407e-01,8.318584e-01
2.925000e-03,7.312555e+00,7.170099e+00,1.309241e+00,7.474297e-01,5.623845e-01,4.411681e-01,3.606427e-01,3.023126e-01,2.598494e-01,5.173079e-01,6.684670e-01,7.267058e-01,7.613706e-01,7.724140e-01,8.050269e-01,8.302707e-01
2.927500e-03,7.313068e+00,7.171167e+00,1.315673e+00,7.474114e-01,5.623897e-01,4.411819e-01,3.606431e-01,3.023044e-01,2.598495e-01,5.170787e-01,6.679892e-01,7.260490e-01,7.610962e-01,7.724451e-01,8.057099e-01,8.288965e-01
2.930000e-03,7.313544e+00,7.172133e+00,1.321604e+00,7.473919e-01,5.623882e-01,4.411956e-01,3.606474e-01,3.022972e-01,2.598466e-01,5.168285e-01,6.675346e-01,7.254098e-01,7.608649e-01,7.722529e-01,8.064460e-01,8.278878e-01
2.932500e-03,7.313999e+00,7.173015e+00,1.327073e+00,7.473742e-01,5.623807e-01,4.412070e-01,3.606552e-01,3.022921e-01,2.598413e-01,5.165800e-01,6.670650e-01,7.247906e-01,7.606598e-01,7.718415e-01,8.071007e-01,8.273671e-01
2.935000e-03,7.314436e+00,7.173843e+00,1.331847e+00,7.473608e-01,5.623684e-01,4.412145e-01,3.606655e-01,3.022898e-01,2.598346e-01,5.163308e-01,6.665072e-01,7.242327e-01,7.604542e-01,7.712521e-01,8.076107e-01,8.273501e-01
2.937500e-03,7.315004e+00,7.174579e+00,1.335864e+00,7.473539e-01,5.623532e-01,4.412170e-01,3.606769e-01,3.022907e-01,2.598278e-01,5.160191e-01,6.658829e-01,7.237779e-01,7.602202e-01,7.705399e-01,8.079871e-01,8.277890e-01
2.940000e-03,7.315647e+00,7.175240e+00,1.339349e+00,7.473547e-01,5.623376e-01,4.412142e-01,3.606876e-01,3.022949e-01,2.598220e-01,5.156382e-01,6.652591e-01,7.234170e-01,7.599395e-01,7.697524e-01,8.082654e-01,8.286277e-01
2.942500e-03,7.316373e+00,7.175853e+00,1.342225e+00,7.473624e-01,5.623237e-01,4.412069e-01,3.606960e-01,3.023018e-01,2.598181e-01,5.151971e-01,6.646678e-01,7.231133e-01,7.596057e-01,7.689302e-01,8.084510e-01,8.297917e-01
2.945000e-03,7.317190e+00,7.176447e+00,1.344324e+00,7.473756e-01,5.623135e-01,4.411960e-01,3.607008e-01,3.023105e-01,2.598166e-01,5.146921e-01,6.640816e-01,7.228525e-01,7.592183e-01,7.681188e-01,8.085183e-01,8.312350e-01
2.947500e-03,7.318132e+00,7.177014e+00,1.345836e+00,7.473925e-01,5.623086e-01,4.411834e-01,3.607013e-01,3.023199e-01,2.598179e-01,5.141108e-01,6.634550e-01,7.226430e-01,7.587814e-01,7.673752e-01,8.084562e-01,8.329369e-01
2.950000e-03,7.319170e+00,7.177571e+00,1.346915e+00,7.474095e-01,5.623091e-01,4.411709e-01,3.606974e-01,3.023285e-01,2.598220e-01,5.134563e-01,6.628018e-01,7.224886e-01,7.583110e-01,7.667576e-01,8.083100e-01,8.348219e-01
2.952500e-03,7.320381e+00,7.178141e+00,1.347584e+00,7.474236e-01,5.623151e-01,4.411603e-01,3.606900e-01,3.023348e-01,2.598283e-01,5.127493e-01,6.621975e-01,7.223713e-01,7.578398e-01,7.663055e-01,8.081683e-01,8.367349e-01
2.955000e-03,7.322112e+00,7.178735e+00,1.347797e+00,7.474319e-01,5.623254e-01,4.411530e-01,3.606801e-01,3.023379e-01,2.598359e-01,5.120123e-01,6.616650e-01,7.222675e-01,7.574083e-01,7.660273e-01,8.081001e-01,8.385046e-01
2.957500e-03,7.323975e+00,7.179368e+00,1.347691e+00,7.474333e-01,5.623384e-01,4.411497e-01,3.606692e-01,3.023373e-01,2.598439e-01,5.112292e-01,6.611882e-01,7.221673e-01,7.570475e-01,7.659075e-01,8.081159e-01,8.400262e-01
2.960000e-03,7.325958e+00,7.180041e+00,1.347170e+00,7.474273e-01,5.623516e-01,4.411509e-01,3.606591e-01,3.023332e-01,2.598508e-01,5.103989e-01,6.607461e-01,7.220671e-01,7.567724e-01,7.659277e-01,8.082009e-01,8.413269e-01
2.962500e-03,7.328036e+00,7.180760e+00,1.346446e+00,7.474149e-01,5.623627e-01,4.411563e-01,3.606510e-01,3.023263e-01,2.598555e-01,5.095285e-01,6.603391e-01,7.219500e-01,7.565898e-01,7.660759e-01,8.083719e-01,8.424439e-01
2.965000e-03,7.330166e+00,7.181542e+00,1.346041e+00,7.473992e-01,5.623696e-01,4.411650e-01,3.606457e-01,3.023176e-01,2.598574e-01,5.086283e-01,6.599901e-01,7.217932e-01,7.565050e-01,7.663436e-01,8.086768e-01,8.433664e-01
2.967500e-03,7.332332e+00,7.182379e+00,1.345563e+00,7.473808e-01,5.623712e-01,4.411755e-01,3.606441e-01,3.023084e-01,2.598561e-01,5.077233e-01,6.597107e-01,7.215871e-01,7.565184e-01,7.667192e-01,8.091397e-01,8.440236e-01
2.970000e-03,7.334612e+00,7.183263e+00,1.345018e+00,7.473637e-01,5.623677e-01,4.411860e-01,3.606462e-01,3.023000e-01,2.598519e-01,5.067609e-01,6.594761e-01,7.213385e-01,7.566187e-01,7.671839e-01,8.097183e-01,8.444102e-01
2.972500e-03,7.336825e+00,7.184208e+00,1.344352e+00,7.473505e-01,5.623600e-01,4.411946e-01,3.606517e-01,3.022936e-01,2.598453e-01,5.058151e-01,6.592654e-01,7.210742e-01,7.567876e-01,7.677162e-01,8.103086e-01,8.446253e-01
2.975000e-03,7.338981e+00,7.185222e+00,1.343524e+00,7.473436e-01,5.623490e-01,4.411998e-01,3.606597e-01,3.022898e-01,2.598375e-01,5.048898e-01,6.590793e-01,7.208282e-01,7.570110e-01,7.683040e-01,8.107927e-01,8.447553e-01
2.977500e-03,7.341116e+00,7.186279e+00,1.342364e+00,7.473442e-01,5.623370e-01,4.412011e-01,3.606689e-01,3.022893e-01,2.598295e-01,5.039716e-01,6.589285e-01,7.206206e-01,7.572817e-01,7.689544e-01,8.111048e-01,8.448132e-01
2.980000e-03,7.343260e+00,7.187375e+00,1.340937e+00,7.473526e-01,5.623258e-01,4.411984e-01,3.606777e-01,3.022919e-01,2.598224e-01,5.030391e-01,6.587820e-01,7.204650e-01,7.575936e-01,7.696929e-01,8.112642e-01,8.447384e-01
2.982500e-03,7.345381e+00,7.188473e+00,1.339456e+00,7.473680e-01,5.623173e-01,4.411923e-01,3.606846e-01,3.022973e-01,2.598173e-01,5.020995e-01,6.586220e-01,7.203734e-01,7.579364e-01,7.705511e-01,8.113632e-01,8.443677e-01
2.985000e-03,7.347422e+00,7.189597e+00,1.337841e+00,7.473876e-01,5.623127e-01,4.411841e-01,3.606885e-01,3.023045e-01,2.598147e-01,5.011803e-01,6.584439e-01,7.203434e-01,7.582996e-01,7.715530e-01,8.115262e-01,8.436096e-01
2.987500e-03,7.349358e+00,7.190735e+00,1.335625e+00,7.474093e-01,5.623134e-01,4.411752e-01,3.606889e-01,3.023125e-01,2.598149e-01,5.002971e-01,6.582460e-01,7.203594e-01,7.586798e-01,7.727025e-01,8.118673e-01,8.424673e-01
2.990000e-03,7.351317e+00,7.191853e+00,1.333299e+00,7.474291e-01,5.623194e-01,4.411673e-01,3.606860e-01,3.023199e-01,2.598178e-01,4.993852e-01,6.580427e-01,7.204070e-01,7.590875e-01,7.739788e-01,8.124643e-01,8.410312e-01
2.992500e-03,7.353264e+00,7.192951e+00,1.330394e+00,7.474438e-01,5.623297e-01,4.411615e-01,3.606806e-01,3.023256e-01,2.598230e-01,4.984601e-01,6.578639e-01,7.204795e-01,7.595464e-01,7.753399e-01,8.133395e-01,8.394321e-01
2.995000e-03,7.355186e+00,7.194059e+00,1.327002e+00,7.474515e-01,5.623433e-01,4.411587e-01,3.606736e-01,3.023286e-01,2.598297e-01,4.975338e-01,6.577059e-01,7.205783e-01,7.600859e-01,7.767310e-01,8.144536e-01,8.377954e-01
2.997500e-03,7.356922e+00,7.195195e+00,1.323227e+00,7.474514e-01,5.623577e-01,4.411597e-01,3.606664e-01,3.023284e-01,2.598370e-01,4.966799e-01,6.575521e-01,7.207085e-01,7.607320e-01,7.780930e-01,8.157196e-01,8.362372e-01
3.000000e-03,7.358604e+00,7.196330e+00,1.318961e+00,7.474437e-01,5.623703e-01,4.411644e-01,3.606600e-01,3.023256e-01,2.598435e-01,4.958363e-01,6.573734e-01,7.208764e-01,7.614982e-01,7.793689e-01,8.170321e-01,8.348516e-01
3.000150e-03,7.358696e+00,7.199188e+00,1.296194e+00,7.473657e-01,5.621331e-01,4.411659e-01,3.606160e-01,3.022986e-01,2.597554e-01,4.958302e-01,6.573305e-01,7.208555e-01,7.615204e-01,7.793962e-01,8.171109e-01,8.347867e-01
3.002500e-03,7.356112e+00,7.198064e+00,1.304316e+00,7.474246e-01,5.624776e-01,4.412575e-01,3.606323e-01,3.022542e-01,2.597931e-01,4.967770e-01,6.571691e-01,7.210789e-01,7.623755e-01,7.804914e-01,8.182840e-01,8.338074e-01
3.005000e-03,7.364629e+00,7.198860e+00,1.307869e+00,7.474094e-01,5.623610e-01,4.411569e-01,3.606539e-01,3.023122e-01,2.598737e-01,4.932220e-01,6.556380e-01,7.213503e-01,7.633620e-01,7.814588e-01,8.194296e-01,8.334128e-01
3.007500e-03,7.363257e+00,7.199959e+00,1.300713e+00,7.473432e-01,5.623728e-01,4.411753e-01,3.606328e-01,3.023145e-01,2.598332e-01,4.932329e-01,6.581509e-01,7.214650e-01,7.644126e-01,7.822204e-01,8.204090e-01,8.318199e-01
3.010000e-03,7.366117e+00,7.201293e+00,1.294165e+00,7.474311e-01,5.623785e-01,4.411754e-01,3.606404e-01,3.022739e-01,2.598388e-01,4.920454e-01,6.617562e-01,7.210314e-01,7.654636e-01,7.827518e-01,8.211830e-01,8.314612e-01
3.012500e-03,7.366979e+00,7.202313e+00,1.287795e+00,7.474627e-01,5.624071e-01,4.411946e-01,3.606541e-01,3.022857e-01,2.598243e-01,4.913126e-01,6.558722e-01,7.216567e-01,7.663326e-01,7.830194e-01,8.217134e-01,8.315788e-01
3.015000e-03,7.369153e+00,7.203484e+00,1.281144e+00,7.475061e-01,5.623646e-01,4.412099e-01,3.606645e-01,3.022904e-01,2.598257e-01,4.902652e-01,6.536807e-01,7.242155e-01,7.669291e-01,7.829738e-01,8.219629e-01,8.313470e-01
3.017500e-03,7.370591e+00,7.204634e+00,1.274019e+00,7.476060e-01,5.623992e-01,4.411956e-01,3.606645e-01,3.022828e-01,2.598160e-01,4.894159e-01,6.550092e-01,7.268511e-01,7.675916e-01,7.825678e-01,8.218916e-01,8.310858e-01
3.020000e-03,7.372187e+00,7.205766e+00,1.267750e+00,7.464137e-01,5.624322e-01,4.412252e-01,3.606885e-01,3.022988e-01,2.598137e-01,4.885293e-01,6.552682e-01,7.276908e-01,7.688702e-01,7.818075e-01,8.214808e-01,8.310237e-01
3.022500e-03,7.373760e+00,7.206968e+00,1.260675e+00,7.461519e-01,5.625870e-01,4.412252e-01,3.607000e-01,3.022996e-01,2.598148e-01,4.876581e-01,6.584012e-01,7.257705e-01,7.706745e-01,7.808133e-01,8.206897e-01,8.310446e-01
3.025000e-03,7.375147e+00,7.208205e+00,1.253468e+00,7.468748e-01,5.621400e-01,4.412444e-01,3.607007e-01,3.023087e-01,2.598116e-01,4.868479e-01,6.598302e-01,7.244465e-01,7.723681e-01,7.798168e-01,8.194468e-01,8.311960e-01
3.027500e-03,7.376399e+00,7.209511e+00,1.245879e+00,7.471567e-01,5.616457e-01,4.413579e-01,3.607168e-01,3.023302e-01,2.598195e-01,4.860883e-01,6.578507e-01,7.259868e-01,7.734992e-01,7.790402e-01,8.178906e-01,8.314959e-01
3.030000e-03,7.377574e+00,7.210871e+00,1.238216e+00,7.477232e-01,5.616638e-01,4.412806e-01,3.607263e-01,3.023384e-01,2.598195e-01,4.853692e-01,6.561619e-01,7.284798e-01,7.736241e-01,7.785476e-01,8.165414e-01,8.317712e-01
3.032500e-03,7.378571e+00,7.212290e+00,1.230015e+00,7.471724e-01,5.619868e-01,4.408629e-01,3.608049e-01,3.023433e-01,2.598326e-01,4.847022e-01,6.567365e-01,7.298494e-01,7.725965e-01,7.782492e-01,8.159230e-01,8.318589e-01
3.035000e-03,7.379604e+00,7.213762e+00,1.221519e+00,7.472507e-01,5.621051e-01,4.407011e-01,3.608448e-01,3.023561e-01,2.598482e-01,4.840238e-01,6.584721e-01,7.298914e-01,7.712549e-01,7.780426e-01,8.160669e-01,8.319519e-01
3.037500e-03,7.380565e+00,7.215303e+00,1.212933e+00,7.474413e-01,5.622781e-01,4.407574e-01,3.606111e-01,3.024094e-01,2.598519e-01,4.833794e-01,6.594982e-01,7.302298e-01,7.706469e-01,7.778587e-01,8.165470e-01,8.325839e-01
3.040000e-03,7.381375e+00,7.216908e+00,1.204394e+00,7.473563e-01,5.626478e-01,4.409206e-01,3.603694e-01,3.024810e-01,2.598596e-01,4.827963e-01,6.596638e-01,7.321963e-01,7.709126e-01,7.775795e-01,8.168541e-01,8.341288e-01
3.042500e-03,7.382110e+00,7.218905e+00,1.204086e+00,7.473205e-01,5.622957e-01,4.410027e-01,3.603330e-01,3.024013e-01,2.599013e-01,4.822432e-01,6.598919e-01,7.348722e-01,7.715211e-01,7.770798e-01,8.166726e-01,8.364346e-01
3.045000e-03,7.382737e+00,7.221177e+00,1.213175e+00,7.472873e-01,5.622141e-01,4.410506e-01,3.603866e-01,3.021854e-01,2.599692e-01,4.817436e-01,6.606491e-01,7.366041e-01,7.720782e-01,7.764058e-01,8.159733e-01,8.388745e-01
3.047500e-03,7.383124e+00,7.223328e+00,1.222543e+00,7.472490e-01,5.623668e-01,4.411981e-01,3.604781e-01,3.020641e-01,2.599700e-01,4.813614e-01,6.616194e-01,7.370024e-01,7.723971e-01,7.758133e-01,8.149447e-01,8.407554e-01
3.050000e-03,7.383247e+00,7.225377e+00,1.232280e+00,7.472338e-01,5.623376e-01,4.414398e-01,3.605316e-01,3.020695e-01,2.598417e-01,4.811166e-01,6.625077e-01,7.366371e-01,7.722693e-01,7.755781e-01,8.138320e-01,8.416099e-01
3.052500e-03,7.383305e+00,7.227226e+00,1.242069e+00,7.472712e-01,5.623154e-01,4.411854e-01,3.605696e-01,3.021113e-01,2.596917e-01,4.809046e-01,6.633717e-01,7.360462e-01,7.717123e-01,7.757998e-01,8.128247e-01,8.413926e-01
3.055000e-03,7.383444e+00,7.228880e+00,1.251500e+00,7.473055e-01,5.623009e-01,4.410746e-01,3.606059e-01,3.021667e-01,2.596372e-01,4.806413e-01,6.643504e-01,7.356312e-01,7.712071e-01,7.763839e-01,8.120518e-01,8.403938e-01
3.057500e-03,7.383669e+00,7.230364e+00,1.259894e+00,7.473309e-01,5.622767e-01,4.411810e-01,3.607541e-01,3.022027e-01,2.596527e-01,4.803373e-01,6.654561e-01,7.356680e-01,7.713421e-01,7.771672e-01,8.116059e-01,8.389770e-01
3.060000e-03,7.383694e+00,7.231681e+00,1.267821e+00,7.473747e-01,5.622429e-01,4.411886e-01,3.608909e-01,3.022254e-01,2.596838e-01,4.801787e-01,6.665281e-01,7.361569e-01,7.721896e-01,7.780329e-01,8.115378e-01,8.373728e-01
3.062500e-03,7.383323e+00,7.232807e+00,1.275598e+00,7.474443e-01,5.622156e-01,4.411978e-01,3.606718e-01,3.022575e-01,2.597188e-01,4.802454e-01,6.673399e-01,7.368252e-01,7.732343e-01,7.789155e-01,8.118362e-01,8.357307e-01
3.065000e-03,7.382663e+00,7.233778e+00,1.283404e+00,7.475280e-01,5.622148e-01,4.411790e-01,3.605924e-01,3.022875e-01,2.597437e-01,4.804945e-01,6.678487e-01,7.373225e-01,7.739299e-01,7.797344e-01,8.124351e-01,8.341682e-01
3.067500e-03,7.381833e+00,7.234570e+00,1.290786e+00,7.476014e-01,5.622410e-01,4.411352e-01,3.606752e-01,3.024265e-01,2.597589e-01,4.808594e-01,6.682322e-01,7.374302e-01,7.741126e-01,7.803767e-01,8.132324e-01,8.327975e-01
3.070000e-03,7.380881e+00,7.235171e+00,1.297694e+00,7.476473e-01,5.622728e-01,4.411087e-01,3.606919e-01,3.024951e-01,2.597824e-01,4.813256e-01,6.686720e-01,7.371709e-01,7.739647e-01,7.807747e-01,8.141137e-01,8.316950e-01
3.072500e-03,7.379793e+00,7.235583e+00,1.304120e+00,7.476627e-01,5.622963e-01,4.410958e-01,3.606859e-01,3.023090e-01,2.598048e-01,4.819002e-01,6.692347e-01,7.367073e-01,7.737095e-01,7.809965e-01,8.149932e-01,8.308786e-01
3.075000e-03,7.378586e+00,7.235808e+00,1.309925e+00,7.476509e-01,5.623166e-01,4.410822e-01,3.606678e-01,3.022551e-01,2.598431e-01,4.825795e-01,6.698360e-01,7.362345e-01,7.734287e-01,7.812378e-01,8.158430e-01,8.303010e-01
3.077500e-03,7.377243e+00,7.235836e+00,1.314935e+00,7.476057e-01,5.623419e-01,4.410763e-01,3.606319e-01,3.023241e-01,2.599658e-01,4.833676e-01,6.702933e-01,7.358917e-01,7.731086e-01,7.816911e-01,8.166633e-01,8.298881e-01
3.080000e-03,7.375774e+00,7.235669e+00,1.319169e+00,7.475646e-01,5.623752e-01,4.410886e-01,3.606163e-01,3.023343e-01,2.599704e-01,4.842576e-01,6.704831e-01,7.356945e-01,7.727681e-01,7.823943e-01,8.174138e-01,8.295748e-01
3.082500e-03,7.374247e+00,7.235309e+00,1.322052e+00,7.475707e-01,5.624144e-01,4.411122e-01,3.606083e-01,3.023152e-01,2.598265e-01,4.852002e-01,6.704384e-01,7.355601e-01,7.725033e-01,7.831904e-01,8.179854e-01,8.293630e-01
3.085000e-03,7.372633e+00,7.234701e+00,1.323656e+00,7.475427e-01,5.624452e-01,4.411359e-01,3.606012e-01,3.023015e-01,2.598050e-01,4.862325e-01,6.703007e-01,7.354028e-01,7.724257e-01,7.838354e-01,8.182549e-01,8.292698e-01
3.087500e-03,7.370788e+00,7.233924e+00,1.325166e+00,7.474442e-01,5.624685e-01,4.411542e-01,3.605972e-01,3.022857e-01,2.598512e-01,4.873896e-01,6.701900e-01,7.352151e-01,7.725770e-01,7.841576e-01,8.181769e-01,8.292859e-01
3.090000e-03,7.369254e+00,7.232984e+00,1.324430e+00,7.473547e-01,5.625082e-01,4.411689e-01,3.605963e-01,3.022725e-01,2.598466e-01,4.883423e-01,6.701077e-01,7.350702e-01,7.729054e-01,7.841396e-01,8.178281e-01,8.293670e-01
3.092500e-03,7.368102e+00,7.231747e+00,1.320771e+00,7.473130e-01,5.625297e-01,4.411804e-01,3.606049e-01,3.022694e-01,2.598267e-01,4.891182e-01,6.699868e-01,7.350509e-01,7.733081e-01,7.838877e-01,8.173607e-01,8.293954e-01
3.095000e-03,7.366700e+00,7.230258e+00,1.316241e+00,7.473000e-01,5.624958e-01,4.411907e-01,3.606219e-01,3.022634e-01,2.598170e-01,4.900412e-01,6.697923e-01,7.351685e-01,7.736850e-01,7.835373e-01,8.169120e-01,8.292853e-01
3.097500e-03,7.365249e+00,7.228560e+00,1.310525e+00,7.472982e-01,5.624431e-01,4.412196e-01,3.606416e-01,3.022581e-01,2.598129e-01,4.909680e-01,6.695603e-01,7.353516e-01,7.739699e-01,7.831813e-01,8.165439e-01,8.290303e-01
3.100000e-03,7.364028e+00,7.226643e+00,1.303019e+00,7.473047e-01,5.624065e-01,4.412602e-01,3.606579e-01,3.022609e-01,2.598049e-01,4.917586e-01,6.694597e-01,7.355038e-01,7.741409e-01,7.828527e-01,8.162357e-01,8.286473e-01
3.102500e-03,7.362974e+00,7.224484e+00,1.293887e+00,7.473197e-01,5.623846e-01,4.412728e-01,3.606658e-01,3.022647e-01,2.597939e-01,4.924447e-01,6.694112e-01,7.355714e-01,7.742188e-01,7.825528e-01,8.159306e-01,8.281817e-01
3.105000e-03,7.361975e+00,7.222159e+00,1.284086e+00,7.473411e-01,5.623685e-01,4.412626e-01,3.606755e-01,3.022709e-01,2.597846e-01,4.930976e-01,6.690028e-01,7.355717e-01,7.742563e-01,7.822883e-01,8.155952e-01,8.276540e-01
3.107500e-03,7.361044e+00,7.219651e+00,1.273521e+00,7.473632e-01,5.623549e-01,4.412547e-01,3.606982e-01,3.022818e-01,2.597846e-01,4.936997e-01,6.682983e-01,7.355600e-01,7.743173e-01,7.820894e-01,8.152415e-01,8.270932e-01
3.110000e-03,7.360187e+00,7.217256e+00,1.268136e+00,7.473813e-01,5.623450e-01,4.412525e-01,3.607120e-01,3.022924e-01,2.597894e-01,4.942425e-01,6.678861e-01,7.356003e-01,7.744525e-01,7.820008e-01,8.149112e-01,8.265917e-01
3.112500e-03,7.359473e+00,7.215462e+00,1.276978e+00,7.473978e-01,5.623414e-01,4.412513e-01,3.607066e-01,3.023012e-01,2.597979e-01,4.946993e-01,6.680207e-01,7.357888e-01,7.746828e-01,7.820602e-01,8.146558e-01,8.261810e-01
3.115000e-03,7.358799e+00,7.213742e+00,1.285313e+00,7.474087e-01,5.623437e-01,4.412488e-01,3.607026e-01,3.023177e-01,2.598063e-01,4.951200e-01,6.683659e-01,7.361586e-01,7.749955e-01,7.822799e-01,8.145255e-01,8.258752e-01
3.117500e-03,7.358211e+00,7.212120e+00,1.293035e+00,7.474091e-01,5.623480e-01,4.412443e-01,3.607076e-01,3.023364e-01,2.598124e-01,4.954885e-01,6.684872e-01,7.365280e-01,7.753551e-01,7.826420e-01,8.145688e-01,8.256542e-01
3.120000e-03,7.357587e+00,7.210626e+00,1.300330e+00,7.474077e-01,5.623526e-01,4.412382e-01,3.607162e-01,3.023387e-01,2.598166e-01,4.958722e-01,6.683037e-01,7.366794e-01,7.757222e-01,7.831070e-01,8.148244e-01,8.255175e-01
3.122500e-03,7.356856e+00,7.209280e+00,1.306894e+00,7.474057e-01,5.623567e-01,4.412329e-01,3.607252e-01,3.023313e-01,2.598263e-01,4.963043e-01,6.681356e-01,7.366435e-01,7.760725e-01,7.836320e-01,8.153062e-01,8.254382e-01
3.125000e-03,7.356090e+00,7.208050e+00,1.312573e+00,7.473938e-01,5.623563e-01,4.412290e-01,3.607328e-01,3.023298e-01,2.598452e-01,4.967425e-01,6.681451e-01,7.365861e-01,7.764150e-01,7.841872e-01,8.160004e-01,8.254227e-01
3.127500e-03,7.355276e+00,7.206925e+00,1.317756e+00,7.473745e-01,5.623526e-01,4.412248e-01,3.607374e-01,3.023340e-01,2.598586e-01,4.971981e-01,6.682734e-01,7.365861e-01,7.767731e-01,7.847614e-01,8.168744e-01,8.255238e-01
3.130000e-03,7.354434e+00,7.205878e+00,1.322457e+00,7.473595e-01,5.623499e-01,4.412199e-01,3.607390e-01,3.023401e-01,2.598581e-01,4.976606e-01,6.685116e-01,7.366822e-01,7.771235e-01,7.853541e-01,8.178883e-01,8.257943e-01
3.132500e-03,7.353510e+00,7.204877e+00,1.327329e+00,7.473525e-01,5.623444e-01,4.412138e-01,3.607400e-01,3.023478e-01,2.598544e-01,4.981589e-01,6.688318e-01,7.369325e-01,7.773868e-01,7.859595e-01,8.189974e-01,8.262633e-01
3.135000e-03,7.352496e+00,7.203941e+00,1.332159e+00,7.473489e-01,5.623325e-01,4.412052e-01,3.607401e-01,3.023562e-01,2.598546e-01,4.986979e-01,6.691908e-01,7.373424e-01,7.775173e-01,7.865542e-01,8.201464e-01,8.269607e-01
3.137500e-03,7.351451e+00,7.203062e+00,1.336914e+00,7.473512e-01,5.623184e-01,4.411969e-01,3.607373e-01,3.023633e-01,2.598562e-01,4.992470e-01,6.695809e-01,7.378285e-01,7.775683e-01,7.871017e-01,8.212731e-01,8.278654e-01
3.140000e-03,7.350330e+00,7.202246e+00,1.341542e+00,7.473639e-01,5.623079e-01,4.411893e-01,3.607317e-01,3.023696e-01,2.598583e-01,4.998293e-01,6.699701e-01,7.382576e-01,7.776346e-01,7.875626e-01,8.223209e-01,8.289506e-01
3.142500e-03,7.349153e+00,7.201468e+00,1.345733e+00,7.473817e-01,5.623020e-01,4.411792e-01,3.607232e-01,3.023756e-01,2.598619e-01,5.004365e-01,6.703286e-01,7.385086e-01,7.777585e-01,7.878992e-01,8.232482e-01,8.301434e-01
3.145000e-03,7.347989e+00,7.200697e+00,1.349896e+00,7.473981e-01,5.623001e-01,4.411667e-01,3.607126e-01,3.023796e-01,2.598667e-01,5.010336e-01,6.706881e-01,7.385705e-01,7.779148e-01,7.880754e-01,8.240309e-01,8.313465e-01
3.147500e-03,7.346800e+00,7.199940e+00,1.354137e+00,7.474146e-01,5.623050e-01,4.411548e-01,3.607019e-01,3.023801e-01,2.598719e-01,5.016397e-01,6.710566e-01,7.385788e-01,7.780633e-01,7.880684e-01,8.246685e-01,8.324834e-01
3.150000e-03,7.345560e+00,7.199194e+00,1.358485e+00,7.474329e-01,5.623162e-01,4.411462e-01,3.606902e-01,3.023776e-01,2.598780e-01,5.022661e-01,6.714449e-01,7.387142e-01,7.781921e-01,7.878873e-01,8.251953e-01,8.335061e-01
3.152500e-03,7.344266e+00,7.198458e+00,1.363223e+00,7.474434e-01,5.623297e-01,4.411413e-01,3.606767e-01,3.023719e-01,2.598844e-01,5.029113e-01,6.718718e-01,7.390617e-01,7.783186e-01,7.875731e-01,8.256705e-01,8.343663e-01
3.155000e-03,7.342839e+00,7.197747e+00,1.368123e+00,7.474349e-01,5.623465e-01,4.411413e-01,3.606629e-01,3.023641e-01,2.598892e-01,5.036142e-01,6.723078e-01,7.395661e-01,7.784593e-01,7.871739e-01,8.261213e-01,8.350548e-01
3.157500e-03,7.341288e+00,7.197059e+00,1.373026e+00,7.474107e-01,5.623663e-01,4.411471e-01,3.606510e-01,3.023547e-01,2.598915e-01,5.043677e-01,6.727320e-01,7.400978e-01,7.786028e-01,7.867174e-01,8.264983e-01,8.356059e-01
3.160000e-03,7.339635e+00,7.196375e+00,1.377974e+00,7.473823e-01,5.623795e-01,4.411569e-01,3.606423e-01,3.023430e-01,2.598912e-01,5.051616e-01,6.731526e-01,7.405495e-01,7.787141e-01,7.862048e-01,8.267100e-01,8.360840e-01
3.162500e-03,7.337889e+00,7.195701e+00,1.382423e+00,7.473569e-01,5.623763e-01,4.411700e-01,3.606376e-01,3.023296e-01,2.598885e-01,5.059903e-01,6.735947e-01,7.408775e-01,7.787672e-01,7.856274e-01,8.266866e-01,8.365322e-01
3.165000e-03,7.336104e+00,7.195010e+00,1.386612e+00,7.473404e-01,5.623613e-01,4.411870e-01,3.606383e-01,3.023163e-01,2.598838e-01,5.068316e-01,6.740616e-01,7.410883e-01,7.787668e-01,7.849876e-01,8.264203e-01,8.369312e-01
3.167500e-03,7.334358e+00,7.194275e+00,1.390557e+00,7.473360e-01,5.623465e-01,4.412022e-01,3.606438e-01,3.023046e-01,2.598768e-01,5.076598e-01,6.745427e-01,7.412215e-01,7.787383e-01,7.843088e-01,8.259579e-01,8.372234e-01
3.170000e-03,7.332590e+00,7.193520e+00,1.394680e+00,7.473395e-01,5.623342e-01,4.412060e-01,3.606530e-01,3.022956e-01,2.598675e-01,5.084850e-01,6.750273e-01,7.413374e-01,7.786950e-01,7.836304e-01,8.253651e-01,8.373553e-01
3.172500e-03,7.330760e+00,7.192749e+00,1.398893e+00,7.473452e-01,5.623204e-01,4.411978e-01,3.606660e-01,3.022907e-01,2.598568e-01,5.093353e-01,6.754938e-01,7.414889e-01,7.786208e-01,7.829934e-01,8.246921e-01,8.373168e-01
3.175000e-03,7.328864e+00,7.191967e+00,1.403113e+00,7.473525e-01,5.623079e-01,4.411872e-01,3.606802e-01,3.022906e-01,2.598460e-01,5.102044e-01,6.759368e-01,7.416916e-01,7.784878e-01,7.824292e-01,8.239639e-01,8.371317e-01
3.177500e-03,7.326902e+00,7.191181e+00,1.406949e+00,7.473632e-01,5.623029e-01,4.411804e-01,3.606883e-01,3.022950e-01,2.598363e-01,5.110992e-01,6.763803e-01,7.419294e-01,7.782896e-01,7.819563e-01,8.231945e-01,8.368458e-01
3.180000e-03,7.324900e+00,7.190381e+00,1.410058e+00,7.473780e-01,5.623048e-01,4.411737e-01,3.606865e-01,3.023031e-01,2.598286e-01,5.120076e-01,6.768156e-01,7.421757e-01,7.780497e-01,7.815873e-01,8.224039e-01,8.364802e-01
3.182500e-03,7.322877e+00,7.189557e+00,1.412829e+00,7.473933e-01,5.623093e-01,4.411631e-01,3.606792e-01,3.023139e-01,2.598243e-01,5.128988e-01,6.772490e-01,7.424032e-01,7.777977e-01,7.813353e-01,8.216275e-01,8.360381e-01
3.185000e-03,7.320743e+00,7.188717e+00,1.415422e+00,7.474017e-01,5.623147e-01,4.411525e-01,3.606734e-01,3.023229e-01,2.598242e-01,5.138105e-01,6.777044e-01,7.425896e-01,7.775455e-01,7.812118e-01,8.209134e-01,8.355386e-01
3.187500e-03,7.319018e+00,7.187851e+00,1.417609e+00,7.473990e-01,5.623223e-01,4.411482e-01,3.606700e-01,3.023255e-01,2.598282e-01,5.147522e-01,6.781649e-01,7.427218e-01,7.772883e-01,7.812156e-01,8.203081e-01,8.350005e-01
3.190000e-03,7.317514e+00,7.186944e+00,1.419322e+00,7.473919e-01,5.623324e-01,4.411502e-01,3.606644e-01,3.023220e-01,2.598353e-01,5.156886e-01,6.785835e-01,7.427936e-01,7.770228e-01,7.813239e-01,8.198404e-01,8.344446e-01
3.192500e-03,7.315992e+00,7.186024e+00,1.420831e+00,7.473915e-01,5.623411e-01,4.411543e-01,3.606548e-01,3.023170e-01,2.598428e-01,5.166190e-01,6.789472e-01,7.428087e-01,7.767595e-01,7.814961e-01,8.195141e-01,8.339226e-01
3.195000e-03,7.314425e+00,7.185093e+00,1.421992e+00,7.473999e-01,5.623431e-01,4.411586e-01,3.606458e-01,3.023137e-01,2.598470e-01,5.175616e-01,6.792875e-01,7.427777e-01,7.765227e-01,7.816867e-01,8.193107e-01,8.334778e-01
3.197500e-03,7.312800e+00,7.184147e+00,1.422628e+00,7.474088e-01,5.623395e-01,4.411648e-01,3.606429e-01,3.023113e-01,2.598464e-01,5.185341e-01,6.796262e-01,7.427096e-01,7.763415e-01,7.818604e-01,8.192103e-01,8.331291e-01
3.200000e-03,7.311153e+00,7.183172e+00,1.422857e+00,7.474100e-01,5.623364e-01,4.411721e-01,3.606451e-01,3.023059e-01,2.598430e-01,5.195251e-01,6.799613e-01,7.426127e-01,7.762382e-01,7.819983e-01,8.192044e-01,8.328865e-01
3.202500e-03,7.309489e+00,7.182173e+00,1.422736e+00,7.474013e-01,5.623392e-01,4.411768e-01,3.606489e-01,3.022972e-01,2.598396e-01,5.205347e-01,6.802384e-01,7.425029e-01,7.762195e-01,7.820943e-01,8.192915e-01,8.327399e-01
3.205000e-03,7.307844e+00,7.181145e+00,1.422067e+00,7.473852e-01,5.623462e-01,4.411767e-01,3.606532e-01,3.022900e-01,2.598373e-01,5.215198e-01,6.804466e-01,7.424028e-01,7.762742e-01,7.821472e-01,8.194631e-01,8.326824e-01
3.207500e-03,7.306220e+00,7.180066e+00,1.420873e+00,7.473670e-01,5.623518e-01,4.411740e-01,3.606587e-01,3.022882e-01,2.598345e-01,5.224988e-01,6.806409e-01,7.423230e-01,7.763793e-01,7.821591e-01,8.196977e-01,8.327185e-01
3.210000e-03,7.304603e+00,7.178951e+00,1.418559e+00,7.473539e-01,5.623510e-01,4.411733e-01,3.606639e-01,3.022905e-01,2.598286e-01,5.234273e-01,6.808175e-01,7.422534e-01,7.765075e-01,7.821367e-01,8.199725e-01,8.328503e-01
3.212500e-03,7.302946e+00,7.177808e+00,1.415530e+00,7.473530e-01,5.623429e-01,4.411767e-01,3.606661e-01,3.022940e-01,2.598206e-01,5.243769e-01,6.809281e-01,7.421849e-01,7.766298e-01,7.820956e-01,8.202826e-01,8.330854e-01
3.215000e-03,7.301287e+00,7.176647e+00,1.412098e+00,7.473631e-01,5.623304e-01,4.411819e-01,3.606651e-01,3.022979e-01,2.598147e-01,5.252891e-01,6.809724e-01,7.421318e-01,7.767212e-01,7.820587e-01,8.206494e-01,8.334153e-01
3.217500e-03,7.299615e+00,7.175414e+00,1.408180e+00,7.473745e-01,5.623190e-01,4.411848e-01,3.606638e-01,3.023024e-01,2.598135e-01,5.261499e-01,6.809951e-01,7.421151e-01,7.767680e-01,7.820457e-01,8.211052e-01,8.338322e-01
3.220000e-03,7.297958e+00,7.174085e+00,1.403037e+00,7.473862e-01,5.623150e-01,4.411823e-01,3.606649e-01,3.023058e-01,2.598156e-01,5.269654e-01,6.810250e-01,7.421368e-01,7.767730e-01,7.820602e-01,8.216522e-01,8.343390e-01
3.222500e-03,7.296391e+00,7.172648e+00,1.396759e+00,7.473974e-01,5.623177e-01,4.411747e-01,3.606686e-01,3.023068e-01,2.598188e-01,5.277411e-01,6.810651e-01,7.421947e-01,7.767530e-01,7.820845e-01,8.222229e-01,8.349744e-01
3.225000e-03,7.294859e+00,7.171171e+00,1.389777e+00,7.474058e-01,5.623235e-01,4.411656e-01,3.606721e-01,3.023062e-01,2.598224e-01,5.285147e-01,6.811423e-01,7.422904e-01,7.767282e-01,7.820903e-01,8.226884e-01,8.357720e-01
3.227500e-03,7.293422e+00,7.169602e+00,1.381899e+00,7.474081e-01,5.623312e-01,4.411603e-01,3.606726e-01,3.023063e-01,2.598259e-01,5.292139e-01,6.812239e-01,7.424127e-01,7.767136e-01,7.820561e-01,8.229198e-01,8.367316e-01
3.230000e-03,7.292004e+00,7.167930e+00,1.373588e+00,7.474056e-01,5.623400e-01,4.411597e-01,3.606689e-01,3.023083e-01,2.598282e-01,5.298651e-01,6.812501e-01,7.425387e-01,7.767163e-01,7.819863e-01,8.228543e-01,8.377741e-01
3.232500e-03,7.290617e+00,7.166178e+00,1.364535e+00,7.474049e-01,5.623480e-01,4.411622e-01,3.606624e-01,3.023114e-01,2.598287e-01,5.304532e-01,6.812256e-01,7.426491e-01,7.767393e-01,7.819265e-01,8.225333e-01,8.387436e-01
3.235000e-03,7.289250e+00,7.164320e+00,1.354732e+00,7.474095e-01,5.623526e-01,4.411666e-01,3.606567e-01,3.023135e-01,2.598287e-01,5.310285e-01,6.812375e-01,7.427328e-01,7.767860e-01,7.819655e-01,8.221146e-01,8.394679e-01
3.237500e-03,7.287909e+00,7.162350e+00,1.344671e+00,7.474145e-01,5.623531e-01,4.411726e-01,3.606542e-01,3.023128e-01,2.598296e-01,5.315744e-01,6.812884e-01,7.427895e-01,7.768607e-01,7.822130e-01,8.218428e-01,8.398391e-01
3.240000e-03,7.286650e+00,7.160260e+00,1.333789e+00,7.474127e-01,5.623520e-01,4.411793e-01,3.606547e-01,3.023090e-01,2.598318e-01,5.320742e-01,6.813210e-01,7.428380e-01,7.769648e-01,7.827670e-01,8.219659e-01,8.398455e-01
3.242500e-03,7.285506e+00,7.157962e+00,1.322256e+00,7.474016e-01,5.623536e-01,4.411847e-01,3.606571e-01,3.023039e-01,2.598343e-01,5.325106e-01,6.813940e-01,7.429159e-01,7.771013e-01,7.836853e-01,8.226532e-01,8.395845e-01
3.245000e-03,7.284421e+00,7.155531e+00,1.310823e+00,7.473859e-01,5.623585e-01,4.411876e-01,3.606609e-01,3.023003e-01,2.598355e-01,5.328831e-01,6.815491e-01,7.430537e-01,7.772851e-01,7.849525e-01,8.239727e-01,8.392309e-01
3.247500e-03,7.283309e+00,7.153061e+00,1.299733e+00,7.473743e-01,5.623624e-01,4.411884e-01,3.606658e-01,3.022992e-01,2.598342e-01,5.332496e-01,6.817449e-01,7.432484e-01,7.775453e-01,7.864500e-01,8.258932e-01,8.389688e-01
3.250000e-03,7.282183e+00,7.150517e+00,1.288514e+00,7.473721e-01,5.623598e-01,4.411889e-01,3.606708e-01,3.023001e-01,2.598307e-01,5.336489e-01,6.819124e-01,7.434800e-01,7.779149e-01,7.879660e-01,8.282450e-01,8.389285e-01
3.252500e-03,7.281121e+00,7.148573e+00,1.293167e+00,7.473774e-01,5.623499e-01,4.411908e-01,3.606747e-01,3.023021e-01,2.598268e-01,5.340101e-01,6.820516e-01,7.437315e-01,7.784158e-01,7.892651e-01,8.306921e-01,8.391617e-01
3.255000e-03,7.280086e+00,7.146910e+00,1.301511e+00,7.473855e-01,5.623382e-01,4.411943e-01,3.606773e-01,3.023052e-01,2.598246e-01,5.343638e-01,6.822158e-01,7.439880e-01,7.790464e-01,7.901796e-01,8.328352e-01,8.396922e-01
3.257500e-03,7.279133e+00,7.145288e+00,1.309707e+00,7.473931e-01,5.623312e-01,4.411964e-01,3.606787e-01,3.023091e-01,2.598243e-01,5.346964e-01,6.824807e-01,7.442336e-01,7.797760e-01,7.906563e-01,8.343946e-01,8.405181e-01
3.260000e-03,7.278190e+00,7.143755e+00,1.317690e+00,7.473992e-01,5.623307e-01,4.411932e-01,3.606797e-01,3.023130e-01,2.598251e-01,5.350120e-01,6.828362e-01,7.444698e-01,7.805475e-01,7.907398e-01,8.353137e-01,8.415637e-01
3.262500e-03,7.277194e+00,7.142340e+00,1.325091e+00,7.474047e-01,5.623338e-01,4.411849e-01,3.606813e-01,3.023163e-01,2.598268e-01,5.353236e-01,6.831664e-01,7.447313e-01,7.812906e-01,7.905242e-01,8.357135e-01,8.426551e-01
3.265000e-03,7.276173e+00,7.141013e+00,1.331812e+00,7.474101e-01,5.623373e-01,4.411767e-01,3.606837e-01,3.023188e-01,2.598295e-01,5.356546e-01,6.834207e-01,7.450667e-01,7.819412e-01,7.901090e-01,8.357636e-01,8.436061e-01
3.267500e-03,7.275108e+00,7.139776e+00,1.338027e+00,7.474151e-01,5.623403e-01,4.411725e-01,3.606842e-01,3.023205e-01,2.598326e-01,5.359913e-01,6.836110e-01,7.455000e-01,7.824597e-01,7.895724e-01,8.355976e-01,8.443408e-01
3.270000e-03,7.274005e+00,7.138586e+00,1.344291e+00,7.474173e-01,5.623436e-01,4.411723e-01,3.606805e-01,3.023215e-01,2.598358e-01,5.363467e-01,6.838177e-01,7.460225e-01,7.828404e-01,7.889555e-01,8.353224e-01,8.449262e-01
3.272500e-03,7.272839e+00,7.137457e+00,1.350219e+00,7.474143e-01,5.623476e-01,4.411735e-01,3.606738e-01,3.023227e-01,2.598389e-01,5.367320e-01,6.841085e-01,7.466157e-01,7.831015e-01,7.882574e-01,8.350395e-01,8.454830e-01
3.275000e-03,7.271601e+00,7.136389e+00,1.355934e+00,7.474069e-01,5.623521e-01,4.411747e-01,3.606681e-01,3.023242e-01,2.598414e-01,5.371491e-01,6.844553e-01,7.472695e-01,7.832645e-01,7.874456e-01,8.348020e-01,8.460976e-01
3.277500e-03,7.270295e+00,7.135380e+00,1.361528e+00,7.473992e-01,5.623558e-01,4.411764e-01,3.606654e-01,3.023240e-01,2.598430e-01,5.375888e-01,6.847961e-01,7.479802e-01,7.833453e-01,7.864825e-01,8.345723e-01,8.468134e-01
3.280000e-03,7.268897e+00,7.134427e+00,1.366834e+00,7.473956e-01,5.623567e-01,4.411789e-01,3.606649e-01,3.023204e-01,2.598436e-01,5.380892e-01,6.851153e-01,7.487345e-01,7.833555e-01,7.853575e-01,8.342464e-01,8.477000e-01
3.282500e-03,7.267527e+00,7.133488e+00,1.371828e+00,7.473951e-01,5.623544e-01,4.411824e-01,3.606649e-01,3.023151e-01,2.598445e-01,5.386486e-01,6.854204e-01,7.494874e-01,7.833015e-01,7.841010e-01,8.337336e-01,8.488388e-01
3.285000e-03,7.266148e+00,7.132565e+00,1.376699e+00,7.473926e-01,5.623508e-01,4.411859e-01,3.606654e-01,3.023109e-01,2.598454e-01,5.391863e-01,6.857419e-01,7.501764e-01,7.831807e-01,7.827748e-01,8.330133e-01,8.502356e-01
3.287500e-03,7.264761e+00,7.131653e+00,1.381540e+00,7.473855e-01,5.623488e-01,4.411883e-01,3.606670e-01,3.023088e-01,2.598447e-01,5.397077e-01,6.861411e-01,7.507658e-01,7.829825e-01,7.814498e-01,8.321315e-01,8.517958e-01
3.290000e-03,7.263323e+00,7.130771e+00,1.386484e+00,7.473773e-01,5.623483e-01,4.411887e-01,3.606695e-01,3.023078e-01,2.598415e-01,5.402008e-01,6.866168e-01,7.512571e-01,7.826969e-01,7.801885e-01,8.311628e-01,8.533656e-01
3.292500e-03,7.261759e+00,7.129936e+00,1.391456e+00,7.473735e-01,5.623462e-01,4.411876e-01,3.606726e-01,3.023074e-01,2.598374e-01,5.407076e-01,6.871496e-01,7.516731e-01,7.823282e-01,7.790396e-01,8.301747e-01,8.548385e-01
3.295000e-03,7.260095e+00,7.129136e+00,1.396399e+00,7.473763e-01,5.623403e-01,4.411864e-01,3.606754e-01,3.023078e-01,2.598341e-01,5.412241e-01,6.877493e-01,7.520412e-01,7.819001e-01,7.780449e-01,8.292147e-01,8.561798e-01
3.297500e-03,7.258354e+00,7.128365e+00,1.400903e+00,7.473837e-01,5.623328e-01,4.411861e-01,3.606771e-01,3.023095e-01,2.598320e-01,5.417827e-01,6.883867e-01,7.523745e-01,7.814446e-01,7.772489e-01,8.283244e-01,8.573831e-01
3.300000e-03,7.256652e+00,7.127595e+00,1.405031e+00,7.473918e-01,5.623281e-01,4.411850e-01,3.606775e-01,3.023119e-01,2.598307e-01,5.423422e-01,6.890511e-01,7.526573e-01,7.809856e-01,7.767029e-01,8.275596e-01,8.584415e-01
3.302500e-03,7.255048e+00,7.126816e+00,1.408355e+00,7.473988e-01,5.623285e-01,4.411810e-01,3.606772e-01,3.023145e-01,2.598302e-01,5.429472e-01,6.897599e-01,7.528560e-01,7.805330e-01,7.764565e-01,8.269975e-01,8.593313e-01
3.305000e-03,7.253418e+00,7.126045e+00,1.411725e+00,7.474063e-01,5.623329e-01,4.411747e-01,3.606771e-01,3.023167e-01,2.598309e-01,5.435557e-01,6.905116e-01,7.529422e-01,7.800907e-01,7.765351e-01,8.267122e-01,8.600234e-01
3.307500e-03,7.251762e+00,7.125297e+00,1.415071e+00,7.474155e-01,5.623385e-01,4.411692e-01,3.606765e-01,3.023181e-01,2.598326e-01,5.442108e-01,6.912263e-01,7.529018e-01,7.796712e-01,7.769193e-01,8.267292e-01,8.605034e-01
3.310000e-03,7.250566e+00,7.124561e+00,1.418556e+00,7.474243e-01,5.623436e-01,4.411673e-01,3.606739e-01,3.023186e-01,2.598347e-01,5.449233e-01,6.918387e-01,7.527385e-01,7.793020e-01,7.775447e-01,8.269903e-01,8.607901e-01
3.312500e-03,7.249289e+00,7.123839e+00,1.421856e+00,7.474285e-01,5.623489e-01,4.411694e-01,3.606690e-01,3.023190e-01,2.598370e-01,5.457124e-01,6.923426e-01,7.524670e-01,7.790184e-01,7.783209e-01,8.273720e-01,8.609226e-01
3.315000e-03,7.247931e+00,7.123119e+00,1.425000e+00,7.474238e-01,5.623549e-01,4.411734e-01,3.606635e-01,3.023191e-01,2.598389e-01,5.465784e-01,6.927528e-01,7.521021e-01,7.788479e-01,7.791565e-01,8.277428e-01,8.609186e-01
3.317500e-03,7.246474e+00,7.122394e+00,1.427945e+00,7.474116e-01,5.623617e-01,4.411778e-01,3.606601e-01,3.023179e-01,2.598403e-01,5.474963e-01,6.930955e-01,7.516617e-01,7.788002e-01,7.799784e-01,8.280081e-01,8.607253e-01
3.320000e-03,7.244882e+00,7.121657e+00,1.430775e+00,7.473972e-01,5.623676e-01,4.411821e-01,3.606601e-01,3.023145e-01,2.598413e-01,5.484600e-01,6.933912e-01,7.511771e-01,7.788656e-01,7.807419e-01,8.281215e-01,8.602398e-01
3.322500e-03,7.243171e+00,7.120881e+00,1.433898e+00,7.473854e-01,5.623691e-01,4.411864e-01,3.606625e-01,3.023096e-01,2.598418e-01,5.494668e-01,6.936348e-01,7.506869e-01,7.790214e-01,7.814349e-01,8.280805e-01,8.593819e-01
3.325000e-03,7.241412e+00,7.120036e+00,1.436884e+00,7.473772e-01,5.623643e-01,4.411910e-01,3.606659e-01,3.023053e-01,2.598416e-01,5.505145e-01,6.937756e-01,7.502215e-01,7.792381e-01,7.820782e-01,8.279288e-01,8.581578e-01
3.327500e-03,7.239574e+00,7.119157e+00,1.439774e+00,7.473725e-01,5.623546e-01,4.411956e-01,3.606697e-01,3.023034e-01,2.598396e-01,5.515477e-01,6.937755e-01,7.497955e-01,7.794853e-01,7.827136e-01,8.277626e-01,8.566251e-01
3.330000e-03,7.237694e+00,7.118217e+00,1.442358e+00,7.473708e-01,5.623437e-01,4.411992e-01,3.606735e-01,3.023040e-01,2.598358e-01,5.525490e-01,6.936666e-01,7.494120e-01,7.797378e-01,7.833809e-01,8.277100e-01,8.548632e-01
3.332500e-03,7.235774e+00,7.117221e+00,1.444400e+00,7.473706e-01,5.623345e-01,4.411994e-01,3.606771e-01,3.023061e-01,2.598314e-01,5.535171e-01,6.934923e-01,7.490684e-01,7.799834e-01,7.840968e-01,8.278776e-01,8.529601e-01
3.335000e-03,7.233836e+00,7.116162e+00,1.445625e+00,7.473751e-01,5.623286e-01,4.411949e-01,3.606807e-01,3.023091e-01,2.598283e-01,5.544467e-01,6.932820e-01,7.487660e-01,7.802274e-01,7.848482e-01,8.282994e-01,8.510436e-01
3.337500e-03,7.231909e+00,7.115039e+00,1.445912e+00,7.473837e-01,5.623248e-01,4.411870e-01,3.606841e-01,3.023124e-01,2.598272e-01,5.553348e-01,6.930027e-01,7.485159e-01,7.804913e-01,7.856022e-01,8.289263e-01,8.492573e-01
3.340000e-03,7.230047e+00,7.113840e+00,1.445326e+00,7.473940e-01,5.623225e-01,4.411785e-01,3.606862e-01,3.023158e-01,2.598280e-01,5.561631e-01,6.925962e-01,7.483365e-01,7.808017e-01,7.863227e-01,8.296631e-01,8.477454e-01
3.342500e-03,7.228265e+00,7.112577e+00,1.443268e+00,7.474035e-01,5.623235e-01,4.411719e-01,3.606853e-01,3.023189e-01,2.598300e-01,5.569529e-01,6.921302e-01,7.482463e-01,7.811757e-01,7.869843e-01,8.304162e-01,8.465868e-01
3.345000e-03,7.226570e+00,7.111261e+00,1.440015e+00,7.474114e-01,5.623280e-01,4.411669e-01,3.606809e-01,3.023216e-01,2.598327e-01,5.575957e-01,6.916994e-01,7.482451e-01,7.816152e-01,7.875823e-01,8.311188e-01,8.457885e-01
3.347500e-03,7.224928e+00,7.109942e+00,1.435212e+00,7.474180e-01,5.623350e-01,4.411636e-01,3.606743e-01,3.023239e-01,2.598358e-01,5.581695e-01,6.912762e-01,7.483165e-01,7.821107e-01,7.881409e-01,8.317430e-01,8.452983e-01
3.350000e-03,7.223372e+00,7.108565e+00,1.429660e+00,7.474205e-01,5.623426e-01,4.411627e-01,3.606677e-01,3.023251e-01,2.598388e-01,5.586290e-01,6.908108e-01,7.484552e-01,7.826490e-01,7.887082e-01,8.323178e-01,8.450462e-01
3.352500e-03,7.221916e+00,7.107097e+00,1.422847e+00,7.474159e-01,5.623500e-01,4.411644e-01,3.606619e-01,3.023239e-01,2.598412e-01,5.589544e-01,6.903471e-01,7.486610e-01,7.832201e-01,7.893301e-01,8.329347e-01,8.449837e-01
3.355000e-03,7.220638e+00,7.105575e+00,1.414437e+00,7.474056e-01,5.623569e-01,4.411685e-01,3.606578e-01,3.023200e-01,2.598432e-01,5.591347e-01,6.899512e-01,7.489319e-01,7.838241e-01,7.900241e-01,8.336917e-01,8.450611e-01
3.357500e-03,7.219547e+00,7.104027e+00,1.405088e+00,7.473940e-01,5.623624e-01,4.411741e-01,3.606557e-01,3.023144e-01,2.598449e-01,5.593079e-01,6.896821e-01,7.492647e-01,7.844697e-01,7.907894e-01,8.345981e-01,8.452700e-01
3.360000e-03,7.218679e+00,7.102443e+00,1.394845e+00,7.473851e-01,5.623637e-01,4.411804e-01,3.606558e-01,3.023087e-01,2.598457e-01,5.594707e-01,6.895740e-01,7.496648e-01,7.851621e-01,7.916475e-01,8.355674e-01,8.456155e-01
3.362500e-03,7.217941e+00,7.100830e+00,1.384337e+00,7.473798e-01,5.623591e-01,4.411867e-01,3.606579e-01,3.023039e-01,2.598443e-01,5.595075e-01,6.895857e-01,7.501432e-01,7.858989e-01,7.926561e-01,8.365404e-01,8.461540e-01
3.365000e-03,7.217336e+00,7.099241e+00,1.373576e+00,7.473759e-01,5.623501e-01,4.411923e-01,3.606618e-01,3.023007e-01,2.598407e-01,5.594547e-01,6.896239e-01,7.506927e-01,7.866769e-01,7.938613e-01,8.375983e-01,8.468827e-01
3.367500e-03,7.216826e+00,7.097684e+00,1.362632e+00,7.473719e-01,5.623410e-01,4.411960e-01,3.606669e-01,3.022994e-01,2.598357e-01,5.593570e-01,6.896583e-01,7.512852e-01,7.875045e-01,7.952372e-01,8.389139e-01,8.476582e-01
3.370000e-03,7.216407e+00,7.096146e+00,1.352191e+00,7.473690e-01,5.623353e-01,4.411958e-01,3.606725e-01,3.023000e-01,2.598307e-01,5.592562e-01,6.897545e-01,7.518980e-01,7.883998e-01,7.966748e-01,8.405895e-01,8.483555e-01
3.372500e-03,7.216090e+00,7.094630e+00,1.342112e+00,7.473702e-01,5.623328e-01,4.411910e-01,3.606778e-01,3.023023e-01,2.598267e-01,5.591620e-01,6.899488e-01,7.525270e-01,7.893767e-01,7.980249e-01,8.425386e-01,8.489542e-01
3.375000e-03,7.215842e+00,7.093197e+00,1.332631e+00,7.473752e-01,5.623309e-01,4.411835e-01,3.606821e-01,3.023060e-01,2.598243e-01,5.590612e-01,6.902314e-01,7.531865e-01,7.904281e-01,7.991515e-01,8.445209e-01,8.495719e-01
3.377500e-03,7.215626e+00,7.091832e+00,1.323736e+00,7.473845e-01,5.623282e-01,4.411766e-01,3.606842e-01,3.023106e-01,2.598237e-01,5.589729e-01,6.906162e-01,7.539061e-01,7.915229e-01,7.999729e-01,8.462771e-01,8.503631e-01
3.380000e-03,7.215452e+00,7.090550e+00,1.315759e+00,7.473968e-01,5.623265e-01,4.411729e-01,3.606828e-01,3.023155e-01,2.598246e-01,5.589207e-01,6.911362e-01,7.547200e-01,7.926139e-01,8.004897e-01,8.476580e-01,8.513714e-01
3.382500e-03,7.215220e+00,7.089428e+00,1.309124e+00,7.474095e-01,5.623273e-01,4.411714e-01,3.606781e-01,3.023199e-01,2.598270e-01,5.589077e-01,6.917598e-01,7.556426e-01,7.936451e-01,8.007850e-01,8.486706e-01,8.524966e-01
3.385000e-03,7.214948e+00,7.088424e+00,1.303425e+00,7.474197e-01,5.623316e-01,4.411702e-01,3.606717e-01,3.023231e-01,2.598306e-01,5.589699e-01,6.924171e-01,7.566562e-01,7.945609e-01,8.009755e-01,8.494451e-01,8.535488e-01
3.387500e-03,7.214637e+00,7.087525e+00,1.298418e+00,7.474247e-01,5.623388e-01,4.411685e-01,3.606665e-01,3.023240e-01,2.598349e-01,5.591130e-01,6.930795e-01,7.577245e-01,7.953188e-01,8.011418e-01,8.501598e-01,8.543970e-01
3.390000e-03,7.214270e+00,7.086710e+00,1.294163e+00,7.474237e-01,5.623473e-01,4.411675e-01,3.606639e-01,3.023221e-01,2.598392e-01,5.593235e-01,6.937967e-01,7.588120e-01,7.959017e-01,8.012900e-01,8.509805e-01,8.550359e-01
3.392500e-03,7.213842e+00,7.085957e+00,1.290450e+00,7.474179e-01,5.623556e-01,4.411688e-01,3.606629e-01,3.023176e-01,2.598428e-01,5.596129e-01,6.946121e-01,7.598864e-01,7.963240e-01,8.013679e-01,8.519994e-01,8.555462e-01
3.395000e-03,7.213354e+00,7.085240e+00,1.287287e+00,7.474096e-01,5.623616e-01,4.411727e-01,3.606619e-01,3.023123e-01,2.598450e-01,5.599777e-01,6.955063e-01,7.609314e-01,7.966224e-01,8.013187e-01,8.531796e-01,8.560400e-01
3.397500e-03,7.212781e+00,7.084552e+00,1.284626e+00,7.473993e-01,5.623639e-01,4.411782e-01,3.606607e-01,3.023084e-01,2.598452e-01,5.603912e-01,6.964417e-01,7.619554e-01,7.968360e-01,8.011166e-01,8.543773e-01,8.566298e-01
3.400000e-03,7.212121e+00,7.083860e+00,1.282286e+00,7.473871e-01,5.623624e-01,4.411844e-01,3.606607e-01,3.023065e-01,2.598431e-01,5.608635e-01,6.973939e-01,7.629657e-01,7.969874e-01,8.007649e-01,8.554549e-01,8.574250e-01
3.402500e-03,7.211369e+00,7.083134e+00,1.280167e+00,7.473743e-01,5.623583e-01,4.411899e-01,3.606626e-01,3.023057e-01,2.598390e-01,5.614007e-01,6.983777e-01,7.639437e-01,7.970815e-01,8.002845e-01,8.563516e-01,8.584922e-01
3.405000e-03,7.210509e+00,7.082380e+00,1.278676e+00,7.473651e-01,5.623523e-01,4.411936e-01,3.606661e-01,3.023049e-01,2.598347e-01,5.619940e-01,6.994166e-01,7.648598e-01,7.971144e-01,7.997133e-01,8.570491e-01,8.597654e-01
3.407500e-03,7.209541e+00,7.081817e+00,1.283276e+00,7.473631e-01,5.623444e-01,4.411948e-01,3.606706e-01,3.023042e-01,2.598317e-01,5.626418e-01,7.005110e-01,7.656928e-01,7.970799e-01,7.990997e-01,8.575400e-01,8.611573e-01
3.410000e-03,7.208468e+00,7.081191e+00,1.288520e+00,7.473687e-01,5.623351e-01,4.411933e-01,3.606753e-01,3.023047e-01,2.598302e-01,5.633337e-01,7.016513e-01,7.664339e-01,7.969744e-01,7.984913e-01,8.578253e-01,8.625775e-01
3.412500e-03,7.207267e+00,7.080489e+00,1.294492e+00,7.473788e-01,5.623264e-01,4.411900e-01,3.606792e-01,3.023066e-01,2.598294e-01,5.640583e-01,7.028181e-01,7.670845e-01,7.968009e-01,7.979287e-01,8.579032e-01,8.639754e-01
3.415000e-03,7.205932e+00,7.079709e+00,1.301266e+00,7.473893e-01,5.623217e-01,4.411850e-01,3.606816e-01,3.023097e-01,2.598288e-01,5.648367e-01,7.039835e-01,7.676491e-01,7.965726e-01,7.974391e-01,8.577574e-01,8.652982e-01
3.417500e-03,7.204452e+00,7.078850e+00,1.308721e+00,7.473977e-01,5.623224e-01,4.411786e-01,3.606820e-01,3.023133e-01,2.598286e-01,5.656530e-01,7.051320e-01,7.681268e-01,7.963119e-01,7.970150e-01,8.573558e-01,8.664763e-01
3.420000e-03,7.202834e+00,7.077901e+00,1.316923e+00,7.474032e-01,5.623273e-01,4.411717e-01,3.606804e-01,3.023168e-01,2.598294e-01,5.665126e-01,7.062450e-01,7.685120e-01,7.960432e-01,7.965975e-01,8.566566e-01,8.674980e-01
3.422500e-03,7.201063e+00,7.076872e+00,1.325854e+00,7.474065e-01,5.623338e-01,4.411660e-01,3.606771e-01,3.023198e-01,2.598313e-01,5.674018e-01,7.073009e-01,7.688025e-01,7.957844e-01,7.960938e-01,8.556050e-01,8.682669e-01
3.425000e-03,7.199132e+00,7.075760e+00,1.335390e+00,7.474083e-01,5.623400e-01,4.411638e-01,3.606725e-01,3.023216e-01,2.598339e-01,5.683375e-01,7.082852e-01,7.690033e-01,7.955405e-01,7.954301e-01,8.541407e-01,8.687039e-01
3.427500e-03,7.197094e+00,7.074562e+00,1.345210e+00,7.474093e-01,5.623453e-01,4.411653e-01,3.606671e-01,3.023216e-01,2.598368e-01,5.693438e-01,7.091903e-01,7.691193e-01,7.953032e-01,7.945976e-01,8.522289e-01,8.687035e-01
3.430000e-03,7.194887e+00,7.073310e+00,1.355331e+00,7.474095e-01,5.623497e-01,4.411690e-01,3.606618e-01,3.023199e-01,2.598398e-01,5.703709e-01,7.100135e-01,7.691548e-01,7.950545e-01,7.936609e-01,8.499097e-01,8.681253e-01
3.432500e-03,7.192516e+00,7.071971e+00,1.366053e+00,7.474079e-01,5.623527e-01,4.411733e-01,3.606584e-01,3.023169e-01,2.598422e-01,5.714293e-01,7.107445e-01,7.691170e-01,7.947719e-01,7.927344e-01,8.473239e-01,8.669054e-01
3.435000e-03,7.189949e+00,7.070558e+00,1.377246e+00,7.474035e-01,5.623540e-01,4.411776e-01,3.606577e-01,3.023129e-01,2.598434e-01,5.725423e-01,7.113719e-01,7.690159e-01,7.944343e-01,7.919418e-01,8.446975e-01,8.650685e-01
3.437500e-03,7.187171e+00,7.069076e+00,1.388982e+00,7.473965e-01,5.623542e-01,4.411819e-01,3.606594e-01,3.023085e-01,2.598433e-01,5.736836e-01,7.118925e-01,7.688632e-01,7.940318e-01,7.913643e-01,8.423129e-01,8.627233e-01
3.440000e-03,7.184134e+00,7.067540e+00,1.401242e+00,7.473883e-01,5.623541e-01,4.411855e-01,3.606623e-01,3.023046e-01,2.598417e-01,5.748135e-01,7.122985e-01,7.686735e-01,7.935725e-01,7.910076e-01,8.404379e-01,8.600133e-01
3.442500e-03,7.181895e+00,7.065968e+00,1.413261e+00,7.473806e-01,5.623530e-01,4.411877e-01,3.606657e-01,3.023025e-01,2.598389e-01,5.759943e-01,7.125845e-01,7.684589e-01,7.930801e-01,7.908090e-01,8.392349e-01,8.571632e-01
3.445000e-03,7.179653e+00,7.064303e+00,1.425262e+00,7.473751e-01,5.623504e-01,4.411884e-01,3.606693e-01,3.023024e-01,2.598354e-01,5.772555e-01,7.127566e-01,7.682170e-01,7.925789e-01,7.906747e-01,8.386999e-01,8.544125e-01
3.447500e-03,7.177240e+00,7.062577e+00,1.437683e+00,7.473739e-01,5.623459e-01,4.411884e-01,3.606730e-01,3.023039e-01,2.598318e-01,5.784395e-01,7.128401e-01,7.679373e-01,7.920811e-01,7.905228e-01,8.386710e-01,8.520932e-01
3.450000e-03,7.174530e+00,7.060865e+00,1.450255e+00,7.473778e-01,5.623400e-01,4.411881e-01,3.606759e-01,3.023061e-01,2.598291e-01,5.794787e-01,7.128194e-01,7.676138e-01,7.915848e-01,7.903085e-01,8.389113e-01,8.504441e-01
3.452500e-03,7.171664e+00,7.059158e+00,1.461490e+00,7.473851e-01,5.623338e-01,4.411873e-01,3.606774e-01,3.023089e-01,2.598278e-01,5.804244e-01,7.126574e-01,7.672499e-01,7.910817e-01,7.900210e-01,8.391951e-01,8.495899e-01
3.455000e-03,7.168812e+00,7.057394e+00,1.471475e+00,7.473932e-01,5.623295e-01,4.411853e-01,3.606777e-01,3.023121e-01,2.598280e-01,5.813395e-01,7.123953e-01,7.668512e-01,7.905665e-01,7.896671e-01,8.393732e-01,8.494507e-01
3.457500e-03,7.165843e+00,7.055627e+00,1.480193e+00,7.474002e-01,5.623288e-01,4.411817e-01,3.606775e-01,3.023153e-01,2.598293e-01,5.822422e-01,7.120669e-01,7.664177e-01,7.900401e-01,7.892581e-01,8.393763e-01,8.498926e-01
3.460000e-03,7.162760e+00,7.053868e+00,1.486426e+00,7.474056e-01,5.623318e-01,4.411769e-01,3.606772e-01,3.023175e-01,2.598313e-01,5.831612e-01,7.116870e-01,7.659507e-01,7.895096e-01,7.888045e-01,8.391931e-01,8.506978e-01
3.462500e-03,7.159660e+00,7.052094e+00,1.490602e+00,7.474098e-01,5.623370e-01,4.411721e-01,3.606763e-01,3.023185e-01,2.598339e-01,5.841269e-01,7.112452e-01,7.654606e-01,7.889858e-01,7.883188e-01,8.388286e-01,8.516804e-01
3.465000e-03,7.156651e+00,7.050297e+00,1.492805e+00,7.474123e-01,5.623424e-01,4.411690e-01,3.606743e-01,3.023186e-01,2.598369e-01,5.849775e-01,7.108075e-01,7.649576e-01,7.884777e-01,7.878217e-01,8.382959e-01,8.527039e-01
3.467500e-03,7.153681e+00,7.048483e+00,1.493325e+00,7.474121e-01,5.623469e-01,4.411688e-01,3.606710e-01,3.023184e-01,2.598397e-01,5.857122e-01,7.104376e-01,7.644445e-01,7.879885e-01,7.873398e-01,8.376210e-01,8.536864e-01
3.470000e-03,7.150789e+00,7.046682e+00,1.491442e+00,7.474085e-01,5.623504e-01,4.411714e-01,3.606669e-01,3.023181e-01,2.598415e-01,5.864245e-01,7.100384e-01,7.639171e-01,7.875163e-01,7.868951e-01,8.368541e-01,8.545522e-01
3.472500e-03,7.148089e+00,7.044820e+00,1.487263e+00,7.474018e-01,5.623531e-01,4.411754e-01,3.606631e-01,3.023172e-01,2.598423e-01,5.870695e-01,7.094854e-01,7.633639e-01,7.870583e-01,7.864940e-01,8.360645e-01,8.552398e-01
3.475000e-03,7.145691e+00,7.042898e+00,1.481124e+00,7.473941e-01,5.623545e-01,4.411793e-01,3.606611e-01,3.023152e-01,2.598425e-01,5.878878e-01,7.087919e-01,7.627657e-01,7.866134e-01,7.861217e-01,8.353131e-01,8.557407e-01
3.477500e-03,7.143370e+00,7.041051e+00,1.472582e+00,7.473877e-01,5.623539e-01,4.411826e-01,3.606615e-01,3.023122e-01,2.598425e-01,5.885223e-01,7.081481e-01,7.621044e-01,7.861817e-01,7.857474e-01,8.346376e-01,8.560716e-01
3.480000e-03,7.141149e+00,7.039086e+00,1.462712e+00,7.473837e-01,5.623513e-01,4.411851e-01,3.606639e-01,3.023086e-01,2.598422e-01,5.889797e-01,7.076274e-01,7.613864e-01,7.857627e-01,7.853433e-01,8.340493e-01,8.562627e-01
3.482500e-03,7.139142e+00,7.037022e+00,1.451005e+00,7.473814e-01,5.623473e-01,4.411868e-01,3.606672e-01,3.023057e-01,2.598413e-01,5.893727e-01,7.070986e-01,7.606705e-01,7.853514e-01,7.849005e-01,8.335343e-01,8.563728e-01
3.485000e-03,7.137358e+00,7.034893e+00,1.437937e+00,7.473793e-01,5.623434e-01,4.411874e-01,3.606705e-01,3.023043e-01,2.598394e-01,5.898070e-01,7.064587e-01,7.600266e-01,7.849352e-01,7.844266e-01,8.330666e-01,8.564350e-01
3.487500e-03,7.135759e+00,7.032647e+00,1.423815e+00,7.473772e-01,5.623403e-01,4.411867e-01,3.606731e-01,3.023049e-01,2.598367e-01,5.901865e-01,7.056942e-01,7.594612e-01,7.844965e-01,7.839369e-01,8.326310e-01,8.564656e-01
3.490000e-03,7.134261e+00,7.030319e+00,1.409364e+00,7.473765e-01,5.623378e-01,4.411847e-01,3.606751e-01,3.023071e-01,2.598338e-01,5.905153e-01,7.050079e-01,7.589281e-01,7.840204e-01,7.834485e-01,8.322237e-01,8.565177e-01
3.492500e-03,7.132792e+00,7.027937e+00,1.394686e+00,7.473792e-01,5.623351e-01,4.411823e-01,3.606763e-01,3.023099e-01,2.598315e-01,5.906637e-01,7.045936e-01,7.583884e-01,7.834989e-01,7.829747e-01,8.318435e-01,8.566046e-01
3.495000e-03,7.131482e+00,7.025412e+00,1.379597e+00,7.473858e-01,5.623321e-01,4.411800e-01,3.606766e-01,3.023126e-01,2.598307e-01,5.907946e-01,7.043806e-01,7.578324e-01,7.829315e-01,7.825194e-01,8.314930e-01,8.567246e-01
3.497500e-03,7.130351e+00,7.022714e+00,1.364057e+00,7.473947e-01,5.623300e-01,4.411778e-01,3.606759e-01,3.023148e-01,2.598316e-01,5.909699e-01,7.040798e-01,7.572691e-01,7.823269e-01,7.820760e-01,8.311878e-01,8.569015e-01
3.500000e-03,7.129313e+00,7.019885e+00,1.349033e+00,7.474031e-01,5.623306e-01,4.411753e-01,3.606745e-01,3.023164e-01,2.598336e-01,5.910444e-01,7.035656e-01,7.567074e-01,7.817059e-01,7.816344e-01,8.309433e-01,8.571279e-01
3.502500e-03,7.128225e+00,7.017106e+00,1.335189e+00,7.474097e-01,5.623345e-01,4.411724e-01,3.606728e-01,3.023173e-01,2.598362e-01,5.908847e-01,7.029559e-01,7.561246e-01,7.810948e-01,7.811919e-01,8.307583e-01,8.573517e-01
3.505000e-03,7.127196e+00,7.014578e+00,1.328552e+00,7.474138e-01,5.623406e-01,4.411697e-01,3.606710e-01,3.023174e-01,2.598386e-01,5.907633e-01,7.024876e-01,7.554793e-01,7.805100e-01,7.807561e-01,8.306201e-01,8.575850e-01
3.507500e-03,7.126301e+00,7.012781e+00,1.337236e+00,7.474151e-01,5.623469e-01,4.411687e-01,3.606688e-01,3.023168e-01,2.598406e-01,5.905793e-01,7.022468e-01,7.547775e-01,7.799493e-01,7.803386e-01,8.305189e-01,8.578671e-01
3.510000e-03,7.125558e+00,7.011155e+00,1.344434e+00,7.474131e-01,5.623520e-01,4.411703e-01,3.606662e-01,3.023158e-01,2.598420e-01,5.904044e-01,7.021096e-01,7.540951e-01,7.794011e-01,7.799451e-01,8.304617e-01,8.581996e-01
3.512500e-03,7.124995e+00,7.009648e+00,1.351000e+00,7.474076e-01,5.623557e-01,4.411743e-01,3.606634e-01,3.023145e-01,2.598427e-01,5.902492e-01,7.019300e-01,7.535112e-01,7.788647e-01,7.795744e-01,8.304688e-01,8.585476e-01
3.515000e-03,7.124468e+00,7.008306e+00,1.356880e+00,7.473999e-01,5.623580e-01,4.411792e-01,3.606615e-01,3.023129e-01,2.598429e-01,5.900800e-01,7.016662e-01,7.530349e-01,7.783575e-01,7.792247e-01,8.305592e-01,8.589357e-01
3.517500e-03,7.124060e+00,7.007117e+00,1.361548e+00,7.473918e-01,5.623583e-01,4.411837e-01,3.606616e-01,3.023106e-01,2.598427e-01,5.899028e-01,7.014021e-01,7.526048e-01,7.778958e-01,7.789049e-01,8.307488e-01,8.593657e-01
3.520000e-03,7.123723e+00,7.006063e+00,1.365418e+00,7.473849e-01,5.623564e-01,4.411871e-01,3.606639e-01,3.023080e-01,2.598421e-01,5.896720e-01,7.012062e-01,7.521546e-01,7.774691e-01,7.786358e-01,8.310475e-01,8.598331e-01
3.522500e-03,7.123449e+00,7.005150e+00,1.368532e+00,7.473808e-01,5.623523e-01,4.411895e-01,3.606676e-01,3.023057e-01,2.598410e-01,5.893791e-01,7.010143e-01,7.516691e-01,7.770419e-01,7.784412e-01,8.314606e-01,8.603583e-01
3.525000e-03,7.123255e+00,7.004358e+00,1.370889e+00,7.473793e-01,5.623468e-01,4.411907e-01,3.606715e-01,3.023045e-01,2.598394e-01,5.891169e-01,7.007450e-01,7.511773e-01,7.765875e-01,7.783379e-01,8.319793e-01,8.609500e-01
3.527500e-03,7.123140e+00,7.003676e+00,1.372655e+00,7.473801e-01,5.623409e-01,4.411906e-01,3.606749e-01,3.023052e-01,2.598373e-01,5.888590e-01,7.004377e-01,7.507044e-01,7.761204e-01,7.783317e-01,8.325857e-01,8.616028e-01
3.530000e-03,7.123093e+00,7.003101e+00,1.373930e+00,7.473825e-01,5.623360e-01,4.411888e-01,3.606773e-01,3.023074e-01,2.598349e-01,5.885762e-01,7.001681e-01,7.502506e-01,7.756925e-01,7.784259e-01,8.332587e-01,8.623048e-01
3.532500e-03,7.123108e+00,7.002630e+00,1.374670e+00,7.473865e-01,5.623328e-01,4.411856e-01,3.606788e-01,3.023106e-01,2.598331e-01,5.882961e-01,6.999420e-01,7.498167e-01,7.753558e-01,7.786363e-01,8.339803e-01,8.630197e-01
3.535000e-03,7.123207e+00,7.002250e+00,1.374894e+00,7.473915e-01,5.623316e-01,4.411814e-01,3.606795e-01,3.023138e-01,2.598326e-01,5.880237e-01,6.997191e-01,7.494227e-01,7.751303e-01,7.790001e-01,8.347464e-01,8.637162e-01
3.537500e-03,7.123388e+00,7.001956e+00,1.374691e+00,7.473970e-01,5.623319e-01,4.411770e-01,3.606790e-01,3.023164e-01,2.598336e-01,5.877524e-01,6.994593e-01,7.490833e-01,7.750070e-01,7.795597e-01,8.355760e-01,8.643384e-01
3.540000e-03,7.123625e+00,7.001750e+00,1.374089e+00,7.474023e-01,5.623337e-01,4.411733e-01,3.606772e-01,3.023183e-01,2.598359e-01,5.874869e-01,6.991388e-01,7.487797e-01,7.749797e-01,7.803335e-01,8.365124e-01,8.648575e-01
3.542500e-03,7.123935e+00,7.001621e+00,1.373122e+00,7.474066e-01,5.623367e-01,4.411709e-01,3.606744e-01,3.023193e-01,2.598386e-01,5.872206e-01,6.987729e-01,7.484830e-01,7.750638e-01,7.813038e-01,8.375991e-01,8.652456e-01
3.545000e-03,7.124322e+00,7.001564e+00,1.371797e+00,7.474091e-01,5.623407e-01,4.411699e-01,3.606708e-01,3.023196e-01,2.598413e-01,5.869462e-01,6.983995e-01,7.481929e-01,7.752847e-01,7.824321e-01,8.388404e-01,8.654852e-01
3.547500e-03,7.124788e+00,7.001573e+00,1.370113e+00,7.474090e-01,5.623452e-01,4.411702e-01,3.606671e-01,3.023189e-01,2.598434e-01,5.866658e-01,6.980395e-01,7.479335e-01,7.756550e-01,7.836842e-01,8.401890e-01,8.655667e-01
3.550000e-03,7.125340e+00,7.001643e+00,1.368081e+00,7.474074e-01,5.623494e-01,4.411718e-01,3.606641e-01,3.023173e-01,2.598448e-01,5.863628e-01,6.976885e-01,7.477301e-01,7.761692e-01,7.850440e-01,8.415748e-01,8.655045e-01
3.552500e-03,7.125982e+00,7.001770e+00,1.365709e+00,7.474024e-01,5.623528e-01,4.411745e-01,3.606623e-01,3.023149e-01,2.598455e-01,5.860355e-01,6.973358e-01,7.476033e-01,7.768170e-01,7.865069e-01,8.429422e-01,8.653173e-01
3.555000e-03,7.126717e+00,7.001953e+00,1.362985e+00,7.473951e-01,5.623549e-01,4.411780e-01,3.606617e-01,3.023118e-01,2.598455e-01,5.856818e-01,6.969816e-01,7.475660e-01,7.775898e-01,7.880635e-01,8.442696e-01,8.649870e-01
3.557500e-03,7.127541e+00,7.002192e+00,1.359897e+00,7.473871e-01,5.623557e-01,4.411816e-01,3.606623e-01,3.023088e-01,2.598449e-01,5.852971e-01,6.966367e-01,7.476175e-01,7.784792e-01,7.896861e-01,8.455634e-01,8.644713e-01
3.560000e-03,7.128449e+00,7.002487e+00,1.356491e+00,7.473806e-01,5.623539e-01,4.411850e-01,3.606640e-01,3.023064e-01,2.598434e-01,5.848826e-01,6.963114e-01,7.477468e-01,7.794717e-01,7.913264e-01,8.468373e-01,8.637528e-01
3.562500e-03,7.129439e+00,7.002839e+00,1.352686e+00,7.473776e-01,5.623497e-01,4.411877e-01,3.606666e-01,3.023050e-01,2.598411e-01,5.844425e-01,6.960060e-01,7.479451e-01,7.805506e-01,7.929208e-01,8.480974e-01,8.628527e-01
3.565000e-03,7.130514e+00,7.003250e+00,1.348474e+00,7.473787e-01,5.623437e-01,4.411896e-01,3.606696e-01,3.023047e-01,2.598384e-01,5.839739e-01,6.957213e-01,7.482152e-01,7.816988e-01,7.944043e-01,8.493242e-01,8.618227e-01
3.567500e-03,7.131664e+00,7.003724e+00,1.343804e+00,7.473824e-01,5.623374e-01,4.411897e-01,3.606728e-01,3.023054e-01,2.598358e-01,5.834913e-01,6.954651e-01,7.485705e-01,7.828997e-01,7.957321e-01,8.504662e-01,8.607338e-01
3.570000e-03,7.132887e+00,7.004263e+00,1.338730e+00,7.473868e-01,5.623331e-01,4.411878e-01,3.606757e-01,3.023070e-01,2.598337e-01,5.829854e-01,6.952461e-01,7.490293e-01,7.841354e-01,7.968952e-01,8.514559e-01,8.596543e-01
3.572500e-03,7.134176e+00,7.004867e+00,1.333275e+00,7.473910e-01,5.623318e-01,4.411839e-01,3.606779e-01,3.023094e-01,2.598325e-01,5.824586e-01,6.950709e-01,7.496086e-01,7.853842e-01,7.979082e-01,8.522480e-01,8.586299e-01
3.575000e-03,7.135520e+00,7.005548e+00,1.327372e+00,7.473954e-01,5.623334e-01,4.411789e-01,3.606790e-01,3.023121e-01,2.598323e-01,5.819139e-01,6.949460e-01,7.503196e-01,7.866227e-01,7.987771e-01,8.528590e-01,8.576819e-01
3.577500e-03,7.136908e+00,7.006316e+00,1.320916e+00,7.474005e-01,5.623363e-01,4.411742e-01,3.606785e-01,3.023149e-01,2.598331e-01,5.813600e-01,6.948761e-01,7.511645e-01,7.878302e-01,7.994822e-01,8.533460e-01,8.568096e-01
3.580000e-03,7.138321e+00,7.007175e+00,1.313961e+00,7.474059e-01,5.623391e-01,4.411714e-01,3.606763e-01,3.023174e-01,2.598347e-01,5.808180e-01,6.948687e-01,7.521346e-01,7.889917e-01,7.999866e-01,8.537510e-01,8.560088e-01
3.582500e-03,7.139768e+00,7.008120e+00,1.306534e+00,7.474103e-01,5.623418e-01,4.411711e-01,3.606726e-01,3.023190e-01,2.598369e-01,5.802635e-01,6.949334e-01,7.532134e-01,7.900963e-01,8.002576e-01,8.540627e-01,8.552966e-01
3.585000e-03,7.141252e+00,7.009152e+00,1.298552e+00,7.474123e-01,5.623447e-01,4.411727e-01,3.606684e-01,3.023196e-01,2.598394e-01,5.797156e-01,6.950806e-01,7.543816e-01,7.911328e-01,8.002890e-01,8.542353e-01,8.547145e-01
3.587500e-03,7.142750e+00,7.010295e+00,1.289816e+00,7.474115e-01,5.623483e-01,4.411749e-01,3.606650e-01,3.023188e-01,2.598418e-01,5.791971e-01,6.953189e-01,7.556189e-01,7.920879e-01,8.001138e-01,8.542290e-01,8.543113e-01
3.590000e-03,7.144302e+00,7.011529e+00,1.280661e+00,7.474080e-01,5.623519e-01,4.411771e-01,3.606632e-01,3.023165e-01,2.598437e-01,5.787047e-01,6.956578e-01,7.569062e-01,7.929488e-01,7.998009e-01,8.540396e-01,8.541087e-01
3.592500e-03,7.145871e+00,7.012867e+00,1.271304e+00,7.474023e-01,5.623547e-01,4.411792e-01,3.606634e-01,3.023132e-01,2.598449e-01,5.782564e-01,6.961048e-01,7.582278e-01,7.937101e-01,7.994384e-01,8.537067e-01,8.540886e-01
3.595000e-03,7.147400e+00,7.014330e+00,1.261579e+00,7.473954e-01,5.623558e-01,4.411816e-01,3.606648e-01,3.023098e-01,2.598450e-01,5.778080e-01,6.966660e-01,7.595697e-01,7.943772e-01,7.991121e-01,8.533065e-01,8.542131e-01
3.597500e-03,7.148902e+00,7.016251e+00,1.259914e+00,7.473881e-01,5.623549e-01,4.411842e-01,3.606667e-01,3.023072e-01,2.598438e-01,5.773813e-01,6.973447e-01,7.609134e-01,7.949674e-01,7.988817e-01,8.529268e-01,8.544362e-01
3.600000e-03,7.150386e+00,7.018556e+00,1.267905e+00,7.473815e-01,5.623521e-01,4.411867e-01,3.606685e-01,3.023061e-01,2.598415e-01,5.770635e-01,6.981313e-01,7.622363e-01,7.955052e-01,7.987668e-01,8.526361e-01,8.547440e-01
3.602500e-03,7.151808e+00,7.020798e+00,1.276249e+00,7.473769e-01,5.623479e-01,4.411885e-01,3.606704e-01,3.023064e-01,2.598386e-01,5.768055e-01,6.990251e-01,7.635160e-01,7.960160e-01,7.987444e-01,8.524589e-01,8.551348e-01
3.605000e-03,7.153123e+00,7.023018e+00,1.284997e+00,7.473754e-01,5.623428e-01,4.411890e-01,3.606724e-01,3.023077e-01,2.598357e-01,5.765810e-01,7.000253e-01,7.647333e-01,7.965182e-01,7.987633e-01,8.523610e-01,8.556193e-01
3.607500e-03,7.154373e+00,7.025128e+00,1.293671e+00,7.473776e-01,5.623375e-01,4.411880e-01,3.606744e-01,3.023093e-01,2.598336e-01,5.764060e-01,7.011043e-01,7.658752e-01,7.970183e-01,7.987665e-01,8.522585e-01,8.562060e-01
3.610000e-03,7.155523e+00,7.027112e+00,1.302352e+00,7.473830e-01,5.623328e-01,4.411856e-01,3.606763e-01,3.023109e-01,2.598327e-01,5.763344e-01,7.022498e-01,7.669390e-01,7.975080e-01,7.987089e-01,8.520469e-01,8.568644e-01
3.612500e-03,7.156587e+00,7.028993e+00,1.310861e+00,7.473904e-01,5.623300e-01,4.411822e-01,3.606775e-01,3.023125e-01,2.598330e-01,5.763604e-01,7.034425e-01,7.679295e-01,7.979670e-01,7.985637e-01,8.516390e-01,8.575243e-01
3.615000e-03,7.157551e+00,7.030745e+00,1.319226e+00,7.473980e-01,5.623296e-01,4.411782e-01,3.606775e-01,3.023142e-01,2.598341e-01,5.764760e-01,7.046645e-01,7.688467e-01,7.983678e-01,7.983221e-01,8.509905e-01,8.580954e-01
3.617500e-03,7.158328e+00,7.032405e+00,1.327672e+00,7.474045e-01,5.623321e-01,4.411741e-01,3.606764e-01,3.023158e-01,2.598354e-01,5.766763e-01,7.059172e-01,7.696842e-01,7.986821e-01,7.979952e-01,8.501069e-01,8.584808e-01
3.620000e-03,7.158972e+00,7.033939e+00,1.336142e+00,7.474085e-01,5.623365e-01,4.411708e-01,3.606741e-01,3.023173e-01,2.598368e-01,5.769882e-01,7.072081e-01,7.704386e-01,7.988856e-01,7.976140e-01,8.490369e-01,8.585648e-01
3.622500e-03,7.159481e+00,7.035350e+00,1.344699e+00,7.474098e-01,5.623420e-01,4.411691e-01,3.606711e-01,3.023181e-01,2.598381e-01,5.774957e-01,7.084835e-01,7.711091e-01,7.989615e-01,7.972255e-01,8.478693e-01,8.582766e-01
3.625000e-03,7.159783e+00,7.036635e+00,1.353272e+00,7.474082e-01,5.623473e-01,4.411695e-01,3.606677e-01,3.023179e-01,2.598395e-01,5.780798e-01,7.096590e-01,7.716968e-01,7.989053e-01,7.968795e-01,8.467343e-01,8.576186e-01
3.627500e-03,7.159863e+00,7.037785e+00,1.361859e+00,7.474042e-01,5.623515e-01,4.411719e-01,3.606645e-01,3.023168e-01,2.598408e-01,5.787439e-01,7.107184e-01,7.722054e-01,7.987258e-01,7.966138e-01,8.457808e-01,8.566424e-01
3.630000e-03,7.159672e+00,7.038819e+00,1.370534e+00,7.473990e-01,5.623541e-01,4.411756e-01,3.606622e-01,3.023148e-01,2.598418e-01,5.794449e-01,7.116938e-01,7.726324e-01,7.984421e-01,7.964432e-01,8.451384e-01,8.554463e-01
3.632500e-03,7.159242e+00,7.039721e+00,1.378939e+00,7.473940e-01,5.623547e-01,4.411798e-01,3.606614e-01,3.023122e-01,2.598423e-01,5.802660e-01,7.126172e-01,7.729610e-01,7.980760e-01,7.963622e-01,8.448826e-01,8.541891e-01
3.635000e-03,7.158646e+00,7.040438e+00,1.387109e+00,7.473899e-01,5.623533e-01,4.411837e-01,3.606624e-01,3.023093e-01,2.598420e-01,5.811617e-01,7.134805e-01,7.731752e-01,7.976474e-01,7.963579e-01,8.450157e-01,8.530530e-01
3.637500e-03,7.157845e+00,7.040995e+00,1.394993e+00,7.473868e-01,5.623503e-01,4.411866e-01,3.606648e-01,3.023068e-01,2.598408e-01,5.821069e-01,7.142372e-01,7.732756e-01,7.971743e-01,7.964205e-01,8.454654e-01,8.521959e-01
3.640000e-03,7.156871e+00,7.041384e+00,1.402311e+00,7.473844e-01,5.623468e-01,4.411882e-01,3.606680e-01,3.023052e-01,2.598390e-01,5.830893e-01,7.148885e-01,7.732737e-01,7.966754e-01,7.965393e-01,8.461276e-01,8.517268e-01
3.642500e-03,7.155729e+00,7.041589e+00,1.409145e+00,7.473827e-01,5.623435e-01,4.411884e-01,3.606714e-01,3.023050e-01,2.598366e-01,5.840804e-01,7.154628e-01,7.731715e-01,7.961715e-01,7.966915e-01,8.469118e-01,8.517217e-01
3.645000e-03,7.154424e+00,7.041612e+00,1.415294e+00,7.473821e-01,5.623408e-01,4.411871e-01,3.606743e-01,3.023061e-01,2.598342e-01,5.850715e-01,7.159494e-01,7.729619e-01,7.956833e-01,7.968348e-01,8.477458e-01,8.521694e-01
3.647500e-03,7.152963e+00,7.041457e+00,1.420611e+00,7.473836e-01,5.623386e-01,4.411848e-01,3.606765e-01,3.023083e-01,2.598322e-01,5.860290e-01,7.163171e-01,7.726485e-01,7.952248e-01,7.969057e-01,8.485501e-01,8.529819e-01
3.650000e-03,7.151365e+00,7.041133e+00,1.424985e+00,7.473872e-01,5.623366e-01,4.411822e-01,3.606775e-01,3.023111e-01,2.598311e-01,5.869425e-01,7.165408e-01,7.722478e-01,7.947969e-01,7.968235e-01,8.492216e-01,8.540610e-01
3.652500e-03,7.149645e+00,7.040631e+00,1.428281e+00,7.473924e-01,5.623349e-01,4.411797e-01,3.606772e-01,3.023138e-01,2.598313e-01,5.878030e-01,7.166356e-01,7.717732e-01,7.943891e-01,7.965137e-01,8.496376e-01,8.553226e-01
3.655000e-03,7.147829e+00,7.039926e+00,1.430347e+00,7.473985e-01,5.623342e-01,4.411776e-01,3.606760e-01,3.023161e-01,2.598325e-01,5.886063e-01,7.166517e-01,7.712306e-01,7.939850e-01,7.959518e-01,8.496698e-01,8.566717e-01
3.657500e-03,7.145940e+00,7.039040e+00,1.431097e+00,7.474039e-01,5.623352e-01,4.411758e-01,3.606740e-01,3.023176e-01,2.598345e-01,5.893479e-01,7.166045e-01,7.706354e-01,7.935654e-01,7.951861e-01,8.492125e-01,8.579944e-01
3.660000e-03,7.143991e+00,7.037980e+00,1.430399e+00,7.474077e-01,5.623379e-01,4.411741e-01,3.606718e-01,3.023182e-01,2.598369e-01,5.900273e-01,7.164593e-01,7.700193e-01,7.931090e-01,7.943131e-01,8.482527e-01,8.591692e-01
3.662500e-03,7.142031e+00,7.036766e+00,1.427939e+00,7.474087e-01,5.623418e-01,4.411728e-01,3.606698e-01,3.023178e-01,2.598391e-01,5.906792e-01,7.161839e-01,7.694107e-01,7.925983e-01,7.934312e-01,8.469218e-01,8.600674e-01
3.665000e-03,7.140060e+00,7.035357e+00,1.424057e+00,7.474068e-01,5.623461e-01,4.411724e-01,3.606680e-01,3.023167e-01,2.598410e-01,5.913021e-01,7.157837e-01,7.688138e-01,7.920293e-01,7.926088e-01,8.454503e-01,8.605769e-01
3.667500e-03,7.138036e+00,7.033785e+00,1.418951e+00,7.474024e-01,5.623499e-01,4.411734e-01,3.606664e-01,3.023150e-01,2.598421e-01,5.918571e-01,7.152819e-01,7.682084e-01,7.914135e-01,7.918761e-01,8.440669e-01,8.606128e-01
3.670000e-03,7.136041e+00,7.032047e+00,1.412103e+00,7.473965e-01,5.623524e-01,4.411757e-01,3.606650e-01,3.023132e-01,2.598425e-01,5.923829e-01,7.146942e-01,7.675720e-01,7.907691e-01,7.912354e-01,8.429253e-01,8.602278e-01
3.672500e-03,7.134087e+00,7.030121e+00,1.403476e+00,7.473903e-01,5.623529e-01,4.411788e-01,3.606642e-01,3.023114e-01,2.598422e-01,5.927893e-01,7.140362e-01,7.669004e-01,7.901102e-01,7.906808e-01,8.420909e-01,8.596234e-01
3.675000e-03,7.132121e+00,7.028014e+00,1.393763e+00,7.473851e-01,5.623514e-01,4.411820e-01,3.606642e-01,3.023099e-01,2.598413e-01,5.931481e-01,7.133075e-01,7.662051e-01,7.894472e-01,7.902157e-01,8.415519e-01,8.590326e-01
3.677500e-03,7.130232e+00,7.025638e+00,1.382620e+00,7.473818e-01,5.623483e-01,4.411847e-01,3.606654e-01,3.023085e-01,2.598399e-01,5.935013e-01,7.125102e-01,7.654992e-01,7.887928e-01,7.898554e-01,8.412450e-01,8.586264e-01
3.680000e-03,7.128491e+00,7.022966e+00,1.369782e+00,7.473806e-01,5.623443e-01,4.411863e-01,3.606675e-01,3.023074e-01,2.598384e-01,5.937944e-01,7.116534e-01,7.647926e-01,7.881655e-01,7.896123e-01,8.410976e-01,8.584886e-01
3.682500e-03,7.126836e+00,7.020008e+00,1.356193e+00,7.473814e-01,5.623403e-01,4.411865e-01,3.606702e-01,3.023069e-01,2.598369e-01,5.939675e-01,7.107781e-01,7.640951e-01,7.875844e-01,7.894771e-01,8.410566e-01,8.586330e-01
3.685000e-03,7.125146e+00,7.016909e+00,1.342548e+00,7.473835e-01,5.623373e-01,4.411851e-01,3.606728e-01,3.023072e-01,2.598356e-01,5.939283e-01,7.099406e-01,7.634074e-01,7.870615e-01,7.894087e-01,8.410827e-01,8.590277e-01
3.687500e-03,7.123552e+00,7.014089e+00,1.340899e+00,7.473864e-01,5.623354e-01,4.411826e-01,3.606748e-01,3.023083e-01,2.598345e-01,5.938943e-01,7.091545e-01,7.627144e-01,7.865997e-01,7.893426e-01,8.411279e-01,8.596101e-01
3.690000e-03,7.122091e+00,7.011924e+00,1.352698e+00,7.473901e-01,5.623349e-01,4.411797e-01,3.606758e-01,3.023102e-01,2.598338e-01,5.937475e-01,7.083811e-01,7.620017e-01,7.861962e-01,7.892115e-01,8.411204e-01,8.602991e-01
3.692500e-03,7.120818e+00,7.009869e+00,1.363399e+00,7.473941e-01,5.623353e-01,4.411770e-01,3.606756e-01,3.023125e-01,2.598336e-01,5.935634e-01,7.076099e-01,7.612683e-01,7.858449e-01,7.889698e-01,8.409686e-01,8.610325e-01
3.695000e-03,7.119679e+00,7.007943e+00,1.373352e+00,7.473983e-01,5.623366e-01,4.411750e-01,3.606743e-01,3.023146e-01,2.598342e-01,5.933479e-01,7.068657e-01,7.605216e-01,7.855345e-01,7.886071e-01,8.405923e-01,8.617328e-01
3.697500e-03,7.118745e+00,7.006172e+00,1.381463e+00,7.474021e-01,5.623385e-01,4.411738e-01,3.606722e-01,3.023161e-01,2.598355e-01,5.931228e-01,7.061493e-01,7.597666e-01,7.852469e-01,7.881466e-01,8.399608e-01,8.623087e-01
3.700000e-03,7.117869e+00,7.004571e+00,1.388343e+00,7.474050e-01,5.623410e-01,4.411735e-01,3.606699e-01,3.023168e-01,2.598374e-01,5.928089e-01,7.054500e-01,7.590052e-01,7.849599e-01,7.876337e-01,8.391118e-01,8.626713e-01
3.702500e-03,7.117073e+00,7.003139e+00,1.394139e+00,7.474065e-01,5.623439e-01,4.411738e-01,3.606678e-01,3.023165e-01,2.598395e-01,5.923881e-01,7.047521e-01,7.582518e-01,7.846544e-01,7.871237e-01,8.381387e-01,8.627443e-01
3.705000e-03,7.116399e+00,7.001843e+00,1.398947e+00,7.474062e-01,5.623469e-01,4.411747e-01,3.606663e-01,3.023153e-01,2.598414e-01,5.920203e-01,7.040196e-01,7.575329e-01,7.843223e-01,7.866695e-01,8.371612e-01,8.625077e-01
3.707500e-03,7.115928e+00,7.000705e+00,1.402735e+00,7.474039e-01,5.623497e-01,4.411762e-01,3.606655e-01,3.023135e-01,2.598427e-01,5.915917e-01,7.032534e-01,7.568638e-01,7.839684e-01,7.863107e-01,8.362969e-01,8.619865e-01
3.710000e-03,7.115594e+00,6.999724e+00,1.405572e+00,7.473999e-01,5.623516e-01,4.411782e-01,3.606653e-01,3.023116e-01,2.598433e-01,5.911862e-01,7.025481e-01,7.562402e-01,7.836028e-01,7.860662e-01,8.356410e-01,8.612651e-01
3.712500e-03,7.115325e+00,6.998906e+00,1.407213e+00,7.473947e-01,5.623524e-01,4.411806e-01,3.606657e-01,3.023100e-01,2.598430e-01,5.908529e-01,7.019512e-01,7.556485e-01,7.832315e-01,7.859341e-01,8.352543e-01,8.604564e-01
3.715000e-03,7.115163e+00,6.998202e+00,1.408245e+00,7.473892e-01,5.623518e-01,4.411829e-01,3.606665e-01,3.023088e-01,2.598421e-01,5.905503e-01,7.014140e-01,7.550807e-01,7.828554e-01,7.858962e-01,8.351537e-01,8.596751e-01
3.717500e-03,7.115082e+00,6.997609e+00,1.408827e+00,7.473845e-01,5.623498e-01,4.411850e-01,3.606679e-01,3.023082e-01,2.598407e-01,5.902287e-01,7.008747e-01,7.545433e-01,7.824766e-01,7.859249e-01,8.353092e-01,8.590309e-01
3.720000e-03,7.115089e+00,6.997116e+00,1.408979e+00,7.473817e-01,5.623467e-01,4.411862e-01,3.606697e-01,3.023080e-01,2.598392e-01,5.899315e-01,7.002939e-01,7.540370e-01,7.821041e-01,7.859918e-01,8.356529e-01,8.586076e-01
3.722500e-03,7.115140e+00,6.996739e+00,1.408646e+00,7.473813e-01,5.623428e-01,4.411865e-01,3.606717e-01,3.023083e-01,2.598380e-01,5.896315e-01,6.997072e-01,7.535425e-01,7.817504e-01,7.860755e-01,8.360960e-01,8.584395e-01
3.725000e-03,7.115266e+00,6.996461e+00,1.407896e+00,7.473831e-01,5.623389e-01,4.411857e-01,3.606736e-01,3.023091e-01,2.598371e-01,5.893039e-01,6.991683e-01,7.530401e-01,7.814244e-01,7.861685e-01,8.365524e-01,8.585308e-01
3.727500e-03,7.115470e+00,6.996274e+00,1.406690e+00,7.473866e-01,5.623357e-01,4.411839e-01,3.606751e-01,3.023103e-01,2.598366e-01,5.889753e-01,6.986997e-01,7.525317e-01,7.811270e-01,7.862728e-01,8.369663e-01,8.588342e-01
3.730000e-03,7.115761e+00,6.996169e+00,1.405087e+00,7.473912e-01,5.623340e-01,4.411812e-01,3.606759e-01,3.023119e-01,2.598365e-01,5.886412e-01,6.982871e-01,7.520413e-01,7.808560e-01,7.863869e-01,8.373299e-01,8.592710e-01
3.732500e-03,7.116136e+00,6.996144e+00,1.403080e+00,7.473958e-01,5.623340e-01,4.411782e-01,3.606758e-01,3.023137e-01,2.598368e-01,5.882835e-01,6.979070e-01,7.516000e-01,7.806157e-01,7.864986e-01,8.376668e-01,8.597441e-01
3.735000e-03,7.116810e+00,6.996194e+00,1.400662e+00,7.473998e-01,5.623354e-01,4.411753e-01,3.606748e-01,3.023153e-01,2.598375e-01,5.879126e-01,6.975574e-01,7.512247e-01,7.804172e-01,7.865931e-01,8.379988e-01,8.601631e-01
3.737500e-03,7.117630e+00,6.996317e+00,1.397838e+00,7.474024e-01,5.623380e-01,4.411732e-01,3.606731e-01,3.023164e-01,2.598387e-01,5.875321e-01,6.972496e-01,7.509081e-01,7.802672e-01,7.866650e-01,8.383228e-01,8.604971e-01
3.740000e-03,7.118564e+00,6.996509e+00,1.394639e+00,7.474034e-01,5.623412e-01,4.411721e-01,3.606708e-01,3.023169e-01,2.598401e-01,5.871335e-01,6.969872e-01,7.506282e-01,7.801593e-01,7.867214e-01,8.386302e-01,8.607481e-01
3.742500e-03,7.119603e+00,6.996770e+00,1.391072e+00,7.474029e-01,5.623445e-01,4.411723e-01,3.606683e-01,3.023166e-01,2.598416e-01,5.867218e-01,6.967530e-01,7.503606e-01,7.800757e-01,7.867747e-01,8.389358e-01,8.609403e-01
3.745000e-03,7.120740e+00,6.997096e+00,1.387150e+00,7.474012e-01,5.623474e-01,4.411736e-01,3.606661e-01,3.023156e-01,2.598429e-01,5.863022e-01,6.965244e-01,7.500866e-01,7.799992e-01,7.868354e-01,8.392766e-01,8.610875e-01
3.747500e-03,7.121966e+00,6.997486e+00,1.382900e+00,7.473986e-01,5.623494e-01,4.411756e-01,3.606646e-01,3.023140e-01,2.598437e-01,5.858760e-01,6.963044e-01,7.498012e-01,7.799249e-01,7.869076e-01,8.396833e-01,8.611806e-01
3.750000e-03,7.123266e+00,6.997939e+00,1.378343e+00,7.473954e-01,5.623503e-01,4.411781e-01,3.606640e-01,3.023120e-01,2.598439e-01,5.854375e-01,6.961118e-01,7.495180e-01,7.798621e-01,7.869922e-01,8.401607e-01,8.612387e-01
3.752500e-03,7.124622e+00,6.998458e+00,1.373475e+00,7.473919e-01,5.623502e-01,4.411806e-01,3.606644e-01,3.023100e-01,2.598435e-01,5.850019e-01,6.959527e-01,7.492636e-01,7.798261e-01,7.870958e-01,8.406900e-01,8.613117e-01
3.755000e-03,7.126015e+00,6.999042e+00,1.368333e+00,7.473885e-01,5.623493e-01,4.411828e-01,3.606656e-01,3.023083e-01,2.598424e-01,5.845729e-01,6.958193e-01,7.490649e-01,7.798276e-01,7.872360e-01,8.412441e-01,8.614549e-01
3.757500e-03,7.127458e+00,6.999686e+00,1.363058e+00,7.473857e-01,5.623475e-01,4.411844e-01,3.606674e-01,3.023072e-01,2.598409e-01,5.841580e-01,6.957029e-01,7.489384e-01,7.798678e-01,7.874371e-01,8.418024e-01,8.617084e-01
3.760000e-03,7.128895e+00,7.000401e+00,1.357559e+00,7.473841e-01,5.623452e-01,4.411852e-01,3.606695e-01,3.023069e-01,2.598391e-01,5.837284e-01,6.956030e-01,7.488836e-01,7.799414e-01,7.877188e-01,8.423594e-01,8.620665e-01
3.762500e-03,7.130349e+00,7.001177e+00,1.351823e+00,7.473842e-01,5.623424e-01,4.411851e-01,3.606716e-01,3.023073e-01,2.598373e-01,5.833116e-01,6.955237e-01,7.488870e-01,7.800427e-01,7.880886e-01,8.429219e-01,8.624881e-01
3.765000e-03,7.131805e+00,7.002010e+00,1.345736e+00,7.473861e-01,5.623396e-01,4.411844e-01,3.606734e-01,3.023084e-01,2.598358e-01,5.828723e-01,6.954668e-01,7.489335e-01,7.801688e-01,7.885427e-01,8.435046e-01,8.629176e-01
3.767500e-03,7.133290e+00,7.002889e+00,1.339440e+00,7.473894e-01,5.623373e-01,4.411829e-01,3.606747e-01,3.023100e-01,2.598349e-01,5.824248e-01,6.954302e-01,7.490134e-01,7.803208e-01,7.890722e-01,8.441206e-01,8.633100e-01
3.770000e-03,7.134766e+00,7.003832e+00,1.332746e+00,7.473938e-01,5.623362e-01,4.411809e-01,3.606753e-01,3.023118e-01,2.598347e-01,5.819864e-01,6.954073e-01,7.491226e-01,7.805038e-01,7.896684e-01,8.447796e-01,8.636387e-01
3.772500e-03,7.136261e+00,7.004817e+00,1.325721e+00,7.473985e-01,5.623364e-01,4.411785e-01,3.606751e-01,3.023136e-01,2.598351e-01,5.815503e-01,6.954067e-01,7.492610e-01,7.807267e-01,7.903232e-01,8.454855e-01,8.638972e-01
3.775000e-03,7.137762e+00,7.005867e+00,1.318251e+00,7.474025e-01,5.623380e-01,4.411763e-01,3.606742e-01,3.023151e-01,2.598360e-01,5.810919e-01,6.954266e-01,7.494304e-01,7.810008e-01,7.910281e-01,8.462358e-01,8.640769e-01
3.777500e-03,7.139249e+00,7.006986e+00,1.310409e+00,7.474050e-01,5.623405e-01,4.411746e-01,3.606727e-01,3.023161e-01,2.598373e-01,5.806218e-01,6.954542e-01,7.496332e-01,7.813360e-01,7.917704e-01,8.470252e-01,8.641763e-01
3.780000e-03,7.140712e+00,7.008176e+00,1.302273e+00,7.474059e-01,5.623437e-01,4.411739e-01,3.606708e-01,3.023165e-01,2.598388e-01,5.801835e-01,6.954953e-01,7.498742e-01,7.817382e-01,7.925314e-01,8.478497e-01,8.642132e-01
3.782500e-03,7.142169e+00,7.009429e+00,1.293726e+00,7.474051e-01,5.623469e-01,4.411744e-01,3.606688e-01,3.023163e-01,2.598403e-01,5.797075e-01,6.955436e-01,7.501575e-01,7.822091e-01,7.932874e-01,8.487051e-01,8.642091e-01
3.785000e-03,7.143621e+00,7.010765e+00,1.284510e+00,7.474028e-01,5.623495e-01,4.411759e-01,3.606669e-01,3.023154e-01,2.598415e-01,5.792451e-01,6.955841e-01,7.504834e-01,7.827449e-01,7.940131e-01,8.495795e-01,8.641737e-01
3.787500e-03,7.145116e+00,7.012167e+00,1.275075e+00,7.473994e-01,5.623510e-01,4.411780e-01,3.606657e-01,3.023139e-01,2.598423e-01,5.788304e-01,6.956234e-01,7.508508e-01,7.833367e-01,7.946856e-01,8.504504e-01,8.641368e-01
3.790000e-03,7.146593e+00,7.013645e+00,1.265646e+00,7.473954e-01,5.623513e-01,4.411804e-01,3.606654e-01,3.023122e-01,2.598424e-01,5.784350e-01,6.956802e-01,7.512591e-01,7.839710e-01,7.952894e-01,8.512859e-01,8.641079e-01
3.792500e-03,7.148018e+00,7.015261e+00,1.256743e+00,7.473912e-01,5.623505e-01,4.411827e-01,3.606660e-01,3.023104e-01,2.598420e-01,5.780173e-01,6.957532e-01,7.517087e-01,7.846306e-01,7.958205e-01,8.520486e-01,8.640952e-01
3.795000e-03,7.149428e+00,7.017594e+00,1.264993e+00,7.473875e-01,5.623487e-01,4.411844e-01,3.606674e-01,3.023089e-01,2.598410e-01,5.776396e-01,6.958447e-01,7.522014e-01,7.852979e-01,7.962846e-01,8.527073e-01,8.641045e-01
3.797500e-03,7.150789e+00,7.019862e+00,1.273574e+00,7.473847e-01,5.623462e-01,4.411854e-01,3.606693e-01,3.023080e-01,2.598395e-01,5.773434e-01,6.959628e-01,7.527379e-01,7.859585e-01,7.966915e-01,8.532487e-01,8.641189e-01
3.800000e-03,7.152082e+00,7.022040e+00,1.282258e+00,7.473832e-01,5.623433e-01,4.411855e-01,3.606713e-01,3.023080e-01,2.598378e-01,5.770298e-01,6.961077e-01,7.533158e-01,7.866027e-01,7.970494e-01,8.536815e-01,8.641200e-01
3.802500e-03,7.153324e+00,7.024141e+00,1.290872e+00,7.473830e-01,5.623405e-01,4.411847e-01,3.606731e-01,3.023087e-01,2.598362e-01,5.767153e-01,6.962692e-01,7.539283e-01,7.872254e-01,7.973634e-01,8.540236e-01,8.640890e-01
3.805000e-03,7.154538e+00,7.026085e+00,1.299161e+00,7.473846e-01,5.623381e-01,4.411831e-01,3.606744e-01,3.023100e-01,2.598349e-01,5.764234e-01,6.964334e-01,7.545662e-01,7.878242e-01,7.976355e-01,8.542840e-01,8.640071e-01
3.807500e-03,7.155696e+00,7.027930e+00,1.307288e+00,7.473881e-01,5.623362e-01,4.411812e-01,3.606750e-01,3.023116e-01,2.598342e-01,5.761565e-01,6.966087e-01,7.552227e-01,7.883990e-01,7.978657e-01,8.544653e-01,8.638845e-01
3.810000e-03,7.156890e+00,7.029654e+00,1.314799e+00,7.473926e-01,5.623351e-01,4.411791e-01,3.606749e-01,3.023132e-01,2.598342e-01,5.759069e-01,6.968193e-01,7.558945e-01,7.889506e-01,7.980532e-01,8.545688e-01,8.637313e-01
3.812500e-03,7.158040e+00,7.031258e+00,1.321989e+00,7.473973e-01,5.623353e-01,4.411770e-01,3.606740e-01,3.023147e-01,2.598349e-01,5.756677e-01,6.970805e-01,7.565799e-01,7.894794e-01,7.982053e-01,8.545889e-01,8.635694e-01
3.815000e-03,7.159116e+00,7.032799e+00,1.328970e+00,7.474013e-01,5.623369e-01,4.411752e-01,3.606726e-01,3.023157e-01,2.598360e-01,5.753944e-01,6.974102e-01,7.572774e-01,7.899859e-01,7.983457e-01,8.545064e-01,8.634051e-01
3.817500e-03,7.160217e+00,7.034237e+00,1.335766e+00,7.474039e-01,5.623396e-01,4.411739e-01,3.606710e-01,3.023161e-01,2.598373e-01,5.752098e-01,6.978017e-01,7.579816e-01,7.904709e-01,7.985103e-01,8.543076e-01,8.632403e-01
3.820000e-03,7.161298e+00,7.035591e+00,1.342319e+00,7.474047e-01,5.623430e-01,4.411733e-01,3.606692e-01,3.023158e-01,2.598387e-01,5.750676e-01,6.981935e-01,7.586817e-01,7.909368e-01,7.987216e-01,8.540164e-01,8.630679e-01
3.822500e-03,7.162317e+00,7.036868e+00,1.348641e+00,7.474035e-01,5.623464e-01,4.411738e-01,3.606675e-01,3.023150e-01,2.598398e-01,5.749205e-01,6.985584e-01,7.593688e-01,7.913872e-01,7.989618e-01,8.536954e-01,8.628653e-01
3.825000e-03,7.163251e+00,7.038077e+00,1.354816e+00,7.474008e-01,5.623493e-01,4.411752e-01,3.606661e-01,3.023139e-01,2.598406e-01,5.747573e-01,6.989414e-01,7.600380e-01,7.918257e-01,7.991751e-01,8.534031e-01,8.626301e-01
3.827500e-03,7.164050e+00,7.039249e+00,1.360922e+00,7.473971e-01,5.623511e-01,4.411774e-01,3.606652e-01,3.023124e-01,2.598408e-01,5.745908e-01,6.993826e-01,7.606784e-01,7.922505e-01,7.993096e-01,8.531406e-01,8.623479e-01
3.830000e-03,7.164825e+00,7.040330e+00,1.366469e+00,7.473932e-01,5.623513e-01,4.411801e-01,3.606651e-01,3.023109e-01,2.598404e-01,5.745093e-01,6.998801e-01,7.612792e-01,7.926520e-01,7.993737e-01,8.528368e-01,8.620642e-01
3.832500e-03,7.165534e+00,7.041378e+00,1.371866e+00,7.473896e-01,5.623502e-01,4.411827e-01,3.606657e-01,3.023095e-01,2.598396e-01,5.744457e-01,7.003958e-01,7.618427e-01,7.930155e-01,7.994471e-01,8.524004e-01,8.618233e-01
3.835000e-03,7.166162e+00,7.042361e+00,1.376941e+00,7.473870e-01,5.623479e-01,4.411847e-01,3.606671e-01,3.023085e-01,2.598384e-01,5.744153e-01,7.008972e-01,7.623797e-01,7.933325e-01,7.996190e-01,8.518206e-01,8.616465e-01
3.837500e-03,7.166746e+00,7.043266e+00,1.381665e+00,7.473854e-01,5.623449e-01,4.411858e-01,3.606691e-01,3.023079e-01,2.598371e-01,5.744348e-01,7.014095e-01,7.628951e-01,7.936086e-01,7.999116e-01,8.512194e-01,8.615145e-01
3.840000e-03,7.167266e+00,7.044097e+00,1.386060e+00,7.473852e-01,5.623419e-01,4.411857e-01,3.606714e-01,3.023079e-01,2.598357e-01,5.744916e-01,7.019517e-01,7.633829e-01,7.938598e-01,8.002696e-01,8.507691e-01,8.613457e-01
3.842500e-03,7.167698e+00,7.044861e+00,1.389804e+00,7.473865e-01,5.623396e-01,4.411845e-01,3.606734e-01,3.023086e-01,2.598346e-01,5.745604e-01,7.024980e-01,7.638327e-01,7.940971e-01,8.006165e-01,8.505541e-01,8.610669e-01
3.845000e-03,7.168058e+00,7.045570e+00,1.393694e+00,7.473889e-01,5.623380e-01,4.411825e-01,3.606749e-01,3.023099e-01,2.598337e-01,5.746854e-01,7.029996e-01,7.642394e-01,7.943155e-01,8.008982e-01,8.505340e-01,8.607050e-01
3.847500e-03,7.168335e+00,7.046220e+00,1.397554e+00,7.473920e-01,5.623371e-01,4.411801e-01,3.606755e-01,3.023116e-01,2.598332e-01,5.748397e-01,7.034384e-01,7.646004e-01,7.944949e-01,8.010811e-01,8.506221e-01,8.603921e-01
3.850000e-03,7.168519e+00,7.046807e+00,1.401181e+00,7.473954e-01,5.623372e-01,4.411780e-01,3.606752e-01,3.023135e-01,2.598333e-01,5.750688e-01,7.038604e-01,7.649170e-01,7.946126e-01,8.011291e-01,8.507680e-01,8.602659e-01
3.852500e-03,7.168592e+00,7.047327e+00,1.404735e+00,7.473985e-01,5.623380e-01,4.411763e-01,3.606740e-01,3.023151e-01,2.598340e-01,5.753165e-01,7.043072e-01,7.651965e-01,7.946530e-01,8.009970e-01,8.509565e-01,8.603571e-01
3.855000e-03,7.168586e+00,7.047770e+00,1.408157e+00,7.474008e-01,5.623396e-01,4.411752e-01,3.606721e-01,3.023162e-01,2.598352e-01,5.756274e-01,7.047798e-01,7.654458e-01,7.946046e-01,8.006339e-01,8.511643e-01,8.606143e-01
3.857500e-03,7.168450e+00,7.048146e+00,1.411614e+00,7.474023e-01,5.623418e-01,4.411747e-01,3.606702e-01,3.023166e-01,2.598367e-01,5.759298e-01,7.052367e-01,7.656700e-01,7.944525e-01,7.999981e-01,8.513313e-01,8.609954e-01
3.860000e-03,7.168214e+00,7.048444e+00,1.414967e+00,7.474023e-01,5.623442e-01,4.411747e-01,3.606685e-01,3.023161e-01,2.598382e-01,5.762386e-01,7.056298e-01,7.658658e-01,7.941789e-01,7.990791e-01,8.513640e-01,8.615096e-01
3.862500e-03,7.167886e+00,7.048663e+00,1.418136e+00,7.474009e-01,5.623465e-01,4.411754e-01,3.606673e-01,3.023149e-01,2.598395e-01,5.765702e-01,7.059462e-01,7.660122e-01,7.937698e-01,7.979125e-01,8.511680e-01,8.621771e-01
3.865000e-03,7.167482e+00,7.048802e+00,1.421129e+00,7.473984e-01,5.623484e-01,4.411766e-01,3.606665e-01,3.023133e-01,2.598403e-01,5.769197e-01,7.061948e-01,7.660817e-01,7.932188e-01,7.965693e-01,8.506903e-01,8.629957e-01
3.867500e-03,7.167003e+00,7.048863e+00,1.423977e+00,7.473950e-01,5.623494e-01,4.411782e-01,3.606662e-01,3.023117e-01,2.598404e-01,5.772890e-01,7.064064e-01,7.660618e-01,7.925284e-01,7.951289e-01,8.499372e-01,8.639281e-01
3.870000e-03,7.166452e+00,7.048846e+00,1.426662e+00,7.473913e-01,5.623493e-01,4.411801e-01,3.606663e-01,3.023104e-01,2.598398e-01,5.776667e-01,7.066035e-01,7.659600e-01,7.917142e-01,7.936618e-01,8.489656e-01,8.649061e-01
3.872500e-03,7.165832e+00,7.048755e+00,1.429171e+00,7.473878e-01,5.623483e-01,4.411820e-01,3.606669e-01,3.023095e-01,2.598387e-01,5.780460e-01,7.067761e-01,7.657924e-01,7.908048e-01,7.922265e-01,8.478535e-01,8.658578e-01
3.875000e-03,7.165149e+00,7.048593e+00,1.431488e+00,7.473852e-01,5.623464e-01,4.411833e-01,3.606680e-01,3.023088e-01,2.598373e-01,5.784257e-01,7.069049e-01,7.655695e-01,7.898374e-01,7.908696e-01,8.466782e-01,8.667310e-01
3.877500e-03,7.164409e+00,7.048363e+00,1.433594e+00,7.473839e-01,5.623440e-01,4.411840e-01,3.606695e-01,3.023086e-01,2.598360e-01,5.788018e-01,7.069803e-01,7.652865e-01,7.888471e-01,7.896241e-01,8.455042e-01,8.675094e-01
3.880000e-03,7.163616e+00,7.048071e+00,1.435446e+00,7.473846e-01,5.623414e-01,4.411837e-01,3.606712e-01,3.023087e-01,2.598349e-01,5.791736e-01,7.070025e-01,7.649248e-01,7.878582e-01,7.885053e-01,8.443838e-01,8.681979e-01
3.882500e-03,7.162779e+00,7.047719e+00,1.437029e+00,7.473869e-01,5.623390e-01,4.411828e-01,3.606727e-01,3.023093e-01,2.598341e-01,5.795395e-01,7.069789e-01,7.644619e-01,7.868833e-01,7.875095e-01,8.433520e-01,8.688125e-01
3.885000e-03,7.161904e+00,7.047309e+00,1.438295e+00,7.473903e-01,5.623373e-01,4.411812e-01,3.606738e-01,3.023103e-01,2.598336e-01,5.798983e-01,7.069189e-01,7.638828e-01,7.859272e-01,7.866132e-01,8.424201e-01,8.693497e-01
3.887500e-03,7.160995e+00,7.046849e+00,1.439144e+00,7.473940e-01,5.623368e-01,4.411793e-01,3.606741e-01,3.023117e-01,2.598334e-01,5.802495e-01,7.068189e-01,7.631865e-01,7.849929e-01,7.857751e-01,8.415739e-01,8.698227e-01
3.890000e-03,7.160078e+00,7.046335e+00,1.439442e+00,7.473973e-01,5.623374e-01,4.411774e-01,3.606737e-01,3.023131e-01,2.598336e-01,5.805943e-01,7.066629e-01,7.623872e-01,7.840846e-01,7.849481e-01,8.407761e-01,8.702568e-01
3.892500e-03,7.159181e+00,7.045766e+00,1.439270e+00,7.474001e-01,5.623392e-01,4.411757e-01,3.606728e-01,3.023144e-01,2.598342e-01,5.809628e-01,7.064380e-01,7.615095e-01,7.832050e-01,7.840995e-01,8.399723e-01,8.706525e-01
3.895000e-03,7.158245e+00,7.045167e+00,1.438812e+00,7.474019e-01,5.623416e-01,4.411746e-01,3.606714e-01,3.023151e-01,2.598353e-01,5.812848e-01,7.061379e-01,7.605762e-01,7.823511e-01,7.832317e-01,8.391008e-01,8.709928e-01
3.897500e-03,7.157304e+00,7.044546e+00,1.438204e+00,7.474027e-01,5.623441e-01,4.411744e-01,3.606698e-01,3.023153e-01,2.598366e-01,5.815916e-01,7.057584e-01,7.595998e-01,7.815127e-01,7.823824e-01,8.381191e-01,8.712516e-01
3.900000e-03,7.156359e+00,7.043902e+00,1.437258e+00,7.474024e-01,5.623465e-01,4.411751e-01,3.606682e-01,3.023149e-01,2.598379e-01,5.818797e-01,7.052977e-01,7.585850e-01,7.806787e-01,7.816003e-01,8.370262e-01,8.713969e-01
3.902500e-03,7.155422e+00,7.043239e+00,1.435584e+00,7.474010e-01,5.623484e-01,4.411765e-01,3.606670e-01,3.023140e-01,2.598389e-01,5.821622e-01,7.047545e-01,7.575351e-01,7.798439e-01,7.809112e-01,8.358694e-01,8.713755e-01
3.905000e-03,7.154503e+00,7.042549e+00,1.433655e+00,7.473987e-01,5.623495e-01,4.411783e-01,3.606663e-01,3.023128e-01,2.598395e-01,5.824178e-01,7.041276e-01,7.564558e-01,7.790130e-01,7.803110e-01,8.347238e-01,8.711539e-01
3.907500e-03,7.153586e+00,7.041833e+00,1.431466e+00,7.473958e-01,5.623498e-01,4.411803e-01,3.606662e-01,3.023114e-01,2.598397e-01,5.826408e-01,7.034220e-01,7.553536e-01,7.781977e-01,7.797845e-01,8.336539e-01,8.707284e-01
3.910000e-03,7.152694e+00,7.041114e+00,1.428849e+00,7.473926e-01,5.623492e-01,4.411821e-01,3.606669e-01,3.023101e-01,2.598393e-01,5.828435e-01,7.026481e-01,7.542339e-01,7.774095e-01,7.793342e-01,8.326876e-01,8.701340e-01
3.912500e-03,7.151822e+00,7.040404e+00,1.425728e+00,7.473895e-01,5.623479e-01,4.411834e-01,3.606681e-01,3.023092e-01,2.598384e-01,5.829800e-01,7.018069e-01,7.531025e-01,7.766551e-01,7.789890e-01,8.318251e-01,8.694257e-01
3.915000e-03,7.151027e+00,7.039639e+00,1.422055e+00,7.473871e-01,5.623462e-01,4.411841e-01,3.606697e-01,3.023087e-01,2.598374e-01,5.830535e-01,7.009071e-01,7.519676e-01,7.759376e-01,7.787813e-01,8.310746e-01,8.686696e-01
3.917500e-03,7.150312e+00,7.038859e+00,1.418073e+00,7.473857e-01,5.623440e-01,4.411842e-01,3.606713e-01,3.023087e-01,2.598363e-01,5.831093e-01,6.999594e-01,7.508397e-01,7.752618e-01,7.787172e-01,8.304800e-01,8.679163e-01
3.920000e-03,7.149670e+00,7.038068e+00,1.413850e+00,7.473859e-01,5.623418e-01,4.411836e-01,3.606727e-01,3.023094e-01,2.598353e-01,5.831016e-01,6.989792e-01,7.497269e-01,7.746361e-01,7.787733e-01,8.301015e-01,8.671938e-01
3.922500e-03,7.149112e+00,7.037286e+00,1.409209e+00,7.473875e-01,5.623396e-01,4.411825e-01,3.606737e-01,3.023105e-01,2.598346e-01,5.830161e-01,6.979790e-01,7.486321e-01,7.740702e-01,7.789217e-01,8.299621e-01,8.665180e-01
3.925000e-03,7.148696e+00,7.036498e+00,1.404226e+00,7.473902e-01,5.623379e-01,4.411811e-01,3.606741e-01,3.023118e-01,2.598343e-01,5.828800e-01,6.969585e-01,7.475610e-01,7.735708e-01,7.791498e-01,8.300212e-01,8.659163e-01
3.927500e-03,7.148391e+00,7.035711e+00,1.399077e+00,7.473936e-01,5.623370e-01,4.411794e-01,3.606740e-01,3.023131e-01,2.598345e-01,5.826418e-01,6.959288e-01,7.465260e-01,7.731403e-01,7.794530e-01,8.302083e-01,8.654323e-01
3.930000e-03,7.148211e+00,7.034950e+00,1.393768e+00,7.473970e-01,5.623372e-01,4.411777e-01,3.606733e-01,3.023142e-01,2.598351e-01,5.823084e-01,6.949065e-01,7.455396e-01,7.727793e-01,7.798187e-01,8.304722e-01,8.650951e-01
3.932500e-03,7.148172e+00,7.034234e+00,1.388233e+00,7.473997e-01,5.623386e-01,4.411761e-01,3.606723e-01,3.023150e-01,2.598361e-01,5.818718e-01,6.938828e-01,7.446080e-01,7.724884e-01,7.802201e-01,8.307920e-01,8.648849e-01
3.935000e-03,7.148313e+00,7.033565e+00,1.382426e+00,7.474013e-01,5.623408e-01,4.411749e-01,3.606710e-01,3.023152e-01,2.598373e-01,5.813727e-01,6.928468e-01,7.437331e-01,7.722679e-01,7.806227e-01,8.311521e-01,8.647412e-01
3.937500e-03,7.148639e+00,7.032959e+00,1.376453e+00,7.474017e-01,5.623434e-01,4.411744e-01,3.606696e-01,3.023150e-01,2.598385e-01,5.807835e-01,6.918198e-01,7.429186e-01,7.721153e-01,7.809947e-01,8.315222e-01,8.645960e-01
3.940000e-03,7.149141e+00,7.032444e+00,1.370609e+00,7.474008e-01,5.623458e-01,4.411747e-01,3.606682e-01,3.023144e-01,2.598394e-01,5.801424e-01,6.908370e-01,7.421705e-01,7.720228e-01,7.813124e-01,8.318651e-01,8.644041e-01
3.942500e-03,7.149814e+00,7.032040e+00,1.365034e+00,7.473988e-01,5.623477e-01,4.411759e-01,3.606670e-01,3.023135e-01,2.598400e-01,5.794454e-01,6.898939e-01,7.414983e-01,7.719790e-01,7.815634e-01,8.321545e-01,8.641546e-01
3.945000e-03,7.150654e+00,7.031764e+00,1.359887e+00,7.473959e-01,5.623487e-01,4.411777e-01,3.606661e-01,3.023124e-01,2.598402e-01,5.786900e-01,6.889862e-01,7.409118e-01,7.719711e-01,7.817507e-01,8.323838e-01,8.638620e-01
3.947500e-03,7.151646e+00,7.031631e+00,1.355290e+00,7.473929e-01,5.623488e-01,4.411797e-01,3.606659e-01,3.023112e-01,2.598399e-01,5.778870e-01,6.881235e-01,7.404099e-01,7.719869e-01,7.818978e-01,8.325630e-01,8.635207e-01
3.950000e-03,7.152791e+00,7.031651e+00,1.351313e+00,7.473900e-01,5.623481e-01,4.411816e-01,3.606665e-01,3.023100e-01,2.598393e-01,5.770482e-01,6.873032e-01,7.399823e-01,7.720163e-01,7.820457e-01,8.327206e-01,8.631188e-01
3.952500e-03,7.154080e+00,7.031830e+00,1.348035e+00,7.473880e-01,5.623467e-01,4.411829e-01,3.606676e-01,3.023091e-01,2.598385e-01,5.761829e-01,6.865276e-01,7.396249e-01,7.720543e-01,7.822377e-01,8.329094e-01,8.626777e-01
3.955000e-03,7.155504e+00,7.032173e+00,1.345496e+00,7.473869e-01,5.623449e-01,4.411836e-01,3.606692e-01,3.023085e-01,2.598375e-01,5.752988e-01,6.858082e-01,7.393441e-01,7.721028e-01,7.825025e-01,8.332014e-01,8.622331e-01
3.957500e-03,7.157047e+00,7.032676e+00,1.343704e+00,7.473870e-01,5.623428e-01,4.411836e-01,3.606709e-01,3.023084e-01,2.598365e-01,5.744001e-01,6.851564e-01,7.391449e-01,7.721688e-01,7.828453e-01,8.336603e-01,8.618004e-01
3.960000e-03,7.158700e+00,7.033337e+00,1.342660e+00,7.473880e-01,5.623408e-01,4.411830e-01,3.606723e-01,3.023090e-01,2.598355e-01,5.734928e-01,6.845807e-01,7.390233e-01,7.722612e-01,7.832477e-01,8.343059e-01,8.614247e-01
3.962500e-03,7.160461e+00,7.034144e+00,1.342316e+00,7.473899e-01,5.623394e-01,4.411820e-01,3.606734e-01,3.023101e-01,2.598347e-01,5.725750e-01,6.840791e-01,7.389738e-01,7.723893e-01,7.836724e-01,8.350999e-01,8.611488e-01
3.965000e-03,7.162308e+00,7.035088e+00,1.342662e+00,7.473927e-01,5.623387e-01,4.411806e-01,3.606738e-01,3.023115e-01,2.598343e-01,5.716555e-01,6.836481e-01,7.389920e-01,7.725604e-01,7.840738e-01,8.359599e-01,8.610309e-01
3.967500e-03,7.164231e+00,7.036148e+00,1.343550e+00,7.473956e-01,5.623386e-01,4.411791e-01,3.606737e-01,3.023129e-01,2.598344e-01,5.707584e-01,6.832915e-01,7.390689e-01,7.727749e-01,7.844185e-01,8.367864e-01,8.611165e-01
3.970000e-03,7.166205e+00,7.037314e+00,1.344918e+00,7.473979e-01,5.623395e-01,4.411776e-01,3.606732e-01,3.023141e-01,2.598349e-01,5.698412e-01,6.830077e-01,7.391929e-01,7.730246e-01,7.846985e-01,8.374931e-01,8.613816e-01
3.972500e-03,7.168200e+00,7.038585e+00,1.346875e+00,7.473998e-01,5.623411e-01,4.411764e-01,3.606723e-01,3.023148e-01,2.598359e-01,5.689111e-01,6.827978e-01,7.393565e-01,7.732972e-01,7.849228e-01,8.380348e-01,8.617592e-01
3.975000e-03,7.170231e+00,7.039910e+00,1.348854e+00,7.474010e-01,5.623430e-01,4.411757e-01,3.606711e-01,3.023151e-01,2.598370e-01,5.680337e-01,6.826672e-01,7.395546e-01,7.735808e-01,7.850914e-01,8.384180e-01,8.621599e-01
3.977500e-03,7.172329e+00,7.041326e+00,1.351019e+00,7.474013e-01,5.623448e-01,4.411757e-01,3.606697e-01,3.023150e-01,2.598382e-01,5.671728e-01,6.826159e-01,7.397837e-01,7.738677e-01,7.851692e-01,8.386771e-01,8.625029e-01
3.980000e-03,7.174378e+00,7.042802e+00,1.353121e+00,7.474007e-01,5.623465e-01,4.411765e-01,3.606684e-01,3.023145e-01,2.598391e-01,5.662988e-01,6.826388e-01,7.400475e-01,7.741515e-01,7.850862e-01,8.388380e-01,8.627201e-01
3.982500e-03,7.176506e+00,7.044279e+00,1.354879e+00,7.473990e-01,5.623478e-01,4.411776e-01,3.606674e-01,3.023136e-01,2.598396e-01,5.654705e-01,6.827311e-01,7.403534e-01,7.744217e-01,7.847738e-01,8.388900e-01,8.627797e-01
3.985000e-03,7.178565e+00,7.045830e+00,1.356538e+00,7.473964e-01,5.623484e-01,4.411791e-01,3.606670e-01,3.023125e-01,2.598397e-01,5.646398e-01,6.828714e-01,7.407006e-01,7.746594e-01,7.842125e-01,8.387898e-01,8.626986e-01
3.987500e-03,7.180681e+00,7.047417e+00,1.357947e+00,7.473932e-01,5.623485e-01,4.411805e-01,3.606672e-01,3.023113e-01,2.598394e-01,5.637762e-01,6.830481e-01,7.410795e-01,7.748386e-01,7.834436e-01,8.385118e-01,8.624929e-01
3.990000e-03,7.182867e+00,7.048994e+00,1.358656e+00,7.473900e-01,5.623478e-01,4.411818e-01,3.606678e-01,3.023103e-01,2.598388e-01,5.630216e-01,6.832555e-01,7.414809e-01,7.749324e-01,7.825416e-01,8.380997e-01,8.621877e-01
3.992500e-03,7.185554e+00,7.050599e+00,1.358783e+00,7.473877e-01,5.623465e-01,4.411826e-01,3.606689e-01,3.023095e-01,2.598379e-01,5.623701e-01,6.834787e-01,7.419002e-01,7.749210e-01,7.815842e-01,8.376621e-01,8.617863e-01
3.995000e-03,7.188452e+00,7.052296e+00,1.358138e+00,7.473864e-01,5.623445e-01,4.411830e-01,3.606703e-01,3.023092e-01,2.598368e-01,5.616160e-01,6.837297e-01,7.423284e-01,7.747981e-01,7.806505e-01,8.373126e-01,8.613294e-01
3.997500e-03,7.191311e+00,7.053973e+00,1.356817e+00,7.473865e-01,5.623422e-01,4.411829e-01,3.606716e-01,3.023093e-01,2.598357e-01,5.609468e-01,6.840618e-01,7.427512e-01,7.745742e-01,7.798424e-01,8.371222e-01,8.609192e-01
4.000000e-03,7.194017e+00,7.055632e+00,1.355601e+00,7.473877e-01,5.623402e-01,4.411823e-01,3.606726e-01,3.023100e-01,2.598347e-01,5.603086e-01,6.845280e-01,7.431586e-01,7.742762e-01,7.792979e-01,8.371204e-01,8.606937e-01
4.002500e-03,7.196682e+00,7.057295e+00,1.352335e+00,7.473897e-01,5.623388e-01,4.411812e-01,3.606732e-01,3.023110e-01,2.598339e-01,5.597381e-01,6.850354e-01,7.435442e-01,7.739441e-01,7.791540e-01,8.373293e-01,8.607967e-01
4.005000e-03,7.199336e+00,7.058906e+00,1.348190e+00,7.473923e-01,5.623382e-01,4.411797e-01,3.606734e-01,3.023122e-01,2.598336e-01,5.591987e-01,6.854216e-01,7.438949e-01,7.736289e-01,7.794638e-01,8.377947e-01,8.612998e-01
4.007500e-03,7.201954e+00,7.060478e+00,1.343282e+00,7.473953e-01,5.623384e-01,4.411781e-01,3.606732e-01,3.023133e-01,2.598337e-01,5.586161e-01,6.856889e-01,7.441892e-01,7.733886e-01,7.801400e-01,8.385609e-01,8.621901e-01
4.010000e-03,7.204371e+00,7.062084e+00,1.337228e+00,7.473982e-01,5.623394e-01,4.411767e-01,3.606725e-01,3.023141e-01,2.598343e-01,5.580706e-01,6.859978e-01,7.444014e-01,7.732793e-01,7.809971e-01,8.395720e-01,8.633840e-01
4.012500e-03,7.206630e+00,7.063699e+00,1.329934e+00,7.474005e-01,5.623410e-01,4.411758e-01,3.606714e-01,3.023146e-01,2.598353e-01,5.575545e-01,6.864806e-01,7.445158e-01,7.733403e-01,7.818566e-01,8.406019e-01,8.647339e-01
4.015000e-03,7.208775e+00,7.065266e+00,1.322954e+00,7.474019e-01,5.623430e-01,4.411755e-01,3.606701e-01,3.023146e-01,2.598362e-01,5.570356e-01,6.870475e-01,7.445504e-01,7.735793e-01,7.826164e-01,8.413481e-01,8.661081e-01
4.017500e-03,7.210808e+00,7.066817e+00,1.315508e+00,7.474020e-01,5.623452e-01,4.411758e-01,3.606687e-01,3.023143e-01,2.598371e-01,5.565662e-01,6.874947e-01,7.445509e-01,7.739701e-01,7.832484e-01,8.416248e-01,8.673749e-01
4.020000e-03,7.212794e+00,7.068341e+00,1.307648e+00,7.474008e-01,5.623471e-01,4.411768e-01,3.606677e-01,3.023137e-01,2.598377e-01,5.560635e-01,6.877734e-01,7.445527e-01,7.744649e-01,7.837650e-01,8.414512e-01,8.683217e-01
4.022500e-03,7.214647e+00,7.069850e+00,1.299962e+00,7.473985e-01,5.623485e-01,4.411782e-01,3.606670e-01,3.023127e-01,2.598380e-01,5.556115e-01,6.879879e-01,7.445566e-01,7.750125e-01,7.841939e-01,8.409674e-01,8.686776e-01
4.025000e-03,7.216281e+00,7.071383e+00,1.292117e+00,7.473956e-01,5.623491e-01,4.411797e-01,3.606669e-01,3.023116e-01,2.598379e-01,5.551781e-01,6.882266e-01,7.445484e-01,7.755703e-01,7.845684e-01,8.403193e-01,8.682417e-01
4.027500e-03,7.217740e+00,7.072914e+00,1.284284e+00,7.473925e-01,5.623488e-01,4.411813e-01,3.606673e-01,3.023106e-01,2.598375e-01,5.548224e-01,6.884506e-01,7.445369e-01,7.761050e-01,7.849227e-01,8.396232e-01,8.670319e-01
4.030000e-03,7.219029e+00,7.074474e+00,1.276302e+00,7.473900e-01,5.623477e-01,4.411827e-01,3.606683e-01,3.023097e-01,2.598368e-01,5.545072e-01,6.885947e-01,7.445611e-01,7.765916e-01,7.852879e-01,8.389811e-01,8.652738e-01
4.032500e-03,7.220102e+00,7.076049e+00,1.268489e+00,7.473883e-01,5.623459e-01,4.411836e-01,3.606695e-01,3.023092e-01,2.598359e-01,5.542509e-01,6.886302e-01,7.446548e-01,7.770210e-01,7.856856e-01,8.384911e-01,8.632129e-01
4.035000e-03,7.221021e+00,7.077650e+00,1.260488e+00,7.473877e-01,5.623437e-01,4.411838e-01,3.606708e-01,3.023092e-01,2.598349e-01,5.540365e-01,6.885350e-01,7.448246e-01,7.774065e-01,7.861188e-01,8.382323e-01,8.610447e-01
4.037500e-03,7.221841e+00,7.079243e+00,1.252460e+00,7.473883e-01,5.623415e-01,4.411834e-01,3.606721e-01,3.023097e-01,2.598340e-01,5.538937e-01,6.883394e-01,7.450603e-01,7.777728e-01,7.865666e-01,8.382350e-01,8.589431e-01
4.040000e-03,7.222631e+00,7.080815e+00,1.244726e+00,7.473896e-01,5.623398e-01,4.411825e-01,3.606731e-01,3.023106e-01,2.598332e-01,5.537627e-01,6.880573e-01,7.453485e-01,7.781334e-01,7.869861e-01,8.384640e-01,8.570508e-01
4.042500e-03,7.223327e+00,7.082361e+00,1.237420e+00,7.473915e-01,5.623388e-01,4.411810e-01,3.606737e-01,3.023117e-01,2.598329e-01,5.536034e-01,6.876853e-01,7.456786e-01,7.784824e-01,7.873226e-01,8.388217e-01,8.555073e-01
4.045000e-03,7.223989e+00,7.084456e+00,1.246169e+00,7.473938e-01,5.623386e-01,4.411793e-01,3.606738e-01,3.023128e-01,2.598329e-01,5.534878e-01,6.872675e-01,7.460333e-01,7.788100e-01,7.875266e-01,8.391697e-01,8.543805e-01
4.047500e-03,7.224623e+00,7.086334e+00,1.254969e+00,7.473962e-01,5.623391e-01,4.411777e-01,3.606733e-01,3.023138e-01,2.598334e-01,5.533509e-01,6.868813e-01,7.463860e-01,7.791193e-01,7.875686e-01,8.393690e-01,8.536810e-01
4.050000e-03,7.225177e+00,7.088066e+00,1.263223e+00,7.473982e-01,5.623403e-01,4.411764e-01,3.606723e-01,3.023145e-01,2.598342e-01,5.532048e-01,6.865516e-01,7.467237e-01,7.794215e-01,7.874482e-01,8.393257e-01,8.533759e-01
4.052500e-03,7.225704e+00,7.089668e+00,1.270908e+00,7.473996e-01,5.623418e-01,4.411758e-01,3.606710e-01,3.023149e-01,2.598351e-01,5.530395e-01,6.862513e-01,7.470619e-01,7.797186e-01,7.871926e-01,8.390142e-01,8.533669e-01
4.055000e-03,7.226267e+00,7.091086e+00,1.278025e+00,7.474002e-01,5.623435e-01,4.411757e-01,3.606696e-01,3.023149e-01,2.598360e-01,5.528307e-01,6.859350e-01,7.474176e-01,7.800018e-01,7.868444e-01,8.384718e-01,8.535260e-01
4.057500e-03,7.226871e+00,7.092389e+00,1.284558e+00,7.473994e-01,5.623450e-01,4.411762e-01,3.606683e-01,3.023144e-01,2.598368e-01,5.525623e-01,6.856169e-01,7.477763e-01,7.802636e-01,7.864449e-01,8.377815e-01,8.537097e-01
4.060000e-03,7.227526e+00,7.093581e+00,1.290299e+00,7.473977e-01,5.623465e-01,4.411772e-01,3.606674e-01,3.023135e-01,2.598374e-01,5.522326e-01,6.853750e-01,7.481029e-01,7.805031e-01,7.860196e-01,8.370404e-01,8.538291e-01
4.062500e-03,7.228249e+00,7.094675e+00,1.295261e+00,7.473954e-01,5.623474e-01,4.411784e-01,3.606670e-01,3.023124e-01,2.598376e-01,5.518814e-01,6.852479e-01,7.483764e-01,7.807204e-01,7.855739e-01,8.363249e-01,8.538413e-01
4.065000e-03,7.229067e+00,7.095704e+00,1.299717e+00,7.473929e-01,5.623476e-01,4.411796e-01,3.606671e-01,3.023112e-01,2.598375e-01,5.515114e-01,6.852116e-01,7.486017e-01,7.809117e-01,7.850992e-01,8.356728e-01,8.537862e-01
4.067500e-03,7.229928e+00,7.096697e+00,1.303770e+00,7.473905e-01,5.623471e-01,4.411809e-01,3.606676e-01,3.023102e-01,2.598370e-01,5.511127e-01,6.852143e-01,7.488007e-01,7.810707e-01,7.845866e-01,8.350824e-01,8.537285e-01
4.070000e-03,7.230844e+00,7.097661e+00,1.307498e+00,7.473886e-01,5.623460e-01,4.411819e-01,3.606685e-01,3.023095e-01,2.598361e-01,5.507271e-01,6.852018e-01,7.489856e-01,7.811906e-01,7.840372e-01,8.345240e-01,8.537297e-01
4.072500e-03,7.231768e+00,7.098621e+00,1.311140e+00,7.473877e-01,5.623444e-01,4.411825e-01,3.606695e-01,3.023092e-01,2.598351e-01,5.503293e-01,6.851894e-01,7.491486e-01,7.812623e-01,7.834621e-01,8.339631e-01,8.538499e-01
4.075000e-03,7.232692e+00,7.099560e+00,1.314561e+00,7.473877e-01,5.623426e-01,4.411826e-01,3.606707e-01,3.023094e-01,2.598341e-01,5.499906e-01,6.852327e-01,7.492724e-01,7.812707e-01,7.828740e-01,8.333771e-01,8.541189e-01
4.077500e-03,7.233622e+00,7.100498e+00,1.318122e+00,7.473886e-01,5.623409e-01,4.411821e-01,3.606716e-01,3.023099e-01,2.598332e-01,5.496870e-01,6.853399e-01,7.493440e-01,7.811947e-01,7.822795e-01,8.327559e-01,8.545210e-01
4.080000e-03,7.234493e+00,7.101453e+00,1.322024e+00,7.473905e-01,5.623397e-01,4.411812e-01,3.606724e-01,3.023107e-01,2.598326e-01,5.494169e-01,6.854820e-01,7.493663e-01,7.810153e-01,7.816817e-01,8.320917e-01,8.550313e-01
4.082500e-03,7.235284e+00,7.102405e+00,1.326187e+00,7.473929e-01,5.623391e-01,4.411799e-01,3.606729e-01,3.023116e-01,2.598324e-01,5.491836e-01,6.856528e-01,7.493576e-01,7.807256e-01,7.810922e-01,8.313770e-01,8.555923e-01
4.085000e-03,7.235974e+00,7.103353e+00,1.330712e+00,7.473954e-01,5.623393e-01,4.411785e-01,3.606729e-01,3.023125e-01,2.598326e-01,5.490111e-01,6.858514e-01,7.493261e-01,7.803342e-01,7.805363e-01,8.306150e-01,8.561622e-01
4.087500e-03,7.236570e+00,7.104285e+00,1.335427e+00,7.473978e-01,5.623402e-01,4.411772e-01,3.606725e-01,3.023133e-01,2.598331e-01,5.488706e-01,6.860431e-01,7.492579e-01,7.798602e-01,7.800452e-01,8.298309e-01,8.567035e-01
4.090000e-03,7.237044e+00,7.105191e+00,1.340263e+00,7.473996e-01,5.623417e-01,4.411763e-01,3.606717e-01,3.023140e-01,2.598338e-01,5.487771e-01,6.862144e-01,7.491333e-01,7.793243e-01,7.796428e-01,8.290698e-01,8.571678e-01
4.092500e-03,7.237406e+00,7.106071e+00,1.345263e+00,7.474006e-01,5.623434e-01,4.411760e-01,3.606705e-01,3.023143e-01,2.598346e-01,5.487393e-01,6.863768e-01,7.489394e-01,7.787450e-01,7.793396e-01,8.283754e-01,8.575141e-01
4.095000e-03,7.237708e+00,7.106903e+00,1.350030e+00,7.474006e-01,5.623452e-01,4.411763e-01,3.606694e-01,3.023143e-01,2.598354e-01,5.487803e-01,6.865376e-01,7.486722e-01,7.781410e-01,7.791335e-01,8.277756e-01,8.577400e-01
4.097500e-03,7.237989e+00,7.107667e+00,1.354770e+00,7.473997e-01,5.623468e-01,4.411771e-01,3.606683e-01,3.023139e-01,2.598360e-01,5.488429e-01,6.866995e-01,7.483355e-01,7.775342e-01,7.790127e-01,8.272888e-01,8.578561e-01
4.100000e-03,7.238208e+00,7.108349e+00,1.359424e+00,7.473980e-01,5.623479e-01,4.411783e-01,3.606677e-01,3.023131e-01,2.598366e-01,5.489127e-01,6.868381e-01,7.479378e-01,7.769469e-01,7.789588e-01,8.269355e-01,8.578840e-01
4.102500e-03,7.238381e+00,7.108960e+00,1.363780e+00,7.473959e-01,5.623485e-01,4.411796e-01,3.606675e-01,3.023121e-01,2.598368e-01,5.489897e-01,6.869270e-01,7.474856e-01,7.763963e-01,7.789487e-01,8.267356e-01,8.578207e-01
4.105000e-03,7.238502e+00,7.109523e+00,1.367818e+00,7.473936e-01,5.623483e-01,4.411809e-01,3.606679e-01,3.023111e-01,2.598367e-01,5.490869e-01,6.869662e-01,7.469804e-01,7.758899e-01,7.789574e-01,8.266935e-01,8.576758e-01
4.107500e-03,7.238600e+00,7.110021e+00,1.371600e+00,7.473916e-01,5.623475e-01,4.411821e-01,3.606686e-01,3.023103e-01,2.598363e-01,5.491860e-01,6.869563e-01,7.464245e-01,7.754238e-01,7.789594e-01,8.267824e-01,8.574818e-01
4.110000e-03,7.238645e+00,7.110456e+00,1.375083e+00,7.473900e-01,5.623461e-01,4.411829e-01,3.606696e-01,3.023098e-01,2.598356e-01,5.492754e-01,6.868852e-01,7.458219e-01,7.749877e-01,7.789313e-01,8.269467e-01,8.572665e-01
4.112500e-03,7.238651e+00,7.110829e+00,1.378255e+00,7.473890e-01,5.623444e-01,4.411832e-01,3.606707e-01,3.023098e-01,2.598347e-01,5.493534e-01,6.867627e-01,7.451789e-01,7.745696e-01,7.788524e-01,8.271203e-01,8.570788e-01
4.115000e-03,7.238625e+00,7.111145e+00,1.381026e+00,7.473889e-01,5.623428e-01,4.411829e-01,3.606718e-01,3.023101e-01,2.598338e-01,5.494382e-01,6.866092e-01,7.445070e-01,7.741590e-01,7.787089e-01,8.272493e-01,8.569300e-01
4.117500e-03,7.238583e+00,7.111399e+00,1.383443e+00,7.473896e-01,5.623413e-01,4.411822e-01,3.606726e-01,3.023108e-01,2.598332e-01,5.495267e-01,6.864161e-01,7.438232e-01,7.737484e-01,7.785051e-01,8.273021e-01,8.568129e-01
4.120000e-03,7.238546e+00,7.111593e+00,1.385544e+00,7.473911e-01,5.623402e-01,4.411811e-01,3.606732e-01,3.023116e-01,2.598328e-01,5.495980e-01,6.861612e-01,7.431458e-01,7.733330e-01,7.782676e-01,8.272730e-01,8.566918e-01
4.122500e-03,7.238503e+00,7.111736e+00,1.387361e+00,7.473931e-01,5.623396e-01,4.411798e-01,3.606733e-01,3.023125e-01,2.598328e-01,5.496471e-01,6.858276e-01,7.424860e-01,7.729082e-01,7.780308e-01,8.271851e-01,8.565357e-01
4.125000e-03,7.238455e+00,7.111838e+00,1.388869e+00,7.473954e-01,5.623396e-01,4.411785e-01,3.606730e-01,3.023133e-01,2.598332e-01,5.496662e-01,6.854228e-01,7.418435e-01,7.724718e-01,7.778150e-01,8.270859e-01,8.563185e-01
4.127500e-03,7.238414e+00,7.111899e+00,1.390030e+00,7.473975e-01,5.623402e-01,4.411774e-01,3.606723e-01,3.023140e-01,2.598337e-01,5.496570e-01,6.849664e-01,7.412121e-01,7.720274e-01,7.776234e-01,8.270205e-01,8.560500e-01
4.130000e-03,7.238390e+00,7.111926e+00,1.390861e+00,7.473991e-01,5.623414e-01,4.411767e-01,3.606713e-01,3.023144e-01,2.598345e-01,5.496152e-01,6.844575e-01,7.405900e-01,7.715861e-01,7.774584e-01,8.269976e-01,8.557457e-01
4.132500e-03,7.238388e+00,7.111926e+00,1.391383e+00,7.473999e-01,5.623429e-01,4.411764e-01,3.606702e-01,3.023144e-01,2.598353e-01,5.495400e-01,6.838914e-01,7.399866e-01,7.711628e-01,7.773352e-01,8.269918e-01,8.554443e-01
4.135000e-03,7.238418e+00,7.111906e+00,1.391590e+00,7.473997e-01,5.623446e-01,4.411765e-01,3.606691e-01,3.023141e-01,2.598360e-01,5.494278e-01,6.832833e-01,7.394161e-01,7.707718e-01,7.772761e-01,8.269815e-01,8.552033e-01
4.137500e-03,7.238493e+00,7.111873e+00,1.391499e+00,7.473984e-01,5.623461e-01,4.411771e-01,3.606683e-01,3.023135e-01,2.598365e-01,5.492770e-01,6.826578e-01,7.388846e-01,7.704258e-01,7.772962e-01,8.269752e-01,8.550562e-01
4.140000e-03,7.238623e+00,7.111833e+00,1.391117e+00,7.473965e-01,5.623472e-01,4.411781e-01,3.606678e-01,3.023126e-01,2.598368e-01,5.490817e-01,6.820293e-01,7.383882e-01,7.701342e-01,7.773926e-01,8.270015e-01,8.549987e-01
4.142500e-03,7.238820e+00,7.111793e+00,1.390453e+00,7.473942e-01,5.623477e-01,4.411793e-01,3.606676e-01,3.023117e-01,2.598368e-01,5.488376e-01,6.813979e-01,7.379214e-01,7.699032e-01,7.775451e-01,8.270848e-01,8.549988e-01
4.145000e-03,7.239094e+00,7.111761e+00,1.389517e+00,7.473920e-01,5.623474e-01,4.411806e-01,3.606678e-01,3.023109e-01,2.598364e-01,5.485427e-01,6.807593e-01,7.374801e-01,7.697349e-01,7.777251e-01,8.272295e-01,8.550292e-01
4.147500e-03,7.239454e+00,7.111745e+00,1.388333e+00,7.473903e-01,5.623465e-01,4.411817e-01,3.606684e-01,3.023102e-01,2.598359e-01,5.481964e-01,6.801207e-01,7.370601e-01,7.696287e-01,7.779041e-01,8.274203e-01,8.550785e-01
4.150000e-03,7.239904e+00,7.111754e+00,1.386931e+00,7.473893e-01,5.623450e-01,4.411825e-01,3.606693e-01,3.023098e-01,2.598351e-01,5.477998e-01,6.794987e-01,7.366585e-01,7.695819e-01,7.780601e-01,8.276304e-01,8.551495e-01
4.152500e-03,7.240448e+00,7.111796e+00,1.385352e+00,7.473893e-01,5.623434e-01,4.411828e-01,3.606703e-01,3.023098e-01,2.598343e-01,5.473559e-01,6.789022e-01,7.362775e-01,7.695898e-01,7.781817e-01,8.278205e-01,8.552428e-01
4.155000e-03,7.241084e+00,7.111880e+00,1.383645e+00,7.473900e-01,5.623419e-01,4.411825e-01,3.606714e-01,3.023100e-01,2.598336e-01,5.468689e-01,6.783286e-01,7.359277e-01,7.696443e-01,7.782735e-01,8.279454e-01,8.553610e-01
4.157500e-03,7.241808e+00,7.112011e+00,1.381858e+00,7.473912e-01,5.623407e-01,4.411817e-01,3.606722e-01,3.023106e-01,2.598331e-01,5.463446e-01,6.777764e-01,7.356252e-01,7.697345e-01,7.783552e-01,8.279791e-01,8.555063e-01
4.160000e-03,7.242615e+00,7.112198e+00,1.380040e+00,7.473928e-01,5.623402e-01,4.411806e-01,3.606728e-01,3.023114e-01,2.598328e-01,5.457896e-01,6.772493e-01,7.353805e-01,7.698494e-01,7.784510e-01,8.279433e-01,8.556614e-01
4.162500e-03,7.243496e+00,7.112444e+00,1.378237e+00,7.473947e-01,5.623401e-01,4.411793e-01,3.606729e-01,3.023123e-01,2.598328e-01,5.452114e-01,6.767535e-01,7.351915e-01,7.699810e-01,7.785747e-01,8.279021e-01,8.557830e-01
4.165000e-03,7.244442e+00,7.112754e+00,1.376592e+00,7.473966e-01,5.623405e-01,4.411782e-01,3.606726e-01,3.023131e-01,2.598331e-01,5.446184e-01,6.762924e-01,7.350506e-01,7.701237e-01,7.787233e-01,8.279205e-01,8.558106e-01
4.167500e-03,7.245440e+00,7.113135e+00,1.375177e+00,7.473981e-01,5.623414e-01,4.411774e-01,3.606719e-01,3.023138e-01,2.598337e-01,5.440140e-01,6.758652e-01,7.349524e-01,7.702722e-01,7.788859e-01,8.280239e-01,8.557210e-01
4.170000e-03,7.246482e+00,7.113584e+00,1.373949e+00,7.473990e-01,5.623425e-01,4.411770e-01,3.606709e-01,3.023142e-01,2.598344e-01,5.434004e-01,6.754759e-01,7.348961e-01,7.704212e-01,7.790545e-01,8.281936e-01,8.555463e-01
4.172500e-03,7.247557e+00,7.114100e+00,1.372892e+00,7.473991e-01,5.623440e-01,4.411769e-01,3.606698e-01,3.023142e-01,2.598351e-01,5.427869e-01,6.751258e-01,7.348798e-01,7.705669e-01,7.792283e-01,8.283956e-01,8.553563e-01
4.175000e-03,7.248665e+00,7.114680e+00,1.372049e+00,7.473985e-01,5.623453e-01,4.411773e-01,3.606690e-01,3.023139e-01,2.598358e-01,5.421872e-01,6.748178e-01,7.348961e-01,7.707088e-01,7.794059e-01,8.286113e-01,8.552054e-01
4.177500e-03,7.249844e+00,7.115302e+00,1.371320e+00,7.473971e-01,5.623464e-01,4.411779e-01,3.606684e-01,3.023132e-01,2.598364e-01,5.415952e-01,6.745560e-01,7.349390e-01,7.708486e-01,7.795773e-01,8.288410e-01,8.551078e-01
4.180000e-03,7.251013e+00,7.115979e+00,1.370682e+00,7.473954e-01,5.623470e-01,4.411789e-01,3.606681e-01,3.023124e-01,2.598367e-01,5.409641e-01,6.743446e-01,7.350085e-01,7.709871e-01,7.797291e-01,8.290821e-01,8.550536e-01
4.182500e-03,7.252394e+00,7.116698e+00,1.370035e+00,7.473934e-01,5.623470e-01,4.411800e-01,3.606681e-01,3.023116e-01,2.598366e-01,5.403345e-01,6.741873e-01,7.351048e-01,7.711218e-01,7.798564e-01,8.293118e-01,8.550329e-01
4.185000e-03,7.254126e+00,7.117473e+00,1.369360e+00,7.473916e-01,5.623465e-01,4.411810e-01,3.606685e-01,3.023108e-01,2.598363e-01,5.397023e-01,6.740821e-01,7.352251e-01,7.712486e-01,7.799677e-01,8.295029e-01,8.550560e-01
4.187500e-03,7.255901e+00,7.118286e+00,1.368470e+00,7.473902e-01,5.623455e-01,4.411817e-01,3.606691e-01,3.023103e-01,2.598357e-01,5.391031e-01,6.740322e-01,7.353652e-01,7.713650e-01,7.800798e-01,8.296512e-01,8.551337e-01
4.190000e-03,7.257723e+00,7.119119e+00,1.367414e+00,7.473893e-01,5.623442e-01,4.411821e-01,3.606699e-01,3.023101e-01,2.598349e-01,5.385138e-01,6.740375e-01,7.355235e-01,7.714710e-01,7.802104e-01,8.297812e-01,8.552613e-01
4.192500e-03,7.259562e+00,7.120007e+00,1.366311e+00,7.473891e-01,5.623429e-01,4.411821e-01,3.606708e-01,3.023102e-01,2.598342e-01,5.379056e-01,6.740834e-01,7.356997e-01,7.715672e-01,7.803723e-01,8.299355e-01,8.554074e-01
4.195000e-03,7.261377e+00,7.120889e+00,1.365181e+00,7.473896e-01,5.623416e-01,4.411816e-01,3.606716e-01,3.023105e-01,2.598336e-01,5.372957e-01,6.741726e-01,7.358913e-01,7.716537e-01,7.805634e-01,8.301660e-01,8.555496e-01
4.197500e-03,7.263161e+00,7.121784e+00,1.364028e+00,7.473908e-01,5.623406e-01,4.411808e-01,3.606722e-01,3.023111e-01,2.598331e-01,5.366788e-01,6.743001e-01,7.360933e-01,7.717316e-01,7.807588e-01,8.305110e-01,8.556918e-01
4.200000e-03,7.264885e+00,7.122705e+00,1.362649e+00,7.473926e-01,5.623401e-01,4.411798e-01,3.606725e-01,3.023118e-01,2.598330e-01,5.361080e-01,6.744422e-01,7.363018e-01,7.718044e-01,7.809146e-01,8.309593e-01,8.558420e-01
4.202500e-03,7.266642e+00,7.123624e+00,1.360598e+00,7.473947e-01,5.623401e-01,4.411788e-01,3.606724e-01,3.023126e-01,2.598331e-01,5.355660e-01,6.745957e-01,7.365128e-01,7.718748e-01,7.809866e-01,8.314453e-01,8.560423e-01
4.205000e-03,7.268374e+00,7.124530e+00,1.358301e+00,7.473967e-01,5.623406e-01,4.411778e-01,3.606719e-01,3.023133e-01,2.598335e-01,5.350111e-01,6.747862e-01,7.367185e-01,7.719416e-01,7.809524e-01,8.318814e-01,8.563487e-01
4.207500e-03,7.270094e+00,7.125427e+00,1.355915e+00,7.473983e-01,5.623416e-01,4.411771e-01,3.606712e-01,3.023137e-01,2.598340e-01,5.344636e-01,6.750245e-01,7.369122e-01,7.719971e-01,7.808240e-01,8.322000e-01,8.567966e-01
4.210000e-03,7.271744e+00,7.126325e+00,1.353234e+00,7.473992e-01,5.623429e-01,4.411768e-01,3.606703e-01,3.023139e-01,2.598346e-01,5.339124e-01,6.752923e-01,7.370949e-01,7.720309e-01,7.806358e-01,8.323831e-01,8.573768e-01
4.212500e-03,7.273259e+00,7.127237e+00,1.350215e+00,7.473993e-01,5.623444e-01,4.411770e-01,3.606695e-01,3.023137e-01,2.598353e-01,5.334088e-01,6.755703e-01,7.372720e-01,7.720343e-01,7.804191e-01,8.324646e-01,8.580248e-01
4.215000e-03,7.274663e+00,7.128157e+00,1.347111e+00,7.473986e-01,5.623458e-01,4.411774e-01,3.606687e-01,3.023133e-01,2.598358e-01,5.329535e-01,6.758223e-01,7.374480e-01,7.720036e-01,7.801840e-01,8.325008e-01,8.586674e-01
4.217500e-03,7.275987e+00,7.129069e+00,1.343683e+00,7.473973e-01,5.623468e-01,4.411783e-01,3.606683e-01,3.023127e-01,2.598362e-01,5.325345e-01,6.760410e-01,7.376248e-01,7.719402e-01,7.799227e-01,8.325287e-01,8.592631e-01
4.220000e-03,7.277238e+00,7.129956e+00,1.339877e+00,7.473955e-01,5.623474e-01,4.411793e-01,3.606681e-01,3.023120e-01,2.598363e-01,5.321709e-01,6.762634e-01,7.377976e-01,7.718487e-01,7.796246e-01,8.325468e-01,8.598094e-01
4.222500e-03,7.278453e+00,7.130808e+00,1.336253e+00,7.473937e-01,5.623473e-01,4.411804e-01,3.606683e-01,3.023112e-01,2.598362e-01,5.317940e-01,6.764958e-01,7.379588e-01,7.717336e-01,7.792856e-01,8.325287e-01,8.603307e-01
4.225000e-03,7.279568e+00,7.131635e+00,1.332807e+00,7.473919e-01,5.623467e-01,4.411814e-01,3.606688e-01,3.023107e-01,2.598358e-01,5.314495e-01,6.767301e-01,7.381119e-01,7.715969e-01,7.789054e-01,8.324486e-01,8.608493e-01
4.227500e-03,7.280597e+00,7.132446e+00,1.329385e+00,7.473906e-01,5.623457e-01,4.411822e-01,3.606695e-01,3.023103e-01,2.598352e-01,5.311293e-01,6.769469e-01,7.382645e-01,7.714396e-01,7.784844e-01,8.322928e-01,8.613736e-01
4.230000e-03,7.281542e+00,7.133235e+00,1.326042e+00,7.473899e-01,5.623443e-01,4.411825e-01,3.606704e-01,3.023103e-01,2.598346e-01,5.308227e-01,6.771022e-01,7.384071e-01,7.712641e-01,7.780249e-01,8.320554e-01,8.618951e-01
4.232500e-03,7.282376e+00,7.134015e+00,1.322634e+00,7.473898e-01,5.623429e-01,4.411823e-01,3.606713e-01,3.023105e-01,2.598340e-01,5.305617e-01,6.771958e-01,7.385207e-01,7.710733e-01,7.775354e-01,8.317347e-01,8.624021e-01
4.235000e-03,7.283174e+00,7.134755e+00,1.319283e+00,7.473905e-01,5.623416e-01,4.411818e-01,3.606721e-01,3.023109e-01,2.598335e-01,5.303266e-01,6.772686e-01,7.385942e-01,7.708664e-01,7.770305e-01,8.313373e-01,8.628853e-01
4.237500e-03,7.283888e+00,7.135471e+00,1.316184e+00,7.473918e-01,5.623407e-01,4.411809e-01,3.606726e-01,3.023115e-01,2.598333e-01,5.301093e-01,6.773561e-01,7.386275e-01,7.706380e-01,7.765281e-01,8.308799e-01,8.633396e-01
4.240000e-03,7.284513e+00,7.136162e+00,1.313323e+00,7.473934e-01,5.623402e-01,4.411798e-01,3.606727e-01,3.023123e-01,2.598333e-01,5.299015e-01,6.774778e-01,7.386288e-01,7.703845e-01,7.760452e-01,8.303842e-01,8.637543e-01
4.242500e-03,7.285062e+00,7.136817e+00,1.310534e+00,7.473952e-01,5.623403e-01,4.411787e-01,3.606725e-01,3.023130e-01,2.598335e-01,5.297371e-01,6.775824e-01,7.386091e-01,7.701102e-01,7.755975e-01,8.298716e-01,8.641121e-01
4.245000e-03,7.285526e+00,7.137444e+00,1.308003e+00,7.473967e-01,5.623409e-01,4.411778e-01,3.606719e-01,3.023136e-01,2.598339e-01,5.295925e-01,6.776112e-01,7.385720e-01,7.698254e-01,7.751989e-01,8.293616e-01,8.644045e-01
4.247500e-03,7.285930e+00,7.138027e+00,1.305732e+00,7.473977e-01,5.623418e-01,4.411771e-01,3.606711e-01,3.023140e-01,2.598345e-01,5.294759e-01,6.775594e-01,7.385084e-01,7.695422e-01,7.748603e-01,8.288705e-01,8.646240e-01
4.250000e-03,7.286307e+00,7.138570e+00,1.303624e+00,7.473982e-01,5.623430e-01,4.411768e-01,3.606702e-01,3.023141e-01,2.598352e-01,5.293688e-01,6.774634e-01,7.384029e-01,7.692702e-01,7.745881e-01,8.284104e-01,8.647711e-01
4.252500e-03,7.286647e+00,7.139078e+00,1.301659e+00,7.473979e-01,5.623443e-01,4.411770e-01,3.606693e-01,3.023138e-01,2.598358e-01,5.292671e-01,6.773688e-01,7.382472e-01,7.690149e-01,7.743832e-01,8.279853e-01,8.648505e-01
4.255000e-03,7.286961e+00,7.139559e+00,1.299689e+00,7.473970e-01,5.623453e-01,4.411775e-01,3.606686e-01,3.023133e-01,2.598363e-01,5.291690e-01,6.772780e-01,7.380501e-01,7.687793e-01,7.742404e-01,8.275918e-01,8.648682e-01
4.257500e-03,7.287252e+00,7.140005e+00,1.297827e+00,7.473956e-01,5.623461e-01,4.411783e-01,3.606681e-01,3.023126e-01,2.598366e-01,5.290777e-01,6.771561e-01,7.378277e-01,7.685671e-01,7.741497e-01,8.272241e-01,8.648342e-01
4.260000e-03,7.287538e+00,7.140416e+00,1.296074e+00,7.473940e-01,5.623463e-01,4.411793e-01,3.606680e-01,3.023118e-01,2.598366e-01,5.289875e-01,6.769849e-01,7.375893e-01,7.683832e-01,7.740986e-01,8.268775e-01,8.647522e-01
4.262500e-03,7.287811e+00,7.140800e+00,1.294431e+00,7.473923e-01,5.623461e-01,4.411802e-01,3.606682e-01,3.023111e-01,2.598363e-01,5.288949e-01,6.767767e-01,7.373356e-01,7.682291e-01,7.740757e-01,8.265501e-01,8.646209e-01
4.265000e-03,7.288064e+00,7.141160e+00,1.292886e+00,7.473909e-01,5.623454e-01,4.411809e-01,3.606687e-01,3.023104e-01,2.598358e-01,5.288114e-01,6.765417e-01,7.370585e-01,7.681002e-01,7.740712e-01,8.262429e-01,8.644363e-01
4.267500e-03,7.288309e+00,7.141500e+00,1.291409e+00,7.473900e-01,5.623444e-01,4.411815e-01,3.606694e-01,3.023101e-01,2.598351e-01,5.287223e-01,6.762845e-01,7.367458e-01,7.679860e-01,7.740772e-01,8.259589e-01,8.642000e-01
4.270000e-03,7.288543e+00,7.141826e+00,1.289943e+00,7.473897e-01,5.623433e-01,4.411816e-01,3.606702e-01,3.023101e-01,2.598345e-01,5.286351e-01,6.760090e-01,7.363954e-01,7.678762e-01,7.740861e-01,8.257002e-01,8.639146e-01
4.272500e-03,7.288772e+00,7.142143e+00,1.288416e+00,7.473900e-01,5.623422e-01,4.411815e-01,3.606710e-01,3.023103e-01,2.598338e-01,5.285474e-01,6.757110e-01,7.360221e-01,7.677666e-01,7.740912e-01,8.254674e-01,8.635909e-01
4.275000e-03,7.289004e+00,7.142449e+00,1.286849e+00,7.473910e-01,5.623413e-01,4.411809e-01,3.606716e-01,3.023108e-01,2.598334e-01,5.284535e-01,6.753875e-01,7.356478e-01,7.676592e-01,7.740857e-01,8.252589e-01,8.632468e-01
4.277500e-03,7.289245e+00,7.142741e+00,1.285288e+00,7.473925e-01,5.623407e-01,4.411801e-01,3.606720e-01,3.023114e-01,2.598331e-01,5.283503e-01,6.750424e-01,7.352883e-01,7.675584e-01,7.740625e-01,8.250703e-01,8.629029e-01
4.280000e-03,7.289500e+00,7.143022e+00,1.283726e+00,7.473942e-01,5.623405e-01,4.411792e-01,3.606720e-01,3.023121e-01,2.598331e-01,5.282361e-01,6.746794e-01,7.349485e-01,7.674651e-01,7.740118e-01,8.248911e-01,8.625802e-01
4.282500e-03,7.289777e+00,7.143293e+00,1.282126e+00,7.473958e-01,5.623409e-01,4.411784e-01,3.606718e-01,3.023127e-01,2.598334e-01,5.281091e-01,6.742962e-01,7.346259e-01,7.673750e-01,7.739201e-01,8.247034e-01,8.622983e-01
4.285000e-03,7.290079e+00,7.143559e+00,1.280445e+00,7.473975e-01,5.623416e-01,4.411777e-01,3.606714e-01,3.023132e-01,2.598339e-01,5.279671e-01,6.738957e-01,7.343160e-01,7.672801e-01,7.737709e-01,8.244824e-01,8.620720e-01
4.287500e-03,7.290414e+00,7.143823e+00,1.278643e+00,7.473984e-01,5.623427e-01,4.411774e-01,3.606707e-01,3.023135e-01,2.598344e-01,5.278072e-01,6.734901e-01,7.340163e-01,7.671735e-01,7.735483e-01,8.242004e-01,8.619071e-01
4.290000e-03,7.290785e+00,7.144090e+00,1.276738e+00,7.473985e-01,5.623439e-01,4.411773e-01,3.606699e-01,3.023136e-01,2.598350e-01,5.276228e-01,6.730871e-01,7.337273e-01,7.670503e-01,7.732436e-01,8.238323e-01,8.617977e-01
4.292500e-03,7.291193e+00,7.144366e+00,1.274695e+00,7.473980e-01,5.623452e-01,4.411776e-01,3.606693e-01,3.023133e-01,2.598355e-01,5.274159e-01,6.726890e-01,7.334512e-01,7.669065e-01,7.728612e-01,8.233630e-01,8.617266e-01
4.295000e-03,7.291639e+00,7.144659e+00,1.272478e+00,7.473969e-01,5.623462e-01,4.411781e-01,3.606688e-01,3.023129e-01,2.598360e-01,5.271873e-01,6.722994e-01,7.331906e-01,7.667374e-01,7.724184e-01,8.227957e-01,8.616660e-01
4.297500e-03,7.292140e+00,7.144971e+00,1.270042e+00,7.473956e-01,5.623468e-01,4.411790e-01,3.606685e-01,3.023123e-01,2.598362e-01,5.269286e-01,6.719227e-01,7.329451e-01,7.665390e-01,7.719384e-01,8.221555e-01,8.615890e-01
4.300000e-03,7.292679e+00,7.145308e+00,1.267374e+00,7.473943e-01,5.623468e-01,4.411800e-01,3.606685e-01,3.023117e-01,2.598362e-01,5.266494e-01,6.715654e-01,7.327109e-01,7.663107e-01,7.714426e-01,8.214802e-01,8.614705e-01
4.302500e-03,7.293265e+00,7.145675e+00,1.264481e+00,7.473926e-01,5.623463e-01,4.411809e-01,3.606688e-01,3.023111e-01,2.598359e-01,5.263469e-01,6.712313e-01,7.324846e-01,7.660562e-01,7.709444e-01,8.208064e-01,8.612975e-01
4.305000e-03,7.293896e+00,7.146077e+00,1.261351e+00,7.473914e-01,5.623455e-01,4.411816e-01,3.606694e-01,3.023107e-01,2.598355e-01,5.260203e-01,6.709208e-01,7.322633e-01,7.657814e-01,7.704499e-01,8.201584e-01,8.610847e-01
4.307500e-03,7.294568e+00,7.146520e+00,1.257943e+00,7.473906e-01,5.623445e-01,4.411819e-01,3.606701e-01,3.023105e-01,2.598350e-01,5.256748e-01,6.706296e-01,7.320456e-01,7.654923e-01,7.699627e-01,8.195454e-01,8.608584e-01
4.310000e-03,7.295279e+00,7.147012e+00,1.254224e+00,7.473903e-01,5.623433e-01,4.411818e-01,3.606709e-01,3.023105e-01,2.598344e-01,5.253123e-01,6.703598e-01,7.318310e-01,7.651931e-01,7.694841e-01,8.189660e-01,8.606565e-01
4.312500e-03,7.296026e+00,7.147555e+00,1.250205e+00,7.473906e-01,5.623422e-01,4.411815e-01,3.606716e-01,3.023109e-01,2.598340e-01,5.249369e-01,6.701202e-01,7.316187e-01,7.648857e-01,7.690145e-01,8.184157e-01,8.605026e-01
4.315000e-03,7.296802e+00,7.148154e+00,1.245897e+00,7.473915e-01,5.623414e-01,4.411808e-01,3.606721e-01,3.023114e-01,2.598336e-01,5.245504e-01,6.699099e-01,7.314062e-01,7.645703e-01,7.685658e-01,8.178883e-01,8.603996e-01
4.317500e-03,7.297611e+00,7.148812e+00,1.241231e+00,7.473928e-01,5.623408e-01,4.411799e-01,3.606723e-01,3.023120e-01,2.598335e-01,5.241535e-01,6.697209e-01,7.311893e-01,7.642452e-01,7.681728e-01,8.173849e-01,8.603395e-01
4.320000e-03,7.298443e+00,7.149525e+00,1.236277e+00,7.473944e-01,5.623407e-01,4.411790e-01,3.606722e-01,3.023126e-01,2.598336e-01,5.237549e-01,6.695491e-01,7.309646e-01,7.639086e-01,7.678832e-01,8.169415e-01,8.603062e-01
4.322500e-03,7.299301e+00,7.150467e+00,1.234904e+00,7.473960e-01,5.623411e-01,4.411782e-01,3.606718e-01,3.023132e-01,2.598339e-01,5.233470e-01,6.693921e-01,7.307295e-01,7.635624e-01,7.677244e-01,8.166365e-01,8.602788e-01
4.325000e-03,7.300169e+00,7.151660e+00,1.238608e+00,7.473972e-01,5.623418e-01,4.411777e-01,3.606711e-01,3.023136e-01,2.598343e-01,5.229262e-01,6.692477e-01,7.304811e-01,7.632150e-01,7.676805e-01,8.165417e-01,8.602369e-01
4.327500e-03,7.301028e+00,7.152890e+00,1.242610e+00,7.473978e-01,5.623429e-01,4.411774e-01,3.606704e-01,3.023137e-01,2.598349e-01,5.225174e-01,6.691192e-01,7.302178e-01,7.628811e-01,7.677060e-01,8.166514e-01,8.601844e-01
4.330000e-03,7.301881e+00,7.154161e+00,1.246937e+00,7.473980e-01,5.623440e-01,4.411774e-01,3.606697e-01,3.023136e-01,2.598354e-01,5.221174e-01,6.689977e-01,7.299407e-01,7.625764e-01,7.677622e-01,8.168733e-01,8.601671e-01
4.332500e-03,7.302691e+00,7.155474e+00,1.251624e+00,7.473976e-01,5.623452e-01,4.411778e-01,3.606691e-01,3.023132e-01,2.598359e-01,5.217366e-01,6.688788e-01,7.296510e-01,7.623099e-01,7.678395e-01,8.171010e-01,8.602470e-01
4.335000e-03,7.303508e+00,7.156787e+00,1.256510e+00,7.473967e-01,5.623460e-01,4.411784e-01,3.606686e-01,3.023126e-01,2.598363e-01,5.213587e-01,6.687522e-01,7.293497e-01,7.620823e-01,7.679500e-01,8.172944e-01,8.604386e-01
4.337500e-03,7.304334e+00,7.158091e+00,1.261485e+00,7.473954e-01,5.623465e-01,4.411792e-01,3.606685e-01,3.023120e-01,2.598363e-01,5.209749e-01,6.686193e-01,7.290396e-01,7.618882e-01,7.681029e-01,8.174972e-01,8.606823e-01
4.340000e-03,7.305140e+00,7.159404e+00,1.266552e+00,7.473939e-01,5.623465e-01,4.411802e-01,3.606686e-01,3.023114e-01,2.598361e-01,5.205953e-01,6.684988e-01,7.287238e-01,7.617220e-01,7.682839e-01,8.177880e-01,8.608787e-01
4.342500e-03,7.305925e+00,7.160685e+00,1.271616e+00,7.473925e-01,5.623461e-01,4.411810e-01,3.606689e-01,3.023109e-01,2.598357e-01,5.202310e-01,6.683945e-01,7.284052e-01,7.615801e-01,7.684552e-01,8.182133e-01,8.609668e-01
4.345000e-03,7.306694e+00,7.161927e+00,1.276660e+00,7.473915e-01,5.623453e-01,4.411817e-01,3.606695e-01,3.023106e-01,2.598352e-01,5.198794e-01,6.682708e-01,7.280889e-01,7.614607e-01,7.685789e-01,8.187418e-01,8.609581e-01
4.347500e-03,7.307493e+00,7.163120e+00,1.281634e+00,7.473909e-01,5.623443e-01,4.411819e-01,3.606702e-01,3.023105e-01,2.598347e-01,5.195272e-01,6.681144e-01,7.277840e-01,7.613598e-01,7.686471e-01,8.192784e-01,8.609271e-01
4.350000e-03,7.308268e+00,7.164287e+00,1.286649e+00,7.473909e-01,5.623432e-01,4.411818e-01,3.606710e-01,3.023107e-01,2.598342e-01,5.191705e-01,6.679164e-01,7.274993e-01,7.612705e-01,7.686916e-01,8.197344e-01,8.609476e-01
4.352500e-03,7.309047e+00,7.165398e+00,1.291526e+00,7.473916e-01,5.623422e-01,4.411815e-01,3.606716e-01,3.023110e-01,2.598339e-01,5.188175e-01,6.676880e-01,7.272390e-01,7.611858e-01,7.687645e-01,8.200990e-01,8.610381e-01
4.355000e-03,7.309791e+00,7.166490e+00,1.296294e+00,7.473927e-01,5.623415e-01,4.411808e-01,3.606721e-01,3.023115e-01,2.598337e-01,5.184665e-01,6.674592e-01,7.270024e-01,7.611025e-01,7.689066e-01,8.204370e-01,8.611499e-01
4.357500e-03,7.310582e+00,7.167521e+00,1.300795e+00,7.473942e-01,5.623411e-01,4.411800e-01,3.606722e-01,3.023121e-01,2.598336e-01,5.181027e-01,6.672218e-01,7.267866e-01,7.610247e-01,7.691305e-01,8.208223e-01,8.612050e-01
4.360000e-03,7.311421e+00,7.168502e+00,1.305081e+00,7.473956e-01,5.623411e-01,4.411792e-01,3.606720e-01,3.023128e-01,2.598338e-01,5.176946e-01,6.669562e-01,7.265952e-01,7.609642e-01,7.694222e-01,8.212769e-01,8.611835e-01
4.362500e-03,7.312284e+00,7.169464e+00,1.309248e+00,7.473967e-01,5.623416e-01,4.411785e-01,3.606717e-01,3.023133e-01,2.598341e-01,5.172551e-01,6.666809e-01,7.264388e-01,7.609375e-01,7.697543e-01,8.217655e-01,8.611367e-01
4.365000e-03,7.313131e+00,7.170401e+00,1.313314e+00,7.473974e-01,5.623425e-01,4.411780e-01,3.606711e-01,3.023136e-01,2.598346e-01,5.168051e-01,6.664059e-01,7.263192e-01,7.609603e-01,7.700990e-01,8.222270e-01,8.611368e-01
4.367500e-03,7.313989e+00,7.171308e+00,1.317278e+00,7.473976e-01,5.623434e-01,4.411777e-01,3.606704e-01,3.023136e-01,2.598351e-01,5.163277e-01,6.661198e-01,7.262234e-01,7.610421e-01,7.704373e-01,8.226078e-01,8.612056e-01
4.370000e-03,7.314822e+00,7.172196e+00,1.321101e+00,7.473973e-01,5.623444e-01,4.411778e-01,3.606697e-01,3.023135e-01,2.598357e-01,5.158541e-01,6.658206e-01,7.261402e-01,7.611824e-01,7.707614e-01,8.228793e-01,8.612983e-01
4.372500e-03,7.315642e+00,7.173071e+00,1.324756e+00,7.473966e-01,5.623452e-01,4.411782e-01,3.606692e-01,3.023131e-01,2.598361e-01,5.153786e-01,6.655293e-01,7.260703e-01,7.613741e-01,7.710743e-01,8.230394e-01,8.613411e-01
4.375000e-03,7.316470e+00,7.173947e+00,1.328066e+00,7.473955e-01,5.623457e-01,4.411789e-01,3.606688e-01,3.023126e-01,2.598363e-01,5.149123e-01,6.652772e-01,7.260183e-01,7.616080e-01,7.713843e-01,8.231073e-01,8.612773e-01
4.377500e-03,7.317405e+00,7.174778e+00,1.331137e+00,7.473942e-01,5.623459e-01,4.411797e-01,3.606686e-01,3.023120e-01,2.598364e-01,5.143928e-01,6.650571e-01,7.259900e-01,7.618784e-01,7.716994e-01,8.231137e-01,8.610778e-01
4.380000e-03,7.318360e+00,7.175588e+00,1.334111e+00,7.473928e-01,5.623456e-01,4.411804e-01,3.606688e-01,3.023115e-01,2.598362e-01,5.138465e-01,6.648420e-01,7.259999e-01,7.621822e-01,7.720233e-01,8.230898e-01,8.607410e-01
4.382500e-03,7.319330e+00,7.176418e+00,1.336774e+00,7.473915e-01,5.623451e-01,4.411810e-01,3.606692e-01,3.023110e-01,2.598358e-01,5.132809e-01,6.646259e-01,7.260643e-01,7.625169e-01,7.723574e-01,8.230560e-01,8.602811e-01
4.385000e-03,7.320437e+00,7.177244e+00,1.339049e+00,7.473907e-01,5.623443e-01,4.411814e-01,3.606697e-01,3.023108e-01,2.598354e-01,5.127047e-01,6.644143e-01,7.261805e-01,7.628779e-01,7.727058e-01,8.230226e-01,8.597247e-01
4.387500e-03,7.321974e+00,7.178051e+00,1.341208e+00,7.473904e-01,5.623433e-01,4.411815e-01,3.606704e-01,3.023107e-01,2.598349e-01,5.120852e-01,6.642127e-01,7.263309e-01,7.632588e-01,7.730775e-01,8.230011e-01,8.591039e-01
4.390000e-03,7.323503e+00,7.178867e+00,1.343145e+00,7.473907e-01,5.623423e-01,4.411813e-01,3.606710e-01,3.023108e-01,2.598344e-01,5.114616e-01,6.640353e-01,7.265053e-01,7.636537e-01,7.734785e-01,8.230186e-01,8.584486e-01
4.392500e-03,7.325032e+00,7.179703e+00,1.344787e+00,7.473914e-01,5.623415e-01,4.411808e-01,3.606715e-01,3.023112e-01,2.598341e-01,5.108516e-01,6.638852e-01,7.267099e-01,7.640576e-01,7.739030e-01,8.231108e-01,8.577788e-01
4.395000e-03,7.326611e+00,7.180541e+00,1.345835e+00,7.473926e-01,5.623409e-01,4.411801e-01,3.606718e-01,3.023117e-01,2.598339e-01,5.102179e-01,6.637747e-01,7.269562e-01,7.644671e-01,7.743321e-01,8.232956e-01,8.571133e-01
4.397500e-03,7.328212e+00,7.181385e+00,1.347025e+00,7.473940e-01,5.623408e-01,4.411794e-01,3.606718e-01,3.023122e-01,2.598338e-01,5.095713e-01,6.637010e-01,7.272455e-01,7.648826e-01,7.747406e-01,8.235568e-01,8.564850e-01
4.400000e-03,7.329793e+00,7.182238e+00,1.348376e+00,7.473953e-01,5.623410e-01,4.411787e-01,3.606715e-01,3.023127e-01,2.598340e-01,5.089204e-01,6.636486e-01,7.275676e-01,7.653071e-01,7.751049e-01,8.238536e-01,8.559414e-01
4.402500e-03,7.331426e+00,7.183085e+00,1.349514e+00,7.473964e-01,5.623416e-01,4.411781e-01,3.606711e-01,3.023131e-01,2.598343e-01,5.082531e-01,6.636326e-01,7.279068e-01,7.657408e-01,7.754103e-01,8.241392e-01,8.555204e-01
4.405000e-03,7.332978e+00,7.183947e+00,1.350478e+00,7.473971e-01,5.623425e-01,4.411777e-01,3.606705e-01,3.023133e-01,2.598347e-01,5.075948e-01,6.636572e-01,7.282496e-01,7.661761e-01,7.756549e-01,8.243779e-01,8.552298e-01
4.407500e-03,7.334454e+00,7.184819e+00,1.351319e+00,7.473974e-01,5.623436e-01,4.411776e-01,3.606699e-01,3.023133e-01,2.598352e-01,5.069655e-01,6.636959e-01,7.285938e-01,7.666006e-01,7.758462e-01,8.245631e-01,8.550508e-01
4.410000e-03,7.335858e+00,7.185698e+00,1.351836e+00,7.473972e-01,5.623446e-01,4.411778e-01,3.606694e-01,3.023131e-01,2.598357e-01,5.063702e-01,6.637551e-01,7.289463e-01,7.670043e-01,7.759900e-01,8.247199e-01,8.549637e-01
4.412500e-03,7.337252e+00,7.186565e+00,1.351998e+00,7.473965e-01,5.623453e-01,4.411784e-01,3.606689e-01,3.023127e-01,2.598360e-01,5.057812e-01,6.638420e-01,7.293163e-01,7.673827e-01,7.760841e-01,8.248778e-01,8.549424e-01
4.415000e-03,7.338644e+00,7.187430e+00,1.352002e+00,7.473954e-01,5.623458e-01,4.411791e-01,3.606687e-01,3.023122e-01,2.598361e-01,5.051842e-01,6.639637e-01,7.297131e-01,7.677333e-01,7.761173e-01,8.250423e-01,8.549864e-01
4.417500e-03,7.339991e+00,7.188257e+00,1.351964e+00,7.473941e-01,5.623460e-01,4.411799e-01,3.606686e-01,3.023117e-01,2.598361e-01,5.045975e-01,6.641377e-01,7.301420e-01,7.680511e-01,7.760752e-01,8.251946e-01,8.551219e-01
4.420000e-03,7.341282e+00,7.189069e+00,1.351808e+00,7.473929e-01,5.623457e-01,4.411806e-01,3.606689e-01,3.023113e-01,2.598358e-01,5.040244e-01,6.643426e-01,7.305988e-01,7.683261e-01,7.759476e-01,8.253054e-01,8.553737e-01
4.422500e-03,7.342474e+00,7.189882e+00,1.351174e+00,7.473918e-01,5.623451e-01,4.411812e-01,3.606694e-01,3.023109e-01,2.598355e-01,5.034962e-01,6.645500e-01,7.310717e-01,7.685459e-01,7.757320e-01,8.253464e-01,8.557436e-01
4.425000e-03,7.343669e+00,7.190655e+00,1.350385e+00,7.473911e-01,5.623444e-01,4.411815e-01,3.606700e-01,3.023107e-01,2.598351e-01,5.029634e-01,6.647817e-01,7.315401e-01,7.686993e-01,7.754322e-01,8.253000e-01,8.561970e-01
4.427500e-03,7.344829e+00,7.191388e+00,1.349669e+00,7.473909e-01,5.623434e-01,4.411815e-01,3.606707e-01,3.023108e-01,2.598347e-01,5.024366e-01,6.650639e-01,7.319793e-01,7.687798e-01,7.750561e-01,8.251637e-01,8.566948e-01
4.430000e-03,7.345921e+00,7.192092e+00,1.348774e+00,7.473913e-01,5.623425e-01,4.411812e-01,3.606712e-01,3.023110e-01,2.598343e-01,5.019348e-01,6.653822e-01,7.323737e-01,7.687876e-01,7.746179e-01,8.249445e-01,8.572170e-01
4.432500e-03,7.346962e+00,7.192779e+00,1.347642e+00,7.473921e-01,5.623417e-01,4.411808e-01,3.606716e-01,3.023115e-01,2.598340e-01,5.014485e-01,6.657338e-01,7.327210e-01,7.687276e-01,7.741390e-01,8.246525e-01,8.577409e-01
4.435000e-03,7.347846e+00,7.193451e+00,1.346478e+00,7.473931e-01,5.623412e-01,4.411801e-01,3.606718e-01,3.023120e-01,2.598339e-01,5.010320e-01,6.660805e-01,7.330298e-01,7.686055e-01,7.736431e-01,8.243004e-01,8.582585e-01
4.437500e-03,7.348615e+00,7.194102e+00,1.345364e+00,7.473943e-01,5.623411e-01,4.411794e-01,3.606718e-01,3.023125e-01,2.598339e-01,5.006669e-01,6.664014e-01,7.333100e-01,7.684281e-01,7.731481e-01,8.239079e-01,8.587641e-01
4.440000e-03,7.349266e+00,7.194732e+00,1.344187e+00,7.473954e-01,5.623414e-01,4.411787e-01,3.606715e-01,3.023130e-01,2.598342e-01,5.003551e-01,6.667253e-01,7.335604e-01,7.682050e-01,7.726592e-01,8.234968e-01,8.592449e-01
4.442500e-03,7.349816e+00,7.195324e+00,1.343075e+00,7.473963e-01,5.623420e-01,4.411781e-01,3.606711e-01,3.023133e-01,2.598346e-01,5.000893e-01,6.670857e-01,7.337683e-01,7.679468e-01,7.721684e-01,8.230798e-01,8.596939e-01
4.445000e-03,7.350286e+00,7.195868e+00,1.342121e+00,7.473968e-01,5.623428e-01,4.411777e-01,3.606705e-01,3.023134e-01,2.598350e-01,4.998602e-01,6.674559e-01,7.339236e-01,7.676607e-01,7.716608e-01,8.226505e-01,8.601165e-01
4.447500e-03,7.350652e+00,7.196369e+00,1.341196e+00,7.473968e-01,5.623437e-01,4.411777e-01,3.606698e-01,3.023133e-01,2.598355e-01,4.996796e-01,6.678076e-01,7.340271e-01,7.673494e-01,7.711239e-01,8.221866e-01,8.605193e-01
4.450000e-03,7.350938e+00,7.196811e+00,1.340464e+00,7.473963e-01,5.623445e-01,4.411780e-01,3.606693e-01,3.023130e-01,2.598359e-01,4.995364e-01,6.681155e-01,7.340816e-01,7.670129e-01,7.705540e-01,8.216656e-01,8.609085e-01
4.452500e-03,7.351143e+00,7.197199e+00,1.339936e+00,7.473955e-01,5.623452e-01,4.411785e-01,3.606688e-01,3.023126e-01,2.598361e-01,4.994326e-01,6.683720e-01,7.340769e-01,7.666499e-01,7.699577e-01,8.210786e-01,8.612777e-01
4.455000e-03,7.351242e+00,7.197544e+00,1.339682e+00,7.473945e-01,5.623455e-01,4.411791e-01,3.606686e-01,3.023121e-01,2.598361e-01,4.993808e-01,6.685838e-01,7.339966e-01,7.662576e-01,7.693474e-01,8.204342e-01,8.616189e-01
4.457500e-03,7.351238e+00,7.197841e+00,1.339670e+00,7.473933e-01,5.623454e-01,4.411798e-01,3.606687e-01,3.023116e-01,2.598360e-01,4.993806e-01,6.687612e-01,7.338379e-01,7.658311e-01,7.687372e-01,8.197504e-01,8.619039e-01
4.460000e-03,7.351136e+00,7.198086e+00,1.339952e+00,7.473922e-01,5.623451e-01,4.411805e-01,3.606689e-01,3.023111e-01,2.598358e-01,4.994298e-01,6.689121e-01,7.336124e-01,7.653665e-01,7.681398e-01,8.190466e-01,8.621175e-01
4.462500e-03,7.350947e+00,7.198274e+00,1.340518e+00,7.473913e-01,5.623445e-01,4.411809e-01,3.606694e-01,3.023108e-01,2.598354e-01,4.995233e-01,6.690338e-01,7.333358e-01,7.648656e-01,7.675649e-01,8.183410e-01,8.622642e-01
4.465000e-03,7.350677e+00,7.198410e+00,1.341356e+00,7.473909e-01,5.623437e-01,4.411811e-01,3.606700e-01,3.023107e-01,2.598350e-01,4.996588e-01,6.691097e-01,7.330210e-01,7.643390e-01,7.670179e-01,8.176501e-01,8.623498e-01
4.467500e-03,7.350329e+00,7.198491e+00,1.342443e+00,7.473911e-01,5.623429e-01,4.411810e-01,3.606706e-01,3.023108e-01,2.598345e-01,4.998338e-01,6.691320e-01,7.326715e-01,7.638018e-01,7.665010e-01,8.169868e-01,8.623843e-01
4.470000e-03,7.349922e+00,7.198513e+00,1.343785e+00,7.473917e-01,5.623420e-01,4.411807e-01,3.606711e-01,3.023110e-01,2.598341e-01,5.000395e-01,6.690967e-01,7.322795e-01,7.632649e-01,7.660158e-01,8.163578e-01,8.623768e-01
4.472500e-03,7.349467e+00,7.198480e+00,1.345374e+00,7.473926e-01,5.623415e-01,4.411803e-01,3.606714e-01,3.023115e-01,2.598339e-01,5.002691e-01,6.689965e-01,7.318328e-01,7.627303e-01,7.655638e-01,8.157667e-01,8.623411e-01
4.475000e-03,7.348973e+00,7.198393e+00,1.347167e+00,7.473937e-01,5.623412e-01,4.411796e-01,3.606715e-01,3.023120e-01,2.598338e-01,5.005186e-01,6.688131e-01,7.313256e-01,7.621950e-01,7.651438e-01,8.152175e-01,8.622853e-01
4.477500e-03,7.348448e+00,7.198257e+00,1.349116e+00,7.473949e-01,5.623414e-01,4.411790e-01,3.606714e-01,3.023125e-01,2.598339e-01,5.007827e-01,6.685534e-01,7.307654e-01,7.616589e-01,7.647502e-01,8.147127e-01,8.622287e-01
4.480000e-03,7.347902e+00,7.198077e+00,1.351184e+00,7.473958e-01,5.623418e-01,4.411784e-01,3.606711e-01,3.023128e-01,2.598342e-01,5.010561e-01,6.682473e-01,7.301693e-01,7.611269e-01,7.643770e-01,8.142485e-01,8.621767e-01
4.482500e-03,7.347347e+00,7.197857e+00,1.353321e+00,7.473965e-01,5.623425e-01,4.411780e-01,3.606706e-01,3.023131e-01,2.598346e-01,5.013315e-01,6.679038e-01,7.295542e-01,7.606048e-01,7.640235e-01,8.138162e-01,8.621343e-01
4.485000e-03,7.346800e+00,7.197602e+00,1.355467e+00,7.473968e-01,5.623433e-01,4.411779e-01,3.606701e-01,3.023131e-01,2.598350e-01,5.016013e-01,6.675145e-01,7.289300e-01,7.600952e-01,7.636939e-01,8.134101e-01,8.621118e-01
4.487500e-03,7.346270e+00,7.197321e+00,1.357548e+00,7.473967e-01,5.623441e-01,4.411780e-01,3.606696e-01,3.023130e-01,2.598355e-01,5.018594e-01,6.670763e-01,7.283009e-01,7.595966e-01,7.633910e-01,8.130337e-01,8.621067e-01
4.490000e-03,7.345767e+00,7.197020e+00,1.359485e+00,7.473961e-01,5.623447e-01,4.411784e-01,3.606692e-01,3.023127e-01,2.598358e-01,5.021012e-01,6.665950e-01,7.276643e-01,7.591064e-01,7.631127e-01,8.126943e-01,8.621064e-01
4.492500e-03,7.345315e+00,7.196704e+00,1.361280e+00,7.473952e-01,5.623452e-01,4.411790e-01,3.606689e-01,3.023123e-01,2.598360e-01,5.023149e-01,6.660780e-01,7.270113e-01,7.586235e-01,7.628548e-01,8.123922e-01,8.621005e-01
4.495000e-03,7.344914e+00,7.196383e+00,1.362845e+00,7.473941e-01,5.623454e-01,4.411796e-01,3.606688e-01,3.023119e-01,2.598360e-01,5.025008e-01,6.655302e-01,7.263354e-01,7.581508e-01,7.626162e-01,8.121165e-01,8.620870e-01
4.497500e-03,7.344585e+00,7.196067e+00,1.364039e+00,7.473929e-01,5.623452e-01,4.411802e-01,3.606690e-01,3.023115e-01,2.598358e-01,5.026497e-01,6.649567e-01,7.256410e-01,7.576927e-01,7.624026e-01,8.118544e-01,8.620732e-01
4.500000e-03,7.344330e+00,7.195763e+00,1.364870e+00,7.473918e-01,5.623448e-01,4.411807e-01,3.606693e-01,3.023111e-01,2.598356e-01,5.027608e-01,6.643626e-01,7.249409e-01,7.572534e-01,7.622246e-01,8.116002e-01,8.620623e-01
4.502500e-03,7.344172e+00,7.195470e+00,1.365351e+00,7.473912e-01,5.623441e-01,4.411810e-01,3.606698e-01,3.023109e-01,2.598352e-01,5.028254e-01,6.637514e-01,7.242501e-01,7.568367e-01,7.620917e-01,8.113583e-01,8.620449e-01
4.505000e-03,7.344104e+00,7.195197e+00,1.365515e+00,7.473909e-01,5.623432e-01,4.411811e-01,3.606703e-01,3.023109e-01,2.598349e-01,5.028467e-01,6.631300e-01,7.235801e-01,7.564468e-01,7.620070e-01,8.111385e-01,8.620057e-01
4.507500e-03,7.344150e+00,7.194946e+00,1.365349e+00,7.473911e-01,5.623424e-01,4.411809e-01,3.606708e-01,3.023111e-01,2.598345e-01,5.028148e-01,6.624987e-01,7.229368e-01,7.560875e-01,7.619646e-01,8.109486e-01,8.619321e-01
4.510000e-03,7.344307e+00,7.194726e+00,1.364922e+00,7.473917e-01,5.623416e-01,4.411805e-01,3.606712e-01,3.023114e-01,2.598342e-01,5.027303e-01,6.618555e-01,7.223204e-01,7.557609e-01,7.619519e-01,8.107894e-01,8.618232e-01
4.512500e-03,7.344570e+00,7.194543e+00,1.364213e+00,7.473926e-01,5.623412e-01,4.411800e-01,3.606714e-01,3.023118e-01,2.598341e-01,5.025967e-01,6.612103e-01,7.217278e-01,7.554663e-01,7.619557e-01,8.106588e-01,8.616806e-01
4.515000e-03,7.344945e+00,7.194402e+00,1.363199e+00,7.473936e-01,5.623411e-01,4.411793e-01,3.606714e-01,3.023122e-01,2.598341e-01,5.024109e-01,6.605775e-01,7.211560e-01,7.552008e-01,7.619687e-01,8.105584e-01,8.615091e-01
4.517500e-03,7.345432e+00,7.194309e+00,1.361871e+00,7.473947e-01,5.623413e-01,4.411787e-01,3.606712e-01,3.023126e-01,2.598342e-01,5.021742e-01,6.599624e-01,7.206045e-01,7.549614e-01,7.619913e-01,8.104959e-01,8.613088e-01
4.520000e-03,7.346030e+00,7.194267e+00,1.360235e+00,7.473955e-01,5.623418e-01,4.411782e-01,3.606709e-01,3.023129e-01,2.598345e-01,5.018864e-01,6.593626e-01,7.200772e-01,7.547452e-01,7.620284e-01,8.104827e-01,8.610779e-01
4.522500e-03,7.346738e+00,7.194279e+00,1.358298e+00,7.473962e-01,5.623425e-01,4.411779e-01,3.606704e-01,3.023130e-01,2.598349e-01,5.015483e-01,6.587772e-01,7.195805e-01,7.545502e-01,7.620851e-01,8.105280e-01,8.608203e-01
4.525000e-03,7.347553e+00,7.194348e+00,1.356070e+00,7.473965e-01,5.623433e-01,4.411778e-01,3.606698e-01,3.023130e-01,2.598352e-01,5.011604e-01,6.582152e-01,7.191186e-01,7.543757e-01,7.621643e-01,8.106358e-01,8.605501e-01
4.527500e-03,7.348476e+00,7.194475e+00,1.353564e+00,7.473964e-01,5.623440e-01,4.411780e-01,3.606693e-01,3.023128e-01,2.598356e-01,5.007229e-01,6.576845e-01,7.186929e-01,7.542226e-01,7.622650e-01,8.108057e-01,8.602768e-01
4.530000e-03,7.349501e+00,7.194661e+00,1.350785e+00,7.473958e-01,5.623446e-01,4.411785e-01,3.606690e-01,3.023125e-01,2.598358e-01,5.002368e-01,6.571832e-01,7.183042e-01,7.540924e-01,7.623821e-01,8.110344e-01,8.600232e-01
4.532500e-03,7.350623e+00,7.194909e+00,1.347738e+00,7.473950e-01,5.623451e-01,4.411790e-01,3.606688e-01,3.023121e-01,2.598359e-01,4.997043e-01,6.567094e-01,7.179536e-01,7.539866e-01,7.625062e-01,8.113153e-01,8.598002e-01
4.535000e-03,7.351835e+00,7.195216e+00,1.344433e+00,7.473939e-01,5.623453e-01,4.411796e-01,3.606688e-01,3.023117e-01,2.598359e-01,4.991270e-01,6.562660e-01,7.176425e-01,7.539053e-01,7.626241e-01,8.116378e-01,8.596313e-01
4.537500e-03,7.353129e+00,7.195585e+00,1.340839e+00,7.473930e-01,5.623451e-01,4.411802e-01,3.606691e-01,3.023113e-01,2.598357e-01,4.985079e-01,6.558573e-01,7.173712e-01,7.538479e-01,7.627222e-01,8.119849e-01,8.595314e-01
4.540000e-03,7.354493e+00,7.196012e+00,1.336860e+00,7.473922e-01,5.623447e-01,4.411807e-01,3.606695e-01,3.023110e-01,2.598354e-01,4.978499e-01,6.554857e-01,7.171398e-01,7.538129e-01,7.627906e-01,8.123339e-01,8.595086e-01
4.542500e-03,7.355943e+00,7.196489e+00,1.332627e+00,7.473917e-01,5.623441e-01,4.411810e-01,3.606700e-01,3.023109e-01,2.598350e-01,4.971435e-01,6.551487e-01,7.169482e-01,7.537963e-01,7.628264e-01,8.126622e-01,8.595622e-01
4.545000e-03,7.357463e+00,7.197021e+00,1.328061e+00,7.473916e-01,5.623433e-01,4.411811e-01,3.606705e-01,3.023109e-01,2.598347e-01,4.963951e-01,6.548453e-01,7.167956e-01,7.537919e-01,7.628333e-01,8.129549e-01,8.596852e-01
4.547500e-03,7.359031e+00,7.197619e+00,1.323187e+00,7.473918e-01,5.623426e-01,4.411809e-01,3.606709e-01,3.023112e-01,2.598343e-01,4.956164e-01,6.545763e-01,7.166799e-01,7.537941e-01,7.628203e-01,8.132071e-01,8.598592e-01
4.550000e-03,7.360627e+00,7.198285e+00,1.317935e+00,7.473925e-01,5.623420e-01,4.411806e-01,3.606713e-01,3.023115e-01,2.598341e-01,4.948153e-01,6.543405e-01,7.165994e-01,7.537986e-01,7.627976e-01,8.134225e-01,8.600705e-01
4.552500e-03,7.362230e+00,7.199023e+00,1.312276e+00,7.473933e-01,5.623417e-01,4.411800e-01,3.606715e-01,3.023120e-01,2.598340e-01,4.940005e-01,6.541352e-01,7.165535e-01,7.538046e-01,7.627742e-01,8.136094e-01,8.602988e-01
4.555000e-03,7.363858e+00,7.199811e+00,1.306468e+00,7.473943e-01,5.623416e-01,4.411795e-01,3.606715e-01,3.023124e-01,2.598341e-01,4.931625e-01,6.539585e-01,7.165425e-01,7.538138e-01,7.627577e-01,8.137772e-01,8.605351e-01
4.557500e-03,7.365484e+00,7.200666e+00,1.300328e+00,7.473953e-01,5.623418e-01,4.411789e-01,3.606713e-01,3.023127e-01,2.598344e-01,4.923118e-01,6.538149e-01,7.165653e-01,7.538294e-01,7.627552e-01,8.139333e-01,8.607684e-01
4.560000e-03,7.367130e+00,7.201578e+00,1.293850e+00,7.473960e-01,5.623423e-01,4.411785e-01,3.606709e-01,3.023130e-01,2.598347e-01,4.914374e-01,6.537326e-01,7.166195e-01,7.538550e-01,7.627739e-01,8.140850e-01,8.609919e-01
4.562500e-03,7.368848e+00,7.202552e+00,1.287130e+00,7.473964e-01,5.623429e-01,4.411783e-01,3.606705e-01,3.023131e-01,2.598351e-01,4.905293e-01,6.536982e-01,7.167015e-01,7.538945e-01,7.628207e-01,8.142419e-01,8.612002e-01
4.565000e-03,7.370482e+00,7.203609e+00,1.279999e+00,7.473964e-01,5.623436e-01,4.411782e-01,3.606700e-01,3.023131e-01,2.598354e-01,4.896464e-01,6.536699e-01,7.168072e-01,7.539519e-01,7.629008e-01,8.144139e-01,8.613790e-01
4.567500e-03,7.372065e+00,7.204720e+00,1.272784e+00,7.473961e-01,5.623442e-01,4.411784e-01,3.606696e-01,3.023129e-01,2.598357e-01,4.887666e-01,6.536412e-01,7.169342e-01,7.540307e-01,7.630186e-01,8.146085e-01,8.615204e-01
4.570000e-03,7.373590e+00,7.205878e+00,1.265717e+00,7.473953e-01,5.623447e-01,4.411788e-01,3.606692e-01,3.023126e-01,2.598359e-01,4.879001e-01,6.536055e-01,7.170833e-01,7.541334e-01,7.631772e-01,8.148297e-01,8.616279e-01
4.572500e-03,7.375099e+00,7.207110e+00,1.258146e+00,7.473944e-01,5.623450e-01,4.411793e-01,3.606691e-01,3.023122e-01,2.598360e-01,4.870301e-01,6.536029e-01,7.172498e-01,7.542616e-01,7.633784e-01,8.150791e-01,8.616895e-01
4.575000e-03,7.376526e+00,7.208428e+00,1.250085e+00,7.473934e-01,5.623450e-01,4.411799e-01,3.606691e-01,3.023118e-01,2.598360e-01,4.861827e-01,6.536489e-01,7.174233e-01,7.544159e-01,7.636211e-01,8.153580e-01,8.617145e-01
4.577500e-03,7.377860e+00,7.209825e+00,1.241651e+00,7.473926e-01,5.623447e-01,4.411803e-01,3.606693e-01,3.023114e-01,2.598358e-01,4.853600e-01,6.537259e-01,7.176040e-01,7.545966e-01,7.639002e-01,8.156668e-01,8.617048e-01
4.580000e-03,7.379145e+00,7.211291e+00,1.233040e+00,7.473919e-01,5.623442e-01,4.411807e-01,3.606697e-01,3.023112e-01,2.598355e-01,4.845547e-01,6.537873e-01,7.178012e-01,7.548037e-01,7.642049e-01,8.160008e-01,8.616575e-01
4.582500e-03,7.380325e+00,7.212863e+00,1.223472e+00,7.473916e-01,5.623435e-01,4.411809e-01,3.606701e-01,3.023111e-01,2.598351e-01,4.837738e-01,6.538246e-01,7.180180e-01,7.550379e-01,7.645204e-01,8.163430e-01,8.615782e-01
4.585000e-03,7.381601e+00,7.214505e+00,1.213699e+00,7.473917e-01,5.623428e-01,4.411808e-01,3.606705e-01,3.023112e-01,2.598348e-01,4.829518e-01,6.538643e-01,7.182466e-01,7.553010e-01,7.648326e-01,8.166635e-01,8.614801e-01
4.587500e-03,7.382800e+00,7.216246e+00,1.203760e+00,7.473921e-01,5.623422e-01,4.411806e-01,3.606709e-01,3.023114e-01,2.598345e-01,4.821607e-01,6.539234e-01,7.184745e-01,7.555937e-01,7.651338e-01,8.169298e-01,8.613730e-01
4.590000e-03,7.383919e+00,7.218206e+00,1.196654e+00,7.473928e-01,5.623417e-01,4.411802e-01,3.606711e-01,3.023117e-01,2.598343e-01,4.813905e-01,6.539977e-01,7.186946e-01,7.559126e-01,7.654258e-01,8.171228e-01,8.612509e-01
4.592500e-03,7.385030e+00,7.220804e+00,1.206077e+00,7.473937e-01,5.623416e-01,4.411797e-01,3.606712e-01,3.023120e-01,2.598342e-01,4.806301e-01,6.541094e-01,7.189168e-01,7.562501e-01,7.657172e-01,8.172481e-01,8.611002e-01
4.595000e-03,7.386003e+00,7.223263e+00,1.215657e+00,7.473947e-01,5.623417e-01,4.411792e-01,3.606712e-01,3.023124e-01,2.598343e-01,4.799121e-01,6.542292e-01,7.191651e-01,7.565987e-01,7.660180e-01,8.173319e-01,8.609039e-01
4.597500e-03,7.386874e+00,7.225643e+00,1.225266e+00,7.473956e-01,5.623420e-01,4.411787e-01,3.606709e-01,3.023127e-01,2.598345e-01,4.792360e-01,6.542763e-01,7.194438e-01,7.569554e-01,7.663329e-01,8.174071e-01,8.606371e-01
4.600000e-03,7.387728e+00,7.227777e+00,1.234533e+00,7.473962e-01,5.623425e-01,4.411784e-01,3.606706e-01,3.023129e-01,2.598348e-01,4.785703e-01,6.542917e-01,7.197351e-01,7.573220e-01,7.666591e-01,8.174957e-01,8.603027e-01
4.602500e-03,7.388518e+00,7.229742e+00,1.243615e+00,7.473965e-01,5.623432e-01,4.411783e-01,3.606701e-01,3.023129e-01,2.598351e-01,4.779326e-01,6.543608e-01,7.200316e-01,7.577001e-01,7.669869e-01,8.175992e-01,8.599253e-01
4.605000e-03,7.389656e+00,7.231599e+00,1.252270e+00,7.473965e-01,5.623439e-01,4.411784e-01,3.606697e-01,3.023129e-01,2.598354e-01,4.772891e-01,6.545279e-01,7.203398e-01,7.580879e-01,7.673034e-01,8.177037e-01,8.595292e-01
4.607500e-03,7.390683e+00,7.233334e+00,1.260486e+00,7.473960e-01,5.623444e-01,4.411787e-01,3.606694e-01,3.023126e-01,2.598357e-01,4.766774e-01,6.547081e-01,7.206613e-01,7.584827e-01,7.675971e-01,8.177930e-01,8.591460e-01
4.610000e-03,7.391562e+00,7.234972e+00,1.268114e+00,7.473953e-01,5.623449e-01,4.411792e-01,3.606692e-01,3.023123e-01,2.598358e-01,4.760882e-01,6.547725e-01,7.209945e-01,7.588842e-01,7.678617e-01,8.178585e-01,8.587804e-01
4.612500e-03,7.392528e+00,7.236450e+00,1.275124e+00,7.473945e-01,5.623451e-01,4.411797e-01,3.606691e-01,3.023119e-01,2.598359e-01,4.754734e-01,6.547405e-01,7.213444e-01,7.592926e-01,7.680963e-01,8.179030e-01,8.584350e-01
4.615000e-03,7.393587e+00,7.237805e+00,1.281724e+00,7.473935e-01,5.623450e-01,4.411802e-01,3.606693e-01,3.023116e-01,2.598358e-01,4.748533e-01,6.547304e-01,7.217037e-01,7.597041e-01,7.683024e-01,8.179367e-01,8.581067e-01
4.617500e-03,7.394642e+00,7.239056e+00,1.288012e+00,7.473927e-01,5.623447e-01,4.411806e-01,3.606695e-01,3.023113e-01,2.598356e-01,4.742496e-01,6.548310e-01,7.220514e-01,7.601115e-01,7.684796e-01,8.179695e-01,8.578014e-01
4.620000e-03,7.395571e+00,7.240243e+00,1.294046e+00,7.473922e-01,5.623441e-01,4.411809e-01,3.606699e-01,3.023112e-01,2.598353e-01,4.736870e-01,6.549998e-01,7.223824e-01,7.605091e-01,7.686243e-01,8.180002e-01,8.575303e-01
4.622500e-03,7.396379e+00,7.241391e+00,1.299975e+00,7.473919e-01,5.623434e-01,4.411810e-01,3.606704e-01,3.023112e-01,2.598350e-01,4.731779e-01,6.551494e-01,7.227221e-01,7.608926e-01,7.687321e-01,8.180149e-01,8.573148e-01
4.625000e-03,7.397140e+00,7.242449e+00,1.305324e+00,7.473920e-01,5.623428e-01,4.411809e-01,3.606708e-01,3.023113e-01,2.598347e-01,4.726692e-01,6.552572e-01,7.231011e-01,7.612576e-01,7.688014e-01,8.179954e-01,8.571680e-01
4.627500e-03,7.397910e+00,7.243415e+00,1.310356e+00,7.473924e-01,5.623422e-01,4.411806e-01,3.606711e-01,3.023116e-01,2.598345e-01,4.721744e-01,6.553705e-01,7.235138e-01,7.616010e-01,7.688340e-01,8.179299e-01,8.570978e-01
4.630000e-03,7.398643e+00,7.244335e+00,1.315109e+00,7.473931e-01,5.623418e-01,4.411802e-01,3.606713e-01,3.023119e-01,2.598344e-01,4.717059e-01,6.555614e-01,7.239167e-01,7.619210e-01,7.688345e-01,8.178164e-01,8.570920e-01
4.632500e-03,7.399308e+00,7.245186e+00,1.319266e+00,7.473939e-01,5.623416e-01,4.411796e-01,3.606713e-01,3.023123e-01,2.598344e-01,4.712467e-01,6.557872e-01,7.242755e-01,7.622130e-01,7.688082e-01,8.176611e-01,8.571391e-01
4.635000e-03,7.399991e+00,7.245973e+00,1.323119e+00,7.473947e-01,5.623417e-01,4.411791e-01,3.606712e-01,3.023126e-01,2.598345e-01,4.707970e-01,6.559719e-01,7.245939e-01,7.624679e-01,7.687580e-01,8.174721e-01,8.572250e-01
4.637500e-03,7.400615e+00,7.246713e+00,1.326623e+00,7.473953e-01,5.623421e-01,4.411787e-01,3.606709e-01,3.023129e-01,2.598348e-01,4.703716e-01,6.561334e-01,7.248983e-01,7.626778e-01,7.686817e-01,8.172563e-01,8.573425e-01
4.640000e-03,7.401164e+00,7.247406e+00,1.329551e+00,7.473958e-01,5.623426e-01,4.411784e-01,3.606705e-01,3.023130e-01,2.598351e-01,4.699737e-01,6.563252e-01,7.252047e-01,7.628457e-01,7.685719e-01,8.170165e-01,8.574908e-01
4.642500e-03,7.401686e+00,7.248044e+00,1.332159e+00,7.473960e-01,5.623432e-01,4.411784e-01,3.606701e-01,3.023130e-01,2.598354e-01,4.695930e-01,6.565716e-01,7.255045e-01,7.629838e-01,7.684208e-01,8.167513e-01,8.576589e-01
4.645000e-03,7.402172e+00,7.248640e+00,1.334912e+00,7.473958e-01,5.623437e-01,4.411785e-01,3.606696e-01,3.023129e-01,2.598357e-01,4.692455e-01,6.568478e-01,7.257836e-01,7.630997e-01,7.682271e-01,8.164600e-01,8.578443e-01
4.647500e-03,7.402596e+00,7.249195e+00,1.337538e+00,7.473954e-01,5.623443e-01,4.411788e-01,3.606693e-01,3.023126e-01,2.598359e-01,4.689401e-01,6.571171e-01,7.260454e-01,7.631866e-01,7.679979e-01,8.161481e-01,8.580386e-01
4.650000e-03,7.402931e+00,7.249713e+00,1.340071e+00,7.473947e-01,5.623446e-01,4.411791e-01,3.606692e-01,3.023123e-01,2.598360e-01,4.686767e-01,6.573709e-01,7.262959e-01,7.632307e-01,7.677442e-01,8.158286e-01,8.582313e-01
4.652500e-03,7.403211e+00,7.250183e+00,1.342413e+00,7.473939e-01,5.623447e-01,4.411796e-01,3.606691e-01,3.023119e-01,2.598359e-01,4.684397e-01,6.576164e-01,7.265209e-01,7.632256e-01,7.674744e-01,8.155159e-01,8.584167e-01
4.655000e-03,7.403389e+00,7.250618e+00,1.344780e+00,7.473931e-01,5.623446e-01,4.411801e-01,3.606693e-01,3.023116e-01,2.598358e-01,4.682611e-01,6.578548e-01,7.266972e-01,7.631747e-01,7.671917e-01,8.152183e-01,8.585934e-01
4.657500e-03,7.403471e+00,7.251008e+00,1.347088e+00,7.473925e-01,5.623443e-01,4.411805e-01,3.606696e-01,3.023113e-01,2.598356e-01,4.681283e-01,6.580775e-01,7.268209e-01,7.630815e-01,7.668964e-01,8.149336e-01,8.587714e-01
4.660000e-03,7.403484e+00,7.251348e+00,1.349281e+00,7.473921e-01,5.623438e-01,4.411807e-01,3.606699e-01,3.023112e-01,2.598353e-01,4.680361e-01,6.582964e-01,7.269061e-01,7.629444e-01,7.665892e-01,8.146513e-01,8.589611e-01
4.662500e-03,7.403408e+00,7.251641e+00,1.351284e+00,7.473920e-01,5.623432e-01,4.411808e-01,3.606703e-01,3.023112e-01,2.598350e-01,4.679820e-01,6.585232e-01,7.269689e-01,7.627636e-01,7.662733e-01,8.143583e-01,8.591664e-01
4.665000e-03,7.403267e+00,7.251885e+00,1.353201e+00,7.473923e-01,5.623426e-01,4.411806e-01,3.606707e-01,3.023114e-01,2.598347e-01,4.679672e-01,6.587388e-01,7.270144e-01,7.625480e-01,7.659529e-01,8.140476e-01,8.593818e-01
4.667500e-03,7.403050e+00,7.252082e+00,1.355062e+00,7.473928e-01,5.623422e-01,4.411803e-01,3.606710e-01,3.023116e-01,2.598345e-01,4.679983e-01,6.589177e-01,7.270357e-01,7.623118e-01,7.656314e-01,8.137222e-01,8.595941e-01
4.670000e-03,7.402766e+00,7.252233e+00,1.356873e+00,7.473935e-01,5.623419e-01,4.411799e-01,3.606712e-01,3.023119e-01,2.598344e-01,4.680742e-01,6.590674e-01,7.270201e-01,7.620631e-01,7.653106e-01,8.133924e-01,8.597858e-01
4.672500e-03,7.402410e+00,7.252340e+00,1.358583e+00,7.473943e-01,5.623419e-01,4.411795e-01,3.606712e-01,3.023123e-01,2.598344e-01,4.681920e-01,6.591954e-01,7.269547e-01,7.617990e-01,7.649916e-01,8.130685e-01,8.599477e-01
4.675000e-03,7.402002e+00,7.252397e+00,1.360194e+00,7.473951e-01,5.623421e-01,4.411791e-01,3.606710e-01,3.023126e-01,2.598346e-01,4.683467e-01,6.593046e-01,7.268318e-01,7.615123e-01,7.646765e-01,8.127558e-01,8.600789e-01
4.677500e-03,7.401546e+00,7.252405e+00,1.361732e+00,7.473957e-01,5.623425e-01,4.411788e-01,3.606708e-01,3.023128e-01,2.598348e-01,4.685390e-01,6.593891e-01,7.266537e-01,7.612014e-01,7.643683e-01,8.124526e-01,8.601885e-01
4.680000e-03,7.401040e+00,7.252367e+00,1.363192e+00,7.473961e-01,5.623430e-01,4.411786e-01,3.606704e-01,3.023130e-01,2.598351e-01,4.687683e-01,6.594430e-01,7.264305e-01,7.608708e-01,7.640730e-01,8.121523e-01,8.602792e-01
4.682500e-03,7.400486e+00,7.252285e+00,1.364566e+00,7.473961e-01,5.623436e-01,4.411786e-01,3.606700e-01,3.023129e-01,2.598354e-01,4.690319e-01,6.594634e-01,7.261745e-01,7.605274e-01,7.638011e-01,8.118496e-01,8.603493e-01
4.685000e-03,7.399889e+00,7.252163e+00,1.365845e+00,7.473958e-01,5.623441e-01,4.411787e-01,3.606697e-01,3.023128e-01,2.598357e-01,4.693264e-01,6.594491e-01,7.258929e-01,7.601766e-01,7.635669e-01,8.115484e-01,8.603947e-01
4.687500e-03,7.399258e+00,7.252001e+00,1.367014e+00,7.473952e-01,5.623445e-01,4.411791e-01,3.606695e-01,3.023125e-01,2.598359e-01,4.696475e-01,6.594008e-01,7.255852e-01,7.598229e-01,7.633837e-01,8.112668e-01,8.604062e-01
4.690000e-03,7.398596e+00,7.251806e+00,1.368064e+00,7.473944e-01,5.623447e-01,4.411795e-01,3.606694e-01,3.023122e-01,2.598360e-01,4.699922e-01,6.593205e-01,7.252470e-01,7.594706e-01,7.632578e-01,8.110294e-01,8.603738e-01
4.692500e-03,7.397920e+00,7.251578e+00,1.368906e+00,7.473936e-01,5.623447e-01,4.411799e-01,3.606694e-01,3.023119e-01,2.598359e-01,4.703488e-01,6.592095e-01,7.248754e-01,7.591243e-01,7.631850e-01,8.108530e-01,8.602947e-01
4.695000e-03,7.397227e+00,7.251322e+00,1.369562e+00,7.473929e-01,5.623444e-01,4.411803e-01,3.606696e-01,3.023117e-01,2.598358e-01,4.707176e-01,6.590640e-01,7.244730e-01,7.587884e-01,7.631534e-01,8.107364e-01,8.601765e-01
4.697500e-03,7.396534e+00,7.251039e+00,1.370010e+00,7.473924e-01,5.623440e-01,4.411806e-01,3.606699e-01,3.023115e-01,2.598355e-01,4.710914e-01,6.588791e-01,7.240474e-01,7.584678e-01,7.631499e-01,8.106645e-01,8.600337e-01
4.700000e-03,7.395844e+00,7.250734e+00,1.370218e+00,7.473921e-01,5.623434e-01,4.411807e-01,3.606702e-01,3.023114e-01,2.598353e-01,4.714655e-01,6.586590e-01,7.236066e-01,7.581673e-01,7.631648e-01,8.106200e-01,8.598783e-01
4.702500e-03,7.395174e+00,7.250408e+00,1.370242e+00,7.473921e-01,5.623429e-01,4.411806e-01,3.606706e-01,3.023114e-01,2.598350e-01,4.718368e-01,6.584082e-01,7.231563e-01,7.578897e-01,7.631949e-01,8.105937e-01,8.597102e-01
4.705000e-03,7.394545e+00,7.250061e+00,1.370070e+00,7.473924e-01,5.623423e-01,4.411804e-01,3.606708e-01,3.023116e-01,2.598348e-01,4.721977e-01,6.581277e-01,7.226999e-01,7.576356e-01,7.632413e-01,8.105913e-01,8.595178e-01
4.707500e-03,7.393961e+00,7.249698e+00,1.369671e+00,7.473929e-01,5.623420e-01,4.411801e-01,3.606710e-01,3.023119e-01,2.598346e-01,4.725442e-01,6.578229e-01,7.222419e-01,7.574038e-01,7.633061e-01,8.106296e-01,8.592937e-01
4.710000e-03,7.393429e+00,7.249326e+00,1.369008e+00,7.473936e-01,5.623418e-01,4.411796e-01,3.606711e-01,3.023121e-01,2.598346e-01,4.728695e-01,6.575032e-01,7.217883e-01,7.571926e-01,7.633877e-01,8.107228e-01,8.590416e-01
4.712500e-03,7.392955e+00,7.248946e+00,1.368080e+00,7.473944e-01,5.623419e-01,4.411792e-01,3.606711e-01,3.023124e-01,2.598346e-01,4.731677e-01,6.571569e-01,7.213448e-01,7.570008e-01,7.634779e-01,8.108692e-01,8.587838e-01
4.715000e-03,7.392583e+00,7.248558e+00,1.366773e+00,7.473951e-01,5.623421e-01,4.411788e-01,3.606708e-01,3.023127e-01,2.598348e-01,4.734181e-01,6.567894e-01,7.209165e-01,7.568285e-01,7.635629e-01,8.110472e-01,8.585565e-01
4.717500e-03,7.392276e+00,7.248175e+00,1.365278e+00,7.473956e-01,5.623426e-01,4.411786e-01,3.606705e-01,3.023128e-01,2.598350e-01,4.736397e-01,6.564094e-01,7.205074e-01,7.566762e-01,7.636278e-01,8.112231e-01,8.583934e-01
4.720000e-03,7.392025e+00,7.247806e+00,1.363637e+00,7.473959e-01,5.623431e-01,4.411785e-01,3.606701e-01,3.023129e-01,2.598352e-01,4.738313e-01,6.560249e-01,7.201200e-01,7.565440e-01,7.636609e-01,8.113632e-01,8.582988e-01
4.722500e-03,7.391847e+00,7.247459e+00,1.362004e+00,7.473958e-01,5.623437e-01,4.411786e-01,3.606698e-01,3.023128e-01,2.598355e-01,4.739904e-01,6.556416e-01,7.197555e-01,7.564308e-01,7.636580e-01,8.114429e-01,8.582516e-01
4.725000e-03,7.391749e+00,7.247131e+00,1.360225e+00,7.473956e-01,5.623442e-01,4.411788e-01,3.606695e-01,3.023126e-01,2.598357e-01,4.741098e-01,6.552627e-01,7.194155e-01,7.563347e-01,7.636231e-01,8.114500e-01,8.582239e-01
4.727500e-03,7.391745e+00,7.246823e+00,1.358343e+00,7.473951e-01,5.623445e-01,4.411791e-01,3.606693e-01,3.023123e-01,2.598358e-01,4.741868e-01,6.548932e-01,7.191035e-01,7.562532e-01,7.635653e-01,8.113859e-01,8.581941e-01
4.730000e-03,7.391830e+00,7.246542e+00,1.356392e+00,7.473945e-01,5.623447e-01,4.411796e-01,3.606693e-01,3.023120e-01,2.598358e-01,4.742221e-01,6.545411e-01,7.188224e-01,7.561829e-01,7.634952e-01,8.112633e-01,8.581538e-01
4.732500e-03,7.391993e+00,7.246293e+00,1.354350e+00,7.473938e-01,5.623447e-01,4.411800e-01,3.606694e-01,3.023117e-01,2.598357e-01,4.742182e-01,6.542063e-01,7.185726e-01,7.561206e-01,7.634222e-01,8.111015e-01,8.581029e-01
4.735000e-03,7.392231e+00,7.246084e+00,1.352310e+00,7.473933e-01,5.623445e-01,4.411804e-01,3.606696e-01,3.023115e-01,2.598355e-01,4.741747e-01,6.538823e-01,7.183529e-01,7.560640e-01,7.633544e-01,8.109210e-01,8.580365e-01
4.737500e-03,7.392548e+00,7.245914e+00,1.350302e+00,7.473928e-01,5.623441e-01,4.411806e-01,3.606699e-01,3.023113e-01,2.598353e-01,4.740895e-01,6.535719e-01,7.181647e-01,7.560120e-01,7.632993e-01,8.107426e-01,8.579485e-01
4.740000e-03,7.392938e+00,7.245787e+00,1.348341e+00,7.473927e-01,5.623436e-01,4.411808e-01,3.606703e-01,3.023113e-01,2.598350e-01,4.739621e-01,6.532919e-01,7.180097e-01,7.559643e-01,7.632652e-01,8.105890e-01,8.578308e-01
4.742500e-03,7.393397e+00,7.245706e+00,1.346484e+00,7.473928e-01,5.623432e-01,4.411807e-01,3.606707e-01,3.023114e-01,2.598348e-01,4.737957e-01,6.530542e-01,7.178870e-01,7.559214e-01,7.632606e-01,8.104858e-01,8.576798e-01
4.745000e-03,7.393921e+00,7.245672e+00,1.344764e+00,7.473931e-01,5.623427e-01,4.411805e-01,3.606710e-01,3.023116e-01,2.598346e-01,4.735924e-01,6.528515e-01,7.177945e-01,7.558847e-01,7.632914e-01,8.104583e-01,8.574960e-01
4.747500e-03,7.394504e+00,7.245686e+00,1.343200e+00,7.473937e-01,5.623424e-01,4.411802e-01,3.606711e-01,3.023119e-01,2.598345e-01,4.733537e-01,6.526691e-01,7.177329e-01,7.558558e-01,7.633582e-01,8.105241e-01,8.572910e-01
4.750000e-03,7.395143e+00,7.245747e+00,1.341807e+00,7.473944e-01,5.623423e-01,4.411798e-01,3.606712e-01,3.023122e-01,2.598345e-01,4.730814e-01,6.525064e-01,7.177028e-01,7.558359e-01,7.634564e-01,8.106853e-01,8.570893e-01
4.752500e-03,7.395831e+00,7.245855e+00,1.340591e+00,7.473951e-01,5.623424e-01,4.411794e-01,3.606711e-01,3.023125e-01,2.598346e-01,4.727774e-01,6.523804e-01,7.176981e-01,7.558256e-01,7.635768e-01,8.109280e-01,8.569219e-01
4.755000e-03,7.396563e+00,7.246010e+00,1.339573e+00,7.473957e-01,5.623426e-01,4.411791e-01,3.606709e-01,3.023127e-01,2.598348e-01,4.724453e-01,6.523000e-01,7.177090e-01,7.558261e-01,7.637075e-01,8.112280e-01,8.568201e-01
4.757500e-03,7.397326e+00,7.246209e+00,1.338761e+00,7.473961e-01,5.623430e-01,4.411789e-01,3.606706e-01,3.023129e-01,2.598351e-01,4.720889e-01,6.522554e-01,7.177297e-01,7.558383e-01,7.638338e-01,8.115566e-01,8.568013e-01
4.760000e-03,7.398109e+00,7.246452e+00,1.338160e+00,7.473962e-01,5.623435e-01,4.411788e-01,3.606703e-01,3.023129e-01,2.598353e-01,4.717125e-01,6.522363e-01,7.177626e-01,7.558624e-01,7.639388e-01,8.118813e-01,8.568672e-01
4.762500e-03,7.398898e+00,7.246732e+00,1.337662e+00,7.473960e-01,5.623441e-01,4.411789e-01,3.606700e-01,3.023128e-01,2.598356e-01,4.713220e-01,6.522424e-01,7.178132e-01,7.558973e-01,7.640079e-01,8.121635e-01,8.570048e-01
4.765000e-03,7.399677e+00,7.247052e+00,1.337343e+00,7.473956e-01,5.623445e-01,4.411792e-01,3.606697e-01,3.023126e-01,2.598358e-01,4.709220e-01,6.522767e-01,7.178821e-01,7.559413e-01,7.640369e-01,8.123639e-01,8.571944e-01
4.767500e-03,7.400456e+00,7.247399e+00,1.337196e+00,7.473950e-01,5.623447e-01,4.411795e-01,3.606696e-01,3.023124e-01,2.598359e-01,4.705119e-01,6.523373e-01,7.179644e-01,7.559914e-01,7.640384e-01,8.124615e-01,8.574122e-01
4.770000e-03,7.401222e+00,7.247771e+00,1.337246e+00,7.473944e-01,5.623447e-01,4.411799e-01,3.606696e-01,3.023121e-01,2.598359e-01,4.700987e-01,6.524187e-01,7.180567e-01,7.560421e-01,7.640395e-01,8.124798e-01,8.576185e-01
4.772500e-03,7.401965e+00,7.248174e+00,1.337622e+00,7.473938e-01,5.623445e-01,4.411802e-01,3.606696e-01,3.023118e-01,2.598358e-01,4.696884e-01,6.525188e-01,7.181590e-01,7.560858e-01,7.640753e-01,8.124892e-01,8.577633e-01
4.775000e-03,7.402683e+00,7.248596e+00,1.338149e+00,7.473933e-01,5.623441e-01,4.411804e-01,3.606698e-01,3.023116e-01,2.598356e-01,4.692811e-01,6.526358e-01,7.182727e-01,7.561177e-01,7.641842e-01,8.125721e-01,8.578073e-01
4.777500e-03,7.403364e+00,7.249036e+00,1.338858e+00,7.473929e-01,5.623437e-01,4.411806e-01,3.606701e-01,3.023114e-01,2.598353e-01,4.688846e-01,6.527642e-01,7.183990e-01,7.561394e-01,7.643988e-01,8.127915e-01,8.577485e-01
4.780000e-03,7.404000e+00,7.249489e+00,1.339698e+00,7.473927e-01,5.623432e-01,4.411806e-01,3.606704e-01,3.023114e-01,2.598350e-01,4.684995e-01,6.528927e-01,7.185376e-01,7.561598e-01,7.647305e-01,8.131879e-01,8.576369e-01
4.782500e-03,7.404610e+00,7.249940e+00,1.340546e+00,7.473927e-01,5.623430e-01,4.411805e-01,3.606708e-01,3.023116e-01,2.598349e-01,4.681149e-01,6.530186e-01,7.186865e-01,7.561923e-01,7.651535e-01,8.137710e-01,8.575451e-01
4.785000e-03,7.405194e+00,7.250391e+00,1.341598e+00,7.473930e-01,5.623426e-01,4.411803e-01,3.606710e-01,3.023118e-01,2.598347e-01,4.677536e-01,6.531478e-01,7.188419e-01,7.562513e-01,7.656020e-01,8.144949e-01,8.575242e-01
4.787500e-03,7.405730e+00,7.250836e+00,1.342701e+00,7.473933e-01,5.623424e-01,4.411800e-01,3.606711e-01,3.023121e-01,2.598346e-01,4.674085e-01,6.532893e-01,7.189983e-01,7.563502e-01,7.659913e-01,8.152509e-01,8.575926e-01
4.790000e-03,7.406239e+00,7.251264e+00,1.343821e+00,7.473939e-01,5.623423e-01,4.411797e-01,3.606711e-01,3.023123e-01,2.598347e-01,4.670783e-01,6.534335e-01,7.191515e-01,7.564976e-01,7.662600e-01,8.158955e-01,8.577602e-01
4.792500e-03,7.406712e+00,7.251677e+00,1.344809e+00,7.473948e-01,5.623423e-01,4.411793e-01,3.606709e-01,3.023126e-01,2.598348e-01,4.667560e-01,6.535724e-01,7.193000e-01,7.566914e-01,7.663986e-01,8.163181e-01,8.580145e-01
4.795000e-03,7.407153e+00,7.252072e+00,1.345765e+00,7.473951e-01,5.623424e-01,4.411791e-01,3.606707e-01,3.023127e-01,2.598350e-01,4.664487e-01,6.537002e-01,7.194462e-01,7.569149e-01,7.664353e-01,8.165154e-01,8.582995e-01
4.797500e-03,7.407563e+00,7.252452e+00,1.346689e+00,7.473957e-01,5.623429e-01,4.411789e-01,3.606705e-01,3.023128e-01,2.598352e-01,4.661593e-01,6.538262e-01,7.195930e-01,7.571414e-01,7.663930e-01,8.165846e-01,8.585215e-01
4.800000e-03,7.407947e+00,7.252815e+00,1.347522e+00,7.473959e-01,5.623435e-01,4.411789e-01,3.606702e-01,3.023128e-01,2.598354e-01,4.658835e-01,6.539534e-01,7.197423e-01,7.573452e-01,7.662616e-01,8.166190e-01,8.585944e-01
4.802500e-03,7.408317e+00,7.253154e+00,1.348237e+00,7.473953e-01,5.623439e-01,4.411789e-01,3.606700e-01,3.023127e-01,2.598356e-01,4.656182e-01,6.540712e-01,7.199007e-01,7.575108e-01,7.660020e-01,8.166167e-01,8.585163e-01
4.805000e-03,7.408674e+00,7.253466e+00,1.348920e+00,7.473950e-01,5.623445e-01,4.411791e-01,3.606698e-01,3.023126e-01,2.598358e-01,4.653683e-01,6.541796e-01,7.200791e-01,7.576342e-01,7.655698e-01,8.164901e-01,8.583804e-01
4.807500e-03,7.409010e+00,7.253756e+00,1.349587e+00,7.473946e-01,5.623447e-01,4.411794e-01,3.606696e-01,3.023124e-01,2.598359e-01,4.651367e-01,6.542784e-01,7.202824e-01,7.577166e-01,7.649383e-01,8.161429e-01,8.582993e-01
4.810000e-03,7.409312e+00,7.254026e+00,1.350201e+00,7.473939e-01,5.623445e-01,4.411798e-01,3.606695e-01,3.023121e-01,2.598359e-01,4.649244e-01,6.543623e-01,7.205062e-01,7.577564e-01,7.641112e-01,8.155317e-01,8.583136e-01
4.812500e-03,7.409588e+00,7.254276e+00,1.350783e+00,7.473935e-01,5.623444e-01,4.411802e-01,3.606696e-01,3.023118e-01,2.598358e-01,4.647307e-01,6.544317e-01,7.207417e-01,7.577443e-01,7.631250e-01,8.146812e-01,8.583791e-01
4.815000e-03,7.409834e+00,7.254511e+00,1.351354e+00,7.473931e-01,5.623441e-01,4.411804e-01,3.606699e-01,3.023116e-01,2.598356e-01,4.645572e-01,6.544921e-01,7.209809e-01,7.576642e-01,7.620420e-01,8.136642e-01,8.584349e-01
4.817500e-03,7.410046e+00,7.254733e+00,1.351914e+00,7.473928e-01,5.623436e-01,4.411804e-01,3.606702e-01,3.023115e-01,2.598354e-01,4.644030e-01,6.545500e-01,7.212160e-01,7.575013e-01,7.609320e-01,8.125727e-01,8.584623e-01
4.820000e-03,7.410226e+00,7.254936e+00,1.352485e+00,7.473926e-01,5.623433e-01,4.411804e-01,3.606706e-01,3.023116e-01,2.598351e-01,4.642694e-01,6.546036e-01,7.214397e-01,7.572493e-01,7.598428e-01,8.114905e-01,8.584974e-01
4.822500e-03,7.410370e+00,7.255121e+00,1.353059e+00,7.473927e-01,5.623429e-01,4.411802e-01,3.606708e-01,3.023117e-01,2.598349e-01,4.641563e-01,6.546534e-01,7.216455e-01,7.569151e-01,7.587768e-01,8.104646e-01,8.585977e-01
4.825000e-03,7.410485e+00,7.255284e+00,1.353623e+00,7.473930e-01,5.623425e-01,4.411799e-01,3.606710e-01,3.023119e-01,2.598347e-01,4.640606e-01,6.547062e-01,7.218265e-01,7.565163e-01,7.577075e-01,8.094754e-01,8.588196e-01
4.827500e-03,7.410572e+00,7.255431e+00,1.354144e+00,7.473937e-01,5.623424e-01,4.411796e-01,3.606710e-01,3.023122e-01,2.598347e-01,4.639799e-01,6.547704e-01,7.219721e-01,7.560735e-01,7.566312e-01,8.084337e-01,8.592098e-01
4.830000e-03,7.410639e+00,7.255562e+00,1.354596e+00,7.473946e-01,5.623424e-01,4.411793e-01,3.606710e-01,3.023124e-01,2.598348e-01,4.639108e-01,6.548485e-01,7.220681e-01,7.556027e-01,7.556023e-01,8.072510e-01,8.597867e-01
4.832500e-03,7.410697e+00,7.255673e+00,1.354996e+00,7.473954e-01,5.623426e-01,4.411790e-01,3.606708e-01,3.023125e-01,2.598349e-01,4.638506e-01,6.549416e-01,7.221023e-01,7.551119e-01,7.547136e-01,8.059372e-01,8.605209e-01
4.835000e-03,7.410749e+00,7.255766e+00,1.355348e+00,7.473959e-01,5.623430e-01,4.411789e-01,3.606706e-01,3.023127e-01,2.598351e-01,4.637995e-01,6.550424e-01,7.220685e-01,7.546042e-01,7.540457e-01,8.046175e-01,8.613051e-01
4.837500e-03,7.410790e+00,7.255843e+00,1.355659e+00,7.473959e-01,5.623435e-01,4.411788e-01,3.606703e-01,3.023127e-01,2.598353e-01,4.637578e-01,6.551393e-01,7.219627e-01,7.540853e-01,7.536303e-01,8.034559e-01,8.619788e-01
4.840000e-03,7.410814e+00,7.255908e+00,1.355949e+00,7.473959e-01,5.623440e-01,4.411789e-01,3.606700e-01,3.023126e-01,2.598354e-01,4.637272e-01,6.552261e-01,7.217817e-01,7.535700e-01,7.534517e-01,8.025668e-01,8.624055e-01
4.842500e-03,7.410812e+00,7.255962e+00,1.356238e+00,7.473957e-01,5.623444e-01,4.411792e-01,3.606698e-01,3.023125e-01,2.598356e-01,4.637099e-01,6.553033e-01,7.215249e-01,7.530805e-01,7.534650e-01,8.019732e-01,8.625354e-01
4.845000e-03,7.410774e+00,7.256006e+00,1.356554e+00,7.473955e-01,5.623446e-01,4.411796e-01,3.606697e-01,3.023123e-01,2.598357e-01,4.637090e-01,6.553739e-01,7.211955e-01,7.526382e-01,7.536124e-01,8.016142e-01,8.624181e-01
4.847500e-03,7.410694e+00,7.256042e+00,1.356920e+00,7.473951e-01,5.623447e-01,4.411799e-01,3.606697e-01,3.023120e-01,2.598358e-01,4.637277e-01,6.554291e-01,7.207973e-01,7.522558e-01,7.538330e-01,8.013894e-01,8.621534e-01
4.850000e-03,7.410564e+00,7.256068e+00,1.357357e+00,7.473947e-01,5.623447e-01,4.411802e-01,3.606698e-01,3.023118e-01,2.598357e-01,4.637688e-01,6.554525e-01,7.203353e-01,7.519359e-01,7.540696e-01,8.012154e-01,8.618155e-01
4.852500e-03,7.410384e+00,7.256084e+00,1.357875e+00,7.473942e-01,5.623446e-01,4.411805e-01,3.606700e-01,3.023116e-01,2.598355e-01,4.638337e-01,6.554315e-01,7.198174e-01,7.516727e-01,7.542767e-01,8.010561e-01,8.614144e-01
4.855000e-03,7.410160e+00,7.256086e+00,1.358471e+00,7.473937e-01,5.623443e-01,4.411807e-01,3.606703e-01,3.023116e-01,2.598353e-01,4.639227e-01,6.553586e-01,7.192545e-01,7.514546e-01,7.544322e-01,8.008968e-01,8.608948e-01
4.857500e-03,7.409896e+00,7.256072e+00,1.359135e+00,7.473934e-01,5.623439e-01,4.411808e-01,3.606705e-01,3.023116e-01,2.598351e-01,4.640346e-01,6.552290e-01,7.186594e-01,7.512658e-01,7.545457e-01,8.007017e-01,8.602097e-01
4.860000e-03,7.409603e+00,7.256041e+00,1.359844e+00,7.473933e-01,5.623436e-01,4.411808e-01,3.606708e-01,3.023118e-01,2.598349e-01,4.641672e-01,6.550376e-01,7.180476e-01,7.510884e-01,7.546480e-01,8.004257e-01,8.593813e-01
4.862500e-03,7.409291e+00,7.255989e+00,1.360573e+00,7.473935e-01,5.623432e-01,4.411806e-01,3.606711e-01,3.023119e-01,2.598348e-01,4.643173e-01,6.547809e-01,7.174365e-01,7.509085e-01,7.547752e-01,8.000594e-01,8.584856e-01
4.865000e-03,7.408973e+00,7.255917e+00,1.361288e+00,7.473940e-01,5.623428e-01,4.411804e-01,3.606712e-01,3.023121e-01,2.598348e-01,4.644805e-01,6.544585e-01,7.168438e-01,7.507216e-01,7.549567e-01,7.996444e-01,8.575526e-01
4.867500e-03,7.408663e+00,7.255823e+00,1.361954e+00,7.473946e-01,5.623427e-01,4.411801e-01,3.606713e-01,3.023123e-01,2.598349e-01,4.646511e-01,6.540724e-01,7.162837e-01,7.505334e-01,7.552076e-01,7.992567e-01,8.565716e-01
4.870000e-03,7.408380e+00,7.255709e+00,1.362529e+00,7.473951e-01,5.623427e-01,4.411797e-01,3.606712e-01,3.023126e-01,2.598350e-01,4.648222e-01,6.536260e-01,7.157640e-01,7.503574e-01,7.555226e-01,7.989759e-01,8.555079e-01
4.872500e-03,7.408142e+00,7.255576e+00,1.362963e+00,7.473956e-01,5.623429e-01,4.411794e-01,3.606710e-01,3.023128e-01,2.598351e-01,4.649848e-01,6.531248e-01,7.152858e-01,7.502095e-01,7.558815e-01,7.988437e-01,8.543614e-01
4.875000e-03,7.407971e+00,7.255429e+00,1.363208e+00,7.473958e-01,5.623432e-01,4.411792e-01,3.606708e-01,3.023129e-01,2.598353e-01,4.651291e-01,6.525775e-01,7.148451e-01,7.501053e-01,7.562627e-01,7.988440e-01,8.531648e-01
4.877500e-03,7.407884e+00,7.255271e+00,1.363214e+00,7.473958e-01,5.623436e-01,4.411791e-01,3.606705e-01,3.023129e-01,2.598355e-01,4.652448e-01,6.519948e-01,7.144365e-01,7.500571e-01,7.566514e-01,7.989316e-01,8.519874e-01
4.880000e-03,7.407903e+00,7.255105e+00,1.362950e+00,7.473956e-01,5.623440e-01,4.411792e-01,3.606702e-01,3.023129e-01,2.598357e-01,4.653217e-01,6.513900e-01,7.140567e-01,7.500725e-01,7.570371e-01,7.990679e-01,8.509247e-01
4.882500e-03,7.408042e+00,7.254938e+00,1.362400e+00,7.473953e-01,5.623443e-01,4.411794e-01,3.606700e-01,3.023127e-01,2.598359e-01,4.653511e-01,6.507772e-01,7.137053e-01,7.501546e-01,7.574119e-01,7.992273e-01,8.499978e-01
4.885000e-03,7.408309e+00,7.254784e+00,1.361543e+00,7.473947e-01,5.623445e-01,4.411797e-01,3.606698e-01,3.023125e-01,2.598360e-01,4.653250e-01,6.501699e-01,7.133853e-01,7.503033e-01,7.577764e-01,7.993967e-01,8.491958e-01
4.887500e-03,7.408713e+00,7.254651e+00,1.360359e+00,7.473942e-01,5.623445e-01,4.411800e-01,3.606698e-01,3.023122e-01,2.598360e-01,4.652355e-01,6.495810e-01,7.131023e-01,7.505142e-01,7.581458e-01,7.995852e-01,8.484823e-01
4.890000e-03,7.409262e+00,7.254549e+00,1.358846e+00,7.473937e-01,5.623443e-01,4.411803e-01,3.606698e-01,3.023120e-01,2.598359e-01,4.650749e-01,6.490214e-01,7.128625e-01,7.507791e-01,7.585515e-01,7.998277e-01,8.478528e-01
4.892500e-03,7.409962e+00,7.254485e+00,1.357023e+00,7.473932e-01,5.623440e-01,4.411806e-01,3.606700e-01,3.023118e-01,2.598357e-01,4.648379e-01,6.484986e-01,7.126723e-01,7.510865e-01,7.590331e-01,8.001646e-01,8.473077e-01
4.895000e-03,7.410810e+00,7.254467e+00,1.354934e+00,7.473929e-01,5.623437e-01,4.411807e-01,3.606703e-01,3.023117e-01,2.598355e-01,4.645225e-01,6.480209e-01,7.125376e-01,7.514248e-01,7.596247e-01,8.006177e-01,8.468518e-01
4.897500e-03,7.411795e+00,7.254505e+00,1.352635e+00,7.473928e-01,5.623433e-01,4.411807e-01,3.606706e-01,3.023117e-01,2.598353e-01,4.641299e-01,6.475893e-01,7.124630e-01,7.517866e-01,7.603403e-01,8.011853e-01,8.464817e-01
4.900000e-03,7.412900e+00,7.254605e+00,1.350184e+00,7.473930e-01,5.623429e-01,4.411805e-01,3.606708e-01,3.023118e-01,2.598351e-01,4.636639e-01,6.471978e-01,7.124515e-01,7.521716e-01,7.611691e-01,8.018537e-01,8.461942e-01
4.902500e-03,7.414100e+00,7.254775e+00,1.347647e+00,7.473935e-01,5.623426e-01,4.411803e-01,3.606710e-01,3.023119e-01,2.598350e-01,4.631305e-01,6.468436e-01,7.125039e-01,7.525866e-01,7.620816e-01,8.026058e-01,8.459729e-01
4.905000e-03,7.415377e+00,7.255005e+00,1.345097e+00,7.473940e-01,5.623424e-01,4.411801e-01,3.606710e-01,3.023121e-01,2.598349e-01,4.625366e-01,6.465329e-01,7.126174e-01,7.530411e-01,7.630404e-01,8.034235e-01,8.457825e-01
4.907500e-03,7.416704e+00,7.255310e+00,1.342564e+00,7.473947e-01,5.623424e-01,4.411798e-01,3.606710e-01,3.023124e-01,2.598349e-01,4.618898e-01,6.462761e-01,7.127877e-01,7.535438e-01,7.640063e-01,8.042928e-01,8.455884e-01
4.910000e-03,7.418061e+00,7.255685e+00,1.340039e+00,7.473953e-01,5.623426e-01,4.411795e-01,3.606709e-01,3.023125e-01,2.598350e-01,4.611945e-01,6.460736e-01,7.130090e-01,7.540991e-01,7.649418e-01,8.052058e-01,8.453510e-01
4.912500e-03,7.419434e+00,7.256125e+00,1.337564e+00,7.473957e-01,5.623429e-01,4.411792e-01,3.606707e-01,3.023126e-01,2.598351e-01,4.604576e-01,6.459265e-01,7.132765e-01,7.547044e-01,7.658158e-01,8.061626e-01,8.450535e-01
4.915000e-03,7.420797e+00,7.256629e+00,1.335200e+00,7.473960e-01,5.623433e-01,4.411791e-01,3.606705e-01,3.023127e-01,2.598353e-01,4.596856e-01,6.458403e-01,7.135883e-01,7.553501e-01,7.666052e-01,8.071692e-01,8.446943e-01
4.917500e-03,7.422156e+00,7.257185e+00,1.332970e+00,7.473960e-01,5.623438e-01,4.411792e-01,3.606702e-01,3.023127e-01,2.598355e-01,4.588789e-01,6.458134e-01,7.139443e-01,7.560213e-01,7.672919e-01,8.082251e-01,8.442945e-01
4.920000e-03,7.423507e+00,7.257793e+00,1.330676e+00,7.473959e-01,5.623442e-01,4.411793e-01,3.606700e-01,3.023126e-01,2.598356e-01,4.580368e-01,6.458431e-01,7.143439e-01,7.567008e-01,7.678584e-01,8.093045e-01,8.439133e-01
4.922500e-03,7.424859e+00,7.258433e+00,1.328455e+00,7.473956e-01,5.623445e-01,4.411795e-01,3.606698e-01,3.023124e-01,2.598357e-01,4.571752e-01,6.459271e-01,7.147881e-01,7.573720e-01,7.682905e-01,8.103537e-01,8.436230e-01
4.925000e-03,7.426205e+00,7.259098e+00,1.326156e+00,7.473952e-01,5.623447e-01,4.411798e-01,3.606697e-01,3.023122e-01,2.598357e-01,4.563062e-01,6.460885e-01,7.152812e-01,7.580195e-01,7.685816e-01,8.113154e-01,8.434787e-01
4.927500e-03,7.427501e+00,7.259788e+00,1.323877e+00,7.473947e-01,5.623447e-01,4.411801e-01,3.606698e-01,3.023120e-01,2.598357e-01,4.554350e-01,6.463138e-01,7.158271e-01,7.586304e-01,7.687358e-01,8.121562e-01,8.435012e-01
4.930000e-03,7.428799e+00,7.260506e+00,1.321504e+00,7.473941e-01,5.623447e-01,4.411804e-01,3.606699e-01,3.023119e-01,2.598356e-01,4.545581e-01,6.465905e-01,7.164244e-01,7.591938e-01,7.687655e-01,8.128699e-01,8.436743e-01
4.932500e-03,7.430009e+00,7.261241e+00,1.319024e+00,7.473937e-01,5.623445e-01,4.411807e-01,3.606701e-01,3.023117e-01,2.598354e-01,4.536852e-01,6.469181e-01,7.170683e-01,7.597009e-01,7.686862e-01,8.134623e-01,8.439675e-01
4.935000e-03,7.431154e+00,7.261986e+00,1.316504e+00,7.473933e-01,5.623442e-01,4.411808e-01,3.606704e-01,3.023117e-01,2.598353e-01,4.528252e-01,6.472881e-01,7.177516e-01,7.601453e-01,7.685133e-01,8.139368e-01,8.443688e-01
4.937500e-03,7.432197e+00,7.262748e+00,1.313895e+00,7.473933e-01,5.623438e-01,4.411809e-01,3.606706e-01,3.023117e-01,2.598351e-01,4.519831e-01,6.477159e-01,7.184620e-01,7.605237e-01,7.682600e-01,8.142881e-01,8.448808e-01
4.940000e-03,7.433144e+00,7.263516e+00,1.311162e+00,7.473934e-01,5.623434e-01,4.411808e-01,3.606709e-01,3.023119e-01,2.598350e-01,4.511611e-01,6.481809e-01,7.191848e-01,7.608359e-01,7.679417e-01,8.145019e-01,8.454777e-01
4.942500e-03,7.434015e+00,7.264276e+00,1.308221e+00,7.473939e-01,5.623430e-01,4.411806e-01,3.606710e-01,3.023120e-01,2.598349e-01,4.503633e-01,6.486757e-01,7.199091e-01,7.610834e-01,7.675770e-01,8.145665e-01,8.461455e-01
4.945000e-03,7.434784e+00,7.265013e+00,1.305230e+00,7.473944e-01,5.623428e-01,4.411804e-01,3.606711e-01,3.023122e-01,2.598348e-01,4.495905e-01,6.491964e-01,7.206263e-01,7.612697e-01,7.671850e-01,8.144822e-01,8.468589e-01
4.947500e-03,7.435493e+00,7.265710e+00,1.302490e+00,7.473949e-01,5.623427e-01,4.411801e-01,3.606711e-01,3.023125e-01,2.598349e-01,4.488647e-01,6.497444e-01,7.213236e-01,7.614005e-01,7.667811e-01,8.142555e-01,8.475734e-01
4.950000e-03,7.436080e+00,7.266387e+00,1.300045e+00,7.473954e-01,5.623429e-01,4.411798e-01,3.606710e-01,3.023127e-01,2.598350e-01,4.482101e-01,6.503229e-01,7.219898e-01,7.614839e-01,7.663766e-01,8.138913e-01,8.482661e-01
4.952500e-03,7.436551e+00,7.267032e+00,1.297939e+00,7.473955e-01,5.623432e-01,4.411795e-01,3.606708e-01,3.023128e-01,2.598351e-01,4.476139e-01,6.509253e-01,7.226203e-01,7.615294e-01,7.659831e-01,8.133913e-01,8.489148e-01
4.955000e-03,7.436906e+00,7.267651e+00,1.296057e+00,7.473955e-01,5.623435e-01,4.411794e-01,3.606706e-01,3.023128e-01,2.598353e-01,4.470895e-01,6.515391e-01,7.232101e-01,7.615457e-01,7.656184e-01,8.127687e-01,8.494766e-01
4.957500e-03,7.437146e+00,7.268226e+00,1.294439e+00,7.473953e-01,5.623439e-01,4.411794e-01,3.606704e-01,3.023128e-01,2.598355e-01,4.466346e-01,6.521880e-01,7.237487e-01,7.615392e-01,7.653077e-01,8.120608e-01,8.499197e-01
4.960000e-03,7.437255e+00,7.268764e+00,1.293060e+00,7.473949e-01,5.623441e-01,4.411795e-01,3.606701e-01,3.023127e-01,2.598357e-01,4.462520e-01,6.528947e-01,7.242264e-01,7.615135e-01,7.650785e-01,8.113267e-01,8.502123e-01
4.962500e-03,7.437262e+00,7.269246e+00,1.292081e+00,7.473946e-01,5.623442e-01,4.411798e-01,3.606699e-01,3.023126e-01,2.598358e-01,4.459472e-01,6.536005e-01,7.246376e-01,7.614704e-01,7.649542e-01,8.106331e-01,8.503089e-01
4.965000e-03,7.437176e+00,7.269678e+00,1.291518e+00,7.473943e-01,5.623441e-01,4.411801e-01,3.606698e-01,3.023124e-01,2.598358e-01,4.457328e-01,6.542525e-01,7.249794e-01,7.614119e-01,7.649467e-01,8.100411e-01,8.502344e-01
4.967500e-03,7.436939e+00,7.270053e+00,1.291428e+00,7.473938e-01,5.623440e-01,4.411803e-01,3.606699e-01,3.023122e-01,2.598358e-01,4.456169e-01,6.548349e-01,7.252545e-01,7.613437e-01,7.650507e-01,8.095950e-01,8.500024e-01
4.970000e-03,7.436554e+00,7.270365e+00,1.291843e+00,7.473934e-01,5.623438e-01,4.411804e-01,3.606700e-01,3.023120e-01,2.598357e-01,4.456003e-01,6.553852e-01,7.254645e-01,7.612761e-01,7.652444e-01,8.093093e-01,8.496591e-01
4.972500e-03,7.436015e+00,7.270605e+00,1.292789e+00,7.473931e-01,5.623436e-01,4.411805e-01,3.606702e-01,3.023118e-01,2.598355e-01,4.456853e-01,6.559196e-01,7.256078e-01,7.612214e-01,7.654957e-01,8.091675e-01,8.492544e-01
4.975000e-03,7.435339e+00,7.270766e+00,1.294327e+00,7.473929e-01,5.623433e-01,4.411804e-01,3.606704e-01,3.023118e-01,2.598354e-01,4.458748e-01,6.564100e-01,7.256883e-01,7.611901e-01,7.657716e-01,8.091346e-01,8.488493e-01
4.977500e-03,7.434537e+00,7.270840e+00,1.296407e+00,7.473929e-01,5.623430e-01,4.411803e-01,3.606706e-01,3.023119e-01,2.598352e-01,4.461665e-01,6.568331e-01,7.257199e-01,7.611862e-01,7.660441e-01,8.091769e-01,8.484718e-01
4.980000e-03,7.433625e+00,7.270823e+00,1.299018e+00,7.473931e-01,5.623427e-01,4.411802e-01,3.606707e-01,3.023120e-01,2.598350e-01,4.465583e-01,6.571802e-01,7.257227e-01,7.612058e-01,7.662901e-01,8.092760e-01,8.481472e-01
4.982500e-03,7.432616e+00,7.270709e+00,1.302142e+00,7.473936e-01,5.623424e-01,4.411800e-01,3.606707e-01,3.023122e-01,2.598350e-01,4.470472e-01,6.574508e-01,7.257038e-01,7.612401e-01,7.664889e-01,8.094178e-01,8.478853e-01
4.985000e-03,7.431525e+00,7.270498e+00,1.305729e+00,7.473942e-01,5.623423e-01,4.411797e-01,3.606707e-01,3.023124e-01,2.598349e-01,4.476288e-01,6.576479e-01,7.256506e-01,7.612790e-01,7.666222e-01,8.095771e-01,8.476831e-01
4.987500e-03,7.430367e+00,7.270189e+00,1.309790e+00,7.473947e-01,5.623423e-01,4.411795e-01,3.606706e-01,3.023125e-01,2.598350e-01,4.482977e-01,6.577775e-01,7.255521e-01,7.613121e-01,7.666775e-01,8.097192e-01,8.475635e-01
4.990000e-03,7.429157e+00,7.269785e+00,1.314207e+00,7.473951e-01,5.623425e-01,4.411792e-01,3.606704e-01,3.023126e-01,2.598351e-01,4.490429e-01,6.578447e-01,7.254153e-01,7.613272e-01,7.666480e-01,8.098197e-01,8.475559e-01
4.992500e-03,7.427912e+00,7.269290e+00,1.318923e+00,7.473952e-01,5.623428e-01,4.411791e-01,3.606702e-01,3.023126e-01,2.598353e-01,4.498564e-01,6.578515e-01,7.252580e-01,7.613130e-01,7.665311e-01,8.098691e-01,8.476685e-01
4.995000e-03,7.426645e+00,7.268711e+00,1.323898e+00,7.473952e-01,5.623432e-01,4.411790e-01,3.606700e-01,3.023126e-01,2.598354e-01,4.507281e-01,6.577983e-01,7.250983e-01,7.612642e-01,7.663286e-01,8.098617e-01,8.478889e-01
4.997500e-03,7.425377e+00,7.268058e+00,1.328973e+00,7.473950e-01,5.623436e-01,4.411791e-01,3.606698e-01,3.023125e-01,2.598356e-01,4.516461e-01,6.576971e-01,7.249477e-01,7.611829e-01,7.660519e-01,8.097887e-01,8.482056e-01
5.000000e-03,7.424100e+00,7.267344e+00,1.334076e+00,7.473947e-01,5.623438e-01,4.411793e-01,3.606696e-01,3.023123e-01,2.598356e-01,4.525997e-01,6.575525e-01,7.248068e-01,7.610723e-01,7.657267e-01,8.096513e-01,8.486039e-01
5.002500e-03,7.422870e+00,7.266590e+00,1.339198e+00,7.473943e-01,5.623438e-01,4.411795e-01,3.606695e-01,3.023121e-01,2.598356e-01,4.535866e-01,6.573555e-01,7.246672e-01,7.609314e-01,7.653890e-01,8.094766e-01,8.490708e-01
5.005000e-03,7.421602e+00,7.265822e+00,1.344219e+00,7.473937e-01,5.623438e-01,4.411798e-01,3.606695e-01,3.023120e-01,2.598356e-01,4.546029e-01,6.571283e-01,7.245193e-01,7.607553e-01,7.650724e-01,8.093109e-01,8.495913e-01
5.007500e-03,7.420318e+00,7.265042e+00,1.349231e+00,7.473932e-01,5.623437e-01,4.411800e-01,3.606696e-01,3.023118e-01,2.598355e-01,4.556268e-01,6.568869e-01,7.243594e-01,7.605421e-01,7.647909e-01,8.091925e-01,8.501757e-01
5.010000e-03,7.419037e+00,7.264259e+00,1.353934e+00,7.473928e-01,5.623435e-01,4.411802e-01,3.606698e-01,3.023116e-01,2.598353e-01,4.566459e-01,6.566377e-01,7.241902e-01,7.602969e-01,7.645293e-01,8.091199e-01,8.508216e-01
5.012500e-03,7.417769e+00,7.263483e+00,1.358003e+00,7.473924e-01,5.623432e-01,4.411802e-01,3.606701e-01,3.023116e-01,2.598352e-01,4.576279e-01,6.563876e-01,7.240142e-01,7.600312e-01,7.642503e-01,8.090391e-01,8.515462e-01
5.015000e-03,7.416536e+00,7.262703e+00,1.361379e+00,7.473922e-01,5.623428e-01,4.411802e-01,3.606703e-01,3.023116e-01,2.598351e-01,4.585510e-01,6.561481e-01,7.238303e-01,7.597581e-01,7.639167e-01,8.088655e-01,8.523510e-01
5.017500e-03,7.415427e+00,7.261921e+00,1.364098e+00,7.473923e-01,5.623425e-01,4.411802e-01,3.606705e-01,3.023118e-01,2.598349e-01,4.594100e-01,6.559236e-01,7.236374e-01,7.594866e-01,7.635155e-01,8.085312e-01,8.531868e-01
5.020000e-03,7.414369e+00,7.261165e+00,1.366522e+00,7.473927e-01,5.623422e-01,4.411800e-01,3.606707e-01,3.023119e-01,2.598349e-01,4.602358e-01,6.557136e-01,7.234325e-01,7.592182e-01,7.630688e-01,8.080146e-01,8.539624e-01
5.022500e-03,7.413352e+00,7.260440e+00,1.368655e+00,7.473932e-01,5.623419e-01,4.411797e-01,3.606707e-01,3.023121e-01,2.598348e-01,4.610223e-01,6.555203e-01,7.232078e-01,7.589461e-01,7.626222e-01,8.073431e-01,8.545933e-01
5.025000e-03,7.412371e+00,7.259751e+00,1.370440e+00,7.473937e-01,5.623418e-01,4.411795e-01,3.606707e-01,3.023123e-01,2.598349e-01,4.617668e-01,6.553340e-01,7.229574e-01,7.586600e-01,7.622212e-01,8.065856e-01,8.550195e-01
5.027500e-03,7.411440e+00,7.259101e+00,1.371692e+00,7.473942e-01,5.623420e-01,4.411791e-01,3.606706e-01,3.023125e-01,2.598350e-01,4.624472e-01,6.551492e-01,7.226816e-01,7.583510e-01,7.618887e-01,8.058383e-01,8.552006e-01
5.030000e-03,7.410561e+00,7.258487e+00,1.372480e+00,7.473945e-01,5.623422e-01,4.411788e-01,3.606704e-01,3.023126e-01,2.598351e-01,4.630700e-01,6.549724e-01,7.223876e-01,7.580168e-01,7.616076e-01,8.051969e-01,8.551336e-01
5.032500e-03,7.409761e+00,7.257906e+00,1.372863e+00,7.473947e-01,5.623425e-01,4.411787e-01,3.606702e-01,3.023126e-01,2.598353e-01,4.636348e-01,6.548465e-01,7.220901e-01,7.576630e-01,7.613193e-01,8.047063e-01,8.548513e-01
5.035000e-03,7.409010e+00,7.257371e+00,1.372760e+00,7.473947e-01,5.623429e-01,4.411787e-01,3.606699e-01,3.023126e-01,2.598355e-01,4.641559e-01,6.547856e-01,7.217936e-01,7.572990e-01,7.609507e-01,8.043196e-01,8.544257e-01
5.037500e-03,7.408273e+00,7.256878e+00,1.372533e+00,7.473945e-01,5.623432e-01,4.411788e-01,3.606696e-01,3.023125e-01,2.598356e-01,4.646425e-01,6.547182e-01,7.214866e-01,7.569318e-01,7.604568e-01,8.039351e-01,8.539504e-01
5.040000e-03,7.407562e+00,7.256421e+00,1.372279e+00,7.473943e-01,5.623435e-01,4.411789e-01,3.606695e-01,3.023124e-01,2.598357e-01,4.651036e-01,6.546220e-01,7.211599e-01,7.565597e-01,7.598440e-01,8.034995e-01,8.535243e-01
5.042500e-03,7.406872e+00,7.255993e+00,1.371913e+00,7.473939e-01,5.623436e-01,4.411792e-01,3.606694e-01,3.023121e-01,2.598357e-01,4.655205e-01,6.545312e-01,7.208097e-01,7.561710e-01,7.591583e-01,8.030687e-01,8.531894e-01
5.045000e-03,7.406243e+00,7.255585e+00,1.371628e+00,7.473935e-01,5.623436e-01,4.411794e-01,3.606695e-01,3.023119e-01,2.598357e-01,4.659086e-01,6.544889e-01,7.204308e-01,7.557462e-01,7.584569e-01,8.027651e-01,8.529344e-01
5.047500e-03,7.405623e+00,7.255198e+00,1.371343e+00,7.473930e-01,5.623436e-01,4.411796e-01,3.606696e-01,3.023117e-01,2.598355e-01,4.662800e-01,6.544917e-01,7.200264e-01,7.552675e-01,7.577846e-01,8.026879e-01,8.527867e-01
5.050000e-03,7.405035e+00,7.254818e+00,1.371091e+00,7.473927e-01,5.623434e-01,4.411798e-01,3.606699e-01,3.023116e-01,2.598353e-01,4.666335e-01,6.544639e-01,7.196138e-01,7.547280e-01,7.571638e-01,8.028573e-01,8.528536e-01
5.052500e-03,7.404481e+00,7.254463e+00,1.370869e+00,7.473925e-01,5.623431e-01,4.411799e-01,3.606701e-01,3.023116e-01,2.598351e-01,4.669686e-01,6.543846e-01,7.192146e-01,7.541343e-01,7.565989e-01,8.032099e-01,8.532814e-01
5.055000e-03,7.403935e+00,7.254138e+00,1.370665e+00,7.473926e-01,5.623428e-01,4.411799e-01,3.606703e-01,3.023116e-01,2.598349e-01,4.672935e-01,6.542818e-01,7.188365e-01,7.535026e-01,7.560846e-01,8.036339e-01,8.541551e-01
5.057500e-03,7.403403e+00,7.253832e+00,1.370353e+00,7.473929e-01,5.623427e-01,4.411798e-01,3.606704e-01,3.023118e-01,2.598348e-01,4.676010e-01,6.541973e-01,7.184667e-01,7.528528e-01,7.556098e-01,8.040160e-01,8.554646e-01
5.060000e-03,7.402917e+00,7.253535e+00,1.369920e+00,7.473933e-01,5.623425e-01,4.411796e-01,3.606706e-01,3.023119e-01,2.598348e-01,4.678835e-01,6.541417e-01,7.180837e-01,7.522036e-01,7.551595e-01,8.042572e-01,8.570960e-01
5.062500e-03,7.402502e+00,7.253245e+00,1.369396e+00,7.473939e-01,5.623425e-01,4.411795e-01,3.606706e-01,3.023121e-01,2.598348e-01,4.681387e-01,6.540845e-01,7.176751e-01,7.515687e-01,7.547279e-01,8.042684e-01,8.588710e-01
5.065000e-03,7.402157e+00,7.252961e+00,1.368784e+00,7.473944e-01,5.623426e-01,4.411794e-01,3.606706e-01,3.023122e-01,2.598349e-01,4.683669e-01,6.539956e-01,7.172445e-01,7.509566e-01,7.543369e-01,8.039973e-01,8.605958e-01
5.067500e-03,7.401875e+00,7.252689e+00,1.368095e+00,7.473949e-01,5.623428e-01,4.411792e-01,3.606705e-01,3.023124e-01,2.598350e-01,4.685690e-01,6.538748e-01,7.167994e-01,7.503748e-01,7.540346e-01,8.034788e-01,8.620814e-01
5.070000e-03,7.401648e+00,7.252430e+00,1.367345e+00,7.473951e-01,5.623431e-01,4.411792e-01,3.606704e-01,3.023125e-01,2.598351e-01,4.687456e-01,6.537302e-01,7.163373e-01,7.498331e-01,7.538693e-01,8.028377e-01,8.631521e-01
5.072500e-03,7.401477e+00,7.252187e+00,1.366531e+00,7.473952e-01,5.623433e-01,4.411792e-01,3.606703e-01,3.023125e-01,2.598353e-01,4.688946e-01,6.535708e-01,7.158515e-01,7.493416e-01,7.538633e-01,8.022126e-01,8.636851e-01
5.075000e-03,7.401362e+00,7.251961e+00,1.365673e+00,7.473952e-01,5.623436e-01,4.411792e-01,3.606702e-01,3.023125e-01,2.598354e-01,4.690156e-01,6.534093e-01,7.153441e-01,7.489072e-01,7.540099e-01,8.016821e-01,8.636558e-01
5.077500e-03,7.401298e+00,7.251757e+00,1.364766e+00,7.473951e-01,5.623438e-01,4.411794e-01,3.606700e-01,3.023124e-01,2.598355e-01,4.691088e-01,6.532410e-01,7.148290e-01,7.485362e-01,7.542899e-01,8.012715e-01,8.631372e-01
5.080000e-03,7.401290e+00,7.251579e+00,1.363787e+00,7.473949e-01,5.623439e-01,4.411795e-01,3.606700e-01,3.023123e-01,2.598356e-01,4.691704e-01,6.530513e-01,7.143257e-01,7.482396e-01,7.546821e-01,8.010017e-01,8.622421e-01
5.082500e-03,7.401344e+00,7.251423e+00,1.362736e+00,7.473946e-01,5.623439e-01,4.411797e-01,3.606700e-01,3.023122e-01,2.598356e-01,4.691974e-01,6.528302e-01,7.138518e-01,7.480331e-01,7.551614e-01,8.009050e-01,8.610496e-01
5.085000e-03,7.401464e+00,7.251292e+00,1.361635e+00,7.473943e-01,5.623439e-01,4.411798e-01,3.606701e-01,3.023120e-01,2.598355e-01,4.691903e-01,6.525735e-01,7.134148e-01,7.479281e-01,7.556971e-01,8.009991e-01,8.596129e-01
5.087500e-03,7.401645e+00,7.251187e+00,1.360496e+00,7.473940e-01,5.623439e-01,4.411799e-01,3.606702e-01,3.023120e-01,2.598355e-01,4.691498e-01,6.522813e-01,7.130095e-01,7.479235e-01,7.562608e-01,8.012594e-01,8.580169e-01
5.090000e-03,7.401890e+00,7.251110e+00,1.359318e+00,7.473937e-01,5.623438e-01,4.411800e-01,3.606703e-01,3.023119e-01,2.598354e-01,4.690741e-01,6.519562e-01,7.126281e-01,7.480073e-01,7.568367e-01,8.016232e-01,8.563859e-01
5.092500e-03,7.402202e+00,7.251060e+00,1.358116e+00,7.473935e-01,5.623436e-01,4.411801e-01,3.606704e-01,3.023119e-01,2.598353e-01,4.689625e-01,6.515997e-01,7.122738e-01,7.481643e-01,7.574201e-01,8.020255e-01,8.548312e-01
5.095000e-03,7.402585e+00,7.251038e+00,1.356910e+00,7.473936e-01,5.623433e-01,4.411801e-01,3.606705e-01,3.023119e-01,2.598352e-01,4.688151e-01,6.512138e-01,7.119616e-01,7.483852e-01,7.580106e-01,8.024288e-01,8.534184e-01
5.097500e-03,7.403038e+00,7.251045e+00,1.355711e+00,7.473938e-01,5.623431e-01,4.411801e-01,3.606706e-01,3.023120e-01,2.598351e-01,4.686323e-01,6.508064e-01,7.117100e-01,7.486679e-01,7.586059e-01,8.028269e-01,8.521296e-01
5.100000e-03,7.403566e+00,7.251082e+00,1.354519e+00,7.473942e-01,5.623430e-01,4.411799e-01,3.606707e-01,3.023121e-01,2.598351e-01,4.684130e-01,6.503861e-01,7.115320e-01,7.490136e-01,7.591999e-01,8.032317e-01,8.509246e-01
5.102500e-03,7.404174e+00,7.251148e+00,1.353328e+00,7.473946e-01,5.623430e-01,4.411798e-01,3.606708e-01,3.023122e-01,2.598350e-01,4.681550e-01,6.499597e-01,7.114323e-01,7.494220e-01,7.597851e-01,8.036597e-01,8.497726e-01
5.105000e-03,7.404871e+00,7.251245e+00,1.352124e+00,7.473949e-01,5.623430e-01,4.411796e-01,3.606708e-01,3.023123e-01,2.598350e-01,4.678548e-01,6.495324e-01,7.114107e-01,7.498893e-01,7.603549e-01,8.041223e-01,8.486909e-01
5.107500e-03,7.405664e+00,7.251374e+00,1.350883e+00,7.473953e-01,5.623432e-01,4.411795e-01,3.606707e-01,3.023124e-01,2.598351e-01,4.675086e-01,6.491110e-01,7.114636e-01,7.504102e-01,7.609054e-01,8.046179e-01,8.477129e-01
5.110000e-03,7.406554e+00,7.251537e+00,1.349563e+00,7.473955e-01,5.623435e-01,4.411794e-01,3.606705e-01,3.023125e-01,2.598352e-01,4.671117e-01,6.487046e-01,7.115871e-01,7.509797e-01,7.614352e-01,8.051305e-01,8.468816e-01
5.112500e-03,7.407543e+00,7.251738e+00,1.348170e+00,7.473957e-01,5.623439e-01,4.411795e-01,3.606704e-01,3.023126e-01,2.598353e-01,4.666639e-01,6.483224e-01,7.117800e-01,7.515924e-01,7.619405e-01,8.056447e-01,8.462279e-01
5.115000e-03,7.408625e+00,7.251980e+00,1.346684e+00,7.473957e-01,5.623441e-01,4.411796e-01,3.606702e-01,3.023125e-01,2.598354e-01,4.661630e-01,6.479735e-01,7.120435e-01,7.522419e-01,7.624134e-01,8.061559e-01,8.457588e-01
5.117500e-03,7.409792e+00,7.252270e+00,1.345096e+00,7.473956e-01,5.623443e-01,4.411798e-01,3.606701e-01,3.023124e-01,2.598355e-01,4.656089e-01,6.476662e-01,7.123791e-01,7.529201e-01,7.628484e-01,8.066638e-01,8.454611e-01
5.120000e-03,7.411054e+00,7.252601e+00,1.343399e+00,7.473953e-01,5.623444e-01,4.411800e-01,3.606701e-01,3.023123e-01,2.598356e-01,4.649963e-01,6.474088e-01,7.127858e-01,7.536181e-01,7.632511e-01,8.071645e-01,8.453314e-01
5.122500e-03,7.412400e+00,7.252978e+00,1.341631e+00,7.473948e-01,5.623445e-01,4.411803e-01,3.606701e-01,3.023121e-01,2.598356e-01,4.643310e-01,6.472096e-01,7.132601e-01,7.543271e-01,7.636396e-01,8.076491e-01,8.453554e-01
5.125000e-03,7.413813e+00,7.253401e+00,1.339845e+00,7.473950e-01,5.623445e-01,4.411805e-01,3.606702e-01,3.023120e-01,2.598355e-01,4.636189e-01,6.470769e-01,7.137970e-01,7.550386e-01,7.640357e-01,8.081074e-01,8.455221e-01
5.127500e-03,7.415269e+00,7.253874e+00,1.338043e+00,7.473946e-01,5.623443e-01,4.411806e-01,3.606704e-01,3.023119e-01,2.598354e-01,4.628646e-01,6.470134e-01,7.143908e-01,7.557448e-01,7.644582e-01,8.085270e-01,8.458123e-01
5.130000e-03,7.416746e+00,7.254417e+00,1.336217e+00,7.473943e-01,5.623440e-01,4.411807e-01,3.606706e-01,3.023119e-01,2.598353e-01,4.620738e-01,6.470163e-01,7.150361e-01,7.564399e-01,7.649201e-01,8.089039e-01,8.461799e-01
5.132500e-03,7.418243e+00,7.254999e+00,1.334436e+00,7.473943e-01,5.623440e-01,4.411807e-01,3.606708e-01,3.023120e-01,2.598352e-01,4.612535e-01,6.470923e-01,7.157263e-01,7.571223e-01,7.654290e-01,8.092535e-01,8.465646e-01
5.135000e-03,7.419729e+00,7.255621e+00,1.332772e+00,7.473945e-01,5.623437e-01,4.411806e-01,3.606709e-01,3.023121e-01,2.598351e-01,4.604205e-01,6.472473e-01,7.164542e-01,7.577946e-01,7.659893e-01,8.096085e-01,8.468970e-01
5.137500e-03,7.421188e+00,7.256287e+00,1.331122e+00,7.473948e-01,5.623435e-01,4.411805e-01,3.606710e-01,3.023122e-01,2.598350e-01,4.595730e-01,6.474795e-01,7.172126e-01,7.584623e-01,7.666039e-01,8.100022e-01,8.471313e-01
5.140000e-03,7.422572e+00,7.256995e+00,1.329571e+00,7.473950e-01,5.623435e-01,4.411805e-01,3.606711e-01,3.023124e-01,2.598350e-01,4.587154e-01,6.477785e-01,7.179925e-01,7.591315e-01,7.672745e-01,8.104580e-01,8.472513e-01
5.142500e-03,7.423860e+00,7.257745e+00,1.327825e+00,7.473953e-01,5.623436e-01,4.411803e-01,3.606710e-01,3.023126e-01,2.598351e-01,4.578298e-01,6.481476e-01,7.187843e-01,7.598070e-01,7.679965e-01,8.109908e-01,8.472789e-01
5.145000e-03,7.425128e+00,7.258506e+00,1.326038e+00,7.473955e-01,5.623437e-01,4.411801e-01,3.606710e-01,3.023127e-01,2.598352e-01,4.569308e-01,6.485990e-01,7.195792e-01,7.604919e-01,7.687515e-01,8.116071e-01,8.472350e-01
5.147500e-03,7.426338e+00,7.259271e+00,1.324155e+00,7.473958e-01,5.623438e-01,4.411800e-01,3.606710e-01,3.023127e-01,2.598353e-01,4.560501e-01,6.491219e-01,7.203683e-01,7.611871e-01,7.695046e-01,8.122955e-01,8.471311e-01
5.150000e-03,7.427445e+00,7.260037e+00,1.322452e+00,7.473959e-01,5.623440e-01,4.411799e-01,3.606708e-01,3.023127e-01,2.598355e-01,4.552030e-01,6.496972e-01,7.211446e-01,7.618916e-01,7.702164e-01,8.130179e-01,8.469746e-01
5.152500e-03,7.428472e+00,7.260814e+00,1.320787e+00,7.473961e-01,5.623441e-01,4.411800e-01,3.606706e-01,3.023128e-01,2.598356e-01,4.543934e-01,6.502889e-01,7.219077e-01,7.626016e-01,7.708622e-01,8.137264e-01,8.467720e-01
5.155000e-03,7.429308e+00,7.261588e+00,1.319189e+00,7.473960e-01,5.623443e-01,4.411801e-01,3.606704e-01,3.023127e-01,2.598356e-01,4.536377e-01,6.509290e-01,7.226654e-01,7.633108e-01,7.714386e-01,8.144009e-01,8.465471e-01
5.157500e-03,7.429993e+00,7.262348e+00,1.317730e+00,7.473959e-01,5.623445e-01,4.411802e-01,3.606703e-01,3.023126e-01,2.598357e-01,4.529439e-01,6.516130e-01,7.234214e-01,7.640090e-01,7.719517e-01,8.150663e-01,8.463011e-01
5.160000e-03,7.430498e+00,7.263094e+00,1.316368e+00,7.473956e-01,5.623446e-01,4.411803e-01,3.606703e-01,3.023125e-01,2.598358e-01,4.523160e-01,6.523454e-01,7.241688e-01,7.646824e-01,7.724022e-01,8.157643e-01,8.460346e-01
5.162500e-03,7.430854e+00,7.263804e+00,1.315057e+00,7.473952e-01,5.623447e-01,4.411805e-01,3.606703e-01,3.023123e-01,2.598358e-01,4.517558e-01,6.530920e-01,7.249053e-01,7.653156e-01,7.727821e-01,8.165122e-01,8.457719e-01
5.165000e-03,7.431078e+00,7.264463e+00,1.313870e+00,7.473947e-01,5.623447e-01,4.411806e-01,3.606704e-01,3.023122e-01,2.598357e-01,4.512736e-01,6.538258e-01,7.256385e-01,7.658963e-01,7.730798e-01,8.172940e-01,8.455698e-01
5.167500e-03,7.431169e+00,7.265054e+00,1.312896e+00,7.473943e-01,5.623445e-01,4.411808e-01,3.606705e-01,3.023121e-01,2.598356e-01,4.508651e-01,6.545372e-01,7.263697e-01,7.664182e-01,7.732903e-01,8.180747e-01,8.455186e-01
5.170000e-03,7.431139e+00,7.265560e+00,1.312472e+00,7.473941e-01,5.623442e-01,4.411810e-01,3.606706e-01,3.023121e-01,2.598355e-01,4.505572e-01,6.552199e-01,7.270865e-01,7.668806e-01,7.734207e-01,8.188140e-01,8.456784e-01
5.172500e-03,7.430959e+00,7.265996e+00,1.312601e+00,7.473941e-01,5.623438e-01,4.411810e-01,3.606707e-01,3.023121e-01,2.598354e-01,4.503689e-01,6.558823e-01,7.277757e-01,7.672862e-01,7.734919e-01,8.194767e-01,8.460669e-01
5.175000e-03,7.430626e+00,7.266356e+00,1.313193e+00,7.473942e-01,5.623435e-01,4.411809e-01,3.606709e-01,3.023122e-01,2.598353e-01,4.502889e-01,6.565248e-01,7.284353e-01,7.676380e-01,7.735366e-01,8.200449e-01,8.466702e-01
5.177500e-03,7.430145e+00,7.266629e+00,1.314398e+00,7.473944e-01,5.623433e-01,4.411807e-01,3.606711e-01,3.023123e-01,2.598352e-01,4.503235e-01,6.571461e-01,7.290715e-01,7.679385e-01,7.735967e-01,8.205295e-01,8.474691e-01
5.180000e-03,7.429530e+00,7.266815e+00,1.316087e+00,7.473946e-01,5.623432e-01,4.411805e-01,3.606712e-01,3.023124e-01,2.598352e-01,4.504706e-01,6.577611e-01,7.296895e-01,7.681930e-01,7.737097e-01,8.209656e-01,8.484109e-01
5.182500e-03,7.428783e+00,7.266912e+00,1.318247e+00,7.473948e-01,5.623431e-01,4.411803e-01,3.606712e-01,3.023126e-01,2.598352e-01,4.507291e-01,6.583885e-01,7.302871e-01,7.684125e-01,7.738837e-01,8.213747e-01,8.494593e-01
5.185000e-03,7.427912e+00,7.266913e+00,1.320867e+00,7.473950e-01,5.623432e-01,4.411801e-01,3.606710e-01,3.023127e-01,2.598353e-01,4.510936e-01,6.590012e-01,7.308515e-01,7.686116e-01,7.740823e-01,8.217123e-01,8.505715e-01
5.187500e-03,7.426937e+00,7.266819e+00,1.323953e+00,7.473951e-01,5.623434e-01,4.411799e-01,3.606709e-01,3.023129e-01,2.598354e-01,4.515634e-01,6.595571e-01,7.313644e-01,7.688044e-01,7.742417e-01,8.218645e-01,8.517233e-01
5.190000e-03,7.425857e+00,7.266633e+00,1.327467e+00,7.473951e-01,5.623435e-01,4.411798e-01,3.606707e-01,3.023129e-01,2.598356e-01,4.521351e-01,6.600526e-01,7.318134e-01,7.690002e-01,7.743125e-01,8.217196e-01,8.528684e-01
5.192500e-03,7.424672e+00,7.266362e+00,1.331385e+00,7.473950e-01,5.623437e-01,4.411798e-01,3.606705e-01,3.023129e-01,2.598357e-01,4.528056e-01,6.605164e-01,7.321960e-01,7.692017e-01,7.742877e-01,8.212534e-01,8.538900e-01
5.195000e-03,7.423387e+00,7.266006e+00,1.335695e+00,7.473948e-01,5.623438e-01,4.411799e-01,3.606703e-01,3.023128e-01,2.598358e-01,4.535672e-01,6.609811e-01,7.325146e-01,7.694042e-01,7.741867e-01,8.205536e-01,8.546169e-01
5.197500e-03,7.422006e+00,7.265569e+00,1.340396e+00,7.473945e-01,5.623438e-01,4.411800e-01,3.606702e-01,3.023127e-01,2.598359e-01,4.544141e-01,6.614407e-01,7.327768e-01,7.695975e-01,7.740111e-01,8.197661e-01,8.549362e-01
5.200000e-03,7.420519e+00,7.265063e+00,1.345378e+00,7.473942e-01,5.623437e-01,4.411801e-01,3.606701e-01,3.023125e-01,2.598359e-01,4.553441e-01,6.618661e-01,7.329982e-01,7.697678e-01,7.737273e-01,8.189963e-01,8.548412e-01
5.202500e-03,7.418917e+00,7.264502e+00,1.350577e+00,7.473939e-01,5.623436e-01,4.411802e-01,3.606701e-01,3.023124e-01,2.598359e-01,4.563573e-01,6.622464e-01,7.331971e-01,7.698997e-01,7.732985e-01,8.182501e-01,8.544273e-01
5.205000e-03,7.417196e+00,7.263883e+00,1.355784e+00,7.473935e-01,5.623434e-01,4.411802e-01,3.606702e-01,3.023122e-01,2.598358e-01,4.574286e-01,6.625905e-01,7.333806e-01,7.699768e-01,7.727284e-01,8.174677e-01,8.538491e-01
5.207500e-03,7.415392e+00,7.263198e+00,1.360999e+00,7.473933e-01,5.623433e-01,4.411801e-01,3.606703e-01,3.023121e-01,2.598357e-01,4.585463e-01,6.628990e-01,7.335380e-01,7.699800e-01,7.720656e-01,8.166138e-01,8.532464e-01
5.210000e-03,7.413514e+00,7.262456e+00,1.365917e+00,7.473931e-01,5.623431e-01,4.411800e-01,3.606704e-01,3.023121e-01,2.598355e-01,4.596995e-01,6.631758e-01,7.336549e-01,7.698899e-01,7.713714e-01,8.157217e-01,8.527157e-01
5.212500e-03,7.411561e+00,7.261667e+00,1.370951e+00,7.473930e-01,5.623429e-01,4.411800e-01,3.606704e-01,3.023121e-01,2.598354e-01,4.609150e-01,6.634338e-01,7.337271e-01,7.696918e-01,7.706815e-01,8.148644e-01,8.522827e-01
5.215000e-03,7.409499e+00,7.260842e+00,1.376034e+00,7.473931e-01,5.623427e-01,4.411799e-01,3.606704e-01,3.023122e-01,2.598352e-01,4.621888e-01,6.636560e-01,7.337591e-01,7.693839e-01,7.699913e-01,8.140992e-01,8.519568e-01
5.217500e-03,7.407337e+00,7.259978e+00,1.381121e+00,7.473932e-01,5.623426e-01,4.411797e-01,3.606704e-01,3.023123e-01,2.598352e-01,4.635171e-01,6.638217e-01,7.337570e-01,7.689806e-01,7.692711e-01,8.134225e-01,8.517448e-01
5.220000e-03,7.405085e+00,7.259086e+00,1.385819e+00,7.473934e-01,5.623425e-01,4.411796e-01,3.606704e-01,3.023123e-01,2.598352e-01,4.648709e-01,6.639304e-01,7.337249e-01,7.685071e-01,7.684934e-01,8.127754e-01,8.516706e-01
5.222500e-03,7.402779e+00,7.258157e+00,1.390070e+00,7.473938e-01,5.623425e-01,4.411794e-01,3.606703e-01,3.023123e-01,2.598352e-01,4.662418e-01,6.640039e-01,7.336607e-01,7.679864e-01,7.676499e-01,8.120931e-01,8.517514e-01
5.225000e-03,7.400429e+00,7.257198e+00,1.393461e+00,7.473941e-01,5.623426e-01,4.411793e-01,3.606703e-01,3.023123e-01,2.598352e-01,4.676244e-01,6.640798e-01,7.335506e-01,7.674282e-01,7.667516e-01,8.113489e-01,8.519798e-01
5.227500e-03,7.397997e+00,7.256217e+00,1.396249e+00,7.473944e-01,5.623427e-01,4.411792e-01,3.606702e-01,3.023123e-01,2.598353e-01,4.690108e-01,6.641747e-01,7.333723e-01,7.668293e-01,7.658190e-01,8.105582e-01,8.523269e-01
5.230000e-03,7.395510e+00,7.255177e+00,1.398634e+00,7.473945e-01,5.623430e-01,4.411792e-01,3.606700e-01,3.023123e-01,2.598353e-01,4.703814e-01,6.642375e-01,7.331097e-01,7.661815e-01,7.648740e-01,8.097579e-01,8.527447e-01
5.232500e-03,7.393076e+00,7.254115e+00,1.400481e+00,7.473945e-01,5.623432e-01,4.411792e-01,3.606699e-01,3.023123e-01,2.598354e-01,4.717343e-01,6.642772e-01,7.327640e-01,7.654798e-01,7.639335e-01,8.089823e-01,8.532221e-01
5.235000e-03,7.390639e+00,7.253027e+00,1.401803e+00,7.473943e-01,5.623435e-01,4.411792e-01,3.606698e-01,3.023122e-01,2.598354e-01,4.730804e-01,6.643595e-01,7.323424e-01,7.647257e-01,7.630061e-01,8.082493e-01,8.537775e-01
5.237500e-03,7.388318e+00,7.251928e+00,1.402265e+00,7.473941e-01,5.623436e-01,4.411794e-01,3.606698e-01,3.023121e-01,2.598354e-01,4.743961e-01,6.644298e-01,7.318469e-01,7.639260e-01,7.620926e-01,8.075515e-01,8.544160e-01
5.240000e-03,7.386696e+00,7.250811e+00,1.401900e+00,7.473939e-01,5.623436e-01,4.411796e-01,3.606698e-01,3.023120e-01,2.598354e-01,4.756780e-01,6.644964e-01,7.312846e-01,7.630890e-01,7.611917e-01,8.068610e-01,8.551323e-01
5.242500e-03,7.385132e+00,7.249662e+00,1.400820e+00,7.473936e-01,5.623436e-01,4.411797e-01,3.606698e-01,3.023119e-01,2.598353e-01,4.769223e-01,6.645569e-01,7.306681e-01,7.622209e-01,7.603062e-01,8.061450e-01,8.559126e-01
5.245000e-03,7.383634e+00,7.248484e+00,1.398936e+00,7.473934e-01,5.623434e-01,4.411799e-01,3.606699e-01,3.023118e-01,2.598353e-01,4.781151e-01,6.645507e-01,7.300047e-01,7.613255e-01,7.594444e-01,8.053886e-01,8.567220e-01
5.247500e-03,7.382223e+00,7.247263e+00,1.396052e+00,7.473934e-01,5.623432e-01,4.411800e-01,3.606700e-01,3.023118e-01,2.598352e-01,4.792108e-01,6.644949e-01,7.292962e-01,7.604066e-01,7.586169e-01,8.046063e-01,8.575097e-01
5.250000e-03,7.380818e+00,7.246040e+00,1.392507e+00,7.473933e-01,5.623430e-01,4.411800e-01,3.606701e-01,3.023118e-01,2.598351e-01,4.802759e-01,6.643935e-01,7.285377e-01,7.594681e-01,7.578336e-01,8.038304e-01,8.582240e-01
5.252500e-03,7.379420e+00,7.244820e+00,1.388113e+00,7.473934e-01,5.623428e-01,4.411799e-01,3.606703e-01,3.023118e-01,2.598350e-01,4.813209e-01,6.642061e-01,7.277260e-01,7.585133e-01,7.571049e-01,8.030905e-01,8.588171e-01
5.255000e-03,7.378044e+00,7.243595e+00,1.383564e+00,7.473936e-01,5.623427e-01,4.411797e-01,3.606704e-01,3.023119e-01,2.598349e-01,4.823546e-01,6.639950e-01,7.268734e-01,7.575429e-01,7.564424e-01,8.024050e-01,8.592929e-01
5.257500e-03,7.376663e+00,7.242288e+00,1.378378e+00,7.473938e-01,5.623427e-01,4.411796e-01,3.606705e-01,3.023120e-01,2.598349e-01,4.833624e-01,6.637851e-01,7.259984e-01,7.565573e-01,7.558595e-01,8.017852e-01,8.596698e-01
5.260000e-03,7.375313e+00,7.240917e+00,1.372123e+00,7.473939e-01,5.623427e-01,4.411794e-01,3.606705e-01,3.023121e-01,2.598349e-01,4.843078e-01,6.635874e-01,7.251051e-01,7.555633e-01,7.553673e-01,8.012448e-01,8.599551e-01
5.262500e-03,7.374067e+00,7.239504e+00,1.365402e+00,7.473941e-01,5.623428e-01,4.411793e-01,3.606704e-01,3.023123e-01,2.598349e-01,4.851935e-01,6.633912e-01,7.241928e-01,7.545756e-01,7.549714e-01,8.008008e-01,8.601563e-01
5.265000e-03,7.372926e+00,7.238049e+00,1.357916e+00,7.473943e-01,5.623429e-01,4.411792e-01,3.606703e-01,3.023124e-01,2.598350e-01,4.860059e-01,6.631317e-01,7.232681e-01,7.536100e-01,7.546679e-01,8.004666e-01,8.602714e-01
5.267500e-03,7.371887e+00,7.236519e+00,1.349996e+00,7.473944e-01,5.623430e-01,4.411792e-01,3.606702e-01,3.023124e-01,2.598351e-01,4.867583e-01,6.627412e-01,7.223315e-01,7.526807e-01,7.544428e-01,8.002397e-01,8.603012e-01
5.270000e-03,7.370897e+00,7.234959e+00,1.341813e+00,7.473944e-01,5.623431e-01,4.411792e-01,3.606700e-01,3.023124e-01,2.598352e-01,4.874724e-01,6.622532e-01,7.213708e-01,7.518028e-01,7.542780e-01,8.000969e-01,8.602665e-01
5.272500e-03,7.369995e+00,7.233341e+00,1.332885e+00,7.473943e-01,5.623432e-01,4.411793e-01,3.606699e-01,3.023123e-01,2.598353e-01,4.881140e-01,6.617650e-01,7.203828e-01,7.509895e-01,7.541609e-01,8.000066e-01,8.601774e-01
5.275000e-03,7.369173e+00,7.231643e+00,1.323530e+00,7.473942e-01,5.623433e-01,4.411794e-01,3.606698e-01,3.023122e-01,2.598354e-01,4.886924e-01,6.612566e-01,7.193763e-01,7.502502e-01,7.540905e-01,7.999537e-01,8.600330e-01
5.277500e-03,7.368427e+00,7.229885e+00,1.314171e+00,7.473940e-01,5.623433e-01,4.411794e-01,3.606698e-01,3.023120e-01,2.598354e-01,4.892223e-01,6.606795e-01,7.183755e-01,7.495897e-01,7.540714e-01,7.999515e-01,8.598262e-01
5.280000e-03,7.367802e+00,7.228061e+00,1.304271e+00,7.473938e-01,5.623434e-01,4.411796e-01,3.606698e-01,3.023119e-01,2.598354e-01,4.896660e-01,6.600619e-01,7.174281e-01,7.490095e-01,7.541042e-01,8.000244e-01,8.595342e-01
5.282500e-03,7.367329e+00,7.226189e+00,1.294158e+00,7.473933e-01,5.623433e-01,4.411797e-01,3.606699e-01,3.023119e-01,2.598353e-01,4.900199e-01,6.594685e-01,7.165598e-01,7.485085e-01,7.541823e-01,8.001801e-01,8.591526e-01
5.285000e-03,7.367025e+00,7.224283e+00,1.283839e+00,7.473930e-01,5.623432e-01,4.411798e-01,3.606700e-01,3.023118e-01,2.598352e-01,4.902695e-01,6.588638e-01,7.157530e-01,7.480845e-01,7.542981e-01,8.004057e-01,8.587092e-01
5.287500e-03,7.366819e+00,7.222427e+00,1.274026e+00,7.473928e-01,5.623430e-01,4.411798e-01,3.606701e-01,3.023118e-01,2.598351e-01,4.904689e-01,6.581680e-01,7.149923e-01,7.477310e-01,7.544532e-01,8.006908e-01,8.582246e-01
5.290000e-03,7.366730e+00,7.220597e+00,1.264313e+00,7.473927e-01,5.623428e-01,4.411798e-01,3.606702e-01,3.023118e-01,2.598350e-01,4.905984e-01,6.574120e-01,7.142780e-01,7.474339e-01,7.546611e-01,8.010535e-01,8.577179e-01
5.292500e-03,7.366762e+00,7.218861e+00,1.254834e+00,7.473928e-01,5.623425e-01,4.411798e-01,3.606703e-01,3.023119e-01,2.598349e-01,4.906510e-01,6.566765e-01,7.136058e-01,7.471798e-01,7.549410e-01,8.015405e-01,8.572072e-01
5.295000e-03,7.366976e+00,7.217371e+00,1.250032e+00,7.473932e-01,5.623424e-01,4.411797e-01,3.606703e-01,3.023119e-01,2.598349e-01,4.905977e-01,6.559945e-01,7.129704e-01,7.469691e-01,7.553059e-01,8.021973e-01,8.566927e-01
5.297500e-03,7.367354e+00,7.216336e+00,1.252697e+00,7.473935e-01,5.623423e-01,4.411795e-01,3.606704e-01,3.023120e-01,2.598349e-01,4.904511e-01,6.553104e-01,7.123858e-01,7.468178e-01,7.557511e-01,8.030301e-01,8.562070e-01
5.300000e-03,7.367890e+00,7.215432e+00,1.254612e+00,7.473938e-01,5.623424e-01,4.411793e-01,3.606704e-01,3.023121e-01,2.598349e-01,4.902187e-01,6.546090e-01,7.118861e-01,7.467461e-01,7.562495e-01,8.039874e-01,8.558125e-01
5.302500e-03,7.368559e+00,7.214679e+00,1.255563e+00,7.473940e-01,5.623426e-01,4.411792e-01,3.606704e-01,3.023122e-01,2.598349e-01,4.899076e-01,6.538921e-01,7.114977e-01,7.467680e-01,7.567556e-01,8.049693e-01,8.555645e-01
5.305000e-03,7.369354e+00,7.214079e+00,1.255574e+00,7.473943e-01,5.623429e-01,4.411791e-01,3.606703e-01,3.023123e-01,2.598350e-01,4.895244e-01,6.531924e-01,7.112120e-01,7.468884e-01,7.572220e-01,8.058524e-01,8.555028e-01
5.307500e-03,7.370255e+00,7.213643e+00,1.254696e+00,7.473946e-01,5.623431e-01,4.411791e-01,3.606701e-01,3.023124e-01,2.598351e-01,4.890844e-01,6.525164e-01,7.109965e-01,7.471050e-01,7.576208e-01,8.065293e-01,8.556040e-01
5.310000e-03,7.371245e+00,7.213368e+00,1.252928e+00,7.473949e-01,5.623434e-01,4.411792e-01,3.606700e-01,3.023124e-01,2.598353e-01,4.885900e-01,6.518555e-01,7.108369e-01,7.474048e-01,7.579504e-01,8.069644e-01,8.557725e-01
5.312500e-03,7.372333e+00,7.213254e+00,1.250254e+00,7.473950e-01,5.623435e-01,4.411793e-01,3.606699e-01,3.023123e-01,2.598354e-01,4.880352e-01,6.512437e-01,7.107489e-01,7.477637e-01,7.582237e-01,8.072221e-01,8.559112e-01
5.315000e-03,7.373522e+00,7.213300e+00,1.246663e+00,7.473950e-01,5.623437e-01,4.411794e-01,3.606698e-01,3.023121e-01,2.598354e-01,4.874189e-01,6.507119e-01,7.107465e-01,7.481544e-01,7.584541e-01,8.074250e-01,8.559031e-01
5.317500e-03,7.374805e+00,7.213509e+00,1.242162e+00,7.473947e-01,5.623438e-01,4.411795e-01,3.606698e-01,3.023120e-01,2.598354e-01,4.867420e-01,6.502388e-01,7.108266e-01,7.485603e-01,7.586510e-01,8.076803e-01,8.556834e-01
5.320000e-03,7.376173e+00,7.213884e+00,1.236766e+00,7.473945e-01,5.623438e-01,4.411796e-01,3.606698e-01,3.023119e-01,2.598353e-01,4.860074e-01,6.497956e-01,7.109803e-01,7.489779e-01,7.588179e-01,8.080519e-01,8.552988e-01
5.322500e-03,7.377613e+00,7.214429e+00,1.230484e+00,7.473943e-01,5.623438e-01,4.411798e-01,3.606698e-01,3.023118e-01,2.598352e-01,4.852190e-01,6.493935e-01,7.111991e-01,7.494057e-01,7.589543e-01,8.085703e-01,8.548773e-01
5.325000e-03,7.379121e+00,7.215158e+00,1.223291e+00,7.473942e-01,5.623437e-01,4.411799e-01,3.606700e-01,3.023118e-01,2.598351e-01,4.843810e-01,6.490609e-01,7.114729e-01,7.498382e-01,7.590645e-01,8.092406e-01,8.545673e-01
5.327500e-03,7.380672e+00,7.216065e+00,1.215235e+00,7.473939e-01,5.623437e-01,4.411800e-01,3.606701e-01,3.023117e-01,2.598350e-01,4.834965e-01,6.488073e-01,7.117940e-01,7.502711e-01,7.591669e-01,8.100518e-01,8.544767e-01
5.330000e-03,7.382248e+00,7.217140e+00,1.206435e+00,7.473937e-01,5.623436e-01,4.411800e-01,3.606703e-01,3.023117e-01,2.598350e-01,4.825695e-01,6.486226e-01,7.121657e-01,7.507053e-01,7.592924e-01,8.110032e-01,8.546793e-01
5.332500e-03,7.383877e+00,7.218671e+00,1.203557e+00,7.473940e-01,5.623435e-01,4.411800e-01,3.606705e-01,3.023118e-01,2.598349e-01,4.816030e-01,6.485098e-01,7.125973e-01,7.511432e-01,7.594757e-01,8.121028e-01,8.552212e-01
5.335000e-03,7.385482e+00,7.220643e+00,1.208428e+00,7.473942e-01,5.623433e-01,4.411801e-01,3.606706e-01,3.023119e-01,2.598348e-01,4.806166e-01,6.484560e-01,7.130923e-01,7.515841e-01,7.597473e-01,8.133163e-01,8.561124e-01
5.337500e-03,7.387047e+00,7.222731e+00,1.214231e+00,7.473945e-01,5.623431e-01,4.411801e-01,3.606706e-01,3.023121e-01,2.598348e-01,4.796193e-01,6.484570e-01,7.136417e-01,7.520261e-01,7.601319e-01,8.145319e-01,8.573380e-01
5.340000e-03,7.388558e+00,7.224930e+00,1.220825e+00,7.473948e-01,5.623433e-01,4.411801e-01,3.606707e-01,3.023122e-01,2.598348e-01,4.786271e-01,6.485248e-01,7.142250e-01,7.524711e-01,7.606463e-01,8.155967e-01,8.588659e-01
5.342500e-03,7.390734e+00,7.227086e+00,1.227737e+00,7.473951e-01,5.623433e-01,4.411799e-01,3.606707e-01,3.023123e-01,2.598349e-01,4.776063e-01,6.486726e-01,7.148210e-01,7.529283e-01,7.612954e-01,8.163986e-01,8.606097e-01
5.345000e-03,7.392801e+00,7.229193e+00,1.235087e+00,7.473953e-01,5.623435e-01,4.411798e-01,3.606707e-01,3.023124e-01,2.598350e-01,4.765913e-01,6.489182e-01,7.154181e-01,7.534129e-01,7.620676e-01,8.169126e-01,8.623749e-01
5.347500e-03,7.394838e+00,7.231296e+00,1.242521e+00,7.473955e-01,5.623437e-01,4.411798e-01,3.606706e-01,3.023125e-01,2.598352e-01,4.755496e-01,6.492733e-01,7.160088e-01,7.539439e-01,7.629326e-01,8.171751e-01,8.638794e-01
5.350000e-03,7.396770e+00,7.233364e+00,1.250201e+00,7.473955e-01,5.623439e-01,4.411799e-01,3.606704e-01,3.023125e-01,2.598354e-01,4.745288e-01,6.496985e-01,7.165850e-01,7.545405e-01,7.638507e-01,8.172335e-01,8.648800e-01
5.352500e-03,7.398476e+00,7.235394e+00,1.257764e+00,7.473954e-01,5.623440e-01,4.411800e-01,3.606703e-01,3.023125e-01,2.598355e-01,4.735305e-01,6.501090e-01,7.171480e-01,7.552173e-01,7.647907e-01,8.171237e-01,8.652695e-01
5.355000e-03,7.400190e+00,7.237310e+00,1.265229e+00,7.473953e-01,5.623441e-01,4.411801e-01,3.606703e-01,3.023124e-01,2.598356e-01,4.725221e-01,6.504897e-01,7.177073e-01,7.559784e-01,7.657400e-01,8.168928e-01,8.650423e-01
5.357500e-03,7.401945e+00,7.239111e+00,1.272559e+00,7.473950e-01,5.623440e-01,4.411802e-01,3.606703e-01,3.023123e-01,2.598356e-01,4.715031e-01,6.509032e-01,7.182652e-01,7.568151e-01,7.666918e-01,8.166234e-01,8.642288e-01
5.360000e-03,7.403591e+00,7.240853e+00,1.279943e+00,7.473945e-01,5.623439e-01,4.411804e-01,3.606703e-01,3.023122e-01,2.598356e-01,4.705337e-01,6.514041e-01,7.188202e-01,7.577090e-01,7.676283e-01,8.164145e-01,8.628836e-01
5.362500e-03,7.404927e+00,7.242543e+00,1.287275e+00,7.473940e-01,5.623437e-01,4.411804e-01,3.606704e-01,3.023122e-01,2.598355e-01,4.696418e-01,6.519733e-01,7.193846e-01,7.586363e-01,7.685195e-01,8.163259e-01,8.610919e-01
5.365000e-03,7.406180e+00,7.244152e+00,1.294249e+00,7.473936e-01,5.623435e-01,4.411804e-01,3.606706e-01,3.023121e-01,2.598354e-01,4.687723e-01,6.525563e-01,7.199856e-01,7.595730e-01,7.693394e-01,8.163513e-01,8.589768e-01
5.367500e-03,7.407164e+00,7.245674e+00,1.300897e+00,7.473933e-01,5.623432e-01,4.411803e-01,3.606707e-01,3.023122e-01,2.598353e-01,4.679791e-01,6.530664e-01,7.206461e-01,7.604979e-01,7.700781e-01,8.164484e-01,8.567166e-01
5.370000e-03,7.408149e+00,7.247082e+00,1.307087e+00,7.473934e-01,5.623431e-01,4.411802e-01,3.606708e-01,3.023123e-01,2.598353e-01,4.672049e-01,6.535528e-01,7.213640e-01,7.613949e-01,7.707347e-01,8.165972e-01,8.544609e-01
5.372500e-03,7.408940e+00,7.248420e+00,1.312492e+00,7.473936e-01,5.623429e-01,4.411800e-01,3.606708e-01,3.023124e-01,2.598352e-01,4.665005e-01,6.540540e-01,7.221146e-01,7.622538e-01,7.713010e-01,8.168064e-01,8.523197e-01
5.375000e-03,7.409659e+00,7.249667e+00,1.317662e+00,7.473937e-01,5.623428e-01,4.411798e-01,3.606708e-01,3.023125e-01,2.598353e-01,4.658349e-01,6.545106e-01,7.228734e-01,7.630669e-01,7.717592e-01,8.170649e-01,8.503561e-01
5.377500e-03,7.410329e+00,7.250804e+00,1.322646e+00,7.473940e-01,5.623429e-01,4.411797e-01,3.606707e-01,3.023126e-01,2.598353e-01,4.652195e-01,6.549287e-01,7.236418e-01,7.638260e-01,7.720898e-01,8.173268e-01,8.486361e-01
5.380000e-03,7.411046e+00,7.251821e+00,1.326983e+00,7.473942e-01,5.623430e-01,4.411796e-01,3.606706e-01,3.023126e-01,2.598354e-01,4.646258e-01,6.553840e-01,7.244357e-01,7.645254e-01,7.722779e-01,8.175527e-01,8.472347e-01
5.382500e-03,7.411559e+00,7.252761e+00,1.330914e+00,7.473944e-01,5.623431e-01,4.411795e-01,3.606704e-01,3.023127e-01,2.598354e-01,4.641259e-01,6.558994e-01,7.252605e-01,7.651678e-01,7.723134e-01,8.177374e-01,8.462121e-01
5.385000e-03,7.411930e+00,7.253626e+00,1.334470e+00,7.473946e-01,5.623433e-01,4.411794e-01,3.606703e-01,3.023126e-01,2.598355e-01,4.636957e-01,6.564093e-01,7.261066e-01,7.657617e-01,7.721907e-01,8.178953e-01,8.455745e-01
5.387500e-03,7.412224e+00,7.254396e+00,1.337524e+00,7.473948e-01,5.623434e-01,4.411795e-01,3.606702e-01,3.023126e-01,2.598356e-01,4.633136e-01,6.568036e-01,7.269595e-01,7.663086e-01,7.719098e-01,8.180334e-01,8.452988e-01
5.390000e-03,7.412472e+00,7.255089e+00,1.340261e+00,7.473948e-01,5.623436e-01,4.411795e-01,3.606701e-01,3.023124e-01,2.598356e-01,4.629837e-01,6.571181e-01,7.278062e-01,7.667961e-01,7.714743e-01,8.181371e-01,8.453610e-01
5.392500e-03,7.412669e+00,7.255657e+00,1.342759e+00,7.473947e-01,5.623437e-01,4.411796e-01,3.606700e-01,3.023123e-01,2.598357e-01,4.627145e-01,6.575192e-01,7.286314e-01,7.672042e-01,7.708877e-01,8.181646e-01,8.457634e-01
5.395000e-03,7.412801e+00,7.256140e+00,1.345146e+00,7.473945e-01,5.623438e-01,4.411797e-01,3.606700e-01,3.023122e-01,2.598356e-01,4.625163e-01,6.580364e-01,7.294205e-01,7.675197e-01,7.701523e-01,8.180506e-01,8.464933e-01
5.397500e-03,7.412869e+00,7.256541e+00,1.347292e+00,7.473944e-01,5.623438e-01,4.411798e-01,3.606700e-01,3.023121e-01,2.598355e-01,4.623746e-01,6.585790e-01,7.301760e-01,7.677391e-01,7.692782e-01,8.177244e-01,8.475163e-01
5.400000e-03,7.412846e+00,7.256872e+00,1.349188e+00,7.473941e-01,5.623437e-01,4.411800e-01,3.606700e-01,3.023121e-01,2.598354e-01,4.622860e-01,6.590829e-01,7.309146e-01,7.678612e-01,7.682933e-01,8.171361e-01,8.487851e-01
5.402500e-03,7.412753e+00,7.257128e+00,1.350931e+00,7.473939e-01,5.623436e-01,4.411801e-01,3.606701e-01,3.023120e-01,2.598353e-01,4.622386e-01,6.595808e-01,7.316387e-01,7.678815e-01,7.672487e-01,8.162817e-01,8.502299e-01
5.405000e-03,7.412583e+00,7.257320e+00,1.352538e+00,7.473939e-01,5.623435e-01,4.411801e-01,3.606703e-01,3.023119e-01,2.598353e-01,4.622407e-01,6.601323e-01,7.323131e-01,7.677972e-01,7.662131e-01,8.152191e-01,8.517465e-01
5.407500e-03,7.412320e+00,7.257454e+00,1.354180e+00,7.473939e-01,5.623433e-01,4.411801e-01,3.606704e-01,3.023119e-01,2.598352e-01,4.623084e-01,6.607218e-01,7.328880e-01,7.676110e-01,7.652556e-01,8.140625e-01,8.532214e-01
5.410000e-03,7.411929e+00,7.257533e+00,1.355923e+00,7.473941e-01,5.623432e-01,4.411800e-01,3.606705e-01,3.023119e-01,2.598351e-01,4.624483e-01,6.612868e-01,7.333405e-01,7.673292e-01,7.644241e-01,8.129513e-01,8.545451e-01
5.412500e-03,7.411392e+00,7.257562e+00,1.357817e+00,7.473943e-01,5.623431e-01,4.411800e-01,3.606706e-01,3.023120e-01,2.598350e-01,4.626669e-01,6.618064e-01,7.336814e-01,7.669603e-01,7.637370e-01,8.119908e-01,8.556812e-01
5.415000e-03,7.410691e+00,7.257543e+00,1.359898e+00,7.473946e-01,5.623431e-01,4.411798e-01,3.606706e-01,3.023122e-01,2.598350e-01,4.629702e-01,6.623169e-01,7.339314e-01,7.665215e-01,7.631968e-01,8.112083e-01,8.566345e-01
5.417500e-03,7.409821e+00,7.257474e+00,1.362188e+00,7.473949e-01,5.623432e-01,4.411797e-01,3.606706e-01,3.023123e-01,2.598350e-01,4.633614e-01,6.628344e-01,7.340962e-01,7.660421e-01,7.628088e-01,8.105727e-01,8.574712e-01
5.420000e-03,7.408783e+00,7.257352e+00,1.364691e+00,7.473952e-01,5.623434e-01,4.411796e-01,3.606705e-01,3.023123e-01,2.598351e-01,4.638422e-01,6.633319e-01,7.341655e-01,7.655528e-01,7.625840e-01,8.100565e-01,8.582478e-01
5.422500e-03,7.407579e+00,7.257171e+00,1.367399e+00,7.473953e-01,5.623436e-01,4.411795e-01,3.606705e-01,3.023124e-01,2.598352e-01,4.644131e-01,6.637816e-01,7.341290e-01,7.650716e-01,7.625210e-01,8.096698e-01,8.589526e-01
5.425000e-03,7.406217e+00,7.256928e+00,1.370305e+00,7.473954e-01,5.623438e-01,4.411796e-01,3.606704e-01,3.023124e-01,2.598352e-01,4.650754e-01,6.641773e-01,7.339782e-01,7.646018e-01,7.625895e-01,8.094256e-01,8.595029e-01
5.427500e-03,7.404696e+00,7.256624e+00,1.373365e+00,7.473953e-01,5.623439e-01,4.411796e-01,3.606703e-01,3.023124e-01,2.598353e-01,4.658282e-01,6.645159e-01,7.337012e-01,7.641440e-01,7.627332e-01,8.092949e-01,8.598602e-01
5.430000e-03,7.403049e+00,7.256244e+00,1.376570e+00,7.473950e-01,5.623441e-01,4.411798e-01,3.606702e-01,3.023124e-01,2.598354e-01,4.666551e-01,6.647968e-01,7.332962e-01,7.637051e-01,7.628907e-01,8.092083e-01,8.600098e-01
5.432500e-03,7.401269e+00,7.255791e+00,1.379841e+00,7.473947e-01,5.623441e-01,4.411800e-01,3.606701e-01,3.023123e-01,2.598354e-01,4.675642e-01,6.650079e-01,7.327787e-01,7.632937e-01,7.630188e-01,8.091001e-01,8.599467e-01
5.435000e-03,7.399362e+00,7.255243e+00,1.383063e+00,7.473944e-01,5.623441e-01,4.411801e-01,3.606701e-01,3.023122e-01,2.598354e-01,4.685465e-01,6.651351e-01,7.321707e-01,7.629104e-01,7.631018e-01,8.089362e-01,8.596672e-01
5.437500e-03,7.397369e+00,7.254625e+00,1.386176e+00,7.473941e-01,5.623440e-01,4.411803e-01,3.606702e-01,3.023122e-01,2.598354e-01,4.695895e-01,6.651732e-01,7.314928e-01,7.625448e-01,7.631468e-01,8.087157e-01,8.591496e-01
5.440000e-03,7.395294e+00,7.253947e+00,1.389124e+00,7.473939e-01,5.623438e-01,4.411803e-01,3.606703e-01,3.023121e-01,2.598354e-01,4.706902e-01,6.651237e-01,7.307639e-01,7.621830e-01,7.631688e-01,8.084541e-01,8.583942e-01
5.442500e-03,7.393104e+00,7.253212e+00,1.391627e+00,7.473937e-01,5.623436e-01,4.411804e-01,3.606704e-01,3.023121e-01,2.598354e-01,4.718394e-01,6.649887e-01,7.300002e-01,7.618155e-01,7.631810e-01,8.081652e-01,8.574504e-01
5.445000e-03,7.390878e+00,7.252409e+00,1.393578e+00,7.473936e-01,5.623434e-01,4.411804e-01,3.606705e-01,3.023121e-01,2.598353e-01,4.730080e-01,6.647662e-01,7.292133e-01,7.614384e-01,7.631908e-01,8.078579e-01,8.564134e-01
5.447500e-03,7.388666e+00,7.251530e+00,1.394911e+00,7.473936e-01,5.623432e-01,4.411803e-01,3.606706e-01,3.023121e-01,2.598352e-01,4.741766e-01,6.644716e-01,7.284127e-01,7.610512e-01,7.632016e-01,8.075465e-01,8.553440e-01
5.450000e-03,7.387134e+00,7.250596e+00,1.395722e+00,7.473936e-01,5.623430e-01,4.411801e-01,3.606707e-01,3.023122e-01,2.598352e-01,4.753602e-01,6.641001e-01,7.276083e-01,7.606545e-01,7.632121e-01,8.072533e-01,8.542958e-01
5.452500e-03,7.385693e+00,7.249597e+00,1.395769e+00,7.473936e-01,5.623429e-01,4.411799e-01,3.606708e-01,3.023123e-01,2.598352e-01,4.765217e-01,6.636205e-01,7.268128e-01,7.602519e-01,7.632154e-01,8.069995e-01,8.532941e-01
5.455000e-03,7.384287e+00,7.248541e+00,1.394809e+00,7.473937e-01,5.623428e-01,4.411798e-01,3.606707e-01,3.023124e-01,2.598352e-01,4.776441e-01,6.630412e-01,7.260379e-01,7.598510e-01,7.632005e-01,8.067940e-01,8.523653e-01
5.457500e-03,7.383010e+00,7.247420e+00,1.392728e+00,7.473938e-01,5.623428e-01,4.411796e-01,3.606707e-01,3.023125e-01,2.598352e-01,4.786652e-01,6.623965e-01,7.252849e-01,7.594611e-01,7.631564e-01,8.066314e-01,8.515392e-01
5.460000e-03,7.381778e+00,7.246277e+00,1.389827e+00,7.473940e-01,5.623428e-01,4.411795e-01,3.606705e-01,3.023125e-01,2.598353e-01,4.796370e-01,6.617194e-01,7.245624e-01,7.590898e-01,7.630752e-01,8.064993e-01,8.508488e-01
5.462500e-03,7.380633e+00,7.245116e+00,1.385617e+00,7.473942e-01,5.623429e-01,4.411794e-01,3.606704e-01,3.023126e-01,2.598354e-01,4.805427e-01,6.610160e-01,7.238810e-01,7.587410e-01,7.629531e-01,8.063881e-01,8.503038e-01
5.465000e-03,7.379616e+00,7.243935e+00,1.380887e+00,7.473944e-01,5.623430e-01,4.411793e-01,3.606702e-01,3.023126e-01,2.598354e-01,4.813804e-01,6.602951e-01,7.232396e-01,7.584163e-01,7.627880e-01,8.062921e-01,8.499090e-01
5.467500e-03,7.378707e+00,7.242717e+00,1.375325e+00,7.473944e-01,5.623431e-01,4.411793e-01,3.606701e-01,3.023125e-01,2.598355e-01,4.821355e-01,6.595764e-01,7.226394e-01,7.581152e-01,7.625789e-01,8.062064e-01,8.496665e-01
5.470000e-03,7.377903e+00,7.241457e+00,1.368486e+00,7.473943e-01,5.623433e-01,4.411793e-01,3.606700e-01,3.023124e-01,2.598355e-01,4.827752e-01,6.589147e-01,7.220817e-01,7.578342e-01,7.623273e-01,8.061230e-01,8.495656e-01
5.472500e-03,7.377330e+00,7.240175e+00,1.360840e+00,7.473941e-01,5.623435e-01,4.411794e-01,3.606699e-01,3.023123e-01,2.598356e-01,4.832690e-01,6.583413e-01,7.215589e-01,7.575670e-01,7.620385e-01,8.060311e-01,8.496055e-01
5.475000e-03,7.376903e+00,7.238924e+00,1.352690e+00,7.473939e-01,5.623435e-01,4.411795e-01,3.606699e-01,3.023121e-01,2.598355e-01,4.836613e-01,6.577998e-01,7.210620e-01,7.573072e-01,7.617219e-01,8.059254e-01,8.497853e-01
5.477500e-03,7.376709e+00,7.237688e+00,1.344250e+00,7.473937e-01,5.623436e-01,4.411796e-01,3.606699e-01,3.023120e-01,2.598355e-01,4.839244e-01,6.572197e-01,7.205900e-01,7.570499e-01,7.613897e-01,8.058109e-01,8.500876e-01
5.480000e-03,7.376664e+00,7.236489e+00,1.335873e+00,7.473936e-01,5.623435e-01,4.411797e-01,3.606699e-01,3.023119e-01,2.598354e-01,4.840975e-01,6.566337e-01,7.201478e-01,7.567916e-01,7.610562e-01,8.056981e-01,8.504836e-01
5.482500e-03,7.376727e+00,7.235369e+00,1.327611e+00,7.473937e-01,5.623433e-01,4.411798e-01,3.606700e-01,3.023119e-01,2.598353e-01,4.841872e-01,6.561400e-01,7.197404e-01,7.565312e-01,7.607363e-01,8.056007e-01,8.509407e-01
5.485000e-03,7.376914e+00,7.234324e+00,1.319334e+00,7.473939e-01,5.623431e-01,4.411799e-01,3.606701e-01,3.023118e-01,2.598352e-01,4.841805e-01,6.557186e-01,7.193682e-01,7.562710e-01,7.604441e-01,8.055354e-01,8.514601e-01
5.487500e-03,7.377206e+00,7.233375e+00,1.311430e+00,7.473942e-01,5.623430e-01,4.411799e-01,3.606702e-01,3.023118e-01,2.598351e-01,4.840986e-01,6.553141e-01,7.190348e-01,7.560138e-01,7.601918e-01,8.055192e-01,8.520172e-01
5.490000e-03,7.377584e+00,7.232536e+00,1.304178e+00,7.473945e-01,5.623429e-01,4.411798e-01,3.606703e-01,3.023119e-01,2.598350e-01,4.839570e-01,6.549472e-01,7.187602e-01,7.557608e-01,7.599892e-01,8.055651e-01,8.525869e-01
5.492500e-03,7.378019e+00,7.231818e+00,1.297751e+00,7.473947e-01,5.623430e-01,4.411797e-01,3.606704e-01,3.023119e-01,2.598349e-01,4.837698e-01,6.546863e-01,7.185504e-01,7.555111e-01,7.598436e-01,8.056782e-01,8.531650e-01
5.495000e-03,7.378480e+00,7.231269e+00,1.292326e+00,7.473950e-01,5.623432e-01,4.411795e-01,3.606704e-01,3.023120e-01,2.598349e-01,4.835573e-01,6.545126e-01,7.183808e-01,7.552616e-01,7.597594e-01,8.058588e-01,8.537396e-01
5.497500e-03,7.378982e+00,7.230865e+00,1.287721e+00,7.473950e-01,5.623434e-01,4.411794e-01,3.606704e-01,3.023121e-01,2.598349e-01,4.833063e-01,6.543575e-01,7.182299e-01,7.550070e-01,7.597397e-01,8.061077e-01,8.543107e-01
5.500000e-03,7.379513e+00,7.230602e+00,1.283944e+00,7.473949e-01,5.623436e-01,4.411794e-01,3.606703e-01,3.023122e-01,2.598350e-01,4.830236e-01,6.541957e-01,7.180922e-01,7.547421e-01,7.597875e-01,8.064274e-01,8.548567e-01
5.502500e-03,7.380077e+00,7.230478e+00,1.280999e+00,7.473948e-01,5.623439e-01,4.411795e-01,3.606702e-01,3.023122e-01,2.598350e-01,4.827124e-01,6.540668e-01,7.179562e-01,7.544669e-01,7.599057e-01,8.068176e-01,8.553697e-01
5.505000e-03,7.380653e+00,7.230487e+00,1.278825e+00,7.473947e-01,5.623440e-01,4.411796e-01,3.606701e-01,3.023123e-01,2.598351e-01,4.823798e-01,6.540126e-01,7.178062e-01,7.541929e-01,7.600965e-01,8.072758e-01,8.558376e-01
5.507500e-03,7.381243e+00,7.230622e+00,1.277369e+00,7.473947e-01,5.623440e-01,4.411798e-01,3.606701e-01,3.023123e-01,2.598352e-01,4.820270e-01,6.540164e-01,7.176458e-01,7.539406e-01,7.603610e-01,8.078037e-01,8.562459e-01
5.510000e-03,7.381840e+00,7.230869e+00,1.276573e+00,7.473947e-01,5.623439e-01,4.411800e-01,3.606701e-01,3.023122e-01,2.598352e-01,4.816574e-01,6.540390e-01,7.174964e-01,7.537306e-01,7.606965e-01,8.084089e-01,8.565903e-01
5.512500e-03,7.382443e+00,7.231214e+00,1.276383e+00,7.473946e-01,5.623438e-01,4.411802e-01,3.606701e-01,3.023121e-01,2.598353e-01,4.812739e-01,6.540692e-01,7.173769e-01,7.535759e-01,7.610913e-01,8.090977e-01,8.568782e-01
5.515000e-03,7.383046e+00,7.231645e+00,1.276737e+00,7.473943e-01,5.623438e-01,4.411802e-01,3.606703e-01,3.023120e-01,2.598353e-01,4.808798e-01,6.541196e-01,7.172884e-01,7.534822e-01,7.615191e-01,8.098563e-01,8.571162e-01
5.517500e-03,7.383651e+00,7.232143e+00,1.277578e+00,7.473941e-01,5.623437e-01,4.411802e-01,3.606704e-01,3.023120e-01,2.598353e-01,4.804767e-01,6.541903e-01,7.172154e-01,7.534503e-01,7.619404e-01,8.106384e-01,8.573078e-01
5.520000e-03,7.384251e+00,7.232702e+00,1.278890e+00,7.473938e-01,5.623436e-01,4.411802e-01,3.606705e-01,3.023120e-01,2.598353e-01,4.800713e-01,6.542658e-01,7.171412e-01,7.534752e-01,7.623145e-01,8.113718e-01,8.574667e-01
5.522500e-03,7.384820e+00,7.233314e+00,1.280565e+00,7.473936e-01,5.623435e-01,4.411801e-01,3.606706e-01,3.023121e-01,2.598352e-01,4.796708e-01,6.543367e-01,7.170640e-01,7.535447e-01,7.626175e-01,8.119889e-01,8.576165e-01
5.525000e-03,7.385384e+00,7.233958e+00,1.282557e+00,7.473935e-01,5.623433e-01,4.411801e-01,3.606706e-01,3.023122e-01,2.598352e-01,4.792683e-01,6.544040e-01,7.169953e-01,7.536425e-01,7.628517e-01,8.124602e-01,8.577244e-01
5.527500e-03,7.385943e+00,7.234619e+00,1.284841e+00,7.473936e-01,5.623431e-01,4.411800e-01,3.606706e-01,3.023123e-01,2.598351e-01,4.788677e-01,6.544632e-01,7.169489e-01,7.537560e-01,7.630367e-01,8.128070e-01,8.577532e-01
5.530000e-03,7.386486e+00,7.235290e+00,1.287405e+00,7.473938e-01,5.623429e-01,4.411799e-01,3.606706e-01,3.023123e-01,2.598352e-01,4.784750e-01,6.545066e-01,7.169357e-01,7.538810e-01,7.631930e-01,8.130780e-01,8.576668e-01
5.532500e-03,7.387007e+00,7.235964e+00,1.290101e+00,7.473939e-01,5.623428e-01,4.411798e-01,3.606706e-01,3.023124e-01,2.598352e-01,4.780886e-01,6.545357e-01,7.169634e-01,7.540188e-01,7.633322e-01,8.133113e-01,8.574455e-01
5.535000e-03,7.387514e+00,7.236636e+00,1.292899e+00,7.473940e-01,5.623428e-01,4.411796e-01,3.606706e-01,3.023125e-01,2.598352e-01,4.777105e-01,6.545486e-01,7.170348e-01,7.541706e-01,7.634571e-01,8.135148e-01,8.571143e-01
5.537500e-03,7.388006e+00,7.237303e+00,1.295777e+00,7.473942e-01,5.623428e-01,4.411795e-01,3.606705e-01,3.023125e-01,2.598353e-01,4.773405e-01,6.545441e-01,7.171484e-01,7.543367e-01,7.635652e-01,8.136790e-01,8.567286e-01
5.540000e-03,7.388481e+00,7.237959e+00,1.298691e+00,7.473943e-01,5.623430e-01,4.411793e-01,3.606704e-01,3.023125e-01,2.598354e-01,4.769778e-01,6.545277e-01,7.173000e-01,7.545191e-01,7.636497e-01,8.137957e-01,8.563385e-01
5.542500e-03,7.389101e+00,7.238609e+00,1.301604e+00,7.473944e-01,5.623431e-01,4.411793e-01,3.606703e-01,3.023125e-01,2.598354e-01,4.766241e-01,6.545099e-01,7.174864e-01,7.547208e-01,7.637003e-01,8.138593e-01,8.559722e-01
5.545000e-03,7.389734e+00,7.239251e+00,1.304479e+00,7.473944e-01,5.623433e-01,4.411793e-01,3.606701e-01,3.023124e-01,2.598355e-01,4.762730e-01,6.544866e-01,7.177061e-01,7.549428e-01,7.637061e-01,8.138601e-01,8.556479e-01
5.547500e-03,7.390364e+00,7.239876e+00,1.307233e+00,7.473943e-01,5.623434e-01,4.411793e-01,3.606700e-01,3.023124e-01,2.598355e-01,4.759185e-01,6.544514e-01,7.179565e-01,7.551818e-01,7.636628e-01,8.137836e-01,8.553749e-01
5.550000e-03,7.391013e+00,7.240486e+00,1.309864e+00,7.473942e-01,5.623435e-01,4.411794e-01,3.606699e-01,3.023123e-01,2.598355e-01,4.755568e-01,6.544075e-01,7.182341e-01,7.554319e-01,7.635829e-01,8.136171e-01,8.551669e-01
5.552500e-03,7.391678e+00,7.241094e+00,1.312294e+00,7.473941e-01,5.623436e-01,4.411796e-01,3.606699e-01,3.023121e-01,2.598355e-01,4.751858e-01,6.543717e-01,7.185360e-01,7.556869e-01,7.634974e-01,8.133744e-01,8.550199e-01
5.555000e-03,7.392445e+00,7.241677e+00,1.314538e+00,7.473940e-01,5.623436e-01,4.411797e-01,3.606699e-01,3.023120e-01,2.598354e-01,4.747846e-01,6.543497e-01,7.188582e-01,7.559413e-01,7.634449e-01,8.131161e-01,8.549102e-01
5.557500e-03,7.393233e+00,7.242248e+00,1.316778e+00,7.473939e-01,5.623435e-01,4.411798e-01,3.606700e-01,3.023119e-01,2.598354e-01,4.743832e-01,6.543436e-01,7.191963e-01,7.561914e-01,7.634589e-01,8.129302e-01,8.548290e-01
5.560000e-03,7.394040e+00,7.242786e+00,1.318924e+00,7.473938e-01,5.623434e-01,4.411799e-01,3.606701e-01,3.023119e-01,2.598353e-01,4.739737e-01,6.543513e-01,7.195487e-01,7.564365e-01,7.635584e-01,8.128949e-01,8.547802e-01
5.562500e-03,7.394861e+00,7.243315e+00,1.320958e+00,7.473939e-01,5.623433e-01,4.411799e-01,3.606702e-01,3.023118e-01,2.598352e-01,4.735550e-01,6.543743e-01,7.199139e-01,7.566797e-01,7.637439e-01,8.130594e-01,8.548039e-01
5.565000e-03,7.395701e+00,7.243852e+00,1.322796e+00,7.473940e-01,5.623432e-01,4.411799e-01,3.606704e-01,3.023119e-01,2.598351e-01,4.731197e-01,6.544177e-01,7.202857e-01,7.569268e-01,7.639951e-01,8.134355e-01,8.549551e-01
5.567500e-03,7.396522e+00,7.244386e+00,1.324533e+00,7.473942e-01,5.623431e-01,4.411798e-01,3.606704e-01,3.023119e-01,2.598350e-01,4.726822e-01,6.544856e-01,7.206574e-01,7.571850e-01,7.642735e-01,8.139906e-01,8.552685e-01
5.570000e-03,7.397355e+00,7.244916e+00,1.326215e+00,7.473944e-01,5.623431e-01,4.411797e-01,3.606704e-01,3.023121e-01,2.598350e-01,4.722396e-01,6.545872e-01,7.210259e-01,7.574598e-01,7.645335e-01,8.146428e-01,8.557611e-01
5.572500e-03,7.398147e+00,7.245452e+00,1.327864e+00,7.473946e-01,5.623432e-01,4.411796e-01,3.606704e-01,3.023122e-01,2.598350e-01,4.718025e-01,6.547268e-01,7.213881e-01,7.577520e-01,7.647346e-01,8.152758e-01,8.564368e-01
5.575000e-03,7.398914e+00,7.245987e+00,1.329489e+00,7.473947e-01,5.623433e-01,4.411796e-01,3.606704e-01,3.023122e-01,2.598350e-01,4.713700e-01,6.548831e-01,7.217351e-01,7.580570e-01,7.648545e-01,8.157788e-01,8.572845e-01
5.577500e-03,7.399628e+00,7.246525e+00,1.331114e+00,7.473949e-01,5.623434e-01,4.411795e-01,3.606703e-01,3.023123e-01,2.598351e-01,4.709480e-01,6.550385e-01,7.220601e-01,7.583643e-01,7.648956e-01,8.160923e-01,8.582573e-01
5.580000e-03,7.400289e+00,7.247053e+00,1.332545e+00,7.473950e-01,5.623436e-01,4.411795e-01,3.606702e-01,3.023123e-01,2.598352e-01,4.705388e-01,6.552067e-01,7.223621e-01,7.586593e-01,7.648786e-01,8.162277e-01,8.592759e-01
5.582500e-03,7.400911e+00,7.247574e+00,1.333960e+00,7.473950e-01,5.623437e-01,4.411796e-01,3.606702e-01,3.023123e-01,2.598353e-01,4.701456e-01,6.554060e-01,7.226418e-01,7.589260e-01,7.648271e-01,8.162505e-01,8.602464e-01
5.585000e-03,7.401482e+00,7.248077e+00,1.335559e+00,7.473949e-01,5.623439e-01,4.411797e-01,3.606702e-01,3.023122e-01,2.598353e-01,4.697790e-01,6.556298e-01,7.229045e-01,7.591524e-01,7.647527e-01,8.162372e-01,8.610950e-01
5.587500e-03,7.401981e+00,7.248575e+00,1.337354e+00,7.473945e-01,5.623438e-01,4.411797e-01,3.606701e-01,3.023121e-01,2.598353e-01,4.694454e-01,6.558519e-01,7.231589e-01,7.593335e-01,7.646526e-01,8.162348e-01,8.618096e-01
5.590000e-03,7.402405e+00,7.249058e+00,1.339203e+00,7.473944e-01,5.623439e-01,4.411798e-01,3.606701e-01,3.023121e-01,2.598353e-01,4.691467e-01,6.560619e-01,7.234113e-01,7.594706e-01,7.645149e-01,8.162469e-01,8.624184e-01
5.592500e-03,7.402747e+00,7.249524e+00,1.341120e+00,7.473941e-01,5.623439e-01,4.411799e-01,3.606702e-01,3.023120e-01,2.598353e-01,4.688837e-01,6.562719e-01,7.236642e-01,7.595676e-01,7.643266e-01,8.162452e-01,8.629786e-01
5.595000e-03,7.403020e+00,7.249962e+00,1.342959e+00,7.473939e-01,5.623438e-01,4.411800e-01,3.606703e-01,3.023120e-01,2.598352e-01,4.686461e-01,6.564827e-01,7.239123e-01,7.596280e-01,7.640785e-01,8.161887e-01,8.635413e-01
5.597500e-03,7.403230e+00,7.250372e+00,1.344909e+00,7.473938e-01,5.623437e-01,4.411801e-01,3.606703e-01,3.023121e-01,2.598352e-01,4.684522e-01,6.566764e-01,7.241424e-01,7.596529e-01,7.637662e-01,8.160371e-01,8.641232e-01
5.600000e-03,7.403346e+00,7.250752e+00,1.346864e+00,7.473937e-01,5.623436e-01,4.411801e-01,3.606704e-01,3.023121e-01,2.598352e-01,4.682998e-01,6.568489e-01,7.243435e-01,7.596401e-01,7.633914e-01,8.157589e-01,8.647109e-01
5.602500e-03,7.403403e+00,7.251091e+00,1.348819e+00,7.473936e-01,5.623434e-01,4.411801e-01,3.606705e-01,3.023121e-01,2.598352e-01,4.681857e-01,6.570182e-01,7.245141e-01,7.595861e-01,7.629632e-01,8.153363e-01,8.652738e-01
5.605000e-03,7.403393e+00,7.251389e+00,1.350635e+00,7.473935e-01,5.623433e-01,4.411800e-01,3.606706e-01,3.023122e-01,2.598352e-01,4.681038e-01,6.571854e-01,7.246545e-01,7.594906e-01,7.625000e-01,8.147694e-01,8.657682e-01
5.607500e-03,7.403329e+00,7.251644e+00,1.352356e+00,7.473943e-01,5.623431e-01,4.411800e-01,3.606706e-01,3.023122e-01,2.598352e-01,4.680532e-01,6.573455e-01,7.247599e-01,7.593577e-01,7.620284e-01,8.140804e-01,8.661525e-01
5.610000e-03,7.403227e+00,7.251854e+00,1.354006e+00,7.473944e-01,5.623429e-01,4.411799e-01,3.606706e-01,3.023123e-01,2.598352e-01,4.680344e-01,6.574894e-01,7.248272e-01,7.591934e-01,7.615773e-01,8.133131e-01,8.663855e-01
5.612500e-03,7.403076e+00,7.252023e+00,1.355583e+00,7.473946e-01,5.623429e-01,4.411797e-01,3.606705e-01,3.023123e-01,2.598352e-01,4.680506e-01,6.576250e-01,7.248578e-01,7.590029e-01,7.611705e-01,8.125219e-01,8.664376e-01
5.615000e-03,7.402887e+00,7.252152e+00,1.357063e+00,7.473947e-01,5.623433e-01,4.411796e-01,3.606705e-01,3.023123e-01,2.598353e-01,4.680972e-01,6.577504e-01,7.248514e-01,7.587903e-01,7.608234e-01,8.117531e-01,8.663053e-01
5.617500e-03,7.402659e+00,7.252244e+00,1.358403e+00,7.473947e-01,5.623433e-01,4.411794e-01,3.606705e-01,3.023124e-01,2.598353e-01,4.681707e-01,6.578597e-01,7.248080e-01,7.585617e-01,7.605494e-01,8.110323e-01,8.660107e-01
5.620000e-03,7.402410e+00,7.252296e+00,1.359594e+00,7.473947e-01,5.623434e-01,4.411794e-01,3.606703e-01,3.023124e-01,2.598353e-01,4.682645e-01,6.579519e-01,7.247280e-01,7.583252e-01,7.603660e-01,8.103740e-01,8.655906e-01
5.622500e-03,7.402144e+00,7.252309e+00,1.360670e+00,7.473946e-01,5.623436e-01,4.411796e-01,3.606702e-01,3.023124e-01,2.598354e-01,4.683789e-01,6.580236e-01,7.246082e-01,7.580885e-01,7.602970e-01,8.098004e-01,8.650837e-01
5.625000e-03,7.401853e+00,7.252289e+00,1.361638e+00,7.473944e-01,5.623437e-01,4.411796e-01,3.606701e-01,3.023123e-01,2.598354e-01,4.685143e-01,6.580737e-01,7.244451e-01,7.578579e-01,7.603683e-01,8.093467e-01,8.645136e-01
5.627500e-03,7.401534e+00,7.252240e+00,1.362514e+00,7.473944e-01,5.623437e-01,4.411797e-01,3.606701e-01,3.023122e-01,2.598355e-01,4.686704e-01,6.580982e-01,7.242405e-01,7.576394e-01,7.606023e-01,8.090480e-01,8.638934e-01
5.630000e-03,7.401183e+00,7.252165e+00,1.363312e+00,7.473942e-01,5.623437e-01,4.411798e-01,3.606702e-01,3.023121e-01,2.598355e-01,4.688465e-01,6.580910e-01,7.239994e-01,7.574416e-01,7.610127e-01,8.089284e-01,8.632392e-01
5.632500e-03,7.400802e+00,7.252066e+00,1.364041e+00,7.473941e-01,5.623436e-01,4.411799e-01,3.606702e-01,3.023120e-01,2.598354e-01,4.690414e-01,6.580518e-01,7.237267e-01,7.572767e-01,7.615933e-01,8.090021e-01,8.625786e-01
5.635000e-03,7.400396e+00,7.251946e+00,1.364711e+00,7.473940e-01,5.623436e-01,4.411800e-01,3.606703e-01,3.023120e-01,2.598353e-01,4.692536e-01,6.579839e-01,7.234263e-01,7.571588e-01,7.623093e-01,8.092712e-01,8.619371e-01
5.637500e-03,7.399964e+00,7.251808e+00,1.365316e+00,7.473939e-01,5.623435e-01,4.411800e-01,3.606703e-01,3.023121e-01,2.598353e-01,4.694816e-01,6.578891e-01,7.231031e-01,7.571008e-01,7.631021e-01,8.097074e-01,8.613220e-01
5.640000e-03,7.399519e+00,7.251651e+00,1.365812e+00,7.473940e-01,5.623433e-01,4.411800e-01,3.606704e-01,3.023121e-01,2.598352e-01,4.697182e-01,6.577630e-01,7.227635e-01,7.571121e-01,7.639028e-01,8.102505e-01,8.607339e-01
5.642500e-03,7.399065e+00,7.251476e+00,1.366202e+00,7.473941e-01,5.623433e-01,4.411799e-01,3.606704e-01,3.023121e-01,2.598352e-01,4.699622e-01,6.575995e-01,7.224158e-01,7.571949e-01,7.646423e-01,8.108444e-01,8.601816e-01
5.645000e-03,7.398611e+00,7.251286e+00,1.366472e+00,7.473943e-01,5.623433e-01,4.411799e-01,3.606704e-01,3.023121e-01,2.598352e-01,4.702096e-01,6.573975e-01,7.220690e-01,7.573419e-01,7.652584e-01,8.114562e-01,8.596701e-01
5.647500e-03,7.398167e+00,7.251082e+00,1.366598e+00,7.473944e-01,5.623432e-01,4.411798e-01,3.606704e-01,3.023122e-01,2.598352e-01,4.704550e-01,6.571628e-01,7.217320e-01,7.575366e-01,7.657059e-01,8.120588e-01,8.591879e-01
5.650000e-03,7.397743e+00,7.250866e+00,1.366548e+00,7.473944e-01,5.623433e-01,4.411797e-01,3.606705e-01,3.023122e-01,2.598352e-01,4.706929e-01,6.568997e-01,7.214133e-01,7.577547e-01,7.659624e-01,8.126214e-01,8.587334e-01
5.652500e-03,7.397352e+00,7.250640e+00,1.366346e+00,7.473945e-01,5.623433e-01,4.411797e-01,3.606704e-01,3.023122e-01,2.598353e-01,4.709201e-01,6.566100e-01,7.211238e-01,7.579691e-01,7.660298e-01,8.131252e-01,8.583238e-01
5.655000e-03,7.397004e+00,7.250405e+00,1.366005e+00,7.473944e-01,5.623433e-01,4.411797e-01,3.606704e-01,3.023123e-01,2.598353e-01,4.711332e-01,6.562969e-01,7.208759e-01,7.581533e-01,7.659323e-01,8.135737e-01,8.579975e-01
5.657500e-03,7.396711e+00,7.250164e+00,1.365537e+00,7.473944e-01,5.623433e-01,4.411796e-01,3.606703e-01,3.023123e-01,2.598353e-01,4.713280e-01,6.559651e-01,7.206801e-01,7.582856e-01,7.657075e-01,8.139844e-01,8.577917e-01
5.660000e-03,7.396477e+00,7.249921e+00,1.364915e+00,7.473945e-01,5.623433e-01,4.411796e-01,3.606703e-01,3.023123e-01,2.598353e-01,4.714998e-01,6.556225e-01,7.205417e-01,7.583523e-01,7.653922e-01,8.143768e-01,8.577458e-01
5.662500e-03,7.396310e+00,7.249681e+00,1.364104e+00,7.473945e-01,5.623433e-01,4.411796e-01,3.606703e-01,3.023123e-01,2.598353e-01,4.716425e-01,6.552811e-01,7.204602e-01,7.583493e-01,7.650109e-01,8.147618e-01,8.579057e-01
5.665000e-03,7.396214e+00,7.249448e+00,1.363110e+00,7.473944e-01,5.623434e-01,4.411795e-01,3.606703e-01,3.023122e-01,2.598354e-01,4.717527e-01,6.549399e-01,7.204306e-01,7.582819e-01,7.645728e-01,8.151258e-01,8.583315e-01
5.667500e-03,7.396197e+00,7.249227e+00,1.361939e+00,7.473942e-01,5.623435e-01,4.411795e-01,3.606702e-01,3.023122e-01,2.598354e-01,4.718258e-01,6.546045e-01,7.204435e-01,7.581612e-01,7.640769e-01,8.154209e-01,8.590428e-01
5.670000e-03,7.396265e+00,7.249020e+00,1.360602e+00,7.473939e-01,5.623436e-01,4.411795e-01,3.606702e-01,3.023122e-01,2.598353e-01,4.718583e-01,6.542914e-01,7.204869e-01,7.580007e-01,7.635154e-01,8.155773e-01,8.600323e-01
5.672500e-03,7.396434e+00,7.248831e+00,1.359104e+00,7.473936e-01,5.623437e-01,4.411796e-01,3.606701e-01,3.023122e-01,2.598353e-01,4.718431e-01,6.540147e-01,7.205484e-01,7.578123e-01,7.628774e-01,8.155249e-01,8.612494e-01
5.675000e-03,7.396679e+00,7.248669e+00,1.357561e+00,7.473936e-01,5.623437e-01,4.411797e-01,3.606701e-01,3.023121e-01,2.598353e-01,4.717925e-01,6.537853e-01,7.206162e-01,7.576040e-01,7.621560e-01,8.152105e-01,8.626025e-01
5.677500e-03,7.396988e+00,7.248538e+00,1.355988e+00,7.473936e-01,5.623436e-01,4.411798e-01,3.606702e-01,3.023121e-01,2.598353e-01,4.717050e-01,6.536073e-01,7.206788e-01,7.573780e-01,7.613587e-01,8.146117e-01,8.639672e-01
5.680000e-03,7.397367e+00,7.248442e+00,1.354420e+00,7.473936e-01,5.623434e-01,4.411799e-01,3.606702e-01,3.023120e-01,2.598353e-01,4.715808e-01,6.534839e-01,7.207265e-01,7.571311e-01,7.605120e-01,8.137509e-01,8.652062e-01
5.682500e-03,7.397807e+00,7.248384e+00,1.352881e+00,7.473937e-01,5.623433e-01,4.411799e-01,3.606704e-01,3.023120e-01,2.598353e-01,4.714204e-01,6.534232e-01,7.207523e-01,7.568562e-01,7.596550e-01,8.127017e-01,8.662023e-01
5.685000e-03,7.398300e+00,7.248365e+00,1.351407e+00,7.473938e-01,5.623432e-01,4.411798e-01,3.606704e-01,3.023120e-01,2.598352e-01,4.712263e-01,6.534299e-01,7.207519e-01,7.565450e-01,7.588301e-01,8.115678e-01,8.668667e-01
5.687500e-03,7.398833e+00,7.248390e+00,1.350038e+00,7.473941e-01,5.623431e-01,4.411797e-01,3.606705e-01,3.023121e-01,2.598352e-01,4.710027e-01,6.535011e-01,7.207225e-01,7.561928e-01,7.580769e-01,8.104489e-01,8.671538e-01
5.690000e-03,7.399391e+00,7.248459e+00,1.348812e+00,7.473944e-01,5.623431e-01,4.411796e-01,3.606705e-01,3.023122e-01,2.598351e-01,4.707550e-01,6.536215e-01,7.206634e-01,7.557992e-01,7.574294e-01,8.094224e-01,8.670851e-01
5.692500e-03,7.399953e+00,7.248572e+00,1.347772e+00,7.473947e-01,5.623431e-01,4.411795e-01,3.606705e-01,3.023122e-01,2.598351e-01,4.704900e-01,6.537717e-01,7.205758e-01,7.553691e-01,7.569068e-01,8.085407e-01,8.667384e-01
5.695000e-03,7.400502e+00,7.248726e+00,1.346959e+00,7.473948e-01,5.623433e-01,4.411794e-01,3.606705e-01,3.023123e-01,2.598352e-01,4.702161e-01,6.539418e-01,7.204594e-01,7.549119e-01,7.565055e-01,8.078281e-01,8.662048e-01
5.697500e-03,7.401015e+00,7.248920e+00,1.346414e+00,7.473948e-01,5.623435e-01,4.411793e-01,3.606704e-01,3.023123e-01,2.598352e-01,4.699421e-01,6.541262e-01,7.203114e-01,7.544413e-01,7.562041e-01,8.072671e-01,8.655670e-01
5.700000e-03,7.401473e+00,7.249149e+00,1.346162e+00,7.473947e-01,5.623437e-01,4.411793e-01,3.606703e-01,3.023124e-01,2.598353e-01,4.696778e-01,6.543138e-01,7.201272e-01,7.539723e-01,7.559827e-01,8.068018e-01,8.648885e-01
5.702500e-03,7.401861e+00,7.249406e+00,1.346219e+00,7.473947e-01,5.623438e-01,4.411794e-01,3.606702e-01,3.023124e-01,2.598353e-01,4.694315e-01,6.544922e-01,7.199031e-01,7.535169e-01,7.558369e-01,8.063703e-01,8.642126e-01
5.705000e-03,7.402185e+00,7.249680e+00,1.346535e+00,7.473946e-01,5.623438e-01,4.411795e-01,3.606701e-01,3.023123e-01,2.598354e-01,4.692022e-01,6.546501e-01,7.196390e-01,7.530815e-01,7.557764e-01,8.059436e-01,8.635507e-01
5.707500e-03,7.402413e+00,7.249969e+00,1.347188e+00,7.473944e-01,5.623438e-01,4.411797e-01,3.606701e-01,3.023121e-01,2.598354e-01,4.690096e-01,6.547808e-01,7.193363e-01,7.526679e-01,7.558120e-01,8.055390e-01,8.628565e-01
5.710000e-03,7.402552e+00,7.250260e+00,1.348135e+00,7.473943e-01,5.623439e-01,4.411797e-01,3.606702e-01,3.023120e-01,2.598354e-01,4.688540e-01,6.548809e-01,7.189967e-01,7.522778e-01,7.559406e-01,8.052011e-01,8.620715e-01
5.712500e-03,7.402620e+00,7.250542e+00,1.349323e+00,7.473942e-01,5.623439e-01,4.411798e-01,3.606703e-01,3.023119e-01,2.598354e-01,4.687350e-01,6.549466e-01,7.186234e-01,7.519150e-01,7.561394e-01,8.049711e-01,8.611548e-01
5.715000e-03,7.402633e+00,7.250804e+00,1.350630e+00,7.473941e-01,5.623438e-01,4.411799e-01,3.606704e-01,3.023119e-01,2.598353e-01,4.686472e-01,6.549746e-01,7.182227e-01,7.515862e-01,7.563647e-01,8.048662e-01,8.601371e-01
5.717500e-03,7.402611e+00,7.251039e+00,1.351942e+00,7.473940e-01,5.623438e-01,4.411799e-01,3.606705e-01,3.023120e-01,2.598352e-01,4.685821e-01,6.549669e-01,7.178036e-01,7.512994e-01,7.565615e-01,8.048665e-01,8.590777e-01
5.720000e-03,7.402575e+00,7.251240e+00,1.353201e+00,7.473940e-01,5.623437e-01,4.411800e-01,3.606705e-01,3.023121e-01,2.598351e-01,4.685353e-01,6.549091e-01,7.173763e-01,7.510606e-01,7.566886e-01,8.049141e-01,8.580436e-01
5.722500e-03,7.402544e+00,7.251406e+00,1.354396e+00,7.473941e-01,5.623437e-01,4.411800e-01,3.606705e-01,3.023121e-01,2.598351e-01,4.685034e-01,6.547928e-01,7.169496e-01,7.508714e-01,7.567395e-01,8.049468e-01,8.570920e-01
5.725000e-03,7.402528e+00,7.251539e+00,1.355470e+00,7.473943e-01,5.623436e-01,4.411799e-01,3.606706e-01,3.023122e-01,2.598351e-01,4.684807e-01,6.546180e-01,7.165303e-01,7.507256e-01,7.567413e-01,8.049429e-01,8.562521e-01
5.727500e-03,7.402539e+00,7.251639e+00,1.356373e+00,7.473947e-01,5.623435e-01,4.411799e-01,3.606706e-01,3.023122e-01,2.598351e-01,4.684605e-01,6.543885e-01,7.161235e-01,7.506102e-01,7.567344e-01,8.049303e-01,8.555389e-01
5.730000e-03,7.402584e+00,7.251712e+00,1.357085e+00,7.473949e-01,5.623435e-01,4.411798e-01,3.606706e-01,3.023123e-01,2.598352e-01,4.684380e-01,6.541095e-01,7.157344e-01,7.505105e-01,7.567510e-01,8.049546e-01,8.549517e-01
5.732500e-03,7.402666e+00,7.251764e+00,1.357582e+00,7.473950e-01,5.623435e-01,4.411798e-01,3.606706e-01,3.023123e-01,2.598352e-01,4.684086e-01,6.537828e-01,7.153695e-01,7.504180e-01,7.568031e-01,8.050440e-01,8.544885e-01
5.735000e-03,7.402799e+00,7.251798e+00,1.357847e+00,7.473951e-01,5.623437e-01,4.411797e-01,3.606705e-01,3.023123e-01,2.598353e-01,4.683648e-01,6.534115e-01,7.150376e-01,7.503330e-01,7.568828e-01,8.051944e-01,8.541511e-01
5.737500e-03,7.402995e+00,7.251819e+00,1.357868e+00,7.473951e-01,5.623437e-01,4.411797e-01,3.606705e-01,3.023124e-01,2.598353e-01,4.682999e-01,6.530042e-01,7.147472e-01,7.502642e-01,7.569705e-01,8.053773e-01,8.539504e-01
5.740000e-03,7.403266e+00,7.251832e+00,1.357648e+00,7.473951e-01,5.623438e-01,4.411796e-01,3.606704e-01,3.023123e-01,2.598354e-01,4.682075e-01,6.525704e-01,7.145019e-01,7.502224e-01,7.570477e-01,8.055637e-01,8.538870e-01
5.742500e-03,7.403620e+00,7.251844e+00,1.357201e+00,7.473950e-01,5.623438e-01,4.411797e-01,3.606704e-01,3.023123e-01,2.598354e-01,4.680828e-01,6.521166e-01,7.142989e-01,7.502153e-01,7.571057e-01,8.057441e-01,8.539306e-01
5.745000e-03,7.404065e+00,7.251860e+00,1.356534e+00,7.473949e-01,5.623439e-01,4.411797e-01,3.606703e-01,3.023122e-01,2.598354e-01,4.679206e-01,6.516487e-01,7.141324e-01,7.502439e-01,7.571491e-01,8.059220e-01,8.540537e-01
5.747500e-03,7.404607e+00,7.251889e+00,1.355655e+00,7.473947e-01,5.623440e-01,4.411798e-01,3.606703e-01,3.023122e-01,2.598354e-01,4.677158e-01,6.511753e-01,7.139984e-01,7.503033e-01,7.571984e-01,8.061017e-01,8.542437e-01
5.750000e-03,7.405249e+00,7.251936e+00,1.354578e+00,7.473946e-01,5.623440e-01,4.411799e-01,3.606703e-01,3.023121e-01,2.598354e-01,4.674642e-01,6.507070e-01,7.138953e-01,7.503866e-01,7.572894e-01,8.063012e-01,8.545105e-01
5.752500e-03,7.405994e+00,7.252009e+00,1.353312e+00,7.473944e-01,5.623440e-01,4.411800e-01,3.606703e-01,3.023121e-01,2.598353e-01,4.671618e-01,6.502542e-01,7.138226e-01,7.504888e-01,7.574587e-01,8.065694e-01,8.548641e-01
5.755000e-03,7.406841e+00,7.252113e+00,1.351884e+00,7.473942e-01,5.623439e-01,4.411801e-01,3.606703e-01,3.023121e-01,2.598353e-01,4.668065e-01,6.498264e-01,7.137813e-01,7.506090e-01,7.577180e-01,8.069665e-01,8.552998e-01
5.757500e-03,7.407785e+00,7.252255e+00,1.350325e+00,7.473942e-01,5.623438e-01,4.411801e-01,3.606704e-01,3.023120e-01,2.598353e-01,4.663975e-01,6.494317e-01,7.137722e-01,7.507507e-01,7.580392e-01,8.075076e-01,8.558071e-01
5.760000e-03,7.408817e+00,7.252438e+00,1.348666e+00,7.473943e-01,5.623437e-01,4.411802e-01,3.606705e-01,3.023120e-01,2.598352e-01,4.659359e-01,6.490736e-01,7.137939e-01,7.509213e-01,7.583639e-01,8.081244e-01,8.563905e-01
5.762500e-03,7.409929e+00,7.252666e+00,1.346936e+00,7.473945e-01,5.623436e-01,4.411802e-01,3.606706e-01,3.023121e-01,2.598352e-01,4.654230e-01,6.487539e-01,7.138428e-01,7.511287e-01,7.586340e-01,8.086910e-01,8.570683e-01
5.765000e-03,7.411108e+00,7.252941e+00,1.345164e+00,7.473947e-01,5.623435e-01,4.411801e-01,3.606706e-01,3.023121e-01,2.598352e-01,4.648616e-01,6.484735e-01,7.139144e-01,7.513759e-01,7.588194e-01,8.090962e-01,8.578289e-01
5.767500e-03,7.412340e+00,7.253266e+00,1.343414e+00,7.473948e-01,5.623435e-01,4.411800e-01,3.606707e-01,3.023122e-01,2.598351e-01,4.642567e-01,6.482339e-01,7.140044e-01,7.516569e-01,7.589256e-01,8.092967e-01,8.585952e-01
5.770000e-03,7.413607e+00,7.253644e+00,1.341679e+00,7.473949e-01,5.623436e-01,4.411799e-01,3.606707e-01,3.023123e-01,2.598351e-01,4.636133e-01,6.480358e-01,7.141096e-01,7.519571e-01,7.589811e-01,8.093139e-01,8.592456e-01
5.772500e-03,7.414889e+00,7.254074e+00,1.339944e+00,7.473949e-01,5.623437e-01,4.411799e-01,3.606706e-01,3.023124e-01,2.598352e-01,4.629349e-01,6.478769e-01,7.142292e-01,7.522570e-01,7.590195e-01,8.091930e-01,8.597065e-01
5.775000e-03,7.416182e+00,7.254574e+00,1.338298e+00,7.473950e-01,5.623438e-01,4.411799e-01,3.606705e-01,3.023124e-01,2.598353e-01,4.622287e-01,6.477598e-01,7.143647e-01,7.525392e-01,7.590683e-01,8.089700e-01,8.599679e-01
5.777500e-03,7.417467e+00,7.255101e+00,1.336762e+00,7.473950e-01,5.623438e-01,4.411799e-01,3.606704e-01,3.023125e-01,2.598354e-01,4.615062e-01,6.476838e-01,7.145196e-01,7.527948e-01,7.591465e-01,8.086658e-01,8.600676e-01
5.780000e-03,7.418728e+00,7.255669e+00,1.335409e+00,7.473951e-01,5.623437e-01,4.411800e-01,3.606704e-01,3.023124e-01,2.598355e-01,4.607812e-01,6.476431e-01,7.146979e-01,7.530242e-01,7.592679e-01,8.082989e-01,8.600391e-01
5.782500e-03,7.419955e+00,7.256273e+00,1.334078e+00,7.473951e-01,5.623437e-01,4.411800e-01,3.606704e-01,3.023124e-01,2.598355e-01,4.600460e-01,6.476352e-01,7.149009e-01,7.532347e-01,7.594443e-01,8.078980e-01,8.598720e-01
5.785000e-03,7.421122e+00,7.256909e+00,1.332838e+00,7.473950e-01,5.623437e-01,4.411800e-01,3.606704e-01,3.023123e-01,2.598356e-01,4.593048e-01,6.476596e-01,7.151255e-01,7.534361e-01,7.596861e-01,8.075056e-01,8.595301e-01
5.787500e-03,7.422234e+00,7.257569e+00,1.331489e+00,7.473947e-01,5.623437e-01,4.411800e-01,3.606704e-01,3.023122e-01,2.598355e-01,4.585405e-01,6.477271e-01,7.153638e-01,7.536377e-01,7.599996e-01,8.071712e-01,8.589997e-01
5.790000e-03,7.423358e+00,7.258235e+00,1.330056e+00,7.473945e-01,5.623437e-01,4.411800e-01,3.606705e-01,3.023122e-01,2.598355e-01,4.577584e-01,6.478371e-01,7.156059e-01,7.538473e-01,7.603862e-01,8.069382e-01,8.582923e-01
5.792500e-03,7.424480e+00,7.258896e+00,1.328552e+00,7.473942e-01,5.623438e-01,4.411800e-01,3.606705e-01,3.023122e-01,2.598354e-01,4.569794e-01,6.479665e-01,7.158440e-01,7.540709e-01,7.608442e-01,8.068392e-01,8.574447e-01
5.795000e-03,7.425559e+00,7.259555e+00,1.327072e+00,7.473940e-01,5.623437e-01,4.411800e-01,3.606705e-01,3.023122e-01,2.598354e-01,4.562233e-01,6.481094e-01,7.160746e-01,7.543123e-01,7.613677e-01,8.069007e-01,8.565058e-01
5.797500e-03,7.426618e+00,7.260211e+00,1.325573e+00,7.473939e-01,5.623437e-01,4.411800e-01,3.606705e-01,3.023122e-01,2.598353e-01,4.554779e-01,6.482499e-01,7.162982e-01,7.545740e-01,7.619450e-01,8.071469e-01,8.555162e-01
5.800000e-03,7.427607e+00,7.260875e+00,1.323940e+00,7.473939e-01,5.623435e-01,4.411800e-01,3.606705e-01,3.023123e-01,2.598353e-01,4.547540e-01,6.484270e-01,7.165183e-01,7.548572e-01,7.625536e-01,8.075911e-01,8.545227e-01
5.802500e-03,7.428515e+00,7.261525e+00,1.322301e+00,7.473938e-01,5.623434e-01,4.411800e-01,3.606705e-01,3.023123e-01,2.598353e-01,4.540534e-01,6.486373e-01,7.167352e-01,7.551610e-01,7.631614e-01,8.082193e-01,8.535889e-01
5.805000e-03,7.429370e+00,7.262165e+00,1.320621e+00,7.473939e-01,5.623434e-01,4.411800e-01,3.606705e-01,3.023123e-01,2.598353e-01,4.533806e-01,6.488718e-01,7.169483e-01,7.554823e-01,7.637331e-01,8.089821e-01,8.527843e-01
5.807500e-03,7.430130e+00,7.262798e+00,1.318861e+00,7.473945e-01,5.623433e-01,4.411799e-01,3.606705e-01,3.023123e-01,2.598354e-01,4.527329e-01,6.491218e-01,7.171659e-01,7.558158e-01,7.642418e-01,8.098079e-01,8.521744e-01
5.810000e-03,7.430838e+00,7.263408e+00,1.317098e+00,7.473944e-01,5.623432e-01,4.411799e-01,3.606705e-01,3.023123e-01,2.598354e-01,4.521125e-01,6.493634e-01,7.173979e-01,7.561548e-01,7.646756e-01,8.106280e-01,8.518116e-01
5.812500e-03,7.431517e+00,7.263994e+00,1.315145e+00,7.473946e-01,5.623433e-01,4.411798e-01,3.606705e-01,3.023123e-01,2.598354e-01,4.515189e-01,6.495892e-01,7.176464e-01,7.564905e-01,7.650339e-01,8.113926e-01,8.517046e-01
5.815000e-03,7.432131e+00,7.264553e+00,1.313086e+00,7.473947e-01,5.623435e-01,4.411797e-01,3.606705e-01,3.023123e-01,2.598354e-01,4.509465e-01,6.497954e-01,7.179036e-01,7.568135e-01,7.653145e-01,8.120743e-01,8.518222e-01
5.817500e-03,7.432697e+00,7.265070e+00,1.311136e+00,7.473947e-01,5.623436e-01,4.411796e-01,3.606704e-01,3.023123e-01,2.598354e-01,4.504036e-01,6.499837e-01,7.181601e-01,7.571152e-01,7.655090e-01,8.126562e-01,8.521284e-01
5.820000e-03,7.433225e+00,7.265546e+00,1.309437e+00,7.473947e-01,5.623437e-01,4.411797e-01,3.606703e-01,3.023124e-01,2.598354e-01,4.499045e-01,6.501559e-01,7.184192e-01,7.573901e-01,7.656163e-01,8.131142e-01,8.525822e-01
5.822500e-03,7.433669e+00,7.266002e+00,1.307905e+00,7.473945e-01,5.623438e-01,4.411798e-01,3.606702e-01,3.023123e-01,2.598355e-01,4.494601e-01,6.503094e-01,7.186954e-01,7.576360e-01,7.656573e-01,8.134419e-01,8.531361e-01
5.825000e-03,7.434045e+00,7.266427e+00,1.306575e+00,7.473945e-01,5.623438e-01,4.411798e-01,3.606702e-01,3.023123e-01,2.598355e-01,4.490578e-01,6.504489e-01,7.189989e-01,7.578547e-01,7.656671e-01,8.136977e-01,8.537543e-01
5.827500e-03,7.434349e+00,7.266823e+00,1.305426e+00,7.473944e-01,5.623437e-01,4.411799e-01,3.606703e-01,3.023122e-01,2.598355e-01,4.487000e-01,6.505870e-01,7.193273e-01,7.580491e-01,7.656767e-01,8.139761e-01,8.543879e-01
5.830000e-03,7.434591e+00,7.267192e+00,1.304402e+00,7.473943e-01,5.623436e-01,4.411799e-01,3.606703e-01,3.023121e-01,2.598355e-01,4.483858e-01,6.507292e-01,7.196672e-01,7.582204e-01,7.656985e-01,8.143243e-01,8.549952e-01
5.832500e-03,7.434776e+00,7.267526e+00,1.303497e+00,7.473942e-01,5.623436e-01,4.411800e-01,3.606703e-01,3.023121e-01,2.598354e-01,4.481097e-01,6.508885e-01,7.200008e-01,7.583672e-01,7.657190e-01,8.147211e-01,8.556106e-01
5.835000e-03,7.434918e+00,7.267825e+00,1.302733e+00,7.473941e-01,5.623435e-01,4.411799e-01,3.606704e-01,3.023121e-01,2.598353e-01,4.478719e-01,6.510399e-01,7.203131e-01,7.584904e-01,7.657028e-01,8.151152e-01,8.563300e-01
5.837500e-03,7.435021e+00,7.268093e+00,1.302096e+00,7.473941e-01,5.623434e-01,4.411799e-01,3.606705e-01,3.023121e-01,2.598353e-01,4.476716e-01,6.511646e-01,7.206001e-01,7.585968e-01,7.656115e-01,8.154516e-01,8.572114e-01
5.840000e-03,7.435092e+00,7.268326e+00,1.301612e+00,7.473942e-01,5.623434e-01,4.411798e-01,3.606705e-01,3.023121e-01,2.598352e-01,4.475067e-01,6.512647e-01,7.208671e-01,7.586957e-01,7.654246e-01,8.156829e-01,8.582176e-01
5.842500e-03,7.435137e+00,7.268525e+00,1.301269e+00,7.473943e-01,5.623435e-01,4.411798e-01,3.606705e-01,3.023122e-01,2.598352e-01,4.473760e-01,6.513691e-01,7.211182e-01,7.587918e-01,7.651516e-01,8.157869e-01,8.592649e-01
5.845000e-03,7.435169e+00,7.268692e+00,1.301053e+00,7.473944e-01,5.623435e-01,4.411797e-01,3.606705e-01,3.023122e-01,2.598352e-01,4.472753e-01,6.515049e-01,7.213514e-01,7.588791e-01,7.648275e-01,8.157735e-01,8.602869e-01
5.847500e-03,7.435164e+00,7.268836e+00,1.300946e+00,7.473944e-01,5.623435e-01,4.411796e-01,3.606705e-01,3.023123e-01,2.598352e-01,4.472073e-01,6.516661e-01,7.215629e-01,7.589423e-01,7.644924e-01,8.156792e-01,8.612524e-01
5.850000e-03,7.435115e+00,7.268953e+00,1.300971e+00,7.473944e-01,5.623436e-01,4.411797e-01,3.606704e-01,3.023123e-01,2.598352e-01,4.471691e-01,6.518346e-01,7.217520e-01,7.589638e-01,7.641668e-01,8.155513e-01,8.621439e-01
5.852500e-03,7.435031e+00,7.269044e+00,1.301144e+00,7.473944e-01,5.623436e-01,4.411797e-01,3.606703e-01,3.023123e-01,2.598353e-01,4.471615e-01,6.520027e-01,7.219213e-01,7.589313e-01,7.638426e-01,8.154170e-01,8.629364e-01
5.855000e-03,7.434904e+00,7.269110e+00,1.301447e+00,7.473943e-01,5.623436e-01,4.411797e-01,3.606703e-01,3.023123e-01,2.598353e-01,4.471827e-01,6.521716e-01,7.220670e-01,7.588415e-01,7.634929e-01,8.152680e-01,8.636292e-01
5.857500e-03,7.434733e+00,7.269152e+00,1.301886e+00,7.473943e-01,5.623436e-01,4.411797e-01,3.606702e-01,3.023123e-01,2.598353e-01,4.472332e-01,6.523458e-01,7.221767e-01,7.586988e-01,7.630931e-01,8.150747e-01,8.642543e-01
5.860000e-03,7.434512e+00,7.269171e+00,1.302476e+00,7.473944e-01,5.623436e-01,4.411797e-01,3.606703e-01,3.023122e-01,2.598354e-01,4.473147e-01,6.525236e-01,7.222410e-01,7.585104e-01,7.626338e-01,8.148074e-01,8.648286e-01
5.862500e-03,7.434238e+00,7.269167e+00,1.303231e+00,7.473944e-01,5.623435e-01,4.411797e-01,3.606703e-01,3.023122e-01,2.598354e-01,4.474289e-01,6.526930e-01,7.222593e-01,7.582813e-01,7.621197e-01,8.144447e-01,8.653579e-01
5.865000e-03,7.433911e+00,7.269138e+00,1.304162e+00,7.473944e-01,5.623435e-01,4.411797e-01,3.606702e-01,3.023121e-01,2.598353e-01,4.475777e-01,6.528468e-01,7.222356e-01,7.580127e-01,7.615599e-01,8.139717e-01,8.658532e-01
5.867500e-03,7.433530e+00,7.269084e+00,1.305279e+00,7.473943e-01,5.623435e-01,4.411797e-01,3.606702e-01,3.023121e-01,2.598353e-01,4.477620e-01,6.529891e-01,7.221745e-01,7.577053e-01,7.609631e-01,8.133803e-01,8.663153e-01
5.870000e-03,7.433098e+00,7.269001e+00,1.306588e+00,7.473941e-01,5.623436e-01,4.411797e-01,3.606703e-01,3.023121e-01,2.598353e-01,4.479826e-01,6.531208e-01,7.220783e-01,7.573614e-01,7.603380e-01,8.126745e-01,8.667295e-01
5.872500e-03,7.432620e+00,7.268888e+00,1.308100e+00,7.473940e-01,5.623436e-01,4.411798e-01,3.606703e-01,3.023121e-01,2.598352e-01,4.482397e-01,6.532387e-01,7.219455e-01,7.569829e-01,7.596938e-01,8.118754e-01,8.670734e-01
5.875000e-03,7.432098e+00,7.268744e+00,1.309803e+00,7.473939e-01,5.623436e-01,4.411798e-01,3.606703e-01,3.023121e-01,2.598352e-01,4.485329e-01,6.533401e-01,7.217726e-01,7.565688e-01,7.590395e-01,8.110174e-01,8.673504e-01
5.877500e-03,7.431540e+00,7.268567e+00,1.311685e+00,7.473939e-01,5.623435e-01,4.411798e-01,3.606703e-01,3.023121e-01,2.598352e-01,4.488610e-01,6.534249e-01,7.215575e-01,7.561167e-01,7.583818e-01,8.101358e-01,8.675590e-01
5.880000e-03,7.430950e+00,7.268357e+00,1.313729e+00,7.473939e-01,5.623433e-01,4.411798e-01,3.606703e-01,3.023121e-01,2.598352e-01,4.492226e-01,6.534896e-01,7.212993e-01,7.556264e-01,7.577275e-01,8.092510e-01,8.676871e-01
5.882500e-03,7.430338e+00,7.268114e+00,1.315914e+00,7.473941e-01,5.623432e-01,4.411798e-01,3.606703e-01,3.023121e-01,2.598352e-01,4.496143e-01,6.535288e-01,7.209977e-01,7.551011e-01,7.570889e-01,8.083668e-01,8.677554e-01
5.885000e-03,7.429720e+00,7.267838e+00,1.318214e+00,7.473942e-01,5.623432e-01,4.411797e-01,3.606704e-01,3.023121e-01,2.598352e-01,4.500315e-01,6.535413e-01,7.206536e-01,7.545473e-01,7.564879e-01,8.074873e-01,8.677725e-01
5.887500e-03,7.429099e+00,7.267536e+00,1.320589e+00,7.473943e-01,5.623432e-01,4.411796e-01,3.606704e-01,3.023121e-01,2.598352e-01,4.504734e-01,6.535229e-01,7.202691e-01,7.539723e-01,7.559534e-01,8.066366e-01,8.677573e-01
5.890000e-03,7.428465e+00,7.267211e+00,1.323004e+00,7.473944e-01,5.623432e-01,4.411795e-01,3.606704e-01,3.023122e-01,2.598352e-01,4.509355e-01,6.534705e-01,7.198466e-01,7.533841e-01,7.555111e-01,8.058631e-01,8.676956e-01
5.892500e-03,7.427830e+00,7.266866e+00,1.325445e+00,7.473944e-01,5.623434e-01,4.411794e-01,3.606703e-01,3.023122e-01,2.598352e-01,4.514145e-01,6.533823e-01,7.193881e-01,7.527926e-01,7.551718e-01,8.052213e-01,8.675728e-01
5.895000e-03,7.427195e+00,7.266504e+00,1.327903e+00,7.473944e-01,5.623434e-01,4.411794e-01,3.606703e-01,3.023122e-01,2.598352e-01,4.519073e-01,6.532578e-01,7.188956e-01,7.522092e-01,7.549259e-01,8.047440e-01,8.673953e-01
5.897500e-03,7.426559e+00,7.266134e+00,1.330302e+00,7.473944e-01,5.623435e-01,4.411795e-01,3.606702e-01,3.023122e-01,2.598352e-01,4.524074e-01,6.530991e-01,7.183713e-01,7.516455e-01,7.547504e-01,8.044249e-01,8.671916e-01
5.900000e-03,7.425927e+00,7.265754e+00,1.332670e+00,7.473943e-01,5.623435e-01,4.411795e-01,3.606701e-01,3.023122e-01,2.598353e-01,4.529090e-01,6.529104e-01,7.178182e-01,7.511097e-01,7.546213e-01,8.042295e-01,8.669998e-01
5.902500e-03,7.425307e+00,7.265365e+00,1.335032e+00,7.473943e-01,5.623435e-01,4.411796e-01,3.606701e-01,3.023122e-01,2.598353e-01,4.534083e-01,6.526889e-01,7.172400e-01,7.506050e-01,7.545266e-01,8.041185e-01,8.668498e-01
5.905000e-03,7.424708e+00,7.264973e+00,1.337265e+00,7.473942e-01,5.623435e-01,4.411797e-01,3.606701e-01,3.023121e-01,2.598353e-01,4.538997e-01,6.524288e-01,7.166412e-01,7.501300e-01,7.544711e-01,8.040705e-01,8.667432e-01
5.907500e-03,7.424132e+00,7.264589e+00,1.339353e+00,7.473942e-01,5.623435e-01,4.411797e-01,3.606702e-01,3.023120e-01,2.598353e-01,4.543843e-01,6.521268e-01,7.160274e-01,7.496811e-01,7.544693e-01,8.040905e-01,8.666661e-01
5.910000e-03,7.423590e+00,7.264206e+00,1.341223e+00,7.473941e-01,5.623434e-01,4.411797e-01,3.606702e-01,3.023120e-01,2.598353e-01,4.548435e-01,6.517889e-01,7.154050e-01,7.492542e-01,7.545313e-01,8.041980e-01,8.666026e-01
5.912500e-03,7.423111e+00,7.263827e+00,1.342796e+00,7.473941e-01,5.623434e-01,4.411797e-01,3.606702e-01,3.023120e-01,2.598353e-01,4.552653e-01,6.514167e-01,7.147813e-01,7.488481e-01,7.546528e-01,8.043998e-01,8.665443e-01
5.915000e-03,7.422701e+00,7.263455e+00,1.344079e+00,7.473941e-01,5.623434e-01,4.411797e-01,3.606703e-01,3.023120e-01,2.598352e-01,4.556464e-01,6.510145e-01,7.141650e-01,7.484658e-01,7.548144e-01,8.046729e-01,8.665152e-01
5.917500e-03,7.422351e+00,7.263093e+00,1.345089e+00,7.473941e-01,5.623433e-01,4.411797e-01,3.606703e-01,3.023120e-01,2.598352e-01,4.559824e-01,6.505935e-01,7.135649e-01,7.481139e-01,7.549862e-01,8.049710e-01,8.665295e-01
5.920000e-03,7.422100e+00,7.262744e+00,1.345847e+00,7.473941e-01,5.623433e-01,4.411797e-01,3.606703e-01,3.023120e-01,2.598351e-01,4.562755e-01,6.501503e-01,7.129875e-01,7.478001e-01,7.551299e-01,8.052469e-01,8.665879e-01
5.922500e-03,7.421926e+00,7.262421e+00,1.346338e+00,7.473941e-01,5.623433e-01,4.411796e-01,3.606703e-01,3.023120e-01,2.598351e-01,4.565276e-01,6.496660e-01,7.124355e-01,7.475301e-01,7.552086e-01,8.054626e-01,8.666688e-01
5.925000e-03,7.421838e+00,7.262124e+00,1.346577e+00,7.473940e-01,5.623434e-01,4.411796e-01,3.606704e-01,3.023121e-01,2.598351e-01,4.567303e-01,6.491437e-01,7.119092e-01,7.473040e-01,7.552017e-01,8.055903e-01,8.667222e-01
5.927500e-03,7.421843e+00,7.261860e+00,1.346540e+00,7.473940e-01,5.623434e-01,4.411796e-01,3.606704e-01,3.023121e-01,2.598352e-01,4.568795e-01,6.486112e-01,7.114095e-01,7.471144e-01,7.551090e-01,8.056266e-01,8.667076e-01
5.930000e-03,7.421945e+00,7.261629e+00,1.346207e+00,7.473941e-01,5.623434e-01,4.411796e-01,3.606704e-01,3.023122e-01,2.598352e-01,4.569692e-01,6.480854e-01,7.109397e-01,7.469481e-01,7.549415e-01,8.056047e-01,8.666104e-01
5.932500e-03,7.422151e+00,7.261436e+00,1.345593e+00,7.473941e-01,5.623434e-01,4.411796e-01,3.606704e-01,3.023122e-01,2.598352e-01,4.569966e-01,6.475624e-01,7.105048e-01,7.467903e-01,7.547104e-01,8.055775e-01,8.664384e-01
5.935000e-03,7.422468e+00,7.261283e+00,1.344707e+00,7.473940e-01,5.623434e-01,4.411796e-01,3.606704e-01,3.023122e-01,2.598353e-01,4.569589e-01,6.470410e-01,7.101093e-01,7.466295e-01,7.544239e-01,8.055874e-01,8.662139e-01
5.937500e-03,7.422897e+00,7.261173e+00,1.343532e+00,7.473941e-01,5.623434e-01,4.411795e-01,3.606704e-01,3.023122e-01,2.598353e-01,4.568540e-01,6.465283e-01,7.097587e-01,7.464595e-01,7.540863e-01,8.056491e-01,8.659770e-01
5.940000e-03,7.423438e+00,7.261109e+00,1.342066e+00,7.473942e-01,5.623434e-01,4.411795e-01,3.606704e-01,3.023122e-01,2.598353e-01,4.566784e-01,6.460298e-01,7.094553e-01,7.462787e-01,7.536994e-01,8.057461e-01,8.657928e-01
5.942500e-03,7.424089e+00,7.261096e+00,1.340318e+00,7.473943e-01,5.623434e-01,4.411795e-01,3.606703e-01,3.023122e-01,2.598353e-01,4.564313e-01,6.455514e-01,7.091948e-01,7.460881e-01,7.532658e-01,8.058357e-01,8.657258e-01
5.945000e-03,7.424850e+00,7.261134e+00,1.338307e+00,7.473942e-01,5.623435e-01,4.411795e-01,3.606703e-01,3.023122e-01,2.598354e-01,4.561123e-01,6.451012e-01,7.089715e-01,7.458889e-01,7.527932e-01,8.058660e-01,8.658172e-01
5.947500e-03,7.425718e+00,7.261225e+00,1.336044e+00,7.473941e-01,5.623436e-01,4.411794e-01,3.606702e-01,3.023122e-01,2.598354e-01,4.557218e-01,6.446846e-01,7.087818e-01,7.456813e-01,7.522960e-01,8.058004e-01,8.660816e-01
5.950000e-03,7.426684e+00,7.261373e+00,1.333534e+00,7.473941e-01,5.623437e-01,4.411795e-01,3.606703e-01,3.023121e-01,2.598354e-01,4.552604e-01,6.443038e-01,7.086234e-01,7.454646e-01,7.517919e-01,8.056278e-01,8.664858e-01
5.952500e-03,7.427739e+00,7.261578e+00,1.330781e+00,7.473940e-01,5.623436e-01,4.411795e-01,3.606702e-01,3.023121e-01,2.598354e-01,4.547296e-01,6.439590e-01,7.084940e-01,7.452390e-01,7.512972e-01,8.053548e-01,8.669784e-01
5.955000e-03,7.428872e+00,7.261845e+00,1.327803e+00,7.473940e-01,5.623436e-01,4.411796e-01,3.606702e-01,3.023121e-01,2.598353e-01,4.541328e-01,6.436530e-01,7.083898e-01,7.450069e-01,7.508226e-01,8.049942e-01,8.674950e-01
5.957500e-03,7.430065e+00,7.262173e+00,1.324615e+00,7.473940e-01,5.623436e-01,4.411797e-01,3.606703e-01,3.023121e-01,2.598353e-01,4.534747e-01,6.433894e-01,7.083029e-01,7.447719e-01,7.503758e-01,8.045596e-01,8.679795e-01
5.960000e-03,7.431322e+00,7.262561e+00,1.321262e+00,7.473940e-01,5.623436e-01,4.411797e-01,3.606704e-01,3.023120e-01,2.598353e-01,4.527594e-01,6.431701e-01,7.082228e-01,7.445380e-01,7.499698e-01,8.040640e-01,8.683894e-01
5.962500e-03,7.432625e+00,7.263007e+00,1.317760e+00,7.473941e-01,5.623436e-01,4.411796e-01,3.606705e-01,3.023120e-01,2.598352e-01,4.519927e-01,6.429945e-01,7.081415e-01,7.443091e-01,7.496231e-01,8.035242e-01,8.686870e-01
5.965000e-03,7.433961e+00,7.263517e+00,1.313864e+00,7.473944e-01,5.623435e-01,4.411796e-01,3.606706e-01,3.023121e-01,2.598352e-01,4.511754e-01,6.428593e-01,7.080560e-01,7.440885e-01,7.493504e-01,8.029657e-01,8.688393e-01
5.967500e-03,7.435303e+00,7.264086e+00,1.309668e+00,7.473944e-01,5.623435e-01,4.411796e-01,3.606706e-01,3.023122e-01,2.598351e-01,4.503055e-01,6.427580e-01,7.079668e-01,7.438796e-01,7.491602e-01,8.024149e-01,8.688364e-01
5.970000e-03,7.436644e+00,7.264697e+00,1.305153e+00,7.473944e-01,5.623436e-01,4.411796e-01,3.606705e-01,3.023123e-01,2.598351e-01,4.493778e-01,6.426828e-01,7.078753e-01,7.436873e-01,7.490601e-01,8.018966e-01,8.686771e-01
5.972500e-03,7.438020e+00,7.265337e+00,1.300587e+00,7.473947e-01,5.623438e-01,4.411796e-01,3.606705e-01,3.023123e-01,2.598352e-01,4.484155e-01,6.426311e-01,7.077814e-01,7.435172e-01,7.490555e-01,8.014435e-01,8.683633e-01
5.975000e-03,7.439393e+00,7.266029e+00,1.295920e+00,7.473949e-01,5.623439e-01,4.411796e-01,3.606704e-01,3.023123e-01,2.598353e-01,4.474385e-01,6.425976e-01,7.076847e-01,7.433757e-01,7.491352e-01,8.010875e-01,8.678857e-01
5.977500e-03,7.440732e+00,7.266764e+00,1.291243e+00,7.473951e-01,5.623440e-01,4.411797e-01,3.606704e-01,3.023123e-01,2.598354e-01,4.464367e-01,6.425744e-01,7.075852e-01,7.432684e-01,7.492611e-01,8.008292e-01,8.672321e-01
5.980000e-03,7.442032e+00,7.267554e+00,1.286374e+00,7.473951e-01,5.623441e-01,4.411798e-01,3.606703e-01,3.023122e-01,2.598354e-01,4.454228e-01,6.425472e-01,7.074825e-01,7.431994e-01,7.493848e-01,8.006151e-01,8.664337e-01
5.982500e-03,7.443290e+00,7.268383e+00,1.281346e+00,7.473951e-01,5.623441e-01,4.411799e-01,3.606703e-01,3.023122e-01,2.598355e-01,4.443978e-01,6.425203e-01,7.073772e-01,7.431699e-01,7.494840e-01,8.003645e-01,8.655394e-01
5.985000e-03,7.444487e+00,7.269256e+00,1.276193e+00,7.473950e-01,5.623441e-01,4.411800e-01,3.606704e-01,3.023121e-01,2.598354e-01,4.433638e-01,6.425203e-01,7.072715e-01,7.431760e-01,7.495838e-01,8.000431e-01,8.645922e-01
5.987500e-03,7.445713e+00,7.270152e+00,1.270928e+00,7.473948e-01,5.623441e-01,4.411800e-01,3.606705e-01,3.023121e-01,2.598354e-01,4.423218e-01,6.425233e-01,7.071688e-01,7.432078e-01,7.497378e-01,7.997103e-01,8.635955e-01
5.990000e-03,7.446913e+00,7.271085e+00,1.265706e+00,7.473947e-01,5.623440e-01,4.411800e-01,3.606705e-01,3.023121e-01,2.598353e-01,4.413002e-01,6.425006e-01,7.070751e-01,7.432544e-01,7.499900e-01,7.994869e-01,8.625159e-01
5.992500e-03,7.447995e+00,7.272053e+00,1.260303e+00,7.473946e-01,5.623440e-01,4.411800e-01,3.606706e-01,3.023121e-01,2.598353e-01,4.402783e-01,6.424232e-01,7.069956e-01,7.433103e-01,7.503549e-01,7.994812e-01,8.613458e-01
5.995000e-03,7.449032e+00,7.273034e+00,1.254939e+00,7.473945e-01,5.623439e-01,4.411800e-01,3.606707e-01,3.023121e-01,2.598352e-01,4.392651e-01,6.422940e-01,7.069318e-01,7.433797e-01,7.508183e-01,7.997462e-01,8.601383e-01
5.997500e-03,7.450011e+00,7.274025e+00,1.249600e+00,7.473946e-01,5.623438e-01,4.411800e-01,3.606707e-01,3.023122e-01,2.598352e-01,4.382708e-01,6.421667e-01,7.068850e-01,7.434759e-01,7.513419e-01,8.002702e-01,8.589838e-01
6.000000e-03,7.450997e+00,7.275022e+00,1.244227e+00,7.473948e-01,5.623437e-01,4.411800e-01,3.606707e-01,3.023123e-01,2.598352e-01,4.372888e-01,6.420503e-01,7.068554e-01,7.436151e-01,7.518661e-01,8.009595e-01,8.579648e-01
6.000150e-03,7.451243e+00,7.278623e+00,1.216109e+00,7.473174e-01,5.621061e-01,4.411811e-01,3.606269e-01,3.022855e-01,2.597468e-01,4.369447e-01,6.420065e-01,7.068217e-01,7.435974e-01,7.518615e-01,8.009903e-01,8.578485e-01
6.002500e-03,7.446950e+00,7.276594e+00,1.229716e+00,7.473900e-01,5.624423e-01,4.412649e-01,3.606474e-01,3.022460e-01,2.597802e-01,4.358316e-01,6.419134e-01,7.068325e-01,7.438040e-01,7.523226e-01,8.016362e-01,8.576937e-01
6.005000e-03,7.455857e+00,7.277530e+00,1.230508e+00,7.473925e-01,5.623222e-01,4.411542e-01,3.606708e-01,3.023099e-01,2.598585e-01,4.352518e-01,6.401662e-01,7.068499e-01,7.440659e-01,7.526515e-01,8.021522e-01,8.563371e-01
6.007500e-03,7.453346e+00,7.278456e+00,1.224153e+00,7.473468e-01,5.623361e-01,4.411624e-01,3.606484e-01,3.023183e-01,2.598186e-01,4.339113e-01,6.445348e-01,7.065434e-01,7.443808e-01,7.528213e-01,8.023903e-01,8.558576e-01
6.010000e-03,7.455780e+00,7.279936e+00,1.216822e+00,7.474540e-01,5.623490e-01,4.411538e-01,3.606516e-01,3.022830e-01,2.598271e-01,4.329835e-01,6.446235e-01,7.057529e-01,7.446825e-01,7.528347e-01,8.023520e-01,8.561498e-01
6.012500e-03,7.455546e+00,7.280981e+00,1.209986e+00,7.475011e-01,5.623886e-01,4.411676e-01,3.606584e-01,3.022984e-01,2.598171e-01,4.318383e-01,6.377836e-01,7.066092e-01,7.447820e-01,7.527026e-01,8.020901e-01,8.562270e-01
6.015000e-03,7.457132e+00,7.282260e+00,1.202720e+00,7.475542e-01,5.623600e-01,4.411817e-01,3.606606e-01,3.023043e-01,2.598240e-01,4.308194e-01,6.384356e-01,7.089707e-01,7.446916e-01,7.524289e-01,8.016442e-01,8.559283e-01
6.017500e-03,7.458026e+00,7.283485e+00,1.195638e+00,7.476557e-01,5.624094e-01,4.411701e-01,3.606526e-01,3.022952e-01,2.598196e-01,4.297728e-01,6.387807e-01,7.106671e-01,7.449349e-01,7.520240e-01,8.009852e-01,8.556892e-01
6.020000e-03,7.459547e+00,7.284742e+00,1.188761e+00,7.464587e-01,5.624558e-01,4.412060e-01,3.606703e-01,3.023073e-01,2.598219e-01,4.287677e-01,6.407759e-01,7.094376e-01,7.459833e-01,7.515383e-01,8.000099e-01,8.555347e-01
6.022500e-03,7.460950e+00,7.286160e+00,1.183582e+00,7.461862e-01,5.626205e-01,4.412153e-01,3.606782e-01,3.023023e-01,2.598258e-01,4.277285e-01,6.426740e-01,7.062568e-01,7.474450e-01,7.510965e-01,7.985790e-01,8.554348e-01
6.025000e-03,7.462335e+00,7.288029e+00,1.189846e+00,7.468921e-01,5.621789e-01,4.412456e-01,3.606786e-01,3.023048e-01,2.598234e-01,4.266755e-01,6.407149e-01,7.056392e-01,7.486889e-01,7.508950e-01,7.967258e-01,8.552626e-01
6.027500e-03,7.463666e+00,7.289863e+00,1.196239e+00,7.471602e-01,5.616846e-01,4.413701e-01,3.606978e-01,3.023198e-01,2.598298e-01,4.256079e-01,6.384690e-01,7.073404e-01,7.492703e-01,7.510938e-01,7.949503e-01,8.546920e-01
6.030000e-03,7.464947e+00,7.291688e+00,1.202719e+00,7.477048e-01,5.616973e-01,4.413025e-01,3.607134e-01,3.023231e-01,2.598264e-01,4.245023e-01,6.384977e-01,7.084438e-01,7.486929e-01,7.516851e-01,7.939986e-01,8.534853e-01
6.032500e-03,7.466208e+00,7.293446e+00,1.209254e+00,7.471493e-01,5.620096e-01,4.408918e-01,3.608000e-01,3.023254e-01,2.598345e-01,4.233782e-01,6.396787e-01,7.079468e-01,7.472897e-01,7.525206e-01,7.941732e-01,8.517961e-01
6.035000e-03,7.467500e+00,7.295132e+00,1.215696e+00,7.472184e-01,5.621152e-01,4.407325e-01,3.608492e-01,3.023386e-01,2.598445e-01,4.222256e-01,6.400361e-01,7.073166e-01,7.463186e-01,7.534285e-01,7.950821e-01,8.501314e-01
6.037500e-03,7.468767e+00,7.296767e+00,1.221981e+00,7.474076e-01,5.622763e-01,4.407875e-01,3.606247e-01,3.023949e-01,2.598429e-01,4.210561e-01,6.395551e-01,7.083690e-01,7.464648e-01,7.542316e-01,7.960673e-01,8.490841e-01
6.040000e-03,7.469968e+00,7.298312e+00,1.228004e+00,7.473275e-01,5.626284e-01,4.409448e-01,3.603900e-01,3.024719e-01,2.598466e-01,4.198862e-01,6.392286e-01,7.105095e-01,7.473005e-01,7.547618e-01,7.967272e-01,8.488925e-01
6.042500e-03,7.471159e+00,7.299839e+00,1.234153e+00,7.473014e-01,5.622734e-01,4.410181e-01,3.603578e-01,3.023995e-01,2.598865e-01,4.186867e-01,6.393153e-01,7.118720e-01,7.482119e-01,7.550078e-01,7.970846e-01,8.492347e-01
6.045000e-03,7.472281e+00,7.301308e+00,1.240040e+00,7.472810e-01,5.621860e-01,4.410559e-01,3.604126e-01,3.021914e-01,2.599551e-01,4.174678e-01,6.394624e-01,7.118503e-01,7.488926e-01,7.552069e-01,7.973969e-01,8.494811e-01
6.047500e-03,7.473251e+00,7.302730e+00,1.245728e+00,7.472568e-01,5.623369e-01,4.411928e-01,3.605016e-01,3.020769e-01,2.599591e-01,4.162676e-01,6.395462e-01,7.110449e-01,7.491236e-01,7.556879e-01,7.978819e-01,8.492077e-01
6.050000e-03,7.474118e+00,7.304051e+00,1.251339e+00,7.472539e-01,5.623119e-01,4.414209e-01,3.605494e-01,3.020875e-01,2.598360e-01,4.151114e-01,6.396526e-01,7.101415e-01,7.488980e-01,7.566089e-01,7.986097e-01,8.484463e-01
6.052500e-03,7.474988e+00,7.305330e+00,1.257123e+00,7.473000e-01,5.622979e-01,4.411649e-01,3.605792e-01,3.021323e-01,2.596921e-01,4.139326e-01,6.398463e-01,7.096369e-01,7.487051e-01,7.578637e-01,7.995538e-01,8.475119e-01
6.055000e-03,7.476094e+00,7.306574e+00,1.262809e+00,7.473375e-01,5.622940e-01,4.410507e-01,3.606072e-01,3.021879e-01,2.596438e-01,4.126529e-01,6.401081e-01,7.097814e-01,7.492015e-01,7.592102e-01,8.006591e-01,8.466887e-01
6.057500e-03,7.477453e+00,7.307755e+00,1.267768e+00,7.473598e-01,5.622806e-01,4.411560e-01,3.607453e-01,3.022212e-01,2.596647e-01,4.113044e-01,6.404084e-01,7.104805e-01,7.504983e-01,7.604487e-01,8.018598e-01,8.461024e-01
6.060000e-03,7.478739e+00,7.308860e+00,1.272278e+00,7.473948e-01,5.622569e-01,4.411680e-01,3.608725e-01,3.022386e-01,2.597001e-01,4.100342e-01,6.406880e-01,7.113313e-01,7.520397e-01,7.614784e-01,8.030761e-01,8.457921e-01
6.062500e-03,7.479600e+00,7.309928e+00,1.277027e+00,7.474513e-01,5.622360e-01,4.411836e-01,3.606529e-01,3.022633e-01,2.597371e-01,4.089066e-01,6.408306e-01,7.119407e-01,7.532256e-01,7.622403e-01,8.042252e-01,8.457639e-01
6.065000e-03,7.480148e+00,7.310931e+00,1.281933e+00,7.475203e-01,5.622380e-01,4.411736e-01,3.605714e-01,3.022864e-01,2.597615e-01,4.078774e-01,6.408206e-01,7.121947e-01,7.538863e-01,7.626759e-01,8.052527e-01,8.460042e-01
6.067500e-03,7.480563e+00,7.311846e+00,1.286990e+00,7.475793e-01,5.622628e-01,4.411392e-01,3.606543e-01,3.024160e-01,2.597739e-01,4.069374e-01,6.407906e-01,7.122174e-01,7.541963e-01,7.627766e-01,8.061627e-01,8.464651e-01
6.070000e-03,7.480887e+00,7.312730e+00,1.291958e+00,7.476138e-01,5.622888e-01,4.411202e-01,3.606755e-01,3.024780e-01,2.597921e-01,4.060358e-01,6.408635e-01,7.121929e-01,7.543529e-01,7.626573e-01,8.070086e-01,8.470690e-01
6.072500e-03,7.481088e+00,7.313558e+00,1.296550e+00,7.476225e-01,5.623035e-01,4.411124e-01,3.606757e-01,3.022921e-01,2.598080e-01,4.051718e-01,6.410906e-01,7.122438e-01,7.544260e-01,7.625396e-01,8.078374e-01,8.477445e-01
6.075000e-03,7.481312e+00,7.314310e+00,1.300817e+00,7.476099e-01,5.623135e-01,4.411008e-01,3.606648e-01,3.022369e-01,2.598400e-01,4.043614e-01,6.413983e-01,7.124077e-01,7.544262e-01,7.626336e-01,8.086316e-01,8.484602e-01
6.077500e-03,7.481507e+00,7.314995e+00,1.304752e+00,7.475704e-01,5.623289e-01,4.410933e-01,3.606366e-01,3.023065e-01,2.599543e-01,4.036200e-01,6.416379e-01,7.126768e-01,7.544077e-01,7.630055e-01,8.093024e-01,8.492266e-01
6.080000e-03,7.481633e+00,7.315615e+00,1.308338e+00,7.475406e-01,5.623545e-01,4.411010e-01,3.606275e-01,3.023212e-01,2.599548e-01,4.029480e-01,6.417514e-01,7.130195e-01,7.544711e-01,7.635431e-01,8.097441e-01,8.500723e-01
6.082500e-03,7.481717e+00,7.316185e+00,1.311325e+00,7.475622e-01,5.623894e-01,4.411179e-01,3.606235e-01,3.023077e-01,2.598109e-01,4.023234e-01,6.418075e-01,7.133973e-01,7.546898e-01,7.640430e-01,8.099078e-01,8.510166e-01
6.085000e-03,7.481877e+00,7.316656e+00,1.313679e+00,7.475517e-01,5.624202e-01,4.411339e-01,3.606174e-01,3.023004e-01,2.597887e-01,4.018118e-01,6.418962e-01,7.137950e-01,7.550544e-01,7.643358e-01,8.098477e-01,8.520350e-01
6.087500e-03,7.481837e+00,7.317063e+00,1.316950e+00,7.474701e-01,5.624476e-01,4.411449e-01,3.606116e-01,3.022910e-01,2.598363e-01,4.014229e-01,6.420412e-01,7.142332e-01,7.554861e-01,7.643571e-01,8.097028e-01,8.530559e-01
6.090000e-03,7.481708e+00,7.317497e+00,1.320082e+00,7.473939e-01,5.624952e-01,4.411541e-01,3.606065e-01,3.022829e-01,2.598360e-01,4.009126e-01,6.422289e-01,7.147431e-01,7.558942e-01,7.641316e-01,8.096129e-01,8.540028e-01
6.092500e-03,7.482213e+00,7.317849e+00,1.321295e+00,7.473600e-01,5.625271e-01,4.411627e-01,3.606092e-01,3.022832e-01,2.598215e-01,4.003493e-01,6.424507e-01,7.153162e-01,7.562162e-01,7.637206e-01,8.096243e-01,8.548232e-01
6.095000e-03,7.482766e+00,7.318094e+00,1.322407e+00,7.473480e-01,5.625047e-01,4.411733e-01,3.606197e-01,3.022777e-01,2.598176e-01,3.999840e-01,6.426695e-01,7.158878e-01,7.564275e-01,7.631864e-01,8.096617e-01,8.555149e-01
6.097500e-03,7.482821e+00,7.318337e+00,1.324287e+00,7.473405e-01,5.624628e-01,4.412056e-01,3.606335e-01,3.022706e-01,2.598189e-01,3.997223e-01,6.429329e-01,7.163733e-01,7.565311e-01,7.625866e-01,8.095947e-01,8.561155e-01
6.100000e-03,7.482840e+00,7.318567e+00,1.325867e+00,7.473356e-01,5.624344e-01,4.412523e-01,3.606456e-01,3.022694e-01,2.598152e-01,3.994547e-01,6.433907e-01,7.167208e-01,7.565464e-01,7.619734e-01,8.093415e-01,8.566701e-01
6.102500e-03,7.482937e+00,7.318759e+00,1.327132e+00,7.473351e-01,5.624167e-01,4.412727e-01,3.606517e-01,3.022682e-01,2.598067e-01,3.992246e-01,6.438253e-01,7.169396e-01,7.565045e-01,7.613883e-01,8.089143e-01,8.571999e-01
6.105000e-03,7.482911e+00,7.318925e+00,1.328399e+00,7.473395e-01,5.624000e-01,4.412708e-01,3.606622e-01,3.022689e-01,2.597976e-01,3.990522e-01,6.438490e-01,7.170883e-01,7.564409e-01,7.608579e-01,8.083875e-01,8.576938e-01
6.107500e-03,7.482777e+00,7.319072e+00,1.329654e+00,7.473453e-01,5.623812e-01,4.412704e-01,3.606881e-01,3.022747e-01,2.597957e-01,3.989221e-01,6.437400e-01,7.172290e-01,7.563840e-01,7.603983e-01,8.078430e-01,8.581300e-01
6.110000e-03,7.482566e+00,7.319193e+00,1.330887e+00,7.473500e-01,5.623622e-01,4.412736e-01,3.607070e-01,3.022819e-01,2.597968e-01,3.988347e-01,6.440892e-01,7.174222e-01,7.563442e-01,7.600195e-01,8.073382e-01,8.585046e-01
6.112500e-03,7.482267e+00,7.319289e+00,1.332169e+00,7.473580e-01,5.623469e-01,4.412747e-01,3.607080e-01,3.022895e-01,2.598006e-01,3.987946e-01,6.448177e-01,7.177383e-01,7.563088e-01,7.597198e-01,8.068985e-01,8.588290e-01
6.115000e-03,7.481879e+00,7.319357e+00,1.333468e+00,7.473662e-01,5.623368e-01,4.412709e-01,3.607105e-01,3.023069e-01,2.598042e-01,3.988138e-01,6.453509e-01,7.181328e-01,7.562472e-01,7.594775e-01,8.065198e-01,8.591141e-01
6.117500e-03,7.481396e+00,7.319390e+00,1.334795e+00,7.473698e-01,5.623298e-01,4.412615e-01,3.607212e-01,3.023284e-01,2.598061e-01,3.989042e-01,6.455282e-01,7.183726e-01,7.561231e-01,7.592546e-01,8.061782e-01,8.593792e-01
6.120000e-03,7.480831e+00,7.319381e+00,1.336230e+00,7.473771e-01,5.623256e-01,4.412479e-01,3.607336e-01,3.023350e-01,2.598077e-01,3.990778e-01,6.456545e-01,7.182946e-01,7.559067e-01,7.590139e-01,8.058434e-01,8.596340e-01
6.122500e-03,7.480116e+00,7.319337e+00,1.337831e+00,7.473877e-01,5.623248e-01,4.412334e-01,3.607436e-01,3.023330e-01,2.598164e-01,3.993361e-01,6.459077e-01,7.180097e-01,7.555937e-01,7.587363e-01,8.054926e-01,8.598740e-01
6.125000e-03,7.479243e+00,7.319257e+00,1.339581e+00,7.473903e-01,5.623239e-01,4.412201e-01,3.607494e-01,3.023368e-01,2.598362e-01,3.996773e-01,6.461761e-01,7.177034e-01,7.552211e-01,7.584267e-01,8.051163e-01,8.601098e-01
6.127500e-03,7.478245e+00,7.319132e+00,1.341380e+00,7.473850e-01,5.623241e-01,4.412076e-01,3.607494e-01,3.023453e-01,2.598522e-01,4.001013e-01,6.463655e-01,7.174529e-01,7.548345e-01,7.581051e-01,8.047180e-01,8.603521e-01
6.130000e-03,7.477195e+00,7.318951e+00,1.343061e+00,7.473811e-01,5.623291e-01,4.411969e-01,3.607443e-01,3.023542e-01,2.598555e-01,4.006119e-01,6.465256e-01,7.172913e-01,7.544193e-01,7.577934e-01,8.043102e-01,8.606293e-01
6.132500e-03,7.476109e+00,7.318705e+00,1.344599e+00,7.473808e-01,5.623339e-01,4.411879e-01,3.607378e-01,3.023624e-01,2.598564e-01,4.012220e-01,6.467100e-01,7.172378e-01,7.539144e-01,7.575021e-01,8.039135e-01,8.609478e-01
6.135000e-03,7.474943e+00,7.318400e+00,1.346052e+00,7.473787e-01,5.623334e-01,4.411801e-01,3.607303e-01,3.023689e-01,2.598610e-01,4.019244e-01,6.469165e-01,7.172287e-01,7.533121e-01,7.572247e-01,8.035516e-01,8.612876e-01
6.137500e-03,7.473729e+00,7.318044e+00,1.347280e+00,7.473772e-01,5.623300e-01,4.411758e-01,3.607213e-01,3.023718e-01,2.598662e-01,4.026912e-01,6.470950e-01,7.171197e-01,7.526902e-01,7.569428e-01,8.032396e-01,8.616258e-01
6.140000e-03,7.472522e+00,7.317636e+00,1.348120e+00,7.473818e-01,5.623279e-01,4.411749e-01,3.607117e-01,3.023724e-01,2.598703e-01,4.035111e-01,6.472065e-01,7.167891e-01,7.521249e-01,7.566331e-01,8.029748e-01,8.619416e-01
6.142500e-03,7.471340e+00,7.317169e+00,1.348525e+00,7.473888e-01,5.623270e-01,4.411733e-01,3.607019e-01,3.023721e-01,2.598739e-01,4.043838e-01,6.472306e-01,7.162285e-01,7.516185e-01,7.562675e-01,8.027388e-01,8.622274e-01
6.145000e-03,7.470218e+00,7.316647e+00,1.348583e+00,7.473936e-01,5.623259e-01,4.411698e-01,3.606930e-01,3.023701e-01,2.598767e-01,4.053026e-01,6.471937e-01,7.155490e-01,7.511250e-01,7.558122e-01,8.025045e-01,8.624866e-01
6.147500e-03,7.469066e+00,7.316100e+00,1.348501e+00,7.473995e-01,5.623275e-01,4.411662e-01,3.606864e-01,3.023659e-01,2.598780e-01,4.062517e-01,6.471385e-01,7.149189e-01,7.506158e-01,7.552427e-01,8.022420e-01,8.627299e-01
6.150000e-03,7.467928e+00,7.315517e+00,1.348074e+00,7.474101e-01,5.623321e-01,4.411639e-01,3.606810e-01,3.023606e-01,2.598791e-01,4.072225e-01,6.470564e-01,7.144577e-01,7.501041e-01,7.545669e-01,8.019288e-01,8.629636e-01
6.152500e-03,7.466811e+00,7.314893e+00,1.347046e+00,7.474171e-01,5.623371e-01,4.411623e-01,3.606749e-01,3.023544e-01,2.598802e-01,4.082109e-01,6.469228e-01,7.141537e-01,7.496189e-01,7.538288e-01,8.015581e-01,8.631904e-01
6.155000e-03,7.465715e+00,7.314250e+00,1.345750e+00,7.474099e-01,5.623446e-01,4.411622e-01,3.606687e-01,3.023485e-01,2.598800e-01,4.092065e-01,6.467417e-01,7.138870e-01,7.491668e-01,7.530857e-01,8.011335e-01,8.634053e-01
6.157500e-03,7.464674e+00,7.313583e+00,1.344154e+00,7.473918e-01,5.623561e-01,4.411649e-01,3.606633e-01,3.023431e-01,2.598787e-01,4.102059e-01,6.465390e-01,7.135432e-01,7.487182e-01,7.523787e-01,8.006551e-01,8.636073e-01
6.160000e-03,7.463683e+00,7.312899e+00,1.342197e+00,7.473732e-01,5.623633e-01,4.411689e-01,3.606591e-01,3.023369e-01,2.598765e-01,4.111955e-01,6.463014e-01,7.130816e-01,7.482312e-01,7.517233e-01,8.001205e-01,8.638006e-01
6.162500e-03,7.462755e+00,7.312214e+00,1.339790e+00,7.473600e-01,5.623571e-01,4.411748e-01,3.606564e-01,3.023299e-01,2.598739e-01,4.121502e-01,6.460120e-01,7.125138e-01,7.476907e-01,7.511186e-01,7.995399e-01,8.639989e-01
6.165000e-03,7.461857e+00,7.311506e+00,1.336871e+00,7.473560e-01,5.623427e-01,4.411845e-01,3.606562e-01,3.023229e-01,2.598713e-01,4.130847e-01,6.456836e-01,7.118742e-01,7.471220e-01,7.505626e-01,7.989411e-01,8.642096e-01
6.167500e-03,7.461031e+00,7.310770e+00,1.333479e+00,7.473621e-01,5.623318e-01,4.411932e-01,3.606582e-01,3.023164e-01,2.598682e-01,4.139873e-01,6.453247e-01,7.112158e-01,7.465643e-01,7.500592e-01,7.983569e-01,8.644133e-01
6.170000e-03,7.460368e+00,7.310019e+00,1.329827e+00,7.473723e-01,5.623262e-01,4.411924e-01,3.606620e-01,3.023108e-01,2.598640e-01,4.148515e-01,6.449384e-01,7.105934e-01,7.460360e-01,7.496154e-01,7.978075e-01,8.645837e-01
6.172500e-03,7.459787e+00,7.309269e+00,1.325839e+00,7.473796e-01,5.623207e-01,4.411821e-01,3.606686e-01,3.023068e-01,2.598589e-01,4.156612e-01,6.445432e-01,7.100348e-01,7.455279e-01,7.492335e-01,7.972975e-01,8.647168e-01
6.175000e-03,7.459333e+00,7.308512e+00,1.321528e+00,7.473829e-01,5.623168e-01,4.411721e-01,3.606765e-01,3.023054e-01,2.598534e-01,4.164128e-01,6.441609e-01,7.095330e-01,7.450264e-01,7.489091e-01,7.968232e-01,8.648289e-01
6.177500e-03,7.459011e+00,7.307769e+00,1.316987e+00,7.473846e-01,5.623189e-01,4.411684e-01,3.606794e-01,3.023062e-01,2.598478e-01,4.170929e-01,6.437763e-01,7.090574e-01,7.445338e-01,7.486351e-01,7.963818e-01,8.649180e-01
6.180000e-03,7.458908e+00,7.307041e+00,1.312461e+00,7.473870e-01,5.623254e-01,4.411670e-01,3.606741e-01,3.023095e-01,2.598426e-01,4.177127e-01,6.433577e-01,7.085718e-01,7.440595e-01,7.484099e-01,7.959768e-01,8.649892e-01
6.182500e-03,7.458885e+00,7.306351e+00,1.308120e+00,7.473882e-01,5.623309e-01,4.411628e-01,3.606656e-01,3.023147e-01,2.598388e-01,4.182719e-01,6.429144e-01,7.080557e-01,7.436004e-01,7.482396e-01,7.956178e-01,8.650356e-01
6.185000e-03,7.458940e+00,7.305701e+00,1.303779e+00,7.473829e-01,5.623335e-01,4.411586e-01,3.606608e-01,3.023184e-01,2.598370e-01,4.187541e-01,6.424898e-01,7.075098e-01,7.431395e-01,7.481283e-01,7.953189e-01,8.650493e-01
6.187500e-03,7.459088e+00,7.305092e+00,1.299340e+00,7.473690e-01,5.623349e-01,4.411595e-01,3.606604e-01,3.023167e-01,2.598376e-01,4.191504e-01,6.420840e-01,7.069440e-01,7.426643e-01,7.480680e-01,7.950957e-01,8.650269e-01
6.190000e-03,7.459370e+00,7.304530e+00,1.294933e+00,7.473546e-01,5.623365e-01,4.411646e-01,3.606595e-01,3.023106e-01,2.598400e-01,4.194655e-01,6.416807e-01,7.063770e-01,7.421834e-01,7.480384e-01,7.949625e-01,8.649778e-01
6.192500e-03,7.459779e+00,7.304026e+00,1.290688e+00,7.473520e-01,5.623359e-01,4.411690e-01,3.606553e-01,3.023049e-01,2.598426e-01,4.197011e-01,6.412930e-01,7.058381e-01,7.417238e-01,7.480181e-01,7.949292e-01,8.649179e-01
6.195000e-03,7.460239e+00,7.303593e+00,1.286682e+00,7.473640e-01,5.623293e-01,4.411711e-01,3.606517e-01,3.023029e-01,2.598422e-01,4.198568e-01,6.409177e-01,7.053446e-01,7.413136e-01,7.479967e-01,7.950015e-01,8.648631e-01
6.197500e-03,7.460756e+00,7.303238e+00,1.283047e+00,7.473818e-01,5.623185e-01,4.411723e-01,3.606528e-01,3.023033e-01,2.598381e-01,4.199376e-01,6.405255e-01,7.048881e-01,7.409686e-01,7.479799e-01,7.951817e-01,8.648254e-01
6.200000e-03,7.461333e+00,7.302965e+00,1.279815e+00,7.473956e-01,5.623112e-01,4.411732e-01,3.606572e-01,3.023020e-01,2.598326e-01,4.199422e-01,6.401143e-01,7.044511e-01,7.406885e-01,7.479835e-01,7.954660e-01,8.648149e-01
6.202500e-03,7.461973e+00,7.302776e+00,1.277000e+00,7.474013e-01,5.623135e-01,4.411711e-01,3.606608e-01,3.022979e-01,2.598288e-01,4.198686e-01,6.397087e-01,7.040250e-01,7.404622e-01,7.480248e-01,7.958399e-01,8.648359e-01
6.205000e-03,7.462683e+00,7.302674e+00,1.274607e+00,7.473994e-01,5.623241e-01,4.411647e-01,3.606627e-01,3.022950e-01,2.598278e-01,4.197165e-01,6.393318e-01,7.036111e-01,7.402753e-01,7.481154e-01,7.962815e-01,8.648874e-01
6.207500e-03,7.463467e+00,7.302655e+00,1.272621e+00,7.473929e-01,5.623366e-01,4.411574e-01,3.606639e-01,3.022965e-01,2.598277e-01,4.194888e-01,6.389752e-01,7.032152e-01,7.401179e-01,7.482603e-01,7.967704e-01,8.649633e-01
6.210000e-03,7.464318e+00,7.302719e+00,1.271019e+00,7.473878e-01,5.623452e-01,4.411545e-01,3.606639e-01,3.023005e-01,2.598256e-01,4.191888e-01,6.386148e-01,7.028482e-01,7.399877e-01,7.484598e-01,7.972936e-01,8.650636e-01
6.212500e-03,7.465234e+00,7.302863e+00,1.269799e+00,7.473893e-01,5.623476e-01,4.411585e-01,3.606607e-01,3.023036e-01,2.598217e-01,4.188197e-01,6.382497e-01,7.025231e-01,7.398889e-01,7.487108e-01,7.978425e-01,8.651855e-01
6.215000e-03,7.466212e+00,7.303084e+00,1.268956e+00,7.473955e-01,5.623451e-01,4.411670e-01,3.606551e-01,3.023053e-01,2.598196e-01,4.183823e-01,6.378865e-01,7.022416e-01,7.398284e-01,7.490067e-01,7.984079e-01,8.653148e-01
6.217500e-03,7.467258e+00,7.303378e+00,1.268450e+00,7.474007e-01,5.623420e-01,4.411755e-01,3.606506e-01,3.023061e-01,2.598212e-01,4.178736e-01,6.375280e-01,7.019936e-01,7.398129e-01,7.493387e-01,7.989764e-01,8.654441e-01
6.220000e-03,7.468380e+00,7.303744e+00,1.268253e+00,7.474023e-01,5.623419e-01,4.411805e-01,3.606506e-01,3.023052e-01,2.598246e-01,4.172915e-01,6.371815e-01,7.017752e-01,7.398475e-01,7.496985e-01,7.995301e-01,8.655725e-01
6.222500e-03,7.469578e+00,7.304179e+00,1.268340e+00,7.474017e-01,5.623448e-01,4.411810e-01,3.606551e-01,3.023018e-01,2.598272e-01,4.166383e-01,6.368546e-01,7.015951e-01,7.399341e-01,7.500804e-01,8.000526e-01,8.656905e-01
6.225000e-03,7.470840e+00,7.304683e+00,1.268682e+00,7.473986e-01,5.623479e-01,4.411793e-01,3.606618e-01,3.022975e-01,2.598288e-01,4.159173e-01,6.365499e-01,7.014611e-01,7.400724e-01,7.504812e-01,8.005348e-01,8.657807e-01
6.227500e-03,7.472136e+00,7.305249e+00,1.269320e+00,7.473913e-01,5.623495e-01,4.411790e-01,3.606675e-01,3.022952e-01,2.598291e-01,4.151345e-01,6.362665e-01,7.013734e-01,7.402608e-01,7.508989e-01,8.009764e-01,8.658315e-01
6.230000e-03,7.473478e+00,7.305879e+00,1.270334e+00,7.473826e-01,5.623498e-01,4.411808e-01,3.606701e-01,3.022965e-01,2.598277e-01,4.142911e-01,6.359992e-01,7.013289e-01,7.404968e-01,7.513324e-01,8.013835e-01,8.658337e-01
6.232500e-03,7.474845e+00,7.306572e+00,1.271601e+00,7.473798e-01,5.623486e-01,4.411830e-01,3.606699e-01,3.023008e-01,2.598246e-01,4.133797e-01,6.357382e-01,7.013234e-01,7.407765e-01,7.517798e-01,8.017673e-01,8.657704e-01
6.235000e-03,7.476231e+00,7.307316e+00,1.273090e+00,7.473867e-01,5.623445e-01,4.411843e-01,3.606694e-01,3.023060e-01,2.598215e-01,4.124028e-01,6.354877e-01,7.013531e-01,7.410938e-01,7.522375e-01,8.021441e-01,8.656324e-01
6.237500e-03,7.477642e+00,7.308106e+00,1.274805e+00,7.473979e-01,5.623377e-01,4.411848e-01,3.606705e-01,3.023098e-01,2.598207e-01,4.113653e-01,6.352627e-01,7.014204e-01,7.414425e-01,7.526989e-01,8.025333e-01,8.654274e-01
6.240000e-03,7.479071e+00,7.308941e+00,1.276757e+00,7.474051e-01,5.623320e-01,4.411845e-01,3.606724e-01,3.023110e-01,2.598226e-01,4.102693e-01,6.350771e-01,7.015373e-01,7.418197e-01,7.531546e-01,8.029501e-01,8.651646e-01
6.242500e-03,7.480490e+00,7.309824e+00,1.278745e+00,7.474042e-01,5.623323e-01,4.411825e-01,3.606737e-01,3.023109e-01,2.598265e-01,4.090995e-01,6.349343e-01,7.017167e-01,7.422269e-01,7.535956e-01,8.033974e-01,8.648587e-01
6.245000e-03,7.481988e+00,7.310721e+00,1.280880e+00,7.473981e-01,5.623395e-01,4.411785e-01,3.606741e-01,3.023113e-01,2.598304e-01,4.078834e-01,6.348088e-01,7.019601e-01,7.426661e-01,7.540163e-01,8.038657e-01,8.645300e-01
6.247500e-03,7.483494e+00,7.311605e+00,1.283223e+00,7.473933e-01,5.623484e-01,4.411739e-01,3.606740e-01,3.023129e-01,2.598329e-01,4.066554e-01,6.346795e-01,7.022576e-01,7.431352e-01,7.544176e-01,8.043388e-01,8.642026e-01
6.250000e-03,7.484987e+00,7.312532e+00,1.285580e+00,7.473943e-01,5.623528e-01,4.411713e-01,3.606730e-01,3.023145e-01,2.598336e-01,4.053680e-01,6.345618e-01,7.025978e-01,7.436278e-01,7.548054e-01,8.048047e-01,8.638936e-01
6.252500e-03,7.486417e+00,7.313478e+00,1.287764e+00,7.473991e-01,5.623509e-01,4.411729e-01,3.606707e-01,3.023151e-01,2.598339e-01,4.040286e-01,6.344729e-01,7.029751e-01,7.441354e-01,7.551878e-01,8.052603e-01,8.636086e-01
6.255000e-03,7.487892e+00,7.314423e+00,1.289968e+00,7.474031e-01,5.623466e-01,4.411788e-01,3.606677e-01,3.023150e-01,2.598350e-01,4.026586e-01,6.344243e-01,7.033889e-01,7.446514e-01,7.555708e-01,8.057081e-01,8.633415e-01
6.257500e-03,7.489335e+00,7.315383e+00,1.292042e+00,7.474032e-01,5.623452e-01,4.411852e-01,3.606652e-01,3.023144e-01,2.598366e-01,4.012559e-01,6.344312e-01,7.038404e-01,7.451726e-01,7.559569e-01,8.061481e-01,8.631044e-01
6.260000e-03,7.490717e+00,7.316360e+00,1.293675e+00,7.474000e-01,5.623478e-01,4.411878e-01,3.606643e-01,3.023131e-01,2.598376e-01,3.998129e-01,6.345056e-01,7.043297e-01,7.456995e-01,7.563464e-01,8.065737e-01,8.629030e-01
6.262500e-03,7.492082e+00,7.317334e+00,1.295445e+00,7.473956e-01,5.623510e-01,4.411861e-01,3.606664e-01,3.023112e-01,2.598378e-01,3.983441e-01,6.346326e-01,7.048509e-01,7.462351e-01,7.567381e-01,8.069744e-01,8.627496e-01
6.265000e-03,7.493461e+00,7.318297e+00,1.297376e+00,7.473923e-01,5.623517e-01,4.411838e-01,3.606713e-01,3.023093e-01,2.598373e-01,3.968761e-01,6.347863e-01,7.053899e-01,7.467829e-01,7.571293e-01,8.073414e-01,8.626518e-01
6.267500e-03,7.494837e+00,7.319241e+00,1.298908e+00,7.473911e-01,5.623495e-01,4.411840e-01,3.606760e-01,3.023081e-01,2.598363e-01,3.953847e-01,6.349636e-01,7.059325e-01,7.473448e-01,7.575171e-01,8.076711e-01,8.626088e-01
6.270000e-03,7.496200e+00,7.320190e+00,1.300383e+00,7.473909e-01,5.623461e-01,4.411861e-01,3.606775e-01,3.023080e-01,2.598350e-01,3.938994e-01,6.351851e-01,7.064714e-01,7.479195e-01,7.579007e-01,8.079659e-01,8.626134e-01
6.272500e-03,7.497436e+00,7.321135e+00,1.301630e+00,7.473897e-01,5.623432e-01,4.411871e-01,3.606764e-01,3.023100e-01,2.598336e-01,3.924151e-01,6.354390e-01,7.070120e-01,7.485022e-01,7.582825e-01,8.082380e-01,8.626540e-01
6.275000e-03,7.498559e+00,7.322081e+00,1.302662e+00,7.473884e-01,5.623415e-01,4.411859e-01,3.606756e-01,3.023140e-01,2.598326e-01,3.909339e-01,6.356700e-01,7.075707e-01,7.490853e-01,7.586615e-01,8.085073e-01,8.627170e-01
6.277500e-03,7.499585e+00,7.323014e+00,1.303371e+00,7.473905e-01,5.623409e-01,4.411834e-01,3.606763e-01,3.023177e-01,2.598320e-01,3.894640e-01,6.359343e-01,7.081609e-01,7.496618e-01,7.590263e-01,8.087858e-01,8.627923e-01
6.280000e-03,7.500557e+00,7.323926e+00,1.303988e+00,7.473985e-01,5.623402e-01,4.411809e-01,3.606772e-01,3.023189e-01,2.598321e-01,3.880221e-01,6.362802e-01,7.087862e-01,7.502260e-01,7.593586e-01,8.090515e-01,8.628713e-01
6.282500e-03,7.501454e+00,7.324792e+00,1.304672e+00,7.474094e-01,5.623391e-01,4.411792e-01,3.606767e-01,3.023184e-01,2.598341e-01,3.866621e-01,6.366658e-01,7.094371e-01,7.507732e-01,7.596465e-01,8.092458e-01,8.629639e-01
6.285000e-03,7.502266e+00,7.325621e+00,1.305269e+00,7.474165e-01,5.623398e-01,4.411782e-01,3.606748e-01,3.023182e-01,2.598376e-01,3.853655e-01,6.370359e-01,7.100924e-01,7.512984e-01,7.598945e-01,8.093184e-01,8.630803e-01
6.287500e-03,7.502908e+00,7.326416e+00,1.305836e+00,7.474157e-01,5.623443e-01,4.411776e-01,3.606726e-01,3.023186e-01,2.598406e-01,3.841177e-01,6.373901e-01,7.107324e-01,7.517945e-01,7.601152e-01,8.092727e-01,8.631992e-01
6.290000e-03,7.503496e+00,7.327162e+00,1.306171e+00,7.474095e-01,5.623514e-01,4.411769e-01,3.606708e-01,3.023186e-01,2.598417e-01,3.829331e-01,6.377910e-01,7.113441e-01,7.522548e-01,7.603093e-01,8.091574e-01,8.632521e-01
6.292500e-03,7.504019e+00,7.327843e+00,1.306276e+00,7.474035e-01,5.623568e-01,4.411769e-01,3.606696e-01,3.023174e-01,2.598418e-01,3.818467e-01,6.382429e-01,7.119133e-01,7.526784e-01,7.604497e-01,8.090144e-01,8.631684e-01
6.295000e-03,7.504452e+00,7.328453e+00,1.306453e+00,7.474001e-01,5.623569e-01,4.411791e-01,3.606687e-01,3.023155e-01,2.598418e-01,3.808662e-01,6.386775e-01,7.124375e-01,7.530716e-01,7.604873e-01,8.088321e-01,8.629336e-01
6.297500e-03,7.504852e+00,7.329021e+00,1.306727e+00,7.473978e-01,5.623530e-01,4.411835e-01,3.606681e-01,3.023137e-01,2.598418e-01,3.799796e-01,6.390831e-01,7.129420e-01,7.534424e-01,7.603840e-01,8.085436e-01,8.625799e-01
6.300000e-03,7.505076e+00,7.329550e+00,1.306993e+00,7.473942e-01,5.623491e-01,4.411880e-01,3.606679e-01,3.023124e-01,2.598410e-01,3.791876e-01,6.394843e-01,7.134585e-01,7.537926e-01,7.601424e-01,8.080810e-01,8.621545e-01
6.302500e-03,7.505187e+00,7.330019e+00,1.307419e+00,7.473894e-01,5.623474e-01,4.411893e-01,3.606690e-01,3.023114e-01,2.598395e-01,3.785052e-01,6.399119e-01,7.139879e-01,7.541140e-01,7.597998e-01,8.074492e-01,8.616851e-01
6.305000e-03,7.505195e+00,7.330424e+00,1.307973e+00,7.473865e-01,5.623467e-01,4.411870e-01,3.606718e-01,3.023106e-01,2.598379e-01,3.779362e-01,6.403595e-01,7.145042e-01,7.543899e-01,7.593943e-01,8.067496e-01,8.611647e-01
6.307500e-03,7.505086e+00,7.330768e+00,1.308640e+00,7.473883e-01,5.623452e-01,4.411838e-01,3.606753e-01,3.023102e-01,2.598365e-01,3.774795e-01,6.407858e-01,7.149885e-01,7.545989e-01,7.589401e-01,8.061109e-01,8.605701e-01
6.310000e-03,7.504868e+00,7.331048e+00,1.309472e+00,7.473940e-01,5.623422e-01,4.411821e-01,3.606773e-01,3.023106e-01,2.598354e-01,3.771375e-01,6.411931e-01,7.154411e-01,7.547198e-01,7.584337e-01,8.055988e-01,8.599169e-01
6.312500e-03,7.504563e+00,7.331259e+00,1.310531e+00,7.473993e-01,5.623393e-01,4.411818e-01,3.606765e-01,3.023122e-01,2.598345e-01,3.769153e-01,6.415685e-01,7.158574e-01,7.547384e-01,7.578746e-01,8.052062e-01,8.593055e-01
6.315000e-03,7.504171e+00,7.331401e+00,1.311852e+00,7.474002e-01,5.623383e-01,4.411814e-01,3.606740e-01,3.023148e-01,2.598338e-01,3.768148e-01,6.419065e-01,7.162222e-01,7.546568e-01,7.572719e-01,8.048981e-01,8.588893e-01
6.317500e-03,7.503683e+00,7.331477e+00,1.313466e+00,7.473966e-01,5.623407e-01,4.411801e-01,3.606720e-01,3.023171e-01,2.598338e-01,3.768348e-01,6.422320e-01,7.165305e-01,7.544903e-01,7.566409e-01,8.046304e-01,8.587717e-01
6.320000e-03,7.503091e+00,7.331491e+00,1.315346e+00,7.473925e-01,5.623451e-01,4.411782e-01,3.606714e-01,3.023175e-01,2.598346e-01,3.769720e-01,6.425507e-01,7.167880e-01,7.542540e-01,7.559975e-01,8.043417e-01,8.589656e-01
6.322500e-03,7.502401e+00,7.331442e+00,1.317463e+00,7.473909e-01,5.623486e-01,4.411766e-01,3.606714e-01,3.023159e-01,2.598364e-01,3.772242e-01,6.428563e-01,7.169971e-01,7.539569e-01,7.553569e-01,8.039614e-01,8.594321e-01
6.325000e-03,7.501623e+00,7.331329e+00,1.319798e+00,7.473918e-01,5.623488e-01,4.411765e-01,3.606709e-01,3.023139e-01,2.598384e-01,3.775887e-01,6.431480e-01,7.171542e-01,7.536089e-01,7.547316e-01,8.034380e-01,8.601060e-01
6.327500e-03,7.500764e+00,7.331155e+00,1.322320e+00,7.473928e-01,5.623462e-01,4.411784e-01,3.606699e-01,3.023128e-01,2.598395e-01,3.780617e-01,6.434233e-01,7.172470e-01,7.532241e-01,7.541306e-01,8.027596e-01,8.608902e-01
6.330000e-03,7.499829e+00,7.330924e+00,1.324984e+00,7.473926e-01,5.623436e-01,4.411817e-01,3.606688e-01,3.023127e-01,2.598390e-01,3.786370e-01,6.436758e-01,7.172560e-01,7.528147e-01,7.535598e-01,8.019556e-01,8.616654e-01
6.332500e-03,7.498820e+00,7.330637e+00,1.327796e+00,7.473918e-01,5.623425e-01,4.411841e-01,3.606679e-01,3.023126e-01,2.598374e-01,3.793116e-01,6.439025e-01,7.171668e-01,7.523856e-01,7.530231e-01,8.010861e-01,8.623287e-01
6.335000e-03,7.497749e+00,7.330295e+00,1.330760e+00,7.473919e-01,5.623425e-01,4.411841e-01,3.606682e-01,3.023122e-01,2.598361e-01,3.800809e-01,6.441038e-01,7.169777e-01,7.519364e-01,7.525209e-01,8.002211e-01,8.628152e-01
6.337500e-03,7.496609e+00,7.329907e+00,1.333840e+00,7.473933e-01,5.623423e-01,4.411823e-01,3.606700e-01,3.023115e-01,2.598355e-01,3.809364e-01,6.442791e-01,7.166967e-01,7.514658e-01,7.520466e-01,7.994138e-01,8.631136e-01
6.340000e-03,7.495403e+00,7.329477e+00,1.336949e+00,7.473952e-01,5.623418e-01,4.411804e-01,3.606726e-01,3.023109e-01,2.598354e-01,3.818693e-01,6.444266e-01,7.163382e-01,7.509737e-01,7.515856e-01,7.986831e-01,8.632521e-01
6.342500e-03,7.494135e+00,7.329003e+00,1.340112e+00,7.473968e-01,5.623414e-01,4.411793e-01,3.606743e-01,3.023104e-01,2.598352e-01,3.828801e-01,6.445398e-01,7.159191e-01,7.504606e-01,7.511198e-01,7.980137e-01,8.632800e-01
6.345000e-03,7.492816e+00,7.328489e+00,1.343244e+00,7.473985e-01,5.623418e-01,4.411788e-01,3.606742e-01,3.023106e-01,2.598349e-01,3.839603e-01,6.446106e-01,7.154507e-01,7.499262e-01,7.506362e-01,7.973750e-01,8.632376e-01
6.347500e-03,7.491441e+00,7.327943e+00,1.346260e+00,7.474011e-01,5.623431e-01,4.411783e-01,3.606727e-01,3.023122e-01,2.598346e-01,3.851004e-01,6.446274e-01,7.149364e-01,7.493682e-01,7.501338e-01,7.967407e-01,8.631451e-01
6.350000e-03,7.490027e+00,7.327363e+00,1.349127e+00,7.474029e-01,5.623444e-01,4.411780e-01,3.606711e-01,3.023143e-01,2.598342e-01,3.862965e-01,6.445846e-01,7.143750e-01,7.487834e-01,7.496244e-01,7.961067e-01,8.630028e-01
6.352500e-03,7.488593e+00,7.326753e+00,1.351721e+00,7.474014e-01,5.623457e-01,4.411780e-01,3.606700e-01,3.023156e-01,2.598338e-01,3.875378e-01,6.444838e-01,7.137649e-01,7.481685e-01,7.491232e-01,7.955002e-01,8.628069e-01
6.355000e-03,7.487176e+00,7.326119e+00,1.353849e+00,7.473969e-01,5.623475e-01,4.411786e-01,3.606692e-01,3.023153e-01,2.598342e-01,3.888133e-01,6.443385e-01,7.131086e-01,7.475223e-01,7.486354e-01,7.949621e-01,8.625605e-01
6.357500e-03,7.485744e+00,7.325460e+00,1.355729e+00,7.473929e-01,5.623497e-01,4.411796e-01,3.606688e-01,3.023140e-01,2.598356e-01,3.901215e-01,6.441306e-01,7.124138e-01,7.468463e-01,7.481541e-01,7.945070e-01,8.622769e-01
6.360000e-03,7.484302e+00,7.324784e+00,1.357541e+00,7.473922e-01,5.623504e-01,4.411807e-01,3.606687e-01,3.023126e-01,2.598374e-01,3.914512e-01,6.438568e-01,7.116916e-01,7.461469e-01,7.476738e-01,7.940999e-01,8.619900e-01
6.362500e-03,7.482871e+00,7.324072e+00,1.358870e+00,7.473938e-01,5.623477e-01,4.411820e-01,3.606689e-01,3.023114e-01,2.598383e-01,3.927953e-01,6.435347e-01,7.109513e-01,7.454341e-01,7.471997e-01,7.936914e-01,8.617512e-01
6.365000e-03,7.481519e+00,7.323326e+00,1.359855e+00,7.473948e-01,5.623426e-01,4.411836e-01,3.606696e-01,3.023108e-01,2.598379e-01,3.941514e-01,6.432071e-01,7.101967e-01,7.447187e-01,7.467393e-01,7.932697e-01,8.615970e-01
6.367500e-03,7.480262e+00,7.322582e+00,1.360452e+00,7.473933e-01,5.623387e-01,4.411850e-01,3.606705e-01,3.023105e-01,2.598367e-01,3.954824e-01,6.428674e-01,7.094294e-01,7.440093e-01,7.462960e-01,7.928558e-01,8.615021e-01
6.370000e-03,7.479088e+00,7.321840e+00,1.360599e+00,7.473899e-01,5.623386e-01,4.411845e-01,3.606715e-01,3.023107e-01,2.598353e-01,3.967838e-01,6.424323e-01,7.086519e-01,7.433119e-01,7.458776e-01,7.924812e-01,8.614069e-01
6.372500e-03,7.477985e+00,7.321107e+00,1.360119e+00,7.473864e-01,5.623412e-01,4.411812e-01,3.606727e-01,3.023110e-01,2.598343e-01,3.980334e-01,6.419341e-01,7.078687e-01,7.426301e-01,7.454990e-01,7.922012e-01,8.612810e-01
6.375000e-03,7.477024e+00,7.320370e+00,1.359050e+00,7.473845e-01,5.623431e-01,4.411768e-01,3.606739e-01,3.023116e-01,2.598338e-01,3.992263e-01,6.414145e-01,7.070855e-01,7.419654e-01,7.451685e-01,7.920791e-01,8.611318e-01
6.377500e-03,7.476229e+00,7.319642e+00,1.357638e+00,7.473851e-01,5.623423e-01,4.411742e-01,3.606743e-01,3.023125e-01,2.598337e-01,4.003566e-01,6.409219e-01,7.063044e-01,7.413179e-01,7.448803e-01,7.921181e-01,8.609978e-01
6.380000e-03,7.475558e+00,7.318947e+00,1.355705e+00,7.473879e-01,5.623399e-01,4.411750e-01,3.606730e-01,3.023135e-01,2.598340e-01,4.013966e-01,6.404247e-01,7.055258e-01,7.406889e-01,7.446210e-01,7.922374e-01,8.609579e-01
6.382500e-03,7.475061e+00,7.318274e+00,1.353243e+00,7.473919e-01,5.623378e-01,4.411775e-01,3.606698e-01,3.023145e-01,2.598344e-01,4.023415e-01,6.398733e-01,7.047553e-01,7.400824e-01,7.443855e-01,7.923288e-01,8.611222e-01
6.385000e-03,7.474729e+00,7.317631e+00,1.350427e+00,7.473956e-01,5.623374e-01,4.411791e-01,3.606664e-01,3.023152e-01,2.598350e-01,4.031943e-01,6.392775e-01,7.040042e-01,7.395042e-01,7.441848e-01,7.923301e-01,8.615352e-01
6.387500e-03,7.474567e+00,7.317024e+00,1.347221e+00,7.473976e-01,5.623386e-01,4.411785e-01,3.606652e-01,3.023150e-01,2.598358e-01,4.039361e-01,6.386855e-01,7.032767e-01,7.389598e-01,7.440423e-01,7.922541e-01,8.621135e-01
6.390000e-03,7.474587e+00,7.316464e+00,1.343575e+00,7.473976e-01,5.623409e-01,4.411770e-01,3.606664e-01,3.023133e-01,2.598367e-01,4.045466e-01,6.381423e-01,7.025648e-01,7.384550e-01,7.439852e-01,7.921660e-01,8.627131e-01
6.392500e-03,7.474787e+00,7.315964e+00,1.339958e+00,7.473970e-01,5.623434e-01,4.411761e-01,3.606685e-01,3.023106e-01,2.598374e-01,4.050418e-01,6.376220e-01,7.018598e-01,7.379942e-01,7.440349e-01,7.921392e-01,8.632110e-01
6.395000e-03,7.475103e+00,7.315531e+00,1.336374e+00,7.473968e-01,5.623453e-01,4.411763e-01,3.606696e-01,3.023082e-01,2.598377e-01,4.054161e-01,6.370742e-01,7.011700e-01,7.375773e-01,7.442012e-01,7.922150e-01,8.635524e-01
6.397500e-03,7.475567e+00,7.315164e+00,1.332797e+00,7.473964e-01,5.623461e-01,4.411773e-01,3.606692e-01,3.023077e-01,2.598371e-01,4.056727e-01,6.365251e-01,7.005185e-01,7.372025e-01,7.444829e-01,7.923794e-01,8.637369e-01
6.400000e-03,7.476173e+00,7.314861e+00,1.329264e+00,7.473943e-01,5.623460e-01,4.411788e-01,3.606683e-01,3.023090e-01,2.598354e-01,4.058136e-01,6.359989e-01,6.999150e-01,7.368767e-01,7.448775e-01,7.925872e-01,8.637817e-01
6.402500e-03,7.476911e+00,7.314637e+00,1.325920e+00,7.473904e-01,5.623459e-01,4.411803e-01,3.606680e-01,3.023107e-01,2.598332e-01,4.058371e-01,6.355141e-01,6.993515e-01,7.366171e-01,7.453876e-01,7.928231e-01,8.636961e-01
6.405000e-03,7.477760e+00,7.314498e+00,1.322776e+00,7.473874e-01,5.623459e-01,4.411814e-01,3.606684e-01,3.023115e-01,2.598316e-01,4.057391e-01,6.350481e-01,6.988209e-01,7.364391e-01,7.460182e-01,7.931336e-01,8.634720e-01
6.407500e-03,7.478722e+00,7.314439e+00,1.319845e+00,7.473883e-01,5.623450e-01,4.411819e-01,3.606692e-01,3.023113e-01,2.598315e-01,4.055231e-01,6.345692e-01,6.983281e-01,7.363469e-01,7.467661e-01,7.935959e-01,8.630909e-01
6.410000e-03,7.479785e+00,7.314463e+00,1.317157e+00,7.473931e-01,5.623426e-01,4.411820e-01,3.606701e-01,3.023109e-01,2.598328e-01,4.051908e-01,6.340888e-01,6.978872e-01,7.363396e-01,7.476105e-01,7.942624e-01,8.625594e-01
6.412500e-03,7.480938e+00,7.314570e+00,1.314737e+00,7.473992e-01,5.623397e-01,4.411821e-01,3.606711e-01,3.023108e-01,2.598341e-01,4.047463e-01,6.336285e-01,6.975110e-01,7.364218e-01,7.485095e-01,7.951306e-01,8.619310e-01
6.415000e-03,7.482172e+00,7.314758e+00,1.312603e+00,7.474029e-01,5.623386e-01,4.411818e-01,3.606718e-01,3.023111e-01,2.598348e-01,4.041950e-01,6.331926e-01,6.972002e-01,7.366023e-01,7.494090e-01,7.961495e-01,8.612762e-01
6.417500e-03,7.483485e+00,7.315026e+00,1.310745e+00,7.474028e-01,5.623407e-01,4.411806e-01,3.606722e-01,3.023116e-01,2.598348e-01,4.035411e-01,6.327653e-01,6.969513e-01,7.368834e-01,7.502640e-01,7.972420e-01,8.606579e-01
6.420000e-03,7.484862e+00,7.315370e+00,1.309030e+00,7.473994e-01,5.623445e-01,4.411786e-01,3.606723e-01,3.023122e-01,2.598346e-01,4.027831e-01,6.323469e-01,6.967702e-01,7.372548e-01,7.510557e-01,7.983394e-01,8.601163e-01
6.422500e-03,7.486318e+00,7.315782e+00,1.307485e+00,7.473949e-01,5.623476e-01,4.411769e-01,3.606722e-01,3.023129e-01,2.598346e-01,4.019244e-01,6.319530e-01,6.966663e-01,7.376979e-01,7.517870e-01,7.994083e-01,8.596661e-01
6.425000e-03,7.487859e+00,7.316258e+00,1.306130e+00,7.473912e-01,5.623485e-01,4.411771e-01,3.606716e-01,3.023135e-01,2.598348e-01,4.009677e-01,6.315958e-01,6.966401e-01,7.381953e-01,7.524616e-01,8.004453e-01,8.593100e-01
6.427500e-03,7.489474e+00,7.316805e+00,1.305098e+00,7.473897e-01,5.623474e-01,4.411791e-01,3.606704e-01,3.023138e-01,2.598351e-01,3.999119e-01,6.312674e-01,6.966895e-01,7.387330e-01,7.530707e-01,8.014502e-01,8.590411e-01
6.430000e-03,7.491151e+00,7.317418e+00,1.304232e+00,7.473905e-01,5.623453e-01,4.411815e-01,3.606689e-01,3.023138e-01,2.598355e-01,3.987621e-01,6.309681e-01,6.968173e-01,7.392983e-01,7.536004e-01,8.024154e-01,8.588562e-01
6.432500e-03,7.492856e+00,7.318092e+00,1.303529e+00,7.473924e-01,5.623426e-01,4.411828e-01,3.606682e-01,3.023136e-01,2.598361e-01,3.975237e-01,6.307014e-01,6.970295e-01,7.398794e-01,7.540441e-01,8.033414e-01,8.587575e-01
6.435000e-03,7.494658e+00,7.318811e+00,1.302816e+00,7.473940e-01,5.623400e-01,4.411827e-01,3.606690e-01,3.023128e-01,2.598366e-01,3.961922e-01,6.304720e-01,6.973304e-01,7.404683e-01,7.544020e-01,8.042358e-01,8.587432e-01
6.437500e-03,7.496486e+00,7.319589e+00,1.302105e+00,7.473945e-01,5.623386e-01,4.411818e-01,3.606706e-01,3.023118e-01,2.598368e-01,3.947792e-01,6.302822e-01,6.977205e-01,7.410616e-01,7.546730e-01,8.050798e-01,8.588275e-01
6.440000e-03,7.498333e+00,7.320411e+00,1.301344e+00,7.473937e-01,5.623392e-01,4.411804e-01,3.606720e-01,3.023109e-01,2.598367e-01,3.932887e-01,6.301252e-01,6.981978e-01,7.416571e-01,7.548512e-01,8.058131e-01,8.590539e-01
6.442500e-03,7.500145e+00,7.321289e+00,1.300419e+00,7.473918e-01,5.623412e-01,4.411784e-01,3.606724e-01,3.023108e-01,2.598363e-01,3.917171e-01,6.299981e-01,6.987593e-01,7.422504e-01,7.549327e-01,8.063683e-01,8.594698e-01
6.445000e-03,7.501930e+00,7.322211e+00,1.299316e+00,7.473901e-01,5.623434e-01,4.411763e-01,3.606721e-01,3.023117e-01,2.598355e-01,3.900701e-01,6.299232e-01,6.993974e-01,7.428341e-01,7.549242e-01,8.067142e-01,8.600788e-01
6.447500e-03,7.503722e+00,7.323196e+00,1.297941e+00,7.473900e-01,5.623445e-01,4.411754e-01,3.606715e-01,3.023128e-01,2.598347e-01,3.883335e-01,6.299140e-01,7.000983e-01,7.434004e-01,7.548423e-01,8.068639e-01,8.608146e-01
6.450000e-03,7.505520e+00,7.324181e+00,1.296574e+00,7.473921e-01,5.623440e-01,4.411762e-01,3.606704e-01,3.023134e-01,2.598343e-01,3.865786e-01,6.299771e-01,7.008475e-01,7.439432e-01,7.547074e-01,8.068568e-01,8.615744e-01
6.452500e-03,7.507308e+00,7.325194e+00,1.295129e+00,7.473951e-01,5.623425e-01,4.411782e-01,3.606687e-01,3.023136e-01,2.598345e-01,3.847947e-01,6.300973e-01,7.016327e-01,7.444585e-01,7.545379e-01,8.067386e-01,8.622813e-01
6.455000e-03,7.509003e+00,7.326230e+00,1.293659e+00,7.473970e-01,5.623411e-01,4.411802e-01,3.606672e-01,3.023134e-01,2.598352e-01,3.829737e-01,6.302648e-01,7.024417e-01,7.449424e-01,7.543483e-01,8.065504e-01,8.628985e-01
6.457500e-03,7.510605e+00,7.327283e+00,1.291605e+00,7.473971e-01,5.623414e-01,4.411811e-01,3.606668e-01,3.023129e-01,2.598359e-01,3.811006e-01,6.305123e-01,7.032593e-01,7.453944e-01,7.541510e-01,8.063219e-01,8.634194e-01
6.460000e-03,7.512228e+00,7.328328e+00,1.288964e+00,7.473962e-01,5.623434e-01,4.411806e-01,3.606679e-01,3.023118e-01,2.598362e-01,3.792310e-01,6.308884e-01,7.040680e-01,7.458168e-01,7.539580e-01,8.060708e-01,8.638514e-01
6.462500e-03,7.513812e+00,7.329347e+00,1.286243e+00,7.473955e-01,5.623456e-01,4.411793e-01,3.606697e-01,3.023104e-01,2.598362e-01,3.773768e-01,6.313340e-01,7.048555e-01,7.462116e-01,7.537813e-01,8.058097e-01,8.642125e-01
6.465000e-03,7.515365e+00,7.330393e+00,1.283177e+00,7.473957e-01,5.623466e-01,4.411784e-01,3.606713e-01,3.023093e-01,2.598361e-01,3.755239e-01,6.318109e-01,7.056234e-01,7.465778e-01,7.536290e-01,8.055513e-01,8.645193e-01
6.467500e-03,7.516673e+00,7.331456e+00,1.279811e+00,7.473960e-01,5.623462e-01,4.411789e-01,3.606718e-01,3.023093e-01,2.598356e-01,3.736822e-01,6.323016e-01,7.063790e-01,7.469135e-01,7.535028e-01,8.053038e-01,8.647802e-01
6.470000e-03,7.517856e+00,7.332526e+00,1.276404e+00,7.473956e-01,5.623451e-01,4.411805e-01,3.606712e-01,3.023105e-01,2.598347e-01,3.718813e-01,6.328625e-01,7.071159e-01,7.472166e-01,7.533983e-01,8.050629e-01,8.650097e-01
6.472500e-03,7.518789e+00,7.333588e+00,1.272541e+00,7.473945e-01,5.623444e-01,4.411820e-01,3.606702e-01,3.023121e-01,2.598335e-01,3.701288e-01,6.334876e-01,7.078155e-01,7.474859e-01,7.533100e-01,8.048156e-01,8.652190e-01
6.475000e-03,7.519674e+00,7.334607e+00,1.268754e+00,7.473937e-01,5.623441e-01,4.411825e-01,3.606697e-01,3.023133e-01,2.598328e-01,3.684599e-01,6.341381e-01,7.084623e-01,7.477197e-01,7.532353e-01,8.045530e-01,8.654057e-01
6.477500e-03,7.520410e+00,7.335603e+00,1.265284e+00,7.473947e-01,5.623438e-01,4.411820e-01,3.606703e-01,3.023136e-01,2.598331e-01,3.668844e-01,6.347668e-01,7.090594e-01,7.479149e-01,7.531752e-01,8.042791e-01,8.655648e-01
6.480000e-03,7.520936e+00,7.336572e+00,1.262079e+00,7.473975e-01,5.623433e-01,4.411811e-01,3.606715e-01,3.023130e-01,2.598343e-01,3.653995e-01,6.353550e-01,7.096160e-01,7.480676e-01,7.531310e-01,8.040080e-01,8.656778e-01
6.482500e-03,7.521335e+00,7.337503e+00,1.259163e+00,7.474004e-01,5.623430e-01,4.411804e-01,3.606725e-01,3.023122e-01,2.598356e-01,3.640286e-01,6.359251e-01,7.101169e-01,7.481789e-01,7.531005e-01,8.037534e-01,8.657427e-01
6.485000e-03,7.521558e+00,7.338388e+00,1.256550e+00,7.474011e-01,5.623436e-01,4.411799e-01,3.606726e-01,3.023119e-01,2.598365e-01,3.627777e-01,6.365350e-01,7.105374e-01,7.482566e-01,7.530754e-01,8.035194e-01,8.657582e-01
6.487500e-03,7.521698e+00,7.339214e+00,1.254394e+00,7.473988e-01,5.623453e-01,4.411795e-01,3.606721e-01,3.023124e-01,2.598366e-01,3.616661e-01,6.371492e-01,7.108799e-01,7.483086e-01,7.530421e-01,8.032960e-01,8.657448e-01
6.490000e-03,7.521628e+00,7.339967e+00,1.252857e+00,7.473949e-01,5.623471e-01,4.411793e-01,3.606713e-01,3.023133e-01,2.598361e-01,3.607034e-01,6.377031e-01,7.111664e-01,7.483388e-01,7.529857e-01,8.030603e-01,8.657277e-01
6.492500e-03,7.521371e+00,7.340639e+00,1.251758e+00,7.473919e-01,5.623475e-01,4.411797e-01,3.606705e-01,3.023140e-01,2.598355e-01,3.598844e-01,6.381400e-01,7.114155e-01,7.483511e-01,7.528944e-01,8.027866e-01,8.657177e-01
6.495000e-03,7.520991e+00,7.341217e+00,1.251337e+00,7.473908e-01,5.623459e-01,4.411808e-01,3.606700e-01,3.023140e-01,2.598353e-01,3.592316e-01,6.385167e-01,7.116246e-01,7.483520e-01,7.527617e-01,8.024582e-01,8.657004e-01
6.497500e-03,7.520474e+00,7.341688e+00,1.251562e+00,7.473911e-01,5.623433e-01,4.411821e-01,3.606698e-01,3.023135e-01,2.598358e-01,3.587511e-01,6.388930e-01,7.117789e-01,7.483454e-01,7.525884e-01,8.020735e-01,8.656655e-01
6.500000e-03,7.519887e+00,7.342037e+00,1.252428e+00,7.473917e-01,5.623413e-01,4.411827e-01,3.606700e-01,3.023127e-01,2.598365e-01,3.584423e-01,6.392161e-01,7.118614e-01,7.483277e-01,7.523815e-01,8.016457e-01,8.655962e-01
6.502500e-03,7.519257e+00,7.342272e+00,1.253835e+00,7.473923e-01,5.623408e-01,4.411817e-01,3.606708e-01,3.023120e-01,2.598369e-01,3.583009e-01,6.394264e-01,7.118701e-01,7.482903e-01,7.521526e-01,8.011988e-01,8.654840e-01
6.505000e-03,7.518574e+00,7.342391e+00,1.255725e+00,7.473931e-01,5.623414e-01,4.411798e-01,3.606719e-01,3.023116e-01,2.598368e-01,3.583207e-01,6.395676e-01,7.118310e-01,7.482250e-01,7.519142e-01,8.007613e-01,8.653332e-01
6.507500e-03,7.517852e+00,7.342398e+00,1.258037e+00,7.473941e-01,5.623418e-01,4.411780e-01,3.606726e-01,3.023116e-01,2.598362e-01,3.584929e-01,6.396703e-01,7.117663e-01,7.481281e-01,7.516755e-01,8.003582e-01,8.651475e-01
6.510000e-03,7.517099e+00,7.342295e+00,1.260719e+00,7.473948e-01,5.623418e-01,4.411774e-01,3.606722e-01,3.023121e-01,2.598355e-01,3.588083e-01,6.397252e-01,7.116689e-01,7.480022e-01,7.514404e-01,8.000029e-01,8.649523e-01
6.512500e-03,7.516332e+00,7.342089e+00,1.263767e+00,7.473947e-01,5.623418e-01,4.411779e-01,3.606708e-01,3.023130e-01,2.598348e-01,3.592581e-01,6.397183e-01,7.115289e-01,7.478530e-01,7.512074e-01,7.996929e-01,8.647737e-01
6.515000e-03,7.515560e+00,7.341788e+00,1.267115e+00,7.473939e-01,5.623423e-01,4.411785e-01,3.606693e-01,3.023138e-01,2.598346e-01,3.598287e-01,6.396535e-01,7.113561e-01,7.476821e-01,7.509735e-01,7.994110e-01,8.646406e-01
6.517500e-03,7.514792e+00,7.341407e+00,1.270682e+00,7.473931e-01,5.623433e-01,4.411787e-01,3.606684e-01,3.023139e-01,2.598348e-01,3.605058e-01,6.395470e-01,7.111568e-01,7.474859e-01,7.507357e-01,7.991354e-01,8.645658e-01
6.520000e-03,7.514029e+00,7.340961e+00,1.274369e+00,7.473933e-01,5.623442e-01,4.411784e-01,3.606686e-01,3.023131e-01,2.598355e-01,3.612731e-01,6.394088e-01,7.109211e-01,7.472642e-01,7.504923e-01,7.988500e-01,8.645529e-01
6.522500e-03,7.513281e+00,7.340459e+00,1.278101e+00,7.473943e-01,5.623446e-01,4.411784e-01,3.606692e-01,3.023118e-01,2.598363e-01,3.621155e-01,6.392391e-01,7.106415e-01,7.470244e-01,7.502438e-01,7.985473e-01,8.645954e-01
6.525000e-03,7.512561e+00,7.339915e+00,1.281835e+00,7.473957e-01,5.623445e-01,4.411788e-01,3.606696e-01,3.023108e-01,2.598367e-01,3.630198e-01,6.390361e-01,7.103231e-01,7.467736e-01,7.499962e-01,7.982245e-01,8.646767e-01
6.527500e-03,7.511834e+00,7.339342e+00,1.285484e+00,7.473963e-01,5.623442e-01,4.411797e-01,3.606696e-01,3.023105e-01,2.598364e-01,3.639670e-01,6.388016e-01,7.099750e-01,7.465120e-01,7.497625e-01,7.978842e-01,8.647831e-01
6.530000e-03,7.511138e+00,7.338740e+00,1.289053e+00,7.473960e-01,5.623443e-01,4.411806e-01,3.606693e-01,3.023109e-01,2.598355e-01,3.649440e-01,6.385441e-01,7.096036e-01,7.462361e-01,7.495525e-01,7.975489e-01,8.649050e-01
6.532500e-03,7.510478e+00,7.338117e+00,1.292417e+00,7.473951e-01,5.623447e-01,4.411811e-01,3.606693e-01,3.023114e-01,2.598345e-01,3.659341e-01,6.382734e-01,7.092141e-01,7.459457e-01,7.493565e-01,7.972530e-01,8.650293e-01
6.535000e-03,7.509878e+00,7.337482e+00,1.295622e+00,7.473944e-01,5.623451e-01,4.411812e-01,3.606698e-01,3.023117e-01,2.598339e-01,3.669321e-01,6.379922e-01,7.088115e-01,7.456446e-01,7.491477e-01,7.970002e-01,8.651535e-01
6.537500e-03,7.509313e+00,7.336849e+00,1.298600e+00,7.473941e-01,5.623450e-01,4.411810e-01,3.606706e-01,3.023115e-01,2.598339e-01,3.679246e-01,6.377001e-01,7.083988e-01,7.453350e-01,7.489028e-01,7.967490e-01,8.652880e-01
6.540000e-03,7.508795e+00,7.336224e+00,1.301341e+00,7.473944e-01,5.623443e-01,4.411809e-01,3.606714e-01,3.023113e-01,2.598344e-01,3.689029e-01,6.374039e-01,7.079757e-01,7.450147e-01,7.486180e-01,7.964600e-01,8.654692e-01
6.542500e-03,7.508331e+00,7.335619e+00,1.303882e+00,7.473952e-01,5.623435e-01,4.411809e-01,3.606719e-01,3.023113e-01,2.598348e-01,3.698536e-01,6.371085e-01,7.075413e-01,7.446795e-01,7.483036e-01,7.961367e-01,8.657128e-01
6.545000e-03,7.507920e+00,7.335050e+00,1.306235e+00,7.473963e-01,5.623430e-01,4.411808e-01,3.606720e-01,3.023118e-01,2.598349e-01,3.707653e-01,6.368168e-01,7.070961e-01,7.443255e-01,7.479708e-01,7.958089e-01,8.659906e-01
6.547500e-03,7.507507e+00,7.334528e+00,1.308325e+00,7.473975e-01,5.623429e-01,4.411805e-01,3.606718e-01,3.023126e-01,2.598347e-01,3.716239e-01,6.365255e-01,7.066414e-01,7.439503e-01,7.476243e-01,7.954975e-01,8.662455e-01
6.550000e-03,7.507116e+00,7.334042e+00,1.310157e+00,7.473984e-01,5.623432e-01,4.411799e-01,3.606715e-01,3.023133e-01,2.598346e-01,3.724292e-01,6.362293e-01,7.061771e-01,7.435535e-01,7.472647e-01,7.952045e-01,8.664494e-01
6.552500e-03,7.506769e+00,7.333589e+00,1.311741e+00,7.473982e-01,5.623439e-01,4.411794e-01,3.606713e-01,3.023137e-01,2.598347e-01,3.731776e-01,6.359406e-01,7.057061e-01,7.431369e-01,7.468930e-01,7.949236e-01,8.666099e-01
6.555000e-03,7.506460e+00,7.333178e+00,1.313005e+00,7.473967e-01,5.623450e-01,4.411791e-01,3.606710e-01,3.023137e-01,2.598352e-01,3.738615e-01,6.356647e-01,7.052346e-01,7.427035e-01,7.465125e-01,7.946510e-01,8.667360e-01
6.557500e-03,7.506196e+00,7.332809e+00,1.314005e+00,7.473942e-01,5.623462e-01,4.411791e-01,3.606706e-01,3.023134e-01,2.598359e-01,3.744794e-01,6.353948e-01,7.047672e-01,7.422570e-01,7.461286e-01,7.943874e-01,8.668246e-01
6.560000e-03,7.505957e+00,7.332472e+00,1.314700e+00,7.473921e-01,5.623468e-01,4.411795e-01,3.606701e-01,3.023130e-01,2.598366e-01,3.750320e-01,6.351097e-01,7.043025e-01,7.417996e-01,7.457481e-01,7.941368e-01,8.668821e-01
6.562500e-03,7.505791e+00,7.332163e+00,1.315188e+00,7.473917e-01,5.623459e-01,4.411802e-01,3.606698e-01,3.023127e-01,2.598369e-01,3.755243e-01,6.348184e-01,7.038352e-01,7.413322e-01,7.453763e-01,7.939030e-01,8.669109e-01
6.565000e-03,7.505679e+00,7.331885e+00,1.315508e+00,7.473929e-01,5.623438e-01,4.411812e-01,3.606697e-01,3.023124e-01,2.598368e-01,3.759543e-01,6.345516e-01,7.033648e-01,7.408554e-01,7.450155e-01,7.936845e-01,8.669249e-01
6.567500e-03,7.505606e+00,7.331643e+00,1.315597e+00,7.473943e-01,5.623415e-01,4.411821e-01,3.606698e-01,3.023120e-01,2.598364e-01,3.763200e-01,6.343125e-01,7.028937e-01,7.403711e-01,7.446668e-01,7.934707e-01,8.669279e-01
6.570000e-03,7.505602e+00,7.331432e+00,1.315474e+00,7.473943e-01,5.623402e-01,4.411821e-01,3.606703e-01,3.023117e-01,2.598359e-01,3.766207e-01,6.340732e-01,7.024225e-01,7.398815e-01,7.443372e-01,7.932497e-01,8.669254e-01
6.572500e-03,7.505663e+00,7.331255e+00,1.315229e+00,7.473928e-01,5.623409e-01,4.411809e-01,3.606710e-01,3.023115e-01,2.598355e-01,3.768590e-01,6.338145e-01,7.019556e-01,7.393891e-01,7.440430e-01,7.930261e-01,8.669187e-01
6.575000e-03,7.505782e+00,7.331111e+00,1.314838e+00,7.473910e-01,5.623427e-01,4.411789e-01,3.606719e-01,3.023115e-01,2.598352e-01,3.770341e-01,6.335585e-01,7.015001e-01,7.388964e-01,7.438024e-01,7.928334e-01,8.668923e-01
6.577500e-03,7.505961e+00,7.331001e+00,1.314292e+00,7.473904e-01,5.623441e-01,4.411772e-01,3.606723e-01,3.023118e-01,2.598350e-01,3.771457e-01,6.333255e-01,7.010524e-01,7.384074e-01,7.436222e-01,7.927122e-01,8.668298e-01
6.580000e-03,7.506198e+00,7.330926e+00,1.313582e+00,7.473912e-01,5.623441e-01,4.411768e-01,3.606719e-01,3.023123e-01,2.598347e-01,3.771939e-01,6.331012e-01,7.006019e-01,7.379283e-01,7.434922e-01,7.926664e-01,8.667272e-01
6.582500e-03,7.506489e+00,7.330884e+00,1.312717e+00,7.473930e-01,5.623429e-01,4.411778e-01,3.606706e-01,3.023129e-01,2.598346e-01,3.771797e-01,6.328737e-01,7.001455e-01,7.374669e-01,7.433938e-01,7.926523e-01,8.666079e-01
6.585000e-03,7.506835e+00,7.330874e+00,1.311714e+00,7.473949e-01,5.623417e-01,4.411794e-01,3.606690e-01,3.023135e-01,2.598347e-01,3.771046e-01,6.326449e-01,6.996923e-01,7.370312e-01,7.433122e-01,7.926181e-01,8.665033e-01
6.587500e-03,7.507237e+00,7.330898e+00,1.310582e+00,7.473963e-01,5.623413e-01,4.411805e-01,3.606679e-01,3.023136e-01,2.598350e-01,3.769698e-01,6.324141e-01,6.992514e-01,7.366282e-01,7.432432e-01,7.925504e-01,8.664175e-01
6.590000e-03,7.507690e+00,7.330954e+00,1.309323e+00,7.473973e-01,5.623421e-01,4.411805e-01,3.606680e-01,3.023130e-01,2.598355e-01,3.767759e-01,6.321781e-01,6.988229e-01,7.362629e-01,7.431864e-01,7.924824e-01,8.662965e-01
6.592500e-03,7.508195e+00,7.331042e+00,1.307943e+00,7.473978e-01,5.623434e-01,4.411796e-01,3.606691e-01,3.023119e-01,2.598361e-01,3.765238e-01,6.319353e-01,6.984052e-01,7.359368e-01,7.431353e-01,7.924555e-01,8.660673e-01
6.595000e-03,7.508749e+00,7.331163e+00,1.306441e+00,7.473976e-01,5.623448e-01,4.411787e-01,3.606704e-01,3.023107e-01,2.598365e-01,3.762142e-01,6.316861e-01,6.980006e-01,7.356473e-01,7.430775e-01,7.924751e-01,8.657072e-01
6.597500e-03,7.509349e+00,7.331316e+00,1.304818e+00,7.473967e-01,5.623457e-01,4.411785e-01,3.606712e-01,3.023101e-01,2.598364e-01,3.758477e-01,6.314282e-01,6.976135e-01,7.353895e-01,7.430067e-01,7.925082e-01,8.652623e-01
6.600000e-03,7.509996e+00,7.331500e+00,1.303068e+00,7.473950e-01,5.623463e-01,4.411791e-01,3.606710e-01,3.023104e-01,2.598357e-01,3.754249e-01,6.311595e-01,6.972486e-01,7.351598e-01,7.429324e-01,7.925259e-01,8.648026e-01
6.602500e-03,7.510689e+00,7.331716e+00,1.301192e+00,7.473932e-01,5.623465e-01,4.411801e-01,3.606703e-01,3.023114e-01,2.598347e-01,3.749464e-01,6.308796e-01,6.969123e-01,7.349571e-01,7.428772e-01,7.925356e-01,8.643757e-01
6.605000e-03,7.511429e+00,7.331963e+00,1.299196e+00,7.473920e-01,5.623460e-01,4.411811e-01,3.606697e-01,3.023124e-01,2.598339e-01,3.744144e-01,6.305888e-01,6.966098e-01,7.347807e-01,7.428634e-01,7.925685e-01,8.639797e-01
6.607500e-03,7.512213e+00,7.332242e+00,1.296949e+00,7.473921e-01,5.623447e-01,4.411818e-01,3.606697e-01,3.023130e-01,2.598336e-01,3.738268e-01,6.302882e-01,6.963417e-01,7.346297e-01,7.429027e-01,7.926452e-01,8.635993e-01
6.610000e-03,7.513041e+00,7.332547e+00,1.294457e+00,7.473935e-01,5.623431e-01,4.411822e-01,3.606702e-01,3.023128e-01,2.598340e-01,3.731826e-01,6.299785e-01,6.961063e-01,7.345043e-01,7.429963e-01,7.927582e-01,8.632399e-01
6.612500e-03,7.513937e+00,7.332875e+00,1.291806e+00,7.473954e-01,5.623418e-01,4.411821e-01,3.606710e-01,3.023122e-01,2.598349e-01,3.724879e-01,6.296615e-01,6.959032e-01,7.344084e-01,7.431432e-01,7.928858e-01,8.629238e-01
6.615000e-03,7.514891e+00,7.333227e+00,1.289008e+00,7.473970e-01,5.623414e-01,4.411814e-01,3.606717e-01,3.023118e-01,2.598357e-01,3.717435e-01,6.293376e-01,6.957336e-01,7.343495e-01,7.433475e-01,7.930219e-01,8.626626e-01
6.617500e-03,7.515911e+00,7.333603e+00,1.286084e+00,7.473979e-01,5.623420e-01,4.411803e-01,3.606722e-01,3.023118e-01,2.598361e-01,3.709512e-01,6.290088e-01,6.955984e-01,7.343363e-01,7.436131e-01,7.931930e-01,8.624461e-01
6.620000e-03,7.516974e+00,7.334014e+00,1.282979e+00,7.473977e-01,5.623432e-01,4.411790e-01,3.606723e-01,3.023122e-01,2.598359e-01,3.701067e-01,6.286812e-01,6.954973e-01,7.343754e-01,7.439343e-01,7.934321e-01,8.622397e-01
6.622500e-03,7.518069e+00,7.334464e+00,1.279597e+00,7.473965e-01,5.623444e-01,4.411783e-01,3.606720e-01,3.023128e-01,2.598354e-01,3.692058e-01,6.283671e-01,6.954274e-01,7.344709e-01,7.442952e-01,7.937375e-01,8.620228e-01
6.625000e-03,7.519197e+00,7.334952e+00,1.276076e+00,7.473946e-01,5.623453e-01,4.411783e-01,3.606712e-01,3.023134e-01,2.598351e-01,3.682446e-01,6.280724e-01,6.953851e-01,7.346238e-01,7.446765e-01,7.940664e-01,8.618087e-01
6.627500e-03,7.520368e+00,7.335487e+00,1.272282e+00,7.473926e-01,5.623455e-01,4.411789e-01,3.606702e-01,3.023137e-01,2.598351e-01,3.672205e-01,6.277974e-01,6.953695e-01,7.348327e-01,7.450626e-01,7.943675e-01,8.616205e-01
6.630000e-03,7.521555e+00,7.336068e+00,1.268196e+00,7.473913e-01,5.623451e-01,4.411799e-01,3.606693e-01,3.023137e-01,2.598355e-01,3.661339e-01,6.275391e-01,6.953822e-01,7.350942e-01,7.454438e-01,7.946108e-01,8.614566e-01
6.632500e-03,7.522754e+00,7.336689e+00,1.263837e+00,7.473913e-01,5.623440e-01,4.411807e-01,3.606690e-01,3.023133e-01,2.598360e-01,3.649902e-01,6.272914e-01,6.954255e-01,7.354029e-01,7.458169e-01,7.947945e-01,8.612811e-01
6.635000e-03,7.523978e+00,7.337362e+00,1.259208e+00,7.473927e-01,5.623427e-01,4.411811e-01,3.606692e-01,3.023125e-01,2.598364e-01,3.637861e-01,6.270489e-01,6.955008e-01,7.357515e-01,7.461850e-01,7.949370e-01,8.610591e-01
6.637500e-03,7.525263e+00,7.338081e+00,1.254317e+00,7.473944e-01,5.623414e-01,4.411810e-01,3.606699e-01,3.023117e-01,2.598366e-01,3.625251e-01,6.268271e-01,6.956078e-01,7.361328e-01,7.465574e-01,7.950682e-01,8.607795e-01
6.640000e-03,7.526710e+00,7.338848e+00,1.249228e+00,7.473953e-01,5.623409e-01,4.411805e-01,3.606706e-01,3.023111e-01,2.598365e-01,3.612160e-01,6.266313e-01,6.957485e-01,7.365399e-01,7.469454e-01,7.952212e-01,8.604506e-01
6.642500e-03,7.528495e+00,7.339659e+00,1.244020e+00,7.473948e-01,5.623415e-01,4.411797e-01,3.606710e-01,3.023110e-01,2.598360e-01,3.598570e-01,6.264498e-01,6.959292e-01,7.369672e-01,7.473559e-01,7.954222e-01,8.600899e-01
6.645000e-03,7.530190e+00,7.340527e+00,1.238392e+00,7.473937e-01,5.623429e-01,4.411788e-01,3.606712e-01,3.023114e-01,2.598353e-01,3.584359e-01,6.262925e-01,6.961572e-01,7.374107e-01,7.477874e-01,7.956837e-01,8.597207e-01
6.647500e-03,7.531885e+00,7.341448e+00,1.232675e+00,7.473926e-01,5.623443e-01,4.411781e-01,3.606710e-01,3.023119e-01,2.598347e-01,3.569754e-01,6.261673e-01,6.964385e-01,7.378687e-01,7.482314e-01,7.960024e-01,8.593678e-01
6.650000e-03,7.533495e+00,7.342404e+00,1.226940e+00,7.473924e-01,5.623448e-01,4.411781e-01,3.606705e-01,3.023124e-01,2.598343e-01,3.554829e-01,6.260809e-01,6.967700e-01,7.383419e-01,7.486770e-01,7.963620e-01,8.590571e-01
6.652500e-03,7.535096e+00,7.343408e+00,1.220954e+00,7.473931e-01,5.623443e-01,4.411788e-01,3.606699e-01,3.023127e-01,2.598344e-01,3.539612e-01,6.260021e-01,6.971379e-01,7.388305e-01,7.491168e-01,7.967436e-01,8.588114e-01
6.655000e-03,7.536644e+00,7.344474e+00,1.214650e+00,7.473945e-01,5.623434e-01,4.411799e-01,3.606693e-01,3.023127e-01,2.598347e-01,3.524163e-01,6.259222e-01,6.975289e-01,7.393324e-01,7.495492e-01,7.971370e-01,8.586412e-01
6.657500e-03,7.538089e+00,7.345604e+00,1.208043e+00,7.473960e-01,5.623427e-01,4.411809e-01,3.606690e-01,3.023125e-01,2.598352e-01,3.508440e-01,6.258773e-01,6.979330e-01,7.398436e-01,7.499759e-01,7.975436e-01,8.585464e-01
6.660000e-03,7.539467e+00,7.346791e+00,1.201282e+00,7.473972e-01,5.623426e-01,4.411811e-01,3.606692e-01,3.023121e-01,2.598356e-01,3.492545e-01,6.258703e-01,6.983445e-01,7.403605e-01,7.503971e-01,7.979675e-01,8.585185e-01
6.662500e-03,7.540783e+00,7.348051e+00,1.194170e+00,7.473976e-01,5.623432e-01,4.411807e-01,3.606699e-01,3.023116e-01,2.598357e-01,3.476505e-01,6.259003e-01,6.987682e-01,7.408821e-01,7.508078e-01,7.984032e-01,8.585513e-01
6.665000e-03,7.541969e+00,7.349384e+00,1.186553e+00,7.473971e-01,5.623441e-01,4.411800e-01,3.606707e-01,3.023113e-01,2.598356e-01,3.460255e-01,6.259602e-01,6.992146e-01,7.414084e-01,7.511983e-01,7.988303e-01,8.586501e-01
6.667500e-03,7.543207e+00,7.350757e+00,1.178864e+00,7.473960e-01,5.623450e-01,4.411796e-01,3.606713e-01,3.023112e-01,2.598354e-01,3.444021e-01,6.260421e-01,6.996911e-01,7.419383e-01,7.515586e-01,7.992197e-01,8.588164e-01
6.670000e-03,7.544366e+00,7.352208e+00,1.171100e+00,7.473947e-01,5.623456e-01,4.411796e-01,3.606714e-01,3.023115e-01,2.598351e-01,3.427739e-01,6.261692e-01,7.001961e-01,7.424692e-01,7.518846e-01,7.995479e-01,8.590422e-01
6.672500e-03,7.545444e+00,7.353704e+00,1.163513e+00,7.473936e-01,5.623456e-01,4.411800e-01,3.606710e-01,3.023121e-01,2.598348e-01,3.411445e-01,6.263866e-01,7.007145e-01,7.429979e-01,7.521800e-01,7.998129e-01,8.593051e-01
6.675000e-03,7.546453e+00,7.355678e+00,1.166065e+00,7.473933e-01,5.623449e-01,4.411807e-01,3.606705e-01,3.023127e-01,2.598347e-01,3.395280e-01,6.266316e-01,7.012294e-01,7.435176e-01,7.524535e-01,8.000376e-01,8.595729e-01
6.677500e-03,7.547345e+00,7.357791e+00,1.174017e+00,7.473939e-01,5.623438e-01,4.411813e-01,3.606702e-01,3.023131e-01,2.598347e-01,3.379317e-01,6.268414e-01,7.017333e-01,7.440156e-01,7.527125e-01,8.002552e-01,8.598203e-01
6.680000e-03,7.548096e+00,7.359812e+00,1.181986e+00,7.473949e-01,5.623427e-01,4.411816e-01,3.606703e-01,3.023131e-01,2.598350e-01,3.363551e-01,6.270821e-01,7.022299e-01,7.444789e-01,7.529613e-01,8.004882e-01,8.600353e-01
6.682500e-03,7.548684e+00,7.361740e+00,1.190049e+00,7.473959e-01,5.623422e-01,4.411814e-01,3.606706e-01,3.023128e-01,2.598354e-01,3.347983e-01,6.273950e-01,7.027266e-01,7.449031e-01,7.532042e-01,8.007452e-01,8.602272e-01
6.685000e-03,7.549229e+00,7.363520e+00,1.198041e+00,7.473961e-01,5.623423e-01,4.411807e-01,3.606711e-01,3.023124e-01,2.598359e-01,3.332801e-01,6.277677e-01,7.032273e-01,7.452937e-01,7.534462e-01,8.010348e-01,8.604263e-01
6.687500e-03,7.549686e+00,7.365185e+00,1.205776e+00,7.473955e-01,5.623429e-01,4.411798e-01,3.606715e-01,3.023122e-01,2.598362e-01,3.318208e-01,6.281877e-01,7.037300e-01,7.456585e-01,7.536876e-01,8.013661e-01,8.606571e-01
6.690000e-03,7.550001e+00,7.366698e+00,1.213108e+00,7.473943e-01,5.623438e-01,4.411791e-01,3.606716e-01,3.023122e-01,2.598361e-01,3.304361e-01,6.285666e-01,7.042207e-01,7.460035e-01,7.539172e-01,8.017278e-01,8.609403e-01
6.692500e-03,7.550231e+00,7.368096e+00,1.220217e+00,7.473928e-01,5.623442e-01,4.411788e-01,3.606713e-01,3.023125e-01,2.598358e-01,3.291146e-01,6.288689e-01,7.046874e-01,7.463323e-01,7.541121e-01,8.020802e-01,8.613033e-01
6.695000e-03,7.550307e+00,7.369395e+00,1.227119e+00,7.473918e-01,5.623441e-01,4.411791e-01,3.606707e-01,3.023129e-01,2.598355e-01,3.278668e-01,6.291924e-01,7.051273e-01,7.466458e-01,7.542456e-01,8.023747e-01,8.617657e-01
6.697500e-03,7.550277e+00,7.370581e+00,1.233698e+00,7.473913e-01,5.623434e-01,4.411797e-01,3.606700e-01,3.023131e-01,2.598354e-01,3.267009e-01,6.295927e-01,7.055395e-01,7.469420e-01,7.542975e-01,8.025744e-01,8.623211e-01
6.700000e-03,7.550165e+00,7.371617e+00,1.239692e+00,7.473916e-01,5.623425e-01,4.411802e-01,3.606695e-01,3.023131e-01,2.598354e-01,3.256313e-01,6.300311e-01,7.059266e-01,7.472163e-01,7.542630e-01,8.026576e-01,8.629297e-01
6.702500e-03,7.550082e+00,7.372519e+00,1.245290e+00,7.473923e-01,5.623417e-01,4.411803e-01,3.606695e-01,3.023128e-01,2.598356e-01,3.246662e-01,6.304499e-01,7.062964e-01,7.474594e-01,7.541535e-01,8.026172e-01,8.635419e-01
6.705000e-03,7.549938e+00,7.373315e+00,1.250541e+00,7.473935e-01,5.623414e-01,4.411800e-01,3.606699e-01,3.023123e-01,2.598359e-01,3.238022e-01,6.308545e-01,7.066635e-01,7.476606e-01,7.539914e-01,8.024648e-01,8.641267e-01
6.707500e-03,7.549753e+00,7.374015e+00,1.255579e+00,7.473947e-01,5.623414e-01,4.411794e-01,3.606703e-01,3.023118e-01,2.598360e-01,3.230407e-01,6.312616e-01,7.070293e-01,7.478121e-01,7.538025e-01,8.022317e-01,8.646687e-01
6.710000e-03,7.549471e+00,7.374628e+00,1.260353e+00,7.473953e-01,5.623418e-01,4.411788e-01,3.606706e-01,3.023116e-01,2.598359e-01,3.223855e-01,6.316610e-01,7.073628e-01,7.479098e-01,7.536096e-01,8.019575e-01,8.651582e-01
6.712500e-03,7.549060e+00,7.375149e+00,1.264803e+00,7.473952e-01,5.623426e-01,4.411785e-01,3.606705e-01,3.023116e-01,2.598356e-01,3.218410e-01,6.320431e-01,7.076294e-01,7.479529e-01,7.534292e-01,8.016759e-01,8.655957e-01
6.715000e-03,7.548556e+00,7.375580e+00,1.268955e+00,7.473947e-01,5.623434e-01,4.411784e-01,3.606702e-01,3.023120e-01,2.598352e-01,3.214058e-01,6.324209e-01,7.078293e-01,7.479438e-01,7.532718e-01,8.014110e-01,8.659850e-01
6.717500e-03,7.547955e+00,7.375922e+00,1.272751e+00,7.473939e-01,5.623441e-01,4.411786e-01,3.606698e-01,3.023123e-01,2.598349e-01,3.210804e-01,6.328021e-01,7.079898e-01,7.478883e-01,7.531415e-01,8.011846e-01,8.663339e-01
6.720000e-03,7.547276e+00,7.376175e+00,1.276168e+00,7.473934e-01,5.623445e-01,4.411790e-01,3.606694e-01,3.023124e-01,2.598348e-01,3.208651e-01,6.331611e-01,7.081361e-01,7.477979e-01,7.530357e-01,8.010164e-01,8.666485e-01
6.722500e-03,7.546528e+00,7.376342e+00,1.279151e+00,7.473935e-01,5.623444e-01,4.411796e-01,3.606693e-01,3.023123e-01,2.598349e-01,3.207592e-01,6.334617e-01,7.082752e-01,7.476894e-01,7.529459e-01,8.009185e-01,8.669308e-01
6.725000e-03,7.545732e+00,7.376420e+00,1.281688e+00,7.473940e-01,5.623440e-01,4.411801e-01,3.606694e-01,3.023120e-01,2.598352e-01,3.207621e-01,6.337191e-01,7.083937e-01,7.475780e-01,7.528583e-01,8.008939e-01,8.671946e-01
6.727500e-03,7.544900e+00,7.376412e+00,1.283793e+00,7.473948e-01,5.623435e-01,4.411805e-01,3.606697e-01,3.023116e-01,2.598354e-01,3.208717e-01,6.339615e-01,7.084674e-01,7.474665e-01,7.527562e-01,8.009274e-01,8.674529e-01
6.730000e-03,7.544039e+00,7.376322e+00,1.285483e+00,7.473956e-01,5.623433e-01,4.411807e-01,3.606700e-01,3.023114e-01,2.598354e-01,3.210851e-01,6.341828e-01,7.084813e-01,7.473475e-01,7.526243e-01,8.009818e-01,8.677456e-01
6.732500e-03,7.543148e+00,7.376153e+00,1.286768e+00,7.473961e-01,5.623434e-01,4.411806e-01,3.606704e-01,3.023115e-01,2.598352e-01,3.213980e-01,6.343709e-01,7.084432e-01,7.472115e-01,7.524551e-01,8.010175e-01,8.680885e-01
6.735000e-03,7.542226e+00,7.375910e+00,1.287659e+00,7.473960e-01,5.623436e-01,4.411804e-01,3.606708e-01,3.023116e-01,2.598350e-01,3.218053e-01,6.345282e-01,7.083750e-01,7.470535e-01,7.522486e-01,8.010200e-01,8.684786e-01
6.737500e-03,7.541279e+00,7.375595e+00,1.288134e+00,7.473955e-01,5.623439e-01,4.411801e-01,3.606711e-01,3.023118e-01,2.598348e-01,3.223022e-01,6.346632e-01,7.082927e-01,7.468721e-01,7.520066e-01,8.009985e-01,8.688993e-01
6.740000e-03,7.540309e+00,7.375209e+00,1.288150e+00,7.473948e-01,5.623441e-01,4.411800e-01,3.606712e-01,3.023121e-01,2.598347e-01,3.228843e-01,6.347775e-01,7.081928e-01,7.466660e-01,7.517276e-01,8.009567e-01,8.693235e-01
6.742500e-03,7.539332e+00,7.374749e+00,1.287630e+00,7.473941e-01,5.623441e-01,4.411800e-01,3.606711e-01,3.023124e-01,2.598348e-01,3.235476e-01,6.348661e-01,7.080580e-01,7.464328e-01,7.514049e-01,8.008700e-01,8.697372e-01
6.745000e-03,7.538345e+00,7.374219e+00,1.286594e+00,7.473939e-01,5.623439e-01,4.411800e-01,3.606709e-01,3.023127e-01,2.598349e-01,3.242862e-01,6.349239e-01,7.078778e-01,7.461700e-01,7.510297e-01,8.006939e-01,8.701485e-01
6.747500e-03,7.537366e+00,7.373619e+00,1.285080e+00,7.473941e-01,5.623435e-01,4.411800e-01,3.606707e-01,3.023129e-01,2.598351e-01,3.250950e-01,6.349495e-01,7.076562e-01,7.458781e-01,7.505977e-01,8.003876e-01,8.705553e-01
6.750000e-03,7.536401e+00,7.372954e+00,1.283102e+00,7.473947e-01,5.623431e-01,4.411800e-01,3.606707e-01,3.023129e-01,2.598354e-01,3.259657e-01,6.349425e-01,7.074057e-01,7.455617e-01,7.501159e-01,7.999354e-01,8.709436e-01
6.752500e-03,7.535464e+00,7.372236e+00,1.280710e+00,7.473950e-01,5.623429e-01,4.411799e-01,3.606706e-01,3.023129e-01,2.598356e-01,3.268907e-01,6.349035e-01,7.071378e-01,7.452274e-01,7.496046e-01,7.993603e-01,8.712780e-01
6.755000e-03,7.534535e+00,7.371464e+00,1.277922e+00,7.473949e-01,5.623430e-01,4.411797e-01,3.606705e-01,3.023127e-01,2.598358e-01,3.278625e-01,6.348387e-01,7.068593e-01,7.448785e-01,7.490914e-01,7.987175e-01,8.715200e-01
6.757500e-03,7.533597e+00,7.370638e+00,1.274807e+00,7.473944e-01,5.623434e-01,4.411795e-01,3.606704e-01,3.023126e-01,2.598359e-01,3.288743e-01,6.347443e-01,7.065725e-01,7.445118e-01,7.486027e-01,7.980706e-01,8.716395e-01
6.760000e-03,7.532670e+00,7.369760e+00,1.271449e+00,7.473936e-01,5.623437e-01,4.411793e-01,3.606703e-01,3.023125e-01,2.598359e-01,3.299152e-01,6.346223e-01,7.062760e-01,7.441214e-01,7.481569e-01,7.974701e-01,8.716299e-01
6.762500e-03,7.531753e+00,7.368836e+00,1.267832e+00,7.473929e-01,5.623437e-01,4.411793e-01,3.606702e-01,3.023124e-01,2.598359e-01,3.309802e-01,6.344848e-01,7.059660e-01,7.437045e-01,7.477569e-01,7.969458e-01,8.715161e-01
6.765000e-03,7.530834e+00,7.367872e+00,1.263910e+00,7.473924e-01,5.623434e-01,4.411795e-01,3.606701e-01,3.023122e-01,2.598358e-01,3.320599e-01,6.343359e-01,7.056377e-01,7.432647e-01,7.473866e-01,7.964971e-01,8.713131e-01
6.767500e-03,7.529991e+00,7.366832e+00,1.259619e+00,7.473923e-01,5.623429e-01,4.411798e-01,3.606701e-01,3.023121e-01,2.598357e-01,3.331642e-01,6.341673e-01,7.052872e-01,7.428097e-01,7.470172e-01,7.960807e-01,8.710621e-01
6.770000e-03,7.529190e+00,7.365733e+00,1.254874e+00,7.473926e-01,5.623425e-01,4.411799e-01,3.606701e-01,3.023120e-01,2.598355e-01,3.342804e-01,6.339847e-01,7.049143e-01,7.423478e-01,7.466235e-01,7.956290e-01,8.707941e-01
6.772500e-03,7.528457e+00,7.364592e+00,1.249836e+00,7.473931e-01,5.623423e-01,4.411797e-01,3.606702e-01,3.023119e-01,2.598354e-01,3.353928e-01,6.337959e-01,7.045196e-01,7.418855e-01,7.461948e-01,7.951007e-01,8.705170e-01
6.775000e-03,7.527774e+00,7.363419e+00,1.244599e+00,7.473934e-01,5.623423e-01,4.411793e-01,3.606704e-01,3.023119e-01,2.598352e-01,3.364882e-01,6.335927e-01,7.041024e-01,7.414261e-01,7.457345e-01,7.945097e-01,8.702186e-01
6.777500e-03,7.527236e+00,7.362195e+00,1.239197e+00,7.473939e-01,5.623425e-01,4.411789e-01,3.606705e-01,3.023120e-01,2.598350e-01,3.375694e-01,6.333853e-01,7.036644e-01,7.409691e-01,7.452548e-01,7.938995e-01,8.698556e-01
6.780000e-03,7.526734e+00,7.360978e+00,1.233763e+00,7.473942e-01,5.623429e-01,4.411787e-01,3.606705e-01,3.023120e-01,2.598350e-01,3.386221e-01,6.331819e-01,7.032127e-01,7.405108e-01,7.447702e-01,7.933113e-01,8.694071e-01
6.782500e-03,7.526310e+00,7.359760e+00,1.228270e+00,7.473944e-01,5.623432e-01,4.411787e-01,3.606702e-01,3.023122e-01,2.598349e-01,3.396393e-01,6.329918e-01,7.027548e-01,7.400451e-01,7.442889e-01,7.927762e-01,8.689064e-01
6.785000e-03,7.526062e+00,7.358537e+00,1.222650e+00,7.473949e-01,5.623437e-01,4.411789e-01,3.606699e-01,3.023123e-01,2.598350e-01,3.406219e-01,6.327869e-01,7.022942e-01,7.395653e-01,7.438070e-01,7.923109e-01,8.684204e-01
6.787500e-03,7.525867e+00,7.357314e+00,1.217118e+00,7.473954e-01,5.623439e-01,4.411791e-01,3.606697e-01,3.023123e-01,2.598351e-01,3.415619e-01,6.325676e-01,7.018322e-01,7.390668e-01,7.433121e-01,7.919068e-01,8.679986e-01
6.790000e-03,7.525693e+00,7.356103e+00,1.211514e+00,7.473958e-01,5.623440e-01,4.411794e-01,3.606696e-01,3.023122e-01,2.598352e-01,3.424513e-01,6.323397e-01,7.013678e-01,7.385480e-01,7.427914e-01,7.915333e-01,8.676684e-01
6.792500e-03,7.525585e+00,7.354894e+00,1.205899e+00,7.473960e-01,5.623441e-01,4.411798e-01,3.606697e-01,3.023120e-01,2.598353e-01,3.433005e-01,6.320740e-01,7.008975e-01,7.380107e-01,7.422344e-01,7.911554e-01,8.674433e-01
6.795000e-03,7.525517e+00,7.353886e+00,1.204164e+00,7.473960e-01,5.623443e-01,4.411801e-01,3.606699e-01,3.023118e-01,2.598354e-01,3.441005e-01,6.318262e-01,7.004211e-01,7.374584e-01,7.416310e-01,7.907394e-01,8.673254e-01
6.797500e-03,7.525501e+00,7.353139e+00,1.206852e+00,7.473958e-01,5.623445e-01,4.411802e-01,3.606701e-01,3.023116e-01,2.598354e-01,3.448456e-01,6.315882e-01,6.999476e-01,7.368953e-01,7.409743e-01,7.902524e-01,8.673020e-01
6.800000e-03,7.525535e+00,7.352451e+00,1.209237e+00,7.473952e-01,5.623447e-01,4.411802e-01,3.606704e-01,3.023116e-01,2.598353e-01,3.455351e-01,6.313158e-01,6.994858e-01,7.363255e-01,7.402630e-01,7.896729e-01,8.673376e-01
6.802500e-03,7.525611e+00,7.351807e+00,1.211443e+00,7.473944e-01,5.623449e-01,4.411801e-01,3.606707e-01,3.023117e-01,2.598351e-01,3.461694e-01,6.310087e-01,6.990354e-01,7.357519e-01,7.394985e-01,7.889973e-01,8.674003e-01
6.805000e-03,7.525731e+00,7.351220e+00,1.213388e+00,7.473938e-01,5.623448e-01,4.411802e-01,3.606709e-01,3.023119e-01,2.598349e-01,3.467438e-01,6.306902e-01,6.985898e-01,7.351748e-01,7.386838e-01,7.882248e-01,8.674477e-01
6.807500e-03,7.525868e+00,7.350695e+00,1.215071e+00,7.473937e-01,5.623444e-01,4.411804e-01,3.606709e-01,3.023121e-01,2.598348e-01,3.472534e-01,6.303794e-01,6.981421e-01,7.345905e-01,7.378382e-01,7.873404e-01,8.674497e-01
6.810000e-03,7.526040e+00,7.350232e+00,1.216409e+00,7.473939e-01,5.623437e-01,4.411806e-01,3.606709e-01,3.023124e-01,2.598348e-01,3.476981e-01,6.300776e-01,6.976834e-01,7.339927e-01,7.370126e-01,7.863442e-01,8.673846e-01
6.812500e-03,7.526254e+00,7.349829e+00,1.217382e+00,7.473945e-01,5.623431e-01,4.411807e-01,3.606708e-01,3.023125e-01,2.598350e-01,3.480747e-01,6.297755e-01,6.972088e-01,7.333760e-01,7.362808e-01,7.853153e-01,8.672544e-01
6.815000e-03,7.526600e+00,7.349488e+00,1.217971e+00,7.473950e-01,5.623428e-01,4.411805e-01,3.606709e-01,3.023126e-01,2.598352e-01,3.483799e-01,6.294536e-01,6.967267e-01,7.327416e-01,7.357043e-01,7.844238e-01,8.670488e-01
6.817500e-03,7.527050e+00,7.349206e+00,1.218184e+00,7.473954e-01,5.623427e-01,4.411801e-01,3.606710e-01,3.023126e-01,2.598354e-01,3.486122e-01,6.291104e-01,6.962481e-01,7.320968e-01,7.353011e-01,7.838295e-01,8.667359e-01
6.820000e-03,7.527573e+00,7.348982e+00,1.218013e+00,7.473954e-01,5.623431e-01,4.411795e-01,3.606712e-01,3.023125e-01,2.598355e-01,3.487688e-01,6.287564e-01,6.957720e-01,7.314563e-01,7.350467e-01,7.835476e-01,8.663465e-01
6.822500e-03,7.528176e+00,7.348819e+00,1.217464e+00,7.473951e-01,5.623437e-01,4.411791e-01,3.606711e-01,3.023125e-01,2.598356e-01,3.488468e-01,6.284074e-01,6.952917e-01,7.308403e-01,7.348977e-01,7.834448e-01,8.660201e-01
6.825000e-03,7.528855e+00,7.348721e+00,1.216540e+00,7.473946e-01,5.623442e-01,4.411789e-01,3.606709e-01,3.023126e-01,2.598357e-01,3.488433e-01,6.280613e-01,6.948021e-01,7.302697e-01,7.348209e-01,7.833674e-01,8.659072e-01
6.827500e-03,7.529600e+00,7.348691e+00,1.215236e+00,7.473941e-01,5.623445e-01,4.411790e-01,3.606706e-01,3.023127e-01,2.598357e-01,3.487561e-01,6.277042e-01,6.943022e-01,7.297595e-01,7.348103e-01,7.832644e-01,8.659997e-01
6.830000e-03,7.530403e+00,7.348733e+00,1.213551e+00,7.473938e-01,5.623445e-01,4.411794e-01,3.606702e-01,3.023128e-01,2.598356e-01,3.485841e-01,6.273332e-01,6.937966e-01,7.293145e-01,7.348800e-01,7.832182e-01,8.661076e-01
6.832500e-03,7.531261e+00,7.348846e+00,1.211484e+00,7.473935e-01,5.623442e-01,4.411798e-01,3.606698e-01,3.023127e-01,2.598356e-01,3.483273e-01,6.269545e-01,6.932886e-01,7.289310e-01,7.350408e-01,7.833575e-01,8.660275e-01
6.835000e-03,7.532173e+00,7.349031e+00,1.209032e+00,7.473937e-01,5.623437e-01,4.411802e-01,3.606697e-01,3.023125e-01,2.598357e-01,3.479860e-01,6.265713e-01,6.927724e-01,7.286018e-01,7.352777e-01,7.837335e-01,8.657009e-01
6.837500e-03,7.533141e+00,7.349288e+00,1.206202e+00,7.473940e-01,5.623432e-01,4.411804e-01,3.606698e-01,3.023122e-01,2.598357e-01,3.475611e-01,6.261807e-01,6.922424e-01,7.283219e-01,7.355498e-01,7.842816e-01,8.652618e-01
6.840000e-03,7.534167e+00,7.349618e+00,1.203002e+00,7.473945e-01,5.623430e-01,4.411804e-01,3.606702e-01,3.023118e-01,2.598358e-01,3.470536e-01,6.257783e-01,6.917055e-01,7.280916e-01,7.358163e-01,7.848714e-01,8.649340e-01
6.842500e-03,7.535252e+00,7.350022e+00,1.199424e+00,7.473948e-01,5.623433e-01,4.411801e-01,3.606706e-01,3.023116e-01,2.598357e-01,3.464646e-01,6.253634e-01,6.911791e-01,7.279165e-01,7.360702e-01,7.853809e-01,8.648530e-01
6.845000e-03,7.536398e+00,7.350498e+00,1.195480e+00,7.473950e-01,5.623437e-01,4.411796e-01,3.606709e-01,3.023116e-01,2.598355e-01,3.457955e-01,6.249364e-01,6.906817e-01,7.278024e-01,7.363494e-01,7.857507e-01,8.649868e-01
6.847500e-03,7.537605e+00,7.351051e+00,1.191149e+00,7.473950e-01,5.623441e-01,4.411793e-01,3.606710e-01,3.023117e-01,2.598352e-01,3.450460e-01,6.244946e-01,6.902252e-01,7.277497e-01,7.367150e-01,7.860089e-01,8.651881e-01
6.850000e-03,7.538882e+00,7.351688e+00,1.186389e+00,7.473951e-01,5.623443e-01,4.411794e-01,3.606709e-01,3.023121e-01,2.598349e-01,3.442139e-01,6.240387e-01,6.898153e-01,7.277526e-01,7.372141e-01,7.862595e-01,8.652997e-01
6.852500e-03,7.540226e+00,7.352416e+00,1.181211e+00,7.473953e-01,5.623442e-01,4.411798e-01,3.606705e-01,3.023124e-01,2.598348e-01,3.432951e-01,6.235734e-01,6.894536e-01,7.278048e-01,7.378601e-01,7.866198e-01,8.652334e-01
6.855000e-03,7.541603e+00,7.353226e+00,1.175635e+00,7.473956e-01,5.623441e-01,4.411803e-01,3.606702e-01,3.023126e-01,2.598348e-01,3.422928e-01,6.230846e-01,6.891396e-01,7.279069e-01,7.386478e-01,7.871447e-01,8.649641e-01
6.857500e-03,7.543078e+00,7.354104e+00,1.169693e+00,7.473960e-01,5.623441e-01,4.411805e-01,3.606701e-01,3.023126e-01,2.598350e-01,3.412133e-01,6.225739e-01,6.888751e-01,7.280703e-01,7.395807e-01,7.878343e-01,8.645376e-01
6.860000e-03,7.544622e+00,7.355439e+00,1.171825e+00,7.473962e-01,5.623442e-01,4.411806e-01,3.606703e-01,3.023124e-01,2.598353e-01,3.400562e-01,6.220533e-01,6.886655e-01,7.283123e-01,7.406745e-01,7.886959e-01,8.640425e-01
6.862500e-03,7.546252e+00,7.356889e+00,1.175632e+00,7.473963e-01,5.623444e-01,4.411805e-01,3.606707e-01,3.023122e-01,2.598356e-01,3.388210e-01,6.215400e-01,6.885142e-01,7.286496e-01,7.419303e-01,7.897355e-01,8.635415e-01
6.865000e-03,7.547946e+00,7.358407e+00,1.179753e+00,7.473963e-01,5.623446e-01,4.411804e-01,3.606710e-01,3.023120e-01,2.598357e-01,3.375060e-01,6.210463e-01,6.884207e-01,7.290951e-01,7.433084e-01,7.908917e-01,8.630537e-01
6.867500e-03,7.549665e+00,7.359997e+00,1.184170e+00,7.473961e-01,5.623447e-01,4.411804e-01,3.606711e-01,3.023120e-01,2.598357e-01,3.360978e-01,6.205657e-01,6.883828e-01,7.296586e-01,7.447352e-01,7.920304e-01,8.625902e-01
6.870000e-03,7.551494e+00,7.361603e+00,1.188842e+00,7.473958e-01,5.623447e-01,4.411806e-01,3.606710e-01,3.023123e-01,2.598355e-01,3.346080e-01,6.201097e-01,6.884006e-01,7.303483e-01,7.461457e-01,7.930287e-01,8.621532e-01
6.872500e-03,7.553407e+00,7.363232e+00,1.193680e+00,7.473952e-01,5.623447e-01,4.411808e-01,3.606709e-01,3.023125e-01,2.598354e-01,3.330298e-01,6.197179e-01,6.884755e-01,7.311683e-01,7.475284e-01,7.938880e-01,8.616695e-01
6.875000e-03,7.555383e+00,7.364902e+00,1.198576e+00,7.473947e-01,5.623446e-01,4.411809e-01,3.606708e-01,3.023127e-01,2.598353e-01,3.313701e-01,6.193712e-01,6.886117e-01,7.321115e-01,7.489281e-01,7.947687e-01,8.610027e-01
6.877500e-03,7.557348e+00,7.366551e+00,1.203394e+00,7.473943e-01,5.623443e-01,4.411809e-01,3.606709e-01,3.023128e-01,2.598353e-01,3.296451e-01,6.190230e-01,6.888141e-01,7.331578e-01,7.503864e-01,7.958859e-01,8.600597e-01
6.880000e-03,7.559388e+00,7.368216e+00,1.208312e+00,7.473943e-01,5.623439e-01,4.411809e-01,3.606710e-01,3.023127e-01,2.598355e-01,3.278372e-01,6.186619e-01,6.890923e-01,7.342784e-01,7.518669e-01,7.973431e-01,8.588848e-01
6.882500e-03,7.561408e+00,7.369899e+00,1.213381e+00,7.473947e-01,5.623435e-01,4.411808e-01,3.606711e-01,3.023125e-01,2.598358e-01,3.259532e-01,6.183785e-01,6.894632e-01,7.354486e-01,7.532408e-01,7.990479e-01,8.576631e-01
6.885000e-03,7.563357e+00,7.371574e+00,1.218455e+00,7.473951e-01,5.623431e-01,4.411806e-01,3.606711e-01,3.023125e-01,2.598359e-01,3.239913e-01,6.181837e-01,6.899404e-01,7.366568e-01,7.543669e-01,8.007666e-01,8.566144e-01
6.887500e-03,7.565363e+00,7.373207e+00,1.223362e+00,7.473952e-01,5.623429e-01,4.411804e-01,3.606711e-01,3.023125e-01,2.598359e-01,3.219769e-01,6.180367e-01,6.905280e-01,7.379015e-01,7.551780e-01,8.022612e-01,8.558984e-01
6.890000e-03,7.567408e+00,7.374818e+00,1.228071e+00,7.473948e-01,5.623430e-01,4.411800e-01,3.606710e-01,3.023126e-01,2.598358e-01,3.199106e-01,6.179294e-01,6.912410e-01,7.391763e-01,7.556943e-01,8.034131e-01,8.555686e-01
6.892500e-03,7.569579e+00,7.376436e+00,1.233085e+00,7.473942e-01,5.623434e-01,4.411797e-01,3.606709e-01,3.023127e-01,2.598357e-01,3.177935e-01,6.179034e-01,6.920893e-01,7.404544e-01,7.559777e-01,8.042469e-01,8.556025e-01
6.895000e-03,7.571588e+00,7.378061e+00,1.238332e+00,7.473936e-01,5.623436e-01,4.411795e-01,3.606707e-01,3.023127e-01,2.598356e-01,3.156322e-01,6.179444e-01,6.930405e-01,7.416891e-01,7.560838e-01,8.048578e-01,8.559151e-01
6.897500e-03,7.573370e+00,7.379655e+00,1.243384e+00,7.473934e-01,5.623437e-01,4.411794e-01,3.606705e-01,3.023127e-01,2.598356e-01,3.134497e-01,6.180122e-01,6.940540e-01,7.428323e-01,7.560457e-01,8.053154e-01,8.564255e-01
6.900000e-03,7.575120e+00,7.381236e+00,1.248387e+00,7.473935e-01,5.623435e-01,4.411796e-01,3.606703e-01,3.023126e-01,2.598357e-01,3.112343e-01,6.181716e-01,6.951166e-01,7.438563e-01,7.558804e-01,8.056186e-01,8.570974e-01
6.902500e-03,7.576680e+00,7.382788e+00,1.253092e+00,7.473938e-01,5.623433e-01,4.411798e-01,3.606701e-01,3.023125e-01,2.598357e-01,3.090262e-01,6.184027e-01,6.962389e-01,7.447564e-01,7.556018e-01,8.057169e-01,8.579438e-01
6.905000e-03,7.578215e+00,7.384278e+00,1.257495e+00,7.473944e-01,5.623431e-01,4.411799e-01,3.606700e-01,3.023124e-01,2.598358e-01,3.068431e-01,6.186693e-01,6.974313e-01,7.455424e-01,7.552296e-01,8.055630e-01,8.589672e-01
6.907500e-03,7.579550e+00,7.385770e+00,1.261084e+00,7.473949e-01,5.623430e-01,4.411800e-01,3.606700e-01,3.023122e-01,2.598357e-01,3.047014e-01,6.190184e-01,6.986919e-01,7.462317e-01,7.547899e-01,8.051481e-01,8.601260e-01
6.910000e-03,7.580801e+00,7.387213e+00,1.264634e+00,7.473952e-01,5.623431e-01,4.411800e-01,3.606701e-01,3.023121e-01,2.598356e-01,3.025761e-01,6.195182e-01,7.000068e-01,7.468394e-01,7.543114e-01,8.045039e-01,8.613389e-01
6.912500e-03,7.582008e+00,7.388568e+00,1.267880e+00,7.473952e-01,5.623434e-01,4.411799e-01,3.606702e-01,3.023120e-01,2.598355e-01,3.005080e-01,6.201800e-01,7.013361e-01,7.473721e-01,7.538201e-01,8.036963e-01,8.625078e-01
6.915000e-03,7.583267e+00,7.389892e+00,1.270638e+00,7.473948e-01,5.623438e-01,4.411798e-01,3.606704e-01,3.023120e-01,2.598354e-01,2.985140e-01,6.209057e-01,7.026183e-01,7.478283e-01,7.533339e-01,8.028132e-01,8.635499e-01
6.917500e-03,7.584254e+00,7.391203e+00,1.272913e+00,7.473944e-01,5.623442e-01,4.411797e-01,3.606704e-01,3.023119e-01,2.598353e-01,2.965830e-01,6.216109e-01,7.038187e-01,7.482042e-01,7.528583e-01,8.019319e-01,8.644006e-01
6.920000e-03,7.585050e+00,7.392491e+00,1.274752e+00,7.473942e-01,5.623444e-01,4.411797e-01,3.606705e-01,3.023120e-01,2.598352e-01,2.947267e-01,6.223925e-01,7.049386e-01,7.484975e-01,7.523896e-01,8.010904e-01,8.650289e-01
6.922500e-03,7.585677e+00,7.393676e+00,1.276512e+00,7.473943e-01,5.623443e-01,4.411800e-01,3.606704e-01,3.023121e-01,2.598351e-01,2.929994e-01,6.233393e-01,7.059783e-01,7.487072e-01,7.519227e-01,8.002911e-01,8.654424e-01
6.925000e-03,7.586115e+00,7.394796e+00,1.278198e+00,7.473946e-01,5.623439e-01,4.411804e-01,3.606703e-01,3.023123e-01,2.598351e-01,2.913982e-01,6.244215e-01,7.069250e-01,7.488350e-01,7.514564e-01,7.995205e-01,8.656875e-01
6.927500e-03,7.586229e+00,7.395846e+00,1.279804e+00,7.473949e-01,5.623435e-01,4.411807e-01,3.606702e-01,3.023124e-01,2.598351e-01,2.898972e-01,6.255773e-01,7.077721e-01,7.488831e-01,7.509943e-01,7.987626e-01,8.658032e-01
6.930000e-03,7.586223e+00,7.396791e+00,1.281329e+00,7.473951e-01,5.623433e-01,4.411808e-01,3.606703e-01,3.023124e-01,2.598352e-01,2.885616e-01,6.267477e-01,7.085304e-01,7.488500e-01,7.505393e-01,7.980063e-01,8.657952e-01
6.932500e-03,7.586030e+00,7.397604e+00,1.282884e+00,7.473952e-01,5.623433e-01,4.411807e-01,3.606705e-01,3.023123e-01,2.598353e-01,2.874115e-01,6.278430e-01,7.091978e-01,7.487316e-01,7.500885e-01,7.972495e-01,8.656838e-01
6.935000e-03,7.585660e+00,7.398328e+00,1.284719e+00,7.473952e-01,5.623434e-01,4.411803e-01,3.606708e-01,3.023122e-01,2.598354e-01,2.864334e-01,6.289632e-01,7.097416e-01,7.485306e-01,7.496323e-01,7.964980e-01,8.654845e-01
6.937500e-03,7.584971e+00,7.398951e+00,1.286958e+00,7.473952e-01,5.623436e-01,4.411800e-01,3.606711e-01,3.023121e-01,2.598355e-01,2.856366e-01,6.300521e-01,7.101243e-01,7.482590e-01,7.491585e-01,7.957592e-01,8.652166e-01
6.940000e-03,7.584005e+00,7.399450e+00,1.289716e+00,7.473951e-01,5.623436e-01,4.411798e-01,3.606711e-01,3.023122e-01,2.598355e-01,2.850335e-01,6.310720e-01,7.103460e-01,7.479248e-01,7.486597e-01,7.950410e-01,8.649279e-01
6.942500e-03,7.582800e+00,7.399812e+00,1.293043e+00,7.473946e-01,5.623436e-01,4.411797e-01,3.606709e-01,3.023124e-01,2.598355e-01,2.846349e-01,6.320048e-01,7.104637e-01,7.475246e-01,7.481343e-01,7.943488e-01,8.646569e-01
6.945000e-03,7.581367e+00,7.400019e+00,1.297021e+00,7.473941e-01,5.623436e-01,4.411798e-01,3.606707e-01,3.023126e-01,2.598353e-01,2.844515e-01,6.328513e-01,7.105364e-01,7.470577e-01,7.475820e-01,7.936746e-01,8.644298e-01
6.947500e-03,7.579754e+00,7.400066e+00,1.301669e+00,7.473938e-01,5.623435e-01,4.411799e-01,3.606704e-01,3.023128e-01,2.598353e-01,2.844873e-01,6.335517e-01,7.105732e-01,7.465409e-01,7.469979e-01,7.929881e-01,8.642775e-01
6.950000e-03,7.577965e+00,7.399945e+00,1.306959e+00,7.473935e-01,5.623433e-01,4.411799e-01,3.606702e-01,3.023129e-01,2.598354e-01,2.847481e-01,6.340979e-01,7.105273e-01,7.459955e-01,7.463766e-01,7.922461e-01,8.642234e-01
6.952500e-03,7.576029e+00,7.399662e+00,1.312799e+00,7.473936e-01,5.623432e-01,4.411799e-01,3.606702e-01,3.023127e-01,2.598356e-01,2.852345e-01,6.345115e-01,7.103414e-01,7.454250e-01,7.457244e-01,7.914235e-01,8.642481e-01
6.955000e-03,7.573972e+00,7.399215e+00,1.319072e+00,7.473938e-01,5.623431e-01,4.411798e-01,3.606703e-01,3.023124e-01,2.598358e-01,2.859447e-01,6.348178e-01,7.100026e-01,7.448149e-01,7.450628e-01,7.905394e-01,8.642915e-01
6.957500e-03,7.571832e+00,7.398611e+00,1.325560e+00,7.473937e-01,5.623430e-01,4.411796e-01,3.606704e-01,3.023122e-01,2.598359e-01,2.868754e-01,6.350202e-01,7.095365e-01,7.441546e-01,7.444160e-01,7.896491e-01,8.642794e-01
6.960000e-03,7.569616e+00,7.397875e+00,1.332097e+00,7.473938e-01,5.623430e-01,4.411796e-01,3.606704e-01,3.023121e-01,2.598359e-01,2.880080e-01,6.350948e-01,7.089829e-01,7.434556e-01,7.437954e-01,7.887956e-01,8.641564e-01
6.962500e-03,7.567341e+00,7.397014e+00,1.338501e+00,7.473937e-01,5.623430e-01,4.411796e-01,3.606703e-01,3.023121e-01,2.598357e-01,2.893339e-01,6.350310e-01,7.083793e-01,7.427465e-01,7.431960e-01,7.879672e-01,8.639247e-01
6.965000e-03,7.565051e+00,7.396049e+00,1.344412e+00,7.473934e-01,5.623428e-01,4.411796e-01,3.606702e-01,3.023122e-01,2.598354e-01,2.908376e-01,6.348402e-01,7.077410e-01,7.420518e-01,7.426052e-01,7.871104e-01,8.636470e-01
6.967500e-03,7.562770e+00,7.394995e+00,1.349302e+00,7.473932e-01,5.623429e-01,4.411797e-01,3.606701e-01,3.023122e-01,2.598353e-01,2.925241e-01,6.345395e-01,7.070547e-01,7.413809e-01,7.420114e-01,7.861728e-01,8.633804e-01
6.970000e-03,7.560510e+00,7.393869e+00,1.353310e+00,7.473932e-01,5.623430e-01,4.411796e-01,3.606701e-01,3.023122e-01,2.598352e-01,2.943429e-01,6.341497e-01,7.062985e-01,7.407334e-01,7.414081e-01,7.851329e-01,8.631225e-01
6.972500e-03,7.558311e+00,7.392675e+00,1.356538e+00,7.473934e-01,5.623430e-01,4.411794e-01,3.606702e-01,3.023122e-01,2.598352e-01,2.962582e-01,6.336943e-01,7.054676e-01,7.401035e-01,7.407925e-01,7.840083e-01,8.628152e-01
6.975000e-03,7.556093e+00,7.391456e+00,1.358366e+00,7.473937e-01,5.623430e-01,4.411794e-01,3.606703e-01,3.023121e-01,2.598353e-01,2.982435e-01,6.331472e-01,7.045764e-01,7.394800e-01,7.401640e-01,7.828441e-01,8.624070e-01
6.977500e-03,7.554031e+00,7.390196e+00,1.359257e+00,7.473941e-01,5.623431e-01,4.411794e-01,3.606703e-01,3.023121e-01,2.598353e-01,3.002785e-01,6.325869e-01,7.036496e-01,7.388496e-01,7.395297e-01,7.816945e-01,8.618785e-01
6.980000e-03,7.552109e+00,7.388928e+00,1.358937e+00,7.473946e-01,5.623430e-01,4.411794e-01,3.606701e-01,3.023121e-01,2.598353e-01,3.023420e-01,6.320000e-01,7.027067e-01,7.382010e-01,7.389111e-01,7.806191e-01,8.612277e-01
6.982500e-03,7.550280e+00,7.387661e+00,1.357677e+00,7.473950e-01,5.623431e-01,4.411795e-01,3.606701e-01,3.023121e-01,2.598352e-01,3.044095e-01,6.313581e-01,7.017571e-01,7.375291e-01,7.383418e-01,7.796852e-01,8.604896e-01
6.985000e-03,7.548528e+00,7.386411e+00,1.355231e+00,7.473952e-01,5.623432e-01,4.411796e-01,3.606700e-01,3.023122e-01,2.598352e-01,3.064554e-01,6.307178e-01,7.008005e-01,7.368354e-01,7.378550e-01,7.789401e-01,8.597129e-01
6.987500e-03,7.547018e+00,7.385155e+00,1.351723e+00,7.473950e-01,5.623435e-01,4.411796e-01,3.606700e-01,3.023122e-01,2.598351e-01,3.084670e-01,6.299989e-01,6.998412e-01,7.361254e-01,7.374721e-01,7.783780e-01,8.589630e-01
6.990000e-03,7.545747e+00,7.383898e+00,1.347217e+00,7.473947e-01,5.623438e-01,4.411796e-01,3.606701e-01,3.023122e-01,2.598352e-01,3.103907e-01,6.291938e-01,6.988951e-01,7.354073e-01,7.371998e-01,7.779636e-01,8.583179e-01
6.992500e-03,7.544781e+00,7.382675e+00,1.341435e+00,7.473945e-01,5.623441e-01,4.411797e-01,3.606703e-01,3.023121e-01,2.598353e-01,3.122678e-01,6.283874e-01,6.979606e-01,7.346907e-01,7.370354e-01,7.776868e-01,8.578247e-01
6.995000e-03,7.543956e+00,7.381517e+00,1.335114e+00,7.473944e-01,5.623441e-01,4.411797e-01,3.606704e-01,3.023120e-01,2.598354e-01,3.140299e-01,6.276381e-01,6.970337e-01,7.339866e-01,7.369787e-01,7.775680e-01,8.574743e-01
6.997500e-03,7.543378e+00,7.380397e+00,1.328697e+00,7.473946e-01,5.623439e-01,4.411799e-01,3.606704e-01,3.023120e-01,2.598354e-01,3.156747e-01,6.269356e-01,6.961283e-01,7.333064e-01,7.370350e-01,7.776242e-01,8.572352e-01
7.000000e-03,7.543016e+00,7.379281e+00,1.321934e+00,7.473948e-01,5.623436e-01,4.411801e-01,3.606704e-01,3.023121e-01,2.598353e-01,3.172393e-01,6.263012e-01,6.952480e-01,7.326600e-01,7.372085e-01,7.778576e-01,8.570894e-01
7.002500e-03,7.542804e+00,7.378211e+00,1.314725e+00,7.473945e-01,5.623433e-01,4.411802e-01,3.606704e-01,3.023122e-01,2.598352e-01,3.186835e-01,6.257508e-01,6.943874e-01,7.320578e-01,7.374935e-01,7.782619e-01,8.570371e-01
7.005000e-03,7.542820e+00,7.377198e+00,1.307392e+00,7.473942e-01,5.623433e-01,4.411802e-01,3.606704e-01,3.023122e-01,2.598351e-01,3.199872e-01,6.251714e-01,6.935310e-01,7.315095e-01,7.378735e-01,7.788198e-01,8.570705e-01
7.007500e-03,7.543041e+00,7.376261e+00,1.299995e+00,7.473942e-01,5.623434e-01,4.411800e-01,3.606705e-01,3.023122e-01,2.598351e-01,3.211414e-01,6.245503e-01,6.926652e-01,7.310186e-01,7.383270e-01,7.794980e-01,8.571877e-01
7.010000e-03,7.543500e+00,7.375397e+00,1.292718e+00,7.473942e-01,5.623433e-01,4.411798e-01,3.606707e-01,3.023122e-01,2.598353e-01,3.221356e-01,6.239973e-01,6.917878e-01,7.305829e-01,7.388332e-01,7.802507e-01,8.573775e-01
7.012500e-03,7.544176e+00,7.374629e+00,1.286098e+00,7.473944e-01,5.623432e-01,4.411797e-01,3.606708e-01,3.023123e-01,2.598354e-01,3.229675e-01,6.235437e-01,6.909177e-01,7.302010e-01,7.393810e-01,7.810303e-01,8.576409e-01
7.015000e-03,7.544967e+00,7.373978e+00,1.280015e+00,7.473946e-01,5.623431e-01,4.411797e-01,3.606707e-01,3.023123e-01,2.598354e-01,3.236344e-01,6.230801e-01,6.900905e-01,7.298767e-01,7.399845e-01,7.818163e-01,8.579364e-01
7.017500e-03,7.545850e+00,7.373441e+00,1.274276e+00,7.473946e-01,5.623430e-01,4.411796e-01,3.606706e-01,3.023123e-01,2.598354e-01,3.241401e-01,6.225673e-01,6.893395e-01,7.296195e-01,7.406856e-01,7.826608e-01,8.582036e-01
7.020000e-03,7.546858e+00,7.373018e+00,1.268994e+00,7.473944e-01,5.623431e-01,4.411796e-01,3.606704e-01,3.023124e-01,2.598354e-01,3.244840e-01,6.221078e-01,6.887038e-01,7.294387e-01,7.415163e-01,7.836851e-01,8.583612e-01
7.022500e-03,7.547990e+00,7.372722e+00,1.264335e+00,7.473947e-01,5.623433e-01,4.411795e-01,3.606703e-01,3.023124e-01,2.598354e-01,3.246641e-01,6.217335e-01,6.881920e-01,7.293342e-01,7.424406e-01,7.849843e-01,8.583481e-01
7.025000e-03,7.549218e+00,7.372564e+00,1.260365e+00,7.473947e-01,5.623435e-01,4.411794e-01,3.606702e-01,3.023124e-01,2.598354e-01,3.246814e-01,6.213676e-01,6.877589e-01,7.293001e-01,7.433432e-01,7.865150e-01,8.581657e-01
7.027500e-03,7.550502e+00,7.372545e+00,1.257126e+00,7.473943e-01,5.623436e-01,4.411795e-01,3.606702e-01,3.023123e-01,2.598354e-01,3.245390e-01,6.209628e-01,6.873688e-01,7.293325e-01,7.440900e-01,7.880958e-01,8.579187e-01
7.030000e-03,7.551836e+00,7.372660e+00,1.254629e+00,7.473938e-01,5.623440e-01,4.411796e-01,3.606702e-01,3.023122e-01,2.598354e-01,3.242432e-01,6.205395e-01,6.870283e-01,7.294304e-01,7.445955e-01,7.895238e-01,8.577406e-01
7.032500e-03,7.553222e+00,7.372904e+00,1.252837e+00,7.473936e-01,5.623441e-01,4.411796e-01,3.606702e-01,3.023121e-01,2.598355e-01,3.238009e-01,6.201444e-01,6.867524e-01,7.295920e-01,7.448408e-01,7.906816e-01,8.576978e-01
7.035000e-03,7.554661e+00,7.373267e+00,1.251711e+00,7.473938e-01,5.623439e-01,4.411798e-01,3.606701e-01,3.023121e-01,2.598355e-01,3.232190e-01,6.197828e-01,6.865505e-01,7.298132e-01,7.448505e-01,7.915583e-01,8.577604e-01
7.037500e-03,7.556166e+00,7.373744e+00,1.251171e+00,7.473941e-01,5.623436e-01,4.411801e-01,3.606701e-01,3.023121e-01,2.598354e-01,3.225048e-01,6.194264e-01,6.864401e-01,7.300842e-01,7.446615e-01,7.922075e-01,8.578470e-01
7.040000e-03,7.557716e+00,7.374321e+00,1.251072e+00,7.473944e-01,5.623434e-01,4.411802e-01,3.606702e-01,3.023120e-01,2.598353e-01,3.216654e-01,6.190700e-01,6.864438e-01,7.303846e-01,7.443079e-01,7.926885e-01,8.578946e-01
7.042500e-03,7.559320e+00,7.374988e+00,1.251398e+00,7.473946e-01,5.623434e-01,4.411801e-01,3.606704e-01,3.023120e-01,2.598352e-01,3.207079e-01,6.187364e-01,6.865705e-01,7.306873e-01,7.438198e-01,7.930323e-01,8.579424e-01
7.045000e-03,7.560976e+00,7.375734e+00,1.252075e+00,7.473946e-01,5.623436e-01,4.411800e-01,3.606706e-01,3.023120e-01,2.598352e-01,3.196396e-01,6.184417e-01,6.868079e-01,7.309697e-01,7.432223e-01,7.932383e-01,8.580952e-01
7.047500e-03,7.562686e+00,7.376554e+00,1.253158e+00,7.473946e-01,5.623438e-01,4.411797e-01,3.606708e-01,3.023120e-01,2.598351e-01,3.184675e-01,6.181886e-01,6.871341e-01,7.312185e-01,7.425366e-01,7.932873e-01,8.584628e-01
7.050000e-03,7.564423e+00,7.377451e+00,1.254575e+00,7.473947e-01,5.623440e-01,4.411796e-01,3.606708e-01,3.023122e-01,2.598351e-01,3.171931e-01,6.179675e-01,6.875342e-01,7.314239e-01,7.417888e-01,7.931513e-01,8.591159e-01
7.052500e-03,7.566145e+00,7.378409e+00,1.256045e+00,7.473949e-01,5.623440e-01,4.411797e-01,3.606707e-01,3.023124e-01,2.598351e-01,3.158207e-01,6.177833e-01,6.880032e-01,7.315752e-01,7.410215e-01,7.928234e-01,8.600545e-01
7.055000e-03,7.567949e+00,7.379385e+00,1.257824e+00,7.473954e-01,5.623439e-01,4.411799e-01,3.606706e-01,3.023125e-01,2.598351e-01,3.143716e-01,6.176477e-01,6.885347e-01,7.316666e-01,7.402906e-01,7.923380e-01,8.612143e-01
7.057500e-03,7.569777e+00,7.380396e+00,1.259845e+00,7.473958e-01,5.623439e-01,4.411801e-01,3.606705e-01,3.023125e-01,2.598352e-01,3.128518e-01,6.175559e-01,6.891139e-01,7.317069e-01,7.396441e-01,7.917437e-01,8.624808e-01
7.060000e-03,7.571565e+00,7.381478e+00,1.261922e+00,7.473959e-01,5.623440e-01,4.411802e-01,3.606704e-01,3.023125e-01,2.598354e-01,3.112500e-01,6.175171e-01,6.897186e-01,7.317168e-01,7.391029e-01,7.910544e-01,8.637266e-01
7.062500e-03,7.573303e+00,7.382575e+00,1.263802e+00,7.473957e-01,5.623443e-01,4.411801e-01,3.606705e-01,3.023124e-01,2.598355e-01,3.095969e-01,6.175394e-01,6.903250e-01,7.317193e-01,7.386586e-01,7.902379e-01,8.648491e-01
7.065000e-03,7.575026e+00,7.383682e+00,1.265864e+00,7.473954e-01,5.623445e-01,4.411801e-01,3.606707e-01,3.023124e-01,2.598355e-01,3.078971e-01,6.176469e-01,6.909097e-01,7.317322e-01,7.382871e-01,7.892526e-01,8.657854e-01
7.067500e-03,7.576646e+00,7.384831e+00,1.267557e+00,7.473951e-01,5.623446e-01,4.411802e-01,3.606708e-01,3.023123e-01,2.598356e-01,3.061736e-01,6.178603e-01,6.914538e-01,7.317680e-01,7.379678e-01,7.880920e-01,8.664444e-01
7.070000e-03,7.578148e+00,7.386009e+00,1.269174e+00,7.473950e-01,5.623445e-01,4.411803e-01,3.606708e-01,3.023123e-01,2.598356e-01,3.044141e-01,6.181415e-01,6.919474e-01,7.318333e-01,7.377068e-01,7.867953e-01,8.667202e-01
7.072500e-03,7.579568e+00,7.387179e+00,1.271056e+00,7.473950e-01,5.623443e-01,4.411804e-01,3.606707e-01,3.023123e-01,2.598356e-01,3.026308e-01,6.184752e-01,6.923907e-01,7.319265e-01,7.375480e-01,7.854478e-01,8.665400e-01
7.075000e-03,7.581059e+00,7.388325e+00,1.272860e+00,7.473951e-01,5.623441e-01,4.411805e-01,3.606707e-01,3.023124e-01,2.598355e-01,3.008474e-01,6.188624e-01,6.927869e-01,7.320366e-01,7.375493e-01,7.841818e-01,8.659210e-01
7.077500e-03,7.582416e+00,7.389479e+00,1.274460e+00,7.473951e-01,5.623440e-01,4.411806e-01,3.606707e-01,3.023124e-01,2.598354e-01,2.990869e-01,6.192811e-01,6.931295e-01,7.321486e-01,7.377379e-01,7.831121e-01,8.649385e-01
7.080000e-03,7.583557e+00,7.390648e+00,1.275829e+00,7.473952e-01,5.623439e-01,4.411807e-01,3.606708e-01,3.023124e-01,2.598354e-01,2.973413e-01,6.196780e-01,6.934097e-01,7.322539e-01,7.380935e-01,7.822391e-01,8.636897e-01
7.082500e-03,7.584521e+00,7.391830e+00,1.276903e+00,7.473952e-01,5.623438e-01,4.411806e-01,3.606708e-01,3.023124e-01,2.598355e-01,2.956246e-01,6.200766e-01,6.936402e-01,7.323567e-01,7.385787e-01,7.814859e-01,8.622729e-01
7.085000e-03,7.585331e+00,7.392944e+00,1.277879e+00,7.473951e-01,5.623438e-01,4.411805e-01,3.606709e-01,3.023124e-01,2.598355e-01,2.939886e-01,6.205209e-01,6.938513e-01,7.324738e-01,7.391654e-01,7.808354e-01,8.607460e-01
7.087500e-03,7.586041e+00,7.394010e+00,1.278998e+00,7.473951e-01,5.623437e-01,4.411803e-01,3.606710e-01,3.023124e-01,2.598356e-01,2.924338e-01,6.209594e-01,6.940638e-01,7.326263e-01,7.398317e-01,7.803496e-01,8.590787e-01
7.090000e-03,7.586551e+00,7.395034e+00,1.279976e+00,7.473952e-01,5.623438e-01,4.411802e-01,3.606710e-01,3.023124e-01,2.598356e-01,2.909640e-01,6.213259e-01,6.942745e-01,7.328306e-01,7.405454e-01,7.800818e-01,8.571975e-01
7.092500e-03,7.586913e+00,7.395980e+00,1.280859e+00,7.473953e-01,5.623438e-01,4.411802e-01,3.606709e-01,3.023125e-01,2.598356e-01,2.895825e-01,6.216545e-01,6.944682e-01,7.330922e-01,7.412697e-01,7.800434e-01,8.551451e-01
7.095000e-03,7.587236e+00,7.396837e+00,1.281512e+00,7.473955e-01,5.623438e-01,4.411802e-01,3.606707e-01,3.023125e-01,2.598356e-01,2.883424e-01,6.219059e-01,6.946222e-01,7.334074e-01,7.419862e-01,7.802078e-01,8.531158e-01
7.097500e-03,7.587588e+00,7.397582e+00,1.282097e+00,7.473954e-01,5.623438e-01,4.411803e-01,3.606706e-01,3.023126e-01,2.598356e-01,2.872411e-01,6.220757e-01,6.947137e-01,7.337689e-01,7.427090e-01,7.805032e-01,8.512940e-01
7.100000e-03,7.587887e+00,7.398263e+00,1.282583e+00,7.473951e-01,5.623439e-01,4.411803e-01,3.606705e-01,3.023126e-01,2.598355e-01,2.862666e-01,6.221917e-01,6.947442e-01,7.341705e-01,7.434743e-01,7.808571e-01,8.497516e-01
7.102500e-03,7.588099e+00,7.398864e+00,1.283070e+00,7.473949e-01,5.623440e-01,4.411803e-01,3.606705e-01,3.023126e-01,2.598356e-01,2.854191e-01,6.222288e-01,6.947523e-01,7.346070e-01,7.443105e-01,7.812627e-01,8.484784e-01
7.105000e-03,7.588268e+00,7.399378e+00,1.283487e+00,7.473949e-01,5.623441e-01,4.411803e-01,3.606705e-01,3.023124e-01,2.598357e-01,2.846969e-01,6.222126e-01,6.948030e-01,7.350750e-01,7.452171e-01,7.817529e-01,8.473905e-01
7.107500e-03,7.588452e+00,7.399806e+00,1.283839e+00,7.473951e-01,5.623440e-01,4.411804e-01,3.606706e-01,3.023123e-01,2.598358e-01,2.840931e-01,6.221565e-01,6.949235e-01,7.355784e-01,7.461670e-01,7.823279e-01,8.463636e-01
7.110000e-03,7.588653e+00,7.400151e+00,1.284120e+00,7.473952e-01,5.623439e-01,4.411806e-01,3.606706e-01,3.023123e-01,2.598358e-01,2.835987e-01,6.220657e-01,6.950962e-01,7.361298e-01,7.471240e-01,7.829492e-01,8.453593e-01
7.112500e-03,7.588896e+00,7.400419e+00,1.284355e+00,7.473950e-01,5.623437e-01,4.411807e-01,3.606706e-01,3.023123e-01,2.598357e-01,2.831995e-01,6.218863e-01,6.952961e-01,7.367411e-01,7.480619e-01,7.835898e-01,8.444030e-01
7.115000e-03,7.589168e+00,7.400625e+00,1.284545e+00,7.473947e-01,5.623437e-01,4.411807e-01,3.606707e-01,3.023123e-01,2.598356e-01,2.828803e-01,6.216471e-01,6.954933e-01,7.374122e-01,7.489724e-01,7.842650e-01,8.435003e-01
7.117500e-03,7.589450e+00,7.400784e+00,1.284605e+00,7.473944e-01,5.623438e-01,4.411807e-01,3.606708e-01,3.023124e-01,2.598355e-01,2.826261e-01,6.213856e-01,6.956756e-01,7.381308e-01,7.498594e-01,7.850170e-01,8.426474e-01
7.120000e-03,7.589747e+00,7.400903e+00,1.284507e+00,7.473942e-01,5.623438e-01,4.411805e-01,3.606709e-01,3.023125e-01,2.598354e-01,2.824236e-01,6.211232e-01,6.958659e-01,7.388844e-01,7.507287e-01,7.858761e-01,8.418592e-01
7.122500e-03,7.590066e+00,7.400992e+00,1.284306e+00,7.473941e-01,5.623437e-01,4.411805e-01,3.606709e-01,3.023125e-01,2.598355e-01,2.822592e-01,6.208597e-01,6.960922e-01,7.396660e-01,7.515798e-01,7.868370e-01,8.412142e-01
7.125000e-03,7.590403e+00,7.401063e+00,1.283970e+00,7.473942e-01,5.623434e-01,4.411805e-01,3.606709e-01,3.023126e-01,2.598355e-01,2.821225e-01,6.205890e-01,6.963729e-01,7.404742e-01,7.524051e-01,7.878603e-01,8.407572e-01
7.127500e-03,7.590751e+00,7.401126e+00,1.283508e+00,7.473943e-01,5.623432e-01,4.411805e-01,3.606709e-01,3.023127e-01,2.598356e-01,2.820013e-01,6.203269e-01,6.967205e-01,7.413083e-01,7.531962e-01,7.888954e-01,8.405257e-01
7.130000e-03,7.591107e+00,7.401187e+00,1.282938e+00,7.473946e-01,5.623431e-01,4.411804e-01,3.606708e-01,3.023128e-01,2.598357e-01,2.818858e-01,6.200907e-01,6.971294e-01,7.421637e-01,7.539466e-01,7.899040e-01,8.405130e-01
7.132500e-03,7.591465e+00,7.401253e+00,1.282262e+00,7.473949e-01,5.623430e-01,4.411803e-01,3.606707e-01,3.023128e-01,2.598357e-01,2.817684e-01,6.199002e-01,6.975757e-01,7.430310e-01,7.546519e-01,7.908664e-01,8.406866e-01
7.135000e-03,7.591820e+00,7.401327e+00,1.281487e+00,7.473949e-01,5.623430e-01,4.411802e-01,3.606706e-01,3.023128e-01,2.598358e-01,2.816437e-01,6.197574e-01,6.980460e-01,7.438993e-01,7.553093e-01,7.917821e-01,8.410213e-01
7.137500e-03,7.592165e+00,7.401414e+00,1.280627e+00,7.473947e-01,5.623430e-01,4.411800e-01,3.606706e-01,3.023127e-01,2.598358e-01,2.815069e-01,6.196654e-01,6.985476e-01,7.447563e-01,7.559177e-01,7.926767e-01,8.414802e-01
7.140000e-03,7.592488e+00,7.401516e+00,1.279703e+00,7.473945e-01,5.623432e-01,4.411799e-01,3.606706e-01,3.023126e-01,2.598359e-01,2.813555e-01,6.196338e-01,6.990923e-01,7.455900e-01,7.564759e-01,7.935968e-01,8.420388e-01
7.142500e-03,7.592778e+00,7.401635e+00,1.278751e+00,7.473943e-01,5.623434e-01,4.411798e-01,3.606706e-01,3.023125e-01,2.598359e-01,2.811883e-01,6.196692e-01,6.996802e-01,7.463904e-01,7.569774e-01,7.945740e-01,8.426807e-01
7.145000e-03,7.593023e+00,7.401770e+00,1.277813e+00,7.473941e-01,5.623434e-01,4.411797e-01,3.606705e-01,3.023125e-01,2.598359e-01,2.810059e-01,6.197741e-01,7.003009e-01,7.471516e-01,7.574053e-01,7.955920e-01,8.434211e-01
7.147500e-03,7.593212e+00,7.401920e+00,1.276931e+00,7.473940e-01,5.623433e-01,4.411798e-01,3.606704e-01,3.023125e-01,2.598358e-01,2.808106e-01,6.199503e-01,7.009416e-01,7.478723e-01,7.577384e-01,7.965861e-01,8.443265e-01
7.150000e-03,7.593331e+00,7.402086e+00,1.276143e+00,7.473940e-01,5.623432e-01,4.411798e-01,3.606702e-01,3.023125e-01,2.598357e-01,2.806060e-01,6.202035e-01,7.015907e-01,7.485506e-01,7.579678e-01,7.974910e-01,8.454673e-01
7.152500e-03,7.593367e+00,7.402260e+00,1.275493e+00,7.473941e-01,5.623431e-01,4.411799e-01,3.606701e-01,3.023124e-01,2.598356e-01,2.803969e-01,6.205391e-01,7.022419e-01,7.491807e-01,7.581033e-01,7.982794e-01,8.468645e-01
7.155000e-03,7.593315e+00,7.402438e+00,1.274986e+00,7.473941e-01,5.623430e-01,4.411799e-01,3.606701e-01,3.023123e-01,2.598355e-01,2.801912e-01,6.209516e-01,7.028942e-01,7.497523e-01,7.581577e-01,7.989324e-01,8.484866e-01
7.157500e-03,7.593176e+00,7.402614e+00,1.274701e+00,7.473946e-01,5.623431e-01,4.411799e-01,3.606701e-01,3.023122e-01,2.598355e-01,2.799960e-01,6.214338e-01,7.035461e-01,7.502525e-01,7.581344e-01,7.994014e-01,8.502722e-01
7.160000e-03,7.592940e+00,7.402780e+00,1.274673e+00,7.473944e-01,5.623432e-01,4.411799e-01,3.606702e-01,3.023121e-01,2.598355e-01,2.798199e-01,6.219851e-01,7.041921e-01,7.506694e-01,7.580377e-01,7.996379e-01,8.521348e-01
7.162500e-03,7.592602e+00,7.402928e+00,1.274927e+00,7.473943e-01,5.623433e-01,4.411798e-01,3.606703e-01,3.023121e-01,2.598355e-01,2.796715e-01,6.226036e-01,7.048247e-01,7.509951e-01,7.578928e-01,7.996562e-01,8.539989e-01
7.165000e-03,7.592153e+00,7.403052e+00,1.275495e+00,7.473944e-01,5.623436e-01,4.411798e-01,3.606704e-01,3.023120e-01,2.598354e-01,2.795590e-01,6.232792e-01,7.054365e-01,7.512292e-01,7.577478e-01,7.995548e-01,8.556851e-01
7.167500e-03,7.591587e+00,7.403146e+00,1.276424e+00,7.473944e-01,5.623436e-01,4.411799e-01,3.606704e-01,3.023121e-01,2.598353e-01,2.794907e-01,6.240022e-01,7.060213e-01,7.513761e-01,7.576462e-01,7.994734e-01,8.570823e-01
7.170000e-03,7.590896e+00,7.403202e+00,1.277754e+00,7.473946e-01,5.623435e-01,4.411800e-01,3.606703e-01,3.023122e-01,2.598352e-01,2.794751e-01,6.247611e-01,7.065743e-01,7.514437e-01,7.575922e-01,7.994977e-01,8.581614e-01
7.172500e-03,7.590075e+00,7.403214e+00,1.279524e+00,7.473949e-01,5.623434e-01,4.411802e-01,3.606703e-01,3.023123e-01,2.598352e-01,2.795214e-01,6.255460e-01,7.070894e-01,7.514407e-01,7.575416e-01,7.995752e-01,8.590030e-01
7.175000e-03,7.589117e+00,7.403173e+00,1.281773e+00,7.473950e-01,5.623434e-01,4.411802e-01,3.606703e-01,3.023123e-01,2.598352e-01,2.796387e-01,6.263495e-01,7.075583e-01,7.513783e-01,7.574421e-01,7.995502e-01,8.596846e-01
7.177500e-03,7.588025e+00,7.403072e+00,1.284532e+00,7.473951e-01,5.623435e-01,4.411802e-01,3.606705e-01,3.023123e-01,2.598353e-01,2.798360e-01,6.271614e-01,7.079732e-01,7.512704e-01,7.572864e-01,7.993364e-01,8.602683e-01
7.180000e-03,7.586799e+00,7.402905e+00,1.287813e+00,7.473951e-01,5.623436e-01,4.411801e-01,3.606705e-01,3.023123e-01,2.598353e-01,2.801220e-01,6.279702e-01,7.083300e-01,7.511286e-01,7.571150e-01,7.990541e-01,8.607040e-01
7.182500e-03,7.585437e+00,7.402665e+00,1.291603e+00,7.473950e-01,5.623437e-01,4.411800e-01,3.606706e-01,3.023123e-01,2.598354e-01,2.805057e-01,6.287651e-01,7.086262e-01,7.509572e-01,7.569589e-01,7.989435e-01,8.608755e-01
7.185000e-03,7.583946e+00,7.402350e+00,1.295853e+00,7.473946e-01,5.623437e-01,4.411800e-01,3.606706e-01,3.023124e-01,2.598354e-01,2.809934e-01,6.295366e-01,7.088609e-01,7.507532e-01,7.567961e-01,7.991385e-01,8.607322e-01
7.187500e-03,7.582330e+00,7.401954e+00,1.300597e+00,7.473945e-01,5.623437e-01,4.411801e-01,3.606705e-01,3.023124e-01,2.598354e-01,2.815905e-01,6.302752e-01,7.090339e-01,7.505136e-01,7.565649e-01,7.995792e-01,8.604439e-01
7.190000e-03,7.580591e+00,7.401482e+00,1.305761e+00,7.473944e-01,5.623436e-01,4.411801e-01,3.606705e-01,3.023125e-01,2.598354e-01,2.823041e-01,6.309726e-01,7.091465e-01,7.502408e-01,7.562041e-01,8.000948e-01,8.602905e-01
7.192500e-03,7.578714e+00,7.400929e+00,1.311180e+00,7.473943e-01,5.623434e-01,4.411801e-01,3.606704e-01,3.023125e-01,2.598355e-01,2.831453e-01,6.316184e-01,7.092007e-01,7.499393e-01,7.556832e-01,8.005147e-01,8.604424e-01
7.195000e-03,7.576739e+00,7.400286e+00,1.316739e+00,7.473940e-01,5.623433e-01,4.411801e-01,3.606705e-01,3.023124e-01,2.598355e-01,2.841279e-01,6.322060e-01,7.092010e-01,7.496090e-01,7.550116e-01,8.007394e-01,8.609269e-01
7.197500e-03,7.574637e+00,7.399558e+00,1.322389e+00,7.473937e-01,5.623432e-01,4.411800e-01,3.606705e-01,3.023124e-01,2.598355e-01,2.852409e-01,6.327326e-01,7.091534e-01,7.492399e-01,7.542264e-01,8.007559e-01,8.616784e-01
7.200000e-03,7.572470e+00,7.398742e+00,1.328184e+00,7.473935e-01,5.623431e-01,4.411798e-01,3.606706e-01,3.023124e-01,2.598355e-01,2.864824e-01,6.332007e-01,7.090615e-01,7.488148e-01,7.533706e-01,8.005973e-01,8.625902e-01
7.202500e-03,7.570208e+00,7.397854e+00,1.334115e+00,7.473933e-01,5.623430e-01,4.411798e-01,3.606706e-01,3.023124e-01,2.598355e-01,2.878452e-01,6.335958e-01,7.089266e-01,7.483185e-01,7.524738e-01,8.002828e-01,8.635928e-01
7.205000e-03,7.567827e+00,7.396913e+00,1.339988e+00,7.473933e-01,5.623429e-01,4.411797e-01,3.606705e-01,3.023124e-01,2.598355e-01,2.893243e-01,6.339094e-01,7.087521e-01,7.477482e-01,7.515465e-01,7.997813e-01,8.646640e-01
7.207500e-03,7.565368e+00,7.395914e+00,1.345478e+00,7.473934e-01,5.623428e-01,4.411795e-01,3.606705e-01,3.023125e-01,2.598354e-01,2.909248e-01,6.341431e-01,7.085431e-01,7.471165e-01,7.505868e-01,7.990299e-01,8.657989e-01
7.210000e-03,7.562869e+00,7.394855e+00,1.350093e+00,7.473935e-01,5.623427e-01,4.411795e-01,3.606704e-01,3.023125e-01,2.598354e-01,2.926695e-01,6.343081e-01,7.083014e-01,7.464429e-01,7.495905e-01,7.979838e-01,8.669309e-01
7.212500e-03,7.560334e+00,7.393744e+00,1.354061e+00,7.473937e-01,5.623426e-01,4.411795e-01,3.606703e-01,3.023125e-01,2.598354e-01,2.945175e-01,6.343996e-01,7.080262e-01,7.457453e-01,7.485562e-01,7.966459e-01,8.679548e-01
7.215000e-03,7.557787e+00,7.392571e+00,1.357454e+00,7.473939e-01,5.623427e-01,4.411794e-01,3.606701e-01,3.023124e-01,2.598355e-01,2.964566e-01,6.344389e-01,7.077135e-01,7.450359e-01,7.474881e-01,7.950609e-01,8.687513e-01
7.217500e-03,7.555200e+00,7.391374e+00,1.359733e+00,7.473942e-01,5.623428e-01,4.411793e-01,3.606700e-01,3.023124e-01,2.598355e-01,2.984630e-01,6.344057e-01,7.073607e-01,7.443207e-01,7.463981e-01,7.933016e-01,8.692234e-01
7.220000e-03,7.552700e+00,7.390123e+00,1.361277e+00,7.473943e-01,5.623430e-01,4.411792e-01,3.606701e-01,3.023123e-01,2.598355e-01,3.005414e-01,6.343666e-01,7.069643e-01,7.435998e-01,7.453064e-01,7.914645e-01,8.693197e-01
7.222500e-03,7.550263e+00,7.388848e+00,1.361812e+00,7.473944e-01,5.623432e-01,4.411792e-01,3.606701e-01,3.023121e-01,2.598355e-01,3.026796e-01,6.343325e-01,7.065074e-01,7.428695e-01,7.442350e-01,7.896565e-01,8.690534e-01
7.225000e-03,7.547844e+00,7.387552e+00,1.361503e+00,7.473945e-01,5.623433e-01,4.411793e-01,3.606700e-01,3.023120e-01,2.598355e-01,3.048610e-01,6.342500e-01,7.059703e-01,7.421250e-01,7.432033e-01,7.879660e-01,8.684560e-01
7.227500e-03,7.545449e+00,7.386239e+00,1.360044e+00,7.473946e-01,5.623434e-01,4.411794e-01,3.606699e-01,3.023120e-01,2.598354e-01,3.070713e-01,6.341658e-01,7.053639e-01,7.413643e-01,7.422282e-01,7.864412e-01,8.676076e-01
7.230000e-03,7.543221e+00,7.384886e+00,1.357605e+00,7.473946e-01,5.623435e-01,4.411795e-01,3.606699e-01,3.023120e-01,2.598353e-01,3.092941e-01,6.340008e-01,7.047188e-01,7.405887e-01,7.413253e-01,7.851018e-01,8.666418e-01
7.232500e-03,7.541200e+00,7.383497e+00,1.353729e+00,7.473944e-01,5.623435e-01,4.411796e-01,3.606699e-01,3.023120e-01,2.598351e-01,3.115101e-01,6.337503e-01,7.040641e-01,7.398013e-01,7.405085e-01,7.839540e-01,8.656786e-01
7.235000e-03,7.539343e+00,7.382120e+00,1.348646e+00,7.473944e-01,5.623437e-01,4.411797e-01,3.606700e-01,3.023119e-01,2.598351e-01,3.137272e-01,6.334871e-01,7.034044e-01,7.390045e-01,7.397877e-01,7.829907e-01,8.648022e-01
7.237500e-03,7.537598e+00,7.380756e+00,1.342924e+00,7.473945e-01,5.623437e-01,4.411798e-01,3.606701e-01,3.023119e-01,2.598351e-01,3.158850e-01,6.332311e-01,7.027303e-01,7.382001e-01,7.391642e-01,7.821847e-01,8.640544e-01
7.240000e-03,7.535958e+00,7.379324e+00,1.336707e+00,7.473947e-01,5.623437e-01,4.411798e-01,3.606703e-01,3.023118e-01,2.598351e-01,3.180490e-01,6.329940e-01,7.020450e-01,7.373901e-01,7.386268e-01,7.814876e-01,8.634626e-01
7.242500e-03,7.534363e+00,7.377860e+00,1.329688e+00,7.473948e-01,5.623437e-01,4.411799e-01,3.606704e-01,3.023118e-01,2.598351e-01,3.201917e-01,6.328162e-01,7.013565e-01,7.365775e-01,7.381512e-01,7.808253e-01,8.630167e-01
7.245000e-03,7.532934e+00,7.376367e+00,1.321926e+00,7.473950e-01,5.623437e-01,4.411800e-01,3.606704e-01,3.023119e-01,2.598350e-01,3.222862e-01,6.326391e-01,7.006595e-01,7.357697e-01,7.377082e-01,7.801165e-01,8.626599e-01
7.247500e-03,7.531735e+00,7.374842e+00,1.313250e+00,7.473952e-01,5.623438e-01,4.411800e-01,3.606705e-01,3.023120e-01,2.598350e-01,3.243141e-01,6.323424e-01,6.999305e-01,7.349771e-01,7.372765e-01,7.793211e-01,8.623346e-01
7.250000e-03,7.530797e+00,7.373277e+00,1.304574e+00,7.473953e-01,5.623439e-01,4.411800e-01,3.606705e-01,3.023121e-01,2.598349e-01,3.262799e-01,6.319831e-01,6.991542e-01,7.342051e-01,7.368561e-01,7.784704e-01,8.619432e-01
7.252500e-03,7.529909e+00,7.371705e+00,1.295706e+00,7.473953e-01,5.623440e-01,4.411800e-01,3.606706e-01,3.023122e-01,2.598350e-01,3.281765e-01,6.316553e-01,6.983335e-01,7.334506e-01,7.364638e-01,7.776474e-01,8.614000e-01
7.255000e-03,7.529203e+00,7.370111e+00,1.286441e+00,7.473952e-01,5.623442e-01,4.411801e-01,3.606706e-01,3.023123e-01,2.598351e-01,3.300043e-01,6.313074e-01,6.974908e-01,7.327090e-01,7.361105e-01,7.769396e-01,8.606726e-01
7.257500e-03,7.528594e+00,7.368478e+00,1.277108e+00,7.473952e-01,5.623442e-01,4.411801e-01,3.606706e-01,3.023123e-01,2.598352e-01,3.317552e-01,6.308767e-01,6.966475e-01,7.319845e-01,7.357882e-01,7.763774e-01,8.597880e-01
7.260000e-03,7.528078e+00,7.366854e+00,1.268054e+00,7.473952e-01,5.623442e-01,4.411802e-01,3.606706e-01,3.023124e-01,2.598353e-01,3.334091e-01,6.304832e-01,6.958344e-01,7.312927e-01,7.354842e-01,7.759143e-01,8.588247e-01
7.262500e-03,7.527745e+00,7.365212e+00,1.258741e+00,7.473952e-01,5.623442e-01,4.411803e-01,3.606706e-01,3.023124e-01,2.598354e-01,3.349607e-01,6.301541e-01,6.950946e-01,7.306518e-01,7.352011e-01,7.754987e-01,8.578867e-01
7.265000e-03,7.527605e+00,7.363593e+00,1.249631e+00,7.473952e-01,5.623441e-01,4.411804e-01,3.606706e-01,3.023124e-01,2.598355e-01,3.363985e-01,6.297808e-01,6.944263e-01,7.300678e-01,7.349535e-01,7.751573e-01,8.570606e-01
7.267500e-03,7.527564e+00,7.361972e+00,1.240640e+00,7.473951e-01,5.623440e-01,4.411804e-01,3.606707e-01,3.023124e-01,2.598355e-01,3.377285e-01,6.292941e-01,6.937888e-01,7.295300e-01,7.347461e-01,7.749619e-01,8.563291e-01
7.270000e-03,7.527698e+00,7.360462e+00,1.232406e+00,7.473949e-01,5.623439e-01,4.411804e-01,3.606707e-01,3.023124e-01,2.598355e-01,3.389225e-01,6.287645e-01,6.931538e-01,7.290201e-01,7.345673e-01,7.749145e-01,8.556586e-01
7.272500e-03,7.527899e+00,7.359055e+00,1.224643e+00,7.473947e-01,5.623438e-01,4.411804e-01,3.606707e-01,3.023124e-01,2.598355e-01,3.399818e-01,6.282677e-01,6.925100e-01,7.285233e-01,7.344087e-01,7.749298e-01,8.550980e-01
7.275000e-03,7.528272e+00,7.357745e+00,1.217232e+00,7.473946e-01,5.623437e-01,4.411803e-01,3.606708e-01,3.023124e-01,2.598355e-01,3.409125e-01,6.277991e-01,6.918648e-01,7.280389e-01,7.342826e-01,7.749572e-01,8.547344e-01
7.277500e-03,7.528752e+00,7.356550e+00,1.210225e+00,7.473945e-01,5.623436e-01,4.411802e-01,3.606708e-01,3.023124e-01,2.598355e-01,3.417022e-01,6.273174e-01,6.912540e-01,7.275847e-01,7.342140e-01,7.750539e-01,8.545714e-01
7.280000e-03,7.529393e+00,7.355457e+00,1.203521e+00,7.473944e-01,5.623435e-01,4.411801e-01,3.606708e-01,3.023124e-01,2.598355e-01,3.423571e-01,6.267788e-01,6.907219e-01,7.271869e-01,7.342210e-01,7.752968e-01,8.544648e-01
7.282500e-03,7.530229e+00,7.354502e+00,1.197289e+00,7.473945e-01,5.623434e-01,4.411801e-01,3.606707e-01,3.023124e-01,2.598355e-01,3.428763e-01,6.261878e-01,6.902800e-01,7.268636e-01,7.343079e-01,7.756806e-01,8.543218e-01
7.285000e-03,7.531190e+00,7.353887e+00,1.195373e+00,7.473946e-01,5.623434e-01,4.411801e-01,3.606707e-01,3.023125e-01,2.598355e-01,3.432495e-01,6.256347e-01,6.898961e-01,7.266212e-01,7.344744e-01,7.761367e-01,8.542093e-01
7.287500e-03,7.532306e+00,7.353488e+00,1.194660e+00,7.473946e-01,5.623434e-01,4.411800e-01,3.606707e-01,3.023125e-01,2.598355e-01,3.434744e-01,6.251052e-01,6.895296e-01,7.264589e-01,7.347262e-01,7.766247e-01,8.542595e-01
7.290000e-03,7.533538e+00,7.353227e+00,1.193238e+00,7.473945e-01,5.623435e-01,4.411800e-01,3.606706e-01,3.023125e-01,2.598355e-01,3.435490e-01,6.245696e-01,6.891700e-01,7.263707e-01,7.350757e-01,7.771785e-01,8.544961e-01
7.292500e-03,7.534876e+00,7.353102e+00,1.191145e+00,7.473945e-01,5.623436e-01,4.411799e-01,3.606706e-01,3.023125e-01,2.598355e-01,3.434729e-01,6.240277e-01,6.888390e-01,7.263468e-01,7.355349e-01,7.778631e-01,8.548226e-01
7.295000e-03,7.536319e+00,7.353116e+00,1.188380e+00,7.473947e-01,5.623437e-01,4.411799e-01,3.606706e-01,3.023125e-01,2.598356e-01,3.432447e-01,6.235049e-01,6.885651e-01,7.263832e-01,7.361128e-01,7.786924e-01,8.551477e-01
7.297500e-03,7.537852e+00,7.353271e+00,1.184922e+00,7.473948e-01,5.623437e-01,4.411800e-01,3.606706e-01,3.023125e-01,2.598356e-01,3.428634e-01,6.230179e-01,6.883594e-01,7.264847e-01,7.368184e-01,7.796184e-01,8.554393e-01
7.300000e-03,7.539465e+00,7.353569e+00,1.180773e+00,7.473950e-01,5.623438e-01,4.411801e-01,3.606705e-01,3.023125e-01,2.598356e-01,3.423298e-01,6.225614e-01,6.882082e-01,7.266599e-01,7.376629e-01,7.806006e-01,8.557029e-01
7.302500e-03,7.541146e+00,7.354011e+00,1.175949e+00,7.473952e-01,5.623438e-01,4.411802e-01,3.606704e-01,3.023125e-01,2.598356e-01,3.416460e-01,6.221221e-01,6.880914e-01,7.269134e-01,7.386558e-01,7.816598e-01,8.558980e-01
7.305000e-03,7.542891e+00,7.354765e+00,1.174193e+00,7.473953e-01,5.623438e-01,4.411803e-01,3.606704e-01,3.023125e-01,2.598356e-01,3.408152e-01,6.216951e-01,6.880048e-01,7.272474e-01,7.397971e-01,7.828540e-01,8.559643e-01
7.307500e-03,7.544693e+00,7.355812e+00,1.175579e+00,7.473952e-01,5.623438e-01,4.411803e-01,3.606704e-01,3.023124e-01,2.598356e-01,3.398428e-01,6.212896e-01,6.879584e-01,7.276694e-01,7.410694e-01,7.842199e-01,8.558502e-01
7.310000e-03,7.546532e+00,7.357024e+00,1.177699e+00,7.473951e-01,5.623437e-01,4.411803e-01,3.606704e-01,3.023123e-01,2.598355e-01,3.387343e-01,6.209152e-01,6.879639e-01,7.281935e-01,7.424366e-01,7.857441e-01,8.555669e-01
7.312500e-03,7.548387e+00,7.358383e+00,1.180485e+00,7.473950e-01,5.623439e-01,4.411804e-01,3.606705e-01,3.023122e-01,2.598356e-01,3.374958e-01,6.205716e-01,6.880301e-01,7.288325e-01,7.438499e-01,7.873774e-01,8.551753e-01
7.315000e-03,7.550228e+00,7.359889e+00,1.183960e+00,7.473948e-01,5.623440e-01,4.411804e-01,3.606707e-01,3.023122e-01,2.598356e-01,3.361242e-01,6.202584e-01,6.881629e-01,7.295890e-01,7.452628e-01,7.890649e-01,8.547299e-01
7.317500e-03,7.552109e+00,7.361474e+00,1.188072e+00,7.473947e-01,5.623440e-01,4.411804e-01,3.606708e-01,3.023123e-01,2.598355e-01,3.346382e-01,6.199916e-01,6.883657e-01,7.304546e-01,7.466483e-01,7.907752e-01,8.542631e-01
7.320000e-03,7.553998e+00,7.363125e+00,1.192681e+00,7.473946e-01,5.623439e-01,4.411804e-01,3.606708e-01,3.023124e-01,2.598355e-01,3.330410e-01,6.197819e-01,6.886393e-01,7.314156e-01,7.480087e-01,7.925284e-01,8.537975e-01
7.322500e-03,7.555874e+00,7.364849e+00,1.197654e+00,7.473946e-01,5.623438e-01,4.411805e-01,3.606708e-01,3.023125e-01,2.598354e-01,3.313459e-01,6.196048e-01,6.889826e-01,7.324573e-01,7.493617e-01,7.943957e-01,8.533703e-01
7.325000e-03,7.557669e+00,7.366566e+00,1.202784e+00,7.473941e-01,5.623436e-01,4.411805e-01,3.606708e-01,3.023126e-01,2.598354e-01,3.295818e-01,6.194289e-01,6.893982e-01,7.335661e-01,7.507099e-01,7.964412e-01,8.530264e-01
7.327500e-03,7.559487e+00,7.368294e+00,1.208160e+00,7.473951e-01,5.623435e-01,4.411804e-01,3.606707e-01,3.023126e-01,2.598354e-01,3.277405e-01,6.192570e-01,6.898926e-01,7.347274e-01,7.520219e-01,7.986486e-01,8.528459e-01
7.330000e-03,7.561239e+00,7.370031e+00,1.213811e+00,7.473958e-01,5.623433e-01,4.411803e-01,3.606707e-01,3.023126e-01,2.598355e-01,3.258344e-01,6.191486e-01,6.904710e-01,7.359285e-01,7.532410e-01,8.008873e-01,8.529322e-01
7.332500e-03,7.562889e+00,7.371740e+00,1.219507e+00,7.473955e-01,5.623430e-01,4.411802e-01,3.606707e-01,3.023125e-01,2.598356e-01,3.238686e-01,6.191041e-01,6.911398e-01,7.371651e-01,7.543145e-01,8.029392e-01,8.533635e-01
7.335000e-03,7.564577e+00,7.373387e+00,1.225024e+00,7.473953e-01,5.623437e-01,4.411800e-01,3.606707e-01,3.023125e-01,2.598356e-01,3.218733e-01,6.191018e-01,6.919120e-01,7.384384e-01,7.552237e-01,8.046028e-01,8.541907e-01
7.337500e-03,7.566311e+00,7.374988e+00,1.230311e+00,7.473951e-01,5.623441e-01,4.411798e-01,3.606707e-01,3.023125e-01,2.598357e-01,3.198513e-01,6.191479e-01,6.928018e-01,7.397456e-01,7.559872e-01,8.058117e-01,8.553348e-01
7.340000e-03,7.568154e+00,7.376571e+00,1.235821e+00,7.473948e-01,5.623440e-01,4.411798e-01,3.606706e-01,3.023125e-01,2.598357e-01,3.178058e-01,6.192788e-01,6.937990e-01,7.410724e-01,7.566408e-01,8.066335e-01,8.566227e-01
7.342500e-03,7.569835e+00,7.378142e+00,1.241508e+00,7.473945e-01,5.623439e-01,4.411802e-01,3.606704e-01,3.023125e-01,2.598357e-01,3.157424e-01,6.194659e-01,6.948729e-01,7.423970e-01,7.572288e-01,8.071642e-01,8.578474e-01
7.345000e-03,7.571316e+00,7.379660e+00,1.246889e+00,7.473943e-01,5.623439e-01,4.411805e-01,3.606702e-01,3.023125e-01,2.598356e-01,3.136825e-01,6.196753e-01,6.959994e-01,7.436980e-01,7.578235e-01,8.075019e-01,8.588610e-01
7.347500e-03,7.572773e+00,7.381141e+00,1.252181e+00,7.473942e-01,5.623437e-01,4.411805e-01,3.606703e-01,3.023124e-01,2.598356e-01,3.116187e-01,6.199785e-01,6.971694e-01,7.449600e-01,7.585238e-01,8.078248e-01,8.596442e-01
7.350000e-03,7.574053e+00,7.382588e+00,1.257136e+00,7.473942e-01,5.623434e-01,4.411805e-01,3.606705e-01,3.023122e-01,2.598356e-01,3.095793e-01,6.203506e-01,6.983862e-01,7.461746e-01,7.594089e-01,8.083544e-01,8.601805e-01
7.352500e-03,7.575310e+00,7.383957e+00,1.261773e+00,7.473943e-01,5.623432e-01,4.411805e-01,3.606707e-01,3.023121e-01,2.598355e-01,3.075808e-01,6.207565e-01,6.996519e-01,7.473438e-01,7.605023e-01,8.091795e-01,8.604806e-01
7.355000e-03,7.576388e+00,7.385306e+00,1.265644e+00,7.473945e-01,5.623432e-01,4.411804e-01,3.606707e-01,3.023122e-01,2.598355e-01,3.056467e-01,6.212413e-01,7.009665e-01,7.484845e-01,7.617611e-01,8.102059e-01,8.606784e-01
7.357500e-03,7.577357e+00,7.386616e+00,1.269370e+00,7.473946e-01,5.623432e-01,4.411803e-01,3.606707e-01,3.023123e-01,2.598353e-01,3.037427e-01,6.218635e-01,7.023281e-01,7.496269e-01,7.630683e-01,8.112674e-01,8.609601e-01
7.360000e-03,7.578210e+00,7.387846e+00,1.272941e+00,7.473946e-01,5.623432e-01,4.411802e-01,3.606707e-01,3.023125e-01,2.598353e-01,3.019037e-01,6.226197e-01,7.037136e-01,7.508037e-01,7.642513e-01,8.121907e-01,8.613737e-01
7.362500e-03,7.579165e+00,7.389005e+00,1.276380e+00,7.473948e-01,5.623432e-01,4.411801e-01,3.606706e-01,3.023125e-01,2.598354e-01,3.001460e-01,6.234435e-01,7.050799e-01,7.520371e-01,7.651538e-01,8.127917e-01,8.617834e-01
7.365000e-03,7.579831e+00,7.390137e+00,1.279360e+00,7.473950e-01,5.623434e-01,4.411801e-01,3.606705e-01,3.023126e-01,2.598355e-01,2.984749e-01,6.242539e-01,7.064090e-01,7.533278e-01,7.657074e-01,8.129399e-01,8.620474e-01
7.367500e-03,7.580287e+00,7.391223e+00,1.282132e+00,7.473950e-01,5.623435e-01,4.411800e-01,3.606704e-01,3.023125e-01,2.598356e-01,2.968997e-01,6.251000e-01,7.077097e-01,7.546436e-01,7.659261e-01,8.126699e-01,8.620930e-01
7.370000e-03,7.580504e+00,7.392271e+00,1.284627e+00,7.473949e-01,5.623435e-01,4.411800e-01,3.606704e-01,3.023125e-01,2.598356e-01,2.954200e-01,6.260655e-01,7.089839e-01,7.559208e-01,7.658331e-01,8.121501e-01,8.618360e-01
7.372500e-03,7.580537e+00,7.393201e+00,1.287290e+00,7.473947e-01,5.623436e-01,4.411801e-01,3.606704e-01,3.023124e-01,2.598356e-01,2.940926e-01,6.271556e-01,7.102273e-01,7.570842e-01,7.654208e-01,8.115042e-01,8.611804e-01
7.375000e-03,7.580378e+00,7.394045e+00,1.290154e+00,7.473945e-01,5.623435e-01,4.411801e-01,3.606704e-01,3.023123e-01,2.598356e-01,2.929097e-01,6.282903e-01,7.114525e-01,7.580727e-01,7.646823e-01,8.107325e-01,8.601872e-01
7.377500e-03,7.579937e+00,7.394800e+00,1.293005e+00,7.473942e-01,5.623434e-01,4.411801e-01,3.606704e-01,3.023123e-01,2.598355e-01,2.918856e-01,6.294145e-01,7.126887e-01,7.588466e-01,7.636366e-01,8.098025e-01,8.591097e-01
7.380000e-03,7.579252e+00,7.395442e+00,1.296095e+00,7.473940e-01,5.623432e-01,4.411800e-01,3.606704e-01,3.023124e-01,2.598355e-01,2.910121e-01,6.305624e-01,7.139475e-01,7.593871e-01,7.623193e-01,8.087097e-01,8.582299e-01
7.382500e-03,7.578401e+00,7.395951e+00,1.299474e+00,7.473939e-01,5.623431e-01,4.411800e-01,3.606705e-01,3.023124e-01,2.598354e-01,2.903268e-01,6.317097e-01,7.151991e-01,7.596923e-01,7.607713e-01,8.074417e-01,8.577016e-01
7.385000e-03,7.577326e+00,7.396324e+00,1.303209e+00,7.473938e-01,5.623430e-01,4.411800e-01,3.606705e-01,3.023124e-01,2.598354e-01,2.898416e-01,6.328213e-01,7.163955e-01,7.597730e-01,7.590427e-01,8.059676e-01,8.575688e-01
7.387500e-03,7.576078e+00,7.396563e+00,1.307356e+00,7.473937e-01,5.623431e-01,4.411799e-01,3.606704e-01,3.023124e-01,2.598354e-01,2.895653e-01,6.339332e-01,7.175022e-01,7.596424e-01,7.572003e-01,8.042815e-01,8.578451e-01
7.390000e-03,7.574576e+00,7.396678e+00,1.311966e+00,7.473936e-01,5.623431e-01,4.411798e-01,3.606704e-01,3.023124e-01,2.598355e-01,2.894992e-01,6.349983e-01,7.185188e-01,7.593096e-01,7.553180e-01,8.024331e-01,8.585088e-01
7.392500e-03,7.572819e+00,7.396656e+00,1.317025e+00,7.473936e-01,5.623431e-01,4.411797e-01,3.606704e-01,3.023125e-01,2.598355e-01,2.896496e-01,6.360195e-01,7.194664e-01,7.587875e-01,7.534560e-01,8.005053e-01,8.594947e-01
7.395000e-03,7.570834e+00,7.396485e+00,1.322485e+00,7.473936e-01,5.623430e-01,4.411797e-01,3.606703e-01,3.023124e-01,2.598355e-01,2.900250e-01,6.370135e-01,7.203290e-01,7.581049e-01,7.516452e-01,7.985460e-01,8.607173e-01
7.397500e-03,7.568641e+00,7.396163e+00,1.328268e+00,7.473937e-01,5.623428e-01,4.411797e-01,3.606702e-01,3.023123e-01,2.598354e-01,2.906332e-01,6.379912e-01,7.210515e-01,7.573012e-01,7.498926e-01,7.965216e-01,8.621249e-01
7.400000e-03,7.566254e+00,7.395693e+00,1.334187e+00,7.473938e-01,5.623428e-01,4.411797e-01,3.606702e-01,3.023123e-01,2.598355e-01,2.914830e-01,6.389408e-01,7.215820e-01,7.564035e-01,7.482037e-01,7.943569e-01,8.636267e-01
7.402500e-03,7.563688e+00,7.395082e+00,1.340183e+00,7.473939e-01,5.623428e-01,4.411796e-01,3.606702e-01,3.023123e-01,2.598355e-01,2.925670e-01,6.398439e-01,7.218780e-01,7.554176e-01,7.465980e-01,7.920356e-01,8.650801e-01
7.405000e-03,7.560979e+00,7.394328e+00,1.346211e+00,7.473941e-01,5.623428e-01,4.411795e-01,3.606702e-01,3.023122e-01,2.598354e-01,2.938787e-01,6.407192e-01,7.219187e-01,7.543409e-01,7.451132e-01,7.896542e-01,8.663110e-01
7.407500e-03,7.558054e+00,7.393447e+00,1.352186e+00,7.473942e-01,5.623430e-01,4.411794e-01,3.606702e-01,3.023122e-01,2.598354e-01,2.954015e-01,6.415691e-01,7.217225e-01,7.531790e-01,7.437961e-01,7.873893e-01,8.671622e-01
7.410000e-03,7.554888e+00,7.392423e+00,1.357572e+00,7.473943e-01,5.623431e-01,4.411793e-01,3.606702e-01,3.023122e-01,2.598354e-01,2.971654e-01,6.423717e-01,7.213160e-01,7.519472e-01,7.426898e-01,7.854225e-01,8.675587e-01
7.412500e-03,7.551568e+00,7.391294e+00,1.362442e+00,7.473944e-01,5.623431e-01,4.411793e-01,3.606702e-01,3.023122e-01,2.598354e-01,2.991225e-01,6.431334e-01,7.207234e-01,7.506647e-01,7.418159e-01,7.838694e-01,8.675415e-01
7.415000e-03,7.548105e+00,7.390045e+00,1.366732e+00,7.473945e-01,5.623431e-01,4.411795e-01,3.606701e-01,3.023122e-01,2.598353e-01,3.012843e-01,6.437938e-01,7.199649e-01,7.493499e-01,7.411614e-01,7.827481e-01,8.672563e-01
7.417500e-03,7.544391e+00,7.388708e+00,1.370315e+00,7.473946e-01,5.623431e-01,4.411795e-01,3.606699e-01,3.023122e-01,2.598353e-01,3.036488e-01,6.442932e-01,7.190405e-01,7.480190e-01,7.406811e-01,7.819866e-01,8.668450e-01
7.420000e-03,7.540433e+00,7.387274e+00,1.373039e+00,7.473947e-01,5.623432e-01,4.411796e-01,3.606699e-01,3.023121e-01,2.598353e-01,3.062081e-01,6.446904e-01,7.179494e-01,7.466862e-01,7.403155e-01,7.814608e-01,8.664075e-01
7.422500e-03,7.536292e+00,7.385730e+00,1.374544e+00,7.473946e-01,5.623433e-01,4.411796e-01,3.606700e-01,3.023121e-01,2.598353e-01,3.089643e-01,6.449697e-01,7.166998e-01,7.453625e-01,7.400136e-01,7.810463e-01,8.659926e-01
7.425000e-03,7.532078e+00,7.384041e+00,1.374755e+00,7.473945e-01,5.623434e-01,4.411796e-01,3.606701e-01,3.023120e-01,2.598353e-01,3.118944e-01,6.450240e-01,7.153136e-01,7.440544e-01,7.397431e-01,7.806508e-01,8.656025e-01
7.427500e-03,7.527970e+00,7.382235e+00,1.372659e+00,7.473946e-01,5.623435e-01,4.411796e-01,3.606702e-01,3.023119e-01,2.598353e-01,3.150341e-01,6.448218e-01,7.138278e-01,7.427638e-01,7.394929e-01,7.802306e-01,8.651989e-01
7.430000e-03,7.524558e+00,7.380274e+00,1.368804e+00,7.473945e-01,5.623435e-01,4.411796e-01,3.606702e-01,3.023119e-01,2.598352e-01,3.183451e-01,6.444167e-01,7.122751e-01,7.414923e-01,7.392704e-01,7.797917e-01,8.647234e-01
7.432500e-03,7.521595e+00,7.378085e+00,1.363066e+00,7.473944e-01,5.623434e-01,4.411797e-01,3.606702e-01,3.023120e-01,2.598351e-01,3.218774e-01,6.438516e-01,7.106760e-01,7.402465e-01,7.390943e-01,7.793808e-01,8.641094e-01
7.435000e-03,7.518699e+00,7.375646e+00,1.354686e+00,7.473943e-01,5.623435e-01,4.411798e-01,3.606702e-01,3.023120e-01,2.598351e-01,3.255872e-01,6.432639e-01,7.090529e-01,7.390350e-01,7.389861e-01,7.790657e-01,8.633392e-01
7.437500e-03,7.516082e+00,7.372854e+00,1.342451e+00,7.473945e-01,5.623435e-01,4.411799e-01,3.606703e-01,3.023121e-01,2.598351e-01,3.294479e-01,6.426407e-01,7.073979e-01,7.378652e-01,7.389584e-01,7.789182e-01,8.624123e-01
7.440000e-03,7.513788e+00,7.369689e+00,1.328113e+00,7.473944e-01,5.623434e-01,4.411799e-01,3.606704e-01,3.023121e-01,2.598351e-01,3.334301e-01,6.418211e-01,7.057094e-01,7.367449e-01,7.390089e-01,7.789842e-01,8.613469e-01
7.442500e-03,7.511541e+00,7.366126e+00,1.311224e+00,7.473944e-01,5.623434e-01,4.411799e-01,3.606704e-01,3.023121e-01,2.598351e-01,3.374969e-01,6.407322e-01,7.040102e-01,7.356836e-01,7.391220e-01,7.792578e-01,8.602018e-01
7.445000e-03,7.509518e+00,7.361950e+00,1.291007e+00,7.473942e-01,5.623434e-01,4.411799e-01,3.606705e-01,3.023122e-01,2.598352e-01,3.416036e-01,6.394784e-01,7.023032e-01,7.346914e-01,7.392783e-01,7.796880e-01,8.590490e-01
7.447500e-03,7.508160e+00,7.356972e+00,1.268044e+00,7.473940e-01,5.623434e-01,4.411798e-01,3.606705e-01,3.023122e-01,2.598352e-01,3.457161e-01,6.382663e-01,7.005927e-01,7.337847e-01,7.394595e-01,7.802195e-01,8.579556e-01
7.450000e-03,7.506924e+00,7.352479e+00,1.264589e+00,7.473941e-01,5.623434e-01,4.411798e-01,3.606705e-01,3.023123e-01,2.598352e-01,3.497208e-01,6.371489e-01,6.989016e-01,7.329850e-01,7.396403e-01,7.808210e-01,8.569617e-01
7.452500e-03,7.505926e+00,7.349078e+00,1.280208e+00,7.473945e-01,5.623433e-01,4.411799e-01,3.606705e-01,3.023123e-01,2.598353e-01,3.536134e-01,6.360463e-01,6.972736e-01,7.323027e-01,7.397735e-01,7.814591e-01,8.560789e-01
7.455000e-03,7.505283e+00,7.345951e+00,1.293687e+00,7.473942e-01,5.623432e-01,4.411799e-01,3.606705e-01,3.023124e-01,2.598353e-01,3.573387e-01,6.348643e-01,6.957768e-01,7.317272e-01,7.397916e-01,7.820464e-01,8.552983e-01
7.457500e-03,7.504959e+00,7.343088e+00,1.303971e+00,7.473937e-01,5.623434e-01,4.411798e-01,3.606705e-01,3.023124e-01,2.598354e-01,3.608628e-01,6.335533e-01,6.944505e-01,7.312427e-01,7.396355e-01,7.824516e-01,8.546356e-01
7.460000e-03,7.505012e+00,7.340587e+00,1.311449e+00,7.473936e-01,5.623436e-01,4.411796e-01,3.606705e-01,3.023124e-01,2.598354e-01,3.641099e-01,6.321666e-01,6.932808e-01,7.308398e-01,7.392809e-01,7.825900e-01,8.541132e-01
7.462500e-03,7.505155e+00,7.338359e+00,1.317329e+00,7.473935e-01,5.623435e-01,4.411796e-01,3.606704e-01,3.023124e-01,2.598354e-01,3.670978e-01,6.309652e-01,6.922070e-01,7.304999e-01,7.387346e-01,7.824872e-01,8.537076e-01
7.465000e-03,7.505284e+00,7.336454e+00,1.321512e+00,7.473935e-01,5.623433e-01,4.411797e-01,3.606704e-01,3.023124e-01,2.598355e-01,3.697215e-01,6.298431e-01,6.911636e-01,7.301758e-01,7.380176e-01,7.822235e-01,8.533836e-01
7.467500e-03,7.505620e+00,7.334788e+00,1.323749e+00,7.473935e-01,5.623432e-01,4.411797e-01,3.606703e-01,3.023124e-01,2.598355e-01,3.719735e-01,6.286301e-01,6.901929e-01,7.298107e-01,7.371664e-01,7.818459e-01,8.530624e-01
7.470000e-03,7.506333e+00,7.333375e+00,1.324721e+00,7.473936e-01,5.623431e-01,4.411795e-01,3.606703e-01,3.023123e-01,2.598355e-01,3.738600e-01,6.273589e-01,6.894107e-01,7.293778e-01,7.362425e-01,7.813870e-01,8.528311e-01
7.472500e-03,7.507113e+00,7.332274e+00,1.324559e+00,7.473938e-01,5.623431e-01,4.411794e-01,3.606704e-01,3.023122e-01,2.598355e-01,3.753255e-01,6.261444e-01,6.888619e-01,7.288951e-01,7.353200e-01,7.809228e-01,8.528193e-01
7.475000e-03,7.507952e+00,7.331450e+00,1.322972e+00,7.473940e-01,5.623432e-01,4.411793e-01,3.606704e-01,3.023122e-01,2.598354e-01,3.763785e-01,6.250491e-01,6.884841e-01,7.284055e-01,7.344605e-01,7.805373e-01,8.530421e-01
7.477500e-03,7.508993e+00,7.330846e+00,1.319919e+00,7.473942e-01,5.623432e-01,4.411792e-01,3.606703e-01,3.023122e-01,2.598353e-01,3.770372e-01,6.240376e-01,6.881814e-01,7.279398e-01,7.336982e-01,7.802483e-01,8.535006e-01
7.480000e-03,7.510278e+00,7.330435e+00,1.315538e+00,7.473943e-01,5.623433e-01,4.411792e-01,3.606703e-01,3.023123e-01,2.598352e-01,3.773097e-01,6.230852e-01,6.879042e-01,7.274945e-01,7.330391e-01,7.800203e-01,8.542130e-01
7.482500e-03,7.511775e+00,7.330224e+00,1.310516e+00,7.473946e-01,5.623434e-01,4.411793e-01,3.606703e-01,3.023123e-01,2.598352e-01,3.772263e-01,6.222454e-01,6.876714e-01,7.270509e-01,7.324730e-01,7.798257e-01,8.552224e-01
7.485000e-03,7.513475e+00,7.330204e+00,1.305031e+00,7.473950e-01,5.623437e-01,4.411793e-01,3.606702e-01,3.023122e-01,2.598353e-01,3.768104e-01,6.215101e-01,6.875059e-01,7.266073e-01,7.319918e-01,7.796634e-01,8.565015e-01
7.487500e-03,7.515343e+00,7.330369e+00,1.299133e+00,7.473953e-01,5.623439e-01,4.411793e-01,3.606702e-01,3.023121e-01,2.598353e-01,3.760839e-01,6.208601e-01,6.873879e-01,7.261833e-01,7.316044e-01,7.795384e-01,8.579256e-01
7.490000e-03,7.517353e+00,7.330713e+00,1.292850e+00,7.473953e-01,5.623441e-01,4.411794e-01,3.606702e-01,3.023121e-01,2.598353e-01,3.750678e-01,6.203036e-01,6.872946e-01,7.257986e-01,7.313296e-01,7.794260e-01,8.593542e-01
7.492500e-03,7.519479e+00,7.331225e+00,1.286297e+00,7.473952e-01,5.623443e-01,4.411796e-01,3.606702e-01,3.023121e-01,2.598352e-01,3.737906e-01,6.198903e-01,6.872022e-01,7.254583e-01,7.311794e-01,7.792604e-01,8.606745e-01
7.495000e-03,7.521674e+00,7.331892e+00,1.279475e+00,7.473953e-01,5.623445e-01,4.411799e-01,3.606701e-01,3.023121e-01,2.598352e-01,3.722818e-01,6.196586e-01,6.870742e-01,7.251573e-01,7.311509e-01,7.790003e-01,8.617987e-01
7.497500e-03,7.523865e+00,7.332713e+00,1.272117e+00,7.473955e-01,5.623445e-01,4.411802e-01,3.606701e-01,3.023120e-01,2.598352e-01,3.705549e-01,6.195675e-01,6.869042e-01,7.248939e-01,7.312367e-01,7.787000e-01,8.626093e-01
7.500000e-03,7.526065e+00,7.333657e+00,1.264317e+00,7.473959e-01,5.623444e-01,4.411804e-01,3.606702e-01,3.023120e-01,2.598352e-01,3.686385e-01,6.195595e-01,6.867263e-01,7.246750e-01,7.314461e-01,7.784821e-01,8.629803e-01
7.502500e-03,7.529066e+00,7.334736e+00,1.256191e+00,7.473962e-01,5.623444e-01,4.411805e-01,3.606704e-01,3.023119e-01,2.598352e-01,3.665650e-01,6.196236e-01,6.865658e-01,7.245107e-01,7.318211e-01,7.784713e-01,8.628559e-01
7.505000e-03,7.532042e+00,7.335950e+00,1.247876e+00,7.473963e-01,5.623445e-01,4.411807e-01,3.606707e-01,3.023119e-01,2.598352e-01,3.643462e-01,6.197623e-01,6.864107e-01,7.244053e-01,7.324202e-01,7.787804e-01,8.623097e-01
7.507500e-03,7.534966e+00,7.337300e+00,1.239095e+00,7.473963e-01,5.623445e-01,4.411807e-01,3.606709e-01,3.023119e-01,2.598352e-01,3.619987e-01,6.199653e-01,6.862407e-01,7.243540e-01,7.332789e-01,7.794836e-01,8.614831e-01
7.510000e-03,7.537753e+00,7.338763e+00,1.229809e+00,7.473961e-01,5.623446e-01,4.411808e-01,3.606709e-01,3.023120e-01,2.598352e-01,3.595499e-01,6.202164e-01,6.860634e-01,7.243479e-01,7.343753e-01,7.805416e-01,8.604960e-01
7.512500e-03,7.540561e+00,7.340343e+00,1.220237e+00,7.473958e-01,5.623446e-01,4.411808e-01,3.606710e-01,3.023122e-01,2.598351e-01,3.570162e-01,6.204720e-01,6.859121e-01,7.243870e-01,7.356308e-01,7.817890e-01,8.594387e-01
7.515000e-03,7.543044e+00,7.342039e+00,1.210414e+00,7.473956e-01,5.623445e-01,4.411808e-01,3.606711e-01,3.023124e-01,2.598351e-01,3.544162e-01,6.206830e-01,6.858188e-01,7.244906e-01,7.369413e-01,7.830201e-01,8.583872e-01
7.517500e-03,7.545360e+00,7.343842e+00,1.200165e+00,7.473954e-01,5.623444e-01,4.411808e-01,3.606711e-01,3.023125e-01,2.598352e-01,3.517905e-01,6.208194e-01,6.857946e-01,7.246915e-01,7.382133e-01,7.840799e-01,8.573478e-01
7.520000e-03,7.547534e+00,7.345766e+00,1.189250e+00,7.473953e-01,5.623443e-01,4.411808e-01,3.606711e-01,3.023126e-01,2.598353e-01,3.491542e-01,6.209007e-01,6.858340e-01,7.250174e-01,7.393926e-01,7.849009e-01,8.562223e-01
7.522500e-03,7.549437e+00,7.347841e+00,1.177946e+00,7.473953e-01,5.623441e-01,4.411808e-01,3.606711e-01,3.023127e-01,2.598355e-01,3.465141e-01,6.209606e-01,6.859253e-01,7.254735e-01,7.404725e-01,7.855060e-01,8.549188e-01
7.525000e-03,7.551173e+00,7.350072e+00,1.165965e+00,7.473953e-01,5.623439e-01,4.411808e-01,3.606711e-01,3.023127e-01,2.598356e-01,3.438828e-01,6.209331e-01,6.860534e-01,7.260442e-01,7.414834e-01,7.859846e-01,8.534626e-01
7.527500e-03,7.552900e+00,7.352384e+00,1.153692e+00,7.473952e-01,5.623438e-01,4.411807e-01,3.606710e-01,3.023128e-01,2.598357e-01,3.412805e-01,6.207920e-01,6.862141e-01,7.267076e-01,7.424715e-01,7.864432e-01,8.518912e-01
7.530000e-03,7.554690e+00,7.355081e+00,1.147388e+00,7.473950e-01,5.623437e-01,4.411806e-01,3.606710e-01,3.023128e-01,2.598357e-01,3.387018e-01,6.206088e-01,6.864378e-01,7.274503e-01,7.434748e-01,7.869602e-01,8.502803e-01
7.532500e-03,7.556540e+00,7.358412e+00,1.159372e+00,7.473947e-01,5.623437e-01,4.411805e-01,3.606710e-01,3.023127e-01,2.598358e-01,3.361716e-01,6.204966e-01,6.867565e-01,7.282696e-01,7.445080e-01,7.875622e-01,8.486995e-01
7.535000e-03,7.558327e+00,7.361493e+00,1.170872e+00,7.473945e-01,5.623437e-01,4.411804e-01,3.606709e-01,3.023127e-01,2.598359e-01,3.336616e-01,6.202820e-01,6.871574e-01,7.291704e-01,7.455611e-01,7.882314e-01,8.471973e-01
7.537500e-03,7.560030e+00,7.364332e+00,1.181854e+00,7.473942e-01,5.623436e-01,4.411803e-01,3.606709e-01,3.023127e-01,2.598359e-01,3.311389e-01,6.199188e-01,6.876311e-01,7.301602e-01,7.466094e-01,7.889299e-01,8.458066e-01
7.540000e-03,7.561779e+00,7.366890e+00,1.192003e+00,7.473940e-01,5.623436e-01,4.411803e-01,3.606708e-01,3.023127e-01,2.598359e-01,3.286899e-01,6.196335e-01,6.882010e-01,7.312447e-01,7.476255e-01,7.896222e-01,8.445873e-01
7.542500e-03,7.563632e+00,7.369230e+00,1.201206e+00,7.473938e-01,5.623434e-01,4.411803e-01,3.606707e-01,3.023127e-01,2.598358e-01,3.262707e-01,6.195273e-01,6.888781e-01,7.324245e-01,7.485890e-01,7.902912e-01,8.435594e-01
7.545000e-03,7.565467e+00,7.371442e+00,1.210135e+00,7.473938e-01,5.623433e-01,4.411803e-01,3.606706e-01,3.023127e-01,2.598358e-01,3.238583e-01,6.192595e-01,6.896498e-01,7.336964e-01,7.494917e-01,7.909406e-01,8.426828e-01
7.547500e-03,7.567227e+00,7.373485e+00,1.218079e+00,7.473939e-01,5.623431e-01,4.411803e-01,3.606706e-01,3.023127e-01,2.598358e-01,3.214642e-01,6.187946e-01,6.904986e-01,7.350505e-01,7.503394e-01,7.915847e-01,8.419583e-01
7.550000e-03,7.569099e+00,7.375387e+00,1.225199e+00,7.473939e-01,5.623430e-01,4.411802e-01,3.606705e-01,3.023126e-01,2.598358e-01,3.190930e-01,6.184097e-01,6.914151e-01,7.364673e-01,7.511506e-01,7.922412e-01,8.413839e-01
7.552500e-03,7.571260e+00,7.377190e+00,1.231777e+00,7.473941e-01,5.623429e-01,4.411801e-01,3.606705e-01,3.023125e-01,2.598358e-01,3.167340e-01,6.182673e-01,6.923987e-01,7.379208e-01,7.519457e-01,7.929238e-01,8.409553e-01
7.555000e-03,7.573267e+00,7.378953e+00,1.238034e+00,7.473942e-01,5.623430e-01,4.411800e-01,3.606705e-01,3.023125e-01,2.598358e-01,3.143789e-01,6.182621e-01,6.934229e-01,7.393852e-01,7.527373e-01,7.936392e-01,8.407129e-01
7.557500e-03,7.575207e+00,7.380627e+00,1.243586e+00,7.473944e-01,5.623430e-01,4.411799e-01,3.606705e-01,3.023124e-01,2.598357e-01,3.120287e-01,6.182081e-01,6.944789e-01,7.408413e-01,7.535228e-01,7.943770e-01,8.406651e-01
7.560000e-03,7.577078e+00,7.382274e+00,1.248785e+00,7.473946e-01,5.623431e-01,4.411798e-01,3.606705e-01,3.023124e-01,2.598357e-01,3.096845e-01,6.181772e-01,6.956059e-01,7.422764e-01,7.542831e-01,7.951018e-01,8.408181e-01
7.562500e-03,7.578890e+00,7.383846e+00,1.253490e+00,7.473947e-01,5.623432e-01,4.411798e-01,3.606704e-01,3.023124e-01,2.598356e-01,3.073702e-01,6.182478e-01,6.968123e-01,7.436764e-01,7.549890e-01,7.957583e-01,8.411637e-01
7.565000e-03,7.580584e+00,7.385405e+00,1.257185e+00,7.473948e-01,5.623433e-01,4.411798e-01,3.606703e-01,3.023124e-01,2.598356e-01,3.051038e-01,6.184417e-01,6.980440e-01,7.450288e-01,7.556138e-01,7.963087e-01,8.416871e-01
7.567500e-03,7.582145e+00,7.386939e+00,1.260646e+00,7.473949e-01,5.623434e-01,4.411799e-01,3.606703e-01,3.023124e-01,2.598356e-01,3.028353e-01,6.187707e-01,6.992510e-01,7.463276e-01,7.561452e-01,7.967600e-01,8.423405e-01
7.570000e-03,7.583591e+00,7.388390e+00,1.263690e+00,7.473950e-01,5.623434e-01,4.411799e-01,3.606703e-01,3.023123e-01,2.598355e-01,3.006156e-01,6.192532e-01,7.004514e-01,7.475611e-01,7.565862e-01,7.971499e-01,8.430748e-01
7.572500e-03,7.585164e+00,7.389806e+00,1.266194e+00,7.473950e-01,5.623435e-01,4.411800e-01,3.606703e-01,3.023123e-01,2.598355e-01,2.984573e-01,6.198431e-01,7.016888e-01,7.487062e-01,7.569452e-01,7.975070e-01,8.438603e-01
7.575000e-03,7.586433e+00,7.391240e+00,1.268138e+00,7.473949e-01,5.623436e-01,4.411800e-01,3.606703e-01,3.023122e-01,2.598355e-01,2.963411e-01,6.204051e-01,7.029653e-01,7.497485e-01,7.572253e-01,7.978289e-01,8.447084e-01
7.577500e-03,7.587489e+00,7.392651e+00,1.269617e+00,7.473948e-01,5.623437e-01,4.411801e-01,3.606703e-01,3.023122e-01,2.598355e-01,2.942965e-01,6.209837e-01,7.042514e-01,7.506934e-01,7.574208e-01,7.980937e-01,8.456453e-01
7.580000e-03,7.588348e+00,7.393975e+00,1.270975e+00,7.473947e-01,5.623438e-01,4.411801e-01,3.606704e-01,3.023122e-01,2.598354e-01,2.923670e-01,6.217124e-01,7.055200e-01,7.515465e-01,7.575214e-01,7.982808e-01,8.466861e-01
7.582500e-03,7.588973e+00,7.395247e+00,1.272239e+00,7.473947e-01,5.623438e-01,4.411802e-01,3.606705e-01,3.023122e-01,2.598354e-01,2.905429e-01,6.226054e-01,7.067552e-01,7.522956e-01,7.575197e-01,7.983765e-01,8.478117e-01
7.585000e-03,7.589344e+00,7.396440e+00,1.273299e+00,7.473948e-01,5.623437e-01,4.411802e-01,3.606705e-01,3.023122e-01,2.598354e-01,2.888252e-01,6.236297e-01,7.079459e-01,7.529198e-01,7.574168e-01,7.983709e-01,8.489858e-01
7.587500e-03,7.589562e+00,7.397529e+00,1.273917e+00,7.473949e-01,5.623436e-01,4.411803e-01,3.606705e-01,3.023123e-01,2.598353e-01,2.872952e-01,6.246694e-01,7.090974e-01,7.534124e-01,7.572254e-01,7.982648e-01,8.501598e-01
7.590000e-03,7.589707e+00,7.398498e+00,1.274676e+00,7.473948e-01,5.623436e-01,4.411803e-01,3.606705e-01,3.023123e-01,2.598353e-01,2.859305e-01,6.256467e-01,7.102158e-01,7.537835e-01,7.569667e-01,7.980757e-01,8.512919e-01
7.592500e-03,7.589599e+00,7.399392e+00,1.275489e+00,7.473949e-01,5.623437e-01,4.411803e-01,3.606706e-01,3.023124e-01,2.598354e-01,2.847347e-01,6.266933e-01,7.112638e-01,7.540491e-01,7.566640e-01,7.978274e-01,8.523584e-01
7.595000e-03,7.589221e+00,7.400183e+00,1.276582e+00,7.473949e-01,5.623437e-01,4.411803e-01,3.606706e-01,3.023124e-01,2.598354e-01,2.837133e-01,6.277835e-01,7.121683e-01,7.542213e-01,7.563333e-01,7.975274e-01,8.533367e-01
7.597500e-03,7.588638e+00,7.400856e+00,1.278089e+00,7.473948e-01,5.623436e-01,4.411802e-01,3.606706e-01,3.023124e-01,2.598354e-01,2.828788e-01,6.288975e-01,7.128934e-01,7.543072e-01,7.559800e-01,7.971567e-01,8.542126e-01
7.600000e-03,7.587812e+00,7.401392e+00,1.280105e+00,7.473947e-01,5.623436e-01,4.411802e-01,3.606706e-01,3.023124e-01,2.598355e-01,2.822365e-01,6.300126e-01,7.134841e-01,7.543099e-01,7.556013e-01,7.966840e-01,8.550094e-01
7.602500e-03,7.586786e+00,7.401778e+00,1.282597e+00,7.473946e-01,5.623436e-01,4.411802e-01,3.606706e-01,3.023124e-01,2.598355e-01,2.817985e-01,6.310810e-01,7.140193e-01,7.542360e-01,7.551949e-01,7.960936e-01,8.557240e-01
7.605000e-03,7.585577e+00,7.402016e+00,1.285789e+00,7.473946e-01,5.623435e-01,4.411802e-01,3.606706e-01,3.023125e-01,2.598355e-01,2.815641e-01,6.320829e-01,7.145295e-01,7.541016e-01,7.547669e-01,7.954033e-01,8.563073e-01
7.607500e-03,7.584147e+00,7.402104e+00,1.289781e+00,7.473945e-01,5.623434e-01,4.411802e-01,3.606705e-01,3.023125e-01,2.598355e-01,2.815298e-01,6.330129e-01,7.149635e-01,7.539234e-01,7.543330e-01,7.946621e-01,8.567376e-01
7.610000e-03,7.582511e+00,7.402040e+00,1.294597e+00,7.473943e-01,5.623433e-01,4.411801e-01,3.606705e-01,3.023125e-01,2.598355e-01,2.816969e-01,6.339035e-01,7.152518e-01,7.537009e-01,7.539122e-01,7.939317e-01,8.569791e-01
7.612500e-03,7.580672e+00,7.401823e+00,1.300208e+00,7.473941e-01,5.623433e-01,4.411800e-01,3.606705e-01,3.023125e-01,2.598355e-01,2.820676e-01,6.347562e-01,7.153665e-01,7.534131e-01,7.535163e-01,7.932599e-01,8.570537e-01
7.615000e-03,7.578637e+00,7.401457e+00,1.306528e+00,7.473938e-01,5.623432e-01,4.411800e-01,3.606706e-01,3.023125e-01,2.598355e-01,2.826440e-01,6.355105e-01,7.153345e-01,7.530400e-01,7.531440e-01,7.926585e-01,8.570015e-01
7.617500e-03,7.576418e+00,7.400945e+00,1.313311e+00,7.473937e-01,5.623431e-01,4.411799e-01,3.606706e-01,3.023124e-01,2.598356e-01,2.834382e-01,6.361366e-01,7.152045e-01,7.525865e-01,7.527818e-01,7.921014e-01,8.568673e-01
7.620000e-03,7.574024e+00,7.400291e+00,1.320478e+00,7.473937e-01,5.623430e-01,4.411798e-01,3.606705e-01,3.023124e-01,2.598355e-01,2.844477e-01,6.366359e-01,7.150064e-01,7.520824e-01,7.524162e-01,7.915371e-01,8.567018e-01
7.622500e-03,7.571458e+00,7.399493e+00,1.327793e+00,7.473937e-01,5.623429e-01,4.411798e-01,3.606704e-01,3.023125e-01,2.598355e-01,2.856689e-01,6.370252e-01,7.147445e-01,7.515571e-01,7.520525e-01,7.909144e-01,8.565102e-01
7.625000e-03,7.568804e+00,7.398558e+00,1.335326e+00,7.473936e-01,5.623428e-01,4.411798e-01,3.606704e-01,3.023125e-01,2.598355e-01,2.870944e-01,6.373140e-01,7.144039e-01,7.510218e-01,7.517208e-01,7.902318e-01,8.562720e-01
7.627500e-03,7.566020e+00,7.397510e+00,1.342968e+00,7.473936e-01,5.623428e-01,4.411797e-01,3.606703e-01,3.023124e-01,2.598355e-01,2.887107e-01,6.375029e-01,7.139638e-01,7.504748e-01,7.514536e-01,7.895627e-01,8.559331e-01
7.630000e-03,7.563120e+00,7.396373e+00,1.350319e+00,7.473936e-01,5.623428e-01,4.411796e-01,3.606703e-01,3.023124e-01,2.598355e-01,2.905118e-01,6.375812e-01,7.134203e-01,7.499147e-01,7.512574e-01,7.889930e-01,8.554598e-01
7.632500e-03,7.560150e+00,7.395142e+00,1.356672e+00,7.473936e-01,5.623429e-01,4.411796e-01,3.606703e-01,3.023124e-01,2.598355e-01,2.925145e-01,6.375493e-01,7.127956e-01,7.493450e-01,7.511193e-01,7.885399e-01,8.548367e-01
7.635000e-03,7.557121e+00,7.393830e+00,1.361976e+00,7.473936e-01,5.623429e-01,4.411795e-01,3.606703e-01,3.023123e-01,2.598355e-01,2.946933e-01,6.374127e-01,7.121202e-01,7.487743e-01,7.510327e-01,7.881978e-01,8.541276e-01
7.637500e-03,7.554094e+00,7.392426e+00,1.366380e+00,7.473938e-01,5.623428e-01,4.411795e-01,3.606702e-01,3.023123e-01,2.598355e-01,2.970063e-01,6.372082e-01,7.114108e-01,7.482115e-01,7.509970e-01,7.880219e-01,8.534217e-01
7.640000e-03,7.550996e+00,7.390987e+00,1.369180e+00,7.473941e-01,5.623427e-01,4.411795e-01,3.606702e-01,3.023123e-01,2.598355e-01,2.994212e-01,6.369327e-01,7.106697e-01,7.476586e-01,7.509839e-01,7.880742e-01,8.527462e-01
7.642500e-03,7.548001e+00,7.389482e+00,1.370756e+00,7.473942e-01,5.623427e-01,4.411795e-01,3.606701e-01,3.023122e-01,2.598354e-01,3.019366e-01,6.366205e-01,7.098991e-01,7.471138e-01,7.509136e-01,7.883103e-01,8.520928e-01
7.645000e-03,7.545078e+00,7.387936e+00,1.371194e+00,7.473942e-01,5.623428e-01,4.411794e-01,3.606700e-01,3.023122e-01,2.598354e-01,3.045370e-01,6.362784e-01,7.090987e-01,7.465779e-01,7.506790e-01,7.885791e-01,8.515263e-01
7.647500e-03,7.542140e+00,7.386374e+00,1.370030e+00,7.473943e-01,5.623430e-01,4.411793e-01,3.606701e-01,3.023122e-01,2.598353e-01,3.071884e-01,6.359134e-01,7.082598e-01,7.460555e-01,7.502022e-01,7.887189e-01,8.511404e-01
7.650000e-03,7.539368e+00,7.384759e+00,1.367379e+00,7.473943e-01,5.623431e-01,4.411792e-01,3.606701e-01,3.023121e-01,2.598353e-01,3.098668e-01,6.355376e-01,7.073876e-01,7.455471e-01,7.494762e-01,7.886466e-01,8.509758e-01
7.652500e-03,7.536930e+00,7.383084e+00,1.362609e+00,7.473943e-01,5.623433e-01,4.411793e-01,3.606700e-01,3.023121e-01,2.598353e-01,3.125624e-01,6.350159e-01,7.065096e-01,7.450400e-01,7.485571e-01,7.883806e-01,8.510081e-01
7.655000e-03,7.534724e+00,7.381439e+00,1.356189e+00,7.473943e-01,5.623433e-01,4.411793e-01,3.606700e-01,3.023121e-01,2.598353e-01,3.152291e-01,6.343877e-01,7.056609e-01,7.445065e-01,7.475254e-01,7.880018e-01,8.512120e-01
7.657500e-03,7.532680e+00,7.379714e+00,1.348732e+00,7.473942e-01,5.623434e-01,4.411794e-01,3.606699e-01,3.023120e-01,2.598353e-01,3.178824e-01,6.337609e-01,7.048523e-01,7.439118e-01,7.464493e-01,7.875844e-01,8.515948e-01
7.660000e-03,7.530734e+00,7.377932e+00,1.340195e+00,7.473941e-01,5.623434e-01,4.411795e-01,3.606699e-01,3.023120e-01,2.598352e-01,3.205217e-01,6.332341e-01,7.040782e-01,7.432279e-01,7.453667e-01,7.871462e-01,8.521816e-01
7.662500e-03,7.529037e+00,7.376090e+00,1.330448e+00,7.473943e-01,5.623435e-01,4.411795e-01,3.606700e-01,3.023119e-01,2.598351e-01,3.231076e-01,6.328858e-01,7.033418e-01,7.424439e-01,7.442839e-01,7.866409e-01,8.530111e-01
7.665000e-03,7.527705e+00,7.374182e+00,1.319171e+00,7.473944e-01,5.623435e-01,4.411796e-01,3.606701e-01,3.023119e-01,2.598351e-01,3.256086e-01,6.325406e-01,7.026474e-01,7.415686e-01,7.431875e-01,7.859774e-01,8.540968e-01
7.667500e-03,7.526773e+00,7.372206e+00,1.307671e+00,7.473944e-01,5.623435e-01,4.411796e-01,3.606702e-01,3.023119e-01,2.598351e-01,3.280218e-01,6.320828e-01,7.019928e-01,7.406264e-01,7.420649e-01,7.850659e-01,8.553875e-01
7.670000e-03,7.526079e+00,7.370210e+00,1.295669e+00,7.473943e-01,5.623436e-01,4.411796e-01,3.606702e-01,3.023119e-01,2.598350e-01,3.303289e-01,6.315892e-01,7.013571e-01,7.396466e-01,7.409198e-01,7.838800e-01,8.567677e-01
7.672500e-03,7.525620e+00,7.368143e+00,1.283472e+00,7.473944e-01,5.623437e-01,4.411797e-01,3.606703e-01,3.023119e-01,2.598350e-01,3.325390e-01,6.311632e-01,7.006971e-01,7.386506e-01,7.397739e-01,7.824840e-01,8.580683e-01
7.675000e-03,7.525225e+00,7.366072e+00,1.271509e+00,7.473946e-01,5.623438e-01,4.411797e-01,3.606703e-01,3.023120e-01,2.598350e-01,3.346094e-01,6.307954e-01,6.999804e-01,7.376448e-01,7.386544e-01,7.809971e-01,8.591158e-01
7.677500e-03,7.525006e+00,7.363972e+00,1.259261e+00,7.473948e-01,5.623438e-01,4.411798e-01,3.606703e-01,3.023121e-01,2.598350e-01,3.365333e-01,6.305082e-01,6.992095e-01,7.366282e-01,7.375813e-01,7.795273e-01,8.598117e-01
7.680000e-03,7.524911e+00,7.361834e+00,1.247326e+00,7.473950e-01,5.623438e-01,4.411799e-01,3.606703e-01,3.023121e-01,2.598350e-01,3.383273e-01,6.303095e-01,6.984434e-01,7.356049e-01,7.365658e-01,7.781405e-01,8.601550e-01
7.682500e-03,7.524927e+00,7.359771e+00,1.236301e+00,7.473951e-01,5.623439e-01,4.411800e-01,3.606704e-01,3.023121e-01,2.598351e-01,3.399547e-01,6.300957e-01,6.977528e-01,7.345890e-01,7.356270e-01,7.768717e-01,8.602057e-01
7.685000e-03,7.524937e+00,7.357841e+00,1.226170e+00,7.473951e-01,5.623440e-01,4.411800e-01,3.606705e-01,3.023121e-01,2.598351e-01,3.414170e-01,6.298265e-01,6.971337e-01,7.335944e-01,7.348066e-01,7.757577e-01,8.600138e-01
7.687500e-03,7.524969e+00,7.356022e+00,1.216700e+00,7.473951e-01,5.623440e-01,4.411801e-01,3.606705e-01,3.023121e-01,2.598352e-01,3.427203e-01,6.295832e-01,6.965179e-01,7.326203e-01,7.341565e-01,7.748694e-01,8.596571e-01
7.690000e-03,7.525059e+00,7.354283e+00,1.207603e+00,7.473951e-01,5.623441e-01,4.411801e-01,3.606705e-01,3.023122e-01,2.598352e-01,3.438809e-01,6.294522e-01,6.958463e-01,7.316464e-01,7.337070e-01,7.742874e-01,8.592183e-01
7.692500e-03,7.525248e+00,7.353195e+00,1.210271e+00,7.473950e-01,5.623441e-01,4.411802e-01,3.606706e-01,3.023122e-01,2.598352e-01,3.449068e-01,6.293275e-01,6.951006e-01,7.306480e-01,7.334428e-01,7.740152e-01,8.587528e-01
7.695000e-03,7.525507e+00,7.352257e+00,1.212565e+00,7.473949e-01,5.623440e-01,4.411802e-01,3.606706e-01,3.023123e-01,2.598352e-01,3.457912e-01,6.291719e-01,6.943120e-01,7.296251e-01,7.333062e-01,7.739410e-01,8.583260e-01
7.697500e-03,7.525844e+00,7.351434e+00,1.214392e+00,7.473950e-01,5.623440e-01,4.411803e-01,3.606707e-01,3.023123e-01,2.598353e-01,3.465451e-01,6.289509e-01,6.935486e-01,7.286175e-01,7.332262e-01,7.739105e-01,8.579996e-01
7.700000e-03,7.526229e+00,7.350739e+00,1.215758e+00,7.473951e-01,5.623440e-01,4.411803e-01,3.606707e-01,3.023123e-01,2.598353e-01,3.471672e-01,6.286820e-01,6.928432e-01,7.276859e-01,7.331516e-01,7.738201e-01,8.577475e-01
7.702500e-03,7.526700e+00,7.350176e+00,1.216676e+00,7.473950e-01,5.623440e-01,4.411803e-01,3.606708e-01,3.023124e-01,2.598354e-01,3.476633e-01,6.283896e-01,6.921602e-01,7.268768e-01,7.330667e-01,7.736513e-01,8.574325e-01
7.705000e-03,7.527194e+00,7.349737e+00,1.217144e+00,7.473949e-01,5.623440e-01,4.411803e-01,3.606708e-01,3.023125e-01,2.598354e-01,3.480422e-01,6.280760e-01,6.914570e-01,7.262025e-01,7.329841e-01,7.734536e-01,8.569291e-01
7.707500e-03,7.527678e+00,7.349409e+00,1.217211e+00,7.473948e-01,5.623440e-01,4.411804e-01,3.606708e-01,3.023125e-01,2.598354e-01,3.483122e-01,6.277454e-01,6.907352e-01,7.256448e-01,7.329355e-01,7.732908e-01,8.562275e-01
7.710000e-03,7.528189e+00,7.349175e+00,1.216898e+00,7.473949e-01,5.623439e-01,4.411803e-01,3.606708e-01,3.023125e-01,2.598355e-01,3.484819e-01,6.273825e-01,6.900182e-01,7.251760e-01,7.329672e-01,7.731964e-01,8.553972e-01
7.712500e-03,7.528753e+00,7.349020e+00,1.216213e+00,7.473950e-01,5.623437e-01,4.411803e-01,3.606708e-01,3.023125e-01,2.598356e-01,3.485579e-01,6.269536e-01,6.893252e-01,7.247756e-01,7.331269e-01,7.731861e-01,8.545255e-01
7.715000e-03,7.529409e+00,7.348934e+00,1.215157e+00,7.473950e-01,5.623436e-01,4.411803e-01,3.606708e-01,3.023125e-01,2.598356e-01,3.485439e-01,6.264515e-01,6.886691e-01,7.244349e-01,7.334485e-01,7.732899e-01,8.536270e-01
7.717500e-03,7.530185e+00,7.348916e+00,1.213710e+00,7.473950e-01,5.623436e-01,4.411802e-01,3.606708e-01,3.023125e-01,2.598356e-01,3.484402e-01,6.259123e-01,6.880564e-01,7.241503e-01,7.339570e-01,7.735771e-01,8.526780e-01
7.720000e-03,7.531098e+00,7.348965e+00,1.211830e+00,7.473950e-01,5.623436e-01,4.411801e-01,3.606707e-01,3.023125e-01,2.598356e-01,3.482447e-01,6.253533e-01,6.874823e-01,7.239227e-01,7.346754e-01,7.741545e-01,8.516618e-01
7.722500e-03,7.532156e+00,7.349086e+00,1.209469e+00,7.473949e-01,5.623437e-01,4.411801e-01,3.606707e-01,3.023125e-01,2.598356e-01,3.479538e-01,6.247575e-01,6.869475e-01,7.237662e-01,7.356180e-01,7.751052e-01,8.505542e-01
7.725000e-03,7.533364e+00,7.349281e+00,1.206586e+00,7.473948e-01,5.623437e-01,4.411801e-01,3.606706e-01,3.023126e-01,2.598356e-01,3.475624e-01,6.241174e-01,6.864749e-01,7.237129e-01,7.367759e-01,7.764201e-01,8.493857e-01
7.727500e-03,7.534726e+00,7.349556e+00,1.203149e+00,7.473947e-01,5.623437e-01,4.411802e-01,3.606705e-01,3.023126e-01,2.598356e-01,3.470649e-01,6.234474e-01,6.860917e-01,7.238010e-01,7.381149e-01,7.780075e-01,8.482574e-01
7.730000e-03,7.536241e+00,7.349921e+00,1.199115e+00,7.473946e-01,5.623437e-01,4.411802e-01,3.606705e-01,3.023125e-01,2.598357e-01,3.464551e-01,6.227631e-01,6.857984e-01,7.240575e-01,7.395939e-01,7.797744e-01,8.472638e-01
7.732500e-03,7.537905e+00,7.350382e+00,1.194467e+00,7.473945e-01,5.623437e-01,4.411802e-01,3.606705e-01,3.023124e-01,2.598357e-01,3.457278e-01,6.220695e-01,6.855702e-01,7.244896e-01,7.411839e-01,7.816855e-01,8.464407e-01
7.735000e-03,7.539711e+00,7.350951e+00,1.189156e+00,7.473946e-01,5.623436e-01,4.411803e-01,3.606705e-01,3.023124e-01,2.598357e-01,3.448762e-01,6.213729e-01,6.853845e-01,7.250893e-01,7.428714e-01,7.837516e-01,8.457615e-01
7.737500e-03,7.541665e+00,7.351645e+00,1.183115e+00,7.473947e-01,5.623435e-01,4.411803e-01,3.606705e-01,3.023123e-01,2.598357e-01,3.438928e-01,6.206843e-01,6.852391e-01,7.258439e-01,7.446461e-01,7.859803e-01,8.452194e-01
7.740000e-03,7.543754e+00,7.352478e+00,1.176352e+00,7.473947e-01,5.623434e-01,4.411803e-01,3.606705e-01,3.023123e-01,2.598356e-01,3.427680e-01,6.200284e-01,6.851505e-01,7.267434e-01,7.464855e-01,7.883401e-01,8.448626e-01
7.742500e-03,7.545929e+00,7.353439e+00,1.168913e+00,7.473947e-01,5.623434e-01,4.411803e-01,3.606706e-01,3.023123e-01,2.598355e-01,3.415031e-01,6.194019e-01,6.851465e-01,7.277837e-01,7.483497e-01,7.907631e-01,8.447562e-01
7.745000e-03,7.548268e+00,7.354672e+00,1.163794e+00,7.473946e-01,5.623435e-01,4.411802e-01,3.606706e-01,3.023123e-01,2.598355e-01,3.401019e-01,6.188004e-01,6.852563e-01,7.289632e-01,7.501912e-01,7.931676e-01,8.449263e-01
7.747500e-03,7.550695e+00,7.356430e+00,1.167406e+00,7.473946e-01,5.623436e-01,4.411802e-01,3.606706e-01,3.023123e-01,2.598355e-01,3.385609e-01,6.182426e-01,6.854995e-01,7.302780e-01,7.519760e-01,7.955054e-01,8.453232e-01
7.750000e-03,7.553202e+00,7.358312e+00,1.171589e+00,7.473947e-01,5.623436e-01,4.411801e-01,3.606706e-01,3.023124e-01,2.598355e-01,3.368782e-01,6.177448e-01,6.858855e-01,7.317177e-01,7.536983e-01,7.977980e-01,8.458816e-01
7.752500e-03,7.555711e+00,7.360336e+00,1.176443e+00,7.473947e-01,5.623436e-01,4.411802e-01,3.606706e-01,3.023124e-01,2.598355e-01,3.350416e-01,6.173090e-01,6.864118e-01,7.332655e-01,7.553771e-01,8.001088e-01,8.465322e-01
7.755000e-03,7.558251e+00,7.362414e+00,1.181923e+00,7.473948e-01,5.623436e-01,4.411803e-01,3.606706e-01,3.023124e-01,2.598355e-01,3.330610e-01,6.169298e-01,6.870719e-01,7.348987e-01,7.570302e-01,8.024695e-01,8.472860e-01
7.757500e-03,7.560815e+00,7.364558e+00,1.187735e+00,7.473947e-01,5.623435e-01,4.411802e-01,3.606705e-01,3.023124e-01,2.598355e-01,3.309474e-01,6.166543e-01,6.878662e-01,7.365937e-01,7.586314e-01,8.048301e-01,8.481867e-01
7.760000e-03,7.563303e+00,7.366690e+00,1.193707e+00,7.473948e-01,5.623435e-01,4.411802e-01,3.606705e-01,3.023124e-01,2.598354e-01,3.287403e-01,6.164821e-01,6.887995e-01,7.383309e-01,7.600985e-01,8.070560e-01,8.492800e-01
7.762500e-03,7.565747e+00,7.368831e+00,1.199816e+00,7.473948e-01,5.623436e-01,4.411803e-01,3.606705e-01,3.023124e-01,2.598355e-01,3.264241e-01,6.163011e-01,6.898731e-01,7.400977e-01,7.613391e-01,8.089897e-01,8.505603e-01
7.765000e-03,7.568072e+00,7.370989e+00,1.206407e+00,7.473948e-01,5.623437e-01,4.411803e-01,3.606706e-01,3.023125e-01,2.598355e-01,3.240043e-01,6.161314e-01,6.910797e-01,7.418874e-01,7.623040e-01,8.105610e-01,8.519612e-01
7.767500e-03,7.570224e+00,7.373093e+00,1.212882e+00,7.473949e-01,5.623438e-01,4.411803e-01,3.606707e-01,3.023125e-01,2.598355e-01,3.215105e-01,6.160987e-01,6.924183e-01,7.436936e-01,7.629917e-01,8.118023e-01,8.533861e-01
7.770000e-03,7.572383e+00,7.375135e+00,1.219231e+00,7.473949e-01,5.623438e-01,4.411803e-01,3.606706e-01,3.023125e-01,2.598356e-01,3.189682e-01,6.162418e-01,6.938844e-01,7.455010e-01,7.634219e-01,8.127420e-01,8.547256e-01
7.772500e-03,7.574741e+00,7.377126e+00,1.225617e+00,7.473948e-01,5.623437e-01,4.411802e-01,3.606706e-01,3.023125e-01,2.598356e-01,3.163849e-01,6.165268e-01,6.954626e-01,7.472784e-01,7.636194e-01,8.133461e-01,8.559489e-01
7.775000e-03,7.576847e+00,7.379099e+00,1.232068e+00,7.473946e-01,5.623437e-01,4.411802e-01,3.606705e-01,3.023125e-01,2.598356e-01,3.137771e-01,6.169495e-01,6.971449e-01,7.489847e-01,7.636067e-01,8.135927e-01,8.570912e-01
7.777500e-03,7.578756e+00,7.381012e+00,1.238030e+00,7.473955e-01,5.623436e-01,4.411803e-01,3.606704e-01,3.023124e-01,2.598356e-01,3.111413e-01,6.174694e-01,6.989248e-01,7.505794e-01,7.634026e-01,8.135196e-01,8.581878e-01
7.780000e-03,7.580454e+00,7.382887e+00,1.243810e+00,7.473953e-01,5.623433e-01,4.411803e-01,3.606704e-01,3.023124e-01,2.598356e-01,3.085160e-01,6.181112e-01,7.007755e-01,7.520307e-01,7.630253e-01,8.131901e-01,8.592156e-01
7.782500e-03,7.582030e+00,7.384687e+00,1.249153e+00,7.473951e-01,5.623434e-01,4.411803e-01,3.606704e-01,3.023123e-01,2.598355e-01,3.059408e-01,6.188800e-01,7.026554e-01,7.533185e-01,7.624940e-01,8.126396e-01,8.601755e-01
7.785000e-03,7.583278e+00,7.386485e+00,1.253835e+00,7.473946e-01,5.623438e-01,4.411803e-01,3.606705e-01,3.023123e-01,2.598355e-01,3.033987e-01,6.197774e-01,7.045318e-01,7.544354e-01,7.618346e-01,8.118512e-01,8.611411e-01
7.787500e-03,7.584309e+00,7.388186e+00,1.258341e+00,7.473941e-01,5.623438e-01,4.411801e-01,3.606706e-01,3.023123e-01,2.598355e-01,3.009178e-01,6.208567e-01,7.063928e-01,7.553811e-01,7.610857e-01,8.107793e-01,8.621505e-01
7.790000e-03,7.585369e+00,7.389785e+00,1.262232e+00,7.473940e-01,5.623437e-01,4.411802e-01,3.606706e-01,3.023123e-01,2.598355e-01,2.985365e-01,6.221590e-01,7.082427e-01,7.561603e-01,7.603084e-01,8.094071e-01,8.632126e-01
7.792500e-03,7.586131e+00,7.391393e+00,1.265710e+00,7.473944e-01,5.623434e-01,4.411805e-01,3.606705e-01,3.023124e-01,2.598354e-01,2.962408e-01,6.235402e-01,7.100685e-01,7.567854e-01,7.596030e-01,8.077897e-01,8.642707e-01
7.795000e-03,7.586566e+00,7.392933e+00,1.268741e+00,7.473945e-01,5.623431e-01,4.411805e-01,3.606704e-01,3.023124e-01,2.598354e-01,2.940756e-01,6.248839e-01,7.118253e-01,7.572760e-01,7.591124e-01,8.060971e-01,8.651432e-01
7.797500e-03,7.586710e+00,7.394347e+00,1.271757e+00,7.473943e-01,5.623431e-01,4.411805e-01,3.606706e-01,3.023124e-01,2.598355e-01,2.920865e-01,6.263083e-01,7.134668e-01,7.576470e-01,7.589748e-01,8.046100e-01,8.656909e-01
7.800000e-03,7.586509e+00,7.395663e+00,1.274817e+00,7.473945e-01,5.623432e-01,4.411803e-01,3.606708e-01,3.023124e-01,2.598355e-01,2.902657e-01,6.279301e-01,7.149818e-01,7.579052e-01,7.592613e-01,8.035425e-01,8.658241e-01
7.802500e-03,7.586024e+00,7.396847e+00,1.277825e+00,7.473944e-01,5.623432e-01,4.411801e-01,3.606708e-01,3.023124e-01,2.598355e-01,2.886399e-01,6.297694e-01,7.163633e-01,7.580643e-01,7.599633e-01,8.028799e-01,8.655666e-01
7.805000e-03,7.585276e+00,7.397859e+00,1.280713e+00,7.473942e-01,5.623431e-01,4.411801e-01,3.606707e-01,3.023125e-01,2.598354e-01,2.872817e-01,6.316009e-01,7.175925e-01,7.581612e-01,7.610018e-01,8.025071e-01,8.650796e-01
7.807500e-03,7.584341e+00,7.398704e+00,1.284043e+00,7.473940e-01,5.623431e-01,4.411802e-01,3.606705e-01,3.023126e-01,2.598355e-01,2.861735e-01,6.332712e-01,7.186752e-01,7.582525e-01,7.622215e-01,8.023685e-01,8.644234e-01
7.810000e-03,7.583035e+00,7.399400e+00,1.287899e+00,7.473939e-01,5.623431e-01,4.411801e-01,3.606704e-01,3.023127e-01,2.598355e-01,2.853254e-01,6.349218e-01,7.196144e-01,7.583933e-01,7.634261e-01,8.024099e-01,8.634459e-01
7.812500e-03,7.581384e+00,7.399915e+00,1.292493e+00,7.473944e-01,5.623430e-01,4.411800e-01,3.606704e-01,3.023126e-01,2.598357e-01,2.847513e-01,6.365767e-01,7.203595e-01,7.586195e-01,7.644587e-01,8.025518e-01,8.620340e-01
7.815000e-03,7.579414e+00,7.400228e+00,1.297952e+00,7.473946e-01,5.623429e-01,4.411800e-01,3.606704e-01,3.023125e-01,2.598358e-01,2.844690e-01,6.381955e-01,7.208538e-01,7.589396e-01,7.652255e-01,8.027804e-01,8.602004e-01
7.817500e-03,7.577146e+00,7.400321e+00,1.304365e+00,7.473944e-01,5.623428e-01,4.411799e-01,3.606703e-01,3.023124e-01,2.598357e-01,2.844898e-01,6.397031e-01,7.211252e-01,7.593259e-01,7.656421e-01,8.031308e-01,8.580897e-01
7.820000e-03,7.574593e+00,7.400186e+00,1.311746e+00,7.473940e-01,5.623429e-01,4.411797e-01,3.606703e-01,3.023124e-01,2.598357e-01,2.848238e-01,6.410385e-01,7.212812e-01,7.597182e-01,7.656057e-01,8.035548e-01,8.558294e-01
7.822500e-03,7.571743e+00,7.399825e+00,1.320066e+00,7.473936e-01,5.623429e-01,4.411796e-01,3.606703e-01,3.023124e-01,2.598356e-01,2.854778e-01,6.421881e-01,7.214130e-01,7.600531e-01,7.650420e-01,8.039180e-01,8.536219e-01
7.825000e-03,7.568613e+00,7.399238e+00,1.329239e+00,7.473934e-01,5.623428e-01,4.411795e-01,3.606703e-01,3.023123e-01,2.598355e-01,2.864581e-01,6.431472e-01,7.215187e-01,7.602807e-01,7.639502e-01,8.040876e-01,8.517615e-01
7.827500e-03,7.565210e+00,7.398430e+00,1.339059e+00,7.473933e-01,5.623427e-01,4.411795e-01,3.606701e-01,3.023124e-01,2.598354e-01,2.877687e-01,6.439432e-01,7.215625e-01,7.603534e-01,7.624065e-01,8.039773e-01,8.504988e-01
7.830000e-03,7.561540e+00,7.397422e+00,1.349280e+00,7.473933e-01,5.623426e-01,4.411794e-01,3.606701e-01,3.023124e-01,2.598354e-01,2.894048e-01,6.445807e-01,7.215379e-01,7.602107e-01,7.605255e-01,8.035530e-01,8.499728e-01
7.832500e-03,7.557652e+00,7.396223e+00,1.359477e+00,7.473933e-01,5.623426e-01,4.411793e-01,3.606701e-01,3.023123e-01,2.598354e-01,2.913732e-01,6.450071e-01,7.214657e-01,7.597980e-01,7.584169e-01,8.028246e-01,8.502228e-01
7.835000e-03,7.553603e+00,7.394838e+00,1.368618e+00,7.473933e-01,5.623427e-01,4.411793e-01,3.606701e-01,3.023123e-01,2.598354e-01,2.937083e-01,6.451921e-01,7.213809e-01,7.591050e-01,7.561570e-01,8.018139e-01,8.512237e-01
7.837500e-03,7.549351e+00,7.393269e+00,1.376875e+00,7.473935e-01,5.623428e-01,4.411793e-01,3.606699e-01,3.023122e-01,2.598354e-01,2.963506e-01,6.451751e-01,7.213133e-01,7.581755e-01,7.537935e-01,8.005187e-01,8.529060e-01
7.840000e-03,7.544925e+00,7.391575e+00,1.383543e+00,7.473935e-01,5.623429e-01,4.411793e-01,3.606699e-01,3.023122e-01,2.598353e-01,2.992567e-01,6.450288e-01,7.212553e-01,7.570701e-01,7.513748e-01,7.989098e-01,8.551525e-01
7.842500e-03,7.540481e+00,7.389719e+00,1.388265e+00,7.473934e-01,5.623429e-01,4.411793e-01,3.606699e-01,3.023122e-01,2.598353e-01,3.024234e-01,6.447861e-01,7.211665e-01,7.558348e-01,7.489713e-01,7.969733e-01,8.577980e-01
7.845000e-03,7.536049e+00,7.387739e+00,1.391167e+00,7.473935e-01,5.623430e-01,4.411794e-01,3.606700e-01,3.023121e-01,2.598353e-01,3.058271e-01,6.445137e-01,7.209952e-01,7.545016e-01,7.466616e-01,7.947593e-01,8.606407e-01
7.847500e-03,7.531460e+00,7.385677e+00,1.391425e+00,7.473938e-01,5.623430e-01,4.411795e-01,3.606700e-01,3.023120e-01,2.598353e-01,3.094201e-01,6.441874e-01,7.206829e-01,7.531002e-01,7.445006e-01,7.923701e-01,8.634518e-01
7.850000e-03,7.527096e+00,7.383462e+00,1.388672e+00,7.473942e-01,5.623430e-01,4.411795e-01,3.606700e-01,3.023119e-01,2.598353e-01,3.131587e-01,6.439589e-01,7.201776e-01,7.516599e-01,7.425098e-01,7.898892e-01,8.659883e-01
7.852500e-03,7.524261e+00,7.381145e+00,1.382175e+00,7.473945e-01,5.623429e-01,4.411795e-01,3.606701e-01,3.023120e-01,2.598352e-01,3.170076e-01,6.436454e-01,7.194806e-01,7.501999e-01,7.406959e-01,7.873454e-01,8.681069e-01
7.855000e-03,7.521647e+00,7.378664e+00,1.372925e+00,7.473947e-01,5.623430e-01,4.411796e-01,3.606701e-01,3.023121e-01,2.598351e-01,3.209551e-01,6.431394e-01,7.186142e-01,7.487294e-01,7.390715e-01,7.847585e-01,8.697300e-01
7.857500e-03,7.519140e+00,7.375976e+00,1.360665e+00,7.473947e-01,5.623430e-01,4.411795e-01,3.606701e-01,3.023121e-01,2.598350e-01,3.249737e-01,6.426341e-01,7.175936e-01,7.472514e-01,7.376535e-01,7.821789e-01,8.707558e-01
7.860000e-03,7.516917e+00,7.373041e+00,1.345026e+00,7.473948e-01,5.623431e-01,4.411794e-01,3.606700e-01,3.023120e-01,2.598350e-01,3.290012e-01,6.424919e-01,7.164322e-01,7.457673e-01,7.364537e-01,7.796760e-01,8.711158e-01
7.862500e-03,7.515084e+00,7.369769e+00,1.327437e+00,7.473948e-01,5.623432e-01,4.411794e-01,3.606700e-01,3.023120e-01,2.598351e-01,3.330256e-01,6.425940e-01,7.151397e-01,7.442806e-01,7.354788e-01,7.773171e-01,8.707797e-01
7.865000e-03,7.513265e+00,7.366212e+00,1.308597e+00,7.473948e-01,5.623433e-01,4.411795e-01,3.606701e-01,3.023120e-01,2.598352e-01,3.370172e-01,6.425539e-01,7.137128e-01,7.427970e-01,7.347357e-01,7.751790e-01,8.698538e-01
7.867500e-03,7.511417e+00,7.362211e+00,1.287969e+00,7.473947e-01,5.623434e-01,4.411796e-01,3.606701e-01,3.023120e-01,2.598352e-01,3.409489e-01,6.421855e-01,7.121647e-01,7.413183e-01,7.342355e-01,7.733700e-01,8.684520e-01
7.870000e-03,7.509984e+00,7.357560e+00,1.266012e+00,7.473947e-01,5.623434e-01,4.411796e-01,3.606702e-01,3.023120e-01,2.598352e-01,3.448410e-01,6.418299e-01,7.105254e-01,7.398416e-01,7.339929e-01,7.720066e-01,8.666428e-01
7.872500e-03,7.508454e+00,7.353165e+00,1.257142e+00,7.473945e-01,5.623434e-01,4.411797e-01,3.606702e-01,3.023120e-01,2.598352e-01,3.486202e-01,6.417050e-01,7.087858e-01,7.383638e-01,7.340195e-01,7.711619e-01,8.645522e-01
7.875000e-03,7.506817e+00,7.350020e+00,1.272740e+00,7.473939e-01,5.623434e-01,4.411797e-01,3.606703e-01,3.023120e-01,2.598351e-01,3.523306e-01,6.416293e-01,7.069091e-01,7.368930e-01,7.343087e-01,7.708473e-01,8.623174e-01
7.877500e-03,7.505158e+00,7.347099e+00,1.287544e+00,7.473941e-01,5.623435e-01,4.411797e-01,3.606704e-01,3.023120e-01,2.598351e-01,3.559700e-01,6.413253e-01,7.049382e-01,7.354472e-01,7.348200e-01,7.710197e-01,8.601085e-01
7.880000e-03,7.503486e+00,7.344381e+00,1.300582e+00,7.473944e-01,5.623435e-01,4.411797e-01,3.606704e-01,3.023121e-01,2.598351e-01,3.595585e-01,6.408331e-01,7.030136e-01,7.340449e-01,7.354740e-01,7.715868e-01,8.580221e-01
7.882500e-03,7.501976e+00,7.341882e+00,1.311818e+00,7.473945e-01,5.623433e-01,4.411797e-01,3.606705e-01,3.023121e-01,2.598351e-01,3.630607e-01,6.401108e-01,7.012414e-01,7.327182e-01,7.361689e-01,7.724175e-01,8.561237e-01
7.885000e-03,7.500374e+00,7.339571e+00,1.322066e+00,7.473941e-01,5.623435e-01,4.411798e-01,3.606705e-01,3.023122e-01,2.598351e-01,3.665094e-01,6.393764e-01,6.995868e-01,7.315238e-01,7.368088e-01,7.733665e-01,8.544552e-01
7.887500e-03,7.498702e+00,7.337417e+00,1.331852e+00,7.473942e-01,5.623438e-01,4.411797e-01,3.606705e-01,3.023123e-01,2.598352e-01,3.698835e-01,6.386340e-01,6.979328e-01,7.305029e-01,7.373252e-01,7.743226e-01,8.530227e-01
7.890000e-03,7.496989e+00,7.335405e+00,1.339992e+00,7.473942e-01,5.623437e-01,4.411797e-01,3.606704e-01,3.023124e-01,2.598352e-01,3.730952e-01,6.377334e-01,6.962451e-01,7.296321e-01,7.376770e-01,7.752421e-01,8.518016e-01
7.892500e-03,7.495621e+00,7.333489e+00,1.346991e+00,7.473942e-01,5.623436e-01,4.411799e-01,3.606703e-01,3.023124e-01,2.598353e-01,3.761779e-01,6.366421e-01,6.946110e-01,7.288447e-01,7.378361e-01,7.761239e-01,8.506927e-01
7.895000e-03,7.494414e+00,7.331773e+00,1.353290e+00,7.473944e-01,5.623437e-01,4.411800e-01,3.606703e-01,3.023124e-01,2.598354e-01,3.790562e-01,6.354150e-01,6.931220e-01,7.280998e-01,7.377817e-01,7.769617e-01,8.496380e-01
7.897500e-03,7.493128e+00,7.330234e+00,1.357343e+00,7.473942e-01,5.623436e-01,4.411799e-01,3.606703e-01,3.023123e-01,2.598354e-01,3.816872e-01,6.341375e-01,6.917834e-01,7.274134e-01,7.375058e-01,7.777363e-01,8.486655e-01
7.900000e-03,7.492207e+00,7.328815e+00,1.359129e+00,7.473940e-01,5.623436e-01,4.411798e-01,3.606705e-01,3.023122e-01,2.598355e-01,3.840275e-01,6.328506e-01,6.905547e-01,7.268210e-01,7.370183e-01,7.784373e-01,8.478541e-01
7.902500e-03,7.491567e+00,7.327534e+00,1.359574e+00,7.473938e-01,5.623436e-01,4.411797e-01,3.606706e-01,3.023122e-01,2.598354e-01,3.860794e-01,6.315345e-01,6.893950e-01,7.263229e-01,7.363478e-01,7.790535e-01,8.473239e-01
7.905000e-03,7.491280e+00,7.326400e+00,1.358365e+00,7.473938e-01,5.623435e-01,4.411797e-01,3.606706e-01,3.023122e-01,2.598353e-01,3.877995e-01,6.302436e-01,6.883075e-01,7.258800e-01,7.355371e-01,7.795466e-01,8.470347e-01
7.907500e-03,7.491347e+00,7.325412e+00,1.355369e+00,7.473938e-01,5.623434e-01,4.411797e-01,3.606705e-01,3.023124e-01,2.598353e-01,3.891871e-01,6.289692e-01,6.873480e-01,7.254560e-01,7.346379e-01,7.798554e-01,8.470891e-01
7.910000e-03,7.491861e+00,7.324572e+00,1.351027e+00,7.473939e-01,5.623433e-01,4.411797e-01,3.606704e-01,3.023124e-01,2.598352e-01,3.902261e-01,6.275865e-01,6.865477e-01,7.250442e-01,7.337060e-01,7.799410e-01,8.475605e-01
7.912500e-03,7.492679e+00,7.323904e+00,1.346010e+00,7.473941e-01,5.623433e-01,4.411796e-01,3.606705e-01,3.023124e-01,2.598353e-01,3.909110e-01,6.261713e-01,6.858978e-01,7.246521e-01,7.327973e-01,7.798224e-01,8.484357e-01
7.915000e-03,7.493930e+00,7.323364e+00,1.340340e+00,7.473943e-01,5.623434e-01,4.411795e-01,3.606705e-01,3.023123e-01,2.598354e-01,3.912803e-01,6.248797e-01,6.853832e-01,7.242797e-01,7.319597e-01,7.795553e-01,8.495929e-01
7.917500e-03,7.495557e+00,7.322989e+00,1.334378e+00,7.473946e-01,5.623436e-01,4.411794e-01,3.606705e-01,3.023122e-01,2.598354e-01,3.913325e-01,6.237776e-01,6.849755e-01,7.239191e-01,7.312232e-01,7.791758e-01,8.509497e-01
7.920000e-03,7.497507e+00,7.322790e+00,1.328240e+00,7.473947e-01,5.623437e-01,4.411794e-01,3.606705e-01,3.023123e-01,2.598354e-01,3.910637e-01,6.228262e-01,6.846492e-01,7.235644e-01,7.306094e-01,7.786959e-01,8.524238e-01
7.922500e-03,7.499743e+00,7.322784e+00,1.322065e+00,7.473949e-01,5.623438e-01,4.411795e-01,3.606704e-01,3.023123e-01,2.598353e-01,3.904799e-01,6.219034e-01,6.844047e-01,7.232203e-01,7.301604e-01,7.781642e-01,8.539067e-01
7.925000e-03,7.502215e+00,7.322970e+00,1.315844e+00,7.473952e-01,5.623440e-01,4.411797e-01,3.606704e-01,3.023123e-01,2.598353e-01,3.895877e-01,6.210189e-01,6.842462e-01,7.229055e-01,7.299555e-01,7.777361e-01,8.552570e-01
7.927500e-03,7.504895e+00,7.323332e+00,1.309636e+00,7.473955e-01,5.623441e-01,4.411797e-01,3.606703e-01,3.023123e-01,2.598353e-01,3.884100e-01,6.202738e-01,6.841413e-01,7.226479e-01,7.300822e-01,7.776414e-01,8.563572e-01
7.930000e-03,7.507762e+00,7.323859e+00,1.303449e+00,7.473958e-01,5.623442e-01,4.411798e-01,3.606703e-01,3.023122e-01,2.598354e-01,3.869677e-01,6.197180e-01,6.840424e-01,7.224708e-01,7.305778e-01,7.780178e-01,8.571559e-01
7.932500e-03,7.510771e+00,7.324555e+00,1.297244e+00,7.473961e-01,5.623443e-01,4.411800e-01,3.606704e-01,3.023122e-01,2.598354e-01,3.852663e-01,6.193074e-01,6.839276e-01,7.223826e-01,7.313936e-01,7.787833e-01,8.577082e-01
7.935000e-03,7.513835e+00,7.325415e+00,1.291193e+00,7.473962e-01,5.623444e-01,4.411801e-01,3.606704e-01,3.023121e-01,2.598354e-01,3.833195e-01,6.189887e-01,6.838157e-01,7.223821e-01,7.324145e-01,7.797094e-01,8.581647e-01
7.937500e-03,7.516879e+00,7.326441e+00,1.284853e+00,7.473963e-01,5.623445e-01,4.411802e-01,3.606703e-01,3.023120e-01,2.598353e-01,3.811127e-01,6.187640e-01,6.837533e-01,7.224787e-01,7.335130e-01,7.805897e-01,8.586215e-01
7.940000e-03,7.520006e+00,7.327599e+00,1.278053e+00,7.473962e-01,5.623446e-01,4.411804e-01,3.606704e-01,3.023120e-01,2.598353e-01,3.787045e-01,6.186661e-01,6.837700e-01,7.226988e-01,7.345988e-01,7.813198e-01,8.589846e-01
7.942500e-03,7.523048e+00,7.328871e+00,1.271125e+00,7.473959e-01,5.623447e-01,4.411806e-01,3.606705e-01,3.023121e-01,2.598353e-01,3.761265e-01,6.186681e-01,6.838505e-01,7.230664e-01,7.356446e-01,7.818613e-01,8.590806e-01
7.945000e-03,7.526177e+00,7.330276e+00,1.263639e+00,7.473959e-01,5.623447e-01,4.411807e-01,3.606706e-01,3.023121e-01,2.598353e-01,3.733717e-01,6.187352e-01,6.839597e-01,7.235746e-01,7.366880e-01,7.822127e-01,8.588279e-01
7.947500e-03,7.530123e+00,7.331836e+00,1.255540e+00,7.473960e-01,5.623446e-01,4.411809e-01,3.606707e-01,3.023121e-01,2.598352e-01,3.704574e-01,6.188293e-01,6.840818e-01,7.241791e-01,7.378074e-01,7.824525e-01,8.582313e-01
7.950000e-03,7.533820e+00,7.333536e+00,1.246426e+00,7.473960e-01,5.623444e-01,4.411810e-01,3.606708e-01,3.023121e-01,2.598353e-01,3.674165e-01,6.189409e-01,6.842324e-01,7.248234e-01,7.390839e-01,7.827691e-01,8.572853e-01
7.952500e-03,7.537249e+00,7.335354e+00,1.236208e+00,7.473960e-01,5.623443e-01,4.411811e-01,3.606710e-01,3.023122e-01,2.598353e-01,3.642680e-01,6.190697e-01,6.844422e-01,7.254766e-01,7.405708e-01,7.833890e-01,8.559446e-01
7.955000e-03,7.540530e+00,7.337284e+00,1.225812e+00,7.473961e-01,5.623443e-01,4.411810e-01,3.606711e-01,3.023123e-01,2.598353e-01,3.610667e-01,6.192066e-01,6.847392e-01,7.261495e-01,7.422808e-01,7.844636e-01,8.542014e-01
7.957500e-03,7.543670e+00,7.339308e+00,1.214658e+00,7.473959e-01,5.623443e-01,4.411809e-01,3.606712e-01,3.023124e-01,2.598353e-01,3.578235e-01,6.193013e-01,6.851396e-01,7.268809e-01,7.441877e-01,7.860152e-01,8.521832e-01
7.960000e-03,7.546897e+00,7.341419e+00,1.203420e+00,7.473956e-01,5.623444e-01,4.411808e-01,3.606713e-01,3.023125e-01,2.598354e-01,3.545574e-01,6.193828e-01,6.856507e-01,7.277169e-01,7.462323e-01,7.879552e-01,8.500729e-01
7.962500e-03,7.549803e+00,7.343678e+00,1.191153e+00,7.473952e-01,5.623444e-01,4.411808e-01,3.606712e-01,3.023126e-01,2.598354e-01,3.512753e-01,6.194519e-01,6.862656e-01,7.286973e-01,7.483335e-01,7.901281e-01,8.480219e-01
7.965000e-03,7.552533e+00,7.346061e+00,1.177875e+00,7.473950e-01,5.623443e-01,4.411808e-01,3.606712e-01,3.023128e-01,2.598355e-01,3.480197e-01,6.194374e-01,6.869655e-01,7.298528e-01,7.504062e-01,7.923677e-01,8.461371e-01
7.967500e-03,7.555066e+00,7.348635e+00,1.163830e+00,7.473948e-01,5.623441e-01,4.411810e-01,3.606710e-01,3.023129e-01,2.598356e-01,3.447836e-01,6.194307e-01,6.877430e-01,7.312020e-01,7.523795e-01,7.945481e-01,8.444736e-01
7.970000e-03,7.557273e+00,7.351409e+00,1.148744e+00,7.473948e-01,5.623439e-01,4.411810e-01,3.606709e-01,3.023130e-01,2.598358e-01,3.415698e-01,6.194038e-01,6.885876e-01,7.327454e-01,7.542062e-01,7.965994e-01,8.430635e-01
7.972500e-03,7.559553e+00,7.354388e+00,1.134625e+00,7.473947e-01,5.623437e-01,4.411810e-01,3.606709e-01,3.023129e-01,2.598359e-01,3.383974e-01,6.193100e-01,6.894869e-01,7.344647e-01,7.558676e-01,7.984843e-01,8.418674e-01
7.975000e-03,7.561820e+00,7.358556e+00,1.149198e+00,7.473945e-01,5.623435e-01,4.411809e-01,3.606710e-01,3.023128e-01,2.598360e-01,3.352813e-01,6.192116e-01,6.904470e-01,7.363241e-01,7.573776e-01,8.001735e-01,8.408503e-01
7.977500e-03,7.564114e+00,7.362347e+00,1.163294e+00,7.473943e-01,5.623433e-01,4.411807e-01,3.606710e-01,3.023127e-01,2.598361e-01,3.321928e-01,6.192481e-01,6.914866e-01,7.382783e-01,7.587747e-01,8.016685e-01,8.400101e-01
7.980000e-03,7.566146e+00,7.365703e+00,1.176339e+00,7.473941e-01,5.623432e-01,4.411805e-01,3.606711e-01,3.023127e-01,2.598361e-01,3.291381e-01,6.192466e-01,6.926158e-01,7.402837e-01,7.600935e-01,8.030105e-01,8.393559e-01
7.982500e-03,7.568113e+00,7.368708e+00,1.188008e+00,7.473939e-01,5.623430e-01,4.411804e-01,3.606710e-01,3.023128e-01,2.598360e-01,3.261600e-01,6.193102e-01,6.938230e-01,7.423074e-01,7.613303e-01,8.042398e-01,8.388388e-01
7.985000e-03,7.570175e+00,7.371464e+00,1.199137e+00,7.473937e-01,5.623429e-01,4.411802e-01,3.606709e-01,3.023128e-01,2.598359e-01,3.232192e-01,6.195440e-01,6.951195e-01,7.443282e-01,7.624384e-01,8.053363e-01,8.385057e-01
7.987500e-03,7.571947e+00,7.373995e+00,1.209367e+00,7.473936e-01,5.623428e-01,4.411801e-01,3.606707e-01,3.023129e-01,2.598358e-01,3.203146e-01,6.197134e-01,6.965653e-01,7.463331e-01,7.633588e-01,8.062312e-01,8.383492e-01
7.990000e-03,7.573698e+00,7.376330e+00,1.218881e+00,7.473936e-01,5.623428e-01,4.411799e-01,3.606706e-01,3.023129e-01,2.598359e-01,3.174667e-01,6.197625e-01,6.981852e-01,7.483105e-01,7.640482e-01,8.068724e-01,8.383874e-01
7.992500e-03,7.575648e+00,7.378504e+00,1.227638e+00,7.473938e-01,5.623427e-01,4.411798e-01,3.606705e-01,3.023128e-01,2.598359e-01,3.146750e-01,6.199013e-01,6.999348e-01,7.502400e-01,7.644846e-01,8.072543e-01,8.386341e-01
7.995000e-03,7.577169e+00,7.380565e+00,1.235366e+00,7.473941e-01,5.623427e-01,4.411797e-01,3.606704e-01,3.023127e-01,2.598359e-01,3.119299e-01,6.203662e-01,7.017663e-01,7.520934e-01,7.646647e-01,8.073901e-01,8.391002e-01
7.997500e-03,7.578608e+00,7.382522e+00,1.242671e+00,7.473943e-01,5.623428e-01,4.411797e-01,3.606703e-01,3.023126e-01,2.598359e-01,3.092380e-01,6.209534e-01,7.036478e-01,7.538413e-01,7.646069e-01,8.072846e-01,8.397693e-01
8.000000e-03,7.579823e+00,7.384361e+00,1.249546e+00,7.473944e-01,5.623428e-01,4.411797e-01,3.606702e-01,3.023125e-01,2.598359e-01,3.066421e-01,6.214503e-01,7.055411e-01,7.554569e-01,7.643453e-01,8.069203e-01,8.406205e-01
8.002500e-03,7.580796e+00,7.386145e+00,1.255439e+00,7.473945e-01,5.623430e-01,4.411797e-01,3.606701e-01,3.023124e-01,2.598358e-01,3.041543e-01,6.219426e-01,7.074487e-01,7.569189e-01,7.639201e-01,8.062764e-01,8.416345e-01
8.005000e-03,7.581567e+00,7.387822e+00,1.261077e+00,7.473946e-01,5.623432e-01,4.411797e-01,3.606701e-01,3.023123e-01,2.598357e-01,3.017522e-01,6.226498e-01,7.093719e-01,7.582129e-01,7.633691e-01,8.053614e-01,8.427790e-01
8.007500e-03,7.582330e+00,7.389342e+00,1.265986e+00,7.473946e-01,5.623433e-01,4.411797e-01,3.606701e-01,3.023122e-01,2.598356e-01,2.994884e-01,6.236593e-01,7.112504e-01,7.593307e-01,7.627249e-01,8.042234e-01,8.439992e-01
8.010000e-03,7.582964e+00,7.390810e+00,1.270329e+00,7.473946e-01,5.623435e-01,4.411798e-01,3.606702e-01,3.023122e-01,2.598355e-01,2.973615e-01,6.248170e-01,7.130295e-01,7.602661e-01,7.620175e-01,8.029266e-01,8.451991e-01
8.012500e-03,7.583345e+00,7.392224e+00,1.274076e+00,7.473946e-01,5.623436e-01,4.411799e-01,3.606702e-01,3.023121e-01,2.598354e-01,2.953624e-01,6.259271e-01,7.147160e-01,7.610137e-01,7.612799e-01,8.015316e-01,8.463251e-01
8.015000e-03,7.583512e+00,7.393487e+00,1.277411e+00,7.473946e-01,5.623436e-01,4.411800e-01,3.606702e-01,3.023121e-01,2.598354e-01,2.935601e-01,6.270871e-01,7.163437e-01,7.615723e-01,7.605499e-01,8.001075e-01,8.473209e-01
8.017500e-03,7.583492e+00,7.394626e+00,1.280726e+00,7.473946e-01,5.623436e-01,4.411802e-01,3.606702e-01,3.023121e-01,2.598353e-01,2.919454e-01,6.284693e-01,7.179151e-01,7.619547e-01,7.598647e-01,7.987458e-01,8.481785e-01
8.020000e-03,7.583147e+00,7.395660e+00,1.283884e+00,7.473947e-01,5.623435e-01,4.411803e-01,3.606703e-01,3.023122e-01,2.598353e-01,2.905043e-01,6.300876e-01,7.193908e-01,7.621892e-01,7.592522e-01,7.975367e-01,8.488779e-01
8.022500e-03,7.582582e+00,7.396552e+00,1.287102e+00,7.473949e-01,5.623434e-01,4.411803e-01,3.606703e-01,3.023122e-01,2.598353e-01,2.892644e-01,6.318227e-01,7.207122e-01,7.622944e-01,7.587214e-01,7.965363e-01,8.494310e-01
8.025000e-03,7.581728e+00,7.397281e+00,1.290337e+00,7.473950e-01,5.623433e-01,4.411803e-01,3.606704e-01,3.023122e-01,2.598353e-01,2.882770e-01,6.334545e-01,7.218573e-01,7.622610e-01,7.582586e-01,7.957536e-01,8.498719e-01
8.027500e-03,7.580670e+00,7.397863e+00,1.294120e+00,7.473950e-01,5.623433e-01,4.411802e-01,3.606705e-01,3.023122e-01,2.598353e-01,2.875214e-01,6.350589e-01,7.228331e-01,7.620693e-01,7.578321e-01,7.951454e-01,8.502980e-01
8.030000e-03,7.579194e+00,7.398311e+00,1.298517e+00,7.473950e-01,5.623434e-01,4.411801e-01,3.606706e-01,3.023122e-01,2.598353e-01,2.870074e-01,6.367185e-01,7.236175e-01,7.617223e-01,7.574059e-01,7.946344e-01,8.507613e-01
8.032500e-03,7.577331e+00,7.398598e+00,1.303762e+00,7.473950e-01,5.623434e-01,4.411800e-01,3.606706e-01,3.023123e-01,2.598353e-01,2.867503e-01,6.383746e-01,7.241540e-01,7.612505e-01,7.569538e-01,7.941485e-01,8.512391e-01
8.035000e-03,7.575109e+00,7.398699e+00,1.309925e+00,7.473949e-01,5.623435e-01,4.411799e-01,3.606706e-01,3.023124e-01,2.598353e-01,2.867683e-01,6.399582e-01,7.244346e-01,7.606834e-01,7.564658e-01,7.936453e-01,8.517384e-01
8.037500e-03,7.572534e+00,7.398605e+00,1.316991e+00,7.473947e-01,5.623436e-01,4.411799e-01,3.606705e-01,3.023124e-01,2.598353e-01,2.870781e-01,6.414430e-01,7.245240e-01,7.600301e-01,7.559465e-01,7.931097e-01,8.522237e-01
8.040000e-03,7.569624e+00,7.398302e+00,1.324955e+00,7.473943e-01,5.623436e-01,4.411799e-01,3.606705e-01,3.023125e-01,2.598353e-01,2.876940e-01,6.427978e-01,7.244996e-01,7.592933e-01,7.554079e-01,7.925488e-01,8.526704e-01
8.042500e-03,7.566400e+00,7.397784e+00,1.333782e+00,7.473939e-01,5.623436e-01,4.411800e-01,3.606704e-01,3.023125e-01,2.598354e-01,2.886271e-01,6.439641e-01,7.243727e-01,7.584904e-01,7.548604e-01,7.919823e-01,8.530764e-01
8.045000e-03,7.562873e+00,7.397056e+00,1.343234e+00,7.473935e-01,5.623436e-01,4.411800e-01,3.606704e-01,3.023125e-01,2.598355e-01,2.898888e-01,6.449479e-01,7.240952e-01,7.576460e-01,7.543040e-01,7.914286e-01,8.534277e-01
8.047500e-03,7.559055e+00,7.396126e+00,1.352928e+00,7.473935e-01,5.623434e-01,4.411801e-01,3.606704e-01,3.023125e-01,2.598355e-01,2.914944e-01,6.457546e-01,7.236318e-01,7.567678e-01,7.537236e-01,7.908885e-01,8.537101e-01
8.050000e-03,7.554980e+00,7.394999e+00,1.362297e+00,7.473936e-01,5.623432e-01,4.411801e-01,3.606704e-01,3.023124e-01,2.598356e-01,2.934709e-01,6.463676e-01,7.229869e-01,7.558444e-01,7.530920e-01,7.903321e-01,8.539349e-01
8.052500e-03,7.550652e+00,7.393667e+00,1.371297e+00,7.473935e-01,5.623428e-01,4.411800e-01,3.606704e-01,3.023124e-01,2.598355e-01,2.957783e-01,6.467757e-01,7.221887e-01,7.548692e-01,7.523850e-01,7.897048e-01,8.541136e-01
8.055000e-03,7.546044e+00,7.392144e+00,1.379418e+00,7.473935e-01,5.623427e-01,4.411799e-01,3.606704e-01,3.023124e-01,2.598355e-01,2.984271e-01,6.469739e-01,7.212838e-01,7.538553e-01,7.515968e-01,7.889681e-01,8.542106e-01
8.057500e-03,7.541320e+00,7.390439e+00,1.385980e+00,7.473936e-01,5.623427e-01,4.411798e-01,3.606705e-01,3.023124e-01,2.598355e-01,3.013838e-01,6.469730e-01,7.203073e-01,7.528231e-01,7.507419e-01,7.881356e-01,8.541915e-01
8.060000e-03,7.536519e+00,7.388561e+00,1.391022e+00,7.473935e-01,5.623427e-01,4.411796e-01,3.606704e-01,3.023124e-01,2.598355e-01,3.046510e-01,6.468574e-01,7.192765e-01,7.517805e-01,7.498428e-01,7.872593e-01,8.539956e-01
8.062500e-03,7.531503e+00,7.386553e+00,1.393788e+00,7.473934e-01,5.623427e-01,4.411794e-01,3.606704e-01,3.023124e-01,2.598354e-01,3.081935e-01,6.465571e-01,7.181862e-01,7.507264e-01,7.489199e-01,7.863846e-01,8.535869e-01
8.065000e-03,7.526481e+00,7.384377e+00,1.393970e+00,7.473935e-01,5.623427e-01,4.411794e-01,3.606703e-01,3.023124e-01,2.598354e-01,3.119617e-01,6.461961e-01,7.170085e-01,7.496653e-01,7.479902e-01,7.855347e-01,8.529997e-01
8.067500e-03,7.523332e+00,7.382029e+00,1.389822e+00,7.473936e-01,5.623426e-01,4.411794e-01,3.606701e-01,3.023124e-01,2.598355e-01,3.159561e-01,6.456609e-01,7.157376e-01,7.486039e-01,7.470703e-01,7.847298e-01,8.523231e-01
8.070000e-03,7.520301e+00,7.379485e+00,1.382461e+00,7.473936e-01,5.623426e-01,4.411794e-01,3.606701e-01,3.023124e-01,2.598355e-01,3.201198e-01,6.448211e-01,7.144118e-01,7.475426e-01,7.461735e-01,7.839955e-01,8.516378e-01
8.072500e-03,7.517223e+00,7.376702e+00,1.371641e+00,7.473938e-01,5.623426e-01,4.411793e-01,3.606700e-01,3.023123e-01,2.598355e-01,3.244454e-01,6.437581e-01,7.130634e-01,7.464760e-01,7.453025e-01,7.833400e-01,8.509938e-01
8.075000e-03,7.514492e+00,7.373600e+00,1.356705e+00,7.473940e-01,5.623426e-01,4.411792e-01,3.606700e-01,3.023122e-01,2.598354e-01,3.288600e-01,6.428212e-01,7.117166e-01,7.454008e-01,7.444460e-01,7.827225e-01,8.504654e-01
8.077500e-03,7.512245e+00,7.370040e+00,1.338213e+00,7.473940e-01,5.623426e-01,4.411792e-01,3.606700e-01,3.023121e-01,2.598354e-01,3.333421e-01,6.421223e-01,7.103856e-01,7.443188e-01,7.435896e-01,7.820454e-01,8.501080e-01
8.080000e-03,7.510203e+00,7.366065e+00,1.317430e+00,7.473940e-01,5.623428e-01,4.411791e-01,3.606700e-01,3.023120e-01,2.598353e-01,3.378363e-01,6.413603e-01,7.090577e-01,7.432336e-01,7.427326e-01,7.812124e-01,8.499518e-01
8.082500e-03,7.508274e+00,7.361464e+00,1.293533e+00,7.473942e-01,5.623429e-01,4.411791e-01,3.606700e-01,3.023120e-01,2.598352e-01,3.422819e-01,6.402510e-01,7.077138e-01,7.421509e-01,7.418882e-01,7.802050e-01,8.499673e-01
8.085000e-03,7.507048e+00,7.355984e+00,1.267265e+00,7.473944e-01,5.623431e-01,4.411791e-01,3.606699e-01,3.023120e-01,2.598352e-01,3.466723e-01,6.390496e-01,7.063688e-01,7.410771e-01,7.410687e-01,7.790796e-01,8.500388e-01
8.087500e-03,7.505891e+00,7.351590e+00,1.271716e+00,7.473944e-01,5.623433e-01,4.411792e-01,3.606699e-01,3.023120e-01,2.598352e-01,3.508874e-01,6.381577e-01,7.050249e-01,7.400131e-01,7.402784e-01,7.779048e-01,8.500335e-01
8.090000e-03,7.504854e+00,7.348093e+00,1.287538e+00,7.473944e-01,5.623435e-01,4.411794e-01,3.606698e-01,3.023120e-01,2.598351e-01,3.549489e-01,6.374856e-01,7.036341e-01,7.389580e-01,7.395257e-01,7.767431e-01,8.498908e-01
8.092500e-03,7.504076e+00,7.344937e+00,1.300852e+00,7.473944e-01,5.623437e-01,4.411795e-01,3.606699e-01,3.023119e-01,2.598352e-01,3.588207e-01,6.368245e-01,7.021846e-01,7.379157e-01,7.388358e-01,7.756919e-01,8.496308e-01
8.095000e-03,7.503566e+00,7.342081e+00,1.310885e+00,7.473944e-01,5.623437e-01,4.411796e-01,3.606700e-01,3.023119e-01,2.598352e-01,3.624640e-01,6.359178e-01,7.007790e-01,7.368871e-01,7.382398e-01,7.748756e-01,8.493025e-01
8.097500e-03,7.503182e+00,7.339599e+00,1.318597e+00,7.473944e-01,5.623435e-01,4.411797e-01,3.606700e-01,3.023118e-01,2.598351e-01,3.658539e-01,6.349466e-01,6.995427e-01,7.358767e-01,7.377475e-01,7.743618e-01,8.489606e-01
8.100000e-03,7.502738e+00,7.337389e+00,1.325313e+00,7.473945e-01,5.623435e-01,4.411799e-01,3.606700e-01,3.023118e-01,2.598350e-01,3.690014e-01,6.342345e-01,6.984762e-01,7.349066e-01,7.373274e-01,7.740984e-01,8.487074e-01
8.102500e-03,7.502157e+00,7.335469e+00,1.330187e+00,7.473946e-01,5.623436e-01,4.411800e-01,3.606702e-01,3.023118e-01,2.598350e-01,3.718049e-01,6.335930e-01,6.974450e-01,7.339991e-01,7.369187e-01,7.739403e-01,8.486836e-01
8.105000e-03,7.501826e+00,7.333758e+00,1.333839e+00,7.473948e-01,5.623437e-01,4.411800e-01,3.606704e-01,3.023119e-01,2.598349e-01,3.743232e-01,6.328016e-01,6.963669e-01,7.331422e-01,7.364670e-01,7.737368e-01,8.489124e-01
8.107500e-03,7.501636e+00,7.332320e+00,1.336797e+00,7.473950e-01,5.623438e-01,4.411799e-01,3.606705e-01,3.023120e-01,2.598349e-01,3.765115e-01,6.319277e-01,6.953212e-01,7.322935e-01,7.359561e-01,7.734188e-01,8.493244e-01
8.110000e-03,7.501302e+00,7.331153e+00,1.338486e+00,7.473951e-01,5.623438e-01,4.411799e-01,3.606705e-01,3.023121e-01,2.598350e-01,3.783583e-01,6.310923e-01,6.944069e-01,7.314236e-01,7.354110e-01,7.730140e-01,8.497965e-01
8.112500e-03,7.501036e+00,7.330178e+00,1.338266e+00,7.473950e-01,5.623439e-01,4.411800e-01,3.606706e-01,3.023122e-01,2.598350e-01,3.798692e-01,6.303476e-01,6.936007e-01,7.305528e-01,7.348761e-01,7.725778e-01,8.502698e-01
8.115000e-03,7.501048e+00,7.329359e+00,1.336936e+00,7.473948e-01,5.623441e-01,4.411800e-01,3.606705e-01,3.023123e-01,2.598351e-01,3.810632e-01,6.296339e-01,6.928204e-01,7.297298e-01,7.344004e-01,7.721283e-01,8.507006e-01
8.117500e-03,7.501189e+00,7.328700e+00,1.335016e+00,7.473955e-01,5.623441e-01,4.411801e-01,3.606705e-01,3.023123e-01,2.598352e-01,3.819586e-01,6.289439e-01,6.920406e-01,7.289721e-01,7.340416e-01,7.716700e-01,8.510780e-01
8.120000e-03,7.501547e+00,7.328194e+00,1.332564e+00,7.473955e-01,5.623439e-01,4.411802e-01,3.606705e-01,3.023123e-01,2.598353e-01,3.825759e-01,6.282834e-01,6.912918e-01,7.282523e-01,7.338697e-01,7.712700e-01,8.513666e-01
8.122500e-03,7.502079e+00,7.327829e+00,1.329563e+00,7.473953e-01,5.623439e-01,4.411802e-01,3.606705e-01,3.023123e-01,2.598353e-01,3.829270e-01,6.276173e-01,6.905834e-01,7.275469e-01,7.339488e-01,7.710818e-01,8.515001e-01
8.125000e-03,7.502819e+00,7.327596e+00,1.326184e+00,7.473950e-01,5.623442e-01,4.411802e-01,3.606706e-01,3.023123e-01,2.598354e-01,3.830355e-01,6.269208e-01,6.899040e-01,7.268751e-01,7.343115e-01,7.712751e-01,8.514265e-01
8.127500e-03,7.503748e+00,7.327486e+00,1.322569e+00,7.473950e-01,5.623442e-01,4.411801e-01,3.606707e-01,3.023123e-01,2.598354e-01,3.829206e-01,6.262758e-01,6.892575e-01,7.262824e-01,7.349445e-01,7.719403e-01,8.511184e-01
8.130000e-03,7.504861e+00,7.327492e+00,1.318785e+00,7.473950e-01,5.623441e-01,4.411803e-01,3.606707e-01,3.023123e-01,2.598354e-01,3.825975e-01,6.257621e-01,6.886467e-01,7.258046e-01,7.357992e-01,7.730529e-01,8.506291e-01
8.132500e-03,7.506129e+00,7.327612e+00,1.314890e+00,7.473950e-01,5.623440e-01,4.411805e-01,3.606706e-01,3.023124e-01,2.598354e-01,3.820816e-01,6.253273e-01,6.880654e-01,7.254559e-01,7.368214e-01,7.745106e-01,8.500462e-01
8.135000e-03,7.507539e+00,7.327837e+00,1.310937e+00,7.473950e-01,5.623440e-01,4.411805e-01,3.606706e-01,3.023124e-01,2.598355e-01,3.813882e-01,6.248909e-01,6.875271e-01,7.252437e-01,7.379743e-01,7.762063e-01,8.494144e-01
8.137500e-03,7.509075e+00,7.328164e+00,1.306903e+00,7.473950e-01,5.623439e-01,4.411804e-01,3.606708e-01,3.023124e-01,2.598355e-01,3.805287e-01,6.244721e-01,6.870529e-01,7.251816e-01,7.392435e-01,7.780911e-01,8.487520e-01
8.140000e-03,7.510719e+00,7.328585e+00,1.302752e+00,7.473950e-01,5.623438e-01,4.411804e-01,3.606709e-01,3.023124e-01,2.598355e-01,3.795132e-01,6.241044e-01,6.866262e-01,7.252842e-01,7.406257e-01,7.801705e-01,8.480625e-01
8.142500e-03,7.512462e+00,7.329094e+00,1.298445e+00,7.473949e-01,5.623438e-01,4.411805e-01,3.606709e-01,3.023124e-01,2.598355e-01,3.783533e-01,6.237796e-01,6.862146e-01,7.255517e-01,7.421132e-01,7.824311e-01,8.473721e-01
8.145000e-03,7.514297e+00,7.329688e+00,1.293937e+00,7.473949e-01,5.623438e-01,4.411805e-01,3.606708e-01,3.023125e-01,2.598355e-01,3.770543e-01,6.234795e-01,6.858250e-01,7.259669e-01,7.436841e-01,7.847793e-01,8.467481e-01
8.147500e-03,7.516188e+00,7.330363e+00,1.289096e+00,7.473948e-01,5.623437e-01,4.411805e-01,3.606708e-01,3.023126e-01,2.598355e-01,3.756226e-01,6.231901e-01,6.855025e-01,7.265059e-01,7.453057e-01,7.870709e-01,8.462558e-01
8.150000e-03,7.518125e+00,7.331128e+00,1.283834e+00,7.473949e-01,5.623436e-01,4.411805e-01,3.606709e-01,3.023126e-01,2.598355e-01,3.740544e-01,6.229066e-01,6.852948e-01,7.271574e-01,7.469448e-01,7.891916e-01,8.458873e-01
8.152500e-03,7.520121e+00,7.331970e+00,1.278344e+00,7.473953e-01,5.623436e-01,4.411805e-01,3.606709e-01,3.023126e-01,2.598356e-01,3.723755e-01,6.226315e-01,6.852317e-01,7.279275e-01,7.485756e-01,7.911017e-01,8.455364e-01
8.155000e-03,7.522123e+00,7.332882e+00,1.272232e+00,7.473954e-01,5.623437e-01,4.411804e-01,3.606708e-01,3.023126e-01,2.598357e-01,3.705918e-01,6.223602e-01,6.853237e-01,7.288261e-01,7.501843e-01,7.928177e-01,8.450633e-01
8.157500e-03,7.524189e+00,7.333850e+00,1.265578e+00,7.473954e-01,5.623437e-01,4.411804e-01,3.606708e-01,3.023126e-01,2.598357e-01,3.687035e-01,6.220748e-01,6.855654e-01,7.298513e-01,7.517725e-01,7.943866e-01,8.444010e-01
8.160000e-03,7.526341e+00,7.334898e+00,1.258522e+00,7.473953e-01,5.623438e-01,4.411804e-01,3.606707e-01,3.023126e-01,2.598357e-01,3.667275e-01,6.217729e-01,6.859442e-01,7.309885e-01,7.533584e-01,7.958928e-01,8.435582e-01
8.162500e-03,7.529242e+00,7.336027e+00,1.251194e+00,7.473952e-01,5.623438e-01,4.411804e-01,3.606707e-01,3.023126e-01,2.598357e-01,3.646576e-01,6.214605e-01,6.864547e-01,7.322244e-01,7.549610e-01,7.974632e-01,8.426218e-01
8.165000e-03,7.532220e+00,7.337249e+00,1.243303e+00,7.473950e-01,5.623438e-01,4.411804e-01,3.606707e-01,3.023126e-01,2.598358e-01,3.624943e-01,6.211583e-01,6.871018e-01,7.335543e-01,7.565697e-01,7.992142e-01,8.416779e-01
8.167500e-03,7.535176e+00,7.338555e+00,1.234821e+00,7.473950e-01,5.623437e-01,4.411803e-01,3.606706e-01,3.023125e-01,2.598357e-01,3.602468e-01,6.209139e-01,6.878952e-01,7.349820e-01,7.581297e-01,8.011576e-01,8.408403e-01
8.170000e-03,7.538274e+00,7.339948e+00,1.225860e+00,7.473948e-01,5.623436e-01,4.411803e-01,3.606706e-01,3.023125e-01,2.598357e-01,3.579182e-01,6.207081e-01,6.888431e-01,7.365135e-01,7.595639e-01,8.031984e-01,8.403000e-01
8.172500e-03,7.541206e+00,7.341449e+00,1.216434e+00,7.473947e-01,5.623435e-01,4.411804e-01,3.606707e-01,3.023125e-01,2.598357e-01,3.555051e-01,6.205125e-01,6.899444e-01,7.381526e-01,7.608144e-01,8.052092e-01,8.401877e-01
8.175000e-03,7.544083e+00,7.343045e+00,1.206568e+00,7.473945e-01,5.623436e-01,4.411803e-01,3.606706e-01,3.023125e-01,2.598357e-01,3.530351e-01,6.203194e-01,6.911862e-01,7.398972e-01,7.618652e-01,8.070827e-01,8.405426e-01
8.177500e-03,7.546915e+00,7.344755e+00,1.195829e+00,7.473944e-01,5.623436e-01,4.411803e-01,3.606706e-01,3.023125e-01,2.598357e-01,3.505140e-01,6.201877e-01,6.925521e-01,7.417338e-01,7.627386e-01,8.087466e-01,8.412756e-01
8.180000e-03,7.549671e+00,7.346619e+00,1.184412e+00,7.473943e-01,5.623435e-01,4.411802e-01,3.606706e-01,3.023125e-01,2.598356e-01,3.479280e-01,6.201896e-01,6.940331e-01,7.436324e-01,7.634777e-01,8.101783e-01,8.423036e-01
8.182500e-03,7.552229e+00,7.348668e+00,1.172101e+00,7.473941e-01,5.623435e-01,4.411802e-01,3.606706e-01,3.023125e-01,2.598356e-01,3.452894e-01,6.202750e-01,6.956188e-01,7.455483e-01,7.641223e-01,8.114073e-01,8.435664e-01
8.185000e-03,7.554669e+00,7.350897e+00,1.158727e+00,7.473942e-01,5.623435e-01,4.411802e-01,3.606706e-01,3.023125e-01,2.598356e-01,3.425926e-01,6.204140e-01,6.972991e-01,7.474352e-01,7.646835e-01,8.124705e-01,8.450304e-01
8.187500e-03,7.557167e+00,7.353298e+00,1.144957e+00,7.473943e-01,5.623434e-01,4.411802e-01,3.606705e-01,3.023125e-01,2.598356e-01,3.398547e-01,6.206684e-01,6.990830e-01,7.492619e-01,7.651363e-01,8.133449e-01,8.466450e-01
8.190000e-03,7.559508e+00,7.356557e+00,1.147223e+00,7.473945e-01,5.623433e-01,4.411802e-01,3.606705e-01,3.023125e-01,2.598356e-01,3.370760e-01,6.211307e-01,7.009729e-01,7.510167e-01,7.654445e-01,8.139324e-01,8.483632e-01
8.192500e-03,7.561755e+00,7.360039e+00,1.158911e+00,7.473947e-01,5.623434e-01,4.411802e-01,3.606705e-01,3.023125e-01,2.598356e-01,3.342811e-01,6.217861e-01,7.029287e-01,7.526986e-01,7.655961e-01,8.141345e-01,8.501351e-01
8.195000e-03,7.563568e+00,7.363410e+00,1.170946e+00,7.473946e-01,5.623434e-01,4.411802e-01,3.606705e-01,3.023125e-01,2.598356e-01,3.314147e-01,6.224442e-01,7.049070e-01,7.543054e-01,7.656094e-01,8.139405e-01,8.518621e-01
8.197500e-03,7.565105e+00,7.366469e+00,1.182715e+00,7.473950e-01,5.623435e-01,4.411801e-01,3.606705e-01,3.023125e-01,2.598356e-01,3.285882e-01,6.232283e-01,7.068955e-01,7.558226e-01,7.655140e-01,8.134272e-01,8.534412e-01
8.200000e-03,7.566375e+00,7.369290e+00,1.194017e+00,7.473950e-01,5.623433e-01,4.411800e-01,3.606704e-01,3.023124e-01,2.598355e-01,3.258016e-01,6.243712e-01,7.088937e-01,7.572261e-01,7.653353e-01,8.127006e-01,8.547431e-01
8.202500e-03,7.567365e+00,7.371936e+00,1.205637e+00,7.473953e-01,5.623434e-01,4.411801e-01,3.606703e-01,3.023123e-01,2.598355e-01,3.230529e-01,6.256188e-01,7.108803e-01,7.584952e-01,7.650960e-01,8.118535e-01,8.557270e-01
8.205000e-03,7.567863e+00,7.374362e+00,1.216849e+00,7.473952e-01,5.623436e-01,4.411802e-01,3.606703e-01,3.023123e-01,2.598355e-01,3.203836e-01,6.267520e-01,7.128240e-01,7.596202e-01,7.648201e-01,8.109567e-01,8.564311e-01
8.207500e-03,7.568187e+00,7.376571e+00,1.227771e+00,7.473950e-01,5.623438e-01,4.411802e-01,3.606704e-01,3.023123e-01,2.598355e-01,3.178281e-01,6.279201e-01,7.147026e-01,7.605967e-01,7.645266e-01,8.100650e-01,8.569191e-01
8.210000e-03,7.568366e+00,7.378601e+00,1.238502e+00,7.473947e-01,5.623440e-01,4.411803e-01,3.606705e-01,3.023123e-01,2.598355e-01,3.154067e-01,6.293749e-01,7.165083e-01,7.614240e-01,7.642204e-01,8.092121e-01,8.572811e-01
8.212500e-03,7.567987e+00,7.380440e+00,1.248803e+00,7.473945e-01,5.623439e-01,4.411804e-01,3.606705e-01,3.023123e-01,2.598355e-01,3.131506e-01,6.311062e-01,7.182325e-01,7.621065e-01,7.638953e-01,8.083972e-01,8.575985e-01
8.215000e-03,7.567358e+00,7.382113e+00,1.259122e+00,7.473943e-01,5.623437e-01,4.411805e-01,3.606705e-01,3.023123e-01,2.598354e-01,3.110645e-01,6.328265e-01,7.198371e-01,7.626542e-01,7.635428e-01,8.075918e-01,8.579461e-01
8.217500e-03,7.566326e+00,7.383588e+00,1.269217e+00,7.473937e-01,5.623435e-01,4.411805e-01,3.606705e-01,3.023123e-01,2.598354e-01,3.092141e-01,6.344435e-01,7.213116e-01,7.630803e-01,7.631553e-01,8.067665e-01,8.583716e-01
8.220000e-03,7.565016e+00,7.384856e+00,1.279125e+00,7.473954e-01,5.623433e-01,4.411805e-01,3.606706e-01,3.023123e-01,2.598354e-01,3.076136e-01,6.360569e-01,7.226744e-01,7.633915e-01,7.627255e-01,8.058962e-01,8.588275e-01
8.222500e-03,7.563364e+00,7.385938e+00,1.288226e+00,7.473953e-01,5.623430e-01,4.411805e-01,3.606707e-01,3.023123e-01,2.598355e-01,3.063137e-01,6.377684e-01,7.238881e-01,7.635828e-01,7.622488e-01,8.049366e-01,8.592778e-01
8.225000e-03,7.561455e+00,7.386801e+00,1.297216e+00,7.473953e-01,5.623428e-01,4.411804e-01,3.606707e-01,3.023124e-01,2.598355e-01,3.052996e-01,6.395738e-01,7.248854e-01,7.636503e-01,7.617346e-01,8.038228e-01,8.596817e-01
8.227500e-03,7.559320e+00,7.387431e+00,1.306141e+00,7.473950e-01,5.623435e-01,4.411801e-01,3.606708e-01,3.023125e-01,2.598355e-01,3.046036e-01,6.413619e-01,7.256532e-01,7.635983e-01,7.612102e-01,8.025165e-01,8.600028e-01
8.230000e-03,7.556976e+00,7.387835e+00,1.314937e+00,7.473946e-01,5.623434e-01,4.411799e-01,3.606707e-01,3.023126e-01,2.598355e-01,3.042446e-01,6.430035e-01,7.262315e-01,7.634305e-01,7.607103e-01,8.010415e-01,8.601547e-01
8.232500e-03,7.554277e+00,7.388017e+00,1.323632e+00,7.473944e-01,5.623434e-01,4.411799e-01,3.606706e-01,3.023126e-01,2.598355e-01,3.042394e-01,6.444800e-01,7.266627e-01,7.631559e-01,7.602764e-01,7.994576e-01,8.600170e-01
8.235000e-03,7.551278e+00,7.387960e+00,1.332136e+00,7.473943e-01,5.623433e-01,4.411801e-01,3.606704e-01,3.023126e-01,2.598356e-01,3.046048e-01,6.458658e-01,7.269619e-01,7.628015e-01,7.599824e-01,7.978586e-01,8.594534e-01
8.237500e-03,7.547992e+00,7.387661e+00,1.340230e+00,7.473942e-01,5.623431e-01,4.411801e-01,3.606702e-01,3.023126e-01,2.598357e-01,3.053519e-01,6.472066e-01,7.271235e-01,7.624009e-01,7.599404e-01,7.964472e-01,8.584611e-01
8.240000e-03,7.544428e+00,7.387119e+00,1.347730e+00,7.473942e-01,5.623431e-01,4.411800e-01,3.606703e-01,3.023125e-01,2.598357e-01,3.064883e-01,6.484464e-01,7.271366e-01,7.619686e-01,7.602418e-01,7.955316e-01,8.570298e-01
8.242500e-03,7.540619e+00,7.386328e+00,1.354362e+00,7.473938e-01,5.623430e-01,4.411799e-01,3.606705e-01,3.023123e-01,2.598357e-01,3.080179e-01,6.494994e-01,7.270203e-01,7.614975e-01,7.608807e-01,7.953339e-01,8.552141e-01
8.245000e-03,7.536578e+00,7.385292e+00,1.360126e+00,7.473934e-01,5.623429e-01,4.411799e-01,3.606704e-01,3.023123e-01,2.598356e-01,3.099085e-01,6.503408e-01,7.268196e-01,7.609882e-01,7.617339e-01,7.958086e-01,8.532032e-01
8.247500e-03,7.532391e+00,7.384018e+00,1.364248e+00,7.473931e-01,5.623427e-01,4.411798e-01,3.606703e-01,3.023124e-01,2.598355e-01,3.121977e-01,6.509650e-01,7.265475e-01,7.604752e-01,7.626036e-01,7.967016e-01,8.513249e-01
8.250000e-03,7.527970e+00,7.382533e+00,1.366571e+00,7.473927e-01,5.623426e-01,4.411798e-01,3.606703e-01,3.023125e-01,2.598354e-01,3.148521e-01,6.513955e-01,7.261609e-01,7.600157e-01,7.632803e-01,7.977204e-01,8.498289e-01
8.252500e-03,7.524289e+00,7.380813e+00,1.367085e+00,7.473929e-01,5.623425e-01,4.411798e-01,3.606703e-01,3.023125e-01,2.598354e-01,3.178375e-01,6.516507e-01,7.256301e-01,7.596505e-01,7.635997e-01,7.986104e-01,8.487502e-01
8.255000e-03,7.520962e+00,7.378786e+00,1.365235e+00,7.473931e-01,5.623425e-01,4.411797e-01,3.606703e-01,3.023124e-01,2.598356e-01,3.212044e-01,6.517481e-01,7.249686e-01,7.593738e-01,7.634731e-01,7.991848e-01,8.479617e-01
8.257500e-03,7.517544e+00,7.376452e+00,1.360411e+00,7.473934e-01,5.623425e-01,4.411795e-01,3.606703e-01,3.023123e-01,2.598356e-01,3.248961e-01,6.517855e-01,7.242182e-01,7.591388e-01,7.628693e-01,7.993304e-01,8.473647e-01
8.260000e-03,7.514228e+00,7.373733e+00,1.351360e+00,7.473930e-01,5.623425e-01,4.411793e-01,3.606702e-01,3.023123e-01,2.598356e-01,3.288749e-01,6.517169e-01,7.234322e-01,7.588877e-01,7.617837e-01,7.989854e-01,8.469188e-01
8.262500e-03,7.511135e+00,7.370563e+00,1.339441e+00,7.473930e-01,5.623426e-01,4.411792e-01,3.606702e-01,3.023123e-01,2.598355e-01,3.331091e-01,6.514409e-01,7.226433e-01,7.585687e-01,7.602282e-01,7.981429e-01,8.466090e-01
8.265000e-03,7.508013e+00,7.366855e+00,1.324287e+00,7.473932e-01,5.623426e-01,4.411793e-01,3.606701e-01,3.023123e-01,2.598354e-01,3.375955e-01,6.509478e-01,7.218585e-01,7.581365e-01,7.582482e-01,7.968668e-01,8.464405e-01
8.267500e-03,7.504887e+00,7.362439e+00,1.305153e+00,7.473935e-01,5.623423e-01,4.411793e-01,3.606699e-01,3.023123e-01,2.598353e-01,3.422515e-01,6.503002e-01,7.210847e-01,7.575520e-01,7.559250e-01,7.952623e-01,8.464519e-01
8.270000e-03,7.502296e+00,7.356929e+00,1.282009e+00,7.473937e-01,5.623423e-01,4.411792e-01,3.606699e-01,3.023122e-01,2.598353e-01,3.470824e-01,6.496171e-01,7.203285e-01,7.567836e-01,7.533530e-01,7.934363e-01,8.466805e-01
8.272500e-03,7.499723e+00,7.351920e+00,1.284235e+00,7.473939e-01,5.623425e-01,4.411790e-01,3.606700e-01,3.023122e-01,2.598354e-01,3.519683e-01,6.490093e-01,7.195946e-01,7.558097e-01,7.506253e-01,7.914575e-01,8.471856e-01
8.275000e-03,7.497184e+00,7.347949e+00,1.305967e+00,7.473940e-01,5.623428e-01,4.411788e-01,3.606701e-01,3.023121e-01,2.598354e-01,3.569110e-01,6.484995e-01,7.188982e-01,7.546289e-01,7.478446e-01,7.893492e-01,8.480285e-01
8.277500e-03,7.494806e+00,7.344233e+00,1.325268e+00,7.473941e-01,5.623430e-01,4.411788e-01,3.606700e-01,3.023120e-01,2.598353e-01,3.618768e-01,6.480120e-01,7.182634e-01,7.532647e-01,7.451301e-01,7.871564e-01,8.492368e-01
8.280000e-03,7.492780e+00,7.340766e+00,1.340756e+00,7.473941e-01,5.623431e-01,4.411789e-01,3.606698e-01,3.023121e-01,2.598352e-01,3.667879e-01,6.472980e-01,7.176785e-01,7.517541e-01,7.425955e-01,7.849855e-01,8.507658e-01
8.282500e-03,7.490761e+00,7.337573e+00,1.354281e+00,7.473939e-01,5.623432e-01,4.411790e-01,3.606697e-01,3.023121e-01,2.598352e-01,3.716399e-01,6.464812e-01,7.170867e-01,7.501311e-01,7.403200e-01,7.829413e-01,8.524780e-01
8.285000e-03,7.488470e+00,7.334653e+00,1.365761e+00,7.473939e-01,5.623433e-01,4.411791e-01,3.606697e-01,3.023121e-01,2.598351e-01,3.763007e-01,6.459646e-01,7.164059e-01,7.484244e-01,7.383394e-01,7.810632e-01,8.542150e-01
8.287500e-03,7.486348e+00,7.331938e+00,1.375931e+00,7.473943e-01,5.623434e-01,4.411792e-01,3.606698e-01,3.023119e-01,2.598351e-01,3.807930e-01,6.455585e-01,7.155507e-01,7.466645e-01,7.366519e-01,7.793419e-01,8.559612e-01
8.290000e-03,7.483907e+00,7.329570e+00,1.384063e+00,7.473946e-01,5.623434e-01,4.411793e-01,3.606699e-01,3.023118e-01,2.598352e-01,3.850220e-01,6.449789e-01,7.145194e-01,7.448859e-01,7.352312e-01,7.777286e-01,8.576923e-01
8.292500e-03,7.481178e+00,7.327429e+00,1.389007e+00,7.473947e-01,5.623435e-01,4.411795e-01,3.606700e-01,3.023118e-01,2.598352e-01,3.889012e-01,6.443015e-01,7.134119e-01,7.431223e-01,7.340472e-01,7.761163e-01,8.593307e-01
8.295000e-03,7.478598e+00,7.325474e+00,1.392076e+00,7.473948e-01,5.623437e-01,4.411796e-01,3.606701e-01,3.023118e-01,2.598351e-01,3.924839e-01,6.437917e-01,7.122968e-01,7.414067e-01,7.330761e-01,7.744055e-01,8.607263e-01
8.297500e-03,7.475919e+00,7.323662e+00,1.392066e+00,7.473947e-01,5.623438e-01,4.411797e-01,3.606702e-01,3.023118e-01,2.598349e-01,3.957339e-01,6.435159e-01,7.111153e-01,7.397700e-01,7.322907e-01,7.726010e-01,8.617540e-01
8.300000e-03,7.473403e+00,7.322024e+00,1.389954e+00,7.473949e-01,5.623440e-01,4.411798e-01,3.606703e-01,3.023119e-01,2.598349e-01,3.985650e-01,6.433673e-01,7.097915e-01,7.382254e-01,7.316667e-01,7.707918e-01,8.622324e-01
8.302500e-03,7.471190e+00,7.320490e+00,1.386487e+00,7.473951e-01,5.623441e-01,4.411798e-01,3.606704e-01,3.023119e-01,2.598350e-01,4.011044e-01,6.430298e-01,7.083347e-01,7.367549e-01,7.312098e-01,7.691033e-01,8.620218e-01
8.305000e-03,7.469277e+00,7.319054e+00,1.381914e+00,7.473952e-01,5.623440e-01,4.411799e-01,3.606704e-01,3.023120e-01,2.598350e-01,4.033647e-01,6.424454e-01,7.067890e-01,7.353199e-01,7.309604e-01,7.677282e-01,8.611386e-01
8.307500e-03,7.467479e+00,7.317735e+00,1.376554e+00,7.473951e-01,5.623440e-01,4.411800e-01,3.606705e-01,3.023120e-01,2.598350e-01,4.053665e-01,6.419539e-01,7.051678e-01,7.338892e-01,7.309531e-01,7.668961e-01,8.597131e-01
8.310000e-03,7.465984e+00,7.316482e+00,1.370727e+00,7.473951e-01,5.623441e-01,4.411802e-01,3.606706e-01,3.023121e-01,2.598350e-01,4.071624e-01,6.416803e-01,7.034803e-01,7.324619e-01,7.311681e-01,7.667139e-01,8.578877e-01
8.312500e-03,7.464793e+00,7.315289e+00,1.364812e+00,7.473951e-01,5.623441e-01,4.411803e-01,3.606706e-01,3.023123e-01,2.598351e-01,4.087570e-01,6.413479e-01,7.017386e-01,7.310608e-01,7.315302e-01,7.670736e-01,8.558489e-01
8.315000e-03,7.463627e+00,7.314185e+00,1.358633e+00,7.473951e-01,5.623441e-01,4.411803e-01,3.606707e-01,3.023124e-01,2.598352e-01,4.101889e-01,6.406837e-01,6.999565e-01,7.297079e-01,7.319492e-01,7.677573e-01,8.538562e-01
8.317500e-03,7.462573e+00,7.313148e+00,1.352662e+00,7.473952e-01,5.623440e-01,4.411803e-01,3.606707e-01,3.023124e-01,2.598353e-01,4.114915e-01,6.398407e-01,6.982154e-01,7.284278e-01,7.323560e-01,7.685800e-01,8.520953e-01
8.320000e-03,7.461664e+00,7.312177e+00,1.347277e+00,7.473951e-01,5.623440e-01,4.411803e-01,3.606708e-01,3.023124e-01,2.598354e-01,4.126967e-01,6.390709e-01,6.965699e-01,7.272679e-01,7.327030e-01,7.693972e-01,8.505667e-01
8.322500e-03,7.460894e+00,7.311198e+00,1.341892e+00,7.473951e-01,5.623439e-01,4.411802e-01,3.606709e-01,3.023124e-01,2.598355e-01,4.138458e-01,6.384248e-01,6.949469e-01,7.262839e-01,7.329680e-01,7.700689e-01,8.491863e-01
8.325000e-03,7.460171e+00,7.310249e+00,1.336124e+00,7.473952e-01,5.623439e-01,4.411802e-01,3.606708e-01,3.023124e-01,2.598355e-01,4.148843e-01,6.377413e-01,6.932805e-01,7.254952e-01,7.331791e-01,7.705433e-01,8.479448e-01
8.327500e-03,7.459756e+00,7.309313e+00,1.330214e+00,7.473952e-01,5.623438e-01,4.411801e-01,3.606707e-01,3.023125e-01,2.598355e-01,4.158137e-01,6.368805e-01,6.916217e-01,7.248643e-01,7.334216e-01,7.709574e-01,8.468171e-01
8.330000e-03,7.459573e+00,7.308406e+00,1.323903e+00,7.473948e-01,5.623438e-01,4.411801e-01,3.606707e-01,3.023126e-01,2.598355e-01,4.166085e-01,6.358576e-01,6.900709e-01,7.243276e-01,7.338031e-01,7.715585e-01,8.456719e-01
8.332500e-03,7.459714e+00,7.307530e+00,1.317241e+00,7.473946e-01,5.623439e-01,4.411801e-01,3.606707e-01,3.023125e-01,2.598355e-01,4.172566e-01,6.347702e-01,6.886811e-01,7.238515e-01,7.344013e-01,7.725303e-01,8.444646e-01
8.335000e-03,7.460343e+00,7.306694e+00,1.310568e+00,7.473946e-01,5.623439e-01,4.411800e-01,3.606707e-01,3.023125e-01,2.598355e-01,4.177685e-01,6.337184e-01,6.874447e-01,7.234481e-01,7.352353e-01,7.738931e-01,8.432893e-01
8.337500e-03,7.461320e+00,7.305930e+00,1.303932e+00,7.473947e-01,5.623437e-01,4.411801e-01,3.606706e-01,3.023124e-01,2.598356e-01,4.181230e-01,6.326560e-01,6.863530e-01,7.231414e-01,7.362749e-01,7.755243e-01,8.422744e-01
8.340000e-03,7.462656e+00,7.305259e+00,1.297118e+00,7.473948e-01,5.623436e-01,4.411802e-01,3.606706e-01,3.023124e-01,2.598356e-01,4.182832e-01,6.314893e-01,6.854194e-01,7.229401e-01,7.374682e-01,7.772450e-01,8.414256e-01
8.342500e-03,7.464381e+00,7.304703e+00,1.290104e+00,7.473948e-01,5.623436e-01,4.411802e-01,3.606706e-01,3.023124e-01,2.598356e-01,4.182233e-01,6.302654e-01,6.846699e-01,7.228549e-01,7.387726e-01,7.789057e-01,8.407273e-01
8.345000e-03,7.466538e+00,7.304291e+00,1.283184e+00,7.473949e-01,5.623437e-01,4.411802e-01,3.606706e-01,3.023124e-01,2.598356e-01,4.179372e-01,6.290857e-01,6.841164e-01,7.229233e-01,7.401764e-01,7.804496e-01,8.401018e-01
8.347500e-03,7.469079e+00,7.304055e+00,1.276604e+00,7.473950e-01,5.623437e-01,4.411802e-01,3.606707e-01,3.023124e-01,2.598355e-01,4.174161e-01,6.279822e-01,6.837210e-01,7.231934e-01,7.416989e-01,7.819340e-01,8.395231e-01
8.350000e-03,7.471935e+00,7.304027e+00,1.270593e+00,7.473950e-01,5.623437e-01,4.411802e-01,3.606707e-01,3.023124e-01,2.598355e-01,4.166539e-01,6.269014e-01,6.834311e-01,7.236863e-01,7.433707e-01,7.834823e-01,8.389491e-01
8.352500e-03,7.475078e+00,7.304227e+00,1.265337e+00,7.473950e-01,5.623438e-01,4.411802e-01,3.606707e-01,3.023124e-01,2.598355e-01,4.156493e-01,6.258124e-01,6.832328e-01,7.243845e-01,7.452096e-01,7.851833e-01,8.383227e-01
8.355000e-03,7.478469e+00,7.304667e+00,1.260945e+00,7.473951e-01,5.623439e-01,4.411803e-01,3.606706e-01,3.023125e-01,2.598355e-01,4.144005e-01,6.247539e-01,6.831464e-01,7.252612e-01,7.472123e-01,7.870598e-01,8.376912e-01
8.357500e-03,7.482062e+00,7.305351e+00,1.257507e+00,7.473953e-01,5.623439e-01,4.411803e-01,3.606705e-01,3.023125e-01,2.598355e-01,4.129088e-01,6.237836e-01,6.832013e-01,7.263156e-01,7.493604e-01,7.891230e-01,8.371308e-01
8.360000e-03,7.485845e+00,7.306276e+00,1.255054e+00,7.473955e-01,5.623438e-01,4.411804e-01,3.606705e-01,3.023124e-01,2.598356e-01,4.111782e-01,6.229197e-01,6.834280e-01,7.275746e-01,7.516263e-01,7.914287e-01,8.366097e-01
8.362500e-03,7.489731e+00,7.307424e+00,1.253455e+00,7.473957e-01,5.623439e-01,4.411805e-01,3.606705e-01,3.023124e-01,2.598356e-01,4.092083e-01,6.221466e-01,6.838459e-01,7.290619e-01,7.539668e-01,7.940540e-01,8.360596e-01
8.365000e-03,7.493708e+00,7.308782e+00,1.252786e+00,7.473957e-01,5.623439e-01,4.411805e-01,3.606705e-01,3.023123e-01,2.598356e-01,4.070112e-01,6.214532e-01,6.844651e-01,7.307743e-01,7.563049e-01,7.969958e-01,8.354915e-01
8.367500e-03,7.497621e+00,7.310325e+00,1.252661e+00,7.473956e-01,5.623440e-01,4.411805e-01,3.606706e-01,3.023123e-01,2.598356e-01,4.045783e-01,6.208519e-01,6.852828e-01,7.326833e-01,7.585258e-01,8.000986e-01,8.349791e-01
8.370000e-03,7.501606e+00,7.311993e+00,1.252955e+00,7.473955e-01,5.623440e-01,4.411805e-01,3.606707e-01,3.023122e-01,2.598356e-01,4.019230e-01,6.203733e-01,6.862793e-01,7.347530e-01,7.605132e-01,8.031169e-01,8.346714e-01
8.372500e-03,7.505499e+00,7.313807e+00,1.253497e+00,7.473955e-01,5.623440e-01,4.411805e-01,3.606708e-01,3.023123e-01,2.598355e-01,3.990522e-01,6.200096e-01,6.874321e-01,7.369505e-01,7.622001e-01,8.058664e-01,8.346895e-01
8.375000e-03,7.509375e+00,7.315719e+00,1.253800e+00,7.473954e-01,5.623439e-01,4.411805e-01,3.606708e-01,3.023123e-01,2.598354e-01,3.959942e-01,6.197326e-01,6.887284e-01,7.392411e-01,7.635919e-01,8.083217e-01,8.350181e-01
8.377500e-03,7.513011e+00,7.317777e+00,1.254448e+00,7.473953e-01,5.623439e-01,4.411805e-01,3.606708e-01,3.023124e-01,2.598354e-01,3.927305e-01,6.195455e-01,6.901696e-01,7.415784e-01,7.647315e-01,8.105700e-01,8.355810e-01
8.380000e-03,7.516438e+00,7.319859e+00,1.254318e+00,7.473952e-01,5.623439e-01,4.411804e-01,3.606708e-01,3.023125e-01,2.598354e-01,3.892895e-01,6.194854e-01,6.917630e-01,7.439106e-01,7.656472e-01,8.126435e-01,8.363214e-01
8.382500e-03,7.520119e+00,7.322037e+00,1.253501e+00,7.473950e-01,5.623440e-01,4.411804e-01,3.606708e-01,3.023126e-01,2.598354e-01,3.856764e-01,6.196525e-01,6.935144e-01,7.461932e-01,7.663379e-01,8.144356e-01,8.372645e-01
8.385000e-03,7.523603e+00,7.324320e+00,1.251397e+00,7.473949e-01,5.623441e-01,4.411804e-01,3.606707e-01,3.023126e-01,2.598355e-01,3.818967e-01,6.200509e-01,6.954226e-01,7.483953e-01,7.667956e-01,8.157719e-01,8.384885e-01
8.387500e-03,7.526970e+00,7.326635e+00,1.248721e+00,7.473950e-01,5.623440e-01,4.411804e-01,3.606707e-01,3.023126e-01,2.598355e-01,3.780324e-01,6.205092e-01,6.974745e-01,7.504943e-01,7.670339e-01,8.165466e-01,8.399958e-01
8.390000e-03,7.530853e+00,7.329015e+00,1.244330e+00,7.473951e-01,5.623439e-01,4.411805e-01,3.606706e-01,3.023126e-01,2.598356e-01,3.740647e-01,6.209779e-01,6.996557e-01,7.524689e-01,7.670921e-01,8.167860e-01,8.416888e-01
8.392500e-03,7.534741e+00,7.331400e+00,1.237644e+00,7.473952e-01,5.623438e-01,4.411806e-01,3.606706e-01,3.023125e-01,2.598357e-01,3.700429e-01,6.216676e-01,7.019583e-01,7.542985e-01,7.670208e-01,8.165916e-01,8.434187e-01
8.395000e-03,7.538378e+00,7.333826e+00,1.229442e+00,7.473953e-01,5.623438e-01,4.411807e-01,3.606706e-01,3.023125e-01,2.598357e-01,3.660195e-01,6.228120e-01,7.043608e-01,7.559689e-01,7.668640e-01,8.160642e-01,8.450588e-01
8.397500e-03,7.541597e+00,7.336352e+00,1.218870e+00,7.473952e-01,5.623439e-01,4.411806e-01,3.606707e-01,3.023125e-01,2.598357e-01,3.619831e-01,6.241038e-01,7.068188e-01,7.574768e-01,7.666462e-01,8.152788e-01,8.464998e-01
8.400000e-03,7.544472e+00,7.338956e+00,1.207488e+00,7.473949e-01,5.623439e-01,4.411806e-01,3.606708e-01,3.023124e-01,2.598357e-01,3.580065e-01,6.252692e-01,7.092906e-01,7.588255e-01,7.663746e-01,8.142939e-01,8.476546e-01
8.402500e-03,7.547135e+00,7.341542e+00,1.195934e+00,7.473946e-01,5.623439e-01,4.411805e-01,3.606708e-01,3.023124e-01,2.598356e-01,3.541402e-01,6.265399e-01,7.117637e-01,7.600222e-01,7.660543e-01,8.131610e-01,8.485132e-01
8.405000e-03,7.549711e+00,7.344285e+00,1.183030e+00,7.473943e-01,5.623439e-01,4.411805e-01,3.606708e-01,3.023125e-01,2.598356e-01,3.503550e-01,6.280782e-01,7.142216e-01,7.610747e-01,7.657003e-01,8.119391e-01,8.490513e-01
8.407500e-03,7.551641e+00,7.347112e+00,1.169431e+00,7.473943e-01,5.623437e-01,4.411806e-01,3.606708e-01,3.023126e-01,2.598355e-01,3.467342e-01,6.299088e-01,7.165791e-01,7.619904e-01,7.653365e-01,8.106874e-01,8.493303e-01
8.410000e-03,7.552988e+00,7.350131e+00,1.155200e+00,7.473944e-01,5.623435e-01,4.411807e-01,3.606708e-01,3.023127e-01,2.598355e-01,3.432643e-01,6.317703e-01,7.187532e-01,7.627761e-01,7.649887e-01,8.094420e-01,8.494219e-01
8.412500e-03,7.553646e+00,7.353271e+00,1.140870e+00,7.473945e-01,5.623433e-01,4.411807e-01,3.606707e-01,3.023127e-01,2.598355e-01,3.399771e-01,6.336389e-01,7.207717e-01,7.634329e-01,7.646741e-01,8.082154e-01,8.493754e-01
8.415000e-03,7.553901e+00,7.357463e+00,1.150162e+00,7.473945e-01,5.623432e-01,4.411806e-01,3.606708e-01,3.023127e-01,2.598356e-01,3.369001e-01,6.355940e-01,7.227096e-01,7.639627e-01,7.643927e-01,8.070223e-01,8.492687e-01
8.417500e-03,7.553790e+00,7.361416e+00,1.168845e+00,7.473944e-01,5.623432e-01,4.411804e-01,3.606708e-01,3.023127e-01,2.598357e-01,3.340891e-01,6.376820e-01,7.245412e-01,7.643841e-01,7.641246e-01,8.058759e-01,8.490950e-01
8.420000e-03,7.552874e+00,7.364830e+00,1.186997e+00,7.473947e-01,5.623432e-01,4.411803e-01,3.606708e-01,3.023127e-01,2.598358e-01,3.315059e-01,6.398263e-01,7.261607e-01,7.647300e-01,7.638407e-01,8.047576e-01,8.488360e-01
8.422500e-03,7.551446e+00,7.367627e+00,1.204057e+00,7.473947e-01,5.623431e-01,4.411801e-01,3.606707e-01,3.023126e-01,2.598358e-01,3.292607e-01,6.419059e-01,7.275283e-01,7.650223e-01,7.635174e-01,8.036233e-01,8.485164e-01
8.425000e-03,7.549607e+00,7.369932e+00,1.220151e+00,7.473946e-01,5.623431e-01,4.411800e-01,3.606706e-01,3.023126e-01,2.598358e-01,3.273535e-01,6.440467e-01,7.286717e-01,7.652518e-01,7.631443e-01,8.024506e-01,8.481444e-01
8.427500e-03,7.547203e+00,7.371855e+00,1.235956e+00,7.473945e-01,5.623432e-01,4.411799e-01,3.606705e-01,3.023127e-01,2.598357e-01,3.257952e-01,6.460122e-01,7.296001e-01,7.653945e-01,7.627218e-01,8.012680e-01,8.477703e-01
8.430000e-03,7.544261e+00,7.373336e+00,1.250716e+00,7.473943e-01,5.623432e-01,4.411798e-01,3.606704e-01,3.023126e-01,2.598357e-01,3.246308e-01,6.476940e-01,7.303583e-01,7.654432e-01,7.622546e-01,8.001403e-01,8.473561e-01
8.432500e-03,7.541010e+00,7.374400e+00,1.264331e+00,7.473942e-01,5.623432e-01,4.411798e-01,3.606703e-01,3.023126e-01,2.598357e-01,3.238977e-01,6.491494e-01,7.309990e-01,7.654100e-01,7.617491e-01,7.991332e-01,8.469147e-01
8.435000e-03,7.537531e+00,7.375061e+00,1.276727e+00,7.473941e-01,5.623431e-01,4.411798e-01,3.606703e-01,3.023125e-01,2.598357e-01,3.236181e-01,6.505878e-01,7.315045e-01,7.652976e-01,7.612156e-01,7.982846e-01,8.465081e-01
8.437500e-03,7.533687e+00,7.375348e+00,1.288003e+00,7.473939e-01,5.623430e-01,4.411798e-01,3.606702e-01,3.023124e-01,2.598357e-01,3.238152e-01,6.520226e-01,7.318519e-01,7.650874e-01,7.606699e-01,7.976049e-01,8.461619e-01
8.440000e-03,7.529533e+00,7.375241e+00,1.297932e+00,7.473939e-01,5.623429e-01,4.411798e-01,3.606702e-01,3.023124e-01,2.598357e-01,3.245130e-01,6.531898e-01,7.320428e-01,7.647618e-01,7.601273e-01,7.970955e-01,8.459969e-01
8.442500e-03,7.525467e+00,7.374721e+00,1.306013e+00,7.473939e-01,5.623428e-01,4.411798e-01,3.606702e-01,3.023123e-01,2.598356e-01,3.257246e-01,6.540240e-01,7.320702e-01,7.643198e-01,7.595965e-01,7.967530e-01,8.460828e-01
8.445000e-03,7.522176e+00,7.373779e+00,1.311807e+00,7.473938e-01,5.623427e-01,4.411798e-01,3.606702e-01,3.023123e-01,2.598355e-01,3.274533e-01,6.546842e-01,7.319337e-01,7.637742e-01,7.590764e-01,7.965396e-01,8.464386e-01
8.447500e-03,7.518799e+00,7.372394e+00,1.314798e+00,7.473938e-01,5.623427e-01,4.411797e-01,3.606702e-01,3.023123e-01,2.598354e-01,3.296941e-01,6.552462e-01,7.316177e-01,7.631437e-01,7.585571e-01,7.963642e-01,8.470772e-01
8.450000e-03,7.515368e+00,7.370503e+00,1.314614e+00,7.473937e-01,5.623428e-01,4.411796e-01,3.606702e-01,3.023122e-01,2.598354e-01,3.324333e-01,6.556541e-01,7.310866e-01,7.624499e-01,7.580230e-01,7.961089e-01,8.480123e-01
8.452500e-03,7.511839e+00,7.368047e+00,1.311250e+00,7.473937e-01,5.623429e-01,4.411795e-01,3.606702e-01,3.023122e-01,2.598354e-01,3.356601e-01,6.558503e-01,7.303505e-01,7.617153e-01,7.574612e-01,7.956806e-01,8.492001e-01
8.455000e-03,7.508282e+00,7.364997e+00,1.303642e+00,7.473937e-01,5.623429e-01,4.411796e-01,3.606701e-01,3.023122e-01,2.598354e-01,3.392945e-01,6.558551e-01,7.294889e-01,7.609575e-01,7.568701e-01,7.950442e-01,8.504948e-01
8.457500e-03,7.504892e+00,7.361069e+00,1.291631e+00,7.473938e-01,5.623429e-01,4.411797e-01,3.606700e-01,3.023122e-01,2.598354e-01,3.433546e-01,6.557144e-01,7.285805e-01,7.601863e-01,7.562603e-01,7.942133e-01,8.517129e-01
8.460000e-03,7.501680e+00,7.356217e+00,1.275779e+00,7.473938e-01,5.623428e-01,4.411797e-01,3.606700e-01,3.023122e-01,2.598354e-01,3.477389e-01,6.555031e-01,7.276409e-01,7.594102e-01,7.556477e-01,7.932228e-01,8.527254e-01
8.462500e-03,7.498384e+00,7.351821e+00,1.284271e+00,7.473937e-01,5.623428e-01,4.411798e-01,3.606700e-01,3.023122e-01,2.598354e-01,3.523879e-01,6.552099e-01,7.266564e-01,7.586329e-01,7.550461e-01,7.921106e-01,8.534739e-01
8.465000e-03,7.495187e+00,7.348040e+00,1.307612e+00,7.473937e-01,5.623428e-01,4.411797e-01,3.606701e-01,3.023121e-01,2.598353e-01,3.572842e-01,6.548127e-01,7.256211e-01,7.578364e-01,7.544664e-01,7.909248e-01,8.539411e-01
8.467500e-03,7.492138e+00,7.344341e+00,1.328976e+00,7.473936e-01,5.623427e-01,4.411797e-01,3.606702e-01,3.023120e-01,2.598353e-01,3.623734e-01,6.544219e-01,7.245345e-01,7.569851e-01,7.539188e-01,7.897287e-01,8.541112e-01
8.470000e-03,7.489416e+00,7.340810e+00,1.346968e+00,7.473936e-01,5.623427e-01,4.411796e-01,3.606702e-01,3.023120e-01,2.598353e-01,3.675531e-01,6.537912e-01,7.234029e-01,7.560592e-01,7.534102e-01,7.885948e-01,8.539401e-01
8.472500e-03,7.486623e+00,7.337460e+00,1.363298e+00,7.473936e-01,5.623426e-01,4.411795e-01,3.606703e-01,3.023121e-01,2.598352e-01,3.728167e-01,6.530536e-01,7.222345e-01,7.550735e-01,7.529360e-01,7.875777e-01,8.534155e-01
8.475000e-03,7.483545e+00,7.334334e+00,1.377195e+00,7.473938e-01,5.623425e-01,4.411794e-01,3.606702e-01,3.023122e-01,2.598351e-01,3.779990e-01,6.524360e-01,7.210308e-01,7.540651e-01,7.524803e-01,7.866843e-01,8.525582e-01
8.477500e-03,7.480553e+00,7.331358e+00,1.390270e+00,7.473940e-01,5.623425e-01,4.411794e-01,3.606701e-01,3.023123e-01,2.598351e-01,3.831266e-01,6.517547e-01,7.198167e-01,7.530740e-01,7.520261e-01,7.858878e-01,8.514507e-01
8.480000e-03,7.477050e+00,7.328709e+00,1.399990e+00,7.473940e-01,5.623427e-01,4.411793e-01,3.606700e-01,3.023123e-01,2.598352e-01,3.880460e-01,6.508172e-01,7.186332e-01,7.521320e-01,7.515644e-01,7.851824e-01,8.501724e-01
8.482500e-03,7.473372e+00,7.326234e+00,1.406840e+00,7.473939e-01,5.623429e-01,4.411792e-01,3.606700e-01,3.023123e-01,2.598352e-01,3.926960e-01,6.497079e-01,7.174884e-01,7.512606e-01,7.510918e-01,7.846058e-01,8.488161e-01
8.485000e-03,7.469493e+00,7.323915e+00,1.410343e+00,7.473938e-01,5.623431e-01,4.411792e-01,3.606700e-01,3.023122e-01,2.598353e-01,3.971087e-01,6.486877e-01,7.163528e-01,7.504662e-01,7.506022e-01,7.841906e-01,8.474524e-01
8.487500e-03,7.465569e+00,7.321755e+00,1.410663e+00,7.473937e-01,5.623431e-01,4.411793e-01,3.606700e-01,3.023121e-01,2.598353e-01,4.011018e-01,6.478651e-01,7.152071e-01,7.497360e-01,7.500821e-01,7.839201e-01,8.461812e-01
8.490000e-03,7.461939e+00,7.319678e+00,1.407994e+00,7.473936e-01,5.623432e-01,4.411794e-01,3.606699e-01,3.023120e-01,2.598354e-01,4.047564e-01,6.471433e-01,7.140483e-01,7.490396e-01,7.495156e-01,7.837420e-01,8.451527e-01
8.492500e-03,7.458504e+00,7.317701e+00,1.402931e+00,7.473937e-01,5.623432e-01,4.411795e-01,3.606699e-01,3.023120e-01,2.598353e-01,4.080648e-01,6.461728e-01,7.128859e-01,7.483435e-01,7.488924e-01,7.836048e-01,8.444891e-01
8.495000e-03,7.456174e+00,7.315757e+00,1.395862e+00,7.473940e-01,5.623431e-01,4.411795e-01,3.606700e-01,3.023120e-01,2.598352e-01,4.110733e-01,6.450177e-01,7.117635e-01,7.476198e-01,7.482156e-01,7.834764e-01,8.441883e-01
8.497500e-03,7.454826e+00,7.313790e+00,1.386384e+00,7.473942e-01,5.623430e-01,4.411796e-01,3.606700e-01,3.023120e-01,2.598351e-01,4.137256e-01,6.440485e-01,7.107131e-01,7.468510e-01,7.475040e-01,7.833449e-01,8.441727e-01
8.500000e-03,7.453680e+00,7.311945e+00,1.375276e+00,7.473944e-01,5.623431e-01,4.411796e-01,3.606701e-01,3.023119e-01,2.598351e-01,4.160104e-01,6.433370e-01,7.097148e-01,7.460371e-01,7.467886e-01,7.832194e-01,8.443679e-01
8.502500e-03,7.452682e+00,7.310081e+00,1.363614e+00,7.473945e-01,5.623432e-01,4.411796e-01,3.606702e-01,3.023120e-01,2.598351e-01,4.181062e-01,6.424478e-01,7.086994e-01,7.451903e-01,7.461001e-01,7.831275e-01,8.447451e-01
8.505000e-03,7.451912e+00,7.308219e+00,1.351292e+00,7.473946e-01,5.623434e-01,4.411795e-01,3.606702e-01,3.023120e-01,2.598350e-01,4.199797e-01,6.413151e-01,7.076578e-01,7.443172e-01,7.454573e-01,7.830852e-01,8.452779e-01
8.507500e-03,7.451383e+00,7.306381e+00,1.338531e+00,7.473947e-01,5.623435e-01,4.411796e-01,3.606702e-01,3.023120e-01,2.598350e-01,4.216034e-01,6.406048e-01,7.066833e-01,7.434171e-01,7.448620e-01,7.830676e-01,8.459996e-01
8.510000e-03,7.451220e+00,7.304527e+00,1.325435e+00,7.473948e-01,5.623436e-01,4.411797e-01,3.606702e-01,3.023121e-01,2.598351e-01,4.229967e-01,6.403615e-01,7.057955e-01,7.425039e-01,7.443018e-01,7.830219e-01,8.469133e-01
8.512500e-03,7.451175e+00,7.302762e+00,1.312884e+00,7.473948e-01,5.623437e-01,4.411798e-01,3.606702e-01,3.023121e-01,2.598351e-01,4.242094e-01,6.400937e-01,7.048791e-01,7.416106e-01,7.437577e-01,7.829066e-01,8.480150e-01
8.515000e-03,7.451236e+00,7.301076e+00,1.300612e+00,7.473947e-01,5.623437e-01,4.411799e-01,3.606702e-01,3.023121e-01,2.598351e-01,4.252275e-01,6.395577e-01,7.038712e-01,7.407626e-01,7.432165e-01,7.827105e-01,8.492379e-01
8.517500e-03,7.451380e+00,7.299480e+00,1.289141e+00,7.473947e-01,5.623437e-01,4.411800e-01,3.606703e-01,3.023121e-01,2.598351e-01,4.260848e-01,6.390235e-01,7.028491e-01,7.399519e-01,7.426771e-01,7.824444e-01,8.504826e-01
8.520000e-03,7.451603e+00,7.297979e+00,1.278628e+00,7.473947e-01,5.623437e-01,4.411800e-01,3.606703e-01,3.023121e-01,2.598352e-01,4.267902e-01,6.387346e-01,7.018627e-01,7.391483e-01,7.421524e-01,7.821261e-01,8.516336e-01
8.522500e-03,7.451958e+00,7.296593e+00,1.268704e+00,7.473947e-01,5.623436e-01,4.411801e-01,3.606704e-01,3.023121e-01,2.598352e-01,4.273207e-01,6.386000e-01,7.008822e-01,7.383381e-01,7.416709e-01,7.817808e-01,8.526436e-01
8.525000e-03,7.452414e+00,7.295357e+00,1.259758e+00,7.473947e-01,5.623436e-01,4.411801e-01,3.606704e-01,3.023121e-01,2.598352e-01,4.277084e-01,6.384855e-01,6.999509e-01,7.375319e-01,7.412773e-01,7.814524e-01,8.534801e-01
8.527500e-03,7.452921e+00,7.294292e+00,1.251794e+00,7.473948e-01,5.623435e-01,4.411801e-01,3.606705e-01,3.023122e-01,2.598352e-01,4.279527e-01,6.383240e-01,6.991888e-01,7.367305e-01,7.410246e-01,7.812078e-01,8.541053e-01
8.530000e-03,7.453531e+00,7.293438e+00,1.245094e+00,7.473948e-01,5.623436e-01,4.411800e-01,3.606706e-01,3.023122e-01,2.598352e-01,4.280770e-01,6.380670e-01,6.986398e-01,7.359167e-01,7.409612e-01,7.811273e-01,8.544711e-01
8.532500e-03,7.454165e+00,7.292807e+00,1.239514e+00,7.473948e-01,5.623436e-01,4.411800e-01,3.606706e-01,3.023123e-01,2.598352e-01,4.280801e-01,6.378055e-01,6.982302e-01,7.350906e-01,7.411194e-01,7.812883e-01,8.545292e-01
8.535000e-03,7.454860e+00,7.292372e+00,1.234846e+00,7.473948e-01,5.623437e-01,4.411800e-01,3.606706e-01,3.023123e-01,2.598353e-01,4.279604e-01,6.376144e-01,6.978481e-01,7.342807e-01,7.415091e-01,7.817462e-01,8.542633e-01
8.537500e-03,7.455623e+00,7.292132e+00,1.230994e+00,7.473947e-01,5.623437e-01,4.411800e-01,3.606705e-01,3.023124e-01,2.598353e-01,4.277213e-01,6.374530e-01,6.974202e-01,7.335156e-01,7.421177e-01,7.825177e-01,8.536988e-01
8.540000e-03,7.456453e+00,7.292078e+00,1.227930e+00,7.473947e-01,5.623437e-01,4.411800e-01,3.606705e-01,3.023124e-01,2.598353e-01,4.273692e-01,6.372346e-01,6.969487e-01,7.328122e-01,7.429129e-01,7.835770e-01,8.528703e-01
8.542500e-03,7.457366e+00,7.292206e+00,1.225685e+00,7.473949e-01,5.623436e-01,4.411801e-01,3.606705e-01,3.023124e-01,2.598354e-01,4.269134e-01,6.369484e-01,6.964912e-01,7.322048e-01,7.438527e-01,7.848777e-01,8.518408e-01
8.545000e-03,7.458721e+00,7.292511e+00,1.224283e+00,7.473949e-01,5.623436e-01,4.411801e-01,3.606705e-01,3.023124e-01,2.598354e-01,4.263628e-01,6.366423e-01,6.960952e-01,7.317631e-01,7.448968e-01,7.863787e-01,8.506702e-01
8.547500e-03,7.460133e+00,7.292984e+00,1.223702e+00,7.473949e-01,5.623436e-01,4.411801e-01,3.606705e-01,3.023124e-01,2.598355e-01,4.257234e-01,6.363420e-01,6.957597e-01,7.315609e-01,7.460146e-01,7.880506e-01,8.494114e-01
8.550000e-03,7.461598e+00,7.293614e+00,1.223886e+00,7.473949e-01,5.623437e-01,4.411801e-01,3.606705e-01,3.023124e-01,2.598355e-01,4.249985e-01,6.360364e-01,6.954609e-01,7.316320e-01,7.471862e-01,7.898629e-01,8.481274e-01
8.552500e-03,7.463113e+00,7.294381e+00,1.224734e+00,7.473949e-01,5.623438e-01,4.411801e-01,3.606705e-01,3.023124e-01,2.598355e-01,4.241909e-01,6.357112e-01,6.951936e-01,7.319576e-01,7.483954e-01,7.917722e-01,8.468871e-01
8.555000e-03,7.464679e+00,7.295272e+00,1.226146e+00,7.473948e-01,5.623437e-01,4.411802e-01,3.606705e-01,3.023124e-01,2.598355e-01,4.232954e-01,6.353684e-01,6.949765e-01,7.324917e-01,7.496225e-01,7.937262e-01,8.457251e-01
8.557500e-03,7.466297e+00,7.296273e+00,1.228073e+00,7.473948e-01,5.623437e-01,4.411802e-01,3.606704e-01,3.023123e-01,2.598355e-01,4.223172e-01,6.350140e-01,6.948324e-01,7.331914e-01,7.508450e-01,7.956738e-01,8.447217e-01
8.560000e-03,7.467977e+00,7.297355e+00,1.230328e+00,7.473948e-01,5.623436e-01,4.411803e-01,3.606704e-01,3.023123e-01,2.598355e-01,4.212542e-01,6.346538e-01,6.947789e-01,7.340277e-01,7.520488e-01,7.975824e-01,8.439129e-01
8.562500e-03,7.469757e+00,7.298492e+00,1.233053e+00,7.473948e-01,5.623435e-01,4.411803e-01,3.606704e-01,3.023123e-01,2.598355e-01,4.201280e-01,6.342843e-01,6.948279e-01,7.349763e-01,7.532378e-01,7.994478e-01,8.433084e-01
8.565000e-03,7.471557e+00,7.299703e+00,1.236072e+00,7.473948e-01,5.623435e-01,4.411804e-01,3.606705e-01,3.023122e-01,2.598354e-01,4.189169e-01,6.338957e-01,6.949836e-01,7.360093e-01,7.544304e-01,8.012751e-01,8.428751e-01
8.567500e-03,7.473424e+00,7.300949e+00,1.239240e+00,7.473946e-01,5.623435e-01,4.411803e-01,3.606705e-01,3.023122e-01,2.598354e-01,4.176260e-01,6.334937e-01,6.952480e-01,7.371059e-01,7.556423e-01,8.030539e-01,8.426332e-01
8.570000e-03,7.475321e+00,7.302245e+00,1.242629e+00,7.473945e-01,5.623435e-01,4.411803e-01,3.606706e-01,3.023123e-01,2.598354e-01,4.162548e-01,6.330925e-01,6.956270e-01,7.382659e-01,7.568713e-01,8.047418e-01,8.425930e-01
8.572500e-03,7.477309e+00,7.303538e+00,1.245983e+00,7.473944e-01,5.623435e-01,4.411803e-01,3.606707e-01,3.023123e-01,2.598354e-01,4.148009e-01,6.326961e-01,6.961310e-01,7.395061e-01,7.580961e-01,8.062648e-01,8.427642e-01
8.575000e-03,7.479395e+00,7.304859e+00,1.249454e+00,7.473944e-01,5.623435e-01,4.411803e-01,3.606707e-01,3.023124e-01,2.598354e-01,4.132718e-01,6.323257e-01,6.967672e-01,7.408430e-01,7.592885e-01,8.075516e-01,8.431476e-01
8.577500e-03,7.481552e+00,7.306210e+00,1.253162e+00,7.473946e-01,5.623435e-01,4.411803e-01,3.606707e-01,3.023124e-01,2.598354e-01,4.116798e-01,6.319885e-01,6.975374e-01,7.422789e-01,7.604243e-01,8.085621e-01,8.436847e-01
8.580000e-03,7.483772e+00,7.307576e+00,1.256991e+00,7.473947e-01,5.623434e-01,4.411803e-01,3.606707e-01,3.023125e-01,2.598354e-01,4.100231e-01,6.316977e-01,6.984350e-01,7.438008e-01,7.614857e-01,8.092921e-01,8.442868e-01
8.582500e-03,7.485979e+00,7.308960e+00,1.260899e+00,7.473948e-01,5.623434e-01,4.411803e-01,3.606706e-01,3.023125e-01,2.598355e-01,4.083029e-01,6.314749e-01,6.994505e-01,7.453877e-01,7.624544e-01,8.097550e-01,8.448724e-01
8.585000e-03,7.488113e+00,7.310389e+00,1.264807e+00,7.473948e-01,5.623435e-01,4.411803e-01,3.606706e-01,3.023126e-01,2.598355e-01,4.064982e-01,6.313132e-01,7.005776e-01,7.470148e-01,7.633057e-01,8.099576e-01,8.454055e-01
8.587500e-03,7.490305e+00,7.311773e+00,1.268421e+00,7.473950e-01,5.623435e-01,4.411803e-01,3.606706e-01,3.023126e-01,2.598356e-01,4.046337e-01,6.312322e-01,7.018128e-01,7.486571e-01,7.640110e-01,8.098863e-01,8.458427e-01
8.590000e-03,7.492488e+00,7.313187e+00,1.271815e+00,7.473952e-01,5.623435e-01,4.411803e-01,3.606705e-01,3.023126e-01,2.598357e-01,4.026776e-01,6.312809e-01,7.031491e-01,7.502912e-01,7.645539e-01,8.095220e-01,8.461513e-01
8.592500e-03,7.494648e+00,7.314593e+00,1.274834e+00,7.473952e-01,5.623433e-01,4.411802e-01,3.606704e-01,3.023125e-01,2.598357e-01,4.006557e-01,6.314160e-01,7.045820e-01,7.518959e-01,7.649433e-01,8.088912e-01,8.463056e-01
8.595000e-03,7.496847e+00,7.316001e+00,1.277280e+00,7.473952e-01,5.623435e-01,4.411802e-01,3.606704e-01,3.023124e-01,2.598357e-01,3.985789e-01,6.316062e-01,7.061094e-01,7.534529e-01,7.652167e-01,8.080956e-01,8.462703e-01
8.597500e-03,7.498887e+00,7.317449e+00,1.279578e+00,7.473951e-01,5.623436e-01,4.411802e-01,3.606704e-01,3.023124e-01,2.598357e-01,3.964221e-01,6.319129e-01,7.077211e-01,7.549434e-01,7.654303e-01,8.072903e-01,8.460043e-01
8.600000e-03,7.500882e+00,7.318870e+00,1.281723e+00,7.473948e-01,5.623437e-01,4.411802e-01,3.606705e-01,3.023124e-01,2.598357e-01,3.942294e-01,6.323973e-01,7.093962e-01,7.563497e-01,7.656427e-01,8.066397e-01,8.455007e-01
8.602500e-03,7.502901e+00,7.320256e+00,1.283273e+00,7.473946e-01,5.623437e-01,4.411803e-01,3.606705e-01,3.023123e-01,2.598356e-01,3.919964e-01,6.330618e-01,7.111111e-01,7.576583e-01,7.658942e-01,8.062712e-01,8.448186e-01
8.605000e-03,7.504831e+00,7.321687e+00,1.284527e+00,7.473942e-01,5.623436e-01,4.411803e-01,3.606705e-01,3.023124e-01,2.598355e-01,3.897448e-01,6.338833e-01,7.128440e-01,7.588642e-01,7.661899e-01,8.062409e-01,8.440702e-01
8.607500e-03,7.506463e+00,7.323166e+00,1.285377e+00,7.473938e-01,5.623435e-01,4.411803e-01,3.606705e-01,3.023124e-01,2.598355e-01,3.874440e-01,6.347539e-01,7.145780e-01,7.599699e-01,7.664979e-01,8.065151e-01,8.434213e-01
8.610000e-03,7.507892e+00,7.324604e+00,1.285833e+00,7.473938e-01,5.623434e-01,4.411803e-01,3.606706e-01,3.023124e-01,2.598354e-01,3.851913e-01,6.356323e-01,7.162999e-01,7.609876e-01,7.667660e-01,8.069698e-01,8.430240e-01
8.612500e-03,7.509102e+00,7.326008e+00,1.286379e+00,7.473945e-01,5.623432e-01,4.411803e-01,3.606706e-01,3.023124e-01,2.598354e-01,3.830085e-01,6.366368e-01,7.179813e-01,7.619345e-01,7.669487e-01,8.074289e-01,8.429871e-01
8.615000e-03,7.509995e+00,7.327387e+00,1.286937e+00,7.473945e-01,5.623428e-01,4.411803e-01,3.606706e-01,3.023125e-01,2.598355e-01,3.808890e-01,6.378487e-01,7.195881e-01,7.628195e-01,7.670286e-01,8.077319e-01,8.433252e-01
8.617500e-03,7.510695e+00,7.328706e+00,1.286682e+00,7.473946e-01,5.623430e-01,4.411802e-01,3.606706e-01,3.023125e-01,2.598355e-01,3.788700e-01,6.392608e-01,7.211092e-01,7.636349e-01,7.670219e-01,8.077883e-01,8.439650e-01
8.620000e-03,7.511188e+00,7.329913e+00,1.286504e+00,7.473946e-01,5.623433e-01,4.411801e-01,3.606706e-01,3.023125e-01,2.598355e-01,3.770135e-01,6.407653e-01,7.225515e-01,7.643598e-01,7.669740e-01,8.075967e-01,8.447708e-01
8.622500e-03,7.511504e+00,7.331052e+00,1.286246e+00,7.473946e-01,5.623433e-01,4.411799e-01,3.606706e-01,3.023125e-01,2.598355e-01,3.753175e-01,6.422022e-01,7.239241e-01,7.649724e-01,7.669410e-01,8.072358e-01,8.455617e-01
8.625000e-03,7.511427e+00,7.332120e+00,1.286247e+00,7.473945e-01,5.623433e-01,4.411800e-01,3.606705e-01,3.023125e-01,2.598356e-01,3.738103e-01,6.436411e-01,7.252144e-01,7.654635e-01,7.669684e-01,8.068213e-01,8.461976e-01
8.627500e-03,7.511056e+00,7.333088e+00,1.286684e+00,7.473944e-01,5.623433e-01,4.411802e-01,3.606703e-01,3.023125e-01,2.598356e-01,3.725359e-01,6.451227e-01,7.263822e-01,7.658389e-01,7.670896e-01,8.064461e-01,8.466298e-01
8.630000e-03,7.510329e+00,7.333921e+00,1.287408e+00,7.473942e-01,5.623433e-01,4.411801e-01,3.606703e-01,3.023125e-01,2.598356e-01,3.715132e-01,6.466556e-01,7.273864e-01,7.661113e-01,7.673363e-01,8.061721e-01,8.468669e-01
8.632500e-03,7.509424e+00,7.334582e+00,1.289126e+00,7.473940e-01,5.623432e-01,4.411801e-01,3.606704e-01,3.023124e-01,2.598356e-01,3.707921e-01,6.481711e-01,7.282291e-01,7.662925e-01,7.677215e-01,8.060921e-01,8.469654e-01
8.635000e-03,7.508217e+00,7.335080e+00,1.291820e+00,7.473938e-01,5.623431e-01,4.411801e-01,3.606704e-01,3.023123e-01,2.598356e-01,3.703824e-01,6.496039e-01,7.289646e-01,7.663973e-01,7.682035e-01,8.063184e-01,8.469526e-01
8.637500e-03,7.506704e+00,7.335401e+00,1.295640e+00,7.473937e-01,5.623429e-01,4.411800e-01,3.606704e-01,3.023123e-01,2.598355e-01,3.702967e-01,6.509301e-01,7.296457e-01,7.664554e-01,7.686803e-01,8.068665e-01,8.468465e-01
8.640000e-03,7.504936e+00,7.335538e+00,1.300607e+00,7.473937e-01,5.623428e-01,4.411800e-01,3.606704e-01,3.023124e-01,2.598354e-01,3.705479e-01,6.521372e-01,7.302670e-01,7.665094e-01,7.690186e-01,8.076195e-01,8.467384e-01
8.642500e-03,7.502878e+00,7.335483e+00,1.306662e+00,7.473936e-01,5.623426e-01,4.411799e-01,3.606704e-01,3.023125e-01,2.598354e-01,3.711482e-01,6.532856e-01,7.307698e-01,7.665882e-01,7.690947e-01,8.083988e-01,8.468070e-01
8.645000e-03,7.500555e+00,7.335228e+00,1.313791e+00,7.473937e-01,5.623426e-01,4.411797e-01,3.606704e-01,3.023125e-01,2.598354e-01,3.721057e-01,6.543578e-01,7.311043e-01,7.666798e-01,7.688328e-01,8.090283e-01,8.471482e-01
8.647500e-03,7.497984e+00,7.334770e+00,1.321961e+00,7.473939e-01,5.623427e-01,4.411796e-01,3.606704e-01,3.023125e-01,2.598355e-01,3.734223e-01,6.552820e-01,7.312727e-01,7.667359e-01,7.682264e-01,8.093851e-01,8.477465e-01
8.650000e-03,7.495185e+00,7.334114e+00,1.331082e+00,7.473940e-01,5.623428e-01,4.411794e-01,3.606703e-01,3.023125e-01,2.598355e-01,3.750942e-01,6.560042e-01,7.313183e-01,7.667022e-01,7.673275e-01,8.094316e-01,8.485739e-01
8.652500e-03,7.492157e+00,7.333273e+00,1.340987e+00,7.473940e-01,5.623428e-01,4.411793e-01,3.606702e-01,3.023124e-01,2.598355e-01,3.771079e-01,6.565763e-01,7.312889e-01,7.665416e-01,7.662153e-01,8.091970e-01,8.495971e-01
8.655000e-03,7.488900e+00,7.332256e+00,1.351380e+00,7.473940e-01,5.623429e-01,4.411794e-01,3.606701e-01,3.023124e-01,2.598355e-01,3.794535e-01,6.570617e-01,7.312085e-01,7.662353e-01,7.649654e-01,8.087368e-01,8.507951e-01
8.657500e-03,7.485497e+00,7.331059e+00,1.361391e+00,7.473938e-01,5.623430e-01,4.411794e-01,3.606700e-01,3.023123e-01,2.598355e-01,3.820989e-01,6.574393e-01,7.310745e-01,7.657755e-01,7.636314e-01,8.080977e-01,8.521527e-01
8.660000e-03,7.482021e+00,7.329701e+00,1.371130e+00,7.473938e-01,5.623430e-01,4.411794e-01,3.606699e-01,3.023122e-01,2.598354e-01,3.850050e-01,6.576662e-01,7.308839e-01,7.651667e-01,7.622369e-01,8.072902e-01,8.536506e-01
8.662500e-03,7.478382e+00,7.328224e+00,1.380652e+00,7.473938e-01,5.623431e-01,4.411794e-01,3.606699e-01,3.023122e-01,2.598354e-01,3.881433e-01,6.577690e-01,7.306488e-01,7.644297e-01,7.607854e-01,8.062775e-01,8.552674e-01
8.665000e-03,7.474602e+00,7.326664e+00,1.389097e+00,7.473938e-01,5.623431e-01,4.411795e-01,3.606700e-01,3.023121e-01,2.598353e-01,3.914499e-01,6.577945e-01,7.303715e-01,7.635972e-01,7.592808e-01,8.050031e-01,8.569557e-01
8.667500e-03,7.470640e+00,7.325014e+00,1.395620e+00,7.473938e-01,5.623431e-01,4.411795e-01,3.606700e-01,3.023121e-01,2.598353e-01,3.948943e-01,6.576955e-01,7.300281e-01,7.626992e-01,7.577473e-01,8.034441e-01,8.586314e-01
8.670000e-03,7.466525e+00,7.323275e+00,1.400837e+00,7.473939e-01,5.623431e-01,4.411796e-01,3.606700e-01,3.023120e-01,2.598353e-01,3.984207e-01,6.574533e-01,7.295887e-01,7.617499e-01,7.562317e-01,8.016475e-01,8.601842e-01
8.672500e-03,7.462401e+00,7.321481e+00,1.404141e+00,7.473938e-01,5.623431e-01,4.411797e-01,3.606700e-01,3.023120e-01,2.598352e-01,4.019584e-01,6.571325e-01,7.290411e-01,7.607480e-01,7.547893e-01,7.997120e-01,8.614764e-01
8.675000e-03,7.458291e+00,7.319616e+00,1.405679e+00,7.473936e-01,5.623432e-01,4.411797e-01,3.606701e-01,3.023121e-01,2.598352e-01,4.055072e-01,6.568531e-01,7.283928e-01,7.596894e-01,7.534660e-01,7.977431e-01,8.623837e-01
8.677500e-03,7.455129e+00,7.317724e+00,1.405185e+00,7.473942e-01,5.623432e-01,4.411796e-01,3.606702e-01,3.023121e-01,2.598351e-01,4.090107e-01,6.565801e-01,7.276459e-01,7.585814e-01,7.522883e-01,7.958237e-01,8.628609e-01
8.680000e-03,7.452413e+00,7.315744e+00,1.402541e+00,7.473942e-01,5.623431e-01,4.411797e-01,3.606702e-01,3.023121e-01,2.598351e-01,4.124461e-01,6.562987e-01,7.267918e-01,7.574488e-01,7.512690e-01,7.940088e-01,8.629159e-01
8.682500e-03,7.450026e+00,7.313658e+00,1.396834e+00,7.473945e-01,5.623430e-01,4.411797e-01,3.606702e-01,3.023121e-01,2.598351e-01,4.157182e-01,6.560490e-01,7.258371e-01,7.563224e-01,7.504247e-01,7.923395e-01,8.625949e-01
8.685000e-03,7.447641e+00,7.311523e+00,1.388879e+00,7.473947e-01,5.623432e-01,4.411797e-01,3.606702e-01,3.023121e-01,2.598352e-01,4.188387e-01,6.556572e-01,7.247936e-01,7.552235e-01,7.497826e-01,7.908635e-01,8.619369e-01
8.687500e-03,7.445281e+00,7.309242e+00,1.378928e+00,7.473948e-01,5.623432e-01,4.411797e-01,3.606702e-01,3.023122e-01,2.598352e-01,4.218797e-01,6.550276e-01,7.236730e-01,7.541568e-01,7.493675e-01,7.896332e-01,8.609934e-01
8.690000e-03,7.443088e+00,7.306805e+00,1.367280e+00,7.473949e-01,5.623433e-01,4.411796e-01,3.606702e-01,3.023122e-01,2.598352e-01,4.247994e-01,6.544488e-01,7.224867e-01,7.531177e-01,7.491833e-01,7.886784e-01,8.598403e-01
8.692500e-03,7.441217e+00,7.304106e+00,1.352520e+00,7.473949e-01,5.623434e-01,4.411797e-01,3.606702e-01,3.023121e-01,2.598352e-01,4.274850e-01,6.541809e-01,7.212473e-01,7.521049e-01,7.492073e-01,7.879960e-01,8.585510e-01
8.695000e-03,7.439552e+00,7.301248e+00,1.337010e+00,7.473948e-01,5.623435e-01,4.411797e-01,3.606702e-01,3.023121e-01,2.598353e-01,4.300638e-01,6.540618e-01,7.199634e-01,7.511238e-01,7.494022e-01,7.875586e-01,8.571707e-01
8.697500e-03,7.437835e+00,7.298135e+00,1.320553e+00,7.473948e-01,5.623435e-01,4.411798e-01,3.606702e-01,3.023121e-01,2.598353e-01,4.325472e-01,6.537335e-01,7.186420e-01,7.501818e-01,7.497346e-01,7.873367e-01,8.557213e-01
8.700000e-03,7.436189e+00,7.294722e+00,1.302869e+00,7.473948e-01,5.623434e-01,4.411798e-01,3.606703e-01,3.023120e-01,2.598353e-01,4.348482e-01,6.530895e-01,7.173061e-01,7.492864e-01,7.501911e-01,7.873219e-01,8.542046e-01
8.702500e-03,7.434845e+00,7.290843e+00,1.284001e+00,7.473946e-01,5.623434e-01,4.411799e-01,3.606703e-01,3.023121e-01,2.598353e-01,4.370382e-01,6.524171e-01,7.159668e-01,7.484458e-01,7.507778e-01,7.875395e-01,8.526453e-01
8.705000e-03,7.433603e+00,7.286707e+00,1.265702e+00,7.473945e-01,5.623434e-01,4.411799e-01,3.606703e-01,3.023121e-01,2.598352e-01,4.391455e-01,6.518804e-01,7.145833e-01,7.476718e-01,7.515056e-01,7.880349e-01,8.510796e-01
8.707500e-03,7.432285e+00,7.283602e+00,1.273252e+00,7.473942e-01,5.623433e-01,4.411799e-01,3.606704e-01,3.023122e-01,2.598352e-01,4.410867e-01,6.514740e-01,7.131211e-01,7.469780e-01,7.523685e-01,7.888439e-01,8.495750e-01
8.710000e-03,7.431046e+00,7.280989e+00,1.286047e+00,7.473942e-01,5.623433e-01,4.411799e-01,3.606704e-01,3.023122e-01,2.598352e-01,4.429323e-01,6.509758e-01,7.116406e-01,7.463696e-01,7.533264e-01,7.899625e-01,8.482156e-01
8.712500e-03,7.429950e+00,7.278528e+00,1.297794e+00,7.473943e-01,5.623433e-01,4.411799e-01,3.606704e-01,3.023122e-01,2.598352e-01,4.446276e-01,6.503184e-01,7.102806e-01,7.458475e-01,7.543105e-01,7.913269e-01,8.470927e-01
8.715000e-03,7.428998e+00,7.276264e+00,1.307715e+00,7.473941e-01,5.623432e-01,4.411798e-01,3.606703e-01,3.023122e-01,2.598353e-01,4.461706e-01,6.496240e-01,7.091429e-01,7.454305e-01,7.552506e-01,7.928291e-01,8.462462e-01
8.717500e-03,7.428235e+00,7.274199e+00,1.316099e+00,7.473942e-01,5.623433e-01,4.411798e-01,3.606704e-01,3.023122e-01,2.598353e-01,4.476037e-01,6.488745e-01,7.081967e-01,7.451500e-01,7.560982e-01,7.943747e-01,8.457079e-01
8.720000e-03,7.427509e+00,7.272335e+00,1.323222e+00,7.473941e-01,5.623435e-01,4.411798e-01,3.606704e-01,3.023123e-01,2.598353e-01,4.489657e-01,6.481458e-01,7.073233e-01,7.450094e-01,7.568257e-01,7.959155e-01,8.454418e-01
8.722500e-03,7.426904e+00,7.270619e+00,1.329535e+00,7.473938e-01,5.623435e-01,4.411799e-01,3.606704e-01,3.023123e-01,2.598354e-01,4.502383e-01,6.473834e-01,7.064726e-01,7.449641e-01,7.574044e-01,7.974196e-01,8.453982e-01
8.725000e-03,7.426283e+00,7.269112e+00,1.334527e+00,7.473938e-01,5.623434e-01,4.411799e-01,3.606704e-01,3.023123e-01,2.598354e-01,4.513921e-01,6.465896e-01,7.057118e-01,7.449528e-01,7.577729e-01,7.988195e-01,8.455361e-01
8.727500e-03,7.425810e+00,7.267744e+00,1.338155e+00,7.473938e-01,5.623433e-01,4.411799e-01,3.606703e-01,3.023123e-01,2.598354e-01,4.523338e-01,6.458042e-01,7.051192e-01,7.449466e-01,7.578292e-01,7.999877e-01,8.458238e-01
8.730000e-03,7.425606e+00,7.266518e+00,1.340654e+00,7.473938e-01,5.623431e-01,4.411799e-01,3.606704e-01,3.023123e-01,2.598354e-01,4.531077e-01,6.449690e-01,7.047038e-01,7.449645e-01,7.574740e-01,8.007540e-01,8.462440e-01
8.732500e-03,7.425651e+00,7.265448e+00,1.342346e+00,7.473939e-01,5.623431e-01,4.411798e-01,3.606704e-01,3.023123e-01,2.598354e-01,4.537378e-01,6.441179e-01,7.044359e-01,7.450376e-01,7.566808e-01,8.009783e-01,8.467626e-01
8.735000e-03,7.425783e+00,7.264574e+00,1.343351e+00,7.473946e-01,5.623431e-01,4.411797e-01,3.606705e-01,3.023123e-01,2.598354e-01,4.542386e-01,6.433099e-01,7.042870e-01,7.451560e-01,7.555254e-01,8.006409e-01,8.473102e-01
8.737500e-03,7.426046e+00,7.263879e+00,1.343345e+00,7.473947e-01,5.623431e-01,4.411796e-01,3.606705e-01,3.023123e-01,2.598354e-01,4.545789e-01,6.425505e-01,7.042252e-01,7.452612e-01,7.541453e-01,7.998709e-01,8.477925e-01
8.740000e-03,7.426497e+00,7.263341e+00,1.342153e+00,7.473943e-01,5.623433e-01,4.411795e-01,3.606705e-01,3.023124e-01,2.598354e-01,4.547284e-01,6.418267e-01,7.042311e-01,7.452906e-01,7.526777e-01,7.988787e-01,8.481361e-01
8.742500e-03,7.427150e+00,7.262941e+00,1.339863e+00,7.473939e-01,5.623437e-01,4.411794e-01,3.606704e-01,3.023124e-01,2.598353e-01,4.546778e-01,6.411854e-01,7.043292e-01,7.452145e-01,7.512253e-01,7.978606e-01,8.483426e-01
8.745000e-03,7.428047e+00,7.262661e+00,1.336790e+00,7.473942e-01,5.623438e-01,4.411793e-01,3.606703e-01,3.023124e-01,2.598353e-01,4.544331e-01,6.406756e-01,7.045510e-01,7.450324e-01,7.498584e-01,7.969538e-01,8.484920e-01
8.747500e-03,7.429156e+00,7.262519e+00,1.333226e+00,7.473943e-01,5.623436e-01,4.411794e-01,3.606702e-01,3.023124e-01,2.598354e-01,4.540411e-01,6.402948e-01,7.048973e-01,7.447591e-01,7.486261e-01,7.962387e-01,8.486927e-01
8.750000e-03,7.430428e+00,7.262511e+00,1.329252e+00,7.473944e-01,5.623435e-01,4.411797e-01,3.606701e-01,3.023123e-01,2.598354e-01,4.535098e-01,6.399847e-01,7.053489e-01,7.444183e-01,7.475591e-01,7.957396e-01,8.490476e-01
8.752500e-03,7.431848e+00,7.262639e+00,1.324920e+00,7.473945e-01,5.623437e-01,4.411797e-01,3.606702e-01,3.023122e-01,2.598355e-01,4.528506e-01,6.397201e-01,7.058656e-01,7.440374e-01,7.466769e-01,7.954174e-01,8.496298e-01
8.755000e-03,7.433370e+00,7.262898e+00,1.320226e+00,7.473947e-01,5.623438e-01,4.411797e-01,3.606703e-01,3.023121e-01,2.598354e-01,4.520746e-01,6.395480e-01,7.063761e-01,7.436404e-01,7.459950e-01,7.951970e-01,8.504757e-01
8.757500e-03,7.434971e+00,7.263283e+00,1.315208e+00,7.473949e-01,5.623438e-01,4.411797e-01,3.606704e-01,3.023121e-01,2.598354e-01,4.511947e-01,6.395364e-01,7.068060e-01,7.432448e-01,7.455165e-01,7.950155e-01,8.515687e-01
8.760000e-03,7.436614e+00,7.263788e+00,1.309825e+00,7.473951e-01,5.623438e-01,4.411798e-01,3.606704e-01,3.023121e-01,2.598353e-01,4.502159e-01,6.397021e-01,7.071272e-01,7.428637e-01,7.452292e-01,7.948305e-01,8.528277e-01
8.762500e-03,7.438249e+00,7.264397e+00,1.304053e+00,7.473953e-01,5.623439e-01,4.411799e-01,3.606704e-01,3.023121e-01,2.598352e-01,4.491425e-01,6.400023e-01,7.073644e-01,7.425125e-01,7.451256e-01,7.946091e-01,8.541248e-01
8.765000e-03,7.439901e+00,7.265089e+00,1.298202e+00,7.473955e-01,5.623440e-01,4.411800e-01,3.606704e-01,3.023122e-01,2.598352e-01,4.480061e-01,6.403893e-01,7.075518e-01,7.422127e-01,7.452219e-01,7.943554e-01,8.553319e-01
8.767500e-03,7.441543e+00,7.265873e+00,1.292256e+00,7.473957e-01,5.623441e-01,4.411800e-01,3.606705e-01,3.023121e-01,2.598352e-01,4.468322e-01,6.408479e-01,7.076971e-01,7.419868e-01,7.455452e-01,7.941388e-01,8.563153e-01
8.770000e-03,7.443092e+00,7.266745e+00,1.286334e+00,7.473959e-01,5.623443e-01,4.411801e-01,3.606706e-01,3.023121e-01,2.598353e-01,4.456279e-01,6.413792e-01,7.077846e-01,7.418455e-01,7.461056e-01,7.940545e-01,8.569439e-01
8.772500e-03,7.444538e+00,7.267708e+00,1.280264e+00,7.473959e-01,5.623444e-01,4.411802e-01,3.606706e-01,3.023122e-01,2.598353e-01,4.444098e-01,6.419711e-01,7.077988e-01,7.417817e-01,7.468810e-01,7.941648e-01,8.571546e-01
8.775000e-03,7.445866e+00,7.268743e+00,1.274144e+00,7.473953e-01,5.623445e-01,4.411803e-01,3.606706e-01,3.023123e-01,2.598352e-01,4.431918e-01,6.425903e-01,7.077440e-01,7.417798e-01,7.478281e-01,7.944853e-01,8.569558e-01
8.777500e-03,7.447049e+00,7.269839e+00,1.267984e+00,7.473954e-01,5.623445e-01,4.411805e-01,3.606706e-01,3.023123e-01,2.598352e-01,4.419780e-01,6.432227e-01,7.076463e-01,7.418310e-01,7.488953e-01,7.950069e-01,8.564319e-01
8.780000e-03,7.448199e+00,7.270977e+00,1.261920e+00,7.473955e-01,5.623444e-01,4.411807e-01,3.606707e-01,3.023123e-01,2.598353e-01,4.407978e-01,6.438230e-01,7.075410e-01,7.419398e-01,7.500307e-01,7.957124e-01,8.556630e-01
8.782500e-03,7.449123e+00,7.272170e+00,1.255979e+00,7.473956e-01,5.623442e-01,4.411808e-01,3.606707e-01,3.023123e-01,2.598354e-01,4.396694e-01,6.443493e-01,7.074564e-01,7.421169e-01,7.511851e-01,7.965815e-01,8.547033e-01
8.785000e-03,7.449848e+00,7.273373e+00,1.250402e+00,7.473956e-01,5.623440e-01,4.411806e-01,3.606707e-01,3.023123e-01,2.598354e-01,4.385999e-01,6.447370e-01,7.074000e-01,7.423691e-01,7.523146e-01,7.975865e-01,8.536222e-01
8.787500e-03,7.450388e+00,7.274581e+00,1.245081e+00,7.473955e-01,5.623440e-01,4.411805e-01,3.606709e-01,3.023123e-01,2.598353e-01,4.376145e-01,6.449941e-01,7.073639e-01,7.426974e-01,7.533829e-01,7.986811e-01,8.524943e-01
8.790000e-03,7.450809e+00,7.275763e+00,1.240148e+00,7.473953e-01,5.623442e-01,4.411805e-01,3.606710e-01,3.023124e-01,2.598354e-01,4.367172e-01,6.451703e-01,7.073420e-01,7.430988e-01,7.543608e-01,7.997998e-01,8.513738e-01
8.792500e-03,7.451087e+00,7.276936e+00,1.235407e+00,7.473950e-01,5.623443e-01,4.411806e-01,3.606710e-01,3.023125e-01,2.598354e-01,4.359153e-01,6.452825e-01,7.073406e-01,7.435721e-01,7.552253e-01,8.008715e-01,8.503254e-01
8.795000e-03,7.451246e+00,7.278052e+00,1.231174e+00,7.473948e-01,5.623444e-01,4.411806e-01,3.606710e-01,3.023126e-01,2.598355e-01,4.352031e-01,6.452762e-01,7.073765e-01,7.441186e-01,7.559692e-01,8.018365e-01,8.493800e-01
8.797500e-03,7.451392e+00,7.279110e+00,1.227285e+00,7.473946e-01,5.623442e-01,4.411806e-01,3.606710e-01,3.023128e-01,2.598356e-01,4.345828e-01,6.451340e-01,7.074774e-01,7.447373e-01,7.566117e-01,8.026606e-01,8.485539e-01
8.800000e-03,7.451504e+00,7.280092e+00,1.223590e+00,7.473943e-01,5.623439e-01,4.411806e-01,3.606710e-01,3.023128e-01,2.598356e-01,4.340153e-01,6.448946e-01,7.076685e-01,7.454207e-01,7.571969e-01,8.033476e-01,8.478245e-01
8.802500e-03,7.451718e+00,7.280979e+00,1.220021e+00,7.473942e-01,5.623437e-01,4.411805e-01,3.606709e-01,3.023127e-01,2.598356e-01,4.334749e-01,6.446108e-01,7.079469e-01,7.461557e-01,7.577728e-01,8.039302e-01,8.472112e-01
8.805000e-03,7.452042e+00,7.281783e+00,1.216731e+00,7.473952e-01,5.623434e-01,4.411805e-01,3.606708e-01,3.023127e-01,2.598357e-01,4.329754e-01,6.442946e-01,7.082900e-01,7.469314e-01,7.583680e-01,8.044376e-01,8.467173e-01
8.807500e-03,7.452418e+00,7.282507e+00,1.213583e+00,7.473954e-01,5.623430e-01,4.411804e-01,3.606707e-01,3.023127e-01,2.598358e-01,4.324953e-01,6.439298e-01,7.086904e-01,7.477438e-01,7.589811e-01,8.048790e-01,8.463449e-01
8.810000e-03,7.452898e+00,7.283171e+00,1.210416e+00,7.473951e-01,5.623430e-01,4.411802e-01,3.606707e-01,3.023127e-01,2.598357e-01,4.320141e-01,6.435518e-01,7.091552e-01,7.485954e-01,7.595852e-01,8.052474e-01,8.460709e-01
8.812500e-03,7.453475e+00,7.283799e+00,1.207135e+00,7.473948e-01,5.623436e-01,4.411800e-01,3.606707e-01,3.023126e-01,2.598357e-01,4.315177e-01,6.431840e-01,7.096877e-01,7.494945e-01,7.601440e-01,8.055194e-01,8.458808e-01
8.815000e-03,7.454123e+00,7.284414e+00,1.203596e+00,7.473942e-01,5.623438e-01,4.411797e-01,3.606707e-01,3.023126e-01,2.598358e-01,4.309905e-01,6.428248e-01,7.102824e-01,7.504508e-01,7.606315e-01,8.056594e-01,8.457674e-01
8.817500e-03,7.454847e+00,7.285017e+00,1.199835e+00,7.473939e-01,5.623437e-01,4.411797e-01,3.606705e-01,3.023126e-01,2.598358e-01,4.304232e-01,6.424964e-01,7.109313e-01,7.514659e-01,7.610499e-01,8.056316e-01,8.456952e-01
8.820000e-03,7.455659e+00,7.285627e+00,1.195805e+00,7.473940e-01,5.623436e-01,4.411801e-01,3.606703e-01,3.023126e-01,2.598358e-01,4.298122e-01,6.422297e-01,7.116280e-01,7.525254e-01,7.614426e-01,8.054285e-01,8.456409e-01
8.822500e-03,7.456526e+00,7.286458e+00,1.195555e+00,7.473941e-01,5.623432e-01,4.411803e-01,3.606701e-01,3.023125e-01,2.598358e-01,4.291536e-01,6.420185e-01,7.123676e-01,7.536007e-01,7.618914e-01,8.051209e-01,8.455774e-01
8.825000e-03,7.457490e+00,7.287453e+00,1.198053e+00,7.473942e-01,5.623431e-01,4.411803e-01,3.606702e-01,3.023123e-01,2.598357e-01,4.284471e-01,6.418707e-01,7.131417e-01,7.546613e-01,7.624867e-01,8.048892e-01,8.454655e-01
8.827500e-03,7.458791e+00,7.288509e+00,1.200816e+00,7.473943e-01,5.623431e-01,4.411802e-01,3.606704e-01,3.023121e-01,2.598357e-01,4.276951e-01,6.418012e-01,7.139437e-01,7.556870e-01,7.632790e-01,8.049546e-01,8.452654e-01
8.830000e-03,7.460095e+00,7.289644e+00,1.203876e+00,7.473943e-01,5.623430e-01,4.411800e-01,3.606706e-01,3.023120e-01,2.598356e-01,4.268909e-01,6.418294e-01,7.147764e-01,7.566714e-01,7.642591e-01,8.054088e-01,8.449996e-01
8.832500e-03,7.461335e+00,7.290847e+00,1.207251e+00,7.473943e-01,5.623430e-01,4.411800e-01,3.606706e-01,3.023121e-01,2.598354e-01,4.260348e-01,6.419630e-01,7.156456e-01,7.576220e-01,7.654005e-01,8.061134e-01,8.447944e-01
8.835000e-03,7.462561e+00,7.292111e+00,1.211063e+00,7.473943e-01,5.623430e-01,4.411800e-01,3.606705e-01,3.023123e-01,2.598353e-01,4.251387e-01,6.421868e-01,7.165507e-01,7.585567e-01,7.667138e-01,8.068384e-01,8.448226e-01
8.837500e-03,7.463710e+00,7.293409e+00,1.215351e+00,7.473944e-01,5.623431e-01,4.411800e-01,3.606704e-01,3.023124e-01,2.598353e-01,4.242154e-01,6.425061e-01,7.174846e-01,7.594982e-01,7.682267e-01,8.075230e-01,8.451132e-01
8.840000e-03,7.464728e+00,7.294744e+00,1.220073e+00,7.473948e-01,5.623433e-01,4.411799e-01,3.606703e-01,3.023124e-01,2.598354e-01,4.232719e-01,6.429229e-01,7.184291e-01,7.604670e-01,7.699084e-01,8.083400e-01,8.454477e-01
8.842500e-03,7.465579e+00,7.296101e+00,1.225161e+00,7.473950e-01,5.623434e-01,4.411798e-01,3.606703e-01,3.023123e-01,2.598355e-01,4.223222e-01,6.434118e-01,7.193563e-01,7.614789e-01,7.716410e-01,8.094902e-01,8.455062e-01
8.845000e-03,7.466239e+00,7.297448e+00,1.230554e+00,7.473950e-01,5.623435e-01,4.411798e-01,3.606703e-01,3.023122e-01,2.598355e-01,4.213850e-01,6.439644e-01,7.202455e-01,7.625437e-01,7.732615e-01,8.109924e-01,8.451947e-01
8.847500e-03,7.466780e+00,7.298748e+00,1.236273e+00,7.473947e-01,5.623435e-01,4.411799e-01,3.606703e-01,3.023122e-01,2.598355e-01,4.204837e-01,6.445575e-01,7.210951e-01,7.636608e-01,7.745958e-01,8.126897e-01,8.447061e-01
8.850000e-03,7.467090e+00,7.300029e+00,1.242369e+00,7.473944e-01,5.623435e-01,4.411801e-01,3.606703e-01,3.023123e-01,2.598354e-01,4.196220e-01,6.452199e-01,7.219187e-01,7.648137e-01,7.754737e-01,8.143705e-01,8.443338e-01
8.852500e-03,7.467209e+00,7.301235e+00,1.248523e+00,7.473944e-01,5.623434e-01,4.411802e-01,3.606702e-01,3.023123e-01,2.598354e-01,4.188165e-01,6.459659e-01,7.227313e-01,7.659651e-01,7.757784e-01,8.158303e-01,8.442485e-01
8.855000e-03,7.467111e+00,7.302370e+00,1.254788e+00,7.473944e-01,5.623432e-01,4.411801e-01,3.606703e-01,3.023123e-01,2.598354e-01,4.180836e-01,6.467604e-01,7.235419e-01,7.670559e-01,7.755045e-01,8.169168e-01,8.444716e-01
8.857500e-03,7.466882e+00,7.303376e+00,1.260812e+00,7.473944e-01,5.623432e-01,4.411799e-01,3.606704e-01,3.023122e-01,2.598354e-01,4.174324e-01,6.475858e-01,7.243651e-01,7.680087e-01,7.747457e-01,8.175870e-01,8.449887e-01
8.860000e-03,7.466543e+00,7.304269e+00,1.266775e+00,7.473944e-01,5.623433e-01,4.411798e-01,3.606706e-01,3.023122e-01,2.598354e-01,4.168881e-01,6.484476e-01,7.252122e-01,7.687405e-01,7.736312e-01,8.178905e-01,8.458065e-01
8.862500e-03,7.466052e+00,7.305053e+00,1.272724e+00,7.473944e-01,5.623434e-01,4.411797e-01,3.606705e-01,3.023122e-01,2.598354e-01,4.164672e-01,6.493380e-01,7.260800e-01,7.691870e-01,7.722700e-01,8.178854e-01,8.469100e-01
8.865000e-03,7.465371e+00,7.305733e+00,1.278600e+00,7.473942e-01,5.623434e-01,4.411797e-01,3.606704e-01,3.023123e-01,2.598353e-01,4.161809e-01,6.502393e-01,7.269605e-01,7.693228e-01,7.707338e-01,8.175906e-01,8.482927e-01
8.867500e-03,7.464487e+00,7.306291e+00,1.284277e+00,7.473940e-01,5.623435e-01,4.411797e-01,3.606702e-01,3.023124e-01,2.598353e-01,4.160374e-01,6.511348e-01,7.278456e-01,7.691640e-01,7.690665e-01,8.169965e-01,8.499448e-01
8.870000e-03,7.463399e+00,7.306722e+00,1.289652e+00,7.473937e-01,5.623435e-01,4.411798e-01,3.606702e-01,3.023125e-01,2.598353e-01,4.160402e-01,6.520120e-01,7.287201e-01,7.687553e-01,7.672996e-01,8.160935e-01,8.517736e-01
8.872500e-03,7.462118e+00,7.307029e+00,1.294697e+00,7.473935e-01,5.623435e-01,4.411798e-01,3.606702e-01,3.023124e-01,2.598353e-01,4.161959e-01,6.528764e-01,7.295555e-01,7.681472e-01,7.654583e-01,8.148869e-01,8.537112e-01
8.875000e-03,7.460653e+00,7.307202e+00,1.299327e+00,7.473938e-01,5.623434e-01,4.411799e-01,3.606703e-01,3.023123e-01,2.598354e-01,4.165082e-01,6.537385e-01,7.303122e-01,7.673869e-01,7.635655e-01,8.133886e-01,8.556564e-01
8.877500e-03,7.459025e+00,7.307232e+00,1.303464e+00,7.473940e-01,5.623432e-01,4.411799e-01,3.606703e-01,3.023122e-01,2.598355e-01,4.169801e-01,6.546002e-01,7.309505e-01,7.665127e-01,7.616473e-01,8.116060e-01,8.575204e-01
8.880000e-03,7.457268e+00,7.307114e+00,1.307032e+00,7.473940e-01,5.623431e-01,4.411799e-01,3.606704e-01,3.023121e-01,2.598355e-01,4.176133e-01,6.554476e-01,7.314415e-01,7.655526e-01,7.597396e-01,8.095541e-01,8.592133e-01
8.882500e-03,7.455940e+00,7.306842e+00,1.309920e+00,7.473940e-01,5.623431e-01,4.411798e-01,3.606704e-01,3.023122e-01,2.598353e-01,4.184053e-01,6.562793e-01,7.317659e-01,7.645225e-01,7.578854e-01,8.072838e-01,8.606396e-01
8.885000e-03,7.454535e+00,7.306411e+00,1.312068e+00,7.473942e-01,5.623431e-01,4.411796e-01,3.606704e-01,3.023122e-01,2.598352e-01,4.193540e-01,6.571135e-01,7.319069e-01,7.634311e-01,7.561228e-01,8.048897e-01,8.617159e-01
8.887500e-03,7.453066e+00,7.305819e+00,1.313378e+00,7.473941e-01,5.623432e-01,4.411796e-01,3.606704e-01,3.023123e-01,2.598352e-01,4.204508e-01,6.579535e-01,7.318554e-01,7.622849e-01,7.544732e-01,8.024758e-01,8.623676e-01
8.890000e-03,7.451534e+00,7.305061e+00,1.313733e+00,7.473941e-01,5.623432e-01,4.411796e-01,3.606703e-01,3.023123e-01,2.598352e-01,4.216866e-01,6.587835e-01,7.316191e-01,7.610910e-01,7.529478e-01,8.001154e-01,8.625905e-01
8.892500e-03,7.449947e+00,7.304137e+00,1.313000e+00,7.473941e-01,5.623433e-01,4.411797e-01,3.606703e-01,3.023124e-01,2.598353e-01,4.230441e-01,6.595755e-01,7.312138e-01,7.598571e-01,7.515629e-01,7.978568e-01,8.624467e-01
8.895000e-03,7.448281e+00,7.303045e+00,1.311225e+00,7.473939e-01,5.623433e-01,4.411797e-01,3.606702e-01,3.023123e-01,2.598354e-01,4.245173e-01,6.603005e-01,7.306510e-01,7.585908e-01,7.503467e-01,7.957742e-01,8.620121e-01
8.897500e-03,7.446497e+00,7.301774e+00,1.308464e+00,7.473939e-01,5.623432e-01,4.411797e-01,3.606702e-01,3.023123e-01,2.598354e-01,4.261084e-01,6.609297e-01,7.299408e-01,7.572991e-01,7.493237e-01,7.939716e-01,8.613463e-01
8.900000e-03,7.444616e+00,7.300312e+00,1.305008e+00,7.473942e-01,5.623432e-01,4.411798e-01,3.606702e-01,3.023122e-01,2.598354e-01,4.278227e-01,6.614319e-01,7.290864e-01,7.559896e-01,7.484987e-01,7.925117e-01,8.604968e-01
8.902500e-03,7.442539e+00,7.298615e+00,1.300563e+00,7.473945e-01,5.623430e-01,4.411798e-01,3.606703e-01,3.023122e-01,2.598354e-01,4.296587e-01,6.617955e-01,7.280924e-01,7.546695e-01,7.478493e-01,7.913589e-01,8.595398e-01
8.905000e-03,7.440397e+00,7.296651e+00,1.294796e+00,7.473946e-01,5.623429e-01,4.411797e-01,3.606703e-01,3.023121e-01,2.598354e-01,4.315824e-01,6.619926e-01,7.269692e-01,7.533480e-01,7.473260e-01,7.904287e-01,8.586092e-01
8.907500e-03,7.438151e+00,7.294375e+00,1.287919e+00,7.473947e-01,5.623430e-01,4.411796e-01,3.606704e-01,3.023121e-01,2.598354e-01,4.336159e-01,6.620116e-01,7.257297e-01,7.520381e-01,7.468725e-01,7.896654e-01,8.577938e-01
8.910000e-03,7.435892e+00,7.291737e+00,1.279693e+00,7.473948e-01,5.623430e-01,4.411794e-01,3.606703e-01,3.023121e-01,2.598353e-01,4.357473e-01,6.618585e-01,7.243942e-01,7.507575e-01,7.464476e-01,7.890489e-01,8.570704e-01
8.912500e-03,7.433540e+00,7.288741e+00,1.270601e+00,7.473948e-01,5.623432e-01,4.411793e-01,3.606703e-01,3.023122e-01,2.598353e-01,4.379851e-01,6.615084e-01,7.229915e-01,7.495244e-01,7.460357e-01,7.885502e-01,8.563773e-01
8.915000e-03,7.431101e+00,7.285463e+00,1.264281e+00,7.473947e-01,5.623433e-01,4.411792e-01,3.606702e-01,3.023122e-01,2.598352e-01,4.402417e-01,6.610036e-01,7.215440e-01,7.483485e-01,7.456417e-01,7.881132e-01,8.557471e-01
8.917500e-03,7.428740e+00,7.282958e+00,1.280241e+00,7.473945e-01,5.623435e-01,4.411793e-01,3.606701e-01,3.023122e-01,2.598352e-01,4.425351e-01,6.603676e-01,7.200637e-01,7.472287e-01,7.452926e-01,7.876709e-01,8.552461e-01
8.920000e-03,7.426417e+00,7.280387e+00,1.296436e+00,7.473943e-01,5.623435e-01,4.411795e-01,3.606700e-01,3.023122e-01,2.598353e-01,4.448323e-01,6.595978e-01,7.185594e-01,7.461590e-01,7.450448e-01,7.872012e-01,8.548730e-01
8.922500e-03,7.424294e+00,7.277823e+00,1.312047e+00,7.473942e-01,5.623435e-01,4.411796e-01,3.606699e-01,3.023121e-01,2.598353e-01,4.471017e-01,6.587680e-01,7.170445e-01,7.451329e-01,7.449713e-01,7.867749e-01,8.545394e-01
8.925000e-03,7.422309e+00,7.275303e+00,1.325925e+00,7.473940e-01,5.623434e-01,4.411797e-01,3.606700e-01,3.023120e-01,2.598353e-01,4.492656e-01,6.577079e-01,7.155356e-01,7.441487e-01,7.451243e-01,7.865312e-01,8.541104e-01
8.927500e-03,7.420491e+00,7.272900e+00,1.338343e+00,7.473938e-01,5.623434e-01,4.411798e-01,3.606701e-01,3.023120e-01,2.598353e-01,4.513943e-01,6.564711e-01,7.140473e-01,7.432179e-01,7.455080e-01,7.865877e-01,8.535268e-01
8.930000e-03,7.418773e+00,7.270567e+00,1.349631e+00,7.473938e-01,5.623433e-01,4.411799e-01,3.606702e-01,3.023119e-01,2.598353e-01,4.534723e-01,6.552107e-01,7.125878e-01,7.423686e-01,7.460836e-01,7.869683e-01,8.528080e-01
8.932500e-03,7.417055e+00,7.268382e+00,1.359525e+00,7.473937e-01,5.623432e-01,4.411799e-01,3.606704e-01,3.023119e-01,2.598352e-01,4.554630e-01,6.539716e-01,7.111591e-01,7.416370e-01,7.468007e-01,7.876067e-01,8.520341e-01
8.935000e-03,7.415555e+00,7.266313e+00,1.367529e+00,7.473938e-01,5.623432e-01,4.411799e-01,3.606705e-01,3.023120e-01,2.598352e-01,4.572454e-01,6.527345e-01,7.097816e-01,7.410537e-01,7.476215e-01,7.884082e-01,8.512780e-01
8.937500e-03,7.414379e+00,7.264371e+00,1.374521e+00,7.473939e-01,5.623432e-01,4.411798e-01,3.606705e-01,3.023121e-01,2.598351e-01,4.588945e-01,6.513802e-01,7.084802e-01,7.406340e-01,7.485193e-01,7.893075e-01,8.505663e-01
8.940000e-03,7.413162e+00,7.262678e+00,1.379840e+00,7.473939e-01,5.623432e-01,4.411797e-01,3.606705e-01,3.023122e-01,2.598351e-01,4.604144e-01,6.498408e-01,7.072564e-01,7.403812e-01,7.494573e-01,7.902765e-01,8.498508e-01
8.942500e-03,7.412007e+00,7.261166e+00,1.382505e+00,7.473940e-01,5.623432e-01,4.411797e-01,3.606704e-01,3.023123e-01,2.598351e-01,4.616926e-01,6.482945e-01,7.061001e-01,7.402892e-01,7.503701e-01,7.912879e-01,8.490706e-01
8.945000e-03,7.411256e+00,7.259809e+00,1.383264e+00,7.473941e-01,5.623432e-01,4.411797e-01,3.606703e-01,3.023123e-01,2.598352e-01,4.627110e-01,6.468488e-01,7.049960e-01,7.403410e-01,7.511758e-01,7.922817e-01,8.482162e-01
8.947500e-03,7.410764e+00,7.258616e+00,1.382593e+00,7.473943e-01,5.623432e-01,4.411797e-01,3.606702e-01,3.023123e-01,2.598353e-01,4.634988e-01,6.454440e-01,7.039435e-01,7.405122e-01,7.518122e-01,7.931755e-01,8.473431e-01
8.950000e-03,7.410626e+00,7.257594e+00,1.380230e+00,7.473945e-01,5.623432e-01,4.411796e-01,3.606702e-01,3.023122e-01,2.598354e-01,4.640152e-01,6.441358e-01,7.029906e-01,7.407765e-01,7.522641e-01,7.939225e-01,8.464920e-01
8.952500e-03,7.410868e+00,7.256734e+00,1.376234e+00,7.473946e-01,5.623433e-01,4.411796e-01,3.606703e-01,3.023122e-01,2.598354e-01,4.642731e-01,6.428881e-01,7.022021e-01,7.411058e-01,7.525559e-01,7.945498e-01,8.456907e-01
8.955000e-03,7.411476e+00,7.256050e+00,1.371248e+00,7.473945e-01,5.623433e-01,4.411795e-01,3.606703e-01,3.023121e-01,2.598354e-01,4.642929e-01,6.415844e-01,7.016052e-01,7.414715e-01,7.527265e-01,7.951244e-01,8.449808e-01
8.957500e-03,7.412424e+00,7.255533e+00,1.365659e+00,7.473944e-01,5.623433e-01,4.411795e-01,3.606704e-01,3.023121e-01,2.598354e-01,4.640803e-01,6.402445e-01,7.011929e-01,7.418498e-01,7.528102e-01,7.956955e-01,8.444200e-01
8.960000e-03,7.413775e+00,7.255164e+00,1.359906e+00,7.473942e-01,5.623435e-01,4.411795e-01,3.606704e-01,3.023121e-01,2.598353e-01,4.636549e-01,6.390117e-01,7.009425e-01,7.422216e-01,7.528282e-01,7.962689e-01,8.440945e-01
8.962500e-03,7.415437e+00,7.254963e+00,1.353981e+00,7.473941e-01,5.623436e-01,4.411795e-01,3.606704e-01,3.023122e-01,2.598353e-01,4.630500e-01,6.380514e-01,7.008024e-01,7.425686e-01,7.527907e-01,7.968079e-01,8.441025e-01
8.965000e-03,7.417365e+00,7.254930e+00,1.348045e+00,7.473944e-01,5.623437e-01,4.411795e-01,3.606704e-01,3.023122e-01,2.598352e-01,4.622781e-01,6.372837e-01,7.007195e-01,7.428783e-01,7.527022e-01,7.972505e-01,8.445068e-01
8.967500e-03,7.419528e+00,7.255066e+00,1.342158e+00,7.473943e-01,5.623436e-01,4.411795e-01,3.606704e-01,3.023122e-01,2.598352e-01,4.613515e-01,6.365535e-01,7.007114e-01,7.431549e-01,7.525684e-01,7.975450e-01,8.452964e-01
8.970000e-03,7.421878e+00,7.255369e+00,1.336352e+00,7.473944e-01,5.623437e-01,4.411796e-01,3.606704e-01,3.023122e-01,2.598352e-01,4.602859e-01,6.358631e-01,7.008436e-01,7.434192e-01,7.523990e-01,7.976731e-01,8.463798e-01
8.972500e-03,7.424375e+00,7.255836e+00,1.330655e+00,7.473946e-01,5.623438e-01,4.411798e-01,3.606703e-01,3.023122e-01,2.598352e-01,4.590952e-01,6.353001e-01,7.011196e-01,7.436974e-01,7.522072e-01,7.976420e-01,8.476197e-01
8.975000e-03,7.426979e+00,7.256456e+00,1.325130e+00,7.473951e-01,5.623438e-01,4.411799e-01,3.606703e-01,3.023122e-01,2.598352e-01,4.577858e-01,6.349485e-01,7.014703e-01,7.440041e-01,7.520118e-01,7.974656e-01,8.488541e-01
8.977500e-03,7.429649e+00,7.257226e+00,1.319687e+00,7.473956e-01,5.623438e-01,4.411800e-01,3.606703e-01,3.023122e-01,2.598353e-01,4.563677e-01,6.347934e-01,7.018380e-01,7.443327e-01,7.518387e-01,7.971710e-01,8.499690e-01
8.980000e-03,7.432388e+00,7.258132e+00,1.314009e+00,7.473959e-01,5.623439e-01,4.411801e-01,3.606704e-01,3.023122e-01,2.598353e-01,4.548254e-01,6.347642e-01,7.022212e-01,7.446593e-01,7.517195e-01,7.968218e-01,8.508907e-01
8.982500e-03,7.435214e+00,7.259147e+00,1.307967e+00,7.473959e-01,5.623442e-01,4.411801e-01,3.606705e-01,3.023121e-01,2.598354e-01,4.531876e-01,6.348527e-01,7.026615e-01,7.449582e-01,7.516857e-01,7.965176e-01,8.515610e-01
8.985000e-03,7.438043e+00,7.260270e+00,1.301855e+00,7.473957e-01,5.623444e-01,4.411801e-01,3.606707e-01,3.023120e-01,2.598354e-01,4.514728e-01,6.351035e-01,7.031918e-01,7.452203e-01,7.517637e-01,7.963662e-01,8.519371e-01
8.987500e-03,7.440931e+00,7.261496e+00,1.295309e+00,7.473957e-01,5.623446e-01,4.411801e-01,3.606708e-01,3.023121e-01,2.598353e-01,4.496720e-01,6.355018e-01,7.037976e-01,7.454524e-01,7.519711e-01,7.964483e-01,8.520192e-01
8.990000e-03,7.443688e+00,7.262849e+00,1.288181e+00,7.473954e-01,5.623446e-01,4.411803e-01,3.606707e-01,3.023122e-01,2.598353e-01,4.478156e-01,6.360185e-01,7.044343e-01,7.456594e-01,7.523164e-01,7.967942e-01,8.518864e-01
8.992500e-03,7.446332e+00,7.264330e+00,1.279960e+00,7.473953e-01,5.623445e-01,4.411805e-01,3.606707e-01,3.023124e-01,2.598352e-01,4.458956e-01,6.366156e-01,7.050655e-01,7.458326e-01,7.527999e-01,7.973836e-01,8.516536e-01
8.995000e-03,7.448729e+00,7.265909e+00,1.270759e+00,7.473953e-01,5.623444e-01,4.411807e-01,3.606707e-01,3.023125e-01,2.598352e-01,4.439119e-01,6.372982e-01,7.056771e-01,7.459650e-01,7.534135e-01,7.981727e-01,8.514265e-01
8.997500e-03,7.451088e+00,7.267553e+00,1.261560e+00,7.473952e-01,5.623441e-01,4.411807e-01,3.606707e-01,3.023125e-01,2.598352e-01,4.419128e-01,6.380483e-01,7.062703e-01,7.460746e-01,7.541379e-01,7.991177e-01,8.512643e-01
9.000000e-03,7.453230e+00,7.269287e+00,1.252009e+00,7.473953e-01,5.623439e-01,4.411806e-01,3.606707e-01,3.023124e-01,2.598353e-01,4.399038e-01,6.388285e-01,7.068550e-01,7.462043e-01,7.549417e-01,8.001723e-01,8.511542e-01
9.002500e-03,7.455272e+00,7.271110e+00,1.241966e+00,7.473954e-01,5.623440e-01,4.411806e-01,3.606709e-01,3.023124e-01,2.598355e-01,4.379011e-01,6.395928e-01,7.074428e-01,7.463958e-01,7.557885e-01,8.012834e-01,8.510728e-01
9.005000e-03,7.457194e+00,7.273017e+00,1.232052e+00,7.473952e-01,5.623440e-01,4.411805e-01,3.606710e-01,3.023124e-01,2.598355e-01,4.359477e-01,6.403519e-01,7.080356e-01,7.466669e-01,7.566465e-01,8.023994e-01,8.509980e-01
9.007500e-03,7.459248e+00,7.275026e+00,1.221623e+00,7.473951e-01,5.623441e-01,4.411804e-01,3.606710e-01,3.023125e-01,2.598356e-01,4.340449e-01,6.411457e-01,7.086251e-01,7.470134e-01,7.574968e-01,8.034893e-01,8.509062e-01
9.010000e-03,7.461085e+00,7.277123e+00,1.210717e+00,7.473950e-01,5.623442e-01,4.411804e-01,3.606711e-01,3.023125e-01,2.598356e-01,4.322111e-01,6.418794e-01,7.091977e-01,7.474266e-01,7.583326e-01,8.045530e-01,8.507643e-01
9.012500e-03,7.462504e+00,7.279321e+00,1.199741e+00,7.473947e-01,5.623441e-01,4.411804e-01,3.606710e-01,3.023126e-01,2.598355e-01,4.304792e-01,6.425775e-01,7.097523e-01,7.479024e-01,7.591504e-01,8.056135e-01,8.505435e-01
9.015000e-03,7.463489e+00,7.281608e+00,1.188681e+00,7.473940e-01,5.623440e-01,4.411804e-01,3.606709e-01,3.023127e-01,2.598355e-01,4.288495e-01,6.432165e-01,7.103106e-01,7.484393e-01,7.599439e-01,8.066857e-01,8.502401e-01
9.017500e-03,7.464333e+00,7.283931e+00,1.177871e+00,7.473948e-01,5.623439e-01,4.411803e-01,3.606708e-01,3.023127e-01,2.598355e-01,4.273142e-01,6.437527e-01,7.108836e-01,7.490347e-01,7.607118e-01,8.077453e-01,8.499105e-01
9.020000e-03,7.464995e+00,7.286484e+00,1.172103e+00,7.473951e-01,5.623436e-01,4.411804e-01,3.606707e-01,3.023127e-01,2.598356e-01,4.259241e-01,6.441756e-01,7.114603e-01,7.496843e-01,7.614666e-01,8.087536e-01,8.495956e-01
9.022500e-03,7.465564e+00,7.289601e+00,1.185714e+00,7.473950e-01,5.623432e-01,4.411804e-01,3.606707e-01,3.023126e-01,2.598356e-01,4.246455e-01,6.445741e-01,7.120277e-01,7.503864e-01,7.622286e-01,8.097016e-01,8.493303e-01
9.025000e-03,7.465955e+00,7.292331e+00,1.198514e+00,7.473949e-01,5.623437e-01,4.411803e-01,3.606706e-01,3.023126e-01,2.598357e-01,4.234542e-01,6.450182e-01,7.125891e-01,7.511433e-01,7.630071e-01,8.105906e-01,8.491103e-01
9.027500e-03,7.466127e+00,7.294761e+00,1.210565e+00,7.473947e-01,5.623437e-01,4.411801e-01,3.606706e-01,3.023126e-01,2.598357e-01,4.223117e-01,6.453111e-01,7.131627e-01,7.519610e-01,7.637961e-01,8.113717e-01,8.489157e-01
9.030000e-03,7.466262e+00,7.296810e+00,1.221586e+00,7.473946e-01,5.623437e-01,4.411800e-01,3.606706e-01,3.023126e-01,2.598357e-01,4.212809e-01,6.454425e-01,7.137517e-01,7.528471e-01,7.645849e-01,8.119551e-01,8.487560e-01
9.032500e-03,7.466341e+00,7.298557e+00,1.231567e+00,7.473946e-01,5.623437e-01,4.411803e-01,3.606704e-01,3.023125e-01,2.598357e-01,4.203699e-01,6.455993e-01,7.143526e-01,7.538068e-01,7.653708e-01,8.122838e-01,8.486638e-01
9.035000e-03,7.466450e+00,7.300086e+00,1.240756e+00,7.473947e-01,5.623436e-01,4.411803e-01,3.606703e-01,3.023125e-01,2.598357e-01,4.195412e-01,6.458546e-01,7.149791e-01,7.548377e-01,7.661643e-01,8.123783e-01,8.485592e-01
9.037500e-03,7.466459e+00,7.301411e+00,1.248960e+00,7.473947e-01,5.623435e-01,4.411803e-01,3.606704e-01,3.023123e-01,2.598357e-01,4.187858e-01,6.459920e-01,7.156395e-01,7.559263e-01,7.669881e-01,8.123342e-01,8.483101e-01
9.040000e-03,7.466393e+00,7.302566e+00,1.256194e+00,7.473947e-01,5.623434e-01,4.411802e-01,3.606706e-01,3.023122e-01,2.598357e-01,4.180954e-01,6.459308e-01,7.163274e-01,7.570501e-01,7.678721e-01,8.122981e-01,8.478028e-01
9.042500e-03,7.466410e+00,7.303517e+00,1.262269e+00,7.473945e-01,5.623434e-01,4.411802e-01,3.606706e-01,3.023121e-01,2.598356e-01,4.174653e-01,6.458492e-01,7.170410e-01,7.581829e-01,7.688425e-01,8.124178e-01,8.470176e-01
9.045000e-03,7.466543e+00,7.304312e+00,1.267498e+00,7.473944e-01,5.623434e-01,4.411801e-01,3.606706e-01,3.023122e-01,2.598354e-01,4.169029e-01,6.459091e-01,7.177839e-01,7.593058e-01,7.699111e-01,8.127768e-01,8.460400e-01
9.047500e-03,7.466728e+00,7.304991e+00,1.272133e+00,7.473943e-01,5.623434e-01,4.411801e-01,3.606705e-01,3.023124e-01,2.598353e-01,4.164074e-01,6.460650e-01,7.185436e-01,7.604177e-01,7.710641e-01,8.133694e-01,8.450357e-01
9.050000e-03,7.466895e+00,7.305587e+00,1.276294e+00,7.473943e-01,5.623433e-01,4.411801e-01,3.606705e-01,3.023124e-01,2.598353e-01,4.159756e-01,6.461794e-01,7.193152e-01,7.615321e-01,7.722458e-01,8.141290e-01,8.441666e-01
9.052500e-03,7.467023e+00,7.306102e+00,1.280015e+00,7.473946e-01,5.623433e-01,4.411801e-01,3.606704e-01,3.023124e-01,2.598354e-01,4.156022e-01,6.462486e-01,7.201316e-01,7.626614e-01,7.733536e-01,8.149552e-01,8.435152e-01
9.055000e-03,7.467103e+00,7.306550e+00,1.283323e+00,7.473949e-01,5.623434e-01,4.411801e-01,3.606704e-01,3.023123e-01,2.598355e-01,4.152783e-01,6.463626e-01,7.210092e-01,7.638068e-01,7.742689e-01,8.157216e-01,8.430871e-01
9.057500e-03,7.467124e+00,7.306949e+00,1.286300e+00,7.473949e-01,5.623434e-01,4.411800e-01,3.606704e-01,3.023123e-01,2.598355e-01,4.149996e-01,6.465711e-01,7.219063e-01,7.649623e-01,7.749058e-01,8.163336e-01,8.428765e-01
9.060000e-03,7.467082e+00,7.307297e+00,1.288983e+00,7.473948e-01,5.623435e-01,4.411800e-01,3.606704e-01,3.023123e-01,2.598355e-01,4.147627e-01,6.468558e-01,7.227823e-01,7.661139e-01,7.752278e-01,8.167817e-01,8.428848e-01
9.062500e-03,7.466975e+00,7.307600e+00,1.291432e+00,7.473946e-01,5.623436e-01,4.411801e-01,3.606704e-01,3.023123e-01,2.598355e-01,4.145683e-01,6.471868e-01,7.236425e-01,7.672249e-01,7.752362e-01,8.170899e-01,8.430864e-01
9.065000e-03,7.466790e+00,7.307865e+00,1.293680e+00,7.473943e-01,5.623436e-01,4.411801e-01,3.606703e-01,3.023123e-01,2.598354e-01,4.144165e-01,6.475541e-01,7.245175e-01,7.682352e-01,7.749566e-01,8.172345e-01,8.434441e-01
9.067500e-03,7.466526e+00,7.308090e+00,1.295754e+00,7.473942e-01,5.623435e-01,4.411801e-01,3.606703e-01,3.023123e-01,2.598354e-01,4.143100e-01,6.479737e-01,7.254243e-01,7.690905e-01,7.744308e-01,8.171464e-01,8.439671e-01
9.070000e-03,7.466185e+00,7.308275e+00,1.297719e+00,7.473941e-01,5.623435e-01,4.411801e-01,3.606703e-01,3.023123e-01,2.598354e-01,4.142554e-01,6.484659e-01,7.263545e-01,7.697653e-01,7.737054e-01,8.167731e-01,8.447230e-01
9.072500e-03,7.465757e+00,7.308418e+00,1.299609e+00,7.473941e-01,5.623434e-01,4.411801e-01,3.606704e-01,3.023123e-01,2.598354e-01,4.142587e-01,6.490274e-01,7.272905e-01,7.702561e-01,7.728168e-01,8.161195e-01,8.457237e-01
9.075000e-03,7.465224e+00,7.308520e+00,1.301458e+00,7.473941e-01,5.623434e-01,4.411801e-01,3.606705e-01,3.023122e-01,2.598354e-01,4.143253e-01,6.496513e-01,7.282193e-01,7.705629e-01,7.717838e-01,8.152277e-01,8.469290e-01
9.077500e-03,7.464565e+00,7.308579e+00,1.303271e+00,7.473942e-01,5.623433e-01,4.411800e-01,3.606704e-01,3.023122e-01,2.598354e-01,4.144621e-01,6.503309e-01,7.291327e-01,7.706867e-01,7.706174e-01,8.141306e-01,8.482340e-01
9.080000e-03,7.463769e+00,7.308590e+00,1.305051e+00,7.473942e-01,5.623432e-01,4.411800e-01,3.606704e-01,3.023123e-01,2.598354e-01,4.146763e-01,6.510634e-01,7.300172e-01,7.706387e-01,7.693311e-01,8.128351e-01,8.495610e-01
9.082500e-03,7.462826e+00,7.308548e+00,1.306803e+00,7.473942e-01,5.623432e-01,4.411800e-01,3.606704e-01,3.023124e-01,2.598353e-01,4.149766e-01,6.518470e-01,7.308476e-01,7.704391e-01,7.679525e-01,8.113426e-01,8.508501e-01
9.085000e-03,7.461721e+00,7.308448e+00,1.308517e+00,7.473941e-01,5.623432e-01,4.411799e-01,3.606703e-01,3.023123e-01,2.598353e-01,4.153719e-01,6.526763e-01,7.315901e-01,7.701044e-01,7.665255e-01,8.096841e-01,8.520517e-01
9.087500e-03,7.460445e+00,7.308282e+00,1.310178e+00,7.473942e-01,5.623433e-01,4.411799e-01,3.606704e-01,3.023123e-01,2.598354e-01,4.158719e-01,6.535452e-01,7.322114e-01,7.696388e-01,7.650993e-01,8.079316e-01,8.530998e-01
9.090000e-03,7.458993e+00,7.308042e+00,1.311766e+00,7.473942e-01,5.623433e-01,4.411798e-01,3.606704e-01,3.023122e-01,2.598354e-01,4.164867e-01,6.544485e-01,7.326883e-01,7.690398e-01,7.637131e-01,8.061733e-01,8.539704e-01
9.092500e-03,7.457354e+00,7.307719e+00,1.313268e+00,7.473942e-01,5.623432e-01,4.411798e-01,3.606703e-01,3.023122e-01,2.598354e-01,4.172268e-01,6.553816e-01,7.330115e-01,7.683120e-01,7.623888e-01,8.044821e-01,8.546284e-01
9.095000e-03,7.456060e+00,7.307303e+00,1.314613e+00,7.473940e-01,5.623433e-01,4.411797e-01,3.606703e-01,3.023123e-01,2.598353e-01,4.180994e-01,6.563358e-01,7.331815e-01,7.674723e-01,7.611354e-01,8.028998e-01,8.551279e-01
9.097500e-03,7.454644e+00,7.306776e+00,1.315671e+00,7.473939e-01,5.623433e-01,4.411797e-01,3.606703e-01,3.023123e-01,2.598353e-01,4.191097e-01,6.572953e-01,7.332024e-01,7.665441e-01,7.599577e-01,8.014414e-01,8.554834e-01
9.100000e-03,7.453103e+00,7.306122e+00,1.316312e+00,7.473937e-01,5.623433e-01,4.411797e-01,3.606702e-01,3.023123e-01,2.598353e-01,4.202645e-01,6.582392e-01,7.330818e-01,7.655459e-01,7.588665e-01,8.001101e-01,8.557569e-01
9.102500e-03,7.451440e+00,7.305326e+00,1.316368e+00,7.473937e-01,5.623433e-01,4.411797e-01,3.606702e-01,3.023123e-01,2.598353e-01,4.215633e-01,6.591437e-01,7.328238e-01,7.644857e-01,7.578808e-01,7.989122e-01,8.559709e-01
9.105000e-03,7.449667e+00,7.304377e+00,1.315669e+00,7.473937e-01,5.623432e-01,4.411798e-01,3.606702e-01,3.023123e-01,2.598353e-01,4.230040e-01,6.599824e-01,7.324229e-01,7.633638e-01,7.570248e-01,7.978726e-01,8.561551e-01
9.107500e-03,7.447787e+00,7.303258e+00,1.314110e+00,7.473937e-01,5.623431e-01,4.411798e-01,3.606702e-01,3.023122e-01,2.598353e-01,4.245816e-01,6.607329e-01,7.318734e-01,7.621820e-01,7.563180e-01,7.970333e-01,8.563151e-01
9.110000e-03,7.445741e+00,7.301951e+00,1.311680e+00,7.473937e-01,5.623430e-01,4.411798e-01,3.606702e-01,3.023122e-01,2.598353e-01,4.263040e-01,6.613655e-01,7.311773e-01,7.609507e-01,7.557667e-01,7.964388e-01,8.564536e-01
9.112500e-03,7.443569e+00,7.300425e+00,1.308533e+00,7.473937e-01,5.623429e-01,4.411798e-01,3.606702e-01,3.023122e-01,2.598353e-01,4.281826e-01,6.618610e-01,7.303451e-01,7.596870e-01,7.553585e-01,7.961072e-01,8.565651e-01
9.115000e-03,7.441184e+00,7.298628e+00,1.304351e+00,7.473939e-01,5.623429e-01,4.411797e-01,3.606703e-01,3.023122e-01,2.598353e-01,4.302150e-01,6.622279e-01,7.293925e-01,7.584095e-01,7.550643e-01,7.960162e-01,8.566761e-01
9.117500e-03,7.438745e+00,7.296507e+00,1.298510e+00,7.473941e-01,5.623428e-01,4.411796e-01,3.606703e-01,3.023122e-01,2.598353e-01,4.323500e-01,6.624648e-01,7.283340e-01,7.571363e-01,7.548429e-01,7.961029e-01,8.568117e-01
9.120000e-03,7.436242e+00,7.293996e+00,1.291116e+00,7.473942e-01,5.623428e-01,4.411795e-01,3.606702e-01,3.023122e-01,2.598353e-01,4.346066e-01,6.625454e-01,7.271826e-01,7.558846e-01,7.546502e-01,7.962844e-01,8.569990e-01
9.122500e-03,7.433772e+00,7.291042e+00,1.282001e+00,7.473943e-01,5.623428e-01,4.411795e-01,3.606702e-01,3.023122e-01,2.598353e-01,4.369630e-01,6.624801e-01,7.259528e-01,7.546691e-01,7.544507e-01,7.964837e-01,8.572417e-01
9.125000e-03,7.431234e+00,7.287631e+00,1.271481e+00,7.473942e-01,5.623429e-01,4.411794e-01,3.606701e-01,3.023122e-01,2.598353e-01,4.394037e-01,6.622335e-01,7.246620e-01,7.535026e-01,7.542256e-01,7.966537e-01,8.574935e-01
9.127500e-03,7.428693e+00,7.284408e+00,1.275147e+00,7.473940e-01,5.623430e-01,4.411793e-01,3.606701e-01,3.023122e-01,2.598353e-01,4.418350e-01,6.618484e-01,7.233258e-01,7.523938e-01,7.539786e-01,7.967900e-01,8.576981e-01
9.130000e-03,7.426212e+00,7.281683e+00,1.292339e+00,7.473939e-01,5.623430e-01,4.411793e-01,3.606700e-01,3.023122e-01,2.598353e-01,4.442892e-01,6.613315e-01,7.219591e-01,7.513459e-01,7.537353e-01,7.969287e-01,8.578117e-01
9.132500e-03,7.423887e+00,7.278919e+00,1.309354e+00,7.473937e-01,5.623430e-01,4.411793e-01,3.606699e-01,3.023121e-01,2.598353e-01,4.467087e-01,6.607446e-01,7.205776e-01,7.503585e-01,7.535316e-01,7.971332e-01,8.578164e-01
9.135000e-03,7.421655e+00,7.276224e+00,1.324858e+00,7.473935e-01,5.623429e-01,4.411794e-01,3.606699e-01,3.023121e-01,2.598353e-01,4.490590e-01,6.600638e-01,7.191981e-01,7.494269e-01,7.533950e-01,7.974713e-01,8.577270e-01
9.137500e-03,7.419610e+00,7.273626e+00,1.338674e+00,7.473935e-01,5.623429e-01,4.411795e-01,3.606699e-01,3.023120e-01,2.598353e-01,4.513438e-01,6.591179e-01,7.178415e-01,7.485462e-01,7.533289e-01,7.979778e-01,8.575939e-01
9.140000e-03,7.417588e+00,7.271143e+00,1.351172e+00,7.473933e-01,5.623428e-01,4.411795e-01,3.606700e-01,3.023120e-01,2.598352e-01,4.536118e-01,6.580713e-01,7.165282e-01,7.477196e-01,7.533129e-01,7.986227e-01,8.574940e-01
9.142500e-03,7.415533e+00,7.268779e+00,1.362645e+00,7.473933e-01,5.623428e-01,4.411795e-01,3.606700e-01,3.023120e-01,2.598352e-01,4.558528e-01,6.570210e-01,7.152606e-01,7.469610e-01,7.533192e-01,7.993153e-01,8.574994e-01
9.145000e-03,7.413528e+00,7.266553e+00,1.372279e+00,7.473934e-01,5.623428e-01,4.411794e-01,3.606701e-01,3.023120e-01,2.598352e-01,4.579211e-01,6.559910e-01,7.140403e-01,7.462880e-01,7.533275e-01,7.999495e-01,8.576570e-01
9.147500e-03,7.411793e+00,7.264434e+00,1.380900e+00,7.473933e-01,5.623427e-01,4.411794e-01,3.606701e-01,3.023120e-01,2.598351e-01,4.598760e-01,6.549035e-01,7.128877e-01,7.457120e-01,7.533262e-01,8.004522e-01,8.579499e-01
9.150000e-03,7.409965e+00,7.262551e+00,1.387948e+00,7.473933e-01,5.623428e-01,4.411794e-01,3.606702e-01,3.023120e-01,2.598351e-01,4.617348e-01,6.536071e-01,7.118163e-01,7.452345e-01,7.533014e-01,8.007893e-01,8.582898e-01
9.152500e-03,7.408108e+00,7.260841e+00,1.392143e+00,7.473934e-01,5.623429e-01,4.411794e-01,3.606702e-01,3.023121e-01,2.598351e-01,4.633760e-01,6.521926e-01,7.108211e-01,7.448530e-01,7.532316e-01,8.009340e-01,8.585692e-01
9.155000e-03,7.406607e+00,7.259271e+00,1.394486e+00,7.473934e-01,5.623428e-01,4.411793e-01,3.606701e-01,3.023121e-01,2.598351e-01,4.647858e-01,6.508622e-01,7.098857e-01,7.445637e-01,7.530952e-01,8.008444e-01,8.587137e-01
9.157500e-03,7.405318e+00,7.257855e+00,1.395115e+00,7.473935e-01,5.623428e-01,4.411793e-01,3.606700e-01,3.023122e-01,2.598352e-01,4.659796e-01,6.495989e-01,7.089910e-01,7.443579e-01,7.528803e-01,8.004935e-01,8.586884e-01
9.160000e-03,7.404308e+00,7.256591e+00,1.393391e+00,7.473937e-01,5.623429e-01,4.411793e-01,3.606700e-01,3.023121e-01,2.598352e-01,4.669112e-01,6.484347e-01,7.081442e-01,7.442189e-01,7.525853e-01,7.999146e-01,8.584644e-01
9.162500e-03,7.403673e+00,7.255479e+00,1.390042e+00,7.473940e-01,5.623428e-01,4.411793e-01,3.606699e-01,3.023121e-01,2.598352e-01,4.675834e-01,6.473249e-01,7.073871e-01,7.441237e-01,7.522134e-01,7.991977e-01,8.579755e-01
9.165000e-03,7.403390e+00,7.254477e+00,1.385619e+00,7.473943e-01,5.623428e-01,4.411793e-01,3.606699e-01,3.023120e-01,2.598353e-01,4.679922e-01,6.461457e-01,7.067572e-01,7.440495e-01,7.517725e-01,7.984468e-01,8.571921e-01
9.167500e-03,7.403565e+00,7.253623e+00,1.380670e+00,7.473943e-01,5.623429e-01,4.411793e-01,3.606700e-01,3.023120e-01,2.598353e-01,4.681866e-01,6.448947e-01,7.062645e-01,7.439806e-01,7.512819e-01,7.977507e-01,8.561678e-01
9.170000e-03,7.404109e+00,7.252916e+00,1.375270e+00,7.473942e-01,5.623430e-01,4.411793e-01,3.606700e-01,3.023119e-01,2.598352e-01,4.681842e-01,6.438155e-01,7.058985e-01,7.439098e-01,7.507767e-01,7.971821e-01,8.550428e-01
9.172500e-03,7.404966e+00,7.252371e+00,1.369520e+00,7.473942e-01,5.623432e-01,4.411792e-01,3.606701e-01,3.023119e-01,2.598352e-01,4.680008e-01,6.430073e-01,7.056128e-01,7.438277e-01,7.502983e-01,7.968090e-01,8.539856e-01
9.175000e-03,7.406112e+00,7.251982e+00,1.363554e+00,7.473940e-01,5.623433e-01,4.411792e-01,3.606701e-01,3.023119e-01,2.598351e-01,4.676414e-01,6.423162e-01,7.053365e-01,7.437179e-01,7.498752e-01,7.966845e-01,8.531479e-01
9.177500e-03,7.407533e+00,7.251739e+00,1.357700e+00,7.473939e-01,5.623433e-01,4.411793e-01,3.606701e-01,3.023119e-01,2.598351e-01,4.671264e-01,6.416638e-01,7.050666e-01,7.435695e-01,7.495138e-01,7.968098e-01,8.526386e-01
9.180000e-03,7.409193e+00,7.251645e+00,1.352184e+00,7.473938e-01,5.623434e-01,4.411793e-01,3.606701e-01,3.023120e-01,2.598351e-01,4.664770e-01,6.410375e-01,7.048738e-01,7.433921e-01,7.492092e-01,7.971086e-01,8.525529e-01
9.182500e-03,7.411019e+00,7.251708e+00,1.347023e+00,7.473938e-01,5.623434e-01,4.411794e-01,3.606702e-01,3.023120e-01,2.598350e-01,4.657167e-01,6.405331e-01,7.047848e-01,7.432149e-01,7.489609e-01,7.974604e-01,8.529611e-01
9.185000e-03,7.412957e+00,7.251923e+00,1.342230e+00,7.473939e-01,5.623434e-01,4.411795e-01,3.606702e-01,3.023120e-01,2.598350e-01,4.648544e-01,6.401907e-01,7.047347e-01,7.430677e-01,7.487740e-01,7.977596e-01,8.538441e-01
9.187500e-03,7.414978e+00,7.252284e+00,1.337838e+00,7.473941e-01,5.623435e-01,4.411796e-01,3.606702e-01,3.023120e-01,2.598350e-01,4.639042e-01,6.399683e-01,7.046603e-01,7.429600e-01,7.486484e-01,7.979307e-01,8.550588e-01
9.190000e-03,7.417062e+00,7.252777e+00,1.333798e+00,7.473945e-01,5.623435e-01,4.411797e-01,3.606702e-01,3.023121e-01,2.598351e-01,4.628756e-01,6.398689e-01,7.045807e-01,7.428753e-01,7.485745e-01,7.979037e-01,8.563873e-01
9.192500e-03,7.419189e+00,7.253392e+00,1.330078e+00,7.473948e-01,5.623435e-01,4.411798e-01,3.606703e-01,3.023121e-01,2.598351e-01,4.617759e-01,6.398867e-01,7.045490e-01,7.427914e-01,7.485438e-01,7.976203e-01,8.576090e-01
9.195000e-03,7.421347e+00,7.254137e+00,1.326604e+00,7.473950e-01,5.623436e-01,4.411798e-01,3.606704e-01,3.023121e-01,2.598352e-01,4.606119e-01,6.399960e-01,7.045797e-01,7.427072e-01,7.485617e-01,7.970788e-01,8.585488e-01
9.197500e-03,7.423518e+00,7.254972e+00,1.323314e+00,7.473951e-01,5.623437e-01,4.411799e-01,3.606705e-01,3.023121e-01,2.598352e-01,4.593949e-01,6.401742e-01,7.046568e-01,7.426411e-01,7.486466e-01,7.963594e-01,8.590688e-01
9.200000e-03,7.425689e+00,7.255888e+00,1.320283e+00,7.473951e-01,5.623439e-01,4.411798e-01,3.606705e-01,3.023121e-01,2.598353e-01,4.581455e-01,6.404137e-01,7.047627e-01,7.426004e-01,7.488193e-01,7.955938e-01,8.590730e-01
9.202500e-03,7.427840e+00,7.256879e+00,1.317479e+00,7.473950e-01,5.623440e-01,4.411798e-01,3.606706e-01,3.023122e-01,2.598352e-01,4.568649e-01,6.407058e-01,7.048766e-01,7.425668e-01,7.490961e-01,7.949200e-01,8.585260e-01
9.205000e-03,7.429844e+00,7.257960e+00,1.314501e+00,7.473949e-01,5.623440e-01,4.411799e-01,3.606706e-01,3.023122e-01,2.598352e-01,4.555431e-01,6.410295e-01,7.049825e-01,7.425212e-01,7.494848e-01,7.944568e-01,8.574855e-01
9.207500e-03,7.431854e+00,7.259078e+00,1.310880e+00,7.473949e-01,5.623439e-01,4.411800e-01,3.606705e-01,3.023123e-01,2.598352e-01,4.541492e-01,6.413857e-01,7.050863e-01,7.424722e-01,7.499826e-01,7.942825e-01,8.560777e-01
9.210000e-03,7.433820e+00,7.260223e+00,1.307131e+00,7.473949e-01,5.623438e-01,4.411801e-01,3.606705e-01,3.023124e-01,2.598352e-01,4.527492e-01,6.417771e-01,7.052106e-01,7.424529e-01,7.505762e-01,7.944126e-01,8.544628e-01
9.212500e-03,7.435796e+00,7.261382e+00,1.303287e+00,7.473949e-01,5.623438e-01,4.411801e-01,3.606705e-01,3.023124e-01,2.598353e-01,4.513349e-01,6.421752e-01,7.053739e-01,7.424965e-01,7.512458e-01,7.948066e-01,8.527960e-01
9.215000e-03,7.437613e+00,7.262589e+00,1.299089e+00,7.473949e-01,5.623438e-01,4.411801e-01,3.606705e-01,3.023124e-01,2.598354e-01,4.499415e-01,6.425252e-01,7.055778e-01,7.426192e-01,7.519692e-01,7.954064e-01,8.511915e-01
9.217500e-03,7.439261e+00,7.263844e+00,1.294355e+00,7.473948e-01,5.623438e-01,4.411800e-01,3.606706e-01,3.023123e-01,2.598355e-01,4.485604e-01,6.428028e-01,7.058114e-01,7.428215e-01,7.527237e-01,7.961667e-01,8.497238e-01
9.220000e-03,7.440744e+00,7.265117e+00,1.289027e+00,7.473948e-01,5.623438e-01,4.411800e-01,3.606707e-01,3.023123e-01,2.598355e-01,4.472031e-01,6.430411e-01,7.060652e-01,7.430988e-01,7.534878e-01,7.970491e-01,8.484167e-01
9.222500e-03,7.442173e+00,7.266360e+00,1.283366e+00,7.473947e-01,5.623438e-01,4.411800e-01,3.606707e-01,3.023123e-01,2.598355e-01,4.458454e-01,6.432821e-01,7.063343e-01,7.434480e-01,7.542402e-01,7.980136e-01,8.472932e-01
9.225000e-03,7.443552e+00,7.267585e+00,1.278050e+00,7.473947e-01,5.623438e-01,4.411800e-01,3.606707e-01,3.023123e-01,2.598354e-01,4.445442e-01,6.434988e-01,7.066237e-01,7.438673e-01,7.549604e-01,7.990249e-01,8.463829e-01
9.227500e-03,7.444852e+00,7.268792e+00,1.272583e+00,7.473947e-01,5.623439e-01,4.411801e-01,3.606707e-01,3.023124e-01,2.598354e-01,4.432697e-01,6.436386e-01,7.069534e-01,7.443534e-01,7.556305e-01,8.000577e-01,8.456907e-01
9.230000e-03,7.446111e+00,7.269989e+00,1.267073e+00,7.473947e-01,5.623439e-01,4.411801e-01,3.606707e-01,3.023124e-01,2.598354e-01,4.420403e-01,6.436814e-01,7.073415e-01,7.449010e-01,7.562359e-01,8.010849e-01,8.452061e-01
9.232500e-03,7.447425e+00,7.271158e+00,1.261417e+00,7.473947e-01,5.623438e-01,4.411800e-01,3.606706e-01,3.023124e-01,2.598353e-01,4.408372e-01,6.436759e-01,7.077806e-01,7.455061e-01,7.567670e-01,8.020611e-01,8.448894e-01
9.235000e-03,7.448616e+00,7.272335e+00,1.255691e+00,7.473949e-01,5.623438e-01,4.411800e-01,3.606706e-01,3.023124e-01,2.598354e-01,4.396819e-01,6.436927e-01,7.082419e-01,7.461653e-01,7.572227e-01,8.029289e-01,8.447208e-01
9.237500e-03,7.449734e+00,7.273482e+00,1.250144e+00,7.473951e-01,5.623438e-01,4.411801e-01,3.606706e-01,3.023124e-01,2.598354e-01,4.385661e-01,6.437276e-01,7.087081e-01,7.468740e-01,7.576122e-01,8.036470e-01,8.447117e-01
9.240000e-03,7.450788e+00,7.274618e+00,1.244469e+00,7.473951e-01,5.623438e-01,4.411802e-01,3.606705e-01,3.023124e-01,2.598355e-01,4.374897e-01,6.437200e-01,7.091881e-01,7.476226e-01,7.579552e-01,8.042132e-01,8.448465e-01
9.242500e-03,7.451816e+00,7.275731e+00,1.238788e+00,7.473951e-01,5.623439e-01,4.411802e-01,3.606705e-01,3.023124e-01,2.598355e-01,4.364475e-01,6.436356e-01,7.097094e-01,7.483994e-01,7.582781e-01,8.046656e-01,8.450828e-01
9.245000e-03,7.452778e+00,7.276860e+00,1.232856e+00,7.473950e-01,5.623439e-01,4.411802e-01,3.606705e-01,3.023124e-01,2.598355e-01,4.354367e-01,6.435405e-01,7.102868e-01,7.491944e-01,7.586088e-01,8.050587e-01,8.453809e-01
9.247500e-03,7.453679e+00,7.277983e+00,1.226940e+00,7.473949e-01,5.623440e-01,4.411802e-01,3.606705e-01,3.023123e-01,2.598355e-01,4.344493e-01,6.434608e-01,7.109034e-01,7.499990e-01,7.589711e-01,8.054340e-01,8.457331e-01
9.250000e-03,7.454584e+00,7.279122e+00,1.220839e+00,7.473947e-01,5.623439e-01,4.411802e-01,3.606706e-01,3.023123e-01,2.598355e-01,4.334859e-01,6.433843e-01,7.115342e-01,7.508035e-01,7.593812e-01,8.058087e-01,8.461453e-01
9.252500e-03,7.455422e+00,7.280280e+00,1.214390e+00,7.473952e-01,5.623439e-01,4.411803e-01,3.606706e-01,3.023123e-01,2.598355e-01,4.325105e-01,6.433060e-01,7.121783e-01,7.515991e-01,7.598447e-01,8.061836e-01,8.466307e-01
9.255000e-03,7.456323e+00,7.281446e+00,1.207727e+00,7.473950e-01,5.623438e-01,4.411803e-01,3.606706e-01,3.023123e-01,2.598354e-01,4.315204e-01,6.432440e-01,7.128605e-01,7.523833e-01,7.603540e-01,8.065541e-01,8.471857e-01
9.257500e-03,7.457217e+00,7.282648e+00,1.200951e+00,7.473949e-01,5.623437e-01,4.411803e-01,3.606707e-01,3.023123e-01,2.598354e-01,4.305366e-01,6.432116e-01,7.135884e-01,7.531627e-01,7.608895e-01,8.069058e-01,8.477863e-01
9.260000e-03,7.458353e+00,7.283889e+00,1.194138e+00,7.473950e-01,5.623440e-01,4.411803e-01,3.606707e-01,3.023124e-01,2.598354e-01,4.295601e-01,6.432016e-01,7.143435e-01,7.539473e-01,7.614271e-01,8.072045e-01,8.483868e-01
9.262500e-03,7.459455e+00,7.285171e+00,1.187358e+00,7.473950e-01,5.623439e-01,4.411802e-01,3.606707e-01,3.023124e-01,2.598354e-01,4.285889e-01,6.432508e-01,7.151073e-01,7.547401e-01,7.619533e-01,8.074054e-01,8.489604e-01
9.265000e-03,7.460482e+00,7.286754e+00,1.186796e+00,7.473951e-01,5.623439e-01,4.411802e-01,3.606707e-01,3.023124e-01,2.598354e-01,4.276193e-01,6.433637e-01,7.158590e-01,7.555313e-01,7.624767e-01,8.074869e-01,8.494670e-01
9.267500e-03,7.461423e+00,7.288604e+00,1.193633e+00,7.473952e-01,5.623439e-01,4.411803e-01,3.606706e-01,3.023125e-01,2.598354e-01,4.266611e-01,6.434945e-01,7.165787e-01,7.563059e-01,7.630263e-01,8.074777e-01,8.498518e-01
9.270000e-03,7.462240e+00,7.290387e+00,1.200559e+00,7.473952e-01,5.623440e-01,4.411802e-01,3.606706e-01,3.023125e-01,2.598355e-01,4.257185e-01,6.436429e-01,7.172635e-01,7.570560e-01,7.636336e-01,8.074550e-01,8.500482e-01
9.272500e-03,7.462895e+00,7.292129e+00,1.207651e+00,7.473952e-01,5.623440e-01,4.411802e-01,3.606706e-01,3.023124e-01,2.598355e-01,4.247857e-01,6.438704e-01,7.179254e-01,7.577858e-01,7.643130e-01,8.075161e-01,8.500086e-01
9.275000e-03,7.463510e+00,7.293756e+00,1.214789e+00,7.473953e-01,5.623440e-01,4.411802e-01,3.606706e-01,3.023124e-01,2.598355e-01,4.238834e-01,6.441784e-01,7.185756e-01,7.585040e-01,7.650519e-01,8.077377e-01,8.497337e-01
9.277500e-03,7.464055e+00,7.295277e+00,1.221728e+00,7.473953e-01,5.623440e-01,4.411803e-01,3.606706e-01,3.023124e-01,2.598355e-01,4.230028e-01,6.445660e-01,7.192150e-01,7.592182e-01,7.658174e-01,8.081450e-01,8.492661e-01
9.280000e-03,7.464475e+00,7.296704e+00,1.228500e+00,7.473951e-01,5.623440e-01,4.411803e-01,3.606705e-01,3.023124e-01,2.598355e-01,4.221618e-01,6.450228e-01,7.198384e-01,7.599314e-01,7.665692e-01,8.087127e-01,8.486905e-01
9.282500e-03,7.464783e+00,7.298013e+00,1.234917e+00,7.473948e-01,5.623440e-01,4.411803e-01,3.606705e-01,3.023124e-01,2.598355e-01,4.213634e-01,6.455165e-01,7.204418e-01,7.606399e-01,7.672699e-01,8.093904e-01,8.481136e-01
9.285000e-03,7.465013e+00,7.299240e+00,1.241313e+00,7.473947e-01,5.623440e-01,4.411803e-01,3.606706e-01,3.023124e-01,2.598355e-01,4.206164e-01,6.459761e-01,7.210167e-01,7.613334e-01,7.678892e-01,8.101297e-01,8.476219e-01
9.287500e-03,7.465056e+00,7.300379e+00,1.247542e+00,7.473946e-01,5.623440e-01,4.411803e-01,3.606706e-01,3.023123e-01,2.598355e-01,4.199255e-01,6.464291e-01,7.215482e-01,7.620000e-01,7.684064e-01,8.108908e-01,8.472829e-01
9.290000e-03,7.464995e+00,7.301408e+00,1.253520e+00,7.473946e-01,5.623439e-01,4.411804e-01,3.606706e-01,3.023123e-01,2.598355e-01,4.193046e-01,6.469551e-01,7.220345e-01,7.626278e-01,7.688131e-01,8.116323e-01,8.471407e-01
9.292500e-03,7.464767e+00,7.302343e+00,1.259254e+00,7.473946e-01,5.623437e-01,4.411804e-01,3.606706e-01,3.023123e-01,2.598355e-01,4.187582e-01,6.475433e-01,7.224894e-01,7.632021e-01,7.691112e-01,8.123030e-01,8.472301e-01
9.295000e-03,7.464465e+00,7.303140e+00,1.264576e+00,7.473946e-01,5.623436e-01,4.411804e-01,3.606706e-01,3.023124e-01,2.598354e-01,4.182982e-01,6.481317e-01,7.229282e-01,7.637059e-01,7.693032e-01,8.128438e-01,8.475535e-01
9.297500e-03,7.464078e+00,7.303822e+00,1.269649e+00,7.473946e-01,5.623436e-01,4.411805e-01,3.606707e-01,3.023124e-01,2.598354e-01,4.179383e-01,6.486981e-01,7.233716e-01,7.641271e-01,7.693877e-01,8.131898e-01,8.480925e-01
9.300000e-03,7.463557e+00,7.304401e+00,1.274589e+00,7.473946e-01,5.623436e-01,4.411804e-01,3.606707e-01,3.023124e-01,2.598354e-01,4.176930e-01,6.492549e-01,7.238329e-01,7.644640e-01,7.693693e-01,8.132781e-01,8.487957e-01
9.302500e-03,7.462894e+00,7.304877e+00,1.279360e+00,7.473946e-01,5.623436e-01,4.411803e-01,3.606707e-01,3.023124e-01,2.598354e-01,4.175682e-01,6.498160e-01,7.242973e-01,7.647237e-01,7.692656e-01,8.130823e-01,8.495931e-01
9.305000e-03,7.462078e+00,7.305246e+00,1.283806e+00,7.473947e-01,5.623436e-01,4.411802e-01,3.606707e-01,3.023124e-01,2.598355e-01,4.175629e-01,6.503797e-01,7.247331e-01,7.649149e-01,7.690976e-01,8.126431e-01,8.504061e-01
9.307500e-03,7.461131e+00,7.305499e+00,1.287872e+00,7.473946e-01,5.623436e-01,4.411802e-01,3.606707e-01,3.023125e-01,2.598355e-01,4.176794e-01,6.509254e-01,7.251231e-01,7.650408e-01,7.688724e-01,8.120458e-01,8.511394e-01
9.310000e-03,7.460085e+00,7.305634e+00,1.291485e+00,7.473946e-01,5.623436e-01,4.411801e-01,3.606706e-01,3.023125e-01,2.598355e-01,4.179155e-01,6.514513e-01,7.254715e-01,7.650997e-01,7.685808e-01,8.113596e-01,8.517074e-01
9.312500e-03,7.458919e+00,7.305654e+00,1.294577e+00,7.473945e-01,5.623436e-01,4.411801e-01,3.606705e-01,3.023125e-01,2.598355e-01,4.182664e-01,6.519592e-01,7.257880e-01,7.650927e-01,7.682117e-01,8.106102e-01,8.520679e-01
9.315000e-03,7.457662e+00,7.305558e+00,1.297112e+00,7.473943e-01,5.623435e-01,4.411801e-01,3.606705e-01,3.023125e-01,2.598355e-01,4.187298e-01,6.524492e-01,7.260768e-01,7.650281e-01,7.677634e-01,8.098007e-01,8.522376e-01
9.317500e-03,7.456616e+00,7.305343e+00,1.299051e+00,7.473941e-01,5.623434e-01,4.411801e-01,3.606705e-01,3.023125e-01,2.598355e-01,4.193024e-01,6.529156e-01,7.263357e-01,7.649164e-01,7.672414e-01,8.089437e-01,8.522455e-01
9.320000e-03,7.455636e+00,7.305009e+00,1.300372e+00,7.473939e-01,5.623433e-01,4.411800e-01,3.606704e-01,3.023124e-01,2.598355e-01,4.199802e-01,6.533578e-01,7.265570e-01,7.647609e-01,7.666531e-01,8.080747e-01,8.521109e-01
9.322500e-03,7.454623e+00,7.304559e+00,1.301040e+00,7.473939e-01,5.623432e-01,4.411800e-01,3.606704e-01,3.023124e-01,2.598356e-01,4.207560e-01,6.537863e-01,7.267281e-01,7.645546e-01,7.660048e-01,8.072403e-01,8.518574e-01
9.325000e-03,7.453565e+00,7.303994e+00,1.300981e+00,7.473939e-01,5.623431e-01,4.411799e-01,3.606704e-01,3.023124e-01,2.598356e-01,4.216196e-01,6.542026e-01,7.268417e-01,7.642881e-01,7.653018e-01,8.064737e-01,8.515150e-01
9.327500e-03,7.452474e+00,7.303313e+00,1.300196e+00,7.473939e-01,5.623430e-01,4.411799e-01,3.606704e-01,3.023124e-01,2.598355e-01,4.225649e-01,6.545970e-01,7.269015e-01,7.639542e-01,7.645504e-01,8.057742e-01,8.511344e-01
9.330000e-03,7.451337e+00,7.302518e+00,1.298732e+00,7.473939e-01,5.623430e-01,4.411798e-01,3.606704e-01,3.023124e-01,2.598355e-01,4.235881e-01,6.549628e-01,7.269164e-01,7.635490e-01,7.637623e-01,8.051136e-01,8.507990e-01
9.332500e-03,7.450151e+00,7.301607e+00,1.296654e+00,7.473938e-01,5.623430e-01,4.411797e-01,3.606703e-01,3.023124e-01,2.598355e-01,4.246865e-01,6.553013e-01,7.268899e-01,7.630694e-01,7.629565e-01,8.044652e-01,8.505771e-01
9.335000e-03,7.448930e+00,7.300574e+00,1.294050e+00,7.473938e-01,5.623430e-01,4.411796e-01,3.606703e-01,3.023123e-01,2.598355e-01,4.258556e-01,6.556147e-01,7.268169e-01,7.625146e-01,7.621551e-01,8.038237e-01,8.505121e-01
9.337500e-03,7.447613e+00,7.299426e+00,1.290823e+00,7.473938e-01,5.623430e-01,4.411796e-01,3.606702e-01,3.023123e-01,2.598354e-01,4.270794e-01,6.558942e-01,7.266882e-01,7.618883e-01,7.613763e-01,8.031995e-01,8.505970e-01
9.340000e-03,7.446275e+00,7.298106e+00,1.286795e+00,7.473939e-01,5.623431e-01,4.411795e-01,3.606702e-01,3.023123e-01,2.598354e-01,4.283710e-01,6.561207e-01,7.264938e-01,7.611999e-01,7.606288e-01,8.026049e-01,8.508091e-01
9.342500e-03,7.444898e+00,7.296624e+00,1.281964e+00,7.473940e-01,5.623431e-01,4.411795e-01,3.606701e-01,3.023123e-01,2.598354e-01,4.297101e-01,6.563086e-01,7.262279e-01,7.604626e-01,7.599110e-01,8.020462e-01,8.511142e-01
9.345000e-03,7.443474e+00,7.294980e+00,1.276499e+00,7.473940e-01,5.623431e-01,4.411795e-01,3.606701e-01,3.023122e-01,2.598354e-01,4.310980e-01,6.564526e-01,7.258886e-01,7.596921e-01,7.592136e-01,8.015238e-01,8.514857e-01
9.347500e-03,7.442081e+00,7.293142e+00,1.270182e+00,7.473939e-01,5.623431e-01,4.411795e-01,3.606700e-01,3.023122e-01,2.598354e-01,4.325244e-01,6.565502e-01,7.254779e-01,7.589033e-01,7.585229e-01,8.010279e-01,8.519052e-01
9.350000e-03,7.440659e+00,7.291146e+00,1.263460e+00,7.473939e-01,5.623430e-01,4.411795e-01,3.606700e-01,3.023121e-01,2.598354e-01,4.339995e-01,6.565997e-01,7.250018e-01,7.581067e-01,7.578258e-01,8.005372e-01,8.523605e-01
9.352500e-03,7.439222e+00,7.288937e+00,1.256019e+00,7.473940e-01,5.623430e-01,4.411796e-01,3.606700e-01,3.023121e-01,2.598353e-01,4.355050e-01,6.566172e-01,7.244647e-01,7.573069e-01,7.571181e-01,8.000222e-01,8.528408e-01
9.355000e-03,7.437752e+00,7.286490e+00,1.247638e+00,7.473940e-01,5.623430e-01,4.411796e-01,3.606700e-01,3.023120e-01,2.598353e-01,4.370015e-01,6.566372e-01,7.238686e-01,7.565032e-01,7.564136e-01,7.994670e-01,8.533381e-01
9.357500e-03,7.436340e+00,7.284497e+00,1.253511e+00,7.473940e-01,5.623430e-01,4.411796e-01,3.606700e-01,3.023120e-01,2.598353e-01,4.384972e-01,6.566062e-01,7.232153e-01,7.556927e-01,7.557434e-01,7.988967e-01,8.538180e-01
9.360000e-03,7.434948e+00,7.282680e+00,1.263976e+00,7.473939e-01,5.623430e-01,4.411795e-01,3.606701e-01,3.023119e-01,2.598352e-01,4.399913e-01,6.564867e-01,7.225094e-01,7.548718e-01,7.551427e-01,7.983809e-01,8.542256e-01
9.362500e-03,7.433629e+00,7.280845e+00,1.274626e+00,7.473937e-01,5.623430e-01,4.411795e-01,3.606702e-01,3.023119e-01,2.598352e-01,4.414864e-01,6.563491e-01,7.217588e-01,7.540387e-01,7.546315e-01,7.979967e-01,8.545210e-01
9.365000e-03,7.432346e+00,7.279045e+00,1.285045e+00,7.473935e-01,5.623430e-01,4.411795e-01,3.606702e-01,3.023120e-01,2.598351e-01,4.429844e-01,6.561710e-01,7.209695e-01,7.531946e-01,7.542055e-01,7.977733e-01,8.547040e-01
9.367500e-03,7.431022e+00,7.277319e+00,1.294803e+00,7.473935e-01,5.623430e-01,4.411796e-01,3.606702e-01,3.023121e-01,2.598351e-01,4.444612e-01,6.558625e-01,7.201452e-01,7.523480e-01,7.538422e-01,7.976664e-01,8.548284e-01
9.370000e-03,7.429756e+00,7.275649e+00,1.303641e+00,7.473935e-01,5.623429e-01,4.411796e-01,3.606702e-01,3.023121e-01,2.598351e-01,4.458896e-01,6.554719e-01,7.192927e-01,7.515160e-01,7.535159e-01,7.975845e-01,8.549600e-01
9.372500e-03,7.428496e+00,7.274037e+00,1.312117e+00,7.473935e-01,5.623428e-01,4.411796e-01,3.606702e-01,3.023121e-01,2.598351e-01,4.473241e-01,6.550662e-01,7.184298e-01,7.507177e-01,7.532082e-01,7.974460e-01,8.551258e-01
9.375000e-03,7.427241e+00,7.272479e+00,1.320008e+00,7.473937e-01,5.623428e-01,4.411795e-01,3.606702e-01,3.023121e-01,2.598352e-01,4.487448e-01,6.546944e-01,7.175734e-01,7.499638e-01,7.529087e-01,7.972171e-01,8.552830e-01
9.377500e-03,7.426012e+00,7.270982e+00,1.327458e+00,7.473939e-01,5.623429e-01,4.411794e-01,3.606702e-01,3.023121e-01,2.598352e-01,4.501424e-01,6.543049e-01,7.167238e-01,7.492536e-01,7.526083e-01,7.969078e-01,8.553494e-01
9.380000e-03,7.424716e+00,7.269595e+00,1.334158e+00,7.473940e-01,5.623429e-01,4.411793e-01,3.606702e-01,3.023121e-01,2.598352e-01,4.515073e-01,6.537924e-01,7.158777e-01,7.485811e-01,7.522944e-01,7.965452e-01,8.552547e-01
9.382500e-03,7.423451e+00,7.268260e+00,1.339942e+00,7.473940e-01,5.623430e-01,4.411793e-01,3.606701e-01,3.023122e-01,2.598352e-01,4.527470e-01,6.531583e-01,7.150342e-01,7.479407e-01,7.519545e-01,7.961519e-01,8.549788e-01
9.385000e-03,7.422354e+00,7.266982e+00,1.345075e+00,7.473940e-01,5.623431e-01,4.411793e-01,3.606701e-01,3.023122e-01,2.598353e-01,4.539081e-01,6.524697e-01,7.141825e-01,7.473264e-01,7.515863e-01,7.957486e-01,8.545443e-01
9.387500e-03,7.421408e+00,7.265773e+00,1.349739e+00,7.473939e-01,5.623432e-01,4.411793e-01,3.606700e-01,3.023122e-01,2.598353e-01,4.550061e-01,6.518123e-01,7.133118e-01,7.467337e-01,7.512008e-01,7.953781e-01,8.539938e-01
9.390000e-03,7.420482e+00,7.264682e+00,1.354152e+00,7.473938e-01,5.623433e-01,4.411793e-01,3.606700e-01,3.023121e-01,2.598353e-01,4.560620e-01,6.511405e-01,7.124350e-01,7.461626e-01,7.508133e-01,7.951117e-01,8.533700e-01
9.392500e-03,7.419556e+00,7.263716e+00,1.357717e+00,7.473937e-01,5.623433e-01,4.411794e-01,3.606700e-01,3.023121e-01,2.598353e-01,4.570376e-01,6.504008e-01,7.115915e-01,7.456145e-01,7.504334e-01,7.950164e-01,8.527300e-01
9.395000e-03,7.418726e+00,7.262834e+00,1.360178e+00,7.473936e-01,5.623432e-01,4.411794e-01,3.606700e-01,3.023120e-01,2.598353e-01,4.578825e-01,6.496218e-01,7.108251e-01,7.450891e-01,7.500669e-01,7.951174e-01,8.521620e-01
9.397500e-03,7.418089e+00,7.262017e+00,1.361216e+00,7.473935e-01,5.623432e-01,4.411795e-01,3.606701e-01,3.023120e-01,2.598352e-01,4.585512e-01,6.488563e-01,7.101444e-01,7.445878e-01,7.497238e-01,7.953993e-01,8.517827e-01
9.400000e-03,7.417676e+00,7.261274e+00,1.361576e+00,7.473935e-01,5.623431e-01,4.411795e-01,3.606701e-01,3.023120e-01,2.598352e-01,4.590934e-01,6.481453e-01,7.095220e-01,7.441149e-01,7.494220e-01,7.958274e-01,8.517077e-01
9.402500e-03,7.417423e+00,7.260623e+00,1.361415e+00,7.473936e-01,5.623431e-01,4.411795e-01,3.606702e-01,3.023120e-01,2.598352e-01,4.595198e-01,6.474890e-01,7.089290e-01,7.436693e-01,7.491791e-01,7.963513e-01,8.520021e-01
9.405000e-03,7.417347e+00,7.260059e+00,1.360812e+00,7.473937e-01,5.623430e-01,4.411794e-01,3.606702e-01,3.023120e-01,2.598351e-01,4.598342e-01,6.468163e-01,7.083542e-01,7.432433e-01,7.490005e-01,7.968989e-01,8.526687e-01
9.407500e-03,7.417436e+00,7.259590e+00,1.359594e+00,7.473939e-01,5.623430e-01,4.411794e-01,3.606703e-01,3.023120e-01,2.598351e-01,4.600196e-01,6.460741e-01,7.077950e-01,7.428323e-01,7.488772e-01,7.973860e-01,8.536749e-01
9.410000e-03,7.417697e+00,7.259210e+00,1.357874e+00,7.473940e-01,5.623431e-01,4.411794e-01,3.606703e-01,3.023121e-01,2.598351e-01,4.600830e-01,6.453173e-01,7.072448e-01,7.424444e-01,7.487995e-01,7.977328e-01,8.549321e-01
9.412500e-03,7.418139e+00,7.258917e+00,1.355706e+00,7.473942e-01,5.623432e-01,4.411794e-01,3.606702e-01,3.023121e-01,2.598352e-01,4.600251e-01,6.446340e-01,7.066985e-01,7.420994e-01,7.487769e-01,7.978889e-01,8.562888e-01
9.415000e-03,7.418771e+00,7.258709e+00,1.353193e+00,7.473943e-01,5.623433e-01,4.411794e-01,3.606702e-01,3.023121e-01,2.598352e-01,4.598504e-01,6.440798e-01,7.061712e-01,7.418175e-01,7.488422e-01,7.978687e-01,8.575777e-01
9.417500e-03,7.419567e+00,7.258590e+00,1.350404e+00,7.473944e-01,5.623434e-01,4.411794e-01,3.606702e-01,3.023121e-01,2.598352e-01,4.595685e-01,6.435984e-01,7.056943e-01,7.416119e-01,7.490296e-01,7.977610e-01,8.586501e-01
9.420000e-03,7.420524e+00,7.258559e+00,1.347418e+00,7.473945e-01,5.623435e-01,4.411795e-01,3.606702e-01,3.023121e-01,2.598352e-01,4.591859e-01,6.431141e-01,7.052861e-01,7.414889e-01,7.493485e-01,7.976807e-01,8.593981e-01
9.422500e-03,7.421623e+00,7.258619e+00,1.344264e+00,7.473946e-01,5.623435e-01,4.411796e-01,3.606702e-01,3.023121e-01,2.598352e-01,4.587098e-01,6.426395e-01,7.049409e-01,7.414499e-01,7.497765e-01,7.977037e-01,8.597795e-01
9.425000e-03,7.422845e+00,7.258766e+00,1.340957e+00,7.473947e-01,5.623436e-01,4.411797e-01,3.606702e-01,3.023121e-01,2.598352e-01,4.581427e-01,6.422300e-01,7.046348e-01,7.414907e-01,7.502789e-01,7.978473e-01,8.598284e-01
9.427500e-03,7.424185e+00,7.258999e+00,1.337497e+00,7.473947e-01,5.623436e-01,4.411797e-01,3.606703e-01,3.023121e-01,2.598352e-01,4.574879e-01,6.419075e-01,7.043426e-01,7.416002e-01,7.508300e-01,7.981002e-01,8.596374e-01
9.430000e-03,7.425635e+00,7.259315e+00,1.333899e+00,7.473947e-01,5.623437e-01,4.411798e-01,3.606703e-01,3.023121e-01,2.598352e-01,4.567502e-01,6.416361e-01,7.040628e-01,7.417622e-01,7.514198e-01,7.984523e-01,8.592865e-01
9.432500e-03,7.427162e+00,7.259715e+00,1.330168e+00,7.473947e-01,5.623437e-01,4.411798e-01,3.606704e-01,3.023121e-01,2.598352e-01,4.559377e-01,6.413835e-01,7.038208e-01,7.419638e-01,7.520467e-01,7.988997e-01,8.588171e-01
9.435000e-03,7.428758e+00,7.260193e+00,1.326322e+00,7.473946e-01,5.623438e-01,4.411798e-01,3.606704e-01,3.023121e-01,2.598352e-01,4.550563e-01,6.411487e-01,7.036499e-01,7.422033e-01,7.527081e-01,7.994361e-01,8.582513e-01
9.437500e-03,7.430405e+00,7.260740e+00,1.322386e+00,7.473948e-01,5.623438e-01,4.411799e-01,3.606704e-01,3.023121e-01,2.598352e-01,4.541131e-01,6.409413e-01,7.035694e-01,7.424890e-01,7.533970e-01,8.000478e-01,8.576119e-01
9.440000e-03,7.432089e+00,7.261358e+00,1.318280e+00,7.473948e-01,5.623438e-01,4.411800e-01,3.606705e-01,3.023121e-01,2.598352e-01,4.531126e-01,6.407612e-01,7.035764e-01,7.428270e-01,7.541034e-01,8.007172e-01,8.569305e-01
9.442500e-03,7.433780e+00,7.262046e+00,1.313946e+00,7.473949e-01,5.623438e-01,4.411800e-01,3.606705e-01,3.023122e-01,2.598352e-01,4.520595e-01,6.406143e-01,7.036574e-01,7.432141e-01,7.548158e-01,8.014286e-01,8.562366e-01
9.445000e-03,7.435462e+00,7.262806e+00,1.309390e+00,7.473950e-01,5.623439e-01,4.411800e-01,3.606705e-01,3.023122e-01,2.598352e-01,4.509593e-01,6.404883e-01,7.038034e-01,7.436407e-01,7.555217e-01,8.021724e-01,8.555625e-01
9.447500e-03,7.437175e+00,7.263624e+00,1.304395e+00,7.473950e-01,5.623439e-01,4.411801e-01,3.606705e-01,3.023123e-01,2.598352e-01,4.498085e-01,6.403677e-01,7.040145e-01,7.440997e-01,7.562097e-01,8.029469e-01,8.549351e-01
9.450000e-03,7.438881e+00,7.264492e+00,1.298970e+00,7.473950e-01,5.623440e-01,4.411800e-01,3.606706e-01,3.023123e-01,2.598353e-01,4.486124e-01,6.402603e-01,7.042966e-01,7.445925e-01,7.568726e-01,8.037565e-01,8.543808e-01
9.452500e-03,7.440601e+00,7.265390e+00,1.293147e+00,7.473951e-01,5.623440e-01,4.411801e-01,3.606706e-01,3.023123e-01,2.598353e-01,4.473579e-01,6.401824e-01,7.046550e-01,7.451246e-01,7.575094e-01,8.046095e-01,8.539263e-01
9.455000e-03,7.442357e+00,7.266329e+00,1.287243e+00,7.473952e-01,5.623439e-01,4.411801e-01,3.606706e-01,3.023123e-01,2.598353e-01,4.460869e-01,6.401193e-01,7.050880e-01,7.456976e-01,7.581185e-01,8.055124e-01,8.535949e-01
9.457500e-03,7.444065e+00,7.267314e+00,1.281208e+00,7.473952e-01,5.623440e-01,4.411801e-01,3.606706e-01,3.023123e-01,2.598353e-01,4.447875e-01,6.400651e-01,7.055865e-01,7.463081e-01,7.586889e-01,8.064520e-01,8.534046e-01
9.460000e-03,7.445777e+00,7.268356e+00,1.274861e+00,7.473950e-01,5.623441e-01,4.411801e-01,3.606706e-01,3.023123e-01,2.598353e-01,4.434683e-01,6.400250e-01,7.061399e-01,7.469535e-01,7.591985e-01,8.073778e-01,8.533830e-01
9.462500e-03,7.447455e+00,7.269449e+00,1.268260e+00,7.473949e-01,5.623441e-01,4.411801e-01,3.606706e-01,3.023124e-01,2.598353e-01,4.421268e-01,6.400284e-01,7.067408e-01,7.476352e-01,7.596228e-01,8.082065e-01,8.535403e-01
9.465000e-03,7.449189e+00,7.270577e+00,1.261243e+00,7.473949e-01,5.623441e-01,4.411802e-01,3.606706e-01,3.023124e-01,2.598353e-01,4.407485e-01,6.401281e-01,7.073875e-01,7.483550e-01,7.599510e-01,8.088529e-01,8.538720e-01
9.467500e-03,7.450888e+00,7.271777e+00,1.254072e+00,7.473948e-01,5.623440e-01,4.411803e-01,3.606706e-01,3.023124e-01,2.598354e-01,4.393724e-01,6.402938e-01,7.080807e-01,7.491087e-01,7.601998e-01,8.092620e-01,8.543252e-01
9.470000e-03,7.452456e+00,7.273026e+00,1.246597e+00,7.473948e-01,5.623440e-01,4.411804e-01,3.606706e-01,3.023124e-01,2.598354e-01,4.379710e-01,6.404868e-01,7.088179e-01,7.498832e-01,7.604164e-01,8.094340e-01,8.548197e-01
9.472500e-03,7.453947e+00,7.274334e+00,1.238920e+00,7.473948e-01,5.623439e-01,4.411804e-01,3.606706e-01,3.023123e-01,2.598355e-01,4.365812e-01,6.406624e-01,7.095947e-01,7.506605e-01,7.606690e-01,8.094334e-01,8.552522e-01
9.475000e-03,7.455374e+00,7.275682e+00,1.231013e+00,7.473948e-01,5.623439e-01,4.411804e-01,3.606707e-01,3.023123e-01,2.598355e-01,4.351916e-01,6.408580e-01,7.103993e-01,7.514255e-01,7.610287e-01,8.093716e-01,8.555280e-01
9.477500e-03,7.456701e+00,7.277126e+00,1.222618e+00,7.473948e-01,5.623439e-01,4.411804e-01,3.606708e-01,3.023123e-01,2.598355e-01,4.338142e-01,6.411386e-01,7.112174e-01,7.521720e-01,7.615467e-01,8.093724e-01,8.555864e-01
9.480000e-03,7.458086e+00,7.278640e+00,1.214005e+00,7.473948e-01,5.623438e-01,4.411804e-01,3.606708e-01,3.023124e-01,2.598354e-01,4.324544e-01,6.414803e-01,7.120439e-01,7.529052e-01,7.622306e-01,8.095312e-01,8.554207e-01
9.482500e-03,7.459573e+00,7.280237e+00,1.205123e+00,7.473948e-01,5.623438e-01,4.411803e-01,3.606708e-01,3.023124e-01,2.598354e-01,4.311176e-01,6.418266e-01,7.128816e-01,7.536398e-01,7.630354e-01,8.098694e-01,8.550779e-01
9.485000e-03,7.460932e+00,7.281893e+00,1.195837e+00,7.473949e-01,5.623437e-01,4.411803e-01,3.606707e-01,3.023125e-01,2.598354e-01,4.297641e-01,6.421744e-01,7.137428e-01,7.543971e-01,7.638844e-01,8.103137e-01,8.546309e-01
9.487500e-03,7.462298e+00,7.283631e+00,1.186563e+00,7.473950e-01,5.623437e-01,4.411803e-01,3.606707e-01,3.023125e-01,2.598355e-01,4.284477e-01,6.425588e-01,7.146323e-01,7.551959e-01,7.647081e-01,8.107435e-01,8.541558e-01
9.490000e-03,7.463436e+00,7.285428e+00,1.177571e+00,7.473952e-01,5.623437e-01,4.411803e-01,3.606707e-01,3.023125e-01,2.598355e-01,4.271728e-01,6.430014e-01,7.155225e-01,7.560432e-01,7.654663e-01,8.110859e-01,8.536925e-01
9.492500e-03,7.464452e+00,7.287846e+00,1.182831e+00,7.473952e-01,5.623437e-01,4.411802e-01,3.606706e-01,3.023125e-01,2.598355e-01,4.259350e-01,6.435289e-01,7.163806e-01,7.569293e-01,7.661393e-01,8.113597e-01,8.532205e-01
9.495000e-03,7.465293e+00,7.290286e+00,1.192636e+00,7.473952e-01,5.623438e-01,4.411802e-01,3.606706e-01,3.023125e-01,2.598356e-01,4.247382e-01,6.440790e-01,7.172006e-01,7.578310e-01,7.667116e-01,8.116210e-01,8.526774e-01
9.497500e-03,7.465841e+00,7.292607e+00,1.202562e+00,7.473950e-01,5.623438e-01,4.411802e-01,3.606706e-01,3.023124e-01,2.598356e-01,4.235797e-01,6.445620e-01,7.179900e-01,7.587176e-01,7.671713e-01,8.118887e-01,8.520458e-01
9.500000e-03,7.466221e+00,7.294729e+00,1.212441e+00,7.473949e-01,5.623439e-01,4.411802e-01,3.606706e-01,3.023124e-01,2.598356e-01,4.224739e-01,6.450621e-01,7.187564e-01,7.595621e-01,7.675190e-01,8.121369e-01,8.513878e-01
9.502500e-03,7.466480e+00,7.296629e+00,1.221989e+00,7.473947e-01,5.623439e-01,4.411802e-01,3.606706e-01,3.023124e-01,2.598355e-01,4.214539e-01,6.456486e-01,7.195073e-01,7.603490e-01,7.677653e-01,8.123394e-01,8.508075e-01
9.505000e-03,7.466576e+00,7.298313e+00,1.231021e+00,7.473946e-01,5.623438e-01,4.411802e-01,3.606706e-01,3.023124e-01,2.598355e-01,4.205328e-01,6.463564e-01,7.202601e-01,7.610713e-01,7.679192e-01,8.124915e-01,8.503747e-01
9.507500e-03,7.466592e+00,7.299839e+00,1.239684e+00,7.473946e-01,5.623437e-01,4.411802e-01,3.606706e-01,3.023124e-01,2.598355e-01,4.196846e-01,6.470504e-01,7.210280e-01,7.617219e-01,7.679803e-01,8.125994e-01,8.501168e-01
9.510000e-03,7.466397e+00,7.301203e+00,1.247874e+00,7.473945e-01,5.623437e-01,4.411802e-01,3.606706e-01,3.023124e-01,2.598355e-01,4.189233e-01,6.475908e-01,7.218073e-01,7.622918e-01,7.679436e-01,8.126656e-01,8.500316e-01
9.512500e-03,7.466029e+00,7.302412e+00,1.255557e+00,7.473945e-01,5.623436e-01,4.411802e-01,3.606705e-01,3.023124e-01,2.598355e-01,4.182573e-01,6.480627e-01,7.225791e-01,7.627766e-01,7.678063e-01,8.126843e-01,8.501132e-01
9.515000e-03,7.465573e+00,7.303431e+00,1.262459e+00,7.473944e-01,5.623436e-01,4.411802e-01,3.606705e-01,3.023124e-01,2.598355e-01,4.176880e-01,6.485994e-01,7.233177e-01,7.631797e-01,7.675690e-01,8.126352e-01,8.503615e-01
9.517500e-03,7.465105e+00,7.304274e+00,1.268818e+00,7.473944e-01,5.623436e-01,4.411802e-01,3.606705e-01,3.023124e-01,2.598355e-01,4.172403e-01,6.492271e-01,7.240067e-01,7.635070e-01,7.672302e-01,8.124794e-01,8.507592e-01
9.520000e-03,7.464552e+00,7.304972e+00,1.274777e+00,7.473943e-01,5.623436e-01,4.411802e-01,3.606705e-01,3.023124e-01,2.598355e-01,4.169219e-01,6.498585e-01,7.246405e-01,7.637593e-01,7.667889e-01,8.121670e-01,8.512884e-01
9.522500e-03,7.463873e+00,7.305544e+00,1.280383e+00,7.473943e-01,5.623436e-01,4.411801e-01,3.606705e-01,3.023124e-01,2.598355e-01,4.167391e-01,6.504296e-01,7.252325e-01,7.639302e-01,7.662539e-01,8.116571e-01,8.518911e-01
9.525000e-03,7.463031e+00,7.305984e+00,1.285554e+00,7.473943e-01,5.623435e-01,4.411801e-01,3.606705e-01,3.023124e-01,2.598355e-01,4.166932e-01,6.509723e-01,7.258008e-01,7.640122e-01,7.656497e-01,8.109435e-01,8.525033e-01
9.527500e-03,7.462062e+00,7.306291e+00,1.290232e+00,7.473942e-01,5.623435e-01,4.411801e-01,3.606705e-01,3.023124e-01,2.598355e-01,4.167821e-01,6.515327e-01,7.263296e-01,7.640070e-01,7.650088e-01,8.100651e-01,8.530565e-01
9.530000e-03,7.460964e+00,7.306469e+00,1.294360e+00,7.473942e-01,5.623434e-01,4.411801e-01,3.606705e-01,3.023124e-01,2.598355e-01,4.170004e-01,6.521223e-01,7.267738e-01,7.639249e-01,7.643584e-01,8.090922e-01,8.534802e-01
9.532500e-03,7.459758e+00,7.306522e+00,1.297883e+00,7.473942e-01,5.623433e-01,4.411800e-01,3.606705e-01,3.023124e-01,2.598354e-01,4.173435e-01,6.527254e-01,7.271051e-01,7.637710e-01,7.637124e-01,8.080927e-01,8.537440e-01
9.535000e-03,7.458464e+00,7.306448e+00,1.300758e+00,7.473942e-01,5.623433e-01,4.411800e-01,3.606705e-01,3.023124e-01,2.598354e-01,4.178058e-01,6.533220e-01,7.273350e-01,7.635399e-01,7.630729e-01,8.071087e-01,8.538364e-01
9.537500e-03,7.457156e+00,7.306249e+00,1.302995e+00,7.473941e-01,5.623433e-01,4.411799e-01,3.606704e-01,3.023124e-01,2.598354e-01,4.183848e-01,6.538882e-01,7.274921e-01,7.632287e-01,7.624363e-01,8.061562e-01,8.537937e-01
9.540000e-03,7.456146e+00,7.305931e+00,1.304581e+00,7.473940e-01,5.623433e-01,4.411798e-01,3.606704e-01,3.023124e-01,2.598355e-01,4.190752e-01,6.544144e-01,7.275933e-01,7.628487e-01,7.617965e-01,8.052357e-01,8.536653e-01
9.542500e-03,7.455084e+00,7.305493e+00,1.305498e+00,7.473940e-01,5.623433e-01,4.411798e-01,3.606704e-01,3.023124e-01,2.598355e-01,4.198719e-01,6.549075e-01,7.276339e-01,7.624190e-01,7.611475e-01,8.043383e-01,8.534841e-01
9.545000e-03,7.453964e+00,7.304935e+00,1.305762e+00,7.473940e-01,5.623432e-01,4.411798e-01,3.606703e-01,3.023124e-01,2.598355e-01,4.207724e-01,6.553672e-01,7.275953e-01,7.619494e-01,7.604896e-01,8.034520e-01,8.532789e-01
9.547500e-03,7.452789e+00,7.304263e+00,1.305348e+00,7.473939e-01,5.623432e-01,4.411798e-01,3.606703e-01,3.023123e-01,2.598355e-01,4.217688e-01,6.557801e-01,7.274630e-01,7.614344e-01,7.598326e-01,8.025745e-01,8.530699e-01
9.550000e-03,7.451540e+00,7.303472e+00,1.304221e+00,7.473939e-01,5.623432e-01,4.411798e-01,3.606703e-01,3.023123e-01,2.598355e-01,4.228559e-01,6.561343e-01,7.272406e-01,7.608641e-01,7.591920e-01,8.017291e-01,8.528562e-01
9.552500e-03,7.450201e+00,7.302562e+00,1.302479e+00,7.473939e-01,5.623432e-01,4.411797e-01,3.606703e-01,3.023122e-01,2.598354e-01,4.240374e-01,6.564265e-01,7.269448e-01,7.602365e-01,7.585798e-01,8.009587e-01,8.526280e-01
9.555000e-03,7.448783e+00,7.301517e+00,1.300132e+00,7.473939e-01,5.623432e-01,4.411797e-01,3.606703e-01,3.023122e-01,2.598354e-01,4.253147e-01,6.566570e-01,7.265873e-01,7.595601e-01,7.579993e-01,8.003017e-01,8.523820e-01
9.557500e-03,7.447301e+00,7.300336e+00,1.297294e+00,7.473939e-01,5.623431e-01,4.411797e-01,3.606703e-01,3.023122e-01,2.598354e-01,4.266802e-01,6.568257e-01,7.261675e-01,7.588466e-01,7.574478e-01,7.997691e-01,8.521396e-01
9.560000e-03,7.445713e+00,7.298976e+00,1.293616e+00,7.473940e-01,5.623432e-01,4.411796e-01,3.606703e-01,3.023122e-01,2.598353e-01,4.281310e-01,6.569373e-01,7.256776e-01,7.581036e-01,7.569218e-01,7.993423e-01,8.519448e-01
9.562500e-03,7.444114e+00,7.297407e+00,1.288867e+00,7.473940e-01,5.623432e-01,4.411796e-01,3.606703e-01,3.023122e-01,2.598353e-01,4.296483e-01,6.569628e-01,7.251106e-01,7.573358e-01,7.564189e-01,7.989872e-01,8.518486e-01
9.565000e-03,7.442507e+00,7.295626e+00,1.283073e+00,7.473940e-01,5.623432e-01,4.411796e-01,3.606702e-01,3.023122e-01,2.598353e-01,4.312155e-01,6.569061e-01,7.244665e-01,7.565520e-01,7.559347e-01,7.986711e-01,8.518700e-01
9.567500e-03,7.440911e+00,7.293600e+00,1.276139e+00,7.473941e-01,5.623432e-01,4.411796e-01,3.606702e-01,3.023122e-01,2.598353e-01,4.328227e-01,6.567795e-01,7.237569e-01,7.557667e-01,7.554619e-01,7.983665e-01,8.519884e-01
9.570000e-03,7.439385e+00,7.291358e+00,1.268452e+00,7.473941e-01,5.623432e-01,4.411796e-01,3.606701e-01,3.023122e-01,2.598353e-01,4.344736e-01,6.565856e-01,7.229969e-01,7.549947e-01,7.549929e-01,7.980487e-01,8.521852e-01
9.572500e-03,7.437864e+00,7.288863e+00,1.259807e+00,7.473942e-01,5.623432e-01,4.411796e-01,3.606701e-01,3.023122e-01,2.598353e-01,4.361434e-01,6.563189e-01,7.221995e-01,7.542426e-01,7.545282e-01,7.977038e-01,8.524367e-01
9.575000e-03,7.436353e+00,7.286076e+00,1.249923e+00,7.473942e-01,5.623432e-01,4.411796e-01,3.606701e-01,3.023121e-01,2.598353e-01,4.377796e-01,6.560225e-01,7.213742e-01,7.535075e-01,7.540793e-01,7.973401e-01,8.527104e-01
9.577500e-03,7.434956e+00,7.284007e+00,1.259743e+00,7.473941e-01,5.623432e-01,4.411796e-01,3.606701e-01,3.023121e-01,2.598353e-01,4.393899e-01,6.556910e-01,7.205257e-01,7.527816e-01,7.536662e-01,7.969894e-01,8.529708e-01
9.580000e-03,7.433614e+00,7.281994e+00,1.270920e+00,7.473940e-01,5.623432e-01,4.411796e-01,3.606701e-01,3.023120e-01,2.598353e-01,4.409656e-01,6.552843e-01,7.196554e-01,7.520588e-01,7.533093e-01,7.966933e-01,8.531841e-01
9.582500e-03,7.432416e+00,7.279994e+00,1.281983e+00,7.473938e-01,5.623432e-01,4.411796e-01,3.606701e-01,3.023120e-01,2.598352e-01,4.425119e-01,6.548615e-01,7.187652e-01,7.513389e-01,7.530244e-01,7.964870e-01,8.533431e-01
9.585000e-03,7.431291e+00,7.278080e+00,1.292357e+00,7.473937e-01,5.623432e-01,4.411796e-01,3.606701e-01,3.023120e-01,2.598352e-01,4.440225e-01,6.543627e-01,7.178594e-01,7.506267e-01,7.528214e-01,7.963919e-01,8.534676e-01
9.587500e-03,7.430204e+00,7.276255e+00,1.301427e+00,7.473936e-01,5.623432e-01,4.411796e-01,3.606702e-01,3.023120e-01,2.598351e-01,4.454371e-01,6.537389e-01,7.169460e-01,7.499292e-01,7.527035e-01,7.964172e-01,8.535918e-01
9.590000e-03,7.429218e+00,7.274536e+00,1.309664e+00,7.473936e-01,5.623431e-01,4.411797e-01,3.606702e-01,3.023120e-01,2.598351e-01,4.468132e-01,6.530885e-01,7.160336e-01,7.492554e-01,7.526615e-01,7.965563e-01,8.537449e-01
9.592500e-03,7.428260e+00,7.272904e+00,1.317129e+00,7.473936e-01,5.623431e-01,4.411796e-01,3.606702e-01,3.023121e-01,2.598351e-01,4.481524e-01,6.524533e-01,7.151365e-01,7.486181e-01,7.526713e-01,7.967758e-01,8.539443e-01
9.595000e-03,7.427386e+00,7.271359e+00,1.323920e+00,7.473937e-01,5.623430e-01,4.411796e-01,3.606703e-01,3.023121e-01,2.598351e-01,4.494340e-01,6.518786e-01,7.142770e-01,7.480307e-01,7.526990e-01,7.970119e-01,8.541953e-01
9.597500e-03,7.426520e+00,7.269942e+00,1.329895e+00,7.473937e-01,5.623430e-01,4.411796e-01,3.606703e-01,3.023122e-01,2.598351e-01,4.506554e-01,6.512800e-01,7.134648e-01,7.475012e-01,7.527121e-01,7.971896e-01,8.544941e-01
9.600000e-03,7.425641e+00,7.268646e+00,1.334649e+00,7.473938e-01,5.623430e-01,4.411796e-01,3.606702e-01,3.023122e-01,2.598352e-01,4.517369e-01,6.505708e-01,7.126925e-01,7.470316e-01,7.526883e-01,7.972510e-01,8.548082e-01
9.602500e-03,7.424955e+00,7.267424e+00,1.338576e+00,7.473939e-01,5.623430e-01,4.411795e-01,3.606702e-01,3.023122e-01,2.598352e-01,4.526845e-01,6.497741e-01,7.119453e-01,7.466188e-01,7.526200e-01,7.971724e-01,8.550754e-01
9.605000e-03,7.424445e+00,7.266306e+00,1.341812e+00,7.473940e-01,5.623430e-01,4.411795e-01,3.606701e-01,3.023122e-01,2.598352e-01,4.535351e-01,6.489995e-01,7.112034e-01,7.462529e-01,7.525141e-01,7.969683e-01,8.552199e-01
9.607500e-03,7.424060e+00,7.265315e+00,1.344520e+00,7.473941e-01,5.623430e-01,4.411794e-01,3.606701e-01,3.023121e-01,2.598353e-01,4.543012e-01,6.482846e-01,7.104531e-01,7.459211e-01,7.523876e-01,7.966919e-01,8.551775e-01
9.610000e-03,7.423702e+00,7.264467e+00,1.346781e+00,7.473941e-01,5.623431e-01,4.411794e-01,3.606701e-01,3.023121e-01,2.598353e-01,4.549800e-01,6.475501e-01,7.097112e-01,7.456143e-01,7.522600e-01,7.964257e-01,8.549247e-01
9.612500e-03,7.423412e+00,7.263754e+00,1.348102e+00,7.473940e-01,5.623432e-01,4.411794e-01,3.606701e-01,3.023121e-01,2.598353e-01,4.555411e-01,6.467873e-01,7.090308e-01,7.453277e-01,7.521455e-01,7.962604e-01,8.544710e-01
9.615000e-03,7.423289e+00,7.263144e+00,1.348396e+00,7.473939e-01,5.623432e-01,4.411794e-01,3.606700e-01,3.023120e-01,2.598352e-01,4.559483e-01,6.460436e-01,7.084584e-01,7.450606e-01,7.520486e-01,7.962690e-01,8.538755e-01
9.617500e-03,7.423328e+00,7.262618e+00,1.347726e+00,7.473937e-01,5.623432e-01,4.411794e-01,3.606700e-01,3.023120e-01,2.598352e-01,4.561847e-01,6.453749e-01,7.079917e-01,7.448178e-01,7.519646e-01,7.964870e-01,8.532390e-01
9.620000e-03,7.423592e+00,7.262185e+00,1.346394e+00,7.473937e-01,5.623432e-01,4.411795e-01,3.606700e-01,3.023120e-01,2.598351e-01,4.562870e-01,6.447780e-01,7.075982e-01,7.446041e-01,7.518845e-01,7.969077e-01,8.526866e-01
9.622500e-03,7.424009e+00,7.261851e+00,1.344690e+00,7.473937e-01,5.623432e-01,4.411795e-01,3.606700e-01,3.023120e-01,2.598351e-01,4.562753e-01,6.442167e-01,7.072490e-01,7.444144e-01,7.518002e-01,7.974906e-01,8.523313e-01
9.625000e-03,7.424584e+00,7.261616e+00,1.342661e+00,7.473938e-01,5.623432e-01,4.411795e-01,3.606701e-01,3.023120e-01,2.598351e-01,4.561546e-01,6.436425e-01,7.069254e-01,7.442348e-01,7.517066e-01,7.981772e-01,8.522589e-01
9.627500e-03,7.425296e+00,7.261481e+00,1.340280e+00,7.473940e-01,5.623431e-01,4.411795e-01,3.606701e-01,3.023120e-01,2.598351e-01,4.559263e-01,6.430621e-01,7.066130e-01,7.440540e-01,7.516018e-01,7.989004e-01,8.525150e-01
9.630000e-03,7.426138e+00,7.261440e+00,1.337602e+00,7.473941e-01,5.623432e-01,4.411796e-01,3.606702e-01,3.023120e-01,2.598351e-01,4.555944e-01,6.425278e-01,7.063022e-01,7.438726e-01,7.514870e-01,7.995860e-01,8.530907e-01
9.632500e-03,7.427107e+00,7.261489e+00,1.334657e+00,7.473943e-01,5.623432e-01,4.411796e-01,3.606702e-01,3.023120e-01,2.598351e-01,4.551639e-01,6.420921e-01,7.060001e-01,7.437020e-01,7.513683e-01,8.001594e-01,8.539385e-01
9.635000e-03,7.428192e+00,7.261626e+00,1.331469e+00,7.473944e-01,5.623433e-01,4.411796e-01,3.606702e-01,3.023120e-01,2.598351e-01,4.546421e-01,6.417637e-01,7.057391e-01,7.435550e-01,7.512567e-01,8.005618e-01,8.549752e-01
9.637500e-03,7.429377e+00,7.261850e+00,1.328053e+00,7.473945e-01,5.623435e-01,4.411796e-01,3.606702e-01,3.023121e-01,2.598351e-01,4.540345e-01,6.415038e-01,7.055561e-01,7.434420e-01,7.511654e-01,8.007664e-01,8.560892e-01
9.640000e-03,7.430655e+00,7.262154e+00,1.324425e+00,7.473946e-01,5.623435e-01,4.411796e-01,3.606702e-01,3.023121e-01,2.598351e-01,4.533453e-01,6.412749e-01,7.054548e-01,7.433695e-01,7.511082e-01,8.007878e-01,8.571476e-01
9.642500e-03,7.432018e+00,7.262536e+00,1.320616e+00,7.473946e-01,5.623436e-01,4.411797e-01,3.606702e-01,3.023121e-01,2.598351e-01,4.525825e-01,6.410810e-01,7.054039e-01,7.433363e-01,7.511007e-01,8.006828e-01,8.580290e-01
9.645000e-03,7.433448e+00,7.262994e+00,1.316616e+00,7.473946e-01,5.623436e-01,4.411798e-01,3.606702e-01,3.023120e-01,2.598352e-01,4.517523e-01,6.409477e-01,7.053683e-01,7.433303e-01,7.511593e-01,8.005372e-01,8.586440e-01
9.647500e-03,7.434927e+00,7.263531e+00,1.312196e+00,7.473945e-01,5.623436e-01,4.411798e-01,3.606702e-01,3.023121e-01,2.598352e-01,4.508561e-01,6.408781e-01,7.053277e-01,7.433316e-01,7.512984e-01,8.004443e-01,8.589555e-01
9.650000e-03,7.436418e+00,7.264140e+00,1.307415e+00,7.473945e-01,5.623436e-01,4.411799e-01,3.606703e-01,3.023121e-01,2.598352e-01,4.498937e-01,6.408519e-01,7.052845e-01,7.433265e-01,7.515242e-01,8.004797e-01,8.589910e-01
9.652500e-03,7.437919e+00,7.264802e+00,1.302321e+00,7.473944e-01,5.623436e-01,4.411800e-01,3.606703e-01,3.023121e-01,2.598352e-01,4.488634e-01,6.408506e-01,7.052631e-01,7.433195e-01,7.518325e-01,8.006801e-01,8.588168e-01
9.655000e-03,7.439463e+00,7.265507e+00,1.297130e+00,7.473944e-01,5.623435e-01,4.411800e-01,3.606704e-01,3.023121e-01,2.598352e-01,4.477904e-01,6.408683e-01,7.052909e-01,7.433313e-01,7.522127e-01,8.010352e-01,8.585187e-01
9.657500e-03,7.440987e+00,7.266278e+00,1.291870e+00,7.473944e-01,5.623435e-01,4.411800e-01,3.606705e-01,3.023121e-01,2.598352e-01,4.466970e-01,6.409090e-01,7.053766e-01,7.433860e-01,7.526517e-01,8.015013e-01,8.581806e-01
9.660000e-03,7.442481e+00,7.267108e+00,1.286492e+00,7.473944e-01,5.623435e-01,4.411799e-01,3.606705e-01,3.023121e-01,2.598352e-01,4.455738e-01,6.409668e-01,7.055087e-01,7.434980e-01,7.531350e-01,8.020248e-01,8.578647e-01
9.662500e-03,7.443935e+00,7.267999e+00,1.280893e+00,7.473944e-01,5.623435e-01,4.411799e-01,3.606705e-01,3.023122e-01,2.598352e-01,4.444319e-01,6.410307e-01,7.056679e-01,7.436689e-01,7.536453e-01,8.025556e-01,8.576010e-01
9.665000e-03,7.445340e+00,7.268944e+00,1.275121e+00,7.473944e-01,5.623436e-01,4.411799e-01,3.606705e-01,3.023123e-01,2.598352e-01,4.432737e-01,6.411102e-01,7.058409e-01,7.438929e-01,7.541635e-01,8.030504e-01,8.573852e-01
9.667500e-03,7.446724e+00,7.269931e+00,1.269139e+00,7.473944e-01,5.623436e-01,4.411799e-01,3.606705e-01,3.023123e-01,2.598352e-01,4.420929e-01,6.412237e-01,7.060266e-01,7.441649e-01,7.546714e-01,8.034745e-01,8.571933e-01
9.670000e-03,7.448141e+00,7.270961e+00,1.263082e+00,7.473945e-01,5.623437e-01,4.411799e-01,3.606705e-01,3.023123e-01,2.598353e-01,4.409182e-01,6.413446e-01,7.062348e-01,7.444839e-01,7.551535e-01,8.038063e-01,8.569902e-01
9.672500e-03,7.449440e+00,7.272045e+00,1.256840e+00,7.473945e-01,5.623437e-01,4.411800e-01,3.606704e-01,3.023123e-01,2.598354e-01,4.397425e-01,6.414492e-01,7.064786e-01,7.448504e-01,7.555979e-01,8.040394e-01,8.567352e-01
9.675000e-03,7.450665e+00,7.273155e+00,1.250593e+00,7.473946e-01,5.623436e-01,4.411800e-01,3.606704e-01,3.023123e-01,2.598354e-01,4.385672e-01,6.414943e-01,7.067626e-01,7.452624e-01,7.559957e-01,8.041831e-01,8.563942e-01
9.677500e-03,7.451809e+00,7.274297e+00,1.244248e+00,7.473946e-01,5.623436e-01,4.411800e-01,3.606704e-01,3.023123e-01,2.598354e-01,4.374094e-01,6.415198e-01,7.070832e-01,7.457158e-01,7.563406e-01,8.042592e-01,8.559471e-01
9.680000e-03,7.452930e+00,7.275457e+00,1.237827e+00,7.473947e-01,5.623435e-01,4.411800e-01,3.606704e-01,3.023123e-01,2.598354e-01,4.362650e-01,6.415765e-01,7.074351e-01,7.462058e-01,7.566300e-01,8.042968e-01,8.553953e-01
9.682500e-03,7.453981e+00,7.276667e+00,1.231073e+00,7.473947e-01,5.623435e-01,4.411800e-01,3.606704e-01,3.023122e-01,2.598354e-01,4.351381e-01,6.416553e-01,7.078129e-01,7.467286e-01,7.568641e-01,8.043253e-01,8.547628e-01
9.685000e-03,7.454938e+00,7.277906e+00,1.224275e+00,7.473947e-01,5.623435e-01,4.411799e-01,3.606704e-01,3.023122e-01,2.598354e-01,4.340266e-01,6.416962e-01,7.082200e-01,7.472782e-01,7.570443e-01,8.043660e-01,8.540875e-01
9.687500e-03,7.455879e+00,7.279188e+00,1.217268e+00,7.473946e-01,5.623435e-01,4.411799e-01,3.606704e-01,3.023122e-01,2.598353e-01,4.329392e-01,6.416965e-01,7.086707e-01,7.478446e-01,7.571738e-01,8.044237e-01,8.534184e-01
9.690000e-03,7.456722e+00,7.280512e+00,1.209930e+00,7.473943e-01,5.623436e-01,4.411799e-01,3.606704e-01,3.023122e-01,2.598353e-01,4.318463e-01,6.416914e-01,7.091689e-01,7.484149e-01,7.572633e-01,8.044829e-01,8.528103e-01
9.692500e-03,7.457758e+00,7.281852e+00,1.202440e+00,7.473942e-01,5.623436e-01,4.411799e-01,3.606704e-01,3.023123e-01,2.598353e-01,4.307461e-01,6.417107e-01,7.096955e-01,7.489788e-01,7.573331e-01,8.045188e-01,8.523162e-01
9.695000e-03,7.458989e+00,7.283244e+00,1.194890e+00,7.473941e-01,5.623436e-01,4.411800e-01,3.606704e-01,3.023123e-01,2.598353e-01,4.296654e-01,6.417487e-01,7.102279e-01,7.495294e-01,7.574103e-01,8.045122e-01,8.519641e-01
9.697500e-03,7.460151e+00,7.284670e+00,1.187419e+00,7.473941e-01,5.623435e-01,4.411800e-01,3.606704e-01,3.023123e-01,2.598353e-01,4.286002e-01,6.417957e-01,7.107662e-01,7.500617e-01,7.575269e-01,8.044615e-01,8.517530e-01
9.700000e-03,7.461255e+00,7.286230e+00,1.182555e+00,7.473942e-01,5.623434e-01,4.411801e-01,3.606704e-01,3.023123e-01,2.598353e-01,4.275427e-01,6.418908e-01,7.113218e-01,7.505726e-01,7.577184e-01,8.043951e-01,8.516541e-01
9.702500e-03,7.462346e+00,7.288296e+00,1.190145e+00,7.473943e-01,5.623434e-01,4.411800e-01,3.606704e-01,3.023123e-01,2.598353e-01,4.264925e-01,6.420152e-01,7.118943e-01,7.510649e-01,7.580208e-01,8.043777e-01,8.516217e-01
9.705000e-03,7.463324e+00,7.290246e+00,1.197628e+00,7.473944e-01,5.623434e-01,4.411800e-01,3.606705e-01,3.023123e-01,2.598354e-01,4.254520e-01,6.421083e-01,7.124732e-01,7.515474e-01,7.584565e-01,8.044900e-01,8.516116e-01
9.707500e-03,7.464177e+00,7.292142e+00,1.205171e+00,7.473945e-01,5.623434e-01,4.411800e-01,3.606705e-01,3.023123e-01,2.598354e-01,4.244108e-01,6.422145e-01,7.130482e-01,7.520303e-01,7.590188e-01,8.047834e-01,8.515973e-01
9.710000e-03,7.465005e+00,7.293914e+00,1.212688e+00,7.473946e-01,5.623434e-01,4.411799e-01,3.606705e-01,3.023123e-01,2.598354e-01,4.233874e-01,6.423844e-01,7.136137e-01,7.525209e-01,7.596712e-01,8.052362e-01,8.515948e-01
9.712500e-03,7.465810e+00,7.295561e+00,1.219908e+00,7.473947e-01,5.623435e-01,4.411799e-01,3.606704e-01,3.023123e-01,2.598354e-01,4.223767e-01,6.426246e-01,7.141694e-01,7.530239e-01,7.603642e-01,8.057597e-01,8.516468e-01
9.715000e-03,7.466530e+00,7.297108e+00,1.226862e+00,7.473947e-01,5.623435e-01,4.411799e-01,3.606704e-01,3.023123e-01,2.598354e-01,4.213916e-01,6.429266e-01,7.147121e-01,7.535450e-01,7.610531e-01,8.062578e-01,8.517973e-01
9.717500e-03,7.467194e+00,7.298527e+00,1.233409e+00,7.473947e-01,5.623436e-01,4.411799e-01,3.606703e-01,3.023123e-01,2.598354e-01,4.204333e-01,6.432459e-01,7.152359e-01,7.540898e-01,7.617000e-01,8.066858e-01,8.520372e-01
9.720000e-03,7.467790e+00,7.299891e+00,1.239916e+00,7.473947e-01,5.623436e-01,4.411799e-01,3.606703e-01,3.023123e-01,2.598354e-01,4.194954e-01,6.435060e-01,7.157367e-01,7.546585e-01,7.622672e-01,8.070572e-01,8.522999e-01
9.722500e-03,7.468250e+00,7.301158e+00,1.246098e+00,7.473946e-01,5.623436e-01,4.411799e-01,3.606703e-01,3.023122e-01,2.598354e-01,4.185874e-01,6.437486e-01,7.162007e-01,7.552412e-01,7.627178e-01,8.074069e-01,8.525096e-01
9.725000e-03,7.468594e+00,7.302349e+00,1.252092e+00,7.473944e-01,5.623435e-01,4.411800e-01,3.606703e-01,3.023122e-01,2.598354e-01,4.177192e-01,6.440682e-01,7.166158e-01,7.558219e-01,7.630246e-01,8.077539e-01,8.526376e-01
9.727500e-03,7.468896e+00,7.303415e+00,1.257608e+00,7.473942e-01,5.623435e-01,4.411800e-01,3.606703e-01,3.023122e-01,2.598354e-01,4.168912e-01,6.444572e-01,7.169932e-01,7.563815e-01,7.631783e-01,8.080907e-01,8.527185e-01
9.730000e-03,7.469187e+00,7.304382e+00,1.262911e+00,7.473941e-01,5.623434e-01,4.411800e-01,3.606704e-01,3.023122e-01,2.598353e-01,4.161244e-01,6.448597e-01,7.173561e-01,7.568978e-01,7.631881e-01,8.083918e-01,8.528227e-01
9.732500e-03,7.469410e+00,7.305274e+00,1.268128e+00,7.473940e-01,5.623434e-01,4.411800e-01,3.606704e-01,3.023122e-01,2.598353e-01,4.154274e-01,6.452393e-01,7.177307e-01,7.573474e-01,7.630771e-01,8.086235e-01,8.530279e-01
9.735000e-03,7.469508e+00,7.306097e+00,1.273326e+00,7.473941e-01,5.623433e-01,4.411799e-01,3.606704e-01,3.023122e-01,2.598353e-01,4.148130e-01,6.456078e-01,7.181365e-01,7.577123e-01,7.628765e-01,8.087544e-01,8.533919e-01
9.737500e-03,7.469472e+00,7.306839e+00,1.278339e+00,7.473942e-01,5.623433e-01,4.411799e-01,3.606704e-01,3.023122e-01,2.598353e-01,4.142784e-01,6.459883e-01,7.185628e-01,7.579860e-01,7.626196e-01,8.087663e-01,8.539370e-01
9.740000e-03,7.469289e+00,7.307506e+00,1.283178e+00,7.473943e-01,5.623433e-01,4.411799e-01,3.606704e-01,3.023122e-01,2.598353e-01,4.138286e-01,6.463651e-01,7.189754e-01,7.581706e-01,7.623378e-01,8.086584e-01,8.546335e-01
9.742500e-03,7.468985e+00,7.308088e+00,1.287825e+00,7.473943e-01,5.623433e-01,4.411799e-01,3.606704e-01,3.023122e-01,2.598353e-01,4.134686e-01,6.467259e-01,7.193500e-01,7.582700e-01,7.620541e-01,8.084415e-01,8.554221e-01
9.745000e-03,7.468561e+00,7.308591e+00,1.292185e+00,7.473943e-01,5.623433e-01,4.411799e-01,3.606703e-01,3.023123e-01,2.598353e-01,4.131935e-01,6.470782e-01,7.196877e-01,7.582887e-01,7.617789e-01,8.081249e-01,8.562213e-01
9.747500e-03,7.468036e+00,7.309009e+00,1.296195e+00,7.473943e-01,5.623434e-01,4.411799e-01,3.606703e-01,3.023123e-01,2.598353e-01,4.130039e-01,6.474263e-01,7.199996e-01,7.582383e-01,7.615129e-01,8.077117e-01,8.569594e-01
9.750000e-03,7.467445e+00,7.309340e+00,1.299811e+00,7.473942e-01,5.623434e-01,4.411799e-01,3.606703e-01,3.023123e-01,2.598353e-01,4.128993e-01,6.477523e-01,7.202901e-01,7.581414e-01,7.612523e-01,8.072066e-01,8.575744e-01
9.752500e-03,7.466836e+00,7.309581e+00,1.303035e+00,7.473942e-01,5.623433e-01,4.411799e-01,3.606703e-01,3.023122e-01,2.598354e-01,4.128827e-01,6.480423e-01,7.205514e-01,7.580247e-01,7.609933e-01,8.066294e-01,8.580145e-01
9.755000e-03,7.466184e+00,7.309735e+00,1.305940e+00,7.473942e-01,5.623433e-01,4.411799e-01,3.606703e-01,3.023122e-01,2.598354e-01,4.129606e-01,6.483232e-01,7.207651e-01,7.579045e-01,7.607328e-01,8.060165e-01,8.582319e-01
9.757500e-03,7.465485e+00,7.309807e+00,1.308467e+00,7.473941e-01,5.623433e-01,4.411799e-01,3.606703e-01,3.023122e-01,2.598354e-01,4.131260e-01,6.486096e-01,7.209119e-01,7.577817e-01,7.604709e-01,8.054134e-01,8.582057e-01
9.760000e-03,7.464744e+00,7.309799e+00,1.310561e+00,7.473940e-01,5.623432e-01,4.411799e-01,3.606703e-01,3.023122e-01,2.598353e-01,4.133715e-01,6.488977e-01,7.209869e-01,7.576479e-01,7.602108e-01,8.048627e-01,8.579453e-01
9.762500e-03,7.463968e+00,7.309714e+00,1.312212e+00,7.473940e-01,5.623432e-01,4.411798e-01,3.606703e-01,3.023122e-01,2.598353e-01,4.136916e-01,6.491849e-01,7.210030e-01,7.574937e-01,7.599561e-01,8.043949e-01,8.575156e-01
9.765000e-03,7.463162e+00,7.309555e+00,1.313429e+00,7.473939e-01,5.623431e-01,4.411798e-01,3.606703e-01,3.023123e-01,2.598353e-01,4.140814e-01,6.494737e-01,7.209773e-01,7.573114e-01,7.597053e-01,8.040215e-01,8.569947e-01
9.767500e-03,7.462321e+00,7.309328e+00,1.314234e+00,7.473937e-01,5.623430e-01,4.411798e-01,3.606703e-01,3.023123e-01,2.598353e-01,4.145365e-01,6.497570e-01,7.209161e-01,7.570955e-01,7.594513e-01,8.037297e-01,8.564700e-01
9.770000e-03,7.461436e+00,7.309038e+00,1.314664e+00,7.473936e-01,5.623430e-01,4.411797e-01,3.606703e-01,3.023122e-01,2.598353e-01,4.150524e-01,6.500177e-01,7.208131e-01,7.568426e-01,7.591848e-01,8.034838e-01,8.560104e-01
9.772500e-03,7.460492e+00,7.308694e+00,1.314765e+00,7.473937e-01,5.623430e-01,4.411797e-01,3.606703e-01,3.023122e-01,2.598353e-01,4.156246e-01,6.502414e-01,7.206596e-01,7.565508e-01,7.588972e-01,8.032396e-01,8.556570e-01
9.775000e-03,7.459494e+00,7.308298e+00,1.314479e+00,7.473938e-01,5.623429e-01,4.411796e-01,3.606703e-01,3.023122e-01,2.598353e-01,4.162436e-01,6.504221e-01,7.204534e-01,7.562206e-01,7.585809e-01,8.029616e-01,8.554146e-01
9.777500e-03,7.458469e+00,7.307846e+00,1.313948e+00,7.473938e-01,5.623429e-01,4.411796e-01,3.606703e-01,3.023122e-01,2.598353e-01,4.169192e-01,6.505603e-01,7.201984e-01,7.558559e-01,7.582281e-01,8.026347e-01,8.552538e-01
9.780000e-03,7.457383e+00,7.307342e+00,1.313223e+00,7.473938e-01,5.623430e-01,4.411796e-01,3.606702e-01,3.023122e-01,2.598353e-01,4.176528e-01,6.506520e-01,7.199052e-01,7.554637e-01,7.578322e-01,8.022629e-01,8.551356e-01
9.782500e-03,7.456558e+00,7.306786e+00,1.312289e+00,7.473937e-01,5.623431e-01,4.411795e-01,3.606702e-01,3.023122e-01,2.598353e-01,4.184399e-01,6.506931e-01,7.195881e-01,7.550507e-01,7.573871e-01,8.018632e-01,8.550355e-01
9.785000e-03,7.455716e+00,7.306167e+00,1.311026e+00,7.473938e-01,5.623431e-01,4.411794e-01,3.606702e-01,3.023122e-01,2.598353e-01,4.192770e-01,6.506797e-01,7.192578e-01,7.546207e-01,7.568837e-01,8.014515e-01,8.549529e-01
9.787500e-03,7.454860e+00,7.305478e+00,1.309314e+00,7.473938e-01,5.623431e-01,4.411795e-01,3.606702e-01,3.023122e-01,2.598353e-01,4.201571e-01,6.506167e-01,7.189149e-01,7.541732e-01,7.563101e-01,8.010258e-01,8.549075e-01
9.790000e-03,7.454005e+00,7.304718e+00,1.307111e+00,7.473939e-01,5.623431e-01,4.411795e-01,3.606701e-01,3.023122e-01,2.598353e-01,4.210770e-01,6.505179e-01,7.185531e-01,7.537044e-01,7.556587e-01,8.005606e-01,8.549236e-01
9.792500e-03,7.453184e+00,7.303886e+00,1.304338e+00,7.473939e-01,5.623431e-01,4.411795e-01,3.606701e-01,3.023122e-01,2.598353e-01,4.220229e-01,6.503924e-01,7.181648e-01,7.532083e-01,7.549364e-01,8.000269e-01,8.550232e-01
9.795000e-03,7.452370e+00,7.302984e+00,1.301017e+00,7.473940e-01,5.623431e-01,4.411795e-01,3.606701e-01,3.023122e-01,2.598353e-01,4.229877e-01,6.502323e-01,7.177446e-01,7.526794e-01,7.541662e-01,7.994251e-01,8.552088e-01
9.797500e-03,7.451568e+00,7.302014e+00,1.297214e+00,7.473940e-01,5.623432e-01,4.411795e-01,3.606701e-01,3.023121e-01,2.598353e-01,4.239677e-01,6.500217e-01,7.172947e-01,7.521140e-01,7.533824e-01,7.987960e-01,8.554609e-01
9.800000e-03,7.450802e+00,7.300974e+00,1.293006e+00,7.473940e-01,5.623432e-01,4.411795e-01,3.606700e-01,3.023121e-01,2.598353e-01,4.249567e-01,6.497755e-01,7.168197e-01,7.515130e-01,7.526251e-01,7.981999e-01,8.557472e-01
9.802500e-03,7.450054e+00,7.299884e+00,1.288518e+00,7.473940e-01,5.623432e-01,4.411795e-01,3.606700e-01,3.023121e-01,2.598353e-01,4.259363e-01,6.495169e-01,7.163220e-01,7.508825e-01,7.519355e-01,7.976905e-01,8.560493e-01
9.805000e-03,7.449350e+00,7.298703e+00,1.283431e+00,7.473941e-01,5.623432e-01,4.411796e-01,3.606701e-01,3.023121e-01,2.598353e-01,4.269034e-01,6.492585e-01,7.158035e-01,7.502323e-01,7.513487e-01,7.973020e-01,8.563775e-01
9.807500e-03,7.448721e+00,7.297447e+00,1.277798e+00,7.473942e-01,5.623432e-01,4.411796e-01,3.606701e-01,3.023120e-01,2.598353e-01,4.278413e-01,6.489706e-01,7.152683e-01,7.495740e-01,7.508826e-01,7.970445e-01,8.567589e-01
9.810000e-03,7.448153e+00,7.296133e+00,1.271747e+00,7.473942e-01,5.623432e-01,4.411796e-01,3.606702e-01,3.023120e-01,2.598353e-01,4.287416e-01,6.486576e-01,7.147176e-01,7.489201e-01,7.505295e-01,7.968904e-01,8.572206e-01
9.812500e-03,7.447634e+00,7.294777e+00,1.265441e+00,7.473943e-01,5.623432e-01,4.411796e-01,3.606702e-01,3.023120e-01,2.598352e-01,4.295983e-01,6.483219e-01,7.141498e-01,7.482829e-01,7.502652e-01,7.967664e-01,8.577646e-01
9.815000e-03,7.447245e+00,7.293383e+00,1.258916e+00,7.473943e-01,5.623432e-01,4.411796e-01,3.606702e-01,3.023120e-01,2.598352e-01,4.304094e-01,6.479742e-01,7.135647e-01,7.476740e-01,7.500735e-01,7.965845e-01,8.583635e-01
9.817500e-03,7.446894e+00,7.291998e+00,1.252475e+00,7.473943e-01,5.623432e-01,4.411796e-01,3.606702e-01,3.023120e-01,2.598351e-01,4.311759e-01,6.476114e-01,7.129601e-01,7.471012e-01,7.499709e-01,7.962979e-01,8.589482e-01
9.820000e-03,7.446601e+00,7.290621e+00,1.245941e+00,7.473943e-01,5.623432e-01,4.411796e-01,3.606702e-01,3.023120e-01,2.598351e-01,4.318807e-01,6.472632e-01,7.123363e-01,7.465673e-01,7.500069e-01,7.959328e-01,8.594087e-01
9.822500e-03,7.446389e+00,7.289247e+00,1.239464e+00,7.473943e-01,5.623432e-01,4.411796e-01,3.606702e-01,3.023121e-01,2.598351e-01,4.325273e-01,6.469267e-01,7.116996e-01,7.460721e-01,7.502396e-01,7.955793e-01,8.596318e-01
9.825000e-03,7.446214e+00,7.287901e+00,1.233021e+00,7.473944e-01,5.623433e-01,4.411796e-01,3.606702e-01,3.023121e-01,2.598351e-01,4.330972e-01,6.465785e-01,7.110576e-01,7.456179e-01,7.507040e-01,7.953574e-01,8.595439e-01
9.827500e-03,7.446118e+00,7.286568e+00,1.226586e+00,7.473943e-01,5.623433e-01,4.411796e-01,3.606702e-01,3.023121e-01,2.598352e-01,4.335991e-01,6.461776e-01,7.104149e-01,7.452145e-01,7.513942e-01,7.953684e-01,8.591214e-01
9.830000e-03,7.446108e+00,7.285469e+00,1.224661e+00,7.473942e-01,5.623434e-01,4.411797e-01,3.606702e-01,3.023121e-01,2.598352e-01,4.340391e-01,6.457636e-01,7.097746e-01,7.448809e-01,7.522645e-01,7.956512e-01,8.583967e-01
9.832500e-03,7.446168e+00,7.284657e+00,1.227405e+00,7.473941e-01,5.623435e-01,4.411798e-01,3.606703e-01,3.023121e-01,2.598352e-01,4.344176e-01,6.453806e-01,7.091442e-01,7.446396e-01,7.532301e-01,7.961688e-01,8.574377e-01
9.835000e-03,7.446302e+00,7.283929e+00,1.229643e+00,7.473939e-01,5.623434e-01,4.411798e-01,3.606703e-01,3.023121e-01,2.598352e-01,4.347305e-01,6.449808e-01,7.085337e-01,7.445103e-01,7.541675e-01,7.968212e-01,8.563364e-01
9.837500e-03,7.446496e+00,7.283269e+00,1.231567e+00,7.473938e-01,5.623434e-01,4.411799e-01,3.606703e-01,3.023122e-01,2.598352e-01,4.349848e-01,6.445474e-01,7.079575e-01,7.445045e-01,7.549377e-01,7.974617e-01,8.551641e-01
9.840000e-03,7.446730e+00,7.282686e+00,1.233069e+00,7.473938e-01,5.623434e-01,4.411799e-01,3.606704e-01,3.023122e-01,2.598352e-01,4.351796e-01,6.440766e-01,7.074304e-01,7.446208e-01,7.554359e-01,7.979270e-01,8.539528e-01
9.842500e-03,7.447011e+00,7.282188e+00,1.234206e+00,7.473938e-01,5.623432e-01,4.411799e-01,3.606704e-01,3.023122e-01,2.598353e-01,4.353196e-01,6.436014e-01,7.069561e-01,7.448402e-01,7.556279e-01,7.981018e-01,8.527107e-01
9.845000e-03,7.447332e+00,7.281775e+00,1.234884e+00,7.473940e-01,5.623431e-01,4.411798e-01,3.606704e-01,3.023122e-01,2.598353e-01,4.353992e-01,6.431357e-01,7.065314e-01,7.451233e-01,7.555433e-01,7.979751e-01,8.514310e-01
9.847500e-03,7.447709e+00,7.281442e+00,1.235090e+00,7.473941e-01,5.623431e-01,4.411797e-01,3.606704e-01,3.023123e-01,2.598353e-01,4.354141e-01,6.426675e-01,7.061594e-01,7.454170e-01,7.552412e-01,7.976310e-01,8.501050e-01
9.850000e-03,7.448149e+00,7.281192e+00,1.234814e+00,7.473942e-01,5.623431e-01,4.411796e-01,3.606704e-01,3.023123e-01,2.598353e-01,4.353630e-01,6.422000e-01,7.058550e-01,7.456681e-01,7.547838e-01,7.971932e-01,8.487459e-01
9.852500e-03,7.448657e+00,7.281024e+00,1.234038e+00,7.473942e-01,5.623431e-01,4.411795e-01,3.606703e-01,3.023123e-01,2.598353e-01,4.352428e-01,6.417209e-01,7.056403e-01,7.458394e-01,7.542264e-01,7.967821e-01,8.474057e-01
9.855000e-03,7.449233e+00,7.280934e+00,1.232757e+00,7.473943e-01,5.623432e-01,4.411794e-01,3.606703e-01,3.023123e-01,2.598354e-01,4.350497e-01,6.412355e-01,7.055319e-01,7.459172e-01,7.536211e-01,7.965039e-01,8.461898e-01
9.857500e-03,7.449887e+00,7.280924e+00,1.230977e+00,7.473942e-01,5.623433e-01,4.411794e-01,3.606703e-01,3.023123e-01,2.598354e-01,4.347834e-01,6.407646e-01,7.055328e-01,7.459091e-01,7.530218e-01,7.964570e-01,8.452157e-01
9.860000e-03,7.450618e+00,7.280997e+00,1.228697e+00,7.473941e-01,5.623434e-01,4.411793e-01,3.606702e-01,3.023122e-01,2.598354e-01,4.344432e-01,6.403231e-01,7.056351e-01,7.458337e-01,7.524792e-01,7.967288e-01,8.446043e-01
9.862500e-03,7.451426e+00,7.281156e+00,1.225904e+00,7.473939e-01,5.623434e-01,4.411794e-01,3.606702e-01,3.023122e-01,2.598354e-01,4.340283e-01,6.399141e-01,7.058223e-01,7.457109e-01,7.520226e-01,7.973619e-01,8.444705e-01
9.865000e-03,7.452304e+00,7.281405e+00,1.222582e+00,7.473939e-01,5.623434e-01,4.411794e-01,3.606702e-01,3.023122e-01,2.598353e-01,4.335374e-01,6.395413e-01,7.060705e-01,7.455588e-01,7.516416e-01,7.982986e-01,8.449269e-01
9.867500e-03,7.453249e+00,7.281750e+00,1.218726e+00,7.473939e-01,5.623434e-01,4.411795e-01,3.606702e-01,3.023122e-01,2.598353e-01,4.329706e-01,6.392162e-01,7.063556e-01,7.453957e-01,7.512872e-01,7.993500e-01,8.460671e-01
9.870000e-03,7.454252e+00,7.282195e+00,1.214322e+00,7.473939e-01,5.623434e-01,4.411795e-01,3.606702e-01,3.023121e-01,2.598352e-01,4.323281e-01,6.389544e-01,7.066515e-01,7.452394e-01,7.509091e-01,8.002393e-01,8.479365e-01
9.872500e-03,7.455297e+00,7.282752e+00,1.209351e+00,7.473941e-01,5.623433e-01,4.411795e-01,3.606702e-01,3.023121e-01,2.598352e-01,4.316112e-01,6.387695e-01,7.069322e-01,7.451026e-01,7.505052e-01,8.007145e-01,8.504425e-01
9.875000e-03,7.456382e+00,7.283420e+00,1.203838e+00,7.473943e-01,5.623434e-01,4.411796e-01,3.606703e-01,3.023121e-01,2.598352e-01,4.308198e-01,6.386705e-01,7.071784e-01,7.449889e-01,7.501362e-01,8.006703e-01,8.533100e-01
9.877500e-03,7.457559e+00,7.284207e+00,1.197771e+00,7.473946e-01,5.623435e-01,4.411797e-01,3.606703e-01,3.023121e-01,2.598352e-01,4.299563e-01,6.386642e-01,7.073833e-01,7.448925e-01,7.498911e-01,8.001888e-01,8.561405e-01
9.880000e-03,7.459113e+00,7.285097e+00,1.191303e+00,7.473948e-01,5.623437e-01,4.411797e-01,3.606703e-01,3.023121e-01,2.598352e-01,4.290240e-01,6.387584e-01,7.075497e-01,7.448055e-01,7.498405e-01,7.994801e-01,8.585398e-01
9.882500e-03,7.460707e+00,7.286194e+00,1.186669e+00,7.473950e-01,5.623438e-01,4.411798e-01,3.606703e-01,3.023121e-01,2.598352e-01,4.280323e-01,6.389267e-01,7.076834e-01,7.447277e-01,7.500141e-01,7.987749e-01,8.602508e-01
9.885000e-03,7.462278e+00,7.287772e+00,1.190833e+00,7.473951e-01,5.623438e-01,4.411799e-01,3.606703e-01,3.023121e-01,2.598352e-01,4.269904e-01,6.391464e-01,7.077884e-01,7.446697e-01,7.504030e-01,7.982442e-01,8.611945e-01
9.887500e-03,7.463781e+00,7.289431e+00,1.195633e+00,7.473950e-01,5.623439e-01,4.411800e-01,3.606704e-01,3.023120e-01,2.598352e-01,4.259056e-01,6.394124e-01,7.078678e-01,7.446487e-01,7.509752e-01,7.979784e-01,8.614169e-01
9.890000e-03,7.465145e+00,7.291164e+00,1.201019e+00,7.473952e-01,5.623439e-01,4.411800e-01,3.606704e-01,3.023120e-01,2.598352e-01,4.247760e-01,6.397156e-01,7.079251e-01,7.446806e-01,7.516890e-01,7.980093e-01,8.610400e-01
9.892500e-03,7.466391e+00,7.292938e+00,1.207078e+00,7.473955e-01,5.623439e-01,4.411801e-01,3.606705e-01,3.023121e-01,2.598352e-01,4.236198e-01,6.400341e-01,7.079657e-01,7.447751e-01,7.525012e-01,7.983375e-01,8.602178e-01
9.895000e-03,7.467533e+00,7.294685e+00,1.213542e+00,7.473954e-01,5.623438e-01,4.411802e-01,3.606705e-01,3.023121e-01,2.598352e-01,4.224470e-01,6.403581e-01,7.079951e-01,7.449334e-01,7.533722e-01,7.989426e-01,8.591033e-01
9.897500e-03,7.468494e+00,7.296413e+00,1.220319e+00,7.473953e-01,5.623440e-01,4.411802e-01,3.606706e-01,3.023122e-01,2.598352e-01,4.212778e-01,6.406874e-01,7.080139e-01,7.451510e-01,7.542681e-01,7.997848e-01,8.578510e-01
9.900000e-03,7.469247e+00,7.298064e+00,1.227230e+00,7.473953e-01,5.623441e-01,4.411801e-01,3.606707e-01,3.023122e-01,2.598352e-01,4.201395e-01,6.410071e-01,7.080163e-01,7.454211e-01,7.551602e-01,8.008043e-01,8.566135e-01
9.902500e-03,7.469905e+00,7.299664e+00,1.234413e+00,7.473952e-01,5.623440e-01,4.411801e-01,3.606707e-01,3.023123e-01,2.598352e-01,4.190259e-01,6.412384e-01,7.080060e-01,7.457372e-01,7.560255e-01,8.019243e-01,8.555189e-01
9.905000e-03,7.470355e+00,7.301179e+00,1.241664e+00,7.473951e-01,5.623440e-01,4.411802e-01,3.606707e-01,3.023124e-01,2.598353e-01,4.179570e-01,6.413529e-01,7.079958e-01,7.460944e-01,7.568486e-01,8.030621e-01,8.546395e-01
9.907500e-03,7.470638e+00,7.302601e+00,1.248812e+00,7.473950e-01,5.623440e-01,4.411802e-01,3.606706e-01,3.023124e-01,2.598353e-01,4.169366e-01,6.414375e-01,7.080022e-01,7.464883e-01,7.576231e-01,8.041471e-01,8.539896e-01
9.910000e-03,7.470902e+00,7.303868e+00,1.255507e+00,7.473950e-01,5.623440e-01,4.411802e-01,3.606706e-01,3.023124e-01,2.598354e-01,4.159700e-01,6.415266e-01,7.080425e-01,7.469151e-01,7.583514e-01,8.051382e-01,8.535353e-01
9.912500e-03,7.471225e+00,7.305004e+00,1.261816e+00,7.473949e-01,5.623440e-01,4.411802e-01,3.606706e-01,3.023124e-01,2.598354e-01,4.150692e-01,6.415915e-01,7.081311e-01,7.473725e-01,7.590367e-01,8.060275e-01,8.532335e-01
9.915000e-03,7.471595e+00,7.306032e+00,1.267817e+00,7.473947e-01,5.623440e-01,4.411802e-01,3.606706e-01,3.023123e-01,2.598354e-01,4.142392e-01,6.415972e-01,7.082808e-01,7.478604e-01,7.596759e-01,8.068282e-01,8.530445e-01
9.917500e-03,7.471969e+00,7.306955e+00,1.273412e+00,7.473945e-01,5.623440e-01,4.411802e-01,3.606707e-01,3.023123e-01,2.598354e-01,4.134755e-01,6.415553e-01,7.085012e-01,7.483798e-01,7.602567e-01,8.075525e-01,8.529227e-01
9.920000e-03,7.472314e+00,7.307781e+00,1.278470e+00,7.473943e-01,5.623439e-01,4.411802e-01,3.606707e-01,3.023124e-01,2.598354e-01,4.127671e-01,6.414835e-01,7.087846e-01,7.489311e-01,7.607628e-01,8.081958e-01,8.528613e-01
9.922500e-03,7.472687e+00,7.308519e+00,1.283067e+00,7.473942e-01,5.623439e-01,4.411802e-01,3.606707e-01,3.023124e-01,2.598354e-01,4.121097e-01,6.413788e-01,7.091018e-01,7.495124e-01,7.611809e-01,8.087409e-01,8.528850e-01
9.925000e-03,7.473064e+00,7.309190e+00,1.287131e+00,7.473942e-01,5.623438e-01,4.411803e-01,3.606707e-01,3.023125e-01,2.598354e-01,4.114844e-01,6.412612e-01,7.094277e-01,7.501171e-01,7.615061e-01,8.091722e-01,8.530123e-01
9.927500e-03,7.473479e+00,7.309803e+00,1.290485e+00,7.473943e-01,5.623437e-01,4.411803e-01,3.606707e-01,3.023125e-01,2.598355e-01,4.108648e-01,6.411697e-01,7.097635e-01,7.507342e-01,7.617418e-01,8.094865e-01,8.532313e-01
9.930000e-03,7.474014e+00,7.310354e+00,1.293387e+00,7.473943e-01,5.623436e-01,4.411802e-01,3.606707e-01,3.023125e-01,2.598355e-01,4.102668e-01,6.410963e-01,7.101282e-01,7.513532e-01,7.618959e-01,8.096897e-01,8.535295e-01
9.932500e-03,7.474614e+00,7.310857e+00,1.295952e+00,7.473944e-01,5.623435e-01,4.411801e-01,3.606706e-01,3.023125e-01,2.598355e-01,4.096861e-01,6.410008e-01,7.105424e-01,7.519696e-01,7.619775e-01,8.097852e-01,8.539142e-01
9.935000e-03,7.475275e+00,7.311319e+00,1.298168e+00,7.473944e-01,5.623434e-01,4.411801e-01,3.606706e-01,3.023125e-01,2.598355e-01,4.091176e-01,6.409057e-01,7.110179e-01,7.525837e-01,7.619941e-01,8.097677e-01,8.543423e-01
9.937500e-03,7.475978e+00,7.311745e+00,1.300014e+00,7.473945e-01,5.623434e-01,4.411801e-01,3.606705e-01,3.023125e-01,2.598355e-01,4.085533e-01,6.408540e-01,7.115479e-01,7.531915e-01,7.619511e-01,8.096211e-01,8.548201e-01
9.940000e-03,7.476714e+00,7.312155e+00,1.301552e+00,7.473946e-01,5.623434e-01,4.411800e-01,3.606705e-01,3.023125e-01,2.598356e-01,4.079805e-01,6.408533e-01,7.121114e-01,7.537808e-01,7.618530e-01,8.093274e-01,8.553363e-01
9.942500e-03,7.477456e+00,7.312569e+00,1.302886e+00,7.473945e-01,5.623434e-01,4.411800e-01,3.606704e-01,3.023124e-01,2.598356e-01,4.073887e-01,6.409048e-01,7.126953e-01,7.543348e-01,7.617056e-01,8.088865e-01,8.558560e-01
9.945000e-03,7.478212e+00,7.312988e+00,1.304092e+00,7.473946e-01,5.623435e-01,4.411799e-01,3.606705e-01,3.023124e-01,2.598356e-01,4.067806e-01,6.410119e-01,7.133054e-01,7.548392e-01,7.615161e-01,8.083290e-01,8.563386e-01
9.947500e-03,7.478939e+00,7.313412e+00,1.305257e+00,7.473945e-01,5.623435e-01,4.411799e-01,3.606704e-01,3.023123e-01,2.598356e-01,4.061620e-01,6.411658e-01,7.139535e-01,7.552860e-01,7.612914e-01,8.077092e-01,8.567398e-01
9.950000e-03,7.479606e+00,7.313851e+00,1.306443e+00,7.473945e-01,5.623435e-01,4.411799e-01,3.606704e-01,3.023122e-01,2.598355e-01,4.055344e-01,6.413548e-01,7.146299e-01,7.556737e-01,7.610386e-01,8.070821e-01,8.570263e-01
9.952500e-03,7.480207e+00,7.314298e+00,1.307699e+00,7.473944e-01,5.623435e-01,4.411799e-01,3.606703e-01,3.023122e-01,2.598355e-01,4.049048e-01,6.415886e-01,7.153019e-01,7.560035e-01,7.607703e-01,8.064872e-01,8.572023e-01
9.955000e-03,7.480711e+00,7.314754e+00,1.309066e+00,7.473944e-01,5.623435e-01,4.411799e-01,3.606704e-01,3.023122e-01,2.598354e-01,4.042795e-01,6.418825e-01,7.159352e-01,7.562746e-01,7.605099e-01,8.059523e-01,8.572946e-01
9.957500e-03,7.481124e+00,7.315209e+00,1.310547e+00,7.473944e-01,5.623435e-01,4.411799e-01,3.606704e-01,3.023122e-01,2.598353e-01,4.036705e-01,6.422353e-01,7.165150e-01,7.564844e-01,7.602898e-01,8.055084e-01,8.573519e-01
9.960000e-03,7.481435e+00,7.315659e+00,1.312071e+00,7.473945e-01,5.623435e-01,4.411799e-01,3.606704e-01,3.023122e-01,2.598353e-01,4.030861e-01,6.426303e-01,7.170482e-01,7.566341e-01,7.601417e-01,8.051896e-01,8.574260e-01
9.962500e-03,7.481641e+00,7.316097e+00,1.313717e+00,7.473946e-01,5.623435e-01,4.411799e-01,3.606704e-01,3.023122e-01,2.598353e-01,4.025375e-01,6.430557e-01,7.175477e-01,7.567339e-01,7.600851e-01,8.050151e-01,8.575339e-01
9.965000e-03,7.481738e+00,7.316512e+00,1.315543e+00,7.473947e-01,5.623435e-01,4.411799e-01,3.606703e-01,3.023122e-01,2.598353e-01,4.020392e-01,6.435261e-01,7.180181e-01,7.568001e-01,7.601213e-01,8.049721e-01,8.577015e-01
9.967500e-03,7.481717e+00,7.316905e+00,1.317680e+00,7.473947e-01,5.623435e-01,4.411799e-01,3.606703e-01,3.023122e-01,2.598353e-01,4.015981e-01,6.440399e-01,7.184505e-01,7.568446e-01,7.602302e-01,8.050201e-01,8.579554e-01
9.970000e-03,7.481561e+00,7.317271e+00,1.319996e+00,7.473948e-01,5.623436e-01,4.411800e-01,3.606703e-01,3.023122e-01,2.598353e-01,4.012245e-01,6.445736e-01,7.188280e-01,7.568708e-01,7.603760e-01,8.051033e-01,8.582777e-01
9.972500e-03,7.481264e+00,7.317600e+00,1.322450e+00,7.473947e-01,5.623437e-01,4.411800e-01,3.606703e-01,3.023122e-01,2.598353e-01,4.009286e-01,6.451159e-01,7.191369e-01,7.568772e-01,7.605255e-01,8.051657e-01,8.586007e-01
9.975000e-03,7.480828e+00,7.317886e+00,1.325043e+00,7.473946e-01,5.623438e-01,4.411800e-01,3.606703e-01,3.023122e-01,2.598354e-01,4.007215e-01,6.456654e-01,7.193710e-01,7.568621e-01,7.606637e-01,8.051794e-01,8.588598e-01
9.977500e-03,7.480268e+00,7.318117e+00,1.327671e+00,7.473945e-01,5.623438e-01,4.411800e-01,3.606703e-01,3.023122e-01,2.598353e-01,4.006092e-01,6.462135e-01,7.195300e-01,7.568247e-01,7.607862e-01,8.051633e-01,8.589830e-01
9.980000e-03,7.479580e+00,7.318290e+00,1.330394e+00,7.473943e-01,5.623437e-01,4.411801e-01,3.606703e-01,3.023122e-01,2.598353e-01,4.006033e-01,6.467472e-01,7.196167e-01,7.567632e-01,7.608798e-01,8.051586e-01,8.589276e-01
9.982500e-03,7.478753e+00,7.318401e+00,1.333168e+00,7.473942e-01,5.623436e-01,4.411802e-01,3.606704e-01,3.023122e-01,2.598353e-01,4.007106e-01,6.472529e-01,7.196374e-01,7.566743e-01,7.609167e-01,8.051867e-01,8.586989e-01
9.985000e-03,7.477802e+00,7.318443e+00,1.335929e+00,7.473941e-01,5.623435e-01,4.411802e-01,3.606704e-01,3.023122e-01,2.598353e-01,4.009355e-01,6.477209e-01,7.196005e-01,7.565547e-01,7.608720e-01,8.052365e-01,8.583393e-01
9.987500e-03,7.476734e+00,7.318410e+00,1.338621e+00,7.473941e-01,5.623434e-01,4.411801e-01,3.606704e-01,3.023122e-01,2.598353e-01,4.012808e-01,6.481461e-01,7.195149e-01,7.564026e-01,7.607392e-01,8.052850e-01,8.579034e-01
9.990000e-03,7.475560e+00,7.318300e+00,1.341194e+00,7.473941e-01,5.623433e-01,4.411801e-01,3.606705e-01,3.023122e-01,2.598353e-01,4.017478e-01,6.485246e-01,7.193900e-01,7.562182e-01,7.605263e-01,8.053153e-01,8.574568e-01
9.992500e-03,7.474293e+00,7.318111e+00,1.343604e+00,7.473941e-01,5.623432e-01,4.411800e-01,3.606705e-01,3.023122e-01,2.598353e-01,4.023363e-01,6.488428e-01,7.192368e-01,7.560014e-01,7.602420e-01,8.053155e-01,8.570518e-01
9.995000e-03,7.472946e+00,7.317841e+00,1.345816e+00,7.473940e-01,5.623432e-01,4.411799e-01,3.606705e-01,3.023123e-01,2.598353e-01,4.030444e-01,6.490888e-01,7.190626e-01,7.557494e-01,7.598882e-01,8.052697e-01,8.567387e-01
9.997500e-03,7.471534e+00,7.317490e+00,1.347743e+00,7.473938e-01,5.623432e-01,4.411798e-01,3.606705e-01,3.023123e-01,2.598353e-01,4.038652e-01,6.492625e-01,7.188705e-01,7.554568e-01,7.594636e-01,8.051539e-01,8.565560e-01
1.000000e-02,7.470094e+00,7.317051e+00,1.349226e+00,7.473936e-01,5.623433e-01,4.411797e-01,3.606705e-01,3.023124e-01,2.598353e-01,4.047860e-01,6.493692e-01,7.186602e-01,7.551208e-01,7.589691e-01,8.049440e-01,8.565229e-01
