t_s,x_p50_rt,x_shock_rt,dpdx_max,p_2.56,p_3.36,p_4.16,p_4.95,p_5.75,p_6.55,p_7.35,p_8.14,p_8.94,p_9.73,p_10.53,p_11.33,p_12.12
1.500000e-07,7.152388e+00,7.040260e+00,1.394172e+00,7.478149e-01,5.615586e-01,4.409152e-01,3.607493e-01,3.022880e-01,2.594204e-01,5.817401e-01,7.025644e-01,7.543808e-01,7.859461e-01,7.882516e-01,8.396157e-01,8.463909e-01
2.500000e-06,7.151389e+00,7.038102e+00,1.386379e+00,7.482606e-01,5.620723e-01,4.409185e-01,3.607033e-01,3.023384e-01,2.595004e-01,5.822858e-01,7.022328e-01,7.550858e-01,7.850876e-01,7.885026e-01,8.397696e-01,8.464345e-01
5.000000e-06,7.152684e+00,7.037394e+00,1.396585e+00,7.485199e-01,5.622197e-01,4.407635e-01,3.606431e-01,3.024555e-01,2.596608e-01,5.808357e-01,7.011827e-01,7.557472e-01,7.841314e-01,7.890169e-01,8.396127e-01,8.472017e-01
7.500000e-06,7.152524e+00,7.037024e+00,1.391500e+00,7.485690e-01,5.625480e-01,4.407792e-01,3.605357e-01,3.024713e-01,2.597246e-01,5.802837e-01,7.001364e-01,7.561928e-01,7.832979e-01,7.897478e-01,8.390785e-01,8.468954e-01
1.000000e-05,7.152107e+00,7.036801e+00,1.392525e+00,7.486125e-01,5.628661e-01,4.408434e-01,3.604635e-01,3.024017e-01,2.598388e-01,5.829950e-01,7.039558e-01,7.559001e-01,7.827090e-01,7.906134e-01,8.382191e-01,8.464870e-01
1.250000e-05,7.151597e+00,7.036466e+00,1.390443e+00,7.484647e-01,5.631407e-01,4.409994e-01,3.604146e-01,3.023588e-01,2.599136e-01,5.811880e-01,7.046863e-01,7.552895e-01,7.823779e-01,7.915172e-01,8.372135e-01,8.466116e-01
1.500000e-05,7.151091e+00,7.036188e+00,1.390425e+00,7.482242e-01,5.632332e-01,4.412150e-01,3.603898e-01,3.022964e-01,2.599669e-01,5.816383e-01,6.988107e-01,7.559011e-01,7.822332e-01,7.923350e-01,8.362699e-01,8.462455e-01
1.750000e-05,7.150573e+00,7.035875e+00,1.388854e+00,7.479666e-01,5.632793e-01,4.414323e-01,3.603963e-01,3.022209e-01,2.599667e-01,5.820473e-01,6.975438e-01,7.572864e-01,7.823565e-01,7.929289e-01,8.355375e-01,8.454510e-01
2.000000e-05,7.150244e+00,7.035582e+00,1.387866e+00,7.464021e-01,5.632145e-01,4.416784e-01,3.604800e-01,3.021747e-01,2.599391e-01,5.819447e-01,6.991467e-01,7.579697e-01,7.831190e-01,7.931787e-01,8.350743e-01,8.446393e-01
2.250000e-05,7.150036e+00,7.035296e+00,1.386225e+00,7.458028e-01,5.631847e-01,4.418327e-01,3.606087e-01,3.021254e-01,2.598940e-01,5.820662e-01,6.983491e-01,7.566627e-01,7.847578e-01,7.930292e-01,8.348216e-01,8.439011e-01
2.500000e-05,7.149966e+00,7.035015e+00,1.384184e+00,7.462847e-01,5.624804e-01,4.419160e-01,3.607725e-01,3.021069e-01,2.598360e-01,5.820789e-01,6.994115e-01,7.532018e-01,7.868438e-01,7.925369e-01,8.345789e-01,8.433342e-01
2.750000e-05,7.150041e+00,7.034745e+00,1.382038e+00,7.464390e-01,5.617154e-01,4.420013e-01,3.609686e-01,3.021344e-01,2.597881e-01,5.819656e-01,7.026019e-01,7.505948e-01,7.886718e-01,7.918678e-01,8.341269e-01,8.430876e-01
3.000000e-05,7.150186e+00,7.034487e+00,1.379688e+00,7.470178e-01,5.614525e-01,4.418087e-01,3.611352e-01,3.021937e-01,2.597360e-01,5.818094e-01,7.033082e-01,7.506514e-01,7.897433e-01,7.912093e-01,8.335452e-01,8.430723e-01
3.250000e-05,7.150358e+00,7.034249e+00,1.377425e+00,7.465645e-01,5.615295e-01,4.412220e-01,3.613121e-01,3.022976e-01,2.597067e-01,5.816257e-01,7.015207e-01,7.520280e-01,7.895999e-01,7.906639e-01,8.332668e-01,8.430132e-01
3.500000e-05,7.150558e+00,7.034037e+00,1.375238e+00,7.468200e-01,5.614732e-01,4.408625e-01,3.613725e-01,3.024444e-01,2.596989e-01,5.814195e-01,6.997399e-01,7.531634e-01,7.881243e-01,7.902478e-01,8.336388e-01,8.427247e-01
3.750000e-05,7.150741e+00,7.033851e+00,1.373239e+00,7.472094e-01,5.615655e-01,4.406969e-01,3.610845e-01,3.026398e-01,2.597097e-01,5.812046e-01,6.994470e-01,7.534106e-01,7.860067e-01,7.899521e-01,8.345702e-01,8.423571e-01
4.000000e-05,7.150908e+00,7.033698e+00,1.371477e+00,7.473166e-01,5.619691e-01,4.406418e-01,3.607361e-01,3.028267e-01,2.597636e-01,5.810082e-01,7.003672e-01,7.532612e-01,7.841589e-01,7.897350e-01,8.356588e-01,8.422485e-01
4.250000e-05,7.151075e+00,7.033578e+00,1.369834e+00,7.474355e-01,5.617254e-01,4.405392e-01,3.605533e-01,3.028097e-01,2.598905e-01,5.808280e-01,7.011539e-01,7.540994e-01,7.828814e-01,7.894750e-01,8.365108e-01,8.426445e-01
4.500000e-05,7.151164e+00,7.033491e+00,1.368396e+00,7.475133e-01,5.618245e-01,4.404637e-01,3.604327e-01,3.025958e-01,2.600695e-01,5.806628e-01,7.010531e-01,7.563262e-01,7.819416e-01,7.890447e-01,8.369130e-01,8.435146e-01
4.750000e-05,7.151087e+00,7.033447e+00,1.367543e+00,7.475301e-01,5.621841e-01,4.405674e-01,3.603408e-01,3.024220e-01,2.601821e-01,5.805870e-01,7.004683e-01,7.586932e-01,7.811746e-01,7.884535e-01,8.368479e-01,8.445648e-01
5.000000e-05,7.150916e+00,7.033462e+00,1.367511e+00,7.474991e-01,5.623500e-01,4.408599e-01,3.602220e-01,3.023286e-01,2.601398e-01,5.806519e-01,7.000788e-01,7.599292e-01,7.806318e-01,7.878584e-01,8.364182e-01,8.454487e-01
5.250000e-05,7.150893e+00,7.033544e+00,1.367903e+00,7.474422e-01,5.624939e-01,4.407199e-01,3.601229e-01,3.022399e-01,2.600310e-01,5.807646e-01,7.001014e-01,7.598962e-01,7.802976e-01,7.874065e-01,8.357475e-01,8.459361e-01
5.500000e-05,7.151155e+00,7.033669e+00,1.367941e+00,7.473214e-01,5.625934e-01,4.407796e-01,3.600759e-01,3.021480e-01,2.599665e-01,5.807664e-01,7.003385e-01,7.590686e-01,7.800683e-01,7.870930e-01,8.349278e-01,8.460109e-01
5.750000e-05,7.151549e+00,7.033807e+00,1.367565e+00,7.471617e-01,5.626253e-01,4.410772e-01,3.602146e-01,3.020337e-01,2.599248e-01,5.806342e-01,7.005741e-01,7.578508e-01,7.800589e-01,7.867704e-01,8.340208e-01,8.458274e-01
6.000000e-05,7.151877e+00,7.033952e+00,1.367421e+00,7.470288e-01,5.625847e-01,4.412608e-01,3.604185e-01,3.019198e-01,2.598628e-01,5.805155e-01,7.007360e-01,7.565502e-01,7.806641e-01,7.862758e-01,8.330680e-01,8.455608e-01
6.250000e-05,7.152170e+00,7.034119e+00,1.367689e+00,7.469683e-01,5.624928e-01,4.414080e-01,3.603199e-01,3.018485e-01,2.597818e-01,5.804953e-01,7.008456e-01,7.555000e-01,7.821507e-01,7.855504e-01,8.320910e-01,8.452989e-01
6.500000e-05,7.152517e+00,7.034303e+00,1.368096e+00,7.469997e-01,5.623827e-01,4.414806e-01,3.604028e-01,3.018241e-01,2.596796e-01,5.804742e-01,7.009499e-01,7.549404e-01,7.842471e-01,7.846578e-01,8.311004e-01,8.450629e-01
6.750000e-05,7.152904e+00,7.034495e+00,1.368575e+00,7.471201e-01,5.622743e-01,4.414741e-01,3.606581e-01,3.019755e-01,2.595689e-01,5.803715e-01,7.010933e-01,7.548565e-01,7.862565e-01,7.837143e-01,8.301145e-01,8.448236e-01
7.000000e-05,7.153307e+00,7.034691e+00,1.369105e+00,7.473182e-01,5.621714e-01,4.414347e-01,3.608244e-01,3.021190e-01,2.594822e-01,5.802278e-01,7.012817e-01,7.550117e-01,7.875615e-01,7.828131e-01,8.291628e-01,8.445280e-01
7.250000e-05,7.153717e+00,7.034880e+00,1.369577e+00,7.475737e-01,5.620840e-01,4.413646e-01,3.609307e-01,3.020498e-01,2.594263e-01,5.800668e-01,7.014690e-01,7.551556e-01,7.879510e-01,7.820147e-01,8.282807e-01,8.441352e-01
7.500000e-05,7.154087e+00,7.035050e+00,1.370005e+00,7.478492e-01,5.620397e-01,4.412613e-01,3.609764e-01,3.021450e-01,2.594328e-01,5.798934e-01,7.016003e-01,7.551897e-01,7.875557e-01,7.813978e-01,8.275051e-01,8.436213e-01
7.750000e-05,7.154353e+00,7.035205e+00,1.370622e+00,7.480872e-01,5.620671e-01,4.411490e-01,3.609564e-01,3.023665e-01,2.595843e-01,5.797411e-01,7.016484e-01,7.551775e-01,7.866067e-01,7.810997e-01,8.268704e-01,8.429828e-01
8.000000e-05,7.154523e+00,7.035361e+00,1.371125e+00,7.482840e-01,5.621785e-01,4.410541e-01,3.609117e-01,3.025013e-01,2.596689e-01,5.796492e-01,7.015732e-01,7.552374e-01,7.852771e-01,7.812818e-01,8.263919e-01,8.422305e-01
8.250000e-05,7.154498e+00,7.035469e+00,1.371712e+00,7.484509e-01,5.623604e-01,4.409866e-01,3.608432e-01,3.025688e-01,2.596415e-01,5.796175e-01,7.013099e-01,7.554242e-01,7.836938e-01,7.820269e-01,8.260433e-01,8.413909e-01
8.500000e-05,7.154106e+00,7.035607e+00,1.374012e+00,7.484831e-01,5.625672e-01,4.409534e-01,3.607550e-01,3.025976e-01,2.597582e-01,5.796663e-01,7.008610e-01,7.556779e-01,7.820310e-01,7.832532e-01,8.257525e-01,8.405094e-01
8.750000e-05,7.153891e+00,7.035815e+00,1.375848e+00,7.483304e-01,5.627607e-01,4.409660e-01,3.606555e-01,3.025846e-01,2.599385e-01,5.800070e-01,7.003533e-01,7.558651e-01,7.805307e-01,7.847083e-01,8.254263e-01,8.396447e-01
9.000000e-05,7.153913e+00,7.035942e+00,1.376282e+00,7.480624e-01,5.629338e-01,4.410330e-01,3.605599e-01,3.025360e-01,2.600396e-01,5.803196e-01,6.999443e-01,7.558666e-01,7.794398e-01,7.860648e-01,8.249992e-01,8.388613e-01
9.250000e-05,7.153576e+00,7.036045e+00,1.377774e+00,7.477287e-01,5.630313e-01,4.411451e-01,3.604894e-01,3.024704e-01,2.600874e-01,5.802504e-01,6.997030e-01,7.556350e-01,7.789125e-01,7.870493e-01,8.244770e-01,8.381896e-01
9.500000e-05,7.153130e+00,7.036196e+00,1.379919e+00,7.473511e-01,5.630059e-01,4.412781e-01,3.604590e-01,3.023858e-01,2.601058e-01,5.804335e-01,6.995886e-01,7.551856e-01,7.789583e-01,7.875372e-01,8.239462e-01,8.376121e-01
9.750000e-05,7.152896e+00,7.036338e+00,1.381524e+00,7.469715e-01,5.628906e-01,4.414207e-01,3.604770e-01,3.022962e-01,2.600934e-01,5.808601e-01,6.995318e-01,7.545585e-01,7.794558e-01,7.875386e-01,8.235386e-01,8.370771e-01
1.000000e-04,7.152797e+00,7.036453e+00,1.382673e+00,7.466467e-01,5.627191e-01,4.415424e-01,3.605406e-01,3.022146e-01,2.600474e-01,5.809829e-01,6.996106e-01,7.538021e-01,7.802072e-01,7.871489e-01,8.233721e-01,8.365345e-01
1.025000e-04,7.152797e+00,7.036546e+00,1.383514e+00,7.464259e-01,5.624997e-01,4.415913e-01,3.606331e-01,3.021493e-01,2.599744e-01,5.809609e-01,6.999012e-01,7.529800e-01,7.810019e-01,7.864884e-01,8.235039e-01,8.359801e-01
1.050000e-04,7.152911e+00,7.036617e+00,1.383997e+00,7.463375e-01,5.622486e-01,4.415691e-01,3.607411e-01,3.021163e-01,2.598883e-01,5.809358e-01,7.001012e-01,7.521833e-01,7.816665e-01,7.856670e-01,8.239215e-01,8.354399e-01
1.075000e-04,7.153151e+00,7.036667e+00,1.384060e+00,7.463834e-01,5.619987e-01,4.415012e-01,3.608494e-01,3.021288e-01,2.598056e-01,5.807956e-01,6.999162e-01,7.515190e-01,7.820913e-01,7.847763e-01,8.245597e-01,8.349722e-01
1.100000e-04,7.153496e+00,7.036699e+00,1.383687e+00,7.465455e-01,5.617896e-01,4.413935e-01,3.609188e-01,3.021829e-01,2.597333e-01,5.805354e-01,6.995360e-01,7.510858e-01,7.822372e-01,7.838998e-01,8.253231e-01,8.346296e-01
1.125000e-04,7.153921e+00,7.036709e+00,1.382906e+00,7.467948e-01,5.616590e-01,4.412486e-01,3.609316e-01,3.022645e-01,2.596816e-01,5.802066e-01,6.992744e-01,7.509866e-01,7.821193e-01,7.831179e-01,8.261069e-01,8.344667e-01
1.150000e-04,7.154378e+00,7.036714e+00,1.381933e+00,7.470886e-01,5.616299e-01,4.410806e-01,3.609078e-01,3.023623e-01,2.596578e-01,5.798270e-01,6.992183e-01,7.513020e-01,7.817815e-01,7.825061e-01,8.268174e-01,8.344866e-01
1.175000e-04,7.154825e+00,7.036730e+00,1.380963e+00,7.473855e-01,5.617030e-01,4.409140e-01,3.608578e-01,3.024490e-01,2.596687e-01,5.794185e-01,6.991838e-01,7.519357e-01,7.812790e-01,7.821244e-01,8.273907e-01,8.346602e-01
1.200000e-04,7.155230e+00,7.036770e+00,1.380086e+00,7.476591e-01,5.618608e-01,4.407783e-01,3.607793e-01,3.024928e-01,2.597136e-01,5.790328e-01,6.988589e-01,7.526056e-01,7.806715e-01,7.820046e-01,8.277979e-01,8.349362e-01
1.225000e-04,7.155576e+00,7.036835e+00,1.379392e+00,7.478806e-01,5.620717e-01,4.407028e-01,3.606745e-01,3.024966e-01,2.597875e-01,5.787055e-01,6.981862e-01,7.531052e-01,7.800305e-01,7.821413e-01,8.280332e-01,8.352345e-01
1.250000e-04,7.155873e+00,7.036926e+00,1.378902e+00,7.480120e-01,5.622989e-01,4.407051e-01,3.605557e-01,3.024765e-01,2.598748e-01,5.784521e-01,6.974343e-01,7.534120e-01,7.794573e-01,7.824907e-01,8.280999e-01,8.354820e-01
1.275000e-04,7.156122e+00,7.037048e+00,1.378638e+00,7.480353e-01,5.625163e-01,4.407831e-01,3.604413e-01,3.024352e-01,2.599436e-01,5.782407e-01,6.968477e-01,7.535167e-01,7.790828e-01,7.829769e-01,8.280068e-01,8.356569e-01
1.300000e-04,7.156330e+00,7.037205e+00,1.378695e+00,7.479593e-01,5.627051e-01,4.409196e-01,3.603555e-01,3.023712e-01,2.599754e-01,5.780556e-01,6.964335e-01,7.533513e-01,7.790144e-01,7.835034e-01,8.277642e-01,8.357620e-01
1.325000e-04,7.156539e+00,7.037404e+00,1.379071e+00,7.478051e-01,5.628440e-01,4.410870e-01,3.603218e-01,3.022886e-01,2.599787e-01,5.779126e-01,6.960976e-01,7.529071e-01,7.792704e-01,7.839783e-01,8.273778e-01,8.358122e-01
1.350000e-04,7.156835e+00,7.037642e+00,1.379535e+00,7.476024e-01,5.629136e-01,4.412584e-01,3.603501e-01,3.021977e-01,2.599622e-01,5.777993e-01,6.958186e-01,7.522837e-01,7.797959e-01,7.843353e-01,8.268504e-01,8.358378e-01
1.375000e-04,7.157253e+00,7.037910e+00,1.379910e+00,7.473958e-01,5.629053e-01,4.414164e-01,3.604341e-01,3.021143e-01,2.599257e-01,5.776449e-01,6.956374e-01,7.516065e-01,7.805358e-01,7.845486e-01,8.262007e-01,8.358619e-01
1.400000e-04,7.157775e+00,7.038206e+00,1.380228e+00,7.472301e-01,5.628226e-01,4.415455e-01,3.605570e-01,3.020586e-01,2.598698e-01,5.774145e-01,6.955588e-01,7.509534e-01,7.814469e-01,7.846393e-01,8.254836e-01,8.358935e-01
1.425000e-04,7.158382e+00,7.038532e+00,1.380548e+00,7.471311e-01,5.626785e-01,4.416313e-01,3.606953e-01,3.020481e-01,2.597994e-01,5.771369e-01,6.955345e-01,7.503529e-01,7.824410e-01,7.846656e-01,8.248001e-01,8.359091e-01
1.450000e-04,7.159086e+00,7.038879e+00,1.380888e+00,7.471073e-01,5.624969e-01,4.416635e-01,3.608298e-01,3.020875e-01,2.597247e-01,5.768267e-01,6.955202e-01,7.498263e-01,7.833610e-01,7.847012e-01,8.242808e-01,8.358580e-01
1.475000e-04,7.159854e+00,7.039250e+00,1.381265e+00,7.471582e-01,5.623120e-01,4.416369e-01,3.609469e-01,3.021692e-01,2.596605e-01,5.764667e-01,6.954833e-01,7.494337e-01,7.840344e-01,7.848105e-01,8.240507e-01,8.357005e-01
1.500000e-04,7.160675e+00,7.039634e+00,1.381658e+00,7.472702e-01,5.621564e-01,4.415531e-01,3.610344e-01,3.022777e-01,2.596241e-01,5.760639e-01,6.953992e-01,7.492764e-01,7.843461e-01,7.850407e-01,8.241886e-01,8.354044e-01
1.525000e-04,7.161519e+00,7.040028e+00,1.382052e+00,7.474111e-01,5.620525e-01,4.414223e-01,3.610833e-01,3.023940e-01,2.596275e-01,5.756331e-01,6.952670e-01,7.494294e-01,7.842697e-01,7.854224e-01,8.247002e-01,8.349775e-01
1.550000e-04,7.162359e+00,7.040436e+00,1.382481e+00,7.475478e-01,5.620158e-01,4.412649e-01,3.610873e-01,3.025027e-01,2.596721e-01,5.751968e-01,6.950954e-01,7.498715e-01,7.838563e-01,7.859700e-01,8.255188e-01,8.344809e-01
1.575000e-04,7.163151e+00,7.040872e+00,1.383112e+00,7.476600e-01,5.620467e-01,4.411078e-01,3.610431e-01,3.025921e-01,2.597499e-01,5.747825e-01,6.948934e-01,7.505008e-01,7.832021e-01,7.866736e-01,8.265314e-01,8.339822e-01
1.600000e-04,7.163860e+00,7.041339e+00,1.384070e+00,7.477317e-01,5.621229e-01,4.409764e-01,3.609529e-01,3.026530e-01,2.598469e-01,5.744162e-01,6.946844e-01,7.511931e-01,7.824254e-01,7.874912e-01,8.276178e-01,8.335249e-01
1.625000e-04,7.164473e+00,7.041837e+00,1.385245e+00,7.477457e-01,5.622177e-01,4.408923e-01,3.608278e-01,3.026798e-01,2.599473e-01,5.741157e-01,6.944976e-01,7.518319e-01,7.816616e-01,7.883519e-01,8.286770e-01,8.331217e-01
1.650000e-04,7.165030e+00,7.042361e+00,1.386640e+00,7.476944e-01,5.623177e-01,4.408674e-01,3.606867e-01,3.026686e-01,2.600380e-01,5.738872e-01,6.943401e-01,7.523191e-01,7.810586e-01,7.891697e-01,8.296372e-01,8.327665e-01
1.675000e-04,7.165555e+00,7.042919e+00,1.388204e+00,7.475819e-01,5.624155e-01,4.408950e-01,3.605522e-01,3.026172e-01,2.601092e-01,5.737214e-01,6.941958e-01,7.525902e-01,7.807545e-01,7.898613e-01,8.304572e-01,8.324679e-01
1.700000e-04,7.166094e+00,7.043496e+00,1.389785e+00,7.474178e-01,5.624935e-01,4.409548e-01,3.604460e-01,3.025285e-01,2.601539e-01,5.735875e-01,6.940624e-01,7.526328e-01,7.808396e-01,7.903620e-01,8.311240e-01,8.322561e-01
1.725000e-04,7.166681e+00,7.044088e+00,1.391202e+00,7.472195e-01,5.625304e-01,4.410311e-01,3.603857e-01,3.024135e-01,2.601677e-01,5.734558e-01,6.939829e-01,7.524909e-01,7.813209e-01,7.906351e-01,8.316494e-01,8.321636e-01
1.750000e-04,7.167332e+00,7.044692e+00,1.392502e+00,7.470151e-01,5.625187e-01,4.411173e-01,3.603762e-01,3.022892e-01,2.601472e-01,5.733319e-01,6.940202e-01,7.522422e-01,7.821288e-01,7.906749e-01,8.320670e-01,8.321958e-01
1.775000e-04,7.168041e+00,7.045315e+00,1.394015e+00,7.468401e-01,5.624637e-01,4.412044e-01,3.604075e-01,3.021749e-01,2.600912e-01,5.731754e-01,6.942019e-01,7.519679e-01,7.831526e-01,7.905084e-01,8.324261e-01,8.323281e-01
1.800000e-04,7.168817e+00,7.045948e+00,1.395467e+00,7.467264e-01,5.623722e-01,4.412737e-01,3.604649e-01,3.020896e-01,2.600039e-01,5.729793e-01,6.944980e-01,7.517401e-01,7.842751e-01,7.901965e-01,8.327824e-01,8.325226e-01
1.825000e-04,7.169659e+00,7.046584e+00,1.396666e+00,7.466915e-01,5.622546e-01,4.413084e-01,3.605387e-01,3.020460e-01,2.598963e-01,5.727659e-01,6.948397e-01,7.516146e-01,7.853852e-01,7.898295e-01,8.331890e-01,8.327584e-01
1.850000e-04,7.170548e+00,7.047213e+00,1.397696e+00,7.467352e-01,5.621302e-01,4.413048e-01,3.606217e-01,3.020454e-01,2.597842e-01,5.724845e-01,6.951548e-01,7.516274e-01,7.863783e-01,7.895151e-01,8.336867e-01,8.330182e-01
1.875000e-04,7.171505e+00,7.047818e+00,1.398457e+00,7.468497e-01,5.620261e-01,4.412685e-01,3.607017e-01,3.020785e-01,2.596857e-01,5.721933e-01,6.953997e-01,7.517984e-01,7.871659e-01,7.893584e-01,8.342976e-01,8.332974e-01
1.900000e-04,7.172450e+00,7.048404e+00,1.399130e+00,7.470318e-01,5.619657e-01,4.412052e-01,3.607616e-01,3.021353e-01,2.596164e-01,5.718284e-01,6.955568e-01,7.521382e-01,7.876894e-01,7.894423e-01,8.350218e-01,8.336048e-01
1.925000e-04,7.173366e+00,7.048965e+00,1.399637e+00,7.472790e-01,5.619590e-01,4.411226e-01,3.607896e-01,3.022072e-01,2.595844e-01,5.714127e-01,6.956517e-01,7.526471e-01,7.879340e-01,7.898151e-01,8.358404e-01,8.339363e-01
1.950000e-04,7.174196e+00,7.049506e+00,1.400037e+00,7.475723e-01,5.620026e-01,4.410366e-01,3.607850e-01,3.022851e-01,2.595892e-01,5.709978e-01,6.957154e-01,7.533071e-01,7.879344e-01,7.904877e-01,8.367240e-01,8.342945e-01
1.975000e-04,7.174923e+00,7.050029e+00,1.400420e+00,7.478674e-01,5.620907e-01,4.409688e-01,3.607532e-01,3.023563e-01,2.596244e-01,5.706175e-01,6.957475e-01,7.540726e-01,7.877700e-01,7.914364e-01,8.376382e-01,8.346778e-01
2.000000e-04,7.175552e+00,7.050533e+00,1.400786e+00,7.481069e-01,5.622202e-01,4.409356e-01,3.606994e-01,3.024069e-01,2.596818e-01,5.703127e-01,6.957521e-01,7.548709e-01,7.875492e-01,7.926080e-01,8.385458e-01,8.350765e-01
2.025000e-04,7.176096e+00,7.051014e+00,1.401205e+00,7.482424e-01,5.623861e-01,4.409416e-01,3.606312e-01,3.024285e-01,2.597521e-01,5.700924e-01,6.957385e-01,7.556123e-01,7.873925e-01,7.939276e-01,8.394087e-01,8.355052e-01
2.050000e-04,7.176544e+00,7.051488e+00,1.401732e+00,7.482479e-01,5.625708e-01,4.409834e-01,3.605634e-01,3.024221e-01,2.598252e-01,5.699410e-01,6.957112e-01,7.562075e-01,7.874116e-01,7.953063e-01,8.401961e-01,8.359521e-01
2.075000e-04,7.176919e+00,7.051967e+00,1.402327e+00,7.481273e-01,5.627452e-01,4.410561e-01,3.605138e-01,3.023932e-01,2.598893e-01,5.698360e-01,6.956902e-01,7.565899e-01,7.876883e-01,7.966505e-01,8.408966e-01,8.364233e-01
2.100000e-04,7.177252e+00,7.052414e+00,1.402979e+00,7.479111e-01,5.628740e-01,4.411557e-01,3.604933e-01,3.023459e-01,2.599331e-01,5.697940e-01,6.957224e-01,7.567402e-01,7.882597e-01,7.978716e-01,8.415250e-01,8.369116e-01
2.125000e-04,7.177545e+00,7.052856e+00,1.403705e+00,7.476438e-01,5.629275e-01,4.412746e-01,3.605041e-01,3.022877e-01,2.599508e-01,5.697924e-01,6.958459e-01,7.566930e-01,7.891119e-01,7.988975e-01,8.421122e-01,8.373950e-01
2.150000e-04,7.177823e+00,7.053288e+00,1.404405e+00,7.473699e-01,5.628925e-01,4.413991e-01,3.605431e-01,3.022317e-01,2.599439e-01,5.698023e-01,6.960838e-01,7.565209e-01,7.901841e-01,7.996841e-01,8.426918e-01,8.378776e-01
2.175000e-04,7.178102e+00,7.053711e+00,1.404913e+00,7.471280e-01,5.627758e-01,4.415089e-01,3.606060e-01,3.021920e-01,2.599167e-01,5.698274e-01,6.964317e-01,7.563133e-01,7.913819e-01,8.002173e-01,8.432947e-01,8.383780e-01
2.200000e-04,7.178423e+00,7.054109e+00,1.405186e+00,7.469488e-01,5.625992e-01,4.415809e-01,3.606874e-01,3.021765e-01,2.598737e-01,5.698536e-01,6.968578e-01,7.561608e-01,7.925938e-01,8.005119e-01,8.439404e-01,8.388968e-01
2.225000e-04,7.178775e+00,7.054477e+00,1.405443e+00,7.468522e-01,5.623922e-01,4.415968e-01,3.607793e-01,3.021867e-01,2.598225e-01,5.698711e-01,6.973144e-01,7.561439e-01,7.937065e-01,8.006078e-01,8.446281e-01,8.394476e-01
2.250000e-04,7.179135e+00,7.054818e+00,1.405607e+00,7.468372e-01,5.621872e-01,4.415501e-01,3.608700e-01,3.022201e-01,2.597749e-01,5.698757e-01,6.977617e-01,7.563224e-01,7.946191e-01,8.005661e-01,8.453360e-01,8.400232e-01
2.275000e-04,7.179484e+00,7.055123e+00,1.405835e+00,7.468926e-01,5.620153e-01,4.414468e-01,3.609439e-01,3.022730e-01,2.597422e-01,5.698561e-01,6.981693e-01,7.567298e-01,7.952574e-01,8.004628e-01,8.460359e-01,8.406011e-01
2.300000e-04,7.179806e+00,7.055389e+00,1.406146e+00,7.470058e-01,5.618999e-01,4.413022e-01,3.609847e-01,3.023394e-01,2.597302e-01,5.698200e-01,6.985186e-01,7.573747e-01,7.955841e-01,8.003756e-01,8.467065e-01,8.411615e-01
2.325000e-04,7.180065e+00,7.055620e+00,1.406527e+00,7.471632e-01,5.618488e-01,4.411388e-01,3.609806e-01,3.024116e-01,2.597402e-01,5.697820e-01,6.988049e-01,7.582431e-01,7.956020e-01,8.003695e-01,8.473296e-01,8.416842e-01
2.350000e-04,7.180239e+00,7.055820e+00,1.406952e+00,7.473418e-01,5.618599e-01,4.409830e-01,3.609285e-01,3.024799e-01,2.597697e-01,5.697566e-01,6.990408e-01,7.592919e-01,7.953583e-01,8.004885e-01,8.478798e-01,8.421499e-01
2.375000e-04,7.180320e+00,7.055989e+00,1.407533e+00,7.475056e-01,5.619252e-01,4.408598e-01,3.608340e-01,3.025325e-01,2.598145e-01,5.697614e-01,6.992495e-01,7.604471e-01,7.949408e-01,8.007591e-01,8.483315e-01,8.425433e-01
2.400000e-04,7.180305e+00,7.056133e+00,1.408229e+00,7.476173e-01,5.620364e-01,4.407841e-01,3.607103e-01,3.025572e-01,2.598689e-01,5.698103e-01,6.994524e-01,7.616128e-01,7.944707e-01,8.011930e-01,8.486855e-01,8.428614e-01
2.425000e-04,7.180212e+00,7.056250e+00,1.409028e+00,7.476587e-01,5.621825e-01,4.407600e-01,3.605771e-01,3.025456e-01,2.599261e-01,5.699181e-01,6.996786e-01,7.626886e-01,7.940848e-01,8.017708e-01,8.489922e-01,8.431079e-01
2.450000e-04,7.180056e+00,7.056342e+00,1.409929e+00,7.476320e-01,5.623435e-01,4.407850e-01,3.604567e-01,3.024960e-01,2.599781e-01,5.700766e-01,6.999531e-01,7.635875e-01,7.939162e-01,8.024190e-01,8.493277e-01,8.432827e-01
2.475000e-04,7.179848e+00,7.056410e+00,1.410930e+00,7.475541e-01,5.624903e-01,4.408533e-01,3.603680e-01,3.024138e-01,2.600156e-01,5.702815e-01,7.002748e-01,7.642496e-01,7.940680e-01,8.030085e-01,8.497175e-01,8.434070e-01
2.500000e-04,7.179600e+00,7.056456e+00,1.412024e+00,7.474492e-01,5.625935e-01,4.409572e-01,3.603206e-01,3.023103e-01,2.600291e-01,5.705253e-01,7.006460e-01,7.646547e-01,7.945937e-01,8.033905e-01,8.500719e-01,8.435302e-01
2.525000e-04,7.179323e+00,7.056481e+00,1.413209e+00,7.473385e-01,5.626389e-01,4.410856e-01,3.603168e-01,3.022024e-01,2.600126e-01,5.707991e-01,7.010775e-01,7.648282e-01,7.954826e-01,8.034542e-01,8.502162e-01,8.437362e-01
2.550000e-04,7.179027e+00,7.056484e+00,1.414466e+00,7.472367e-01,5.626286e-01,4.412217e-01,3.603541e-01,3.021086e-01,2.599651e-01,5.710925e-01,7.015748e-01,7.648341e-01,7.966578e-01,8.031705e-01,8.500122e-01,8.441065e-01
2.575000e-04,7.178729e+00,7.056462e+00,1.415780e+00,7.471572e-01,5.625749e-01,4.413426e-01,3.604263e-01,3.020432e-01,2.598914e-01,5.713994e-01,7.021329e-01,7.647591e-01,7.979893e-01,8.025955e-01,8.494657e-01,8.446415e-01
2.600000e-04,7.178434e+00,7.056410e+00,1.417131e+00,7.471131e-01,5.624944e-01,4.414256e-01,3.605255e-01,3.020138e-01,2.598023e-01,5.717051e-01,7.027256e-01,7.646955e-01,7.993194e-01,8.018456e-01,8.487257e-01,8.452313e-01
2.625000e-04,7.178139e+00,7.056323e+00,1.418518e+00,7.471170e-01,5.624024e-01,4.414602e-01,3.606406e-01,3.020214e-01,2.597129e-01,5.720011e-01,7.033143e-01,7.647251e-01,8.004914e-01,8.010594e-01,8.479916e-01,8.457319e-01
2.650000e-04,7.177830e+00,7.056196e+00,1.419961e+00,7.471784e-01,5.623118e-01,4.414488e-01,3.607568e-01,3.020632e-01,2.596387e-01,5.722874e-01,7.038721e-01,7.649088e-01,8.013722e-01,8.003624e-01,8.474216e-01,8.460629e-01
2.675000e-04,7.177479e+00,7.056023e+00,1.421507e+00,7.472962e-01,5.622356e-01,4.414013e-01,3.608547e-01,3.021333e-01,2.595908e-01,5.725749e-01,7.043926e-01,7.652774e-01,8.018734e-01,7.998435e-01,8.470915e-01,8.462604e-01
2.700000e-04,7.177044e+00,7.055806e+00,1.423215e+00,7.474556e-01,5.621852e-01,4.413303e-01,3.609167e-01,3.022236e-01,2.595746e-01,5.728694e-01,7.048776e-01,7.658209e-01,8.019627e-01,7.995486e-01,8.469956e-01,8.464363e-01
2.725000e-04,7.176481e+00,7.055546e+00,1.425158e+00,7.476317e-01,5.621698e-01,4.412493e-01,3.609360e-01,3.023242e-01,2.595909e-01,5.731984e-01,7.053185e-01,7.664909e-01,8.016618e-01,7.994867e-01,8.470674e-01,8.466989e-01
2.750000e-04,7.175769e+00,7.055246e+00,1.427267e+00,7.477952e-01,5.621947e-01,4.411708e-01,3.609160e-01,3.024221e-01,2.596363e-01,5.735875e-01,7.056943e-01,7.672152e-01,8.010418e-01,7.996365e-01,8.472119e-01,8.470998e-01
2.775000e-04,7.174898e+00,7.054907e+00,1.429635e+00,7.479193e-01,5.622585e-01,4.411061e-01,3.608654e-01,3.025005e-01,2.597048e-01,5.740551e-01,7.059863e-01,7.679138e-01,8.002108e-01,7.999509e-01,8.473361e-01,8.476459e-01
2.800000e-04,7.173873e+00,7.054530e+00,1.432238e+00,7.479816e-01,5.623513e-01,4.410634e-01,3.607957e-01,3.025457e-01,2.597885e-01,5.745942e-01,7.061969e-01,7.685137e-01,7.992983e-01,8.003624e-01,8.473645e-01,8.483089e-01
2.825000e-04,7.172714e+00,7.054115e+00,1.434993e+00,7.479633e-01,5.624574e-01,4.410485e-01,3.607196e-01,3.025539e-01,2.598785e-01,5.752109e-01,7.063581e-01,7.689612e-01,7.984346e-01,8.007890e-01,8.472418e-01,8.490342e-01
2.850000e-04,7.171443e+00,7.053665e+00,1.437901e+00,7.478566e-01,5.625583e-01,4.410640e-01,3.606489e-01,3.025285e-01,2.599626e-01,5.759107e-01,7.065262e-01,7.692257e-01,7.977310e-01,8.011454e-01,8.469335e-01,8.497575e-01
2.875000e-04,7.170097e+00,7.053164e+00,1.440918e+00,7.476738e-01,5.626355e-01,4.411076e-01,3.605932e-01,3.024771e-01,2.600266e-01,5.766763e-01,7.067626e-01,7.692979e-01,7.972610e-01,8.013551e-01,8.464338e-01,8.504243e-01
2.900000e-04,7.168670e+00,7.052625e+00,1.443912e+00,7.474456e-01,5.626704e-01,4.411721e-01,3.605586e-01,3.024106e-01,2.600597e-01,5.774803e-01,7.071019e-01,7.691862e-01,7.970484e-01,8.013584e-01,8.457780e-01,8.509908e-01
2.925000e-04,7.167208e+00,7.052015e+00,1.446871e+00,7.472106e-01,5.626484e-01,4.412464e-01,3.605485e-01,3.023410e-01,2.600594e-01,5.782924e-01,7.075345e-01,7.689115e-01,7.970717e-01,8.011151e-01,8.450441e-01,8.514072e-01
2.950000e-04,7.165745e+00,7.051391e+00,1.449628e+00,7.470029e-01,5.625666e-01,4.413168e-01,3.605638e-01,3.022786e-01,2.600293e-01,5.791091e-01,7.080277e-01,7.685076e-01,7.972727e-01,8.006070e-01,8.443234e-01,8.516343e-01
2.975000e-04,7.164289e+00,7.050733e+00,1.451963e+00,7.468445e-01,5.624386e-01,4.413684e-01,3.606018e-01,3.022310e-01,2.599769e-01,5.798919e-01,7.085300e-01,7.680223e-01,7.975697e-01,7.998475e-01,8.436810e-01,8.516669e-01
3.000000e-04,7.162864e+00,7.050032e+00,1.453827e+00,7.467494e-01,5.622883e-01,4.413865e-01,3.606562e-01,3.022027e-01,2.599129e-01,5.806154e-01,7.089994e-01,7.675159e-01,7.978692e-01,7.988910e-01,8.431470e-01,8.515466e-01
3.025000e-04,7.161476e+00,7.049274e+00,1.455199e+00,7.467295e-01,5.621412e-01,4.413617e-01,3.607175e-01,3.021963e-01,2.598484e-01,5.812754e-01,7.094120e-01,7.670572e-01,7.980737e-01,7.978316e-01,8.427482e-01,8.513447e-01
3.050000e-04,7.160096e+00,7.048466e+00,1.456131e+00,7.467931e-01,5.620180e-01,4.412949e-01,3.607737e-01,3.022120e-01,2.597923e-01,5.818796e-01,7.097558e-01,7.667132e-01,7.980967e-01,7.967858e-01,8.425316e-01,8.511251e-01
3.075000e-04,7.158714e+00,7.047599e+00,1.456550e+00,7.469367e-01,5.619337e-01,4.411986e-01,3.608117e-01,3.022468e-01,2.597509e-01,5.824530e-01,7.100388e-01,7.665346e-01,7.978801e-01,7.958676e-01,8.425520e-01,8.509323e-01
3.100000e-04,7.157310e+00,7.046680e+00,1.456319e+00,7.471399e-01,5.618979e-01,4.410911e-01,3.608202e-01,3.022951e-01,2.597274e-01,5.830157e-01,7.102441e-01,7.665408e-01,7.974058e-01,7.951657e-01,8.428368e-01,8.508054e-01
3.125000e-04,7.155845e+00,7.045717e+00,1.455259e+00,7.473692e-01,5.619173e-01,4.409901e-01,3.607935e-01,3.023483e-01,2.597236e-01,5.835942e-01,7.103468e-01,7.667115e-01,7.967018e-01,7.947315e-01,8.433555e-01,8.508201e-01
3.150000e-04,7.154346e+00,7.044695e+00,1.453903e+00,7.475861e-01,5.619936e-01,4.409110e-01,3.607355e-01,3.023954e-01,2.597393e-01,5.842231e-01,7.103323e-01,7.669840e-01,7.958389e-01,7.945768e-01,8.440145e-01,8.510556e-01
3.175000e-04,7.152734e+00,7.043663e+00,1.452209e+00,7.477581e-01,5.621196e-01,4.408647e-01,3.606575e-01,3.024252e-01,2.597717e-01,5.848268e-01,7.101724e-01,7.672643e-01,7.949172e-01,7.946778e-01,8.446774e-01,8.515695e-01
3.200000e-04,7.151044e+00,7.042603e+00,1.449670e+00,7.478646e-01,5.622783e-01,4.408576e-01,3.605740e-01,3.024291e-01,2.598155e-01,5.854341e-01,7.098891e-01,7.674528e-01,7.940483e-01,7.949811e-01,8.452033e-01,8.523623e-01
3.225000e-04,7.149274e+00,7.041483e+00,1.446857e+00,7.478962e-01,5.624459e-01,4.408919e-01,3.604994e-01,3.024042e-01,2.598625e-01,5.860632e-01,7.095637e-01,7.674725e-01,7.933364e-01,7.954094e-01,8.454868e-01,8.533534e-01
3.250000e-04,7.147451e+00,7.040309e+00,1.443425e+00,7.478546e-01,5.625965e-01,4.409658e-01,3.604460e-01,3.023550e-01,2.599029e-01,5.866882e-01,7.092801e-01,7.672771e-01,7.928637e-01,7.958742e-01,8.454732e-01,8.544085e-01
3.275000e-04,7.145628e+00,7.039042e+00,1.438859e+00,7.477532e-01,5.627079e-01,4.410719e-01,3.604220e-01,3.022915e-01,2.599270e-01,5.872863e-01,7.090812e-01,7.668477e-01,7.926797e-01,7.962961e-01,8.451553e-01,8.553765e-01
3.300000e-04,7.143879e+00,7.037699e+00,1.433407e+00,7.476141e-01,5.627658e-01,4.411966e-01,3.604306e-01,3.022253e-01,2.599285e-01,5.878424e-01,7.089566e-01,7.662015e-01,7.927950e-01,7.966228e-01,8.445784e-01,8.561314e-01
3.325000e-04,7.142190e+00,7.036316e+00,1.427190e+00,7.474625e-01,5.627650e-01,4.413223e-01,3.604713e-01,3.021684e-01,2.599062e-01,5.884296e-01,7.088814e-01,7.653931e-01,7.931798e-01,7.968350e-01,8.438448e-01,8.565839e-01
3.350000e-04,7.140593e+00,7.034834e+00,1.420258e+00,7.473218e-01,5.627082e-01,4.414300e-01,3.605408e-01,3.021307e-01,2.598644e-01,5.890202e-01,7.088382e-01,7.644966e-01,7.937650e-01,7.969429e-01,8.430990e-01,8.566760e-01
3.375000e-04,7.139047e+00,7.033271e+00,1.412841e+00,7.472117e-01,5.626083e-01,4.415035e-01,3.606319e-01,3.021182e-01,2.598118e-01,5.895210e-01,7.087908e-01,7.635957e-01,7.944504e-01,7.969739e-01,8.424905e-01,8.564017e-01
3.400000e-04,7.137611e+00,7.031624e+00,1.404405e+00,7.471472e-01,5.624841e-01,4.415328e-01,3.607333e-01,3.021323e-01,2.597585e-01,5.899422e-01,7.087074e-01,7.627760e-01,7.951197e-01,7.969626e-01,8.421345e-01,8.558194e-01
3.425000e-04,7.136267e+00,7.029873e+00,1.394969e+00,7.471387e-01,5.623544e-01,4.415151e-01,3.608307e-01,3.021715e-01,2.597149e-01,5.902244e-01,7.086053e-01,7.621108e-01,7.956570e-01,7.969476e-01,8.420915e-01,8.550432e-01
3.450000e-04,7.134954e+00,7.028034e+00,1.385091e+00,7.471894e-01,5.622357e-01,4.414550e-01,3.609093e-01,3.022323e-01,2.596891e-01,5.904597e-01,7.085061e-01,7.616566e-01,7.959697e-01,7.969698e-01,8.423675e-01,8.542187e-01
3.475000e-04,7.133707e+00,7.026020e+00,1.374541e+00,7.472892e-01,5.621423e-01,4.413644e-01,3.609566e-01,3.023086e-01,2.596850e-01,5.906944e-01,7.083686e-01,7.614460e-01,7.960042e-01,7.970707e-01,8.429281e-01,8.534815e-01
3.500000e-04,7.132515e+00,7.023861e+00,1.363267e+00,7.474137e-01,5.620859e-01,4.412584e-01,3.609657e-01,3.023909e-01,2.597025e-01,5.908810e-01,7.081448e-01,7.614803e-01,7.957539e-01,7.972847e-01,8.437129e-01,8.529367e-01
3.525000e-04,7.131366e+00,7.021538e+00,1.351758e+00,7.475313e-01,5.620742e-01,4.411513e-01,3.609359e-01,3.024672e-01,2.597398e-01,5.910287e-01,7.078508e-01,7.617304e-01,7.952595e-01,7.976288e-01,8.446453e-01,8.526446e-01
3.550000e-04,7.130144e+00,7.019151e+00,1.340633e+00,7.476153e-01,5.621100e-01,4.410557e-01,3.608734e-01,3.025253e-01,2.597938e-01,5.910679e-01,7.075400e-01,7.621299e-01,7.945993e-01,7.980949e-01,8.456431e-01,8.526160e-01
3.575000e-04,7.128841e+00,7.016767e+00,1.329904e+00,7.476505e-01,5.621855e-01,4.409826e-01,3.607891e-01,3.025555e-01,2.598590e-01,5.911245e-01,7.072519e-01,7.625860e-01,7.938755e-01,7.986474e-01,8.466274e-01,8.528394e-01
3.600000e-04,7.127566e+00,7.014543e+00,1.326173e+00,7.476330e-01,5.622820e-01,4.409411e-01,3.606960e-01,3.025534e-01,2.599273e-01,5.912301e-01,7.069730e-01,7.630167e-01,7.931992e-01,7.992300e-01,8.475325e-01,8.532691e-01
3.625000e-04,7.126358e+00,7.012908e+00,1.335024e+00,7.475673e-01,5.623768e-01,4.409364e-01,3.606060e-01,3.025196e-01,2.599882e-01,5.912991e-01,7.067114e-01,7.633645e-01,7.926768e-01,7.997781e-01,8.483134e-01,8.538492e-01
3.650000e-04,7.125236e+00,7.011383e+00,1.342923e+00,7.474631e-01,5.624514e-01,4.409692e-01,3.605291e-01,3.024604e-01,2.600315e-01,5.914328e-01,7.065377e-01,7.635864e-01,7.923965e-01,8.002335e-01,8.489524e-01,8.544888e-01
3.675000e-04,7.124223e+00,7.009939e+00,1.350553e+00,7.473347e-01,5.624948e-01,4.410324e-01,3.604743e-01,3.023855e-01,2.600495e-01,5.915692e-01,7.065193e-01,7.636590e-01,7.924154e-01,8.005546e-01,8.494581e-01,8.551163e-01
3.700000e-04,7.123238e+00,7.008615e+00,1.357776e+00,7.472011e-01,5.625029e-01,4.411116e-01,3.604480e-01,3.023059e-01,2.600393e-01,5.916907e-01,7.066384e-01,7.635963e-01,7.927489e-01,8.007222e-01,8.498615e-01,8.556786e-01
3.725000e-04,7.122384e+00,7.007399e+00,1.364041e+00,7.470823e-01,5.624756e-01,4.411900e-01,3.604535e-01,3.022311e-01,2.600026e-01,5.917894e-01,7.068362e-01,7.634471e-01,7.933703e-01,8.007398e-01,8.502067e-01,8.561531e-01
3.750000e-04,7.121656e+00,7.006283e+00,1.369427e+00,7.469963e-01,5.624173e-01,4.412536e-01,3.604899e-01,3.021696e-01,2.599457e-01,5.918198e-01,7.070501e-01,7.632742e-01,7.942117e-01,8.006300e-01,8.505415e-01,8.565319e-01
3.775000e-04,7.121030e+00,7.005265e+00,1.374139e+00,7.469579e-01,5.623376e-01,4.412937e-01,3.605500e-01,3.021286e-01,2.598776e-01,5.917612e-01,7.072425e-01,7.631371e-01,7.951793e-01,8.004314e-01,8.509062e-01,8.568063e-01
3.800000e-04,7.120526e+00,7.004330e+00,1.378125e+00,7.469746e-01,5.622518e-01,4.413057e-01,3.606216e-01,3.021131e-01,2.598074e-01,5.916867e-01,7.074373e-01,7.630884e-01,7.961713e-01,8.001953e-01,8.513285e-01,8.569957e-01
3.825000e-04,7.120109e+00,7.003464e+00,1.381632e+00,7.470470e-01,5.621767e-01,4.412886e-01,3.606907e-01,3.021249e-01,2.597437e-01,5.916002e-01,7.076990e-01,7.631792e-01,7.970879e-01,7.999828e-01,8.518259e-01,8.571531e-01
3.850000e-04,7.119727e+00,7.002667e+00,1.384853e+00,7.471694e-01,5.621260e-01,4.412460e-01,3.607462e-01,3.021624e-01,2.596936e-01,5.914734e-01,7.080399e-01,7.634519e-01,7.978422e-01,7.998604e-01,8.524063e-01,8.572964e-01
3.875000e-04,7.119345e+00,7.001937e+00,1.387647e+00,7.473300e-01,5.621084e-01,4.411868e-01,3.607802e-01,3.022188e-01,2.596629e-01,5.913602e-01,7.084028e-01,7.639207e-01,7.983759e-01,7.998926e-01,8.530684e-01,8.574367e-01
3.900000e-04,7.118910e+00,7.001278e+00,1.390233e+00,7.475109e-01,5.621268e-01,4.411245e-01,3.607888e-01,3.022834e-01,2.596553e-01,5.912852e-01,7.087183e-01,7.645674e-01,7.986768e-01,8.001306e-01,8.537980e-01,8.575847e-01
3.925000e-04,7.118429e+00,7.000681e+00,1.392675e+00,7.476888e-01,5.621794e-01,4.410727e-01,3.607714e-01,3.023443e-01,2.596721e-01,5.912599e-01,7.089581e-01,7.653403e-01,7.987803e-01,8.006003e-01,8.545702e-01,8.577402e-01
3.950000e-04,7.117850e+00,7.000159e+00,1.394874e+00,7.478357e-01,5.622609e-01,4.410411e-01,3.607325e-01,3.023920e-01,2.597108e-01,5.913133e-01,7.091246e-01,7.661570e-01,7.987562e-01,8.012949e-01,8.553526e-01,8.579189e-01
3.975000e-04,7.117233e+00,6.999678e+00,1.396914e+00,7.479260e-01,5.623640e-01,4.410344e-01,3.606816e-01,3.024198e-01,2.597649e-01,5.914367e-01,7.092463e-01,7.669327e-01,7.986884e-01,8.021762e-01,8.561034e-01,8.581045e-01
4.000000e-04,7.116554e+00,6.999230e+00,1.399026e+00,7.479442e-01,5.624768e-01,4.410532e-01,3.606306e-01,3.024241e-01,2.598248e-01,5.916481e-01,7.093885e-01,7.676121e-01,7.986614e-01,8.031856e-01,8.567780e-01,8.582822e-01
4.025000e-04,7.115940e+00,6.998815e+00,1.401249e+00,7.478888e-01,5.625837e-01,4.410949e-01,3.605905e-01,3.024061e-01,2.598802e-01,5.919499e-01,7.096034e-01,7.681682e-01,7.987520e-01,8.042546e-01,8.573464e-01,8.584415e-01
4.050000e-04,7.115424e+00,6.998425e+00,1.403646e+00,7.477723e-01,5.626660e-01,4.411552e-01,3.605683e-01,3.023704e-01,2.599224e-01,5.922862e-01,7.099020e-01,7.685932e-01,7.990237e-01,8.053129e-01,8.578162e-01,8.585682e-01
4.075000e-04,7.114886e+00,6.998063e+00,1.406082e+00,7.476142e-01,5.627062e-01,4.412282e-01,3.605665e-01,3.023258e-01,2.599456e-01,5.926792e-01,7.102813e-01,7.689003e-01,7.995144e-01,8.062948e-01,8.582227e-01,8.586367e-01
4.100000e-04,7.114342e+00,6.997720e+00,1.408572e+00,7.474357e-01,5.626944e-01,4.413056e-01,3.605845e-01,3.022829e-01,2.599472e-01,5.931239e-01,7.107323e-01,7.691214e-01,8.002235e-01,8.071486e-01,8.586149e-01,8.586248e-01
4.125000e-04,7.113789e+00,6.997394e+00,1.411080e+00,7.472583e-01,5.626325e-01,4.413757e-01,3.606196e-01,3.022501e-01,2.599286e-01,5.935563e-01,7.112399e-01,7.692927e-01,8.011096e-01,8.078436e-01,8.590323e-01,8.585241e-01
4.150000e-04,7.113247e+00,6.997072e+00,1.413616e+00,7.471047e-01,5.625320e-01,4.414247e-01,3.606682e-01,3.022325e-01,2.598952e-01,5.939741e-01,7.117896e-01,7.694490e-01,8.020978e-01,8.083765e-01,8.594977e-01,8.583553e-01
4.175000e-04,7.112718e+00,6.996743e+00,1.416191e+00,7.469976e-01,5.624083e-01,4.414401e-01,3.607253e-01,3.022317e-01,2.598555e-01,5.943778e-01,7.123905e-01,7.696324e-01,8.030975e-01,8.087730e-01,8.600343e-01,8.581599e-01
4.200000e-04,7.112194e+00,6.996404e+00,1.418807e+00,7.469527e-01,5.622776e-01,4.414165e-01,3.607839e-01,3.022468e-01,2.598185e-01,5.947559e-01,7.130497e-01,7.698962e-01,8.040211e-01,8.090809e-01,8.606769e-01,8.579753e-01
4.225000e-04,7.111655e+00,6.996048e+00,1.421558e+00,7.469753e-01,5.621557e-01,4.413575e-01,3.608339e-01,3.022758e-01,2.597909e-01,5.951124e-01,7.137430e-01,7.702918e-01,8.047982e-01,8.093588e-01,8.614617e-01,8.578160e-01
4.250000e-04,7.111074e+00,6.995679e+00,1.424460e+00,7.470594e-01,5.620582e-01,4.412730e-01,3.608643e-01,3.023155e-01,2.597765e-01,5.954512e-01,7.144233e-01,7.708539e-01,8.053865e-01,8.096631e-01,8.624052e-01,8.576879e-01
4.275000e-04,7.110432e+00,6.995297e+00,1.427487e+00,7.471868e-01,5.619985e-01,4.411754e-01,3.608660e-01,3.023616e-01,2.597763e-01,5.957864e-01,7.150484e-01,7.715933e-01,8.057787e-01,8.100395e-01,8.634871e-01,8.576130e-01
4.300000e-04,7.109705e+00,6.994907e+00,1.430613e+00,7.473305e-01,5.619853e-01,4.410776e-01,3.608368e-01,3.024077e-01,2.597893e-01,5.961516e-01,7.156010e-01,7.724906e-01,8.060001e-01,8.105161e-01,8.646497e-01,8.576305e-01
4.325000e-04,7.108904e+00,6.994497e+00,1.433974e+00,7.474619e-01,5.620207e-01,4.409915e-01,3.607810e-01,3.024453e-01,2.598137e-01,5.965510e-01,7.160875e-01,7.734982e-01,8.061026e-01,8.110967e-01,8.658170e-01,8.577707e-01
4.350000e-04,7.108025e+00,6.994068e+00,1.437518e+00,7.475575e-01,5.620997e-01,4.409277e-01,3.607077e-01,3.024651e-01,2.598468e-01,5.969815e-01,7.165293e-01,7.745547e-01,8.061564e-01,8.117559e-01,8.669153e-01,8.580374e-01
4.375000e-04,7.107086e+00,6.993618e+00,1.441178e+00,7.476054e-01,5.622094e-01,4.408945e-01,3.606280e-01,3.024610e-01,2.598846e-01,5.974432e-01,7.169566e-01,7.755998e-01,8.062390e-01,8.124519e-01,8.678790e-01,8.584002e-01
4.400000e-04,7.106100e+00,6.993139e+00,1.444884e+00,7.476062e-01,5.623305e-01,4.408971e-01,3.605523e-01,3.024319e-01,2.599215e-01,5.979596e-01,7.174074e-01,7.765769e-01,8.064262e-01,8.131490e-01,8.686568e-01,8.588061e-01
4.425000e-04,7.105067e+00,6.992629e+00,1.448787e+00,7.475676e-01,5.624414e-01,4.409359e-01,3.604898e-01,3.023827e-01,2.599499e-01,5.985093e-01,7.179107e-01,7.774377e-01,8.067797e-01,8.138197e-01,8.692382e-01,8.592021e-01
4.450000e-04,7.103980e+00,6.992095e+00,1.452890e+00,7.475013e-01,5.625234e-01,4.410071e-01,3.604479e-01,3.023215e-01,2.599623e-01,5.990864e-01,7.184722e-01,7.781512e-01,8.073378e-01,8.144238e-01,8.696666e-01,8.595483e-01
4.475000e-04,7.102854e+00,6.991536e+00,1.456961e+00,7.474204e-01,5.625665e-01,4.411005e-01,3.604323e-01,3.022573e-01,2.599542e-01,5.996862e-01,7.190853e-01,7.787119e-01,8.081097e-01,8.148956e-01,8.699861e-01,8.598072e-01
4.500000e-04,7.101691e+00,6.990960e+00,1.461078e+00,7.473370e-01,5.625698e-01,4.412007e-01,3.604458e-01,3.021985e-01,2.599259e-01,6.003055e-01,7.197411e-01,7.791371e-01,8.090753e-01,8.151669e-01,8.701653e-01,8.599717e-01
4.525000e-04,7.100494e+00,6.990369e+00,1.465193e+00,7.472636e-01,5.625392e-01,4.412905e-01,3.604882e-01,3.021521e-01,2.598820e-01,6.009388e-01,7.204199e-01,7.794634e-01,8.101821e-01,8.152107e-01,8.701020e-01,8.600807e-01
4.550000e-04,7.099274e+00,6.989753e+00,1.469200e+00,7.472138e-01,5.624847e-01,4.413551e-01,3.605555e-01,3.021239e-01,2.598299e-01,6.015514e-01,7.211025e-01,7.797445e-01,8.113482e-01,8.150612e-01,8.697215e-01,8.601952e-01
4.575000e-04,7.098030e+00,6.989105e+00,1.473030e+00,7.471982e-01,5.624173e-01,4.413868e-01,3.606382e-01,3.021177e-01,2.597772e-01,6.021570e-01,7.217745e-01,7.800490e-01,8.124756e-01,8.147920e-01,8.690713e-01,8.603427e-01
4.600000e-04,7.096756e+00,6.988425e+00,1.476559e+00,7.472256e-01,5.623470e-01,4.413849e-01,3.607230e-01,3.021356e-01,2.597309e-01,6.027691e-01,7.224338e-01,7.804460e-01,8.134674e-01,8.144832e-01,8.683164e-01,8.604561e-01
4.625000e-04,7.095403e+00,6.987728e+00,1.479777e+00,7.472954e-01,5.622839e-01,4.413550e-01,3.607955e-01,3.021770e-01,2.596965e-01,6.034090e-01,7.230859e-01,7.809864e-01,8.142468e-01,8.142101e-01,8.676363e-01,8.604228e-01
4.650000e-04,7.093969e+00,6.986999e+00,1.482627e+00,7.473967e-01,5.622356e-01,4.413063e-01,3.608439e-01,3.022380e-01,2.596782e-01,6.040313e-01,7.237308e-01,7.816882e-01,8.147668e-01,8.140388e-01,8.671336e-01,8.601931e-01
4.675000e-04,7.092451e+00,6.986231e+00,1.485101e+00,7.475115e-01,5.622110e-01,4.412483e-01,3.608627e-01,3.023099e-01,2.596790e-01,6.046587e-01,7.243569e-01,7.825331e-01,8.150138e-01,8.140092e-01,8.668399e-01,8.598366e-01
4.700000e-04,7.090852e+00,6.985428e+00,1.487406e+00,7.476186e-01,5.622159e-01,4.411895e-01,3.608525e-01,3.023808e-01,2.597004e-01,6.053204e-01,7.249391e-01,7.834720e-01,8.150042e-01,8.141187e-01,8.667581e-01,8.594979e-01
4.725000e-04,7.089133e+00,6.984555e+00,1.489995e+00,7.476993e-01,5.622506e-01,4.411366e-01,3.608195e-01,3.024387e-01,2.597416e-01,6.060525e-01,7.254545e-01,7.844385e-01,8.147805e-01,8.143273e-01,8.668636e-01,8.592777e-01
4.750000e-04,7.087307e+00,6.983664e+00,1.492502e+00,7.477410e-01,5.623092e-01,4.410961e-01,3.607721e-01,3.024741e-01,2.597983e-01,6.068078e-01,7.259244e-01,7.853627e-01,8.144072e-01,8.145770e-01,8.670906e-01,8.592018e-01
4.775000e-04,7.085373e+00,6.982758e+00,1.494498e+00,7.477364e-01,5.623806e-01,4.410739e-01,3.607187e-01,3.024837e-01,2.598624e-01,6.075901e-01,7.264061e-01,7.861830e-01,8.139619e-01,8.148061e-01,8.673474e-01,8.592455e-01
4.800000e-04,7.083340e+00,6.981819e+00,1.496161e+00,7.476836e-01,5.624508e-01,4.410742e-01,3.606663e-01,3.024690e-01,2.599232e-01,6.083951e-01,7.269440e-01,7.868570e-01,8.135228e-01,8.149595e-01,8.675514e-01,8.594064e-01
4.825000e-04,7.081197e+00,6.980849e+00,1.497552e+00,7.475876e-01,5.625059e-01,4.410973e-01,3.606208e-01,3.024357e-01,2.599704e-01,6.092970e-01,7.275372e-01,7.873652e-01,8.131581e-01,8.149975e-01,8.676481e-01,8.596886e-01
4.850000e-04,7.079050e+00,6.979814e+00,1.498232e+00,7.474584e-01,5.625350e-01,4.411391e-01,3.605871e-01,3.023913e-01,2.599969e-01,6.102543e-01,7.281567e-01,7.877067e-01,8.129155e-01,8.149003e-01,8.676147e-01,8.600744e-01
4.875000e-04,7.076902e+00,6.978726e+00,1.498219e+00,7.473118e-01,5.625312e-01,4.411916e-01,3.605698e-01,3.023432e-01,2.600001e-01,6.112697e-01,7.287810e-01,7.878916e-01,8.128177e-01,8.146671e-01,8.674638e-01,8.605259e-01
4.900000e-04,7.074777e+00,6.977583e+00,1.497162e+00,7.471682e-01,5.624936e-01,4.412438e-01,3.605718e-01,3.022972e-01,2.599821e-01,6.123717e-01,7.294538e-01,7.879380e-01,8.128592e-01,8.143119e-01,8.672426e-01,8.610008e-01
4.925000e-04,7.072623e+00,6.976406e+00,1.495864e+00,7.470490e-01,5.624266e-01,4.412844e-01,3.605931e-01,3.022580e-01,2.599485e-01,6.134319e-01,7.301952e-01,7.878730e-01,8.130090e-01,8.138582e-01,8.670063e-01,8.614722e-01
4.950000e-04,7.070432e+00,6.975186e+00,1.493388e+00,7.469713e-01,5.623398e-01,4.413042e-01,3.606300e-01,3.022297e-01,2.599065e-01,6.143872e-01,7.309546e-01,7.877368e-01,8.132162e-01,8.133360e-01,8.668080e-01,8.619397e-01
4.975000e-04,7.068201e+00,6.973891e+00,1.489994e+00,7.469477e-01,5.622467e-01,4.412983e-01,3.606754e-01,3.022163e-01,2.598623e-01,6.152992e-01,7.316437e-01,7.875867e-01,8.134191e-01,8.127807e-01,8.666863e-01,8.624275e-01
5.000000e-04,7.065942e+00,6.972451e+00,1.485533e+00,7.469834e-01,5.621614e-01,4.412666e-01,3.607193e-01,3.022202e-01,2.598210e-01,6.162406e-01,7.322364e-01,7.874852e-01,8.135570e-01,8.122308e-01,8.666645e-01,8.629698e-01
5.025000e-04,7.063690e+00,6.970887e+00,1.479476e+00,7.470738e-01,5.620962e-01,4.412144e-01,3.607519e-01,3.022409e-01,2.597866e-01,6.170934e-01,7.327667e-01,7.874634e-01,8.135794e-01,8.117218e-01,8.667499e-01,8.635873e-01
5.050000e-04,7.061407e+00,6.969191e+00,1.472327e+00,7.472045e-01,5.620608e-01,4.411508e-01,3.607657e-01,3.022750e-01,2.597629e-01,6.179623e-01,7.332600e-01,7.875093e-01,8.134561e-01,8.112818e-01,8.669320e-01,8.642813e-01
5.075000e-04,7.059056e+00,6.967337e+00,1.464034e+00,7.473544e-01,5.620612e-01,4.410866e-01,3.607573e-01,3.023155e-01,2.597529e-01,6.188555e-01,7.337142e-01,7.876043e-01,8.131778e-01,8.109347e-01,8.671781e-01,8.650410e-01
5.100000e-04,7.056588e+00,6.965294e+00,1.454772e+00,7.475004e-01,5.621008e-01,4.410315e-01,3.607282e-01,3.023536e-01,2.597588e-01,6.198205e-01,7.340926e-01,7.877480e-01,8.127548e-01,8.107034e-01,8.674358e-01,8.658513e-01
5.125000e-04,7.053971e+00,6.963083e+00,1.444468e+00,7.476238e-01,5.621766e-01,4.409931e-01,3.606842e-01,3.023807e-01,2.597797e-01,6.207585e-01,7.343674e-01,7.879250e-01,8.122198e-01,8.106099e-01,8.676497e-01,8.666976e-01
5.150000e-04,7.051237e+00,6.960567e+00,1.432954e+00,7.477110e-01,5.622784e-01,4.409770e-01,3.606339e-01,3.023908e-01,2.598122e-01,6.216162e-01,7.345285e-01,7.880795e-01,8.116303e-01,8.106675e-01,8.677834e-01,8.675550e-01
5.175000e-04,7.048567e+00,6.957704e+00,1.419918e+00,7.477533e-01,5.623903e-01,4.409872e-01,3.605859e-01,3.023818e-01,2.598495e-01,6.224604e-01,7.345868e-01,7.881453e-01,8.110613e-01,8.108713e-01,8.678288e-01,8.683860e-01
5.200000e-04,7.046921e+00,6.954359e+00,1.404843e+00,7.477479e-01,5.624945e-01,4.410260e-01,3.605472e-01,3.023559e-01,2.598837e-01,6.234192e-01,7.345755e-01,7.880776e-01,8.105846e-01,8.111942e-01,8.677961e-01,8.691395e-01
5.225000e-04,7.045119e+00,6.950562e+00,1.389027e+00,7.476967e-01,5.625758e-01,4.410906e-01,3.605229e-01,3.023193e-01,2.599072e-01,6.243703e-01,7.345286e-01,7.878610e-01,8.102533e-01,8.115929e-01,8.676928e-01,8.697688e-01
5.250000e-04,7.043185e+00,6.946966e+00,1.387212e+00,7.476069e-01,5.626241e-01,4.411724e-01,3.605170e-01,3.022791e-01,2.599153e-01,6.251698e-01,7.344749e-01,7.874961e-01,8.100981e-01,8.120165e-01,8.675173e-01,8.702501e-01
5.275000e-04,7.041190e+00,6.944087e+00,1.406959e+00,7.474926e-01,5.626351e-01,4.412584e-01,3.605323e-01,3.022419e-01,2.599068e-01,6.259141e-01,7.344466e-01,7.869984e-01,8.101314e-01,8.124096e-01,8.672744e-01,8.705827e-01
5.300000e-04,7.039176e+00,6.941284e+00,1.426072e+00,7.473726e-01,5.626099e-01,4.413343e-01,3.605702e-01,3.022129e-01,2.598846e-01,6.266016e-01,7.345020e-01,7.864061e-01,8.103437e-01,8.127109e-01,8.669883e-01,8.707699e-01
5.325000e-04,7.037211e+00,6.938631e+00,1.442591e+00,7.472671e-01,5.625533e-01,4.413882e-01,3.606273e-01,3.021960e-01,2.598544e-01,6.272250e-01,7.346284e-01,7.857779e-01,8.106943e-01,8.128571e-01,8.666881e-01,8.708084e-01
5.350000e-04,7.035150e+00,6.936101e+00,1.457785e+00,7.471957e-01,5.624726e-01,4.414134e-01,3.606957e-01,3.021942e-01,2.598224e-01,6.278260e-01,7.346957e-01,7.851850e-01,8.111071e-01,8.127988e-01,8.663782e-01,8.706934e-01
5.375000e-04,7.032925e+00,6.933687e+00,1.472411e+00,7.471704e-01,5.623787e-01,4.414086e-01,3.607639e-01,3.022103e-01,2.597938e-01,6.281598e-01,7.346417e-01,7.846855e-01,8.114814e-01,8.125350e-01,8.660207e-01,8.704359e-01
5.400000e-04,7.030528e+00,6.931376e+00,1.486415e+00,7.471932e-01,5.622837e-01,4.413766e-01,3.608199e-01,3.022446e-01,2.597725e-01,6.283879e-01,7.345365e-01,7.842943e-01,8.117159e-01,8.121336e-01,8.655547e-01,8.700734e-01
5.425000e-04,7.028095e+00,6.929184e+00,1.498374e+00,7.472558e-01,5.622016e-01,4.413229e-01,3.608550e-01,3.022938e-01,2.597617e-01,6.286934e-01,7.344486e-01,7.840017e-01,8.117367e-01,8.117091e-01,8.649621e-01,8.696507e-01
5.450000e-04,7.025538e+00,6.927070e+00,1.509998e+00,7.473411e-01,5.621456e-01,4.412539e-01,3.608648e-01,3.023503e-01,2.597638e-01,6.289928e-01,7.343923e-01,7.838195e-01,8.115173e-01,8.113720e-01,8.643292e-01,8.691771e-01
5.475000e-04,7.022697e+00,6.925145e+00,1.520084e+00,7.474307e-01,5.621257e-01,4.411780e-01,3.608501e-01,3.024044e-01,2.597810e-01,6.291540e-01,7.342888e-01,7.837835e-01,8.110839e-01,8.111980e-01,8.638188e-01,8.686209e-01
5.500000e-04,7.019878e+00,6.923310e+00,1.527812e+00,7.475051e-01,5.621433e-01,4.411036e-01,3.608148e-01,3.024462e-01,2.598131e-01,6.293288e-01,7.340987e-01,7.839062e-01,8.105009e-01,8.112233e-01,8.635656e-01,8.679457e-01
5.525000e-04,7.017007e+00,6.921569e+00,1.534423e+00,7.475522e-01,5.621934e-01,4.410411e-01,3.607640e-01,3.024690e-01,2.598566e-01,6.292584e-01,7.338535e-01,7.841473e-01,8.098503e-01,8.114408e-01,8.636106e-01,8.671704e-01
5.550000e-04,7.014125e+00,6.919938e+00,1.538343e+00,7.475650e-01,5.622636e-01,4.410006e-01,3.607035e-01,3.024704e-01,2.599044e-01,6.292756e-01,7.335484e-01,7.844372e-01,8.092165e-01,8.117932e-01,8.639299e-01,8.664025e-01
5.575000e-04,7.011315e+00,6.918380e+00,1.540731e+00,7.475418e-01,5.623382e-01,4.409887e-01,3.606396e-01,3.024522e-01,2.599477e-01,6.295768e-01,7.331755e-01,7.847129e-01,8.086766e-01,8.121848e-01,8.644798e-01,8.658039e-01
5.600000e-04,7.008694e+00,6.916888e+00,1.540999e+00,7.474872e-01,5.624025e-01,4.410072e-01,3.605797e-01,3.024182e-01,2.599787e-01,6.299723e-01,7.328179e-01,7.849217e-01,8.082876e-01,8.125175e-01,8.651987e-01,8.654837e-01
5.625000e-04,7.006172e+00,6.915418e+00,1.540433e+00,7.474080e-01,5.624466e-01,4.410514e-01,3.605320e-01,3.023730e-01,2.599924e-01,6.301075e-01,7.325527e-01,7.850147e-01,8.080795e-01,8.127281e-01,8.659973e-01,8.654589e-01
5.650000e-04,7.003814e+00,6.913995e+00,1.538352e+00,7.473183e-01,5.624656e-01,4.411109e-01,3.605046e-01,3.023211e-01,2.599875e-01,6.303916e-01,7.324289e-01,7.849599e-01,8.080586e-01,8.128007e-01,8.667808e-01,8.657038e-01
5.675000e-04,7.001672e+00,6.912600e+00,1.534626e+00,7.472284e-01,5.624589e-01,4.411729e-01,3.605024e-01,3.022680e-01,2.599662e-01,6.306889e-01,7.324612e-01,7.847667e-01,8.082166e-01,8.127555e-01,8.674875e-01,8.661908e-01
5.700000e-04,6.999784e+00,6.911192e+00,1.529653e+00,7.471575e-01,5.624295e-01,4.412259e-01,3.605255e-01,3.022196e-01,2.599324e-01,6.310177e-01,7.325193e-01,7.844918e-01,8.085319e-01,8.126289e-01,8.681032e-01,8.668844e-01
5.725000e-04,6.998121e+00,6.909802e+00,1.523588e+00,7.471181e-01,5.623831e-01,4.412623e-01,3.605689e-01,3.021832e-01,2.598899e-01,6.314614e-01,7.324459e-01,7.842099e-01,8.089661e-01,8.124560e-01,8.686435e-01,8.677217e-01
5.750000e-04,6.996549e+00,6.908479e+00,1.516474e+00,7.471185e-01,5.623258e-01,4.412790e-01,3.606230e-01,3.021652e-01,2.598429e-01,6.319190e-01,7.323185e-01,7.839751e-01,8.094626e-01,8.122618e-01,8.691304e-01,8.686330e-01
5.775000e-04,6.995062e+00,6.907206e+00,1.508940e+00,7.471605e-01,5.622684e-01,4.412758e-01,3.606770e-01,3.021690e-01,2.597959e-01,6.322237e-01,7.323325e-01,7.838016e-01,8.099553e-01,8.120616e-01,8.695793e-01,8.695636e-01
5.800000e-04,6.993665e+00,6.905883e+00,1.501027e+00,7.472383e-01,5.622211e-01,4.412552e-01,3.607217e-01,3.021940e-01,2.597546e-01,6.325604e-01,7.324763e-01,7.836842e-01,8.103826e-01,8.118689e-01,8.699940e-01,8.704791e-01
5.825000e-04,6.992430e+00,6.904530e+00,1.492115e+00,7.473411e-01,5.621936e-01,4.412210e-01,3.607513e-01,3.022348e-01,2.597251e-01,6.327800e-01,7.325759e-01,7.836469e-01,8.107012e-01,8.117074e-01,8.703648e-01,8.713720e-01
5.850000e-04,6.991330e+00,6.903164e+00,1.482649e+00,7.474551e-01,5.621925e-01,4.411792e-01,3.607637e-01,3.022832e-01,2.597124e-01,6.329992e-01,7.325279e-01,7.837404e-01,8.108923e-01,8.116267e-01,8.706745e-01,8.722309e-01
5.875000e-04,6.990228e+00,6.901829e+00,1.473411e+00,7.475660e-01,5.622194e-01,4.411370e-01,3.607589e-01,3.023299e-01,2.597189e-01,6.332779e-01,7.323758e-01,7.839708e-01,8.109593e-01,8.117066e-01,8.709073e-01,8.730268e-01
5.900000e-04,6.989101e+00,6.900495e+00,1.464396e+00,7.476593e-01,5.622705e-01,4.411024e-01,3.607393e-01,3.023674e-01,2.597434e-01,6.335464e-01,7.322774e-01,7.842763e-01,8.109240e-01,8.120323e-01,8.710739e-01,8.737281e-01
5.925000e-04,6.987964e+00,6.899153e+00,1.455630e+00,7.477231e-01,5.623382e-01,4.410829e-01,3.607093e-01,3.023912e-01,2.597807e-01,6.338678e-01,7.323566e-01,7.845851e-01,8.108212e-01,8.126478e-01,8.712422e-01,8.742729e-01
5.950000e-04,6.986797e+00,6.897835e+00,1.447099e+00,7.477485e-01,5.624119e-01,4.410833e-01,3.606735e-01,3.023996e-01,2.598233e-01,6.342082e-01,7.325917e-01,7.848640e-01,8.106955e-01,8.135311e-01,8.715276e-01,8.746174e-01
5.975000e-04,6.985615e+00,6.896518e+00,1.438862e+00,7.477306e-01,5.624805e-01,4.411045e-01,3.606381e-01,3.023934e-01,2.598632e-01,6.345266e-01,7.328730e-01,7.850989e-01,8.105995e-01,8.146134e-01,8.720192e-01,8.747268e-01
6.000000e-04,6.984416e+00,6.895206e+00,1.431024e+00,7.476688e-01,5.625337e-01,4.411434e-01,3.606101e-01,3.023750e-01,2.598938e-01,6.348126e-01,7.331021e-01,7.852559e-01,8.105908e-01,8.158112e-01,8.727187e-01,8.746058e-01
6.025000e-04,6.983236e+00,6.893872e+00,1.423499e+00,7.475694e-01,5.625639e-01,4.411934e-01,3.605954e-01,3.023478e-01,2.599115e-01,6.351548e-01,7.332701e-01,7.852932e-01,8.107216e-01,8.170304e-01,8.735655e-01,8.743197e-01
6.050000e-04,6.982095e+00,6.892518e+00,1.415979e+00,7.474457e-01,5.625663e-01,4.412458e-01,3.605975e-01,3.023162e-01,2.599154e-01,6.355080e-01,7.334535e-01,7.852040e-01,8.110188e-01,8.181564e-01,8.745047e-01,8.739774e-01
6.075000e-04,6.981299e+00,6.891094e+00,1.408210e+00,7.473164e-01,5.625394e-01,4.412919e-01,3.606167e-01,3.022857e-01,2.599063e-01,6.358526e-01,7.337320e-01,7.850297e-01,8.114663e-01,8.190666e-01,8.754996e-01,8.736716e-01
6.100000e-04,6.980708e+00,6.889618e+00,1.400508e+00,7.472019e-01,5.624850e-01,4.413241e-01,3.606496e-01,3.022620e-01,2.598865e-01,6.361870e-01,7.341353e-01,7.848443e-01,8.120088e-01,8.196676e-01,8.764885e-01,8.734254e-01
6.125000e-04,6.980118e+00,6.888105e+00,1.393041e+00,7.471201e-01,5.624087e-01,4.413375e-01,3.606901e-01,3.022499e-01,2.598592e-01,6.364662e-01,7.346502e-01,7.847332e-01,8.125755e-01,8.199279e-01,8.773772e-01,8.732268e-01
6.150000e-04,6.979525e+00,6.886566e+00,1.385803e+00,7.470819e-01,5.623204e-01,4.413298e-01,3.607308e-01,3.022523e-01,2.598284e-01,6.367005e-01,7.352119e-01,7.847661e-01,8.130975e-01,8.198824e-01,8.780805e-01,8.731033e-01
6.175000e-04,6.978915e+00,6.885019e+00,1.378653e+00,7.470893e-01,5.622325e-01,4.413014e-01,3.607644e-01,3.022693e-01,2.597992e-01,6.368877e-01,7.357354e-01,7.849752e-01,8.135111e-01,8.196118e-01,8.785703e-01,8.730727e-01
6.200000e-04,6.978319e+00,6.883470e+00,1.371402e+00,7.471377e-01,5.621585e-01,4.412548e-01,3.607851e-01,3.022972e-01,2.597767e-01,6.370939e-01,7.361920e-01,7.853549e-01,8.137604e-01,8.192154e-01,8.788860e-01,8.731244e-01
6.225000e-04,6.977718e+00,6.881852e+00,1.363986e+00,7.472162e-01,5.621104e-01,4.411951e-01,3.607896e-01,3.023308e-01,2.597649e-01,6.372410e-01,7.365845e-01,7.858751e-01,8.138083e-01,8.187852e-01,8.791026e-01,8.731798e-01
6.250000e-04,6.977132e+00,6.880554e+00,1.367068e+00,7.473107e-01,5.620955e-01,4.411293e-01,3.607773e-01,3.023635e-01,2.597661e-01,6.373938e-01,7.369258e-01,7.864946e-01,8.136539e-01,8.183929e-01,8.792904e-01,8.731699e-01
6.275000e-04,6.976552e+00,6.879427e+00,1.373573e+00,7.474061e-01,5.621154e-01,4.410665e-01,3.607493e-01,3.023891e-01,2.597795e-01,6.376000e-01,7.372402e-01,7.871761e-01,8.133402e-01,8.180861e-01,8.795056e-01,8.730750e-01
6.300000e-04,6.975933e+00,6.878355e+00,1.379729e+00,7.474896e-01,5.621653e-01,4.410163e-01,3.607084e-01,3.024031e-01,2.598019e-01,6.378223e-01,7.375398e-01,7.878928e-01,8.129470e-01,8.178977e-01,8.797877e-01,8.729419e-01
6.325000e-04,6.975277e+00,6.877311e+00,1.385950e+00,7.475503e-01,5.622361e-01,4.409876e-01,3.606591e-01,3.024037e-01,2.598284e-01,6.380580e-01,7.378353e-01,7.886210e-01,8.125685e-01,8.178473e-01,8.801450e-01,8.728467e-01
6.350000e-04,6.974577e+00,6.876287e+00,1.392504e+00,7.475791e-01,5.623154e-01,4.409855e-01,3.606073e-01,3.023908e-01,2.598532e-01,6.382952e-01,7.381494e-01,7.893285e-01,8.122888e-01,8.179340e-01,8.805477e-01,8.728524e-01
6.375000e-04,6.973843e+00,6.875299e+00,1.399066e+00,7.475723e-01,5.623921e-01,4.410103e-01,3.605603e-01,3.023658e-01,2.598712e-01,6.385667e-01,7.384947e-01,7.899745e-01,8.121681e-01,8.181373e-01,8.809412e-01,8.729971e-01
6.400000e-04,6.973091e+00,6.874356e+00,1.405307e+00,7.475320e-01,5.624566e-01,4.410572e-01,3.605256e-01,3.023312e-01,2.598790e-01,6.388484e-01,7.388605e-01,7.905197e-01,8.122434e-01,8.184347e-01,8.812615e-01,8.733151e-01
6.425000e-04,6.972362e+00,6.873432e+00,1.411186e+00,7.474667e-01,5.625017e-01,4.411180e-01,3.605099e-01,3.022910e-01,2.598755e-01,6.391369e-01,7.392310e-01,7.909356e-01,8.125366e-01,8.188167e-01,8.814542e-01,8.737982e-01
6.450000e-04,6.971635e+00,6.872529e+00,1.416929e+00,7.473915e-01,5.625216e-01,4.411829e-01,3.605166e-01,3.022499e-01,2.598608e-01,6.393984e-01,7.396261e-01,7.912130e-01,8.130567e-01,8.192840e-01,8.815060e-01,8.744027e-01
6.475000e-04,6.970919e+00,6.871640e+00,1.422577e+00,7.473229e-01,5.625139e-01,4.412432e-01,3.605448e-01,3.022139e-01,2.598365e-01,6.396059e-01,7.400837e-01,7.913684e-01,8.137949e-01,8.198319e-01,8.814599e-01,8.750223e-01
6.500000e-04,6.970202e+00,6.870779e+00,1.427839e+00,7.472750e-01,5.624803e-01,4.412920e-01,3.605894e-01,3.021892e-01,2.598051e-01,6.398563e-01,7.406028e-01,7.914435e-01,8.147161e-01,8.204382e-01,8.813920e-01,8.755471e-01
6.525000e-04,6.969476e+00,6.869927e+00,1.433140e+00,7.472542e-01,5.624270e-01,4.413241e-01,3.606431e-01,3.021811e-01,2.597698e-01,6.401146e-01,7.411453e-01,7.915004e-01,8.157554e-01,8.210646e-01,8.813654e-01,8.759106e-01
6.550000e-04,6.968735e+00,6.869084e+00,1.438434e+00,7.472653e-01,5.623654e-01,4.413355e-01,3.606975e-01,3.021916e-01,2.597348e-01,6.403465e-01,7.416689e-01,7.916035e-01,8.168257e-01,8.216744e-01,8.813965e-01,8.760809e-01
6.575000e-04,6.967965e+00,6.868266e+00,1.443459e+00,7.473039e-01,5.623074e-01,4.413249e-01,3.607456e-01,3.022194e-01,2.597052e-01,6.405848e-01,7.421448e-01,7.917981e-01,8.178361e-01,8.222523e-01,8.814605e-01,8.760836e-01
6.600000e-04,6.967160e+00,6.867475e+00,1.448394e+00,7.473626e-01,5.622629e-01,4.412943e-01,3.607821e-01,3.022597e-01,2.596860e-01,6.408526e-01,7.425630e-01,7.921046e-01,8.187086e-01,8.228101e-01,8.815341e-01,8.759785e-01
6.625000e-04,6.966288e+00,6.866726e+00,1.453124e+00,7.474322e-01,5.622394e-01,4.412489e-01,3.608032e-01,3.023057e-01,2.596815e-01,6.411401e-01,7.429213e-01,7.925294e-01,8.193898e-01,8.233712e-01,8.816309e-01,8.757981e-01
6.650000e-04,6.965390e+00,6.865986e+00,1.457603e+00,7.475027e-01,5.622390e-01,4.411973e-01,3.608066e-01,3.023506e-01,2.596929e-01,6.414372e-01,7.431995e-01,7.930737e-01,8.198571e-01,8.239417e-01,8.818064e-01,8.755578e-01
6.675000e-04,6.964444e+00,6.865240e+00,1.462241e+00,7.475635e-01,5.622592e-01,4.411492e-01,3.607918e-01,3.023886e-01,2.597184e-01,6.417854e-01,7.433984e-01,7.937281e-01,8.201160e-01,8.244989e-01,8.821297e-01,8.752388e-01
6.700000e-04,6.963437e+00,6.864484e+00,1.467169e+00,7.476040e-01,5.622949e-01,4.411128e-01,3.607610e-01,3.024160e-01,2.597532e-01,6.421590e-01,7.435627e-01,7.944635e-01,8.201920e-01,8.250006e-01,8.826309e-01,8.748677e-01
6.725000e-04,6.962343e+00,6.863735e+00,1.472261e+00,7.476151e-01,5.623397e-01,4.410931e-01,3.607189e-01,3.024298e-01,2.597914e-01,6.425728e-01,7.437351e-01,7.952331e-01,8.201233e-01,8.254070e-01,8.832677e-01,8.744977e-01
6.750000e-04,6.961156e+00,6.863009e+00,1.477534e+00,7.475919e-01,5.623864e-01,4.410916e-01,3.606734e-01,3.024286e-01,2.598272e-01,6.430571e-01,7.439242e-01,7.959852e-01,8.199531e-01,8.257010e-01,8.839377e-01,8.742358e-01
6.775000e-04,6.959892e+00,6.862298e+00,1.482963e+00,7.475353e-01,5.624276e-01,4.411064e-01,3.606327e-01,3.024121e-01,2.598561e-01,6.435268e-01,7.441347e-01,7.966738e-01,8.197270e-01,8.259008e-01,8.845268e-01,8.741844e-01
6.800000e-04,6.958572e+00,6.861596e+00,1.488438e+00,7.474531e-01,5.624558e-01,4.411330e-01,3.606031e-01,3.023825e-01,2.598748e-01,6.439762e-01,7.443718e-01,7.972623e-01,8.194939e-01,8.260590e-01,8.849564e-01,8.743766e-01
6.825000e-04,6.957203e+00,6.860911e+00,1.493775e+00,7.473574e-01,5.624648e-01,4.411664e-01,3.605884e-01,3.023445e-01,2.598811e-01,6.444424e-01,7.446395e-01,7.977252e-01,8.193093e-01,8.262419e-01,8.852114e-01,8.747964e-01
6.850000e-04,6.955838e+00,6.860206e+00,1.499112e+00,7.472624e-01,5.624517e-01,4.412010e-01,3.605893e-01,3.023049e-01,2.598736e-01,6.449053e-01,7.449509e-01,7.980553e-01,8.192298e-01,8.264888e-01,8.853462e-01,8.753729e-01
6.875000e-04,6.954535e+00,6.859487e+00,1.503650e+00,7.471821e-01,5.624165e-01,4.412313e-01,3.606036e-01,3.022704e-01,2.598527e-01,6.452728e-01,7.453186e-01,7.982657e-01,8.192976e-01,8.267760e-01,8.854667e-01,8.760181e-01
6.900000e-04,6.953259e+00,6.858737e+00,1.508028e+00,7.471282e-01,5.623645e-01,4.412519e-01,3.606276e-01,3.022463e-01,2.598209e-01,6.456108e-01,7.457502e-01,7.983844e-01,8.195255e-01,8.270245e-01,8.856746e-01,8.766523e-01
6.925000e-04,6.951994e+00,6.857964e+00,1.512095e+00,7.471080e-01,5.623038e-01,4.412585e-01,3.606566e-01,3.022355e-01,2.597827e-01,6.459585e-01,7.462464e-01,7.984477e-01,8.198884e-01,8.271444e-01,8.859903e-01,8.772309e-01
6.950000e-04,6.950702e+00,6.857196e+00,1.516050e+00,7.471243e-01,5.622442e-01,4.412486e-01,3.606860e-01,3.022384e-01,2.597443e-01,6.463113e-01,7.467868e-01,7.984951e-01,8.203295e-01,8.270775e-01,8.863248e-01,8.777546e-01
6.975000e-04,6.949384e+00,6.856433e+00,1.519720e+00,7.471744e-01,5.621958e-01,4.412228e-01,3.607111e-01,3.022526e-01,2.597113e-01,6.466409e-01,7.473226e-01,7.985647e-01,8.207754e-01,8.268115e-01,8.865501e-01,8.782712e-01
7.000000e-04,6.948056e+00,6.855667e+00,1.522818e+00,7.472514e-01,5.621668e-01,4.411848e-01,3.607274e-01,3.022746e-01,2.596880e-01,6.469495e-01,7.478050e-01,7.986863e-01,8.211508e-01,8.263750e-01,8.865750e-01,8.788294e-01
7.025000e-04,6.946712e+00,6.854907e+00,1.525467e+00,7.473457e-01,5.621622e-01,4.411413e-01,3.607319e-01,3.023005e-01,2.596765e-01,6.472510e-01,7.482186e-01,7.988785e-01,8.213957e-01,8.258252e-01,8.863806e-01,8.794219e-01
7.050000e-04,6.945326e+00,6.854166e+00,1.527591e+00,7.474449e-01,5.621829e-01,4.410999e-01,3.607226e-01,3.023262e-01,2.596766e-01,6.476203e-01,7.485467e-01,7.991458e-01,8.214755e-01,8.252299e-01,8.860027e-01,8.799567e-01
7.075000e-04,6.943926e+00,6.853414e+00,1.529190e+00,7.475363e-01,5.622266e-01,4.410682e-01,3.607005e-01,3.023477e-01,2.596865e-01,6.480900e-01,7.487806e-01,7.994766e-01,8.213852e-01,8.246518e-01,8.854995e-01,8.803326e-01
7.100000e-04,6.942510e+00,6.852670e+00,1.530310e+00,7.476082e-01,5.622871e-01,4.410520e-01,3.606694e-01,3.023613e-01,2.597029e-01,6.485104e-01,7.489430e-01,7.998442e-01,8.211474e-01,8.241415e-01,8.849255e-01,8.805127e-01
7.125000e-04,6.941049e+00,6.851893e+00,1.531568e+00,7.476497e-01,5.623562e-01,4.410547e-01,3.606348e-01,3.023645e-01,2.597223e-01,6.489681e-01,7.490682e-01,8.002094e-01,8.208056e-01,8.237419e-01,8.843140e-01,8.805298e-01
7.150000e-04,6.939549e+00,6.851132e+00,1.532945e+00,7.476545e-01,5.624249e-01,4.410767e-01,3.606032e-01,3.023559e-01,2.597410e-01,6.495685e-01,7.491936e-01,8.005260e-01,8.204178e-01,8.234938e-01,8.836700e-01,8.804463e-01
7.175000e-04,6.938003e+00,6.850369e+00,1.534164e+00,7.476226e-01,5.624843e-01,4.411149e-01,3.605807e-01,3.023369e-01,2.597554e-01,6.501885e-01,7.493348e-01,8.007489e-01,8.200493e-01,8.234424e-01,8.829863e-01,8.803239e-01
7.200000e-04,6.936437e+00,6.849608e+00,1.535028e+00,7.475606e-01,5.625263e-01,4.411637e-01,3.605718e-01,3.023108e-01,2.597623e-01,6.508085e-01,7.494650e-01,8.008428e-01,8.197658e-01,8.236284e-01,8.822618e-01,8.802064e-01
7.225000e-04,6.934847e+00,6.848828e+00,1.535722e+00,7.474804e-01,5.625443e-01,4.412164e-01,3.605788e-01,3.022824e-01,2.597596e-01,6.513755e-01,7.495697e-01,8.007859e-01,8.196221e-01,8.240455e-01,8.815071e-01,8.801088e-01
7.250000e-04,6.933245e+00,6.848044e+00,1.535994e+00,7.473958e-01,5.625352e-01,4.412659e-01,3.606012e-01,3.022571e-01,2.597464e-01,6.519231e-01,7.496881e-01,8.005735e-01,8.196467e-01,8.246039e-01,8.807477e-01,8.800166e-01
7.275000e-04,6.931664e+00,6.847214e+00,1.535726e+00,7.473197e-01,5.625000e-01,4.413057e-01,3.606354e-01,3.022400e-01,2.597239e-01,6.524922e-01,7.498447e-01,8.002227e-01,8.198274e-01,8.251583e-01,8.800131e-01,8.799076e-01
7.300000e-04,6.930039e+00,6.846346e+00,1.535365e+00,7.472627e-01,5.624443e-01,4.413304e-01,3.606762e-01,3.022348e-01,2.596953e-01,6.530412e-01,7.500220e-01,7.997774e-01,8.201075e-01,8.255770e-01,8.793190e-01,8.797661e-01
7.325000e-04,6.928435e+00,6.845437e+00,1.534201e+00,7.472323e-01,5.623775e-01,4.413360e-01,3.607180e-01,3.022431e-01,2.596650e-01,6.535623e-01,7.502017e-01,7.993049e-01,8.203991e-01,8.257778e-01,8.786568e-01,8.795693e-01
7.350000e-04,6.926818e+00,6.844494e+00,1.532389e+00,7.472305e-01,5.623098e-01,4.413210e-01,3.607551e-01,3.022637e-01,2.596377e-01,6.540599e-01,7.503844e-01,7.988761e-01,8.206078e-01,8.257300e-01,8.780289e-01,8.792742e-01
7.375000e-04,6.925181e+00,6.843517e+00,1.530445e+00,7.472563e-01,5.622510e-01,4.412870e-01,3.607825e-01,3.022931e-01,2.596177e-01,6.545237e-01,7.505645e-01,7.985469e-01,8.206540e-01,8.254534e-01,8.774690e-01,8.788333e-01
7.400000e-04,6.923491e+00,6.842510e+00,1.527609e+00,7.473047e-01,5.622094e-01,4.412388e-01,3.607965e-01,3.023269e-01,2.596077e-01,6.549339e-01,7.506892e-01,7.983520e-01,8.204842e-01,8.250089e-01,8.770223e-01,8.782093e-01
7.425000e-04,6.921763e+00,6.841455e+00,1.524013e+00,7.473666e-01,5.621897e-01,4.411838e-01,3.607944e-01,3.023602e-01,2.596085e-01,6.552244e-01,7.506909e-01,7.983006e-01,8.200760e-01,8.244684e-01,8.767258e-01,8.774054e-01
7.450000e-04,6.920003e+00,6.840341e+00,1.519876e+00,7.474304e-01,5.621930e-01,4.411304e-01,3.607758e-01,3.023884e-01,2.596186e-01,6.556016e-01,7.505769e-01,7.983649e-01,8.194380e-01,8.238850e-01,8.766140e-01,8.764871e-01
7.475000e-04,6.918287e+00,6.839153e+00,1.514590e+00,7.474834e-01,5.622174e-01,4.410863e-01,3.607426e-01,3.024078e-01,2.596350e-01,6.559465e-01,7.504175e-01,7.984815e-01,8.186048e-01,8.232851e-01,8.767141e-01,8.755698e-01
7.500000e-04,6.916641e+00,6.837893e+00,1.508218e+00,7.475158e-01,5.622585e-01,4.410573e-01,3.606995e-01,3.024155e-01,2.596537e-01,6.561869e-01,7.502632e-01,7.985782e-01,8.176308e-01,8.226786e-01,8.770190e-01,8.747808e-01
7.525000e-04,6.915019e+00,6.836575e+00,1.501318e+00,7.475188e-01,5.623094e-01,4.410464e-01,3.606530e-01,3.024099e-01,2.596707e-01,6.564354e-01,7.501249e-01,7.986046e-01,8.165821e-01,8.220706e-01,8.774727e-01,8.742225e-01
7.550000e-04,6.913984e+00,6.835221e+00,1.494087e+00,7.474925e-01,5.623620e-01,4.410535e-01,3.606101e-01,3.023909e-01,2.596824e-01,6.567255e-01,7.500052e-01,7.985330e-01,8.155300e-01,8.214689e-01,8.779857e-01,8.739724e-01
7.575000e-04,6.913068e+00,6.833791e+00,1.486224e+00,7.474422e-01,5.624072e-01,4.410767e-01,3.605770e-01,3.023606e-01,2.596861e-01,6.570075e-01,7.499154e-01,7.983403e-01,8.145448e-01,8.208855e-01,8.784681e-01,8.740792e-01
7.600000e-04,6.912169e+00,6.832327e+00,1.477801e+00,7.473786e-01,5.624366e-01,4.411121e-01,3.605579e-01,3.023233e-01,2.596790e-01,6.572910e-01,7.498569e-01,7.980065e-01,8.136870e-01,8.203294e-01,8.788529e-01,8.745388e-01
7.625000e-04,6.911280e+00,6.830814e+00,1.468914e+00,7.473144e-01,5.624451e-01,4.411546e-01,3.605544e-01,3.022846e-01,2.596607e-01,6.575889e-01,7.498323e-01,7.975240e-01,8.129966e-01,8.197972e-01,8.791037e-01,8.752869e-01
7.650000e-04,6.910406e+00,6.829218e+00,1.459609e+00,7.472615e-01,5.624318e-01,4.411976e-01,3.605658e-01,3.022504e-01,2.596307e-01,6.577749e-01,7.498499e-01,7.969045e-01,8.124860e-01,8.192706e-01,8.792130e-01,8.762271e-01
7.675000e-04,6.909539e+00,6.827483e+00,1.449897e+00,7.472283e-01,5.624004e-01,4.412339e-01,3.605898e-01,3.022255e-01,2.595919e-01,6.578629e-01,7.498862e-01,7.961816e-01,8.121422e-01,8.187270e-01,8.791849e-01,8.772526e-01
7.700000e-04,6.908688e+00,6.825657e+00,1.439866e+00,7.472195e-01,5.623582e-01,4.412576e-01,3.606229e-01,3.022131e-01,2.595483e-01,6.579397e-01,7.498946e-01,7.954048e-01,8.119355e-01,8.181583e-01,8.790147e-01,8.782772e-01
7.725000e-04,6.907896e+00,6.823686e+00,1.428903e+00,7.472365e-01,5.623145e-01,4.412648e-01,3.606605e-01,3.022140e-01,2.595042e-01,6.579858e-01,7.498411e-01,7.946309e-01,8.118278e-01,8.175810e-01,8.786852e-01,8.792373e-01
7.750000e-04,6.907097e+00,6.821624e+00,1.417908e+00,7.472779e-01,5.622776e-01,4.412550e-01,3.606969e-01,3.022271e-01,2.594650e-01,6.580369e-01,7.497114e-01,7.939124e-01,8.117750e-01,8.170315e-01,8.781831e-01,8.800928e-01
7.775000e-04,6.906280e+00,6.819487e+00,1.407099e+00,7.473391e-01,5.622534e-01,4.412311e-01,3.607263e-01,3.022503e-01,2.594353e-01,6.580594e-01,7.495021e-01,7.932864e-01,8.117292e-01,8.165517e-01,8.775225e-01,8.808021e-01
7.800000e-04,6.905449e+00,6.817309e+00,1.396230e+00,7.474127e-01,5.622454e-01,4.411991e-01,3.607443e-01,3.022803e-01,2.594168e-01,6.580279e-01,7.492419e-01,7.927723e-01,8.116434e-01,8.161782e-01,8.767497e-01,8.813182e-01
7.825000e-04,6.904652e+00,6.815021e+00,1.384760e+00,7.474892e-01,5.622550e-01,4.411658e-01,3.607479e-01,3.023130e-01,2.594095e-01,6.580245e-01,7.489463e-01,7.923713e-01,8.114815e-01,8.159456e-01,8.759283e-01,8.815919e-01
7.850000e-04,6.903886e+00,6.813434e+00,1.392977e+00,7.475574e-01,5.622809e-01,4.411378e-01,3.607373e-01,3.023437e-01,2.594124e-01,6.579489e-01,7.485813e-01,7.920657e-01,8.112300e-01,8.158933e-01,8.751177e-01,8.815913e-01
7.875000e-04,6.903139e+00,6.811909e+00,1.401339e+00,7.476062e-01,5.623198e-01,4.411197e-01,3.607154e-01,3.023676e-01,2.594235e-01,6.578538e-01,7.481318e-01,7.918207e-01,8.109050e-01,8.160526e-01,8.743663e-01,8.813144e-01
7.900000e-04,6.902390e+00,6.810491e+00,1.409249e+00,7.476279e-01,5.623666e-01,4.411141e-01,3.606874e-01,3.023811e-01,2.594400e-01,6.578765e-01,7.476135e-01,7.915889e-01,8.105453e-01,8.164189e-01,8.737255e-01,8.807948e-01
7.925000e-04,6.901608e+00,6.809172e+00,1.416859e+00,7.476192e-01,5.624141e-01,4.411218e-01,3.606591e-01,3.023820e-01,2.594581e-01,6.579175e-01,7.470537e-01,7.913255e-01,8.101958e-01,8.169399e-01,8.732565e-01,8.800945e-01
7.950000e-04,6.900824e+00,6.807948e+00,1.423983e+00,7.475807e-01,5.624548e-01,4.411412e-01,3.606360e-01,3.023710e-01,2.594738e-01,6.578790e-01,7.464887e-01,7.910069e-01,8.098945e-01,8.175336e-01,8.730019e-01,8.792780e-01
7.975000e-04,6.900056e+00,6.806821e+00,1.430326e+00,7.475176e-01,5.624815e-01,4.411697e-01,3.606217e-01,3.023508e-01,2.594830e-01,6.578111e-01,7.459499e-01,7.906349e-01,8.096677e-01,8.181162e-01,8.729491e-01,8.783935e-01
8.000000e-04,6.899303e+00,6.805780e+00,1.436047e+00,7.474388e-01,5.624895e-01,4.412029e-01,3.606182e-01,3.023259e-01,2.594819e-01,6.577763e-01,7.454563e-01,7.902233e-01,8.095307e-01,8.186267e-01,8.730330e-01,8.774921e-01
8.025000e-04,6.898580e+00,6.804812e+00,1.441304e+00,7.473555e-01,5.624769e-01,4.412357e-01,3.606256e-01,3.023015e-01,2.594694e-01,6.576881e-01,7.450036e-01,7.897849e-01,8.094879e-01,8.190383e-01,8.731760e-01,8.766393e-01
8.050000e-04,6.897911e+00,6.803901e+00,1.445954e+00,7.472789e-01,5.624444e-01,4.412623e-01,3.606423e-01,3.022818e-01,2.594465e-01,6.574337e-01,7.445612e-01,7.893342e-01,8.095309e-01,8.193588e-01,8.733268e-01,8.758993e-01
8.075000e-04,6.897296e+00,6.803048e+00,1.449966e+00,7.472192e-01,5.623961e-01,4.412780e-01,3.606657e-01,3.022700e-01,2.594162e-01,6.571497e-01,7.441279e-01,7.888954e-01,8.096372e-01,8.196154e-01,8.734755e-01,8.752842e-01
8.100000e-04,6.896747e+00,6.802235e+00,1.453642e+00,7.471838e-01,5.623389e-01,4.412795e-01,3.606921e-01,3.022676e-01,2.593832e-01,6.568373e-01,7.437443e-01,7.884961e-01,8.097752e-01,8.198300e-01,8.736498e-01,8.747690e-01
8.125000e-04,6.896259e+00,6.801483e+00,1.456848e+00,7.471765e-01,5.622812e-01,4.412656e-01,3.607172e-01,3.022744e-01,2.593519e-01,6.564539e-01,7.434312e-01,7.881589e-01,8.099111e-01,8.200001e-01,8.738989e-01,8.743227e-01
8.150000e-04,6.895838e+00,6.800794e+00,1.459555e+00,7.471980e-01,5.622312e-01,4.412376e-01,3.607365e-01,3.022889e-01,2.593262e-01,6.559983e-01,7.431593e-01,7.879049e-01,8.100145e-01,8.200959e-01,8.742663e-01,8.739439e-01
8.175000e-04,6.895489e+00,6.800178e+00,1.461556e+00,7.472451e-01,5.621959e-01,4.411989e-01,3.607462e-01,3.023086e-01,2.593086e-01,6.555081e-01,7.428929e-01,7.877519e-01,8.100571e-01,8.200769e-01,8.747612e-01,8.736552e-01
8.200000e-04,6.895231e+00,6.799626e+00,1.462945e+00,7.473106e-01,5.621801e-01,4.411551e-01,3.607442e-01,3.023303e-01,2.592995e-01,6.549984e-01,7.426167e-01,7.877035e-01,8.100121e-01,8.199210e-01,8.753398e-01,8.734809e-01
8.225000e-04,6.895061e+00,6.799133e+00,1.463781e+00,7.473839e-01,5.621856e-01,4.411131e-01,3.607298e-01,3.023505e-01,2.592990e-01,6.544871e-01,7.423190e-01,7.877456e-01,8.098596e-01,8.196465e-01,8.759162e-01,8.734442e-01
8.250000e-04,6.894978e+00,6.798706e+00,1.464079e+00,7.474529e-01,5.622116e-01,4.410790e-01,3.607044e-01,3.023654e-01,2.593056e-01,6.540087e-01,7.419917e-01,7.878556e-01,8.095958e-01,8.193070e-01,8.763961e-01,8.735712e-01
8.275000e-04,6.894979e+00,6.798352e+00,1.463856e+00,7.475064e-01,5.622545e-01,4.410578e-01,3.606716e-01,3.023720e-01,2.593176e-01,6.535606e-01,7.416513e-01,7.880115e-01,8.092412e-01,8.189705e-01,8.767227e-01,8.738637e-01
8.300000e-04,6.895061e+00,6.798078e+00,1.463189e+00,7.475364e-01,5.623083e-01,4.410525e-01,3.606365e-01,3.023688e-01,2.593320e-01,6.531429e-01,7.413245e-01,7.881900e-01,8.088412e-01,8.186981e-01,8.768977e-01,8.742784e-01
8.325000e-04,6.895213e+00,6.797894e+00,1.462081e+00,7.475394e-01,5.623653e-01,4.410636e-01,3.606044e-01,3.023553e-01,2.593457e-01,6.527671e-01,7.410343e-01,7.883629e-01,8.084558e-01,8.185183e-01,8.769670e-01,8.747434e-01
8.350000e-04,6.895446e+00,6.797797e+00,1.460529e+00,7.475171e-01,5.624170e-01,4.410894e-01,3.605805e-01,3.023333e-01,2.593555e-01,6.524236e-01,7.407974e-01,7.885033e-01,8.081419e-01,8.184150e-01,8.769927e-01,8.751934e-01
8.375000e-04,6.895767e+00,6.797783e+00,1.458540e+00,7.474764e-01,5.624556e-01,4.411265e-01,3.605683e-01,3.023058e-01,2.593589e-01,6.520969e-01,7.406181e-01,7.885883e-01,8.079368e-01,8.183488e-01,8.770278e-01,8.755951e-01
8.400000e-04,6.896174e+00,6.797848e+00,1.456147e+00,7.474261e-01,5.624757e-01,4.411704e-01,3.605696e-01,3.022774e-01,2.593547e-01,6.517955e-01,7.404947e-01,7.885961e-01,8.078517e-01,8.182931e-01,8.770882e-01,8.759361e-01
8.425000e-04,6.896668e+00,6.797986e+00,1.453368e+00,7.473752e-01,5.624745e-01,4.412149e-01,3.605840e-01,3.022527e-01,2.593429e-01,6.515289e-01,7.404298e-01,7.885104e-01,8.078779e-01,8.182492e-01,8.771421e-01,8.762323e-01
8.450000e-04,6.897243e+00,6.798192e+00,1.450233e+00,7.473320e-01,5.624541e-01,4.412537e-01,3.606094e-01,3.022355e-01,2.593251e-01,6.512900e-01,7.404234e-01,7.883333e-01,8.079962e-01,8.182383e-01,8.771400e-01,8.765022e-01
8.475000e-04,6.897889e+00,6.798461e+00,1.446774e+00,7.473034e-01,5.624190e-01,4.412813e-01,3.606427e-01,3.022287e-01,2.593043e-01,6.510736e-01,7.404630e-01,7.880896e-01,8.081831e-01,8.182889e-01,8.770619e-01,8.767799e-01
8.500000e-04,6.898592e+00,6.798790e+00,1.443024e+00,7.472937e-01,5.623761e-01,4.412935e-01,3.606796e-01,3.022329e-01,2.592842e-01,6.508763e-01,7.405307e-01,7.878169e-01,8.084126e-01,8.184266e-01,8.769392e-01,8.770736e-01
8.525000e-04,6.899333e+00,6.799172e+00,1.439034e+00,7.473049e-01,5.623332e-01,4.412888e-01,3.607154e-01,3.022476e-01,2.592687e-01,6.506958e-01,7.406120e-01,7.875550e-01,8.086567e-01,8.186640e-01,8.768409e-01,8.773595e-01
8.550000e-04,6.900097e+00,6.799606e+00,1.434858e+00,7.473371e-01,5.622966e-01,4.412688e-01,3.607449e-01,3.022707e-01,2.592612e-01,6.505309e-01,7.406915e-01,7.873402e-01,8.088860e-01,8.189910e-01,8.768444e-01,8.775906e-01
8.575000e-04,6.900863e+00,6.800092e+00,1.430549e+00,7.473836e-01,5.622712e-01,4.412377e-01,3.607639e-01,3.022994e-01,2.592634e-01,6.503793e-01,7.407507e-01,7.871997e-01,8.090699e-01,8.193740e-01,8.770054e-01,8.777304e-01
8.600000e-04,6.901613e+00,6.800628e+00,1.426178e+00,7.474368e-01,5.622603e-01,4.412015e-01,3.607695e-01,3.023301e-01,2.592757e-01,6.502506e-01,7.407751e-01,7.871475e-01,8.091804e-01,8.197666e-01,8.773349e-01,8.777809e-01
8.625000e-04,6.902339e+00,6.801209e+00,1.421836e+00,7.474870e-01,5.622656e-01,4.411663e-01,3.607608e-01,3.023589e-01,2.592969e-01,6.501425e-01,7.407636e-01,7.871821e-01,8.091979e-01,8.201289e-01,8.777904e-01,8.777998e-01
8.650000e-04,6.903053e+00,6.801832e+00,1.417302e+00,7.475234e-01,5.622849e-01,4.411370e-01,3.607398e-01,3.023816e-01,2.593247e-01,6.500476e-01,7.407258e-01,7.872866e-01,8.091173e-01,8.204441e-01,8.782837e-01,8.778517e-01
8.675000e-04,6.903757e+00,6.802479e+00,1.412898e+00,7.475385e-01,5.623153e-01,4.411172e-01,3.607107e-01,3.023948e-01,2.593570e-01,6.499872e-01,7.406727e-01,7.874330e-01,8.089525e-01,8.207211e-01,8.787137e-01,8.779852e-01
8.700000e-04,6.904438e+00,6.803157e+00,1.408444e+00,7.475291e-01,5.623517e-01,4.411094e-01,3.606787e-01,3.023962e-01,2.593909e-01,6.499568e-01,7.406134e-01,7.875890e-01,8.087336e-01,8.209788e-01,8.789965e-01,8.782074e-01
8.725000e-04,6.905107e+00,6.803870e+00,1.403743e+00,7.474967e-01,5.623868e-01,4.411132e-01,3.606489e-01,3.023857e-01,2.594225e-01,6.499254e-01,7.405563e-01,7.877231e-01,8.085007e-01,8.212363e-01,8.790880e-01,8.784978e-01
8.750000e-04,6.905770e+00,6.804600e+00,1.398996e+00,7.474463e-01,5.624134e-01,4.411280e-01,3.606254e-01,3.023653e-01,2.594488e-01,6.498993e-01,7.405090e-01,7.878082e-01,8.082960e-01,8.215246e-01,8.789860e-01,8.788025e-01
8.775000e-04,6.906428e+00,6.805349e+00,1.394135e+00,7.473861e-01,5.624261e-01,4.411512e-01,3.606108e-01,3.023390e-01,2.594665e-01,6.498703e-01,7.404809e-01,7.878247e-01,8.081601e-01,8.218959e-01,8.787168e-01,8.790438e-01
8.800000e-04,6.907079e+00,6.806128e+00,1.389029e+00,7.473244e-01,5.624224e-01,4.411788e-01,3.606061e-01,3.023113e-01,2.594738e-01,6.498239e-01,7.404815e-01,7.877665e-01,8.081312e-01,8.224038e-01,8.783302e-01,8.791514e-01
8.825000e-04,6.907718e+00,6.806929e+00,1.383964e+00,7.472694e-01,5.624028e-01,4.412055e-01,3.606114e-01,3.022865e-01,2.594705e-01,6.497633e-01,7.405033e-01,7.876436e-01,8.082389e-01,8.230610e-01,8.779110e-01,8.790851e-01
8.850000e-04,6.908348e+00,6.807745e+00,1.378882e+00,7.472284e-01,5.623712e-01,4.412258e-01,3.606255e-01,3.022676e-01,2.594592e-01,6.496612e-01,7.405355e-01,7.874794e-01,8.084930e-01,8.238024e-01,8.775807e-01,8.788495e-01
8.875000e-04,6.908972e+00,6.808585e+00,1.373566e+00,7.472075e-01,5.623328e-01,4.412356e-01,3.606462e-01,3.022566e-01,2.594432e-01,6.495268e-01,7.405757e-01,7.873050e-01,8.088691e-01,8.244894e-01,8.774672e-01,8.784483e-01
8.900000e-04,6.909603e+00,6.809441e+00,1.367998e+00,7.472106e-01,5.622938e-01,4.412330e-01,3.606700e-01,3.022543e-01,2.594263e-01,6.493760e-01,7.406134e-01,7.871545e-01,8.093063e-01,8.249672e-01,8.776431e-01,8.779197e-01
8.925000e-04,6.910244e+00,6.810306e+00,1.362130e+00,7.472385e-01,5.622602e-01,4.412187e-01,3.606924e-01,3.022604e-01,2.594122e-01,6.491878e-01,7.406392e-01,7.870629e-01,8.097209e-01,8.251435e-01,8.780734e-01,8.773146e-01
8.950000e-04,6.910869e+00,6.811172e+00,1.356292e+00,7.472877e-01,5.622369e-01,4.411954e-01,3.607089e-01,3.022738e-01,2.594037e-01,6.489963e-01,7.406436e-01,7.870618e-01,8.100308e-01,8.250258e-01,8.786188e-01,8.767124e-01
8.975000e-04,6.911495e+00,6.812035e+00,1.350476e+00,7.473515e-01,5.622278e-01,4.411675e-01,3.607163e-01,3.022926e-01,2.594022e-01,6.487401e-01,7.406150e-01,7.871711e-01,8.101790e-01,8.246934e-01,8.791076e-01,8.762095e-01
9.000000e-04,6.912089e+00,6.812934e+00,1.344504e+00,7.474206e-01,5.622351e-01,4.411401e-01,3.607132e-01,3.023136e-01,2.594082e-01,6.484980e-01,7.405498e-01,7.873908e-01,8.101459e-01,8.242410e-01,8.794216e-01,8.758669e-01
9.025000e-04,6.912650e+00,6.813872e+00,1.338417e+00,7.474851e-01,5.622585e-01,4.411174e-01,3.607006e-01,3.023328e-01,2.594217e-01,6.482866e-01,7.404508e-01,7.876989e-01,8.099460e-01,8.237360e-01,8.795365e-01,8.756954e-01
9.050000e-04,6.913189e+00,6.814827e+00,1.332445e+00,7.475363e-01,5.622952e-01,4.411031e-01,3.606810e-01,3.023465e-01,2.594415e-01,6.480575e-01,7.403239e-01,7.880568e-01,8.096144e-01,8.232052e-01,8.794936e-01,8.756409e-01
9.075000e-04,6.913718e+00,6.816148e+00,1.336213e+00,7.475671e-01,5.623404e-01,4.410999e-01,3.606585e-01,3.023522e-01,2.594655e-01,6.477929e-01,7.401807e-01,7.884177e-01,8.091926e-01,8.226444e-01,8.793382e-01,8.756378e-01
9.100000e-04,6.914237e+00,6.817511e+00,1.342044e+00,7.475738e-01,5.623877e-01,4.411087e-01,3.606370e-01,3.023490e-01,2.594910e-01,6.475348e-01,7.400385e-01,7.887348e-01,8.087202e-01,8.220342e-01,8.790792e-01,8.756306e-01
9.125000e-04,6.914759e+00,6.818813e+00,1.347757e+00,7.475567e-01,5.624304e-01,4.411289e-01,3.606202e-01,3.023377e-01,2.595145e-01,6.473233e-01,7.399191e-01,7.889691e-01,8.082302e-01,8.213555e-01,8.786866e-01,8.756470e-01
9.150000e-04,6.915615e+00,6.820086e+00,1.353343e+00,7.475193e-01,5.624619e-01,4.411580e-01,3.606110e-01,3.023210e-01,2.595327e-01,6.471320e-01,7.398286e-01,7.890961e-01,8.077492e-01,8.206039e-01,8.781144e-01,8.757244e-01
9.175000e-04,6.916492e+00,6.821352e+00,1.358865e+00,7.474680e-01,5.624773e-01,4.411923e-01,3.606109e-01,3.023022e-01,2.595435e-01,6.469540e-01,7.397703e-01,7.891060e-01,8.072972e-01,8.197953e-01,8.773273e-01,8.758797e-01
9.200000e-04,6.917360e+00,6.822596e+00,1.364477e+00,7.474105e-01,5.624742e-01,4.412270e-01,3.606205e-01,3.022847e-01,2.595464e-01,6.467796e-01,7.397631e-01,7.890007e-01,8.068875e-01,8.189558e-01,8.763232e-01,8.761048e-01
9.225000e-04,6.918255e+00,6.823814e+00,1.370071e+00,7.473547e-01,5.624534e-01,4.412568e-01,3.606387e-01,3.022715e-01,2.595427e-01,6.466217e-01,7.398165e-01,7.887915e-01,8.065250e-01,8.181051e-01,8.751436e-01,8.763387e-01
9.250000e-04,6.919180e+00,6.824993e+00,1.375539e+00,7.473077e-01,5.624184e-01,4.412769e-01,3.606632e-01,3.022649e-01,2.595345e-01,6.464263e-01,7.399040e-01,7.884987e-01,8.062038e-01,8.172506e-01,8.738623e-01,8.765222e-01
9.275000e-04,6.920123e+00,6.826140e+00,1.380868e+00,7.472764e-01,5.623751e-01,4.412837e-01,3.606910e-01,3.022660e-01,2.595252e-01,6.462430e-01,7.399808e-01,7.881504e-01,8.059073e-01,8.163932e-01,8.725582e-01,8.766066e-01
9.300000e-04,6.921092e+00,6.827255e+00,1.385912e+00,7.472652e-01,5.623297e-01,4.412759e-01,3.607179e-01,3.022749e-01,2.595173e-01,6.460814e-01,7.400245e-01,7.877771e-01,8.056085e-01,8.155362e-01,8.712939e-01,8.765732e-01
9.325000e-04,6.922104e+00,6.828333e+00,1.390692e+00,7.472760e-01,5.622881e-01,4.412546e-01,3.607397e-01,3.022907e-01,2.595135e-01,6.459134e-01,7.400406e-01,7.874030e-01,8.052754e-01,8.146858e-01,8.701142e-01,8.764326e-01
9.350000e-04,6.923093e+00,6.829378e+00,1.395431e+00,7.473063e-01,5.622552e-01,4.412235e-01,3.607524e-01,3.023113e-01,2.595152e-01,6.457165e-01,7.400410e-01,7.870439e-01,8.048750e-01,8.138437e-01,8.690520e-01,8.762283e-01
9.375000e-04,6.924063e+00,6.830394e+00,1.400127e+00,7.473499e-01,5.622353e-01,4.411877e-01,3.607536e-01,3.023340e-01,2.595233e-01,6.455845e-01,7.400220e-01,7.867112e-01,8.043785e-01,8.130023e-01,8.681335e-01,8.760026e-01
9.400000e-04,6.924992e+00,6.831388e+00,1.404902e+00,7.473976e-01,5.622310e-01,4.411522e-01,3.607427e-01,3.023554e-01,2.595379e-01,6.455015e-01,7.399499e-01,7.864102e-01,8.037663e-01,8.121551e-01,8.673741e-01,8.757895e-01
9.425000e-04,6.925919e+00,6.832342e+00,1.409558e+00,7.474399e-01,5.622431e-01,4.411212e-01,3.607215e-01,3.023717e-01,2.595583e-01,6.453862e-01,7.397863e-01,7.861307e-01,8.030350e-01,8.113149e-01,8.667674e-01,8.756107e-01
9.450000e-04,6.926814e+00,6.833262e+00,1.414207e+00,7.474694e-01,5.622696e-01,4.410984e-01,3.606935e-01,3.023799e-01,2.595826e-01,6.452714e-01,7.395258e-01,7.858464e-01,8.022031e-01,8.105184e-01,8.662796e-01,8.754931e-01
9.475000e-04,6.927665e+00,6.834156e+00,1.418860e+00,7.474812e-01,5.623059e-01,4.410864e-01,3.606631e-01,3.023782e-01,2.596080e-01,6.451983e-01,7.392102e-01,7.855229e-01,8.013096e-01,8.098073e-01,8.658682e-01,8.754752e-01
9.500000e-04,6.928455e+00,6.835027e+00,1.423657e+00,7.474740e-01,5.623453e-01,4.410866e-01,3.606346e-01,3.023667e-01,2.596312e-01,6.451611e-01,7.388787e-01,7.851277e-01,8.004044e-01,8.091986e-01,8.655125e-01,8.755835e-01
9.525000e-04,6.929196e+00,6.835872e+00,1.428545e+00,7.474502e-01,5.623809e-01,4.410993e-01,3.606112e-01,3.023471e-01,2.596497e-01,6.451342e-01,7.385279e-01,7.846387e-01,7.995368e-01,8.086724e-01,8.652201e-01,8.758165e-01
9.550000e-04,6.929913e+00,6.836698e+00,1.433362e+00,7.474144e-01,5.624063e-01,4.411227e-01,3.605956e-01,3.023227e-01,2.596609e-01,6.450845e-01,7.381463e-01,7.840478e-01,7.987455e-01,8.081814e-01,8.650071e-01,8.761583e-01
9.575000e-04,6.930620e+00,6.837504e+00,1.438038e+00,7.473728e-01,5.624181e-01,4.411532e-01,3.605895e-01,3.022975e-01,2.596632e-01,6.450211e-01,7.377390e-01,7.833549e-01,7.980528e-01,8.076701e-01,8.648661e-01,8.765857e-01
9.600000e-04,6.931320e+00,6.838284e+00,1.442415e+00,7.473323e-01,5.624152e-01,4.411856e-01,3.605936e-01,3.022748e-01,2.596574e-01,6.449316e-01,7.373087e-01,7.825617e-01,7.974602e-01,8.070889e-01,8.647555e-01,8.770843e-01
9.625000e-04,6.932007e+00,6.839045e+00,1.446581e+00,7.472997e-01,5.623995e-01,4.412141e-01,3.606077e-01,3.022571e-01,2.596451e-01,6.447551e-01,7.368494e-01,7.816800e-01,7.969494e-01,8.064074e-01,8.646136e-01,8.776545e-01
9.650000e-04,6.932729e+00,6.839734e+00,1.450337e+00,7.472812e-01,5.623746e-01,4.412341e-01,3.606300e-01,3.022464e-01,2.596293e-01,6.445141e-01,7.363522e-01,7.807394e-01,7.964890e-01,8.056264e-01,8.643792e-01,8.782887e-01
9.675000e-04,6.933443e+00,6.840372e+00,1.453857e+00,7.472815e-01,5.623453e-01,4.412429e-01,3.606573e-01,3.022437e-01,2.596135e-01,6.442486e-01,7.358087e-01,7.797775e-01,7.960457e-01,8.047805e-01,8.640059e-01,8.789708e-01
9.700000e-04,6.934180e+00,6.840978e+00,1.457035e+00,7.473019e-01,5.623165e-01,4.412400e-01,3.606849e-01,3.022496e-01,2.596003e-01,6.439423e-01,7.352283e-01,7.788255e-01,7.955936e-01,8.039288e-01,8.634697e-01,8.796395e-01
9.725000e-04,6.934927e+00,6.841553e+00,1.459840e+00,7.473402e-01,5.622929e-01,4.412272e-01,3.607081e-01,3.022636e-01,2.595918e-01,6.435772e-01,7.346163e-01,7.779078e-01,7.951185e-01,8.031450e-01,8.627769e-01,8.802203e-01
9.750000e-04,6.935692e+00,6.842098e+00,1.462223e+00,7.473902e-01,5.622786e-01,4.412075e-01,3.607232e-01,3.022841e-01,2.595893e-01,6.431448e-01,7.339514e-01,7.770444e-01,7.946168e-01,8.025042e-01,8.619675e-01,8.806469e-01
9.775000e-04,6.936480e+00,6.842623e+00,1.464216e+00,7.474436e-01,5.622766e-01,4.411848e-01,3.607284e-01,3.023080e-01,2.595938e-01,6.426612e-01,7.332147e-01,7.762443e-01,7.940944e-01,8.020615e-01,8.611042e-01,8.808617e-01
9.800000e-04,6.937295e+00,6.843136e+00,1.465809e+00,7.474916e-01,5.622880e-01,4.411628e-01,3.607238e-01,3.023313e-01,2.596055e-01,6.421363e-01,7.324027e-01,7.754991e-01,7.935639e-01,8.018370e-01,8.602620e-01,8.808410e-01
9.825000e-04,6.938143e+00,6.843636e+00,1.466812e+00,7.475267e-01,5.623115e-01,4.411450e-01,3.607111e-01,3.023501e-01,2.596240e-01,6.415599e-01,7.315190e-01,7.747886e-01,7.930444e-01,8.018144e-01,8.595152e-01,8.805669e-01
9.850000e-04,6.939025e+00,6.844133e+00,1.467634e+00,7.475441e-01,5.623431e-01,4.411342e-01,3.606934e-01,3.023614e-01,2.596475e-01,6.409548e-01,7.305821e-01,7.740933e-01,7.925584e-01,8.019535e-01,8.589146e-01,8.800697e-01
9.875000e-04,6.939953e+00,6.844645e+00,1.468410e+00,7.475420e-01,5.623771e-01,4.411326e-01,3.606738e-01,3.023640e-01,2.596732e-01,6.403466e-01,7.296239e-01,7.734014e-01,7.921278e-01,8.022060e-01,8.584758e-01,8.794035e-01
9.900000e-04,6.940937e+00,6.845169e+00,1.468935e+00,7.475210e-01,5.624074e-01,4.411409e-01,3.606554e-01,3.023583e-01,2.596976e-01,6.397148e-01,7.286750e-01,7.727052e-01,7.917718e-01,8.025291e-01,8.581811e-01,8.786109e-01
9.925000e-04,6.941993e+00,6.845715e+00,1.469183e+00,7.474835e-01,5.624285e-01,4.411579e-01,3.606409e-01,3.023462e-01,2.597174e-01,6.389925e-01,7.277471e-01,7.719988e-01,7.915066e-01,8.028899e-01,8.579885e-01,8.777576e-01
9.950000e-04,6.943120e+00,6.846291e+00,1.469228e+00,7.474339e-01,5.624372e-01,4.411808e-01,3.606327e-01,3.023303e-01,2.597303e-01,6.382696e-01,7.268392e-01,7.712809e-01,7.913434e-01,8.032655e-01,8.578495e-01,8.768921e-01
9.975000e-04,6.944315e+00,6.846898e+00,1.469238e+00,7.473788e-01,5.624321e-01,4.412051e-01,3.606321e-01,3.023132e-01,2.597355e-01,6.375330e-01,7.259452e-01,7.705589e-01,7.912865e-01,8.036433e-01,8.577288e-01,8.760430e-01
1.000000e-03,6.945627e+00,6.847533e+00,1.468830e+00,7.473252e-01,5.624141e-01,4.412262e-01,3.606396e-01,3.022975e-01,2.597338e-01,6.367458e-01,7.250602e-01,7.698446e-01,7.913316e-01,8.040205e-01,8.576131e-01,8.752188e-01
1.002500e-03,6.947061e+00,6.848195e+00,1.468043e+00,7.472806e-01,5.623854e-01,4.412399e-01,3.606541e-01,3.022853e-01,2.597269e-01,6.359164e-01,7.241847e-01,7.691509e-01,7.914675e-01,8.043991e-01,8.575112e-01,8.744043e-01
1.005000e-03,6.948587e+00,6.848898e+00,1.466892e+00,7.472514e-01,5.623500e-01,4.412439e-01,3.606728e-01,3.022787e-01,2.597171e-01,6.350835e-01,7.233298e-01,7.684965e-01,7.916780e-01,8.047795e-01,8.574438e-01,8.735846e-01
1.007500e-03,6.950193e+00,6.849661e+00,1.465356e+00,7.472418e-01,5.623124e-01,4.412375e-01,3.606922e-01,3.022787e-01,2.597068e-01,6.342189e-01,7.225051e-01,7.679088e-01,7.919425e-01,8.051560e-01,8.574324e-01,8.727627e-01
1.010000e-03,6.951914e+00,6.850463e+00,1.463252e+00,7.472531e-01,5.622778e-01,4.412216e-01,3.607083e-01,3.022856e-01,2.596980e-01,6.332870e-01,7.216999e-01,7.674177e-01,7.922354e-01,8.055180e-01,8.574900e-01,8.719528e-01
1.012500e-03,6.953738e+00,6.851328e+00,1.460711e+00,7.472834e-01,5.622510e-01,4.411986e-01,3.607179e-01,3.022982e-01,2.596927e-01,6.323092e-01,7.209055e-01,7.670452e-01,7.925282e-01,8.058507e-01,8.576207e-01,8.711831e-01
1.015000e-03,6.955649e+00,6.852211e+00,1.457755e+00,7.473271e-01,5.622359e-01,4.411715e-01,3.607192e-01,3.023142e-01,2.596925e-01,6.313247e-01,7.201322e-01,7.667977e-01,7.927916e-01,8.061361e-01,8.578205e-01,8.704854e-01
1.017500e-03,6.957609e+00,6.853141e+00,1.454905e+00,7.473770e-01,5.622352e-01,4.411442e-01,3.607120e-01,3.023303e-01,2.596984e-01,6.303558e-01,7.193933e-01,7.666641e-01,7.930003e-01,8.063528e-01,8.580800e-01,8.698819e-01
1.020000e-03,6.959616e+00,6.854146e+00,1.451459e+00,7.474254e-01,5.622494e-01,4.411203e-01,3.606974e-01,3.023432e-01,2.597103e-01,6.294119e-01,7.186796e-01,7.666256e-01,7.931372e-01,8.064788e-01,8.583819e-01,8.693750e-01
1.022500e-03,6.961724e+00,6.855220e+00,1.446693e+00,7.474653e-01,5.622766e-01,4.411032e-01,3.606778e-01,3.023503e-01,2.597272e-01,6.284023e-01,7.179846e-01,7.666632e-01,7.931975e-01,8.064967e-01,8.586994e-01,8.689595e-01
1.025000e-03,6.963943e+00,6.856322e+00,1.441358e+00,7.474916e-01,5.623127e-01,4.410956e-01,3.606560e-01,3.023503e-01,2.597469e-01,6.273725e-01,7.173435e-01,7.667543e-01,7.931888e-01,8.064005e-01,8.589971e-01,8.686343e-01
1.027500e-03,6.966190e+00,6.857482e+00,1.435283e+00,7.475017e-01,5.623522e-01,4.410991e-01,3.606349e-01,3.023434e-01,2.597664e-01,6.264291e-01,7.167763e-01,7.668694e-01,7.931287e-01,8.062000e-01,8.592363e-01,8.684045e-01
1.030000e-03,6.968525e+00,6.858693e+00,1.428322e+00,7.474952e-01,5.623889e-01,4.411137e-01,3.606176e-01,3.023307e-01,2.597826e-01,6.255017e-01,7.162716e-01,7.669806e-01,7.930406e-01,8.059218e-01,8.593827e-01,8.682712e-01
1.032500e-03,6.970857e+00,6.860039e+00,1.419742e+00,7.474735e-01,5.624175e-01,4.411377e-01,3.606065e-01,3.023143e-01,2.597934e-01,6.245502e-01,7.158432e-01,7.670691e-01,7.929510e-01,8.056035e-01,8.594148e-01,8.682237e-01
1.035000e-03,6.973218e+00,6.861466e+00,1.410278e+00,7.474405e-01,5.624344e-01,4.411677e-01,3.606035e-01,3.022965e-01,2.597981e-01,6.236138e-01,7.154940e-01,7.671251e-01,7.928850e-01,8.052823e-01,8.593315e-01,8.682473e-01
1.037500e-03,6.975642e+00,6.862960e+00,1.399805e+00,7.474020e-01,5.624380e-01,4.411990e-01,3.606097e-01,3.022799e-01,2.597968e-01,6.226529e-01,7.152253e-01,7.671479e-01,7.928629e-01,8.049867e-01,8.591555e-01,8.683197e-01
1.040000e-03,6.978071e+00,6.864553e+00,1.388346e+00,7.473648e-01,5.624285e-01,4.412267e-01,3.606246e-01,3.022669e-01,2.597906e-01,6.216929e-01,7.150540e-01,7.671411e-01,7.928961e-01,8.047311e-01,8.589285e-01,8.684122e-01
1.042500e-03,6.980499e+00,6.866258e+00,1.376027e+00,7.473357e-01,5.624080e-01,4.412469e-01,3.606465e-01,3.022593e-01,2.597815e-01,6.208409e-01,7.149496e-01,7.671087e-01,7.929823e-01,8.045169e-01,8.586993e-01,8.684993e-01
1.045000e-03,6.983684e+00,6.868059e+00,1.362906e+00,7.473199e-01,5.623799e-01,4.412571e-01,3.606722e-01,3.022587e-01,2.597716e-01,6.201209e-01,7.148841e-01,7.670602e-01,7.931040e-01,8.043351e-01,8.585108e-01,8.685684e-01
1.047500e-03,6.987476e+00,6.870015e+00,1.348319e+00,7.473207e-01,5.623485e-01,4.412564e-01,3.606976e-01,3.022656e-01,2.597628e-01,6.193334e-01,7.148752e-01,7.670079e-01,7.932312e-01,8.041734e-01,8.583899e-01,8.686090e-01
1.050000e-03,6.991109e+00,6.872203e+00,1.331898e+00,7.473374e-01,5.623185e-01,4.412457e-01,3.607189e-01,3.022795e-01,2.597573e-01,6.185175e-01,7.149222e-01,7.669639e-01,7.933299e-01,8.040215e-01,8.583431e-01,8.686318e-01
1.052500e-03,6.994657e+00,6.874616e+00,1.314252e+00,7.473664e-01,5.622944e-01,4.412271e-01,3.607328e-01,3.022987e-01,2.597567e-01,6.177814e-01,7.150160e-01,7.669510e-01,7.933700e-01,8.038711e-01,8.583536e-01,8.686475e-01
1.055000e-03,6.998045e+00,6.877287e+00,1.295419e+00,7.474016e-01,5.622806e-01,4.412034e-01,3.607378e-01,3.023204e-01,2.597619e-01,6.170991e-01,7.151360e-01,7.669929e-01,7.933304e-01,8.037091e-01,8.583862e-01,8.686711e-01
1.057500e-03,7.001242e+00,6.880236e+00,1.275700e+00,7.474363e-01,5.622791e-01,4.411778e-01,3.607338e-01,3.023410e-01,2.597733e-01,6.164219e-01,7.152345e-01,7.670831e-01,7.932006e-01,8.035170e-01,8.583995e-01,8.687086e-01
1.060000e-03,7.004395e+00,6.884259e+00,1.278130e+00,7.474644e-01,5.622899e-01,4.411539e-01,3.607219e-01,3.023573e-01,2.597904e-01,6.158410e-01,7.153131e-01,7.671920e-01,7.929813e-01,8.032819e-01,8.583590e-01,8.687642e-01
1.062500e-03,7.007341e+00,6.888531e+00,1.294781e+00,7.474812e-01,5.623102e-01,4.411352e-01,3.607041e-01,3.023669e-01,2.598114e-01,6.151996e-01,7.153981e-01,7.672989e-01,7.926842e-01,8.030082e-01,8.582410e-01,8.688152e-01
1.065000e-03,7.010157e+00,6.892413e+00,1.310794e+00,7.474838e-01,5.623357e-01,4.411248e-01,3.606829e-01,3.023688e-01,2.598339e-01,6.146831e-01,7.154890e-01,7.673945e-01,7.923322e-01,8.027154e-01,8.580312e-01,8.688449e-01
1.067500e-03,7.012894e+00,6.895864e+00,1.325400e+00,7.474715e-01,5.623613e-01,4.411243e-01,3.606611e-01,3.023632e-01,2.598554e-01,6.143756e-01,7.155487e-01,7.674585e-01,7.919595e-01,8.024233e-01,8.577278e-01,8.688154e-01
1.070000e-03,7.015586e+00,6.898973e+00,1.339174e+00,7.474453e-01,5.623824e-01,4.411333e-01,3.606415e-01,3.023515e-01,2.598723e-01,6.137943e-01,7.155783e-01,7.674613e-01,7.916050e-01,8.021378e-01,8.573455e-01,8.686936e-01
1.072500e-03,7.018029e+00,6.901939e+00,1.352372e+00,7.474082e-01,5.623955e-01,4.411496e-01,3.606272e-01,3.023353e-01,2.598829e-01,6.134570e-01,7.155866e-01,7.673879e-01,7.913005e-01,8.018458e-01,8.569091e-01,8.684706e-01
1.075000e-03,7.020545e+00,6.904572e+00,1.364435e+00,7.473656e-01,5.623990e-01,4.411698e-01,3.606203e-01,3.023168e-01,2.598864e-01,6.133053e-01,7.155821e-01,7.672432e-01,7.910610e-01,8.015183e-01,8.564412e-01,8.681886e-01
1.077500e-03,7.022934e+00,6.907055e+00,1.375689e+00,7.473243e-01,5.623921e-01,4.411898e-01,3.606218e-01,3.022984e-01,2.598833e-01,6.130100e-01,7.155789e-01,7.670440e-01,7.908824e-01,8.011218e-01,8.559519e-01,8.678641e-01
1.080000e-03,7.025237e+00,6.909416e+00,1.385080e+00,7.472912e-01,5.623759e-01,4.412060e-01,3.606312e-01,3.022825e-01,2.598745e-01,6.128661e-01,7.155478e-01,7.668062e-01,7.907453e-01,8.006287e-01,8.554362e-01,8.675228e-01
1.082500e-03,7.027379e+00,6.911642e+00,1.393310e+00,7.472722e-01,5.623525e-01,4.412160e-01,3.606462e-01,3.022715e-01,2.598621e-01,6.126512e-01,7.155233e-01,7.665434e-01,7.906234e-01,8.000241e-01,8.548743e-01,8.671948e-01
1.085000e-03,7.029375e+00,6.913803e+00,1.400480e+00,7.472705e-01,5.623257e-01,4.412185e-01,3.606639e-01,3.022671e-01,2.598478e-01,6.124856e-01,7.155422e-01,7.662752e-01,7.904921e-01,7.993139e-01,8.542372e-01,8.668801e-01
1.087500e-03,7.031459e+00,6.915783e+00,1.405844e+00,7.472865e-01,5.622998e-01,4.412134e-01,3.606808e-01,3.022699e-01,2.598338e-01,6.123977e-01,7.154798e-01,7.660167e-01,7.903283e-01,7.985325e-01,8.534981e-01,8.665716e-01
1.090000e-03,7.033540e+00,6.917670e+00,1.409715e+00,7.473178e-01,5.622795e-01,4.412015e-01,3.606939e-01,3.022792e-01,2.598221e-01,6.120013e-01,7.152548e-01,7.657670e-01,7.901078e-01,7.977421e-01,8.526491e-01,8.662577e-01
1.092500e-03,7.035487e+00,6.919464e+00,1.411630e+00,7.473592e-01,5.622686e-01,4.411846e-01,3.607015e-01,3.022930e-01,2.598147e-01,6.117568e-01,7.149367e-01,7.655285e-01,7.898111e-01,7.970114e-01,8.517163e-01,8.658918e-01
1.095000e-03,7.037375e+00,6.921156e+00,1.412395e+00,7.474048e-01,5.622695e-01,4.411656e-01,3.607028e-01,3.023086e-01,2.598130e-01,6.114589e-01,7.145947e-01,7.653088e-01,7.894361e-01,7.963825e-01,8.507641e-01,8.654399e-01
1.097500e-03,7.039171e+00,6.922782e+00,1.412089e+00,7.474485e-01,5.622824e-01,4.411475e-01,3.606979e-01,3.023230e-01,2.598174e-01,6.110126e-01,7.142685e-01,7.651000e-01,7.890034e-01,7.958513e-01,8.498772e-01,8.648896e-01
1.100000e-03,7.040967e+00,6.924307e+00,1.409859e+00,7.474848e-01,5.623054e-01,4.411338e-01,3.606876e-01,3.023338e-01,2.598271e-01,6.105230e-01,7.139534e-01,7.648917e-01,7.885446e-01,7.953759e-01,8.491200e-01,8.642199e-01
1.102500e-03,7.042779e+00,6.925736e+00,1.406226e+00,7.475092e-01,5.623347e-01,4.411273e-01,3.606737e-01,3.023398e-01,2.598402e-01,6.101567e-01,7.136675e-01,7.646853e-01,7.880805e-01,7.949083e-01,8.484950e-01,8.634431e-01
1.105000e-03,7.044475e+00,6.927149e+00,1.401620e+00,7.475183e-01,5.623661e-01,4.411297e-01,3.606583e-01,3.023403e-01,2.598543e-01,6.096327e-01,7.134275e-01,7.644677e-01,7.876161e-01,7.944304e-01,8.479409e-01,8.626439e-01
1.107500e-03,7.046139e+00,6.928519e+00,1.395708e+00,7.475110e-01,5.623949e-01,4.411409e-01,3.606443e-01,3.023357e-01,2.598667e-01,6.090468e-01,7.131090e-01,7.641952e-01,7.871529e-01,7.939666e-01,8.473797e-01,8.619003e-01
1.110000e-03,7.047740e+00,6.929859e+00,1.388734e+00,7.474884e-01,5.624173e-01,4.411592e-01,3.606343e-01,3.023267e-01,2.598758e-01,6.084295e-01,7.126424e-01,7.638166e-01,7.866996e-01,7.935631e-01,8.467679e-01,8.612731e-01
1.112500e-03,7.049554e+00,6.931159e+00,1.381549e+00,7.474540e-01,5.624301e-01,4.411817e-01,3.606304e-01,3.023148e-01,2.598805e-01,6.078037e-01,7.121711e-01,7.633059e-01,7.862714e-01,7.932525e-01,8.461228e-01,8.607642e-01
1.115000e-03,7.051873e+00,6.932447e+00,1.374028e+00,7.474129e-01,5.624314e-01,4.412049e-01,3.606337e-01,3.023020e-01,2.598803e-01,6.072579e-01,7.118137e-01,7.626690e-01,7.858866e-01,7.930294e-01,8.455068e-01,8.603454e-01
1.117500e-03,7.054199e+00,6.933715e+00,1.366034e+00,7.473714e-01,5.624211e-01,4.412251e-01,3.606441e-01,3.022905e-01,2.598756e-01,6.066001e-01,7.114828e-01,7.619442e-01,7.855633e-01,7.928540e-01,8.449821e-01,8.599814e-01
1.120000e-03,7.056484e+00,6.935007e+00,1.357553e+00,7.473357e-01,5.624004e-01,4.412395e-01,3.606597e-01,3.022826e-01,2.598671e-01,6.058269e-01,7.110609e-01,7.612084e-01,7.853086e-01,7.926805e-01,8.445792e-01,8.596570e-01
1.122500e-03,7.058634e+00,6.936355e+00,1.348973e+00,7.473110e-01,5.623722e-01,4.412461e-01,3.606782e-01,3.022800e-01,2.598562e-01,6.051654e-01,7.105547e-01,7.605387e-01,7.851074e-01,7.924913e-01,8.442909e-01,8.593849e-01
1.125000e-03,7.060703e+00,6.937754e+00,1.340087e+00,7.473003e-01,5.623405e-01,4.412437e-01,3.606963e-01,3.022835e-01,2.598447e-01,6.044408e-01,7.100428e-01,7.599502e-01,7.849240e-01,7.923093e-01,8.440797e-01,8.591817e-01
1.127500e-03,7.062718e+00,6.939224e+00,1.330527e+00,7.473046e-01,5.623098e-01,4.412327e-01,3.607113e-01,3.022927e-01,2.598346e-01,6.036841e-01,7.095349e-01,7.594113e-01,7.847183e-01,7.921762e-01,8.439101e-01,8.590484e-01
1.130000e-03,7.064669e+00,6.940763e+00,1.320505e+00,7.473220e-01,5.622844e-01,4.412144e-01,3.607209e-01,3.023061e-01,2.598277e-01,6.029676e-01,7.089982e-01,7.589085e-01,7.844595e-01,7.921202e-01,8.437785e-01,8.589637e-01
1.132500e-03,7.066557e+00,6.942374e+00,1.310012e+00,7.473487e-01,5.622680e-01,4.411912e-01,3.607236e-01,3.023213e-01,2.598256e-01,6.022223e-01,7.084230e-01,7.584568e-01,7.841352e-01,7.921465e-01,8.437041e-01,8.589125e-01
1.135000e-03,7.068404e+00,6.944117e+00,1.298273e+00,7.473800e-01,5.622631e-01,4.411662e-01,3.607191e-01,3.023358e-01,2.598288e-01,6.014796e-01,7.078091e-01,7.580535e-01,7.837583e-01,7.922507e-01,8.436893e-01,8.588671e-01
1.137500e-03,7.070324e+00,6.945919e+00,1.286219e+00,7.474111e-01,5.622697e-01,4.411430e-01,3.607077e-01,3.023472e-01,2.598367e-01,6.007521e-01,7.071319e-01,7.576694e-01,7.833647e-01,7.924340e-01,8.437009e-01,8.588240e-01
1.140000e-03,7.072250e+00,6.947844e+00,1.273616e+00,7.474370e-01,5.622863e-01,4.411248e-01,3.606910e-01,3.023538e-01,2.598479e-01,6.000332e-01,7.063866e-01,7.572836e-01,7.829972e-01,7.927021e-01,8.436941e-01,8.588078e-01
1.142500e-03,7.074163e+00,6.950546e+00,1.280139e+00,7.474531e-01,5.623099e-01,4.411143e-01,3.606711e-01,3.023546e-01,2.598604e-01,5.993418e-01,7.055993e-01,7.568903e-01,7.826877e-01,7.930511e-01,8.436430e-01,8.588293e-01
1.145000e-03,7.076075e+00,6.953254e+00,1.290424e+00,7.474574e-01,5.623365e-01,4.411131e-01,3.606507e-01,3.023493e-01,2.598719e-01,5.986843e-01,7.047798e-01,7.564824e-01,7.824559e-01,7.934526e-01,8.435540e-01,8.588720e-01
1.147500e-03,7.077967e+00,6.955893e+00,1.300525e+00,7.474486e-01,5.623619e-01,4.411210e-01,3.606327e-01,3.023387e-01,2.598804e-01,5.980751e-01,7.039493e-01,7.560557e-01,7.823192e-01,7.938531e-01,8.434505e-01,8.589008e-01
1.150000e-03,7.079871e+00,6.958317e+00,1.310355e+00,7.474282e-01,5.623825e-01,4.411365e-01,3.606197e-01,3.023241e-01,2.598845e-01,5.974103e-01,7.031466e-01,7.556153e-01,7.822921e-01,7.941844e-01,8.433479e-01,8.588661e-01
1.152500e-03,7.081756e+00,6.960667e+00,1.320256e+00,7.474000e-01,5.623956e-01,4.411569e-01,3.606136e-01,3.023073e-01,2.598836e-01,5.966903e-01,7.023997e-01,7.551655e-01,7.823745e-01,7.943785e-01,8.432302e-01,8.587640e-01
1.155000e-03,7.083712e+00,6.962895e+00,1.329392e+00,7.473695e-01,5.623995e-01,4.411788e-01,3.606155e-01,3.022907e-01,2.598776e-01,5.960527e-01,7.016812e-01,7.547043e-01,7.825440e-01,7.943819e-01,8.430562e-01,8.586166e-01
1.157500e-03,7.085686e+00,6.965051e+00,1.338119e+00,7.473426e-01,5.623935e-01,4.411988e-01,3.606248e-01,3.022765e-01,2.598672e-01,5.954288e-01,7.009416e-01,7.542368e-01,7.827575e-01,7.941650e-01,8.427768e-01,8.584511e-01
1.160000e-03,7.087718e+00,6.967091e+00,1.345952e+00,7.473248e-01,5.623790e-01,4.412146e-01,3.606400e-01,3.022671e-01,2.598537e-01,5.946938e-01,7.001917e-01,7.537793e-01,7.829608e-01,7.937170e-01,8.423521e-01,8.582780e-01
1.162500e-03,7.089868e+00,6.969011e+00,1.353374e+00,7.473193e-01,5.623587e-01,4.412241e-01,3.606583e-01,3.022639e-01,2.598388e-01,5.939110e-01,6.994972e-01,7.533442e-01,7.830979e-01,7.930325e-01,8.417706e-01,8.580790e-01
1.165000e-03,7.092077e+00,6.970842e+00,1.360395e+00,7.473274e-01,5.623363e-01,4.412263e-01,3.606770e-01,3.022675e-01,2.598245e-01,5.932586e-01,6.989110e-01,7.529352e-01,7.831177e-01,7.921136e-01,8.410545e-01,8.578335e-01
1.167500e-03,7.094202e+00,6.972676e+00,1.367297e+00,7.473477e-01,5.623161e-01,4.412210e-01,3.606934e-01,3.022770e-01,2.598129e-01,5.925799e-01,6.983861e-01,7.525634e-01,7.829785e-01,7.909866e-01,8.402442e-01,8.575137e-01
1.170000e-03,7.096382e+00,6.974461e+00,1.372937e+00,7.473769e-01,5.623018e-01,4.412092e-01,3.607054e-01,3.022909e-01,2.598057e-01,5.917741e-01,6.978264e-01,7.522478e-01,7.826524e-01,7.897019e-01,8.393778e-01,8.571143e-01
1.172500e-03,7.098488e+00,6.976212e+00,1.377876e+00,7.474105e-01,5.622964e-01,4.411929e-01,3.607117e-01,3.023070e-01,2.598042e-01,5.909741e-01,6.972025e-01,7.520008e-01,7.821314e-01,7.883121e-01,8.384883e-01,8.566621e-01
1.175000e-03,7.100640e+00,6.977904e+00,1.381822e+00,7.474438e-01,5.623004e-01,4.411753e-01,3.607118e-01,3.023226e-01,2.598083e-01,5.901767e-01,6.965897e-01,7.518141e-01,7.814303e-01,7.868521e-01,8.376013e-01,8.562082e-01
1.177500e-03,7.102773e+00,6.979603e+00,1.385074e+00,7.474720e-01,5.623130e-01,4.411595e-01,3.607057e-01,3.023358e-01,2.598174e-01,5.894036e-01,6.960624e-01,7.516557e-01,7.805787e-01,7.853520e-01,8.367165e-01,8.558152e-01
1.180000e-03,7.104992e+00,6.981249e+00,1.387685e+00,7.474898e-01,5.623317e-01,4.411485e-01,3.606944e-01,3.023449e-01,2.598300e-01,5.884736e-01,6.956028e-01,7.514941e-01,7.796083e-01,7.838612e-01,8.358051e-01,8.555542e-01
1.182500e-03,7.107356e+00,6.982839e+00,1.388666e+00,7.474946e-01,5.623535e-01,4.411444e-01,3.606800e-01,3.023490e-01,2.598438e-01,5.876046e-01,6.951942e-01,7.513084e-01,7.785487e-01,7.824448e-01,8.348505e-01,8.554927e-01
1.185000e-03,7.109577e+00,6.984507e+00,1.388600e+00,7.474850e-01,5.623749e-01,4.411475e-01,3.606648e-01,3.023478e-01,2.598569e-01,5.868962e-01,6.948625e-01,7.510683e-01,7.774355e-01,7.811490e-01,8.338882e-01,8.556706e-01
1.187500e-03,7.111800e+00,6.986161e+00,1.387407e+00,7.474617e-01,5.623920e-01,4.411568e-01,3.606518e-01,3.023415e-01,2.598673e-01,5.860254e-01,6.945970e-01,7.507365e-01,7.763185e-01,7.799611e-01,8.329773e-01,8.560654e-01
1.190000e-03,7.113986e+00,6.987806e+00,1.386033e+00,7.474283e-01,5.624024e-01,4.411708e-01,3.606433e-01,3.023310e-01,2.598740e-01,5.851651e-01,6.943622e-01,7.502903e-01,7.752520e-01,7.788009e-01,8.321382e-01,8.566245e-01
1.192500e-03,7.116151e+00,6.989486e+00,1.382261e+00,7.473898e-01,5.624039e-01,4.411866e-01,3.606406e-01,3.023182e-01,2.598763e-01,5.843099e-01,6.941906e-01,7.497241e-01,7.742717e-01,7.775659e-01,8.313302e-01,8.573031e-01
1.195000e-03,7.119514e+00,6.991140e+00,1.377292e+00,7.473521e-01,5.623958e-01,4.412016e-01,3.606440e-01,3.023051e-01,2.598738e-01,5.835213e-01,6.941560e-01,7.490421e-01,7.733801e-01,7.762114e-01,8.304722e-01,8.581068e-01
1.197500e-03,7.122962e+00,6.992775e+00,1.370871e+00,7.473205e-01,5.623789e-01,4.412132e-01,3.606525e-01,3.022942e-01,2.598669e-01,5.827951e-01,6.941524e-01,7.482523e-01,7.725543e-01,7.748025e-01,8.294787e-01,8.590497e-01
1.200000e-03,7.126316e+00,6.994486e+00,1.362351e+00,7.472995e-01,5.623556e-01,4.412196e-01,3.606642e-01,3.022874e-01,2.598565e-01,5.819513e-01,6.940212e-01,7.473809e-01,7.717672e-01,7.735087e-01,8.283153e-01,8.600534e-01
1.202500e-03,7.129633e+00,6.996211e+00,1.352961e+00,7.472909e-01,5.623295e-01,4.412194e-01,3.606770e-01,3.022858e-01,2.598443e-01,5.811323e-01,6.938017e-01,7.464743e-01,7.710031e-01,7.725561e-01,8.270556e-01,8.610104e-01
1.205000e-03,7.132848e+00,6.997970e+00,1.342741e+00,7.472957e-01,5.623047e-01,4.412123e-01,3.606886e-01,3.022892e-01,2.598323e-01,5.802871e-01,6.936369e-01,7.455665e-01,7.702649e-01,7.721406e-01,8.258989e-01,8.617958e-01
1.207500e-03,7.135996e+00,6.999772e+00,1.331685e+00,7.473134e-01,5.622852e-01,4.411990e-01,3.606973e-01,3.022969e-01,2.598227e-01,5.795207e-01,6.935543e-01,7.446633e-01,7.695723e-01,7.723292e-01,8.251224e-01,8.623268e-01
1.210000e-03,7.139155e+00,7.001589e+00,1.320542e+00,7.473410e-01,5.622734e-01,4.411814e-01,3.607016e-01,3.023069e-01,2.598170e-01,5.787276e-01,6.933818e-01,7.437783e-01,7.689567e-01,7.730192e-01,8.249499e-01,8.625668e-01
1.212500e-03,7.142179e+00,7.003516e+00,1.308176e+00,7.473744e-01,5.622712e-01,4.411623e-01,3.607003e-01,3.023176e-01,2.598158e-01,5.779052e-01,6.929953e-01,7.429418e-01,7.684538e-01,7.739940e-01,8.253803e-01,8.625485e-01
1.215000e-03,7.144951e+00,7.005591e+00,1.294491e+00,7.474088e-01,5.622788e-01,4.411448e-01,3.606935e-01,3.023272e-01,2.598189e-01,5.771252e-01,6.924595e-01,7.421523e-01,7.680932e-01,7.750301e-01,8.261354e-01,8.623714e-01
1.217500e-03,7.147587e+00,7.007784e+00,1.280227e+00,7.474398e-01,5.622950e-01,4.411316e-01,3.606819e-01,3.023341e-01,2.598255e-01,5.764105e-01,6.918732e-01,7.413585e-01,7.678847e-01,7.759832e-01,8.268160e-01,8.621919e-01
1.220000e-03,7.149974e+00,7.010124e+00,1.265455e+00,7.474623e-01,5.623176e-01,4.411250e-01,3.606675e-01,3.023371e-01,2.598341e-01,5.757163e-01,6.912555e-01,7.405193e-01,7.678108e-01,7.768118e-01,8.271315e-01,8.620631e-01
1.222500e-03,7.152132e+00,7.012660e+00,1.249858e+00,7.474743e-01,5.623434e-01,4.411260e-01,3.606524e-01,3.023356e-01,2.598432e-01,5.750151e-01,6.905902e-01,7.396500e-01,7.678340e-01,7.775382e-01,8.270144e-01,8.618057e-01
1.225000e-03,7.154277e+00,7.015359e+00,1.236205e+00,7.474735e-01,5.623689e-01,4.411343e-01,3.606391e-01,3.023295e-01,2.598512e-01,5.743358e-01,6.898326e-01,7.387913e-01,7.679187e-01,7.781944e-01,8.265707e-01,8.611201e-01
1.227500e-03,7.156289e+00,7.019131e+00,1.250271e+00,7.474602e-01,5.623903e-01,4.411488e-01,3.606300e-01,3.023197e-01,2.598567e-01,5.736122e-01,6.889580e-01,7.379695e-01,7.680481e-01,7.787872e-01,8.259591e-01,8.598030e-01
1.230000e-03,7.158275e+00,7.022608e+00,1.264264e+00,7.474376e-01,5.624051e-01,4.411674e-01,3.606266e-01,3.023076e-01,2.598587e-01,5.729989e-01,6.879968e-01,7.371998e-01,7.682232e-01,7.792894e-01,8.253045e-01,8.578848e-01
1.232500e-03,7.160205e+00,7.025697e+00,1.276827e+00,7.474102e-01,5.624110e-01,4.411878e-01,3.606294e-01,3.022954e-01,2.598569e-01,5.722745e-01,6.869709e-01,7.365133e-01,7.684455e-01,7.796517e-01,8.246761e-01,8.555655e-01
1.235000e-03,7.162163e+00,7.028493e+00,1.288394e+00,7.473825e-01,5.624070e-01,4.412069e-01,3.606380e-01,3.022850e-01,2.598512e-01,5.714757e-01,6.859231e-01,7.359472e-01,7.687016e-01,7.798364e-01,8.240967e-01,8.530688e-01
1.237500e-03,7.164220e+00,7.031039e+00,1.298848e+00,7.473595e-01,5.623944e-01,4.412224e-01,3.606514e-01,3.022785e-01,2.598426e-01,5.707466e-01,6.849000e-01,7.355115e-01,7.689638e-01,7.798503e-01,8.235655e-01,8.505626e-01
1.240000e-03,7.166183e+00,7.033423e+00,1.308714e+00,7.473445e-01,5.623753e-01,4.412318e-01,3.606677e-01,3.022768e-01,2.598323e-01,5.698505e-01,6.838660e-01,7.351833e-01,7.692037e-01,7.797551e-01,8.230994e-01,8.481607e-01
1.242500e-03,7.168294e+00,7.035625e+00,1.317267e+00,7.473396e-01,5.623526e-01,4.412340e-01,3.606845e-01,3.022802e-01,2.598222e-01,5.688297e-01,6.827558e-01,7.349449e-01,7.694052e-01,7.796447e-01,8.227718e-01,8.459495e-01
1.245000e-03,7.170631e+00,7.037676e+00,1.324699e+00,7.473448e-01,5.623302e-01,4.412289e-01,3.606995e-01,3.022884e-01,2.598139e-01,5.679267e-01,6.816388e-01,7.348100e-01,7.695643e-01,7.796048e-01,8.226990e-01,8.440003e-01
1.247500e-03,7.172965e+00,7.039617e+00,1.331507e+00,7.473593e-01,5.623116e-01,4.412171e-01,3.607105e-01,3.023003e-01,2.598090e-01,5.668870e-01,6.806381e-01,7.347909e-01,7.696858e-01,7.796849e-01,8.229718e-01,8.423875e-01
1.250000e-03,7.175368e+00,7.041532e+00,1.336880e+00,7.473806e-01,5.622994e-01,4.412005e-01,3.607161e-01,3.023141e-01,2.598084e-01,5.657368e-01,6.796952e-01,7.348537e-01,7.697850e-01,7.798964e-01,8.235918e-01,8.411910e-01
1.252500e-03,7.177688e+00,7.043417e+00,1.341287e+00,7.474047e-01,5.622952e-01,4.411818e-01,3.607156e-01,3.023278e-01,2.598122e-01,5.645363e-01,6.786939e-01,7.349422e-01,7.698882e-01,7.802195e-01,8.244737e-01,8.405196e-01
1.255000e-03,7.180168e+00,7.045236e+00,1.344505e+00,7.474282e-01,5.622994e-01,4.411638e-01,3.607091e-01,3.023394e-01,2.598200e-01,5.632587e-01,6.777271e-01,7.350525e-01,7.700269e-01,7.806072e-01,8.254919e-01,8.404557e-01
1.257500e-03,7.182645e+00,7.047096e+00,1.346720e+00,7.474458e-01,5.623105e-01,4.411492e-01,3.606975e-01,3.023473e-01,2.598306e-01,5.619188e-01,6.769519e-01,7.352100e-01,7.702327e-01,7.809937e-01,8.265040e-01,8.409666e-01
1.260000e-03,7.186065e+00,7.048909e+00,1.347372e+00,7.474544e-01,5.623267e-01,4.411403e-01,3.606824e-01,3.023507e-01,2.598423e-01,5.604810e-01,6.763508e-01,7.353934e-01,7.705319e-01,7.813118e-01,8.273478e-01,8.418950e-01
1.262500e-03,7.190282e+00,7.050746e+00,1.346606e+00,7.474515e-01,5.623449e-01,4.411382e-01,3.606662e-01,3.023488e-01,2.598535e-01,5.592011e-01,6.758554e-01,7.355738e-01,7.709369e-01,7.815126e-01,8.278533e-01,8.430539e-01
1.265000e-03,7.194400e+00,7.052657e+00,1.344223e+00,7.474375e-01,5.623622e-01,4.411425e-01,3.606513e-01,3.023421e-01,2.598626e-01,5.577683e-01,6.754473e-01,7.357699e-01,7.714366e-01,7.815799e-01,8.278911e-01,8.442731e-01
1.267500e-03,7.198634e+00,7.054592e+00,1.340624e+00,7.474145e-01,5.623756e-01,4.411521e-01,3.606401e-01,3.023313e-01,2.598684e-01,5.563291e-01,6.751131e-01,7.359914e-01,7.720007e-01,7.815356e-01,8.274216e-01,8.454001e-01
1.270000e-03,7.202812e+00,7.056592e+00,1.335610e+00,7.473863e-01,5.623828e-01,4.411651e-01,3.606343e-01,3.023179e-01,2.598699e-01,5.549285e-01,6.749158e-01,7.362040e-01,7.725939e-01,7.814328e-01,8.265194e-01,8.462700e-01
1.272500e-03,7.207085e+00,7.058644e+00,1.328000e+00,7.473582e-01,5.623822e-01,4.411793e-01,3.606342e-01,3.023041e-01,2.598670e-01,5.535679e-01,6.749384e-01,7.363858e-01,7.731823e-01,7.813326e-01,8.253646e-01,8.467244e-01
1.275000e-03,7.211484e+00,7.060715e+00,1.318716e+00,7.473345e-01,5.623738e-01,4.411927e-01,3.606395e-01,3.022920e-01,2.598599e-01,5.521830e-01,6.750165e-01,7.365466e-01,7.737335e-01,7.812721e-01,8.242015e-01,8.466505e-01
1.277500e-03,7.215743e+00,7.062947e+00,1.306804e+00,7.473187e-01,5.623591e-01,4.412030e-01,3.606488e-01,3.022836e-01,2.598495e-01,5.507857e-01,6.749892e-01,7.367094e-01,7.742181e-01,7.812441e-01,8.232639e-01,8.460361e-01
1.280000e-03,7.219844e+00,7.065306e+00,1.293169e+00,7.473133e-01,5.623410e-01,4.412084e-01,3.606604e-01,3.022799e-01,2.598374e-01,5.495108e-01,6.749726e-01,7.369079e-01,7.746176e-01,7.812031e-01,8.226868e-01,8.449814e-01
1.282500e-03,7.223743e+00,7.067809e+00,1.278190e+00,7.473200e-01,5.623227e-01,4.412079e-01,3.606726e-01,3.022811e-01,2.598253e-01,5.482694e-01,6.751699e-01,7.371691e-01,7.749252e-01,7.810915e-01,8.224586e-01,8.436920e-01
1.285000e-03,7.227720e+00,7.070398e+00,1.262535e+00,7.473364e-01,5.623073e-01,4.412016e-01,3.606836e-01,3.022866e-01,2.598152e-01,5.471180e-01,6.755041e-01,7.374934e-01,7.751344e-01,7.808707e-01,8.224496e-01,8.424120e-01
1.287500e-03,7.231379e+00,7.073258e+00,1.244696e+00,7.473623e-01,5.622978e-01,4.411908e-01,3.606916e-01,3.022952e-01,2.598086e-01,5.458564e-01,6.757562e-01,7.378731e-01,7.752303e-01,7.805409e-01,8.224937e-01,8.413564e-01
1.290000e-03,7.234790e+00,7.076358e+00,1.225368e+00,7.473935e-01,5.622957e-01,4.411774e-01,3.606955e-01,3.023054e-01,2.598062e-01,5.447335e-01,6.758958e-01,7.383036e-01,7.751972e-01,7.801375e-01,8.224648e-01,8.406346e-01
1.292500e-03,7.237753e+00,7.079845e+00,1.204099e+00,7.474252e-01,5.623008e-01,4.411641e-01,3.606943e-01,3.023158e-01,2.598081e-01,5.437515e-01,6.760450e-01,7.387659e-01,7.750314e-01,7.797039e-01,8.223171e-01,8.402589e-01
1.295000e-03,7.240539e+00,7.084206e+00,1.195007e+00,7.474533e-01,5.623133e-01,4.411535e-01,3.606885e-01,3.023250e-01,2.598136e-01,5.429490e-01,6.763179e-01,7.392129e-01,7.747477e-01,7.792629e-01,8.220756e-01,8.401505e-01
1.297500e-03,7.243007e+00,7.089411e+00,1.214379e+00,7.474731e-01,5.623311e-01,4.411473e-01,3.606791e-01,3.023315e-01,2.598215e-01,5.421486e-01,6.766604e-01,7.395901e-01,7.743750e-01,7.788126e-01,8.217860e-01,8.401890e-01
1.300000e-03,7.245128e+00,7.094000e+00,1.233702e+00,7.474817e-01,5.623517e-01,4.411465e-01,3.606680e-01,3.023342e-01,2.598308e-01,5.413295e-01,6.769531e-01,7.398827e-01,7.739427e-01,7.783454e-01,8.214767e-01,8.402740e-01
1.302500e-03,7.247105e+00,7.097897e+00,1.250397e+00,7.474781e-01,5.623722e-01,4.411516e-01,3.606574e-01,3.023328e-01,2.598400e-01,5.406867e-01,6.771944e-01,7.401120e-01,7.734753e-01,7.778773e-01,8.211746e-01,8.403602e-01
1.305000e-03,7.249000e+00,7.101404e+00,1.266476e+00,7.474634e-01,5.623895e-01,4.411615e-01,3.606493e-01,3.023274e-01,2.598479e-01,5.401505e-01,6.774458e-01,7.402905e-01,7.730018e-01,7.774575e-01,8.209350e-01,8.404519e-01
1.307500e-03,7.250534e+00,7.104521e+00,1.281323e+00,7.474400e-01,5.624007e-01,4.411750e-01,3.606451e-01,3.023191e-01,2.598532e-01,5.396079e-01,6.777267e-01,7.404151e-01,7.725543e-01,7.771413e-01,8.208525e-01,8.405585e-01
1.310000e-03,7.252452e+00,7.107257e+00,1.294690e+00,7.474115e-01,5.624041e-01,4.411901e-01,3.606455e-01,3.023097e-01,2.598552e-01,5.391225e-01,6.781124e-01,7.404647e-01,7.721532e-01,7.769521e-01,8.210285e-01,8.406671e-01
1.312500e-03,7.254611e+00,7.109819e+00,1.306029e+00,7.473828e-01,5.623989e-01,4.412048e-01,3.606504e-01,3.023010e-01,2.598535e-01,5.386523e-01,6.785260e-01,7.404087e-01,7.718002e-01,7.768744e-01,8.214878e-01,8.408146e-01
1.315000e-03,7.256577e+00,7.112169e+00,1.315980e+00,7.473571e-01,5.623859e-01,4.412165e-01,3.606590e-01,3.022945e-01,2.598484e-01,5.382406e-01,6.788241e-01,7.402480e-01,7.714897e-01,7.768750e-01,8.221346e-01,8.411192e-01
1.317500e-03,7.258464e+00,7.114369e+00,1.324937e+00,7.473379e-01,5.623671e-01,4.412234e-01,3.606701e-01,3.022914e-01,2.598410e-01,5.378265e-01,6.789524e-01,7.400119e-01,7.712239e-01,7.769251e-01,8.228144e-01,8.416817e-01
1.320000e-03,7.260272e+00,7.116411e+00,1.332330e+00,7.473276e-01,5.623455e-01,4.412241e-01,3.606821e-01,3.022922e-01,2.598329e-01,5.374499e-01,6.789288e-01,7.397278e-01,7.710129e-01,7.770161e-01,8.233838e-01,8.425264e-01
1.322500e-03,7.262301e+00,7.118249e+00,1.337984e+00,7.473273e-01,5.623241e-01,4.412182e-01,3.606932e-01,3.022965e-01,2.598254e-01,5.370762e-01,6.789075e-01,7.394339e-01,7.708602e-01,7.771678e-01,8.237285e-01,8.435626e-01
1.325000e-03,7.264100e+00,7.120055e+00,1.342175e+00,7.473367e-01,5.623059e-01,4.412066e-01,3.607016e-01,3.023039e-01,2.598201e-01,5.366205e-01,6.789591e-01,7.391420e-01,7.707499e-01,7.774174e-01,8.237931e-01,8.446102e-01
1.327500e-03,7.265855e+00,7.121705e+00,1.345039e+00,7.473541e-01,5.622933e-01,4.411912e-01,3.607056e-01,3.023132e-01,2.598177e-01,5.362117e-01,6.789955e-01,7.388258e-01,7.706569e-01,7.777897e-01,8.236085e-01,8.454971e-01
1.330000e-03,7.267474e+00,7.123238e+00,1.347481e+00,7.473763e-01,5.622879e-01,4.411740e-01,3.607045e-01,3.023230e-01,2.598186e-01,5.358249e-01,6.789536e-01,7.384906e-01,7.705690e-01,7.782737e-01,8.232596e-01,8.460719e-01
1.332500e-03,7.268989e+00,7.124666e+00,1.348243e+00,7.473995e-01,5.622903e-01,4.411577e-01,3.606981e-01,3.023317e-01,2.598226e-01,5.354651e-01,6.788619e-01,7.381646e-01,7.704959e-01,7.788263e-01,8.228153e-01,8.461516e-01
1.335000e-03,7.270478e+00,7.125956e+00,1.348171e+00,7.474204e-01,5.622999e-01,4.411446e-01,3.606875e-01,3.023380e-01,2.598290e-01,5.350473e-01,6.786561e-01,7.378215e-01,7.704595e-01,7.793955e-01,8.222939e-01,8.456952e-01
1.337500e-03,7.272018e+00,7.127107e+00,1.347195e+00,7.474350e-01,5.623149e-01,4.411363e-01,3.606741e-01,3.023405e-01,2.598369e-01,5.345953e-01,6.782367e-01,7.373892e-01,7.704828e-01,7.799428e-01,8.216884e-01,8.447122e-01
1.340000e-03,7.273395e+00,7.128199e+00,1.345409e+00,7.474411e-01,5.623330e-01,4.411341e-01,3.606598e-01,3.023386e-01,2.598450e-01,5.341407e-01,6.777557e-01,7.368530e-01,7.705786e-01,7.804475e-01,8.210146e-01,8.433291e-01
1.342500e-03,7.274683e+00,7.129211e+00,1.343229e+00,7.474381e-01,5.623519e-01,4.411381e-01,3.606471e-01,3.023327e-01,2.598520e-01,5.336991e-01,6.774070e-01,7.362714e-01,7.707428e-01,7.809010e-01,8.203301e-01,8.416238e-01
1.345000e-03,7.275900e+00,7.130141e+00,1.340324e+00,7.474266e-01,5.623683e-01,4.411473e-01,3.606376e-01,3.023233e-01,2.598567e-01,5.332717e-01,6.770807e-01,7.357063e-01,7.709616e-01,7.812977e-01,8.197108e-01,8.396618e-01
1.347500e-03,7.277129e+00,7.130977e+00,1.337457e+00,7.474091e-01,5.623798e-01,4.411603e-01,3.606326e-01,3.023118e-01,2.598581e-01,5.327931e-01,6.765770e-01,7.352133e-01,7.712243e-01,7.816280e-01,8.192228e-01,8.375085e-01
1.350000e-03,7.278318e+00,7.131740e+00,1.334629e+00,7.473892e-01,5.623848e-01,4.411753e-01,3.606328e-01,3.023001e-01,2.598558e-01,5.323046e-01,6.759105e-01,7.348496e-01,7.715216e-01,7.818721e-01,8.189036e-01,8.352641e-01
1.352500e-03,7.279503e+00,7.132450e+00,1.331617e+00,7.473702e-01,5.623827e-01,4.411902e-01,3.606379e-01,3.022901e-01,2.598500e-01,5.318005e-01,6.752266e-01,7.346217e-01,7.718324e-01,7.819980e-01,8.187500e-01,8.330812e-01
1.355000e-03,7.280684e+00,7.133122e+00,1.328436e+00,7.473550e-01,5.623740e-01,4.412029e-01,3.606470e-01,3.022831e-01,2.598415e-01,5.312602e-01,6.746105e-01,7.344688e-01,7.721211e-01,7.819669e-01,8.187101e-01,8.310906e-01
1.357500e-03,7.281852e+00,7.133780e+00,1.324913e+00,7.473472e-01,5.623610e-01,4.412115e-01,3.606589e-01,3.022801e-01,2.598316e-01,5.307135e-01,6.740140e-01,7.343446e-01,7.723477e-01,7.817463e-01,8.186974e-01,8.294187e-01
1.360000e-03,7.283079e+00,7.134412e+00,1.321095e+00,7.473472e-01,5.623457e-01,4.412147e-01,3.606719e-01,3.022815e-01,2.598219e-01,5.301442e-01,6.733609e-01,7.342639e-01,7.724762e-01,7.813239e-01,8.186213e-01,8.281678e-01
1.362500e-03,7.284344e+00,7.135041e+00,1.317026e+00,7.473553e-01,5.623309e-01,4.412122e-01,3.606841e-01,3.022868e-01,2.598139e-01,5.295372e-01,6.726752e-01,7.342520e-01,7.724830e-01,7.807185e-01,8.184146e-01,8.273429e-01
1.365000e-03,7.285657e+00,7.135673e+00,1.312880e+00,7.473717e-01,5.623196e-01,4.412047e-01,3.606939e-01,3.022953e-01,2.598087e-01,5.288911e-01,6.720596e-01,7.343065e-01,7.723695e-01,7.799762e-01,8.180552e-01,8.269443e-01
1.367500e-03,7.286993e+00,7.136323e+00,1.308236e+00,7.473936e-01,5.623127e-01,4.411937e-01,3.607000e-01,3.023058e-01,2.598071e-01,5.282360e-01,6.715227e-01,7.344072e-01,7.721596e-01,7.791479e-01,8.175695e-01,8.269375e-01
1.370000e-03,7.288386e+00,7.136996e+00,1.303281e+00,7.474173e-01,5.623114e-01,4.411814e-01,3.607012e-01,3.023168e-01,2.598093e-01,5.275575e-01,6.709939e-01,7.345390e-01,7.718777e-01,7.782599e-01,8.170009e-01,8.272650e-01
1.372500e-03,7.289795e+00,7.137706e+00,1.298044e+00,7.474388e-01,5.623164e-01,4.411701e-01,3.606978e-01,3.023268e-01,2.598148e-01,5.268712e-01,6.704655e-01,7.346887e-01,7.715364e-01,7.773045e-01,8.163524e-01,8.278804e-01
1.375000e-03,7.291267e+00,7.138452e+00,1.292490e+00,7.474543e-01,5.623268e-01,4.411610e-01,3.606903e-01,3.023344e-01,2.598229e-01,5.261760e-01,6.699677e-01,7.348322e-01,7.711479e-01,7.762597e-01,8.155591e-01,8.287426e-01
1.377500e-03,7.292777e+00,7.139265e+00,1.286358e+00,7.474607e-01,5.623407e-01,4.411557e-01,3.606804e-01,3.023386e-01,2.598323e-01,5.254664e-01,6.695481e-01,7.349419e-01,7.707317e-01,7.751246e-01,8.145453e-01,8.298300e-01
1.380000e-03,7.294303e+00,7.140154e+00,1.279739e+00,7.474569e-01,5.623561e-01,4.411551e-01,3.606698e-01,3.023387e-01,2.598418e-01,5.247561e-01,6.692365e-01,7.350100e-01,7.703045e-01,7.739402e-01,8.133205e-01,8.310767e-01
1.382500e-03,7.295832e+00,7.141126e+00,1.272619e+00,7.474435e-01,5.623700e-01,4.411590e-01,3.606602e-01,3.023348e-01,2.598502e-01,5.240581e-01,6.690124e-01,7.350434e-01,7.698650e-01,7.727825e-01,8.120177e-01,8.323443e-01
1.385000e-03,7.297346e+00,7.142204e+00,1.264921e+00,7.474226e-01,5.623800e-01,4.411667e-01,3.606531e-01,3.023278e-01,2.598563e-01,5.233780e-01,6.688564e-01,7.350333e-01,7.693977e-01,7.717385e-01,8.108338e-01,8.334521e-01
1.387500e-03,7.298824e+00,7.143404e+00,1.256660e+00,7.473975e-01,5.623838e-01,4.411770e-01,3.606494e-01,3.023189e-01,2.598592e-01,5.227059e-01,6.687639e-01,7.349539e-01,7.688905e-01,7.708761e-01,8.099364e-01,8.343234e-01
1.390000e-03,7.300227e+00,7.144725e+00,1.247596e+00,7.473719e-01,5.623808e-01,4.411882e-01,3.606496e-01,3.023096e-01,2.598586e-01,5.220939e-01,6.687329e-01,7.347860e-01,7.683464e-01,7.702236e-01,8.093853e-01,8.350216e-01
1.392500e-03,7.301627e+00,7.146154e+00,1.238068e+00,7.473495e-01,5.623712e-01,4.411981e-01,3.606534e-01,3.023016e-01,2.598545e-01,5.215113e-01,6.687569e-01,7.345267e-01,7.677789e-01,7.697690e-01,8.091075e-01,8.357076e-01
1.395000e-03,7.303025e+00,7.147702e+00,1.228284e+00,7.473326e-01,5.623569e-01,4.412050e-01,3.606602e-01,3.022960e-01,2.598477e-01,5.209235e-01,6.688268e-01,7.341816e-01,7.672014e-01,7.694764e-01,8.089405e-01,8.365082e-01
1.397500e-03,7.304316e+00,7.149355e+00,1.218641e+00,7.473241e-01,5.623399e-01,4.412072e-01,3.606689e-01,3.022934e-01,2.598394e-01,5.203733e-01,6.689272e-01,7.337609e-01,7.666229e-01,7.693084e-01,8.087202e-01,8.374603e-01
1.400000e-03,7.305514e+00,7.151632e+00,1.221259e+00,7.473248e-01,5.623230e-01,4.412042e-01,3.606779e-01,3.022940e-01,2.598312e-01,5.198882e-01,6.690496e-01,7.332781e-01,7.660510e-01,7.692429e-01,8.083460e-01,8.384452e-01
1.402500e-03,7.306650e+00,7.154113e+00,1.230729e+00,7.473349e-01,5.623087e-01,4.411965e-01,3.606858e-01,3.022976e-01,2.598244e-01,5.194169e-01,6.691907e-01,7.327447e-01,7.654924e-01,7.692772e-01,8.078000e-01,8.392512e-01
1.405000e-03,7.307604e+00,7.156523e+00,1.240524e+00,7.473531e-01,5.622992e-01,4.411854e-01,3.606908e-01,3.023036e-01,2.598197e-01,5.190402e-01,6.693429e-01,7.321686e-01,7.649516e-01,7.694217e-01,8.071319e-01,8.396873e-01
1.407500e-03,7.308453e+00,7.158800e+00,1.250455e+00,7.473766e-01,5.622955e-01,4.411727e-01,3.606918e-01,3.023111e-01,2.598178e-01,5.187205e-01,6.694381e-01,7.315559e-01,7.644291e-01,7.696832e-01,8.064233e-01,8.396362e-01
1.410000e-03,7.309221e+00,7.160901e+00,1.260147e+00,7.474013e-01,5.622983e-01,4.411607e-01,3.606887e-01,3.023188e-01,2.598186e-01,5.184343e-01,6.694415e-01,7.309087e-01,7.639219e-01,7.700497e-01,8.057509e-01,8.390769e-01
1.412500e-03,7.309898e+00,7.162811e+00,1.269534e+00,7.474238e-01,5.623076e-01,4.411512e-01,3.606818e-01,3.023253e-01,2.598221e-01,5.181934e-01,6.693963e-01,7.302296e-01,7.634261e-01,7.704893e-01,8.051662e-01,8.380648e-01
1.415000e-03,7.310556e+00,7.164553e+00,1.278497e+00,7.474407e-01,5.623221e-01,4.411454e-01,3.606724e-01,3.023291e-01,2.598276e-01,5.179634e-01,6.693535e-01,7.295292e-01,7.629436e-01,7.709603e-01,8.047045e-01,8.367321e-01
1.417500e-03,7.311094e+00,7.166145e+00,1.287147e+00,7.474500e-01,5.623395e-01,4.411441e-01,3.606622e-01,3.023296e-01,2.598342e-01,5.177765e-01,6.693176e-01,7.288186e-01,7.624858e-01,7.714246e-01,8.044076e-01,8.351859e-01
1.420000e-03,7.311526e+00,7.167614e+00,1.295110e+00,7.474509e-01,5.623574e-01,4.411479e-01,3.606531e-01,3.023265e-01,2.598408e-01,5.176546e-01,6.692045e-01,7.281027e-01,7.620666e-01,7.718493e-01,8.043349e-01,8.335283e-01
1.422500e-03,7.312028e+00,7.168913e+00,1.302420e+00,7.474436e-01,5.623732e-01,4.411563e-01,3.606463e-01,3.023205e-01,2.598463e-01,5.175093e-01,6.689089e-01,7.273923e-01,7.616940e-01,7.721965e-01,8.045407e-01,8.318584e-01
1.425000e-03,7.312555e+00,7.170099e+00,1.309241e+00,7.474297e-01,5.623845e-01,4.411681e-01,3.606427e-01,3.023126e-01,2.598494e-01,5.173079e-01,6.684670e-01,7.267058e-01,7.613706e-01,7.724140e-01,8.050269e-01,8.302707e-01
1.427500e-03,7.313068e+00,7.171167e+00,1.315673e+00,7.474114e-01,5.623897e-01,4.411819e-01,3.606431e-01,3.023044e-01,2.598495e-01,5.170787e-01,6.679892e-01,7.260490e-01,7.610962e-01,7.724451e-01,8.057099e-01,8.288965e-01
1.430000e-03,7.313544e+00,7.172133e+00,1.321604e+00,7.473919e-01,5.623882e-01,4.411956e-01,3.606474e-01,3.022972e-01,2.598466e-01,5.168285e-01,6.675346e-01,7.254098e-01,7.608649e-01,7.722529e-01,8.064460e-01,8.278878e-01
1.432500e-03,7.313999e+00,7.173015e+00,1.327073e+00,7.473742e-01,5.623807e-01,4.412070e-01,3.606552e-01,3.022921e-01,2.598413e-01,5.165800e-01,6.670650e-01,7.247906e-01,7.606598e-01,7.718415e-01,8.071007e-01,8.273671e-01
1.435000e-03,7.314436e+00,7.173843e+00,1.331847e+00,7.473608e-01,5.623684e-01,4.412145e-01,3.606655e-01,3.022898e-01,2.598346e-01,5.163308e-01,6.665072e-01,7.242327e-01,7.604542e-01,7.712521e-01,8.076107e-01,8.273501e-01
1.437500e-03,7.315004e+00,7.174579e+00,1.335864e+00,7.473539e-01,5.623532e-01,4.412170e-01,3.606769e-01,3.022907e-01,2.598278e-01,5.160191e-01,6.658829e-01,7.237779e-01,7.602202e-01,7.705399e-01,8.079871e-01,8.277890e-01
1.440000e-03,7.315647e+00,7.175240e+00,1.339349e+00,7.473547e-01,5.623376e-01,4.412142e-01,3.606876e-01,3.022949e-01,2.598220e-01,5.156382e-01,6.652591e-01,7.234170e-01,7.599395e-01,7.697524e-01,8.082654e-01,8.286277e-01
1.442500e-03,7.316373e+00,7.175853e+00,1.342225e+00,7.473624e-01,5.623237e-01,4.412069e-01,3.606960e-01,3.023018e-01,2.598181e-01,5.151971e-01,6.646678e-01,7.231133e-01,7.596057e-01,7.689302e-01,8.084510e-01,8.297917e-01
1.445000e-03,7.317190e+00,7.176447e+00,1.344324e+00,7.473756e-01,5.623135e-01,4.411960e-01,3.607008e-01,3.023105e-01,2.598166e-01,5.146921e-01,6.640816e-01,7.228525e-01,7.592183e-01,7.681188e-01,8.085183e-01,8.312350e-01
1.447500e-03,7.318132e+00,7.177014e+00,1.345836e+00,7.473925e-01,5.623086e-01,4.411834e-01,3.607013e-01,3.023199e-01,2.598179e-01,5.141108e-01,6.634550e-01,7.226430e-01,7.587814e-01,7.673752e-01,8.084562e-01,8.329369e-01
1.450000e-03,7.319170e+00,7.177571e+00,1.346915e+00,7.474095e-01,5.623091e-01,4.411709e-01,3.606974e-01,3.023285e-01,2.598220e-01,5.134563e-01,6.628018e-01,7.224886e-01,7.583110e-01,7.667576e-01,8.083100e-01,8.348219e-01
1.452500e-03,7.320381e+00,7.178141e+00,1.347584e+00,7.474236e-01,5.623151e-01,4.411603e-01,3.606900e-01,3.023348e-01,2.598283e-01,5.127493e-01,6.621975e-01,7.223713e-01,7.578398e-01,7.663055e-01,8.081683e-01,8.367349e-01
1.455000e-03,7.322112e+00,7.178735e+00,1.347797e+00,7.474319e-01,5.623254e-01,4.411530e-01,3.606801e-01,3.023379e-01,2.598359e-01,5.120123e-01,6.616650e-01,7.222675e-01,7.574083e-01,7.660273e-01,8.081001e-01,8.385046e-01
1.457500e-03,7.323975e+00,7.179368e+00,1.347691e+00,7.474333e-01,5.623384e-01,4.411497e-01,3.606692e-01,3.023373e-01,2.598439e-01,5.112292e-01,6.611882e-01,7.221673e-01,7.570475e-01,7.659075e-01,8.081159e-01,8.400262e-01
1.460000e-03,7.325958e+00,7.180041e+00,1.347170e+00,7.474273e-01,5.623516e-01,4.411509e-01,3.606591e-01,3.023332e-01,2.598508e-01,5.103989e-01,6.607461e-01,7.220671e-01,7.567724e-01,7.659277e-01,8.082009e-01,8.413269e-01
1.462500e-03,7.328036e+00,7.180760e+00,1.346446e+00,7.474149e-01,5.623627e-01,4.411563e-01,3.606510e-01,3.023263e-01,2.598555e-01,5.095285e-01,6.603391e-01,7.219500e-01,7.565898e-01,7.660759e-01,8.083719e-01,8.424439e-01
1.465000e-03,7.330166e+00,7.181542e+00,1.346041e+00,7.473992e-01,5.623696e-01,4.411650e-01,3.606457e-01,3.023176e-01,2.598574e-01,5.086283e-01,6.599901e-01,7.217932e-01,7.565050e-01,7.663436e-01,8.086768e-01,8.433664e-01
1.467500e-03,7.332332e+00,7.182379e+00,1.345563e+00,7.473808e-01,5.623712e-01,4.411755e-01,3.606441e-01,3.023084e-01,2.598561e-01,5.077233e-01,6.597107e-01,7.215871e-01,7.565184e-01,7.667192e-01,8.091397e-01,8.440236e-01
1.470000e-03,7.334612e+00,7.183263e+00,1.345018e+00,7.473637e-01,5.623677e-01,4.411860e-01,3.606462e-01,3.023000e-01,2.598519e-01,5.067609e-01,6.594761e-01,7.213385e-01,7.566187e-01,7.671839e-01,8.097183e-01,8.444102e-01
1.472500e-03,7.336825e+00,7.184208e+00,1.344352e+00,7.473505e-01,5.623600e-01,4.411946e-01,3.606517e-01,3.022936e-01,2.598453e-01,5.058151e-01,6.592654e-01,7.210742e-01,7.567876e-01,7.677162e-01,8.103086e-01,8.446253e-01
1.475000e-03,7.338981e+00,7.185222e+00,1.343524e+00,7.473436e-01,5.623490e-01,4.411998e-01,3.606597e-01,3.022898e-01,2.598375e-01,5.048898e-01,6.590793e-01,7.208282e-01,7.570110e-01,7.683040e-01,8.107927e-01,8.447553e-01
1.477500e-03,7.341116e+00,7.186279e+00,1.342364e+00,7.473442e-01,5.623370e-01,4.412011e-01,3.606689e-01,3.022893e-01,2.598295e-01,5.039716e-01,6.589285e-01,7.206206e-01,7.572817e-01,7.689544e-01,8.111048e-01,8.448132e-01
1.480000e-03,7.343260e+00,7.187375e+00,1.340937e+00,7.473526e-01,5.623258e-01,4.411984e-01,3.606777e-01,3.022919e-01,2.598224e-01,5.030391e-01,6.587820e-01,7.204650e-01,7.575936e-01,7.696929e-01,8.112642e-01,8.447384e-01
1.482500e-03,7.345381e+00,7.188473e+00,1.339456e+00,7.473680e-01,5.623173e-01,4.411923e-01,3.606846e-01,3.022973e-01,2.598173e-01,5.020995e-01,6.586220e-01,7.203734e-01,7.579364e-01,7.705511e-01,8.113632e-01,8.443677e-01
1.485000e-03,7.347422e+00,7.189597e+00,1.337841e+00,7.473876e-01,5.623127e-01,4.411841e-01,3.606885e-01,3.023045e-01,2.598147e-01,5.011803e-01,6.584439e-01,7.203434e-01,7.582996e-01,7.715530e-01,8.115262e-01,8.436096e-01
1.487500e-03,7.349358e+00,7.190735e+00,1.335625e+00,7.474093e-01,5.623134e-01,4.411752e-01,3.606889e-01,3.023125e-01,2.598149e-01,5.002971e-01,6.582460e-01,7.203594e-01,7.586798e-01,7.727025e-01,8.118673e-01,8.424673e-01
1.490000e-03,7.351317e+00,7.191853e+00,1.333299e+00,7.474291e-01,5.623194e-01,4.411673e-01,3.606860e-01,3.023199e-01,2.598178e-01,4.993852e-01,6.580427e-01,7.204070e-01,7.590875e-01,7.739788e-01,8.124643e-01,8.410312e-01
1.492500e-03,7.353264e+00,7.192951e+00,1.330394e+00,7.474438e-01,5.623297e-01,4.411615e-01,3.606806e-01,3.023256e-01,2.598230e-01,4.984601e-01,6.578639e-01,7.204795e-01,7.595464e-01,7.753399e-01,8.133395e-01,8.394321e-01
1.495000e-03,7.355186e+00,7.194059e+00,1.327002e+00,7.474515e-01,5.623433e-01,4.411587e-01,3.606736e-01,3.023286e-01,2.598297e-01,4.975338e-01,6.577059e-01,7.205783e-01,7.600859e-01,7.767310e-01,8.144536e-01,8.377954e-01
1.497500e-03,7.356922e+00,7.195195e+00,1.323227e+00,7.474514e-01,5.623577e-01,4.411597e-01,3.606664e-01,3.023284e-01,2.598370e-01,4.966799e-01,6.575521e-01,7.207085e-01,7.607320e-01,7.780930e-01,8.157196e-01,8.362372e-01
1.500000e-03,7.358604e+00,7.196330e+00,1.318961e+00,7.474437e-01,5.623703e-01,4.411644e-01,3.606600e-01,3.023256e-01,2.598435e-01,4.958363e-01,6.573734e-01,7.208764e-01,7.614982e-01,7.793689e-01,8.170321e-01,8.348516e-01
