t_s,x_p50_rt,x_shock_rt,dpdx_max,p_2.56,p_3.36,p_4.16,p_4.95,p_5.75,p_6.55,p_7.35,p_8.14,p_8.94,p_9.73,p_10.53,p_11.33,p_12.12
1.500000e-07,5.691927e+00,1.003928e+00,2.101761e+00,1.217695e+00,8.996183e-01,7.084601e-01,5.782967e-01,4.885887e-01,4.248987e-01,3.669153e-01,3.470896e-01,7.359626e-01,8.149418e-01,8.466597e-01,8.698952e-01,8.887227e-01
2.500000e-06,8.369466e+00,8.330675e+00,9.560004e-01,1.141108e+00,8.482949e-01,6.628632e-01,5.447752e-01,4.574658e-01,3.955844e-01,3.469613e-01,3.278190e-01,7.359716e-01,8.127585e-01,8.426562e-01,8.682093e-01,8.666785e-01
5.000000e-06,8.376621e+00,8.355803e+00,8.501089e-01,1.140071e+00,8.454336e-01,6.628556e-01,5.425947e-01,4.564565e-01,3.941582e-01,3.461690e-01,3.290767e-01,7.301388e-01,8.131199e-01,8.431562e-01,8.691784e-01,8.685883e-01
7.500000e-06,8.372872e+00,8.365739e+00,7.796689e-01,1.136795e+00,8.460451e-01,6.616652e-01,5.428962e-01,4.572825e-01,3.953561e-01,3.462989e-01,3.299144e-01,7.214428e-01,8.139490e-01,8.433325e-01,8.700082e-01,8.674206e-01
1.000000e-05,8.369003e+00,8.227892e+00,9.133214e-01,1.142343e+00,8.461876e-01,6.613670e-01,5.428320e-01,4.570622e-01,3.952206e-01,3.467825e-01,3.306754e-01,7.179553e-01,8.136823e-01,8.438136e-01,8.706533e-01,8.676821e-01
1.250000e-05,8.330866e+00,8.223882e+00,1.075228e+00,1.145373e+00,8.494073e-01,6.615006e-01,5.426774e-01,4.567030e-01,3.952444e-01,3.458842e-01,3.296279e-01,7.231262e-01,8.111017e-01,8.451112e-01,8.713293e-01,8.697140e-01
1.500000e-05,8.292887e+00,8.225333e+00,1.225887e+00,1.138507e+00,8.527440e-01,6.644543e-01,5.444634e-01,4.575218e-01,3.955995e-01,3.447470e-01,3.280728e-01,7.372089e-01,8.086509e-01,8.465694e-01,8.718775e-01,8.732437e-01
1.750000e-05,8.282038e+00,8.228622e+00,1.340505e+00,1.132745e+00,8.528191e-01,6.673844e-01,5.468720e-01,4.582070e-01,3.956194e-01,3.434431e-01,3.268750e-01,7.388114e-01,8.044206e-01,8.473269e-01,8.720064e-01,8.766985e-01
2.000000e-05,8.276018e+00,8.231368e+00,1.412900e+00,1.130100e+00,8.522769e-01,6.679925e-01,5.480114e-01,4.584453e-01,3.946996e-01,3.419297e-01,3.267909e-01,7.301600e-01,8.001831e-01,8.471686e-01,8.718733e-01,8.771655e-01
2.250000e-05,8.272407e+00,8.233064e+00,1.449186e+00,1.127714e+00,8.515177e-01,6.680825e-01,5.470023e-01,4.573840e-01,3.931720e-01,3.410359e-01,3.275815e-01,7.180433e-01,8.048344e-01,8.464387e-01,8.718406e-01,8.749421e-01
2.500000e-05,8.269870e+00,8.233866e+00,1.461644e+00,1.129676e+00,8.482992e-01,6.689613e-01,5.461264e-01,4.566066e-01,3.923430e-01,3.408710e-01,3.289710e-01,7.117217e-01,8.113359e-01,8.446555e-01,8.714153e-01,8.725735e-01
2.750000e-05,8.267831e+00,8.233529e+00,1.460003e+00,1.128523e+00,8.489646e-01,6.679629e-01,5.455157e-01,4.563612e-01,3.920382e-01,3.412155e-01,3.305630e-01,7.068671e-01,8.140739e-01,8.410052e-01,8.704165e-01,8.713274e-01
3.000000e-05,8.266203e+00,8.232404e+00,1.451173e+00,1.133087e+00,8.504476e-01,6.660715e-01,5.445188e-01,4.561894e-01,3.918622e-01,3.414955e-01,3.320361e-01,6.984654e-01,8.187045e-01,8.381745e-01,8.701228e-01,8.709053e-01
3.250000e-05,8.264710e+00,8.230333e+00,1.437166e+00,1.129295e+00,8.484698e-01,6.659384e-01,5.441707e-01,4.559065e-01,3.914869e-01,3.417370e-01,3.335891e-01,6.908865e-01,8.261623e-01,8.397302e-01,8.711047e-01,8.705681e-01
3.500000e-05,8.262953e+00,8.227604e+00,1.422964e+00,1.134392e+00,8.497195e-01,6.655071e-01,5.441908e-01,4.564425e-01,3.914381e-01,3.422189e-01,3.352662e-01,6.903722e-01,8.302877e-01,8.444032e-01,8.716065e-01,8.700532e-01
3.750000e-05,8.260782e+00,8.224627e+00,1.412504e+00,1.135859e+00,8.494144e-01,6.655216e-01,5.429782e-01,4.570639e-01,3.917300e-01,3.426755e-01,3.369693e-01,6.944868e-01,8.271003e-01,8.478620e-01,8.701650e-01,8.696770e-01
4.000000e-05,8.258303e+00,8.221738e+00,1.406499e+00,1.135118e+00,8.517001e-01,6.664790e-01,5.429858e-01,4.565992e-01,3.919001e-01,3.428464e-01,3.386338e-01,7.008827e-01,8.190787e-01,8.483018e-01,8.681467e-01,8.694994e-01
4.250000e-05,8.255700e+00,8.219087e+00,1.400349e+00,1.133800e+00,8.497679e-01,6.662050e-01,5.447867e-01,4.561204e-01,3.921329e-01,3.427763e-01,3.405027e-01,7.078349e-01,8.106614e-01,8.473880e-01,8.679958e-01,8.688554e-01
4.500000e-05,8.252685e+00,8.216624e+00,1.394495e+00,1.134952e+00,8.519763e-01,6.672644e-01,5.452187e-01,4.564185e-01,3.928040e-01,3.430215e-01,3.428634e-01,7.147323e-01,8.039120e-01,8.481306e-01,8.700839e-01,8.672570e-01
4.750000e-05,8.249378e+00,8.214384e+00,1.390523e+00,1.135013e+00,8.529350e-01,6.671964e-01,5.452564e-01,4.565401e-01,3.929552e-01,3.434050e-01,3.454031e-01,7.225390e-01,7.989535e-01,8.526299e-01,8.725227e-01,8.653021e-01
5.000000e-05,8.246201e+00,8.212288e+00,1.386969e+00,1.131098e+00,8.522958e-01,6.681675e-01,5.453430e-01,4.569943e-01,3.922201e-01,3.432004e-01,3.477645e-01,7.299580e-01,7.951306e-01,8.601411e-01,8.735576e-01,8.641542e-01
5.250000e-05,8.243343e+00,8.210199e+00,1.379767e+00,1.128163e+00,8.525350e-01,6.668927e-01,5.449659e-01,4.576203e-01,3.920570e-01,3.426059e-01,3.501096e-01,7.355702e-01,7.918697e-01,8.670722e-01,8.729921e-01,8.645330e-01
5.500000e-05,8.240277e+00,8.207894e+00,1.370666e+00,1.129907e+00,8.526463e-01,6.681127e-01,5.457020e-01,4.572971e-01,3.926699e-01,3.422948e-01,3.526847e-01,7.397228e-01,7.901401e-01,8.703847e-01,8.715648e-01,8.660395e-01
5.750000e-05,8.237055e+00,8.205612e+00,1.365564e+00,1.134659e+00,8.534337e-01,6.694294e-01,5.460095e-01,4.573789e-01,3.928622e-01,3.421324e-01,3.550477e-01,7.437178e-01,7.909220e-01,8.697106e-01,8.701222e-01,8.675193e-01
6.000000e-05,8.234590e+00,8.203691e+00,1.363798e+00,1.139083e+00,8.546124e-01,6.690864e-01,5.464387e-01,4.575447e-01,3.930978e-01,3.420318e-01,3.565635e-01,7.478352e-01,7.938494e-01,8.658806e-01,8.695254e-01,8.680083e-01
6.250000e-05,8.232865e+00,8.201917e+00,1.358532e+00,1.141922e+00,8.541412e-01,6.692922e-01,5.454943e-01,4.572141e-01,3.933163e-01,3.425414e-01,3.577900e-01,7.500808e-01,7.978567e-01,8.594092e-01,8.706826e-01,8.673933e-01
6.500000e-05,8.230854e+00,8.199870e+00,1.350266e+00,1.142972e+00,8.513134e-01,6.699224e-01,5.465685e-01,4.574635e-01,3.929940e-01,3.430822e-01,3.594756e-01,7.494552e-01,8.013265e-01,8.506632e-01,8.741654e-01,8.660615e-01
6.750000e-05,8.229267e+00,8.197824e+00,1.344783e+00,1.142737e+00,8.496447e-01,6.703834e-01,5.477042e-01,4.579579e-01,3.931864e-01,3.430573e-01,3.612947e-01,7.484470e-01,8.032318e-01,8.409845e-01,8.796153e-01,8.644244e-01
7.000000e-05,8.228057e+00,8.196046e+00,1.340114e+00,1.141423e+00,8.507891e-01,6.703304e-01,5.479651e-01,4.583688e-01,3.935091e-01,3.432097e-01,3.630052e-01,7.490325e-01,8.041249e-01,8.325715e-01,8.857633e-01,8.627815e-01
7.250000e-05,8.226787e+00,8.194342e+00,1.337138e+00,1.139334e+00,8.532814e-01,6.708366e-01,5.482527e-01,4.578294e-01,3.935776e-01,3.433770e-01,3.647994e-01,7.501276e-01,8.052905e-01,8.271950e-01,8.910998e-01,8.613363e-01
7.500000e-05,8.225655e+00,8.193458e+00,1.349511e+00,1.136012e+00,8.554565e-01,6.710299e-01,5.483137e-01,4.587371e-01,3.937334e-01,3.432495e-01,3.660431e-01,7.502299e-01,8.072209e-01,8.255985e-01,8.946875e-01,8.603152e-01
7.750000e-05,8.225031e+00,8.193024e+00,1.357521e+00,1.133778e+00,8.569777e-01,6.697709e-01,5.484554e-01,4.598400e-01,3.939813e-01,3.433973e-01,3.666543e-01,7.498827e-01,8.094144e-01,8.275582e-01,8.961692e-01,8.601191e-01
8.000000e-05,8.224513e+00,8.192626e+00,1.362265e+00,1.135745e+00,8.575401e-01,6.679946e-01,5.485832e-01,4.602604e-01,3.939440e-01,3.435400e-01,3.673237e-01,7.495060e-01,8.112941e-01,8.319147e-01,8.952463e-01,8.611343e-01
8.250000e-05,8.223995e+00,8.192384e+00,1.368143e+00,1.127082e+00,8.573770e-01,6.675671e-01,5.485185e-01,4.603539e-01,3.937758e-01,3.436898e-01,3.678145e-01,7.488934e-01,8.127931e-01,8.371303e-01,8.915327e-01,8.633871e-01
8.500000e-05,8.223673e+00,8.192380e+00,1.371769e+00,1.092618e+00,8.566644e-01,6.686419e-01,5.486054e-01,4.601839e-01,3.948217e-01,3.439616e-01,3.680436e-01,7.491326e-01,8.142928e-01,8.421005e-01,8.849608e-01,8.664608e-01
8.750000e-05,8.223385e+00,8.192459e+00,1.374694e+00,1.041782e+00,8.556664e-01,6.701126e-01,5.488485e-01,4.601191e-01,3.957949e-01,3.441668e-01,3.682089e-01,7.504901e-01,8.165370e-01,8.462459e-01,8.761680e-01,8.696510e-01
9.000000e-05,8.223234e+00,8.192802e+00,1.377182e+00,9.886557e-01,8.566861e-01,6.712431e-01,5.483296e-01,4.602237e-01,3.959365e-01,3.439759e-01,3.680577e-01,7.510456e-01,8.200960e-01,8.492091e-01,8.664869e-01,8.722746e-01
9.250000e-05,8.223261e+00,8.193310e+00,1.376738e+00,9.392662e-01,8.533010e-01,6.721506e-01,5.471213e-01,4.602439e-01,3.957369e-01,3.441078e-01,3.677628e-01,7.504013e-01,8.241358e-01,8.508514e-01,8.575330e-01,8.738987e-01
9.500000e-05,8.223307e+00,8.193941e+00,1.375146e+00,8.944001e-01,8.331029e-01,6.722661e-01,5.464321e-01,4.600653e-01,3.956148e-01,3.452383e-01,3.674640e-01,7.500742e-01,8.268398e-01,8.513191e-01,8.507076e-01,8.741200e-01
9.750000e-05,8.223447e+00,8.194926e+00,1.378380e+00,8.539556e-01,7.969322e-01,6.711551e-01,5.467716e-01,4.601104e-01,3.956631e-01,3.459601e-01,3.668306e-01,7.506971e-01,8.276677e-01,8.510162e-01,8.468721e-01,8.725634e-01
1.000000e-04,8.223995e+00,8.196674e+00,1.390003e+00,8.187167e-01,7.566202e-01,6.722539e-01,5.476632e-01,4.603695e-01,3.957141e-01,3.457764e-01,3.656259e-01,7.517745e-01,8.276662e-01,8.504760e-01,8.463418e-01,8.691031e-01
1.025000e-04,8.224648e+00,8.198507e+00,1.396749e+00,7.899349e-01,7.180131e-01,6.717900e-01,5.487892e-01,4.601595e-01,3.956847e-01,3.454131e-01,3.647012e-01,7.522683e-01,8.279740e-01,8.503271e-01,8.489378e-01,8.640021e-01
1.050000e-04,8.224926e+00,8.200233e+00,1.406676e+00,7.686273e-01,6.821445e-01,6.587889e-01,5.487827e-01,4.593421e-01,3.955645e-01,3.453206e-01,3.640846e-01,7.521350e-01,8.292681e-01,8.510495e-01,8.541105e-01,8.578926e-01
1.075000e-04,8.225532e+00,8.202541e+00,1.425691e+00,7.531889e-01,6.492386e-01,6.317684e-01,5.482199e-01,4.586671e-01,3.954788e-01,3.454191e-01,3.625491e-01,7.528767e-01,8.313294e-01,8.526066e-01,8.611190e-01,8.515106e-01
1.100000e-04,8.226903e+00,8.205192e+00,1.443171e+00,7.409557e-01,6.197645e-01,6.006234e-01,5.503983e-01,4.588284e-01,3.955888e-01,3.454636e-01,3.601612e-01,7.548057e-01,8.331345e-01,8.545757e-01,8.687334e-01,8.454558e-01
1.125000e-04,8.228593e+00,8.207774e+00,1.456762e+00,7.337899e-01,5.943679e-01,5.700046e-01,5.506607e-01,4.594370e-01,3.958066e-01,3.454069e-01,3.576300e-01,7.560830e-01,8.342082e-01,8.565262e-01,8.754763e-01,8.402950e-01
1.150000e-04,8.230243e+00,8.210205e+00,1.469220e+00,7.301426e-01,5.740386e-01,5.410953e-01,5.398472e-01,4.590252e-01,3.957074e-01,3.453351e-01,3.552705e-01,7.561515e-01,8.348955e-01,8.582721e-01,8.800688e-01,8.364633e-01
1.175000e-04,8.232841e+00,8.212562e+00,1.483102e+00,7.244721e-01,5.589688e-01,5.142458e-01,5.178724e-01,4.591294e-01,3.952046e-01,3.452901e-01,3.529279e-01,7.569738e-01,8.357053e-01,8.598326e-01,8.821248e-01,8.341456e-01
1.200000e-04,8.235609e+00,8.214931e+00,1.497266e+00,7.163467e-01,5.470704e-01,4.897680e-01,4.926236e-01,4.620372e-01,3.948448e-01,3.452976e-01,3.504179e-01,7.582146e-01,8.370235e-01,8.612101e-01,8.820855e-01,8.335590e-01
1.225000e-04,8.238606e+00,8.217336e+00,1.511352e+00,7.041891e-01,5.379069e-01,4.680900e-01,4.676750e-01,4.626214e-01,3.944669e-01,3.454295e-01,3.476990e-01,7.578960e-01,8.388264e-01,8.622915e-01,8.807906e-01,8.347796e-01
1.250000e-04,8.241842e+00,8.219823e+00,1.524852e+00,6.817702e-01,5.322060e-01,4.499329e-01,4.439983e-01,4.534732e-01,3.936955e-01,3.456228e-01,3.448637e-01,7.569683e-01,8.407170e-01,8.630529e-01,8.790786e-01,8.377083e-01
1.275000e-04,8.245148e+00,8.222313e+00,1.536873e+00,6.497035e-01,5.276044e-01,4.359268e-01,4.218884e-01,4.351888e-01,3.945908e-01,3.456764e-01,3.420764e-01,7.573269e-01,8.424712e-01,8.637874e-01,8.775062e-01,8.419355e-01
1.300000e-04,8.248511e+00,8.224851e+00,1.548337e+00,6.143599e-01,5.220987e-01,4.250069e-01,4.014934e-01,4.141146e-01,3.976458e-01,3.453311e-01,3.392185e-01,7.590303e-01,8.439288e-01,8.649789e-01,8.763268e-01,8.468944e-01
1.325000e-04,8.252025e+00,8.227489e+00,1.557662e+00,5.811866e-01,5.133264e-01,4.160465e-01,3.831071e-01,3.931909e-01,3.977744e-01,3.443014e-01,3.363632e-01,7.597940e-01,8.445421e-01,8.669100e-01,8.756546e-01,8.519737e-01
1.350000e-04,8.255472e+00,8.230120e+00,1.564742e+00,5.537213e-01,4.977258e-01,4.096173e-01,3.673449e-01,3.733118e-01,3.894433e-01,3.434005e-01,3.336878e-01,7.597422e-01,8.440242e-01,8.692884e-01,8.756076e-01,8.566688e-01
1.375000e-04,8.258801e+00,8.232796e+00,1.571366e+00,5.335549e-01,4.758672e-01,4.053501e-01,3.548650e-01,3.547061e-01,3.737983e-01,3.447146e-01,3.311230e-01,7.597944e-01,8.430504e-01,8.714112e-01,8.762034e-01,8.606662e-01
1.400000e-04,8.262267e+00,8.235620e+00,1.578752e+00,5.213223e-01,4.517193e-01,4.013117e-01,3.451069e-01,3.374349e-01,3.559061e-01,3.474645e-01,3.280628e-01,7.600539e-01,8.424881e-01,8.729431e-01,8.773419e-01,8.637426e-01
1.425000e-04,8.266341e+00,8.238732e+00,1.581025e+00,5.177357e-01,4.284404e-01,3.949049e-01,3.369502e-01,3.217100e-01,3.380937e-01,3.469243e-01,3.243702e-01,7.603367e-01,8.425815e-01,8.742778e-01,8.788903e-01,8.658356e-01
1.450000e-04,8.270736e+00,8.241901e+00,1.569819e+00,5.248255e-01,4.083483e-01,3.837339e-01,3.306718e-01,3.079934e-01,3.210761e-01,3.389046e-01,3.212826e-01,7.607929e-01,8.434294e-01,8.759223e-01,8.807156e-01,8.669673e-01
1.475000e-04,8.274274e+00,8.244754e+00,1.544673e+00,5.435021e-01,3.927931e-01,3.680545e-01,3.265375e-01,2.968739e-01,3.050681e-01,3.251085e-01,3.207406e-01,7.614030e-01,8.449730e-01,8.777043e-01,8.826536e-01,8.672791e-01
1.500000e-04,8.276245e+00,8.247462e+00,1.533165e+00,7.126298e-01,3.823864e-01,3.505470e-01,3.232182e-01,2.880700e-01,2.901662e-01,3.096802e-01,3.207975e-01,7.628188e-01,8.466710e-01,8.789696e-01,8.844661e-01,8.670131e-01
1.525000e-04,8.279249e+00,8.251194e+00,1.534661e+00,7.594701e-01,3.779059e-01,3.334388e-01,3.182022e-01,2.806808e-01,2.765256e-01,2.943971e-01,3.171332e-01,7.636789e-01,8.477161e-01,8.794287e-01,8.859417e-01,8.665602e-01
1.550000e-04,8.285651e+00,8.256278e+00,1.530122e+00,7.419022e-01,3.807121e-01,3.181225e-01,3.095367e-01,2.747504e-01,2.644997e-01,2.797609e-01,3.073682e-01,7.614380e-01,8.478403e-01,8.794012e-01,8.871239e-01,8.662970e-01
1.575000e-04,8.296370e+00,8.261819e+00,1.491610e+00,7.245764e-01,3.887460e-01,3.056425e-01,2.975261e-01,2.707676e-01,2.545708e-01,2.659380e-01,2.935538e-01,7.589428e-01,8.475228e-01,8.793585e-01,8.883545e-01,8.664021e-01
1.600000e-04,8.314057e+00,8.265843e+00,1.431496e+00,7.117533e-01,4.849578e-01,2.965718e-01,2.841130e-01,2.678808e-01,2.466073e-01,2.530121e-01,2.791255e-01,7.623620e-01,8.471609e-01,8.795807e-01,8.899664e-01,8.668993e-01
1.625000e-04,8.335095e+00,8.267953e+00,1.388724e+00,7.022627e-01,5.523161e-01,2.914210e-01,2.709559e-01,2.639833e-01,2.398962e-01,2.411078e-01,2.653813e-01,7.686963e-01,8.469784e-01,8.802544e-01,8.919318e-01,8.676784e-01
1.650000e-04,8.355568e+00,8.267056e+00,1.336949e+00,6.947605e-01,5.473367e-01,2.915500e-01,2.589815e-01,2.573298e-01,2.344280e-01,2.305118e-01,2.525537e-01,7.623599e-01,8.474054e-01,8.815781e-01,8.938733e-01,8.686589e-01
1.675000e-04,8.377094e+00,8.264399e+00,1.296279e+00,6.916603e-01,5.387994e-01,2.942909e-01,2.489139e-01,2.479098e-01,2.306443e-01,2.216310e-01,2.406858e-01,7.387560e-01,8.485924e-01,8.836312e-01,8.954198e-01,8.698415e-01
1.700000e-04,8.407371e+00,8.260885e+00,1.269844e+00,6.871810e-01,5.322776e-01,3.428952e-01,2.411299e-01,2.372705e-01,2.280251e-01,2.144260e-01,2.298674e-01,7.067279e-01,8.502625e-01,8.861896e-01,8.964734e-01,8.712654e-01
1.725000e-04,8.438674e+00,8.256569e+00,1.245517e+00,6.805187e-01,5.284238e-01,4.149496e-01,2.362120e-01,2.267524e-01,2.248037e-01,2.083350e-01,2.203854e-01,6.799773e-01,8.524444e-01,8.886512e-01,8.971610e-01,8.729588e-01
1.750000e-04,8.477350e+00,8.251634e+00,1.221772e+00,6.735973e-01,5.253676e-01,4.193523e-01,2.349143e-01,2.170627e-01,2.195222e-01,2.033211e-01,2.125496e-01,6.594803e-01,8.545997e-01,8.903178e-01,8.976379e-01,8.748790e-01
1.775000e-04,8.518502e+00,8.245762e+00,1.198516e+00,6.670415e-01,5.245360e-01,4.142499e-01,2.355837e-01,2.087175e-01,2.120085e-01,1.997910e-01,2.065525e-01,6.389779e-01,8.527695e-01,8.909682e-01,8.980200e-01,8.768837e-01
1.800000e-04,8.565991e+00,8.239312e+00,1.175057e+00,6.613419e-01,5.251486e-01,4.105387e-01,2.633077e-01,2.019501e-01,2.033887e-01,1.973346e-01,2.027137e-01,6.168242e-01,8.392216e-01,8.911548e-01,8.984454e-01,8.789020e-01
1.825000e-04,8.613614e+00,8.232500e+00,1.152171e+00,6.565080e-01,5.227137e-01,4.084521e-01,3.247247e-01,1.973654e-01,1.947566e-01,1.946075e-01,2.007021e-01,5.949764e-01,8.093175e-01,8.920602e-01,8.991022e-01,8.808424e-01
1.850000e-04,8.660355e+00,8.225619e+00,1.128129e+00,6.521849e-01,5.185252e-01,4.075427e-01,3.352042e-01,1.951983e-01,1.867222e-01,1.903437e-01,2.003731e-01,5.750949e-01,7.677582e-01,8.950687e-01,9.001272e-01,8.826901e-01
1.875000e-04,8.707353e+00,8.218519e+00,1.098284e+00,6.485727e-01,5.138660e-01,4.078355e-01,3.324346e-01,1.943336e-01,1.796643e-01,1.842257e-01,2.022750e-01,5.575556e-01,7.249086e-01,9.002575e-01,9.015190e-01,8.843658e-01
1.900000e-04,8.750741e+00,8.210543e+00,1.064364e+00,6.470043e-01,5.092075e-01,4.104546e-01,3.300687e-01,2.087826e-01,1.737513e-01,1.771047e-01,2.061236e-01,5.428870e-01,6.893520e-01,9.038652e-01,9.032052e-01,8.857858e-01
1.925000e-04,8.792128e+00,8.200782e+00,1.026240e+00,6.490899e-01,5.046335e-01,4.119583e-01,3.286558e-01,2.589697e-01,1.695785e-01,1.699061e-01,2.109055e-01,5.312684e-01,6.646367e-01,8.990686e-01,9.051219e-01,8.869812e-01
1.950000e-04,8.832879e+00,8.189541e+00,1.022153e+00,6.542954e-01,5.001715e-01,4.112182e-01,3.282761e-01,2.749639e-01,1.668929e-01,1.631540e-01,2.155393e-01,5.216290e-01,6.505478e-01,8.811399e-01,9.072605e-01,8.880785e-01
1.975000e-04,8.871231e+00,8.180194e+00,1.046535e+00,6.614801e-01,4.964761e-01,4.094026e-01,3.288572e-01,2.746981e-01,1.652612e-01,1.571151e-01,2.196097e-01,5.130552e-01,6.429607e-01,8.506684e-01,9.098984e-01,8.891349e-01
2.000000e-04,8.900745e+00,8.170782e+00,1.047595e+00,6.713442e-01,4.948548e-01,4.069625e-01,3.313301e-01,2.729592e-01,1.735720e-01,1.519496e-01,2.239030e-01,5.067732e-01,6.355750e-01,8.124429e-01,9.135550e-01,8.902421e-01
2.025000e-04,8.922157e+00,8.160579e+00,1.026916e+00,6.849406e-01,4.966945e-01,4.040126e-01,3.342542e-01,2.718531e-01,2.111498e-01,1.482163e-01,2.291690e-01,5.028148e-01,6.255851e-01,7.714509e-01,9.177658e-01,8.914922e-01
2.050000e-04,8.942020e+00,8.148991e+00,9.905697e-01,7.070630e-01,5.018459e-01,4.008753e-01,3.354774e-01,2.715127e-01,2.312251e-01,1.452901e-01,2.352743e-01,4.996809e-01,6.132016e-01,7.310476e-01,9.194890e-01,8.930058e-01
2.075000e-04,8.966255e+00,8.134889e+00,9.378533e-01,7.495315e-01,5.092268e-01,3.983531e-01,3.356117e-01,2.719616e-01,2.332073e-01,1.432256e-01,2.418267e-01,4.954901e-01,6.003469e-01,6.934189e-01,9.138749e-01,8.948330e-01
2.100000e-04,9.003096e+00,8.117699e+00,9.070466e-01,7.987601e-01,5.185985e-01,3.976163e-01,3.349934e-01,2.738497e-01,2.320136e-01,1.480250e-01,2.482985e-01,4.876711e-01,5.895512e-01,6.602445e-01,8.976922e-01,8.971789e-01
2.125000e-04,9.052187e+00,8.104170e+00,9.278679e-01,8.192558e-01,5.323833e-01,3.997250e-01,3.337200e-01,2.768827e-01,2.312002e-01,1.756742e-01,2.550346e-01,4.751427e-01,5.819718e-01,6.326957e-01,8.716135e-01,9.003607e-01
2.150000e-04,9.110939e+00,8.090892e+00,9.174761e-01,8.165846e-01,5.585705e-01,4.046348e-01,3.321156e-01,2.789903e-01,2.308600e-01,1.973191e-01,2.613579e-01,4.609222e-01,5.778696e-01,6.114487e-01,8.389163e-01,9.041391e-01
2.175000e-04,9.175880e+00,8.075349e+00,8.668849e-01,8.069402e-01,5.947372e-01,4.110646e-01,3.309218e-01,2.799926e-01,2.311510e-01,2.010662e-01,2.683650e-01,4.490417e-01,5.765973e-01,5.967591e-01,8.031420e-01,9.065219e-01
2.200000e-04,9.244581e+00,8.056599e+00,7.520108e-01,7.977574e-01,6.158418e-01,4.191068e-01,3.311702e-01,2.803524e-01,2.325353e-01,2.006216e-01,2.840387e-01,4.402852e-01,5.764672e-01,5.886482e-01,7.668614e-01,9.040975e-01
2.225000e-04,9.315368e+00,8.035862e+00,9.122029e-01,7.899284e-01,6.179755e-01,4.333408e-01,3.339141e-01,2.802077e-01,2.351648e-01,1.999949e-01,3.293476e-01,4.340468e-01,5.751603e-01,5.866830e-01,7.315590e-01,8.941184e-01
2.250000e-04,9.387974e+00,8.037120e+00,1.102051e+00,7.820761e-01,6.121699e-01,4.585984e-01,3.391011e-01,2.798388e-01,2.375886e-01,1.997041e-01,3.757025e-01,4.299530e-01,5.703712e-01,5.893828e-01,6.980479e-01,8.762178e-01
2.275000e-04,9.460863e+00,8.032818e+00,1.166299e+00,7.748293e-01,6.054134e-01,4.806096e-01,3.453596e-01,2.797745e-01,2.389816e-01,1.998766e-01,3.877834e-01,4.267079e-01,5.607881e-01,5.946992e-01,6.667816e-01,8.521948e-01
2.300000e-04,9.533952e+00,8.029350e+00,1.173970e+00,7.697440e-01,5.997208e-01,4.877559e-01,3.537665e-01,2.809099e-01,2.396953e-01,2.008951e-01,3.942819e-01,4.226300e-01,5.467083e-01,6.006724e-01,6.380943e-01,8.245410e-01
2.325000e-04,8.478081e+00,8.022471e+00,1.174445e+00,7.668170e-01,5.950222e-01,4.853262e-01,3.695778e-01,2.840941e-01,2.400225e-01,2.030936e-01,3.959360e-01,4.201924e-01,5.296083e-01,6.061656e-01,6.123242e-01,7.952557e-01
2.350000e-04,8.532352e+00,8.015896e+00,1.177033e+00,7.652632e-01,5.901920e-01,4.803881e-01,3.902398e-01,2.893179e-01,2.402742e-01,2.055377e-01,3.985089e-01,4.311999e-01,5.115124e-01,6.106369e-01,5.897602e-01,7.658141e-01
2.375000e-04,8.601630e+00,8.010048e+00,1.172217e+00,7.646555e-01,5.851209e-01,4.758469e-01,4.015597e-01,2.955121e-01,2.409115e-01,2.071226e-01,4.028411e-01,4.836167e-01,4.945607e-01,6.137414e-01,5.706810e-01,7.369086e-01
2.400000e-04,8.674971e+00,8.004541e+00,1.166330e+00,7.649690e-01,5.809380e-01,4.721691e-01,4.023856e-01,3.045218e-01,2.426974e-01,2.079858e-01,4.081100e-01,5.808692e-01,4.805509e-01,6.148270e-01,5.553906e-01,7.091099e-01
2.425000e-04,8.749849e+00,7.999392e+00,1.161312e+00,7.662240e-01,5.781656e-01,4.691304e-01,3.986674e-01,3.207808e-01,2.463322e-01,2.084898e-01,4.157711e-01,6.294177e-01,4.699494e-01,6.130520e-01,5.441484e-01,6.828234e-01
2.450000e-04,8.505888e+00,7.994183e+00,1.151003e+00,7.682954e-01,5.764835e-01,4.659333e-01,3.944609e-01,3.362232e-01,2.516084e-01,2.089730e-01,4.243979e-01,5.960967e-01,4.624527e-01,6.077904e-01,5.374580e-01,6.581696e-01
2.475000e-04,8.523327e+00,7.987763e+00,1.129099e+00,7.707501e-01,5.754710e-01,4.622414e-01,3.909746e-01,3.421846e-01,2.578738e-01,2.098841e-01,4.309012e-01,5.277517e-01,4.599551e-01,5.991927e-01,5.353661e-01,6.350786e-01
2.500000e-04,8.435865e+00,7.979471e+00,1.110736e+00,7.728950e-01,5.751283e-01,4.588184e-01,3.882411e-01,3.410065e-01,2.677220e-01,2.119416e-01,4.349012e-01,4.824355e-01,4.686314e-01,5.879583e-01,5.377793e-01,6.135593e-01
2.525000e-04,8.395635e+00,7.972934e+00,1.138104e+00,7.741245e-01,5.755510e-01,4.563254e-01,3.860128e-01,3.374424e-01,2.830356e-01,2.157289e-01,4.377631e-01,4.773183e-01,4.987756e-01,5.749106e-01,5.450166e-01,5.934795e-01
2.550000e-04,8.373707e+00,7.967199e+00,1.158035e+00,7.742095e-01,5.767074e-01,4.546174e-01,3.836498e-01,3.339470e-01,2.942614e-01,2.209914e-01,4.402629e-01,5.167255e-01,5.683368e-01,5.608207e-01,5.565932e-01,5.746756e-01
2.575000e-04,8.354989e+00,7.961828e+00,1.175095e+00,7.734189e-01,5.783568e-01,4.534275e-01,3.807898e-01,3.310516e-01,2.974218e-01,2.275036e-01,4.430137e-01,5.665741e-01,6.773649e-01,5.460948e-01,5.721961e-01,5.572352e-01
2.600000e-04,8.338145e+00,7.957118e+00,1.196772e+00,7.719289e-01,5.799761e-01,4.527480e-01,3.779682e-01,3.287180e-01,2.958175e-01,2.381338e-01,4.477650e-01,5.873529e-01,7.600915e-01,5.313700e-01,5.896251e-01,5.412203e-01
2.625000e-04,8.313341e+00,7.953669e+00,1.227217e+00,7.700501e-01,5.810391e-01,4.526868e-01,3.757624e-01,3.267906e-01,2.928959e-01,2.517585e-01,4.555687e-01,5.872827e-01,7.822084e-01,5.182648e-01,6.050322e-01,5.263037e-01
2.650000e-04,8.271760e+00,7.951911e+00,1.251951e+00,7.684594e-01,5.812831e-01,4.532405e-01,3.741527e-01,3.247583e-01,2.902077e-01,2.598232e-01,4.663122e-01,5.747108e-01,7.557235e-01,5.095764e-01,6.157480e-01,5.131404e-01
2.675000e-04,8.220823e+00,7.950345e+00,1.278923e+00,7.678096e-01,5.809115e-01,4.541994e-01,3.729457e-01,3.222878e-01,2.879461e-01,2.614678e-01,4.799714e-01,5.651511e-01,6.999966e-01,5.081904e-01,6.206156e-01,5.018009e-01
2.700000e-04,8.134121e+00,7.950179e+00,1.355169e+00,7.685186e-01,5.802121e-01,4.551501e-01,3.721452e-01,3.197627e-01,2.860516e-01,2.598664e-01,5.015662e-01,5.632757e-01,6.355429e-01,5.164205e-01,6.200302e-01,4.929331e-01
2.725000e-04,8.074496e+00,7.952791e+00,1.429438e+00,7.703337e-01,5.795064e-01,4.557041e-01,3.718600e-01,3.177016e-01,2.844043e-01,2.575962e-01,5.254725e-01,5.697450e-01,5.774711e-01,5.379184e-01,6.152448e-01,4.862028e-01
2.750000e-04,8.063990e+00,7.955832e+00,1.455452e+00,7.732542e-01,5.792622e-01,4.557167e-01,3.720608e-01,3.161471e-01,2.825698e-01,2.556161e-01,5.376832e-01,5.835927e-01,5.369379e-01,5.862778e-01,6.080911e-01,4.821510e-01
2.775000e-04,8.066202e+00,7.957844e+00,1.444502e+00,7.804805e-01,5.799434e-01,4.553578e-01,3.725485e-01,3.149496e-01,2.803230e-01,2.539623e-01,5.401129e-01,6.028089e-01,5.187513e-01,6.817921e-01,6.005932e-01,4.813626e-01
2.800000e-04,8.072269e+00,7.958442e+00,1.424502e+00,7.946070e-01,5.812597e-01,4.548860e-01,3.729825e-01,3.140935e-01,2.779749e-01,2.525774e-01,5.377449e-01,6.254538e-01,5.241091e-01,7.943148e-01,5.949157e-01,4.824451e-01
2.825000e-04,8.078037e+00,7.958260e+00,1.408036e+00,8.063388e-01,5.830710e-01,4.545752e-01,3.730804e-01,3.136697e-01,2.759681e-01,2.513227e-01,5.339072e-01,6.536749e-01,5.601217e-01,8.558227e-01,5.929156e-01,4.829206e-01
2.850000e-04,8.082685e+00,7.957656e+00,1.398386e+00,8.050086e-01,5.876582e-01,4.548170e-01,3.728058e-01,3.136470e-01,2.743886e-01,2.497891e-01,5.305337e-01,6.854290e-01,6.196859e-01,8.665501e-01,5.954820e-01,4.839532e-01
2.875000e-04,8.085907e+00,7.956892e+00,1.394419e+00,7.945533e-01,5.968369e-01,4.556944e-01,3.723277e-01,3.138242e-01,2.731397e-01,2.477938e-01,5.277025e-01,7.069669e-01,6.694312e-01,8.495945e-01,6.026392e-01,4.844591e-01
2.900000e-04,8.087680e+00,7.956046e+00,1.395960e+00,7.833722e-01,6.050734e-01,4.568673e-01,3.718788e-01,3.139122e-01,2.722193e-01,2.456346e-01,5.257424e-01,7.050725e-01,6.966300e-01,8.138202e-01,6.161161e-01,4.821501e-01
2.925000e-04,8.089163e+00,7.955206e+00,1.400721e+00,7.749583e-01,6.048668e-01,4.594740e-01,3.717212e-01,3.137236e-01,2.716682e-01,2.437269e-01,5.245810e-01,6.834208e-01,7.064727e-01,7.692678e-01,6.408885e-01,4.777228e-01
2.950000e-04,8.091370e+00,7.954273e+00,1.403281e+00,7.693937e-01,5.975355e-01,4.653068e-01,3.720595e-01,3.132612e-01,2.714346e-01,2.421759e-01,5.232949e-01,6.598103e-01,7.124196e-01,7.232134e-01,6.831461e-01,4.732377e-01
2.975000e-04,8.094782e+00,7.953063e+00,1.401543e+00,7.654839e-01,5.886468e-01,4.721127e-01,3.727011e-01,3.126685e-01,2.713412e-01,2.409009e-01,5.214113e-01,6.505378e-01,7.267463e-01,6.801787e-01,7.435913e-01,4.703336e-01
3.000000e-04,8.098572e+00,7.951430e+00,1.397930e+00,7.618980e-01,5.816918e-01,4.740584e-01,3.740205e-01,3.121704e-01,2.711622e-01,2.399120e-01,5.193122e-01,6.607322e-01,7.516027e-01,6.433160e-01,8.116954e-01,4.689603e-01
3.025000e-04,8.101429e+00,7.949552e+00,1.394446e+00,7.584145e-01,5.769139e-01,4.699555e-01,3.774865e-01,3.120034e-01,2.707744e-01,2.392471e-01,5.176000e-01,6.781376e-01,7.795114e-01,6.148668e-01,8.726927e-01,4.691556e-01
3.050000e-04,8.102971e+00,7.947518e+00,1.391785e+00,7.552647e-01,5.736506e-01,4.632312e-01,3.826912e-01,3.121700e-01,2.701935e-01,2.388445e-01,5.164748e-01,6.873650e-01,7.987902e-01,5.975671e-01,9.135971e-01,4.710502e-01
3.075000e-04,8.103316e+00,7.945418e+00,1.388063e+00,7.524178e-01,5.712851e-01,4.571262e-01,3.858316e-01,3.126369e-01,2.695565e-01,2.385305e-01,5.158819e-01,6.865758e-01,7.977507e-01,5.950058e-01,9.330921e-01,4.772716e-01
3.100000e-04,8.102568e+00,7.943228e+00,1.383356e+00,7.500075e-01,5.690774e-01,4.527022e-01,3.843287e-01,3.143316e-01,2.690591e-01,2.381302e-01,5.157678e-01,6.799307e-01,7.753672e-01,6.086887e-01,9.339829e-01,4.924062e-01
3.125000e-04,8.100296e+00,7.940996e+00,1.378406e+00,7.482061e-01,5.667391e-01,4.495892e-01,3.796241e-01,3.178249e-01,2.688264e-01,2.375736e-01,5.163073e-01,6.730577e-01,7.384344e-01,6.535501e-01,9.237827e-01,5.193198e-01
3.150000e-04,8.097164e+00,7.938701e+00,1.372263e+00,7.470829e-01,5.645305e-01,4.473617e-01,3.744813e-01,3.212591e-01,2.688035e-01,2.368924e-01,5.173377e-01,6.688566e-01,6.996833e-01,7.440679e-01,9.075152e-01,5.553163e-01
3.175000e-04,8.094451e+00,7.936260e+00,1.362334e+00,7.466125e-01,5.626449e-01,4.457402e-01,3.703807e-01,3.217798e-01,2.693632e-01,2.362139e-01,5.183585e-01,6.670753e-01,6.717846e-01,8.517611e-01,8.894790e-01,5.938529e-01
3.200000e-04,8.092379e+00,7.933596e+00,1.349449e+00,7.467326e-01,5.611681e-01,4.442751e-01,3.674570e-01,3.189686e-01,2.713071e-01,2.356911e-01,5.189852e-01,6.670985e-01,6.593066e-01,9.180770e-01,8.724359e-01,6.274761e-01
3.225000e-04,8.090823e+00,7.930573e+00,1.332256e+00,7.472494e-01,5.601465e-01,4.426663e-01,3.653416e-01,3.147785e-01,2.741696e-01,2.353322e-01,5.193799e-01,6.680624e-01,6.669558e-01,9.375798e-01,8.585911e-01,6.538967e-01
3.250000e-04,8.090203e+00,7.927014e+00,1.310259e+00,7.478029e-01,5.596020e-01,4.410625e-01,3.637874e-01,3.109484e-01,2.758145e-01,2.352010e-01,5.195199e-01,6.689902e-01,6.940904e-01,9.327727e-01,8.485494e-01,6.727616e-01
3.275000e-04,8.090214e+00,7.922683e+00,1.285682e+00,7.481818e-01,5.595017e-01,4.397098e-01,3.626576e-01,3.080639e-01,2.747451e-01,2.359229e-01,5.193605e-01,6.692789e-01,7.271999e-01,9.055673e-01,8.423068e-01,6.872013e-01
3.300000e-04,8.089504e+00,7.917702e+00,1.258904e+00,7.483207e-01,5.597953e-01,4.387007e-01,3.616569e-01,3.059853e-01,2.715892e-01,2.378239e-01,5.191973e-01,6.689450e-01,7.487994e-01,8.680834e-01,8.397026e-01,7.028029e-01
3.325000e-04,8.088987e+00,7.911631e+00,1.226933e+00,7.483054e-01,5.603749e-01,4.380602e-01,3.605373e-01,3.044349e-01,2.680639e-01,2.397652e-01,5.192230e-01,6.684275e-01,7.558711e-01,8.270621e-01,8.422961e-01,7.192417e-01
3.350000e-04,8.087062e+00,7.906686e+00,1.235872e+00,7.484363e-01,5.610519e-01,4.377814e-01,3.593769e-01,3.032904e-01,2.651484e-01,2.400149e-01,5.195119e-01,6.678530e-01,7.517021e-01,7.857157e-01,8.527923e-01,7.383208e-01
3.375000e-04,8.081408e+00,7.902613e+00,1.260326e+00,7.492795e-01,5.617088e-01,4.378223e-01,3.584102e-01,3.024876e-01,2.629815e-01,2.381035e-01,5.215411e-01,6.670622e-01,7.420902e-01,7.478195e-01,8.748678e-01,7.585914e-01
3.400000e-04,8.073831e+00,7.899451e+00,1.288239e+00,7.515222e-01,5.623650e-01,4.381321e-01,3.577189e-01,3.018159e-01,2.613857e-01,2.350843e-01,5.251806e-01,6.661358e-01,7.332025e-01,7.158602e-01,9.090967e-01,7.791779e-01
3.425000e-04,8.069815e+00,7.896976e+00,1.308269e+00,7.554894e-01,5.631839e-01,4.386375e-01,3.573127e-01,3.010644e-01,2.601608e-01,2.321900e-01,5.279892e-01,6.654833e-01,7.286446e-01,6.919613e-01,9.509017e-01,8.005061e-01
3.450000e-04,8.072266e+00,7.894720e+00,1.315068e+00,7.604304e-01,5.642678e-01,4.392340e-01,3.571846e-01,3.002540e-01,2.592611e-01,2.299317e-01,5.273861e-01,6.655758e-01,7.292744e-01,6.772491e-01,9.893128e-01,8.228255e-01
3.475000e-04,8.078925e+00,7.892105e+00,1.312564e+00,7.647269e-01,5.656640e-01,4.398803e-01,3.572971e-01,2.995797e-01,2.586610e-01,2.282526e-01,5.239794e-01,6.669209e-01,7.342703e-01,6.718218e-01,1.012266e+00,8.457129e-01
3.500000e-04,8.086237e+00,7.889086e+00,1.308120e+00,7.681359e-01,5.676784e-01,4.406558e-01,3.576012e-01,2.991125e-01,2.581959e-01,2.269556e-01,5.199526e-01,6.703148e-01,7.407403e-01,6.779349e-01,1.012867e+00,8.708257e-01
3.525000e-04,8.094347e+00,7.885878e+00,1.306747e+00,7.699868e-01,5.704525e-01,4.416995e-01,3.580449e-01,2.988610e-01,2.576880e-01,2.259330e-01,5.166024e-01,6.760379e-01,7.459094e-01,6.978538e-01,9.940608e-01,8.983697e-01
3.550000e-04,8.100702e+00,7.882818e+00,1.307720e+00,7.654714e-01,5.736475e-01,4.430232e-01,3.585705e-01,2.988245e-01,2.571319e-01,2.251808e-01,5.141484e-01,6.822981e-01,7.481937e-01,7.290925e-01,9.633274e-01,9.247795e-01
3.575000e-04,8.104148e+00,7.879945e+00,1.309123e+00,7.540267e-01,5.768966e-01,4.445087e-01,3.591752e-01,2.989718e-01,2.566789e-01,2.246869e-01,5.124608e-01,6.850160e-01,7.479471e-01,7.640064e-01,9.270162e-01,9.482484e-01
3.600000e-04,8.105829e+00,7.877200e+00,1.311351e+00,7.447151e-01,5.794740e-01,4.461926e-01,3.599454e-01,2.992585e-01,2.563927e-01,2.243307e-01,5.115207e-01,6.811996e-01,7.464908e-01,7.928510e-01,8.895760e-01,9.682399e-01
3.625000e-04,8.104608e+00,7.874473e+00,1.310925e+00,7.455182e-01,5.793085e-01,4.481198e-01,3.610117e-01,2.996458e-01,2.562723e-01,2.239633e-01,5.115459e-01,6.721937e-01,7.458182e-01,8.108770e-01,8.543333e-01,9.835438e-01
3.650000e-04,8.101347e+00,7.871782e+00,1.309856e+00,7.629232e-01,5.737503e-01,4.503936e-01,3.623734e-01,3.001087e-01,2.563060e-01,2.235617e-01,5.123472e-01,6.626803e-01,7.474808e-01,8.193944e-01,8.226379e-01,9.937914e-01
3.675000e-04,8.095016e+00,7.869043e+00,1.307395e+00,7.743347e-01,5.637945e-01,4.529110e-01,3.638527e-01,3.006686e-01,2.564722e-01,2.232417e-01,5.137714e-01,6.574313e-01,7.514394e-01,8.225156e-01,7.950755e-01,9.979861e-01
3.700000e-04,8.086776e+00,7.866078e+00,1.301434e+00,7.707610e-01,5.558347e-01,4.543558e-01,3.653127e-01,3.014101e-01,2.567437e-01,2.230673e-01,5.160862e-01,6.585129e-01,7.560797e-01,8.207771e-01,7.716177e-01,9.954288e-01
3.725000e-04,8.080996e+00,7.862677e+00,1.290696e+00,7.645567e-01,5.552535e-01,4.529950e-01,3.668196e-01,3.024505e-01,2.570927e-01,2.230406e-01,5.184167e-01,6.639400e-01,7.594623e-01,8.170760e-01,7.528836e-01,9.876882e-01
3.750000e-04,8.073982e+00,7.858704e+00,1.275841e+00,7.608721e-01,5.661209e-01,4.480581e-01,3.686303e-01,3.037778e-01,2.575146e-01,2.231459e-01,5.208720e-01,6.689917e-01,7.605532e-01,8.137161e-01,7.385243e-01,9.761532e-01
3.775000e-04,8.066594e+00,7.853724e+00,1.256893e+00,7.598027e-01,5.799686e-01,4.406111e-01,3.703532e-01,3.051772e-01,2.580454e-01,2.233473e-01,5.237752e-01,6.707773e-01,7.590846e-01,8.123315e-01,7.284654e-01,9.615688e-01
3.800000e-04,8.058529e+00,7.847655e+00,1.235484e+00,7.602776e-01,5.812944e-01,4.346246e-01,3.706608e-01,3.064527e-01,2.587706e-01,2.236130e-01,5.269234e-01,6.697289e-01,7.551039e-01,8.131470e-01,7.228214e-01,9.448246e-01
3.825000e-04,8.049159e+00,7.839670e+00,1.212828e+00,7.612293e-01,5.777826e-01,4.339011e-01,3.687105e-01,3.077319e-01,2.597895e-01,2.239340e-01,5.302691e-01,6.681330e-01,7.489418e-01,8.148621e-01,7.217460e-01,9.266228e-01
3.850000e-04,8.039821e+00,7.833711e+00,1.249646e+00,7.621431e-01,5.754857e-01,4.409732e-01,3.645434e-01,3.091818e-01,2.610628e-01,2.243294e-01,5.340422e-01,6.677350e-01,7.418366e-01,8.164256e-01,7.268693e-01,9.074624e-01
3.875000e-04,8.030141e+00,7.828091e+00,1.285439e+00,7.628662e-01,5.749881e-01,4.537517e-01,3.589766e-01,3.101954e-01,2.623547e-01,2.248444e-01,5.375345e-01,6.689342e-01,7.360273e-01,8.167168e-01,7.399602e-01,8.874353e-01
3.900000e-04,8.020526e+00,7.822574e+00,1.317697e+00,7.634444e-01,5.754867e-01,4.575142e-01,3.546716e-01,3.098128e-01,2.635061e-01,2.255628e-01,5.408139e-01,6.713810e-01,7.337987e-01,8.157378e-01,7.618778e-01,8.673299e-01
3.925000e-04,8.012255e+00,7.817304e+00,1.348282e+00,7.639234e-01,5.763642e-01,4.559767e-01,3.542988e-01,3.077930e-01,2.646468e-01,2.265677e-01,5.440318e-01,6.741325e-01,7.366201e-01,8.137669e-01,7.912919e-01,8.476817e-01
3.950000e-04,8.004007e+00,7.812199e+00,1.375812e+00,7.643213e-01,5.774224e-01,4.543912e-01,3.597029e-01,3.044444e-01,2.657291e-01,2.277955e-01,5.473786e-01,6.768123e-01,7.447161e-01,8.114896e-01,8.222217e-01,8.290706e-01
3.975000e-04,7.993968e+00,7.807406e+00,1.398132e+00,7.649474e-01,5.785085e-01,4.541120e-01,3.704624e-01,3.002293e-01,2.661461e-01,2.290077e-01,5.505988e-01,6.799063e-01,7.567282e-01,8.085649e-01,8.480546e-01,8.126867e-01
4.000000e-04,7.980628e+00,7.802900e+00,1.416945e+00,7.662768e-01,5.795103e-01,4.544669e-01,3.751554e-01,2.969738e-01,2.653714e-01,2.300884e-01,5.535031e-01,6.838887e-01,7.697209e-01,8.045145e-01,8.621477e-01,7.979792e-01
4.025000e-04,7.963231e+00,7.798728e+00,1.430168e+00,7.674854e-01,5.803975e-01,4.550535e-01,3.749920e-01,2.966848e-01,2.634862e-01,2.310964e-01,5.577819e-01,6.887337e-01,7.807808e-01,7.991220e-01,8.637129e-01,7.847437e-01
4.050000e-04,7.944154e+00,7.794543e+00,1.431687e+00,7.670103e-01,5.812507e-01,4.558262e-01,3.740794e-01,3.007931e-01,2.608111e-01,2.318238e-01,5.625240e-01,6.937756e-01,7.882770e-01,7.924453e-01,8.557918e-01,7.726419e-01
4.075000e-04,7.931316e+00,7.789852e+00,1.421467e+00,7.702430e-01,5.822922e-01,4.566926e-01,3.739681e-01,3.101021e-01,2.575374e-01,2.317756e-01,5.675039e-01,6.986740e-01,7.921398e-01,7.847737e-01,8.424311e-01,7.620067e-01
4.100000e-04,7.920043e+00,7.783920e+00,1.398398e+00,7.862244e-01,5.833534e-01,4.576174e-01,3.741981e-01,3.153181e-01,2.550949e-01,2.307728e-01,5.736266e-01,7.036325e-01,7.930536e-01,7.772503e-01,8.270871e-01,7.506428e-01
4.125000e-04,7.911042e+00,7.776131e+00,1.364039e+00,8.032407e-01,5.832607e-01,4.585524e-01,3.745319e-01,3.160975e-01,2.549717e-01,2.290787e-01,5.794730e-01,7.090936e-01,7.920612e-01,7.711994e-01,8.117305e-01,7.384123e-01
4.150000e-04,7.905510e+00,7.766496e+00,1.355722e+00,8.055368e-01,5.838117e-01,4.594604e-01,3.750386e-01,3.156628e-01,2.583518e-01,2.269212e-01,5.854798e-01,7.155986e-01,7.904535e-01,7.677705e-01,7.979231e-01,7.264503e-01
4.175000e-04,7.902419e+00,7.758781e+00,1.396631e+00,7.985536e-01,5.916411e-01,4.604451e-01,3.757132e-01,3.155726e-01,2.663340e-01,2.243514e-01,5.908216e-01,7.231965e-01,7.893086e-01,7.675232e-01,7.863082e-01,7.156734e-01
4.200000e-04,7.900320e+00,7.751603e+00,1.428753e+00,7.891493e-01,6.042603e-01,4.610136e-01,3.764671e-01,3.156816e-01,2.716440e-01,2.224779e-01,5.938102e-01,7.314267e-01,7.891284e-01,7.703681e-01,7.768007e-01,7.071180e-01
4.225000e-04,7.898443e+00,7.744868e+00,1.453731e+00,7.798363e-01,6.083749e-01,4.608712e-01,3.771990e-01,3.158608e-01,2.730511e-01,2.225154e-01,5.953525e-01,7.394570e-01,7.899767e-01,7.757589e-01,7.689479e-01,6.998618e-01
4.250000e-04,7.896430e+00,7.737990e+00,1.462469e+00,7.709064e-01,6.040638e-01,4.637366e-01,3.779518e-01,3.161860e-01,2.730130e-01,2.255242e-01,5.973602e-01,7.461649e-01,7.917540e-01,7.828629e-01,7.623103e-01,6.932391e-01
4.275000e-04,7.888524e+00,7.731124e+00,1.468087e+00,7.623513e-01,5.974286e-01,4.726293e-01,3.786738e-01,3.166554e-01,2.729233e-01,2.324986e-01,5.989111e-01,7.505556e-01,7.943228e-01,7.906707e-01,7.567926e-01,6.873306e-01
4.300000e-04,7.869867e+00,7.724493e+00,1.468568e+00,7.550693e-01,5.909008e-01,4.792916e-01,3.787559e-01,3.172049e-01,2.729021e-01,2.376790e-01,5.985221e-01,7.519763e-01,7.974804e-01,7.982799e-01,7.527366e-01,6.834242e-01
4.325000e-04,7.835245e+00,7.717574e+00,1.488285e+00,7.518651e-01,5.849886e-01,4.781782e-01,3.793219e-01,3.177962e-01,2.728844e-01,2.394269e-01,6.010295e-01,7.504236e-01,8.010535e-01,8.049082e-01,7.506665e-01,6.793132e-01
4.350000e-04,7.799938e+00,7.711900e+00,1.519126e+00,7.550939e-01,5.797671e-01,4.731273e-01,3.840524e-01,3.184681e-01,2.729887e-01,2.396518e-01,6.097518e-01,7.467649e-01,8.049266e-01,8.099721e-01,7.510801e-01,6.731328e-01
4.375000e-04,7.788309e+00,7.703602e+00,1.502161e+00,7.635000e-01,5.743398e-01,4.678726e-01,3.912639e-01,3.189169e-01,2.732815e-01,2.395363e-01,6.260530e-01,7.424766e-01,8.087729e-01,8.130736e-01,7.541165e-01,6.667003e-01
4.400000e-04,7.779712e+00,7.693172e+00,1.536332e+00,7.703140e-01,5.693636e-01,4.631812e-01,3.934903e-01,3.188637e-01,2.737327e-01,2.393652e-01,6.482142e-01,7.386092e-01,8.117723e-01,8.141993e-01,7.601579e-01,6.605625e-01
4.425000e-04,7.771042e+00,7.683851e+00,1.594957e+00,7.720236e-01,5.671626e-01,4.591861e-01,3.906874e-01,3.204203e-01,2.743069e-01,2.391758e-01,6.634989e-01,7.353098e-01,8.127372e-01,8.137871e-01,7.696190e-01,6.507938e-01
4.450000e-04,7.760278e+00,7.675101e+00,1.644647e+00,7.709933e-01,5.696502e-01,4.558173e-01,3.861938e-01,3.256240e-01,2.748970e-01,2.391262e-01,6.652852e-01,7.329314e-01,8.107888e-01,8.125876e-01,7.817260e-01,6.407087e-01
4.475000e-04,7.746093e+00,7.666773e+00,1.678459e+00,7.695829e-01,5.764409e-01,4.523286e-01,3.820951e-01,3.302727e-01,2.750916e-01,2.393001e-01,6.669193e-01,7.330485e-01,8.059017e-01,8.114318e-01,7.953514e-01,6.371454e-01
4.500000e-04,7.731013e+00,7.658707e+00,1.699816e+00,7.681811e-01,5.824248e-01,4.488682e-01,3.786566e-01,3.303256e-01,2.753581e-01,2.396713e-01,6.747781e-01,7.383179e-01,7.987704e-01,8.108780e-01,8.097347e-01,6.384954e-01
4.525000e-04,7.719540e+00,7.650794e+00,1.701212e+00,7.664854e-01,5.842665e-01,4.472387e-01,3.759264e-01,3.272769e-01,2.778307e-01,2.401829e-01,6.805254e-01,7.529145e-01,7.903422e-01,8.112757e-01,8.249029e-01,6.427608e-01
4.550000e-04,7.707171e+00,7.641479e+00,1.666754e+00,7.645903e-01,5.836405e-01,4.490622e-01,3.737341e-01,3.234974e-01,2.825288e-01,2.405742e-01,6.815114e-01,7.784298e-01,7.812954e-01,8.126495e-01,8.402250e-01,6.498217e-01
4.575000e-04,7.694930e+00,7.627944e+00,1.622125e+00,7.626782e-01,5.825052e-01,4.544699e-01,3.714316e-01,3.202722e-01,2.850484e-01,2.405663e-01,6.821560e-01,8.053574e-01,7.720223e-01,8.143708e-01,8.549057e-01,6.592263e-01
4.600000e-04,7.683054e+00,7.615857e+00,1.695577e+00,7.608985e-01,5.813001e-01,4.595590e-01,3.689699e-01,3.177253e-01,2.840748e-01,2.412488e-01,6.829596e-01,8.178164e-01,7.633669e-01,8.153785e-01,8.689392e-01,6.689356e-01
4.625000e-04,7.669560e+00,7.604417e+00,1.734305e+00,7.594916e-01,5.799173e-01,4.613907e-01,3.678737e-01,3.158263e-01,2.811323e-01,2.441894e-01,6.854257e-01,8.106833e-01,7.570918e-01,8.149525e-01,8.824403e-01,6.780776e-01
4.650000e-04,7.656318e+00,7.593167e+00,1.749590e+00,7.586333e-01,5.784158e-01,4.610138e-01,3.694858e-01,3.144228e-01,2.779436e-01,2.477385e-01,6.876109e-01,7.879419e-01,7.559471e-01,8.127895e-01,8.950681e-01,6.874249e-01
4.675000e-04,7.639899e+00,7.583242e+00,1.773454e+00,7.581369e-01,5.769802e-01,4.599297e-01,3.740210e-01,3.128849e-01,2.753580e-01,2.487380e-01,6.896090e-01,7.603640e-01,7.635329e-01,8.090997e-01,9.057941e-01,6.965688e-01
4.700000e-04,7.624237e+00,7.575059e+00,1.776781e+00,7.574022e-01,5.758136e-01,4.586438e-01,3.782568e-01,3.110735e-01,2.734393e-01,2.472775e-01,6.917480e-01,7.399207e-01,7.827694e-01,8.040908e-01,9.137330e-01,7.057371e-01
4.725000e-04,7.613765e+00,7.565000e+00,1.712690e+00,7.573643e-01,5.750490e-01,4.572493e-01,3.798386e-01,3.102676e-01,2.721250e-01,2.447093e-01,6.968758e-01,7.326893e-01,8.129859e-01,7.977755e-01,9.183173e-01,7.150366e-01
4.750000e-04,7.606973e+00,7.551945e+00,1.721649e+00,7.608932e-01,5.745700e-01,4.558858e-01,3.794917e-01,3.116879e-01,2.712467e-01,2.422732e-01,7.066554e-01,7.396581e-01,8.454826e-01,7.903264e-01,9.190741e-01,7.246474e-01
4.775000e-04,7.600746e+00,7.540128e+00,1.744546e+00,7.677592e-01,5.739492e-01,4.547306e-01,3.783675e-01,3.155097e-01,2.701633e-01,2.403583e-01,7.112413e-01,7.567048e-01,8.697023e-01,7.824072e-01,9.163836e-01,7.341757e-01
4.800000e-04,7.593705e+00,7.528849e+00,1.743542e+00,7.724923e-01,5.738683e-01,4.539335e-01,3.770247e-01,3.192051e-01,2.688078e-01,2.390184e-01,7.058004e-01,7.731413e-01,8.805610e-01,7.752296e-01,9.108925e-01,7.430961e-01
4.825000e-04,7.586727e+00,7.518304e+00,1.725404e+00,7.719183e-01,5.758284e-01,4.534231e-01,3.756614e-01,3.206782e-01,2.682967e-01,2.382505e-01,6.938395e-01,7.819104e-01,8.788980e-01,7.703582e-01,9.036243e-01,7.508858e-01
4.850000e-04,7.577410e+00,7.508619e+00,1.690355e+00,7.680527e-01,5.793265e-01,4.529594e-01,3.743974e-01,3.203586e-01,2.696322e-01,2.381256e-01,6.865688e-01,7.854884e-01,8.673829e-01,7.696245e-01,8.956855e-01,7.569905e-01
4.875000e-04,7.567815e+00,7.498303e+00,1.625733e+00,7.638552e-01,5.813525e-01,4.527203e-01,3.733985e-01,3.191972e-01,2.729231e-01,2.383122e-01,6.867611e-01,7.871771e-01,8.487513e-01,7.749744e-01,8.878660e-01,7.609628e-01
4.900000e-04,7.560481e+00,7.485875e+00,1.608508e+00,7.603679e-01,5.804865e-01,4.537867e-01,3.727357e-01,3.178312e-01,2.761574e-01,2.390173e-01,6.881580e-01,7.896171e-01,8.265443e-01,7.874435e-01,8.804420e-01,7.627721e-01
4.925000e-04,7.555052e+00,7.474868e+00,1.640536e+00,7.569869e-01,5.778745e-01,4.560557e-01,3.722253e-01,3.165053e-01,2.774864e-01,2.414116e-01,6.879228e-01,7.927970e-01,8.050513e-01,8.058811e-01,8.736892e-01,7.625782e-01
4.950000e-04,7.547921e+00,7.464474e+00,1.652397e+00,7.529704e-01,5.751279e-01,4.574450e-01,3.718884e-01,3.153417e-01,2.771676e-01,2.460892e-01,6.862555e-01,7.947368e-01,7.884620e-01,8.268101e-01,8.679541e-01,7.607872e-01
4.975000e-04,7.533845e+00,7.454970e+00,1.655315e+00,7.487321e-01,5.729292e-01,4.567261e-01,3.723381e-01,3.144567e-01,2.759851e-01,2.533470e-01,6.847289e-01,7.922452e-01,7.799342e-01,8.467081e-01,8.637454e-01,7.578585e-01
5.000000e-04,7.518225e+00,7.447174e+00,1.670465e+00,7.451713e-01,5.710113e-01,4.547389e-01,3.738915e-01,3.137943e-01,2.746218e-01,2.610931e-01,6.822302e-01,7.827756e-01,7.812379e-01,8.633246e-01,8.616193e-01,7.541989e-01
5.025000e-04,7.506391e+00,7.441647e+00,1.681286e+00,7.428687e-01,5.688152e-01,4.526765e-01,3.751761e-01,3.132519e-01,2.733575e-01,2.677695e-01,6.813702e-01,7.678545e-01,7.929606e-01,8.749311e-01,8.618971e-01,7.502196e-01
5.050000e-04,7.498155e+00,7.436168e+00,1.655950e+00,7.420761e-01,5.660729e-01,4.510805e-01,3.748363e-01,3.131821e-01,2.723040e-01,2.735907e-01,6.837692e-01,7.533979e-01,8.125848e-01,8.801252e-01,8.642950e-01,7.463000e-01
5.075000e-04,7.493161e+00,7.427995e+00,1.589530e+00,7.427463e-01,5.632445e-01,4.498146e-01,3.732387e-01,3.140795e-01,2.714829e-01,2.794160e-01,6.898323e-01,7.460712e-01,8.335834e-01,8.784886e-01,8.679631e-01,7.429186e-01
5.100000e-04,7.489694e+00,7.417307e+00,1.574715e+00,7.442844e-01,5.610320e-01,4.484743e-01,3.714549e-01,3.153293e-01,2.708099e-01,2.860776e-01,7.008595e-01,7.489962e-01,8.495871e-01,8.711090e-01,8.718838e-01,7.404883e-01
5.125000e-04,7.485938e+00,7.408458e+00,1.609583e+00,7.458300e-01,5.597927e-01,4.468277e-01,3.701208e-01,3.155653e-01,2.703944e-01,2.937923e-01,7.117444e-01,7.616971e-01,8.577066e-01,8.602958e-01,8.755200e-01,7.393485e-01
5.150000e-04,7.480870e+00,7.400672e+00,1.635002e+00,7.467825e-01,5.596363e-01,4.448307e-01,3.692071e-01,3.144320e-01,2.706580e-01,3.027061e-01,7.153489e-01,7.777101e-01,8.584700e-01,8.475185e-01,8.790716e-01,7.396567e-01
5.175000e-04,7.473587e+00,7.393868e+00,1.654903e+00,7.471946e-01,5.605009e-01,4.428301e-01,3.683817e-01,3.127799e-01,2.715906e-01,3.122781e-01,7.102874e-01,7.888621e-01,8.524884e-01,8.337608e-01,8.829629e-01,7.411590e-01
5.200000e-04,7.463878e+00,7.387841e+00,1.665209e+00,7.474885e-01,5.619100e-01,4.413158e-01,3.673712e-01,3.114438e-01,2.722083e-01,3.225338e-01,7.029538e-01,7.930477e-01,8.407019e-01,8.196281e-01,8.873854e-01,7.432819e-01
5.225000e-04,7.454759e+00,7.382442e+00,1.666348e+00,7.478055e-01,5.631728e-01,4.405190e-01,3.660838e-01,3.106547e-01,2.717131e-01,3.332560e-01,7.008410e-01,7.934127e-01,8.247242e-01,8.057178e-01,8.921122e-01,7.453739e-01
5.250000e-04,7.448196e+00,7.377503e+00,1.656581e+00,7.480806e-01,5.639136e-01,4.405293e-01,3.645709e-01,3.101099e-01,2.703492e-01,3.447023e-01,7.054196e-01,7.948344e-01,8.076780e-01,7.929859e-01,8.966309e-01,7.468884e-01
5.275000e-04,7.441040e+00,7.372293e+00,1.635659e+00,7.485448e-01,5.642504e-01,4.412910e-01,3.631104e-01,3.095214e-01,2.689308e-01,3.565874e-01,7.119737e-01,8.010892e-01,7.929699e-01,7.825920e-01,9.002667e-01,7.476914e-01
5.300000e-04,7.434732e+00,7.365738e+00,1.596789e+00,7.495190e-01,5.645078e-01,4.424079e-01,3.620388e-01,3.087402e-01,2.679982e-01,3.679566e-01,7.152199e-01,8.105817e-01,7.826553e-01,7.757282e-01,9.022474e-01,7.480493e-01
5.325000e-04,7.429934e+00,7.356241e+00,1.535370e+00,7.508493e-01,5.648950e-01,4.433531e-01,3.615212e-01,3.077581e-01,2.675255e-01,3.785558e-01,7.148170e-01,8.175981e-01,7.780391e-01,7.733231e-01,9.018017e-01,7.484567e-01
5.350000e-04,7.426043e+00,7.346793e+00,1.562264e+00,7.519501e-01,5.654641e-01,4.438635e-01,3.616274e-01,3.066006e-01,2.671775e-01,3.891337e-01,7.145662e-01,8.168073e-01,7.798894e-01,7.755442e-01,8.983516e-01,7.495509e-01
5.375000e-04,7.421461e+00,7.338688e+00,1.599607e+00,7.523384e-01,5.661722e-01,4.440609e-01,3.622798e-01,3.054958e-01,2.667170e-01,4.006886e-01,7.170237e-01,8.074003e-01,7.883161e-01,7.823248e-01,8.918434e-01,7.516783e-01
5.400000e-04,7.414839e+00,7.331200e+00,1.630886e+00,7.520302e-01,5.667970e-01,4.442507e-01,3.631322e-01,3.046994e-01,2.660831e-01,4.134729e-01,7.214542e-01,7.924821e-01,8.026727e-01,7.905884e-01,8.827182e-01,7.546075e-01
5.425000e-04,7.405341e+00,7.324428e+00,1.657426e+00,7.517484e-01,5.670976e-01,4.446543e-01,3.637695e-01,3.043394e-01,2.653065e-01,4.269629e-01,7.237703e-01,7.770769e-01,8.205313e-01,7.962457e-01,8.717532e-01,7.576420e-01
5.450000e-04,7.392799e+00,7.318319e+00,1.677023e+00,7.522603e-01,5.669522e-01,4.452724e-01,3.640436e-01,3.044719e-01,2.644256e-01,4.404104e-01,7.222789e-01,7.667001e-01,8.378374e-01,7.968280e-01,8.599062e-01,7.599425e-01
5.475000e-04,7.384008e+00,7.312823e+00,1.684525e+00,7.518486e-01,5.664308e-01,4.458469e-01,3.641131e-01,3.050212e-01,2.635954e-01,4.528599e-01,7.187820e-01,7.646003e-01,8.500213e-01,7.931469e-01,8.480425e-01,7.609040e-01
5.500000e-04,7.377565e+00,7.307455e+00,1.672422e+00,7.480379e-01,5.660125e-01,4.460928e-01,3.642592e-01,3.056815e-01,2.629903e-01,4.639058e-01,7.169128e-01,7.714098e-01,8.547138e-01,7.871170e-01,8.368586e-01,7.603693e-01
5.525000e-04,7.371501e+00,7.301095e+00,1.635952e+00,7.426714e-01,5.663680e-01,4.459029e-01,3.646479e-01,3.061108e-01,2.627401e-01,4.735505e-01,7.191458e-01,7.842507e-01,8.518075e-01,7.812327e-01,8.267991e-01,7.586649e-01
5.550000e-04,7.366073e+00,7.292073e+00,1.572120e+00,7.409382e-01,5.669566e-01,4.453798e-01,3.651484e-01,3.062273e-01,2.628902e-01,4.816150e-01,7.241078e-01,7.962361e-01,8.423635e-01,7.770367e-01,8.180472e-01,7.562739e-01
5.575000e-04,7.360902e+00,7.280624e+00,1.560187e+00,7.447871e-01,5.653963e-01,4.448534e-01,3.654511e-01,3.062124e-01,2.633502e-01,4.885493e-01,7.275164e-01,8.017478e-01,8.280923e-01,7.756672e-01,8.106886e-01,7.536286e-01
5.600000e-04,7.354945e+00,7.271376e+00,1.606865e+00,7.509465e-01,5.607850e-01,4.448058e-01,3.653473e-01,3.063260e-01,2.638436e-01,4.952997e-01,7.275431e-01,8.004638e-01,8.116183e-01,7.771911e-01,8.048644e-01,7.511373e-01
5.625000e-04,7.347202e+00,7.263030e+00,1.642334e+00,7.532286e-01,5.558870e-01,4.452277e-01,3.648601e-01,3.066499e-01,2.641073e-01,5.023685e-01,7.249997e-01,7.938653e-01,7.954926e-01,7.810149e-01,8.008759e-01,7.491400e-01
5.650000e-04,7.336104e+00,7.255485e+00,1.672368e+00,7.517736e-01,5.546865e-01,4.449835e-01,3.642843e-01,3.069824e-01,2.641194e-01,5.104273e-01,7.219148e-01,7.843280e-01,7.816201e-01,7.864920e-01,7.990329e-01,7.476570e-01
5.675000e-04,7.320937e+00,7.248831e+00,1.693724e+00,7.492475e-01,5.579783e-01,4.426785e-01,3.640333e-01,3.070412e-01,2.640721e-01,5.195385e-01,7.199500e-01,7.749282e-01,7.710053e-01,7.930720e-01,7.997562e-01,7.465675e-01
5.700000e-04,7.312366e+00,7.243132e+00,1.705032e+00,7.469713e-01,5.632025e-01,4.385652e-01,3.642190e-01,3.066886e-01,2.641687e-01,5.291629e-01,7.192613e-01,7.680452e-01,7.641478e-01,8.003590e-01,8.032811e-01,7.455300e-01
5.725000e-04,7.304551e+00,7.237535e+00,1.692909e+00,7.450265e-01,5.656285e-01,4.349880e-01,3.642981e-01,3.060981e-01,2.644117e-01,5.380881e-01,7.196379e-01,7.653230e-01,7.611339e-01,8.074785e-01,8.095533e-01,7.440704e-01
5.750000e-04,7.297484e+00,7.230808e+00,1.650471e+00,7.433969e-01,5.652219e-01,4.344765e-01,3.633506e-01,3.056453e-01,2.645740e-01,5.456572e-01,7.209676e-01,7.670528e-01,7.619949e-01,8.126072e-01,8.179721e-01,7.420439e-01
5.775000e-04,7.290853e+00,7.220720e+00,1.579095e+00,7.422206e-01,5.638499e-01,4.373600e-01,3.608888e-01,3.055816e-01,2.644153e-01,5.513870e-01,7.227737e-01,7.715146e-01,7.664048e-01,8.138111e-01,8.272734e-01,7.396605e-01
5.800000e-04,7.284174e+00,7.209936e+00,1.605135e+00,7.416866e-01,5.625532e-01,4.416635e-01,3.574900e-01,3.056720e-01,2.639121e-01,5.557409e-01,7.249906e-01,7.757205e-01,7.731448e-01,8.106532e-01,8.359959e-01,7.374608e-01
5.825000e-04,7.276706e+00,7.201082e+00,1.649634e+00,7.418200e-01,5.614361e-01,4.438549e-01,3.551189e-01,3.053518e-01,2.633452e-01,5.588473e-01,7.267832e-01,7.770765e-01,7.799023e-01,8.037395e-01,8.431886e-01,7.360659e-01
5.850000e-04,7.268036e+00,7.193121e+00,1.684762e+00,7.424387e-01,5.605080e-01,4.439001e-01,3.552534e-01,3.041295e-01,2.630419e-01,5.609559e-01,7.262667e-01,7.748158e-01,7.845636e-01,7.942127e-01,8.487043e-01,7.361319e-01
5.875000e-04,7.257883e+00,7.186070e+00,1.703370e+00,7.432506e-01,5.598651e-01,4.430822e-01,3.580084e-01,3.019107e-01,2.630047e-01,5.624196e-01,7.236034e-01,7.696984e-01,7.863953e-01,7.833547e-01,8.528812e-01,7.380995e-01
5.900000e-04,7.249032e+00,7.179772e+00,1.708030e+00,7.441609e-01,5.596129e-01,4.421620e-01,3.615866e-01,2.992354e-01,2.628575e-01,5.642175e-01,7.201795e-01,7.638781e-01,7.858742e-01,7.726608e-01,8.560029e-01,7.420142e-01
5.925000e-04,7.242767e+00,7.174061e+00,1.697654e+00,7.452620e-01,5.597571e-01,4.413032e-01,3.633226e-01,2.976695e-01,2.622352e-01,5.672639e-01,7.175780e-01,7.597817e-01,7.838190e-01,7.633927e-01,8.581478e-01,7.474639e-01
5.950000e-04,7.236568e+00,7.168241e+00,1.666140e+00,7.463904e-01,5.601758e-01,4.405604e-01,3.634351e-01,2.981204e-01,2.609608e-01,5.712703e-01,7.174199e-01,7.588076e-01,7.813183e-01,7.563457e-01,8.592324e-01,7.538712e-01
5.975000e-04,7.231265e+00,7.161000e+00,1.609346e+00,7.469427e-01,5.607564e-01,4.400390e-01,3.628443e-01,3.007433e-01,2.590159e-01,5.760093e-01,7.189815e-01,7.612051e-01,7.791917e-01,7.518740e-01,8.591826e-01,7.606836e-01
6.000000e-04,7.227096e+00,7.150220e+00,1.530207e+00,7.470639e-01,5.614829e-01,4.398278e-01,3.621064e-01,3.037429e-01,2.569320e-01,5.792768e-01,7.202491e-01,7.657374e-01,7.778737e-01,7.500212e-01,8.580495e-01,7.673368e-01
6.025000e-04,7.224148e+00,7.140710e+00,1.571244e+00,7.486830e-01,5.622333e-01,4.399265e-01,3.613676e-01,3.051509e-01,2.559779e-01,5.807509e-01,7.196106e-01,7.700102e-01,7.774327e-01,7.507524e-01,8.560109e-01,7.732303e-01
6.050000e-04,7.221938e+00,7.132604e+00,1.598364e+00,7.532390e-01,5.626012e-01,4.402582e-01,3.607097e-01,3.052531e-01,2.567118e-01,5.795815e-01,7.166833e-01,7.717470e-01,7.779309e-01,7.542434e-01,8.532709e-01,7.777470e-01
6.075000e-04,7.219961e+00,7.125232e+00,1.608999e+00,7.581803e-01,5.625400e-01,4.407697e-01,3.602383e-01,3.047578e-01,2.591901e-01,5.765929e-01,7.128244e-01,7.702814e-01,7.793452e-01,7.602948e-01,8.501046e-01,7.804737e-01
6.100000e-04,7.215627e+00,7.118452e+00,1.605917e+00,7.597020e-01,5.631746e-01,4.413772e-01,3.600260e-01,3.041007e-01,2.617361e-01,5.727138e-01,7.098088e-01,7.660718e-01,7.814498e-01,7.687382e-01,8.467781e-01,7.814544e-01
6.125000e-04,7.206015e+00,7.112375e+00,1.599560e+00,7.577242e-01,5.657748e-01,4.417960e-01,3.600741e-01,3.034252e-01,2.628811e-01,5.706734e-01,7.079835e-01,7.605496e-01,7.839758e-01,7.786189e-01,8.434747e-01,7.812007e-01
6.150000e-04,7.189371e+00,7.107204e+00,1.599015e+00,7.543469e-01,5.691574e-01,4.418013e-01,3.603505e-01,3.028213e-01,2.629407e-01,5.724287e-01,7.067107e-01,7.553982e-01,7.866935e-01,7.885461e-01,8.402949e-01,7.802784e-01
6.175000e-04,7.178584e+00,7.102977e+00,1.594623e+00,7.510177e-01,5.705454e-01,4.419030e-01,3.607934e-01,3.023815e-01,2.624754e-01,5.776233e-01,7.049486e-01,7.520711e-01,7.894828e-01,7.970255e-01,8.373486e-01,7.792467e-01
6.200000e-04,7.173560e+00,7.098399e+00,1.566036e+00,7.478124e-01,5.693557e-01,4.432137e-01,3.612079e-01,3.021626e-01,2.618507e-01,5.848176e-01,7.018339e-01,7.512951e-01,7.921894e-01,8.032843e-01,8.347360e-01,7.786159e-01
6.225000e-04,7.170785e+00,7.092287e+00,1.515719e+00,7.443285e-01,5.669993e-01,4.456586e-01,3.613240e-01,3.021784e-01,2.612134e-01,5.891767e-01,6.975602e-01,7.524926e-01,7.946297e-01,8.072358e-01,8.325277e-01,7.788429e-01
6.250000e-04,7.169283e+00,7.083522e+00,1.452070e+00,7.409650e-01,5.647614e-01,4.472687e-01,3.612769e-01,3.024106e-01,2.606514e-01,5.915566e-01,6.940410e-01,7.541159e-01,7.965602e-01,8.093921e-01,8.307715e-01,7.801232e-01
6.275000e-04,7.168198e+00,7.076185e+00,1.470325e+00,7.391008e-01,5.628355e-01,4.468628e-01,3.618544e-01,3.027475e-01,2.602391e-01,5.922594e-01,6.936271e-01,7.547414e-01,7.976669e-01,8.104383e-01,8.296075e-01,7.821189e-01
6.300000e-04,7.166997e+00,7.070133e+00,1.494042e+00,7.398202e-01,5.607355e-01,4.451526e-01,3.635418e-01,3.029390e-01,2.600242e-01,5.911861e-01,6.985507e-01,7.541136e-01,7.976642e-01,8.110316e-01,8.293269e-01,7.841252e-01
6.325000e-04,7.165680e+00,7.064975e+00,1.508273e+00,7.427490e-01,5.582172e-01,4.433025e-01,3.652680e-01,3.028717e-01,2.600325e-01,5.899838e-01,7.094534e-01,7.525016e-01,7.965175e-01,8.117354e-01,8.302338e-01,7.856189e-01
6.350000e-04,7.163487e+00,7.060581e+00,1.518687e+00,7.458205e-01,5.558687e-01,4.418100e-01,3.655748e-01,3.029626e-01,2.602254e-01,5.883648e-01,7.206591e-01,7.501352e-01,7.944612e-01,8.128483e-01,8.325855e-01,7.864495e-01
6.375000e-04,7.160699e+00,7.056666e+00,1.527422e+00,7.475681e-01,5.548763e-01,4.404574e-01,3.644988e-01,3.038878e-01,2.604284e-01,5.869269e-01,7.238161e-01,7.474005e-01,7.919020e-01,8.144181e-01,8.365662e-01,7.865882e-01
6.400000e-04,7.156872e+00,7.053440e+00,1.531807e+00,7.482260e-01,5.559994e-01,4.388830e-01,3.629262e-01,3.054528e-01,2.604348e-01,5.855016e-01,7.171113e-01,7.453963e-01,7.893130e-01,8.162329e-01,8.421428e-01,7.861319e-01
6.425000e-04,7.152426e+00,7.050649e+00,1.533891e+00,7.486051e-01,5.588327e-01,4.370479e-01,3.615601e-01,3.063780e-01,2.603547e-01,5.847603e-01,7.060770e-01,7.460976e-01,7.871372e-01,8.178871e-01,8.489078e-01,7.852477e-01
6.450000e-04,7.148524e+00,7.048274e+00,1.530811e+00,7.490107e-01,5.616267e-01,4.355103e-01,3.604734e-01,3.060315e-01,2.607186e-01,5.851765e-01,6.985547e-01,7.516669e-01,7.856611e-01,8.189076e-01,8.561731e-01,7.843198e-01
6.475000e-04,7.145553e+00,7.046182e+00,1.521851e+00,7.491033e-01,5.632275e-01,4.351258e-01,3.594124e-01,3.048798e-01,2.618137e-01,5.853260e-01,6.982244e-01,7.630472e-01,7.849114e-01,8.188916e-01,8.631475e-01,7.838247e-01
6.500000e-04,7.143095e+00,7.044122e+00,1.507665e+00,7.485871e-01,5.639346e-01,4.363835e-01,3.581781e-01,3.036186e-01,2.629536e-01,5.856094e-01,7.034852e-01,7.782202e-01,7.846949e-01,8.176254e-01,8.691393e-01,7.841279e-01
6.525000e-04,7.139948e+00,7.042012e+00,1.493941e+00,7.475881e-01,5.644457e-01,4.388877e-01,3.568390e-01,3.025931e-01,2.632127e-01,5.866514e-01,7.094039e-01,7.924610e-01,7.848062e-01,8.151470e-01,8.736955e-01,7.855073e-01
6.550000e-04,7.135578e+00,7.040240e+00,1.486176e+00,7.465103e-01,5.649225e-01,4.411731e-01,3.558835e-01,3.017365e-01,2.625547e-01,5.884546e-01,7.131218e-01,8.013866e-01,7.853326e-01,8.117919e-01,8.766092e-01,7.880663e-01
6.575000e-04,7.132220e+00,7.038760e+00,1.480793e+00,7.457210e-01,5.650394e-01,4.424553e-01,3.559499e-01,3.008811e-01,2.614838e-01,5.914170e-01,7.147041e-01,8.028308e-01,7.869424e-01,8.080050e-01,8.778892e-01,7.916992e-01
6.600000e-04,7.131437e+00,7.037344e+00,1.470478e+00,7.453688e-01,5.645892e-01,4.430730e-01,3.573146e-01,2.999309e-01,2.604724e-01,5.941272e-01,7.152531e-01,7.972405e-01,7.907978e-01,8.041648e-01,8.777135e-01,7.960158e-01
6.625000e-04,7.132471e+00,7.035802e+00,1.454982e+00,7.453182e-01,5.637345e-01,4.435342e-01,3.595081e-01,2.989595e-01,2.596581e-01,5.948042e-01,7.158187e-01,7.866849e-01,7.978235e-01,8.004455e-01,8.762112e-01,8.004530e-01
6.650000e-04,7.134003e+00,7.034043e+00,1.437178e+00,7.453654e-01,5.628088e-01,4.438732e-01,3.613175e-01,2.983861e-01,2.589637e-01,5.942278e-01,7.166590e-01,7.747899e-01,8.078485e-01,7.968239e-01,8.733842e-01,8.046865e-01
6.675000e-04,7.135121e+00,7.032086e+00,1.419912e+00,7.456245e-01,5.620745e-01,4.438374e-01,3.622994e-01,2.986699e-01,2.582927e-01,5.934048e-01,7.183110e-01,7.655249e-01,8.193242e-01,7.932316e-01,8.693037e-01,8.087253e-01
6.700000e-04,7.135596e+00,7.029997e+00,1.404332e+00,7.465871e-01,5.615708e-01,4.433490e-01,3.628048e-01,2.999934e-01,2.575722e-01,5.928254e-01,7.218067e-01,7.614138e-01,8.301704e-01,7.897612e-01,8.642443e-01,8.126258e-01
6.725000e-04,7.135460e+00,7.027807e+00,1.390361e+00,7.486097e-01,5.612300e-01,4.425851e-01,3.631519e-01,3.019000e-01,2.568861e-01,5.925618e-01,7.269771e-01,7.635097e-01,8.386621e-01,7.868127e-01,8.587705e-01,8.161253e-01
6.750000e-04,7.134923e+00,7.025411e+00,1.377174e+00,7.512928e-01,5.611706e-01,4.418036e-01,3.632940e-01,3.033540e-01,2.565894e-01,5.926504e-01,7.316572e-01,7.713744e-01,8.436434e-01,7.851125e-01,8.534808e-01,8.187050e-01
6.775000e-04,7.134202e+00,7.022718e+00,1.363183e+00,7.536273e-01,5.616910e-01,4.411437e-01,3.630731e-01,3.041414e-01,2.570420e-01,5.930020e-01,7.331804e-01,7.827028e-01,8.446482e-01,7.855337e-01,8.488325e-01,8.200814e-01
6.800000e-04,7.133094e+00,7.019518e+00,1.347146e+00,7.548272e-01,5.628385e-01,4.406424e-01,3.625151e-01,3.045465e-01,2.583551e-01,5.933943e-01,7.309188e-01,7.941407e-01,8.419266e-01,7.887372e-01,8.449702e-01,8.203849e-01
6.825000e-04,7.130445e+00,7.015921e+00,1.331485e+00,7.546927e-01,5.641487e-01,4.403997e-01,3.617943e-01,3.047701e-01,2.599951e-01,5.937430e-01,7.268995e-01,8.027518e-01,8.360540e-01,7.948569e-01,8.419116e-01,8.199595e-01
6.850000e-04,7.125435e+00,7.013037e+00,1.343819e+00,7.534549e-01,5.650544e-01,4.406252e-01,3.610847e-01,3.047529e-01,2.611651e-01,5.947827e-01,7.245119e-01,8.076701e-01,8.278891e-01,8.032384e-01,8.398180e-01,8.191010e-01
6.875000e-04,7.117801e+00,7.010613e+00,1.368308e+00,7.515109e-01,5.653745e-01,4.413531e-01,3.604801e-01,3.044277e-01,2.617844e-01,5.971908e-01,7.259184e-01,8.091712e-01,8.185988e-01,8.127219e-01,8.390458e-01,8.179021e-01
6.900000e-04,7.112103e+00,7.008556e+00,1.395104e+00,7.491653e-01,5.653004e-01,4.422097e-01,3.600863e-01,3.038547e-01,2.620851e-01,6.013058e-01,7.304942e-01,8.079153e-01,8.095869e-01,8.220912e-01,8.398800e-01,8.165023e-01
6.925000e-04,7.107885e+00,7.006612e+00,1.418525e+00,7.466327e-01,5.650349e-01,4.427128e-01,3.600747e-01,3.031705e-01,2.621860e-01,6.064473e-01,7.354064e-01,8.052486e-01,8.024187e-01,8.302807e-01,8.422538e-01,8.153277e-01
6.950000e-04,7.104317e+00,7.004658e+00,1.438780e+00,7.441384e-01,5.645691e-01,4.427211e-01,3.605197e-01,3.025028e-01,2.620491e-01,6.104834e-01,7.381729e-01,8.021783e-01,7.982790e-01,8.364376e-01,8.457290e-01,8.149195e-01
6.975000e-04,7.101092e+00,7.002595e+00,1.457985e+00,7.420147e-01,5.637757e-01,4.424569e-01,3.611770e-01,3.019689e-01,2.616644e-01,6.132044e-01,7.386907e-01,7.987984e-01,7.978869e-01,8.400637e-01,8.497692e-01,8.156457e-01
7.000000e-04,7.098022e+00,7.000406e+00,1.476779e+00,7.406866e-01,5.625581e-01,4.422441e-01,3.616238e-01,3.017236e-01,2.610981e-01,6.157487e-01,7.387337e-01,7.949792e-01,8.010899e-01,8.409565e-01,8.538901e-01,8.174176e-01
7.025000e-04,7.095077e+00,6.998140e+00,1.494744e+00,7.405052e-01,5.609755e-01,4.421894e-01,3.616426e-01,3.018873e-01,2.604505e-01,6.179445e-01,7.408496e-01,7.910041e-01,8.071748e-01,8.393291e-01,8.578043e-01,8.198632e-01
7.050000e-04,7.092171e+00,6.995801e+00,1.511448e+00,7.414432e-01,5.592955e-01,4.421007e-01,3.613554e-01,3.023539e-01,2.598390e-01,6.198115e-01,7.465922e-01,7.877219e-01,8.148726e-01,8.357808e-01,8.614642e-01,8.226499e-01
7.075000e-04,7.089124e+00,6.993328e+00,1.527756e+00,7.429725e-01,5.579218e-01,4.417046e-01,3.610602e-01,3.027940e-01,2.594133e-01,6.212105e-01,7.546849e-01,7.860292e-01,8.224346e-01,8.310387e-01,8.649654e-01,8.254879e-01
7.100000e-04,7.085683e+00,6.990768e+00,1.542416e+00,7.444181e-01,5.572637e-01,4.408680e-01,3.609975e-01,3.029270e-01,2.593194e-01,6.220592e-01,7.611935e-01,7.863267e-01,8.280501e-01,8.257598e-01,8.684131e-01,8.280659e-01
7.125000e-04,7.081552e+00,6.988114e+00,1.555033e+00,7.455321e-01,5.575541e-01,4.396980e-01,3.611354e-01,3.027380e-01,2.595599e-01,6.225793e-01,7.629287e-01,7.885783e-01,8.307676e-01,8.203852e-01,8.718128e-01,8.301259e-01
7.150000e-04,7.076286e+00,6.985373e+00,1.565459e+00,7.465405e-01,5.586964e-01,4.384792e-01,3.611859e-01,3.024231e-01,2.599255e-01,6.231347e-01,7.599077e-01,7.926827e-01,8.305782e-01,8.151688e-01,8.751043e-01,8.316510e-01
7.175000e-04,7.070064e+00,6.982613e+00,1.574062e+00,7.476724e-01,5.602043e-01,4.375756e-01,3.608867e-01,3.022418e-01,2.601418e-01,6.244536e-01,7.548275e-01,7.985009e-01,8.277135e-01,8.102905e-01,8.782412e-01,8.329037e-01
7.200000e-04,7.062886e+00,6.979854e+00,1.581823e+00,7.488286e-01,5.614996e-01,4.372902e-01,3.601885e-01,3.023389e-01,2.600831e-01,6.262622e-01,7.508154e-01,8.055731e-01,8.228430e-01,8.058890e-01,8.811402e-01,8.342992e-01
7.225000e-04,7.055767e+00,6.977021e+00,1.584962e+00,7.497378e-01,5.624100e-01,4.377622e-01,3.592433e-01,3.025861e-01,2.598259e-01,6.281835e-01,7.492891e-01,8.128789e-01,8.169156e-01,8.020933e-01,8.835939e-01,8.362146e-01
7.250000e-04,7.049335e+00,6.973916e+00,1.580580e+00,7.502685e-01,5.631384e-01,4.388747e-01,3.583271e-01,3.026774e-01,2.595686e-01,6.306460e-01,7.496679e-01,8.190326e-01,8.111116e-01,7.991236e-01,8.853048e-01,8.388787e-01
7.275000e-04,7.045940e+00,6.970442e+00,1.567413e+00,7.504505e-01,5.638836e-01,4.401909e-01,3.577416e-01,3.024253e-01,2.595155e-01,6.330848e-01,7.501671e-01,8.228599e-01,8.065410e-01,7.972193e-01,8.859753e-01,8.423454e-01
7.300000e-04,7.042845e+00,6.966271e+00,1.545021e+00,7.503569e-01,5.646383e-01,4.412512e-01,3.576868e-01,3.018349e-01,2.597230e-01,6.343908e-01,7.498700e-01,8.237233e-01,8.041783e-01,7.965691e-01,8.854112e-01,8.463532e-01
7.325000e-04,7.039457e+00,6.960987e+00,1.514729e+00,7.500262e-01,5.652367e-01,4.419548e-01,3.582514e-01,3.010733e-01,2.600071e-01,6.353901e-01,7.493529e-01,8.214771e-01,8.047506e-01,7.973720e-01,8.836316e-01,8.503955e-01
7.350000e-04,7.035522e+00,6.954352e+00,1.478849e+00,7.494766e-01,5.655072e-01,4.424765e-01,3.592886e-01,3.003845e-01,2.600941e-01,6.369064e-01,7.494761e-01,8.163523e-01,8.085153e-01,7.996027e-01,8.808712e-01,8.539547e-01
7.375000e-04,7.031216e+00,6.946426e+00,1.461333e+00,7.488384e-01,5.653706e-01,4.429920e-01,3.603949e-01,2.999922e-01,2.598669e-01,6.384367e-01,7.506657e-01,8.090314e-01,8.151179e-01,8.026508e-01,8.774674e-01,8.567153e-01
7.400000e-04,7.026693e+00,6.940668e+00,1.502081e+00,7.484186e-01,5.648553e-01,4.435133e-01,3.612179e-01,3.000528e-01,2.593740e-01,6.406104e-01,7.520469e-01,8.007341e-01,8.235195e-01,8.055829e-01,8.736545e-01,8.586874e-01
7.425000e-04,7.022324e+00,6.935475e+00,1.536029e+00,7.482661e-01,5.640484e-01,4.439040e-01,3.617294e-01,3.006237e-01,2.587693e-01,6.425022e-01,7.523219e-01,7.931139e-01,8.321868e-01,8.074487e-01,8.694783e-01,8.601941e-01
7.450000e-04,7.018069e+00,6.930704e+00,1.562436e+00,7.477799e-01,5.631440e-01,4.439865e-01,3.621003e-01,3.015424e-01,2.582513e-01,6.435256e-01,7.510836e-01,7.877249e-01,8.395129e-01,8.081277e-01,8.649339e-01,8.616143e-01
7.475000e-04,7.013688e+00,6.926258e+00,1.582568e+00,7.464249e-01,5.625081e-01,4.436674e-01,3.624701e-01,3.024479e-01,2.580078e-01,6.436593e-01,7.488909e-01,7.855328e-01,8.443766e-01,8.079849e-01,8.601448e-01,8.630680e-01
7.500000e-04,7.008746e+00,6.922022e+00,1.596702e+00,7.449558e-01,5.624138e-01,4.429801e-01,3.628377e-01,3.030765e-01,2.581598e-01,6.436162e-01,7.468699e-01,7.866308e-01,8.461780e-01,8.077942e-01,8.554981e-01,8.642874e-01
7.525000e-04,7.002739e+00,6.918138e+00,1.604692e+00,7.448877e-01,5.625307e-01,4.420883e-01,3.630627e-01,3.034413e-01,2.587256e-01,6.430493e-01,7.463433e-01,7.903515e-01,8.447618e-01,8.085050e-01,8.517303e-01,8.647884e-01
7.550000e-04,6.995530e+00,6.914509e+00,1.608764e+00,7.467743e-01,5.620010e-01,4.413018e-01,3.629840e-01,3.037012e-01,2.595264e-01,6.416474e-01,7.478388e-01,7.954426e-01,8.403153e-01,8.106658e-01,8.496990e-01,8.641998e-01
7.575000e-04,6.987367e+00,6.911146e+00,1.607671e+00,7.494537e-01,5.605153e-01,4.409477e-01,3.625340e-01,3.039702e-01,2.602475e-01,6.414452e-01,7.505664e-01,8.003265e-01,8.335187e-01,8.142941e-01,8.500200e-01,8.625357e-01
7.600000e-04,6.980400e+00,6.907950e+00,1.601670e+00,7.509032e-01,5.590159e-01,4.410444e-01,3.617893e-01,3.042235e-01,2.607146e-01,6.419153e-01,7.528384e-01,8.038445e-01,8.254813e-01,8.189782e-01,8.527945e-01,8.602483e-01
7.625000e-04,6.976587e+00,6.904771e+00,1.589365e+00,7.504874e-01,5.588542e-01,4.410782e-01,3.609854e-01,3.043238e-01,2.609730e-01,6.425547e-01,7.530491e-01,8.054884e-01,8.174045e-01,8.240670e-01,8.576108e-01,8.580217e-01
7.650000e-04,6.973366e+00,6.901364e+00,1.568896e+00,7.487823e-01,5.604319e-01,4.404080e-01,3.604321e-01,3.041344e-01,2.611625e-01,6.451034e-01,7.507993e-01,8.052665e-01,8.103727e-01,8.289069e-01,8.636987e-01,8.565132e-01
7.675000e-04,6.970580e+00,6.897400e+00,1.541345e+00,7.467070e-01,5.628166e-01,4.390463e-01,3.602961e-01,3.036241e-01,2.613610e-01,6.471604e-01,7.472484e-01,8.037177e-01,8.051353e-01,8.329784e-01,8.701549e-01,8.560357e-01
7.700000e-04,6.967914e+00,6.892795e+00,1.509656e+00,7.448542e-01,5.643559e-01,4.378853e-01,3.604033e-01,3.029174e-01,2.615210e-01,6.487479e-01,7.442452e-01,8.015852e-01,8.021405e-01,8.358778e-01,8.761646e-01,8.565080e-01
7.725000e-04,6.965275e+00,6.887279e+00,1.474976e+00,7.435105e-01,5.644576e-01,4.379115e-01,3.602684e-01,3.022732e-01,2.615119e-01,6.504730e-01,7.430607e-01,7.996380e-01,8.016496e-01,8.373022e-01,8.812694e-01,8.576547e-01
7.750000e-04,6.962544e+00,6.880874e+00,1.447469e+00,7.428157e-01,5.635129e-01,4.393162e-01,3.595360e-01,3.019121e-01,2.612285e-01,6.519790e-01,7.443198e-01,7.983846e-01,8.036526e-01,8.370727e-01,8.853579e-01,8.591916e-01
7.775000e-04,6.959879e+00,6.876510e+00,1.474739e+00,7.427911e-01,5.622195e-01,4.413393e-01,3.584138e-01,3.018654e-01,2.606844e-01,6.537404e-01,7.476194e-01,7.979316e-01,8.079570e-01,8.351392e-01,8.885030e-01,8.608496e-01
7.800000e-04,6.957406e+00,6.872653e+00,1.498728e+00,7.433289e-01,5.610721e-01,4.426541e-01,3.576754e-01,3.019082e-01,2.600454e-01,6.553149e-01,7.515420e-01,7.979529e-01,8.139363e-01,8.316947e-01,8.908024e-01,8.624069e-01
7.825000e-04,6.955408e+00,6.869063e+00,1.517144e+00,7.442022e-01,5.602901e-01,4.428399e-01,3.579692e-01,3.016792e-01,2.595425e-01,6.561429e-01,7.544660e-01,7.978716e-01,8.205289e-01,8.271396e-01,8.923495e-01,8.638803e-01
7.850000e-04,6.953275e+00,6.865787e+00,1.530961e+00,7.452252e-01,5.599674e-01,4.422134e-01,3.593412e-01,3.010070e-01,2.592944e-01,6.563821e-01,7.553678e-01,7.973085e-01,8.265895e-01,8.219635e-01,8.932425e-01,8.655161e-01
7.875000e-04,6.950670e+00,6.862698e+00,1.542914e+00,7.464144e-01,5.601138e-01,4.413033e-01,3.610606e-01,3.001374e-01,2.592499e-01,6.556391e-01,7.540365e-01,7.963789e-01,8.312579e-01,8.166740e-01,8.935662e-01,8.675130e-01
7.900000e-04,6.947471e+00,6.859728e+00,1.555206e+00,7.477853e-01,5.606077e-01,4.404904e-01,3.620729e-01,2.997047e-01,2.592052e-01,6.546535e-01,7.514708e-01,7.956370e-01,8.341357e-01,8.117653e-01,8.933672e-01,8.698921e-01
7.925000e-04,6.943554e+00,6.857089e+00,1.567311e+00,7.490937e-01,5.612656e-01,4.399523e-01,3.621705e-01,3.001374e-01,2.589241e-01,6.540646e-01,7.493181e-01,7.958236e-01,8.352217e-01,8.076876e-01,8.927092e-01,8.724603e-01
7.950000e-04,6.939534e+00,6.854708e+00,1.577104e+00,7.499722e-01,5.619836e-01,4.397729e-01,3.616523e-01,3.014441e-01,2.583260e-01,6.541516e-01,7.485403e-01,7.974511e-01,8.346999e-01,8.048234e-01,8.917445e-01,8.750275e-01
7.975000e-04,6.935926e+00,6.852497e+00,1.583177e+00,7.504138e-01,5.627388e-01,4.399472e-01,3.609295e-01,3.029091e-01,2.576719e-01,6.540783e-01,7.491092e-01,8.004501e-01,8.329907e-01,8.034496e-01,8.906540e-01,8.773588e-01
8.000000e-04,6.933245e+00,6.850415e+00,1.581876e+00,7.508386e-01,5.634377e-01,4.403691e-01,3.602961e-01,3.036971e-01,2.574707e-01,6.538807e-01,7.500083e-01,8.041968e-01,8.306491e-01,8.037607e-01,8.895521e-01,8.791096e-01
8.025000e-04,6.930803e+00,6.848250e+00,1.575251e+00,7.515556e-01,5.639124e-01,4.408987e-01,3.598901e-01,3.037438e-01,2.580045e-01,6.539969e-01,7.500728e-01,8.077643e-01,8.282721e-01,8.058469e-01,8.884889e-01,8.800728e-01
8.050000e-04,6.927327e+00,6.846075e+00,1.567359e+00,7.522543e-01,5.641662e-01,4.414436e-01,3.597743e-01,3.032931e-01,2.592183e-01,6.533887e-01,7.489710e-01,8.101875e-01,8.263994e-01,8.095641e-01,8.875406e-01,8.802688e-01
8.075000e-04,6.922417e+00,6.843850e+00,1.560197e+00,7.522637e-01,5.644555e-01,4.419242e-01,3.599358e-01,3.026836e-01,2.604412e-01,6.517970e-01,7.474826e-01,8.108249e-01,8.254382e-01,8.144756e-01,8.867693e-01,8.799098e-01
8.100000e-04,6.916274e+00,6.841795e+00,1.558170e+00,7.513087e-01,5.649739e-01,4.422402e-01,3.602864e-01,3.021514e-01,2.610412e-01,6.509371e-01,7.468142e-01,8.094946e-01,8.255648e-01,8.198975e-01,8.860966e-01,8.792085e-01
8.125000e-04,6.912691e+00,6.840081e+00,1.556298e+00,7.496961e-01,5.654959e-01,4.423862e-01,3.607143e-01,3.018151e-01,2.610312e-01,6.525739e-01,7.477932e-01,8.065147e-01,8.266769e-01,8.251688e-01,8.852933e-01,8.783728e-01
8.150000e-04,6.910730e+00,6.838326e+00,1.550081e+00,7.478723e-01,5.655147e-01,4.425414e-01,3.611139e-01,3.017221e-01,2.606176e-01,6.559170e-01,7.501461e-01,8.026161e-01,8.284679e-01,8.298540e-01,8.841435e-01,8.776799e-01
8.175000e-04,6.909630e+00,6.836417e+00,1.537938e+00,7.460434e-01,5.648111e-01,4.429037e-01,3.613780e-01,3.018559e-01,2.600712e-01,6.594394e-01,7.524220e-01,7.987777e-01,8.305491e-01,8.337869e-01,8.826651e-01,8.773687e-01
8.200000e-04,6.909042e+00,6.834282e+00,1.521189e+00,7.442908e-01,5.636641e-01,4.433830e-01,3.614741e-01,3.021426e-01,2.595950e-01,6.616841e-01,7.530760e-01,7.958046e-01,8.325694e-01,8.369272e-01,8.811646e-01,8.774140e-01
8.225000e-04,6.908576e+00,6.831900e+00,1.501892e+00,7.429138e-01,5.624795e-01,4.435796e-01,3.615320e-01,3.024767e-01,2.592928e-01,6.623030e-01,7.518556e-01,7.941266e-01,8.342586e-01,8.393078e-01,8.800524e-01,8.774428e-01
8.250000e-04,6.907926e+00,6.829309e+00,1.482154e+00,7.424057e-01,5.614000e-01,4.431916e-01,3.617555e-01,3.027368e-01,2.591998e-01,6.622821e-01,7.500520e-01,7.938263e-01,8.353885e-01,8.409979e-01,8.796345e-01,8.770944e-01
8.275000e-04,6.906944e+00,6.826495e+00,1.462985e+00,7.431090e-01,5.603170e-01,4.423340e-01,3.621835e-01,3.028395e-01,2.592954e-01,6.623333e-01,7.499050e-01,7.947558e-01,8.357697e-01,8.420548e-01,8.800963e-01,8.762514e-01
8.300000e-04,6.905623e+00,6.823463e+00,1.444688e+00,7.447497e-01,5.591897e-01,4.413771e-01,3.625357e-01,3.028385e-01,2.595116e-01,6.624426e-01,7.532987e-01,7.966743e-01,8.352804e-01,8.425479e-01,8.816501e-01,8.750421e-01
8.325000e-04,6.904004e+00,6.820194e+00,1.427660e+00,7.464881e-01,5.583158e-01,4.405595e-01,3.624616e-01,3.029163e-01,2.597354e-01,6.626945e-01,7.601237e-01,7.991525e-01,8.338902e-01,8.425698e-01,8.844948e-01,8.736610e-01
8.350000e-04,6.902077e+00,6.816891e+00,1.413285e+00,7.476042e-01,5.581665e-01,4.398429e-01,3.618965e-01,3.032134e-01,2.598539e-01,6.633688e-01,7.672533e-01,8.016136e-01,8.316803e-01,8.421738e-01,8.886528e-01,8.721971e-01
8.375000e-04,6.900141e+00,6.813967e+00,1.412719e+00,7.479848e-01,5.590048e-01,4.390927e-01,3.610939e-01,3.036229e-01,2.598392e-01,6.644363e-01,7.705591e-01,8.036775e-01,8.288657e-01,8.413596e-01,8.938094e-01,8.707093e-01
8.400000e-04,6.898376e+00,6.811698e+00,1.428550e+00,7.479579e-01,5.605738e-01,4.383240e-01,3.603499e-01,3.038179e-01,2.598073e-01,6.656345e-01,7.683877e-01,8.054581e-01,8.257873e-01,8.401303e-01,8.992875e-01,8.694198e-01
8.425000e-04,6.896753e+00,6.809493e+00,1.442989e+00,7.478585e-01,5.621611e-01,4.378111e-01,3.597572e-01,3.035882e-01,2.599286e-01,6.667108e-01,7.623099e-01,8.074804e-01,8.228561e-01,8.385207e-01,9.042109e-01,8.686884e-01
8.450000e-04,6.894991e+00,6.807354e+00,1.456413e+00,7.478126e-01,5.631923e-01,4.379000e-01,3.592294e-01,3.030128e-01,2.602417e-01,6.676102e-01,7.560242e-01,8.103016e-01,8.204706e-01,8.366594e-01,9.077792e-01,8.688064e-01
8.475000e-04,6.892877e+00,6.805303e+00,1.469483e+00,7.477665e-01,5.636261e-01,4.387463e-01,3.586767e-01,3.023456e-01,2.605426e-01,6.680792e-01,7.529641e-01,8.140160e-01,8.189434e-01,8.347455e-01,9.095284e-01,8.697264e-01
8.500000e-04,6.890356e+00,6.803428e+00,1.483744e+00,7.476515e-01,5.637383e-01,4.401149e-01,3.581561e-01,3.017791e-01,2.605620e-01,6.685570e-01,7.542781e-01,8.180676e-01,8.184909e-01,8.329645e-01,9.095433e-01,8.711937e-01
8.525000e-04,6.887916e+00,6.801698e+00,1.498021e+00,7.474785e-01,5.637575e-01,4.414240e-01,3.579075e-01,3.013347e-01,2.602242e-01,6.694662e-01,7.590851e-01,8.215324e-01,8.192835e-01,8.314154e-01,9.083044e-01,8.727870e-01
8.550000e-04,6.885915e+00,6.800042e+00,1.510723e+00,7.472760e-01,5.637301e-01,4.422635e-01,3.581771e-01,3.009335e-01,2.596676e-01,6.708321e-01,7.645828e-01,8.235403e-01,8.214759e-01,8.301390e-01,9.063732e-01,8.740387e-01
8.575000e-04,6.884440e+00,6.798377e+00,1.520477e+00,7.470497e-01,5.636045e-01,4.426444e-01,3.590298e-01,3.005259e-01,2.590996e-01,6.723404e-01,7.684029e-01,8.235149e-01,8.251658e-01,8.291324e-01,9.041539e-01,8.746943e-01
8.600000e-04,6.883123e+00,6.796649e+00,1.528324e+00,7.468231e-01,5.633673e-01,4.427683e-01,3.602256e-01,3.001844e-01,2.586367e-01,6.731647e-01,7.697974e-01,8.212903e-01,8.302369e-01,8.283166e-01,9.018432e-01,8.748388e-01
8.625000e-04,6.881530e+00,6.794856e+00,1.536750e+00,7.466963e-01,5.630664e-01,4.427745e-01,3.612800e-01,3.000987e-01,2.582695e-01,6.729756e-01,7.692312e-01,8.172317e-01,8.361827e-01,8.275303e-01,8.995092e-01,8.747495e-01
8.650000e-04,6.879437e+00,6.793121e+00,1.546214e+00,7.467980e-01,5.627270e-01,4.426803e-01,3.619259e-01,3.004419e-01,2.579434e-01,6.723500e-01,7.680206e-01,8.122422e-01,8.421185e-01,8.266176e-01,8.971758e-01,8.747565e-01
8.675000e-04,6.877066e+00,6.791438e+00,1.554701e+00,7.472255e-01,5.623486e-01,4.424770e-01,3.622119e-01,3.012392e-01,2.576352e-01,6.719803e-01,7.675331e-01,8.076156e-01,8.470610e-01,8.255637e-01,8.948246e-01,8.749745e-01
8.700000e-04,6.874472e+00,6.789771e+00,1.562866e+00,7.480722e-01,5.619804e-01,4.421920e-01,3.622815e-01,3.022713e-01,2.574125e-01,6.720614e-01,7.684545e-01,8.046479e-01,8.502864e-01,8.245758e-01,8.923912e-01,8.753397e-01
8.725000e-04,6.871678e+00,6.788139e+00,1.569409e+00,7.493563e-01,5.617342e-01,4.418649e-01,3.622203e-01,3.031263e-01,2.574241e-01,6.721859e-01,7.704565e-01,8.041824e-01,8.514899e-01,8.240387e-01,8.898565e-01,8.756473e-01
8.750000e-04,6.868529e+00,6.786518e+00,1.573626e+00,7.507922e-01,5.617078e-01,4.415107e-01,3.620476e-01,3.036323e-01,2.577985e-01,6.721889e-01,7.724825e-01,8.064546e-01,8.507473e-01,8.243338e-01,8.872467e-01,8.757028e-01
8.775000e-04,6.864780e+00,6.784906e+00,1.577034e+00,7.517532e-01,5.619569e-01,4.411460e-01,3.617816e-01,3.038389e-01,2.585339e-01,6.722668e-01,7.733203e-01,8.109599e-01,8.483562e-01,8.256998e-01,8.846416e-01,8.753849e-01
8.800000e-04,6.860176e+00,6.783297e+00,1.581901e+00,7.517006e-01,5.625151e-01,4.408301e-01,3.614609e-01,3.038511e-01,2.594122e-01,6.727026e-01,7.723726e-01,8.167113e-01,8.447130e-01,8.281438e-01,8.821273e-01,8.745985e-01
8.825000e-04,6.854945e+00,6.781772e+00,1.588207e+00,7.506489e-01,5.633137e-01,4.406394e-01,3.611232e-01,3.037320e-01,2.601007e-01,6.732544e-01,7.700984e-01,8.221246e-01,8.402503e-01,8.314398e-01,8.797874e-01,8.732277e-01
8.850000e-04,6.849955e+00,6.780401e+00,1.593840e+00,7.490876e-01,5.640750e-01,4.406236e-01,3.607877e-01,3.035085e-01,2.604879e-01,6.743892e-01,7.678488e-01,8.258715e-01,8.354321e-01,8.352293e-01,8.778143e-01,8.712771e-01
8.875000e-04,6.846981e+00,6.779022e+00,1.596102e+00,7.474773e-01,5.644172e-01,4.408068e-01,3.604819e-01,3.032119e-01,2.606185e-01,6.762517e-01,7.670270e-01,8.273777e-01,8.307320e-01,8.390788e-01,8.765420e-01,8.688006e-01
8.900000e-04,6.845275e+00,6.777586e+00,1.594749e+00,7.459814e-01,5.641630e-01,4.411883e-01,3.602491e-01,3.028830e-01,2.605718e-01,6.788722e-01,7.681252e-01,8.266710e-01,8.266309e-01,8.425610e-01,8.763154e-01,8.659288e-01
8.925000e-04,6.843804e+00,6.776113e+00,1.591051e+00,7.445887e-01,5.634748e-01,4.416821e-01,3.601284e-01,3.025542e-01,2.604057e-01,6.816143e-01,7.704176e-01,8.244444e-01,8.235865e-01,8.452952e-01,8.772327e-01,8.628755e-01
8.950000e-04,6.842459e+00,6.774583e+00,1.584905e+00,7.433842e-01,5.626528e-01,4.420836e-01,3.601454e-01,3.022511e-01,2.601544e-01,6.834707e-01,7.726327e-01,8.215624e-01,8.219433e-01,8.469388e-01,8.790433e-01,8.599246e-01
8.975000e-04,6.841184e+00,6.772904e+00,1.576889e+00,7.426384e-01,5.618527e-01,4.421911e-01,3.603139e-01,3.019998e-01,2.598558e-01,6.843827e-01,7.740923e-01,8.186533e-01,8.218336e-01,8.472500e-01,8.812791e-01,8.574684e-01
9.000000e-04,6.839954e+00,6.771023e+00,1.566590e+00,7.426395e-01,5.610521e-01,4.419755e-01,3.606123e-01,3.018243e-01,2.595460e-01,6.851742e-01,7.751117e-01,8.160215e-01,8.231424e-01,8.461665e-01,8.834855e-01,8.559405e-01
9.025000e-04,6.838701e+00,6.768977e+00,1.554500e+00,7.434253e-01,5.602276e-01,4.415652e-01,3.609522e-01,3.017449e-01,2.592569e-01,6.859119e-01,7.765230e-01,8.138362e-01,8.255260e-01,8.438144e-01,8.854148e-01,8.555335e-01
9.050000e-04,6.837319e+00,6.766719e+00,1.541287e+00,7.447088e-01,5.595038e-01,4.411003e-01,3.611900e-01,3.017782e-01,2.590193e-01,6.863262e-01,7.788994e-01,8.122515e-01,8.284230e-01,8.404809e-01,8.870504e-01,8.561655e-01
9.075000e-04,6.835765e+00,6.764199e+00,1.526966e+00,7.460201e-01,5.591362e-01,4.406158e-01,3.612287e-01,3.019294e-01,2.588517e-01,6.865449e-01,7.818191e-01,8.114200e-01,8.311450e-01,8.365281e-01,8.884790e-01,8.574991e-01
9.100000e-04,6.834015e+00,6.761407e+00,1.511517e+00,7.470764e-01,5.593361e-01,4.400793e-01,3.610833e-01,3.021697e-01,2.587625e-01,6.868576e-01,7.840271e-01,8.114579e-01,8.331080e-01,8.323178e-01,8.896989e-01,8.591482e-01
9.125000e-04,6.832099e+00,6.758193e+00,1.494132e+00,7.479162e-01,5.601048e-01,4.395074e-01,3.608292e-01,3.024253e-01,2.587672e-01,6.872017e-01,7.843459e-01,8.124710e-01,8.339324e-01,8.281382e-01,8.905675e-01,8.608889e-01
9.150000e-04,6.830024e+00,6.754346e+00,1.474659e+00,7.486727e-01,5.611918e-01,4.390354e-01,3.605219e-01,3.026042e-01,2.588743e-01,6.874985e-01,7.824343e-01,8.145720e-01,8.334386e-01,8.241563e-01,8.909186e-01,8.626429e-01
9.175000e-04,6.827617e+00,6.750044e+00,1.454875e+00,7.493865e-01,5.622387e-01,4.388659e-01,3.601630e-01,3.026574e-01,2.590859e-01,6.877673e-01,7.790632e-01,8.177642e-01,8.316761e-01,8.204404e-01,8.906351e-01,8.644000e-01
9.200000e-04,6.824963e+00,6.746497e+00,1.466638e+00,7.499733e-01,5.630512e-01,4.391393e-01,3.597443e-01,3.025903e-01,2.593409e-01,6.881941e-01,7.756065e-01,8.216910e-01,8.288747e-01,8.170387e-01,8.896263e-01,8.660593e-01
9.225000e-04,6.822075e+00,6.743437e+00,1.489751e+00,7.503073e-01,5.636660e-01,4.398306e-01,3.593134e-01,3.024323e-01,2.596128e-01,6.887199e-01,7.732382e-01,8.255398e-01,8.254409e-01,8.140653e-01,8.878236e-01,8.674620e-01
9.250000e-04,6.819107e+00,6.740594e+00,1.511096e+00,7.503012e-01,5.641842e-01,4.407330e-01,3.590003e-01,3.022070e-01,2.598182e-01,6.893340e-01,7.723356e-01,8.283244e-01,8.219284e-01,8.117244e-01,8.851846e-01,8.684617e-01
9.275000e-04,6.816118e+00,6.737929e+00,1.530089e+00,7.499319e-01,5.646222e-01,4.415719e-01,3.589567e-01,3.019190e-01,2.599406e-01,6.900521e-01,7.726420e-01,8.292907e-01,8.189728e-01,8.102564e-01,8.817424e-01,8.690104e-01
9.300000e-04,6.813001e+00,6.735459e+00,1.547793e+00,7.492314e-01,5.648914e-01,4.422086e-01,3.592667e-01,3.015788e-01,2.599850e-01,6.908684e-01,7.734838e-01,8.281574e-01,8.171554e-01,8.098550e-01,8.776858e-01,8.691581e-01
9.325000e-04,6.809815e+00,6.733084e+00,1.564477e+00,7.483291e-01,5.648849e-01,4.426746e-01,3.598850e-01,3.012428e-01,2.599081e-01,6.916604e-01,7.742123e-01,8.250433e-01,8.168864e-01,8.105449e-01,8.733038e-01,8.689218e-01
9.350000e-04,6.806694e+00,6.730801e+00,1.579121e+00,7.474565e-01,5.645548e-01,4.430355e-01,3.606369e-01,3.010225e-01,2.597587e-01,6.921514e-01,7.744828e-01,8.203635e-01,8.182568e-01,8.121546e-01,8.689280e-01,8.682595e-01
9.375000e-04,6.803605e+00,6.728592e+00,1.592069e+00,7.468145e-01,5.639232e-01,4.432903e-01,3.613053e-01,3.010318e-01,2.595611e-01,6.925004e-01,7.743424e-01,8.147421e-01,8.209353e-01,8.143075e-01,8.648521e-01,8.671641e-01
9.400000e-04,6.800383e+00,6.726538e+00,1.603517e+00,7.464312e-01,5.630833e-01,4.433616e-01,3.617974e-01,3.013290e-01,2.593393e-01,6.927401e-01,7.740766e-01,8.089260e-01,8.242439e-01,8.165321e-01,8.613391e-01,8.657048e-01
9.425000e-04,6.797247e+00,6.724502e+00,1.611820e+00,7.462233e-01,5.622215e-01,4.431759e-01,3.621466e-01,3.018695e-01,2.590911e-01,6.926848e-01,7.739401e-01,8.036824e-01,8.273841e-01,8.184272e-01,8.585830e-01,8.640373e-01
9.450000e-04,6.793976e+00,6.722516e+00,1.618382e+00,7.461810e-01,5.615588e-01,4.427195e-01,3.623916e-01,3.024964e-01,2.589475e-01,6.924332e-01,7.740196e-01,7.996539e-01,8.296478e-01,8.197975e-01,8.566834e-01,8.623008e-01
9.475000e-04,6.790573e+00,6.720592e+00,1.621598e+00,7.464322e-01,5.612051e-01,4.420474e-01,3.625106e-01,3.030316e-01,2.590367e-01,6.919685e-01,7.742424e-01,7.972770e-01,8.305427e-01,8.206788e-01,8.556277e-01,8.605597e-01
9.500000e-04,6.787002e+00,6.718764e+00,1.622882e+00,7.470235e-01,5.610633e-01,4.412864e-01,3.624438e-01,3.034140e-01,2.594053e-01,6.910333e-01,7.744457e-01,7.967094e-01,8.298456e-01,8.212315e-01,8.553224e-01,8.588765e-01
9.525000e-04,6.783040e+00,6.717009e+00,1.623500e+00,7.477839e-01,5.609624e-01,4.406212e-01,3.621524e-01,3.036713e-01,2.599804e-01,6.902633e-01,7.743661e-01,7.977119e-01,8.275458e-01,8.216151e-01,8.556403e-01,8.572975e-01
9.550000e-04,6.780295e+00,6.715351e+00,1.624035e+00,7.484162e-01,5.608876e-01,4.402017e-01,3.616500e-01,3.038238e-01,2.605914e-01,6.897997e-01,7.737056e-01,7.997432e-01,8.238333e-01,8.219117e-01,8.564747e-01,8.558130e-01
9.575000e-04,6.778167e+00,6.713797e+00,1.623238e+00,7.486948e-01,5.609996e-01,4.400327e-01,3.610165e-01,3.038493e-01,2.611127e-01,6.896493e-01,7.723340e-01,8.021351e-01,8.190532e-01,8.221100e-01,8.577683e-01,8.544131e-01
9.600000e-04,6.776318e+00,6.712266e+00,1.619936e+00,7.485277e-01,5.614198e-01,4.399699e-01,3.603908e-01,3.037043e-01,2.615154e-01,6.894931e-01,7.703753e-01,8.043264e-01,8.136635e-01,8.221412e-01,8.594855e-01,8.530869e-01
9.625000e-04,6.774723e+00,6.710784e+00,1.614542e+00,7.479425e-01,5.620795e-01,4.398809e-01,3.599199e-01,3.033691e-01,2.617943e-01,6.897148e-01,7.681650e-01,8.059607e-01,8.081905e-01,8.219242e-01,8.615446e-01,8.518290e-01
9.650000e-04,6.773335e+00,6.709374e+00,1.607308e+00,7.470664e-01,5.627481e-01,4.398011e-01,3.596732e-01,3.028776e-01,2.619888e-01,6.906468e-01,7.660699e-01,8.068530e-01,8.031763e-01,8.213934e-01,8.637405e-01,8.506449e-01
9.675000e-04,6.772167e+00,6.707992e+00,1.598594e+00,7.460693e-01,5.631922e-01,4.398955e-01,3.595960e-01,3.023236e-01,2.620782e-01,6.915983e-01,7.642556e-01,8.069599e-01,7.991225e-01,8.205029e-01,8.657435e-01,8.496131e-01
9.700000e-04,6.771225e+00,6.706540e+00,1.588454e+00,7.451621e-01,5.632821e-01,4.402685e-01,3.595580e-01,3.018349e-01,2.620257e-01,6.919454e-01,7.628007e-01,8.062853e-01,7.964178e-01,8.191938e-01,8.671961e-01,8.488734e-01
9.725000e-04,6.770573e+00,6.705050e+00,1.576544e+00,7.445384e-01,5.630104e-01,4.408588e-01,3.594858e-01,3.015082e-01,2.618213e-01,6.918044e-01,7.619162e-01,8.048735e-01,7.953135e-01,8.173830e-01,8.678495e-01,8.485548e-01
9.750000e-04,6.770189e+00,6.703537e+00,1.563241e+00,7.443320e-01,5.624911e-01,4.414632e-01,3.594527e-01,3.013634e-01,2.615132e-01,6.914391e-01,7.618341e-01,8.028126e-01,7.958911e-01,8.149916e-01,8.676338e-01,8.486982e-01
9.775000e-04,6.769981e+00,6.701997e+00,1.548797e+00,7.445898e-01,5.618772e-01,4.418783e-01,3.596010e-01,3.013267e-01,2.612389e-01,6.909550e-01,7.625768e-01,8.002386e-01,7.979984e-01,8.120041e-01,8.666186e-01,8.492186e-01
9.800000e-04,6.769838e+00,6.700399e+00,1.533386e+00,7.452692e-01,5.613260e-01,4.419951e-01,3.599915e-01,3.012975e-01,2.610740e-01,6.902154e-01,7.637956e-01,7.973450e-01,8.012168e-01,8.085091e-01,8.649421e-01,8.499403e-01
9.825000e-04,6.769616e+00,6.698755e+00,1.518023e+00,7.462670e-01,5.609679e-01,4.418203e-01,3.605415e-01,3.012506e-01,2.610364e-01,6.891493e-01,7.648257e-01,7.943831e-01,8.049059e-01,8.046932e-01,8.627583e-01,8.507063e-01
9.850000e-04,6.769258e+00,6.697084e+00,1.503297e+00,7.474598e-01,5.608823e-01,4.414553e-01,3.610592e-01,3.012692e-01,2.611449e-01,6.877155e-01,7.650205e-01,7.916563e-01,8.083221e-01,8.008082e-01,8.602260e-01,8.514313e-01
9.875000e-04,6.768787e+00,6.695414e+00,1.489602e+00,7.486899e-01,5.610896e-01,4.410251e-01,3.613868e-01,3.014624e-01,2.613239e-01,6.861782e-01,7.640331e-01,7.895239e-01,8.108259e-01,7.971337e-01,8.575143e-01,8.520711e-01
9.900000e-04,6.768304e+00,6.693782e+00,1.476901e+00,7.497356e-01,5.615585e-01,4.406478e-01,3.614560e-01,3.018542e-01,2.615034e-01,6.847883e-01,7.619424e-01,7.883607e-01,8.119866e-01,7.939505e-01,8.547879e-01,8.525726e-01
9.925000e-04,6.767949e+00,6.692215e+00,1.464567e+00,7.503878e-01,5.622182e-01,4.404158e-01,3.612924e-01,3.023548e-01,2.616833e-01,6.837382e-01,7.591795e-01,7.884218e-01,8.116789e-01,7.915068e-01,8.521812e-01,8.528676e-01
9.950000e-04,6.767701e+00,6.690731e+00,1.452570e+00,7.505896e-01,5.629592e-01,4.403825e-01,3.609878e-01,3.027942e-01,2.619360e-01,6.829767e-01,7.562822e-01,7.896572e-01,8.100094e-01,7.899833e-01,8.497910e-01,8.528811e-01
9.975000e-04,6.767460e+00,6.689357e+00,1.441348e+00,7.504624e-01,5.636391e-01,4.405583e-01,3.606425e-01,3.030517e-01,2.623249e-01,6.823071e-01,7.537091e-01,7.916273e-01,8.072712e-01,7.894723e-01,8.476820e-01,8.525763e-01
1.000000e-03,6.767109e+00,6.688206e+00,1.432065e+00,7.501710e-01,5.641159e-01,4.409183e-01,3.603491e-01,3.030843e-01,2.628522e-01,6.816149e-01,7.516834e-01,7.936302e-01,8.039021e-01,7.899813e-01,8.458846e-01,8.519472e-01
1.002500e-03,6.766667e+00,6.687371e+00,1.425296e+00,7.497552e-01,5.643193e-01,4.413934e-01,3.601769e-01,3.029288e-01,2.634116e-01,6.808325e-01,7.501933e-01,7.949577e-01,8.003868e-01,7.914296e-01,8.443978e-01,8.510333e-01
1.005000e-03,6.766278e+00,6.686892e+00,1.421223e+00,7.491333e-01,5.642896e-01,4.418788e-01,3.601649e-01,3.026606e-01,2.638519e-01,6.800536e-01,7.491788e-01,7.950861e-01,7.972086e-01,7.936489e-01,8.431924e-01,8.499068e-01
1.007500e-03,6.766163e+00,6.686768e+00,1.419046e+00,7.482696e-01,5.641182e-01,4.422661e-01,3.603210e-01,3.023631e-01,2.640868e-01,6.795060e-01,7.486065e-01,7.937551e-01,7.947538e-01,7.963729e-01,8.422241e-01,8.486862e-01
1.010000e-03,6.766464e+00,6.686954e+00,1.417758e+00,7.472709e-01,5.638409e-01,4.424867e-01,3.606155e-01,3.021131e-01,2.640950e-01,6.793766e-01,7.484827e-01,7.909705e-01,7.932482e-01,7.992265e-01,8.414565e-01,8.474693e-01
1.012500e-03,6.767209e+00,6.687383e+00,1.416604e+00,7.463105e-01,5.634205e-01,4.425400e-01,3.609721e-01,3.019662e-01,2.639192e-01,6.795701e-01,7.487269e-01,7.870135e-01,7.927308e-01,8.017926e-01,8.408712e-01,8.463758e-01
1.015000e-03,6.768323e+00,6.687988e+00,1.415241e+00,7.455023e-01,5.628420e-01,4.424721e-01,3.612961e-01,3.019552e-01,2.636315e-01,6.797344e-01,7.490930e-01,7.824302e-01,7.930492e-01,8.037053e-01,8.404602e-01,8.454824e-01
1.017500e-03,6.769684e+00,6.688728e+00,1.413740e+00,7.449035e-01,5.621785e-01,4.423130e-01,3.615200e-01,3.020846e-01,2.633022e-01,6.794542e-01,7.492415e-01,7.779262e-01,7.939166e-01,8.047509e-01,8.402076e-01,8.447710e-01
1.020000e-03,6.771165e+00,6.689606e+00,1.412485e+00,7.446001e-01,5.615453e-01,4.420429e-01,3.616278e-01,3.023177e-01,2.630013e-01,6.786156e-01,7.489737e-01,7.741691e-01,7.949778e-01,8.049406e-01,8.400842e-01,8.441489e-01
1.022500e-03,6.772643e+00,6.690619e+00,1.411976e+00,7.447025e-01,5.610031e-01,4.416425e-01,3.616422e-01,3.025795e-01,2.627769e-01,6.774302e-01,7.484326e-01,7.716360e-01,7.958683e-01,8.044871e-01,8.400751e-01,8.435436e-01
1.025000e-03,6.774046e+00,6.691783e+00,1.412536e+00,7.452465e-01,5.605496e-01,4.411543e-01,3.615834e-01,3.027952e-01,2.626550e-01,6.761448e-01,7.480164e-01,7.705609e-01,7.962581e-01,8.036384e-01,8.402252e-01,8.428737e-01
1.027500e-03,6.775328e+00,6.693074e+00,1.414406e+00,7.460960e-01,5.601981e-01,4.406680e-01,3.614378e-01,3.029323e-01,2.626313e-01,6.748628e-01,7.480314e-01,7.709052e-01,7.959100e-01,8.025733e-01,8.406773e-01,8.420671e-01
1.030000e-03,6.776502e+00,6.694471e+00,1.417841e+00,7.469686e-01,5.600515e-01,4.402490e-01,3.611772e-01,3.029992e-01,2.626478e-01,6.736187e-01,7.483948e-01,7.723631e-01,7.947124e-01,8.013762e-01,8.416381e-01,8.410556e-01
1.032500e-03,6.777636e+00,6.696020e+00,1.422738e+00,7.476323e-01,5.602495e-01,4.399007e-01,3.608159e-01,3.030130e-01,2.626578e-01,6.724809e-01,7.485710e-01,7.744627e-01,7.926869e-01,8.000641e-01,8.432643e-01,8.398231e-01
1.035000e-03,6.778853e+00,6.697670e+00,1.428322e+00,7.480123e-01,5.608382e-01,4.396015e-01,3.604210e-01,3.029677e-01,2.626102e-01,6.715573e-01,7.478965e-01,7.766993e-01,7.900031e-01,7.986517e-01,8.455233e-01,8.384413e-01
1.037500e-03,6.780190e+00,6.699395e+00,1.434379e+00,7.481633e-01,5.616879e-01,4.393799e-01,3.600620e-01,3.028333e-01,2.625047e-01,6.709153e-01,7.460248e-01,7.786883e-01,7.869691e-01,7.971830e-01,8.481366e-01,8.370844e-01
1.040000e-03,6.781649e+00,6.701198e+00,1.440442e+00,7.481680e-01,5.625337e-01,4.393431e-01,3.597645e-01,3.025957e-01,2.623467e-01,6.703720e-01,7.431978e-01,7.802137e-01,7.839910e-01,7.957220e-01,8.506660e-01,8.360304e-01
1.042500e-03,6.784168e+00,6.703015e+00,1.446328e+00,7.480685e-01,5.631620e-01,4.396056e-01,3.595123e-01,3.022916e-01,2.621653e-01,6.698354e-01,7.401500e-01,7.811963e-01,7.814985e-01,7.943260e-01,8.526750e-01,8.355619e-01
1.045000e-03,6.787005e+00,6.704808e+00,1.452373e+00,7.478850e-01,5.635039e-01,4.401839e-01,3.592967e-01,3.019842e-01,2.619201e-01,6.691450e-01,7.377263e-01,7.816002e-01,7.798820e-01,7.930250e-01,8.538494e-01,8.358394e-01
1.047500e-03,6.789978e+00,6.706576e+00,1.458504e+00,7.476374e-01,5.636074e-01,4.409464e-01,3.591694e-01,3.017173e-01,2.615780e-01,6.682328e-01,7.364282e-01,7.813837e-01,7.794268e-01,7.918213e-01,8.540469e-01,8.368310e-01
1.050000e-03,6.793231e+00,6.708448e+00,1.463576e+00,7.473765e-01,5.635551e-01,4.416642e-01,3.592290e-01,3.014944e-01,2.611878e-01,6.672355e-01,7.362807e-01,7.805118e-01,7.802588e-01,7.906980e-01,8.532871e-01,8.383659e-01
1.052500e-03,6.796817e+00,6.710267e+00,1.466846e+00,7.471727e-01,5.634045e-01,4.421688e-01,3.595503e-01,3.013010e-01,2.607625e-01,6.663131e-01,7.368547e-01,7.789758e-01,7.823084e-01,7.896296e-01,8.517183e-01,8.402066e-01
1.055000e-03,6.800473e+00,6.712063e+00,1.468975e+00,7.470825e-01,5.631872e-01,4.424166e-01,3.601123e-01,3.011466e-01,2.603779e-01,6.653295e-01,7.375580e-01,7.768128e-01,7.853177e-01,7.885970e-01,8.495744e-01,8.421528e-01
1.057500e-03,6.804075e+00,6.713872e+00,1.470028e+00,7.471317e-01,5.629226e-01,4.424530e-01,3.607794e-01,3.010875e-01,2.600420e-01,6.640252e-01,7.379308e-01,7.741409e-01,7.888432e-01,7.876080e-01,8.471281e-01,8.440157e-01
1.060000e-03,6.807640e+00,6.715628e+00,1.470629e+00,7.473021e-01,5.626342e-01,4.423558e-01,3.613574e-01,3.012031e-01,2.597320e-01,6.624287e-01,7.377624e-01,7.712186e-01,7.923095e-01,7.867222e-01,8.446477e-01,8.456218e-01
1.062500e-03,6.811291e+00,6.717360e+00,1.469522e+00,7.475407e-01,5.623573e-01,4.421848e-01,3.617293e-01,3.015379e-01,2.594661e-01,6.609061e-01,7.370899e-01,7.684481e-01,7.951370e-01,7.860568e-01,8.423617e-01,8.468418e-01
1.065000e-03,6.814925e+00,6.719167e+00,1.466863e+00,7.478150e-01,5.621330e-01,4.419693e-01,3.618746e-01,3.020542e-01,2.592457e-01,6.594860e-01,7.360891e-01,7.662993e-01,7.968881e-01,7.857657e-01,8.404681e-01,8.475708e-01
1.067500e-03,6.818521e+00,6.720989e+00,1.462210e+00,7.481610e-01,5.619995e-01,4.417177e-01,3.618450e-01,3.026242e-01,2.591244e-01,6.579144e-01,7.349437e-01,7.651793e-01,7.973496e-01,7.859967e-01,8.391123e-01,8.477768e-01
1.070000e-03,6.821936e+00,6.722862e+00,1.457057e+00,7.486187e-01,5.619686e-01,4.414408e-01,3.617106e-01,3.030857e-01,2.592003e-01,6.563500e-01,7.338070e-01,7.652946e-01,7.965416e-01,7.868420e-01,8.383942e-01,8.475299e-01
1.072500e-03,6.825192e+00,6.724793e+00,1.449533e+00,7.491135e-01,5.620325e-01,4.411654e-01,3.615210e-01,3.033532e-01,2.594855e-01,6.551024e-01,7.327430e-01,7.665595e-01,7.946376e-01,7.883039e-01,8.383518e-01,8.468895e-01
1.075000e-03,6.828163e+00,6.726779e+00,1.440670e+00,7.494496e-01,5.621906e-01,4.409301e-01,3.612981e-01,3.034277e-01,2.599304e-01,6.538607e-01,7.316834e-01,7.686114e-01,7.919516e-01,7.902970e-01,8.388955e-01,8.459668e-01
1.077500e-03,6.830950e+00,6.728894e+00,1.429913e+00,7.494220e-01,5.624534e-01,4.407719e-01,3.610493e-01,3.033570e-01,2.603562e-01,6.526363e-01,7.305319e-01,7.708743e-01,7.888643e-01,7.926731e-01,8.398448e-01,8.449225e-01
1.080000e-03,6.833682e+00,6.731239e+00,1.416318e+00,7.489496e-01,5.627961e-01,4.407104e-01,3.607852e-01,3.032027e-01,2.606459e-01,6.517789e-01,7.293766e-01,7.727151e-01,7.857738e-01,7.952437e-01,8.409864e-01,8.438941e-01
1.082500e-03,6.836584e+00,6.733821e+00,1.400379e+00,7.481094e-01,5.631168e-01,4.407510e-01,3.605313e-01,3.030067e-01,2.607790e-01,6.511992e-01,7.284531e-01,7.736478e-01,7.830516e-01,7.977911e-01,8.421408e-01,8.430158e-01
1.085000e-03,6.839796e+00,6.736600e+00,1.381887e+00,7.470640e-01,5.632841e-01,4.408893e-01,3.603231e-01,3.027864e-01,2.607708e-01,6.509663e-01,7.278757e-01,7.734559e-01,7.810134e-01,8.000787e-01,8.431974e-01,8.423129e-01
1.087500e-03,6.843249e+00,6.739663e+00,1.359479e+00,7.459870e-01,5.632183e-01,4.411083e-01,3.601932e-01,3.025460e-01,2.606161e-01,6.509146e-01,7.275849e-01,7.722846e-01,7.799032e-01,8.018720e-01,8.441067e-01,8.417617e-01
1.090000e-03,6.846876e+00,6.743072e+00,1.333067e+00,7.450353e-01,5.629239e-01,4.413594e-01,3.601612e-01,3.022973e-01,2.604008e-01,6.506695e-01,7.274695e-01,7.705099e-01,7.798676e-01,8.029729e-01,8.448476e-01,8.413199e-01
1.092500e-03,6.851949e+00,6.746949e+00,1.302769e+00,7.443725e-01,5.624636e-01,4.415603e-01,3.602291e-01,3.020665e-01,2.601605e-01,6.498724e-01,7.274712e-01,7.685538e-01,7.809242e-01,8.032605e-01,8.454123e-01,8.409835e-01
1.095000e-03,6.857765e+00,6.752272e+00,1.299207e+00,7.441452e-01,5.619073e-01,4.416421e-01,3.603790e-01,3.018870e-01,2.598822e-01,6.487350e-01,7.276271e-01,7.667565e-01,7.829193e-01,8.027226e-01,8.458136e-01,8.407560e-01
1.097500e-03,6.863184e+00,6.757867e+00,1.318927e+00,7.444254e-01,5.613195e-01,4.415843e-01,3.605780e-01,3.017892e-01,2.595978e-01,6.475885e-01,7.280559e-01,7.653751e-01,7.855314e-01,8.014717e-01,8.460926e-01,8.406287e-01
1.100000e-03,6.868448e+00,6.762728e+00,1.336852e+00,7.451420e-01,5.607807e-01,4.414035e-01,3.607740e-01,3.017878e-01,2.592826e-01,6.461808e-01,7.288384e-01,7.645933e-01,7.883218e-01,7.997330e-01,8.463137e-01,8.405348e-01
1.102500e-03,6.873657e+00,6.767002e+00,1.352234e+00,7.460985e-01,5.604113e-01,4.411277e-01,3.609107e-01,3.018763e-01,2.589969e-01,6.448828e-01,7.297704e-01,7.644716e-01,7.908380e-01,7.977968e-01,8.465525e-01,8.404216e-01
1.105000e-03,6.878531e+00,6.770872e+00,1.365925e+00,7.470723e-01,5.603350e-01,4.407835e-01,3.609589e-01,3.020301e-01,2.587811e-01,6.435195e-01,7.303471e-01,7.649706e-01,7.927234e-01,7.959510e-01,8.468772e-01,8.402436e-01
1.107500e-03,6.883210e+00,6.774435e+00,1.377646e+00,7.479094e-01,5.606212e-01,4.404023e-01,3.609170e-01,3.022121e-01,2.586689e-01,6.418625e-01,7.300890e-01,7.660223e-01,7.937741e-01,7.944214e-01,8.473159e-01,8.399824e-01
1.110000e-03,6.887643e+00,6.777763e+00,1.385744e+00,7.485703e-01,5.612231e-01,4.400452e-01,3.607946e-01,3.023775e-01,2.586664e-01,6.402170e-01,7.287885e-01,7.675689e-01,7.939600e-01,7.933435e-01,8.478351e-01,8.396433e-01
1.112500e-03,6.891725e+00,6.780962e+00,1.392272e+00,7.490694e-01,5.619851e-01,4.398155e-01,3.606012e-01,3.024901e-01,2.587529e-01,6.387491e-01,7.266884e-01,7.695303e-01,7.934131e-01,7.927622e-01,8.483368e-01,8.392899e-01
1.115000e-03,6.895546e+00,6.784092e+00,1.395973e+00,7.494164e-01,5.627254e-01,4.398137e-01,3.603477e-01,3.025360e-01,2.589012e-01,6.374389e-01,7.244483e-01,7.717316e-01,7.923968e-01,7.926616e-01,8.486656e-01,8.389835e-01
1.117500e-03,6.899260e+00,6.787126e+00,1.396708e+00,7.495812e-01,5.633143e-01,4.400918e-01,3.600598e-01,3.025165e-01,2.590733e-01,6.364839e-01,7.227543e-01,7.738789e-01,7.912472e-01,7.929955e-01,8.486396e-01,8.388050e-01
1.120000e-03,6.902804e+00,6.790158e+00,1.394403e+00,7.495155e-01,5.637226e-01,4.406029e-01,3.597970e-01,3.024328e-01,2.592343e-01,6.354766e-01,7.219048e-01,7.756359e-01,7.903129e-01,7.936988e-01,8.481096e-01,8.387899e-01
1.122500e-03,6.906329e+00,6.793240e+00,1.386199e+00,7.492038e-01,5.639791e-01,4.412174e-01,3.596504e-01,3.022857e-01,2.593604e-01,6.346452e-01,7.216666e-01,7.767004e-01,7.898995e-01,7.946832e-01,8.470124e-01,8.389241e-01
1.125000e-03,6.909942e+00,6.796361e+00,1.373223e+00,7.486880e-01,5.641062e-01,4.417846e-01,3.596990e-01,3.020821e-01,2.594438e-01,6.342431e-01,7.214978e-01,7.768450e-01,7.902128e-01,7.958256e-01,8.453854e-01,8.391483e-01
1.127500e-03,6.913557e+00,6.799635e+00,1.355635e+00,7.480626e-01,5.640903e-01,4.422061e-01,3.599725e-01,3.018470e-01,2.594791e-01,6.337533e-01,7.210948e-01,7.759926e-01,7.913255e-01,7.969725e-01,8.433510e-01,8.393771e-01
1.130000e-03,6.918477e+00,6.803034e+00,1.335096e+00,7.474333e-01,5.638995e-01,4.424688e-01,3.604168e-01,3.016393e-01,2.594599e-01,6.328839e-01,7.205650e-01,7.742543e-01,7.931481e-01,7.979670e-01,8.410885e-01,8.395123e-01
1.132500e-03,6.923997e+00,6.806672e+00,1.311159e+00,7.468928e-01,5.635209e-01,4.426030e-01,3.609184e-01,3.015375e-01,2.593812e-01,6.321419e-01,7.202137e-01,7.719304e-01,7.954163e-01,7.986722e-01,8.388017e-01,8.394673e-01
1.135000e-03,6.929477e+00,6.810677e+00,1.283731e+00,7.465085e-01,5.629839e-01,4.426282e-01,3.613538e-01,3.016025e-01,2.592493e-01,6.315994e-01,7.203639e-01,7.694835e-01,7.977416e-01,7.989884e-01,8.366985e-01,8.391939e-01
1.137500e-03,6.934901e+00,6.815230e+00,1.254746e+00,7.463194e-01,5.623701e-01,4.425331e-01,3.616561e-01,3.018499e-01,2.590882e-01,6.307889e-01,7.209717e-01,7.674387e-01,7.997038e-01,7.988689e-01,8.349693e-01,8.386775e-01
1.140000e-03,6.940237e+00,6.821606e+00,1.275584e+00,7.463318e-01,5.617920e-01,4.422959e-01,3.618240e-01,3.022280e-01,2.589560e-01,6.298326e-01,7.216630e-01,7.662413e-01,8.009516e-01,7.983363e-01,8.337605e-01,8.379433e-01
1.142500e-03,6.945047e+00,6.827103e+00,1.296457e+00,7.465256e-01,5.613506e-01,4.419109e-01,3.618815e-01,3.026352e-01,2.589189e-01,6.288844e-01,7.222480e-01,7.660853e-01,8.012481e-01,7.974999e-01,8.331346e-01,8.370287e-01
1.145000e-03,6.949638e+00,6.831770e+00,1.314297e+00,7.468558e-01,5.611067e-01,4.414113e-01,3.618426e-01,3.029718e-01,2.590265e-01,6.276850e-01,7.226403e-01,7.668455e-01,8.004867e-01,7.965425e-01,8.330498e-01,8.359870e-01
1.147500e-03,6.953723e+00,6.835926e+00,1.330808e+00,7.472593e-01,5.610659e-01,4.408782e-01,3.617007e-01,3.031907e-01,2.592815e-01,6.264312e-01,7.227179e-01,7.681986e-01,7.986916e-01,7.956572e-01,8.333958e-01,8.349369e-01
1.150000e-03,6.957232e+00,6.839649e+00,1.346024e+00,7.476671e-01,5.611984e-01,4.404156e-01,3.614409e-01,3.032960e-01,2.596330e-01,6.248989e-01,7.224998e-01,7.697961e-01,7.960238e-01,7.949631e-01,8.340640e-01,8.340193e-01
1.152500e-03,6.960334e+00,6.843156e+00,1.359089e+00,7.479919e-01,5.614513e-01,4.401063e-01,3.610664e-01,3.033095e-01,2.599934e-01,6.237428e-01,7.221958e-01,7.713634e-01,7.927703e-01,7.944752e-01,8.349627e-01,8.333257e-01
1.155000e-03,6.963088e+00,6.846489e+00,1.370486e+00,7.481337e-01,5.617721e-01,4.399834e-01,3.606184e-01,3.032406e-01,2.602830e-01,6.229981e-01,7.218861e-01,7.726951e-01,7.893170e-01,7.941357e-01,8.359835e-01,8.328973e-01
1.157500e-03,6.965741e+00,6.849785e+00,1.379074e+00,7.480143e-01,5.621208e-01,4.400308e-01,3.601768e-01,3.030821e-01,2.604673e-01,6.225391e-01,7.215276e-01,7.736486e-01,7.860906e-01,7.938556e-01,8.369597e-01,8.327591e-01
1.160000e-03,6.968651e+00,6.852934e+00,1.383946e+00,7.476197e-01,5.624672e-01,4.402046e-01,3.598305e-01,3.028241e-01,2.605527e-01,6.226296e-01,7.210845e-01,7.741677e-01,7.834865e-01,7.935193e-01,8.376947e-01,8.329409e-01
1.162500e-03,6.971743e+00,6.856016e+00,1.385548e+00,7.470417e-01,5.627667e-01,4.404511e-01,3.596357e-01,3.024781e-01,2.605551e-01,6.225691e-01,7.205600e-01,7.742452e-01,7.818057e-01,7.929801e-01,8.380463e-01,8.334649e-01
1.165000e-03,6.974923e+00,6.859121e+00,1.380630e+00,7.464357e-01,5.629531e-01,4.407289e-01,3.596028e-01,3.020894e-01,2.604806e-01,6.224791e-01,7.200234e-01,7.738697e-01,7.812107e-01,7.920903e-01,8.379609e-01,8.343192e-01
1.167500e-03,6.978294e+00,6.862160e+00,1.370812e+00,7.459499e-01,5.629662e-01,4.410150e-01,3.597055e-01,3.017332e-01,2.603229e-01,6.224177e-01,7.195992e-01,7.730060e-01,7.817002e-01,7.907521e-01,8.374486e-01,8.354006e-01
1.170000e-03,6.981646e+00,6.865229e+00,1.357417e+00,7.456881e-01,5.627829e-01,4.412960e-01,3.598975e-01,3.014796e-01,2.600800e-01,6.221397e-01,7.195231e-01,7.716597e-01,7.831008e-01,7.889471e-01,8.365576e-01,8.365956e-01
1.172500e-03,6.986870e+00,6.868323e+00,1.341344e+00,7.456926e-01,5.624484e-01,4.415448e-01,3.601342e-01,3.013658e-01,2.597710e-01,6.215731e-01,7.199617e-01,7.699294e-01,7.851038e-01,7.867235e-01,8.353759e-01,8.378053e-01
1.175000e-03,6.992027e+00,6.871513e+00,1.322225e+00,7.459607e-01,5.620616e-01,4.417125e-01,3.603850e-01,3.013884e-01,2.594452e-01,6.210380e-01,7.207678e-01,7.679929e-01,7.873225e-01,7.841629e-01,8.340213e-01,8.389659e-01
1.177500e-03,6.996980e+00,6.874837e+00,1.300704e+00,7.464504e-01,5.617293e-01,4.417498e-01,3.606351e-01,3.015169e-01,2.591693e-01,6.205814e-01,7.215499e-01,7.660836e-01,7.893488e-01,7.813737e-01,8.325799e-01,8.400043e-01
1.180000e-03,7.001705e+00,6.878311e+00,1.277612e+00,7.470947e-01,5.615359e-01,4.416352e-01,3.608740e-01,3.017110e-01,2.589954e-01,6.197409e-01,7.216916e-01,7.644669e-01,7.908097e-01,7.785364e-01,8.310590e-01,8.408460e-01
1.182500e-03,7.005966e+00,6.882165e+00,1.260126e+00,7.478220e-01,5.615272e-01,4.413987e-01,3.610783e-01,3.019336e-01,2.589441e-01,6.186395e-01,7.208840e-01,7.633714e-01,7.914347e-01,7.759518e-01,8.293993e-01,8.414771e-01
1.185000e-03,7.009621e+00,6.887219e+00,1.278795e+00,7.485568e-01,5.617076e-01,4.411133e-01,3.612082e-01,3.021596e-01,2.590062e-01,6.175803e-01,7.194008e-01,7.628912e-01,7.910873e-01,7.740257e-01,8.275604e-01,8.419270e-01
1.187500e-03,7.012518e+00,6.891601e+00,1.298013e+00,7.492038e-01,5.620373e-01,4.408644e-01,3.612251e-01,3.023774e-01,2.591534e-01,6.163114e-01,7.176909e-01,7.629619e-01,7.897948e-01,7.731523e-01,8.256361e-01,8.421949e-01
1.190000e-03,7.014965e+00,6.895335e+00,1.315638e+00,7.496542e-01,5.624497e-01,4.407224e-01,3.611145e-01,3.025797e-01,2.593511e-01,6.152808e-01,7.160499e-01,7.634246e-01,7.877386e-01,7.735389e-01,8.238994e-01,8.422170e-01
1.192500e-03,7.017122e+00,6.898556e+00,1.331909e+00,7.498192e-01,5.628722e-01,4.407253e-01,3.609048e-01,3.027467e-01,2.595663e-01,6.143344e-01,7.146043e-01,7.640656e-01,7.852389e-01,7.750911e-01,8.227070e-01,8.419613e-01
1.195000e-03,7.018898e+00,6.901565e+00,1.347529e+00,7.496595e-01,5.632494e-01,4.408713e-01,3.606600e-01,3.028449e-01,2.597773e-01,6.133901e-01,7.133101e-01,7.645717e-01,7.826865e-01,7.774371e-01,8.222735e-01,8.414012e-01
1.197500e-03,7.020695e+00,6.904249e+00,1.361491e+00,7.491987e-01,5.635396e-01,4.411181e-01,3.604538e-01,3.028433e-01,2.599757e-01,6.128586e-01,7.120004e-01,7.645435e-01,7.804637e-01,7.800961e-01,8.224598e-01,8.406573e-01
1.200000e-03,7.022546e+00,6.906692e+00,1.374243e+00,7.485168e-01,5.637070e-01,4.414006e-01,3.603449e-01,3.027323e-01,2.601548e-01,6.122905e-01,7.105689e-01,7.636400e-01,7.788665e-01,7.826539e-01,8.227988e-01,8.399601e-01
1.202500e-03,7.024478e+00,6.909017e+00,1.384522e+00,7.477336e-01,5.637172e-01,4.416595e-01,3.603606e-01,3.025394e-01,2.602966e-01,6.117901e-01,7.091922e-01,7.617372e-01,7.780463e-01,7.848309e-01,8.227982e-01,8.395535e-01
1.205000e-03,7.026402e+00,6.911209e+00,1.393086e+00,7.469800e-01,5.635414e-01,4.418631e-01,3.604900e-01,3.023211e-01,2.603710e-01,6.112354e-01,7.081247e-01,7.589878e-01,7.779949e-01,7.864696e-01,8.222480e-01,8.395063e-01
1.207500e-03,7.028373e+00,6.913359e+00,1.400141e+00,7.463586e-01,5.631786e-01,4.420011e-01,3.606871e-01,3.021430e-01,2.603526e-01,6.106622e-01,7.075517e-01,7.557600e-01,7.785768e-01,7.875035e-01,8.212948e-01,8.395803e-01
1.210000e-03,7.030651e+00,6.915372e+00,1.404974e+00,7.459178e-01,5.626731e-01,4.420638e-01,3.608923e-01,3.020534e-01,2.602390e-01,6.102485e-01,7.073279e-01,7.525222e-01,7.795707e-01,7.879448e-01,8.202955e-01,8.393766e-01
1.212500e-03,7.033267e+00,6.917310e+00,1.407471e+00,7.456554e-01,5.621164e-01,4.420286e-01,3.610617e-01,3.020708e-01,2.600586e-01,6.094313e-01,7.070265e-01,7.497192e-01,7.807128e-01,7.878973e-01,8.196278e-01,8.385796e-01
1.215000e-03,7.036059e+00,6.919193e+00,1.407209e+00,7.455586e-01,5.616145e-01,4.418678e-01,3.611822e-01,3.021787e-01,2.598640e-01,6.085767e-01,7.063833e-01,7.476853e-01,7.817368e-01,7.875303e-01,8.195682e-01,8.371559e-01
1.217500e-03,7.039058e+00,6.921006e+00,1.404748e+00,7.456390e-01,5.612427e-01,4.415743e-01,3.612574e-01,3.023337e-01,2.597124e-01,6.075523e-01,7.053666e-01,7.465711e-01,7.823952e-01,7.870546e-01,8.202424e-01,8.353118e-01
1.220000e-03,7.042106e+00,6.922794e+00,1.400480e+00,7.459128e-01,5.610264e-01,4.411834e-01,3.612823e-01,3.024840e-01,2.596417e-01,6.061653e-01,7.040970e-01,7.463307e-01,7.824859e-01,7.866880e-01,8.216197e-01,8.333512e-01
1.222500e-03,7.045176e+00,6.924533e+00,1.393590e+00,7.463682e-01,5.609471e-01,4.407712e-01,3.612349e-01,3.026000e-01,2.596616e-01,6.045693e-01,7.027466e-01,7.468000e-01,7.819040e-01,7.866025e-01,8.235646e-01,8.315781e-01
1.225000e-03,7.048175e+00,6.926244e+00,1.385182e+00,7.469376e-01,5.609824e-01,4.404212e-01,3.610892e-01,3.026800e-01,2.597513e-01,6.030816e-01,7.014780e-01,7.477802e-01,7.806889e-01,7.868766e-01,8.259073e-01,8.302466e-01
1.227500e-03,7.052086e+00,6.928029e+00,1.375296e+00,7.475040e-01,5.611334e-01,4.401875e-01,3.608415e-01,3.027305e-01,2.598691e-01,6.014808e-01,7.003702e-01,7.490379e-01,7.790309e-01,7.874875e-01,8.284727e-01,8.294807e-01
1.230000e-03,7.056128e+00,6.929906e+00,1.363029e+00,7.479454e-01,5.614125e-01,4.400800e-01,3.605271e-01,3.027454e-01,2.599757e-01,5.999476e-01,6.992187e-01,7.503008e-01,7.772348e-01,7.883429e-01,8.310465e-01,8.292728e-01
1.232500e-03,7.059983e+00,6.931880e+00,1.350101e+00,7.481959e-01,5.618159e-01,4.400765e-01,3.602122e-01,3.027016e-01,2.600544e-01,5.985329e-01,6.977640e-01,7.512996e-01,7.756666e-01,7.893290e-01,8.333692e-01,8.295362e-01
1.235000e-03,7.063911e+00,6.933972e+00,1.335845e+00,7.482520e-01,5.623005e-01,4.401564e-01,3.599630e-01,3.025768e-01,2.601092e-01,5.973311e-01,6.960559e-01,7.517961e-01,7.746862e-01,7.903328e-01,8.351995e-01,8.301771e-01
1.237500e-03,7.068038e+00,6.936178e+00,1.320288e+00,7.481552e-01,5.627788e-01,4.403209e-01,3.598144e-01,3.023712e-01,2.601457e-01,5.961096e-01,6.943185e-01,7.516435e-01,7.745819e-01,7.912474e-01,8.364004e-01,8.311071e-01
1.240000e-03,7.072133e+00,6.938650e+00,1.302311e+00,7.479653e-01,5.631552e-01,4.405797e-01,3.597661e-01,3.021202e-01,2.601546e-01,5.947672e-01,6.927485e-01,7.508634e-01,7.755090e-01,7.919579e-01,8.369698e-01,8.322147e-01
1.242500e-03,7.076240e+00,6.941400e+00,1.282278e+00,7.477326e-01,5.633678e-01,4.409298e-01,3.597994e-01,3.018798e-01,2.601137e-01,5.933500e-01,6.915296e-01,7.496541e-01,7.774537e-01,7.923554e-01,8.369920e-01,8.333631e-01
1.245000e-03,7.080240e+00,6.944522e+00,1.259792e+00,7.474987e-01,5.634021e-01,4.413359e-01,3.599006e-01,3.016995e-01,2.600046e-01,5.919541e-01,6.908092e-01,7.482829e-01,7.802169e-01,7.923795e-01,8.365732e-01,8.344335e-01
1.247500e-03,7.084296e+00,6.948077e+00,1.235063e+00,7.472998e-01,5.632853e-01,4.417264e-01,3.600719e-01,3.016017e-01,2.598322e-01,5.904989e-01,6.905542e-01,7.469493e-01,7.834413e-01,7.920548e-01,8.358203e-01,8.353999e-01
1.250000e-03,7.088426e+00,6.953309e+00,1.251081e+00,7.471737e-01,5.630657e-01,4.420227e-01,3.603184e-01,3.015844e-01,2.596291e-01,5.889623e-01,6.905375e-01,7.457556e-01,7.866994e-01,7.915108e-01,8.348687e-01,8.362470e-01
1.252500e-03,7.092593e+00,6.958055e+00,1.267504e+00,7.471458e-01,5.627960e-01,4.421733e-01,3.606317e-01,3.016322e-01,2.594424e-01,5.874756e-01,6.904524e-01,7.447719e-01,7.895745e-01,7.909488e-01,8.339203e-01,8.369522e-01
1.255000e-03,7.096862e+00,6.962226e+00,1.281536e+00,7.472112e-01,5.625234e-01,4.421671e-01,3.609763e-01,3.017360e-01,2.593093e-01,5.859463e-01,6.900612e-01,7.440826e-01,7.917226e-01,7.905840e-01,8.332271e-01,8.374585e-01
1.257500e-03,7.101217e+00,6.966058e+00,1.293902e+00,7.473458e-01,5.622874e-01,4.420301e-01,3.612893e-01,3.018987e-01,2.592461e-01,5.840853e-01,6.893875e-01,7.437808e-01,7.929259e-01,7.906003e-01,8.329972e-01,8.377351e-01
1.260000e-03,7.105165e+00,6.969579e+00,1.305189e+00,7.475296e-01,5.621188e-01,4.418071e-01,3.615059e-01,3.021223e-01,2.592495e-01,5.825234e-01,6.886820e-01,7.439547e-01,7.931204e-01,7.911407e-01,8.332926e-01,8.377935e-01
1.262500e-03,7.109119e+00,6.972879e+00,1.315304e+00,7.477644e-01,5.620313e-01,4.415460e-01,3.615889e-01,3.023960e-01,2.593076e-01,5.809390e-01,6.881702e-01,7.446763e-01,7.923894e-01,7.923091e-01,8.340327e-01,8.377378e-01
1.265000e-03,7.112706e+00,6.976039e+00,1.322991e+00,7.480447e-01,5.620128e-01,4.412912e-01,3.615357e-01,3.026852e-01,2.594144e-01,5.795429e-01,6.879333e-01,7.459482e-01,7.909356e-01,7.941491e-01,8.351003e-01,8.377431e-01
1.267500e-03,7.116028e+00,6.979114e+00,1.329443e+00,7.483204e-01,5.620431e-01,4.410770e-01,3.613734e-01,3.029332e-01,2.595708e-01,5.783291e-01,6.878485e-01,7.476233e-01,7.890498e-01,7.966048e-01,8.364224e-01,8.379033e-01
1.270000e-03,7.120513e+00,6.982186e+00,1.334043e+00,7.484944e-01,5.621210e-01,4.409259e-01,3.611445e-01,3.030886e-01,2.597759e-01,5.773451e-01,6.876916e-01,7.494034e-01,7.870751e-01,7.994899e-01,8.379417e-01,8.381662e-01
1.272500e-03,7.125112e+00,6.985145e+00,1.335807e+00,7.484779e-01,5.622627e-01,4.408412e-01,3.608965e-01,3.031247e-01,2.600171e-01,5.763032e-01,6.873409e-01,7.509654e-01,7.853560e-01,8.025036e-01,8.395520e-01,8.383942e-01
1.275000e-03,7.129581e+00,6.988091e+00,1.335485e+00,7.482430e-01,5.624686e-01,4.408092e-01,3.606686e-01,3.030432e-01,2.602601e-01,5.755010e-01,6.868885e-01,7.520629e-01,7.841788e-01,8.052846e-01,8.411085e-01,8.385334e-01
1.277500e-03,7.133663e+00,6.991135e+00,1.330942e+00,7.478267e-01,5.626925e-01,4.408177e-01,3.604879e-01,3.028725e-01,2.604556e-01,5.747659e-01,6.866081e-01,7.525879e-01,7.837206e-01,8.075005e-01,8.424947e-01,8.385964e-01
1.280000e-03,7.137721e+00,6.994222e+00,1.321722e+00,7.472996e-01,5.628501e-01,4.408712e-01,3.603667e-01,3.026534e-01,2.605614e-01,5.742360e-01,6.868162e-01,7.526098e-01,7.840394e-01,8.089177e-01,8.436886e-01,8.386340e-01
1.282500e-03,7.141822e+00,6.997393e+00,1.309054e+00,7.467350e-01,5.628705e-01,4.409849e-01,3.603025e-01,3.024276e-01,2.605589e-01,5.738464e-01,6.875537e-01,7.523078e-01,7.850896e-01,8.094390e-01,8.447614e-01,8.386444e-01
1.285000e-03,7.145867e+00,7.000707e+00,1.293086e+00,7.462023e-01,5.627365e-01,4.411544e-01,3.602827e-01,3.022279e-01,2.604560e-01,5.733679e-01,6.885674e-01,7.518880e-01,7.867431e-01,8.091192e-01,8.458285e-01,8.385726e-01
1.287500e-03,7.150091e+00,7.004195e+00,1.273993e+00,7.457707e-01,5.624834e-01,4.413363e-01,3.603002e-01,3.020747e-01,2.602812e-01,5.728942e-01,6.896384e-01,7.515424e-01,7.888072e-01,8.081249e-01,8.469916e-01,8.384179e-01
1.290000e-03,7.154521e+00,7.007949e+00,1.251090e+00,7.455094e-01,5.621683e-01,4.414625e-01,3.603620e-01,3.019762e-01,2.600721e-01,5.723003e-01,6.905766e-01,7.513774e-01,7.910448e-01,8.066814e-01,8.483054e-01,8.382462e-01
1.292500e-03,7.158907e+00,7.012004e+00,1.225455e+00,7.454767e-01,5.618471e-01,4.414822e-01,3.604771e-01,3.019293e-01,2.598656e-01,5.712886e-01,6.914291e-01,7.514063e-01,7.931975e-01,8.050256e-01,8.497589e-01,8.381443e-01
1.295000e-03,7.163193e+00,7.016895e+00,1.211427e+00,7.457031e-01,5.615642e-01,4.413877e-01,3.606344e-01,3.019229e-01,2.596892e-01,5.704194e-01,6.924030e-01,7.516457e-01,7.950136e-01,8.033823e-01,8.512675e-01,8.381901e-01
1.297500e-03,7.167135e+00,7.022792e+00,1.231819e+00,7.461822e-01,5.613560e-01,4.412105e-01,3.607914e-01,3.019530e-01,2.595587e-01,5.693520e-01,6.935045e-01,7.521623e-01,7.962935e-01,8.019670e-01,8.527036e-01,8.384383e-01
1.300000e-03,7.170522e+00,7.027773e+00,1.251607e+00,7.468520e-01,5.612554e-01,4.409988e-01,3.608926e-01,3.020257e-01,2.594788e-01,5.682638e-01,6.944914e-01,7.530386e-01,7.969321e-01,8.009830e-01,8.539718e-01,8.388890e-01
1.302500e-03,7.173560e+00,7.031976e+00,1.268923e+00,7.475953e-01,5.612916e-01,4.407948e-01,3.609022e-01,3.021443e-01,2.594447e-01,5.671631e-01,6.951802e-01,7.543179e-01,7.969428e-01,8.005883e-01,8.550498e-01,8.395345e-01
1.305000e-03,7.176096e+00,7.035645e+00,1.285487e+00,7.482771e-01,5.614860e-01,4.406277e-01,3.608210e-01,3.022931e-01,2.594488e-01,5.663780e-01,6.955263e-01,7.559193e-01,7.964587e-01,8.008549e-01,8.559405e-01,8.403172e-01
1.307500e-03,7.178119e+00,7.038872e+00,1.300775e+00,7.487835e-01,5.618406e-01,4.405174e-01,3.606804e-01,3.024323e-01,2.594890e-01,5.657028e-01,6.955327e-01,7.576251e-01,7.957052e-01,8.017596e-01,8.565886e-01,8.411712e-01
1.310000e-03,7.179941e+00,7.041803e+00,1.314542e+00,7.490487e-01,5.623173e-01,4.404811e-01,3.605211e-01,3.025162e-01,2.595690e-01,5.652898e-01,6.953447e-01,7.592324e-01,7.949432e-01,8.031827e-01,8.568641e-01,8.421033e-01
1.312500e-03,7.181349e+00,7.044449e+00,1.326356e+00,7.490745e-01,5.628292e-01,4.405378e-01,3.603754e-01,3.025201e-01,2.596882e-01,5.650328e-01,6.952588e-01,7.606204e-01,7.944094e-01,8.049357e-01,8.566496e-01,8.431935e-01
1.315000e-03,7.182542e+00,7.046892e+00,1.336815e+00,7.489093e-01,5.632742e-01,4.407050e-01,3.602628e-01,3.024500e-01,2.598287e-01,5.649297e-01,6.953977e-01,7.616668e-01,7.942773e-01,8.067965e-01,8.559344e-01,8.444250e-01
1.317500e-03,7.183481e+00,7.049161e+00,1.345890e+00,7.486128e-01,5.635697e-01,4.409849e-01,3.601954e-01,3.023363e-01,2.599534e-01,5.648440e-01,6.956974e-01,7.622557e-01,7.946459e-01,8.085496e-01,8.548346e-01,8.456316e-01
1.320000e-03,7.184771e+00,7.051202e+00,1.353155e+00,7.482339e-01,5.636745e-01,4.413452e-01,3.601857e-01,3.022113e-01,2.600250e-01,5.649354e-01,6.960192e-01,7.623568e-01,7.955398e-01,8.100275e-01,8.535315e-01,8.465762e-01
1.322500e-03,7.185926e+00,7.053126e+00,1.358827e+00,7.478138e-01,5.635990e-01,4.417165e-01,3.602490e-01,3.020994e-01,2.600267e-01,5.651437e-01,6.963142e-01,7.620193e-01,7.969072e-01,8.111311e-01,8.522080e-01,8.470918e-01
1.325000e-03,7.187145e+00,7.054884e+00,1.363068e+00,7.473893e-01,5.633876e-01,4.420207e-01,3.603990e-01,3.020143e-01,2.599679e-01,5.652904e-01,6.966722e-01,7.613608e-01,7.986219e-01,8.118399e-01,8.510145e-01,8.471630e-01
1.327500e-03,7.188349e+00,7.056499e+00,1.366412e+00,7.470015e-01,5.630875e-01,4.421999e-01,3.606334e-01,3.019649e-01,2.598746e-01,5.654690e-01,6.971573e-01,7.605578e-01,8.004994e-01,8.121933e-01,8.500622e-01,8.468524e-01
1.330000e-03,7.189721e+00,7.057971e+00,1.367141e+00,7.466982e-01,5.627344e-01,4.422295e-01,3.609202e-01,3.019616e-01,2.597740e-01,5.655773e-01,6.977240e-01,7.598326e-01,8.023117e-01,8.122740e-01,8.494448e-01,8.462286e-01
1.332500e-03,7.191328e+00,7.059238e+00,1.366788e+00,7.465263e-01,5.623602e-01,4.421215e-01,3.612012e-01,3.020184e-01,2.596848e-01,5.655280e-01,6.983233e-01,7.594484e-01,8.038165e-01,8.121911e-01,8.492365e-01,8.453398e-01
1.335000e-03,7.192891e+00,7.060366e+00,1.365538e+00,7.465110e-01,5.619986e-01,4.419104e-01,3.614157e-01,3.021462e-01,2.596172e-01,5.652914e-01,6.988796e-01,7.596126e-01,8.047988e-01,8.120613e-01,8.494784e-01,8.442680e-01
1.337500e-03,7.194292e+00,7.061386e+00,1.363858e+00,7.466492e-01,5.616905e-01,4.416334e-01,3.615215e-01,3.023409e-01,2.595789e-01,5.650287e-01,6.993880e-01,7.603551e-01,8.051227e-01,8.119895e-01,8.501700e-01,8.430724e-01
1.340000e-03,7.195514e+00,7.062290e+00,1.361735e+00,7.468965e-01,5.614750e-01,4.413207e-01,3.615037e-01,3.025714e-01,2.595799e-01,5.647383e-01,6.999922e-01,7.615421e-01,8.047616e-01,8.120511e-01,8.512450e-01,8.418653e-01
1.342500e-03,7.196589e+00,7.063051e+00,1.359732e+00,7.471864e-01,5.613833e-01,4.410018e-01,3.613767e-01,3.027885e-01,2.596326e-01,5.644701e-01,7.006588e-01,7.629621e-01,8.038022e-01,8.122740e-01,8.525709e-01,8.407807e-01
1.345000e-03,7.197393e+00,7.063715e+00,1.358139e+00,7.474598e-01,5.614294e-01,4.407108e-01,3.611713e-01,3.029436e-01,2.597447e-01,5.642432e-01,7.010801e-01,7.643923e-01,8.024299e-01,8.126288e-01,8.539800e-01,8.399310e-01
1.347500e-03,7.197962e+00,7.064273e+00,1.357023e+00,7.476680e-01,5.616037e-01,4.404815e-01,3.609181e-01,3.030054e-01,2.599087e-01,5.640832e-01,7.011005e-01,7.656848e-01,8.008973e-01,8.130277e-01,8.553020e-01,8.393830e-01
1.350000e-03,7.198221e+00,7.064759e+00,1.356378e+00,7.477794e-01,5.618649e-01,4.403420e-01,3.606443e-01,3.029662e-01,2.600965e-01,5.640252e-01,7.008870e-01,7.667857e-01,7.994774e-01,8.133366e-01,8.563802e-01,8.392078e-01
1.352500e-03,7.198154e+00,7.065185e+00,1.356257e+00,7.477699e-01,5.621572e-01,4.403121e-01,3.603787e-01,3.028398e-01,2.602664e-01,5.641121e-01,7.007432e-01,7.676628e-01,7.984160e-01,8.134060e-01,8.570840e-01,8.394303e-01
1.355000e-03,7.197781e+00,7.065568e+00,1.356654e+00,7.476348e-01,5.624288e-01,4.403956e-01,3.601510e-01,3.026510e-01,2.603790e-01,5.643588e-01,7.008375e-01,7.682847e-01,7.978854e-01,8.131010e-01,8.573239e-01,8.400577e-01
1.357500e-03,7.197197e+00,7.065911e+00,1.357525e+00,7.474019e-01,5.626389e-01,4.405772e-01,3.599882e-01,3.024262e-01,2.604101e-01,5.647554e-01,7.011135e-01,7.686540e-01,7.979551e-01,8.123309e-01,8.570580e-01,8.410698e-01
1.360000e-03,7.196541e+00,7.066208e+00,1.358699e+00,7.471192e-01,5.627641e-01,4.408210e-01,3.599107e-01,3.021909e-01,2.603551e-01,5.652755e-01,7.014431e-01,7.687930e-01,7.985938e-01,8.110761e-01,8.562949e-01,8.424168e-01
1.362500e-03,7.195936e+00,7.066452e+00,1.360038e+00,7.468414e-01,5.627910e-01,4.410807e-01,3.599284e-01,3.019721e-01,2.602274e-01,5.658064e-01,7.017763e-01,7.686975e-01,7.996956e-01,8.093915e-01,8.551019e-01,8.440062e-01
1.365000e-03,7.195445e+00,7.066629e+00,1.361444e+00,7.466190e-01,5.627202e-01,4.413132e-01,3.600386e-01,3.017957e-01,2.600497e-01,5.662785e-01,7.021301e-01,7.683585e-01,8.010993e-01,8.073955e-01,8.535956e-01,8.457170e-01
1.367500e-03,7.195100e+00,7.066721e+00,1.362920e+00,7.464896e-01,5.625733e-01,4.414876e-01,3.602243e-01,3.016841e-01,2.598467e-01,5.666609e-01,7.025360e-01,7.678216e-01,8.025981e-01,8.052533e-01,8.519272e-01,8.474172e-01
1.370000e-03,7.194871e+00,7.066716e+00,1.364537e+00,7.464915e-01,5.623853e-01,4.415874e-01,3.604531e-01,3.016493e-01,2.596429e-01,5.669255e-01,7.030265e-01,7.672083e-01,8.039450e-01,8.031554e-01,8.502404e-01,8.489750e-01
1.372500e-03,7.194689e+00,7.066608e+00,1.366406e+00,7.466534e-01,5.621942e-01,4.416062e-01,3.606837e-01,3.016952e-01,2.594629e-01,5.670941e-01,7.036066e-01,7.666721e-01,8.048970e-01,8.012924e-01,8.486530e-01,8.503024e-01
1.375000e-03,7.194473e+00,7.066397e+00,1.368623e+00,7.469814e-01,5.620323e-01,4.415491e-01,3.608800e-01,3.018167e-01,2.593284e-01,5.672000e-01,7.041890e-01,7.663412e-01,8.052776e-01,7.998326e-01,8.472466e-01,8.513528e-01
1.377500e-03,7.194148e+00,7.066086e+00,1.371271e+00,7.474403e-01,5.619285e-01,4.414348e-01,3.610177e-01,3.019969e-01,2.592548e-01,5.672826e-01,7.046136e-01,7.662935e-01,8.050191e-01,7.988999e-01,8.460603e-01,8.521203e-01
1.380000e-03,7.193638e+00,7.065684e+00,1.374358e+00,7.479524e-01,5.619089e-01,4.412909e-01,3.610857e-01,3.022050e-01,2.592497e-01,5.673884e-01,7.047550e-01,7.665446e-01,8.041600e-01,7.985639e-01,8.450898e-01,8.526139e-01
1.382500e-03,7.192873e+00,7.065207e+00,1.377948e+00,7.484247e-01,5.619930e-01,4.411460e-01,3.610823e-01,3.024048e-01,2.593143e-01,5.675578e-01,7.045877e-01,7.670330e-01,8.028236e-01,7.988363e-01,8.442980e-01,8.528583e-01
1.385000e-03,7.191834e+00,7.064665e+00,1.382068e+00,7.487743e-01,5.621841e-01,4.410249e-01,3.610165e-01,3.025663e-01,2.594423e-01,5.678464e-01,7.042029e-01,7.676274e-01,8.011810e-01,7.996756e-01,8.436420e-01,8.528817e-01
1.387500e-03,7.190467e+00,7.064081e+00,1.386795e+00,7.489431e-01,5.624536e-01,4.409475e-01,3.609071e-01,3.026714e-01,2.596166e-01,5.682458e-01,7.037569e-01,7.681628e-01,7.994200e-01,8.009899e-01,8.430998e-01,8.527137e-01
1.390000e-03,7.188763e+00,7.063474e+00,1.392086e+00,7.489071e-01,5.627474e-01,4.409308e-01,3.607783e-01,3.027142e-01,2.598077e-01,5.687801e-01,7.033929e-01,7.684781e-01,7.977231e-01,8.026385e-01,8.426947e-01,8.523582e-01
1.392500e-03,7.186729e+00,7.062857e+00,1.397852e+00,7.486706e-01,5.630069e-01,4.409870e-01,3.606539e-01,3.026961e-01,2.599832e-01,5.694554e-01,7.031706e-01,7.684370e-01,7.962537e-01,8.044387e-01,8.424881e-01,8.518391e-01
1.395000e-03,7.184453e+00,7.062228e+00,1.403959e+00,7.482681e-01,5.631828e-01,4.411148e-01,3.605531e-01,3.026262e-01,2.601184e-01,5.702517e-01,7.030831e-01,7.679435e-01,7.951493e-01,8.061802e-01,8.425364e-01,8.512068e-01
1.397500e-03,7.182636e+00,7.061602e+00,1.410133e+00,7.477630e-01,5.632398e-01,4.412917e-01,3.604911e-01,3.025217e-01,2.601997e-01,5.711741e-01,7.030955e-01,7.669565e-01,7.945103e-01,8.076553e-01,8.428416e-01,8.505459e-01
1.400000e-03,7.181014e+00,7.060965e+00,1.416101e+00,7.472302e-01,5.631628e-01,4.414798e-01,3.604801e-01,3.024042e-01,2.602235e-01,5.721410e-01,7.031701e-01,7.655055e-01,7.943831e-01,8.086892e-01,8.433406e-01,8.499716e-01
1.402500e-03,7.179471e+00,7.060303e+00,1.421678e+00,7.467384e-01,5.629569e-01,4.416399e-01,3.605271e-01,3.022940e-01,2.601932e-01,5.730759e-01,7.032941e-01,7.637079e-01,7.947354e-01,8.091851e-01,8.439452e-01,8.495803e-01
1.405000e-03,7.178051e+00,7.059602e+00,1.426724e+00,7.463401e-01,5.626522e-01,4.417375e-01,3.606275e-01,3.022065e-01,2.601193e-01,5.739843e-01,7.034563e-01,7.617643e-01,7.954433e-01,8.091368e-01,8.446000e-01,8.494078e-01
1.407500e-03,7.176712e+00,7.058864e+00,1.431667e+00,7.460738e-01,5.623003e-01,4.417477e-01,3.607617e-01,3.021535e-01,2.600190e-01,5.747845e-01,7.036450e-01,7.599251e-01,7.963027e-01,8.086252e-01,8.453103e-01,8.494013e-01
1.410000e-03,7.175436e+00,7.058095e+00,1.436557e+00,7.459722e-01,5.619549e-01,4.416613e-01,3.609004e-01,3.021437e-01,2.599113e-01,5.754604e-01,7.038423e-01,7.584352e-01,7.970713e-01,8.077924e-01,8.461237e-01,8.494743e-01
1.412500e-03,7.174205e+00,7.057287e+00,1.440999e+00,7.460520e-01,5.616587e-01,4.414862e-01,3.610132e-01,3.021819e-01,2.598127e-01,5.760233e-01,7.039840e-01,7.574753e-01,7.975193e-01,8.068043e-01,8.470847e-01,8.495553e-01
1.415000e-03,7.172979e+00,7.056444e+00,1.444985e+00,7.462994e-01,5.614428e-01,4.412503e-01,3.610726e-01,3.022638e-01,2.597356e-01,5.764861e-01,7.039946e-01,7.571158e-01,7.974852e-01,8.058072e-01,8.481927e-01,8.496159e-01
1.417500e-03,7.171753e+00,7.055565e+00,1.448324e+00,7.466698e-01,5.613297e-01,4.409937e-01,3.610605e-01,3.023722e-01,2.596889e-01,5.768623e-01,7.038036e-01,7.573090e-01,7.969081e-01,8.049072e-01,8.493700e-01,8.496797e-01
1.420000e-03,7.170493e+00,7.054656e+00,1.450784e+00,7.470919e-01,5.613359e-01,4.407554e-01,3.609728e-01,3.024828e-01,2.596795e-01,5.772277e-01,7.033692e-01,7.579148e-01,7.958325e-01,8.041630e-01,8.504718e-01,8.497958e-01
1.422500e-03,7.169158e+00,7.053729e+00,1.452581e+00,7.474918e-01,5.614650e-01,4.405649e-01,3.608211e-01,3.025696e-01,2.597109e-01,5.775321e-01,7.027274e-01,7.587459e-01,7.943925e-01,8.035904e-01,8.513481e-01,8.500113e-01
1.425000e-03,7.167772e+00,7.052788e+00,1.454035e+00,7.478168e-01,5.617006e-01,4.404423e-01,3.606313e-01,3.026102e-01,2.597783e-01,5.777864e-01,7.019767e-01,7.596055e-01,7.927831e-01,8.031675e-01,8.519071e-01,8.503455e-01
1.427500e-03,7.166383e+00,7.051784e+00,1.455023e+00,7.480330e-01,5.620086e-01,4.404004e-01,3.604361e-01,3.025916e-01,2.598672e-01,5.780616e-01,7.012219e-01,7.603139e-01,7.912246e-01,8.028343e-01,8.521147e-01,8.507885e-01
1.430000e-03,7.164952e+00,7.050802e+00,1.455656e+00,7.481292e-01,5.623425e-01,4.404470e-01,3.602646e-01,3.025133e-01,2.599566e-01,5.783336e-01,7.005246e-01,7.607334e-01,7.899321e-01,8.025014e-01,8.519605e-01,8.513187e-01
1.432500e-03,7.163521e+00,7.049844e+00,1.455584e+00,7.481149e-01,5.626542e-01,4.405801e-01,3.601380e-01,3.023877e-01,2.600244e-01,5.786018e-01,6.999129e-01,7.607881e-01,7.890887e-01,8.020724e-01,8.514301e-01,8.519178e-01
1.435000e-03,7.162131e+00,7.048916e+00,1.454909e+00,7.480083e-01,5.629055e-01,4.407857e-01,3.600692e-01,3.022374e-01,2.600522e-01,5.788807e-01,6.994030e-01,7.604593e-01,7.888176e-01,8.014665e-01,8.505114e-01,8.525757e-01
1.437500e-03,7.160831e+00,7.048025e+00,1.453681e+00,7.478298e-01,5.630682e-01,4.410390e-01,3.600657e-01,3.020884e-01,2.600309e-01,5.791605e-01,6.990280e-01,7.597742e-01,7.891560e-01,8.006391e-01,8.492243e-01,8.532772e-01
1.440000e-03,7.159739e+00,7.047146e+00,1.451773e+00,7.476065e-01,5.631267e-01,4.413063e-01,3.601313e-01,3.019622e-01,2.599623e-01,5.794139e-01,6.987758e-01,7.588105e-01,7.900361e-01,7.995858e-01,8.476387e-01,8.539714e-01
1.442500e-03,7.158879e+00,7.046294e+00,1.448964e+00,7.473774e-01,5.630837e-01,4.415520e-01,3.602621e-01,3.018743e-01,2.598584e-01,5.796179e-01,6.986057e-01,7.576970e-01,7.912854e-01,7.983439e-01,8.458609e-01,8.545781e-01
1.445000e-03,7.158266e+00,7.045469e+00,1.445090e+00,7.471896e-01,5.629533e-01,4.417448e-01,3.604457e-01,3.018338e-01,2.597384e-01,5.797545e-01,6.985264e-01,7.565900e-01,7.926559e-01,7.969878e-01,8.440094e-01,8.550188e-01
1.447500e-03,7.157862e+00,7.044671e+00,1.440821e+00,7.470866e-01,5.627590e-01,4.418589e-01,3.606621e-01,3.018463e-01,2.596230e-01,5.797786e-01,6.986026e-01,7.556396e-01,7.938749e-01,7.956236e-01,8.421975e-01,8.552327e-01
1.450000e-03,7.157602e+00,7.043932e+00,1.436443e+00,7.470920e-01,5.625315e-01,4.418811e-01,3.608831e-01,3.019133e-01,2.595295e-01,5.796771e-01,6.988158e-01,7.549588e-01,7.946930e-01,7.943763e-01,8.405240e-01,8.552095e-01
1.452500e-03,7.157438e+00,7.043236e+00,1.431602e+00,7.471954e-01,5.623076e-01,4.418156e-01,3.610782e-01,3.020314e-01,2.594692e-01,5.795017e-01,6.990602e-01,7.546078e-01,7.949365e-01,7.933722e-01,8.390696e-01,8.549412e-01
1.455000e-03,7.157339e+00,7.042571e+00,1.426671e+00,7.473652e-01,5.621234e-01,4.416785e-01,3.612207e-01,3.021909e-01,2.594489e-01,5.793121e-01,6.992441e-01,7.546003e-01,7.945223e-01,7.927179e-01,8.378932e-01,8.544105e-01
1.457500e-03,7.157233e+00,7.041939e+00,1.422086e+00,7.475670e-01,5.620069e-01,4.414936e-01,3.612898e-01,3.023742e-01,2.594721e-01,5.791246e-01,6.993466e-01,7.548945e-01,7.934688e-01,7.924799e-01,8.370222e-01,8.536411e-01
1.460000e-03,7.157077e+00,7.041357e+00,1.417787e+00,7.477670e-01,5.619711e-01,4.412895e-01,3.612768e-01,3.025566e-01,2.595398e-01,5.789868e-01,6.993846e-01,7.553933e-01,7.918916e-01,7.926689e-01,8.364473e-01,8.526850e-01
1.462500e-03,7.156851e+00,7.040855e+00,1.413809e+00,7.479279e-01,5.620088e-01,4.410967e-01,3.611889e-01,3.027117e-01,2.596493e-01,5.789116e-01,6.993796e-01,7.559783e-01,7.899801e-01,7.932371e-01,8.361298e-01,8.516245e-01
1.465000e-03,7.156544e+00,7.040421e+00,1.410159e+00,7.480078e-01,5.621039e-01,4.409417e-01,3.610445e-01,3.028160e-01,2.597915e-01,5.788866e-01,6.993598e-01,7.565501e-01,7.879587e-01,7.940830e-01,8.360163e-01,8.505229e-01
1.467500e-03,7.156168e+00,7.040043e+00,1.407076e+00,7.479830e-01,5.622400e-01,4.408424e-01,3.608684e-01,3.028532e-01,2.599503e-01,5.789948e-01,6.993642e-01,7.570245e-01,7.860521e-01,7.950641e-01,8.360554e-01,8.494411e-01
1.470000e-03,7.155715e+00,7.039714e+00,1.404683e+00,7.478593e-01,5.623953e-01,4.408064e-01,3.606873e-01,3.028188e-01,2.601035e-01,5.792232e-01,6.994308e-01,7.573177e-01,7.844591e-01,7.960143e-01,8.361993e-01,8.484395e-01
1.472500e-03,7.155189e+00,7.039450e+00,1.403057e+00,7.476585e-01,5.625376e-01,4.408302e-01,3.605253e-01,3.027227e-01,2.602273e-01,5.795457e-01,6.995898e-01,7.573601e-01,7.833336e-01,7.967626e-01,8.364002e-01,8.475526e-01
1.475000e-03,7.154632e+00,7.039244e+00,1.402054e+00,7.473998e-01,5.626281e-01,4.409049e-01,3.604008e-01,3.025839e-01,2.603015e-01,5.799541e-01,6.998419e-01,7.571134e-01,7.827617e-01,7.971612e-01,8.366143e-01,8.468104e-01
1.477500e-03,7.154100e+00,7.039088e+00,1.401504e+00,7.470972e-01,5.626431e-01,4.410181e-01,3.603258e-01,3.024247e-01,2.603137e-01,5.804146e-01,7.001695e-01,7.565833e-01,7.827482e-01,7.971112e-01,8.368126e-01,8.462381e-01
1.480000e-03,7.153645e+00,7.038970e+00,1.401254e+00,7.467754e-01,5.625847e-01,4.411503e-01,3.603053e-01,3.022675e-01,2.602635e-01,5.808864e-01,7.005530e-01,7.558299e-01,7.832202e-01,7.965792e-01,8.369865e-01,8.458530e-01
1.482500e-03,7.153304e+00,7.038875e+00,1.401110e+00,7.464810e-01,5.624695e-01,4.412723e-01,3.603373e-01,3.021312e-01,2.601622e-01,5.813200e-01,7.009533e-01,7.549610e-01,7.840421e-01,7.956016e-01,8.371491e-01,8.456469e-01
1.485000e-03,7.153093e+00,7.038786e+00,1.400928e+00,7.462733e-01,5.623157e-01,4.413514e-01,3.604143e-01,3.020298e-01,2.600284e-01,5.816735e-01,7.013437e-01,7.541166e-01,7.850364e-01,7.942843e-01,8.373298e-01,8.455843e-01
1.487500e-03,7.153002e+00,7.038685e+00,1.400587e+00,7.462036e-01,5.621398e-01,4.413693e-01,3.605240e-01,3.019738e-01,2.598823e-01,5.819203e-01,7.017327e-01,7.534395e-01,7.860062e-01,7.927837e-01,8.375617e-01,8.456320e-01
1.490000e-03,7.152990e+00,7.038556e+00,1.400052e+00,7.462978e-01,5.619623e-01,4.413291e-01,3.606467e-01,3.019673e-01,2.597431e-01,5.820521e-01,7.021282e-01,7.530364e-01,7.867674e-01,7.912828e-01,8.378698e-01,8.457454e-01
1.492500e-03,7.153008e+00,7.038393e+00,1.399330e+00,7.465543e-01,5.618118e-01,4.412466e-01,3.607547e-01,3.020084e-01,2.596263e-01,5.820848e-01,7.024896e-01,7.529558e-01,7.871804e-01,7.899651e-01,8.382602e-01,8.458867e-01
1.495000e-03,7.153011e+00,7.038189e+00,1.398438e+00,7.469422e-01,5.617181e-01,4.411400e-01,3.608208e-01,3.020889e-01,2.595434e-01,5.820451e-01,7.027309e-01,7.531936e-01,7.871753e-01,7.889806e-01,8.387166e-01,8.460507e-01
1.497500e-03,7.152961e+00,7.037943e+00,1.397369e+00,7.474063e-01,5.617057e-01,4.410256e-01,3.608326e-01,3.021959e-01,2.595025e-01,5.819604e-01,7.027783e-01,7.536977e-01,7.867625e-01,7.884123e-01,8.391928e-01,8.462254e-01
1.500000e-03,7.152842e+00,7.037656e+00,1.396156e+00,7.478736e-01,5.617897e-01,4.409183e-01,3.607958e-01,3.023096e-01,2.595075e-01,5.818652e-01,7.026080e-01,7.543727e-01,7.860249e-01,7.882670e-01,8.395974e-01,8.463949e-01
