t_s,x_p50_rt,x_shock_rt,dpdx_max,p_2.56,p_3.36,p_4.16,p_4.95,p_5.75,p_6.55,p_7.35,p_8.14,p_8.94,p_9.73,p_10.53,p_11.33,p_12.12
1.500000e-07,7.358696e+00,7.199188e+00,1.296194e+00,7.473657e-01,5.621331e-01,4.411659e-01,3.606160e-01,3.022986e-01,2.597554e-01,4.958302e-01,6.573305e-01,7.208555e-01,7.615204e-01,7.793962e-01,8.171109e-01,8.347867e-01
2.500000e-06,7.356112e+00,7.198064e+00,1.304316e+00,7.474246e-01,5.624776e-01,4.412575e-01,3.606323e-01,3.022542e-01,2.597931e-01,4.967770e-01,6.571691e-01,7.210789e-01,7.623755e-01,7.804914e-01,8.182840e-01,8.338074e-01
5.000000e-06,7.364629e+00,7.198860e+00,1.307869e+00,7.474094e-01,5.623610e-01,4.411569e-01,3.606539e-01,3.023122e-01,2.598737e-01,4.932220e-01,6.556380e-01,7.213503e-01,7.633620e-01,7.814588e-01,8.194296e-01,8.334128e-01
7.500000e-06,7.363257e+00,7.199959e+00,1.300713e+00,7.473432e-01,5.623728e-01,4.411753e-01,3.606328e-01,3.023145e-01,2.598332e-01,4.932329e-01,6.581509e-01,7.214650e-01,7.644126e-01,7.822204e-01,8.204090e-01,8.318199e-01
1.000000e-05,7.366117e+00,7.201293e+00,1.294165e+00,7.474311e-01,5.623785e-01,4.411754e-01,3.606404e-01,3.022739e-01,2.598388e-01,4.920454e-01,6.617562e-01,7.210314e-01,7.654636e-01,7.827518e-01,8.211830e-01,8.314612e-01
1.250000e-05,7.366979e+00,7.202313e+00,1.287795e+00,7.474627e-01,5.624071e-01,4.411946e-01,3.606541e-01,3.022857e-01,2.598243e-01,4.913126e-01,6.558722e-01,7.216567e-01,7.663326e-01,7.830194e-01,8.217134e-01,8.315788e-01
1.500000e-05,7.369153e+00,7.203484e+00,1.281144e+00,7.475061e-01,5.623646e-01,4.412099e-01,3.606645e-01,3.022904e-01,2.598257e-01,4.902652e-01,6.536807e-01,7.242155e-01,7.669291e-01,7.829738e-01,8.219629e-01,8.313470e-01
1.750000e-05,7.370591e+00,7.204634e+00,1.274019e+00,7.476060e-01,5.623992e-01,4.411956e-01,3.606645e-01,3.022828e-01,2.598160e-01,4.894159e-01,6.550092e-01,7.268511e-01,7.675916e-01,7.825678e-01,8.218916e-01,8.310858e-01
2.000000e-05,7.372187e+00,7.205766e+00,1.267750e+00,7.464137e-01,5.624322e-01,4.412252e-01,3.606885e-01,3.022988e-01,2.598137e-01,4.885293e-01,6.552682e-01,7.276908e-01,7.688702e-01,7.818075e-01,8.214808e-01,8.310237e-01
2.250000e-05,7.373760e+00,7.206968e+00,1.260675e+00,7.461519e-01,5.625870e-01,4.412252e-01,3.607000e-01,3.022996e-01,2.598148e-01,4.876581e-01,6.584012e-01,7.257705e-01,7.706745e-01,7.808133e-01,8.206897e-01,8.310446e-01
2.500000e-05,7.375147e+00,7.208205e+00,1.253468e+00,7.468748e-01,5.621400e-01,4.412444e-01,3.607007e-01,3.023087e-01,2.598116e-01,4.868479e-01,6.598302e-01,7.244465e-01,7.723681e-01,7.798168e-01,8.194468e-01,8.311960e-01
2.750000e-05,7.376399e+00,7.209511e+00,1.245879e+00,7.471567e-01,5.616457e-01,4.413579e-01,3.607168e-01,3.023302e-01,2.598195e-01,4.860883e-01,6.578507e-01,7.259868e-01,7.734992e-01,7.790402e-01,8.178906e-01,8.314959e-01
3.000000e-05,7.377574e+00,7.210871e+00,1.238216e+00,7.477232e-01,5.616638e-01,4.412806e-01,3.607263e-01,3.023384e-01,2.598195e-01,4.853692e-01,6.561619e-01,7.284798e-01,7.736241e-01,7.785476e-01,8.165414e-01,8.317712e-01
3.250000e-05,7.378571e+00,7.212290e+00,1.230015e+00,7.471724e-01,5.619868e-01,4.408629e-01,3.608049e-01,3.023433e-01,2.598326e-01,4.847022e-01,6.567365e-01,7.298494e-01,7.725965e-01,7.782492e-01,8.159230e-01,8.318589e-01
3.500000e-05,7.379604e+00,7.213762e+00,1.221519e+00,7.472507e-01,5.621051e-01,4.407011e-01,3.608448e-01,3.023561e-01,2.598482e-01,4.840238e-01,6.584721e-01,7.298914e-01,7.712549e-01,7.780426e-01,8.160669e-01,8.319519e-01
3.750000e-05,7.380565e+00,7.215303e+00,1.212933e+00,7.474413e-01,5.622781e-01,4.407574e-01,3.606111e-01,3.024094e-01,2.598519e-01,4.833794e-01,6.594982e-01,7.302298e-01,7.706469e-01,7.778587e-01,8.165470e-01,8.325839e-01
4.000000e-05,7.381375e+00,7.216908e+00,1.204394e+00,7.473563e-01,5.626478e-01,4.409206e-01,3.603694e-01,3.024810e-01,2.598596e-01,4.827963e-01,6.596638e-01,7.321963e-01,7.709126e-01,7.775795e-01,8.168541e-01,8.341288e-01
4.250000e-05,7.382110e+00,7.218905e+00,1.204086e+00,7.473205e-01,5.622957e-01,4.410027e-01,3.603330e-01,3.024013e-01,2.599013e-01,4.822432e-01,6.598919e-01,7.348722e-01,7.715211e-01,7.770798e-01,8.166726e-01,8.364346e-01
4.500000e-05,7.382737e+00,7.221177e+00,1.213175e+00,7.472873e-01,5.622141e-01,4.410506e-01,3.603866e-01,3.021854e-01,2.599692e-01,4.817436e-01,6.606491e-01,7.366041e-01,7.720782e-01,7.764058e-01,8.159733e-01,8.388745e-01
4.750000e-05,7.383124e+00,7.223328e+00,1.222543e+00,7.472490e-01,5.623668e-01,4.411981e-01,3.604781e-01,3.020641e-01,2.599700e-01,4.813614e-01,6.616194e-01,7.370024e-01,7.723971e-01,7.758133e-01,8.149447e-01,8.407554e-01
5.000000e-05,7.383247e+00,7.225377e+00,1.232280e+00,7.472338e-01,5.623376e-01,4.414398e-01,3.605316e-01,3.020695e-01,2.598417e-01,4.811166e-01,6.625077e-01,7.366371e-01,7.722693e-01,7.755781e-01,8.138320e-01,8.416099e-01
5.250000e-05,7.383305e+00,7.227226e+00,1.242069e+00,7.472712e-01,5.623154e-01,4.411854e-01,3.605696e-01,3.021113e-01,2.596917e-01,4.809046e-01,6.633717e-01,7.360462e-01,7.717123e-01,7.757998e-01,8.128247e-01,8.413926e-01
5.500000e-05,7.383444e+00,7.228880e+00,1.251500e+00,7.473055e-01,5.623009e-01,4.410746e-01,3.606059e-01,3.021667e-01,2.596372e-01,4.806413e-01,6.643504e-01,7.356312e-01,7.712071e-01,7.763839e-01,8.120518e-01,8.403938e-01
5.750000e-05,7.383669e+00,7.230364e+00,1.259894e+00,7.473309e-01,5.622767e-01,4.411810e-01,3.607541e-01,3.022027e-01,2.596527e-01,4.803373e-01,6.654561e-01,7.356680e-01,7.713421e-01,7.771672e-01,8.116059e-01,8.389770e-01
6.000000e-05,7.383694e+00,7.231681e+00,1.267821e+00,7.473747e-01,5.622429e-01,4.411886e-01,3.608909e-01,3.022254e-01,2.596838e-01,4.801787e-01,6.665281e-01,7.361569e-01,7.721896e-01,7.780329e-01,8.115378e-01,8.373728e-01
6.250000e-05,7.383323e+00,7.232807e+00,1.275598e+00,7.474443e-01,5.622156e-01,4.411978e-01,3.606718e-01,3.022575e-01,2.597188e-01,4.802454e-01,6.673399e-01,7.368252e-01,7.732343e-01,7.789155e-01,8.118362e-01,8.357307e-01
6.500000e-05,7.382663e+00,7.233778e+00,1.283404e+00,7.475280e-01,5.622148e-01,4.411790e-01,3.605924e-01,3.022875e-01,2.597437e-01,4.804945e-01,6.678487e-01,7.373225e-01,7.739299e-01,7.797344e-01,8.124351e-01,8.341682e-01
6.750000e-05,7.381833e+00,7.234570e+00,1.290786e+00,7.476014e-01,5.622410e-01,4.411352e-01,3.606752e-01,3.024265e-01,2.597589e-01,4.808594e-01,6.682322e-01,7.374302e-01,7.741126e-01,7.803767e-01,8.132324e-01,8.327975e-01
7.000000e-05,7.380881e+00,7.235171e+00,1.297694e+00,7.476473e-01,5.622728e-01,4.411087e-01,3.606919e-01,3.024951e-01,2.597824e-01,4.813256e-01,6.686720e-01,7.371709e-01,7.739647e-01,7.807747e-01,8.141137e-01,8.316950e-01
7.250000e-05,7.379793e+00,7.235583e+00,1.304120e+00,7.476627e-01,5.622963e-01,4.410958e-01,3.606859e-01,3.023090e-01,2.598048e-01,4.819002e-01,6.692347e-01,7.367073e-01,7.737095e-01,7.809965e-01,8.149932e-01,8.308786e-01
7.500000e-05,7.378586e+00,7.235808e+00,1.309925e+00,7.476509e-01,5.623166e-01,4.410822e-01,3.606678e-01,3.022551e-01,2.598431e-01,4.825795e-01,6.698360e-01,7.362345e-01,7.734287e-01,7.812378e-01,8.158430e-01,8.303010e-01
7.750000e-05,7.377243e+00,7.235836e+00,1.314935e+00,7.476057e-01,5.623419e-01,4.410763e-01,3.606319e-01,3.023241e-01,2.599658e-01,4.833676e-01,6.702933e-01,7.358917e-01,7.731086e-01,7.816911e-01,8.166633e-01,8.298881e-01
8.000000e-05,7.375774e+00,7.235669e+00,1.319169e+00,7.475646e-01,5.623752e-01,4.410886e-01,3.606163e-01,3.023343e-01,2.599704e-01,4.842576e-01,6.704831e-01,7.356945e-01,7.727681e-01,7.823943e-01,8.174138e-01,8.295748e-01
8.250000e-05,7.374247e+00,7.235309e+00,1.322052e+00,7.475707e-01,5.624144e-01,4.411122e-01,3.606083e-01,3.023152e-01,2.598265e-01,4.852002e-01,6.704384e-01,7.355601e-01,7.725033e-01,7.831904e-01,8.179854e-01,8.293630e-01
8.500000e-05,7.372633e+00,7.234701e+00,1.323656e+00,7.475427e-01,5.624452e-01,4.411359e-01,3.606012e-01,3.023015e-01,2.598050e-01,4.862325e-01,6.703007e-01,7.354028e-01,7.724257e-01,7.838354e-01,8.182549e-01,8.292698e-01
8.750000e-05,7.370788e+00,7.233924e+00,1.325166e+00,7.474442e-01,5.624685e-01,4.411542e-01,3.605972e-01,3.022857e-01,2.598512e-01,4.873896e-01,6.701900e-01,7.352151e-01,7.725770e-01,7.841576e-01,8.181769e-01,8.292859e-01
9.000000e-05,7.369254e+00,7.232984e+00,1.324430e+00,7.473547e-01,5.625082e-01,4.411689e-01,3.605963e-01,3.022725e-01,2.598466e-01,4.883423e-01,6.701077e-01,7.350702e-01,7.729054e-01,7.841396e-01,8.178281e-01,8.293670e-01
9.250000e-05,7.368102e+00,7.231747e+00,1.320771e+00,7.473130e-01,5.625297e-01,4.411804e-01,3.606049e-01,3.022694e-01,2.598267e-01,4.891182e-01,6.699868e-01,7.350509e-01,7.733081e-01,7.838877e-01,8.173607e-01,8.293954e-01
9.500000e-05,7.366700e+00,7.230258e+00,1.316241e+00,7.473000e-01,5.624958e-01,4.411907e-01,3.606219e-01,3.022634e-01,2.598170e-01,4.900412e-01,6.697923e-01,7.351685e-01,7.736850e-01,7.835373e-01,8.169120e-01,8.292853e-01
9.750000e-05,7.365249e+00,7.228560e+00,1.310525e+00,7.472982e-01,5.624431e-01,4.412196e-01,3.606416e-01,3.022581e-01,2.598129e-01,4.909680e-01,6.695603e-01,7.353516e-01,7.739699e-01,7.831813e-01,8.165439e-01,8.290303e-01
1.000000e-04,7.364028e+00,7.226643e+00,1.303019e+00,7.473047e-01,5.624065e-01,4.412602e-01,3.606579e-01,3.022609e-01,2.598049e-01,4.917586e-01,6.694597e-01,7.355038e-01,7.741409e-01,7.828527e-01,8.162357e-01,8.286473e-01
1.025000e-04,7.362974e+00,7.224484e+00,1.293887e+00,7.473197e-01,5.623846e-01,4.412728e-01,3.606658e-01,3.022647e-01,2.597939e-01,4.924447e-01,6.694112e-01,7.355714e-01,7.742188e-01,7.825528e-01,8.159306e-01,8.281817e-01
1.050000e-04,7.361975e+00,7.222159e+00,1.284086e+00,7.473411e-01,5.623685e-01,4.412626e-01,3.606755e-01,3.022709e-01,2.597846e-01,4.930976e-01,6.690028e-01,7.355717e-01,7.742563e-01,7.822883e-01,8.155952e-01,8.276540e-01
1.075000e-04,7.361044e+00,7.219651e+00,1.273521e+00,7.473632e-01,5.623549e-01,4.412547e-01,3.606982e-01,3.022818e-01,2.597846e-01,4.936997e-01,6.682983e-01,7.355600e-01,7.743173e-01,7.820894e-01,8.152415e-01,8.270932e-01
1.100000e-04,7.360187e+00,7.217256e+00,1.268136e+00,7.473813e-01,5.623450e-01,4.412525e-01,3.607120e-01,3.022924e-01,2.597894e-01,4.942425e-01,6.678861e-01,7.356003e-01,7.744525e-01,7.820008e-01,8.149112e-01,8.265917e-01
1.125000e-04,7.359473e+00,7.215462e+00,1.276978e+00,7.473978e-01,5.623414e-01,4.412513e-01,3.607066e-01,3.023012e-01,2.597979e-01,4.946993e-01,6.680207e-01,7.357888e-01,7.746828e-01,7.820602e-01,8.146558e-01,8.261810e-01
1.150000e-04,7.358799e+00,7.213742e+00,1.285313e+00,7.474087e-01,5.623437e-01,4.412488e-01,3.607026e-01,3.023177e-01,2.598063e-01,4.951200e-01,6.683659e-01,7.361586e-01,7.749955e-01,7.822799e-01,8.145255e-01,8.258752e-01
1.175000e-04,7.358211e+00,7.212120e+00,1.293035e+00,7.474091e-01,5.623480e-01,4.412443e-01,3.607076e-01,3.023364e-01,2.598124e-01,4.954885e-01,6.684872e-01,7.365280e-01,7.753551e-01,7.826420e-01,8.145688e-01,8.256542e-01
1.200000e-04,7.357587e+00,7.210626e+00,1.300330e+00,7.474077e-01,5.623526e-01,4.412382e-01,3.607162e-01,3.023387e-01,2.598166e-01,4.958722e-01,6.683037e-01,7.366794e-01,7.757222e-01,7.831070e-01,8.148244e-01,8.255175e-01
1.225000e-04,7.356856e+00,7.209280e+00,1.306894e+00,7.474057e-01,5.623567e-01,4.412329e-01,3.607252e-01,3.023313e-01,2.598263e-01,4.963043e-01,6.681356e-01,7.366435e-01,7.760725e-01,7.836320e-01,8.153062e-01,8.254382e-01
1.250000e-04,7.356090e+00,7.208050e+00,1.312573e+00,7.473938e-01,5.623563e-01,4.412290e-01,3.607328e-01,3.023298e-01,2.598452e-01,4.967425e-01,6.681451e-01,7.365861e-01,7.764150e-01,7.841872e-01,8.160004e-01,8.254227e-01
1.275000e-04,7.355276e+00,7.206925e+00,1.317756e+00,7.473745e-01,5.623526e-01,4.412248e-01,3.607374e-01,3.023340e-01,2.598586e-01,4.971981e-01,6.682734e-01,7.365861e-01,7.767731e-01,7.847614e-01,8.168744e-01,8.255238e-01
1.300000e-04,7.354434e+00,7.205878e+00,1.322457e+00,7.473595e-01,5.623499e-01,4.412199e-01,3.607390e-01,3.023401e-01,2.598581e-01,4.976606e-01,6.685116e-01,7.366822e-01,7.771235e-01,7.853541e-01,8.178883e-01,8.257943e-01
1.325000e-04,7.353510e+00,7.204877e+00,1.327329e+00,7.473525e-01,5.623444e-01,4.412138e-01,3.607400e-01,3.023478e-01,2.598544e-01,4.981589e-01,6.688318e-01,7.369325e-01,7.773868e-01,7.859595e-01,8.189974e-01,8.262633e-01
1.350000e-04,7.352496e+00,7.203941e+00,1.332159e+00,7.473489e-01,5.623325e-01,4.412052e-01,3.607401e-01,3.023562e-01,2.598546e-01,4.986979e-01,6.691908e-01,7.373424e-01,7.775173e-01,7.865542e-01,8.201464e-01,8.269607e-01
1.375000e-04,7.351451e+00,7.203062e+00,1.336914e+00,7.473512e-01,5.623184e-01,4.411969e-01,3.607373e-01,3.023633e-01,2.598562e-01,4.992470e-01,6.695809e-01,7.378285e-01,7.775683e-01,7.871017e-01,8.212731e-01,8.278654e-01
1.400000e-04,7.350330e+00,7.202246e+00,1.341542e+00,7.473639e-01,5.623079e-01,4.411893e-01,3.607317e-01,3.023696e-01,2.598583e-01,4.998293e-01,6.699701e-01,7.382576e-01,7.776346e-01,7.875626e-01,8.223209e-01,8.289506e-01
1.425000e-04,7.349153e+00,7.201468e+00,1.345733e+00,7.473817e-01,5.623020e-01,4.411792e-01,3.607232e-01,3.023756e-01,2.598619e-01,5.004365e-01,6.703286e-01,7.385086e-01,7.777585e-01,7.878992e-01,8.232482e-01,8.301434e-01
1.450000e-04,7.347989e+00,7.200697e+00,1.349896e+00,7.473981e-01,5.623001e-01,4.411667e-01,3.607126e-01,3.023796e-01,2.598667e-01,5.010336e-01,6.706881e-01,7.385705e-01,7.779148e-01,7.880754e-01,8.240309e-01,8.313465e-01
1.475000e-04,7.346800e+00,7.199940e+00,1.354137e+00,7.474146e-01,5.623050e-01,4.411548e-01,3.607019e-01,3.023801e-01,2.598719e-01,5.016397e-01,6.710566e-01,7.385788e-01,7.780633e-01,7.880684e-01,8.246685e-01,8.324834e-01
1.500000e-04,7.345560e+00,7.199194e+00,1.358485e+00,7.474329e-01,5.623162e-01,4.411462e-01,3.606902e-01,3.023776e-01,2.598780e-01,5.022661e-01,6.714449e-01,7.387142e-01,7.781921e-01,7.878873e-01,8.251953e-01,8.335061e-01
1.525000e-04,7.344266e+00,7.198458e+00,1.363223e+00,7.474434e-01,5.623297e-01,4.411413e-01,3.606767e-01,3.023719e-01,2.598844e-01,5.029113e-01,6.718718e-01,7.390617e-01,7.783186e-01,7.875731e-01,8.256705e-01,8.343663e-01
1.550000e-04,7.342839e+00,7.197747e+00,1.368123e+00,7.474349e-01,5.623465e-01,4.411413e-01,3.606629e-01,3.023641e-01,2.598892e-01,5.036142e-01,6.723078e-01,7.395661e-01,7.784593e-01,7.871739e-01,8.261213e-01,8.350548e-01
1.575000e-04,7.341288e+00,7.197059e+00,1.373026e+00,7.474107e-01,5.623663e-01,4.411471e-01,3.606510e-01,3.023547e-01,2.598915e-01,5.043677e-01,6.727320e-01,7.400978e-01,7.786028e-01,7.867174e-01,8.264983e-01,8.356059e-01
1.600000e-04,7.339635e+00,7.196375e+00,1.377974e+00,7.473823e-01,5.623795e-01,4.411569e-01,3.606423e-01,3.023430e-01,2.598912e-01,5.051616e-01,6.731526e-01,7.405495e-01,7.787141e-01,7.862048e-01,8.267100e-01,8.360840e-01
1.625000e-04,7.337889e+00,7.195701e+00,1.382423e+00,7.473569e-01,5.623763e-01,4.411700e-01,3.606376e-01,3.023296e-01,2.598885e-01,5.059903e-01,6.735947e-01,7.408775e-01,7.787672e-01,7.856274e-01,8.266866e-01,8.365322e-01
1.650000e-04,7.336104e+00,7.195010e+00,1.386612e+00,7.473404e-01,5.623613e-01,4.411870e-01,3.606383e-01,3.023163e-01,2.598838e-01,5.068316e-01,6.740616e-01,7.410883e-01,7.787668e-01,7.849876e-01,8.264203e-01,8.369312e-01
1.675000e-04,7.334358e+00,7.194275e+00,1.390557e+00,7.473360e-01,5.623465e-01,4.412022e-01,3.606438e-01,3.023046e-01,2.598768e-01,5.076598e-01,6.745427e-01,7.412215e-01,7.787383e-01,7.843088e-01,8.259579e-01,8.372234e-01
1.700000e-04,7.332590e+00,7.193520e+00,1.394680e+00,7.473395e-01,5.623342e-01,4.412060e-01,3.606530e-01,3.022956e-01,2.598675e-01,5.084850e-01,6.750273e-01,7.413374e-01,7.786950e-01,7.836304e-01,8.253651e-01,8.373553e-01
1.725000e-04,7.330760e+00,7.192749e+00,1.398893e+00,7.473452e-01,5.623204e-01,4.411978e-01,3.606660e-01,3.022907e-01,2.598568e-01,5.093353e-01,6.754938e-01,7.414889e-01,7.786208e-01,7.829934e-01,8.246921e-01,8.373168e-01
1.750000e-04,7.328864e+00,7.191967e+00,1.403113e+00,7.473525e-01,5.623079e-01,4.411872e-01,3.606802e-01,3.022906e-01,2.598460e-01,5.102044e-01,6.759368e-01,7.416916e-01,7.784878e-01,7.824292e-01,8.239639e-01,8.371317e-01
1.775000e-04,7.326902e+00,7.191181e+00,1.406949e+00,7.473632e-01,5.623029e-01,4.411804e-01,3.606883e-01,3.022950e-01,2.598363e-01,5.110992e-01,6.763803e-01,7.419294e-01,7.782896e-01,7.819563e-01,8.231945e-01,8.368458e-01
1.800000e-04,7.324900e+00,7.190381e+00,1.410058e+00,7.473780e-01,5.623048e-01,4.411737e-01,3.606865e-01,3.023031e-01,2.598286e-01,5.120076e-01,6.768156e-01,7.421757e-01,7.780497e-01,7.815873e-01,8.224039e-01,8.364802e-01
1.825000e-04,7.322877e+00,7.189557e+00,1.412829e+00,7.473933e-01,5.623093e-01,4.411631e-01,3.606792e-01,3.023139e-01,2.598243e-01,5.128988e-01,6.772490e-01,7.424032e-01,7.777977e-01,7.813353e-01,8.216275e-01,8.360381e-01
1.850000e-04,7.320743e+00,7.188717e+00,1.415422e+00,7.474017e-01,5.623147e-01,4.411525e-01,3.606734e-01,3.023229e-01,2.598242e-01,5.138105e-01,6.777044e-01,7.425896e-01,7.775455e-01,7.812118e-01,8.209134e-01,8.355386e-01
1.875000e-04,7.319018e+00,7.187851e+00,1.417609e+00,7.473990e-01,5.623223e-01,4.411482e-01,3.606700e-01,3.023255e-01,2.598282e-01,5.147522e-01,6.781649e-01,7.427218e-01,7.772883e-01,7.812156e-01,8.203081e-01,8.350005e-01
1.900000e-04,7.317514e+00,7.186944e+00,1.419322e+00,7.473919e-01,5.623324e-01,4.411502e-01,3.606644e-01,3.023220e-01,2.598353e-01,5.156886e-01,6.785835e-01,7.427936e-01,7.770228e-01,7.813239e-01,8.198404e-01,8.344446e-01
1.925000e-04,7.315992e+00,7.186024e+00,1.420831e+00,7.473915e-01,5.623411e-01,4.411543e-01,3.606548e-01,3.023170e-01,2.598428e-01,5.166190e-01,6.789472e-01,7.428087e-01,7.767595e-01,7.814961e-01,8.195141e-01,8.339226e-01
1.950000e-04,7.314425e+00,7.185093e+00,1.421992e+00,7.473999e-01,5.623431e-01,4.411586e-01,3.606458e-01,3.023137e-01,2.598470e-01,5.175616e-01,6.792875e-01,7.427777e-01,7.765227e-01,7.816867e-01,8.193107e-01,8.334778e-01
1.975000e-04,7.312800e+00,7.184147e+00,1.422628e+00,7.474088e-01,5.623395e-01,4.411648e-01,3.606429e-01,3.023113e-01,2.598464e-01,5.185341e-01,6.796262e-01,7.427096e-01,7.763415e-01,7.818604e-01,8.192103e-01,8.331291e-01
2.000000e-04,7.311153e+00,7.183172e+00,1.422857e+00,7.474100e-01,5.623364e-01,4.411721e-01,3.606451e-01,3.023059e-01,2.598430e-01,5.195251e-01,6.799613e-01,7.426127e-01,7.762382e-01,7.819983e-01,8.192044e-01,8.328865e-01
2.025000e-04,7.309489e+00,7.182173e+00,1.422736e+00,7.474013e-01,5.623392e-01,4.411768e-01,3.606489e-01,3.022972e-01,2.598396e-01,5.205347e-01,6.802384e-01,7.425029e-01,7.762195e-01,7.820943e-01,8.192915e-01,8.327399e-01
2.050000e-04,7.307844e+00,7.181145e+00,1.422067e+00,7.473852e-01,5.623462e-01,4.411767e-01,3.606532e-01,3.022900e-01,2.598373e-01,5.215198e-01,6.804466e-01,7.424028e-01,7.762742e-01,7.821472e-01,8.194631e-01,8.326824e-01
2.075000e-04,7.306220e+00,7.180066e+00,1.420873e+00,7.473670e-01,5.623518e-01,4.411740e-01,3.606587e-01,3.022882e-01,2.598345e-01,5.224988e-01,6.806409e-01,7.423230e-01,7.763793e-01,7.821591e-01,8.196977e-01,8.327185e-01
2.100000e-04,7.304603e+00,7.178951e+00,1.418559e+00,7.473539e-01,5.623510e-01,4.411733e-01,3.606639e-01,3.022905e-01,2.598286e-01,5.234273e-01,6.808175e-01,7.422534e-01,7.765075e-01,7.821367e-01,8.199725e-01,8.328503e-01
2.125000e-04,7.302946e+00,7.177808e+00,1.415530e+00,7.473530e-01,5.623429e-01,4.411767e-01,3.606661e-01,3.022940e-01,2.598206e-01,5.243769e-01,6.809281e-01,7.421849e-01,7.766298e-01,7.820956e-01,8.202826e-01,8.330854e-01
2.150000e-04,7.301287e+00,7.176647e+00,1.412098e+00,7.473631e-01,5.623304e-01,4.411819e-01,3.606651e-01,3.022979e-01,2.598147e-01,5.252891e-01,6.809724e-01,7.421318e-01,7.767212e-01,7.820587e-01,8.206494e-01,8.334153e-01
2.175000e-04,7.299615e+00,7.175414e+00,1.408180e+00,7.473745e-01,5.623190e-01,4.411848e-01,3.606638e-01,3.023024e-01,2.598135e-01,5.261499e-01,6.809951e-01,7.421151e-01,7.767680e-01,7.820457e-01,8.211052e-01,8.338322e-01
2.200000e-04,7.297958e+00,7.174085e+00,1.403037e+00,7.473862e-01,5.623150e-01,4.411823e-01,3.606649e-01,3.023058e-01,2.598156e-01,5.269654e-01,6.810250e-01,7.421368e-01,7.767730e-01,7.820602e-01,8.216522e-01,8.343390e-01
2.225000e-04,7.296391e+00,7.172648e+00,1.396759e+00,7.473974e-01,5.623177e-01,4.411747e-01,3.606686e-01,3.023068e-01,2.598188e-01,5.277411e-01,6.810651e-01,7.421947e-01,7.767530e-01,7.820845e-01,8.222229e-01,8.349744e-01
2.250000e-04,7.294859e+00,7.171171e+00,1.389777e+00,7.474058e-01,5.623235e-01,4.411656e-01,3.606721e-01,3.023062e-01,2.598224e-01,5.285147e-01,6.811423e-01,7.422904e-01,7.767282e-01,7.820903e-01,8.226884e-01,8.357720e-01
2.275000e-04,7.293422e+00,7.169602e+00,1.381899e+00,7.474081e-01,5.623312e-01,4.411603e-01,3.606726e-01,3.023063e-01,2.598259e-01,5.292139e-01,6.812239e-01,7.424127e-01,7.767136e-01,7.820561e-01,8.229198e-01,8.367316e-01
2.300000e-04,7.292004e+00,7.167930e+00,1.373588e+00,7.474056e-01,5.623400e-01,4.411597e-01,3.606689e-01,3.023083e-01,2.598282e-01,5.298651e-01,6.812501e-01,7.425387e-01,7.767163e-01,7.819863e-01,8.228543e-01,8.377741e-01
2.325000e-04,7.290617e+00,7.166178e+00,1.364535e+00,7.474049e-01,5.623480e-01,4.411622e-01,3.606624e-01,3.023114e-01,2.598287e-01,5.304532e-01,6.812256e-01,7.426491e-01,7.767393e-01,7.819265e-01,8.225333e-01,8.387436e-01
2.350000e-04,7.289250e+00,7.164320e+00,1.354732e+00,7.474095e-01,5.623526e-01,4.411666e-01,3.606567e-01,3.023135e-01,2.598287e-01,5.310285e-01,6.812375e-01,7.427328e-01,7.767860e-01,7.819655e-01,8.221146e-01,8.394679e-01
2.375000e-04,7.287909e+00,7.162350e+00,1.344671e+00,7.474145e-01,5.623531e-01,4.411726e-01,3.606542e-01,3.023128e-01,2.598296e-01,5.315744e-01,6.812884e-01,7.427895e-01,7.768607e-01,7.822130e-01,8.218428e-01,8.398391e-01
2.400000e-04,7.286650e+00,7.160260e+00,1.333789e+00,7.474127e-01,5.623520e-01,4.411793e-01,3.606547e-01,3.023090e-01,2.598318e-01,5.320742e-01,6.813210e-01,7.428380e-01,7.769648e-01,7.827670e-01,8.219659e-01,8.398455e-01
2.425000e-04,7.285506e+00,7.157962e+00,1.322256e+00,7.474016e-01,5.623536e-01,4.411847e-01,3.606571e-01,3.023039e-01,2.598343e-01,5.325106e-01,6.813940e-01,7.429159e-01,7.771013e-01,7.836853e-01,8.226532e-01,8.395845e-01
2.450000e-04,7.284421e+00,7.155531e+00,1.310823e+00,7.473859e-01,5.623585e-01,4.411876e-01,3.606609e-01,3.023003e-01,2.598355e-01,5.328831e-01,6.815491e-01,7.430537e-01,7.772851e-01,7.849525e-01,8.239727e-01,8.392309e-01
2.475000e-04,7.283309e+00,7.153061e+00,1.299733e+00,7.473743e-01,5.623624e-01,4.411884e-01,3.606658e-01,3.022992e-01,2.598342e-01,5.332496e-01,6.817449e-01,7.432484e-01,7.775453e-01,7.864500e-01,8.258932e-01,8.389688e-01
2.500000e-04,7.282183e+00,7.150517e+00,1.288514e+00,7.473721e-01,5.623598e-01,4.411889e-01,3.606708e-01,3.023001e-01,2.598307e-01,5.336489e-01,6.819124e-01,7.434800e-01,7.779149e-01,7.879660e-01,8.282450e-01,8.389285e-01
2.525000e-04,7.281121e+00,7.148573e+00,1.293167e+00,7.473774e-01,5.623499e-01,4.411908e-01,3.606747e-01,3.023021e-01,2.598268e-01,5.340101e-01,6.820516e-01,7.437315e-01,7.784158e-01,7.892651e-01,8.306921e-01,8.391617e-01
2.550000e-04,7.280086e+00,7.146910e+00,1.301511e+00,7.473855e-01,5.623382e-01,4.411943e-01,3.606773e-01,3.023052e-01,2.598246e-01,5.343638e-01,6.822158e-01,7.439880e-01,7.790464e-01,7.901796e-01,8.328352e-01,8.396922e-01
2.575000e-04,7.279133e+00,7.145288e+00,1.309707e+00,7.473931e-01,5.623312e-01,4.411964e-01,3.606787e-01,3.023091e-01,2.598243e-01,5.346964e-01,6.824807e-01,7.442336e-01,7.797760e-01,7.906563e-01,8.343946e-01,8.405181e-01
2.600000e-04,7.278190e+00,7.143755e+00,1.317690e+00,7.473992e-01,5.623307e-01,4.411932e-01,3.606797e-01,3.023130e-01,2.598251e-01,5.350120e-01,6.828362e-01,7.444698e-01,7.805475e-01,7.907398e-01,8.353137e-01,8.415637e-01
2.625000e-04,7.277194e+00,7.142340e+00,1.325091e+00,7.474047e-01,5.623338e-01,4.411849e-01,3.606813e-01,3.023163e-01,2.598268e-01,5.353236e-01,6.831664e-01,7.447313e-01,7.812906e-01,7.905242e-01,8.357135e-01,8.426551e-01
2.650000e-04,7.276173e+00,7.141013e+00,1.331812e+00,7.474101e-01,5.623373e-01,4.411767e-01,3.606837e-01,3.023188e-01,2.598295e-01,5.356546e-01,6.834207e-01,7.450667e-01,7.819412e-01,7.901090e-01,8.357636e-01,8.436061e-01
2.675000e-04,7.275108e+00,7.139776e+00,1.338027e+00,7.474151e-01,5.623403e-01,4.411725e-01,3.606842e-01,3.023205e-01,2.598326e-01,5.359913e-01,6.836110e-01,7.455000e-01,7.824597e-01,7.895724e-01,8.355976e-01,8.443408e-01
2.700000e-04,7.274005e+00,7.138586e+00,1.344291e+00,7.474173e-01,5.623436e-01,4.411723e-01,3.606805e-01,3.023215e-01,2.598358e-01,5.363467e-01,6.838177e-01,7.460225e-01,7.828404e-01,7.889555e-01,8.353224e-01,8.449262e-01
2.725000e-04,7.272839e+00,7.137457e+00,1.350219e+00,7.474143e-01,5.623476e-01,4.411735e-01,3.606738e-01,3.023227e-01,2.598389e-01,5.367320e-01,6.841085e-01,7.466157e-01,7.831015e-01,7.882574e-01,8.350395e-01,8.454830e-01
2.750000e-04,7.271601e+00,7.136389e+00,1.355934e+00,7.474069e-01,5.623521e-01,4.411747e-01,3.606681e-01,3.023242e-01,2.598414e-01,5.371491e-01,6.844553e-01,7.472695e-01,7.832645e-01,7.874456e-01,8.348020e-01,8.460976e-01
2.775000e-04,7.270295e+00,7.135380e+00,1.361528e+00,7.473992e-01,5.623558e-01,4.411764e-01,3.606654e-01,3.023240e-01,2.598430e-01,5.375888e-01,6.847961e-01,7.479802e-01,7.833453e-01,7.864825e-01,8.345723e-01,8.468134e-01
2.800000e-04,7.268897e+00,7.134427e+00,1.366834e+00,7.473956e-01,5.623567e-01,4.411789e-01,3.606649e-01,3.023204e-01,2.598436e-01,5.380892e-01,6.851153e-01,7.487345e-01,7.833555e-01,7.853575e-01,8.342464e-01,8.477000e-01
2.825000e-04,7.267527e+00,7.133488e+00,1.371828e+00,7.473951e-01,5.623544e-01,4.411824e-01,3.606649e-01,3.023151e-01,2.598445e-01,5.386486e-01,6.854204e-01,7.494874e-01,7.833015e-01,7.841010e-01,8.337336e-01,8.488388e-01
2.850000e-04,7.266148e+00,7.132565e+00,1.376699e+00,7.473926e-01,5.623508e-01,4.411859e-01,3.606654e-01,3.023109e-01,2.598454e-01,5.391863e-01,6.857419e-01,7.501764e-01,7.831807e-01,7.827748e-01,8.330133e-01,8.502356e-01
2.875000e-04,7.264761e+00,7.131653e+00,1.381540e+00,7.473855e-01,5.623488e-01,4.411883e-01,3.606670e-01,3.023088e-01,2.598447e-01,5.397077e-01,6.861411e-01,7.507658e-01,7.829825e-01,7.814498e-01,8.321315e-01,8.517958e-01
2.900000e-04,7.263323e+00,7.130771e+00,1.386484e+00,7.473773e-01,5.623483e-01,4.411887e-01,3.606695e-01,3.023078e-01,2.598415e-01,5.402008e-01,6.866168e-01,7.512571e-01,7.826969e-01,7.801885e-01,8.311628e-01,8.533656e-01
2.925000e-04,7.261759e+00,7.129936e+00,1.391456e+00,7.473735e-01,5.623462e-01,4.411876e-01,3.606726e-01,3.023074e-01,2.598374e-01,5.407076e-01,6.871496e-01,7.516731e-01,7.823282e-01,7.790396e-01,8.301747e-01,8.548385e-01
2.950000e-04,7.260095e+00,7.129136e+00,1.396399e+00,7.473763e-01,5.623403e-01,4.411864e-01,3.606754e-01,3.023078e-01,2.598341e-01,5.412241e-01,6.877493e-01,7.520412e-01,7.819001e-01,7.780449e-01,8.292147e-01,8.561798e-01
2.975000e-04,7.258354e+00,7.128365e+00,1.400903e+00,7.473837e-01,5.623328e-01,4.411861e-01,3.606771e-01,3.023095e-01,2.598320e-01,5.417827e-01,6.883867e-01,7.523745e-01,7.814446e-01,7.772489e-01,8.283244e-01,8.573831e-01
3.000000e-04,7.256652e+00,7.127595e+00,1.405031e+00,7.473918e-01,5.623281e-01,4.411850e-01,3.606775e-01,3.023119e-01,2.598307e-01,5.423422e-01,6.890511e-01,7.526573e-01,7.809856e-01,7.767029e-01,8.275596e-01,8.584415e-01
3.025000e-04,7.255048e+00,7.126816e+00,1.408355e+00,7.473988e-01,5.623285e-01,4.411810e-01,3.606772e-01,3.023145e-01,2.598302e-01,5.429472e-01,6.897599e-01,7.528560e-01,7.805330e-01,7.764565e-01,8.269975e-01,8.593313e-01
3.050000e-04,7.253418e+00,7.126045e+00,1.411725e+00,7.474063e-01,5.623329e-01,4.411747e-01,3.606771e-01,3.023167e-01,2.598309e-01,5.435557e-01,6.905116e-01,7.529422e-01,7.800907e-01,7.765351e-01,8.267122e-01,8.600234e-01
3.075000e-04,7.251762e+00,7.125297e+00,1.415071e+00,7.474155e-01,5.623385e-01,4.411692e-01,3.606765e-01,3.023181e-01,2.598326e-01,5.442108e-01,6.912263e-01,7.529018e-01,7.796712e-01,7.769193e-01,8.267292e-01,8.605034e-01
3.100000e-04,7.250566e+00,7.124561e+00,1.418556e+00,7.474243e-01,5.623436e-01,4.411673e-01,3.606739e-01,3.023186e-01,2.598347e-01,5.449233e-01,6.918387e-01,7.527385e-01,7.793020e-01,7.775447e-01,8.269903e-01,8.607901e-01
3.125000e-04,7.249289e+00,7.123839e+00,1.421856e+00,7.474285e-01,5.623489e-01,4.411694e-01,3.606690e-01,3.023190e-01,2.598370e-01,5.457124e-01,6.923426e-01,7.524670e-01,7.790184e-01,7.783209e-01,8.273720e-01,8.609226e-01
3.150000e-04,7.247931e+00,7.123119e+00,1.425000e+00,7.474238e-01,5.623549e-01,4.411734e-01,3.606635e-01,3.023191e-01,2.598389e-01,5.465784e-01,6.927528e-01,7.521021e-01,7.788479e-01,7.791565e-01,8.277428e-01,8.609186e-01
3.175000e-04,7.246474e+00,7.122394e+00,1.427945e+00,7.474116e-01,5.623617e-01,4.411778e-01,3.606601e-01,3.023179e-01,2.598403e-01,5.474963e-01,6.930955e-01,7.516617e-01,7.788002e-01,7.799784e-01,8.280081e-01,8.607253e-01
3.200000e-04,7.244882e+00,7.121657e+00,1.430775e+00,7.473972e-01,5.623676e-01,4.411821e-01,3.606601e-01,3.023145e-01,2.598413e-01,5.484600e-01,6.933912e-01,7.511771e-01,7.788656e-01,7.807419e-01,8.281215e-01,8.602398e-01
3.225000e-04,7.243171e+00,7.120881e+00,1.433898e+00,7.473854e-01,5.623691e-01,4.411864e-01,3.606625e-01,3.023096e-01,2.598418e-01,5.494668e-01,6.936348e-01,7.506869e-01,7.790214e-01,7.814349e-01,8.280805e-01,8.593819e-01
3.250000e-04,7.241412e+00,7.120036e+00,1.436884e+00,7.473772e-01,5.623643e-01,4.411910e-01,3.606659e-01,3.023053e-01,2.598416e-01,5.505145e-01,6.937756e-01,7.502215e-01,7.792381e-01,7.820782e-01,8.279288e-01,8.581578e-01
3.275000e-04,7.239574e+00,7.119157e+00,1.439774e+00,7.473725e-01,5.623546e-01,4.411956e-01,3.606697e-01,3.023034e-01,2.598396e-01,5.515477e-01,6.937755e-01,7.497955e-01,7.794853e-01,7.827136e-01,8.277626e-01,8.566251e-01
3.300000e-04,7.237694e+00,7.118217e+00,1.442358e+00,7.473708e-01,5.623437e-01,4.411992e-01,3.606735e-01,3.023040e-01,2.598358e-01,5.525490e-01,6.936666e-01,7.494120e-01,7.797378e-01,7.833809e-01,8.277100e-01,8.548632e-01
3.325000e-04,7.235774e+00,7.117221e+00,1.444400e+00,7.473706e-01,5.623345e-01,4.411994e-01,3.606771e-01,3.023061e-01,2.598314e-01,5.535171e-01,6.934923e-01,7.490684e-01,7.799834e-01,7.840968e-01,8.278776e-01,8.529601e-01
3.350000e-04,7.233836e+00,7.116162e+00,1.445625e+00,7.473751e-01,5.623286e-01,4.411949e-01,3.606807e-01,3.023091e-01,2.598283e-01,5.544467e-01,6.932820e-01,7.487660e-01,7.802274e-01,7.848482e-01,8.282994e-01,8.510436e-01
3.375000e-04,7.231909e+00,7.115039e+00,1.445912e+00,7.473837e-01,5.623248e-01,4.411870e-01,3.606841e-01,3.023124e-01,2.598272e-01,5.553348e-01,6.930027e-01,7.485159e-01,7.804913e-01,7.856022e-01,8.289263e-01,8.492573e-01
3.400000e-04,7.230047e+00,7.113840e+00,1.445326e+00,7.473940e-01,5.623225e-01,4.411785e-01,3.606862e-01,3.023158e-01,2.598280e-01,5.561631e-01,6.925962e-01,7.483365e-01,7.808017e-01,7.863227e-01,8.296631e-01,8.477454e-01
3.425000e-04,7.228265e+00,7.112577e+00,1.443268e+00,7.474035e-01,5.623235e-01,4.411719e-01,3.606853e-01,3.023189e-01,2.598300e-01,5.569529e-01,6.921302e-01,7.482463e-01,7.811757e-01,7.869843e-01,8.304162e-01,8.465868e-01
3.450000e-04,7.226570e+00,7.111261e+00,1.440015e+00,7.474114e-01,5.623280e-01,4.411669e-01,3.606809e-01,3.023216e-01,2.598327e-01,5.575957e-01,6.916994e-01,7.482451e-01,7.816152e-01,7.875823e-01,8.311188e-01,8.457885e-01
3.475000e-04,7.224928e+00,7.109942e+00,1.435212e+00,7.474180e-01,5.623350e-01,4.411636e-01,3.606743e-01,3.023239e-01,2.598358e-01,5.581695e-01,6.912762e-01,7.483165e-01,7.821107e-01,7.881409e-01,8.317430e-01,8.452983e-01
3.500000e-04,7.223372e+00,7.108565e+00,1.429660e+00,7.474205e-01,5.623426e-01,4.411627e-01,3.606677e-01,3.023251e-01,2.598388e-01,5.586290e-01,6.908108e-01,7.484552e-01,7.826490e-01,7.887082e-01,8.323178e-01,8.450462e-01
3.525000e-04,7.221916e+00,7.107097e+00,1.422847e+00,7.474159e-01,5.623500e-01,4.411644e-01,3.606619e-01,3.023239e-01,2.598412e-01,5.589544e-01,6.903471e-01,7.486610e-01,7.832201e-01,7.893301e-01,8.329347e-01,8.449837e-01
3.550000e-04,7.220638e+00,7.105575e+00,1.414437e+00,7.474056e-01,5.623569e-01,4.411685e-01,3.606578e-01,3.023200e-01,2.598432e-01,5.591347e-01,6.899512e-01,7.489319e-01,7.838241e-01,7.900241e-01,8.336917e-01,8.450611e-01
3.575000e-04,7.219547e+00,7.104027e+00,1.405088e+00,7.473940e-01,5.623624e-01,4.411741e-01,3.606557e-01,3.023144e-01,2.598449e-01,5.593079e-01,6.896821e-01,7.492647e-01,7.844697e-01,7.907894e-01,8.345981e-01,8.452700e-01
3.600000e-04,7.218679e+00,7.102443e+00,1.394845e+00,7.473851e-01,5.623637e-01,4.411804e-01,3.606558e-01,3.023087e-01,2.598457e-01,5.594707e-01,6.895740e-01,7.496648e-01,7.851621e-01,7.916475e-01,8.355674e-01,8.456155e-01
3.625000e-04,7.217941e+00,7.100830e+00,1.384337e+00,7.473798e-01,5.623591e-01,4.411867e-01,3.606579e-01,3.023039e-01,2.598443e-01,5.595075e-01,6.895857e-01,7.501432e-01,7.858989e-01,7.926561e-01,8.365404e-01,8.461540e-01
3.650000e-04,7.217336e+00,7.099241e+00,1.373576e+00,7.473759e-01,5.623501e-01,4.411923e-01,3.606618e-01,3.023007e-01,2.598407e-01,5.594547e-01,6.896239e-01,7.506927e-01,7.866769e-01,7.938613e-01,8.375983e-01,8.468827e-01
3.675000e-04,7.216826e+00,7.097684e+00,1.362632e+00,7.473719e-01,5.623410e-01,4.411960e-01,3.606669e-01,3.022994e-01,2.598357e-01,5.593570e-01,6.896583e-01,7.512852e-01,7.875045e-01,7.952372e-01,8.389139e-01,8.476582e-01
3.700000e-04,7.216407e+00,7.096146e+00,1.352191e+00,7.473690e-01,5.623353e-01,4.411958e-01,3.606725e-01,3.023000e-01,2.598307e-01,5.592562e-01,6.897545e-01,7.518980e-01,7.883998e-01,7.966748e-01,8.405895e-01,8.483555e-01
3.725000e-04,7.216090e+00,7.094630e+00,1.342112e+00,7.473702e-01,5.623328e-01,4.411910e-01,3.606778e-01,3.023023e-01,2.598267e-01,5.591620e-01,6.899488e-01,7.525270e-01,7.893767e-01,7.980249e-01,8.425386e-01,8.489542e-01
3.750000e-04,7.215842e+00,7.093197e+00,1.332631e+00,7.473752e-01,5.623309e-01,4.411835e-01,3.606821e-01,3.023060e-01,2.598243e-01,5.590612e-01,6.902314e-01,7.531865e-01,7.904281e-01,7.991515e-01,8.445209e-01,8.495719e-01
3.775000e-04,7.215626e+00,7.091832e+00,1.323736e+00,7.473845e-01,5.623282e-01,4.411766e-01,3.606842e-01,3.023106e-01,2.598237e-01,5.589729e-01,6.906162e-01,7.539061e-01,7.915229e-01,7.999729e-01,8.462771e-01,8.503631e-01
3.800000e-04,7.215452e+00,7.090550e+00,1.315759e+00,7.473968e-01,5.623265e-01,4.411729e-01,3.606828e-01,3.023155e-01,2.598246e-01,5.589207e-01,6.911362e-01,7.547200e-01,7.926139e-01,8.004897e-01,8.476580e-01,8.513714e-01
3.825000e-04,7.215220e+00,7.089428e+00,1.309124e+00,7.474095e-01,5.623273e-01,4.411714e-01,3.606781e-01,3.023199e-01,2.598270e-01,5.589077e-01,6.917598e-01,7.556426e-01,7.936451e-01,8.007850e-01,8.486706e-01,8.524966e-01
3.850000e-04,7.214948e+00,7.088424e+00,1.303425e+00,7.474197e-01,5.623316e-01,4.411702e-01,3.606717e-01,3.023231e-01,2.598306e-01,5.589699e-01,6.924171e-01,7.566562e-01,7.945609e-01,8.009755e-01,8.494451e-01,8.535488e-01
3.875000e-04,7.214637e+00,7.087525e+00,1.298418e+00,7.474247e-01,5.623388e-01,4.411685e-01,3.606665e-01,3.023240e-01,2.598349e-01,5.591130e-01,6.930795e-01,7.577245e-01,7.953188e-01,8.011418e-01,8.501598e-01,8.543970e-01
3.900000e-04,7.214270e+00,7.086710e+00,1.294163e+00,7.474237e-01,5.623473e-01,4.411675e-01,3.606639e-01,3.023221e-01,2.598392e-01,5.593235e-01,6.937967e-01,7.588120e-01,7.959017e-01,8.012900e-01,8.509805e-01,8.550359e-01
3.925000e-04,7.213842e+00,7.085957e+00,1.290450e+00,7.474179e-01,5.623556e-01,4.411688e-01,3.606629e-01,3.023176e-01,2.598428e-01,5.596129e-01,6.946121e-01,7.598864e-01,7.963240e-01,8.013679e-01,8.519994e-01,8.555462e-01
3.950000e-04,7.213354e+00,7.085240e+00,1.287287e+00,7.474096e-01,5.623616e-01,4.411727e-01,3.606619e-01,3.023123e-01,2.598450e-01,5.599777e-01,6.955063e-01,7.609314e-01,7.966224e-01,8.013187e-01,8.531796e-01,8.560400e-01
3.975000e-04,7.212781e+00,7.084552e+00,1.284626e+00,7.473993e-01,5.623639e-01,4.411782e-01,3.606607e-01,3.023084e-01,2.598452e-01,5.603912e-01,6.964417e-01,7.619554e-01,7.968360e-01,8.011166e-01,8.543773e-01,8.566298e-01
4.000000e-04,7.212121e+00,7.083860e+00,1.282286e+00,7.473871e-01,5.623624e-01,4.411844e-01,3.606607e-01,3.023065e-01,2.598431e-01,5.608635e-01,6.973939e-01,7.629657e-01,7.969874e-01,8.007649e-01,8.554549e-01,8.574250e-01
4.025000e-04,7.211369e+00,7.083134e+00,1.280167e+00,7.473743e-01,5.623583e-01,4.411899e-01,3.606626e-01,3.023057e-01,2.598390e-01,5.614007e-01,6.983777e-01,7.639437e-01,7.970815e-01,8.002845e-01,8.563516e-01,8.584922e-01
4.050000e-04,7.210509e+00,7.082380e+00,1.278676e+00,7.473651e-01,5.623523e-01,4.411936e-01,3.606661e-01,3.023049e-01,2.598347e-01,5.619940e-01,6.994166e-01,7.648598e-01,7.971144e-01,7.997133e-01,8.570491e-01,8.597654e-01
4.075000e-04,7.209541e+00,7.081817e+00,1.283276e+00,7.473631e-01,5.623444e-01,4.411948e-01,3.606706e-01,3.023042e-01,2.598317e-01,5.626418e-01,7.005110e-01,7.656928e-01,7.970799e-01,7.990997e-01,8.575400e-01,8.611573e-01
4.100000e-04,7.208468e+00,7.081191e+00,1.288520e+00,7.473687e-01,5.623351e-01,4.411933e-01,3.606753e-01,3.023047e-01,2.598302e-01,5.633337e-01,7.016513e-01,7.664339e-01,7.969744e-01,7.984913e-01,8.578253e-01,8.625775e-01
4.125000e-04,7.207267e+00,7.080489e+00,1.294492e+00,7.473788e-01,5.623264e-01,4.411900e-01,3.606792e-01,3.023066e-01,2.598294e-01,5.640583e-01,7.028181e-01,7.670845e-01,7.968009e-01,7.979287e-01,8.579032e-01,8.639754e-01
4.150000e-04,7.205932e+00,7.079709e+00,1.301266e+00,7.473893e-01,5.623217e-01,4.411850e-01,3.606816e-01,3.023097e-01,2.598288e-01,5.648367e-01,7.039835e-01,7.676491e-01,7.965726e-01,7.974391e-01,8.577574e-01,8.652982e-01
4.175000e-04,7.204452e+00,7.078850e+00,1.308721e+00,7.473977e-01,5.623224e-01,4.411786e-01,3.606820e-01,3.023133e-01,2.598286e-01,5.656530e-01,7.051320e-01,7.681268e-01,7.963119e-01,7.970150e-01,8.573558e-01,8.664763e-01
4.200000e-04,7.202834e+00,7.077901e+00,1.316923e+00,7.474032e-01,5.623273e-01,4.411717e-01,3.606804e-01,3.023168e-01,2.598294e-01,5.665126e-01,7.062450e-01,7.685120e-01,7.960432e-01,7.965975e-01,8.566566e-01,8.674980e-01
4.225000e-04,7.201063e+00,7.076872e+00,1.325854e+00,7.474065e-01,5.623338e-01,4.411660e-01,3.606771e-01,3.023198e-01,2.598313e-01,5.674018e-01,7.073009e-01,7.688025e-01,7.957844e-01,7.960938e-01,8.556050e-01,8.682669e-01
4.250000e-04,7.199132e+00,7.075760e+00,1.335390e+00,7.474083e-01,5.623400e-01,4.411638e-01,3.606725e-01,3.023216e-01,2.598339e-01,5.683375e-01,7.082852e-01,7.690033e-01,7.955405e-01,7.954301e-01,8.541407e-01,8.687039e-01
4.275000e-04,7.197094e+00,7.074562e+00,1.345210e+00,7.474093e-01,5.623453e-01,4.411653e-01,3.606671e-01,3.023216e-01,2.598368e-01,5.693438e-01,7.091903e-01,7.691193e-01,7.953032e-01,7.945976e-01,8.522289e-01,8.687035e-01
4.300000e-04,7.194887e+00,7.073310e+00,1.355331e+00,7.474095e-01,5.623497e-01,4.411690e-01,3.606618e-01,3.023199e-01,2.598398e-01,5.703709e-01,7.100135e-01,7.691548e-01,7.950545e-01,7.936609e-01,8.499097e-01,8.681253e-01
4.325000e-04,7.192516e+00,7.071971e+00,1.366053e+00,7.474079e-01,5.623527e-01,4.411733e-01,3.606584e-01,3.023169e-01,2.598422e-01,5.714293e-01,7.107445e-01,7.691170e-01,7.947719e-01,7.927344e-01,8.473239e-01,8.669054e-01
4.350000e-04,7.189949e+00,7.070558e+00,1.377246e+00,7.474035e-01,5.623540e-01,4.411776e-01,3.606577e-01,3.023129e-01,2.598434e-01,5.725423e-01,7.113719e-01,7.690159e-01,7.944343e-01,7.919418e-01,8.446975e-01,8.650685e-01
4.375000e-04,7.187171e+00,7.069076e+00,1.388982e+00,7.473965e-01,5.623542e-01,4.411819e-01,3.606594e-01,3.023085e-01,2.598433e-01,5.736836e-01,7.118925e-01,7.688632e-01,7.940318e-01,7.913643e-01,8.423129e-01,8.627233e-01
4.400000e-04,7.184134e+00,7.067540e+00,1.401242e+00,7.473883e-01,5.623541e-01,4.411855e-01,3.606623e-01,3.023046e-01,2.598417e-01,5.748135e-01,7.122985e-01,7.686735e-01,7.935725e-01,7.910076e-01,8.404379e-01,8.600133e-01
4.425000e-04,7.181895e+00,7.065968e+00,1.413261e+00,7.473806e-01,5.623530e-01,4.411877e-01,3.606657e-01,3.023025e-01,2.598389e-01,5.759943e-01,7.125845e-01,7.684589e-01,7.930801e-01,7.908090e-01,8.392349e-01,8.571632e-01
4.450000e-04,7.179653e+00,7.064303e+00,1.425262e+00,7.473751e-01,5.623504e-01,4.411884e-01,3.606693e-01,3.023024e-01,2.598354e-01,5.772555e-01,7.127566e-01,7.682170e-01,7.925789e-01,7.906747e-01,8.386999e-01,8.544125e-01
4.475000e-04,7.177240e+00,7.062577e+00,1.437683e+00,7.473739e-01,5.623459e-01,4.411884e-01,3.606730e-01,3.023039e-01,2.598318e-01,5.784395e-01,7.128401e-01,7.679373e-01,7.920811e-01,7.905228e-01,8.386710e-01,8.520932e-01
4.500000e-04,7.174530e+00,7.060865e+00,1.450255e+00,7.473778e-01,5.623400e-01,4.411881e-01,3.606759e-01,3.023061e-01,2.598291e-01,5.794787e-01,7.128194e-01,7.676138e-01,7.915848e-01,7.903085e-01,8.389113e-01,8.504441e-01
4.525000e-04,7.171664e+00,7.059158e+00,1.461490e+00,7.473851e-01,5.623338e-01,4.411873e-01,3.606774e-01,3.023089e-01,2.598278e-01,5.804244e-01,7.126574e-01,7.672499e-01,7.910817e-01,7.900210e-01,8.391951e-01,8.495899e-01
4.550000e-04,7.168812e+00,7.057394e+00,1.471475e+00,7.473932e-01,5.623295e-01,4.411853e-01,3.606777e-01,3.023121e-01,2.598280e-01,5.813395e-01,7.123953e-01,7.668512e-01,7.905665e-01,7.896671e-01,8.393732e-01,8.494507e-01
4.575000e-04,7.165843e+00,7.055627e+00,1.480193e+00,7.474002e-01,5.623288e-01,4.411817e-01,3.606775e-01,3.023153e-01,2.598293e-01,5.822422e-01,7.120669e-01,7.664177e-01,7.900401e-01,7.892581e-01,8.393763e-01,8.498926e-01
4.600000e-04,7.162760e+00,7.053868e+00,1.486426e+00,7.474056e-01,5.623318e-01,4.411769e-01,3.606772e-01,3.023175e-01,2.598313e-01,5.831612e-01,7.116870e-01,7.659507e-01,7.895096e-01,7.888045e-01,8.391931e-01,8.506978e-01
4.625000e-04,7.159660e+00,7.052094e+00,1.490602e+00,7.474098e-01,5.623370e-01,4.411721e-01,3.606763e-01,3.023185e-01,2.598339e-01,5.841269e-01,7.112452e-01,7.654606e-01,7.889858e-01,7.883188e-01,8.388286e-01,8.516804e-01
4.650000e-04,7.156651e+00,7.050297e+00,1.492805e+00,7.474123e-01,5.623424e-01,4.411690e-01,3.606743e-01,3.023186e-01,2.598369e-01,5.849775e-01,7.108075e-01,7.649576e-01,7.884777e-01,7.878217e-01,8.382959e-01,8.527039e-01
4.675000e-04,7.153681e+00,7.048483e+00,1.493325e+00,7.474121e-01,5.623469e-01,4.411688e-01,3.606710e-01,3.023184e-01,2.598397e-01,5.857122e-01,7.104376e-01,7.644445e-01,7.879885e-01,7.873398e-01,8.376210e-01,8.536864e-01
4.700000e-04,7.150789e+00,7.046682e+00,1.491442e+00,7.474085e-01,5.623504e-01,4.411714e-01,3.606669e-01,3.023181e-01,2.598415e-01,5.864245e-01,7.100384e-01,7.639171e-01,7.875163e-01,7.868951e-01,8.368541e-01,8.545522e-01
4.725000e-04,7.148089e+00,7.044820e+00,1.487263e+00,7.474018e-01,5.623531e-01,4.411754e-01,3.606631e-01,3.023172e-01,2.598423e-01,5.870695e-01,7.094854e-01,7.633639e-01,7.870583e-01,7.864940e-01,8.360645e-01,8.552398e-01
4.750000e-04,7.145691e+00,7.042898e+00,1.481124e+00,7.473941e-01,5.623545e-01,4.411793e-01,3.606611e-01,3.023152e-01,2.598425e-01,5.878878e-01,7.087919e-01,7.627657e-01,7.866134e-01,7.861217e-01,8.353131e-01,8.557407e-01
4.775000e-04,7.143370e+00,7.041051e+00,1.472582e+00,7.473877e-01,5.623539e-01,4.411826e-01,3.606615e-01,3.023122e-01,2.598425e-01,5.885223e-01,7.081481e-01,7.621044e-01,7.861817e-01,7.857474e-01,8.346376e-01,8.560716e-01
4.800000e-04,7.141149e+00,7.039086e+00,1.462712e+00,7.473837e-01,5.623513e-01,4.411851e-01,3.606639e-01,3.023086e-01,2.598422e-01,5.889797e-01,7.076274e-01,7.613864e-01,7.857627e-01,7.853433e-01,8.340493e-01,8.562627e-01
4.825000e-04,7.139142e+00,7.037022e+00,1.451005e+00,7.473814e-01,5.623473e-01,4.411868e-01,3.606672e-01,3.023057e-01,2.598413e-01,5.893727e-01,7.070986e-01,7.606705e-01,7.853514e-01,7.849005e-01,8.335343e-01,8.563728e-01
4.850000e-04,7.137358e+00,7.034893e+00,1.437937e+00,7.473793e-01,5.623434e-01,4.411874e-01,3.606705e-01,3.023043e-01,2.598394e-01,5.898070e-01,7.064587e-01,7.600266e-01,7.849352e-01,7.844266e-01,8.330666e-01,8.564350e-01
4.875000e-04,7.135759e+00,7.032647e+00,1.423815e+00,7.473772e-01,5.623403e-01,4.411867e-01,3.606731e-01,3.023049e-01,2.598367e-01,5.901865e-01,7.056942e-01,7.594612e-01,7.844965e-01,7.839369e-01,8.326310e-01,8.564656e-01
4.900000e-04,7.134261e+00,7.030319e+00,1.409364e+00,7.473765e-01,5.623378e-01,4.411847e-01,3.606751e-01,3.023071e-01,2.598338e-01,5.905153e-01,7.050079e-01,7.589281e-01,7.840204e-01,7.834485e-01,8.322237e-01,8.565177e-01
4.925000e-04,7.132792e+00,7.027937e+00,1.394686e+00,7.473792e-01,5.623351e-01,4.411823e-01,3.606763e-01,3.023099e-01,2.598315e-01,5.906637e-01,7.045936e-01,7.583884e-01,7.834989e-01,7.829747e-01,8.318435e-01,8.566046e-01
4.950000e-04,7.131482e+00,7.025412e+00,1.379597e+00,7.473858e-01,5.623321e-01,4.411800e-01,3.606766e-01,3.023126e-01,2.598307e-01,5.907946e-01,7.043806e-01,7.578324e-01,7.829315e-01,7.825194e-01,8.314930e-01,8.567246e-01
4.975000e-04,7.130351e+00,7.022714e+00,1.364057e+00,7.473947e-01,5.623300e-01,4.411778e-01,3.606759e-01,3.023148e-01,2.598316e-01,5.909699e-01,7.040798e-01,7.572691e-01,7.823269e-01,7.820760e-01,8.311878e-01,8.569015e-01
5.000000e-04,7.129313e+00,7.019885e+00,1.349033e+00,7.474031e-01,5.623306e-01,4.411753e-01,3.606745e-01,3.023164e-01,2.598336e-01,5.910444e-01,7.035656e-01,7.567074e-01,7.817059e-01,7.816344e-01,8.309433e-01,8.571279e-01
5.025000e-04,7.128225e+00,7.017106e+00,1.335189e+00,7.474097e-01,5.623345e-01,4.411724e-01,3.606728e-01,3.023173e-01,2.598362e-01,5.908847e-01,7.029559e-01,7.561246e-01,7.810948e-01,7.811919e-01,8.307583e-01,8.573517e-01
5.050000e-04,7.127196e+00,7.014578e+00,1.328552e+00,7.474138e-01,5.623406e-01,4.411697e-01,3.606710e-01,3.023174e-01,2.598386e-01,5.907633e-01,7.024876e-01,7.554793e-01,7.805100e-01,7.807561e-01,8.306201e-01,8.575850e-01
5.075000e-04,7.126301e+00,7.012781e+00,1.337236e+00,7.474151e-01,5.623469e-01,4.411687e-01,3.606688e-01,3.023168e-01,2.598406e-01,5.905793e-01,7.022468e-01,7.547775e-01,7.799493e-01,7.803386e-01,8.305189e-01,8.578671e-01
5.100000e-04,7.125558e+00,7.011155e+00,1.344434e+00,7.474131e-01,5.623520e-01,4.411703e-01,3.606662e-01,3.023158e-01,2.598420e-01,5.904044e-01,7.021096e-01,7.540951e-01,7.794011e-01,7.799451e-01,8.304617e-01,8.581996e-01
5.125000e-04,7.124995e+00,7.009648e+00,1.351000e+00,7.474076e-01,5.623557e-01,4.411743e-01,3.606634e-01,3.023145e-01,2.598427e-01,5.902492e-01,7.019300e-01,7.535112e-01,7.788647e-01,7.795744e-01,8.304688e-01,8.585476e-01
5.150000e-04,7.124468e+00,7.008306e+00,1.356880e+00,7.473999e-01,5.623580e-01,4.411792e-01,3.606615e-01,3.023129e-01,2.598429e-01,5.900800e-01,7.016662e-01,7.530349e-01,7.783575e-01,7.792247e-01,8.305592e-01,8.589357e-01
5.175000e-04,7.124060e+00,7.007117e+00,1.361548e+00,7.473918e-01,5.623583e-01,4.411837e-01,3.606616e-01,3.023106e-01,2.598427e-01,5.899028e-01,7.014021e-01,7.526048e-01,7.778958e-01,7.789049e-01,8.307488e-01,8.593657e-01
5.200000e-04,7.123723e+00,7.006063e+00,1.365418e+00,7.473849e-01,5.623564e-01,4.411871e-01,3.606639e-01,3.023080e-01,2.598421e-01,5.896720e-01,7.012062e-01,7.521546e-01,7.774691e-01,7.786358e-01,8.310475e-01,8.598331e-01
5.225000e-04,7.123449e+00,7.005150e+00,1.368532e+00,7.473808e-01,5.623523e-01,4.411895e-01,3.606676e-01,3.023057e-01,2.598410e-01,5.893791e-01,7.010143e-01,7.516691e-01,7.770419e-01,7.784412e-01,8.314606e-01,8.603583e-01
5.250000e-04,7.123255e+00,7.004358e+00,1.370889e+00,7.473793e-01,5.623468e-01,4.411907e-01,3.606715e-01,3.023045e-01,2.598394e-01,5.891169e-01,7.007450e-01,7.511773e-01,7.765875e-01,7.783379e-01,8.319793e-01,8.609500e-01
5.275000e-04,7.123140e+00,7.003676e+00,1.372655e+00,7.473801e-01,5.623409e-01,4.411906e-01,3.606749e-01,3.023052e-01,2.598373e-01,5.888590e-01,7.004377e-01,7.507044e-01,7.761204e-01,7.783317e-01,8.325857e-01,8.616028e-01
5.300000e-04,7.123093e+00,7.003101e+00,1.373930e+00,7.473825e-01,5.623360e-01,4.411888e-01,3.606773e-01,3.023074e-01,2.598349e-01,5.885762e-01,7.001681e-01,7.502506e-01,7.756925e-01,7.784259e-01,8.332587e-01,8.623048e-01
5.325000e-04,7.123108e+00,7.002630e+00,1.374670e+00,7.473865e-01,5.623328e-01,4.411856e-01,3.606788e-01,3.023106e-01,2.598331e-01,5.882961e-01,6.999420e-01,7.498167e-01,7.753558e-01,7.786363e-01,8.339803e-01,8.630197e-01
5.350000e-04,7.123207e+00,7.002250e+00,1.374894e+00,7.473915e-01,5.623316e-01,4.411814e-01,3.606795e-01,3.023138e-01,2.598326e-01,5.880237e-01,6.997191e-01,7.494227e-01,7.751303e-01,7.790001e-01,8.347464e-01,8.637162e-01
5.375000e-04,7.123388e+00,7.001956e+00,1.374691e+00,7.473970e-01,5.623319e-01,4.411770e-01,3.606790e-01,3.023164e-01,2.598336e-01,5.877524e-01,6.994593e-01,7.490833e-01,7.750070e-01,7.795597e-01,8.355760e-01,8.643384e-01
5.400000e-04,7.123625e+00,7.001750e+00,1.374089e+00,7.474023e-01,5.623337e-01,4.411733e-01,3.606772e-01,3.023183e-01,2.598359e-01,5.874869e-01,6.991388e-01,7.487797e-01,7.749797e-01,7.803335e-01,8.365124e-01,8.648575e-01
5.425000e-04,7.123935e+00,7.001621e+00,1.373122e+00,7.474066e-01,5.623367e-01,4.411709e-01,3.606744e-01,3.023193e-01,2.598386e-01,5.872206e-01,6.987729e-01,7.484830e-01,7.750638e-01,7.813038e-01,8.375991e-01,8.652456e-01
5.450000e-04,7.124322e+00,7.001564e+00,1.371797e+00,7.474091e-01,5.623407e-01,4.411699e-01,3.606708e-01,3.023196e-01,2.598413e-01,5.869462e-01,6.983995e-01,7.481929e-01,7.752847e-01,7.824321e-01,8.388404e-01,8.654852e-01
5.475000e-04,7.124788e+00,7.001573e+00,1.370113e+00,7.474090e-01,5.623452e-01,4.411702e-01,3.606671e-01,3.023189e-01,2.598434e-01,5.866658e-01,6.980395e-01,7.479335e-01,7.756550e-01,7.836842e-01,8.401890e-01,8.655667e-01
5.500000e-04,7.125340e+00,7.001643e+00,1.368081e+00,7.474074e-01,5.623494e-01,4.411718e-01,3.606641e-01,3.023173e-01,2.598448e-01,5.863628e-01,6.976885e-01,7.477301e-01,7.761692e-01,7.850440e-01,8.415748e-01,8.655045e-01
5.525000e-04,7.125982e+00,7.001770e+00,1.365709e+00,7.474024e-01,5.623528e-01,4.411745e-01,3.606623e-01,3.023149e-01,2.598455e-01,5.860355e-01,6.973358e-01,7.476033e-01,7.768170e-01,7.865069e-01,8.429422e-01,8.653173e-01
5.550000e-04,7.126717e+00,7.001953e+00,1.362985e+00,7.473951e-01,5.623549e-01,4.411780e-01,3.606617e-01,3.023118e-01,2.598455e-01,5.856818e-01,6.969816e-01,7.475660e-01,7.775898e-01,7.880635e-01,8.442696e-01,8.649870e-01
5.575000e-04,7.127541e+00,7.002192e+00,1.359897e+00,7.473871e-01,5.623557e-01,4.411816e-01,3.606623e-01,3.023088e-01,2.598449e-01,5.852971e-01,6.966367e-01,7.476175e-01,7.784792e-01,7.896861e-01,8.455634e-01,8.644713e-01
5.600000e-04,7.128449e+00,7.002487e+00,1.356491e+00,7.473806e-01,5.623539e-01,4.411850e-01,3.606640e-01,3.023064e-01,2.598434e-01,5.848826e-01,6.963114e-01,7.477468e-01,7.794717e-01,7.913264e-01,8.468373e-01,8.637528e-01
5.625000e-04,7.129439e+00,7.002839e+00,1.352686e+00,7.473776e-01,5.623497e-01,4.411877e-01,3.606666e-01,3.023050e-01,2.598411e-01,5.844425e-01,6.960060e-01,7.479451e-01,7.805506e-01,7.929208e-01,8.480974e-01,8.628527e-01
5.650000e-04,7.130514e+00,7.003250e+00,1.348474e+00,7.473787e-01,5.623437e-01,4.411896e-01,3.606696e-01,3.023047e-01,2.598384e-01,5.839739e-01,6.957213e-01,7.482152e-01,7.816988e-01,7.944043e-01,8.493242e-01,8.618227e-01
5.675000e-04,7.131664e+00,7.003724e+00,1.343804e+00,7.473824e-01,5.623374e-01,4.411897e-01,3.606728e-01,3.023054e-01,2.598358e-01,5.834913e-01,6.954651e-01,7.485705e-01,7.828997e-01,7.957321e-01,8.504662e-01,8.607338e-01
5.700000e-04,7.132887e+00,7.004263e+00,1.338730e+00,7.473868e-01,5.623331e-01,4.411878e-01,3.606757e-01,3.023070e-01,2.598337e-01,5.829854e-01,6.952461e-01,7.490293e-01,7.841354e-01,7.968952e-01,8.514559e-01,8.596543e-01
5.725000e-04,7.134176e+00,7.004867e+00,1.333275e+00,7.473910e-01,5.623318e-01,4.411839e-01,3.606779e-01,3.023094e-01,2.598325e-01,5.824586e-01,6.950709e-01,7.496086e-01,7.853842e-01,7.979082e-01,8.522480e-01,8.586299e-01
5.750000e-04,7.135520e+00,7.005548e+00,1.327372e+00,7.473954e-01,5.623334e-01,4.411789e-01,3.606790e-01,3.023121e-01,2.598323e-01,5.819139e-01,6.949460e-01,7.503196e-01,7.866227e-01,7.987771e-01,8.528590e-01,8.576819e-01
5.775000e-04,7.136908e+00,7.006316e+00,1.320916e+00,7.474005e-01,5.623363e-01,4.411742e-01,3.606785e-01,3.023149e-01,2.598331e-01,5.813600e-01,6.948761e-01,7.511645e-01,7.878302e-01,7.994822e-01,8.533460e-01,8.568096e-01
5.800000e-04,7.138321e+00,7.007175e+00,1.313961e+00,7.474059e-01,5.623391e-01,4.411714e-01,3.606763e-01,3.023174e-01,2.598347e-01,5.808180e-01,6.948687e-01,7.521346e-01,7.889917e-01,7.999866e-01,8.537510e-01,8.560088e-01
5.825000e-04,7.139768e+00,7.008120e+00,1.306534e+00,7.474103e-01,5.623418e-01,4.411711e-01,3.606726e-01,3.023190e-01,2.598369e-01,5.802635e-01,6.949334e-01,7.532134e-01,7.900963e-01,8.002576e-01,8.540627e-01,8.552966e-01
5.850000e-04,7.141252e+00,7.009152e+00,1.298552e+00,7.474123e-01,5.623447e-01,4.411727e-01,3.606684e-01,3.023196e-01,2.598394e-01,5.797156e-01,6.950806e-01,7.543816e-01,7.911328e-01,8.002890e-01,8.542353e-01,8.547145e-01
5.875000e-04,7.142750e+00,7.010295e+00,1.289816e+00,7.474115e-01,5.623483e-01,4.411749e-01,3.606650e-01,3.023188e-01,2.598418e-01,5.791971e-01,6.953189e-01,7.556189e-01,7.920879e-01,8.001138e-01,8.542290e-01,8.543113e-01
5.900000e-04,7.144302e+00,7.011529e+00,1.280661e+00,7.474080e-01,5.623519e-01,4.411771e-01,3.606632e-01,3.023165e-01,2.598437e-01,5.787047e-01,6.956578e-01,7.569062e-01,7.929488e-01,7.998009e-01,8.540396e-01,8.541087e-01
5.925000e-04,7.145871e+00,7.012867e+00,1.271304e+00,7.474023e-01,5.623547e-01,4.411792e-01,3.606634e-01,3.023132e-01,2.598449e-01,5.782564e-01,6.961048e-01,7.582278e-01,7.937101e-01,7.994384e-01,8.537067e-01,8.540886e-01
5.950000e-04,7.147400e+00,7.014330e+00,1.261579e+00,7.473954e-01,5.623558e-01,4.411816e-01,3.606648e-01,3.023098e-01,2.598450e-01,5.778080e-01,6.966660e-01,7.595697e-01,7.943772e-01,7.991121e-01,8.533065e-01,8.542131e-01
5.975000e-04,7.148902e+00,7.016251e+00,1.259914e+00,7.473881e-01,5.623549e-01,4.411842e-01,3.606667e-01,3.023072e-01,2.598438e-01,5.773813e-01,6.973447e-01,7.609134e-01,7.949674e-01,7.988817e-01,8.529268e-01,8.544362e-01
6.000000e-04,7.150386e+00,7.018556e+00,1.267905e+00,7.473815e-01,5.623521e-01,4.411867e-01,3.606685e-01,3.023061e-01,2.598415e-01,5.770635e-01,6.981313e-01,7.622363e-01,7.955052e-01,7.987668e-01,8.526361e-01,8.547440e-01
6.025000e-04,7.151808e+00,7.020798e+00,1.276249e+00,7.473769e-01,5.623479e-01,4.411885e-01,3.606704e-01,3.023064e-01,2.598386e-01,5.768055e-01,6.990251e-01,7.635160e-01,7.960160e-01,7.987444e-01,8.524589e-01,8.551348e-01
6.050000e-04,7.153123e+00,7.023018e+00,1.284997e+00,7.473754e-01,5.623428e-01,4.411890e-01,3.606724e-01,3.023077e-01,2.598357e-01,5.765810e-01,7.000253e-01,7.647333e-01,7.965182e-01,7.987633e-01,8.523610e-01,8.556193e-01
6.075000e-04,7.154373e+00,7.025128e+00,1.293671e+00,7.473776e-01,5.623375e-01,4.411880e-01,3.606744e-01,3.023093e-01,2.598336e-01,5.764060e-01,7.011043e-01,7.658752e-01,7.970183e-01,7.987665e-01,8.522585e-01,8.562060e-01
6.100000e-04,7.155523e+00,7.027112e+00,1.302352e+00,7.473830e-01,5.623328e-01,4.411856e-01,3.606763e-01,3.023109e-01,2.598327e-01,5.763344e-01,7.022498e-01,7.669390e-01,7.975080e-01,7.987089e-01,8.520469e-01,8.568644e-01
6.125000e-04,7.156587e+00,7.028993e+00,1.310861e+00,7.473904e-01,5.623300e-01,4.411822e-01,3.606775e-01,3.023125e-01,2.598330e-01,5.763604e-01,7.034425e-01,7.679295e-01,7.979670e-01,7.985637e-01,8.516390e-01,8.575243e-01
6.150000e-04,7.157551e+00,7.030745e+00,1.319226e+00,7.473980e-01,5.623296e-01,4.411782e-01,3.606775e-01,3.023142e-01,2.598341e-01,5.764760e-01,7.046645e-01,7.688467e-01,7.983678e-01,7.983221e-01,8.509905e-01,8.580954e-01
6.175000e-04,7.158328e+00,7.032405e+00,1.327672e+00,7.474045e-01,5.623321e-01,4.411741e-01,3.606764e-01,3.023158e-01,2.598354e-01,5.766763e-01,7.059172e-01,7.696842e-01,7.986821e-01,7.979952e-01,8.501069e-01,8.584808e-01
6.200000e-04,7.158972e+00,7.033939e+00,1.336142e+00,7.474085e-01,5.623365e-01,4.411708e-01,3.606741e-01,3.023173e-01,2.598368e-01,5.769882e-01,7.072081e-01,7.704386e-01,7.988856e-01,7.976140e-01,8.490369e-01,8.585648e-01
6.225000e-04,7.159481e+00,7.035350e+00,1.344699e+00,7.474098e-01,5.623420e-01,4.411691e-01,3.606711e-01,3.023181e-01,2.598381e-01,5.774957e-01,7.084835e-01,7.711091e-01,7.989615e-01,7.972255e-01,8.478693e-01,8.582766e-01
6.250000e-04,7.159783e+00,7.036635e+00,1.353272e+00,7.474082e-01,5.623473e-01,4.411695e-01,3.606677e-01,3.023179e-01,2.598395e-01,5.780798e-01,7.096590e-01,7.716968e-01,7.989053e-01,7.968795e-01,8.467343e-01,8.576186e-01
6.275000e-04,7.159863e+00,7.037785e+00,1.361859e+00,7.474042e-01,5.623515e-01,4.411719e-01,3.606645e-01,3.023168e-01,2.598408e-01,5.787439e-01,7.107184e-01,7.722054e-01,7.987258e-01,7.966138e-01,8.457808e-01,8.566424e-01
6.300000e-04,7.159672e+00,7.038819e+00,1.370534e+00,7.473990e-01,5.623541e-01,4.411756e-01,3.606622e-01,3.023148e-01,2.598418e-01,5.794449e-01,7.116938e-01,7.726324e-01,7.984421e-01,7.964432e-01,8.451384e-01,8.554463e-01
6.325000e-04,7.159242e+00,7.039721e+00,1.378939e+00,7.473940e-01,5.623547e-01,4.411798e-01,3.606614e-01,3.023122e-01,2.598423e-01,5.802660e-01,7.126172e-01,7.729610e-01,7.980760e-01,7.963622e-01,8.448826e-01,8.541891e-01
6.350000e-04,7.158646e+00,7.040438e+00,1.387109e+00,7.473899e-01,5.623533e-01,4.411837e-01,3.606624e-01,3.023093e-01,2.598420e-01,5.811617e-01,7.134805e-01,7.731752e-01,7.976474e-01,7.963579e-01,8.450157e-01,8.530530e-01
6.375000e-04,7.157845e+00,7.040995e+00,1.394993e+00,7.473868e-01,5.623503e-01,4.411866e-01,3.606648e-01,3.023068e-01,2.598408e-01,5.821069e-01,7.142372e-01,7.732756e-01,7.971743e-01,7.964205e-01,8.454654e-01,8.521959e-01
6.400000e-04,7.156871e+00,7.041384e+00,1.402311e+00,7.473844e-01,5.623468e-01,4.411882e-01,3.606680e-01,3.023052e-01,2.598390e-01,5.830893e-01,7.148885e-01,7.732737e-01,7.966754e-01,7.965393e-01,8.461276e-01,8.517268e-01
6.425000e-04,7.155729e+00,7.041589e+00,1.409145e+00,7.473827e-01,5.623435e-01,4.411884e-01,3.606714e-01,3.023050e-01,2.598366e-01,5.840804e-01,7.154628e-01,7.731715e-01,7.961715e-01,7.966915e-01,8.469118e-01,8.517217e-01
6.450000e-04,7.154424e+00,7.041612e+00,1.415294e+00,7.473821e-01,5.623408e-01,4.411871e-01,3.606743e-01,3.023061e-01,2.598342e-01,5.850715e-01,7.159494e-01,7.729619e-01,7.956833e-01,7.968348e-01,8.477458e-01,8.521694e-01
6.475000e-04,7.152963e+00,7.041457e+00,1.420611e+00,7.473836e-01,5.623386e-01,4.411848e-01,3.606765e-01,3.023083e-01,2.598322e-01,5.860290e-01,7.163171e-01,7.726485e-01,7.952248e-01,7.969057e-01,8.485501e-01,8.529819e-01
6.500000e-04,7.151365e+00,7.041133e+00,1.424985e+00,7.473872e-01,5.623366e-01,4.411822e-01,3.606775e-01,3.023111e-01,2.598311e-01,5.869425e-01,7.165408e-01,7.722478e-01,7.947969e-01,7.968235e-01,8.492216e-01,8.540610e-01
6.525000e-04,7.149645e+00,7.040631e+00,1.428281e+00,7.473924e-01,5.623349e-01,4.411797e-01,3.606772e-01,3.023138e-01,2.598313e-01,5.878030e-01,7.166356e-01,7.717732e-01,7.943891e-01,7.965137e-01,8.496376e-01,8.553226e-01
6.550000e-04,7.147829e+00,7.039926e+00,1.430347e+00,7.473985e-01,5.623342e-01,4.411776e-01,3.606760e-01,3.023161e-01,2.598325e-01,5.886063e-01,7.166517e-01,7.712306e-01,7.939850e-01,7.959518e-01,8.496698e-01,8.566717e-01
6.575000e-04,7.145940e+00,7.039040e+00,1.431097e+00,7.474039e-01,5.623352e-01,4.411758e-01,3.606740e-01,3.023176e-01,2.598345e-01,5.893479e-01,7.166045e-01,7.706354e-01,7.935654e-01,7.951861e-01,8.492125e-01,8.579944e-01
6.600000e-04,7.143991e+00,7.037980e+00,1.430399e+00,7.474077e-01,5.623379e-01,4.411741e-01,3.606718e-01,3.023182e-01,2.598369e-01,5.900273e-01,7.164593e-01,7.700193e-01,7.931090e-01,7.943131e-01,8.482527e-01,8.591692e-01
6.625000e-04,7.142031e+00,7.036766e+00,1.427939e+00,7.474087e-01,5.623418e-01,4.411728e-01,3.606698e-01,3.023178e-01,2.598391e-01,5.906792e-01,7.161839e-01,7.694107e-01,7.925983e-01,7.934312e-01,8.469218e-01,8.600674e-01
6.650000e-04,7.140060e+00,7.035357e+00,1.424057e+00,7.474068e-01,5.623461e-01,4.411724e-01,3.606680e-01,3.023167e-01,2.598410e-01,5.913021e-01,7.157837e-01,7.688138e-01,7.920293e-01,7.926088e-01,8.454503e-01,8.605769e-01
6.675000e-04,7.138036e+00,7.033785e+00,1.418951e+00,7.474024e-01,5.623499e-01,4.411734e-01,3.606664e-01,3.023150e-01,2.598421e-01,5.918571e-01,7.152819e-01,7.682084e-01,7.914135e-01,7.918761e-01,8.440669e-01,8.606128e-01
6.700000e-04,7.136041e+00,7.032047e+00,1.412103e+00,7.473965e-01,5.623524e-01,4.411757e-01,3.606650e-01,3.023132e-01,2.598425e-01,5.923829e-01,7.146942e-01,7.675720e-01,7.907691e-01,7.912354e-01,8.429253e-01,8.602278e-01
6.725000e-04,7.134087e+00,7.030121e+00,1.403476e+00,7.473903e-01,5.623529e-01,4.411788e-01,3.606642e-01,3.023114e-01,2.598422e-01,5.927893e-01,7.140362e-01,7.669004e-01,7.901102e-01,7.906808e-01,8.420909e-01,8.596234e-01
6.750000e-04,7.132121e+00,7.028014e+00,1.393763e+00,7.473851e-01,5.623514e-01,4.411820e-01,3.606642e-01,3.023099e-01,2.598413e-01,5.931481e-01,7.133075e-01,7.662051e-01,7.894472e-01,7.902157e-01,8.415519e-01,8.590326e-01
6.775000e-04,7.130232e+00,7.025638e+00,1.382620e+00,7.473818e-01,5.623483e-01,4.411847e-01,3.606654e-01,3.023085e-01,2.598399e-01,5.935013e-01,7.125102e-01,7.654992e-01,7.887928e-01,7.898554e-01,8.412450e-01,8.586264e-01
6.800000e-04,7.128491e+00,7.022966e+00,1.369782e+00,7.473806e-01,5.623443e-01,4.411863e-01,3.606675e-01,3.023074e-01,2.598384e-01,5.937944e-01,7.116534e-01,7.647926e-01,7.881655e-01,7.896123e-01,8.410976e-01,8.584886e-01
6.825000e-04,7.126836e+00,7.020008e+00,1.356193e+00,7.473814e-01,5.623403e-01,4.411865e-01,3.606702e-01,3.023069e-01,2.598369e-01,5.939675e-01,7.107781e-01,7.640951e-01,7.875844e-01,7.894771e-01,8.410566e-01,8.586330e-01
6.850000e-04,7.125146e+00,7.016909e+00,1.342548e+00,7.473835e-01,5.623373e-01,4.411851e-01,3.606728e-01,3.023072e-01,2.598356e-01,5.939283e-01,7.099406e-01,7.634074e-01,7.870615e-01,7.894087e-01,8.410827e-01,8.590277e-01
6.875000e-04,7.123552e+00,7.014089e+00,1.340899e+00,7.473864e-01,5.623354e-01,4.411826e-01,3.606748e-01,3.023083e-01,2.598345e-01,5.938943e-01,7.091545e-01,7.627144e-01,7.865997e-01,7.893426e-01,8.411279e-01,8.596101e-01
6.900000e-04,7.122091e+00,7.011924e+00,1.352698e+00,7.473901e-01,5.623349e-01,4.411797e-01,3.606758e-01,3.023102e-01,2.598338e-01,5.937475e-01,7.083811e-01,7.620017e-01,7.861962e-01,7.892115e-01,8.411204e-01,8.602991e-01
6.925000e-04,7.120818e+00,7.009869e+00,1.363399e+00,7.473941e-01,5.623353e-01,4.411770e-01,3.606756e-01,3.023125e-01,2.598336e-01,5.935634e-01,7.076099e-01,7.612683e-01,7.858449e-01,7.889698e-01,8.409686e-01,8.610325e-01
6.950000e-04,7.119679e+00,7.007943e+00,1.373352e+00,7.473983e-01,5.623366e-01,4.411750e-01,3.606743e-01,3.023146e-01,2.598342e-01,5.933479e-01,7.068657e-01,7.605216e-01,7.855345e-01,7.886071e-01,8.405923e-01,8.617328e-01
6.975000e-04,7.118745e+00,7.006172e+00,1.381463e+00,7.474021e-01,5.623385e-01,4.411738e-01,3.606722e-01,3.023161e-01,2.598355e-01,5.931228e-01,7.061493e-01,7.597666e-01,7.852469e-01,7.881466e-01,8.399608e-01,8.623087e-01
7.000000e-04,7.117869e+00,7.004571e+00,1.388343e+00,7.474050e-01,5.623410e-01,4.411735e-01,3.606699e-01,3.023168e-01,2.598374e-01,5.928089e-01,7.054500e-01,7.590052e-01,7.849599e-01,7.876337e-01,8.391118e-01,8.626713e-01
7.025000e-04,7.117073e+00,7.003139e+00,1.394139e+00,7.474065e-01,5.623439e-01,4.411738e-01,3.606678e-01,3.023165e-01,2.598395e-01,5.923881e-01,7.047521e-01,7.582518e-01,7.846544e-01,7.871237e-01,8.381387e-01,8.627443e-01
7.050000e-04,7.116399e+00,7.001843e+00,1.398947e+00,7.474062e-01,5.623469e-01,4.411747e-01,3.606663e-01,3.023153e-01,2.598414e-01,5.920203e-01,7.040196e-01,7.575329e-01,7.843223e-01,7.866695e-01,8.371612e-01,8.625077e-01
7.075000e-04,7.115928e+00,7.000705e+00,1.402735e+00,7.474039e-01,5.623497e-01,4.411762e-01,3.606655e-01,3.023135e-01,2.598427e-01,5.915917e-01,7.032534e-01,7.568638e-01,7.839684e-01,7.863107e-01,8.362969e-01,8.619865e-01
7.100000e-04,7.115594e+00,6.999724e+00,1.405572e+00,7.473999e-01,5.623516e-01,4.411782e-01,3.606653e-01,3.023116e-01,2.598433e-01,5.911862e-01,7.025481e-01,7.562402e-01,7.836028e-01,7.860662e-01,8.356410e-01,8.612651e-01
7.125000e-04,7.115325e+00,6.998906e+00,1.407213e+00,7.473947e-01,5.623524e-01,4.411806e-01,3.606657e-01,3.023100e-01,2.598430e-01,5.908529e-01,7.019512e-01,7.556485e-01,7.832315e-01,7.859341e-01,8.352543e-01,8.604564e-01
7.150000e-04,7.115163e+00,6.998202e+00,1.408245e+00,7.473892e-01,5.623518e-01,4.411829e-01,3.606665e-01,3.023088e-01,2.598421e-01,5.905503e-01,7.014140e-01,7.550807e-01,7.828554e-01,7.858962e-01,8.351537e-01,8.596751e-01
7.175000e-04,7.115082e+00,6.997609e+00,1.408827e+00,7.473845e-01,5.623498e-01,4.411850e-01,3.606679e-01,3.023082e-01,2.598407e-01,5.902287e-01,7.008747e-01,7.545433e-01,7.824766e-01,7.859249e-01,8.353092e-01,8.590309e-01
7.200000e-04,7.115089e+00,6.997116e+00,1.408979e+00,7.473817e-01,5.623467e-01,4.411862e-01,3.606697e-01,3.023080e-01,2.598392e-01,5.899315e-01,7.002939e-01,7.540370e-01,7.821041e-01,7.859918e-01,8.356529e-01,8.586076e-01
7.225000e-04,7.115140e+00,6.996739e+00,1.408646e+00,7.473813e-01,5.623428e-01,4.411865e-01,3.606717e-01,3.023083e-01,2.598380e-01,5.896315e-01,6.997072e-01,7.535425e-01,7.817504e-01,7.860755e-01,8.360960e-01,8.584395e-01
7.250000e-04,7.115266e+00,6.996461e+00,1.407896e+00,7.473831e-01,5.623389e-01,4.411857e-01,3.606736e-01,3.023091e-01,2.598371e-01,5.893039e-01,6.991683e-01,7.530401e-01,7.814244e-01,7.861685e-01,8.365524e-01,8.585308e-01
7.275000e-04,7.115470e+00,6.996274e+00,1.406690e+00,7.473866e-01,5.623357e-01,4.411839e-01,3.606751e-01,3.023103e-01,2.598366e-01,5.889753e-01,6.986997e-01,7.525317e-01,7.811270e-01,7.862728e-01,8.369663e-01,8.588342e-01
7.300000e-04,7.115761e+00,6.996169e+00,1.405087e+00,7.473912e-01,5.623340e-01,4.411812e-01,3.606759e-01,3.023119e-01,2.598365e-01,5.886412e-01,6.982871e-01,7.520413e-01,7.808560e-01,7.863869e-01,8.373299e-01,8.592710e-01
7.325000e-04,7.116136e+00,6.996144e+00,1.403080e+00,7.473958e-01,5.623340e-01,4.411782e-01,3.606758e-01,3.023137e-01,2.598368e-01,5.882835e-01,6.979070e-01,7.516000e-01,7.806157e-01,7.864986e-01,8.376668e-01,8.597441e-01
7.350000e-04,7.116810e+00,6.996194e+00,1.400662e+00,7.473998e-01,5.623354e-01,4.411753e-01,3.606748e-01,3.023153e-01,2.598375e-01,5.879126e-01,6.975574e-01,7.512247e-01,7.804172e-01,7.865931e-01,8.379988e-01,8.601631e-01
7.375000e-04,7.117630e+00,6.996317e+00,1.397838e+00,7.474024e-01,5.623380e-01,4.411732e-01,3.606731e-01,3.023164e-01,2.598387e-01,5.875321e-01,6.972496e-01,7.509081e-01,7.802672e-01,7.866650e-01,8.383228e-01,8.604971e-01
7.400000e-04,7.118564e+00,6.996509e+00,1.394639e+00,7.474034e-01,5.623412e-01,4.411721e-01,3.606708e-01,3.023169e-01,2.598401e-01,5.871335e-01,6.969872e-01,7.506282e-01,7.801593e-01,7.867214e-01,8.386302e-01,8.607481e-01
7.425000e-04,7.119603e+00,6.996770e+00,1.391072e+00,7.474029e-01,5.623445e-01,4.411723e-01,3.606683e-01,3.023166e-01,2.598416e-01,5.867218e-01,6.967530e-01,7.503606e-01,7.800757e-01,7.867747e-01,8.389358e-01,8.609403e-01
7.450000e-04,7.120740e+00,6.997096e+00,1.387150e+00,7.474012e-01,5.623474e-01,4.411736e-01,3.606661e-01,3.023156e-01,2.598429e-01,5.863022e-01,6.965244e-01,7.500866e-01,7.799992e-01,7.868354e-01,8.392766e-01,8.610875e-01
7.475000e-04,7.121966e+00,6.997486e+00,1.382900e+00,7.473986e-01,5.623494e-01,4.411756e-01,3.606646e-01,3.023140e-01,2.598437e-01,5.858760e-01,6.963044e-01,7.498012e-01,7.799249e-01,7.869076e-01,8.396833e-01,8.611806e-01
7.500000e-04,7.123266e+00,6.997939e+00,1.378343e+00,7.473954e-01,5.623503e-01,4.411781e-01,3.606640e-01,3.023120e-01,2.598439e-01,5.854375e-01,6.961118e-01,7.495180e-01,7.798621e-01,7.869922e-01,8.401607e-01,8.612387e-01
7.525000e-04,7.124622e+00,6.998458e+00,1.373475e+00,7.473919e-01,5.623502e-01,4.411806e-01,3.606644e-01,3.023100e-01,2.598435e-01,5.850019e-01,6.959527e-01,7.492636e-01,7.798261e-01,7.870958e-01,8.406900e-01,8.613117e-01
7.550000e-04,7.126015e+00,6.999042e+00,1.368333e+00,7.473885e-01,5.623493e-01,4.411828e-01,3.606656e-01,3.023083e-01,2.598424e-01,5.845729e-01,6.958193e-01,7.490649e-01,7.798276e-01,7.872360e-01,8.412441e-01,8.614549e-01
7.575000e-04,7.127458e+00,6.999686e+00,1.363058e+00,7.473857e-01,5.623475e-01,4.411844e-01,3.606674e-01,3.023072e-01,2.598409e-01,5.841580e-01,6.957029e-01,7.489384e-01,7.798678e-01,7.874371e-01,8.418024e-01,8.617084e-01
7.600000e-04,7.128895e+00,7.000401e+00,1.357559e+00,7.473841e-01,5.623452e-01,4.411852e-01,3.606695e-01,3.023069e-01,2.598391e-01,5.837284e-01,6.956030e-01,7.488836e-01,7.799414e-01,7.877188e-01,8.423594e-01,8.620665e-01
7.625000e-04,7.130349e+00,7.001177e+00,1.351823e+00,7.473842e-01,5.623424e-01,4.411851e-01,3.606716e-01,3.023073e-01,2.598373e-01,5.833116e-01,6.955237e-01,7.488870e-01,7.800427e-01,7.880886e-01,8.429219e-01,8.624881e-01
7.650000e-04,7.131805e+00,7.002010e+00,1.345736e+00,7.473861e-01,5.623396e-01,4.411844e-01,3.606734e-01,3.023084e-01,2.598358e-01,5.828723e-01,6.954668e-01,7.489335e-01,7.801688e-01,7.885427e-01,8.435046e-01,8.629176e-01
7.675000e-04,7.133290e+00,7.002889e+00,1.339440e+00,7.473894e-01,5.623373e-01,4.411829e-01,3.606747e-01,3.023100e-01,2.598349e-01,5.824248e-01,6.954302e-01,7.490134e-01,7.803208e-01,7.890722e-01,8.441206e-01,8.633100e-01
7.700000e-04,7.134766e+00,7.003832e+00,1.332746e+00,7.473938e-01,5.623362e-01,4.411809e-01,3.606753e-01,3.023118e-01,2.598347e-01,5.819864e-01,6.954073e-01,7.491226e-01,7.805038e-01,7.896684e-01,8.447796e-01,8.636387e-01
7.725000e-04,7.136261e+00,7.004817e+00,1.325721e+00,7.473985e-01,5.623364e-01,4.411785e-01,3.606751e-01,3.023136e-01,2.598351e-01,5.815503e-01,6.954067e-01,7.492610e-01,7.807267e-01,7.903232e-01,8.454855e-01,8.638972e-01
7.750000e-04,7.137762e+00,7.005867e+00,1.318251e+00,7.474025e-01,5.623380e-01,4.411763e-01,3.606742e-01,3.023151e-01,2.598360e-01,5.810919e-01,6.954266e-01,7.494304e-01,7.810008e-01,7.910281e-01,8.462358e-01,8.640769e-01
7.775000e-04,7.139249e+00,7.006986e+00,1.310409e+00,7.474050e-01,5.623405e-01,4.411746e-01,3.606727e-01,3.023161e-01,2.598373e-01,5.806218e-01,6.954542e-01,7.496332e-01,7.813360e-01,7.917704e-01,8.470252e-01,8.641763e-01
7.800000e-04,7.140712e+00,7.008176e+00,1.302273e+00,7.474059e-01,5.623437e-01,4.411739e-01,3.606708e-01,3.023165e-01,2.598388e-01,5.801835e-01,6.954953e-01,7.498742e-01,7.817382e-01,7.925314e-01,8.478497e-01,8.642132e-01
7.825000e-04,7.142169e+00,7.009429e+00,1.293726e+00,7.474051e-01,5.623469e-01,4.411744e-01,3.606688e-01,3.023163e-01,2.598403e-01,5.797075e-01,6.955436e-01,7.501575e-01,7.822091e-01,7.932874e-01,8.487051e-01,8.642091e-01
7.850000e-04,7.143621e+00,7.010765e+00,1.284510e+00,7.474028e-01,5.623495e-01,4.411759e-01,3.606669e-01,3.023154e-01,2.598415e-01,5.792451e-01,6.955841e-01,7.504834e-01,7.827449e-01,7.940131e-01,8.495795e-01,8.641737e-01
7.875000e-04,7.145116e+00,7.012167e+00,1.275075e+00,7.473994e-01,5.623510e-01,4.411780e-01,3.606657e-01,3.023139e-01,2.598423e-01,5.788304e-01,6.956234e-01,7.508508e-01,7.833367e-01,7.946856e-01,8.504504e-01,8.641368e-01
7.900000e-04,7.146593e+00,7.013645e+00,1.265646e+00,7.473954e-01,5.623513e-01,4.411804e-01,3.606654e-01,3.023122e-01,2.598424e-01,5.784350e-01,6.956802e-01,7.512591e-01,7.839710e-01,7.952894e-01,8.512859e-01,8.641079e-01
7.925000e-04,7.148018e+00,7.015261e+00,1.256743e+00,7.473912e-01,5.623505e-01,4.411827e-01,3.606660e-01,3.023104e-01,2.598420e-01,5.780173e-01,6.957532e-01,7.517087e-01,7.846306e-01,7.958205e-01,8.520486e-01,8.640952e-01
7.950000e-04,7.149428e+00,7.017594e+00,1.264993e+00,7.473875e-01,5.623487e-01,4.411844e-01,3.606674e-01,3.023089e-01,2.598410e-01,5.776396e-01,6.958447e-01,7.522014e-01,7.852979e-01,7.962846e-01,8.527073e-01,8.641045e-01
7.975000e-04,7.150789e+00,7.019862e+00,1.273574e+00,7.473847e-01,5.623462e-01,4.411854e-01,3.606693e-01,3.023080e-01,2.598395e-01,5.773434e-01,6.959628e-01,7.527379e-01,7.859585e-01,7.966915e-01,8.532487e-01,8.641189e-01
8.000000e-04,7.152082e+00,7.022040e+00,1.282258e+00,7.473832e-01,5.623433e-01,4.411855e-01,3.606713e-01,3.023080e-01,2.598378e-01,5.770298e-01,6.961077e-01,7.533158e-01,7.866027e-01,7.970494e-01,8.536815e-01,8.641200e-01
8.025000e-04,7.153324e+00,7.024141e+00,1.290872e+00,7.473830e-01,5.623405e-01,4.411847e-01,3.606731e-01,3.023087e-01,2.598362e-01,5.767153e-01,6.962692e-01,7.539283e-01,7.872254e-01,7.973634e-01,8.540236e-01,8.640890e-01
8.050000e-04,7.154538e+00,7.026085e+00,1.299161e+00,7.473846e-01,5.623381e-01,4.411831e-01,3.606744e-01,3.023100e-01,2.598349e-01,5.764234e-01,6.964334e-01,7.545662e-01,7.878242e-01,7.976355e-01,8.542840e-01,8.640071e-01
8.075000e-04,7.155696e+00,7.027930e+00,1.307288e+00,7.473881e-01,5.623362e-01,4.411812e-01,3.606750e-01,3.023116e-01,2.598342e-01,5.761565e-01,6.966087e-01,7.552227e-01,7.883990e-01,7.978657e-01,8.544653e-01,8.638845e-01
8.100000e-04,7.156890e+00,7.029654e+00,1.314799e+00,7.473926e-01,5.623351e-01,4.411791e-01,3.606749e-01,3.023132e-01,2.598342e-01,5.759069e-01,6.968193e-01,7.558945e-01,7.889506e-01,7.980532e-01,8.545688e-01,8.637313e-01
8.125000e-04,7.158040e+00,7.031258e+00,1.321989e+00,7.473973e-01,5.623353e-01,4.411770e-01,3.606740e-01,3.023147e-01,2.598349e-01,5.756677e-01,6.970805e-01,7.565799e-01,7.894794e-01,7.982053e-01,8.545889e-01,8.635694e-01
8.150000e-04,7.159116e+00,7.032799e+00,1.328970e+00,7.474013e-01,5.623369e-01,4.411752e-01,3.606726e-01,3.023157e-01,2.598360e-01,5.753944e-01,6.974102e-01,7.572774e-01,7.899859e-01,7.983457e-01,8.545064e-01,8.634051e-01
8.175000e-04,7.160217e+00,7.034237e+00,1.335766e+00,7.474039e-01,5.623396e-01,4.411739e-01,3.606710e-01,3.023161e-01,2.598373e-01,5.752098e-01,6.978017e-01,7.579816e-01,7.904709e-01,7.985103e-01,8.543076e-01,8.632403e-01
8.200000e-04,7.161298e+00,7.035591e+00,1.342319e+00,7.474047e-01,5.623430e-01,4.411733e-01,3.606692e-01,3.023158e-01,2.598387e-01,5.750676e-01,6.981935e-01,7.586817e-01,7.909368e-01,7.987216e-01,8.540164e-01,8.630679e-01
8.225000e-04,7.162317e+00,7.036868e+00,1.348641e+00,7.474035e-01,5.623464e-01,4.411738e-01,3.606675e-01,3.023150e-01,2.598398e-01,5.749205e-01,6.985584e-01,7.593688e-01,7.913872e-01,7.989618e-01,8.536954e-01,8.628653e-01
8.250000e-04,7.163251e+00,7.038077e+00,1.354816e+00,7.474008e-01,5.623493e-01,4.411752e-01,3.606661e-01,3.023139e-01,2.598406e-01,5.747573e-01,6.989414e-01,7.600380e-01,7.918257e-01,7.991751e-01,8.534031e-01,8.626301e-01
8.275000e-04,7.164050e+00,7.039249e+00,1.360922e+00,7.473971e-01,5.623511e-01,4.411774e-01,3.606652e-01,3.023124e-01,2.598408e-01,5.745908e-01,6.993826e-01,7.606784e-01,7.922505e-01,7.993096e-01,8.531406e-01,8.623479e-01
8.300000e-04,7.164825e+00,7.040330e+00,1.366469e+00,7.473932e-01,5.623513e-01,4.411801e-01,3.606651e-01,3.023109e-01,2.598404e-01,5.745093e-01,6.998801e-01,7.612792e-01,7.926520e-01,7.993737e-01,8.528368e-01,8.620642e-01
8.325000e-04,7.165534e+00,7.041378e+00,1.371866e+00,7.473896e-01,5.623502e-01,4.411827e-01,3.606657e-01,3.023095e-01,2.598396e-01,5.744457e-01,7.003958e-01,7.618427e-01,7.930155e-01,7.994471e-01,8.524004e-01,8.618233e-01
8.350000e-04,7.166162e+00,7.042361e+00,1.376941e+00,7.473870e-01,5.623479e-01,4.411847e-01,3.606671e-01,3.023085e-01,2.598384e-01,5.744153e-01,7.008972e-01,7.623797e-01,7.933325e-01,7.996190e-01,8.518206e-01,8.616465e-01
8.375000e-04,7.166746e+00,7.043266e+00,1.381665e+00,7.473854e-01,5.623449e-01,4.411858e-01,3.606691e-01,3.023079e-01,2.598371e-01,5.744348e-01,7.014095e-01,7.628951e-01,7.936086e-01,7.999116e-01,8.512194e-01,8.615145e-01
8.400000e-04,7.167266e+00,7.044097e+00,1.386060e+00,7.473852e-01,5.623419e-01,4.411857e-01,3.606714e-01,3.023079e-01,2.598357e-01,5.744916e-01,7.019517e-01,7.633829e-01,7.938598e-01,8.002696e-01,8.507691e-01,8.613457e-01
8.425000e-04,7.167698e+00,7.044861e+00,1.389804e+00,7.473865e-01,5.623396e-01,4.411845e-01,3.606734e-01,3.023086e-01,2.598346e-01,5.745604e-01,7.024980e-01,7.638327e-01,7.940971e-01,8.006165e-01,8.505541e-01,8.610669e-01
8.450000e-04,7.168058e+00,7.045570e+00,1.393694e+00,7.473889e-01,5.623380e-01,4.411825e-01,3.606749e-01,3.023099e-01,2.598337e-01,5.746854e-01,7.029996e-01,7.642394e-01,7.943155e-01,8.008982e-01,8.505340e-01,8.607050e-01
8.475000e-04,7.168335e+00,7.046220e+00,1.397554e+00,7.473920e-01,5.623371e-01,4.411801e-01,3.606755e-01,3.023116e-01,2.598332e-01,5.748397e-01,7.034384e-01,7.646004e-01,7.944949e-01,8.010811e-01,8.506221e-01,8.603921e-01
8.500000e-04,7.168519e+00,7.046807e+00,1.401181e+00,7.473954e-01,5.623372e-01,4.411780e-01,3.606752e-01,3.023135e-01,2.598333e-01,5.750688e-01,7.038604e-01,7.649170e-01,7.946126e-01,8.011291e-01,8.507680e-01,8.602659e-01
8.525000e-04,7.168592e+00,7.047327e+00,1.404735e+00,7.473985e-01,5.623380e-01,4.411763e-01,3.606740e-01,3.023151e-01,2.598340e-01,5.753165e-01,7.043072e-01,7.651965e-01,7.946530e-01,8.009970e-01,8.509565e-01,8.603571e-01
8.550000e-04,7.168586e+00,7.047770e+00,1.408157e+00,7.474008e-01,5.623396e-01,4.411752e-01,3.606721e-01,3.023162e-01,2.598352e-01,5.756274e-01,7.047798e-01,7.654458e-01,7.946046e-01,8.006339e-01,8.511643e-01,8.606143e-01
8.575000e-04,7.168450e+00,7.048146e+00,1.411614e+00,7.474023e-01,5.623418e-01,4.411747e-01,3.606702e-01,3.023166e-01,2.598367e-01,5.759298e-01,7.052367e-01,7.656700e-01,7.944525e-01,7.999981e-01,8.513313e-01,8.609954e-01
8.600000e-04,7.168214e+00,7.048444e+00,1.414967e+00,7.474023e-01,5.623442e-01,4.411747e-01,3.606685e-01,3.023161e-01,2.598382e-01,5.762386e-01,7.056298e-01,7.658658e-01,7.941789e-01,7.990791e-01,8.513640e-01,8.615096e-01
8.625000e-04,7.167886e+00,7.048663e+00,1.418136e+00,7.474009e-01,5.623465e-01,4.411754e-01,3.606673e-01,3.023149e-01,2.598395e-01,5.765702e-01,7.059462e-01,7.660122e-01,7.937698e-01,7.979125e-01,8.511680e-01,8.621771e-01
8.650000e-04,7.167482e+00,7.048802e+00,1.421129e+00,7.473984e-01,5.623484e-01,4.411766e-01,3.606665e-01,3.023133e-01,2.598403e-01,5.769197e-01,7.061948e-01,7.660817e-01,7.932188e-01,7.965693e-01,8.506903e-01,8.629957e-01
8.675000e-04,7.167003e+00,7.048863e+00,1.423977e+00,7.473950e-01,5.623494e-01,4.411782e-01,3.606662e-01,3.023117e-01,2.598404e-01,5.772890e-01,7.064064e-01,7.660618e-01,7.925284e-01,7.951289e-01,8.499372e-01,8.639281e-01
8.700000e-04,7.166452e+00,7.048846e+00,1.426662e+00,7.473913e-01,5.623493e-01,4.411801e-01,3.606663e-01,3.023104e-01,2.598398e-01,5.776667e-01,7.066035e-01,7.659600e-01,7.917142e-01,7.936618e-01,8.489656e-01,8.649061e-01
8.725000e-04,7.165832e+00,7.048755e+00,1.429171e+00,7.473878e-01,5.623483e-01,4.411820e-01,3.606669e-01,3.023095e-01,2.598387e-01,5.780460e-01,7.067761e-01,7.657924e-01,7.908048e-01,7.922265e-01,8.478535e-01,8.658578e-01
8.750000e-04,7.165149e+00,7.048593e+00,1.431488e+00,7.473852e-01,5.623464e-01,4.411833e-01,3.606680e-01,3.023088e-01,2.598373e-01,5.784257e-01,7.069049e-01,7.655695e-01,7.898374e-01,7.908696e-01,8.466782e-01,8.667310e-01
8.775000e-04,7.164409e+00,7.048363e+00,1.433594e+00,7.473839e-01,5.623440e-01,4.411840e-01,3.606695e-01,3.023086e-01,2.598360e-01,5.788018e-01,7.069803e-01,7.652865e-01,7.888471e-01,7.896241e-01,8.455042e-01,8.675094e-01
8.800000e-04,7.163616e+00,7.048071e+00,1.435446e+00,7.473846e-01,5.623414e-01,4.411837e-01,3.606712e-01,3.023087e-01,2.598349e-01,5.791736e-01,7.070025e-01,7.649248e-01,7.878582e-01,7.885053e-01,8.443838e-01,8.681979e-01
8.825000e-04,7.162779e+00,7.047719e+00,1.437029e+00,7.473869e-01,5.623390e-01,4.411828e-01,3.606727e-01,3.023093e-01,2.598341e-01,5.795395e-01,7.069789e-01,7.644619e-01,7.868833e-01,7.875095e-01,8.433520e-01,8.688125e-01
8.850000e-04,7.161904e+00,7.047309e+00,1.438295e+00,7.473903e-01,5.623373e-01,4.411812e-01,3.606738e-01,3.023103e-01,2.598336e-01,5.798983e-01,7.069189e-01,7.638828e-01,7.859272e-01,7.866132e-01,8.424201e-01,8.693497e-01
8.875000e-04,7.160995e+00,7.046849e+00,1.439144e+00,7.473940e-01,5.623368e-01,4.411793e-01,3.606741e-01,3.023117e-01,2.598334e-01,5.802495e-01,7.068189e-01,7.631865e-01,7.849929e-01,7.857751e-01,8.415739e-01,8.698227e-01
8.900000e-04,7.160078e+00,7.046335e+00,1.439442e+00,7.473973e-01,5.623374e-01,4.411774e-01,3.606737e-01,3.023131e-01,2.598336e-01,5.805943e-01,7.066629e-01,7.623872e-01,7.840846e-01,7.849481e-01,8.407761e-01,8.702568e-01
8.925000e-04,7.159181e+00,7.045766e+00,1.439270e+00,7.474001e-01,5.623392e-01,4.411757e-01,3.606728e-01,3.023144e-01,2.598342e-01,5.809628e-01,7.064380e-01,7.615095e-01,7.832050e-01,7.840995e-01,8.399723e-01,8.706525e-01
8.950000e-04,7.158245e+00,7.045167e+00,1.438812e+00,7.474019e-01,5.623416e-01,4.411746e-01,3.606714e-01,3.023151e-01,2.598353e-01,5.812848e-01,7.061379e-01,7.605762e-01,7.823511e-01,7.832317e-01,8.391008e-01,8.709928e-01
8.975000e-04,7.157304e+00,7.044546e+00,1.438204e+00,7.474027e-01,5.623441e-01,4.411744e-01,3.606698e-01,3.023153e-01,2.598366e-01,5.815916e-01,7.057584e-01,7.595998e-01,7.815127e-01,7.823824e-01,8.381191e-01,8.712516e-01
9.000000e-04,7.156359e+00,7.043902e+00,1.437258e+00,7.474024e-01,5.623465e-01,4.411751e-01,3.606682e-01,3.023149e-01,2.598379e-01,5.818797e-01,7.052977e-01,7.585850e-01,7.806787e-01,7.816003e-01,8.370262e-01,8.713969e-01
9.025000e-04,7.155422e+00,7.043239e+00,1.435584e+00,7.474010e-01,5.623484e-01,4.411765e-01,3.606670e-01,3.023140e-01,2.598389e-01,5.821622e-01,7.047545e-01,7.575351e-01,7.798439e-01,7.809112e-01,8.358694e-01,8.713755e-01
9.050000e-04,7.154503e+00,7.042549e+00,1.433655e+00,7.473987e-01,5.623495e-01,4.411783e-01,3.606663e-01,3.023128e-01,2.598395e-01,5.824178e-01,7.041276e-01,7.564558e-01,7.790130e-01,7.803110e-01,8.347238e-01,8.711539e-01
9.075000e-04,7.153586e+00,7.041833e+00,1.431466e+00,7.473958e-01,5.623498e-01,4.411803e-01,3.606662e-01,3.023114e-01,2.598397e-01,5.826408e-01,7.034220e-01,7.553536e-01,7.781977e-01,7.797845e-01,8.336539e-01,8.707284e-01
9.100000e-04,7.152694e+00,7.041114e+00,1.428849e+00,7.473926e-01,5.623492e-01,4.411821e-01,3.606669e-01,3.023101e-01,2.598393e-01,5.828435e-01,7.026481e-01,7.542339e-01,7.774095e-01,7.793342e-01,8.326876e-01,8.701340e-01
9.125000e-04,7.151822e+00,7.040404e+00,1.425728e+00,7.473895e-01,5.623479e-01,4.411834e-01,3.606681e-01,3.023092e-01,2.598384e-01,5.829800e-01,7.018069e-01,7.531025e-01,7.766551e-01,7.789890e-01,8.318251e-01,8.694257e-01
9.150000e-04,7.151027e+00,7.039639e+00,1.422055e+00,7.473871e-01,5.623462e-01,4.411841e-01,3.606697e-01,3.023087e-01,2.598374e-01,5.830535e-01,7.009071e-01,7.519676e-01,7.759376e-01,7.787813e-01,8.310746e-01,8.686696e-01
9.175000e-04,7.150312e+00,7.038859e+00,1.418073e+00,7.473857e-01,5.623440e-01,4.411842e-01,3.606713e-01,3.023087e-01,2.598363e-01,5.831093e-01,6.999594e-01,7.508397e-01,7.752618e-01,7.787172e-01,8.304800e-01,8.679163e-01
9.200000e-04,7.149670e+00,7.038068e+00,1.413850e+00,7.473859e-01,5.623418e-01,4.411836e-01,3.606727e-01,3.023094e-01,2.598353e-01,5.831016e-01,6.989792e-01,7.497269e-01,7.746361e-01,7.787733e-01,8.301015e-01,8.671938e-01
9.225000e-04,7.149112e+00,7.037286e+00,1.409209e+00,7.473875e-01,5.623396e-01,4.411825e-01,3.606737e-01,3.023105e-01,2.598346e-01,5.830161e-01,6.979790e-01,7.486321e-01,7.740702e-01,7.789217e-01,8.299621e-01,8.665180e-01
9.250000e-04,7.148696e+00,7.036498e+00,1.404226e+00,7.473902e-01,5.623379e-01,4.411811e-01,3.606741e-01,3.023118e-01,2.598343e-01,5.828800e-01,6.969585e-01,7.475610e-01,7.735708e-01,7.791498e-01,8.300212e-01,8.659163e-01
9.275000e-04,7.148391e+00,7.035711e+00,1.399077e+00,7.473936e-01,5.623370e-01,4.411794e-01,3.606740e-01,3.023131e-01,2.598345e-01,5.826418e-01,6.959288e-01,7.465260e-01,7.731403e-01,7.794530e-01,8.302083e-01,8.654323e-01
9.300000e-04,7.148211e+00,7.034950e+00,1.393768e+00,7.473970e-01,5.623372e-01,4.411777e-01,3.606733e-01,3.023142e-01,2.598351e-01,5.823084e-01,6.949065e-01,7.455396e-01,7.727793e-01,7.798187e-01,8.304722e-01,8.650951e-01
9.325000e-04,7.148172e+00,7.034234e+00,1.388233e+00,7.473997e-01,5.623386e-01,4.411761e-01,3.606723e-01,3.023150e-01,2.598361e-01,5.818718e-01,6.938828e-01,7.446080e-01,7.724884e-01,7.802201e-01,8.307920e-01,8.648849e-01
9.350000e-04,7.148313e+00,7.033565e+00,1.382426e+00,7.474013e-01,5.623408e-01,4.411749e-01,3.606710e-01,3.023152e-01,2.598373e-01,5.813727e-01,6.928468e-01,7.437331e-01,7.722679e-01,7.806227e-01,8.311521e-01,8.647412e-01
9.375000e-04,7.148639e+00,7.032959e+00,1.376453e+00,7.474017e-01,5.623434e-01,4.411744e-01,3.606696e-01,3.023150e-01,2.598385e-01,5.807835e-01,6.918198e-01,7.429186e-01,7.721153e-01,7.809947e-01,8.315222e-01,8.645960e-01
9.400000e-04,7.149141e+00,7.032444e+00,1.370609e+00,7.474008e-01,5.623458e-01,4.411747e-01,3.606682e-01,3.023144e-01,2.598394e-01,5.801424e-01,6.908370e-01,7.421705e-01,7.720228e-01,7.813124e-01,8.318651e-01,8.644041e-01
9.425000e-04,7.149814e+00,7.032040e+00,1.365034e+00,7.473988e-01,5.623477e-01,4.411759e-01,3.606670e-01,3.023135e-01,2.598400e-01,5.794454e-01,6.898939e-01,7.414983e-01,7.719790e-01,7.815634e-01,8.321545e-01,8.641546e-01
9.450000e-04,7.150654e+00,7.031764e+00,1.359887e+00,7.473959e-01,5.623487e-01,4.411777e-01,3.606661e-01,3.023124e-01,2.598402e-01,5.786900e-01,6.889862e-01,7.409118e-01,7.719711e-01,7.817507e-01,8.323838e-01,8.638620e-01
9.475000e-04,7.151646e+00,7.031631e+00,1.355290e+00,7.473929e-01,5.623488e-01,4.411797e-01,3.606659e-01,3.023112e-01,2.598399e-01,5.778870e-01,6.881235e-01,7.404099e-01,7.719869e-01,7.818978e-01,8.325630e-01,8.635207e-01
9.500000e-04,7.152791e+00,7.031651e+00,1.351313e+00,7.473900e-01,5.623481e-01,4.411816e-01,3.606665e-01,3.023100e-01,2.598393e-01,5.770482e-01,6.873032e-01,7.399823e-01,7.720163e-01,7.820457e-01,8.327206e-01,8.631188e-01
9.525000e-04,7.154080e+00,7.031830e+00,1.348035e+00,7.473880e-01,5.623467e-01,4.411829e-01,3.606676e-01,3.023091e-01,2.598385e-01,5.761829e-01,6.865276e-01,7.396249e-01,7.720543e-01,7.822377e-01,8.329094e-01,8.626777e-01
9.550000e-04,7.155504e+00,7.032173e+00,1.345496e+00,7.473869e-01,5.623449e-01,4.411836e-01,3.606692e-01,3.023085e-01,2.598375e-01,5.752988e-01,6.858082e-01,7.393441e-01,7.721028e-01,7.825025e-01,8.332014e-01,8.622331e-01
9.575000e-04,7.157047e+00,7.032676e+00,1.343704e+00,7.473870e-01,5.623428e-01,4.411836e-01,3.606709e-01,3.023084e-01,2.598365e-01,5.744001e-01,6.851564e-01,7.391449e-01,7.721688e-01,7.828453e-01,8.336603e-01,8.618004e-01
9.600000e-04,7.158700e+00,7.033337e+00,1.342660e+00,7.473880e-01,5.623408e-01,4.411830e-01,3.606723e-01,3.023090e-01,2.598355e-01,5.734928e-01,6.845807e-01,7.390233e-01,7.722612e-01,7.832477e-01,8.343059e-01,8.614247e-01
9.625000e-04,7.160461e+00,7.034144e+00,1.342316e+00,7.473899e-01,5.623394e-01,4.411820e-01,3.606734e-01,3.023101e-01,2.598347e-01,5.725750e-01,6.840791e-01,7.389738e-01,7.723893e-01,7.836724e-01,8.350999e-01,8.611488e-01
9.650000e-04,7.162308e+00,7.035088e+00,1.342662e+00,7.473927e-01,5.623387e-01,4.411806e-01,3.606738e-01,3.023115e-01,2.598343e-01,5.716555e-01,6.836481e-01,7.389920e-01,7.725604e-01,7.840738e-01,8.359599e-01,8.610309e-01
9.675000e-04,7.164231e+00,7.036148e+00,1.343550e+00,7.473956e-01,5.623386e-01,4.411791e-01,3.606737e-01,3.023129e-01,2.598344e-01,5.707584e-01,6.832915e-01,7.390689e-01,7.727749e-01,7.844185e-01,8.367864e-01,8.611165e-01
9.700000e-04,7.166205e+00,7.037314e+00,1.344918e+00,7.473979e-01,5.623395e-01,4.411776e-01,3.606732e-01,3.023141e-01,2.598349e-01,5.698412e-01,6.830077e-01,7.391929e-01,7.730246e-01,7.846985e-01,8.374931e-01,8.613816e-01
9.725000e-04,7.168200e+00,7.038585e+00,1.346875e+00,7.473998e-01,5.623411e-01,4.411764e-01,3.606723e-01,3.023148e-01,2.598359e-01,5.689111e-01,6.827978e-01,7.393565e-01,7.732972e-01,7.849228e-01,8.380348e-01,8.617592e-01
9.750000e-04,7.170231e+00,7.039910e+00,1.348854e+00,7.474010e-01,5.623430e-01,4.411757e-01,3.606711e-01,3.023151e-01,2.598370e-01,5.680337e-01,6.826672e-01,7.395546e-01,7.735808e-01,7.850914e-01,8.384180e-01,8.621599e-01
9.775000e-04,7.172329e+00,7.041326e+00,1.351019e+00,7.474013e-01,5.623448e-01,4.411757e-01,3.606697e-01,3.023150e-01,2.598382e-01,5.671728e-01,6.826159e-01,7.397837e-01,7.738677e-01,7.851692e-01,8.386771e-01,8.625029e-01
9.800000e-04,7.174378e+00,7.042802e+00,1.353121e+00,7.474007e-01,5.623465e-01,4.411765e-01,3.606684e-01,3.023145e-01,2.598391e-01,5.662988e-01,6.826388e-01,7.400475e-01,7.741515e-01,7.850862e-01,8.388380e-01,8.627201e-01
9.825000e-04,7.176506e+00,7.044279e+00,1.354879e+00,7.473990e-01,5.623478e-01,4.411776e-01,3.606674e-01,3.023136e-01,2.598396e-01,5.654705e-01,6.827311e-01,7.403534e-01,7.744217e-01,7.847738e-01,8.388900e-01,8.627797e-01
9.850000e-04,7.178565e+00,7.045830e+00,1.356538e+00,7.473964e-01,5.623484e-01,4.411791e-01,3.606670e-01,3.023125e-01,2.598397e-01,5.646398e-01,6.828714e-01,7.407006e-01,7.746594e-01,7.842125e-01,8.387898e-01,8.626986e-01
9.875000e-04,7.180681e+00,7.047417e+00,1.357947e+00,7.473932e-01,5.623485e-01,4.411805e-01,3.606672e-01,3.023113e-01,2.598394e-01,5.637762e-01,6.830481e-01,7.410795e-01,7.748386e-01,7.834436e-01,8.385118e-01,8.624929e-01
9.900000e-04,7.182867e+00,7.048994e+00,1.358656e+00,7.473900e-01,5.623478e-01,4.411818e-01,3.606678e-01,3.023103e-01,2.598388e-01,5.630216e-01,6.832555e-01,7.414809e-01,7.749324e-01,7.825416e-01,8.380997e-01,8.621877e-01
9.925000e-04,7.185554e+00,7.050599e+00,1.358783e+00,7.473877e-01,5.623465e-01,4.411826e-01,3.606689e-01,3.023095e-01,2.598379e-01,5.623701e-01,6.834787e-01,7.419002e-01,7.749210e-01,7.815842e-01,8.376621e-01,8.617863e-01
9.950000e-04,7.188452e+00,7.052296e+00,1.358138e+00,7.473864e-01,5.623445e-01,4.411830e-01,3.606703e-01,3.023092e-01,2.598368e-01,5.616160e-01,6.837297e-01,7.423284e-01,7.747981e-01,7.806505e-01,8.373126e-01,8.613294e-01
9.975000e-04,7.191311e+00,7.053973e+00,1.356817e+00,7.473865e-01,5.623422e-01,4.411829e-01,3.606716e-01,3.023093e-01,2.598357e-01,5.609468e-01,6.840618e-01,7.427512e-01,7.745742e-01,7.798424e-01,8.371222e-01,8.609192e-01
1.000000e-03,7.194017e+00,7.055632e+00,1.355601e+00,7.473877e-01,5.623402e-01,4.411823e-01,3.606726e-01,3.023100e-01,2.598347e-01,5.603086e-01,6.845280e-01,7.431586e-01,7.742762e-01,7.792979e-01,8.371204e-01,8.606937e-01
1.002500e-03,7.196682e+00,7.057295e+00,1.352335e+00,7.473897e-01,5.623388e-01,4.411812e-01,3.606732e-01,3.023110e-01,2.598339e-01,5.597381e-01,6.850354e-01,7.435442e-01,7.739441e-01,7.791540e-01,8.373293e-01,8.607967e-01
1.005000e-03,7.199336e+00,7.058906e+00,1.348190e+00,7.473923e-01,5.623382e-01,4.411797e-01,3.606734e-01,3.023122e-01,2.598336e-01,5.591987e-01,6.854216e-01,7.438949e-01,7.736289e-01,7.794638e-01,8.377947e-01,8.612998e-01
1.007500e-03,7.201954e+00,7.060478e+00,1.343282e+00,7.473953e-01,5.623384e-01,4.411781e-01,3.606732e-01,3.023133e-01,2.598337e-01,5.586161e-01,6.856889e-01,7.441892e-01,7.733886e-01,7.801400e-01,8.385609e-01,8.621901e-01
1.010000e-03,7.204371e+00,7.062084e+00,1.337228e+00,7.473982e-01,5.623394e-01,4.411767e-01,3.606725e-01,3.023141e-01,2.598343e-01,5.580706e-01,6.859978e-01,7.444014e-01,7.732793e-01,7.809971e-01,8.395720e-01,8.633840e-01
1.012500e-03,7.206630e+00,7.063699e+00,1.329934e+00,7.474005e-01,5.623410e-01,4.411758e-01,3.606714e-01,3.023146e-01,2.598353e-01,5.575545e-01,6.864806e-01,7.445158e-01,7.733403e-01,7.818566e-01,8.406019e-01,8.647339e-01
1.015000e-03,7.208775e+00,7.065266e+00,1.322954e+00,7.474019e-01,5.623430e-01,4.411755e-01,3.606701e-01,3.023146e-01,2.598362e-01,5.570356e-01,6.870475e-01,7.445504e-01,7.735793e-01,7.826164e-01,8.413481e-01,8.661081e-01
1.017500e-03,7.210808e+00,7.066817e+00,1.315508e+00,7.474020e-01,5.623452e-01,4.411758e-01,3.606687e-01,3.023143e-01,2.598371e-01,5.565662e-01,6.874947e-01,7.445509e-01,7.739701e-01,7.832484e-01,8.416248e-01,8.673749e-01
1.020000e-03,7.212794e+00,7.068341e+00,1.307648e+00,7.474008e-01,5.623471e-01,4.411768e-01,3.606677e-01,3.023137e-01,2.598377e-01,5.560635e-01,6.877734e-01,7.445527e-01,7.744649e-01,7.837650e-01,8.414512e-01,8.683217e-01
1.022500e-03,7.214647e+00,7.069850e+00,1.299962e+00,7.473985e-01,5.623485e-01,4.411782e-01,3.606670e-01,3.023127e-01,2.598380e-01,5.556115e-01,6.879879e-01,7.445566e-01,7.750125e-01,7.841939e-01,8.409674e-01,8.686776e-01
1.025000e-03,7.216281e+00,7.071383e+00,1.292117e+00,7.473956e-01,5.623491e-01,4.411797e-01,3.606669e-01,3.023116e-01,2.598379e-01,5.551781e-01,6.882266e-01,7.445484e-01,7.755703e-01,7.845684e-01,8.403193e-01,8.682417e-01
1.027500e-03,7.217740e+00,7.072914e+00,1.284284e+00,7.473925e-01,5.623488e-01,4.411813e-01,3.606673e-01,3.023106e-01,2.598375e-01,5.548224e-01,6.884506e-01,7.445369e-01,7.761050e-01,7.849227e-01,8.396232e-01,8.670319e-01
1.030000e-03,7.219029e+00,7.074474e+00,1.276302e+00,7.473900e-01,5.623477e-01,4.411827e-01,3.606683e-01,3.023097e-01,2.598368e-01,5.545072e-01,6.885947e-01,7.445611e-01,7.765916e-01,7.852879e-01,8.389811e-01,8.652738e-01
1.032500e-03,7.220102e+00,7.076049e+00,1.268489e+00,7.473883e-01,5.623459e-01,4.411836e-01,3.606695e-01,3.023092e-01,2.598359e-01,5.542509e-01,6.886302e-01,7.446548e-01,7.770210e-01,7.856856e-01,8.384911e-01,8.632129e-01
1.035000e-03,7.221021e+00,7.077650e+00,1.260488e+00,7.473877e-01,5.623437e-01,4.411838e-01,3.606708e-01,3.023092e-01,2.598349e-01,5.540365e-01,6.885350e-01,7.448246e-01,7.774065e-01,7.861188e-01,8.382323e-01,8.610447e-01
1.037500e-03,7.221841e+00,7.079243e+00,1.252460e+00,7.473883e-01,5.623415e-01,4.411834e-01,3.606721e-01,3.023097e-01,2.598340e-01,5.538937e-01,6.883394e-01,7.450603e-01,7.777728e-01,7.865666e-01,8.382350e-01,8.589431e-01
1.040000e-03,7.222631e+00,7.080815e+00,1.244726e+00,7.473896e-01,5.623398e-01,4.411825e-01,3.606731e-01,3.023106e-01,2.598332e-01,5.537627e-01,6.880573e-01,7.453485e-01,7.781334e-01,7.869861e-01,8.384640e-01,8.570508e-01
1.042500e-03,7.223327e+00,7.082361e+00,1.237420e+00,7.473915e-01,5.623388e-01,4.411810e-01,3.606737e-01,3.023117e-01,2.598329e-01,5.536034e-01,6.876853e-01,7.456786e-01,7.784824e-01,7.873226e-01,8.388217e-01,8.555073e-01
1.045000e-03,7.223989e+00,7.084456e+00,1.246169e+00,7.473938e-01,5.623386e-01,4.411793e-01,3.606738e-01,3.023128e-01,2.598329e-01,5.534878e-01,6.872675e-01,7.460333e-01,7.788100e-01,7.875266e-01,8.391697e-01,8.543805e-01
1.047500e-03,7.224623e+00,7.086334e+00,1.254969e+00,7.473962e-01,5.623391e-01,4.411777e-01,3.606733e-01,3.023138e-01,2.598334e-01,5.533509e-01,6.868813e-01,7.463860e-01,7.791193e-01,7.875686e-01,8.393690e-01,8.536810e-01
1.050000e-03,7.225177e+00,7.088066e+00,1.263223e+00,7.473982e-01,5.623403e-01,4.411764e-01,3.606723e-01,3.023145e-01,2.598342e-01,5.532048e-01,6.865516e-01,7.467237e-01,7.794215e-01,7.874482e-01,8.393257e-01,8.533759e-01
1.052500e-03,7.225704e+00,7.089668e+00,1.270908e+00,7.473996e-01,5.623418e-01,4.411758e-01,3.606710e-01,3.023149e-01,2.598351e-01,5.530395e-01,6.862513e-01,7.470619e-01,7.797186e-01,7.871926e-01,8.390142e-01,8.533669e-01
1.055000e-03,7.226267e+00,7.091086e+00,1.278025e+00,7.474002e-01,5.623435e-01,4.411757e-01,3.606696e-01,3.023149e-01,2.598360e-01,5.528307e-01,6.859350e-01,7.474176e-01,7.800018e-01,7.868444e-01,8.384718e-01,8.535260e-01
1.057500e-03,7.226871e+00,7.092389e+00,1.284558e+00,7.473994e-01,5.623450e-01,4.411762e-01,3.606683e-01,3.023144e-01,2.598368e-01,5.525623e-01,6.856169e-01,7.477763e-01,7.802636e-01,7.864449e-01,8.377815e-01,8.537097e-01
1.060000e-03,7.227526e+00,7.093581e+00,1.290299e+00,7.473977e-01,5.623465e-01,4.411772e-01,3.606674e-01,3.023135e-01,2.598374e-01,5.522326e-01,6.853750e-01,7.481029e-01,7.805031e-01,7.860196e-01,8.370404e-01,8.538291e-01
1.062500e-03,7.228249e+00,7.094675e+00,1.295261e+00,7.473954e-01,5.623474e-01,4.411784e-01,3.606670e-01,3.023124e-01,2.598376e-01,5.518814e-01,6.852479e-01,7.483764e-01,7.807204e-01,7.855739e-01,8.363249e-01,8.538413e-01
1.065000e-03,7.229067e+00,7.095704e+00,1.299717e+00,7.473929e-01,5.623476e-01,4.411796e-01,3.606671e-01,3.023112e-01,2.598375e-01,5.515114e-01,6.852116e-01,7.486017e-01,7.809117e-01,7.850992e-01,8.356728e-01,8.537862e-01
1.067500e-03,7.229928e+00,7.096697e+00,1.303770e+00,7.473905e-01,5.623471e-01,4.411809e-01,3.606676e-01,3.023102e-01,2.598370e-01,5.511127e-01,6.852143e-01,7.488007e-01,7.810707e-01,7.845866e-01,8.350824e-01,8.537285e-01
1.070000e-03,7.230844e+00,7.097661e+00,1.307498e+00,7.473886e-01,5.623460e-01,4.411819e-01,3.606685e-01,3.023095e-01,2.598361e-01,5.507271e-01,6.852018e-01,7.489856e-01,7.811906e-01,7.840372e-01,8.345240e-01,8.537297e-01
1.072500e-03,7.231768e+00,7.098621e+00,1.311140e+00,7.473877e-01,5.623444e-01,4.411825e-01,3.606695e-01,3.023092e-01,2.598351e-01,5.503293e-01,6.851894e-01,7.491486e-01,7.812623e-01,7.834621e-01,8.339631e-01,8.538499e-01
1.075000e-03,7.232692e+00,7.099560e+00,1.314561e+00,7.473877e-01,5.623426e-01,4.411826e-01,3.606707e-01,3.023094e-01,2.598341e-01,5.499906e-01,6.852327e-01,7.492724e-01,7.812707e-01,7.828740e-01,8.333771e-01,8.541189e-01
1.077500e-03,7.233622e+00,7.100498e+00,1.318122e+00,7.473886e-01,5.623409e-01,4.411821e-01,3.606716e-01,3.023099e-01,2.598332e-01,5.496870e-01,6.853399e-01,7.493440e-01,7.811947e-01,7.822795e-01,8.327559e-01,8.545210e-01
1.080000e-03,7.234493e+00,7.101453e+00,1.322024e+00,7.473905e-01,5.623397e-01,4.411812e-01,3.606724e-01,3.023107e-01,2.598326e-01,5.494169e-01,6.854820e-01,7.493663e-01,7.810153e-01,7.816817e-01,8.320917e-01,8.550313e-01
1.082500e-03,7.235284e+00,7.102405e+00,1.326187e+00,7.473929e-01,5.623391e-01,4.411799e-01,3.606729e-01,3.023116e-01,2.598324e-01,5.491836e-01,6.856528e-01,7.493576e-01,7.807256e-01,7.810922e-01,8.313770e-01,8.555923e-01
1.085000e-03,7.235974e+00,7.103353e+00,1.330712e+00,7.473954e-01,5.623393e-01,4.411785e-01,3.606729e-01,3.023125e-01,2.598326e-01,5.490111e-01,6.858514e-01,7.493261e-01,7.803342e-01,7.805363e-01,8.306150e-01,8.561622e-01
1.087500e-03,7.236570e+00,7.104285e+00,1.335427e+00,7.473978e-01,5.623402e-01,4.411772e-01,3.606725e-01,3.023133e-01,2.598331e-01,5.488706e-01,6.860431e-01,7.492579e-01,7.798602e-01,7.800452e-01,8.298309e-01,8.567035e-01
1.090000e-03,7.237044e+00,7.105191e+00,1.340263e+00,7.473996e-01,5.623417e-01,4.411763e-01,3.606717e-01,3.023140e-01,2.598338e-01,5.487771e-01,6.862144e-01,7.491333e-01,7.793243e-01,7.796428e-01,8.290698e-01,8.571678e-01
1.092500e-03,7.237406e+00,7.106071e+00,1.345263e+00,7.474006e-01,5.623434e-01,4.411760e-01,3.606705e-01,3.023143e-01,2.598346e-01,5.487393e-01,6.863768e-01,7.489394e-01,7.787450e-01,7.793396e-01,8.283754e-01,8.575141e-01
1.095000e-03,7.237708e+00,7.106903e+00,1.350030e+00,7.474006e-01,5.623452e-01,4.411763e-01,3.606694e-01,3.023143e-01,2.598354e-01,5.487803e-01,6.865376e-01,7.486722e-01,7.781410e-01,7.791335e-01,8.277756e-01,8.577400e-01
1.097500e-03,7.237989e+00,7.107667e+00,1.354770e+00,7.473997e-01,5.623468e-01,4.411771e-01,3.606683e-01,3.023139e-01,2.598360e-01,5.488429e-01,6.866995e-01,7.483355e-01,7.775342e-01,7.790127e-01,8.272888e-01,8.578561e-01
1.100000e-03,7.238208e+00,7.108349e+00,1.359424e+00,7.473980e-01,5.623479e-01,4.411783e-01,3.606677e-01,3.023131e-01,2.598366e-01,5.489127e-01,6.868381e-01,7.479378e-01,7.769469e-01,7.789588e-01,8.269355e-01,8.578840e-01
1.102500e-03,7.238381e+00,7.108960e+00,1.363780e+00,7.473959e-01,5.623485e-01,4.411796e-01,3.606675e-01,3.023121e-01,2.598368e-01,5.489897e-01,6.869270e-01,7.474856e-01,7.763963e-01,7.789487e-01,8.267356e-01,8.578207e-01
1.105000e-03,7.238502e+00,7.109523e+00,1.367818e+00,7.473936e-01,5.623483e-01,4.411809e-01,3.606679e-01,3.023111e-01,2.598367e-01,5.490869e-01,6.869662e-01,7.469804e-01,7.758899e-01,7.789574e-01,8.266935e-01,8.576758e-01
1.107500e-03,7.238600e+00,7.110021e+00,1.371600e+00,7.473916e-01,5.623475e-01,4.411821e-01,3.606686e-01,3.023103e-01,2.598363e-01,5.491860e-01,6.869563e-01,7.464245e-01,7.754238e-01,7.789594e-01,8.267824e-01,8.574818e-01
1.110000e-03,7.238645e+00,7.110456e+00,1.375083e+00,7.473900e-01,5.623461e-01,4.411829e-01,3.606696e-01,3.023098e-01,2.598356e-01,5.492754e-01,6.868852e-01,7.458219e-01,7.749877e-01,7.789313e-01,8.269467e-01,8.572665e-01
1.112500e-03,7.238651e+00,7.110829e+00,1.378255e+00,7.473890e-01,5.623444e-01,4.411832e-01,3.606707e-01,3.023098e-01,2.598347e-01,5.493534e-01,6.867627e-01,7.451789e-01,7.745696e-01,7.788524e-01,8.271203e-01,8.570788e-01
1.115000e-03,7.238625e+00,7.111145e+00,1.381026e+00,7.473889e-01,5.623428e-01,4.411829e-01,3.606718e-01,3.023101e-01,2.598338e-01,5.494382e-01,6.866092e-01,7.445070e-01,7.741590e-01,7.787089e-01,8.272493e-01,8.569300e-01
1.117500e-03,7.238583e+00,7.111399e+00,1.383443e+00,7.473896e-01,5.623413e-01,4.411822e-01,3.606726e-01,3.023108e-01,2.598332e-01,5.495267e-01,6.864161e-01,7.438232e-01,7.737484e-01,7.785051e-01,8.273021e-01,8.568129e-01
1.120000e-03,7.238546e+00,7.111593e+00,1.385544e+00,7.473911e-01,5.623402e-01,4.411811e-01,3.606732e-01,3.023116e-01,2.598328e-01,5.495980e-01,6.861612e-01,7.431458e-01,7.733330e-01,7.782676e-01,8.272730e-01,8.566918e-01
1.122500e-03,7.238503e+00,7.111736e+00,1.387361e+00,7.473931e-01,5.623396e-01,4.411798e-01,3.606733e-01,3.023125e-01,2.598328e-01,5.496471e-01,6.858276e-01,7.424860e-01,7.729082e-01,7.780308e-01,8.271851e-01,8.565357e-01
1.125000e-03,7.238455e+00,7.111838e+00,1.388869e+00,7.473954e-01,5.623396e-01,4.411785e-01,3.606730e-01,3.023133e-01,2.598332e-01,5.496662e-01,6.854228e-01,7.418435e-01,7.724718e-01,7.778150e-01,8.270859e-01,8.563185e-01
1.127500e-03,7.238414e+00,7.111899e+00,1.390030e+00,7.473975e-01,5.623402e-01,4.411774e-01,3.606723e-01,3.023140e-01,2.598337e-01,5.496570e-01,6.849664e-01,7.412121e-01,7.720274e-01,7.776234e-01,8.270205e-01,8.560500e-01
1.130000e-03,7.238390e+00,7.111926e+00,1.390861e+00,7.473991e-01,5.623414e-01,4.411767e-01,3.606713e-01,3.023144e-01,2.598345e-01,5.496152e-01,6.844575e-01,7.405900e-01,7.715861e-01,7.774584e-01,8.269976e-01,8.557457e-01
1.132500e-03,7.238388e+00,7.111926e+00,1.391383e+00,7.473999e-01,5.623429e-01,4.411764e-01,3.606702e-01,3.023144e-01,2.598353e-01,5.495400e-01,6.838914e-01,7.399866e-01,7.711628e-01,7.773352e-01,8.269918e-01,8.554443e-01
1.135000e-03,7.238418e+00,7.111906e+00,1.391590e+00,7.473997e-01,5.623446e-01,4.411765e-01,3.606691e-01,3.023141e-01,2.598360e-01,5.494278e-01,6.832833e-01,7.394161e-01,7.707718e-01,7.772761e-01,8.269815e-01,8.552033e-01
1.137500e-03,7.238493e+00,7.111873e+00,1.391499e+00,7.473984e-01,5.623461e-01,4.411771e-01,3.606683e-01,3.023135e-01,2.598365e-01,5.492770e-01,6.826578e-01,7.388846e-01,7.704258e-01,7.772962e-01,8.269752e-01,8.550562e-01
1.140000e-03,7.238623e+00,7.111833e+00,1.391117e+00,7.473965e-01,5.623472e-01,4.411781e-01,3.606678e-01,3.023126e-01,2.598368e-01,5.490817e-01,6.820293e-01,7.383882e-01,7.701342e-01,7.773926e-01,8.270015e-01,8.549987e-01
1.142500e-03,7.238820e+00,7.111793e+00,1.390453e+00,7.473942e-01,5.623477e-01,4.411793e-01,3.606676e-01,3.023117e-01,2.598368e-01,5.488376e-01,6.813979e-01,7.379214e-01,7.699032e-01,7.775451e-01,8.270848e-01,8.549988e-01
1.145000e-03,7.239094e+00,7.111761e+00,1.389517e+00,7.473920e-01,5.623474e-01,4.411806e-01,3.606678e-01,3.023109e-01,2.598364e-01,5.485427e-01,6.807593e-01,7.374801e-01,7.697349e-01,7.777251e-01,8.272295e-01,8.550292e-01
1.147500e-03,7.239454e+00,7.111745e+00,1.388333e+00,7.473903e-01,5.623465e-01,4.411817e-01,3.606684e-01,3.023102e-01,2.598359e-01,5.481964e-01,6.801207e-01,7.370601e-01,7.696287e-01,7.779041e-01,8.274203e-01,8.550785e-01
1.150000e-03,7.239904e+00,7.111754e+00,1.386931e+00,7.473893e-01,5.623450e-01,4.411825e-01,3.606693e-01,3.023098e-01,2.598351e-01,5.477998e-01,6.794987e-01,7.366585e-01,7.695819e-01,7.780601e-01,8.276304e-01,8.551495e-01
1.152500e-03,7.240448e+00,7.111796e+00,1.385352e+00,7.473893e-01,5.623434e-01,4.411828e-01,3.606703e-01,3.023098e-01,2.598343e-01,5.473559e-01,6.789022e-01,7.362775e-01,7.695898e-01,7.781817e-01,8.278205e-01,8.552428e-01
1.155000e-03,7.241084e+00,7.111880e+00,1.383645e+00,7.473900e-01,5.623419e-01,4.411825e-01,3.606714e-01,3.023100e-01,2.598336e-01,5.468689e-01,6.783286e-01,7.359277e-01,7.696443e-01,7.782735e-01,8.279454e-01,8.553610e-01
1.157500e-03,7.241808e+00,7.112011e+00,1.381858e+00,7.473912e-01,5.623407e-01,4.411817e-01,3.606722e-01,3.023106e-01,2.598331e-01,5.463446e-01,6.777764e-01,7.356252e-01,7.697345e-01,7.783552e-01,8.279791e-01,8.555063e-01
1.160000e-03,7.242615e+00,7.112198e+00,1.380040e+00,7.473928e-01,5.623402e-01,4.411806e-01,3.606728e-01,3.023114e-01,2.598328e-01,5.457896e-01,6.772493e-01,7.353805e-01,7.698494e-01,7.784510e-01,8.279433e-01,8.556614e-01
1.162500e-03,7.243496e+00,7.112444e+00,1.378237e+00,7.473947e-01,5.623401e-01,4.411793e-01,3.606729e-01,3.023123e-01,2.598328e-01,5.452114e-01,6.767535e-01,7.351915e-01,7.699810e-01,7.785747e-01,8.279021e-01,8.557830e-01
1.165000e-03,7.244442e+00,7.112754e+00,1.376592e+00,7.473966e-01,5.623405e-01,4.411782e-01,3.606726e-01,3.023131e-01,2.598331e-01,5.446184e-01,6.762924e-01,7.350506e-01,7.701237e-01,7.787233e-01,8.279205e-01,8.558106e-01
1.167500e-03,7.245440e+00,7.113135e+00,1.375177e+00,7.473981e-01,5.623414e-01,4.411774e-01,3.606719e-01,3.023138e-01,2.598337e-01,5.440140e-01,6.758652e-01,7.349524e-01,7.702722e-01,7.788859e-01,8.280239e-01,8.557210e-01
1.170000e-03,7.246482e+00,7.113584e+00,1.373949e+00,7.473990e-01,5.623425e-01,4.411770e-01,3.606709e-01,3.023142e-01,2.598344e-01,5.434004e-01,6.754759e-01,7.348961e-01,7.704212e-01,7.790545e-01,8.281936e-01,8.555463e-01
1.172500e-03,7.247557e+00,7.114100e+00,1.372892e+00,7.473991e-01,5.623440e-01,4.411769e-01,3.606698e-01,3.023142e-01,2.598351e-01,5.427869e-01,6.751258e-01,7.348798e-01,7.705669e-01,7.792283e-01,8.283956e-01,8.553563e-01
1.175000e-03,7.248665e+00,7.114680e+00,1.372049e+00,7.473985e-01,5.623453e-01,4.411773e-01,3.606690e-01,3.023139e-01,2.598358e-01,5.421872e-01,6.748178e-01,7.348961e-01,7.707088e-01,7.794059e-01,8.286113e-01,8.552054e-01
1.177500e-03,7.249844e+00,7.115302e+00,1.371320e+00,7.473971e-01,5.623464e-01,4.411779e-01,3.606684e-01,3.023132e-01,2.598364e-01,5.415952e-01,6.745560e-01,7.349390e-01,7.708486e-01,7.795773e-01,8.288410e-01,8.551078e-01
1.180000e-03,7.251013e+00,7.115979e+00,1.370682e+00,7.473954e-01,5.623470e-01,4.411789e-01,3.606681e-01,3.023124e-01,2.598367e-01,5.409641e-01,6.743446e-01,7.350085e-01,7.709871e-01,7.797291e-01,8.290821e-01,8.550536e-01
1.182500e-03,7.252394e+00,7.116698e+00,1.370035e+00,7.473934e-01,5.623470e-01,4.411800e-01,3.606681e-01,3.023116e-01,2.598366e-01,5.403345e-01,6.741873e-01,7.351048e-01,7.711218e-01,7.798564e-01,8.293118e-01,8.550329e-01
1.185000e-03,7.254126e+00,7.117473e+00,1.369360e+00,7.473916e-01,5.623465e-01,4.411810e-01,3.606685e-01,3.023108e-01,2.598363e-01,5.397023e-01,6.740821e-01,7.352251e-01,7.712486e-01,7.799677e-01,8.295029e-01,8.550560e-01
1.187500e-03,7.255901e+00,7.118286e+00,1.368470e+00,7.473902e-01,5.623455e-01,4.411817e-01,3.606691e-01,3.023103e-01,2.598357e-01,5.391031e-01,6.740322e-01,7.353652e-01,7.713650e-01,7.800798e-01,8.296512e-01,8.551337e-01
1.190000e-03,7.257723e+00,7.119119e+00,1.367414e+00,7.473893e-01,5.623442e-01,4.411821e-01,3.606699e-01,3.023101e-01,2.598349e-01,5.385138e-01,6.740375e-01,7.355235e-01,7.714710e-01,7.802104e-01,8.297812e-01,8.552613e-01
1.192500e-03,7.259562e+00,7.120007e+00,1.366311e+00,7.473891e-01,5.623429e-01,4.411821e-01,3.606708e-01,3.023102e-01,2.598342e-01,5.379056e-01,6.740834e-01,7.356997e-01,7.715672e-01,7.803723e-01,8.299355e-01,8.554074e-01
1.195000e-03,7.261377e+00,7.120889e+00,1.365181e+00,7.473896e-01,5.623416e-01,4.411816e-01,3.606716e-01,3.023105e-01,2.598336e-01,5.372957e-01,6.741726e-01,7.358913e-01,7.716537e-01,7.805634e-01,8.301660e-01,8.555496e-01
1.197500e-03,7.263161e+00,7.121784e+00,1.364028e+00,7.473908e-01,5.623406e-01,4.411808e-01,3.606722e-01,3.023111e-01,2.598331e-01,5.366788e-01,6.743001e-01,7.360933e-01,7.717316e-01,7.807588e-01,8.305110e-01,8.556918e-01
1.200000e-03,7.264885e+00,7.122705e+00,1.362649e+00,7.473926e-01,5.623401e-01,4.411798e-01,3.606725e-01,3.023118e-01,2.598330e-01,5.361080e-01,6.744422e-01,7.363018e-01,7.718044e-01,7.809146e-01,8.309593e-01,8.558420e-01
1.202500e-03,7.266642e+00,7.123624e+00,1.360598e+00,7.473947e-01,5.623401e-01,4.411788e-01,3.606724e-01,3.023126e-01,2.598331e-01,5.355660e-01,6.745957e-01,7.365128e-01,7.718748e-01,7.809866e-01,8.314453e-01,8.560423e-01
1.205000e-03,7.268374e+00,7.124530e+00,1.358301e+00,7.473967e-01,5.623406e-01,4.411778e-01,3.606719e-01,3.023133e-01,2.598335e-01,5.350111e-01,6.747862e-01,7.367185e-01,7.719416e-01,7.809524e-01,8.318814e-01,8.563487e-01
1.207500e-03,7.270094e+00,7.125427e+00,1.355915e+00,7.473983e-01,5.623416e-01,4.411771e-01,3.606712e-01,3.023137e-01,2.598340e-01,5.344636e-01,6.750245e-01,7.369122e-01,7.719971e-01,7.808240e-01,8.322000e-01,8.567966e-01
1.210000e-03,7.271744e+00,7.126325e+00,1.353234e+00,7.473992e-01,5.623429e-01,4.411768e-01,3.606703e-01,3.023139e-01,2.598346e-01,5.339124e-01,6.752923e-01,7.370949e-01,7.720309e-01,7.806358e-01,8.323831e-01,8.573768e-01
1.212500e-03,7.273259e+00,7.127237e+00,1.350215e+00,7.473993e-01,5.623444e-01,4.411770e-01,3.606695e-01,3.023137e-01,2.598353e-01,5.334088e-01,6.755703e-01,7.372720e-01,7.720343e-01,7.804191e-01,8.324646e-01,8.580248e-01
1.215000e-03,7.274663e+00,7.128157e+00,1.347111e+00,7.473986e-01,5.623458e-01,4.411774e-01,3.606687e-01,3.023133e-01,2.598358e-01,5.329535e-01,6.758223e-01,7.374480e-01,7.720036e-01,7.801840e-01,8.325008e-01,8.586674e-01
1.217500e-03,7.275987e+00,7.129069e+00,1.343683e+00,7.473973e-01,5.623468e-01,4.411783e-01,3.606683e-01,3.023127e-01,2.598362e-01,5.325345e-01,6.760410e-01,7.376248e-01,7.719402e-01,7.799227e-01,8.325287e-01,8.592631e-01
1.220000e-03,7.277238e+00,7.129956e+00,1.339877e+00,7.473955e-01,5.623474e-01,4.411793e-01,3.606681e-01,3.023120e-01,2.598363e-01,5.321709e-01,6.762634e-01,7.377976e-01,7.718487e-01,7.796246e-01,8.325468e-01,8.598094e-01
1.222500e-03,7.278453e+00,7.130808e+00,1.336253e+00,7.473937e-01,5.623473e-01,4.411804e-01,3.606683e-01,3.023112e-01,2.598362e-01,5.317940e-01,6.764958e-01,7.379588e-01,7.717336e-01,7.792856e-01,8.325287e-01,8.603307e-01
1.225000e-03,7.279568e+00,7.131635e+00,1.332807e+00,7.473919e-01,5.623467e-01,4.411814e-01,3.606688e-01,3.023107e-01,2.598358e-01,5.314495e-01,6.767301e-01,7.381119e-01,7.715969e-01,7.789054e-01,8.324486e-01,8.608493e-01
1.227500e-03,7.280597e+00,7.132446e+00,1.329385e+00,7.473906e-01,5.623457e-01,4.411822e-01,3.606695e-01,3.023103e-01,2.598352e-01,5.311293e-01,6.769469e-01,7.382645e-01,7.714396e-01,7.784844e-01,8.322928e-01,8.613736e-01
1.230000e-03,7.281542e+00,7.133235e+00,1.326042e+00,7.473899e-01,5.623443e-01,4.411825e-01,3.606704e-01,3.023103e-01,2.598346e-01,5.308227e-01,6.771022e-01,7.384071e-01,7.712641e-01,7.780249e-01,8.320554e-01,8.618951e-01
1.232500e-03,7.282376e+00,7.134015e+00,1.322634e+00,7.473898e-01,5.623429e-01,4.411823e-01,3.606713e-01,3.023105e-01,2.598340e-01,5.305617e-01,6.771958e-01,7.385207e-01,7.710733e-01,7.775354e-01,8.317347e-01,8.624021e-01
1.235000e-03,7.283174e+00,7.134755e+00,1.319283e+00,7.473905e-01,5.623416e-01,4.411818e-01,3.606721e-01,3.023109e-01,2.598335e-01,5.303266e-01,6.772686e-01,7.385942e-01,7.708664e-01,7.770305e-01,8.313373e-01,8.628853e-01
1.237500e-03,7.283888e+00,7.135471e+00,1.316184e+00,7.473918e-01,5.623407e-01,4.411809e-01,3.606726e-01,3.023115e-01,2.598333e-01,5.301093e-01,6.773561e-01,7.386275e-01,7.706380e-01,7.765281e-01,8.308799e-01,8.633396e-01
1.240000e-03,7.284513e+00,7.136162e+00,1.313323e+00,7.473934e-01,5.623402e-01,4.411798e-01,3.606727e-01,3.023123e-01,2.598333e-01,5.299015e-01,6.774778e-01,7.386288e-01,7.703845e-01,7.760452e-01,8.303842e-01,8.637543e-01
1.242500e-03,7.285062e+00,7.136817e+00,1.310534e+00,7.473952e-01,5.623403e-01,4.411787e-01,3.606725e-01,3.023130e-01,2.598335e-01,5.297371e-01,6.775824e-01,7.386091e-01,7.701102e-01,7.755975e-01,8.298716e-01,8.641121e-01
1.245000e-03,7.285526e+00,7.137444e+00,1.308003e+00,7.473967e-01,5.623409e-01,4.411778e-01,3.606719e-01,3.023136e-01,2.598339e-01,5.295925e-01,6.776112e-01,7.385720e-01,7.698254e-01,7.751989e-01,8.293616e-01,8.644045e-01
1.247500e-03,7.285930e+00,7.138027e+00,1.305732e+00,7.473977e-01,5.623418e-01,4.411771e-01,3.606711e-01,3.023140e-01,2.598345e-01,5.294759e-01,6.775594e-01,7.385084e-01,7.695422e-01,7.748603e-01,8.288705e-01,8.646240e-01
1.250000e-03,7.286307e+00,7.138570e+00,1.303624e+00,7.473982e-01,5.623430e-01,4.411768e-01,3.606702e-01,3.023141e-01,2.598352e-01,5.293688e-01,6.774634e-01,7.384029e-01,7.692702e-01,7.745881e-01,8.284104e-01,8.647711e-01
1.252500e-03,7.286647e+00,7.139078e+00,1.301659e+00,7.473979e-01,5.623443e-01,4.411770e-01,3.606693e-01,3.023138e-01,2.598358e-01,5.292671e-01,6.773688e-01,7.382472e-01,7.690149e-01,7.743832e-01,8.279853e-01,8.648505e-01
1.255000e-03,7.286961e+00,7.139559e+00,1.299689e+00,7.473970e-01,5.623453e-01,4.411775e-01,3.606686e-01,3.023133e-01,2.598363e-01,5.291690e-01,6.772780e-01,7.380501e-01,7.687793e-01,7.742404e-01,8.275918e-01,8.648682e-01
1.257500e-03,7.287252e+00,7.140005e+00,1.297827e+00,7.473956e-01,5.623461e-01,4.411783e-01,3.606681e-01,3.023126e-01,2.598366e-01,5.290777e-01,6.771561e-01,7.378277e-01,7.685671e-01,7.741497e-01,8.272241e-01,8.648342e-01
1.260000e-03,7.287538e+00,7.140416e+00,1.296074e+00,7.473940e-01,5.623463e-01,4.411793e-01,3.606680e-01,3.023118e-01,2.598366e-01,5.289875e-01,6.769849e-01,7.375893e-01,7.683832e-01,7.740986e-01,8.268775e-01,8.647522e-01
1.262500e-03,7.287811e+00,7.140800e+00,1.294431e+00,7.473923e-01,5.623461e-01,4.411802e-01,3.606682e-01,3.023111e-01,2.598363e-01,5.288949e-01,6.767767e-01,7.373356e-01,7.682291e-01,7.740757e-01,8.265501e-01,8.646209e-01
1.265000e-03,7.288064e+00,7.141160e+00,1.292886e+00,7.473909e-01,5.623454e-01,4.411809e-01,3.606687e-01,3.023104e-01,2.598358e-01,5.288114e-01,6.765417e-01,7.370585e-01,7.681002e-01,7.740712e-01,8.262429e-01,8.644363e-01
1.267500e-03,7.288309e+00,7.141500e+00,1.291409e+00,7.473900e-01,5.623444e-01,4.411815e-01,3.606694e-01,3.023101e-01,2.598351e-01,5.287223e-01,6.762845e-01,7.367458e-01,7.679860e-01,7.740772e-01,8.259589e-01,8.642000e-01
1.270000e-03,7.288543e+00,7.141826e+00,1.289943e+00,7.473897e-01,5.623433e-01,4.411816e-01,3.606702e-01,3.023101e-01,2.598345e-01,5.286351e-01,6.760090e-01,7.363954e-01,7.678762e-01,7.740861e-01,8.257002e-01,8.639146e-01
1.272500e-03,7.288772e+00,7.142143e+00,1.288416e+00,7.473900e-01,5.623422e-01,4.411815e-01,3.606710e-01,3.023103e-01,2.598338e-01,5.285474e-01,6.757110e-01,7.360221e-01,7.677666e-01,7.740912e-01,8.254674e-01,8.635909e-01
1.275000e-03,7.289004e+00,7.142449e+00,1.286849e+00,7.473910e-01,5.623413e-01,4.411809e-01,3.606716e-01,3.023108e-01,2.598334e-01,5.284535e-01,6.753875e-01,7.356478e-01,7.676592e-01,7.740857e-01,8.252589e-01,8.632468e-01
1.277500e-03,7.289245e+00,7.142741e+00,1.285288e+00,7.473925e-01,5.623407e-01,4.411801e-01,3.606720e-01,3.023114e-01,2.598331e-01,5.283503e-01,6.750424e-01,7.352883e-01,7.675584e-01,7.740625e-01,8.250703e-01,8.629029e-01
1.280000e-03,7.289500e+00,7.143022e+00,1.283726e+00,7.473942e-01,5.623405e-01,4.411792e-01,3.606720e-01,3.023121e-01,2.598331e-01,5.282361e-01,6.746794e-01,7.349485e-01,7.674651e-01,7.740118e-01,8.248911e-01,8.625802e-01
1.282500e-03,7.289777e+00,7.143293e+00,1.282126e+00,7.473958e-01,5.623409e-01,4.411784e-01,3.606718e-01,3.023127e-01,2.598334e-01,5.281091e-01,6.742962e-01,7.346259e-01,7.673750e-01,7.739201e-01,8.247034e-01,8.622983e-01
1.285000e-03,7.290079e+00,7.143559e+00,1.280445e+00,7.473975e-01,5.623416e-01,4.411777e-01,3.606714e-01,3.023132e-01,2.598339e-01,5.279671e-01,6.738957e-01,7.343160e-01,7.672801e-01,7.737709e-01,8.244824e-01,8.620720e-01
1.287500e-03,7.290414e+00,7.143823e+00,1.278643e+00,7.473984e-01,5.623427e-01,4.411774e-01,3.606707e-01,3.023135e-01,2.598344e-01,5.278072e-01,6.734901e-01,7.340163e-01,7.671735e-01,7.735483e-01,8.242004e-01,8.619071e-01
1.290000e-03,7.290785e+00,7.144090e+00,1.276738e+00,7.473985e-01,5.623439e-01,4.411773e-01,3.606699e-01,3.023136e-01,2.598350e-01,5.276228e-01,6.730871e-01,7.337273e-01,7.670503e-01,7.732436e-01,8.238323e-01,8.617977e-01
1.292500e-03,7.291193e+00,7.144366e+00,1.274695e+00,7.473980e-01,5.623452e-01,4.411776e-01,3.606693e-01,3.023133e-01,2.598355e-01,5.274159e-01,6.726890e-01,7.334512e-01,7.669065e-01,7.728612e-01,8.233630e-01,8.617266e-01
1.295000e-03,7.291639e+00,7.144659e+00,1.272478e+00,7.473969e-01,5.623462e-01,4.411781e-01,3.606688e-01,3.023129e-01,2.598360e-01,5.271873e-01,6.722994e-01,7.331906e-01,7.667374e-01,7.724184e-01,8.227957e-01,8.616660e-01
1.297500e-03,7.292140e+00,7.144971e+00,1.270042e+00,7.473956e-01,5.623468e-01,4.411790e-01,3.606685e-01,3.023123e-01,2.598362e-01,5.269286e-01,6.719227e-01,7.329451e-01,7.665390e-01,7.719384e-01,8.221555e-01,8.615890e-01
1.300000e-03,7.292679e+00,7.145308e+00,1.267374e+00,7.473943e-01,5.623468e-01,4.411800e-01,3.606685e-01,3.023117e-01,2.598362e-01,5.266494e-01,6.715654e-01,7.327109e-01,7.663107e-01,7.714426e-01,8.214802e-01,8.614705e-01
1.302500e-03,7.293265e+00,7.145675e+00,1.264481e+00,7.473926e-01,5.623463e-01,4.411809e-01,3.606688e-01,3.023111e-01,2.598359e-01,5.263469e-01,6.712313e-01,7.324846e-01,7.660562e-01,7.709444e-01,8.208064e-01,8.612975e-01
1.305000e-03,7.293896e+00,7.146077e+00,1.261351e+00,7.473914e-01,5.623455e-01,4.411816e-01,3.606694e-01,3.023107e-01,2.598355e-01,5.260203e-01,6.709208e-01,7.322633e-01,7.657814e-01,7.704499e-01,8.201584e-01,8.610847e-01
1.307500e-03,7.294568e+00,7.146520e+00,1.257943e+00,7.473906e-01,5.623445e-01,4.411819e-01,3.606701e-01,3.023105e-01,2.598350e-01,5.256748e-01,6.706296e-01,7.320456e-01,7.654923e-01,7.699627e-01,8.195454e-01,8.608584e-01
1.310000e-03,7.295279e+00,7.147012e+00,1.254224e+00,7.473903e-01,5.623433e-01,4.411818e-01,3.606709e-01,3.023105e-01,2.598344e-01,5.253123e-01,6.703598e-01,7.318310e-01,7.651931e-01,7.694841e-01,8.189660e-01,8.606565e-01
1.312500e-03,7.296026e+00,7.147555e+00,1.250205e+00,7.473906e-01,5.623422e-01,4.411815e-01,3.606716e-01,3.023109e-01,2.598340e-01,5.249369e-01,6.701202e-01,7.316187e-01,7.648857e-01,7.690145e-01,8.184157e-01,8.605026e-01
1.315000e-03,7.296802e+00,7.148154e+00,1.245897e+00,7.473915e-01,5.623414e-01,4.411808e-01,3.606721e-01,3.023114e-01,2.598336e-01,5.245504e-01,6.699099e-01,7.314062e-01,7.645703e-01,7.685658e-01,8.178883e-01,8.603996e-01
1.317500e-03,7.297611e+00,7.148812e+00,1.241231e+00,7.473928e-01,5.623408e-01,4.411799e-01,3.606723e-01,3.023120e-01,2.598335e-01,5.241535e-01,6.697209e-01,7.311893e-01,7.642452e-01,7.681728e-01,8.173849e-01,8.603395e-01
1.320000e-03,7.298443e+00,7.149525e+00,1.236277e+00,7.473944e-01,5.623407e-01,4.411790e-01,3.606722e-01,3.023126e-01,2.598336e-01,5.237549e-01,6.695491e-01,7.309646e-01,7.639086e-01,7.678832e-01,8.169415e-01,8.603062e-01
1.322500e-03,7.299301e+00,7.150467e+00,1.234904e+00,7.473960e-01,5.623411e-01,4.411782e-01,3.606718e-01,3.023132e-01,2.598339e-01,5.233470e-01,6.693921e-01,7.307295e-01,7.635624e-01,7.677244e-01,8.166365e-01,8.602788e-01
1.325000e-03,7.300169e+00,7.151660e+00,1.238608e+00,7.473972e-01,5.623418e-01,4.411777e-01,3.606711e-01,3.023136e-01,2.598343e-01,5.229262e-01,6.692477e-01,7.304811e-01,7.632150e-01,7.676805e-01,8.165417e-01,8.602369e-01
1.327500e-03,7.301028e+00,7.152890e+00,1.242610e+00,7.473978e-01,5.623429e-01,4.411774e-01,3.606704e-01,3.023137e-01,2.598349e-01,5.225174e-01,6.691192e-01,7.302178e-01,7.628811e-01,7.677060e-01,8.166514e-01,8.601844e-01
1.330000e-03,7.301881e+00,7.154161e+00,1.246937e+00,7.473980e-01,5.623440e-01,4.411774e-01,3.606697e-01,3.023136e-01,2.598354e-01,5.221174e-01,6.689977e-01,7.299407e-01,7.625764e-01,7.677622e-01,8.168733e-01,8.601671e-01
1.332500e-03,7.302691e+00,7.155474e+00,1.251624e+00,7.473976e-01,5.623452e-01,4.411778e-01,3.606691e-01,3.023132e-01,2.598359e-01,5.217366e-01,6.688788e-01,7.296510e-01,7.623099e-01,7.678395e-01,8.171010e-01,8.602470e-01
1.335000e-03,7.303508e+00,7.156787e+00,1.256510e+00,7.473967e-01,5.623460e-01,4.411784e-01,3.606686e-01,3.023126e-01,2.598363e-01,5.213587e-01,6.687522e-01,7.293497e-01,7.620823e-01,7.679500e-01,8.172944e-01,8.604386e-01
1.337500e-03,7.304334e+00,7.158091e+00,1.261485e+00,7.473954e-01,5.623465e-01,4.411792e-01,3.606685e-01,3.023120e-01,2.598363e-01,5.209749e-01,6.686193e-01,7.290396e-01,7.618882e-01,7.681029e-01,8.174972e-01,8.606823e-01
1.340000e-03,7.305140e+00,7.159404e+00,1.266552e+00,7.473939e-01,5.623465e-01,4.411802e-01,3.606686e-01,3.023114e-01,2.598361e-01,5.205953e-01,6.684988e-01,7.287238e-01,7.617220e-01,7.682839e-01,8.177880e-01,8.608787e-01
1.342500e-03,7.305925e+00,7.160685e+00,1.271616e+00,7.473925e-01,5.623461e-01,4.411810e-01,3.606689e-01,3.023109e-01,2.598357e-01,5.202310e-01,6.683945e-01,7.284052e-01,7.615801e-01,7.684552e-01,8.182133e-01,8.609668e-01
1.345000e-03,7.306694e+00,7.161927e+00,1.276660e+00,7.473915e-01,5.623453e-01,4.411817e-01,3.606695e-01,3.023106e-01,2.598352e-01,5.198794e-01,6.682708e-01,7.280889e-01,7.614607e-01,7.685789e-01,8.187418e-01,8.609581e-01
1.347500e-03,7.307493e+00,7.163120e+00,1.281634e+00,7.473909e-01,5.623443e-01,4.411819e-01,3.606702e-01,3.023105e-01,2.598347e-01,5.195272e-01,6.681144e-01,7.277840e-01,7.613598e-01,7.686471e-01,8.192784e-01,8.609271e-01
1.350000e-03,7.308268e+00,7.164287e+00,1.286649e+00,7.473909e-01,5.623432e-01,4.411818e-01,3.606710e-01,3.023107e-01,2.598342e-01,5.191705e-01,6.679164e-01,7.274993e-01,7.612705e-01,7.686916e-01,8.197344e-01,8.609476e-01
1.352500e-03,7.309047e+00,7.165398e+00,1.291526e+00,7.473916e-01,5.623422e-01,4.411815e-01,3.606716e-01,3.023110e-01,2.598339e-01,5.188175e-01,6.676880e-01,7.272390e-01,7.611858e-01,7.687645e-01,8.200990e-01,8.610381e-01
1.355000e-03,7.309791e+00,7.166490e+00,1.296294e+00,7.473927e-01,5.623415e-01,4.411808e-01,3.606721e-01,3.023115e-01,2.598337e-01,5.184665e-01,6.674592e-01,7.270024e-01,7.611025e-01,7.689066e-01,8.204370e-01,8.611499e-01
1.357500e-03,7.310582e+00,7.167521e+00,1.300795e+00,7.473942e-01,5.623411e-01,4.411800e-01,3.606722e-01,3.023121e-01,2.598336e-01,5.181027e-01,6.672218e-01,7.267866e-01,7.610247e-01,7.691305e-01,8.208223e-01,8.612050e-01
1.360000e-03,7.311421e+00,7.168502e+00,1.305081e+00,7.473956e-01,5.623411e-01,4.411792e-01,3.606720e-01,3.023128e-01,2.598338e-01,5.176946e-01,6.669562e-01,7.265952e-01,7.609642e-01,7.694222e-01,8.212769e-01,8.611835e-01
1.362500e-03,7.312284e+00,7.169464e+00,1.309248e+00,7.473967e-01,5.623416e-01,4.411785e-01,3.606717e-01,3.023133e-01,2.598341e-01,5.172551e-01,6.666809e-01,7.264388e-01,7.609375e-01,7.697543e-01,8.217655e-01,8.611367e-01
1.365000e-03,7.313131e+00,7.170401e+00,1.313314e+00,7.473974e-01,5.623425e-01,4.411780e-01,3.606711e-01,3.023136e-01,2.598346e-01,5.168051e-01,6.664059e-01,7.263192e-01,7.609603e-01,7.700990e-01,8.222270e-01,8.611368e-01
1.367500e-03,7.313989e+00,7.171308e+00,1.317278e+00,7.473976e-01,5.623434e-01,4.411777e-01,3.606704e-01,3.023136e-01,2.598351e-01,5.163277e-01,6.661198e-01,7.262234e-01,7.610421e-01,7.704373e-01,8.226078e-01,8.612056e-01
1.370000e-03,7.314822e+00,7.172196e+00,1.321101e+00,7.473973e-01,5.623444e-01,4.411778e-01,3.606697e-01,3.023135e-01,2.598357e-01,5.158541e-01,6.658206e-01,7.261402e-01,7.611824e-01,7.707614e-01,8.228793e-01,8.612983e-01
1.372500e-03,7.315642e+00,7.173071e+00,1.324756e+00,7.473966e-01,5.623452e-01,4.411782e-01,3.606692e-01,3.023131e-01,2.598361e-01,5.153786e-01,6.655293e-01,7.260703e-01,7.613741e-01,7.710743e-01,8.230394e-01,8.613411e-01
1.375000e-03,7.316470e+00,7.173947e+00,1.328066e+00,7.473955e-01,5.623457e-01,4.411789e-01,3.606688e-01,3.023126e-01,2.598363e-01,5.149123e-01,6.652772e-01,7.260183e-01,7.616080e-01,7.713843e-01,8.231073e-01,8.612773e-01
1.377500e-03,7.317405e+00,7.174778e+00,1.331137e+00,7.473942e-01,5.623459e-01,4.411797e-01,3.606686e-01,3.023120e-01,2.598364e-01,5.143928e-01,6.650571e-01,7.259900e-01,7.618784e-01,7.716994e-01,8.231137e-01,8.610778e-01
1.380000e-03,7.318360e+00,7.175588e+00,1.334111e+00,7.473928e-01,5.623456e-01,4.411804e-01,3.606688e-01,3.023115e-01,2.598362e-01,5.138465e-01,6.648420e-01,7.259999e-01,7.621822e-01,7.720233e-01,8.230898e-01,8.607410e-01
1.382500e-03,7.319330e+00,7.176418e+00,1.336774e+00,7.473915e-01,5.623451e-01,4.411810e-01,3.606692e-01,3.023110e-01,2.598358e-01,5.132809e-01,6.646259e-01,7.260643e-01,7.625169e-01,7.723574e-01,8.230560e-01,8.602811e-01
1.385000e-03,7.320437e+00,7.177244e+00,1.339049e+00,7.473907e-01,5.623443e-01,4.411814e-01,3.606697e-01,3.023108e-01,2.598354e-01,5.127047e-01,6.644143e-01,7.261805e-01,7.628779e-01,7.727058e-01,8.230226e-01,8.597247e-01
1.387500e-03,7.321974e+00,7.178051e+00,1.341208e+00,7.473904e-01,5.623433e-01,4.411815e-01,3.606704e-01,3.023107e-01,2.598349e-01,5.120852e-01,6.642127e-01,7.263309e-01,7.632588e-01,7.730775e-01,8.230011e-01,8.591039e-01
1.390000e-03,7.323503e+00,7.178867e+00,1.343145e+00,7.473907e-01,5.623423e-01,4.411813e-01,3.606710e-01,3.023108e-01,2.598344e-01,5.114616e-01,6.640353e-01,7.265053e-01,7.636537e-01,7.734785e-01,8.230186e-01,8.584486e-01
1.392500e-03,7.325032e+00,7.179703e+00,1.344787e+00,7.473914e-01,5.623415e-01,4.411808e-01,3.606715e-01,3.023112e-01,2.598341e-01,5.108516e-01,6.638852e-01,7.267099e-01,7.640576e-01,7.739030e-01,8.231108e-01,8.577788e-01
1.395000e-03,7.326611e+00,7.180541e+00,1.345835e+00,7.473926e-01,5.623409e-01,4.411801e-01,3.606718e-01,3.023117e-01,2.598339e-01,5.102179e-01,6.637747e-01,7.269562e-01,7.644671e-01,7.743321e-01,8.232956e-01,8.571133e-01
1.397500e-03,7.328212e+00,7.181385e+00,1.347025e+00,7.473940e-01,5.623408e-01,4.411794e-01,3.606718e-01,3.023122e-01,2.598338e-01,5.095713e-01,6.637010e-01,7.272455e-01,7.648826e-01,7.747406e-01,8.235568e-01,8.564850e-01
1.400000e-03,7.329793e+00,7.182238e+00,1.348376e+00,7.473953e-01,5.623410e-01,4.411787e-01,3.606715e-01,3.023127e-01,2.598340e-01,5.089204e-01,6.636486e-01,7.275676e-01,7.653071e-01,7.751049e-01,8.238536e-01,8.559414e-01
1.402500e-03,7.331426e+00,7.183085e+00,1.349514e+00,7.473964e-01,5.623416e-01,4.411781e-01,3.606711e-01,3.023131e-01,2.598343e-01,5.082531e-01,6.636326e-01,7.279068e-01,7.657408e-01,7.754103e-01,8.241392e-01,8.555204e-01
1.405000e-03,7.332978e+00,7.183947e+00,1.350478e+00,7.473971e-01,5.623425e-01,4.411777e-01,3.606705e-01,3.023133e-01,2.598347e-01,5.075948e-01,6.636572e-01,7.282496e-01,7.661761e-01,7.756549e-01,8.243779e-01,8.552298e-01
1.407500e-03,7.334454e+00,7.184819e+00,1.351319e+00,7.473974e-01,5.623436e-01,4.411776e-01,3.606699e-01,3.023133e-01,2.598352e-01,5.069655e-01,6.636959e-01,7.285938e-01,7.666006e-01,7.758462e-01,8.245631e-01,8.550508e-01
1.410000e-03,7.335858e+00,7.185698e+00,1.351836e+00,7.473972e-01,5.623446e-01,4.411778e-01,3.606694e-01,3.023131e-01,2.598357e-01,5.063702e-01,6.637551e-01,7.289463e-01,7.670043e-01,7.759900e-01,8.247199e-01,8.549637e-01
1.412500e-03,7.337252e+00,7.186565e+00,1.351998e+00,7.473965e-01,5.623453e-01,4.411784e-01,3.606689e-01,3.023127e-01,2.598360e-01,5.057812e-01,6.638420e-01,7.293163e-01,7.673827e-01,7.760841e-01,8.248778e-01,8.549424e-01
1.415000e-03,7.338644e+00,7.187430e+00,1.352002e+00,7.473954e-01,5.623458e-01,4.411791e-01,3.606687e-01,3.023122e-01,2.598361e-01,5.051842e-01,6.639637e-01,7.297131e-01,7.677333e-01,7.761173e-01,8.250423e-01,8.549864e-01
1.417500e-03,7.339991e+00,7.188257e+00,1.351964e+00,7.473941e-01,5.623460e-01,4.411799e-01,3.606686e-01,3.023117e-01,2.598361e-01,5.045975e-01,6.641377e-01,7.301420e-01,7.680511e-01,7.760752e-01,8.251946e-01,8.551219e-01
1.420000e-03,7.341282e+00,7.189069e+00,1.351808e+00,7.473929e-01,5.623457e-01,4.411806e-01,3.606689e-01,3.023113e-01,2.598358e-01,5.040244e-01,6.643426e-01,7.305988e-01,7.683261e-01,7.759476e-01,8.253054e-01,8.553737e-01
1.422500e-03,7.342474e+00,7.189882e+00,1.351174e+00,7.473918e-01,5.623451e-01,4.411812e-01,3.606694e-01,3.023109e-01,2.598355e-01,5.034962e-01,6.645500e-01,7.310717e-01,7.685459e-01,7.757320e-01,8.253464e-01,8.557436e-01
1.425000e-03,7.343669e+00,7.190655e+00,1.350385e+00,7.473911e-01,5.623444e-01,4.411815e-01,3.606700e-01,3.023107e-01,2.598351e-01,5.029634e-01,6.647817e-01,7.315401e-01,7.686993e-01,7.754322e-01,8.253000e-01,8.561970e-01
1.427500e-03,7.344829e+00,7.191388e+00,1.349669e+00,7.473909e-01,5.623434e-01,4.411815e-01,3.606707e-01,3.023108e-01,2.598347e-01,5.024366e-01,6.650639e-01,7.319793e-01,7.687798e-01,7.750561e-01,8.251637e-01,8.566948e-01
1.430000e-03,7.345921e+00,7.192092e+00,1.348774e+00,7.473913e-01,5.623425e-01,4.411812e-01,3.606712e-01,3.023110e-01,2.598343e-01,5.019348e-01,6.653822e-01,7.323737e-01,7.687876e-01,7.746179e-01,8.249445e-01,8.572170e-01
1.432500e-03,7.346962e+00,7.192779e+00,1.347642e+00,7.473921e-01,5.623417e-01,4.411808e-01,3.606716e-01,3.023115e-01,2.598340e-01,5.014485e-01,6.657338e-01,7.327210e-01,7.687276e-01,7.741390e-01,8.246525e-01,8.577409e-01
1.435000e-03,7.347846e+00,7.193451e+00,1.346478e+00,7.473931e-01,5.623412e-01,4.411801e-01,3.606718e-01,3.023120e-01,2.598339e-01,5.010320e-01,6.660805e-01,7.330298e-01,7.686055e-01,7.736431e-01,8.243004e-01,8.582585e-01
1.437500e-03,7.348615e+00,7.194102e+00,1.345364e+00,7.473943e-01,5.623411e-01,4.411794e-01,3.606718e-01,3.023125e-01,2.598339e-01,5.006669e-01,6.664014e-01,7.333100e-01,7.684281e-01,7.731481e-01,8.239079e-01,8.587641e-01
1.440000e-03,7.349266e+00,7.194732e+00,1.344187e+00,7.473954e-01,5.623414e-01,4.411787e-01,3.606715e-01,3.023130e-01,2.598342e-01,5.003551e-01,6.667253e-01,7.335604e-01,7.682050e-01,7.726592e-01,8.234968e-01,8.592449e-01
1.442500e-03,7.349816e+00,7.195324e+00,1.343075e+00,7.473963e-01,5.623420e-01,4.411781e-01,3.606711e-01,3.023133e-01,2.598346e-01,5.000893e-01,6.670857e-01,7.337683e-01,7.679468e-01,7.721684e-01,8.230798e-01,8.596939e-01
1.445000e-03,7.350286e+00,7.195868e+00,1.342121e+00,7.473968e-01,5.623428e-01,4.411777e-01,3.606705e-01,3.023134e-01,2.598350e-01,4.998602e-01,6.674559e-01,7.339236e-01,7.676607e-01,7.716608e-01,8.226505e-01,8.601165e-01
1.447500e-03,7.350652e+00,7.196369e+00,1.341196e+00,7.473968e-01,5.623437e-01,4.411777e-01,3.606698e-01,3.023133e-01,2.598355e-01,4.996796e-01,6.678076e-01,7.340271e-01,7.673494e-01,7.711239e-01,8.221866e-01,8.605193e-01
1.450000e-03,7.350938e+00,7.196811e+00,1.340464e+00,7.473963e-01,5.623445e-01,4.411780e-01,3.606693e-01,3.023130e-01,2.598359e-01,4.995364e-01,6.681155e-01,7.340816e-01,7.670129e-01,7.705540e-01,8.216656e-01,8.609085e-01
1.452500e-03,7.351143e+00,7.197199e+00,1.339936e+00,7.473955e-01,5.623452e-01,4.411785e-01,3.606688e-01,3.023126e-01,2.598361e-01,4.994326e-01,6.683720e-01,7.340769e-01,7.666499e-01,7.699577e-01,8.210786e-01,8.612777e-01
1.455000e-03,7.351242e+00,7.197544e+00,1.339682e+00,7.473945e-01,5.623455e-01,4.411791e-01,3.606686e-01,3.023121e-01,2.598361e-01,4.993808e-01,6.685838e-01,7.339966e-01,7.662576e-01,7.693474e-01,8.204342e-01,8.616189e-01
1.457500e-03,7.351238e+00,7.197841e+00,1.339670e+00,7.473933e-01,5.623454e-01,4.411798e-01,3.606687e-01,3.023116e-01,2.598360e-01,4.993806e-01,6.687612e-01,7.338379e-01,7.658311e-01,7.687372e-01,8.197504e-01,8.619039e-01
1.460000e-03,7.351136e+00,7.198086e+00,1.339952e+00,7.473922e-01,5.623451e-01,4.411805e-01,3.606689e-01,3.023111e-01,2.598358e-01,4.994298e-01,6.689121e-01,7.336124e-01,7.653665e-01,7.681398e-01,8.190466e-01,8.621175e-01
1.462500e-03,7.350947e+00,7.198274e+00,1.340518e+00,7.473913e-01,5.623445e-01,4.411809e-01,3.606694e-01,3.023108e-01,2.598354e-01,4.995233e-01,6.690338e-01,7.333358e-01,7.648656e-01,7.675649e-01,8.183410e-01,8.622642e-01
1.465000e-03,7.350677e+00,7.198410e+00,1.341356e+00,7.473909e-01,5.623437e-01,4.411811e-01,3.606700e-01,3.023107e-01,2.598350e-01,4.996588e-01,6.691097e-01,7.330210e-01,7.643390e-01,7.670179e-01,8.176501e-01,8.623498e-01
1.467500e-03,7.350329e+00,7.198491e+00,1.342443e+00,7.473911e-01,5.623429e-01,4.411810e-01,3.606706e-01,3.023108e-01,2.598345e-01,4.998338e-01,6.691320e-01,7.326715e-01,7.638018e-01,7.665010e-01,8.169868e-01,8.623843e-01
1.470000e-03,7.349922e+00,7.198513e+00,1.343785e+00,7.473917e-01,5.623420e-01,4.411807e-01,3.606711e-01,3.023110e-01,2.598341e-01,5.000395e-01,6.690967e-01,7.322795e-01,7.632649e-01,7.660158e-01,8.163578e-01,8.623768e-01
1.472500e-03,7.349467e+00,7.198480e+00,1.345374e+00,7.473926e-01,5.623415e-01,4.411803e-01,3.606714e-01,3.023115e-01,2.598339e-01,5.002691e-01,6.689965e-01,7.318328e-01,7.627303e-01,7.655638e-01,8.157667e-01,8.623411e-01
1.475000e-03,7.348973e+00,7.198393e+00,1.347167e+00,7.473937e-01,5.623412e-01,4.411796e-01,3.606715e-01,3.023120e-01,2.598338e-01,5.005186e-01,6.688131e-01,7.313256e-01,7.621950e-01,7.651438e-01,8.152175e-01,8.622853e-01
1.477500e-03,7.348448e+00,7.198257e+00,1.349116e+00,7.473949e-01,5.623414e-01,4.411790e-01,3.606714e-01,3.023125e-01,2.598339e-01,5.007827e-01,6.685534e-01,7.307654e-01,7.616589e-01,7.647502e-01,8.147127e-01,8.622287e-01
1.480000e-03,7.347902e+00,7.198077e+00,1.351184e+00,7.473958e-01,5.623418e-01,4.411784e-01,3.606711e-01,3.023128e-01,2.598342e-01,5.010561e-01,6.682473e-01,7.301693e-01,7.611269e-01,7.643770e-01,8.142485e-01,8.621767e-01
1.482500e-03,7.347347e+00,7.197857e+00,1.353321e+00,7.473965e-01,5.623425e-01,4.411780e-01,3.606706e-01,3.023131e-01,2.598346e-01,5.013315e-01,6.679038e-01,7.295542e-01,7.606048e-01,7.640235e-01,8.138162e-01,8.621343e-01
1.485000e-03,7.346800e+00,7.197602e+00,1.355467e+00,7.473968e-01,5.623433e-01,4.411779e-01,3.606701e-01,3.023131e-01,2.598350e-01,5.016013e-01,6.675145e-01,7.289300e-01,7.600952e-01,7.636939e-01,8.134101e-01,8.621118e-01
1.487500e-03,7.346270e+00,7.197321e+00,1.357548e+00,7.473967e-01,5.623441e-01,4.411780e-01,3.606696e-01,3.023130e-01,2.598355e-01,5.018594e-01,6.670763e-01,7.283009e-01,7.595966e-01,7.633910e-01,8.130337e-01,8.621067e-01
1.490000e-03,7.345767e+00,7.197020e+00,1.359485e+00,7.473961e-01,5.623447e-01,4.411784e-01,3.606692e-01,3.023127e-01,2.598358e-01,5.021012e-01,6.665950e-01,7.276643e-01,7.591064e-01,7.631127e-01,8.126943e-01,8.621064e-01
1.492500e-03,7.345315e+00,7.196704e+00,1.361280e+00,7.473952e-01,5.623452e-01,4.411790e-01,3.606689e-01,3.023123e-01,2.598360e-01,5.023149e-01,6.660780e-01,7.270113e-01,7.586235e-01,7.628548e-01,8.123922e-01,8.621005e-01
1.495000e-03,7.344914e+00,7.196383e+00,1.362845e+00,7.473941e-01,5.623454e-01,4.411796e-01,3.606688e-01,3.023119e-01,2.598360e-01,5.025008e-01,6.655302e-01,7.263354e-01,7.581508e-01,7.626162e-01,8.121165e-01,8.620870e-01
1.497500e-03,7.344585e+00,7.196067e+00,1.364039e+00,7.473929e-01,5.623452e-01,4.411802e-01,3.606690e-01,3.023115e-01,2.598358e-01,5.026497e-01,6.649567e-01,7.256410e-01,7.576927e-01,7.624026e-01,8.118544e-01,8.620732e-01
1.500000e-03,7.344330e+00,7.195763e+00,1.364870e+00,7.473918e-01,5.623448e-01,4.411807e-01,3.606693e-01,3.023111e-01,2.598356e-01,5.027608e-01,6.643626e-01,7.249409e-01,7.572534e-01,7.622246e-01,8.116002e-01,8.620623e-01
