t_s,x_p50_rt,x_shock_rt,dpdx_max,p_2.56,p_3.36,p_4.16,p_4.95,p_5.75,p_6.55,p_7.35,p_8.14,p_8.94,p_9.73,p_10.53,p_11.33,p_12.12
3.000000e-07,6.179214e+00,6.144675e+00,1.297320e+00,7.456290e-01,5.596793e-01,4.395146e-01,3.591635e-01,3.011444e-01,7.043147e-01,8.025488e-01,8.467198e-01,8.730055e-01,8.859426e-01,8.998148e-01,8.893243e-01,8.769168e-01
5.000000e-06,6.177102e+00,6.137455e+00,1.360091e+00,7.461878e-01,5.600245e-01,4.398329e-01,3.594664e-01,3.013235e-01,7.133871e-01,8.018930e-01,8.465840e-01,8.730089e-01,8.857334e-01,8.998718e-01,8.895954e-01,8.770627e-01
1.000000e-05,6.178353e+00,6.139730e+00,1.352668e+00,7.463450e-01,5.599941e-01,4.398054e-01,3.594385e-01,3.012670e-01,7.015626e-01,8.051499e-01,8.456540e-01,8.727652e-01,8.856156e-01,9.000246e-01,8.887763e-01,8.769433e-01
1.500000e-05,6.179151e+00,6.140639e+00,1.346980e+00,7.468548e-01,5.600672e-01,4.398103e-01,3.594555e-01,3.013188e-01,7.038852e-01,8.070127e-01,8.445632e-01,8.717528e-01,8.855814e-01,9.001593e-01,8.891338e-01,8.773888e-01
2.000000e-05,6.179596e+00,6.140873e+00,1.344770e+00,7.443353e-01,5.604075e-01,4.398173e-01,3.594594e-01,3.013484e-01,7.033726e-01,7.958449e-01,8.525051e-01,8.696315e-01,8.852577e-01,9.002048e-01,8.891480e-01,8.772237e-01
2.500000e-05,6.180064e+00,6.141238e+00,1.341756e+00,7.447930e-01,5.595910e-01,4.400045e-01,3.594433e-01,3.013630e-01,7.031659e-01,7.975599e-01,8.509817e-01,8.720068e-01,8.840842e-01,8.999192e-01,8.890690e-01,8.770995e-01
3.000000e-05,6.180504e+00,6.141668e+00,1.338898e+00,7.469509e-01,5.586407e-01,4.398844e-01,3.595601e-01,3.013758e-01,7.027387e-01,8.043068e-01,8.413510e-01,8.764683e-01,8.838689e-01,8.991695e-01,8.890612e-01,8.771819e-01
3.500000e-05,6.180976e+00,6.142083e+00,1.335872e+00,7.458065e-01,5.595642e-01,4.389071e-01,3.596728e-01,3.014413e-01,7.024367e-01,8.045255e-01,8.446491e-01,8.762960e-01,8.862060e-01,8.984437e-01,8.886386e-01,8.771095e-01
4.000000e-05,6.181307e+00,6.142479e+00,1.333153e+00,7.460116e-01,5.607085e-01,4.392205e-01,3.588575e-01,3.016266e-01,7.020633e-01,7.980106e-01,8.446777e-01,8.705179e-01,8.885454e-01,8.989738e-01,8.878891e-01,8.769081e-01
4.500000e-05,6.181862e+00,6.142938e+00,1.331853e+00,7.458217e-01,5.596979e-01,4.396095e-01,3.588311e-01,3.010511e-01,7.021905e-01,7.999042e-01,8.422504e-01,8.688482e-01,8.885844e-01,9.007202e-01,8.878641e-01,8.764565e-01
5.000000e-05,6.182869e+00,6.143420e+00,1.327249e+00,7.460217e-01,5.599762e-01,4.403555e-01,3.591723e-01,3.008351e-01,7.013212e-01,8.021957e-01,8.470684e-01,8.713863e-01,8.856723e-01,9.021129e-01,8.889649e-01,8.758178e-01
5.500000e-05,6.183394e+00,6.143745e+00,1.323577e+00,7.463218e-01,5.599121e-01,4.395330e-01,3.593962e-01,3.010173e-01,7.003987e-01,8.008577e-01,8.494150e-01,8.722049e-01,8.830504e-01,9.022840e-01,8.903825e-01,8.759183e-01
6.000000e-05,6.183674e+00,6.144098e+00,1.321605e+00,7.463815e-01,5.597224e-01,4.397793e-01,3.598578e-01,3.012088e-01,7.003410e-01,7.995215e-01,8.463036e-01,8.696126e-01,8.833190e-01,9.009806e-01,8.911391e-01,8.773108e-01
6.500000e-05,6.184019e+00,6.144580e+00,1.319931e+00,7.465597e-01,5.597975e-01,4.397026e-01,3.592229e-01,3.014264e-01,7.003083e-01,7.988226e-01,8.434478e-01,8.684024e-01,8.847550e-01,8.990071e-01,8.909111e-01,8.790604e-01
7.000000e-05,6.184388e+00,6.145125e+00,1.316420e+00,7.467515e-01,5.600274e-01,4.396115e-01,3.594153e-01,3.016894e-01,7.002431e-01,7.986130e-01,8.429709e-01,8.713174e-01,8.856974e-01,8.981042e-01,8.898406e-01,8.799577e-01
7.500000e-05,6.184761e+00,6.145759e+00,1.316570e+00,7.467353e-01,5.600821e-01,4.395647e-01,3.593333e-01,3.012150e-01,7.002830e-01,7.992586e-01,8.437485e-01,8.734116e-01,8.851044e-01,8.986427e-01,8.885920e-01,8.797060e-01
8.000000e-05,6.185804e+00,6.146449e+00,1.310169e+00,7.465872e-01,5.601048e-01,4.396535e-01,3.592598e-01,3.013309e-01,7.007619e-01,7.995219e-01,8.439485e-01,8.723493e-01,8.829656e-01,8.995895e-01,8.880512e-01,8.787057e-01
8.500000e-05,6.186345e+00,6.146935e+00,1.306903e+00,7.465897e-01,5.601839e-01,4.397950e-01,3.592535e-01,3.012838e-01,6.993660e-01,7.989366e-01,8.433323e-01,8.701798e-01,8.818346e-01,9.003365e-01,8.883506e-01,8.775234e-01
9.000000e-05,6.186957e+00,6.147489e+00,1.303432e+00,7.462752e-01,5.603512e-01,4.398219e-01,3.592772e-01,3.012177e-01,6.995644e-01,7.988674e-01,8.431577e-01,8.684261e-01,8.830369e-01,9.006027e-01,8.888512e-01,8.767534e-01
9.500000e-05,6.187568e+00,6.148053e+00,1.300010e+00,7.462099e-01,5.604075e-01,4.397987e-01,3.593583e-01,3.012211e-01,6.990338e-01,7.995156e-01,8.438173e-01,8.676664e-01,8.845577e-01,8.997949e-01,8.890612e-01,8.766503e-01
1.000000e-04,6.188180e+00,6.148640e+00,1.296252e+00,7.462410e-01,5.602982e-01,4.399243e-01,3.594396e-01,3.012521e-01,6.987250e-01,7.978516e-01,8.442800e-01,8.678964e-01,8.847862e-01,8.981641e-01,8.890693e-01,8.769411e-01
1.050000e-04,6.188786e+00,6.149208e+00,1.292442e+00,7.462688e-01,5.602816e-01,4.399895e-01,3.594568e-01,3.012650e-01,6.982414e-01,7.966678e-01,8.442011e-01,8.684970e-01,8.842319e-01,8.972071e-01,8.890541e-01,8.772201e-01
1.100000e-04,6.189411e+00,6.149824e+00,1.288631e+00,7.462607e-01,5.602390e-01,4.400388e-01,3.595099e-01,3.013141e-01,6.980476e-01,7.978377e-01,8.435997e-01,8.690431e-01,8.835249e-01,8.977154e-01,8.887713e-01,8.773377e-01
1.150000e-04,6.189943e+00,6.150415e+00,1.285376e+00,7.462260e-01,5.601757e-01,4.400912e-01,3.595176e-01,3.013939e-01,6.976451e-01,7.978268e-01,8.419899e-01,8.695430e-01,8.826340e-01,8.987618e-01,8.879719e-01,8.774289e-01
1.200000e-04,6.190388e+00,6.150978e+00,1.282491e+00,7.461886e-01,5.601066e-01,4.400722e-01,3.595802e-01,3.014492e-01,6.974960e-01,7.966239e-01,8.406425e-01,8.700910e-01,8.817564e-01,8.992675e-01,8.871000e-01,8.776572e-01
1.250000e-04,6.190896e+00,6.151623e+00,1.279074e+00,7.461923e-01,5.600345e-01,4.400077e-01,3.596453e-01,3.014458e-01,6.974360e-01,7.966999e-01,8.402937e-01,8.700118e-01,8.814582e-01,8.992177e-01,8.869022e-01,8.778484e-01
1.300000e-04,6.191536e+00,6.152324e+00,1.274599e+00,7.461812e-01,5.599924e-01,4.399214e-01,3.596559e-01,3.014813e-01,6.972465e-01,7.971643e-01,8.409126e-01,8.686969e-01,8.820057e-01,8.990269e-01,8.874498e-01,8.776009e-01
1.350000e-04,6.192199e+00,6.153071e+00,1.269827e+00,7.462194e-01,5.599850e-01,4.398329e-01,3.596219e-01,3.015253e-01,6.967893e-01,7.965724e-01,8.415871e-01,8.671070e-01,8.830415e-01,8.987464e-01,8.881050e-01,8.769094e-01
1.400000e-04,6.192884e+00,6.153888e+00,1.264848e+00,7.462808e-01,5.599855e-01,4.397797e-01,3.595559e-01,3.015446e-01,6.963567e-01,7.962588e-01,8.416755e-01,8.659995e-01,8.836884e-01,8.982607e-01,8.883675e-01,8.763530e-01
1.450000e-04,6.193613e+00,6.154774e+00,1.259565e+00,7.463248e-01,5.600236e-01,4.397579e-01,3.594823e-01,3.015338e-01,6.959233e-01,7.965666e-01,8.415281e-01,8.654213e-01,8.833803e-01,8.977436e-01,8.883084e-01,8.764489e-01
1.500000e-04,6.194381e+00,6.155685e+00,1.254062e+00,7.463452e-01,5.600776e-01,4.397565e-01,3.594318e-01,3.014945e-01,6.955203e-01,7.964718e-01,8.412587e-01,8.655076e-01,8.825005e-01,8.975698e-01,8.882031e-01,8.770689e-01
1.550000e-04,6.195183e+00,6.156637e+00,1.248350e+00,7.462919e-01,5.601289e-01,4.397864e-01,3.594029e-01,3.014476e-01,6.950776e-01,7.960182e-01,8.408611e-01,8.662695e-01,8.815420e-01,8.977847e-01,8.881129e-01,8.776841e-01
1.600000e-04,6.195996e+00,6.157632e+00,1.242550e+00,7.461624e-01,5.601412e-01,4.398321e-01,3.593964e-01,3.014118e-01,6.946115e-01,7.957750e-01,8.405206e-01,8.673279e-01,8.805722e-01,8.980654e-01,8.879247e-01,8.779590e-01
1.650000e-04,6.196802e+00,6.158668e+00,1.236741e+00,7.461347e-01,5.600628e-01,4.398793e-01,3.594164e-01,3.013877e-01,6.941591e-01,7.955816e-01,8.405062e-01,8.679306e-01,8.796929e-01,8.981841e-01,8.876184e-01,8.779401e-01
1.700000e-04,6.197596e+00,6.159738e+00,1.230898e+00,7.462135e-01,5.599854e-01,4.398679e-01,3.594547e-01,3.013802e-01,6.937466e-01,7.952602e-01,8.406519e-01,8.675982e-01,8.792677e-01,8.980852e-01,8.872846e-01,8.778147e-01
1.750000e-04,6.198379e+00,6.160845e+00,1.225214e+00,7.463023e-01,5.599744e-01,4.397990e-01,3.594872e-01,3.013938e-01,6.933659e-01,7.949330e-01,8.405500e-01,8.667081e-01,8.796421e-01,8.976980e-01,8.870327e-01,8.776864e-01
1.800000e-04,6.199160e+00,6.161977e+00,1.219724e+00,7.463462e-01,5.600209e-01,4.397548e-01,3.594580e-01,3.014254e-01,6.930078e-01,7.946546e-01,8.401806e-01,8.659633e-01,8.806513e-01,8.969972e-01,8.869391e-01,8.775466e-01
1.850000e-04,6.199942e+00,6.163180e+00,1.214185e+00,7.462966e-01,5.600812e-01,4.397459e-01,3.594056e-01,3.014406e-01,6.926806e-01,7.944286e-01,8.397667e-01,8.656505e-01,8.815800e-01,8.961633e-01,8.869713e-01,8.773504e-01
1.900000e-04,6.200767e+00,6.164844e+00,1.216130e+00,7.461953e-01,5.601040e-01,4.397799e-01,3.593764e-01,3.014047e-01,6.924136e-01,7.942291e-01,8.394365e-01,8.656287e-01,8.818508e-01,8.955609e-01,8.869677e-01,8.771291e-01
1.950000e-04,6.201655e+00,6.166642e+00,1.220635e+00,7.461599e-01,5.600603e-01,4.398254e-01,3.593679e-01,3.013668e-01,6.921027e-01,7.940329e-01,8.391739e-01,8.656360e-01,8.814760e-01,8.954781e-01,8.867799e-01,8.770220e-01
2.000000e-04,6.202551e+00,6.168370e+00,1.224954e+00,7.461913e-01,5.599957e-01,4.398365e-01,3.593965e-01,3.013447e-01,6.917005e-01,7.938416e-01,8.389540e-01,8.654885e-01,8.808306e-01,8.958828e-01,8.864180e-01,8.771015e-01
2.050000e-04,6.203447e+00,6.170038e+00,1.229188e+00,7.462084e-01,5.599851e-01,4.397994e-01,3.594319e-01,3.013385e-01,6.912647e-01,7.936380e-01,8.387817e-01,8.651603e-01,8.802352e-01,8.964881e-01,8.860263e-01,8.772536e-01
2.100000e-04,6.204355e+00,6.171688e+00,1.233461e+00,7.462299e-01,5.600098e-01,4.397575e-01,3.594360e-01,3.013653e-01,6.908986e-01,7.933459e-01,8.386521e-01,8.647549e-01,8.798030e-01,8.969969e-01,8.857453e-01,8.773166e-01
2.150000e-04,6.205239e+00,6.173402e+00,1.238405e+00,7.462994e-01,5.600262e-01,4.397560e-01,3.594054e-01,3.013951e-01,6.905038e-01,7.929769e-01,8.385579e-01,8.644028e-01,8.795251e-01,8.972552e-01,8.856297e-01,8.772478e-01
2.200000e-04,6.206231e+00,6.175263e+00,1.243920e+00,7.463616e-01,5.600584e-01,4.397735e-01,3.593790e-01,3.013963e-01,6.901592e-01,7.926728e-01,8.384216e-01,8.641728e-01,8.793564e-01,8.972335e-01,8.856596e-01,8.771137e-01
2.250000e-04,6.207293e+00,6.177102e+00,1.249297e+00,7.463539e-01,5.601126e-01,4.397903e-01,3.593812e-01,3.013727e-01,6.898055e-01,7.924374e-01,8.381390e-01,8.640664e-01,8.792179e-01,8.969492e-01,8.857789e-01,8.769846e-01
2.300000e-04,6.208379e+00,6.178879e+00,1.254598e+00,7.462848e-01,5.601473e-01,4.398236e-01,3.593934e-01,3.013571e-01,6.893989e-01,7.922273e-01,8.377283e-01,8.640361e-01,8.790291e-01,8.964484e-01,8.859295e-01,8.768966e-01
2.350000e-04,6.209394e+00,6.180507e+00,1.259877e+00,7.462528e-01,5.601268e-01,4.398643e-01,3.594108e-01,3.013615e-01,6.889853e-01,7.920872e-01,8.373057e-01,8.639876e-01,8.787778e-01,8.958484e-01,8.860765e-01,8.768640e-01
2.400000e-04,6.210761e+00,6.182002e+00,1.264824e+00,7.462613e-01,5.600712e-01,4.398829e-01,3.594422e-01,3.013724e-01,6.886022e-01,7.919454e-01,8.369914e-01,8.638364e-01,8.785267e-01,8.953124e-01,8.861749e-01,8.768819e-01
2.450000e-04,6.212344e+00,6.183413e+00,1.269627e+00,7.462601e-01,5.600518e-01,4.398597e-01,3.594725e-01,3.013914e-01,6.882575e-01,7.916266e-01,8.368639e-01,8.635432e-01,8.783378e-01,8.949447e-01,8.861544e-01,8.769401e-01
2.500000e-04,6.213900e+00,6.184785e+00,1.274546e+00,7.462889e-01,5.600559e-01,4.398187e-01,3.594806e-01,3.014205e-01,6.879091e-01,7.912505e-01,8.368903e-01,8.631112e-01,8.782138e-01,8.947401e-01,8.859587e-01,8.770465e-01
2.550000e-04,6.215451e+00,6.186145e+00,1.279708e+00,7.463348e-01,5.600570e-01,4.398059e-01,3.594585e-01,3.014436e-01,6.876053e-01,7.910208e-01,8.369004e-01,8.626258e-01,8.781176e-01,8.946194e-01,8.856056e-01,8.772120e-01
2.600000e-04,6.217004e+00,6.187646e+00,1.285514e+00,7.463379e-01,5.600836e-01,4.398089e-01,3.594282e-01,3.014466e-01,6.872617e-01,7.908614e-01,8.367290e-01,8.622428e-01,8.779880e-01,8.945016e-01,8.851874e-01,8.774064e-01
2.650000e-04,6.218579e+00,6.189117e+00,1.291282e+00,7.463019e-01,5.601134e-01,4.398141e-01,3.594190e-01,3.014280e-01,6.869058e-01,7.906580e-01,8.363632e-01,8.620812e-01,8.777564e-01,8.943588e-01,8.848164e-01,8.775502e-01
2.700000e-04,6.220181e+00,6.190575e+00,1.296889e+00,7.462534e-01,5.601117e-01,4.398365e-01,3.594219e-01,3.014052e-01,6.865555e-01,7.904579e-01,8.359511e-01,8.621056e-01,8.774080e-01,8.942161e-01,8.845541e-01,8.775575e-01
2.750000e-04,6.221816e+00,6.192011e+00,1.302041e+00,7.462135e-01,5.600885e-01,4.398548e-01,3.594298e-01,3.013989e-01,6.861265e-01,7.903644e-01,8.356789e-01,8.621575e-01,8.770130e-01,8.940989e-01,8.843909e-01,8.774014e-01
2.800000e-04,6.223397e+00,6.193389e+00,1.307044e+00,7.462325e-01,5.600562e-01,4.398513e-01,3.594484e-01,3.014032e-01,6.856673e-01,7.902160e-01,8.355949e-01,8.620829e-01,8.766806e-01,8.939894e-01,8.842847e-01,8.771374e-01
2.850000e-04,6.224955e+00,6.194666e+00,1.312028e+00,7.462936e-01,5.600376e-01,4.398338e-01,3.594600e-01,3.014123e-01,6.852061e-01,7.898772e-01,8.355680e-01,8.618111e-01,8.764823e-01,8.938472e-01,8.842024e-01,8.768495e-01
2.900000e-04,6.226497e+00,6.195851e+00,1.317084e+00,7.463320e-01,5.600584e-01,4.398109e-01,3.594563e-01,3.014272e-01,6.847909e-01,7.895572e-01,8.354477e-01,8.614084e-01,8.764209e-01,8.936574e-01,8.841320e-01,8.765972e-01
2.950000e-04,6.228016e+00,6.196996e+00,1.321987e+00,7.463533e-01,5.600880e-01,4.398036e-01,3.594420e-01,3.014352e-01,6.843893e-01,7.892815e-01,8.352420e-01,8.610469e-01,8.764406e-01,8.934439e-01,8.840607e-01,8.764041e-01
3.000000e-04,6.229538e+00,6.198125e+00,1.326792e+00,7.463501e-01,5.601079e-01,4.398188e-01,3.594257e-01,3.014318e-01,6.840028e-01,7.890481e-01,8.349898e-01,8.608551e-01,8.764514e-01,8.932421e-01,8.839789e-01,8.762688e-01
3.050000e-04,6.231094e+00,6.199262e+00,1.331411e+00,7.463169e-01,5.601264e-01,4.398333e-01,3.594235e-01,3.014198e-01,6.836035e-01,7.888629e-01,8.346510e-01,8.608055e-01,8.763778e-01,8.930812e-01,8.838862e-01,8.761742e-01
3.100000e-04,6.232633e+00,6.200342e+00,1.334471e+00,7.462874e-01,5.601202e-01,4.398484e-01,3.594323e-01,3.014082e-01,6.831697e-01,7.885902e-01,8.343014e-01,8.607765e-01,8.762069e-01,8.929771e-01,8.837902e-01,8.760960e-01
3.150000e-04,6.234168e+00,6.201438e+00,1.337383e+00,7.462549e-01,5.600938e-01,4.398628e-01,3.594396e-01,3.014075e-01,6.827043e-01,7.883225e-01,8.340827e-01,8.606850e-01,8.759813e-01,8.929262e-01,8.836964e-01,8.760152e-01
3.200000e-04,6.235680e+00,6.202489e+00,1.339530e+00,7.462260e-01,5.600725e-01,4.398556e-01,3.594529e-01,3.014113e-01,6.822656e-01,7.880866e-01,8.340082e-01,8.604712e-01,8.757571e-01,8.929089e-01,8.836031e-01,8.759275e-01
3.250000e-04,6.237207e+00,6.203569e+00,1.342425e+00,7.462338e-01,5.600498e-01,4.398350e-01,3.594640e-01,3.014158e-01,6.818501e-01,7.878261e-01,8.339335e-01,8.601421e-01,8.755754e-01,8.928999e-01,8.835070e-01,8.758358e-01
3.300000e-04,6.238710e+00,6.204600e+00,1.345623e+00,7.462656e-01,5.600326e-01,4.398187e-01,3.594570e-01,3.014275e-01,6.814356e-01,7.875310e-01,8.337492e-01,8.598240e-01,8.754534e-01,8.928666e-01,8.834068e-01,8.757398e-01
3.350000e-04,6.240184e+00,6.205589e+00,1.348625e+00,7.462969e-01,5.600412e-01,4.398026e-01,3.594405e-01,3.014359e-01,6.809848e-01,7.872527e-01,8.334683e-01,8.596306e-01,8.753605e-01,8.927740e-01,8.833066e-01,8.756375e-01
3.400000e-04,6.241639e+00,6.206569e+00,1.351504e+00,7.463148e-01,5.600670e-01,4.397920e-01,3.594275e-01,3.014290e-01,6.804886e-01,7.870384e-01,8.331639e-01,8.595744e-01,8.752312e-01,8.926039e-01,8.832139e-01,8.755276e-01
3.450000e-04,6.243070e+00,6.207552e+00,1.354511e+00,7.463118e-01,5.600934e-01,4.398003e-01,3.594151e-01,3.014150e-01,6.799785e-01,7.868383e-01,8.329033e-01,8.595839e-01,8.750331e-01,8.923701e-01,8.831293e-01,8.754125e-01
3.500000e-04,6.244477e+00,6.208505e+00,1.357147e+00,7.462876e-01,5.601084e-01,4.398218e-01,3.594081e-01,3.014040e-01,6.794550e-01,7.866518e-01,8.326866e-01,8.595472e-01,8.747914e-01,8.921133e-01,8.830405e-01,8.753020e-01
3.550000e-04,6.245859e+00,6.209424e+00,1.359503e+00,7.462538e-01,5.601072e-01,4.398434e-01,3.594163e-01,3.013936e-01,6.789762e-01,7.865391e-01,8.324849e-01,8.593839e-01,8.745662e-01,8.918757e-01,8.829246e-01,8.752132e-01
3.600000e-04,6.247216e+00,6.210236e+00,1.361714e+00,7.462466e-01,5.600851e-01,4.398551e-01,3.594352e-01,3.013877e-01,6.784962e-01,7.863481e-01,8.323123e-01,8.591016e-01,8.744107e-01,8.916707e-01,8.827610e-01,8.751572e-01
3.650000e-04,6.248551e+00,6.211052e+00,1.363921e+00,7.462718e-01,5.600510e-01,4.398528e-01,3.594534e-01,3.013946e-01,6.780263e-01,7.860432e-01,8.321550e-01,8.587787e-01,8.743276e-01,8.914761e-01,8.825496e-01,8.751355e-01
3.700000e-04,6.249871e+00,6.211882e+00,1.365975e+00,7.462952e-01,5.600429e-01,4.398308e-01,3.594627e-01,3.014104e-01,6.775511e-01,7.857249e-01,8.320100e-01,8.584903e-01,8.742637e-01,8.912665e-01,8.823179e-01,8.751440e-01
3.750000e-04,6.251214e+00,6.212795e+00,1.367763e+00,7.463054e-01,5.600637e-01,4.398013e-01,3.594584e-01,3.014247e-01,6.771474e-01,7.854789e-01,8.318770e-01,8.582787e-01,8.741475e-01,8.910476e-01,8.821032e-01,8.751763e-01
3.800000e-04,6.252573e+00,6.213731e+00,1.368827e+00,7.463083e-01,5.600811e-01,4.397969e-01,3.594364e-01,3.014306e-01,6.767907e-01,7.852601e-01,8.316817e-01,8.581438e-01,8.739345e-01,8.908436e-01,8.819278e-01,8.752307e-01
3.850000e-04,6.253933e+00,6.214603e+00,1.369310e+00,7.462954e-01,5.600899e-01,4.398147e-01,3.594119e-01,3.014234e-01,6.763741e-01,7.850369e-01,8.313900e-01,8.580377e-01,8.736316e-01,8.906660e-01,8.817980e-01,8.753141e-01
3.900000e-04,6.255259e+00,6.215448e+00,1.370037e+00,7.462637e-01,5.600933e-01,4.398289e-01,3.594107e-01,3.014011e-01,6.758861e-01,7.847988e-01,8.310796e-01,8.579181e-01,8.732942e-01,8.905081e-01,8.817175e-01,8.754399e-01
3.950000e-04,6.256547e+00,6.216426e+00,1.370049e+00,7.462339e-01,5.600830e-01,4.398368e-01,3.594257e-01,3.013798e-01,6.753136e-01,7.845978e-01,8.308353e-01,8.577561e-01,8.729936e-01,8.903575e-01,8.816905e-01,8.756151e-01
4.000000e-04,6.257807e+00,6.217350e+00,1.369193e+00,7.462213e-01,5.600611e-01,4.398387e-01,3.594381e-01,3.013788e-01,6.747593e-01,7.844159e-01,8.306651e-01,8.575273e-01,8.727679e-01,8.902040e-01,8.817156e-01,8.758382e-01
4.050000e-04,6.259002e+00,6.218223e+00,1.368727e+00,7.462385e-01,5.600418e-01,4.398294e-01,3.594456e-01,3.013901e-01,6.741485e-01,7.841998e-01,8.305290e-01,8.572243e-01,8.726047e-01,8.900452e-01,8.817840e-01,8.761100e-01
4.100000e-04,6.260153e+00,6.219084e+00,1.370677e+00,7.462923e-01,5.600353e-01,4.398130e-01,3.594464e-01,3.013994e-01,6.735991e-01,7.839772e-01,8.303439e-01,8.568781e-01,8.724744e-01,8.898942e-01,8.818917e-01,8.764365e-01
4.150000e-04,6.261310e+00,6.219985e+00,1.372331e+00,7.463401e-01,5.600545e-01,4.397990e-01,3.594381e-01,3.014041e-01,6.730898e-01,7.837085e-01,8.301025e-01,8.565531e-01,8.723533e-01,8.897761e-01,8.820465e-01,8.768143e-01
4.200000e-04,6.262498e+00,6.220912e+00,1.373275e+00,7.463377e-01,5.600956e-01,4.397968e-01,3.594248e-01,3.014023e-01,6.726687e-01,7.834602e-01,8.298304e-01,8.563166e-01,8.722169e-01,8.897150e-01,8.822618e-01,8.772197e-01
4.250000e-04,6.263695e+00,6.221794e+00,1.373589e+00,7.463005e-01,5.601232e-01,4.398159e-01,3.594137e-01,3.013933e-01,6.722809e-01,7.832929e-01,8.295335e-01,8.561667e-01,8.720469e-01,8.897334e-01,8.825428e-01,8.776274e-01
4.300000e-04,6.264859e+00,6.222628e+00,1.373886e+00,7.462677e-01,5.601153e-01,4.398467e-01,3.594145e-01,3.013805e-01,6.718093e-01,7.830717e-01,8.292247e-01,8.560196e-01,8.718583e-01,8.898518e-01,8.828790e-01,8.780227e-01
4.350000e-04,6.265993e+00,6.223471e+00,1.372514e+00,7.462526e-01,5.600841e-01,4.398633e-01,3.594326e-01,3.013702e-01,6.712465e-01,7.827009e-01,8.289253e-01,8.558072e-01,8.717078e-01,8.900730e-01,8.832496e-01,8.784079e-01
4.400000e-04,6.267127e+00,6.224360e+00,1.369551e+00,7.462497e-01,5.600579e-01,4.398535e-01,3.594559e-01,3.013714e-01,6.706921e-01,7.823388e-01,8.287167e-01,8.555258e-01,8.716506e-01,8.903705e-01,8.836393e-01,8.787851e-01
4.450000e-04,6.268240e+00,6.225252e+00,1.364386e+00,7.462619e-01,5.600485e-01,4.398273e-01,3.594660e-01,3.013861e-01,6.701405e-01,7.820963e-01,8.286097e-01,8.552307e-01,8.716943e-01,8.907095e-01,8.840519e-01,8.791472e-01
4.500000e-04,6.269314e+00,6.226086e+00,1.359308e+00,7.462920e-01,5.600484e-01,4.398074e-01,3.594556e-01,3.014026e-01,6.696008e-01,7.818439e-01,8.284598e-01,8.549856e-01,8.718056e-01,8.910775e-01,8.845023e-01,8.794751e-01
4.550000e-04,6.270360e+00,6.226870e+00,1.354693e+00,7.463144e-01,5.600598e-01,4.398019e-01,3.594337e-01,3.014074e-01,6.690420e-01,7.815085e-01,8.281378e-01,8.548490e-01,8.719496e-01,8.914853e-01,8.849923e-01,8.797523e-01
4.600000e-04,6.271401e+00,6.227643e+00,1.349692e+00,7.463073e-01,5.600849e-01,4.398034e-01,3.594188e-01,3.013957e-01,6.684424e-01,7.812457e-01,8.277209e-01,8.548737e-01,8.721132e-01,8.919437e-01,8.855041e-01,8.799773e-01
4.650000e-04,6.272459e+00,6.228417e+00,1.344181e+00,7.462798e-01,5.601024e-01,4.398145e-01,3.594152e-01,3.013761e-01,6.678197e-01,7.809722e-01,8.274260e-01,8.550365e-01,8.723097e-01,8.924472e-01,8.860164e-01,8.801710e-01
4.700000e-04,6.273545e+00,6.229191e+00,1.338091e+00,7.462489e-01,5.600967e-01,4.398351e-01,3.594175e-01,3.013636e-01,6.672103e-01,7.807349e-01,8.272832e-01,8.552289e-01,8.725702e-01,8.929808e-01,8.865142e-01,8.803490e-01
4.750000e-04,6.274595e+00,6.229932e+00,1.332024e+00,7.462379e-01,5.600755e-01,4.398478e-01,3.594284e-01,3.013604e-01,6.665556e-01,7.805389e-01,8.272001e-01,8.553379e-01,8.729327e-01,8.935366e-01,8.869884e-01,8.805236e-01
4.800000e-04,6.275605e+00,6.230703e+00,1.326012e+00,7.462622e-01,5.600545e-01,4.398418e-01,3.594458e-01,3.013622e-01,6.658703e-01,7.802277e-01,8.271603e-01,8.553630e-01,8.734254e-01,8.941196e-01,8.874292e-01,8.806987e-01
4.850000e-04,6.276591e+00,6.231519e+00,1.319994e+00,7.462979e-01,5.600516e-01,4.398243e-01,3.594550e-01,3.013712e-01,6.651938e-01,7.798832e-01,8.271779e-01,8.554258e-01,8.740360e-01,8.947332e-01,8.878286e-01,8.808710e-01
4.900000e-04,6.277564e+00,6.232357e+00,1.313895e+00,7.463173e-01,5.600682e-01,4.398101e-01,3.594487e-01,3.013845e-01,6.645536e-01,7.796536e-01,8.272497e-01,8.556399e-01,8.746914e-01,8.953686e-01,8.881865e-01,8.810283e-01
4.950000e-04,6.278535e+00,6.233198e+00,1.308321e+00,7.463206e-01,5.600862e-01,4.398105e-01,3.594342e-01,3.013899e-01,6.639472e-01,7.794677e-01,8.273663e-01,8.560439e-01,8.753002e-01,8.960180e-01,8.885220e-01,8.811660e-01
5.000000e-04,6.279512e+00,6.234033e+00,1.303570e+00,7.463095e-01,5.600978e-01,4.398213e-01,3.594243e-01,3.013822e-01,6.633918e-01,7.792720e-01,8.274677e-01,8.565920e-01,8.758310e-01,8.966863e-01,8.888491e-01,8.812791e-01
5.050000e-04,6.280488e+00,6.234897e+00,1.298875e+00,7.462856e-01,5.601016e-01,4.398321e-01,3.594255e-01,3.013690e-01,6.628465e-01,7.791221e-01,8.275682e-01,8.571954e-01,8.763174e-01,8.973726e-01,8.891750e-01,8.813719e-01
5.100000e-04,6.281448e+00,6.235776e+00,1.294379e+00,7.462577e-01,5.600912e-01,4.398414e-01,3.594322e-01,3.013609e-01,6.623351e-01,7.790114e-01,8.278265e-01,8.577950e-01,8.768112e-01,8.980422e-01,8.894971e-01,8.814549e-01
5.150000e-04,6.282438e+00,6.236691e+00,1.289537e+00,7.462396e-01,5.600716e-01,4.398440e-01,3.594399e-01,3.013609e-01,6.618454e-01,7.789531e-01,8.282899e-01,8.583541e-01,8.773564e-01,8.986525e-01,8.898058e-01,8.815494e-01
5.200000e-04,6.283428e+00,6.237650e+00,1.284576e+00,7.462464e-01,5.600532e-01,4.398341e-01,3.594482e-01,3.013642e-01,6.614092e-01,7.789411e-01,8.288250e-01,8.588493e-01,8.779707e-01,8.991884e-01,8.901038e-01,8.816640e-01
5.250000e-04,6.284407e+00,6.238645e+00,1.279548e+00,7.462737e-01,5.600448e-01,4.398184e-01,3.594498e-01,3.013697e-01,6.610263e-01,7.789603e-01,8.293404e-01,8.593272e-01,8.786227e-01,8.996590e-01,8.903800e-01,8.817993e-01
5.300000e-04,6.285373e+00,6.239663e+00,1.274396e+00,7.462985e-01,5.600537e-01,4.398060e-01,3.594406e-01,3.013760e-01,6.607132e-01,7.790954e-01,8.298356e-01,8.598750e-01,8.792515e-01,9.000778e-01,8.906170e-01,8.819517e-01
5.350000e-04,6.286284e+00,6.240647e+00,1.269409e+00,7.463065e-01,5.600746e-01,4.398024e-01,3.594279e-01,3.013757e-01,6.604737e-01,7.793746e-01,8.303191e-01,8.605253e-01,8.798002e-01,9.004565e-01,8.908062e-01,8.821142e-01
5.400000e-04,6.287125e+00,6.241621e+00,1.264403e+00,7.462990e-01,5.600921e-01,4.398111e-01,3.594193e-01,3.013665e-01,6.602392e-01,7.797262e-01,8.307908e-01,8.612410e-01,8.802400e-01,9.008056e-01,8.909607e-01,8.822779e-01
5.450000e-04,6.287921e+00,6.242587e+00,1.259196e+00,7.462846e-01,5.600972e-01,4.398273e-01,3.594181e-01,3.013555e-01,6.600438e-01,7.801367e-01,8.312676e-01,8.619413e-01,8.805909e-01,9.011395e-01,8.911041e-01,8.824262e-01
5.500000e-04,6.288619e+00,6.243478e+00,1.254691e+00,7.462705e-01,5.600915e-01,4.398400e-01,3.594260e-01,3.013487e-01,6.599041e-01,7.806471e-01,8.317943e-01,8.625345e-01,8.809129e-01,9.014678e-01,8.912380e-01,8.825518e-01
5.550000e-04,6.289196e+00,6.244282e+00,1.251004e+00,7.462614e-01,5.600809e-01,4.398432e-01,3.594389e-01,3.013481e-01,6.598403e-01,7.812423e-01,8.323910e-01,8.629764e-01,8.812595e-01,9.017817e-01,8.913484e-01,8.826601e-01
5.600000e-04,6.289654e+00,6.244972e+00,1.248140e+00,7.462674e-01,5.600681e-01,4.398383e-01,3.594487e-01,3.013544e-01,6.598938e-01,7.817993e-01,8.330157e-01,8.632965e-01,8.816382e-01,9.020563e-01,8.914274e-01,8.827644e-01
5.650000e-04,6.289985e+00,6.245542e+00,1.246150e+00,7.462902e-01,5.600568e-01,4.398296e-01,3.594509e-01,3.013645e-01,6.600474e-01,7.823531e-01,8.335971e-01,8.635631e-01,8.820090e-01,9.022752e-01,8.914819e-01,8.828672e-01
5.700000e-04,6.290184e+00,6.245985e+00,1.245082e+00,7.463071e-01,5.600602e-01,4.398177e-01,3.594467e-01,3.013717e-01,6.603035e-01,7.829600e-01,8.341314e-01,8.638401e-01,8.823160e-01,9.024490e-01,8.915272e-01,8.829594e-01
5.750000e-04,6.290250e+00,6.246282e+00,1.244971e+00,7.463030e-01,5.600791e-01,4.398078e-01,3.594385e-01,3.013729e-01,6.606531e-01,7.835472e-01,8.346308e-01,8.641659e-01,8.825183e-01,9.025997e-01,8.915735e-01,8.830250e-01
5.800000e-04,6.290183e+00,6.246418e+00,1.245822e+00,7.462864e-01,5.600923e-01,4.398119e-01,3.594274e-01,3.013689e-01,6.610799e-01,7.841072e-01,8.350685e-01,8.645236e-01,8.826041e-01,9.027406e-01,8.916192e-01,8.830550e-01
5.850000e-04,6.289978e+00,6.246380e+00,1.247672e+00,7.462674e-01,5.600890e-01,4.398278e-01,3.594194e-01,3.013612e-01,6.615721e-01,7.846587e-01,8.354517e-01,8.648509e-01,8.826003e-01,9.028703e-01,8.916622e-01,8.830592e-01
5.900000e-04,6.289632e+00,6.246159e+00,1.250525e+00,7.462535e-01,5.600779e-01,4.398378e-01,3.594244e-01,3.013511e-01,6.621146e-01,7.851718e-01,8.358242e-01,8.651030e-01,8.825683e-01,9.029739e-01,8.916999e-01,8.830517e-01
5.950000e-04,6.289147e+00,6.245760e+00,1.254335e+00,7.462514e-01,5.600661e-01,4.398349e-01,3.594380e-01,3.013452e-01,6.626965e-01,7.856228e-01,8.361896e-01,8.652737e-01,8.825637e-01,9.030321e-01,8.917199e-01,8.830413e-01
6.000000e-04,6.288525e+00,6.245191e+00,1.259053e+00,7.462617e-01,5.600578e-01,4.398265e-01,3.594457e-01,3.013510e-01,6.633117e-01,7.860180e-01,8.365192e-01,8.653754e-01,8.825985e-01,9.030292e-01,8.917058e-01,8.830286e-01
6.050000e-04,6.287766e+00,6.244470e+00,1.264618e+00,7.462822e-01,5.600566e-01,4.398182e-01,3.594433e-01,3.013630e-01,6.639668e-01,7.863701e-01,8.367876e-01,8.654421e-01,8.826501e-01,9.029567e-01,8.916428e-01,8.830085e-01
6.100000e-04,6.286885e+00,6.243613e+00,1.270953e+00,7.463067e-01,5.600644e-01,4.398123e-01,3.594369e-01,3.013694e-01,6.646684e-01,7.866824e-01,8.369761e-01,8.655104e-01,8.826935e-01,9.028349e-01,8.915311e-01,8.829748e-01
6.150000e-04,6.285899e+00,6.242630e+00,1.278019e+00,7.463196e-01,5.600804e-01,4.398116e-01,3.594304e-01,3.013679e-01,6.654033e-01,7.869575e-01,8.370800e-01,8.655955e-01,8.827104e-01,9.026918e-01,8.913808e-01,8.829206e-01
6.200000e-04,6.284820e+00,6.241539e+00,1.285680e+00,7.463081e-01,5.600980e-01,4.398184e-01,3.594255e-01,3.013635e-01,6.661536e-01,7.872113e-01,8.371159e-01,8.656894e-01,8.826913e-01,9.025456e-01,8.911962e-01,8.828346e-01
6.250000e-04,6.283670e+00,6.240388e+00,1.293688e+00,7.462789e-01,5.601040e-01,4.398316e-01,3.594251e-01,3.013590e-01,6.669250e-01,7.874536e-01,8.371215e-01,8.657617e-01,8.826440e-01,9.024115e-01,8.909705e-01,8.827168e-01
6.300000e-04,6.282463e+00,6.239219e+00,1.300955e+00,7.462559e-01,5.600912e-01,4.398444e-01,3.594313e-01,3.013559e-01,6.677245e-01,7.876662e-01,8.371267e-01,8.657739e-01,8.825903e-01,9.023031e-01,8.907012e-01,8.825725e-01
6.350000e-04,6.281189e+00,6.238045e+00,1.308362e+00,7.462551e-01,5.600677e-01,4.398463e-01,3.594427e-01,3.013568e-01,6.684444e-01,7.878197e-01,8.371457e-01,8.657092e-01,8.825496e-01,9.022220e-01,8.903856e-01,8.824115e-01
6.400000e-04,6.279912e+00,6.236893e+00,1.315288e+00,7.462692e-01,5.600520e-01,4.398339e-01,3.594522e-01,3.013637e-01,6.691583e-01,7.879020e-01,8.371772e-01,8.655854e-01,8.825256e-01,9.021548e-01,8.900333e-01,8.822345e-01
6.450000e-04,6.278616e+00,6.235716e+00,1.321853e+00,7.462841e-01,5.600538e-01,4.398155e-01,3.594517e-01,3.013746e-01,6.699193e-01,7.879974e-01,8.372103e-01,8.654462e-01,8.825031e-01,9.020875e-01,8.896613e-01,8.820535e-01
6.500000e-04,6.277255e+00,6.234523e+00,1.328599e+00,7.462944e-01,5.600659e-01,4.398049e-01,3.594402e-01,3.013829e-01,6.706551e-01,7.882024e-01,8.372024e-01,8.653388e-01,8.824570e-01,9.020133e-01,8.892888e-01,8.818582e-01
6.550000e-04,6.275870e+00,6.233294e+00,1.335311e+00,7.462975e-01,5.600781e-01,4.398080e-01,3.594255e-01,3.013824e-01,6.713481e-01,7.883991e-01,8.371123e-01,8.652924e-01,8.823693e-01,9.019330e-01,8.889405e-01,8.816613e-01
6.600000e-04,6.274469e+00,6.232046e+00,1.342364e+00,7.462887e-01,5.600872e-01,4.398184e-01,3.594184e-01,3.013738e-01,6.720057e-01,7.884686e-01,8.369547e-01,8.652948e-01,8.822413e-01,9.018489e-01,8.886116e-01,8.814677e-01
6.650000e-04,6.273061e+00,6.230792e+00,1.351061e+00,7.462701e-01,5.600902e-01,4.398285e-01,3.594220e-01,3.013639e-01,6.725835e-01,7.885992e-01,8.368208e-01,8.652991e-01,8.820950e-01,9.017616e-01,8.882990e-01,8.812847e-01
6.700000e-04,6.271654e+00,6.229603e+00,1.359465e+00,7.462554e-01,5.600832e-01,4.398358e-01,3.594309e-01,3.013608e-01,6.731655e-01,7.887924e-01,8.368070e-01,8.652603e-01,8.819641e-01,9.016709e-01,8.879906e-01,8.811317e-01
6.750000e-04,6.270268e+00,6.228509e+00,1.367295e+00,7.462594e-01,5.600685e-01,4.398376e-01,3.594397e-01,3.013663e-01,6.738259e-01,7.889490e-01,8.368566e-01,8.651482e-01,8.818723e-01,9.015755e-01,8.876761e-01,8.810223e-01
6.800000e-04,6.268898e+00,6.227502e+00,1.374766e+00,7.462814e-01,5.600577e-01,4.398311e-01,3.594457e-01,3.013758e-01,6.745220e-01,7.890899e-01,8.368467e-01,8.649541e-01,8.818165e-01,9.014788e-01,8.873646e-01,8.809635e-01
6.850000e-04,6.267592e+00,6.226582e+00,1.381502e+00,7.463043e-01,5.600616e-01,4.398192e-01,3.594466e-01,3.013848e-01,6.752786e-01,7.891769e-01,8.367816e-01,8.647344e-01,8.817766e-01,9.013909e-01,8.870650e-01,8.809498e-01
6.900000e-04,6.266323e+00,6.225713e+00,1.387932e+00,7.463117e-01,5.600770e-01,4.398116e-01,3.594403e-01,3.013911e-01,6.760005e-01,7.892350e-01,8.367399e-01,8.645936e-01,8.817275e-01,9.013194e-01,8.867899e-01,8.809732e-01
6.950000e-04,6.265105e+00,6.224915e+00,1.394057e+00,7.463012e-01,5.600910e-01,4.398155e-01,3.594302e-01,3.013927e-01,6.766848e-01,7.894407e-01,8.367516e-01,8.645547e-01,8.816361e-01,9.012696e-01,8.865461e-01,8.810224e-01
7.000000e-04,6.263960e+00,6.224137e+00,1.399554e+00,7.462820e-01,5.600941e-01,4.398270e-01,3.594246e-01,3.013880e-01,6.773803e-01,7.897115e-01,8.367696e-01,8.645413e-01,8.814826e-01,9.012418e-01,8.863399e-01,8.810916e-01
7.050000e-04,6.262867e+00,6.223320e+00,1.403812e+00,7.462647e-01,5.600861e-01,4.398364e-01,3.594284e-01,3.013809e-01,6.780756e-01,7.899317e-01,8.367453e-01,8.644982e-01,8.812978e-01,9.012395e-01,8.861855e-01,8.811852e-01
7.100000e-04,6.261797e+00,6.222541e+00,1.406522e+00,7.462553e-01,5.600728e-01,4.398378e-01,3.594374e-01,3.013784e-01,6.786829e-01,7.901930e-01,8.367075e-01,8.644178e-01,8.811393e-01,9.012552e-01,8.860605e-01,8.813111e-01
7.150000e-04,6.260735e+00,6.221805e+00,1.406476e+00,7.462566e-01,5.600611e-01,4.398315e-01,3.594441e-01,3.013834e-01,6.792169e-01,7.904755e-01,8.367645e-01,8.643111e-01,8.810304e-01,9.012682e-01,8.859559e-01,8.814721e-01
7.200000e-04,6.259679e+00,6.221054e+00,1.405737e+00,7.462695e-01,5.600556e-01,4.398213e-01,3.594449e-01,3.013921e-01,6.797260e-01,7.907084e-01,8.368926e-01,8.642104e-01,8.809587e-01,9.012658e-01,8.858872e-01,8.816672e-01
7.250000e-04,6.258604e+00,6.220249e+00,1.404822e+00,7.462891e-01,5.600589e-01,4.398128e-01,3.594397e-01,3.013989e-01,6.801726e-01,7.910124e-01,8.370054e-01,8.641348e-01,8.809030e-01,9.012558e-01,8.858580e-01,8.818941e-01
7.300000e-04,6.257496e+00,6.219427e+00,1.404154e+00,7.463030e-01,5.600708e-01,4.398097e-01,3.594316e-01,3.014008e-01,6.805986e-01,7.913490e-01,8.370810e-01,8.640873e-01,8.808475e-01,9.012565e-01,8.858669e-01,8.821408e-01
7.350000e-04,6.256397e+00,6.218649e+00,1.403556e+00,7.463007e-01,5.600856e-01,4.398139e-01,3.594250e-01,3.013979e-01,6.809842e-01,7.917061e-01,8.371327e-01,8.640807e-01,8.807908e-01,9.012726e-01,8.859145e-01,8.823994e-01
7.400000e-04,6.255300e+00,6.217867e+00,1.402806e+00,7.462853e-01,5.600939e-01,4.398241e-01,3.594233e-01,3.013927e-01,6.813834e-01,7.920230e-01,8.371879e-01,8.641209e-01,8.807419e-01,9.012998e-01,8.859979e-01,8.826733e-01
7.450000e-04,6.254222e+00,6.217077e+00,1.403130e+00,7.462702e-01,5.600901e-01,4.398352e-01,3.594277e-01,3.013890e-01,6.817576e-01,7.922351e-01,8.373174e-01,8.641897e-01,8.807086e-01,9.013426e-01,8.861194e-01,8.829605e-01
7.500000e-04,6.253170e+00,6.216323e+00,1.403258e+00,7.462658e-01,5.600780e-01,4.398400e-01,3.594366e-01,3.013897e-01,6.821230e-01,7.924580e-01,8.375658e-01,8.642652e-01,8.806975e-01,9.014145e-01,8.862771e-01,8.832568e-01
7.550000e-04,6.252132e+00,6.215566e+00,1.402141e+00,7.462721e-01,5.600670e-01,4.398358e-01,3.594450e-01,3.013958e-01,6.825098e-01,7.925986e-01,8.378948e-01,8.643196e-01,8.807176e-01,9.015236e-01,8.864659e-01,8.835545e-01
7.600000e-04,6.251094e+00,6.214779e+00,1.400821e+00,7.462835e-01,5.600630e-01,4.398262e-01,3.594478e-01,3.014050e-01,6.828986e-01,7.927020e-01,8.382190e-01,8.643596e-01,8.807710e-01,9.016651e-01,8.866753e-01,8.838570e-01
7.650000e-04,6.250033e+00,6.214086e+00,1.400210e+00,7.462939e-01,5.600662e-01,4.398178e-01,3.594436e-01,3.014127e-01,6.832451e-01,7.928499e-01,8.384673e-01,8.644471e-01,8.808569e-01,9.018143e-01,8.868991e-01,8.841706e-01
7.700000e-04,6.248970e+00,6.213429e+00,1.399965e+00,7.462970e-01,5.600744e-01,4.398145e-01,3.594357e-01,3.014152e-01,6.835815e-01,7.929790e-01,8.386442e-01,8.646429e-01,8.809636e-01,9.019583e-01,8.871481e-01,8.844910e-01
7.750000e-04,6.247930e+00,6.212792e+00,1.399614e+00,7.462890e-01,5.600830e-01,4.398169e-01,3.594289e-01,3.014121e-01,6.839322e-01,7.930922e-01,8.387873e-01,8.649684e-01,8.810691e-01,9.020999e-01,8.874293e-01,8.848000e-01
7.800000e-04,6.246905e+00,6.212148e+00,1.399240e+00,7.462736e-01,5.600863e-01,4.398237e-01,3.594261e-01,3.014064e-01,6.843070e-01,7.932653e-01,8.389555e-01,8.653689e-01,8.811755e-01,9.022511e-01,8.877403e-01,8.850892e-01
7.850000e-04,6.245901e+00,6.211520e+00,1.398765e+00,7.462611e-01,5.600810e-01,4.398309e-01,3.594283e-01,3.014015e-01,6.846820e-01,7.934292e-01,8.391844e-01,8.657508e-01,8.813176e-01,9.024203e-01,8.880559e-01,8.853644e-01
7.900000e-04,6.244952e+00,6.210948e+00,1.397792e+00,7.462596e-01,5.600703e-01,4.398335e-01,3.594344e-01,3.014001e-01,6.850293e-01,7.935245e-01,8.394554e-01,8.660555e-01,8.815408e-01,9.026057e-01,8.883577e-01,8.856403e-01
7.950000e-04,6.244041e+00,6.210400e+00,1.396126e+00,7.462693e-01,5.600622e-01,4.398292e-01,3.594406e-01,3.014030e-01,6.854105e-01,7.936099e-01,8.397341e-01,8.662887e-01,8.818711e-01,9.028009e-01,8.886377e-01,8.859250e-01
8.000000e-04,6.243114e+00,6.209833e+00,1.394358e+00,7.462844e-01,5.600621e-01,4.398211e-01,3.594426e-01,3.014092e-01,6.857380e-01,7.937404e-01,8.400327e-01,8.665116e-01,8.822894e-01,9.030102e-01,8.889056e-01,8.862116e-01
8.050000e-04,6.242163e+00,6.209248e+00,1.392681e+00,7.462976e-01,5.600696e-01,4.398153e-01,3.594389e-01,3.014151e-01,6.859575e-01,7.938938e-01,8.403246e-01,8.667945e-01,8.827409e-01,9.032503e-01,8.891662e-01,8.864875e-01
8.100000e-04,6.241207e+00,6.208660e+00,1.391131e+00,7.463030e-01,5.600798e-01,4.398159e-01,3.594323e-01,3.014172e-01,6.861967e-01,7.940355e-01,8.405609e-01,8.671570e-01,8.831695e-01,9.035437e-01,8.894172e-01,8.867472e-01
8.150000e-04,6.240258e+00,6.208023e+00,1.389532e+00,7.462974e-01,5.600883e-01,4.398218e-01,3.594280e-01,3.014146e-01,6.864321e-01,7.942748e-01,8.407526e-01,8.675827e-01,8.835443e-01,9.038994e-01,8.896557e-01,8.869967e-01
8.200000e-04,6.239307e+00,6.207381e+00,1.387706e+00,7.462832e-01,5.600910e-01,4.398294e-01,3.594288e-01,3.014097e-01,6.866926e-01,7.946037e-01,8.409757e-01,8.680488e-01,8.838737e-01,9.043067e-01,8.898805e-01,8.872380e-01
8.250000e-04,6.238356e+00,6.206739e+00,1.385753e+00,7.462683e-01,5.600857e-01,4.398354e-01,3.594336e-01,3.014069e-01,6.869680e-01,7.948682e-01,8.412728e-01,8.685081e-01,8.841914e-01,9.047419e-01,8.900986e-01,8.874715e-01
8.300000e-04,6.237389e+00,6.206094e+00,1.383810e+00,7.462620e-01,5.600740e-01,4.398367e-01,3.594395e-01,3.014082e-01,6.872687e-01,7.951210e-01,8.416068e-01,8.689050e-01,8.845342e-01,9.051815e-01,8.903294e-01,8.876859e-01
8.350000e-04,6.236408e+00,6.205453e+00,1.381944e+00,7.462677e-01,5.600626e-01,4.398317e-01,3.594441e-01,3.014125e-01,6.875853e-01,7.953917e-01,8.419941e-01,8.692334e-01,8.849291e-01,9.056031e-01,8.905845e-01,8.878784e-01
8.400000e-04,6.235433e+00,6.204836e+00,1.380023e+00,7.462806e-01,5.600591e-01,4.398219e-01,3.594447e-01,3.014177e-01,6.879285e-01,7.956431e-01,8.424416e-01,8.695426e-01,8.853776e-01,9.059888e-01,8.908564e-01,8.880645e-01
8.450000e-04,6.234455e+00,6.204220e+00,1.377960e+00,7.462915e-01,5.600654e-01,4.398132e-01,3.594399e-01,3.014215e-01,6.883135e-01,7.959130e-01,8.428725e-01,8.698839e-01,8.858430e-01,9.063300e-01,8.911226e-01,8.882705e-01
8.500000e-04,6.233461e+00,6.203595e+00,1.375950e+00,7.462936e-01,5.600764e-01,4.398118e-01,3.594315e-01,3.014218e-01,6.887363e-01,7.962362e-01,8.432492e-01,8.702788e-01,8.862716e-01,9.066276e-01,8.913592e-01,8.885126e-01
8.550000e-04,6.232447e+00,6.202947e+00,1.373962e+00,7.462867e-01,5.600846e-01,4.398181e-01,3.594249e-01,3.014174e-01,6.892023e-01,7.965553e-01,8.435925e-01,8.707458e-01,8.866332e-01,9.069008e-01,8.915543e-01,8.887772e-01
8.600000e-04,6.231392e+00,6.202286e+00,1.373073e+00,7.462762e-01,5.600862e-01,4.398270e-01,3.594249e-01,3.014103e-01,6.896230e-01,7.968870e-01,8.439420e-01,8.712643e-01,8.869403e-01,9.071747e-01,8.917111e-01,8.890410e-01
8.650000e-04,6.230325e+00,6.201639e+00,1.372680e+00,7.462685e-01,5.600812e-01,4.398332e-01,3.594308e-01,3.014055e-01,6.900830e-01,7.972413e-01,8.443313e-01,8.717653e-01,8.872238e-01,9.074533e-01,8.918237e-01,8.892816e-01
8.700000e-04,6.229242e+00,6.200977e+00,1.371814e+00,7.462683e-01,5.600730e-01,4.398341e-01,3.594382e-01,3.014064e-01,6.905744e-01,7.976276e-01,8.447649e-01,8.722003e-01,8.875174e-01,9.077182e-01,8.918857e-01,8.894874e-01
8.750000e-04,6.228102e+00,6.200261e+00,1.370404e+00,7.462770e-01,5.600668e-01,4.398298e-01,3.594430e-01,3.014119e-01,6.910728e-01,7.980353e-01,8.452034e-01,8.725627e-01,8.878526e-01,9.079510e-01,8.918997e-01,8.896546e-01
8.800000e-04,6.226893e+00,6.199489e+00,1.368731e+00,7.462910e-01,5.600663e-01,4.398230e-01,3.594434e-01,3.014181e-01,6.915912e-01,7.984196e-01,8.456137e-01,8.728729e-01,8.882281e-01,9.081472e-01,8.918818e-01,8.897717e-01
8.850000e-04,6.225622e+00,6.198652e+00,1.365813e+00,7.463009e-01,5.600725e-01,4.398181e-01,3.594394e-01,3.014219e-01,6.920979e-01,7.987993e-01,8.459972e-01,8.731775e-01,8.886077e-01,9.083130e-01,8.918549e-01,8.898287e-01
8.900000e-04,6.224284e+00,6.197743e+00,1.362123e+00,7.462983e-01,5.600821e-01,4.398180e-01,3.594336e-01,3.014220e-01,6.926263e-01,7.992364e-01,8.463783e-01,8.735130e-01,8.889522e-01,9.084678e-01,8.918252e-01,8.898366e-01
8.950000e-04,6.222862e+00,6.196748e+00,1.358121e+00,7.462851e-01,5.600883e-01,4.398230e-01,3.594295e-01,3.014184e-01,6.931570e-01,7.997020e-01,8.467724e-01,8.738670e-01,8.892383e-01,9.086338e-01,8.918043e-01,8.898243e-01
9.000000e-04,6.221348e+00,6.195681e+00,1.353792e+00,7.462706e-01,5.600858e-01,4.398302e-01,3.594297e-01,3.014132e-01,6.936502e-01,8.001688e-01,8.471453e-01,8.742003e-01,8.894636e-01,9.088203e-01,8.917920e-01,8.898074e-01
9.050000e-04,6.219744e+00,6.194536e+00,1.349049e+00,7.462630e-01,5.600762e-01,4.398344e-01,3.594340e-01,3.014098e-01,6.941307e-01,8.006131e-01,8.474840e-01,8.744831e-01,8.896484e-01,9.090226e-01,8.917823e-01,8.897793e-01
9.100000e-04,6.218019e+00,6.193200e+00,1.343988e+00,7.462647e-01,5.600663e-01,4.398319e-01,3.594397e-01,3.014100e-01,6.946100e-01,8.010273e-01,8.478391e-01,8.747178e-01,8.898215e-01,9.092290e-01,8.917828e-01,8.897365e-01
9.150000e-04,6.216182e+00,6.191695e+00,1.338622e+00,7.462737e-01,5.600620e-01,4.398244e-01,3.594427e-01,3.014136e-01,6.951052e-01,8.014453e-01,8.482359e-01,8.749302e-01,8.899976e-01,9.094216e-01,8.917959e-01,8.896684e-01
9.200000e-04,6.214230e+00,6.190072e+00,1.332879e+00,7.462859e-01,5.600647e-01,4.398173e-01,3.594405e-01,3.014183e-01,6.956464e-01,8.018334e-01,8.486237e-01,8.751337e-01,8.901700e-01,9.095823e-01,8.918207e-01,8.895843e-01
9.250000e-04,6.212222e+00,6.188350e+00,1.326590e+00,7.462952e-01,5.600722e-01,4.398148e-01,3.594344e-01,3.014204e-01,6.962823e-01,8.021930e-01,8.489467e-01,8.753355e-01,8.903235e-01,9.097029e-01,8.918606e-01,8.894868e-01
9.300000e-04,6.210166e+00,6.186555e+00,1.320028e+00,7.462961e-01,5.600815e-01,4.398177e-01,3.594289e-01,3.014178e-01,6.969021e-01,8.025396e-01,8.492031e-01,8.755540e-01,8.904514e-01,9.097822e-01,8.919198e-01,8.893805e-01
9.350000e-04,6.208698e+00,6.184810e+00,1.312821e+00,7.462884e-01,5.600877e-01,4.398241e-01,3.594275e-01,3.014117e-01,6.974640e-01,8.028540e-01,8.494192e-01,8.757925e-01,8.905558e-01,9.098243e-01,8.919945e-01,8.892681e-01
9.400000e-04,6.207283e+00,6.182761e+00,1.304524e+00,7.462772e-01,5.600871e-01,4.398312e-01,3.594303e-01,3.014060e-01,6.980539e-01,8.031865e-01,8.496300e-01,8.760257e-01,8.906410e-01,9.098366e-01,8.920799e-01,8.891540e-01
9.450000e-04,6.205652e+00,6.180272e+00,1.295821e+00,7.462699e-01,5.600799e-01,4.398354e-01,3.594357e-01,3.014035e-01,6.986097e-01,8.035598e-01,8.498403e-01,8.762183e-01,8.907152e-01,9.098314e-01,8.921666e-01,8.890407e-01
9.500000e-04,6.204001e+00,6.177543e+00,1.286872e+00,7.462714e-01,5.600710e-01,4.398338e-01,3.594414e-01,3.014043e-01,6.991430e-01,8.038583e-01,8.500570e-01,8.763480e-01,8.907887e-01,9.098220e-01,8.922355e-01,8.889330e-01
9.550000e-04,6.202476e+00,6.174778e+00,1.277488e+00,7.462803e-01,5.600659e-01,4.398275e-01,3.594443e-01,3.014070e-01,6.996626e-01,8.041001e-01,8.502325e-01,8.764205e-01,8.908670e-01,9.098113e-01,8.922789e-01,8.888319e-01
9.600000e-04,6.200917e+00,6.171756e+00,1.267652e+00,7.462897e-01,5.600672e-01,4.398206e-01,3.594423e-01,3.014095e-01,7.001733e-01,8.043578e-01,8.503713e-01,8.764624e-01,8.909424e-01,9.097952e-01,8.922948e-01,8.887324e-01
9.650000e-04,6.199351e+00,6.168613e+00,1.258423e+00,7.462928e-01,5.600736e-01,4.398171e-01,3.594367e-01,3.014091e-01,7.007229e-01,8.046591e-01,8.505068e-01,8.765086e-01,8.909981e-01,9.097634e-01,8.922936e-01,8.886255e-01
9.700000e-04,6.197801e+00,6.165298e+00,1.248742e+00,7.462878e-01,5.600806e-01,4.398185e-01,3.594311e-01,3.014041e-01,7.013232e-01,8.048983e-01,8.506052e-01,8.765646e-01,8.910225e-01,9.097187e-01,8.922864e-01,8.885008e-01
9.750000e-04,6.196244e+00,6.162350e+00,1.249092e+00,7.462783e-01,5.600834e-01,4.398236e-01,3.594286e-01,3.013961e-01,7.018882e-01,8.050769e-01,8.506278e-01,8.766067e-01,8.910126e-01,9.096704e-01,8.922793e-01,8.883534e-01
9.800000e-04,6.194684e+00,6.159981e+00,1.259798e+00,7.462697e-01,5.600803e-01,4.398291e-01,3.594301e-01,3.013884e-01,7.022476e-01,8.052357e-01,8.506424e-01,8.766281e-01,8.909779e-01,9.096234e-01,8.922695e-01,8.881878e-01
9.850000e-04,6.193108e+00,6.157664e+00,1.270859e+00,7.462667e-01,5.600738e-01,4.398313e-01,3.594344e-01,3.013832e-01,7.028424e-01,8.054037e-01,8.507403e-01,8.766380e-01,8.909371e-01,9.095739e-01,8.922491e-01,8.880161e-01
9.900000e-04,6.191495e+00,6.155373e+00,1.282469e+00,7.462717e-01,5.600680e-01,4.398289e-01,3.594390e-01,3.013811e-01,7.033465e-01,8.056291e-01,8.508550e-01,8.766157e-01,8.908946e-01,9.095168e-01,8.922159e-01,8.878493e-01
9.950000e-04,6.189870e+00,6.153193e+00,1.293983e+00,7.462826e-01,5.600663e-01,4.398238e-01,3.594408e-01,3.013812e-01,7.038725e-01,8.058127e-01,8.508976e-01,8.765428e-01,8.908429e-01,9.094515e-01,8.921764e-01,8.876920e-01
1.000000e-03,6.188285e+00,6.151233e+00,1.304917e+00,7.462927e-01,5.600701e-01,4.398196e-01,3.594387e-01,3.013802e-01,7.043901e-01,8.058650e-01,8.508559e-01,8.764596e-01,8.907912e-01,9.093797e-01,8.921337e-01,8.875363e-01
1.005000e-03,6.186726e+00,6.149468e+00,1.314976e+00,7.462963e-01,5.600776e-01,4.398186e-01,3.594346e-01,3.013779e-01,7.048484e-01,8.059669e-01,8.507469e-01,8.764173e-01,8.907465e-01,9.092959e-01,8.920844e-01,8.873903e-01
1.010000e-03,6.185215e+00,6.147916e+00,1.323433e+00,7.462921e-01,5.600842e-01,4.398218e-01,3.594312e-01,3.013723e-01,7.053930e-01,8.060701e-01,8.506882e-01,8.764076e-01,8.906869e-01,9.091905e-01,8.920243e-01,8.872515e-01
1.015000e-03,6.183773e+00,6.146466e+00,1.331440e+00,7.462827e-01,5.600859e-01,4.398274e-01,3.594306e-01,3.013639e-01,7.060356e-01,8.061532e-01,8.506869e-01,8.763984e-01,8.905991e-01,9.090661e-01,8.919606e-01,8.871241e-01
1.020000e-03,6.182354e+00,6.145091e+00,1.339389e+00,7.462730e-01,5.600819e-01,4.398321e-01,3.594333e-01,3.013559e-01,7.066166e-01,8.062590e-01,8.506307e-01,8.763307e-01,8.905082e-01,9.089400e-01,8.918901e-01,8.870038e-01
1.025000e-03,6.180980e+00,6.143779e+00,1.346806e+00,7.462681e-01,5.600746e-01,4.398327e-01,3.594378e-01,3.013504e-01,7.070376e-01,8.062516e-01,8.505478e-01,8.761745e-01,8.904450e-01,9.088227e-01,8.918014e-01,8.868920e-01
1.030000e-03,6.179662e+00,6.142572e+00,1.353282e+00,7.462708e-01,5.600676e-01,4.398291e-01,3.594412e-01,3.013485e-01,7.075351e-01,8.062018e-01,8.504855e-01,8.760077e-01,8.904166e-01,9.087094e-01,8.916881e-01,8.867937e-01
1.035000e-03,6.178373e+00,6.141371e+00,1.359916e+00,7.462790e-01,5.600646e-01,4.398233e-01,3.594414e-01,3.013481e-01,7.079895e-01,8.063349e-01,8.504702e-01,8.758837e-01,8.903937e-01,9.085964e-01,8.915521e-01,8.867084e-01
1.040000e-03,6.177154e+00,6.140184e+00,1.367005e+00,7.462870e-01,5.600675e-01,4.398181e-01,3.594382e-01,3.013468e-01,7.084119e-01,8.065034e-01,8.504752e-01,8.757870e-01,8.903285e-01,9.084965e-01,8.914065e-01,8.866301e-01
1.045000e-03,6.175933e+00,6.139059e+00,1.374226e+00,7.462899e-01,5.600747e-01,4.398163e-01,3.594334e-01,3.013423e-01,7.087423e-01,8.064857e-01,8.503875e-01,8.757026e-01,8.902159e-01,9.084230e-01,8.912620e-01,8.865479e-01
1.050000e-03,6.174746e+00,6.138036e+00,1.381275e+00,7.462866e-01,5.600811e-01,4.398194e-01,3.594293e-01,3.013344e-01,7.090133e-01,8.065330e-01,8.501888e-01,8.756152e-01,8.900873e-01,9.083669e-01,8.911240e-01,8.864562e-01
1.055000e-03,6.173621e+00,6.137094e+00,1.387728e+00,7.462796e-01,5.600832e-01,4.398254e-01,3.594283e-01,3.013255e-01,7.092764e-01,8.067152e-01,8.500465e-01,8.755418e-01,8.899603e-01,9.083018e-01,8.909977e-01,8.863597e-01
1.060000e-03,6.172552e+00,6.136223e+00,1.393728e+00,7.462733e-01,5.600803e-01,4.398304e-01,3.594313e-01,3.013175e-01,7.096208e-01,8.068649e-01,8.500177e-01,8.754903e-01,8.898405e-01,9.082112e-01,8.908936e-01,8.862667e-01
1.065000e-03,6.171540e+00,6.135438e+00,1.399343e+00,7.462720e-01,5.600748e-01,4.398316e-01,3.594365e-01,3.013123e-01,7.099592e-01,8.069595e-01,8.499865e-01,8.753842e-01,8.897358e-01,9.081045e-01,8.908130e-01,8.861831e-01
1.070000e-03,6.170606e+00,6.134748e+00,1.404318e+00,7.462771e-01,5.600699e-01,4.398289e-01,3.594405e-01,3.013107e-01,7.103294e-01,8.070013e-01,8.499448e-01,8.751880e-01,8.896602e-01,9.080017e-01,8.907414e-01,8.861104e-01
1.075000e-03,6.169736e+00,6.134140e+00,1.408751e+00,7.462855e-01,5.600687e-01,4.398244e-01,3.594411e-01,3.013111e-01,7.107278e-01,8.070222e-01,8.499380e-01,8.749977e-01,8.896224e-01,9.079064e-01,8.906631e-01,8.860568e-01
1.080000e-03,6.168926e+00,6.133577e+00,1.412869e+00,7.462920e-01,5.600722e-01,4.398207e-01,3.594386e-01,3.013105e-01,7.110646e-01,8.070923e-01,8.499776e-01,8.748759e-01,8.895898e-01,9.078075e-01,8.905768e-01,8.860245e-01
1.085000e-03,6.168176e+00,6.133058e+00,1.416307e+00,7.462921e-01,5.600781e-01,4.398198e-01,3.594347e-01,3.013074e-01,7.113833e-01,8.071912e-01,8.500167e-01,8.747893e-01,8.895066e-01,9.077036e-01,8.904982e-01,8.860107e-01
1.090000e-03,6.167479e+00,6.132552e+00,1.419415e+00,7.462854e-01,5.600824e-01,4.398226e-01,3.594316e-01,3.013021e-01,7.116923e-01,8.072788e-01,8.499808e-01,8.747353e-01,8.893700e-01,9.076125e-01,8.904380e-01,8.860040e-01
1.095000e-03,6.166828e+00,6.132096e+00,1.421139e+00,7.462756e-01,5.600823e-01,4.398272e-01,3.594310e-01,3.012961e-01,7.119776e-01,8.073926e-01,8.498821e-01,8.747285e-01,8.892291e-01,9.075493e-01,8.903928e-01,8.859924e-01
1.100000e-03,6.166217e+00,6.131658e+00,1.422400e+00,7.462686e-01,5.600774e-01,4.398303e-01,3.594334e-01,3.012913e-01,7.122187e-01,8.075152e-01,8.498259e-01,8.747475e-01,8.891073e-01,9.074965e-01,8.903520e-01,8.859765e-01
1.105000e-03,6.165634e+00,6.131261e+00,1.422257e+00,7.462686e-01,5.600706e-01,4.398299e-01,3.594372e-01,3.012890e-01,7.124165e-01,8.076101e-01,8.498334e-01,8.747605e-01,8.890017e-01,9.074217e-01,8.903094e-01,8.859641e-01
1.110000e-03,6.165073e+00,6.130876e+00,1.422032e+00,7.462751e-01,5.600663e-01,4.398260e-01,3.594396e-01,3.012895e-01,7.125757e-01,8.076859e-01,8.498677e-01,8.747327e-01,8.889288e-01,9.073188e-01,8.902717e-01,8.859597e-01
1.115000e-03,6.164531e+00,6.130506e+00,1.421657e+00,7.462837e-01,5.600671e-01,4.398210e-01,3.594391e-01,3.012914e-01,7.126905e-01,8.077694e-01,8.499320e-01,8.746565e-01,8.889090e-01,9.072057e-01,8.902430e-01,8.859585e-01
1.120000e-03,6.164023e+00,6.130172e+00,1.421140e+00,7.462900e-01,5.600725e-01,4.398181e-01,3.594359e-01,3.012923e-01,7.127805e-01,8.078615e-01,8.500002e-01,8.745725e-01,8.889340e-01,9.070911e-01,8.902124e-01,8.859511e-01
1.125000e-03,6.163562e+00,6.129843e+00,1.420434e+00,7.462913e-01,5.600790e-01,4.398193e-01,3.594320e-01,3.012906e-01,7.128490e-01,8.079440e-01,8.500451e-01,8.745158e-01,8.889657e-01,9.069706e-01,8.901646e-01,8.859383e-01
1.130000e-03,6.163138e+00,6.129526e+00,1.419623e+00,7.462870e-01,5.600832e-01,4.398238e-01,3.594299e-01,3.012866e-01,7.129225e-01,8.080087e-01,8.500788e-01,8.745087e-01,8.889663e-01,9.068490e-01,8.901008e-01,8.859233e-01
1.135000e-03,6.162750e+00,6.129228e+00,1.418766e+00,7.462796e-01,5.600833e-01,4.398288e-01,3.594312e-01,3.012823e-01,7.129809e-01,8.080635e-01,8.501181e-01,8.745584e-01,8.889275e-01,9.067470e-01,8.900306e-01,8.859012e-01
1.140000e-03,6.162391e+00,6.128944e+00,1.417926e+00,7.462737e-01,5.600793e-01,4.398317e-01,3.594350e-01,3.012797e-01,7.129972e-01,8.081082e-01,8.501833e-01,8.746258e-01,8.888581e-01,9.066797e-01,8.899513e-01,8.858613e-01
1.145000e-03,6.162061e+00,6.128680e+00,1.417207e+00,7.462732e-01,5.600732e-01,4.398311e-01,3.594390e-01,3.012800e-01,7.130150e-01,8.081256e-01,8.502723e-01,8.746699e-01,8.887698e-01,9.066369e-01,8.898533e-01,8.858043e-01
1.150000e-03,6.161760e+00,6.128441e+00,1.416742e+00,7.462781e-01,5.600688e-01,4.398275e-01,3.594410e-01,3.012823e-01,7.130289e-01,8.081304e-01,8.503625e-01,8.746875e-01,8.886856e-01,9.065919e-01,8.897400e-01,8.857400e-01
1.155000e-03,6.161489e+00,6.128230e+00,1.416339e+00,7.462848e-01,5.600688e-01,4.398226e-01,3.594402e-01,3.012846e-01,7.130578e-01,8.081375e-01,8.504357e-01,8.746976e-01,8.886287e-01,9.065213e-01,8.896299e-01,8.856727e-01
1.160000e-03,6.161249e+00,6.128042e+00,1.415962e+00,7.462886e-01,5.600728e-01,4.398194e-01,3.594368e-01,3.012852e-01,7.130667e-01,8.081094e-01,8.504827e-01,8.747231e-01,8.886026e-01,9.064144e-01,8.895322e-01,8.855974e-01
1.165000e-03,6.161041e+00,6.127875e+00,1.415587e+00,7.462870e-01,5.600779e-01,4.398198e-01,3.594328e-01,3.012835e-01,7.130723e-01,8.080562e-01,8.505001e-01,8.747777e-01,8.885937e-01,9.062724e-01,8.894418e-01,8.855102e-01
1.170000e-03,6.160866e+00,6.127732e+00,1.415203e+00,7.462810e-01,5.600808e-01,4.398232e-01,3.594304e-01,3.012799e-01,7.130655e-01,8.080192e-01,8.505045e-01,8.748564e-01,8.885869e-01,9.061081e-01,8.893428e-01,8.854245e-01
1.175000e-03,6.160724e+00,6.127611e+00,1.414802e+00,7.462743e-01,5.600798e-01,4.398273e-01,3.594311e-01,3.012760e-01,7.130518e-01,8.079821e-01,8.505183e-01,8.749366e-01,8.885767e-01,9.059427e-01,8.892248e-01,8.853506e-01
1.180000e-03,6.160607e+00,6.127508e+00,1.414406e+00,7.462714e-01,5.600757e-01,4.398295e-01,3.594341e-01,3.012738e-01,7.130310e-01,8.079265e-01,8.505308e-01,8.749889e-01,8.885682e-01,9.057942e-01,8.890839e-01,8.852917e-01
1.185000e-03,6.160513e+00,6.127422e+00,1.414032e+00,7.462741e-01,5.600711e-01,4.398286e-01,3.594375e-01,3.012743e-01,7.129958e-01,8.078573e-01,8.505285e-01,8.749966e-01,8.885695e-01,9.056710e-01,8.889219e-01,8.852432e-01
1.190000e-03,6.160442e+00,6.127354e+00,1.413675e+00,7.462810e-01,5.600692e-01,4.398254e-01,3.594391e-01,3.012767e-01,7.129530e-01,8.077831e-01,8.505122e-01,8.749747e-01,8.885834e-01,9.055741e-01,8.887436e-01,8.851978e-01
1.195000e-03,6.160394e+00,6.127304e+00,1.413335e+00,7.462881e-01,5.600712e-01,4.398219e-01,3.594383e-01,3.012792e-01,7.129063e-01,8.077019e-01,8.504859e-01,8.749526e-01,8.886030e-01,9.054996e-01,8.885552e-01,8.851482e-01
1.200000e-03,6.160370e+00,6.127271e+00,1.413008e+00,7.462915e-01,5.600761e-01,4.398206e-01,3.594356e-01,3.012804e-01,7.128555e-01,8.076214e-01,8.504410e-01,8.749417e-01,8.886104e-01,9.054381e-01,8.883624e-01,8.850890e-01
1.205000e-03,6.160373e+00,6.127255e+00,1.412688e+00,7.462893e-01,5.600808e-01,4.398224e-01,3.594329e-01,3.012795e-01,7.127977e-01,8.075447e-01,8.503698e-01,8.749334e-01,8.885902e-01,9.053796e-01,8.881702e-01,8.850186e-01
1.210000e-03,6.160401e+00,6.127255e+00,1.412368e+00,7.462828e-01,5.600826e-01,4.398261e-01,3.594319e-01,3.012772e-01,7.127304e-01,8.074656e-01,8.502785e-01,8.749158e-01,8.885444e-01,9.053190e-01,8.879849e-01,8.849377e-01
1.215000e-03,6.160454e+00,6.127271e+00,1.412048e+00,7.462757e-01,5.600804e-01,4.398294e-01,3.594334e-01,3.012749e-01,7.126520e-01,8.073810e-01,8.501814e-01,8.748802e-01,8.884858e-01,9.052537e-01,8.878105e-01,8.848480e-01
1.220000e-03,6.160529e+00,6.127303e+00,1.411731e+00,7.462721e-01,5.600754e-01,4.398304e-01,3.594364e-01,3.012743e-01,7.125633e-01,8.072868e-01,8.500925e-01,8.748202e-01,8.884213e-01,9.051759e-01,8.876480e-01,8.847497e-01
1.225000e-03,6.160625e+00,6.127349e+00,1.411423e+00,7.462736e-01,5.600704e-01,4.398284e-01,3.594389e-01,3.012759e-01,7.124662e-01,8.071788e-01,8.500128e-01,8.747347e-01,8.883512e-01,9.050834e-01,8.874893e-01,8.846448e-01
1.230000e-03,6.160741e+00,6.127412e+00,1.411127e+00,7.462788e-01,5.600683e-01,4.398245e-01,3.594394e-01,3.012786e-01,7.123633e-01,8.070591e-01,8.499305e-01,8.746296e-01,8.882744e-01,9.049784e-01,8.873325e-01,8.845401e-01
1.235000e-03,6.160880e+00,6.127490e+00,1.410843e+00,7.462846e-01,5.600699e-01,4.398208e-01,3.594376e-01,3.012808e-01,7.122555e-01,8.069327e-01,8.498316e-01,8.745166e-01,8.881879e-01,9.048640e-01,8.871707e-01,8.844401e-01
1.240000e-03,6.161042e+00,6.127584e+00,1.410563e+00,7.462876e-01,5.600744e-01,4.398195e-01,3.594344e-01,3.012814e-01,7.121404e-01,8.068034e-01,8.497082e-01,8.744089e-01,8.880858e-01,9.047390e-01,8.870040e-01,8.843467e-01
1.245000e-03,6.161229e+00,6.127695e+00,1.410282e+00,7.462861e-01,5.600790e-01,4.398212e-01,3.594315e-01,3.012803e-01,7.120149e-01,8.066737e-01,8.495615e-01,8.743111e-01,8.879644e-01,9.046014e-01,8.868391e-01,8.842578e-01
1.250000e-03,6.161440e+00,6.127821e+00,1.409987e+00,7.462812e-01,5.600812e-01,4.398250e-01,3.594307e-01,3.012781e-01,7.118762e-01,8.065422e-01,8.494012e-01,8.742149e-01,8.878263e-01,9.044538e-01,8.866802e-01,8.841690e-01
1.255000e-03,6.161676e+00,6.127964e+00,1.409679e+00,7.462765e-01,5.600797e-01,4.398286e-01,3.594325e-01,3.012764e-01,7.117244e-01,8.064040e-01,8.492393e-01,8.741046e-01,8.876801e-01,9.043018e-01,8.865322e-01,8.840758e-01
1.260000e-03,6.161938e+00,6.128128e+00,1.409351e+00,7.462751e-01,5.600758e-01,4.398300e-01,3.594358e-01,3.012766e-01,7.115607e-01,8.062548e-01,8.490839e-01,8.739660e-01,8.875353e-01,9.041494e-01,8.863909e-01,8.839774e-01
1.265000e-03,6.162223e+00,6.128306e+00,1.408997e+00,7.462777e-01,5.600721e-01,4.398286e-01,3.594387e-01,3.012790e-01,7.113911e-01,8.060937e-01,8.489337e-01,8.737954e-01,8.873971e-01,9.039971e-01,8.862484e-01,8.838749e-01
1.270000e-03,6.162530e+00,6.128502e+00,1.408634e+00,7.462828e-01,5.600709e-01,4.398253e-01,3.594396e-01,3.012826e-01,7.112144e-01,8.059233e-01,8.487796e-01,8.736023e-01,8.872631e-01,9.038450e-01,8.861091e-01,8.837723e-01
1.275000e-03,6.162860e+00,6.128713e+00,1.408386e+00,7.462874e-01,5.600727e-01,4.398224e-01,3.594381e-01,3.012857e-01,7.110283e-01,8.057469e-01,8.486097e-01,8.734030e-01,8.871255e-01,9.036942e-01,8.859787e-01,8.836663e-01
1.280000e-03,6.163214e+00,6.128938e+00,1.408308e+00,7.462884e-01,5.600764e-01,4.398216e-01,3.594353e-01,3.012872e-01,7.108349e-01,8.055683e-01,8.484177e-01,8.732115e-01,8.869748e-01,9.035476e-01,8.858644e-01,8.835532e-01
1.285000e-03,6.163594e+00,6.129181e+00,1.408253e+00,7.462848e-01,5.600795e-01,4.398231e-01,3.594329e-01,3.012867e-01,7.106440e-01,8.053884e-01,8.482065e-01,8.730318e-01,8.868057e-01,9.034071e-01,8.857691e-01,8.834317e-01
1.290000e-03,6.163999e+00,6.129441e+00,1.408206e+00,7.462785e-01,5.600802e-01,4.398259e-01,3.594323e-01,3.012853e-01,7.104241e-01,8.052114e-01,8.479859e-01,8.728562e-01,8.866197e-01,9.032729e-01,8.856936e-01,8.833051e-01
1.295000e-03,6.164428e+00,6.129714e+00,1.408114e+00,7.462733e-01,5.600776e-01,4.398283e-01,3.594337e-01,3.012844e-01,7.101917e-01,8.050116e-01,8.477666e-01,8.726714e-01,8.864252e-01,9.031422e-01,8.856367e-01,8.831795e-01
1.300000e-03,6.164882e+00,6.129998e+00,1.408006e+00,7.462724e-01,5.600732e-01,4.398286e-01,3.594360e-01,3.012851e-01,7.099262e-01,8.047934e-01,8.475556e-01,8.724671e-01,8.862323e-01,9.030112e-01,8.855955e-01,8.830602e-01
1.305000e-03,6.165357e+00,6.130293e+00,1.407972e+00,7.462762e-01,5.600698e-01,4.398266e-01,3.594379e-01,3.012875e-01,7.096593e-01,8.045733e-01,8.473525e-01,8.722424e-01,8.860482e-01,9.028759e-01,8.855670e-01,8.829505e-01
1.310000e-03,6.165856e+00,6.130593e+00,1.408033e+00,7.462822e-01,5.600697e-01,4.398233e-01,3.594381e-01,3.012906e-01,7.093878e-01,8.043553e-01,8.471465e-01,8.720067e-01,8.858733e-01,9.027342e-01,8.855496e-01,8.828516e-01
1.315000e-03,6.166386e+00,6.130927e+00,1.407709e+00,7.462872e-01,5.600728e-01,4.398209e-01,3.594363e-01,3.012931e-01,7.091099e-01,8.041396e-01,8.469227e-01,8.717744e-01,8.857016e-01,9.025854e-01,8.855417e-01,8.827625e-01
1.320000e-03,6.166954e+00,6.131286e+00,1.407098e+00,7.462883e-01,5.600773e-01,4.398212e-01,3.594337e-01,3.012943e-01,7.088210e-01,8.039032e-01,8.466750e-01,8.715561e-01,8.855256e-01,9.024314e-01,8.855421e-01,8.826823e-01
1.325000e-03,6.167552e+00,6.131651e+00,1.406254e+00,7.462855e-01,5.600806e-01,4.398238e-01,3.594320e-01,3.012939e-01,7.085256e-01,8.036564e-01,8.464149e-01,8.713546e-01,8.853402e-01,9.022752e-01,8.855460e-01,8.826101e-01
1.330000e-03,6.168170e+00,6.132038e+00,1.404936e+00,7.462805e-01,5.600810e-01,4.398273e-01,3.594323e-01,3.012930e-01,7.082156e-01,8.034207e-01,8.461601e-01,8.711619e-01,8.851468e-01,9.021203e-01,8.855557e-01,8.825456e-01
1.335000e-03,6.168807e+00,6.132456e+00,1.402770e+00,7.462764e-01,5.600784e-01,4.398296e-01,3.594346e-01,3.012932e-01,7.078686e-01,8.031718e-01,8.459262e-01,8.709616e-01,8.849516e-01,9.019691e-01,8.855657e-01,8.824889e-01
1.340000e-03,6.169455e+00,6.132871e+00,1.400527e+00,7.462753e-01,5.600743e-01,4.398295e-01,3.594374e-01,3.012955e-01,7.075001e-01,8.029151e-01,8.457009e-01,8.707411e-01,8.847629e-01,9.018220e-01,8.855727e-01,8.824407e-01
1.345000e-03,6.170112e+00,6.133320e+00,1.397458e+00,7.462777e-01,5.600712e-01,4.398271e-01,3.594390e-01,3.012994e-01,7.071193e-01,8.026630e-01,8.454746e-01,8.705015e-01,8.845867e-01,9.016779e-01,8.855794e-01,8.824016e-01
1.350000e-03,6.170795e+00,6.133805e+00,1.394015e+00,7.462822e-01,5.600706e-01,4.398238e-01,3.594387e-01,3.013040e-01,7.067198e-01,8.024183e-01,8.452468e-01,8.702622e-01,8.844220e-01,9.015340e-01,8.855806e-01,8.823710e-01
1.355000e-03,6.171499e+00,6.134296e+00,1.390457e+00,7.462856e-01,5.600727e-01,4.398214e-01,3.594366e-01,3.013078e-01,7.063126e-01,8.021665e-01,8.450096e-01,8.700429e-01,8.842606e-01,9.013884e-01,8.855819e-01,8.823467e-01
1.360000e-03,6.172220e+00,6.134797e+00,1.386659e+00,7.462855e-01,5.600763e-01,4.398213e-01,3.594338e-01,3.013100e-01,7.058999e-01,8.019106e-01,8.447635e-01,8.698459e-01,8.840921e-01,9.012425e-01,8.855828e-01,8.823271e-01
1.365000e-03,6.172964e+00,6.135311e+00,1.382781e+00,7.462819e-01,5.600789e-01,4.398233e-01,3.594320e-01,3.013110e-01,7.054732e-01,8.016507e-01,8.445216e-01,8.696621e-01,8.839131e-01,9.011008e-01,8.855855e-01,8.823111e-01
1.370000e-03,6.173735e+00,6.135858e+00,1.378517e+00,7.462774e-01,5.600789e-01,4.398261e-01,3.594321e-01,3.013120e-01,7.050233e-01,8.013843e-01,8.442940e-01,8.694794e-01,8.837322e-01,9.009669e-01,8.855906e-01,8.822994e-01
1.375000e-03,6.174537e+00,6.136431e+00,1.373809e+00,7.462748e-01,5.600764e-01,4.398281e-01,3.594340e-01,3.013142e-01,7.045978e-01,8.011208e-01,8.440806e-01,8.692861e-01,8.835623e-01,9.008416e-01,8.856002e-01,8.822953e-01
1.380000e-03,6.175354e+00,6.137032e+00,1.368973e+00,7.462757e-01,5.600731e-01,4.398280e-01,3.594364e-01,3.013178e-01,7.041568e-01,8.008632e-01,8.438784e-01,8.690803e-01,8.834106e-01,9.007226e-01,8.856120e-01,8.823018e-01
1.385000e-03,6.176177e+00,6.137636e+00,1.363981e+00,7.462798e-01,5.600713e-01,4.398259e-01,3.594379e-01,3.013228e-01,7.037228e-01,8.005907e-01,8.436739e-01,8.688753e-01,8.832770e-01,9.006091e-01,8.856265e-01,8.823186e-01
1.390000e-03,6.177003e+00,6.138260e+00,1.358890e+00,7.462848e-01,5.600721e-01,4.398234e-01,3.594377e-01,3.013281e-01,7.032618e-01,8.003044e-01,8.434580e-01,8.686826e-01,8.831555e-01,9.005035e-01,8.856402e-01,8.823437e-01
1.395000e-03,6.177815e+00,6.138904e+00,1.353975e+00,7.462878e-01,5.600750e-01,4.398222e-01,3.594359e-01,3.013326e-01,7.027678e-01,8.000230e-01,8.432396e-01,8.685094e-01,8.830368e-01,9.004084e-01,8.856531e-01,8.823747e-01
1.400000e-03,6.178622e+00,6.139576e+00,1.349122e+00,7.462868e-01,5.600783e-01,4.398229e-01,3.594339e-01,3.013355e-01,7.022827e-01,7.997789e-01,8.430309e-01,8.683571e-01,8.829152e-01,9.003244e-01,8.856682e-01,8.824099e-01
1.405000e-03,6.179460e+00,6.140288e+00,1.343889e+00,7.462826e-01,5.600801e-01,4.398251e-01,3.594329e-01,3.013372e-01,7.017837e-01,7.995258e-01,8.428123e-01,8.682132e-01,8.827930e-01,9.002521e-01,8.856886e-01,8.824477e-01
1.410000e-03,6.180337e+00,6.141043e+00,1.338289e+00,7.462776e-01,5.600790e-01,4.398275e-01,3.594336e-01,3.013384e-01,7.012918e-01,7.992417e-01,8.425744e-01,8.680616e-01,8.826808e-01,9.001909e-01,8.857160e-01,8.824867e-01
1.415000e-03,6.181235e+00,6.141836e+00,1.332496e+00,7.462746e-01,5.600758e-01,4.398287e-01,3.594354e-01,3.013403e-01,7.008308e-01,7.989520e-01,8.423480e-01,8.679012e-01,8.825895e-01,9.001391e-01,8.857505e-01,8.825263e-01
1.420000e-03,6.182144e+00,6.142639e+00,1.327050e+00,7.462752e-01,5.600723e-01,4.398276e-01,3.594373e-01,3.013435e-01,7.003787e-01,7.986641e-01,8.421657e-01,8.677421e-01,8.825213e-01,9.000956e-01,8.857881e-01,8.825670e-01
1.425000e-03,6.183073e+00,6.143439e+00,1.322225e+00,7.462787e-01,5.600705e-01,4.398250e-01,3.594381e-01,3.013477e-01,6.999462e-01,7.983524e-01,8.420109e-01,8.675852e-01,8.824663e-01,9.000645e-01,8.858258e-01,8.826108e-01
1.430000e-03,6.184013e+00,6.144281e+00,1.317361e+00,7.462830e-01,5.600713e-01,4.398224e-01,3.594371e-01,3.013519e-01,6.995183e-01,7.980159e-01,8.418535e-01,8.674283e-01,8.824127e-01,9.000464e-01,8.858621e-01,8.826574e-01
1.435000e-03,6.184976e+00,6.145182e+00,1.312292e+00,7.462855e-01,5.600742e-01,4.398213e-01,3.594349e-01,3.013551e-01,6.990843e-01,7.976924e-01,8.416654e-01,8.672811e-01,8.823578e-01,9.000426e-01,8.858986e-01,8.827036e-01
1.440000e-03,6.185965e+00,6.146155e+00,1.306876e+00,7.462849e-01,5.600775e-01,4.398222e-01,3.594329e-01,3.013574e-01,6.986685e-01,7.973782e-01,8.414615e-01,8.671620e-01,8.823040e-01,9.000522e-01,8.859391e-01,8.827456e-01
1.445000e-03,6.186983e+00,6.147165e+00,1.301078e+00,7.462818e-01,5.600793e-01,4.398247e-01,3.594322e-01,3.013591e-01,6.982443e-01,7.970590e-01,8.412599e-01,8.670734e-01,8.822503e-01,9.000725e-01,8.859905e-01,8.827797e-01
1.450000e-03,6.188013e+00,6.148175e+00,1.295038e+00,7.462784e-01,5.600787e-01,4.398273e-01,3.594332e-01,3.013610e-01,6.978277e-01,7.967774e-01,8.410582e-01,8.669961e-01,8.821990e-01,9.001024e-01,8.860574e-01,8.828056e-01
1.455000e-03,6.189036e+00,6.149187e+00,1.288990e+00,7.462768e-01,5.600761e-01,4.398285e-01,3.594353e-01,3.013639e-01,6.974337e-01,7.965040e-01,8.408649e-01,8.669133e-01,8.821605e-01,9.001423e-01,8.861374e-01,8.828294e-01
1.460000e-03,6.190066e+00,6.150220e+00,1.282850e+00,7.462780e-01,5.600734e-01,4.398277e-01,3.594374e-01,3.013677e-01,6.969724e-01,7.962313e-01,8.406959e-01,8.668180e-01,8.821437e-01,9.001892e-01,8.862215e-01,8.828591e-01
1.465000e-03,6.191097e+00,6.151277e+00,1.276678e+00,7.462813e-01,5.600721e-01,4.398256e-01,3.594382e-01,3.013718e-01,6.964791e-01,7.959819e-01,8.405417e-01,8.667019e-01,8.821480e-01,9.002354e-01,8.863029e-01,8.828982e-01
1.470000e-03,6.192115e+00,6.152424e+00,1.269700e+00,7.462846e-01,5.600730e-01,4.398234e-01,3.594374e-01,3.013757e-01,6.959381e-01,7.957746e-01,8.403898e-01,8.665730e-01,8.821671e-01,9.002758e-01,8.863829e-01,8.829438e-01
1.475000e-03,6.193132e+00,6.153602e+00,1.262626e+00,7.462857e-01,5.600754e-01,4.398225e-01,3.594355e-01,3.013784e-01,6.954019e-01,7.956039e-01,8.402330e-01,8.664571e-01,8.821915e-01,9.003137e-01,8.864651e-01,8.829888e-01
1.480000e-03,6.194147e+00,6.154834e+00,1.255416e+00,7.462838e-01,5.600778e-01,4.398233e-01,3.594337e-01,3.013801e-01,6.948755e-01,7.954333e-01,8.400714e-01,8.663687e-01,8.822078e-01,9.003584e-01,8.865480e-01,8.830281e-01
1.485000e-03,6.195159e+00,6.156098e+00,1.248141e+00,7.462800e-01,5.600785e-01,4.398252e-01,3.594331e-01,3.013812e-01,6.943878e-01,7.952412e-01,8.399179e-01,8.663052e-01,8.822058e-01,9.004172e-01,8.866269e-01,8.830616e-01
1.490000e-03,6.196185e+00,6.157423e+00,1.240656e+00,7.462763e-01,5.600772e-01,4.398270e-01,3.594338e-01,3.013824e-01,6.939063e-01,7.950753e-01,8.398062e-01,8.662566e-01,8.821863e-01,9.004907e-01,8.866997e-01,8.830940e-01
1.495000e-03,6.197213e+00,6.158813e+00,1.233149e+00,7.462751e-01,5.600745e-01,4.398275e-01,3.594354e-01,3.013837e-01,6.934342e-01,7.948857e-01,8.397505e-01,8.662053e-01,8.821621e-01,9.005728e-01,8.867695e-01,8.831281e-01
1.500000e-03,6.198231e+00,6.160259e+00,1.225562e+00,7.462772e-01,5.600721e-01,4.398264e-01,3.594369e-01,3.013861e-01,6.929835e-01,7.947098e-01,8.397140e-01,8.661358e-01,8.821464e-01,9.006549e-01,8.868413e-01,8.831617e-01
1.505000e-03,6.199238e+00,6.161711e+00,1.218514e+00,7.462813e-01,5.600715e-01,4.398243e-01,3.594372e-01,3.013896e-01,6.925502e-01,7.945488e-01,8.396746e-01,8.660576e-01,8.821439e-01,9.007294e-01,8.869196e-01,8.831910e-01
1.510000e-03,6.200233e+00,6.163206e+00,1.211655e+00,7.462850e-01,5.600732e-01,4.398226e-01,3.594363e-01,3.013928e-01,6.921586e-01,7.943668e-01,8.396202e-01,8.660045e-01,8.821519e-01,9.007912e-01,8.870065e-01,8.832165e-01
1.515000e-03,6.201229e+00,6.165271e+00,1.214833e+00,7.462862e-01,5.600762e-01,4.398224e-01,3.594346e-01,3.013950e-01,6.918178e-01,7.941950e-01,8.395533e-01,8.660000e-01,8.821643e-01,9.008398e-01,8.871003e-01,8.832439e-01
1.520000e-03,6.202228e+00,6.167396e+00,1.220482e+00,7.462845e-01,5.600787e-01,4.398238e-01,3.594333e-01,3.013961e-01,6.914996e-01,7.940593e-01,8.394865e-01,8.660318e-01,8.821733e-01,9.008805e-01,8.871963e-01,8.832796e-01
1.525000e-03,6.203216e+00,6.169398e+00,1.226003e+00,7.462811e-01,5.600793e-01,4.398262e-01,3.594332e-01,3.013966e-01,6.911611e-01,7.938868e-01,8.394304e-01,8.660782e-01,8.821767e-01,9.009230e-01,8.872891e-01,8.833269e-01
1.530000e-03,6.204230e+00,6.171325e+00,1.231254e+00,7.462779e-01,5.600777e-01,4.398280e-01,3.594345e-01,3.013974e-01,6.908634e-01,7.936807e-01,8.393833e-01,8.661160e-01,8.821853e-01,9.009728e-01,8.873732e-01,8.833845e-01
1.535000e-03,6.205232e+00,6.173244e+00,1.236894e+00,7.462768e-01,5.600750e-01,4.398281e-01,3.594364e-01,3.013992e-01,6.905786e-01,7.935270e-01,8.393408e-01,8.661244e-01,8.822125e-01,9.010277e-01,8.874493e-01,8.834480e-01
1.540000e-03,6.206345e+00,6.175334e+00,1.243140e+00,7.462782e-01,5.600726e-01,4.398267e-01,3.594377e-01,3.014017e-01,6.902688e-01,7.934505e-01,8.393140e-01,8.661147e-01,8.822613e-01,9.010827e-01,8.875211e-01,8.835117e-01
1.545000e-03,6.207446e+00,6.177303e+00,1.249222e+00,7.462812e-01,5.600719e-01,4.398245e-01,3.594377e-01,3.014046e-01,6.899609e-01,7.933335e-01,8.392828e-01,8.661100e-01,8.823270e-01,9.011395e-01,8.875921e-01,8.835713e-01
1.550000e-03,6.208518e+00,6.179160e+00,1.255304e+00,7.462837e-01,5.600732e-01,4.398227e-01,3.594364e-01,3.014070e-01,6.896525e-01,7.932084e-01,8.392153e-01,8.661119e-01,8.823975e-01,9.012054e-01,8.876644e-01,8.836284e-01
1.555000e-03,6.209459e+00,6.180769e+00,1.261207e+00,7.462842e-01,5.600756e-01,4.398224e-01,3.594345e-01,3.014081e-01,6.893975e-01,7.931786e-01,8.391429e-01,8.661175e-01,8.824549e-01,9.012850e-01,8.877396e-01,8.836874e-01
1.560000e-03,6.210792e+00,6.182252e+00,1.266589e+00,7.462824e-01,5.600776e-01,4.398236e-01,3.594332e-01,3.014081e-01,6.891760e-01,7.931564e-01,8.391120e-01,8.661313e-01,8.824908e-01,9.013783e-01,8.878183e-01,8.837516e-01
1.565000e-03,6.212253e+00,6.183601e+00,1.271638e+00,7.462794e-01,5.600780e-01,4.398255e-01,3.594330e-01,3.014077e-01,6.889745e-01,7.930787e-01,8.390995e-01,8.661428e-01,8.825105e-01,9.014816e-01,8.879018e-01,8.838220e-01
1.570000e-03,6.213645e+00,6.184872e+00,1.276669e+00,7.462772e-01,5.600766e-01,4.398271e-01,3.594341e-01,3.014079e-01,6.887645e-01,7.930172e-01,8.390904e-01,8.661235e-01,8.825218e-01,9.015867e-01,8.879926e-01,8.838959e-01
1.575000e-03,6.214988e+00,6.186083e+00,1.281703e+00,7.462773e-01,5.600744e-01,4.398273e-01,3.594358e-01,3.014089e-01,6.885982e-01,7.929934e-01,8.391017e-01,8.660792e-01,8.825358e-01,9.016860e-01,8.880917e-01,8.839675e-01
1.580000e-03,6.216268e+00,6.187360e+00,1.287163e+00,7.462797e-01,5.600728e-01,4.398261e-01,3.594371e-01,3.014109e-01,6.883917e-01,7.929610e-01,8.391205e-01,8.660423e-01,8.825630e-01,9.017757e-01,8.881962e-01,8.840358e-01
1.585000e-03,6.217488e+00,6.188582e+00,1.292521e+00,7.462831e-01,5.600729e-01,4.398244e-01,3.594371e-01,3.014130e-01,6.882176e-01,7.929178e-01,8.391198e-01,8.660267e-01,8.825920e-01,9.018508e-01,8.882974e-01,8.841059e-01
1.590000e-03,6.218648e+00,6.189741e+00,1.297697e+00,7.462853e-01,5.600747e-01,4.398232e-01,3.594361e-01,3.014144e-01,6.880699e-01,7.928899e-01,8.390956e-01,8.660400e-01,8.826028e-01,9.019060e-01,8.883858e-01,8.841834e-01
1.595000e-03,6.219784e+00,6.190860e+00,1.302565e+00,7.462851e-01,5.600769e-01,4.398234e-01,3.594347e-01,3.014147e-01,6.879298e-01,7.929188e-01,8.390792e-01,8.660854e-01,8.825931e-01,9.019442e-01,8.884580e-01,8.842674e-01
1.600000e-03,6.220875e+00,6.191907e+00,1.307024e+00,7.462826e-01,5.600783e-01,4.398247e-01,3.594337e-01,3.014139e-01,6.877639e-01,7.929603e-01,8.390801e-01,8.661402e-01,8.825719e-01,9.019726e-01,8.885172e-01,8.843473e-01
1.605000e-03,6.221903e+00,6.192882e+00,1.311200e+00,7.462792e-01,5.600780e-01,4.398264e-01,3.594339e-01,3.014128e-01,6.876059e-01,7.929111e-01,8.390951e-01,8.661755e-01,8.825508e-01,9.019907e-01,8.885663e-01,8.844136e-01
1.610000e-03,6.222882e+00,6.193800e+00,1.315171e+00,7.462767e-01,5.600761e-01,4.398274e-01,3.594351e-01,3.014121e-01,6.874452e-01,7.928645e-01,8.391201e-01,8.661854e-01,8.825470e-01,9.019942e-01,8.886069e-01,8.844683e-01
1.615000e-03,6.223807e+00,6.194605e+00,1.319082e+00,7.462767e-01,5.600736e-01,4.398269e-01,3.594364e-01,3.014124e-01,6.873003e-01,7.928566e-01,8.391745e-01,8.661788e-01,8.825709e-01,9.019867e-01,8.886408e-01,8.845197e-01
1.620000e-03,6.224684e+00,6.195331e+00,1.322794e+00,7.462790e-01,5.600721e-01,4.398254e-01,3.594371e-01,3.014135e-01,6.871664e-01,7.928208e-01,8.392549e-01,8.661716e-01,8.826122e-01,9.019783e-01,8.886672e-01,8.845730e-01
1.625000e-03,6.225509e+00,6.196007e+00,1.326318e+00,7.462821e-01,5.600724e-01,4.398236e-01,3.594367e-01,3.014148e-01,6.870488e-01,7.928054e-01,8.392897e-01,8.661785e-01,8.826521e-01,9.019784e-01,8.886833e-01,8.846290e-01
1.630000e-03,6.226293e+00,6.196646e+00,1.329597e+00,7.462841e-01,5.600743e-01,4.398225e-01,3.594354e-01,3.014155e-01,6.869336e-01,7.927851e-01,8.392802e-01,8.662047e-01,8.826800e-01,9.019944e-01,8.886862e-01,8.846864e-01
1.635000e-03,6.227036e+00,6.197242e+00,1.332646e+00,7.462840e-01,5.600766e-01,4.398230e-01,3.594339e-01,3.014153e-01,6.868335e-01,7.927588e-01,8.392739e-01,8.662659e-01,8.826944e-01,9.020283e-01,8.886771e-01,8.847417e-01
1.640000e-03,6.227735e+00,6.197796e+00,1.335568e+00,7.462821e-01,5.600780e-01,4.398246e-01,3.594332e-01,3.014143e-01,6.867472e-01,7.927461e-01,8.392931e-01,8.663529e-01,8.826979e-01,9.020755e-01,8.886602e-01,8.847865e-01
1.645000e-03,6.228407e+00,6.198329e+00,1.338342e+00,7.462795e-01,5.600778e-01,4.398264e-01,3.594337e-01,3.014132e-01,6.866648e-01,7.927563e-01,8.393304e-01,8.664195e-01,8.826955e-01,9.021295e-01,8.886427e-01,8.848122e-01
1.650000e-03,6.229043e+00,6.198840e+00,1.341042e+00,7.462781e-01,5.600762e-01,4.398274e-01,3.594351e-01,3.014127e-01,6.865762e-01,7.927519e-01,8.393590e-01,8.664454e-01,8.827045e-01,9.021854e-01,8.886329e-01,8.848186e-01
1.655000e-03,6.229639e+00,6.199325e+00,1.343634e+00,7.462785e-01,5.600742e-01,4.398270e-01,3.594366e-01,3.014132e-01,6.864981e-01,7.927480e-01,8.393719e-01,8.664427e-01,8.827465e-01,9.022366e-01,8.886330e-01,8.848130e-01
1.660000e-03,6.230194e+00,6.199769e+00,1.345555e+00,7.462805e-01,5.600730e-01,4.398256e-01,3.594373e-01,3.014144e-01,6.864323e-01,7.927665e-01,8.393810e-01,8.664359e-01,8.828173e-01,9.022738e-01,8.886359e-01,8.848078e-01
1.665000e-03,6.230715e+00,6.200192e+00,1.347348e+00,7.462828e-01,5.600733e-01,4.398240e-01,3.594369e-01,3.014156e-01,6.863841e-01,7.927966e-01,8.393959e-01,8.664489e-01,8.828891e-01,9.022941e-01,8.886333e-01,8.848131e-01
1.670000e-03,6.231202e+00,6.200586e+00,1.348984e+00,7.462839e-01,5.600748e-01,4.398231e-01,3.594356e-01,3.014160e-01,6.863557e-01,7.928148e-01,8.394068e-01,8.664868e-01,8.829389e-01,9.023102e-01,8.886235e-01,8.848276e-01
1.675000e-03,6.231651e+00,6.200947e+00,1.350455e+00,7.462830e-01,5.600765e-01,4.398235e-01,3.594343e-01,3.014156e-01,6.863332e-01,7.928292e-01,8.394087e-01,8.665347e-01,8.829615e-01,9.023410e-01,8.886100e-01,8.848425e-01
1.680000e-03,6.232063e+00,6.201275e+00,1.351802e+00,7.462806e-01,5.600773e-01,4.398247e-01,3.594336e-01,3.014145e-01,6.863161e-01,7.928513e-01,8.394144e-01,8.665776e-01,8.829658e-01,9.023931e-01,8.885940e-01,8.848557e-01
1.685000e-03,6.232436e+00,6.201572e+00,1.353067e+00,7.462780e-01,5.600767e-01,4.398260e-01,3.594340e-01,3.014133e-01,6.862924e-01,7.928753e-01,8.394397e-01,8.666106e-01,8.829666e-01,9.024580e-01,8.885786e-01,8.848731e-01
1.690000e-03,6.232772e+00,6.201844e+00,1.354254e+00,7.462769e-01,5.600750e-01,4.398266e-01,3.594351e-01,3.014128e-01,6.862681e-01,7.929041e-01,8.394744e-01,8.666302e-01,8.829763e-01,9.025248e-01,8.885690e-01,8.848989e-01
1.695000e-03,6.233074e+00,6.202091e+00,1.355345e+00,7.462779e-01,5.600732e-01,4.398260e-01,3.594362e-01,3.014132e-01,6.862521e-01,7.929359e-01,8.395018e-01,8.666359e-01,8.830007e-01,9.025887e-01,8.885714e-01,8.849324e-01
1.700000e-03,6.233346e+00,6.202314e+00,1.356275e+00,7.462805e-01,5.600726e-01,4.398247e-01,3.594366e-01,3.014142e-01,6.862399e-01,7.929682e-01,8.395220e-01,8.666404e-01,8.830387e-01,9.026485e-01,8.885857e-01,8.849707e-01
1.705000e-03,6.233587e+00,6.202509e+00,1.356995e+00,7.462831e-01,5.600734e-01,4.398235e-01,3.594361e-01,3.014150e-01,6.862411e-01,7.930040e-01,8.395436e-01,8.666577e-01,8.830820e-01,9.027037e-01,8.886075e-01,8.850151e-01
1.710000e-03,6.233802e+00,6.202682e+00,1.357605e+00,7.462843e-01,5.600753e-01,4.398231e-01,3.594350e-01,3.014153e-01,6.862491e-01,7.930399e-01,8.395737e-01,8.666887e-01,8.831186e-01,9.027553e-01,8.886301e-01,8.850679e-01
1.715000e-03,6.233986e+00,6.202830e+00,1.358175e+00,7.462834e-01,5.600771e-01,4.398238e-01,3.594340e-01,3.014148e-01,6.862591e-01,7.930763e-01,8.396078e-01,8.667254e-01,8.831441e-01,9.028085e-01,8.886539e-01,8.851271e-01
1.720000e-03,6.234138e+00,6.202960e+00,1.358956e+00,7.462811e-01,5.600778e-01,4.398253e-01,3.594338e-01,3.014139e-01,6.862623e-01,7.931174e-01,8.396429e-01,8.667594e-01,8.831660e-01,9.028700e-01,8.886777e-01,8.851878e-01
1.725000e-03,6.234260e+00,6.203070e+00,1.359666e+00,7.462787e-01,5.600769e-01,4.398266e-01,3.594344e-01,3.014131e-01,6.862680e-01,7.931634e-01,8.396807e-01,8.667885e-01,8.831945e-01,9.029423e-01,8.887012e-01,8.852464e-01
1.730000e-03,6.234354e+00,6.203160e+00,1.360282e+00,7.462777e-01,5.600750e-01,4.398269e-01,3.594356e-01,3.014130e-01,6.862828e-01,7.932102e-01,8.397205e-01,8.668173e-01,8.832333e-01,9.030214e-01,8.887238e-01,8.853032e-01
1.735000e-03,6.234419e+00,6.203229e+00,1.360819e+00,7.462785e-01,5.600733e-01,4.398261e-01,3.594366e-01,3.014136e-01,6.863091e-01,7.932563e-01,8.397619e-01,8.668523e-01,8.832798e-01,9.031024e-01,8.887485e-01,8.853618e-01
1.740000e-03,6.234454e+00,6.203278e+00,1.361303e+00,7.462804e-01,5.600726e-01,4.398246e-01,3.594368e-01,3.014146e-01,6.863437e-01,7.933030e-01,8.398059e-01,8.668980e-01,8.833297e-01,9.031841e-01,8.887802e-01,8.854249e-01
1.745000e-03,6.234464e+00,6.203309e+00,1.361721e+00,7.462823e-01,5.600734e-01,4.398233e-01,3.594360e-01,3.014153e-01,6.863860e-01,7.933443e-01,8.398539e-01,8.669541e-01,8.833804e-01,9.032678e-01,8.888190e-01,8.854923e-01
1.750000e-03,6.234448e+00,6.203321e+00,1.362073e+00,7.462830e-01,5.600750e-01,4.398229e-01,3.594348e-01,3.014154e-01,6.864361e-01,7.933847e-01,8.399063e-01,8.670161e-01,8.834319e-01,9.033544e-01,8.888683e-01,8.855622e-01
1.755000e-03,6.234410e+00,6.203317e+00,1.362363e+00,7.462820e-01,5.600764e-01,4.398236e-01,3.594337e-01,3.014147e-01,6.864913e-01,7.934327e-01,8.399619e-01,8.670802e-01,8.834862e-01,9.034429e-01,8.889275e-01,8.856338e-01
1.760000e-03,6.234350e+00,6.203298e+00,1.362592e+00,7.462801e-01,5.600770e-01,4.398249e-01,3.594335e-01,3.014137e-01,6.865515e-01,7.934856e-01,8.400199e-01,8.671452e-01,8.835471e-01,9.035325e-01,8.889934e-01,8.857071e-01
1.765000e-03,6.234268e+00,6.203262e+00,1.362762e+00,7.462784e-01,5.600762e-01,4.398261e-01,3.594342e-01,3.014129e-01,6.866169e-01,7.935380e-01,8.400783e-01,8.672120e-01,8.836172e-01,9.036234e-01,8.890654e-01,8.857826e-01
1.770000e-03,6.234165e+00,6.203213e+00,1.362880e+00,7.462782e-01,5.600748e-01,4.398264e-01,3.594354e-01,3.014128e-01,6.866884e-01,7.935930e-01,8.401395e-01,8.672824e-01,8.836950e-01,9.037160e-01,8.891409e-01,8.858604e-01
1.775000e-03,6.234042e+00,6.203149e+00,1.362953e+00,7.462795e-01,5.600735e-01,4.398258e-01,3.594363e-01,3.014134e-01,6.867673e-01,7.936524e-01,8.402095e-01,8.673583e-01,8.837761e-01,9.038104e-01,8.892151e-01,8.859405e-01
1.780000e-03,6.233899e+00,6.203073e+00,1.362987e+00,7.462816e-01,5.600733e-01,4.398246e-01,3.594365e-01,3.014144e-01,6.868546e-01,7.937155e-01,8.402883e-01,8.674399e-01,8.838567e-01,9.039072e-01,8.892877e-01,8.860234e-01
1.785000e-03,6.233735e+00,6.202983e+00,1.362992e+00,7.462833e-01,5.600743e-01,4.398236e-01,3.594359e-01,3.014152e-01,6.869504e-01,7.937846e-01,8.403694e-01,8.675249e-01,8.839350e-01,9.040061e-01,8.893602e-01,8.861075e-01
1.790000e-03,6.233553e+00,6.202881e+00,1.362968e+00,7.462835e-01,5.600758e-01,4.398235e-01,3.594349e-01,3.014153e-01,6.870538e-01,7.938617e-01,8.404488e-01,8.676129e-01,8.840122e-01,9.041058e-01,8.894363e-01,8.861894e-01
1.795000e-03,6.233353e+00,6.202767e+00,1.362914e+00,7.462821e-01,5.600769e-01,4.398243e-01,3.594341e-01,3.014148e-01,6.871654e-01,7.939476e-01,8.405286e-01,8.677057e-01,8.840909e-01,9.042042e-01,8.895180e-01,8.862665e-01
1.800000e-03,6.233135e+00,6.202644e+00,1.363053e+00,7.462798e-01,5.600769e-01,4.398255e-01,3.594341e-01,3.014140e-01,6.872839e-01,7.940412e-01,8.406135e-01,8.678030e-01,8.841722e-01,9.042993e-01,8.896042e-01,8.863392e-01
1.805000e-03,6.232898e+00,6.202510e+00,1.363187e+00,7.462780e-01,5.600758e-01,4.398263e-01,3.594348e-01,3.014134e-01,6.874085e-01,7.941394e-01,8.407069e-01,8.679018e-01,8.842556e-01,9.043900e-01,8.896921e-01,8.864106e-01
1.810000e-03,6.232645e+00,6.202367e+00,1.363295e+00,7.462777e-01,5.600742e-01,4.398262e-01,3.594357e-01,3.014134e-01,6.875408e-01,7.942419e-01,8.408107e-01,8.679986e-01,8.843400e-01,9.044766e-01,8.897778e-01,8.864841e-01
1.815000e-03,6.232376e+00,6.202214e+00,1.363354e+00,7.462790e-01,5.600730e-01,4.398252e-01,3.594363e-01,3.014141e-01,6.876856e-01,7.943498e-01,8.409226e-01,8.680924e-01,8.844250e-01,9.045600e-01,8.898592e-01,8.865609e-01
1.820000e-03,6.232086e+00,6.202047e+00,1.363393e+00,7.462812e-01,5.600730e-01,4.398240e-01,3.594362e-01,3.014149e-01,6.878356e-01,7.944632e-01,8.410385e-01,8.681857e-01,8.845095e-01,9.046403e-01,8.899353e-01,8.866394e-01
1.825000e-03,6.231773e+00,6.201866e+00,1.363395e+00,7.462828e-01,5.600742e-01,4.398232e-01,3.594354e-01,3.014153e-01,6.879886e-01,7.945828e-01,8.411537e-01,8.682829e-01,8.845918e-01,9.047169e-01,8.900071e-01,8.867171e-01
1.830000e-03,6.231443e+00,6.201673e+00,1.363307e+00,7.462831e-01,5.600758e-01,4.398234e-01,3.594344e-01,3.014152e-01,6.881499e-01,7.947090e-01,8.412668e-01,8.683869e-01,8.846707e-01,9.047897e-01,8.900758e-01,8.867913e-01
1.835000e-03,6.231092e+00,6.201461e+00,1.363093e+00,7.462819e-01,5.600769e-01,4.398243e-01,3.594338e-01,3.014146e-01,6.883216e-01,7.948442e-01,8.413800e-01,8.684969e-01,8.847463e-01,9.048605e-01,8.901416e-01,8.868614e-01
1.840000e-03,6.230715e+00,6.201228e+00,1.362794e+00,7.462801e-01,5.600770e-01,4.398256e-01,3.594340e-01,3.014138e-01,6.884953e-01,7.949890e-01,8.414974e-01,8.686085e-01,8.848197e-01,9.049299e-01,8.902029e-01,8.869283e-01
1.845000e-03,6.230311e+00,6.200975e+00,1.362425e+00,7.462789e-01,5.600760e-01,4.398264e-01,3.594349e-01,3.014134e-01,6.886709e-01,7.951329e-01,8.416209e-01,8.687163e-01,8.848925e-01,9.049948e-01,8.902570e-01,8.869937e-01
1.850000e-03,6.229878e+00,6.200701e+00,1.361995e+00,7.462789e-01,5.600745e-01,4.398263e-01,3.594359e-01,3.014137e-01,6.888495e-01,7.952771e-01,8.417499e-01,8.688167e-01,8.849663e-01,9.050544e-01,8.903033e-01,8.870588e-01
1.855000e-03,6.229416e+00,6.200405e+00,1.361483e+00,7.462801e-01,5.600736e-01,4.398254e-01,3.594365e-01,3.014145e-01,6.890339e-01,7.954241e-01,8.418844e-01,8.689109e-01,8.850416e-01,9.051093e-01,8.903418e-01,8.871232e-01
1.860000e-03,6.228924e+00,6.200090e+00,1.360931e+00,7.462817e-01,5.600736e-01,4.398243e-01,3.594364e-01,3.014153e-01,6.892254e-01,7.955751e-01,8.420231e-01,8.690031e-01,8.851171e-01,9.051601e-01,8.903726e-01,8.871851e-01
1.865000e-03,6.228406e+00,6.199757e+00,1.360316e+00,7.462827e-01,5.600746e-01,4.398236e-01,3.594356e-01,3.014158e-01,6.894265e-01,7.957264e-01,8.421591e-01,8.690976e-01,8.851898e-01,9.052076e-01,8.903963e-01,8.872435e-01
1.870000e-03,6.227863e+00,6.199410e+00,1.359587e+00,7.462824e-01,5.600758e-01,4.398237e-01,3.594346e-01,3.014157e-01,6.896333e-01,7.958809e-01,8.422885e-01,8.691966e-01,8.852575e-01,9.052522e-01,8.904132e-01,8.872975e-01
1.875000e-03,6.227292e+00,6.199029e+00,1.358337e+00,7.462809e-01,5.600765e-01,4.398245e-01,3.594341e-01,3.014150e-01,6.898484e-01,7.960323e-01,8.424139e-01,8.693001e-01,8.853202e-01,9.052940e-01,8.904233e-01,8.873480e-01
1.880000e-03,6.226696e+00,6.198620e+00,1.356695e+00,7.462792e-01,5.600763e-01,4.398254e-01,3.594342e-01,3.014142e-01,6.900675e-01,7.961795e-01,8.425412e-01,8.694053e-01,8.853789e-01,9.053335e-01,8.904264e-01,8.873958e-01
1.885000e-03,6.226063e+00,6.198178e+00,1.354900e+00,7.462783e-01,5.600753e-01,4.398260e-01,3.594349e-01,3.014138e-01,6.902895e-01,7.963232e-01,8.426739e-01,8.695071e-01,8.854354e-01,9.053709e-01,8.904224e-01,8.874412e-01
1.890000e-03,6.225397e+00,6.197708e+00,1.353020e+00,7.462788e-01,5.600741e-01,4.398258e-01,3.594357e-01,3.014141e-01,6.905060e-01,7.964649e-01,8.428112e-01,8.696007e-01,8.854923e-01,9.054064e-01,8.904114e-01,8.874839e-01
1.895000e-03,6.224703e+00,6.197214e+00,1.350976e+00,7.462804e-01,5.600735e-01,4.398249e-01,3.594362e-01,3.014148e-01,6.907252e-01,7.966029e-01,8.429464e-01,8.696865e-01,8.855523e-01,9.054397e-01,8.903947e-01,8.875234e-01
1.900000e-03,6.223973e+00,6.196694e+00,1.348869e+00,7.462822e-01,5.600739e-01,4.398241e-01,3.594359e-01,3.014154e-01,6.909385e-01,7.967387e-01,8.430702e-01,8.697705e-01,8.856156e-01,9.054705e-01,8.903751e-01,8.875591e-01
1.905000e-03,6.223216e+00,6.196154e+00,1.346613e+00,7.462832e-01,5.600751e-01,4.398237e-01,3.594352e-01,3.014156e-01,6.911455e-01,7.968857e-01,8.431843e-01,8.698592e-01,8.856791e-01,9.054992e-01,8.903538e-01,8.875916e-01
1.910000e-03,6.222425e+00,6.195585e+00,1.344246e+00,7.462828e-01,5.600764e-01,4.398241e-01,3.594345e-01,3.014153e-01,6.913563e-01,7.970232e-01,8.432931e-01,8.699547e-01,8.857398e-01,9.055270e-01,8.903317e-01,8.876236e-01
1.915000e-03,6.221603e+00,6.194987e+00,1.341690e+00,7.462813e-01,5.600770e-01,4.398250e-01,3.594343e-01,3.014146e-01,6.915692e-01,7.971574e-01,8.434003e-01,8.700523e-01,8.857971e-01,9.055549e-01,8.903073e-01,8.876570e-01
1.920000e-03,6.220752e+00,6.194359e+00,1.338969e+00,7.462796e-01,5.600765e-01,4.398259e-01,3.594346e-01,3.014138e-01,6.917859e-01,7.972917e-01,8.435087e-01,8.701441e-01,8.858526e-01,9.055832e-01,8.902776e-01,8.876895e-01
1.925000e-03,6.219875e+00,6.193668e+00,1.336175e+00,7.462787e-01,5.600754e-01,4.398263e-01,3.594354e-01,3.014135e-01,6.920065e-01,7.974142e-01,8.436168e-01,8.702254e-01,8.859093e-01,9.056126e-01,8.902420e-01,8.877166e-01
1.930000e-03,6.218981e+00,6.192918e+00,1.333286e+00,7.462791e-01,5.600741e-01,4.398259e-01,3.594361e-01,3.014138e-01,6.922263e-01,7.975326e-01,8.437212e-01,8.702982e-01,8.859695e-01,9.056442e-01,8.902042e-01,8.877360e-01
1.935000e-03,6.218057e+00,6.192131e+00,1.330346e+00,7.462804e-01,5.600735e-01,4.398249e-01,3.594363e-01,3.014144e-01,6.924631e-01,7.976410e-01,8.438219e-01,8.703686e-01,8.860327e-01,9.056778e-01,8.901688e-01,8.877478e-01
1.940000e-03,6.217113e+00,6.191317e+00,1.327270e+00,7.462818e-01,5.600739e-01,4.398239e-01,3.594359e-01,3.014150e-01,6.927037e-01,7.977406e-01,8.439201e-01,8.704417e-01,8.860953e-01,9.057117e-01,8.901373e-01,8.877537e-01
1.945000e-03,6.216147e+00,6.190469e+00,1.324004e+00,7.462825e-01,5.600750e-01,4.398236e-01,3.594351e-01,3.014151e-01,6.929444e-01,7.978432e-01,8.440121e-01,8.705191e-01,8.861545e-01,9.057445e-01,8.901085e-01,8.877576e-01
1.950000e-03,6.215159e+00,6.189585e+00,1.320591e+00,7.462820e-01,5.600761e-01,4.398240e-01,3.594344e-01,3.014146e-01,6.931929e-01,7.979399e-01,8.440938e-01,8.705976e-01,8.862082e-01,9.057756e-01,8.900817e-01,8.877612e-01
1.955000e-03,6.214186e+00,6.188697e+00,1.317063e+00,7.462808e-01,5.600766e-01,4.398249e-01,3.594342e-01,3.014138e-01,6.934502e-01,7.980436e-01,8.441664e-01,8.706741e-01,8.862570e-01,9.058051e-01,8.900532e-01,8.877623e-01
1.960000e-03,6.213199e+00,6.187784e+00,1.313459e+00,7.462796e-01,5.600762e-01,4.398257e-01,3.594345e-01,3.014130e-01,6.936757e-01,7.981635e-01,8.442336e-01,8.707469e-01,8.863031e-01,9.058334e-01,8.900251e-01,8.877585e-01
1.965000e-03,6.212210e+00,6.186879e+00,1.309881e+00,7.462792e-01,5.600753e-01,4.398261e-01,3.594353e-01,3.014125e-01,6.938834e-01,7.982835e-01,8.442960e-01,8.708112e-01,8.863484e-01,9.058599e-01,8.900009e-01,8.877467e-01
1.970000e-03,6.211218e+00,6.185992e+00,1.306066e+00,7.462799e-01,5.600744e-01,4.398257e-01,3.594360e-01,3.014124e-01,6.940876e-01,7.984122e-01,8.443575e-01,8.708641e-01,8.863942e-01,9.058851e-01,8.899849e-01,8.877264e-01
1.975000e-03,6.210217e+00,6.185119e+00,1.302162e+00,7.462813e-01,5.600740e-01,4.398249e-01,3.594363e-01,3.014124e-01,6.943095e-01,7.985392e-01,8.444199e-01,8.709093e-01,8.864419e-01,9.059099e-01,8.899772e-01,8.877025e-01
1.980000e-03,6.209404e+00,6.184207e+00,1.298184e+00,7.462825e-01,5.600745e-01,4.398242e-01,3.594359e-01,3.014122e-01,6.945172e-01,7.986788e-01,8.444892e-01,8.709517e-01,8.864898e-01,9.059347e-01,8.899770e-01,8.876806e-01
1.985000e-03,6.208769e+00,6.183260e+00,1.294237e+00,7.462828e-01,5.600755e-01,4.398240e-01,3.594352e-01,3.014116e-01,6.947503e-01,7.988199e-01,8.445576e-01,8.709914e-01,8.865324e-01,9.059600e-01,8.899830e-01,8.876631e-01
1.990000e-03,6.208127e+00,6.182277e+00,1.290254e+00,7.462820e-01,5.600764e-01,4.398245e-01,3.594347e-01,3.014105e-01,6.949455e-01,7.989293e-01,8.446211e-01,8.710285e-01,8.865668e-01,9.059876e-01,8.899955e-01,8.876498e-01
1.995000e-03,6.207393e+00,6.181148e+00,1.286222e+00,7.462805e-01,5.600766e-01,4.398252e-01,3.594345e-01,3.014090e-01,6.951443e-01,7.990580e-01,8.446876e-01,8.710689e-01,8.865951e-01,9.060195e-01,8.900170e-01,8.876371e-01
2.000000e-03,6.206644e+00,6.179946e+00,1.282097e+00,7.462792e-01,5.600759e-01,4.398259e-01,3.594349e-01,3.014077e-01,6.953378e-01,7.991927e-01,8.447655e-01,8.711114e-01,8.866187e-01,9.060544e-01,8.900461e-01,8.876230e-01
2.005000e-03,6.205894e+00,6.178694e+00,1.277920e+00,7.462789e-01,5.600749e-01,4.398259e-01,3.594355e-01,3.014068e-01,6.955363e-01,7.993182e-01,8.448477e-01,8.711479e-01,8.866383e-01,9.060868e-01,8.900776e-01,8.876098e-01
2.010000e-03,6.205147e+00,6.177407e+00,1.273727e+00,7.462796e-01,5.600740e-01,4.398254e-01,3.594360e-01,3.014063e-01,6.957336e-01,7.994249e-01,8.449224e-01,8.711784e-01,8.866566e-01,9.061112e-01,8.901054e-01,8.875995e-01
2.015000e-03,6.204416e+00,6.176130e+00,1.269732e+00,7.462811e-01,5.600739e-01,4.398246e-01,3.594361e-01,3.014059e-01,6.959280e-01,7.995341e-01,8.449878e-01,8.712122e-01,8.866756e-01,9.061261e-01,8.901300e-01,8.875874e-01
2.020000e-03,6.203772e+00,6.174924e+00,1.265576e+00,7.462823e-01,5.600745e-01,4.398240e-01,3.594356e-01,3.014054e-01,6.961293e-01,7.996516e-01,8.450552e-01,8.712585e-01,8.866938e-01,9.061320e-01,8.901562e-01,8.875664e-01
2.025000e-03,6.203129e+00,6.173647e+00,1.261074e+00,7.462827e-01,5.600756e-01,4.398240e-01,3.594349e-01,3.014044e-01,6.963389e-01,7.997728e-01,8.451300e-01,8.713113e-01,8.867086e-01,9.061315e-01,8.901868e-01,8.875371e-01
2.030000e-03,6.202483e+00,6.172331e+00,1.256619e+00,7.462820e-01,5.600765e-01,4.398245e-01,3.594345e-01,3.014031e-01,6.965453e-01,7.998660e-01,8.451921e-01,8.713596e-01,8.867211e-01,9.061273e-01,8.902209e-01,8.875087e-01
2.035000e-03,6.201848e+00,6.171034e+00,1.252537e+00,7.462808e-01,5.600767e-01,4.398254e-01,3.594345e-01,3.014017e-01,6.967528e-01,7.999414e-01,8.452461e-01,8.714023e-01,8.867371e-01,9.061215e-01,8.902544e-01,8.874887e-01
2.040000e-03,6.201216e+00,6.169749e+00,1.248667e+00,7.462798e-01,5.600761e-01,4.398260e-01,3.594350e-01,3.014003e-01,6.969516e-01,8.000241e-01,8.453097e-01,8.714440e-01,8.867614e-01,9.061148e-01,8.902830e-01,8.874769e-01
2.045000e-03,6.200583e+00,6.168449e+00,1.244763e+00,7.462796e-01,5.600751e-01,4.398261e-01,3.594357e-01,3.013992e-01,6.971490e-01,8.001198e-01,8.453833e-01,8.714882e-01,8.867915e-01,9.061074e-01,8.903047e-01,8.874688e-01
2.050000e-03,6.199972e+00,6.167156e+00,1.240922e+00,7.462803e-01,5.600743e-01,4.398255e-01,3.594362e-01,3.013984e-01,6.973495e-01,8.002082e-01,8.454500e-01,8.715307e-01,8.868203e-01,9.061009e-01,8.903200e-01,8.874587e-01
2.055000e-03,6.199367e+00,6.165844e+00,1.237161e+00,7.462814e-01,5.600742e-01,4.398247e-01,3.594362e-01,3.013978e-01,6.975568e-01,8.002809e-01,8.454943e-01,8.715683e-01,8.868456e-01,9.060985e-01,8.903311e-01,8.874434e-01
2.060000e-03,6.198772e+00,6.164544e+00,1.233619e+00,7.462822e-01,5.600748e-01,4.398242e-01,3.594357e-01,3.013969e-01,6.977373e-01,8.003644e-01,8.455273e-01,8.716104e-01,8.868723e-01,9.061010e-01,8.903386e-01,8.874222e-01
2.065000e-03,6.198183e+00,6.163320e+00,1.231681e+00,7.462822e-01,5.600756e-01,4.398241e-01,3.594350e-01,3.013957e-01,6.978841e-01,8.004524e-01,8.455751e-01,8.716634e-01,8.869018e-01,9.061040e-01,8.903420e-01,8.873954e-01
2.070000e-03,6.197606e+00,6.162424e+00,1.235657e+00,7.462813e-01,5.600762e-01,4.398246e-01,3.594346e-01,3.013940e-01,6.980720e-01,8.005301e-01,8.456389e-01,8.717148e-01,8.869286e-01,9.061032e-01,8.903423e-01,8.873641e-01
2.075000e-03,6.197032e+00,6.161538e+00,1.239597e+00,7.462802e-01,5.600762e-01,4.398253e-01,3.594346e-01,3.013922e-01,6.982676e-01,8.006512e-01,8.456909e-01,8.717506e-01,8.869527e-01,9.061013e-01,8.903421e-01,8.873281e-01
2.080000e-03,6.196464e+00,6.160676e+00,1.243470e+00,7.462794e-01,5.600756e-01,4.398258e-01,3.594351e-01,3.013907e-01,6.984811e-01,8.007911e-01,8.457312e-01,8.717723e-01,8.869824e-01,9.061017e-01,8.903421e-01,8.872869e-01
2.085000e-03,6.195899e+00,6.159834e+00,1.247292e+00,7.462795e-01,5.600748e-01,4.398257e-01,3.594356e-01,3.013895e-01,6.986668e-01,8.008503e-01,8.457698e-01,8.717931e-01,8.870195e-01,9.061038e-01,8.903401e-01,8.872426e-01
2.090000e-03,6.195340e+00,6.159001e+00,1.251234e+00,7.462805e-01,5.600743e-01,4.398252e-01,3.594360e-01,3.013888e-01,6.988475e-01,8.009031e-01,8.458093e-01,8.718198e-01,8.870541e-01,9.061031e-01,8.903338e-01,8.871999e-01
2.095000e-03,6.194783e+00,6.158162e+00,1.255284e+00,7.462818e-01,5.600744e-01,4.398246e-01,3.594359e-01,3.013878e-01,6.990299e-01,8.009888e-01,8.458702e-01,8.718509e-01,8.870774e-01,9.060990e-01,8.903248e-01,8.871607e-01
2.100000e-03,6.194230e+00,6.157355e+00,1.259268e+00,7.462825e-01,5.600751e-01,4.398242e-01,3.594355e-01,3.013868e-01,6.992116e-01,8.010798e-01,8.459531e-01,8.718853e-01,8.870898e-01,9.060954e-01,8.903147e-01,8.871238e-01
2.105000e-03,6.193683e+00,6.156583e+00,1.263208e+00,7.462824e-01,5.600760e-01,4.398244e-01,3.594350e-01,3.013858e-01,6.993852e-01,8.011540e-01,8.460136e-01,8.719119e-01,8.870972e-01,9.060937e-01,8.903029e-01,8.870863e-01
2.110000e-03,6.193148e+00,6.155843e+00,1.267048e+00,7.462815e-01,5.600765e-01,4.398250e-01,3.594347e-01,3.013845e-01,6.995575e-01,8.012260e-01,8.460380e-01,8.719237e-01,8.871036e-01,9.060899e-01,8.902877e-01,8.870473e-01
2.115000e-03,6.192626e+00,6.155136e+00,1.270790e+00,7.462803e-01,5.600763e-01,4.398256e-01,3.594349e-01,3.013829e-01,6.997317e-01,8.013032e-01,8.460606e-01,8.719442e-01,8.871125e-01,9.060787e-01,8.902706e-01,8.870081e-01
2.120000e-03,6.192124e+00,6.154471e+00,1.274361e+00,7.462795e-01,5.600755e-01,4.398259e-01,3.594354e-01,3.013811e-01,6.999117e-01,8.013787e-01,8.461094e-01,8.719887e-01,8.871245e-01,9.060596e-01,8.902535e-01,8.869695e-01
2.125000e-03,6.191635e+00,6.153827e+00,1.277805e+00,7.462796e-01,5.600747e-01,4.398257e-01,3.594359e-01,3.013798e-01,7.001165e-01,8.014442e-01,8.461644e-01,8.720367e-01,8.871326e-01,9.060361e-01,8.902353e-01,8.869308e-01
2.130000e-03,6.191159e+00,6.153225e+00,1.281150e+00,7.462804e-01,5.600741e-01,4.398251e-01,3.594361e-01,3.013787e-01,7.002897e-01,8.015053e-01,8.462101e-01,8.720659e-01,8.871345e-01,9.060115e-01,8.902110e-01,8.868914e-01
2.135000e-03,6.190695e+00,6.152658e+00,1.284379e+00,7.462815e-01,5.600743e-01,4.398244e-01,3.594359e-01,3.013777e-01,7.004676e-01,8.015624e-01,8.462494e-01,8.720787e-01,8.871422e-01,9.059871e-01,8.901771e-01,8.868518e-01
2.140000e-03,6.190245e+00,6.152117e+00,1.287471e+00,7.462821e-01,5.600750e-01,4.398241e-01,3.594354e-01,3.013766e-01,7.006470e-01,8.016199e-01,8.462904e-01,8.720888e-01,8.871632e-01,9.059608e-01,8.901356e-01,8.868122e-01
2.145000e-03,6.189810e+00,6.151605e+00,1.290418e+00,7.462819e-01,5.600758e-01,4.398243e-01,3.594348e-01,3.013755e-01,7.008219e-01,8.016948e-01,8.463316e-01,8.721042e-01,8.871874e-01,9.059292e-01,8.900913e-01,8.867700e-01
2.150000e-03,6.189388e+00,6.151116e+00,1.293258e+00,7.462811e-01,5.600762e-01,4.398249e-01,3.594346e-01,3.013741e-01,7.009978e-01,8.017647e-01,8.463653e-01,8.721259e-01,8.872041e-01,9.058953e-01,8.900473e-01,8.867223e-01
2.155000e-03,6.188979e+00,6.150649e+00,1.295990e+00,7.462802e-01,5.600761e-01,4.398255e-01,3.594348e-01,3.013728e-01,7.011697e-01,8.018174e-01,8.463876e-01,8.721501e-01,8.872135e-01,9.058673e-01,8.900009e-01,8.866693e-01
2.160000e-03,6.188580e+00,6.150215e+00,1.298383e+00,7.462798e-01,5.600754e-01,4.398258e-01,3.594353e-01,3.013717e-01,7.013380e-01,8.018761e-01,8.464049e-01,8.721718e-01,8.872176e-01,9.058471e-01,8.899461e-01,8.866143e-01
2.165000e-03,6.188189e+00,6.149802e+00,1.300599e+00,7.462801e-01,5.600747e-01,4.398256e-01,3.594358e-01,3.013709e-01,7.014990e-01,8.019381e-01,8.464390e-01,8.721884e-01,8.872159e-01,9.058277e-01,8.898810e-01,8.865597e-01
2.170000e-03,6.187808e+00,6.149402e+00,1.302768e+00,7.462810e-01,5.600744e-01,4.398251e-01,3.594360e-01,3.013704e-01,7.016593e-01,8.020017e-01,8.464833e-01,8.721984e-01,8.872101e-01,9.058026e-01,8.898106e-01,8.865046e-01
2.175000e-03,6.187436e+00,6.149023e+00,1.304901e+00,7.462819e-01,5.600747e-01,4.398246e-01,3.594358e-01,3.013699e-01,7.018168e-01,8.020537e-01,8.465138e-01,8.721991e-01,8.872052e-01,9.057720e-01,8.897419e-01,8.864443e-01
2.180000e-03,6.187086e+00,6.148665e+00,1.306841e+00,7.462822e-01,5.600753e-01,4.398243e-01,3.594354e-01,3.013692e-01,7.019744e-01,8.021052e-01,8.465308e-01,8.721957e-01,8.872039e-01,9.057388e-01,8.896769e-01,8.863743e-01
2.185000e-03,6.186746e+00,6.148314e+00,1.308770e+00,7.462818e-01,5.600759e-01,4.398245e-01,3.594350e-01,3.013679e-01,7.021255e-01,8.021612e-01,8.465451e-01,8.722007e-01,8.872038e-01,9.057033e-01,8.896135e-01,8.862964e-01
2.190000e-03,6.186416e+00,6.147982e+00,1.310647e+00,7.462808e-01,5.600761e-01,4.398250e-01,3.594348e-01,3.013663e-01,7.022573e-01,8.022165e-01,8.465624e-01,8.722140e-01,8.871985e-01,9.056647e-01,8.895504e-01,8.862187e-01
2.195000e-03,6.186096e+00,6.147661e+00,1.312473e+00,7.462799e-01,5.600758e-01,4.398255e-01,3.594350e-01,3.013648e-01,7.023924e-01,8.022685e-01,8.465797e-01,8.722258e-01,8.871838e-01,9.056254e-01,8.894877e-01,8.861481e-01
2.200000e-03,6.185785e+00,6.147352e+00,1.314240e+00,7.462795e-01,5.600751e-01,4.398256e-01,3.594354e-01,3.013635e-01,7.025089e-01,8.023158e-01,8.465936e-01,8.722294e-01,8.871638e-01,9.055889e-01,8.894254e-01,8.860860e-01
2.205000e-03,6.185485e+00,6.147056e+00,1.315949e+00,7.462799e-01,5.600745e-01,4.398254e-01,3.594358e-01,3.013626e-01,7.026340e-01,8.023676e-01,8.466071e-01,8.722241e-01,8.871469e-01,9.055565e-01,8.893619e-01,8.860296e-01
2.210000e-03,6.185194e+00,6.146770e+00,1.317601e+00,7.462809e-01,5.600743e-01,4.398248e-01,3.594359e-01,3.013619e-01,7.027359e-01,8.024171e-01,8.466203e-01,8.722139e-01,8.871350e-01,9.055245e-01,8.892963e-01,8.859754e-01
2.215000e-03,6.184914e+00,6.146494e+00,1.319192e+00,7.462818e-01,5.600747e-01,4.398244e-01,3.594356e-01,3.013612e-01,7.028417e-01,8.024567e-01,8.466291e-01,8.722033e-01,8.871242e-01,9.054892e-01,8.892304e-01,8.859214e-01
2.220000e-03,6.184644e+00,6.146235e+00,1.320724e+00,7.462821e-01,5.600754e-01,4.398243e-01,3.594352e-01,3.013603e-01,7.029394e-01,8.024934e-01,8.466342e-01,8.721950e-01,8.871120e-01,9.054517e-01,8.891668e-01,8.858669e-01
2.225000e-03,6.184386e+00,6.145984e+00,1.322175e+00,7.462818e-01,5.600760e-01,4.398246e-01,3.594348e-01,3.013592e-01,7.030356e-01,8.025304e-01,8.466402e-01,8.721899e-01,8.870984e-01,9.054156e-01,8.891055e-01,8.858121e-01
2.230000e-03,6.184139e+00,6.145742e+00,1.323558e+00,7.462809e-01,5.600762e-01,4.398252e-01,3.594348e-01,3.013579e-01,7.031270e-01,8.025537e-01,8.466456e-01,8.721854e-01,8.870822e-01,9.053824e-01,8.890437e-01,8.857586e-01
2.235000e-03,6.183902e+00,6.145507e+00,1.324858e+00,7.462802e-01,5.600759e-01,4.398256e-01,3.594351e-01,3.013567e-01,7.032076e-01,8.025744e-01,8.466473e-01,8.721781e-01,8.870623e-01,9.053517e-01,8.889801e-01,8.857069e-01
2.240000e-03,6.183676e+00,6.145275e+00,1.326094e+00,7.462799e-01,5.600752e-01,4.398257e-01,3.594356e-01,3.013559e-01,7.032830e-01,8.025914e-01,8.466457e-01,8.721681e-01,8.870406e-01,9.053223e-01,8.889168e-01,8.856563e-01
2.245000e-03,6.183459e+00,6.145054e+00,1.327238e+00,7.462803e-01,5.600746e-01,4.398254e-01,3.594359e-01,3.013553e-01,7.033497e-01,8.026039e-01,8.466440e-01,8.721590e-01,8.870200e-01,9.052935e-01,8.888566e-01,8.856048e-01
2.250000e-03,6.183255e+00,6.144840e+00,1.328274e+00,7.462811e-01,5.600745e-01,4.398249e-01,3.594359e-01,3.013549e-01,7.034062e-01,8.026154e-01,8.466389e-01,8.721511e-01,8.870006e-01,9.052643e-01,8.887989e-01,8.855512e-01
2.255000e-03,6.183058e+00,6.144631e+00,1.329251e+00,7.462817e-01,5.600748e-01,4.398244e-01,3.594357e-01,3.013544e-01,7.034571e-01,8.026242e-01,8.466300e-01,8.721418e-01,8.869810e-01,9.052332e-01,8.887415e-01,8.854971e-01
2.260000e-03,6.182870e+00,6.144432e+00,1.330170e+00,7.462818e-01,5.600754e-01,4.398244e-01,3.594352e-01,3.013537e-01,7.034978e-01,8.026292e-01,8.466170e-01,8.721319e-01,8.869608e-01,9.052001e-01,8.886831e-01,8.854456e-01
2.265000e-03,6.182691e+00,6.144245e+00,1.331022e+00,7.462813e-01,5.600759e-01,4.398246e-01,3.594349e-01,3.013528e-01,7.035260e-01,8.026331e-01,8.466013e-01,8.721211e-01,8.869409e-01,9.051658e-01,8.886251e-01,8.853974e-01
2.270000e-03,6.182524e+00,6.144072e+00,1.331798e+00,7.462805e-01,5.600759e-01,4.398251e-01,3.594348e-01,3.013519e-01,7.035454e-01,8.026330e-01,8.465864e-01,8.721078e-01,8.869218e-01,9.051315e-01,8.885691e-01,8.853506e-01
2.275000e-03,6.182368e+00,6.143911e+00,1.332514e+00,7.462799e-01,5.600756e-01,4.398255e-01,3.594351e-01,3.013511e-01,7.035575e-01,8.026307e-01,8.465708e-01,8.720911e-01,8.869030e-01,9.050979e-01,8.885158e-01,8.853033e-01
2.280000e-03,6.182224e+00,6.143763e+00,1.333163e+00,7.462799e-01,5.600750e-01,4.398255e-01,3.594355e-01,3.013506e-01,7.035635e-01,8.026249e-01,8.465548e-01,8.720717e-01,8.868843e-01,9.050658e-01,8.884647e-01,8.852561e-01
2.285000e-03,6.182091e+00,6.143627e+00,1.333746e+00,7.462805e-01,5.600746e-01,4.398252e-01,3.594358e-01,3.013504e-01,7.035682e-01,8.026118e-01,8.465386e-01,8.720511e-01,8.868648e-01,9.050360e-01,8.884149e-01,8.852104e-01
2.290000e-03,6.181971e+00,6.143502e+00,1.334270e+00,7.462813e-01,5.600746e-01,4.398248e-01,3.594358e-01,3.013503e-01,7.035724e-01,8.025917e-01,8.465207e-01,8.720311e-01,8.868428e-01,9.050080e-01,8.883659e-01,8.851672e-01
2.295000e-03,6.181862e+00,6.143390e+00,1.334735e+00,7.462819e-01,5.600750e-01,4.398245e-01,3.594355e-01,3.013501e-01,7.035729e-01,8.025687e-01,8.465011e-01,8.720126e-01,8.868173e-01,9.049810e-01,8.883176e-01,8.851263e-01
2.300000e-03,6.181765e+00,6.143289e+00,1.335144e+00,7.462819e-01,5.600756e-01,4.398245e-01,3.594352e-01,3.013498e-01,7.035697e-01,8.025418e-01,8.464797e-01,8.719962e-01,8.867891e-01,9.049540e-01,8.882713e-01,8.850872e-01
2.305000e-03,6.181680e+00,6.143200e+00,1.335488e+00,7.462814e-01,5.600760e-01,4.398249e-01,3.594349e-01,3.013492e-01,7.035619e-01,8.025101e-01,8.464539e-01,8.719808e-01,8.867600e-01,9.049261e-01,8.882278e-01,8.850487e-01
2.310000e-03,6.181609e+00,6.143122e+00,1.335765e+00,7.462806e-01,5.600760e-01,4.398253e-01,3.594350e-01,3.013486e-01,7.035507e-01,8.024762e-01,8.464232e-01,8.719644e-01,8.867311e-01,9.048963e-01,8.881872e-01,8.850103e-01
2.315000e-03,6.181550e+00,6.143057e+00,1.335974e+00,7.462800e-01,5.600755e-01,4.398256e-01,3.594353e-01,3.013482e-01,7.035356e-01,8.024420e-01,8.463903e-01,8.719459e-01,8.867036e-01,9.048637e-01,8.881484e-01,8.849728e-01
2.320000e-03,6.181503e+00,6.143004e+00,1.336125e+00,7.462799e-01,5.600749e-01,4.398255e-01,3.594356e-01,3.013481e-01,7.035169e-01,8.024058e-01,8.463564e-01,8.719249e-01,8.866778e-01,9.048284e-01,8.881101e-01,8.849368e-01
2.325000e-03,6.181469e+00,6.142961e+00,1.336217e+00,7.462804e-01,5.600745e-01,4.398251e-01,3.594358e-01,3.013482e-01,7.034946e-01,8.023657e-01,8.463207e-01,8.719001e-01,8.866535e-01,9.047913e-01,8.880715e-01,8.849032e-01
2.330000e-03,6.181446e+00,6.142930e+00,1.336251e+00,7.462812e-01,5.600746e-01,4.398247e-01,3.594357e-01,3.013483e-01,7.034691e-01,8.023240e-01,8.462829e-01,8.718714e-01,8.866292e-01,9.047535e-01,8.880319e-01,8.848718e-01
2.335000e-03,6.181436e+00,6.142910e+00,1.336229e+00,7.462817e-01,5.600750e-01,4.398244e-01,3.594354e-01,3.013483e-01,7.034405e-01,8.022831e-01,8.462435e-01,8.718399e-01,8.866040e-01,9.047159e-01,8.879912e-01,8.848421e-01
2.340000e-03,6.181437e+00,6.142900e+00,1.336149e+00,7.462816e-01,5.600755e-01,4.398245e-01,3.594350e-01,3.013482e-01,7.034084e-01,8.022417e-01,8.462020e-01,8.718063e-01,8.865768e-01,9.046792e-01,8.879494e-01,8.848134e-01
2.345000e-03,6.181451e+00,6.142901e+00,1.336013e+00,7.462812e-01,5.600759e-01,4.398248e-01,3.594348e-01,3.013479e-01,7.033725e-01,8.021993e-01,8.461574e-01,8.717706e-01,8.865466e-01,9.046439e-01,8.879077e-01,8.847849e-01
2.350000e-03,6.181475e+00,6.142912e+00,1.335821e+00,7.462805e-01,5.600759e-01,4.398253e-01,3.594349e-01,3.013476e-01,7.033327e-01,8.021560e-01,8.461108e-01,8.717330e-01,8.865132e-01,9.046100e-01,8.878668e-01,8.847573e-01
2.355000e-03,6.181511e+00,6.142934e+00,1.335576e+00,7.462801e-01,5.600755e-01,4.398255e-01,3.594353e-01,3.013475e-01,7.032890e-01,8.021115e-01,8.460643e-01,8.716935e-01,8.864768e-01,9.045771e-01,8.878270e-01,8.847299e-01
2.360000e-03,6.181557e+00,6.142964e+00,1.335279e+00,7.462803e-01,5.600750e-01,4.398255e-01,3.594356e-01,3.013477e-01,7.032417e-01,8.020651e-01,8.460189e-01,8.716514e-01,8.864377e-01,9.045445e-01,8.877886e-01,8.847035e-01
2.365000e-03,6.181614e+00,6.143005e+00,1.334931e+00,7.462808e-01,5.600747e-01,4.398251e-01,3.594358e-01,3.013481e-01,7.031913e-01,8.020167e-01,8.459733e-01,8.716066e-01,8.863958e-01,9.045110e-01,8.877518e-01,8.846786e-01
2.370000e-03,6.181681e+00,6.143055e+00,1.334534e+00,7.462814e-01,5.600748e-01,4.398248e-01,3.594357e-01,3.013485e-01,7.031381e-01,8.019668e-01,8.459258e-01,8.715599e-01,8.863519e-01,9.044758e-01,8.877171e-01,8.846556e-01
2.375000e-03,6.181759e+00,6.143115e+00,1.334085e+00,7.462817e-01,5.600752e-01,4.398246e-01,3.594354e-01,3.013488e-01,7.030818e-01,8.019156e-01,8.458756e-01,8.715125e-01,8.863066e-01,9.044383e-01,8.876846e-01,8.846345e-01
2.380000e-03,6.181847e+00,6.143185e+00,1.333584e+00,7.462815e-01,5.600756e-01,4.398246e-01,3.594351e-01,3.013489e-01,7.030222e-01,8.018632e-01,8.458229e-01,8.714655e-01,8.862600e-01,9.043977e-01,8.876540e-01,8.846156e-01
2.385000e-03,6.181944e+00,6.143264e+00,1.333034e+00,7.462809e-01,5.600758e-01,4.398250e-01,3.594350e-01,3.013489e-01,7.029593e-01,8.018095e-01,8.457686e-01,8.714185e-01,8.862123e-01,9.043542e-01,8.876244e-01,8.845992e-01
2.390000e-03,6.182052e+00,6.143353e+00,1.332435e+00,7.462803e-01,5.600757e-01,4.398253e-01,3.594350e-01,3.013489e-01,7.028925e-01,8.017539e-01,8.457137e-01,8.713703e-01,8.861639e-01,9.043082e-01,8.875949e-01,8.845858e-01
2.395000e-03,6.182169e+00,6.143450e+00,1.331789e+00,7.462800e-01,5.600752e-01,4.398255e-01,3.594353e-01,3.013491e-01,7.028224e-01,8.016953e-01,8.456590e-01,8.713195e-01,8.861153e-01,9.042607e-01,8.875639e-01,8.845754e-01
2.400000e-03,6.182295e+00,6.143557e+00,1.331098e+00,7.462802e-01,5.600748e-01,4.398253e-01,3.594356e-01,3.013495e-01,7.027489e-01,8.016338e-01,8.456047e-01,8.712656e-01,8.860669e-01,9.042125e-01,8.875306e-01,8.845677e-01
2.405000e-03,6.182430e+00,6.143672e+00,1.330361e+00,7.462808e-01,5.600746e-01,4.398250e-01,3.594357e-01,3.013501e-01,7.026724e-01,8.015705e-01,8.455499e-01,8.712095e-01,8.860187e-01,9.041641e-01,8.874948e-01,8.845618e-01
2.410000e-03,6.182575e+00,6.143797e+00,1.329579e+00,7.462814e-01,5.600748e-01,4.398246e-01,3.594356e-01,3.013507e-01,7.025928e-01,8.015052e-01,8.454933e-01,8.711526e-01,8.859699e-01,9.041160e-01,8.874572e-01,8.845565e-01
2.415000e-03,6.182728e+00,6.143931e+00,1.328751e+00,7.462817e-01,5.600753e-01,4.398245e-01,3.594353e-01,3.013511e-01,7.025103e-01,8.014381e-01,8.454339e-01,8.710965e-01,8.859200e-01,9.040684e-01,8.874188e-01,8.845506e-01
2.420000e-03,6.182890e+00,6.144073e+00,1.327878e+00,7.462815e-01,5.600757e-01,4.398247e-01,3.594350e-01,3.013515e-01,7.024256e-01,8.013692e-01,8.453719e-01,8.710414e-01,8.858685e-01,9.040212e-01,8.873801e-01,8.845435e-01
2.425000e-03,6.183061e+00,6.144226e+00,1.326959e+00,7.462810e-01,5.600759e-01,4.398251e-01,3.594350e-01,3.013517e-01,7.023371e-01,8.012990e-01,8.453087e-01,8.709867e-01,8.858155e-01,9.039743e-01,8.873417e-01,8.845352e-01
2.430000e-03,6.183242e+00,6.144389e+00,1.325985e+00,7.462804e-01,5.600757e-01,4.398254e-01,3.594351e-01,3.013519e-01,7.022449e-01,8.012281e-01,8.452454e-01,8.709310e-01,8.857617e-01,9.039275e-01,8.873038e-01,8.845261e-01
2.435000e-03,6.183433e+00,6.144562e+00,1.324959e+00,7.462802e-01,5.600753e-01,4.398255e-01,3.594354e-01,3.013524e-01,7.021496e-01,8.011556e-01,8.451824e-01,8.708728e-01,8.857080e-01,9.038805e-01,8.872666e-01,8.845166e-01
2.440000e-03,6.183633e+00,6.144749e+00,1.323876e+00,7.462804e-01,5.600749e-01,4.398253e-01,3.594357e-01,3.013531e-01,7.020513e-01,8.010794e-01,8.451195e-01,8.708118e-01,8.856551e-01,9.038334e-01,8.872302e-01,8.845070e-01
2.445000e-03,6.183843e+00,6.144950e+00,1.322725e+00,7.462809e-01,5.600747e-01,4.398250e-01,3.594357e-01,3.013540e-01,7.019499e-01,8.010015e-01,8.450559e-01,8.707492e-01,8.856031e-01,9.037859e-01,8.871945e-01,8.844975e-01
2.450000e-03,6.184061e+00,6.145161e+00,1.321524e+00,7.462813e-01,5.600749e-01,4.398247e-01,3.594356e-01,3.013549e-01,7.018475e-01,8.009238e-01,8.449915e-01,8.706866e-01,8.855512e-01,9.037384e-01,8.871598e-01,8.844881e-01
2.455000e-03,6.184287e+00,6.145381e+00,1.320283e+00,7.462815e-01,5.600753e-01,4.398246e-01,3.594353e-01,3.013558e-01,7.017441e-01,8.008452e-01,8.449251e-01,8.706252e-01,8.854983e-01,9.036909e-01,8.871263e-01,8.844790e-01
2.460000e-03,6.184522e+00,6.145611e+00,1.318978e+00,7.462812e-01,5.600756e-01,4.398247e-01,3.594350e-01,3.013564e-01,7.016376e-01,8.007654e-01,8.448561e-01,8.705651e-01,8.854442e-01,9.036438e-01,8.870943e-01,8.844702e-01
2.465000e-03,6.184767e+00,6.145851e+00,1.317573e+00,7.462807e-01,5.600757e-01,4.398250e-01,3.594349e-01,3.013570e-01,7.015267e-01,8.006842e-01,8.447858e-01,8.705054e-01,8.853890e-01,9.035972e-01,8.870642e-01,8.844620e-01
2.470000e-03,6.185021e+00,6.146092e+00,1.316085e+00,7.462803e-01,5.600755e-01,4.398253e-01,3.594351e-01,3.013576e-01,7.014137e-01,8.006040e-01,8.447163e-01,8.704453e-01,8.853336e-01,9.035514e-01,8.870360e-01,8.844542e-01
2.475000e-03,6.185278e+00,6.146328e+00,1.314569e+00,7.462802e-01,5.600752e-01,4.398254e-01,3.594354e-01,3.013584e-01,7.012985e-01,8.005251e-01,8.446483e-01,8.703832e-01,8.852788e-01,9.035063e-01,8.870098e-01,8.844471e-01
2.480000e-03,6.185537e+00,6.146564e+00,1.313039e+00,7.462805e-01,5.600749e-01,4.398252e-01,3.594356e-01,3.013594e-01,7.011735e-01,8.004409e-01,8.445810e-01,8.703186e-01,8.852252e-01,9.034619e-01,8.869853e-01,8.844405e-01
2.485000e-03,6.185799e+00,6.146808e+00,1.311497e+00,7.462811e-01,5.600748e-01,4.398249e-01,3.594356e-01,3.013605e-01,7.010381e-01,8.003544e-01,8.445137e-01,8.702527e-01,8.851729e-01,9.034180e-01,8.869626e-01,8.844344e-01
2.490000e-03,6.186065e+00,6.147058e+00,1.309918e+00,7.462815e-01,5.600750e-01,4.398247e-01,3.594355e-01,3.013616e-01,7.008977e-01,8.002712e-01,8.444468e-01,8.701871e-01,8.851212e-01,9.033749e-01,8.869416e-01,8.844285e-01
2.495000e-03,6.186335e+00,6.147312e+00,1.308311e+00,7.462816e-01,5.600754e-01,4.398247e-01,3.594352e-01,3.013625e-01,7.007581e-01,8.001913e-01,8.443794e-01,8.701235e-01,8.850691e-01,9.033326e-01,8.869229e-01,8.844223e-01
2.500000e-03,6.186609e+00,6.147570e+00,1.306678e+00,7.462813e-01,5.600757e-01,4.398249e-01,3.594351e-01,3.013632e-01,7.006142e-01,8.001125e-01,8.443091e-01,8.700628e-01,8.850162e-01,9.032914e-01,8.869067e-01,8.844157e-01
2.505000e-03,6.186887e+00,6.147834e+00,1.305021e+00,7.462807e-01,5.600758e-01,4.398252e-01,3.594351e-01,3.013639e-01,7.004688e-01,8.000291e-01,8.442357e-01,8.700031e-01,8.849625e-01,9.032516e-01,8.868932e-01,8.844088e-01
2.510000e-03,6.187168e+00,6.148101e+00,1.303348e+00,7.462803e-01,5.600755e-01,4.398254e-01,3.594352e-01,3.013647e-01,7.003171e-01,7.999380e-01,8.441646e-01,8.699433e-01,8.849085e-01,9.032134e-01,8.868823e-01,8.844020e-01
2.515000e-03,6.187452e+00,6.148373e+00,1.301650e+00,7.462802e-01,5.600751e-01,4.398254e-01,3.594355e-01,3.013656e-01,7.001621e-01,7.998478e-01,8.441009e-01,8.698829e-01,8.848553e-01,9.031766e-01,8.868738e-01,8.843956e-01
2.520000e-03,6.187740e+00,6.148656e+00,1.299937e+00,7.462805e-01,5.600748e-01,4.398252e-01,3.594356e-01,3.013666e-01,7.000086e-01,7.997634e-01,8.440420e-01,8.698209e-01,8.848039e-01,9.031409e-01,8.868677e-01,8.843899e-01
2.525000e-03,6.188033e+00,6.148947e+00,1.298197e+00,7.462810e-01,5.600748e-01,4.398249e-01,3.594356e-01,3.013678e-01,6.998454e-01,7.996782e-01,8.439808e-01,8.697574e-01,8.847549e-01,9.031057e-01,8.868641e-01,8.843852e-01
2.530000e-03,6.188329e+00,6.149245e+00,1.296445e+00,7.462814e-01,5.600750e-01,4.398246e-01,3.594354e-01,3.013688e-01,6.996840e-01,7.995780e-01,8.439112e-01,8.696956e-01,8.847082e-01,9.030708e-01,8.868631e-01,8.843813e-01
2.535000e-03,6.188635e+00,6.149549e+00,1.294632e+00,7.462814e-01,5.600754e-01,4.398246e-01,3.594352e-01,3.013694e-01,6.995241e-01,7.994770e-01,8.438374e-01,8.696393e-01,8.846631e-01,9.030368e-01,8.868646e-01,8.843783e-01
2.540000e-03,6.188946e+00,6.149856e+00,1.292792e+00,7.462811e-01,5.600757e-01,4.398249e-01,3.594350e-01,3.013700e-01,6.993689e-01,7.993858e-01,8.437672e-01,8.695897e-01,8.846183e-01,9.030040e-01,8.868682e-01,8.843758e-01
2.545000e-03,6.189260e+00,6.150170e+00,1.290945e+00,7.462807e-01,5.600757e-01,4.398252e-01,3.594350e-01,3.013705e-01,6.992011e-01,7.992890e-01,8.437029e-01,8.695425e-01,8.845729e-01,9.029732e-01,8.868738e-01,8.843740e-01
2.550000e-03,6.189579e+00,6.150492e+00,1.289051e+00,7.462804e-01,5.600755e-01,4.398254e-01,3.594352e-01,3.013711e-01,6.990335e-01,7.991865e-01,8.436342e-01,8.694913e-01,8.845286e-01,9.029449e-01,8.868809e-01,8.843726e-01
2.555000e-03,6.189899e+00,6.150817e+00,1.287139e+00,7.462804e-01,5.600751e-01,4.398254e-01,3.594355e-01,3.013718e-01,6.988671e-01,7.990866e-01,8.435607e-01,8.694335e-01,8.844884e-01,9.029192e-01,8.868894e-01,8.843715e-01
2.560000e-03,6.190221e+00,6.151162e+00,1.284984e+00,7.462807e-01,5.600749e-01,4.398252e-01,3.594356e-01,3.013727e-01,6.986985e-01,7.989967e-01,8.434917e-01,8.693742e-01,8.844537e-01,9.028953e-01,8.868994e-01,8.843707e-01
2.565000e-03,6.190544e+00,6.151515e+00,1.282760e+00,7.462811e-01,5.600749e-01,4.398249e-01,3.594356e-01,3.013736e-01,6.985299e-01,7.989085e-01,8.434257e-01,8.693180e-01,8.844226e-01,9.028723e-01,8.869110e-01,8.843705e-01
2.570000e-03,6.190870e+00,6.151874e+00,1.280523e+00,7.462814e-01,5.600751e-01,4.398247e-01,3.594354e-01,3.013743e-01,6.983598e-01,7.988174e-01,8.433545e-01,8.692630e-01,8.843911e-01,9.028509e-01,8.869241e-01,8.843708e-01
2.575000e-03,6.191197e+00,6.152241e+00,1.278267e+00,7.462813e-01,5.600755e-01,4.398247e-01,3.594352e-01,3.013750e-01,6.981881e-01,7.987229e-01,8.432786e-01,8.692086e-01,8.843572e-01,9.028323e-01,8.869386e-01,8.843713e-01
2.580000e-03,6.191529e+00,6.152617e+00,1.275969e+00,7.462810e-01,5.600756e-01,4.398250e-01,3.594351e-01,3.013755e-01,6.980160e-01,7.986311e-01,8.432099e-01,8.691569e-01,8.843215e-01,9.028173e-01,8.869546e-01,8.843715e-01
2.585000e-03,6.191864e+00,6.153004e+00,1.273627e+00,7.462805e-01,5.600756e-01,4.398252e-01,3.594351e-01,3.013759e-01,6.978453e-01,7.985413e-01,8.431501e-01,8.691069e-01,8.842844e-01,9.028052e-01,8.869724e-01,8.843716e-01
2.590000e-03,6.192205e+00,6.153400e+00,1.271216e+00,7.462803e-01,5.600753e-01,4.398253e-01,3.594353e-01,3.013767e-01,6.976745e-01,7.984533e-01,8.430906e-01,8.690544e-01,8.842460e-01,9.027943e-01,8.869930e-01,8.843726e-01
2.595000e-03,6.192547e+00,6.153806e+00,1.268772e+00,7.462803e-01,5.600750e-01,4.398253e-01,3.594355e-01,3.013776e-01,6.975048e-01,7.983652e-01,8.430276e-01,8.690000e-01,8.842097e-01,9.027839e-01,8.870168e-01,8.843747e-01
2.600000e-03,6.192892e+00,6.154226e+00,1.266307e+00,7.462807e-01,5.600748e-01,4.398251e-01,3.594356e-01,3.013787e-01,6.973313e-01,7.982785e-01,8.429620e-01,8.689486e-01,8.841787e-01,9.027739e-01,8.870436e-01,8.843782e-01
2.605000e-03,6.193238e+00,6.154654e+00,1.263818e+00,7.462812e-01,5.600749e-01,4.398248e-01,3.594355e-01,3.013799e-01,6.971581e-01,7.981939e-01,8.428988e-01,8.689026e-01,8.841509e-01,9.027639e-01,8.870724e-01,8.843833e-01
2.610000e-03,6.193587e+00,6.155088e+00,1.261312e+00,7.462814e-01,5.600752e-01,4.398247e-01,3.594353e-01,3.013809e-01,6.969933e-01,7.981122e-01,8.428399e-01,8.688611e-01,8.841218e-01,9.027538e-01,8.871022e-01,8.843906e-01
2.615000e-03,6.193936e+00,6.155532e+00,1.258794e+00,7.462814e-01,5.600755e-01,4.398248e-01,3.594351e-01,3.013818e-01,6.968370e-01,7.980314e-01,8.427831e-01,8.688207e-01,8.840910e-01,9.027442e-01,8.871331e-01,8.844006e-01
2.620000e-03,6.194286e+00,6.155989e+00,1.256265e+00,7.462810e-01,5.600757e-01,4.398250e-01,3.594351e-01,3.013827e-01,6.966765e-01,7.979521e-01,8.427262e-01,8.687780e-01,8.840620e-01,9.027359e-01,8.871658e-01,8.844128e-01
2.625000e-03,6.194641e+00,6.156453e+00,1.253682e+00,7.462806e-01,5.600756e-01,4.398253e-01,3.594351e-01,3.013835e-01,6.965160e-01,7.978716e-01,8.426700e-01,8.687332e-01,8.840370e-01,9.027280e-01,8.871997e-01,8.844264e-01
2.630000e-03,6.194997e+00,6.156925e+00,1.251095e+00,7.462804e-01,5.600753e-01,4.398254e-01,3.594353e-01,3.013842e-01,6.963564e-01,7.977975e-01,8.426174e-01,8.686886e-01,8.840157e-01,9.027196e-01,8.872331e-01,8.844406e-01
2.635000e-03,6.195354e+00,6.157404e+00,1.248490e+00,7.462804e-01,5.600750e-01,4.398253e-01,3.594355e-01,3.013848e-01,6.961960e-01,7.977282e-01,8.425684e-01,8.686458e-01,8.839965e-01,9.027116e-01,8.872654e-01,8.844557e-01
2.640000e-03,6.195713e+00,6.157890e+00,1.245871e+00,7.462808e-01,5.600749e-01,4.398251e-01,3.594356e-01,3.013855e-01,6.960397e-01,7.976490e-01,8.425194e-01,8.686049e-01,8.839778e-01,9.027061e-01,8.872971e-01,8.844717e-01
2.645000e-03,6.196070e+00,6.158382e+00,1.243250e+00,7.462811e-01,5.600750e-01,4.398248e-01,3.594355e-01,3.013862e-01,6.958883e-01,7.975728e-01,8.424679e-01,8.685664e-01,8.839584e-01,9.027041e-01,8.873283e-01,8.844879e-01
2.650000e-03,6.196426e+00,6.158880e+00,1.240642e+00,7.462813e-01,5.600752e-01,4.398247e-01,3.594353e-01,3.013868e-01,6.957433e-01,7.975024e-01,8.424208e-01,8.685316e-01,8.839380e-01,9.027050e-01,8.873590e-01,8.845039e-01
2.655000e-03,6.196779e+00,6.159381e+00,1.238029e+00,7.462812e-01,5.600755e-01,4.398248e-01,3.594351e-01,3.013875e-01,6.955973e-01,7.974284e-01,8.423808e-01,8.685007e-01,8.839172e-01,9.027073e-01,8.873896e-01,8.845197e-01
2.660000e-03,6.197126e+00,6.159890e+00,1.235438e+00,7.462808e-01,5.600756e-01,4.398250e-01,3.594350e-01,3.013882e-01,6.954535e-01,7.973543e-01,8.423394e-01,8.684701e-01,8.838970e-01,9.027098e-01,8.874213e-01,8.845349e-01
2.665000e-03,6.197472e+00,6.160397e+00,1.232982e+00,7.462805e-01,5.600755e-01,4.398252e-01,3.594351e-01,3.013889e-01,6.953137e-01,7.972850e-01,8.422963e-01,8.684372e-01,8.838789e-01,9.027126e-01,8.874551e-01,8.845482e-01
2.670000e-03,6.197818e+00,6.160898e+00,1.230624e+00,7.462804e-01,5.600753e-01,4.398253e-01,3.594353e-01,3.013894e-01,6.951802e-01,7.972215e-01,8.422561e-01,8.684056e-01,8.838647e-01,9.027155e-01,8.874906e-01,8.845600e-01
2.675000e-03,6.198162e+00,6.161411e+00,1.228276e+00,7.462806e-01,5.600750e-01,4.398252e-01,3.594355e-01,3.013902e-01,6.950501e-01,7.971648e-01,8.422174e-01,8.683775e-01,8.838533e-01,9.027180e-01,8.875261e-01,8.845723e-01
2.680000e-03,6.198506e+00,6.161930e+00,1.225923e+00,7.462809e-01,5.600750e-01,4.398250e-01,3.594355e-01,3.013911e-01,6.949200e-01,7.971008e-01,8.421774e-01,8.683516e-01,8.838416e-01,9.027195e-01,8.875609e-01,8.845874e-01
2.685000e-03,6.198849e+00,6.162452e+00,1.223554e+00,7.462813e-01,5.600751e-01,4.398249e-01,3.594355e-01,3.013919e-01,6.948022e-01,7.970352e-01,8.421396e-01,8.683278e-01,8.838285e-01,9.027205e-01,8.875944e-01,8.846053e-01
2.690000e-03,6.199191e+00,6.162978e+00,1.221192e+00,7.462814e-01,5.600753e-01,4.398248e-01,3.594353e-01,3.013927e-01,6.946915e-01,7.969743e-01,8.421032e-01,8.683057e-01,8.838163e-01,9.027221e-01,8.876262e-01,8.846244e-01
2.695000e-03,6.199530e+00,6.163510e+00,1.218847e+00,7.462812e-01,5.600756e-01,4.398249e-01,3.594352e-01,3.013933e-01,6.945888e-01,7.969213e-01,8.420683e-01,8.682854e-01,8.838064e-01,9.027241e-01,8.876561e-01,8.846432e-01
2.700000e-03,6.199864e+00,6.164267e+00,1.220899e+00,7.462808e-01,5.600756e-01,4.398251e-01,3.594351e-01,3.013938e-01,6.944784e-01,7.968700e-01,8.420346e-01,8.682673e-01,8.837979e-01,9.027252e-01,8.876842e-01,8.846609e-01
2.705000e-03,6.200199e+00,6.165009e+00,1.222864e+00,7.462805e-01,5.600755e-01,4.398253e-01,3.594352e-01,3.013944e-01,6.943765e-01,7.968118e-01,8.419997e-01,8.682502e-01,8.837909e-01,9.027256e-01,8.877106e-01,8.846780e-01
2.710000e-03,6.200529e+00,6.165715e+00,1.224701e+00,7.462804e-01,5.600752e-01,4.398253e-01,3.594354e-01,3.013950e-01,6.942753e-01,7.967598e-01,8.419674e-01,8.682325e-01,8.837854e-01,9.027264e-01,8.877351e-01,8.846950e-01
2.715000e-03,6.200855e+00,6.166398e+00,1.226494e+00,7.462806e-01,5.600750e-01,4.398252e-01,3.594355e-01,3.013958e-01,6.941789e-01,7.967124e-01,8.419418e-01,8.682142e-01,8.837802e-01,9.027282e-01,8.877576e-01,8.847120e-01
2.720000e-03,6.201177e+00,6.167075e+00,1.228337e+00,7.462809e-01,5.600749e-01,4.398250e-01,3.594355e-01,3.013965e-01,6.940699e-01,7.966640e-01,8.419177e-01,8.681954e-01,8.837738e-01,9.027313e-01,8.877783e-01,8.847288e-01
2.725000e-03,6.201494e+00,6.167733e+00,1.230160e+00,7.462812e-01,5.600751e-01,4.398248e-01,3.594354e-01,3.013973e-01,6.939585e-01,7.966205e-01,8.418908e-01,8.681769e-01,8.837664e-01,9.027353e-01,8.877979e-01,8.847454e-01
2.730000e-03,6.201807e+00,6.168386e+00,1.232032e+00,7.462813e-01,5.600754e-01,4.398248e-01,3.594352e-01,3.013979e-01,6.938568e-01,7.965923e-01,8.418626e-01,8.681600e-01,8.837592e-01,9.027398e-01,8.878176e-01,8.847620e-01
2.735000e-03,6.202116e+00,6.169029e+00,1.233927e+00,7.462811e-01,5.600756e-01,4.398249e-01,3.594351e-01,3.013984e-01,6.937574e-01,7.965804e-01,8.418360e-01,8.681455e-01,8.837531e-01,9.027442e-01,8.878377e-01,8.847784e-01
2.740000e-03,6.202428e+00,6.169659e+00,1.235741e+00,7.462808e-01,5.600756e-01,4.398251e-01,3.594351e-01,3.013988e-01,6.936685e-01,7.965543e-01,8.418126e-01,8.681329e-01,8.837477e-01,9.027481e-01,8.878578e-01,8.847945e-01
2.745000e-03,6.202730e+00,6.170260e+00,1.237509e+00,7.462806e-01,5.600755e-01,4.398253e-01,3.594352e-01,3.013993e-01,6.935758e-01,7.965141e-01,8.417915e-01,8.681196e-01,8.837427e-01,9.027520e-01,8.878767e-01,8.848109e-01
2.750000e-03,6.203026e+00,6.170842e+00,1.239241e+00,7.462805e-01,5.600752e-01,4.398253e-01,3.594354e-01,3.013999e-01,6.934812e-01,7.964878e-01,8.417753e-01,8.681053e-01,8.837386e-01,9.027561e-01,8.878937e-01,8.848282e-01
2.755000e-03,6.203318e+00,6.171408e+00,1.240920e+00,7.462807e-01,5.600751e-01,4.398252e-01,3.594355e-01,3.014005e-01,6.933952e-01,7.964581e-01,8.417737e-01,8.680905e-01,8.837367e-01,9.027608e-01,8.879087e-01,8.848462e-01
2.760000e-03,6.203600e+00,6.171969e+00,1.242582e+00,7.462810e-01,5.600750e-01,4.398250e-01,3.594355e-01,3.014011e-01,6.933121e-01,7.964264e-01,8.417738e-01,8.680752e-01,8.837360e-01,9.027656e-01,8.879217e-01,8.848641e-01
2.765000e-03,6.203878e+00,6.172529e+00,1.244341e+00,7.462812e-01,5.600752e-01,4.398249e-01,3.594354e-01,3.014017e-01,6.932312e-01,7.964061e-01,8.417630e-01,8.680598e-01,8.837358e-01,9.027699e-01,8.879326e-01,8.848811e-01
2.770000e-03,6.204152e+00,6.173088e+00,1.246190e+00,7.462812e-01,5.600754e-01,4.398249e-01,3.594353e-01,3.014021e-01,6.931528e-01,7.963795e-01,8.417478e-01,8.680503e-01,8.837357e-01,9.027737e-01,8.879409e-01,8.848968e-01
2.775000e-03,6.204422e+00,6.173640e+00,1.248065e+00,7.462810e-01,5.600755e-01,4.398250e-01,3.594351e-01,3.014024e-01,6.930747e-01,7.963466e-01,8.417331e-01,8.680535e-01,8.837344e-01,9.027769e-01,8.879460e-01,8.849105e-01
2.780000e-03,6.204688e+00,6.174180e+00,1.249937e+00,7.462807e-01,5.600755e-01,4.398252e-01,3.594351e-01,3.014026e-01,6.930030e-01,7.963197e-01,8.417237e-01,8.680630e-01,8.837301e-01,9.027800e-01,8.879485e-01,8.849213e-01
2.785000e-03,6.204948e+00,6.174703e+00,1.251779e+00,7.462805e-01,5.600754e-01,4.398253e-01,3.594353e-01,3.014029e-01,6.929344e-01,7.962953e-01,8.417220e-01,8.680692e-01,8.837234e-01,9.027837e-01,8.879501e-01,8.849289e-01
2.790000e-03,6.205230e+00,6.175252e+00,1.253627e+00,7.462805e-01,5.600752e-01,4.398253e-01,3.594354e-01,3.014033e-01,6.928714e-01,7.962704e-01,8.417200e-01,8.680682e-01,8.837201e-01,9.027890e-01,8.879523e-01,8.849344e-01
2.795000e-03,6.205515e+00,6.175790e+00,1.255405e+00,7.462808e-01,5.600750e-01,4.398251e-01,3.594355e-01,3.014038e-01,6.928121e-01,7.962465e-01,8.417133e-01,8.680605e-01,8.837254e-01,9.027950e-01,8.879559e-01,8.849404e-01
2.800000e-03,6.205793e+00,6.176297e+00,1.257005e+00,7.462811e-01,5.600751e-01,4.398250e-01,3.594355e-01,3.014043e-01,6.927602e-01,7.962208e-01,8.417057e-01,8.680531e-01,8.837373e-01,9.028002e-01,8.879609e-01,8.849481e-01
2.805000e-03,6.206066e+00,6.176790e+00,1.258588e+00,7.462813e-01,5.600752e-01,4.398249e-01,3.594354e-01,3.014047e-01,6.927081e-01,7.961960e-01,8.417012e-01,8.680526e-01,8.837508e-01,9.028048e-01,8.879672e-01,8.849574e-01
2.810000e-03,6.206332e+00,6.177268e+00,1.260147e+00,7.462813e-01,5.600755e-01,4.398249e-01,3.594352e-01,3.014050e-01,6.926573e-01,7.961768e-01,8.417000e-01,8.680576e-01,8.837619e-01,9.028126e-01,8.879745e-01,8.849675e-01
2.815000e-03,6.206588e+00,6.177728e+00,1.261698e+00,7.462810e-01,5.600756e-01,4.398250e-01,3.594352e-01,3.014053e-01,6.926090e-01,7.961582e-01,8.416987e-01,8.680636e-01,8.837691e-01,9.028264e-01,8.879813e-01,8.849780e-01
2.820000e-03,6.206839e+00,6.178177e+00,1.263229e+00,7.462808e-01,5.600756e-01,4.398252e-01,3.594352e-01,3.014055e-01,6.925599e-01,7.961419e-01,8.416929e-01,8.680685e-01,8.837741e-01,9.028458e-01,8.879869e-01,8.849888e-01
2.825000e-03,6.207085e+00,6.178608e+00,1.264671e+00,7.462806e-01,5.600754e-01,4.398253e-01,3.594353e-01,3.014057e-01,6.925128e-01,7.961333e-01,8.416857e-01,8.680728e-01,8.837800e-01,9.028679e-01,8.879927e-01,8.849998e-01
2.830000e-03,6.207321e+00,6.179013e+00,1.266020e+00,7.462806e-01,5.600752e-01,4.398253e-01,3.594354e-01,3.014061e-01,6.924702e-01,7.961251e-01,8.416813e-01,8.680780e-01,8.837882e-01,9.028900e-01,8.880010e-01,8.850101e-01
2.835000e-03,6.207546e+00,6.179397e+00,1.267334e+00,7.462808e-01,5.600750e-01,4.398251e-01,3.594355e-01,3.014065e-01,6.924240e-01,7.961153e-01,8.416796e-01,8.680842e-01,8.837987e-01,9.029112e-01,8.880131e-01,8.850187e-01
2.840000e-03,6.207763e+00,6.179765e+00,1.268613e+00,7.462810e-01,5.600751e-01,4.398249e-01,3.594355e-01,3.014068e-01,6.923772e-01,7.961078e-01,8.416799e-01,8.680894e-01,8.838111e-01,9.029319e-01,8.880287e-01,8.850257e-01
2.845000e-03,6.207971e+00,6.180117e+00,1.269856e+00,7.462812e-01,5.600752e-01,4.398249e-01,3.594353e-01,3.014071e-01,6.923322e-01,7.961018e-01,8.416830e-01,8.680933e-01,8.838251e-01,9.029525e-01,8.880462e-01,8.850331e-01
2.850000e-03,6.208171e+00,6.180453e+00,1.271056e+00,7.462811e-01,5.600754e-01,4.398249e-01,3.594352e-01,3.014073e-01,6.922902e-01,7.960987e-01,8.416893e-01,8.680975e-01,8.838397e-01,9.029725e-01,8.880647e-01,8.850435e-01
2.855000e-03,6.208363e+00,6.180774e+00,1.272208e+00,7.462809e-01,5.600755e-01,4.398250e-01,3.594351e-01,3.014074e-01,6.922516e-01,7.960980e-01,8.416956e-01,8.681033e-01,8.838537e-01,9.029924e-01,8.880845e-01,8.850578e-01
2.860000e-03,6.208525e+00,6.181050e+00,1.273293e+00,7.462807e-01,5.600755e-01,4.398252e-01,3.594352e-01,3.014076e-01,6.922166e-01,7.960960e-01,8.417014e-01,8.681110e-01,8.838663e-01,9.030137e-01,8.881061e-01,8.850748e-01
2.865000e-03,6.208676e+00,6.181308e+00,1.274338e+00,7.462806e-01,5.600753e-01,4.398253e-01,3.594353e-01,3.014077e-01,6.921843e-01,7.960945e-01,8.417083e-01,8.681217e-01,8.838785e-01,9.030378e-01,8.881291e-01,8.850925e-01
2.870000e-03,6.208820e+00,6.181554e+00,1.275350e+00,7.462807e-01,5.600752e-01,4.398252e-01,3.594354e-01,3.014079e-01,6.921536e-01,7.960900e-01,8.417193e-01,8.681357e-01,8.838912e-01,9.030649e-01,8.881520e-01,8.851105e-01
2.875000e-03,6.208956e+00,6.181783e+00,1.276326e+00,7.462809e-01,5.600751e-01,4.398251e-01,3.594355e-01,3.014082e-01,6.921263e-01,7.960853e-01,8.417343e-01,8.681512e-01,8.839040e-01,9.030931e-01,8.881742e-01,8.851294e-01
2.880000e-03,6.209086e+00,6.181998e+00,1.277251e+00,7.462811e-01,5.600751e-01,4.398249e-01,3.594354e-01,3.014085e-01,6.921017e-01,7.960831e-01,8.417503e-01,8.681666e-01,8.839172e-01,9.031208e-01,8.881966e-01,8.851496e-01
2.885000e-03,6.209211e+00,6.182203e+00,1.278117e+00,7.462812e-01,5.600753e-01,4.398249e-01,3.594353e-01,3.014088e-01,6.920804e-01,7.960817e-01,8.417648e-01,8.681826e-01,8.839326e-01,9.031477e-01,8.882207e-01,8.851705e-01
2.890000e-03,6.209330e+00,6.182396e+00,1.278931e+00,7.462811e-01,5.600754e-01,4.398249e-01,3.594352e-01,3.014089e-01,6.920631e-01,7.960788e-01,8.417763e-01,8.682016e-01,8.839517e-01,9.031738e-01,8.882471e-01,8.851908e-01
2.895000e-03,6.209442e+00,6.182578e+00,1.279704e+00,7.462809e-01,5.600755e-01,4.398251e-01,3.594352e-01,3.014090e-01,6.920483e-01,7.960766e-01,8.417872e-01,8.682246e-01,8.839741e-01,9.031990e-01,8.882752e-01,8.852103e-01
2.900000e-03,6.209547e+00,6.182749e+00,1.280441e+00,7.462806e-01,5.600754e-01,4.398252e-01,3.594352e-01,3.014091e-01,6.920346e-01,7.960780e-01,8.418018e-01,8.682511e-01,8.839982e-01,9.032239e-01,8.883036e-01,8.852301e-01
2.905000e-03,6.209646e+00,6.182909e+00,1.281142e+00,7.462805e-01,5.600753e-01,4.398252e-01,3.594353e-01,3.014092e-01,6.920227e-01,7.960810e-01,8.418204e-01,8.682779e-01,8.840235e-01,9.032499e-01,8.883315e-01,8.852513e-01
2.910000e-03,6.209737e+00,6.183059e+00,1.281806e+00,7.462806e-01,5.600751e-01,4.398252e-01,3.594354e-01,3.014094e-01,6.920127e-01,7.960852e-01,8.418389e-01,8.683022e-01,8.840501e-01,9.032781e-01,8.883579e-01,8.852740e-01
2.915000e-03,6.209874e+00,6.183198e+00,1.282436e+00,7.462808e-01,5.600750e-01,4.398250e-01,3.594355e-01,3.014096e-01,6.920053e-01,7.960924e-01,8.418555e-01,8.683243e-01,8.840791e-01,9.033085e-01,8.883827e-01,8.852973e-01
2.920000e-03,6.210002e+00,6.183328e+00,1.283034e+00,7.462811e-01,5.600751e-01,4.398249e-01,3.594354e-01,3.014098e-01,6.920003e-01,7.961014e-01,8.418718e-01,8.683471e-01,8.841105e-01,9.033406e-01,8.884066e-01,8.853204e-01
2.925000e-03,6.210120e+00,6.183448e+00,1.283597e+00,7.462812e-01,5.600753e-01,4.398249e-01,3.594353e-01,3.014099e-01,6.919977e-01,7.961120e-01,8.418895e-01,8.683726e-01,8.841426e-01,9.033736e-01,8.884306e-01,8.853425e-01
2.930000e-03,6.210227e+00,6.183558e+00,1.284126e+00,7.462811e-01,5.600754e-01,4.398249e-01,3.594352e-01,3.014100e-01,6.919973e-01,7.961249e-01,8.419093e-01,8.684003e-01,8.841734e-01,9.034076e-01,8.884552e-01,8.853633e-01
2.935000e-03,6.210323e+00,6.183659e+00,1.284619e+00,7.462809e-01,5.600755e-01,4.398251e-01,3.594352e-01,3.014100e-01,6.920000e-01,7.961406e-01,8.419315e-01,8.684289e-01,8.842020e-01,9.034429e-01,8.884805e-01,8.853833e-01
2.940000e-03,6.210408e+00,6.183750e+00,1.285076e+00,7.462807e-01,5.600754e-01,4.398252e-01,3.594352e-01,3.014100e-01,6.920047e-01,7.961573e-01,8.419554e-01,8.684569e-01,8.842291e-01,9.034792e-01,8.885064e-01,8.854030e-01
2.945000e-03,6.210482e+00,6.183831e+00,1.285498e+00,7.462806e-01,5.600753e-01,4.398252e-01,3.594354e-01,3.014101e-01,6.920120e-01,7.961750e-01,8.419808e-01,8.684838e-01,8.842559e-01,9.035151e-01,8.885330e-01,8.854232e-01
2.950000e-03,6.210546e+00,6.183902e+00,1.285883e+00,7.462807e-01,5.600751e-01,4.398251e-01,3.594354e-01,3.014102e-01,6.920216e-01,7.961950e-01,8.420075e-01,8.685105e-01,8.842831e-01,9.035497e-01,8.885607e-01,8.854441e-01
2.955000e-03,6.210598e+00,6.183964e+00,1.286230e+00,7.462809e-01,5.600751e-01,4.398250e-01,3.594355e-01,3.014104e-01,6.920339e-01,7.962181e-01,8.420350e-01,8.685388e-01,8.843110e-01,9.035824e-01,8.885896e-01,8.854657e-01
2.960000e-03,6.210639e+00,6.184016e+00,1.286541e+00,7.462811e-01,5.600752e-01,4.398249e-01,3.594354e-01,3.014105e-01,6.920489e-01,7.962423e-01,8.420635e-01,8.685688e-01,8.843389e-01,9.036137e-01,8.886188e-01,8.854881e-01
2.965000e-03,6.210670e+00,6.184058e+00,1.286816e+00,7.462811e-01,5.600753e-01,4.398249e-01,3.594353e-01,3.014106e-01,6.920667e-01,7.962678e-01,8.420925e-01,8.686000e-01,8.843664e-01,9.036437e-01,8.886473e-01,8.855116e-01
2.970000e-03,6.210689e+00,6.184090e+00,1.287054e+00,7.462810e-01,5.600754e-01,4.398250e-01,3.594352e-01,3.014105e-01,6.920872e-01,7.962955e-01,8.421221e-01,8.686316e-01,8.843932e-01,9.036723e-01,8.886743e-01,8.855367e-01
2.975000e-03,6.210697e+00,6.184113e+00,1.287254e+00,7.462808e-01,5.600754e-01,4.398251e-01,3.594352e-01,3.014105e-01,6.921102e-01,7.963250e-01,8.421531e-01,8.686630e-01,8.844200e-01,9.036995e-01,8.886998e-01,8.855634e-01
2.980000e-03,6.210693e+00,6.184125e+00,1.287417e+00,7.462806e-01,5.600754e-01,4.398252e-01,3.594353e-01,3.014104e-01,6.921359e-01,7.963558e-01,8.421852e-01,8.686939e-01,8.844475e-01,9.037259e-01,8.887240e-01,8.855908e-01
2.985000e-03,6.210677e+00,6.184128e+00,1.287540e+00,7.462806e-01,5.600752e-01,4.398252e-01,3.594353e-01,3.014104e-01,6.921638e-01,7.963876e-01,8.422178e-01,8.687244e-01,8.844760e-01,9.037519e-01,8.887466e-01,8.856179e-01
2.990000e-03,6.210650e+00,6.184119e+00,1.287624e+00,7.462808e-01,5.600751e-01,4.398251e-01,3.594354e-01,3.014105e-01,6.921944e-01,7.964205e-01,8.422510e-01,8.687546e-01,8.845051e-01,9.037779e-01,8.887673e-01,8.856444e-01
2.995000e-03,6.210611e+00,6.184101e+00,1.287667e+00,7.462810e-01,5.600751e-01,4.398250e-01,3.594354e-01,3.014106e-01,6.922274e-01,7.964543e-01,8.422847e-01,8.687853e-01,8.845343e-01,9.038042e-01,8.887859e-01,8.856702e-01
3.000000e-03,6.210560e+00,6.184071e+00,1.287669e+00,7.462811e-01,5.600752e-01,4.398249e-01,3.594354e-01,3.014106e-01,6.922628e-01,7.964892e-01,8.423186e-01,8.688167e-01,8.845630e-01,9.038306e-01,8.888026e-01,8.856953e-01
3.005000e-03,6.210496e+00,6.184031e+00,1.287629e+00,7.462811e-01,5.600754e-01,4.398249e-01,3.594353e-01,3.014106e-01,6.923006e-01,7.965250e-01,8.423524e-01,8.688486e-01,8.845910e-01,9.038571e-01,8.888178e-01,8.857194e-01
3.010000e-03,6.210421e+00,6.183980e+00,1.287546e+00,7.462810e-01,5.600755e-01,4.398250e-01,3.594352e-01,3.014105e-01,6.923403e-01,7.965618e-01,8.423860e-01,8.688808e-01,8.846184e-01,9.038832e-01,8.888318e-01,8.857422e-01
3.015000e-03,6.210334e+00,6.183919e+00,1.287420e+00,7.462808e-01,5.600755e-01,4.398251e-01,3.594352e-01,3.014104e-01,6.923818e-01,7.965994e-01,8.424199e-01,8.689130e-01,8.846457e-01,9.039088e-01,8.888449e-01,8.857634e-01
3.020000e-03,6.210236e+00,6.183846e+00,1.287250e+00,7.462807e-01,5.600754e-01,4.398252e-01,3.594353e-01,3.014103e-01,6.924252e-01,7.966374e-01,8.424543e-01,8.689448e-01,8.846730e-01,9.039336e-01,8.888569e-01,8.857831e-01
3.025000e-03,6.210125e+00,6.183763e+00,1.287037e+00,7.462807e-01,5.600752e-01,4.398252e-01,3.594354e-01,3.014102e-01,6.924703e-01,7.966759e-01,8.424893e-01,8.689762e-01,8.847004e-01,9.039573e-01,8.888675e-01,8.858016e-01
3.030000e-03,6.210003e+00,6.183669e+00,1.286782e+00,7.462808e-01,5.600751e-01,4.398251e-01,3.594354e-01,3.014102e-01,6.925172e-01,7.967146e-01,8.425247e-01,8.690071e-01,8.847276e-01,9.039798e-01,8.888763e-01,8.858192e-01
3.035000e-03,6.209870e+00,6.183565e+00,1.286484e+00,7.462810e-01,5.600751e-01,4.398250e-01,3.594354e-01,3.014102e-01,6.925658e-01,7.967537e-01,8.425601e-01,8.690379e-01,8.847546e-01,9.040011e-01,8.888835e-01,8.858364e-01
3.040000e-03,6.209731e+00,6.183450e+00,1.286145e+00,7.462811e-01,5.600752e-01,4.398249e-01,3.594354e-01,3.014102e-01,6.926160e-01,7.967933e-01,8.425953e-01,8.690690e-01,8.847809e-01,9.040214e-01,8.888891e-01,8.858529e-01
3.045000e-03,6.209637e+00,6.183325e+00,1.285766e+00,7.462811e-01,5.600754e-01,4.398249e-01,3.594353e-01,3.014101e-01,6.926678e-01,7.968335e-01,8.426302e-01,8.691005e-01,8.848064e-01,9.040402e-01,8.888927e-01,8.858686e-01
3.050000e-03,6.209536e+00,6.183190e+00,1.285346e+00,7.462810e-01,5.600754e-01,4.398250e-01,3.594352e-01,3.014099e-01,6.927210e-01,7.968741e-01,8.426647e-01,8.691322e-01,8.848309e-01,9.040573e-01,8.888932e-01,8.858833e-01
3.055000e-03,6.209429e+00,6.183045e+00,1.284886e+00,7.462808e-01,5.600754e-01,4.398251e-01,3.594352e-01,3.014097e-01,6.927760e-01,7.969152e-01,8.426994e-01,8.691637e-01,8.848544e-01,9.040727e-01,8.888905e-01,8.858964e-01
3.060000e-03,6.209315e+00,6.182890e+00,1.284388e+00,7.462807e-01,5.600753e-01,4.398252e-01,3.594353e-01,3.014095e-01,6.928322e-01,7.969565e-01,8.427343e-01,8.691945e-01,8.848771e-01,9.040871e-01,8.888859e-01,8.859064e-01
3.065000e-03,6.209196e+00,6.182725e+00,1.283851e+00,7.462807e-01,5.600752e-01,4.398252e-01,3.594354e-01,3.014094e-01,6.928901e-01,7.969981e-01,8.427694e-01,8.692244e-01,8.848992e-01,9.041011e-01,8.888806e-01,8.859132e-01
3.070000e-03,6.209071e+00,6.182550e+00,1.283276e+00,7.462809e-01,5.600752e-01,4.398251e-01,3.594354e-01,3.014093e-01,6.929495e-01,7.970397e-01,8.428045e-01,8.692533e-01,8.849209e-01,9.041150e-01,8.888752e-01,8.859186e-01
3.075000e-03,6.208939e+00,6.182365e+00,1.282661e+00,7.462810e-01,5.600752e-01,4.398250e-01,3.594354e-01,3.014093e-01,6.930099e-01,7.970819e-01,8.428389e-01,8.692812e-01,8.849424e-01,9.041290e-01,8.888701e-01,8.859241e-01
3.080000e-03,6.208802e+00,6.182167e+00,1.281979e+00,7.462811e-01,5.600753e-01,4.398249e-01,3.594354e-01,3.014091e-01,6.930710e-01,7.971242e-01,8.428727e-01,8.693087e-01,8.849634e-01,9.041433e-01,8.888650e-01,8.859298e-01
3.085000e-03,6.208661e+00,6.181960e+00,1.281252e+00,7.462811e-01,5.600754e-01,4.398250e-01,3.594353e-01,3.014089e-01,6.931330e-01,7.971677e-01,8.429060e-01,8.693359e-01,8.849840e-01,9.041578e-01,8.888603e-01,8.859351e-01
3.090000e-03,6.208515e+00,6.181743e+00,1.280474e+00,7.462810e-01,5.600755e-01,4.398250e-01,3.594352e-01,3.014087e-01,6.931965e-01,7.972112e-01,8.429389e-01,8.693627e-01,8.850039e-01,9.041725e-01,8.888558e-01,8.859398e-01
3.095000e-03,6.208364e+00,6.181516e+00,1.279650e+00,7.462808e-01,5.600754e-01,4.398251e-01,3.594353e-01,3.014084e-01,6.932610e-01,7.972543e-01,8.429712e-01,8.693886e-01,8.850232e-01,9.041871e-01,8.888514e-01,8.859436e-01
3.100000e-03,6.208199e+00,6.181264e+00,1.278790e+00,7.462807e-01,5.600753e-01,4.398252e-01,3.594353e-01,3.014082e-01,6.933256e-01,7.972976e-01,8.430029e-01,8.694132e-01,8.850422e-01,9.042014e-01,8.888471e-01,8.859463e-01
3.105000e-03,6.208012e+00,6.180980e+00,1.277900e+00,7.462808e-01,5.600752e-01,4.398251e-01,3.594354e-01,3.014081e-01,6.933905e-01,7.973411e-01,8.430339e-01,8.694370e-01,8.850610e-01,9.042152e-01,8.888427e-01,8.859480e-01
3.110000e-03,6.207820e+00,6.180685e+00,1.276984e+00,7.462809e-01,5.600752e-01,4.398251e-01,3.594354e-01,3.014079e-01,6.934566e-01,7.973846e-01,8.430645e-01,8.694603e-01,8.850793e-01,9.042282e-01,8.888382e-01,8.859486e-01
3.115000e-03,6.207623e+00,6.180380e+00,1.276047e+00,7.462811e-01,5.600752e-01,4.398250e-01,3.594354e-01,3.014078e-01,6.935232e-01,7.974282e-01,8.430943e-01,8.694832e-01,8.850967e-01,9.042402e-01,8.888336e-01,8.859480e-01
3.120000e-03,6.207422e+00,6.180067e+00,1.275088e+00,7.462811e-01,5.600753e-01,4.398249e-01,3.594353e-01,3.014076e-01,6.935913e-01,7.974712e-01,8.431229e-01,8.695061e-01,8.851128e-01,9.042512e-01,8.888287e-01,8.859462e-01
3.125000e-03,6.207218e+00,6.179745e+00,1.274088e+00,7.462811e-01,5.600754e-01,4.398250e-01,3.594353e-01,3.014074e-01,6.936612e-01,7.975138e-01,8.431507e-01,8.695294e-01,8.851275e-01,9.042615e-01,8.888237e-01,8.859430e-01
3.130000e-03,6.207011e+00,6.179414e+00,1.273055e+00,7.462810e-01,5.600755e-01,4.398251e-01,3.594353e-01,3.014071e-01,6.937339e-01,7.975562e-01,8.431797e-01,8.695530e-01,8.851411e-01,9.042709e-01,8.888192e-01,8.859384e-01
3.135000e-03,6.206800e+00,6.179072e+00,1.271987e+00,7.462808e-01,5.600754e-01,4.398251e-01,3.594353e-01,3.014068e-01,6.938068e-01,7.975972e-01,8.432094e-01,8.695760e-01,8.851541e-01,9.042792e-01,8.888149e-01,8.859331e-01
3.140000e-03,6.206585e+00,6.178719e+00,1.270897e+00,7.462808e-01,5.600753e-01,4.398252e-01,3.594354e-01,3.014066e-01,6.938804e-01,7.976385e-01,8.432382e-01,8.695971e-01,8.851673e-01,9.042861e-01,8.888107e-01,8.859273e-01
3.145000e-03,6.206366e+00,6.178359e+00,1.269798e+00,7.462808e-01,5.600752e-01,4.398251e-01,3.594354e-01,3.014064e-01,6.939531e-01,7.976807e-01,8.432659e-01,8.696165e-01,8.851806e-01,9.042917e-01,8.888063e-01,8.859214e-01
3.150000e-03,6.206144e+00,6.177991e+00,1.268696e+00,7.462809e-01,5.600752e-01,4.398251e-01,3.594355e-01,3.014062e-01,6.940252e-01,7.977236e-01,8.432922e-01,8.696355e-01,8.851938e-01,9.042964e-01,8.888012e-01,8.859149e-01
3.155000e-03,6.205920e+00,6.177617e+00,1.267581e+00,7.462811e-01,5.600752e-01,4.398250e-01,3.594354e-01,3.014060e-01,6.940994e-01,7.977619e-01,8.433174e-01,8.696549e-01,8.852061e-01,9.043002e-01,8.887954e-01,8.859076e-01
3.160000e-03,6.205694e+00,6.177239e+00,1.266473e+00,7.462811e-01,5.600753e-01,4.398249e-01,3.594353e-01,3.014058e-01,6.941753e-01,7.978000e-01,8.433431e-01,8.696742e-01,8.852168e-01,9.043032e-01,8.887888e-01,8.858992e-01
3.165000e-03,6.205465e+00,6.176852e+00,1.265341e+00,7.462810e-01,5.600754e-01,4.398250e-01,3.594353e-01,3.014055e-01,6.942520e-01,7.978397e-01,8.433697e-01,8.696928e-01,8.852259e-01,9.043054e-01,8.887818e-01,8.858896e-01
3.170000e-03,6.205236e+00,6.176461e+00,1.264200e+00,7.462809e-01,5.600754e-01,4.398251e-01,3.594353e-01,3.014051e-01,6.943286e-01,7.978813e-01,8.433971e-01,8.697106e-01,8.852339e-01,9.043071e-01,8.887745e-01,8.858787e-01
3.175000e-03,6.205008e+00,6.176066e+00,1.263022e+00,7.462808e-01,5.600754e-01,4.398251e-01,3.594353e-01,3.014048e-01,6.944034e-01,7.979190e-01,8.434228e-01,8.697268e-01,8.852414e-01,9.043081e-01,8.887669e-01,8.858669e-01
3.180000e-03,6.204779e+00,6.175660e+00,1.261792e+00,7.462808e-01,5.600753e-01,4.398251e-01,3.594354e-01,3.014045e-01,6.944775e-01,7.979543e-01,8.434465e-01,8.697416e-01,8.852482e-01,9.043079e-01,8.887589e-01,8.858541e-01
3.185000e-03,6.204576e+00,6.175272e+00,1.260426e+00,7.462808e-01,5.600752e-01,4.398251e-01,3.594354e-01,3.014042e-01,6.945492e-01,7.979913e-01,8.434706e-01,8.697570e-01,8.852546e-01,9.043066e-01,8.887507e-01,8.858407e-01
3.190000e-03,6.204370e+00,6.174872e+00,1.259027e+00,7.462810e-01,5.600752e-01,4.398250e-01,3.594354e-01,3.014040e-01,6.946160e-01,7.980297e-01,8.434953e-01,8.697732e-01,8.852601e-01,9.043040e-01,8.887423e-01,8.858266e-01
3.195000e-03,6.204161e+00,6.174468e+00,1.257644e+00,7.462811e-01,5.600752e-01,4.398250e-01,3.594354e-01,3.014038e-01,6.946795e-01,7.980680e-01,8.435182e-01,8.697887e-01,8.852644e-01,9.043003e-01,8.887334e-01,8.858119e-01
3.200000e-03,6.203951e+00,6.174057e+00,1.256260e+00,7.462811e-01,5.600753e-01,4.398250e-01,3.594353e-01,3.014035e-01,6.947418e-01,7.981079e-01,8.435373e-01,8.698026e-01,8.852675e-01,9.042955e-01,8.887239e-01,8.857968e-01
3.205000e-03,6.203739e+00,6.173640e+00,1.254864e+00,7.462810e-01,5.600754e-01,4.398250e-01,3.594353e-01,3.014032e-01,6.948068e-01,7.981483e-01,8.435539e-01,8.698152e-01,8.852705e-01,9.042896e-01,8.887135e-01,8.857812e-01
3.210000e-03,6.203526e+00,6.173213e+00,1.253437e+00,7.462809e-01,5.600754e-01,4.398251e-01,3.594353e-01,3.014028e-01,6.948758e-01,7.981863e-01,8.435711e-01,8.698272e-01,8.852737e-01,9.042825e-01,8.887024e-01,8.857652e-01
3.215000e-03,6.203312e+00,6.172779e+00,1.251999e+00,7.462808e-01,5.600754e-01,4.398251e-01,3.594353e-01,3.014025e-01,6.949453e-01,7.982210e-01,8.435905e-01,8.698382e-01,8.852768e-01,9.042739e-01,8.886905e-01,8.857486e-01
3.220000e-03,6.203098e+00,6.172341e+00,1.250562e+00,7.462808e-01,5.600753e-01,4.398251e-01,3.594354e-01,3.014022e-01,6.950095e-01,7.982523e-01,8.436124e-01,8.698478e-01,8.852793e-01,9.042641e-01,8.886776e-01,8.857312e-01
3.225000e-03,6.202885e+00,6.171912e+00,1.249210e+00,7.462808e-01,5.600752e-01,4.398251e-01,3.594354e-01,3.014020e-01,6.950730e-01,7.982806e-01,8.436358e-01,8.698548e-01,8.852810e-01,9.042538e-01,8.886634e-01,8.857130e-01
3.230000e-03,6.202675e+00,6.171493e+00,1.247955e+00,7.462809e-01,5.600752e-01,4.398250e-01,3.594354e-01,3.014017e-01,6.951353e-01,7.983102e-01,8.436578e-01,8.698597e-01,8.852817e-01,9.042430e-01,8.886476e-01,8.856941e-01
3.235000e-03,6.202467e+00,6.171080e+00,1.246739e+00,7.462810e-01,5.600752e-01,4.398250e-01,3.594354e-01,3.014014e-01,6.951992e-01,7.983399e-01,8.436760e-01,8.698651e-01,8.852809e-01,9.042315e-01,8.886304e-01,8.856747e-01
3.240000e-03,6.202259e+00,6.170663e+00,1.245507e+00,7.462811e-01,5.600753e-01,4.398249e-01,3.594353e-01,3.014010e-01,6.952658e-01,7.983663e-01,8.436894e-01,8.698730e-01,8.852781e-01,9.042193e-01,8.886126e-01,8.856544e-01
3.245000e-03,6.202051e+00,6.170251e+00,1.244257e+00,7.462810e-01,5.600754e-01,4.398250e-01,3.594353e-01,3.014006e-01,6.953329e-01,7.983917e-01,8.436998e-01,8.698833e-01,8.852728e-01,9.042068e-01,8.885949e-01,8.856329e-01
3.250000e-03,6.201844e+00,6.169840e+00,1.243039e+00,7.462809e-01,5.600754e-01,4.398251e-01,3.594353e-01,3.014001e-01,6.953978e-01,7.984153e-01,8.437107e-01,8.698939e-01,8.852654e-01,9.041938e-01,8.885774e-01,8.856101e-01
3.255000e-03,6.201639e+00,6.169430e+00,1.241841e+00,7.462808e-01,5.600753e-01,4.398251e-01,3.594353e-01,3.013997e-01,6.954611e-01,7.984355e-01,8.437229e-01,8.699018e-01,8.852579e-01,9.041799e-01,8.885599e-01,8.855869e-01
3.260000e-03,6.201435e+00,6.169020e+00,1.240645e+00,7.462808e-01,5.600753e-01,4.398251e-01,3.594354e-01,3.013994e-01,6.955246e-01,7.984593e-01,8.437341e-01,8.699047e-01,8.852520e-01,9.041643e-01,8.885420e-01,8.855643e-01
3.265000e-03,6.201235e+00,6.168611e+00,1.239465e+00,7.462809e-01,5.600752e-01,4.398251e-01,3.594354e-01,3.013990e-01,6.955877e-01,7.984846e-01,8.437423e-01,8.699031e-01,8.852487e-01,9.041462e-01,8.885236e-01,8.855425e-01
3.270000e-03,6.201042e+00,6.168211e+00,1.238289e+00,7.462810e-01,5.600752e-01,4.398250e-01,3.594354e-01,3.013987e-01,6.956523e-01,7.985052e-01,8.437471e-01,8.698997e-01,8.852475e-01,9.041261e-01,8.885048e-01,8.855209e-01
3.275000e-03,6.200852e+00,6.167813e+00,1.237123e+00,7.462811e-01,5.600753e-01,4.398250e-01,3.594354e-01,3.013983e-01,6.957184e-01,7.985236e-01,8.437492e-01,8.698969e-01,8.852459e-01,9.041054e-01,8.884852e-01,8.854993e-01
3.280000e-03,6.200666e+00,6.167417e+00,1.235969e+00,7.462810e-01,5.600753e-01,4.398250e-01,3.594353e-01,3.013980e-01,6.957747e-01,7.985433e-01,8.437526e-01,8.698951e-01,8.852417e-01,9.040857e-01,8.884639e-01,8.854775e-01
3.285000e-03,6.200483e+00,6.167024e+00,1.234828e+00,7.462810e-01,5.600754e-01,4.398250e-01,3.594353e-01,3.013976e-01,6.958319e-01,7.985625e-01,8.437586e-01,8.698927e-01,8.852335e-01,9.040678e-01,8.884406e-01,8.854557e-01
3.290000e-03,6.200303e+00,6.166634e+00,1.233701e+00,7.462808e-01,5.600754e-01,4.398251e-01,3.594353e-01,3.013972e-01,6.958898e-01,7.985811e-01,8.437628e-01,8.698874e-01,8.852224e-01,9.040513e-01,8.884159e-01,8.854338e-01
3.295000e-03,6.200127e+00,6.166250e+00,1.232599e+00,7.462808e-01,5.600753e-01,4.398251e-01,3.594353e-01,3.013968e-01,6.959478e-01,7.986052e-01,8.437628e-01,8.698785e-01,8.852099e-01,9.040354e-01,8.883910e-01,8.854114e-01
3.300000e-03,6.199956e+00,6.165879e+00,1.231560e+00,7.462808e-01,5.600752e-01,4.398251e-01,3.594354e-01,3.013964e-01,6.960038e-01,7.986283e-01,8.437620e-01,8.698688e-01,8.851974e-01,9.040186e-01,8.883669e-01,8.853877e-01
3.305000e-03,6.199787e+00,6.165513e+00,1.230554e+00,7.462809e-01,5.600752e-01,4.398250e-01,3.594354e-01,3.013961e-01,6.960571e-01,7.986442e-01,8.437607e-01,8.698606e-01,8.851849e-01,9.040001e-01,8.883442e-01,8.853631e-01
3.310000e-03,6.199622e+00,6.165152e+00,1.229570e+00,7.462810e-01,5.600752e-01,4.398250e-01,3.594354e-01,3.013958e-01,6.960966e-01,7.986597e-01,8.437581e-01,8.698529e-01,8.851712e-01,9.039799e-01,8.883221e-01,8.853381e-01
3.315000e-03,6.199463e+00,6.164801e+00,1.228616e+00,7.462811e-01,5.600753e-01,4.398250e-01,3.594354e-01,3.013955e-01,6.961439e-01,7.986775e-01,8.437587e-01,8.698448e-01,8.851559e-01,9.039581e-01,8.882998e-01,8.853139e-01
3.320000e-03,6.199308e+00,6.164459e+00,1.227701e+00,7.462810e-01,5.600754e-01,4.398250e-01,3.594353e-01,3.013952e-01,6.961883e-01,7.987011e-01,8.437605e-01,8.698352e-01,8.851399e-01,9.039350e-01,8.882766e-01,8.852908e-01
3.325000e-03,6.199157e+00,6.164125e+00,1.226817e+00,7.462810e-01,5.600754e-01,4.398250e-01,3.594353e-01,3.013948e-01,6.962324e-01,7.987207e-01,8.437590e-01,8.698224e-01,8.851241e-01,9.039106e-01,8.882526e-01,8.852689e-01
3.330000e-03,6.199010e+00,6.163795e+00,1.225938e+00,7.462809e-01,5.600754e-01,4.398251e-01,3.594353e-01,3.013945e-01,6.962730e-01,7.987288e-01,8.437546e-01,8.698080e-01,8.851087e-01,9.038847e-01,8.882280e-01,8.852473e-01
3.335000e-03,6.198867e+00,6.163487e+00,1.225238e+00,7.462808e-01,5.600753e-01,4.398251e-01,3.594354e-01,3.013942e-01,6.963130e-01,7.987398e-01,8.437503e-01,8.697963e-01,8.850933e-01,9.038581e-01,8.882032e-01,8.852255e-01
3.340000e-03,6.198728e+00,6.163262e+00,1.226194e+00,7.462808e-01,5.600752e-01,4.398251e-01,3.594354e-01,3.013939e-01,6.963533e-01,7.987508e-01,8.437511e-01,8.697866e-01,8.850770e-01,9.038318e-01,8.881780e-01,8.852034e-01
3.345000e-03,6.198592e+00,6.163042e+00,1.227123e+00,7.462809e-01,5.600752e-01,4.398251e-01,3.594354e-01,3.013936e-01,6.963877e-01,7.987566e-01,8.437554e-01,8.697760e-01,8.850591e-01,9.038065e-01,8.881517e-01,8.851813e-01
3.350000e-03,6.198460e+00,6.162827e+00,1.228023e+00,7.462810e-01,5.600752e-01,4.398250e-01,3.594354e-01,3.013934e-01,6.964175e-01,7.987612e-01,8.437546e-01,8.697625e-01,8.850406e-01,9.037819e-01,8.881243e-01,8.851599e-01
3.355000e-03,6.198332e+00,6.162620e+00,1.228891e+00,7.462810e-01,5.600753e-01,4.398250e-01,3.594354e-01,3.013931e-01,6.964435e-01,7.987657e-01,8.437493e-01,8.697472e-01,8.850233e-01,9.037573e-01,8.880964e-01,8.851392e-01
3.360000e-03,6.198209e+00,6.162420e+00,1.229726e+00,7.462810e-01,5.600754e-01,4.398250e-01,3.594353e-01,3.013928e-01,6.964670e-01,7.987720e-01,8.437433e-01,8.697349e-01,8.850072e-01,9.037323e-01,8.880690e-01,8.851183e-01
3.365000e-03,6.198090e+00,6.162228e+00,1.230526e+00,7.462809e-01,5.600754e-01,4.398250e-01,3.594353e-01,3.013925e-01,6.964884e-01,7.987779e-01,8.437374e-01,8.697265e-01,8.849909e-01,9.037069e-01,8.880422e-01,8.850965e-01
3.370000e-03,6.197976e+00,6.162045e+00,1.231292e+00,7.462808e-01,5.600754e-01,4.398251e-01,3.594353e-01,3.013922e-01,6.965129e-01,7.987784e-01,8.437316e-01,8.697188e-01,8.849730e-01,9.036818e-01,8.880159e-01,8.850733e-01
3.375000e-03,6.197867e+00,6.161869e+00,1.232025e+00,7.462808e-01,5.600753e-01,4.398251e-01,3.594354e-01,3.013919e-01,6.965321e-01,7.987773e-01,8.437258e-01,8.697094e-01,8.849546e-01,9.036576e-01,8.879894e-01,8.850494e-01
3.380000e-03,6.197764e+00,6.161701e+00,1.232720e+00,7.462808e-01,5.600752e-01,4.398251e-01,3.594354e-01,3.013917e-01,6.965505e-01,7.987748e-01,8.437206e-01,8.696975e-01,8.849377e-01,9.036340e-01,8.879626e-01,8.850255e-01
3.385000e-03,6.197665e+00,6.161541e+00,1.233375e+00,7.462809e-01,5.600752e-01,4.398250e-01,3.594354e-01,3.013915e-01,6.965664e-01,7.987687e-01,8.437154e-01,8.696837e-01,8.849230e-01,9.036099e-01,8.879360e-01,8.850018e-01
3.390000e-03,6.197573e+00,6.161390e+00,1.233991e+00,7.462810e-01,5.600752e-01,4.398250e-01,3.594354e-01,3.013913e-01,6.965809e-01,7.987632e-01,8.437073e-01,8.696697e-01,8.849093e-01,9.035846e-01,8.879106e-01,8.849781e-01
3.395000e-03,6.197486e+00,6.161249e+00,1.234566e+00,7.462810e-01,5.600753e-01,4.398250e-01,3.594354e-01,3.013911e-01,6.965934e-01,7.987574e-01,8.436960e-01,8.696570e-01,8.848960e-01,9.035595e-01,8.878866e-01,8.849543e-01
3.400000e-03,6.197405e+00,6.161116e+00,1.235100e+00,7.462810e-01,5.600754e-01,4.398250e-01,3.594353e-01,3.013909e-01,6.966044e-01,7.987495e-01,8.436840e-01,8.696467e-01,8.848822e-01,9.035361e-01,8.878635e-01,8.849303e-01
3.405000e-03,6.197330e+00,6.160993e+00,1.235593e+00,7.462809e-01,5.600754e-01,4.398251e-01,3.594353e-01,3.013907e-01,6.966145e-01,7.987407e-01,8.436716e-01,8.696377e-01,8.848672e-01,9.035146e-01,8.878401e-01,8.849069e-01
3.410000e-03,6.197261e+00,6.160878e+00,1.236044e+00,7.462808e-01,5.600754e-01,4.398251e-01,3.594353e-01,3.013905e-01,6.966230e-01,7.987309e-01,8.436589e-01,8.696273e-01,8.848508e-01,9.034943e-01,8.878159e-01,8.848847e-01
3.415000e-03,6.197198e+00,6.160773e+00,1.236455e+00,7.462808e-01,5.600753e-01,4.398251e-01,3.594354e-01,3.013903e-01,6.966296e-01,7.987205e-01,8.436462e-01,8.696150e-01,8.848344e-01,9.034743e-01,8.877922e-01,8.848637e-01
3.420000e-03,6.197140e+00,6.160678e+00,1.236824e+00,7.462808e-01,5.600752e-01,4.398251e-01,3.594354e-01,3.013902e-01,6.966342e-01,7.987088e-01,8.436331e-01,8.696007e-01,8.848199e-01,9.034547e-01,8.877701e-01,8.848425e-01
3.425000e-03,6.197089e+00,6.160591e+00,1.237152e+00,7.462809e-01,5.600752e-01,4.398250e-01,3.594354e-01,3.013901e-01,6.966371e-01,7.986966e-01,8.436190e-01,8.695847e-01,8.848071e-01,9.034350e-01,8.877499e-01,8.848205e-01
3.430000e-03,6.197044e+00,6.160514e+00,1.237436e+00,7.462810e-01,5.600753e-01,4.398250e-01,3.594354e-01,3.013900e-01,6.966374e-01,7.986843e-01,8.436039e-01,8.695685e-01,8.847949e-01,9.034151e-01,8.877309e-01,8.847977e-01
3.435000e-03,6.197005e+00,6.160445e+00,1.237678e+00,7.462810e-01,5.600753e-01,4.398250e-01,3.594353e-01,3.013899e-01,6.966362e-01,7.986715e-01,8.435879e-01,8.695532e-01,8.847821e-01,9.033954e-01,8.877126e-01,8.847756e-01
3.440000e-03,6.196972e+00,6.160385e+00,1.237883e+00,7.462810e-01,5.600754e-01,4.398250e-01,3.594353e-01,3.013898e-01,6.966327e-01,7.986582e-01,8.435711e-01,8.695387e-01,8.847680e-01,9.033768e-01,8.876949e-01,8.847548e-01
3.445000e-03,6.196944e+00,6.160333e+00,1.238052e+00,7.462809e-01,5.600754e-01,4.398251e-01,3.594353e-01,3.013897e-01,6.966266e-01,7.986444e-01,8.435540e-01,8.695242e-01,8.847524e-01,9.033595e-01,8.876777e-01,8.847353e-01
3.450000e-03,6.196921e+00,6.160289e+00,1.238183e+00,7.462808e-01,5.600753e-01,4.398251e-01,3.594353e-01,3.013896e-01,6.966184e-01,7.986300e-01,8.435373e-01,8.695092e-01,8.847359e-01,9.033434e-01,8.876614e-01,8.847167e-01
3.455000e-03,6.196904e+00,6.160253e+00,1.238279e+00,7.462808e-01,5.600753e-01,4.398251e-01,3.594354e-01,3.013895e-01,6.966083e-01,7.986155e-01,8.435210e-01,8.694932e-01,8.847195e-01,9.033283e-01,8.876464e-01,8.846984e-01
3.460000e-03,6.196892e+00,6.160225e+00,1.238338e+00,7.462809e-01,5.600752e-01,4.398251e-01,3.594354e-01,3.013895e-01,6.965964e-01,7.986009e-01,8.435046e-01,8.694762e-01,8.847041e-01,9.033135e-01,8.876325e-01,8.846804e-01
3.465000e-03,6.196885e+00,6.160205e+00,1.238361e+00,7.462810e-01,5.600752e-01,4.398250e-01,3.594354e-01,3.013895e-01,6.965829e-01,7.985850e-01,8.434878e-01,8.694587e-01,8.846896e-01,9.032984e-01,8.876199e-01,8.846628e-01
3.470000e-03,6.196884e+00,6.160193e+00,1.238350e+00,7.462810e-01,5.600753e-01,4.398250e-01,3.594354e-01,3.013895e-01,6.965677e-01,7.985681e-01,8.434704e-01,8.694415e-01,8.846758e-01,9.032829e-01,8.876081e-01,8.846461e-01
3.475000e-03,6.196887e+00,6.160188e+00,1.238303e+00,7.462810e-01,5.600753e-01,4.398250e-01,3.594353e-01,3.013895e-01,6.965508e-01,7.985507e-01,8.434530e-01,8.694252e-01,8.846622e-01,9.032671e-01,8.875969e-01,8.846304e-01
3.480000e-03,6.196896e+00,6.160192e+00,1.238223e+00,7.462810e-01,5.600754e-01,4.398250e-01,3.594353e-01,3.013894e-01,6.965323e-01,7.985326e-01,8.434360e-01,8.694096e-01,8.846482e-01,9.032517e-01,8.875862e-01,8.846158e-01
3.485000e-03,6.196910e+00,6.160202e+00,1.238108e+00,7.462809e-01,5.600754e-01,4.398251e-01,3.594353e-01,3.013894e-01,6.965122e-01,7.985138e-01,8.434189e-01,8.693943e-01,8.846337e-01,9.032369e-01,8.875758e-01,8.846021e-01
3.490000e-03,6.196929e+00,6.160221e+00,1.237961e+00,7.462808e-01,5.600753e-01,4.398251e-01,3.594353e-01,3.013894e-01,6.964906e-01,7.984943e-01,8.434014e-01,8.693788e-01,8.846193e-01,9.032232e-01,8.875656e-01,8.845890e-01
3.495000e-03,6.196953e+00,6.160246e+00,1.237781e+00,7.462808e-01,5.600753e-01,4.398251e-01,3.594354e-01,3.013894e-01,6.964674e-01,7.984740e-01,8.433837e-01,8.693634e-01,8.846055e-01,9.032103e-01,8.875557e-01,8.845762e-01
3.500000e-03,6.196981e+00,6.160279e+00,1.237570e+00,7.462809e-01,5.600752e-01,4.398251e-01,3.594354e-01,3.013895e-01,6.964427e-01,7.984531e-01,8.433661e-01,8.693483e-01,8.845925e-01,9.031980e-01,8.875461e-01,8.845635e-01
3.505000e-03,6.197014e+00,6.160319e+00,1.237328e+00,7.462810e-01,5.600752e-01,4.398250e-01,3.594354e-01,3.013895e-01,6.964166e-01,7.984316e-01,8.433486e-01,8.693337e-01,8.845803e-01,9.031861e-01,8.875369e-01,8.845512e-01
3.510000e-03,6.197052e+00,6.160366e+00,1.237054e+00,7.462810e-01,5.600753e-01,4.398250e-01,3.594354e-01,3.013896e-01,6.963891e-01,7.984098e-01,8.433309e-01,8.693194e-01,8.845686e-01,9.031744e-01,8.875284e-01,8.845392e-01
3.515000e-03,6.197094e+00,6.160419e+00,1.236751e+00,7.462810e-01,5.600753e-01,4.398250e-01,3.594353e-01,3.013897e-01,6.963602e-01,7.983876e-01,8.433130e-01,8.693052e-01,8.845574e-01,9.031630e-01,8.875205e-01,8.845277e-01
3.520000e-03,6.197141e+00,6.160480e+00,1.236418e+00,7.462810e-01,5.600754e-01,4.398250e-01,3.594353e-01,3.013897e-01,6.963301e-01,7.983651e-01,8.432949e-01,8.692913e-01,8.845467e-01,9.031522e-01,8.875133e-01,8.845166e-01
3.525000e-03,6.197191e+00,6.160546e+00,1.236055e+00,7.462809e-01,5.600754e-01,4.398251e-01,3.594353e-01,3.013898e-01,6.962986e-01,7.983423e-01,8.432769e-01,8.692776e-01,8.845362e-01,9.031420e-01,8.875069e-01,8.845061e-01
3.530000e-03,6.197247e+00,6.160620e+00,1.235662e+00,7.462809e-01,5.600753e-01,4.398251e-01,3.594354e-01,3.013899e-01,6.962659e-01,7.983193e-01,8.432591e-01,8.692641e-01,8.845261e-01,9.031327e-01,8.875012e-01,8.844961e-01
3.535000e-03,6.197306e+00,6.160700e+00,1.235239e+00,7.462809e-01,5.600753e-01,4.398251e-01,3.594354e-01,3.013900e-01,6.962322e-01,7.982961e-01,8.432416e-01,8.692506e-01,8.845163e-01,9.031242e-01,8.874965e-01,8.844868e-01
3.540000e-03,6.197369e+00,6.160785e+00,1.234792e+00,7.462809e-01,5.600752e-01,4.398251e-01,3.594354e-01,3.013901e-01,6.961975e-01,7.982726e-01,8.432242e-01,8.692372e-01,8.845068e-01,9.031167e-01,8.874925e-01,8.844783e-01
3.545000e-03,6.197436e+00,6.160878e+00,1.234320e+00,7.462810e-01,5.600753e-01,4.398250e-01,3.594354e-01,3.013902e-01,6.961617e-01,7.982490e-01,8.432069e-01,8.692239e-01,8.844975e-01,9.031099e-01,8.874892e-01,8.844708e-01
3.550000e-03,6.197507e+00,6.160975e+00,1.233823e+00,7.462810e-01,5.600753e-01,4.398250e-01,3.594354e-01,3.013904e-01,6.961244e-01,7.982253e-01,8.431895e-01,8.692110e-01,8.844884e-01,9.031035e-01,8.874868e-01,8.844642e-01
3.555000e-03,6.197580e+00,6.161078e+00,1.233303e+00,7.462810e-01,5.600753e-01,4.398250e-01,3.594353e-01,3.013905e-01,6.960862e-01,7.982017e-01,8.431721e-01,8.691984e-01,8.844795e-01,9.030974e-01,8.874853e-01,8.844584e-01
3.560000e-03,6.197657e+00,6.161186e+00,1.232762e+00,7.462809e-01,5.600754e-01,4.398250e-01,3.594353e-01,3.013906e-01,6.960466e-01,7.981785e-01,8.431546e-01,8.691862e-01,8.844707e-01,9.030916e-01,8.874847e-01,8.844533e-01
3.565000e-03,6.197738e+00,6.161299e+00,1.232199e+00,7.462809e-01,5.600754e-01,4.398251e-01,3.594353e-01,3.013908e-01,6.960064e-01,7.981550e-01,8.431372e-01,8.691743e-01,8.844622e-01,9.030860e-01,8.874848e-01,8.844488e-01
3.570000e-03,6.197821e+00,6.161417e+00,1.231616e+00,7.462809e-01,5.600753e-01,4.398251e-01,3.594354e-01,3.013909e-01,6.959655e-01,7.981311e-01,8.431204e-01,8.691624e-01,8.844540e-01,9.030806e-01,8.874854e-01,8.844450e-01
3.575000e-03,6.197907e+00,6.161540e+00,1.231014e+00,7.462809e-01,5.600753e-01,4.398251e-01,3.594354e-01,3.013911e-01,6.959253e-01,7.981076e-01,8.431039e-01,8.691503e-01,8.844461e-01,9.030755e-01,8.874865e-01,8.844420e-01
3.580000e-03,6.197995e+00,6.161668e+00,1.230393e+00,7.462809e-01,5.600753e-01,4.398251e-01,3.594354e-01,3.013913e-01,6.958847e-01,7.980840e-01,8.430877e-01,8.691383e-01,8.844385e-01,9.030705e-01,8.874877e-01,8.844397e-01
3.585000e-03,6.198087e+00,6.161800e+00,1.229754e+00,7.462810e-01,5.600753e-01,4.398250e-01,3.594354e-01,3.013915e-01,6.958439e-01,7.980597e-01,8.430713e-01,8.691265e-01,8.844312e-01,9.030659e-01,8.874893e-01,8.844381e-01
3.590000e-03,6.198181e+00,6.161937e+00,1.229096e+00,7.462810e-01,5.600753e-01,4.398250e-01,3.594354e-01,3.013917e-01,6.958028e-01,7.980348e-01,8.430547e-01,8.691150e-01,8.844240e-01,9.030616e-01,8.874911e-01,8.844371e-01
3.595000e-03,6.198277e+00,6.162078e+00,1.228423e+00,7.462810e-01,5.600754e-01,4.398250e-01,3.594353e-01,3.013918e-01,6.957614e-01,7.980102e-01,8.430383e-01,8.691038e-01,8.844168e-01,9.030577e-01,8.874933e-01,8.844367e-01
3.600000e-03,6.198375e+00,6.162224e+00,1.227734e+00,7.462809e-01,5.600754e-01,4.398251e-01,3.594353e-01,3.013920e-01,6.957200e-01,7.979860e-01,8.430221e-01,8.690929e-01,8.844096e-01,9.030544e-01,8.874958e-01,8.844368e-01
3.605000e-03,6.198476e+00,6.162373e+00,1.227031e+00,7.462809e-01,5.600754e-01,4.398251e-01,3.594353e-01,3.013922e-01,6.956786e-01,7.979617e-01,8.430058e-01,8.690822e-01,8.844028e-01,9.030514e-01,8.874985e-01,8.844376e-01
3.610000e-03,6.198578e+00,6.162526e+00,1.226315e+00,7.462809e-01,5.600753e-01,4.398251e-01,3.594354e-01,3.013924e-01,6.956377e-01,7.979377e-01,8.429891e-01,8.690714e-01,8.843964e-01,9.030488e-01,8.875013e-01,8.844391e-01
3.615000e-03,6.198683e+00,6.162683e+00,1.225588e+00,7.462809e-01,5.600753e-01,4.398251e-01,3.594354e-01,3.013926e-01,6.955992e-01,7.979141e-01,8.429723e-01,8.690607e-01,8.843904e-01,9.030464e-01,8.875043e-01,8.844410e-01
3.620000e-03,6.198788e+00,6.162843e+00,1.224853e+00,7.462809e-01,5.600753e-01,4.398251e-01,3.594354e-01,3.013928e-01,6.955581e-01,7.978903e-01,8.429559e-01,8.690503e-01,8.843849e-01,9.030442e-01,8.875072e-01,8.844434e-01
3.625000e-03,6.198895e+00,6.163005e+00,1.224105e+00,7.462810e-01,5.600753e-01,4.398250e-01,3.594354e-01,3.013931e-01,6.955170e-01,7.978644e-01,8.429398e-01,8.690401e-01,8.843796e-01,9.030423e-01,8.875100e-01,8.844460e-01
3.630000e-03,6.199004e+00,6.163171e+00,1.223345e+00,7.462810e-01,5.600753e-01,4.398250e-01,3.594354e-01,3.013933e-01,6.954760e-01,7.978401e-01,8.429236e-01,8.690298e-01,8.843745e-01,9.030407e-01,8.875128e-01,8.844490e-01
3.635000e-03,6.199114e+00,6.163340e+00,1.222575e+00,7.462810e-01,5.600754e-01,4.398250e-01,3.594353e-01,3.013935e-01,6.954351e-01,7.978181e-01,8.429074e-01,8.690194e-01,8.843697e-01,9.030395e-01,8.875155e-01,8.844524e-01
3.640000e-03,6.199226e+00,6.163512e+00,1.221794e+00,7.462809e-01,5.600754e-01,4.398251e-01,3.594353e-01,3.013937e-01,6.953945e-01,7.977938e-01,8.428920e-01,8.690093e-01,8.843651e-01,9.030388e-01,8.875183e-01,8.844561e-01
3.645000e-03,6.199339e+00,6.163755e+00,1.222450e+00,7.462809e-01,5.600753e-01,4.398251e-01,3.594353e-01,3.013939e-01,6.953538e-01,7.977698e-01,8.428764e-01,8.689994e-01,8.843606e-01,9.030386e-01,8.875213e-01,8.844603e-01
3.650000e-03,6.199453e+00,6.164014e+00,1.223129e+00,7.462809e-01,5.600753e-01,4.398251e-01,3.594354e-01,3.013941e-01,6.953150e-01,7.977472e-01,8.428603e-01,8.689896e-01,8.843562e-01,9.030389e-01,8.875245e-01,8.844651e-01
3.655000e-03,6.199568e+00,6.164271e+00,1.223801e+00,7.462809e-01,5.600753e-01,4.398251e-01,3.594354e-01,3.013944e-01,6.952757e-01,7.977252e-01,8.428449e-01,8.689802e-01,8.843518e-01,9.030397e-01,8.875278e-01,8.844705e-01
3.660000e-03,6.199685e+00,6.164523e+00,1.224439e+00,7.462809e-01,5.600753e-01,4.398251e-01,3.594354e-01,3.013946e-01,6.952375e-01,7.977031e-01,8.428297e-01,8.689716e-01,8.843476e-01,9.030408e-01,8.875310e-01,8.844766e-01
3.665000e-03,6.199800e+00,6.164770e+00,1.225057e+00,7.462810e-01,5.600753e-01,4.398250e-01,3.594354e-01,3.013949e-01,6.951987e-01,7.976804e-01,8.428142e-01,8.689628e-01,8.843434e-01,9.030420e-01,8.875341e-01,8.844831e-01
3.670000e-03,6.199916e+00,6.165013e+00,1.225667e+00,7.462810e-01,5.600753e-01,4.398250e-01,3.594354e-01,3.013951e-01,6.951590e-01,7.976584e-01,8.427996e-01,8.689539e-01,8.843394e-01,9.030433e-01,8.875373e-01,8.844901e-01
3.675000e-03,6.200031e+00,6.165254e+00,1.226272e+00,7.462810e-01,5.600754e-01,4.398250e-01,3.594353e-01,3.013953e-01,6.951173e-01,7.976375e-01,8.427858e-01,8.689454e-01,8.843359e-01,9.030447e-01,8.875408e-01,8.844973e-01
3.680000e-03,6.200145e+00,6.165494e+00,1.226878e+00,7.462809e-01,5.600754e-01,4.398251e-01,3.594353e-01,3.013955e-01,6.950749e-01,7.976171e-01,8.427723e-01,8.689371e-01,8.843328e-01,9.030462e-01,8.875445e-01,8.845048e-01
3.685000e-03,6.200260e+00,6.165732e+00,1.227483e+00,7.462809e-01,5.600753e-01,4.398251e-01,3.594353e-01,3.013957e-01,6.950324e-01,7.975982e-01,8.427585e-01,8.689287e-01,8.843299e-01,9.030479e-01,8.875483e-01,8.845127e-01
3.690000e-03,6.200374e+00,6.165968e+00,1.228088e+00,7.462809e-01,5.600753e-01,4.398251e-01,3.594354e-01,3.013959e-01,6.949904e-01,7.975810e-01,8.427444e-01,8.689205e-01,8.843271e-01,9.030498e-01,8.875521e-01,8.845211e-01
3.695000e-03,6.200487e+00,6.166204e+00,1.228695e+00,7.462809e-01,5.600753e-01,4.398251e-01,3.594354e-01,3.013962e-01,6.949489e-01,7.975630e-01,8.427312e-01,8.689132e-01,8.843245e-01,9.030520e-01,8.875557e-01,8.845298e-01
3.700000e-03,6.200601e+00,6.166442e+00,1.229331e+00,7.462809e-01,5.600753e-01,4.398251e-01,3.594354e-01,3.013964e-01,6.949002e-01,7.975436e-01,8.427192e-01,8.689067e-01,8.843217e-01,9.030546e-01,8.875593e-01,8.845387e-01
3.705000e-03,6.200714e+00,6.166678e+00,1.229962e+00,7.462810e-01,5.600753e-01,4.398250e-01,3.594354e-01,3.013966e-01,6.948599e-01,7.975253e-01,8.427089e-01,8.689002e-01,8.843187e-01,9.030576e-01,8.875629e-01,8.845477e-01
3.710000e-03,6.200827e+00,6.166916e+00,1.230614e+00,7.462810e-01,5.600753e-01,4.398250e-01,3.594354e-01,3.013969e-01,6.948189e-01,7.975111e-01,8.427002e-01,8.688932e-01,8.843159e-01,9.030608e-01,8.875669e-01,8.845567e-01
3.715000e-03,6.200938e+00,6.167152e+00,1.231274e+00,7.462810e-01,5.600754e-01,4.398251e-01,3.594353e-01,3.013971e-01,6.947781e-01,7.974982e-01,8.426916e-01,8.688860e-01,8.843137e-01,9.030641e-01,8.875712e-01,8.845656e-01
3.720000e-03,6.201049e+00,6.167385e+00,1.231931e+00,7.462809e-01,5.600754e-01,4.398251e-01,3.594353e-01,3.013972e-01,6.947375e-01,7.974772e-01,8.426820e-01,8.688793e-01,8.843120e-01,9.030676e-01,8.875760e-01,8.845745e-01
3.725000e-03,6.201158e+00,6.167615e+00,1.232581e+00,7.462809e-01,5.600753e-01,4.398251e-01,3.594354e-01,3.013974e-01,6.946978e-01,7.974575e-01,8.426721e-01,8.688741e-01,8.843102e-01,9.030710e-01,8.875812e-01,8.845836e-01
3.730000e-03,6.201266e+00,6.167841e+00,1.233225e+00,7.462809e-01,5.600753e-01,4.398251e-01,3.594354e-01,3.013977e-01,6.946589e-01,7.974421e-01,8.426642e-01,8.688707e-01,8.843081e-01,9.030746e-01,8.875868e-01,8.845930e-01
3.735000e-03,6.201374e+00,6.168065e+00,1.233867e+00,7.462809e-01,5.600753e-01,4.398251e-01,3.594354e-01,3.013979e-01,6.946203e-01,7.974239e-01,8.426602e-01,8.688683e-01,8.843060e-01,9.030787e-01,8.875928e-01,8.846026e-01
3.740000e-03,6.201479e+00,6.168285e+00,1.234503e+00,7.462810e-01,5.600753e-01,4.398251e-01,3.594354e-01,3.013981e-01,6.945826e-01,7.974044e-01,8.426548e-01,8.688654e-01,8.843040e-01,9.030832e-01,8.875990e-01,8.846124e-01
3.745000e-03,6.201584e+00,6.168503e+00,1.235135e+00,7.462810e-01,5.600753e-01,4.398250e-01,3.594354e-01,3.013983e-01,6.945455e-01,7.973864e-01,8.426461e-01,8.688610e-01,8.843029e-01,9.030879e-01,8.876057e-01,8.846224e-01
3.750000e-03,6.201688e+00,6.168718e+00,1.235764e+00,7.462810e-01,5.600753e-01,4.398250e-01,3.594353e-01,3.013985e-01,6.945093e-01,7.973697e-01,8.426376e-01,8.688573e-01,8.843032e-01,9.030926e-01,8.876128e-01,8.846324e-01
3.755000e-03,6.201795e+00,6.168934e+00,1.236378e+00,7.462809e-01,5.600754e-01,4.398251e-01,3.594353e-01,3.013987e-01,6.944761e-01,7.973530e-01,8.426299e-01,8.688559e-01,8.843047e-01,9.030973e-01,8.876206e-01,8.846424e-01
3.760000e-03,6.201900e+00,6.169146e+00,1.236984e+00,7.462809e-01,5.600753e-01,4.398251e-01,3.594353e-01,3.013989e-01,6.944435e-01,7.973368e-01,8.426219e-01,8.688553e-01,8.843060e-01,9.031022e-01,8.876287e-01,8.846524e-01
3.765000e-03,6.202003e+00,6.169354e+00,1.237584e+00,7.462809e-01,5.600753e-01,4.398251e-01,3.594354e-01,3.013991e-01,6.944085e-01,7.973214e-01,8.426140e-01,8.688543e-01,8.843066e-01,9.031078e-01,8.876369e-01,8.846626e-01
3.770000e-03,6.202105e+00,6.169558e+00,1.238171e+00,7.462809e-01,5.600753e-01,4.398251e-01,3.594354e-01,3.013993e-01,6.943757e-01,7.973062e-01,8.426069e-01,8.688528e-01,8.843073e-01,9.031143e-01,8.876450e-01,8.846729e-01
3.775000e-03,6.202205e+00,6.169756e+00,1.238745e+00,7.462809e-01,5.600753e-01,4.398251e-01,3.594354e-01,3.013995e-01,6.943450e-01,7.972914e-01,8.426003e-01,8.688502e-01,8.843088e-01,9.031215e-01,8.876533e-01,8.846834e-01
3.780000e-03,6.202304e+00,6.169951e+00,1.239313e+00,7.462810e-01,5.600753e-01,4.398251e-01,3.594354e-01,3.013997e-01,6.943153e-01,7.972806e-01,8.425938e-01,8.688471e-01,8.843110e-01,9.031287e-01,8.876621e-01,8.846938e-01
3.785000e-03,6.202401e+00,6.170143e+00,1.239874e+00,7.462810e-01,5.600753e-01,4.398250e-01,3.594354e-01,3.013998e-01,6.942862e-01,7.972698e-01,8.425872e-01,8.688445e-01,8.843135e-01,9.031358e-01,8.876716e-01,8.847039e-01
3.790000e-03,6.202496e+00,6.170331e+00,1.240431e+00,7.462810e-01,5.600753e-01,4.398250e-01,3.594353e-01,3.014000e-01,6.942581e-01,7.972567e-01,8.425798e-01,8.688429e-01,8.843160e-01,9.031432e-01,8.876818e-01,8.847137e-01
3.795000e-03,6.202590e+00,6.170516e+00,1.240983e+00,7.462809e-01,5.600754e-01,4.398251e-01,3.594353e-01,3.014002e-01,6.942313e-01,7.972450e-01,8.425728e-01,8.688419e-01,8.843180e-01,9.031513e-01,8.876923e-01,8.847235e-01
3.800000e-03,6.202682e+00,6.170698e+00,1.241530e+00,7.462809e-01,5.600753e-01,4.398251e-01,3.594353e-01,3.014003e-01,6.942052e-01,7.972349e-01,8.425689e-01,8.688414e-01,8.843190e-01,9.031597e-01,8.877027e-01,8.847338e-01
3.805000e-03,6.202772e+00,6.170875e+00,1.242064e+00,7.462809e-01,5.600753e-01,4.398251e-01,3.594354e-01,3.014005e-01,6.941794e-01,7.972251e-01,8.425664e-01,8.688406e-01,8.843197e-01,9.031683e-01,8.877133e-01,8.847447e-01
3.810000e-03,6.202861e+00,6.171049e+00,1.242593e+00,7.462809e-01,5.600753e-01,4.398251e-01,3.594354e-01,3.014007e-01,6.941542e-01,7.972155e-01,8.425626e-01,8.688387e-01,8.843208e-01,9.031769e-01,8.877246e-01,8.847561e-01
3.815000e-03,6.202948e+00,6.171224e+00,1.243114e+00,7.462809e-01,5.600753e-01,4.398251e-01,3.594354e-01,3.014008e-01,6.941292e-01,7.972065e-01,8.425580e-01,8.688366e-01,8.843226e-01,9.031852e-01,8.877364e-01,8.847675e-01
3.820000e-03,6.203032e+00,6.171394e+00,1.243622e+00,7.462810e-01,5.600753e-01,4.398250e-01,3.594354e-01,3.014010e-01,6.941062e-01,7.971981e-01,8.425544e-01,8.688360e-01,8.843251e-01,9.031931e-01,8.877484e-01,8.847788e-01
3.825000e-03,6.203114e+00,6.171559e+00,1.244123e+00,7.462810e-01,5.600753e-01,4.398250e-01,3.594354e-01,3.014011e-01,6.940841e-01,7.971905e-01,8.425524e-01,8.688367e-01,8.843276e-01,9.032006e-01,8.877601e-01,8.847901e-01
3.830000e-03,6.203193e+00,6.171720e+00,1.244614e+00,7.462810e-01,5.600753e-01,4.398250e-01,3.594353e-01,3.014013e-01,6.940624e-01,7.971834e-01,8.425510e-01,8.688376e-01,8.843295e-01,9.032077e-01,8.877715e-01,8.848016e-01
3.835000e-03,6.203271e+00,6.171876e+00,1.245097e+00,7.462809e-01,5.600754e-01,4.398251e-01,3.594353e-01,3.014014e-01,6.940411e-01,7.971762e-01,8.425496e-01,8.688382e-01,8.843313e-01,9.032150e-01,8.877824e-01,8.848133e-01
3.840000e-03,6.203347e+00,6.172031e+00,1.245579e+00,7.462809e-01,5.600753e-01,4.398251e-01,3.594353e-01,3.014015e-01,6.940206e-01,7.971701e-01,8.425483e-01,8.688386e-01,8.843338e-01,9.032223e-01,8.877930e-01,8.848251e-01
3.845000e-03,6.203421e+00,6.172180e+00,1.246048e+00,7.462809e-01,5.600753e-01,4.398251e-01,3.594354e-01,3.014016e-01,6.940014e-01,7.971660e-01,8.425478e-01,8.688393e-01,8.843370e-01,9.032298e-01,8.878035e-01,8.848366e-01
3.850000e-03,6.203493e+00,6.172331e+00,1.246550e+00,7.462809e-01,5.600753e-01,4.398251e-01,3.594354e-01,3.014018e-01,6.939827e-01,7.971620e-01,8.425478e-01,8.688408e-01,8.843404e-01,9.032374e-01,8.878140e-01,8.848479e-01
3.855000e-03,6.203563e+00,6.172477e+00,1.247047e+00,7.462809e-01,5.600753e-01,4.398251e-01,3.594354e-01,3.014019e-01,6.939647e-01,7.971577e-01,8.425478e-01,8.688429e-01,8.843438e-01,9.032454e-01,8.878246e-01,8.848589e-01
3.860000e-03,6.203631e+00,6.172619e+00,1.247533e+00,7.462810e-01,5.600753e-01,4.398250e-01,3.594354e-01,3.014020e-01,6.939476e-01,7.971540e-01,8.425482e-01,8.688454e-01,8.843473e-01,9.032540e-01,8.878351e-01,8.848698e-01
3.865000e-03,6.203697e+00,6.172759e+00,1.248010e+00,7.462810e-01,5.600753e-01,4.398250e-01,3.594354e-01,3.014021e-01,6.939318e-01,7.971517e-01,8.425500e-01,8.688481e-01,8.843510e-01,9.032632e-01,8.878455e-01,8.848809e-01
3.870000e-03,6.203761e+00,6.172895e+00,1.248483e+00,7.462810e-01,5.600753e-01,4.398251e-01,3.594353e-01,3.014022e-01,6.939170e-01,7.971501e-01,8.425526e-01,8.688510e-01,8.843548e-01,9.032724e-01,8.878559e-01,8.848921e-01
3.875000e-03,6.203824e+00,6.173027e+00,1.248944e+00,7.462809e-01,5.600753e-01,4.398251e-01,3.594353e-01,3.014023e-01,6.939036e-01,7.971483e-01,8.425552e-01,8.688538e-01,8.843590e-01,9.032813e-01,8.878667e-01,8.849032e-01
3.880000e-03,6.203885e+00,6.173155e+00,1.249393e+00,7.462809e-01,5.600753e-01,4.398251e-01,3.594353e-01,3.014024e-01,6.938919e-01,7.971468e-01,8.425574e-01,8.688569e-01,8.843636e-01,9.032902e-01,8.878780e-01,8.849139e-01
3.885000e-03,6.203943e+00,6.173279e+00,1.249832e+00,7.462809e-01,5.600753e-01,4.398251e-01,3.594354e-01,3.014024e-01,6.938815e-01,7.971458e-01,8.425604e-01,8.688609e-01,8.843687e-01,9.032991e-01,8.878896e-01,8.849243e-01
3.890000e-03,6.203999e+00,6.173398e+00,1.250258e+00,7.462809e-01,5.600753e-01,4.398251e-01,3.594354e-01,3.014025e-01,6.938721e-01,7.971452e-01,8.425646e-01,8.688656e-01,8.843740e-01,9.033080e-01,8.879009e-01,8.849346e-01
3.895000e-03,6.204053e+00,6.173513e+00,1.250672e+00,7.462809e-01,5.600753e-01,4.398251e-01,3.594354e-01,3.014026e-01,6.938640e-01,7.971448e-01,8.425691e-01,8.688707e-01,8.843791e-01,9.033166e-01,8.879117e-01,8.849451e-01
3.900000e-03,6.204104e+00,6.173622e+00,1.251074e+00,7.462810e-01,5.600753e-01,4.398250e-01,3.594354e-01,3.014027e-01,6.938561e-01,7.971453e-01,8.425735e-01,8.688757e-01,8.843842e-01,9.033251e-01,8.879222e-01,8.849559e-01
3.905000e-03,6.204153e+00,6.173727e+00,1.251459e+00,7.462810e-01,5.600753e-01,4.398250e-01,3.594354e-01,3.014028e-01,6.938492e-01,7.971467e-01,8.425778e-01,8.688811e-01,8.843895e-01,9.033336e-01,8.879326e-01,8.849665e-01
3.910000e-03,6.204200e+00,6.173827e+00,1.251829e+00,7.462810e-01,5.600753e-01,4.398251e-01,3.594353e-01,3.014029e-01,6.938430e-01,7.971487e-01,8.425824e-01,8.688869e-01,8.843951e-01,9.033420e-01,8.879428e-01,8.849766e-01
3.915000e-03,6.204244e+00,6.173922e+00,1.252184e+00,7.462809e-01,5.600753e-01,4.398251e-01,3.594353e-01,3.014029e-01,6.938377e-01,7.971513e-01,8.425872e-01,8.688931e-01,8.844009e-01,9.033502e-01,8.879528e-01,8.849863e-01
3.920000e-03,6.204286e+00,6.174012e+00,1.252524e+00,7.462809e-01,5.600753e-01,4.398251e-01,3.594354e-01,3.014030e-01,6.938332e-01,7.971542e-01,8.425926e-01,8.688994e-01,8.844068e-01,9.033581e-01,8.879627e-01,8.849956e-01
3.925000e-03,6.204325e+00,6.174096e+00,1.252848e+00,7.462809e-01,5.600753e-01,4.398251e-01,3.594354e-01,3.014030e-01,6.938295e-01,7.971581e-01,8.425988e-01,8.689056e-01,8.844129e-01,9.033660e-01,8.879724e-01,8.850047e-01
3.930000e-03,6.204362e+00,6.174176e+00,1.253155e+00,7.462809e-01,5.600753e-01,4.398251e-01,3.594354e-01,3.014031e-01,6.938268e-01,7.971625e-01,8.426055e-01,8.689115e-01,8.844192e-01,9.033737e-01,8.879817e-01,8.850136e-01
3.935000e-03,6.204396e+00,6.174251e+00,1.253447e+00,7.462809e-01,5.600753e-01,4.398251e-01,3.594354e-01,3.014032e-01,6.938248e-01,7.971673e-01,8.426124e-01,8.689172e-01,8.844257e-01,9.033814e-01,8.879908e-01,8.850222e-01
3.940000e-03,6.204427e+00,6.174320e+00,1.253721e+00,7.462810e-01,5.600753e-01,4.398250e-01,3.594354e-01,3.014032e-01,6.938238e-01,7.971725e-01,8.426191e-01,8.689231e-01,8.844320e-01,9.033890e-01,8.879996e-01,8.850306e-01
3.945000e-03,6.204456e+00,6.174385e+00,1.253978e+00,7.462810e-01,5.600753e-01,4.398250e-01,3.594354e-01,3.014033e-01,6.938237e-01,7.971782e-01,8.426260e-01,8.689296e-01,8.844382e-01,9.033967e-01,8.880082e-01,8.850386e-01
3.950000e-03,6.204482e+00,6.174444e+00,1.254219e+00,7.462809e-01,5.600753e-01,4.398251e-01,3.594353e-01,3.014033e-01,6.938244e-01,7.971843e-01,8.426333e-01,8.689368e-01,8.844441e-01,9.034044e-01,8.880167e-01,8.850461e-01
3.955000e-03,6.204506e+00,6.174497e+00,1.254440e+00,7.462809e-01,5.600753e-01,4.398251e-01,3.594353e-01,3.014033e-01,6.938259e-01,7.971907e-01,8.426410e-01,8.689441e-01,8.844498e-01,9.034120e-01,8.880249e-01,8.850533e-01
3.960000e-03,6.204526e+00,6.174545e+00,1.254643e+00,7.462809e-01,5.600753e-01,4.398251e-01,3.594354e-01,3.014034e-01,6.938283e-01,7.971975e-01,8.426488e-01,8.689513e-01,8.844553e-01,9.034193e-01,8.880328e-01,8.850603e-01
3.965000e-03,6.204545e+00,6.174588e+00,1.254828e+00,7.462809e-01,5.600753e-01,4.398251e-01,3.594354e-01,3.014034e-01,6.938317e-01,7.972045e-01,8.426567e-01,8.689583e-01,8.844609e-01,9.034262e-01,8.880406e-01,8.850670e-01
3.970000e-03,6.204560e+00,6.174626e+00,1.254998e+00,7.462809e-01,5.600753e-01,4.398251e-01,3.594354e-01,3.014034e-01,6.938359e-01,7.972117e-01,8.426648e-01,8.689651e-01,8.844669e-01,9.034326e-01,8.880482e-01,8.850735e-01
3.975000e-03,6.204573e+00,6.174659e+00,1.255151e+00,7.462809e-01,5.600753e-01,4.398251e-01,3.594354e-01,3.014035e-01,6.938408e-01,7.972192e-01,8.426730e-01,8.689720e-01,8.844730e-01,9.034385e-01,8.880554e-01,8.850797e-01
3.980000e-03,6.204583e+00,6.174687e+00,1.255285e+00,7.462810e-01,5.600753e-01,4.398250e-01,3.594354e-01,3.014035e-01,6.938464e-01,7.972268e-01,8.426812e-01,8.689791e-01,8.844793e-01,9.034441e-01,8.880623e-01,8.850857e-01
3.985000e-03,6.204591e+00,6.174709e+00,1.255401e+00,7.462810e-01,5.600753e-01,4.398250e-01,3.594354e-01,3.014035e-01,6.938525e-01,7.972347e-01,8.426893e-01,8.689862e-01,8.844854e-01,9.034495e-01,8.880686e-01,8.850914e-01
3.990000e-03,6.204596e+00,6.174726e+00,1.255499e+00,7.462809e-01,5.600753e-01,4.398251e-01,3.594353e-01,3.014035e-01,6.938590e-01,7.972428e-01,8.426974e-01,8.689934e-01,8.844913e-01,9.034547e-01,8.880743e-01,8.850970e-01
3.995000e-03,6.204599e+00,6.174739e+00,1.255579e+00,7.462809e-01,5.600753e-01,4.398251e-01,3.594353e-01,3.014035e-01,6.938662e-01,7.972511e-01,8.427054e-01,8.690006e-01,8.844969e-01,9.034599e-01,8.880793e-01,8.851024e-01
4.000000e-03,6.204599e+00,6.174746e+00,1.255640e+00,7.462809e-01,5.600753e-01,4.398251e-01,3.594354e-01,3.014036e-01,6.938740e-01,7.972596e-01,8.427134e-01,8.690075e-01,8.845025e-01,9.034649e-01,8.880838e-01,8.851073e-01
4.005000e-03,6.204596e+00,6.174748e+00,1.255683e+00,7.462809e-01,5.600753e-01,4.398251e-01,3.594354e-01,3.014036e-01,6.938824e-01,7.972683e-01,8.427214e-01,8.690143e-01,8.845079e-01,9.034699e-01,8.880879e-01,8.851117e-01
4.010000e-03,6.204592e+00,6.174746e+00,1.255708e+00,7.462809e-01,5.600753e-01,4.398251e-01,3.594354e-01,3.014036e-01,6.938913e-01,7.972770e-01,8.427295e-01,8.690208e-01,8.845134e-01,9.034747e-01,8.880915e-01,8.851157e-01
4.015000e-03,6.204584e+00,6.174738e+00,1.255716e+00,7.462809e-01,5.600753e-01,4.398251e-01,3.594354e-01,3.014036e-01,6.939008e-01,7.972856e-01,8.427375e-01,8.690272e-01,8.845187e-01,9.034792e-01,8.880948e-01,8.851191e-01
4.020000e-03,6.204575e+00,6.174726e+00,1.255707e+00,7.462810e-01,5.600753e-01,4.398250e-01,3.594354e-01,3.014036e-01,6.939108e-01,7.972943e-01,8.427454e-01,8.690334e-01,8.845239e-01,9.034834e-01,8.880977e-01,8.851221e-01
4.025000e-03,6.204563e+00,6.174709e+00,1.255681e+00,7.462810e-01,5.600753e-01,4.398250e-01,3.594353e-01,3.014036e-01,6.939213e-01,7.973030e-01,8.427533e-01,8.690397e-01,8.845289e-01,9.034873e-01,8.881002e-01,8.851248e-01
4.030000e-03,6.204549e+00,6.174688e+00,1.255639e+00,7.462809e-01,5.600753e-01,4.398251e-01,3.594353e-01,3.014035e-01,6.939322e-01,7.973118e-01,8.427609e-01,8.690459e-01,8.845336e-01,9.034908e-01,8.881025e-01,8.851271e-01
4.035000e-03,6.204533e+00,6.174662e+00,1.255580e+00,7.462809e-01,5.600753e-01,4.398251e-01,3.594353e-01,3.014035e-01,6.939434e-01,7.973206e-01,8.427684e-01,8.690519e-01,8.845380e-01,9.034942e-01,8.881045e-01,8.851291e-01
4.040000e-03,6.204515e+00,6.174633e+00,1.255506e+00,7.462809e-01,5.600753e-01,4.398251e-01,3.594354e-01,3.014035e-01,6.939551e-01,7.973295e-01,8.427756e-01,8.690579e-01,8.845422e-01,9.034973e-01,8.881061e-01,8.851307e-01
4.045000e-03,6.204495e+00,6.174599e+00,1.255417e+00,7.462809e-01,5.600753e-01,4.398251e-01,3.594354e-01,3.014035e-01,6.939671e-01,7.973382e-01,8.427828e-01,8.690636e-01,8.845463e-01,9.035001e-01,8.881074e-01,8.851321e-01
4.050000e-03,6.204473e+00,6.174561e+00,1.255312e+00,7.462809e-01,5.600753e-01,4.398251e-01,3.594354e-01,3.014035e-01,6.939796e-01,7.973470e-01,8.427900e-01,8.690691e-01,8.845503e-01,9.035027e-01,8.881084e-01,8.851331e-01
4.055000e-03,6.204449e+00,6.174519e+00,1.255196e+00,7.462809e-01,5.600753e-01,4.398251e-01,3.594354e-01,3.014035e-01,6.939923e-01,7.973558e-01,8.427969e-01,8.690744e-01,8.845541e-01,9.035049e-01,8.881091e-01,8.851339e-01
4.060000e-03,6.204423e+00,6.174474e+00,1.255067e+00,7.462810e-01,5.600753e-01,4.398250e-01,3.594354e-01,3.014034e-01,6.940053e-01,7.973644e-01,8.428036e-01,8.690794e-01,8.845578e-01,9.035069e-01,8.881096e-01,8.851344e-01
4.065000e-03,6.204395e+00,6.174424e+00,1.254922e+00,7.462810e-01,5.600753e-01,4.398250e-01,3.594353e-01,3.014034e-01,6.940187e-01,7.973731e-01,8.428101e-01,8.690842e-01,8.845614e-01,9.035085e-01,8.881098e-01,8.851345e-01
4.070000e-03,6.204366e+00,6.174371e+00,1.254762e+00,7.462809e-01,5.600753e-01,4.398251e-01,3.594353e-01,3.014034e-01,6.940322e-01,7.973818e-01,8.428165e-01,8.690888e-01,8.845647e-01,9.035099e-01,8.881099e-01,8.851342e-01
4.075000e-03,6.204335e+00,6.174314e+00,1.254588e+00,7.462809e-01,5.600753e-01,4.398251e-01,3.594353e-01,3.014033e-01,6.940460e-01,7.973904e-01,8.428226e-01,8.690932e-01,8.845677e-01,9.035111e-01,8.881097e-01,8.851337e-01
4.080000e-03,6.204302e+00,6.174253e+00,1.254401e+00,7.462809e-01,5.600753e-01,4.398251e-01,3.594354e-01,3.014033e-01,6.940601e-01,7.973989e-01,8.428285e-01,8.690975e-01,8.845704e-01,9.035120e-01,8.881093e-01,8.851327e-01
4.085000e-03,6.204268e+00,6.174190e+00,1.254203e+00,7.462809e-01,5.600753e-01,4.398251e-01,3.594354e-01,3.014032e-01,6.940743e-01,7.974073e-01,8.428343e-01,8.691014e-01,8.845729e-01,9.035127e-01,8.881087e-01,8.851313e-01
4.090000e-03,6.204233e+00,6.174123e+00,1.253994e+00,7.462809e-01,5.600753e-01,4.398251e-01,3.594354e-01,3.014032e-01,6.940887e-01,7.974158e-01,8.428399e-01,8.691050e-01,8.845750e-01,9.035132e-01,8.881078e-01,8.851296e-01
4.095000e-03,6.204196e+00,6.174053e+00,1.253775e+00,7.462809e-01,5.600753e-01,4.398250e-01,3.594354e-01,3.014032e-01,6.941032e-01,7.974240e-01,8.428453e-01,8.691085e-01,8.845770e-01,9.035133e-01,8.881068e-01,8.851274e-01
4.100000e-03,6.204158e+00,6.173981e+00,1.253545e+00,7.462810e-01,5.600753e-01,4.398250e-01,3.594354e-01,3.014031e-01,6.941178e-01,7.974321e-01,8.428505e-01,8.691118e-01,8.845786e-01,9.035129e-01,8.881056e-01,8.851247e-01
4.105000e-03,6.204119e+00,6.173907e+00,1.253306e+00,7.462809e-01,5.600753e-01,4.398251e-01,3.594353e-01,3.014031e-01,6.941325e-01,7.974401e-01,8.428555e-01,8.691149e-01,8.845799e-01,9.035121e-01,8.881043e-01,8.851217e-01
4.110000e-03,6.204079e+00,6.173829e+00,1.253058e+00,7.462809e-01,5.600753e-01,4.398251e-01,3.594353e-01,3.014030e-01,6.941472e-01,7.974481e-01,8.428603e-01,8.691177e-01,8.845810e-01,9.035109e-01,8.881028e-01,8.851183e-01
4.115000e-03,6.204038e+00,6.173750e+00,1.252802e+00,7.462809e-01,5.600753e-01,4.398251e-01,3.594354e-01,3.014029e-01,6.941620e-01,7.974560e-01,8.428649e-01,8.691202e-01,8.845817e-01,9.035092e-01,8.881010e-01,8.851145e-01
4.120000e-03,6.203996e+00,6.173669e+00,1.252539e+00,7.462809e-01,5.600753e-01,4.398251e-01,3.594354e-01,3.014029e-01,6.941768e-01,7.974637e-01,8.428692e-01,8.691224e-01,8.845821e-01,9.035071e-01,8.880990e-01,8.851105e-01
4.125000e-03,6.203954e+00,6.173585e+00,1.252268e+00,7.462809e-01,5.600753e-01,4.398251e-01,3.594354e-01,3.014028e-01,6.941916e-01,7.974712e-01,8.428734e-01,8.691243e-01,8.845823e-01,9.035045e-01,8.880967e-01,8.851061e-01
4.130000e-03,6.203911e+00,6.173500e+00,1.251992e+00,7.462809e-01,5.600753e-01,4.398251e-01,3.594354e-01,3.014028e-01,6.942064e-01,7.974785e-01,8.428773e-01,8.691259e-01,8.845821e-01,9.035015e-01,8.880940e-01,8.851014e-01
4.135000e-03,6.203867e+00,6.173414e+00,1.251710e+00,7.462809e-01,5.600753e-01,4.398250e-01,3.594354e-01,3.014027e-01,6.942212e-01,7.974857e-01,8.428810e-01,8.691273e-01,8.845816e-01,9.034981e-01,8.880910e-01,8.850963e-01
4.140000e-03,6.203822e+00,6.173326e+00,1.251424e+00,7.462810e-01,5.600753e-01,4.398250e-01,3.594354e-01,3.014027e-01,6.942358e-01,7.974927e-01,8.428845e-01,8.691285e-01,8.845807e-01,9.034942e-01,8.880876e-01,8.850908e-01
4.145000e-03,6.203777e+00,6.173237e+00,1.251134e+00,7.462809e-01,5.600753e-01,4.398251e-01,3.594353e-01,3.014026e-01,6.942508e-01,7.974995e-01,8.428876e-01,8.691294e-01,8.845794e-01,9.034898e-01,8.880838e-01,8.850849e-01
4.150000e-03,6.203732e+00,6.173146e+00,1.250840e+00,7.462809e-01,5.600753e-01,4.398251e-01,3.594353e-01,3.014025e-01,6.942651e-01,7.975061e-01,8.428905e-01,8.691300e-01,8.845778e-01,9.034849e-01,8.880795e-01,8.850786e-01
4.155000e-03,6.203686e+00,6.173054e+00,1.250541e+00,7.462809e-01,5.600753e-01,4.398251e-01,3.594354e-01,3.014025e-01,6.942793e-01,7.975126e-01,8.428931e-01,8.691302e-01,8.845758e-01,9.034795e-01,8.880748e-01,8.850719e-01
4.160000e-03,6.203640e+00,6.172962e+00,1.250238e+00,7.462809e-01,5.600753e-01,4.398251e-01,3.594354e-01,3.014024e-01,6.942933e-01,7.975188e-01,8.428955e-01,8.691300e-01,8.845735e-01,9.034736e-01,8.880697e-01,8.850648e-01
4.165000e-03,6.203594e+00,6.172869e+00,1.249933e+00,7.462809e-01,5.600753e-01,4.398251e-01,3.594354e-01,3.014024e-01,6.943072e-01,7.975246e-01,8.428977e-01,8.691295e-01,8.845709e-01,9.034673e-01,8.880642e-01,8.850571e-01
4.170000e-03,6.203548e+00,6.172775e+00,1.249626e+00,7.462809e-01,5.600753e-01,4.398251e-01,3.594354e-01,3.014023e-01,6.943209e-01,7.975300e-01,8.428996e-01,8.691286e-01,8.845679e-01,9.034605e-01,8.880583e-01,8.850491e-01
4.175000e-03,6.203501e+00,6.172681e+00,1.249318e+00,7.462809e-01,5.600753e-01,4.398250e-01,3.594354e-01,3.014022e-01,6.943345e-01,7.975354e-01,8.429012e-01,8.691273e-01,8.845645e-01,9.034532e-01,8.880519e-01,8.850407e-01
4.180000e-03,6.203455e+00,6.172586e+00,1.249008e+00,7.462809e-01,5.600753e-01,4.398250e-01,3.594354e-01,3.014022e-01,6.943478e-01,7.975405e-01,8.429024e-01,8.691258e-01,8.845607e-01,9.034455e-01,8.880450e-01,8.850321e-01
4.185000e-03,6.203409e+00,6.172492e+00,1.248699e+00,7.462809e-01,5.600753e-01,4.398251e-01,3.594353e-01,3.014021e-01,6.943608e-01,7.975452e-01,8.429030e-01,8.691240e-01,8.845564e-01,9.034372e-01,8.880377e-01,8.850230e-01
4.190000e-03,6.203364e+00,6.172400e+00,1.248394e+00,7.462809e-01,5.600753e-01,4.398251e-01,3.594353e-01,3.014020e-01,6.943736e-01,7.975496e-01,8.429032e-01,8.691218e-01,8.845518e-01,9.034285e-01,8.880298e-01,8.850136e-01
4.195000e-03,6.203320e+00,6.172308e+00,1.248093e+00,7.462809e-01,5.600753e-01,4.398251e-01,3.594354e-01,3.014020e-01,6.943860e-01,7.975536e-01,8.429031e-01,8.691193e-01,8.845468e-01,9.034193e-01,8.880215e-01,8.850038e-01
4.200000e-03,6.203276e+00,6.172217e+00,1.247794e+00,7.462809e-01,5.600753e-01,4.398251e-01,3.594354e-01,3.014019e-01,6.943985e-01,7.975572e-01,8.429028e-01,8.691164e-01,8.845414e-01,9.034096e-01,8.880127e-01,8.849936e-01
4.205000e-03,6.203233e+00,6.172129e+00,1.247512e+00,7.462809e-01,5.600753e-01,4.398251e-01,3.594354e-01,3.014018e-01,6.944110e-01,7.975605e-01,8.429022e-01,8.691129e-01,8.845357e-01,9.033994e-01,8.880033e-01,8.849830e-01
4.210000e-03,6.203190e+00,6.172044e+00,1.247250e+00,7.462809e-01,5.600753e-01,4.398251e-01,3.594354e-01,3.014018e-01,6.944233e-01,7.975634e-01,8.429010e-01,8.691089e-01,8.845297e-01,9.033887e-01,8.879935e-01,8.849721e-01
4.215000e-03,6.203148e+00,6.171961e+00,1.246994e+00,7.462809e-01,5.600753e-01,4.398250e-01,3.594354e-01,3.014017e-01,6.944352e-01,7.975657e-01,8.428994e-01,8.691045e-01,8.845233e-01,9.033776e-01,8.879833e-01,8.849607e-01
4.220000e-03,6.203107e+00,6.171878e+00,1.246742e+00,7.462809e-01,5.600753e-01,4.398250e-01,3.594354e-01,3.014016e-01,6.944466e-01,7.975675e-01,8.428972e-01,8.690997e-01,8.845165e-01,9.033661e-01,8.879727e-01,8.849491e-01
4.225000e-03,6.203067e+00,6.171798e+00,1.246495e+00,7.462809e-01,5.600753e-01,4.398251e-01,3.594353e-01,3.014016e-01,6.944578e-01,7.975693e-01,8.428947e-01,8.690946e-01,8.845092e-01,9.033541e-01,8.879616e-01,8.849370e-01
4.230000e-03,6.203029e+00,6.171720e+00,1.246254e+00,7.462809e-01,5.600753e-01,4.398251e-01,3.594353e-01,3.014015e-01,6.944685e-01,7.975707e-01,8.428917e-01,8.690892e-01,8.845015e-01,9.033418e-01,8.879500e-01,8.849246e-01
4.235000e-03,6.202991e+00,6.171643e+00,1.246019e+00,7.462809e-01,5.600753e-01,4.398251e-01,3.594354e-01,3.014014e-01,6.944787e-01,7.975717e-01,8.428882e-01,8.690832e-01,8.844934e-01,9.033291e-01,8.879381e-01,8.849119e-01
4.240000e-03,6.202954e+00,6.171569e+00,1.245787e+00,7.462809e-01,5.600753e-01,4.398251e-01,3.594354e-01,3.014014e-01,6.944881e-01,7.975723e-01,8.428841e-01,8.690767e-01,8.844849e-01,9.033161e-01,8.879258e-01,8.848988e-01
4.245000e-03,6.202919e+00,6.171496e+00,1.245559e+00,7.462809e-01,5.600753e-01,4.398251e-01,3.594354e-01,3.014013e-01,6.944968e-01,7.975725e-01,8.428797e-01,8.690697e-01,8.844761e-01,9.033027e-01,8.879131e-01,8.848854e-01
4.250000e-03,6.202885e+00,6.171425e+00,1.245336e+00,7.462809e-01,5.600753e-01,4.398251e-01,3.594354e-01,3.014013e-01,6.945048e-01,7.975724e-01,8.428751e-01,8.690623e-01,8.844670e-01,9.032889e-01,8.879002e-01,8.848716e-01
4.255000e-03,6.202851e+00,6.171356e+00,1.245119e+00,7.462809e-01,5.600753e-01,4.398250e-01,3.594354e-01,3.014012e-01,6.945122e-01,7.975720e-01,8.428701e-01,8.690543e-01,8.844575e-01,9.032748e-01,8.878870e-01,8.848575e-01
4.260000e-03,6.202820e+00,6.171290e+00,1.244907e+00,7.462809e-01,5.600753e-01,4.398251e-01,3.594354e-01,3.014011e-01,6.945188e-01,7.975712e-01,8.428646e-01,8.690459e-01,8.844476e-01,9.032603e-01,8.878736e-01,8.848432e-01
4.265000e-03,6.202789e+00,6.171226e+00,1.244702e+00,7.462809e-01,5.600753e-01,4.398251e-01,3.594353e-01,3.014011e-01,6.945246e-01,7.975698e-01,8.428586e-01,8.690370e-01,8.844373e-01,9.032456e-01,8.878600e-01,8.848286e-01
4.270000e-03,6.202760e+00,6.171164e+00,1.244504e+00,7.462809e-01,5.600753e-01,4.398251e-01,3.594353e-01,3.014010e-01,6.945298e-01,7.975678e-01,8.428522e-01,8.690280e-01,8.844266e-01,9.032305e-01,8.878462e-01,8.848137e-01
4.275000e-03,6.202733e+00,6.171106e+00,1.244313e+00,7.462809e-01,5.600753e-01,4.398251e-01,3.594354e-01,3.014010e-01,6.945344e-01,7.975653e-01,8.428457e-01,8.690186e-01,8.844155e-01,9.032152e-01,8.878323e-01,8.847986e-01
4.280000e-03,6.202707e+00,6.171049e+00,1.244129e+00,7.462809e-01,5.600753e-01,4.398251e-01,3.594354e-01,3.014009e-01,6.945380e-01,7.975620e-01,8.428390e-01,8.690088e-01,8.844039e-01,9.031996e-01,8.878182e-01,8.847834e-01
4.285000e-03,6.202682e+00,6.170996e+00,1.243954e+00,7.462809e-01,5.600753e-01,4.398251e-01,3.594354e-01,3.014009e-01,6.945409e-01,7.975581e-01,8.428319e-01,8.689986e-01,8.843920e-01,9.031838e-01,8.878040e-01,8.847680e-01
4.290000e-03,6.202659e+00,6.170946e+00,1.243786e+00,7.462809e-01,5.600753e-01,4.398251e-01,3.594354e-01,3.014008e-01,6.945426e-01,7.975537e-01,8.428243e-01,8.689881e-01,8.843799e-01,9.031678e-01,8.877897e-01,8.847524e-01
4.295000e-03,6.202638e+00,6.170899e+00,1.243626e+00,7.462809e-01,5.600753e-01,4.398251e-01,3.594354e-01,3.014008e-01,6.945434e-01,7.975490e-01,8.428161e-01,8.689774e-01,8.843677e-01,9.031515e-01,8.877753e-01,8.847367e-01
4.300000e-03,6.202619e+00,6.170857e+00,1.243475e+00,7.462809e-01,5.600753e-01,4.398251e-01,3.594354e-01,3.014007e-01,6.945432e-01,7.975435e-01,8.428073e-01,8.689666e-01,8.843552e-01,9.031348e-01,8.877609e-01,8.847209e-01
4.305000e-03,6.202601e+00,6.170818e+00,1.243334e+00,7.462809e-01,5.600753e-01,4.398251e-01,3.594353e-01,3.014007e-01,6.945420e-01,7.975376e-01,8.427981e-01,8.689557e-01,8.843425e-01,9.031180e-01,8.877465e-01,8.847050e-01
4.310000e-03,6.202585e+00,6.170783e+00,1.243203e+00,7.462809e-01,5.600753e-01,4.398251e-01,3.594354e-01,3.014007e-01,6.945399e-01,7.975311e-01,8.427886e-01,8.689445e-01,8.843297e-01,9.031011e-01,8.877321e-01,8.846889e-01
4.315000e-03,6.202572e+00,6.170751e+00,1.243083e+00,7.462809e-01,5.600753e-01,4.398251e-01,3.594354e-01,3.014006e-01,6.945371e-01,7.975240e-01,8.427789e-01,8.689330e-01,8.843168e-01,9.030841e-01,8.877176e-01,8.846728e-01
4.320000e-03,6.202561e+00,6.170724e+00,1.242974e+00,7.462809e-01,5.600753e-01,4.398251e-01,3.594354e-01,3.014006e-01,6.945334e-01,7.975162e-01,8.427689e-01,8.689209e-01,8.843038e-01,9.030670e-01,8.877030e-01,8.846567e-01
4.325000e-03,6.202552e+00,6.170700e+00,1.242876e+00,7.462809e-01,5.600753e-01,4.398251e-01,3.594354e-01,3.014006e-01,6.945289e-01,7.975078e-01,8.427585e-01,8.689085e-01,8.842908e-01,9.030500e-01,8.876885e-01,8.846406e-01
4.330000e-03,6.202545e+00,6.170681e+00,1.242790e+00,7.462809e-01,5.600753e-01,4.398251e-01,3.594354e-01,3.014006e-01,6.945235e-01,7.974988e-01,8.427477e-01,8.688958e-01,8.842778e-01,9.030329e-01,8.876741e-01,8.846244e-01
4.335000e-03,6.202540e+00,6.170666e+00,1.242715e+00,7.462809e-01,5.600753e-01,4.398251e-01,3.594354e-01,3.014005e-01,6.945172e-01,7.974892e-01,8.427365e-01,8.688831e-01,8.842647e-01,9.030160e-01,8.876598e-01,8.846082e-01
4.340000e-03,6.202538e+00,6.170656e+00,1.242653e+00,7.462809e-01,5.600753e-01,4.398251e-01,3.594354e-01,3.014005e-01,6.945100e-01,7.974790e-01,8.427248e-01,8.688703e-01,8.842513e-01,9.029992e-01,8.876456e-01,8.845921e-01
4.345000e-03,6.202538e+00,6.170650e+00,1.242603e+00,7.462809e-01,5.600753e-01,4.398251e-01,3.594353e-01,3.014005e-01,6.945019e-01,7.974684e-01,8.427127e-01,8.688575e-01,8.842376e-01,9.029825e-01,8.876314e-01,8.845759e-01
4.350000e-03,6.202541e+00,6.170649e+00,1.242567e+00,7.462809e-01,5.600753e-01,4.398251e-01,3.594354e-01,3.014005e-01,6.944928e-01,7.974572e-01,8.427003e-01,8.688446e-01,8.842238e-01,9.029658e-01,8.876174e-01,8.845598e-01
4.355000e-03,6.202546e+00,6.170652e+00,1.242543e+00,7.462809e-01,5.600753e-01,4.398251e-01,3.594354e-01,3.014005e-01,6.944829e-01,7.974456e-01,8.426876e-01,8.688315e-01,8.842099e-01,9.029491e-01,8.876036e-01,8.845437e-01
4.360000e-03,6.202554e+00,6.170661e+00,1.242534e+00,7.462809e-01,5.600753e-01,4.398251e-01,3.594354e-01,3.014005e-01,6.944720e-01,7.974335e-01,8.426746e-01,8.688180e-01,8.841961e-01,9.029324e-01,8.875900e-01,8.845276e-01
4.365000e-03,6.202564e+00,6.170674e+00,1.242538e+00,7.462809e-01,5.600753e-01,4.398251e-01,3.594354e-01,3.014005e-01,6.944602e-01,7.974210e-01,8.426614e-01,8.688043e-01,8.841824e-01,9.029157e-01,8.875766e-01,8.845115e-01
4.370000e-03,6.202577e+00,6.170692e+00,1.242556e+00,7.462809e-01,5.600753e-01,4.398251e-01,3.594354e-01,3.014005e-01,6.944475e-01,7.974080e-01,8.426479e-01,8.687904e-01,8.841688e-01,9.028989e-01,8.875635e-01,8.844957e-01
4.375000e-03,6.202592e+00,6.170715e+00,1.242588e+00,7.462809e-01,5.600753e-01,4.398251e-01,3.594354e-01,3.014005e-01,6.944339e-01,7.973947e-01,8.426342e-01,8.687763e-01,8.841552e-01,9.028822e-01,8.875506e-01,8.844801e-01
4.380000e-03,6.202611e+00,6.170743e+00,1.242634e+00,7.462809e-01,5.600753e-01,4.398251e-01,3.594354e-01,3.014006e-01,6.944193e-01,7.973809e-01,8.426202e-01,8.687622e-01,8.841415e-01,9.028657e-01,8.875379e-01,8.844648e-01
4.385000e-03,6.202631e+00,6.170776e+00,1.242695e+00,7.462809e-01,5.600753e-01,4.398251e-01,3.594354e-01,3.014006e-01,6.944037e-01,7.973668e-01,8.426060e-01,8.687480e-01,8.841278e-01,9.028494e-01,8.875254e-01,8.844499e-01
4.390000e-03,6.202655e+00,6.170815e+00,1.242771e+00,7.462809e-01,5.600753e-01,4.398251e-01,3.594354e-01,3.014006e-01,6.943872e-01,7.973523e-01,8.425916e-01,8.687337e-01,8.841139e-01,9.028333e-01,8.875130e-01,8.844352e-01
4.395000e-03,6.202681e+00,6.170858e+00,1.242862e+00,7.462809e-01,5.600753e-01,4.398251e-01,3.594354e-01,3.014006e-01,6.943700e-01,7.973374e-01,8.425771e-01,8.687193e-01,8.841000e-01,9.028175e-01,8.875009e-01,8.844208e-01
4.400000e-03,6.202710e+00,6.170906e+00,1.242967e+00,7.462809e-01,5.600753e-01,4.398251e-01,3.594354e-01,3.014007e-01,6.943518e-01,7.973222e-01,8.425625e-01,8.687049e-01,8.840861e-01,9.028019e-01,8.874889e-01,8.844066e-01
4.405000e-03,6.202741e+00,6.170960e+00,1.243088e+00,7.462809e-01,5.600753e-01,4.398251e-01,3.594354e-01,3.014007e-01,6.943329e-01,7.973065e-01,8.425477e-01,8.686904e-01,8.840723e-01,9.027864e-01,8.874772e-01,8.843925e-01
4.410000e-03,6.202775e+00,6.171019e+00,1.243223e+00,7.462809e-01,5.600753e-01,4.398251e-01,3.594354e-01,3.014008e-01,6.943131e-01,7.972905e-01,8.425328e-01,8.686759e-01,8.840586e-01,9.027710e-01,8.874657e-01,8.843786e-01
4.415000e-03,6.202812e+00,6.171085e+00,1.243374e+00,7.462809e-01,5.600753e-01,4.398251e-01,3.594354e-01,3.014008e-01,6.942925e-01,7.972742e-01,8.425178e-01,8.686614e-01,8.840450e-01,9.027556e-01,8.874544e-01,8.843649e-01
4.420000e-03,6.202851e+00,6.171155e+00,1.243540e+00,7.462809e-01,5.600753e-01,4.398251e-01,3.594354e-01,3.014009e-01,6.942711e-01,7.972576e-01,8.425027e-01,8.686469e-01,8.840314e-01,9.027403e-01,8.874434e-01,8.843514e-01
4.425000e-03,6.202893e+00,6.171231e+00,1.243721e+00,7.462809e-01,5.600753e-01,4.398251e-01,3.594354e-01,3.014009e-01,6.942490e-01,7.972407e-01,8.424874e-01,8.686325e-01,8.840179e-01,9.027251e-01,8.874326e-01,8.843382e-01
4.430000e-03,6.202937e+00,6.171310e+00,1.243917e+00,7.462809e-01,5.600753e-01,4.398251e-01,3.594354e-01,3.014010e-01,6.942260e-01,7.972234e-01,8.424720e-01,8.686181e-01,8.840045e-01,9.027101e-01,8.874219e-01,8.843252e-01
4.435000e-03,6.202983e+00,6.171395e+00,1.244128e+00,7.462809e-01,5.600753e-01,4.398251e-01,3.594354e-01,3.014011e-01,6.942020e-01,7.972059e-01,8.424566e-01,8.686037e-01,8.839912e-01,9.026953e-01,8.874114e-01,8.843125e-01
4.440000e-03,6.203032e+00,6.171484e+00,1.244352e+00,7.462809e-01,5.600753e-01,4.398251e-01,3.594354e-01,3.014011e-01,6.941771e-01,7.971881e-01,8.424412e-01,8.685894e-01,8.839780e-01,9.026807e-01,8.874010e-01,8.843001e-01
4.445000e-03,6.203083e+00,6.171577e+00,1.244588e+00,7.462809e-01,5.600753e-01,4.398251e-01,3.594354e-01,3.014012e-01,6.941513e-01,7.971700e-01,8.424258e-01,8.685750e-01,8.839650e-01,9.026664e-01,8.873908e-01,8.842879e-01
4.450000e-03,6.203137e+00,6.171675e+00,1.244839e+00,7.462809e-01,5.600753e-01,4.398251e-01,3.594354e-01,3.014013e-01,6.941246e-01,7.971516e-01,8.424103e-01,8.685607e-01,8.839520e-01,9.026523e-01,8.873808e-01,8.842760e-01
4.455000e-03,6.203192e+00,6.171777e+00,1.245104e+00,7.462809e-01,5.600753e-01,4.398251e-01,3.594354e-01,3.014014e-01,6.940972e-01,7.971333e-01,8.423947e-01,8.685464e-01,8.839393e-01,9.026384e-01,8.873711e-01,8.842644e-01
4.460000e-03,6.203250e+00,6.171884e+00,1.245384e+00,7.462809e-01,5.600753e-01,4.398251e-01,3.594354e-01,3.014015e-01,6.940692e-01,7.971147e-01,8.423790e-01,8.685323e-01,8.839266e-01,9.026248e-01,8.873615e-01,8.842531e-01
4.465000e-03,6.203311e+00,6.171997e+00,1.245684e+00,7.462809e-01,5.600753e-01,4.398251e-01,3.594354e-01,3.014015e-01,6.940407e-01,7.970958e-01,8.423633e-01,8.685183e-01,8.839141e-01,9.026114e-01,8.873522e-01,8.842420e-01
4.470000e-03,6.203374e+00,6.172113e+00,1.245994e+00,7.462809e-01,5.600753e-01,4.398251e-01,3.594354e-01,3.014016e-01,6.940116e-01,7.970766e-01,8.423477e-01,8.685043e-01,8.839017e-01,9.025983e-01,8.873432e-01,8.842312e-01
4.475000e-03,6.203439e+00,6.172236e+00,1.246335e+00,7.462809e-01,5.600753e-01,4.398251e-01,3.594354e-01,3.014017e-01,6.939816e-01,7.970572e-01,8.423322e-01,8.684904e-01,8.838894e-01,9.025855e-01,8.873344e-01,8.842207e-01
4.480000e-03,6.203507e+00,6.172365e+00,1.246715e+00,7.462809e-01,5.600753e-01,4.398251e-01,3.594354e-01,3.014018e-01,6.939510e-01,7.970375e-01,8.423168e-01,8.684766e-01,8.838773e-01,9.025730e-01,8.873259e-01,8.842105e-01
4.485000e-03,6.203576e+00,6.172498e+00,1.247113e+00,7.462809e-01,5.600753e-01,4.398251e-01,3.594354e-01,3.014019e-01,6.939198e-01,7.970177e-01,8.423014e-01,8.684628e-01,8.838654e-01,9.025607e-01,8.873177e-01,8.842006e-01
4.490000e-03,6.203648e+00,6.172637e+00,1.247527e+00,7.462809e-01,5.600753e-01,4.398251e-01,3.594354e-01,3.014020e-01,6.938881e-01,7.969980e-01,8.422858e-01,8.684491e-01,8.838537e-01,9.025487e-01,8.873097e-01,8.841911e-01
4.495000e-03,6.203722e+00,6.172781e+00,1.247961e+00,7.462809e-01,5.600753e-01,4.398251e-01,3.594354e-01,3.014021e-01,6.938562e-01,7.969782e-01,8.422701e-01,8.684357e-01,8.838421e-01,9.025369e-01,8.873020e-01,8.841819e-01
4.500000e-03,6.203799e+00,6.172930e+00,1.248417e+00,7.462809e-01,5.600753e-01,4.398251e-01,3.594354e-01,3.014022e-01,6.938238e-01,7.969579e-01,8.422543e-01,8.684226e-01,8.838307e-01,9.025253e-01,8.872944e-01,8.841730e-01
4.505000e-03,6.203879e+00,6.173084e+00,1.248891e+00,7.462809e-01,5.600753e-01,4.398251e-01,3.594354e-01,3.014023e-01,6.937916e-01,7.969373e-01,8.422386e-01,8.684095e-01,8.838194e-01,9.025140e-01,8.872869e-01,8.841645e-01
4.510000e-03,6.203961e+00,6.173243e+00,1.249382e+00,7.462809e-01,5.600753e-01,4.398251e-01,3.594354e-01,3.014024e-01,6.937597e-01,7.969165e-01,8.422233e-01,8.683966e-01,8.838083e-01,9.025029e-01,8.872796e-01,8.841562e-01
4.515000e-03,6.204045e+00,6.173405e+00,1.249891e+00,7.462809e-01,5.600753e-01,4.398251e-01,3.594354e-01,3.014025e-01,6.937276e-01,7.968957e-01,8.422082e-01,8.683836e-01,8.837975e-01,9.024922e-01,8.872725e-01,8.841482e-01
4.520000e-03,6.204130e+00,6.173572e+00,1.250416e+00,7.462809e-01,5.600753e-01,4.398251e-01,3.594354e-01,3.014026e-01,6.936959e-01,7.968746e-01,8.421930e-01,8.683705e-01,8.837870e-01,9.024817e-01,8.872656e-01,8.841404e-01
4.525000e-03,6.204218e+00,6.173741e+00,1.250960e+00,7.462809e-01,5.600753e-01,4.398251e-01,3.594354e-01,3.014028e-01,6.936632e-01,7.968534e-01,8.421776e-01,8.683576e-01,8.837766e-01,9.024716e-01,8.872591e-01,8.841329e-01
4.530000e-03,6.204307e+00,6.173914e+00,1.251517e+00,7.462809e-01,5.600753e-01,4.398251e-01,3.594354e-01,3.014029e-01,6.936301e-01,7.968324e-01,8.421620e-01,8.683449e-01,8.837665e-01,9.024619e-01,8.872529e-01,8.841259e-01
4.535000e-03,6.204399e+00,6.174090e+00,1.252087e+00,7.462809e-01,5.600753e-01,4.398251e-01,3.594354e-01,3.014030e-01,6.935967e-01,7.968119e-01,8.421465e-01,8.683327e-01,8.837563e-01,9.024526e-01,8.872470e-01,8.841192e-01
4.540000e-03,6.204492e+00,6.174269e+00,1.252671e+00,7.462809e-01,5.600753e-01,4.398251e-01,3.594354e-01,3.014031e-01,6.935630e-01,7.967913e-01,8.421309e-01,8.683207e-01,8.837462e-01,9.024437e-01,8.872415e-01,8.841129e-01
4.545000e-03,6.204586e+00,6.174451e+00,1.253267e+00,7.462809e-01,5.600753e-01,4.398251e-01,3.594354e-01,3.014032e-01,6.935292e-01,7.967703e-01,8.421151e-01,8.683087e-01,8.837363e-01,9.024353e-01,8.872363e-01,8.841070e-01
4.550000e-03,6.204682e+00,6.174634e+00,1.253872e+00,7.462809e-01,5.600753e-01,4.398251e-01,3.594354e-01,3.014033e-01,6.934954e-01,7.967500e-01,8.420996e-01,8.682966e-01,8.837268e-01,9.024272e-01,8.872315e-01,8.841014e-01
4.555000e-03,6.204778e+00,6.174820e+00,1.254503e+00,7.462809e-01,5.600753e-01,4.398251e-01,3.594354e-01,3.014035e-01,6.934615e-01,7.967300e-01,8.420847e-01,8.682845e-01,8.837177e-01,9.024195e-01,8.872272e-01,8.840963e-01
4.560000e-03,6.204877e+00,6.175010e+00,1.255153e+00,7.462809e-01,5.600753e-01,4.398251e-01,3.594354e-01,3.014036e-01,6.934275e-01,7.967100e-01,8.420696e-01,8.682725e-01,8.837091e-01,9.024121e-01,8.872233e-01,8.840915e-01
4.565000e-03,6.204982e+00,6.175208e+00,1.255806e+00,7.462809e-01,5.600753e-01,4.398251e-01,3.594354e-01,3.014037e-01,6.933945e-01,7.966900e-01,8.420544e-01,8.682606e-01,8.837007e-01,9.024051e-01,8.872198e-01,8.840872e-01
4.570000e-03,6.205098e+00,6.175421e+00,1.256461e+00,7.462810e-01,5.600753e-01,4.398251e-01,3.594354e-01,3.014039e-01,6.933611e-01,7.966698e-01,8.420396e-01,8.682490e-01,8.836925e-01,9.023985e-01,8.872166e-01,8.840833e-01
4.575000e-03,6.205215e+00,6.175634e+00,1.257127e+00,7.462809e-01,5.600753e-01,4.398251e-01,3.594354e-01,3.014040e-01,6.933269e-01,7.966498e-01,8.420255e-01,8.682377e-01,8.836844e-01,9.023924e-01,8.872136e-01,8.840799e-01
4.580000e-03,6.205333e+00,6.175843e+00,1.257744e+00,7.462809e-01,5.600753e-01,4.398251e-01,3.594354e-01,3.014042e-01,6.932918e-01,7.966298e-01,8.420117e-01,8.682268e-01,8.836763e-01,9.023867e-01,8.872110e-01,8.840769e-01
4.585000e-03,6.205453e+00,6.176052e+00,1.258355e+00,7.462809e-01,5.600753e-01,4.398251e-01,3.594354e-01,3.014043e-01,6.932571e-01,7.966100e-01,8.419979e-01,8.682162e-01,8.836683e-01,9.023814e-01,8.872088e-01,8.840743e-01
4.590000e-03,6.205573e+00,6.176261e+00,1.258970e+00,7.462809e-01,5.600753e-01,4.398251e-01,3.594354e-01,3.014045e-01,6.932225e-01,7.965914e-01,8.419839e-01,8.682059e-01,8.836606e-01,9.023766e-01,8.872070e-01,8.840720e-01
4.595000e-03,6.205694e+00,6.176472e+00,1.259595e+00,7.462809e-01,5.600753e-01,4.398251e-01,3.594354e-01,3.014046e-01,6.931876e-01,7.965727e-01,8.419702e-01,8.681959e-01,8.836534e-01,9.023721e-01,8.872056e-01,8.840701e-01
4.600000e-03,6.205817e+00,6.176685e+00,1.260236e+00,7.462809e-01,5.600753e-01,4.398251e-01,3.594354e-01,3.014048e-01,6.931522e-01,7.965533e-01,8.419567e-01,8.681862e-01,8.836465e-01,9.023679e-01,8.872047e-01,8.840686e-01
4.605000e-03,6.205940e+00,6.176899e+00,1.260885e+00,7.462810e-01,5.600753e-01,4.398251e-01,3.594354e-01,3.014049e-01,6.931173e-01,7.965341e-01,8.419438e-01,8.681769e-01,8.836400e-01,9.023639e-01,8.872041e-01,8.840676e-01
4.610000e-03,6.206064e+00,6.177114e+00,1.261551e+00,7.462810e-01,5.600753e-01,4.398251e-01,3.594354e-01,3.014051e-01,6.930827e-01,7.965156e-01,8.419319e-01,8.681677e-01,8.836339e-01,9.023603e-01,8.872038e-01,8.840670e-01
4.615000e-03,6.206187e+00,6.177330e+00,1.262229e+00,7.462810e-01,5.600753e-01,4.398251e-01,3.594354e-01,3.014052e-01,6.930476e-01,7.964970e-01,8.419207e-01,8.681585e-01,8.836282e-01,9.023570e-01,8.872038e-01,8.840668e-01
4.620000e-03,6.206311e+00,6.177545e+00,1.262916e+00,7.462809e-01,5.600753e-01,4.398251e-01,3.594354e-01,3.014054e-01,6.930124e-01,7.964783e-01,8.419091e-01,8.681494e-01,8.836229e-01,9.023541e-01,8.872041e-01,8.840670e-01
4.625000e-03,6.206437e+00,6.177761e+00,1.263586e+00,7.462809e-01,5.600753e-01,4.398251e-01,3.594354e-01,3.014055e-01,6.929772e-01,7.964604e-01,8.418973e-01,8.681409e-01,8.836179e-01,9.023516e-01,8.872046e-01,8.840674e-01
4.630000e-03,6.206562e+00,6.177974e+00,1.264233e+00,7.462809e-01,5.600753e-01,4.398251e-01,3.594354e-01,3.014057e-01,6.929425e-01,7.964443e-01,8.418857e-01,8.681335e-01,8.836132e-01,9.023497e-01,8.872054e-01,8.840681e-01
4.635000e-03,6.206687e+00,6.178183e+00,1.264879e+00,7.462809e-01,5.600753e-01,4.398251e-01,3.594354e-01,3.014058e-01,6.929068e-01,7.964279e-01,8.418745e-01,8.681269e-01,8.836086e-01,9.023482e-01,8.872065e-01,8.840691e-01
4.640000e-03,6.206810e+00,6.178390e+00,1.265516e+00,7.462809e-01,5.600753e-01,4.398251e-01,3.594354e-01,3.014060e-01,6.928697e-01,7.964095e-01,8.418636e-01,8.681206e-01,8.836040e-01,9.023473e-01,8.872079e-01,8.840704e-01
4.645000e-03,6.206933e+00,6.178594e+00,1.266150e+00,7.462810e-01,5.600753e-01,4.398251e-01,3.594354e-01,3.014061e-01,6.928321e-01,7.963918e-01,8.418535e-01,8.681144e-01,8.835995e-01,9.023468e-01,8.872098e-01,8.840720e-01
4.650000e-03,6.207054e+00,6.178796e+00,1.266782e+00,7.462810e-01,5.600753e-01,4.398251e-01,3.594354e-01,3.014062e-01,6.927938e-01,7.963767e-01,8.418449e-01,8.681082e-01,8.835958e-01,9.023466e-01,8.872120e-01,8.840739e-01
4.655000e-03,6.207175e+00,6.178996e+00,1.267416e+00,7.462810e-01,5.600753e-01,4.398251e-01,3.594354e-01,3.014064e-01,6.927553e-01,7.963619e-01,8.418369e-01,8.681019e-01,8.835927e-01,9.023466e-01,8.872147e-01,8.840761e-01
4.660000e-03,6.207295e+00,6.179194e+00,1.268046e+00,7.462809e-01,5.600753e-01,4.398251e-01,3.594354e-01,3.014065e-01,6.927181e-01,7.963457e-01,8.418278e-01,8.680955e-01,8.835903e-01,9.023466e-01,8.872178e-01,8.840787e-01
4.665000e-03,6.207414e+00,6.179390e+00,1.268676e+00,7.462809e-01,5.600753e-01,4.398251e-01,3.594354e-01,3.014067e-01,6.926816e-01,7.963298e-01,8.418181e-01,8.680899e-01,8.835885e-01,9.023468e-01,8.872212e-01,8.840816e-01
4.670000e-03,6.207532e+00,6.179584e+00,1.269307e+00,7.462809e-01,5.600753e-01,4.398251e-01,3.594354e-01,3.014068e-01,6.926455e-01,7.963139e-01,8.418101e-01,8.680856e-01,8.835867e-01,9.023474e-01,8.872248e-01,8.840847e-01
4.675000e-03,6.207650e+00,6.179777e+00,1.269940e+00,7.462809e-01,5.600753e-01,4.398251e-01,3.594354e-01,3.014069e-01,6.926102e-01,7.962972e-01,8.418039e-01,8.680824e-01,8.835847e-01,9.023485e-01,8.872284e-01,8.840883e-01
4.680000e-03,6.207767e+00,6.179968e+00,1.270573e+00,7.462810e-01,5.600753e-01,4.398251e-01,3.594354e-01,3.014071e-01,6.925760e-01,7.962804e-01,8.417980e-01,8.680790e-01,8.835823e-01,9.023503e-01,8.872322e-01,8.840921e-01
4.685000e-03,6.207883e+00,6.180157e+00,1.271198e+00,7.462810e-01,5.600753e-01,4.398251e-01,3.594354e-01,3.014072e-01,6.925430e-01,7.962644e-01,8.417920e-01,8.680752e-01,8.835803e-01,9.023526e-01,8.872361e-01,8.840963e-01
4.690000e-03,6.207998e+00,6.180343e+00,1.271814e+00,7.462810e-01,5.600753e-01,4.398251e-01,3.594354e-01,3.014073e-01,6.925112e-01,7.962484e-01,8.417855e-01,8.680718e-01,8.835792e-01,9.023553e-01,8.872404e-01,8.841007e-01
4.695000e-03,6.208112e+00,6.180527e+00,1.272427e+00,7.462810e-01,5.600753e-01,4.398251e-01,3.594354e-01,3.014074e-01,6.924800e-01,7.962339e-01,8.417785e-01,8.680694e-01,8.835791e-01,9.023580e-01,8.872452e-01,8.841052e-01
4.700000e-03,6.208226e+00,6.180709e+00,1.273026e+00,7.462809e-01,5.600753e-01,4.398251e-01,3.594354e-01,3.014076e-01,6.924494e-01,7.962198e-01,8.417711e-01,8.680681e-01,8.835794e-01,9.023605e-01,8.872505e-01,8.841098e-01
4.705000e-03,6.208338e+00,6.180887e+00,1.273622e+00,7.462809e-01,5.600753e-01,4.398251e-01,3.594354e-01,3.014077e-01,6.924200e-01,7.962042e-01,8.417639e-01,8.680673e-01,8.835799e-01,9.023633e-01,8.872560e-01,8.841148e-01
4.710000e-03,6.208438e+00,6.181050e+00,1.274212e+00,7.462809e-01,5.600753e-01,4.398251e-01,3.594354e-01,3.014078e-01,6.923909e-01,7.961894e-01,8.417574e-01,8.680661e-01,8.835806e-01,9.023665e-01,8.872615e-01,8.841202e-01
4.715000e-03,6.208532e+00,6.181204e+00,1.274795e+00,7.462809e-01,5.600753e-01,4.398251e-01,3.594354e-01,3.014079e-01,6.923629e-01,7.961764e-01,8.417517e-01,8.680640e-01,8.835816e-01,9.023703e-01,8.872669e-01,8.841259e-01
4.720000e-03,6.208624e+00,6.181355e+00,1.275372e+00,7.462810e-01,5.600753e-01,4.398251e-01,3.594354e-01,3.014080e-01,6.923356e-01,7.961636e-01,8.417464e-01,8.680612e-01,8.835831e-01,9.023745e-01,8.872721e-01,8.841319e-01
4.725000e-03,6.208715e+00,6.181504e+00,1.275951e+00,7.462810e-01,5.600753e-01,4.398251e-01,3.594354e-01,3.014081e-01,6.923086e-01,7.961510e-01,8.417405e-01,8.680582e-01,8.835854e-01,9.023788e-01,8.872775e-01,8.841380e-01
4.730000e-03,6.208804e+00,6.181647e+00,1.276523e+00,7.462810e-01,5.600753e-01,4.398251e-01,3.594354e-01,3.014083e-01,6.922829e-01,7.961382e-01,8.417346e-01,8.680560e-01,8.835880e-01,9.023836e-01,8.872833e-01,8.841439e-01
4.735000e-03,6.208892e+00,6.181788e+00,1.277089e+00,7.462810e-01,5.600753e-01,4.398251e-01,3.594354e-01,3.014084e-01,6.922581e-01,7.961256e-01,8.417294e-01,8.680552e-01,8.835905e-01,9.023891e-01,8.872892e-01,8.841498e-01
4.740000e-03,6.208978e+00,6.181926e+00,1.277652e+00,7.462809e-01,5.600753e-01,4.398251e-01,3.594354e-01,3.014085e-01,6.922341e-01,7.961139e-01,8.417252e-01,8.680551e-01,8.835921e-01,9.023954e-01,8.872952e-01,8.841558e-01
4.745000e-03,6.209064e+00,6.182062e+00,1.278196e+00,7.462809e-01,5.600753e-01,4.398251e-01,3.594354e-01,3.014086e-01,6.922111e-01,7.961021e-01,8.417213e-01,8.680548e-01,8.835930e-01,9.024022e-01,8.873014e-01,8.841621e-01
4.750000e-03,6.209148e+00,6.182194e+00,1.278712e+00,7.462809e-01,5.600753e-01,4.398251e-01,3.594354e-01,3.014087e-01,6.921897e-01,7.960901e-01,8.417171e-01,8.680541e-01,8.835940e-01,9.024093e-01,8.873082e-01,8.841687e-01
4.755000e-03,6.209231e+00,6.182322e+00,1.279213e+00,7.462810e-01,5.600753e-01,4.398251e-01,3.594354e-01,3.014089e-01,6.921692e-01,7.960796e-01,8.417127e-01,8.680535e-01,8.835958e-01,9.024163e-01,8.873158e-01,8.841755e-01
4.760000e-03,6.209311e+00,6.182447e+00,1.279704e+00,7.462810e-01,5.600753e-01,4.398251e-01,3.594354e-01,3.014090e-01,6.921492e-01,7.960702e-01,8.417091e-01,8.680533e-01,8.835985e-01,9.024229e-01,8.873240e-01,8.841825e-01
4.765000e-03,6.209390e+00,6.182569e+00,1.280187e+00,7.462810e-01,5.600753e-01,4.398251e-01,3.594354e-01,3.014091e-01,6.921292e-01,7.960611e-01,8.417062e-01,8.680538e-01,8.836015e-01,9.024291e-01,8.873325e-01,8.841899e-01
4.770000e-03,6.209467e+00,6.182688e+00,1.280661e+00,7.462810e-01,5.600753e-01,4.398251e-01,3.594354e-01,3.014092e-01,6.921097e-01,7.960529e-01,8.417031e-01,8.680545e-01,8.836045e-01,9.024351e-01,8.873411e-01,8.841979e-01
4.775000e-03,6.209542e+00,6.182804e+00,1.281124e+00,7.462810e-01,5.600753e-01,4.398251e-01,3.594354e-01,3.014093e-01,6.920909e-01,7.960459e-01,8.416998e-01,8.680549e-01,8.836076e-01,9.024412e-01,8.873493e-01,8.842065e-01
4.780000e-03,6.209615e+00,6.182916e+00,1.281576e+00,7.462809e-01,5.600753e-01,4.398251e-01,3.594354e-01,3.014094e-01,6.920730e-01,7.960397e-01,8.416969e-01,8.680552e-01,8.836110e-01,9.024477e-01,8.873572e-01,8.842157e-01
4.785000e-03,6.209686e+00,6.183025e+00,1.282017e+00,7.462809e-01,5.600753e-01,4.398251e-01,3.594354e-01,3.014095e-01,6.920560e-01,7.960336e-01,8.416943e-01,8.680557e-01,8.836145e-01,9.024545e-01,8.873649e-01,8.842251e-01
4.790000e-03,6.209763e+00,6.183131e+00,1.282450e+00,7.462809e-01,5.600753e-01,4.398251e-01,3.594354e-01,3.014096e-01,6.920398e-01,7.960279e-01,8.416925e-01,8.680561e-01,8.836180e-01,9.024617e-01,8.873727e-01,8.842345e-01
4.795000e-03,6.209872e+00,6.183233e+00,1.282874e+00,7.462810e-01,5.600753e-01,4.398251e-01,3.594354e-01,3.014097e-01,6.920242e-01,7.960228e-01,8.416915e-01,8.680566e-01,8.836214e-01,9.024696e-01,8.873806e-01,8.842436e-01
4.800000e-03,6.209977e+00,6.183333e+00,1.283287e+00,7.462810e-01,5.600753e-01,4.398251e-01,3.594354e-01,3.014098e-01,6.920092e-01,7.960183e-01,8.416916e-01,8.680574e-01,8.836248e-01,9.024778e-01,8.873888e-01,8.842526e-01
4.805000e-03,6.210079e+00,6.183429e+00,1.283689e+00,7.462810e-01,5.600753e-01,4.398251e-01,3.594354e-01,3.014099e-01,6.919949e-01,7.960141e-01,8.416920e-01,8.680585e-01,8.836281e-01,9.024862e-01,8.873971e-01,8.842617e-01
4.810000e-03,6.210177e+00,6.183521e+00,1.284080e+00,7.462810e-01,5.600753e-01,4.398251e-01,3.594354e-01,3.014100e-01,6.919813e-01,7.960106e-01,8.416923e-01,8.680602e-01,8.836315e-01,9.024944e-01,8.874056e-01,8.842710e-01
4.815000e-03,6.210272e+00,6.183611e+00,1.284461e+00,7.462810e-01,5.600753e-01,4.398251e-01,3.594354e-01,3.014100e-01,6.919692e-01,7.960079e-01,8.416928e-01,8.680626e-01,8.836349e-01,9.025024e-01,8.874143e-01,8.842805e-01
4.820000e-03,6.210364e+00,6.183698e+00,1.284830e+00,7.462810e-01,5.600753e-01,4.398251e-01,3.594354e-01,3.014101e-01,6.919578e-01,7.960049e-01,8.416939e-01,8.680659e-01,8.836385e-01,9.025103e-01,8.874231e-01,8.842901e-01
4.825000e-03,6.210452e+00,6.183781e+00,1.285189e+00,7.462809e-01,5.600753e-01,4.398251e-01,3.594354e-01,3.014102e-01,6.919472e-01,7.960020e-01,8.416956e-01,8.680697e-01,8.836422e-01,9.025181e-01,8.874320e-01,8.842996e-01
4.830000e-03,6.210536e+00,6.183861e+00,1.285536e+00,7.462810e-01,5.600753e-01,4.398251e-01,3.594354e-01,3.014103e-01,6.919373e-01,7.960002e-01,8.416977e-01,8.680736e-01,8.836463e-01,9.025259e-01,8.874408e-01,8.843092e-01
4.835000e-03,6.210616e+00,6.183938e+00,1.285871e+00,7.462810e-01,5.600753e-01,4.398251e-01,3.594354e-01,3.014103e-01,6.919283e-01,7.959998e-01,8.417000e-01,8.680774e-01,8.836509e-01,9.025334e-01,8.874494e-01,8.843188e-01
4.840000e-03,6.210693e+00,6.184012e+00,1.286193e+00,7.462810e-01,5.600753e-01,4.398251e-01,3.594354e-01,3.014104e-01,6.919201e-01,7.959992e-01,8.417027e-01,8.680812e-01,8.836562e-01,9.025408e-01,8.874579e-01,8.843285e-01
4.845000e-03,6.210766e+00,6.184082e+00,1.286503e+00,7.462810e-01,5.600753e-01,4.398251e-01,3.594354e-01,3.014105e-01,6.919129e-01,7.959988e-01,8.417055e-01,8.680855e-01,8.836619e-01,9.025479e-01,8.874662e-01,8.843383e-01
4.850000e-03,6.210836e+00,6.184149e+00,1.286803e+00,7.462810e-01,5.600753e-01,4.398251e-01,3.594354e-01,3.014105e-01,6.919067e-01,7.959992e-01,8.417088e-01,8.680901e-01,8.836679e-01,9.025552e-01,8.874742e-01,8.843480e-01
4.855000e-03,6.210902e+00,6.184213e+00,1.287090e+00,7.462810e-01,5.600753e-01,4.398251e-01,3.594354e-01,3.014106e-01,6.919015e-01,7.960003e-01,8.417129e-01,8.680951e-01,8.836738e-01,9.025629e-01,8.874819e-01,8.843576e-01
4.860000e-03,6.210964e+00,6.184273e+00,1.287367e+00,7.462810e-01,5.600753e-01,4.398251e-01,3.594354e-01,3.014106e-01,6.918968e-01,7.960017e-01,8.417174e-01,8.681004e-01,8.836796e-01,9.025709e-01,8.874893e-01,8.843670e-01
4.865000e-03,6.211023e+00,6.184330e+00,1.287631e+00,7.462810e-01,5.600753e-01,4.398251e-01,3.594354e-01,3.014107e-01,6.918930e-01,7.960037e-01,8.417219e-01,8.681059e-01,8.836855e-01,9.025794e-01,8.874964e-01,8.843763e-01
4.870000e-03,6.211078e+00,6.184384e+00,1.287883e+00,7.462810e-01,5.600753e-01,4.398251e-01,3.594354e-01,3.014107e-01,6.918900e-01,7.960060e-01,8.417266e-01,8.681116e-01,8.836913e-01,9.025881e-01,8.875034e-01,8.843851e-01
4.875000e-03,6.211129e+00,6.184435e+00,1.288122e+00,7.462810e-01,5.600753e-01,4.398251e-01,3.594354e-01,3.014108e-01,6.918878e-01,7.960090e-01,8.417317e-01,8.681178e-01,8.836973e-01,9.025968e-01,8.875106e-01,8.843936e-01
4.880000e-03,6.211176e+00,6.184482e+00,1.288347e+00,7.462810e-01,5.600753e-01,4.398251e-01,3.594354e-01,3.014108e-01,6.918864e-01,7.960124e-01,8.417373e-01,8.681244e-01,8.837034e-01,9.026056e-01,8.875180e-01,8.844017e-01
4.885000e-03,6.211219e+00,6.184526e+00,1.288558e+00,7.462810e-01,5.600753e-01,4.398251e-01,3.594354e-01,3.014109e-01,6.918859e-01,7.960162e-01,8.417432e-01,8.681311e-01,8.837099e-01,9.026143e-01,8.875255e-01,8.844096e-01
4.890000e-03,6.211259e+00,6.184566e+00,1.288758e+00,7.462810e-01,5.600753e-01,4.398251e-01,3.594354e-01,3.014109e-01,6.918860e-01,7.960208e-01,8.417494e-01,8.681378e-01,8.837165e-01,9.026227e-01,8.875331e-01,8.844174e-01
4.895000e-03,6.211295e+00,6.184603e+00,1.288944e+00,7.462810e-01,5.600753e-01,4.398251e-01,3.594354e-01,3.014109e-01,6.918870e-01,7.960258e-01,8.417559e-01,8.681446e-01,8.837234e-01,9.026308e-01,8.875406e-01,8.844253e-01
4.900000e-03,6.211327e+00,6.184637e+00,1.289116e+00,7.462810e-01,5.600753e-01,4.398251e-01,3.594354e-01,3.014110e-01,6.918891e-01,7.960314e-01,8.417626e-01,8.681516e-01,8.837304e-01,9.026388e-01,8.875481e-01,8.844331e-01
4.905000e-03,6.211355e+00,6.184667e+00,1.289276e+00,7.462810e-01,5.600753e-01,4.398251e-01,3.594354e-01,3.014110e-01,6.918920e-01,7.960374e-01,8.417695e-01,8.681587e-01,8.837374e-01,9.026468e-01,8.875554e-01,8.844410e-01
4.910000e-03,6.211379e+00,6.184694e+00,1.289424e+00,7.462810e-01,5.600753e-01,4.398251e-01,3.594354e-01,3.014110e-01,6.918956e-01,7.960436e-01,8.417768e-01,8.681662e-01,8.837444e-01,9.026549e-01,8.875624e-01,8.844489e-01
4.915000e-03,6.211400e+00,6.184718e+00,1.289558e+00,7.462810e-01,5.600753e-01,4.398251e-01,3.594354e-01,3.014111e-01,6.918999e-01,7.960501e-01,8.417843e-01,8.681738e-01,8.837514e-01,9.026631e-01,8.875690e-01,8.844567e-01
4.920000e-03,6.211416e+00,6.184738e+00,1.289677e+00,7.462810e-01,5.600753e-01,4.398251e-01,3.594354e-01,3.014111e-01,6.919051e-01,7.960574e-01,8.417922e-01,8.681815e-01,8.837584e-01,9.026715e-01,8.875754e-01,8.844643e-01
4.925000e-03,6.211429e+00,6.184754e+00,1.289783e+00,7.462810e-01,5.600753e-01,4.398251e-01,3.594354e-01,3.014111e-01,6.919114e-01,7.960651e-01,8.418002e-01,8.681893e-01,8.837655e-01,9.026798e-01,8.875816e-01,8.844718e-01
4.930000e-03,6.211437e+00,6.184767e+00,1.289878e+00,7.462810e-01,5.600753e-01,4.398251e-01,3.594354e-01,3.014111e-01,6.919178e-01,7.960730e-01,8.418083e-01,8.681971e-01,8.837726e-01,9.026882e-01,8.875878e-01,8.844789e-01
4.935000e-03,6.211442e+00,6.184777e+00,1.289959e+00,7.462810e-01,5.600753e-01,4.398251e-01,3.594354e-01,3.014111e-01,6.919250e-01,7.960813e-01,8.418165e-01,8.682051e-01,8.837799e-01,9.026964e-01,8.875940e-01,8.844857e-01
4.940000e-03,6.211443e+00,6.184783e+00,1.290024e+00,7.462810e-01,5.600753e-01,4.398251e-01,3.594354e-01,3.014111e-01,6.919328e-01,7.960902e-01,8.418249e-01,8.682133e-01,8.837872e-01,9.027046e-01,8.876000e-01,8.844923e-01
4.945000e-03,6.211440e+00,6.184786e+00,1.290075e+00,7.462810e-01,5.600753e-01,4.398251e-01,3.594354e-01,3.014111e-01,6.919412e-01,7.960997e-01,8.418338e-01,8.682216e-01,8.837947e-01,9.027128e-01,8.876059e-01,8.844987e-01
4.950000e-03,6.211434e+00,6.184785e+00,1.290112e+00,7.462810e-01,5.600753e-01,4.398251e-01,3.594354e-01,3.014111e-01,6.919503e-01,7.961089e-01,8.418428e-01,8.682299e-01,8.838021e-01,9.027208e-01,8.876117e-01,8.845049e-01
4.955000e-03,6.211423e+00,6.184781e+00,1.290133e+00,7.462810e-01,5.600753e-01,4.398251e-01,3.594354e-01,3.014111e-01,6.919599e-01,7.961183e-01,8.418518e-01,8.682382e-01,8.838097e-01,9.027288e-01,8.876172e-01,8.845109e-01
4.960000e-03,6.211409e+00,6.184774e+00,1.290140e+00,7.462810e-01,5.600753e-01,4.398251e-01,3.594354e-01,3.014111e-01,6.919702e-01,7.961282e-01,8.418610e-01,8.682466e-01,8.838172e-01,9.027367e-01,8.876226e-01,8.845167e-01
4.965000e-03,6.211391e+00,6.184763e+00,1.290133e+00,7.462810e-01,5.600753e-01,4.398251e-01,3.594354e-01,3.014111e-01,6.919810e-01,7.961382e-01,8.418707e-01,8.682552e-01,8.838248e-01,9.027446e-01,8.876278e-01,8.845224e-01
4.970000e-03,6.211370e+00,6.184749e+00,1.290111e+00,7.462810e-01,5.600753e-01,4.398251e-01,3.594354e-01,3.014111e-01,6.919924e-01,7.961484e-01,8.418804e-01,8.682639e-01,8.838323e-01,9.027525e-01,8.876328e-01,8.845278e-01
4.975000e-03,6.211345e+00,6.184732e+00,1.290075e+00,7.462810e-01,5.600753e-01,4.398251e-01,3.594354e-01,3.014111e-01,6.920044e-01,7.961588e-01,8.418901e-01,8.682727e-01,8.838398e-01,9.027604e-01,8.876377e-01,8.845330e-01
4.980000e-03,6.211317e+00,6.184711e+00,1.290025e+00,7.462810e-01,5.600753e-01,4.398251e-01,3.594354e-01,3.014111e-01,6.920171e-01,7.961694e-01,8.418998e-01,8.682815e-01,8.838473e-01,9.027681e-01,8.876424e-01,8.845381e-01
4.985000e-03,6.211285e+00,6.184687e+00,1.289962e+00,7.462810e-01,5.600753e-01,4.398251e-01,3.594354e-01,3.014111e-01,6.920307e-01,7.961802e-01,8.419096e-01,8.682906e-01,8.838549e-01,9.027758e-01,8.876470e-01,8.845429e-01
4.990000e-03,6.211249e+00,6.184661e+00,1.289887e+00,7.462810e-01,5.600753e-01,4.398251e-01,3.594354e-01,3.014111e-01,6.920442e-01,7.961913e-01,8.419196e-01,8.682998e-01,8.838624e-01,9.027833e-01,8.876515e-01,8.845475e-01
4.995000e-03,6.211211e+00,6.184631e+00,1.289801e+00,7.462810e-01,5.600753e-01,4.398251e-01,3.594354e-01,3.014110e-01,6.920584e-01,7.962025e-01,8.419296e-01,8.683089e-01,8.838699e-01,9.027907e-01,8.876559e-01,8.845519e-01
5.000000e-03,6.211169e+00,6.184598e+00,1.289702e+00,7.462810e-01,5.600753e-01,4.398251e-01,3.594354e-01,3.014110e-01,6.920729e-01,7.962141e-01,8.419397e-01,8.683180e-01,8.838775e-01,9.027980e-01,8.876602e-01,8.845561e-01
5.005000e-03,6.211123e+00,6.184562e+00,1.289590e+00,7.462810e-01,5.600753e-01,4.398251e-01,3.594354e-01,3.014110e-01,6.920879e-01,7.962263e-01,8.419498e-01,8.683270e-01,8.838853e-01,9.028052e-01,8.876644e-01,8.845600e-01
5.010000e-03,6.211075e+00,6.184523e+00,1.289466e+00,7.462810e-01,5.600753e-01,4.398251e-01,3.594354e-01,3.014110e-01,6.921034e-01,7.962384e-01,8.419600e-01,8.683360e-01,8.838930e-01,9.028123e-01,8.876685e-01,8.845638e-01
5.015000e-03,6.211024e+00,6.184481e+00,1.289329e+00,7.462810e-01,5.600753e-01,4.398251e-01,3.594354e-01,3.014109e-01,6.921193e-01,7.962504e-01,8.419701e-01,8.683450e-01,8.839007e-01,9.028192e-01,8.876724e-01,8.845673e-01
5.020000e-03,6.210969e+00,6.184437e+00,1.289180e+00,7.462810e-01,5.600753e-01,4.398251e-01,3.594354e-01,3.014109e-01,6.921357e-01,7.962628e-01,8.419803e-01,8.683541e-01,8.839083e-01,9.028261e-01,8.876763e-01,8.845707e-01
5.025000e-03,6.210912e+00,6.184390e+00,1.289018e+00,7.462810e-01,5.600753e-01,4.398251e-01,3.594354e-01,3.014109e-01,6.921525e-01,7.962754e-01,8.419909e-01,8.683631e-01,8.839158e-01,9.028331e-01,8.876801e-01,8.845738e-01
5.030000e-03,6.210852e+00,6.184340e+00,1.288846e+00,7.462810e-01,5.600753e-01,4.398251e-01,3.594354e-01,3.014108e-01,6.921696e-01,7.962879e-01,8.420016e-01,8.683720e-01,8.839232e-01,9.028399e-01,8.876837e-01,8.845767e-01
5.035000e-03,6.210789e+00,6.184287e+00,1.288663e+00,7.462810e-01,5.600753e-01,4.398251e-01,3.594354e-01,3.014108e-01,6.921870e-01,7.963005e-01,8.420121e-01,8.683807e-01,8.839305e-01,9.028467e-01,8.876874e-01,8.845793e-01
5.040000e-03,6.210723e+00,6.184232e+00,1.288471e+00,7.462810e-01,5.600753e-01,4.398251e-01,3.594354e-01,3.014107e-01,6.922048e-01,7.963132e-01,8.420225e-01,8.683895e-01,8.839376e-01,9.028532e-01,8.876910e-01,8.845818e-01
5.045000e-03,6.210655e+00,6.184175e+00,1.288267e+00,7.462810e-01,5.600753e-01,4.398251e-01,3.594354e-01,3.014107e-01,6.922229e-01,7.963262e-01,8.420329e-01,8.683984e-01,8.839448e-01,9.028596e-01,8.876946e-01,8.845841e-01
5.050000e-03,6.210585e+00,6.184115e+00,1.288053e+00,7.462810e-01,5.600753e-01,4.398251e-01,3.594354e-01,3.014106e-01,6.922415e-01,7.963394e-01,8.420434e-01,8.684074e-01,8.839517e-01,9.028658e-01,8.876982e-01,8.845862e-01
5.055000e-03,6.210512e+00,6.184053e+00,1.287830e+00,7.462810e-01,5.600753e-01,4.398251e-01,3.594354e-01,3.014106e-01,6.922605e-01,7.963523e-01,8.420537e-01,8.684164e-01,8.839585e-01,9.028717e-01,8.877017e-01,8.845881e-01
5.060000e-03,6.210436e+00,6.183989e+00,1.287598e+00,7.462810e-01,5.600753e-01,4.398251e-01,3.594354e-01,3.014105e-01,6.922801e-01,7.963653e-01,8.420641e-01,8.684251e-01,8.839652e-01,9.028774e-01,8.877050e-01,8.845899e-01
5.065000e-03,6.210359e+00,6.183923e+00,1.287357e+00,7.462810e-01,5.600753e-01,4.398251e-01,3.594354e-01,3.014105e-01,6.922996e-01,7.963785e-01,8.420745e-01,8.684337e-01,8.839719e-01,9.028828e-01,8.877082e-01,8.845915e-01
5.070000e-03,6.210279e+00,6.183854e+00,1.287109e+00,7.462810e-01,5.600753e-01,4.398251e-01,3.594354e-01,3.014104e-01,6.923195e-01,7.963917e-01,8.420849e-01,8.684421e-01,8.839786e-01,9.028879e-01,8.877113e-01,8.845930e-01
5.075000e-03,6.210197e+00,6.183784e+00,1.286852e+00,7.462810e-01,5.600753e-01,4.398251e-01,3.594354e-01,3.014104e-01,6.923395e-01,7.964048e-01,8.420952e-01,8.684503e-01,8.839852e-01,9.028927e-01,8.877141e-01,8.845944e-01
5.080000e-03,6.210114e+00,6.183711e+00,1.286587e+00,7.462810e-01,5.600753e-01,4.398251e-01,3.594354e-01,3.014103e-01,6.923598e-01,7.964179e-01,8.421053e-01,8.684585e-01,8.839917e-01,9.028973e-01,8.877167e-01,8.845956e-01
5.085000e-03,6.210028e+00,6.183637e+00,1.286315e+00,7.462810e-01,5.600753e-01,4.398251e-01,3.594354e-01,3.014102e-01,6.923803e-01,7.964311e-01,8.421153e-01,8.684667e-01,8.839980e-01,9.029018e-01,8.877190e-01,8.845966e-01
5.090000e-03,6.209941e+00,6.183561e+00,1.286035e+00,7.462810e-01,5.600753e-01,4.398251e-01,3.594354e-01,3.014102e-01,6.924009e-01,7.964442e-01,8.421252e-01,8.684748e-01,8.840040e-01,9.029061e-01,8.877210e-01,8.845974e-01
5.095000e-03,6.209851e+00,6.183483e+00,1.285749e+00,7.462810e-01,5.600753e-01,4.398251e-01,3.594354e-01,3.014101e-01,6.924217e-01,7.964574e-01,8.421351e-01,8.684828e-01,8.840097e-01,9.029102e-01,8.877227e-01,8.845980e-01
5.100000e-03,6.209761e+00,6.183404e+00,1.285457e+00,7.462810e-01,5.600753e-01,4.398251e-01,3.594354e-01,3.014100e-01,6.924427e-01,7.964707e-01,8.421450e-01,8.684905e-01,8.840153e-01,9.029141e-01,8.877241e-01,8.845984e-01
5.105000e-03,6.209697e+00,6.183323e+00,1.285159e+00,7.462810e-01,5.600753e-01,4.398251e-01,3.594354e-01,3.014100e-01,6.924637e-01,7.964840e-01,8.421547e-01,8.684981e-01,8.840207e-01,9.029177e-01,8.877252e-01,8.845986e-01
5.110000e-03,6.209640e+00,6.183241e+00,1.284855e+00,7.462810e-01,5.600753e-01,4.398251e-01,3.594354e-01,3.014099e-01,6.924851e-01,7.964972e-01,8.421642e-01,8.685054e-01,8.840261e-01,9.029209e-01,8.877261e-01,8.845984e-01
5.115000e-03,6.209582e+00,6.183157e+00,1.284545e+00,7.462810e-01,5.600753e-01,4.398251e-01,3.594354e-01,3.014098e-01,6.925065e-01,7.965104e-01,8.421735e-01,8.685125e-01,8.840314e-01,9.029238e-01,8.877268e-01,8.845981e-01
5.120000e-03,6.209524e+00,6.183072e+00,1.284230e+00,7.462810e-01,5.600753e-01,4.398251e-01,3.594354e-01,3.014098e-01,6.925282e-01,7.965232e-01,8.421827e-01,8.685197e-01,8.840364e-01,9.029264e-01,8.877271e-01,8.845976e-01
5.125000e-03,6.209464e+00,6.182986e+00,1.283910e+00,7.462810e-01,5.600753e-01,4.398251e-01,3.594354e-01,3.014097e-01,6.925499e-01,7.965364e-01,8.421918e-01,8.685267e-01,8.840412e-01,9.029286e-01,8.877270e-01,8.845969e-01
5.130000e-03,6.209405e+00,6.182898e+00,1.283587e+00,7.462810e-01,5.600753e-01,4.398251e-01,3.594354e-01,3.014096e-01,6.925719e-01,7.965496e-01,8.422009e-01,8.685335e-01,8.840458e-01,9.029307e-01,8.877266e-01,8.845961e-01
5.135000e-03,6.209344e+00,6.182810e+00,1.283259e+00,7.462810e-01,5.600753e-01,4.398251e-01,3.594354e-01,3.014095e-01,6.925939e-01,7.965624e-01,8.422096e-01,8.685400e-01,8.840503e-01,9.029325e-01,8.877258e-01,8.845950e-01
5.140000e-03,6.209283e+00,6.182720e+00,1.282927e+00,7.462810e-01,5.600753e-01,4.398251e-01,3.594354e-01,3.014095e-01,6.926159e-01,7.965750e-01,8.422180e-01,8.685463e-01,8.840545e-01,9.029340e-01,8.877246e-01,8.845938e-01
5.145000e-03,6.209221e+00,6.182628e+00,1.282589e+00,7.462810e-01,5.600753e-01,4.398251e-01,3.594354e-01,3.014094e-01,6.926376e-01,7.965879e-01,8.422263e-01,8.685523e-01,8.840586e-01,9.029353e-01,8.877231e-01,8.845923e-01
5.150000e-03,6.209159e+00,6.182536e+00,1.282246e+00,7.462810e-01,5.600753e-01,4.398251e-01,3.594354e-01,3.014093e-01,6.926589e-01,7.966006e-01,8.422347e-01,8.685581e-01,8.840625e-01,9.029364e-01,8.877213e-01,8.845906e-01
5.155000e-03,6.209096e+00,6.182442e+00,1.281900e+00,7.462810e-01,5.600753e-01,4.398251e-01,3.594354e-01,3.014092e-01,6.926801e-01,7.966128e-01,8.422430e-01,8.685638e-01,8.840660e-01,9.029371e-01,8.877191e-01,8.845886e-01
5.160000e-03,6.209033e+00,6.182348e+00,1.281550e+00,7.462810e-01,5.600753e-01,4.398251e-01,3.594354e-01,3.014091e-01,6.927010e-01,7.966251e-01,8.422510e-01,8.685690e-01,8.840693e-01,9.029375e-01,8.877165e-01,8.845864e-01
5.165000e-03,6.208970e+00,6.182253e+00,1.281193e+00,7.462810e-01,5.600753e-01,4.398251e-01,3.594354e-01,3.014090e-01,6.927219e-01,7.966375e-01,8.422587e-01,8.685740e-01,8.840723e-01,9.029377e-01,8.877136e-01,8.845840e-01
5.170000e-03,6.208907e+00,6.182156e+00,1.280823e+00,7.462810e-01,5.600753e-01,4.398251e-01,3.594354e-01,3.014090e-01,6.927427e-01,7.966497e-01,8.422663e-01,8.685790e-01,8.840750e-01,9.029375e-01,8.877104e-01,8.845813e-01
5.175000e-03,6.208843e+00,6.182058e+00,1.280448e+00,7.462810e-01,5.600753e-01,4.398251e-01,3.594354e-01,3.014089e-01,6.927634e-01,7.966617e-01,8.422739e-01,8.685838e-01,8.840776e-01,9.029371e-01,8.877071e-01,8.845783e-01
5.180000e-03,6.208780e+00,6.181961e+00,1.280066e+00,7.462810e-01,5.600753e-01,4.398251e-01,3.594354e-01,3.014088e-01,6.927841e-01,7.966732e-01,8.422812e-01,8.685885e-01,8.840798e-01,9.029364e-01,8.877035e-01,8.845750e-01
5.185000e-03,6.208717e+00,6.181862e+00,1.279676e+00,7.462810e-01,5.600753e-01,4.398251e-01,3.594354e-01,3.014087e-01,6.928047e-01,7.966843e-01,8.422883e-01,8.685927e-01,8.840817e-01,9.029356e-01,8.876998e-01,8.845715e-01
5.190000e-03,6.208654e+00,6.181763e+00,1.279284e+00,7.462810e-01,5.600753e-01,4.398251e-01,3.594354e-01,3.014086e-01,6.928249e-01,7.966953e-01,8.422952e-01,8.685966e-01,8.840835e-01,9.029346e-01,8.876958e-01,8.845679e-01
5.195000e-03,6.208591e+00,6.181663e+00,1.278890e+00,7.462810e-01,5.600753e-01,4.398251e-01,3.594354e-01,3.014085e-01,6.928446e-01,7.967058e-01,8.423016e-01,8.686004e-01,8.840851e-01,9.029332e-01,8.876915e-01,8.845641e-01
5.200000e-03,6.208528e+00,6.181563e+00,1.278495e+00,7.462810e-01,5.600753e-01,4.398251e-01,3.594354e-01,3.014084e-01,6.928638e-01,7.967160e-01,8.423076e-01,8.686040e-01,8.840866e-01,9.029314e-01,8.876871e-01,8.845602e-01
5.205000e-03,6.208465e+00,6.181462e+00,1.278101e+00,7.462810e-01,5.600753e-01,4.398251e-01,3.594354e-01,3.014084e-01,6.928828e-01,7.967266e-01,8.423133e-01,8.686075e-01,8.840878e-01,9.029293e-01,8.876824e-01,8.845560e-01
5.210000e-03,6.208402e+00,6.181361e+00,1.277707e+00,7.462810e-01,5.600753e-01,4.398251e-01,3.594354e-01,3.014083e-01,6.929016e-01,7.967370e-01,8.423188e-01,8.686108e-01,8.840888e-01,9.029269e-01,8.876776e-01,8.845516e-01
5.215000e-03,6.208339e+00,6.181258e+00,1.277313e+00,7.462810e-01,5.600753e-01,4.398251e-01,3.594354e-01,3.014082e-01,6.929203e-01,7.967469e-01,8.423241e-01,8.686139e-01,8.840894e-01,9.029243e-01,8.876724e-01,8.845469e-01
5.220000e-03,6.208271e+00,6.181149e+00,1.276924e+00,7.462810e-01,5.600753e-01,4.398251e-01,3.594354e-01,3.014081e-01,6.929384e-01,7.967563e-01,8.423289e-01,8.686168e-01,8.840898e-01,9.029215e-01,8.876670e-01,8.845420e-01
5.225000e-03,6.208199e+00,6.181035e+00,1.276534e+00,7.462810e-01,5.600753e-01,4.398251e-01,3.594354e-01,3.014080e-01,6.929564e-01,7.967654e-01,8.423335e-01,8.686192e-01,8.840901e-01,9.029185e-01,8.876612e-01,8.845368e-01
5.230000e-03,6.208129e+00,6.180922e+00,1.276149e+00,7.462810e-01,5.600753e-01,4.398251e-01,3.594354e-01,3.014080e-01,6.929743e-01,7.967740e-01,8.423381e-01,8.686215e-01,8.840903e-01,9.029152e-01,8.876553e-01,8.845314e-01
5.235000e-03,6.208059e+00,6.180809e+00,1.275769e+00,7.462810e-01,5.600753e-01,4.398251e-01,3.594354e-01,3.014079e-01,6.929918e-01,7.967825e-01,8.423424e-01,8.686235e-01,8.840904e-01,9.029117e-01,8.876494e-01,8.845257e-01
5.240000e-03,6.207990e+00,6.180699e+00,1.275395e+00,7.462810e-01,5.600753e-01,4.398251e-01,3.594354e-01,3.014078e-01,6.930090e-01,7.967905e-01,8.423462e-01,8.686254e-01,8.840903e-01,9.029079e-01,8.876433e-01,8.845196e-01
5.245000e-03,6.207921e+00,6.180589e+00,1.275025e+00,7.462810e-01,5.600753e-01,4.398251e-01,3.594354e-01,3.014077e-01,6.930261e-01,7.967983e-01,8.423495e-01,8.686268e-01,8.840899e-01,9.029040e-01,8.876370e-01,8.845133e-01
5.250000e-03,6.207855e+00,6.180481e+00,1.274660e+00,7.462810e-01,5.600753e-01,4.398251e-01,3.594354e-01,3.014077e-01,6.930430e-01,7.968061e-01,8.423524e-01,8.686280e-01,8.840892e-01,9.028999e-01,8.876306e-01,8.845068e-01
5.255000e-03,6.207789e+00,6.180374e+00,1.274301e+00,7.462810e-01,5.600753e-01,4.398251e-01,3.594354e-01,3.014076e-01,6.930597e-01,7.968137e-01,8.423552e-01,8.686290e-01,8.840882e-01,9.028958e-01,8.876240e-01,8.845002e-01
5.260000e-03,6.207724e+00,6.180269e+00,1.273946e+00,7.462810e-01,5.600753e-01,4.398251e-01,3.594354e-01,3.014075e-01,6.930759e-01,7.968205e-01,8.423576e-01,8.686296e-01,8.840869e-01,9.028915e-01,8.876174e-01,8.844934e-01
5.265000e-03,6.207661e+00,6.180166e+00,1.273595e+00,7.462810e-01,5.600753e-01,4.398251e-01,3.594354e-01,3.014075e-01,6.930918e-01,7.968270e-01,8.423596e-01,8.686297e-01,8.840854e-01,9.028869e-01,8.876107e-01,8.844864e-01
5.270000e-03,6.207599e+00,6.180064e+00,1.273247e+00,7.462810e-01,5.600753e-01,4.398251e-01,3.594354e-01,3.014074e-01,6.931077e-01,7.968337e-01,8.423615e-01,8.686295e-01,8.840836e-01,9.028822e-01,8.876041e-01,8.844792e-01
5.275000e-03,6.207538e+00,6.179963e+00,1.272905e+00,7.462810e-01,5.600753e-01,4.398251e-01,3.594354e-01,3.014073e-01,6.931228e-01,7.968399e-01,8.423635e-01,8.686289e-01,8.840816e-01,9.028771e-01,8.875975e-01,8.844718e-01
5.280000e-03,6.207478e+00,6.179864e+00,1.272568e+00,7.462810e-01,5.600753e-01,4.398251e-01,3.594354e-01,3.014073e-01,6.931375e-01,7.968458e-01,8.423651e-01,8.686279e-01,8.840792e-01,9.028719e-01,8.875908e-01,8.844644e-01
5.285000e-03,6.207420e+00,6.179767e+00,1.272235e+00,7.462810e-01,5.600753e-01,4.398251e-01,3.594354e-01,3.014072e-01,6.931518e-01,7.968515e-01,8.423661e-01,8.686267e-01,8.840765e-01,9.028665e-01,8.875841e-01,8.844570e-01
5.290000e-03,6.207363e+00,6.179672e+00,1.271906e+00,7.462810e-01,5.600753e-01,4.398251e-01,3.594354e-01,3.014071e-01,6.931658e-01,7.968571e-01,8.423671e-01,8.686254e-01,8.840734e-01,9.028608e-01,8.875773e-01,8.844496e-01
5.295000e-03,6.207308e+00,6.179578e+00,1.271581e+00,7.462810e-01,5.600753e-01,4.398251e-01,3.594354e-01,3.014071e-01,6.931792e-01,7.968623e-01,8.423683e-01,8.686239e-01,8.840701e-01,9.028550e-01,8.875705e-01,8.844422e-01
5.300000e-03,6.207254e+00,6.179487e+00,1.271261e+00,7.462810e-01,5.600753e-01,4.398251e-01,3.594354e-01,3.014070e-01,6.931919e-01,7.968667e-01,8.423688e-01,8.686220e-01,8.840665e-01,9.028489e-01,8.875637e-01,8.844346e-01
5.305000e-03,6.207201e+00,6.179397e+00,1.270947e+00,7.462810e-01,5.600753e-01,4.398251e-01,3.594354e-01,3.014069e-01,6.932041e-01,7.968709e-01,8.423688e-01,8.686198e-01,8.840626e-01,9.028425e-01,8.875567e-01,8.844270e-01
5.310000e-03,6.207150e+00,6.179309e+00,1.270640e+00,7.462810e-01,5.600753e-01,4.398251e-01,3.594354e-01,3.014069e-01,6.932154e-01,7.968755e-01,8.423686e-01,8.686175e-01,8.840584e-01,9.028359e-01,8.875497e-01,8.844192e-01
5.315000e-03,6.207100e+00,6.179223e+00,1.270342e+00,7.462810e-01,5.600753e-01,4.398251e-01,3.594354e-01,3.014068e-01,6.932262e-01,7.968789e-01,8.423683e-01,8.686150e-01,8.840541e-01,9.028290e-01,8.875426e-01,8.844114e-01
5.320000e-03,6.207051e+00,6.179139e+00,1.270055e+00,7.462810e-01,5.600753e-01,4.398251e-01,3.594354e-01,3.014067e-01,6.932363e-01,7.968811e-01,8.423677e-01,8.686123e-01,8.840495e-01,9.028218e-01,8.875353e-01,8.844035e-01
5.325000e-03,6.207004e+00,6.179058e+00,1.269778e+00,7.462810e-01,5.600753e-01,4.398251e-01,3.594354e-01,3.014067e-01,6.932461e-01,7.968832e-01,8.423670e-01,8.686094e-01,8.840447e-01,9.028142e-01,8.875279e-01,8.843955e-01
5.330000e-03,6.206958e+00,6.178980e+00,1.269509e+00,7.462810e-01,5.600753e-01,4.398251e-01,3.594354e-01,3.014066e-01,6.932555e-01,7.968852e-01,8.423665e-01,8.686065e-01,8.840399e-01,9.028065e-01,8.875203e-01,8.843873e-01
5.335000e-03,6.206915e+00,6.178904e+00,1.269248e+00,7.462810e-01,5.600753e-01,4.398251e-01,3.594354e-01,3.014066e-01,6.932643e-01,7.968864e-01,8.423656e-01,8.686036e-01,8.840349e-01,9.027985e-01,8.875126e-01,8.843791e-01
5.340000e-03,6.206872e+00,6.178830e+00,1.268994e+00,7.462810e-01,5.600753e-01,4.398251e-01,3.594354e-01,3.014065e-01,6.932725e-01,7.968868e-01,8.423638e-01,8.686002e-01,8.840298e-01,9.027904e-01,8.875046e-01,8.843707e-01
5.345000e-03,6.206832e+00,6.178760e+00,1.268749e+00,7.462810e-01,5.600753e-01,4.398251e-01,3.594354e-01,3.014065e-01,6.932801e-01,7.968867e-01,8.423615e-01,8.685967e-01,8.840245e-01,9.027821e-01,8.874965e-01,8.843621e-01
5.350000e-03,6.206794e+00,6.178692e+00,1.268513e+00,7.462810e-01,5.600753e-01,4.398251e-01,3.594354e-01,3.014064e-01,6.932870e-01,7.968863e-01,8.423591e-01,8.685935e-01,8.840193e-01,9.027737e-01,8.874882e-01,8.843532e-01
5.355000e-03,6.206757e+00,6.178627e+00,1.268285e+00,7.462810e-01,5.600753e-01,4.398251e-01,3.594354e-01,3.014064e-01,6.932933e-01,7.968856e-01,8.423566e-01,8.685901e-01,8.840138e-01,9.027651e-01,8.874799e-01,8.843442e-01
5.360000e-03,6.206722e+00,6.178566e+00,1.268068e+00,7.462810e-01,5.600753e-01,4.398251e-01,3.594354e-01,3.014063e-01,6.932990e-01,7.968845e-01,8.423536e-01,8.685861e-01,8.840081e-01,9.027565e-01,8.874714e-01,8.843350e-01
5.365000e-03,6.206689e+00,6.178507e+00,1.267861e+00,7.462810e-01,5.600753e-01,4.398251e-01,3.594354e-01,3.014063e-01,6.933039e-01,7.968830e-01,8.423499e-01,8.685815e-01,8.840023e-01,9.027477e-01,8.874628e-01,8.843256e-01
5.370000e-03,6.206658e+00,6.178451e+00,1.267664e+00,7.462810e-01,5.600753e-01,4.398251e-01,3.594354e-01,3.014062e-01,6.933082e-01,7.968812e-01,8.423459e-01,8.685767e-01,8.839967e-01,9.027389e-01,8.874542e-01,8.843161e-01
5.375000e-03,6.206630e+00,6.178399e+00,1.267477e+00,7.462810e-01,5.600753e-01,4.398251e-01,3.594354e-01,3.014062e-01,6.933121e-01,7.968791e-01,8.423417e-01,8.685717e-01,8.839910e-01,9.027299e-01,8.874455e-01,8.843065e-01
5.380000e-03,6.206603e+00,6.178350e+00,1.267301e+00,7.462810e-01,5.600753e-01,4.398251e-01,3.594354e-01,3.014062e-01,6.933152e-01,7.968766e-01,8.423374e-01,8.685665e-01,8.839850e-01,9.027206e-01,8.874369e-01,8.842968e-01
5.385000e-03,6.206578e+00,6.178304e+00,1.267135e+00,7.462810e-01,5.600753e-01,4.398251e-01,3.594354e-01,3.014061e-01,6.933177e-01,7.968738e-01,8.423327e-01,8.685609e-01,8.839788e-01,9.027114e-01,8.874282e-01,8.842870e-01
5.390000e-03,6.206555e+00,6.178262e+00,1.266979e+00,7.462810e-01,5.600753e-01,4.398251e-01,3.594354e-01,3.014061e-01,6.933195e-01,7.968705e-01,8.423276e-01,8.685549e-01,8.839723e-01,9.027024e-01,8.874196e-01,8.842771e-01
5.395000e-03,6.206534e+00,6.178223e+00,1.266834e+00,7.462810e-01,5.600753e-01,4.398251e-01,3.594354e-01,3.014061e-01,6.933206e-01,7.968669e-01,8.423222e-01,8.685487e-01,8.839654e-01,9.026935e-01,8.874108e-01,8.842673e-01
5.400000e-03,6.206515e+00,6.178188e+00,1.266699e+00,7.462810e-01,5.600753e-01,4.398251e-01,3.594354e-01,3.014060e-01,6.933211e-01,7.968631e-01,8.423166e-01,8.685423e-01,8.839583e-01,9.026844e-01,8.874021e-01,8.842574e-01
5.405000e-03,6.206499e+00,6.178155e+00,1.266574e+00,7.462810e-01,5.600753e-01,4.398251e-01,3.594354e-01,3.014060e-01,6.933208e-01,7.968588e-01,8.423108e-01,8.685356e-01,8.839509e-01,9.026751e-01,8.873936e-01,8.842475e-01
5.410000e-03,6.206484e+00,6.178127e+00,1.266460e+00,7.462810e-01,5.600753e-01,4.398251e-01,3.594354e-01,3.014060e-01,6.933199e-01,7.968542e-01,8.423045e-01,8.685288e-01,8.839432e-01,9.026657e-01,8.873854e-01,8.842376e-01
5.415000e-03,6.206472e+00,6.178101e+00,1.266356e+00,7.462810e-01,5.600753e-01,4.398251e-01,3.594354e-01,3.014060e-01,6.933182e-01,7.968493e-01,8.422979e-01,8.685216e-01,8.839354e-01,9.026561e-01,8.873772e-01,8.842277e-01
5.420000e-03,6.206461e+00,6.178080e+00,1.266263e+00,7.462810e-01,5.600753e-01,4.398251e-01,3.594354e-01,3.014060e-01,6.933159e-01,7.968440e-01,8.422912e-01,8.685142e-01,8.839274e-01,9.026462e-01,8.873690e-01,8.842179e-01
5.425000e-03,6.206453e+00,6.178061e+00,1.266180e+00,7.462810e-01,5.600753e-01,4.398251e-01,3.594354e-01,3.014059e-01,6.933129e-01,7.968383e-01,8.422842e-01,8.685065e-01,8.839193e-01,9.026360e-01,8.873608e-01,8.842084e-01
5.430000e-03,6.206447e+00,6.178047e+00,1.266109e+00,7.462810e-01,5.600753e-01,4.398251e-01,3.594354e-01,3.014059e-01,6.933091e-01,7.968323e-01,8.422770e-01,8.684985e-01,8.839110e-01,9.026256e-01,8.873525e-01,8.841990e-01
5.435000e-03,6.206443e+00,6.178035e+00,1.266048e+00,7.462810e-01,5.600753e-01,4.398251e-01,3.594354e-01,3.014059e-01,6.933047e-01,7.968259e-01,8.422694e-01,8.684903e-01,8.839026e-01,9.026151e-01,8.873443e-01,8.841896e-01
5.440000e-03,6.206441e+00,6.178028e+00,1.265997e+00,7.462810e-01,5.600753e-01,4.398251e-01,3.594354e-01,3.014059e-01,6.932996e-01,7.968191e-01,8.422616e-01,8.684818e-01,8.838940e-01,9.026045e-01,8.873359e-01,8.841803e-01
5.445000e-03,6.206441e+00,6.178024e+00,1.265958e+00,7.462810e-01,5.600753e-01,4.398251e-01,3.594354e-01,3.014059e-01,6.932938e-01,7.968119e-01,8.422535e-01,8.684732e-01,8.838853e-01,9.025940e-01,8.873274e-01,8.841710e-01
5.450000e-03,6.206443e+00,6.178023e+00,1.265929e+00,7.462810e-01,5.600753e-01,4.398251e-01,3.594354e-01,3.014059e-01,6.932873e-01,7.968043e-01,8.422452e-01,8.684645e-01,8.838764e-01,9.025834e-01,8.873188e-01,8.841618e-01
5.455000e-03,6.206448e+00,6.178026e+00,1.265911e+00,7.462810e-01,5.600753e-01,4.398251e-01,3.594354e-01,3.014059e-01,6.932800e-01,7.967963e-01,8.422366e-01,8.684556e-01,8.838673e-01,9.025728e-01,8.873102e-01,8.841525e-01
5.460000e-03,6.206454e+00,6.178033e+00,1.265904e+00,7.462810e-01,5.600753e-01,4.398251e-01,3.594354e-01,3.014059e-01,6.932721e-01,7.967880e-01,8.422278e-01,8.684464e-01,8.838582e-01,9.025622e-01,8.873016e-01,8.841433e-01
5.465000e-03,6.206463e+00,6.178043e+00,1.265908e+00,7.462810e-01,5.600753e-01,4.398251e-01,3.594354e-01,3.014059e-01,6.932635e-01,7.967793e-01,8.422187e-01,8.684371e-01,8.838489e-01,9.025516e-01,8.872931e-01,8.841340e-01
5.470000e-03,6.206474e+00,6.178057e+00,1.265923e+00,7.462810e-01,5.600753e-01,4.398251e-01,3.594354e-01,3.014059e-01,6.932542e-01,7.967701e-01,8.422094e-01,8.684276e-01,8.838396e-01,9.025409e-01,8.872846e-01,8.841247e-01
5.475000e-03,6.206487e+00,6.178074e+00,1.265948e+00,7.462810e-01,5.600753e-01,4.398251e-01,3.594354e-01,3.014059e-01,6.932441e-01,7.967607e-01,8.421998e-01,8.684180e-01,8.838303e-01,9.025302e-01,8.872762e-01,8.841154e-01
5.480000e-03,6.206502e+00,6.178095e+00,1.265984e+00,7.462810e-01,5.600753e-01,4.398251e-01,3.594354e-01,3.014059e-01,6.932334e-01,7.967508e-01,8.421900e-01,8.684083e-01,8.838209e-01,9.025194e-01,8.872678e-01,8.841062e-01
5.485000e-03,6.206519e+00,6.178119e+00,1.266032e+00,7.462810e-01,5.600753e-01,4.398251e-01,3.594354e-01,3.014059e-01,6.932220e-01,7.967406e-01,8.421800e-01,8.683984e-01,8.838114e-01,9.025087e-01,8.872596e-01,8.840971e-01
5.490000e-03,6.206539e+00,6.178147e+00,1.266090e+00,7.462810e-01,5.600753e-01,4.398251e-01,3.594354e-01,3.014060e-01,6.932099e-01,7.967300e-01,8.421697e-01,8.683884e-01,8.838018e-01,9.024979e-01,8.872514e-01,8.840881e-01
5.495000e-03,6.206560e+00,6.178179e+00,1.266159e+00,7.462810e-01,5.600753e-01,4.398251e-01,3.594354e-01,3.014060e-01,6.931971e-01,7.967191e-01,8.421593e-01,8.683782e-01,8.837922e-01,9.024872e-01,8.872432e-01,8.840791e-01
5.500000e-03,6.206584e+00,6.178214e+00,1.266239e+00,7.462810e-01,5.600753e-01,4.398251e-01,3.594354e-01,3.014060e-01,6.931836e-01,7.967079e-01,8.421487e-01,8.683680e-01,8.837825e-01,9.024765e-01,8.872352e-01,8.840704e-01
5.505000e-03,6.206610e+00,6.178253e+00,1.266330e+00,7.462810e-01,5.600753e-01,4.398251e-01,3.594354e-01,3.014060e-01,6.931695e-01,7.966963e-01,8.421379e-01,8.683576e-01,8.837727e-01,9.024658e-01,8.872272e-01,8.840617e-01
5.510000e-03,6.206638e+00,6.178295e+00,1.266432e+00,7.462810e-01,5.600753e-01,4.398251e-01,3.594354e-01,3.014061e-01,6.931547e-01,7.966844e-01,8.421269e-01,8.683471e-01,8.837629e-01,9.024552e-01,8.872194e-01,8.840531e-01
5.515000e-03,6.206668e+00,6.178340e+00,1.266545e+00,7.462810e-01,5.600753e-01,4.398251e-01,3.594354e-01,3.014061e-01,6.931392e-01,7.966723e-01,8.421158e-01,8.683366e-01,8.837530e-01,9.024447e-01,8.872117e-01,8.840447e-01
5.520000e-03,6.206700e+00,6.178390e+00,1.266668e+00,7.462810e-01,5.600753e-01,4.398251e-01,3.594354e-01,3.014061e-01,6.931232e-01,7.966598e-01,8.421044e-01,8.683259e-01,8.837431e-01,9.024341e-01,8.872041e-01,8.840364e-01
5.525000e-03,6.206734e+00,6.178442e+00,1.266803e+00,7.462810e-01,5.600753e-01,4.398251e-01,3.594354e-01,3.014061e-01,6.931065e-01,7.966471e-01,8.420930e-01,8.683151e-01,8.837332e-01,9.024236e-01,8.871967e-01,8.840282e-01
5.530000e-03,6.206770e+00,6.178498e+00,1.266949e+00,7.462810e-01,5.600753e-01,4.398251e-01,3.594354e-01,3.014062e-01,6.930892e-01,7.966341e-01,8.420814e-01,8.683043e-01,8.837233e-01,9.024131e-01,8.871894e-01,8.840202e-01
5.535000e-03,6.206809e+00,6.178558e+00,1.267105e+00,7.462810e-01,5.600753e-01,4.398251e-01,3.594354e-01,3.014062e-01,6.930713e-01,7.966209e-01,8.420696e-01,8.682934e-01,8.837133e-01,9.024027e-01,8.871822e-01,8.840123e-01
5.540000e-03,6.206849e+00,6.178620e+00,1.267273e+00,7.462810e-01,5.600753e-01,4.398251e-01,3.594354e-01,3.014063e-01,6.930529e-01,7.966074e-01,8.420578e-01,8.682824e-01,8.837033e-01,9.023924e-01,8.871752e-01,8.840045e-01
5.545000e-03,6.206892e+00,6.178686e+00,1.267452e+00,7.462810e-01,5.600753e-01,4.398251e-01,3.594354e-01,3.014063e-01,6.930337e-01,7.965936e-01,8.420458e-01,8.682714e-01,8.836934e-01,9.023822e-01,8.871684e-01,8.839969e-01
5.550000e-03,6.206936e+00,6.178756e+00,1.267642e+00,7.462810e-01,5.600753e-01,4.398251e-01,3.594354e-01,3.014063e-01,6.930141e-01,7.965797e-01,8.420337e-01,8.682603e-01,8.836834e-01,9.023720e-01,8.871618e-01,8.839894e-01
5.555000e-03,6.206982e+00,6.178828e+00,1.267843e+00,7.462810e-01,5.600753e-01,4.398251e-01,3.594354e-01,3.014064e-01,6.929941e-01,7.965655e-01,8.420214e-01,8.682491e-01,8.836734e-01,9.023619e-01,8.871553e-01,8.839820e-01
5.560000e-03,6.207031e+00,6.178904e+00,1.268055e+00,7.462810e-01,5.600753e-01,4.398251e-01,3.594354e-01,3.014064e-01,6.929736e-01,7.965511e-01,8.420091e-01,8.682379e-01,8.836635e-01,9.023520e-01,8.871490e-01,8.839748e-01
5.565000e-03,6.207081e+00,6.178983e+00,1.268278e+00,7.462810e-01,5.600753e-01,4.398251e-01,3.594354e-01,3.014065e-01,6.929525e-01,7.965365e-01,8.419967e-01,8.682267e-01,8.836536e-01,9.023421e-01,8.871428e-01,8.839678e-01
5.570000e-03,6.207133e+00,6.179065e+00,1.268511e+00,7.462810e-01,5.600753e-01,4.398251e-01,3.594354e-01,3.014065e-01,6.929309e-01,7.965215e-01,8.419842e-01,8.682155e-01,8.836436e-01,9.023323e-01,8.871368e-01,8.839609e-01
5.575000e-03,6.207187e+00,6.179150e+00,1.268755e+00,7.462810e-01,5.600753e-01,4.398251e-01,3.594354e-01,3.014066e-01,6.929088e-01,7.965064e-01,8.419716e-01,8.682042e-01,8.836337e-01,9.023226e-01,8.871310e-01,8.839542e-01
5.580000e-03,6.207243e+00,6.179238e+00,1.269010e+00,7.462810e-01,5.600753e-01,4.398251e-01,3.594354e-01,3.014067e-01,6.928863e-01,7.964912e-01,8.419590e-01,8.681929e-01,8.836239e-01,9.023130e-01,8.871254e-01,8.839476e-01
5.585000e-03,6.207300e+00,6.179328e+00,1.269275e+00,7.462810e-01,5.600753e-01,4.398251e-01,3.594354e-01,3.014067e-01,6.928633e-01,7.964759e-01,8.419463e-01,8.681816e-01,8.836141e-01,9.023035e-01,8.871199e-01,8.839412e-01
5.590000e-03,6.207360e+00,6.179422e+00,1.269551e+00,7.462810e-01,5.600753e-01,4.398251e-01,3.594354e-01,3.014068e-01,6.928398e-01,7.964604e-01,8.419334e-01,8.681703e-01,8.836043e-01,9.022941e-01,8.871146e-01,8.839350e-01
5.595000e-03,6.207421e+00,6.179518e+00,1.269839e+00,7.462810e-01,5.600753e-01,4.398251e-01,3.594354e-01,3.014068e-01,6.928160e-01,7.964448e-01,8.419205e-01,8.681590e-01,8.835946e-01,9.022848e-01,8.871094e-01,8.839290e-01
5.600000e-03,6.207484e+00,6.179617e+00,1.270137e+00,7.462810e-01,5.600753e-01,4.398251e-01,3.594354e-01,3.014069e-01,6.927918e-01,7.964291e-01,8.419076e-01,8.681478e-01,8.835849e-01,9.022756e-01,8.871043e-01,8.839231e-01
5.605000e-03,6.207548e+00,6.179719e+00,1.270449e+00,7.462810e-01,5.600753e-01,4.398251e-01,3.594354e-01,3.014070e-01,6.927673e-01,7.964132e-01,8.418948e-01,8.681365e-01,8.835752e-01,9.022665e-01,8.870994e-01,8.839174e-01
5.610000e-03,6.207614e+00,6.179824e+00,1.270771e+00,7.462810e-01,5.600753e-01,4.398251e-01,3.594354e-01,3.014070e-01,6.927425e-01,7.963972e-01,8.418819e-01,8.681252e-01,8.835657e-01,9.022575e-01,8.870947e-01,8.839119e-01
5.615000e-03,6.207683e+00,6.179931e+00,1.271101e+00,7.462810e-01,5.600753e-01,4.398251e-01,3.594354e-01,3.014071e-01,6.927178e-01,7.963810e-01,8.418694e-01,8.681139e-01,8.835562e-01,9.022487e-01,8.870900e-01,8.839066e-01
5.620000e-03,6.207752e+00,6.180041e+00,1.271436e+00,7.462810e-01,5.600753e-01,4.398251e-01,3.594354e-01,3.014072e-01,6.926930e-01,7.963649e-01,8.418569e-01,8.681025e-01,8.835468e-01,9.022400e-01,8.870855e-01,8.839014e-01
5.625000e-03,6.207824e+00,6.180152e+00,1.271776e+00,7.462810e-01,5.600753e-01,4.398251e-01,3.594354e-01,3.014073e-01,6.926680e-01,7.963490e-01,8.418443e-01,8.680912e-01,8.835375e-01,9.022314e-01,8.870811e-01,8.838965e-01
5.630000e-03,6.207896e+00,6.180265e+00,1.272124e+00,7.462810e-01,5.600753e-01,4.398251e-01,3.594354e-01,3.014073e-01,6.926424e-01,7.963333e-01,8.418314e-01,8.680800e-01,8.835281e-01,9.022230e-01,8.870768e-01,8.838917e-01
5.635000e-03,6.207970e+00,6.180380e+00,1.272480e+00,7.462810e-01,5.600753e-01,4.398251e-01,3.594354e-01,3.014074e-01,6.926164e-01,7.963168e-01,8.418185e-01,8.680690e-01,8.835186e-01,9.022148e-01,8.870727e-01,8.838870e-01
5.640000e-03,6.208045e+00,6.180497e+00,1.272844e+00,7.462810e-01,5.600753e-01,4.398251e-01,3.594354e-01,3.014075e-01,6.925900e-01,7.963002e-01,8.418057e-01,8.680581e-01,8.835093e-01,9.022066e-01,8.870687e-01,8.838826e-01
5.645000e-03,6.208121e+00,6.180615e+00,1.273209e+00,7.462810e-01,5.600753e-01,4.398251e-01,3.594354e-01,3.014076e-01,6.925637e-01,7.962840e-01,8.417931e-01,8.680473e-01,8.835000e-01,9.021986e-01,8.870649e-01,8.838782e-01
5.650000e-03,6.208199e+00,6.180735e+00,1.273582e+00,7.462810e-01,5.600753e-01,4.398251e-01,3.594354e-01,3.014076e-01,6.925373e-01,7.962677e-01,8.417808e-01,8.680364e-01,8.834908e-01,9.021906e-01,8.870612e-01,8.838741e-01
5.655000e-03,6.208277e+00,6.180856e+00,1.273962e+00,7.462810e-01,5.600753e-01,4.398251e-01,3.594354e-01,3.014077e-01,6.925107e-01,7.962510e-01,8.417683e-01,8.680253e-01,8.834819e-01,9.021829e-01,8.870576e-01,8.838701e-01
5.660000e-03,6.208356e+00,6.180978e+00,1.274347e+00,7.462810e-01,5.600753e-01,4.398251e-01,3.594354e-01,3.014078e-01,6.924840e-01,7.962341e-01,8.417556e-01,8.680143e-01,8.834732e-01,9.021752e-01,8.870542e-01,8.838663e-01
5.665000e-03,6.208427e+00,6.181090e+00,1.274736e+00,7.462810e-01,5.600753e-01,4.398251e-01,3.594354e-01,3.014079e-01,6.924572e-01,7.962172e-01,8.417433e-01,8.680037e-01,8.834647e-01,9.021677e-01,8.870510e-01,8.838626e-01
5.670000e-03,6.208497e+00,6.181201e+00,1.275130e+00,7.462810e-01,5.600753e-01,4.398251e-01,3.594354e-01,3.014080e-01,6.924303e-01,7.962003e-01,8.417315e-01,8.679937e-01,8.834563e-01,9.021603e-01,8.870479e-01,8.838591e-01
5.675000e-03,6.208568e+00,6.181312e+00,1.275531e+00,7.462810e-01,5.600753e-01,4.398251e-01,3.594354e-01,3.014080e-01,6.924032e-01,7.961830e-01,8.417198e-01,8.679836e-01,8.834477e-01,9.021533e-01,8.870449e-01,8.838558e-01
5.680000e-03,6.208639e+00,6.181425e+00,1.275944e+00,7.462810e-01,5.600753e-01,4.398251e-01,3.594354e-01,3.014081e-01,6.923757e-01,7.961654e-01,8.417076e-01,8.679735e-01,8.834392e-01,9.021465e-01,8.870420e-01,8.838526e-01
5.685000e-03,6.208712e+00,6.181539e+00,1.276361e+00,7.462810e-01,5.600753e-01,4.398251e-01,3.594354e-01,3.014082e-01,6.923486e-01,7.961478e-01,8.416954e-01,8.679635e-01,8.834311e-01,9.021400e-01,8.870394e-01,8.838495e-01
5.690000e-03,6.208785e+00,6.181652e+00,1.276786e+00,7.462810e-01,5.600753e-01,4.398251e-01,3.594354e-01,3.014083e-01,6.923218e-01,7.961303e-01,8.416833e-01,8.679539e-01,8.834232e-01,9.021335e-01,8.870370e-01,8.838465e-01
5.695000e-03,6.208859e+00,6.181766e+00,1.277217e+00,7.462810e-01,5.600753e-01,4.398251e-01,3.594354e-01,3.014084e-01,6.922950e-01,7.961129e-01,8.416713e-01,8.679445e-01,8.834155e-01,9.021272e-01,8.870348e-01,8.838437e-01
5.700000e-03,6.208933e+00,6.181881e+00,1.277657e+00,7.462810e-01,5.600753e-01,4.398251e-01,3.594354e-01,3.014085e-01,6.922682e-01,7.960951e-01,8.416592e-01,8.679352e-01,8.834080e-01,9.021210e-01,8.870329e-01,8.838410e-01
5.705000e-03,6.209008e+00,6.181997e+00,1.278101e+00,7.462810e-01,5.600753e-01,4.398251e-01,3.594354e-01,3.014086e-01,6.922416e-01,7.960769e-01,8.416469e-01,8.679258e-01,8.834007e-01,9.021151e-01,8.870311e-01,8.838385e-01
5.710000e-03,6.209084e+00,6.182113e+00,1.278533e+00,7.462810e-01,5.600753e-01,4.398251e-01,3.594354e-01,3.014087e-01,6.922156e-01,7.960593e-01,8.416349e-01,8.679165e-01,8.833937e-01,9.021095e-01,8.870294e-01,8.838362e-01
5.715000e-03,6.209161e+00,6.182228e+00,1.278956e+00,7.462810e-01,5.600753e-01,4.398251e-01,3.594354e-01,3.014088e-01,6.921897e-01,7.960422e-01,8.416232e-01,8.679072e-01,8.833869e-01,9.021041e-01,8.870280e-01,8.838341e-01
5.720000e-03,6.209239e+00,6.182344e+00,1.279378e+00,7.462810e-01,5.600753e-01,4.398251e-01,3.594354e-01,3.014089e-01,6.921638e-01,7.960254e-01,8.416115e-01,8.678979e-01,8.833802e-01,9.020989e-01,8.870267e-01,8.838321e-01
5.725000e-03,6.209316e+00,6.182459e+00,1.279801e+00,7.462810e-01,5.600753e-01,4.398251e-01,3.594354e-01,3.014090e-01,6.921374e-01,7.960087e-01,8.415994e-01,8.678887e-01,8.833735e-01,9.020939e-01,8.870258e-01,8.838302e-01
5.730000e-03,6.209394e+00,6.182575e+00,1.280228e+00,7.462810e-01,5.600753e-01,4.398251e-01,3.594354e-01,3.014091e-01,6.921106e-01,7.959925e-01,8.415874e-01,8.678797e-01,8.833669e-01,9.020893e-01,8.870251e-01,8.838283e-01
5.735000e-03,6.209472e+00,6.182691e+00,1.280658e+00,7.462810e-01,5.600753e-01,4.398251e-01,3.594354e-01,3.014092e-01,6.920837e-01,7.959768e-01,8.415757e-01,8.678709e-01,8.833604e-01,9.020851e-01,8.870245e-01,8.838267e-01
5.740000e-03,6.209550e+00,6.182807e+00,1.281089e+00,7.462810e-01,5.600753e-01,4.398251e-01,3.594354e-01,3.014093e-01,6.920569e-01,7.959614e-01,8.415640e-01,8.678620e-01,8.833540e-01,9.020809e-01,8.870241e-01,8.838253e-01
5.745000e-03,6.209628e+00,6.182922e+00,1.281520e+00,7.462810e-01,5.600753e-01,4.398251e-01,3.594354e-01,3.014094e-01,6.920304e-01,7.959462e-01,8.415524e-01,8.678528e-01,8.833476e-01,9.020770e-01,8.870240e-01,8.838241e-01
5.750000e-03,6.209707e+00,6.183037e+00,1.281953e+00,7.462810e-01,5.600753e-01,4.398251e-01,3.594354e-01,3.014095e-01,6.920042e-01,7.959309e-01,8.415410e-01,8.678437e-01,8.833413e-01,9.020733e-01,8.870242e-01,8.838230e-01
5.755000e-03,6.209812e+00,6.183152e+00,1.282388e+00,7.462810e-01,5.600753e-01,4.398251e-01,3.594354e-01,3.014096e-01,6.919780e-01,7.959155e-01,8.415301e-01,8.678344e-01,8.833351e-01,9.020697e-01,8.870248e-01,8.838221e-01
5.760000e-03,6.209940e+00,6.183267e+00,1.282827e+00,7.462810e-01,5.600753e-01,4.398251e-01,3.594354e-01,3.014097e-01,6.919517e-01,7.959005e-01,8.415198e-01,8.678253e-01,8.833290e-01,9.020661e-01,8.870255e-01,8.838214e-01
5.765000e-03,6.210067e+00,6.183381e+00,1.283267e+00,7.462810e-01,5.600753e-01,4.398251e-01,3.594354e-01,3.014098e-01,6.919253e-01,7.958855e-01,8.415101e-01,8.678166e-01,8.833227e-01,9.020626e-01,8.870264e-01,8.838211e-01
5.770000e-03,6.210194e+00,6.183496e+00,1.283707e+00,7.462810e-01,5.600753e-01,4.398251e-01,3.594354e-01,3.014099e-01,6.918990e-01,7.958706e-01,8.415002e-01,8.678084e-01,8.833164e-01,9.020591e-01,8.870274e-01,8.838209e-01
5.775000e-03,6.210322e+00,6.183610e+00,1.284149e+00,7.462810e-01,5.600753e-01,4.398251e-01,3.594354e-01,3.014100e-01,6.918731e-01,7.958564e-01,8.414903e-01,8.678005e-01,8.833101e-01,9.020557e-01,8.870285e-01,8.838210e-01
5.780000e-03,6.210448e+00,6.183724e+00,1.284591e+00,7.462810e-01,5.600753e-01,4.398251e-01,3.594354e-01,3.014101e-01,6.918476e-01,7.958420e-01,8.414805e-01,8.677932e-01,8.833040e-01,9.020524e-01,8.870295e-01,8.838213e-01
5.785000e-03,6.210575e+00,6.183837e+00,1.285035e+00,7.462810e-01,5.600753e-01,4.398251e-01,3.594354e-01,3.014102e-01,6.918225e-01,7.958269e-01,8.414710e-01,8.677863e-01,8.832980e-01,9.020492e-01,8.870306e-01,8.838217e-01
5.790000e-03,6.210701e+00,6.183950e+00,1.285479e+00,7.462810e-01,5.600753e-01,4.398251e-01,3.594354e-01,3.014103e-01,6.917975e-01,7.958120e-01,8.414619e-01,8.677797e-01,8.832923e-01,9.020460e-01,8.870318e-01,8.838222e-01
5.795000e-03,6.210827e+00,6.184063e+00,1.285923e+00,7.462810e-01,5.600753e-01,4.398251e-01,3.594354e-01,3.014104e-01,6.917727e-01,7.957986e-01,8.414529e-01,8.677729e-01,8.832871e-01,9.020430e-01,8.870331e-01,8.838228e-01
5.800000e-03,6.210952e+00,6.184175e+00,1.286366e+00,7.462810e-01,5.600753e-01,4.398251e-01,3.594354e-01,3.014105e-01,6.917483e-01,7.957855e-01,8.414440e-01,8.677660e-01,8.832825e-01,9.020400e-01,8.870343e-01,8.838234e-01
5.805000e-03,6.211076e+00,6.184286e+00,1.286810e+00,7.462810e-01,5.600753e-01,4.398251e-01,3.594354e-01,3.014106e-01,6.917247e-01,7.957717e-01,8.414353e-01,8.677592e-01,8.832783e-01,9.020371e-01,8.870357e-01,8.838242e-01
5.810000e-03,6.211200e+00,6.184397e+00,1.287254e+00,7.462810e-01,5.600753e-01,4.398251e-01,3.594354e-01,3.014107e-01,6.917008e-01,7.957582e-01,8.414264e-01,8.677527e-01,8.832745e-01,9.020343e-01,8.870371e-01,8.838250e-01
5.815000e-03,6.211324e+00,6.184508e+00,1.287698e+00,7.462810e-01,5.600753e-01,4.398251e-01,3.594354e-01,3.014108e-01,6.916774e-01,7.957453e-01,8.414181e-01,8.677465e-01,8.832707e-01,9.020320e-01,8.870385e-01,8.838259e-01
5.820000e-03,6.211447e+00,6.184617e+00,1.288137e+00,7.462810e-01,5.600753e-01,4.398251e-01,3.594354e-01,3.014109e-01,6.916544e-01,7.957324e-01,8.414105e-01,8.677406e-01,8.832669e-01,9.020302e-01,8.870398e-01,8.838269e-01
5.825000e-03,6.211569e+00,6.184727e+00,1.288581e+00,7.462810e-01,5.600753e-01,4.398251e-01,3.594354e-01,3.014110e-01,6.916315e-01,7.957196e-01,8.414027e-01,8.677349e-01,8.832631e-01,9.020289e-01,8.870412e-01,8.838280e-01
5.830000e-03,6.211691e+00,6.184835e+00,1.289024e+00,7.462810e-01,5.600753e-01,4.398251e-01,3.594354e-01,3.014111e-01,6.916123e-01,7.957073e-01,8.413948e-01,8.677292e-01,8.832595e-01,9.020281e-01,8.870427e-01,8.838292e-01
5.835000e-03,6.211812e+00,6.184944e+00,1.289482e+00,7.462810e-01,5.600753e-01,4.398251e-01,3.594354e-01,3.014112e-01,6.915914e-01,7.956953e-01,8.413870e-01,8.677240e-01,8.832560e-01,9.020276e-01,8.870446e-01,8.838303e-01
5.840000e-03,6.211932e+00,6.185051e+00,1.289944e+00,7.462810e-01,5.600753e-01,4.398251e-01,3.594354e-01,3.014112e-01,6.915711e-01,7.956832e-01,8.413798e-01,8.677193e-01,8.832527e-01,9.020272e-01,8.870468e-01,8.838315e-01
5.845000e-03,6.212050e+00,6.185158e+00,1.290402e+00,7.462810e-01,5.600753e-01,4.398251e-01,3.594354e-01,3.014113e-01,6.915507e-01,7.956715e-01,8.413730e-01,8.677148e-01,8.832497e-01,9.020269e-01,8.870494e-01,8.838328e-01
5.850000e-03,6.212167e+00,6.185262e+00,1.290856e+00,7.462810e-01,5.600753e-01,4.398251e-01,3.594354e-01,3.014114e-01,6.915304e-01,7.956621e-01,8.413662e-01,8.677103e-01,8.832469e-01,9.020265e-01,8.870521e-01,8.838343e-01
5.855000e-03,6.212283e+00,6.185366e+00,1.291306e+00,7.462810e-01,5.600753e-01,4.398251e-01,3.594354e-01,3.014115e-01,6.915105e-01,7.956533e-01,8.413596e-01,8.677058e-01,8.832443e-01,9.020261e-01,8.870550e-01,8.838359e-01
5.860000e-03,6.212397e+00,6.185469e+00,1.291753e+00,7.462810e-01,5.600753e-01,4.398251e-01,3.594354e-01,3.014116e-01,6.914909e-01,7.956426e-01,8.413528e-01,8.677015e-01,8.832421e-01,9.020256e-01,8.870580e-01,8.838378e-01
5.865000e-03,6.212510e+00,6.185570e+00,1.292205e+00,7.462810e-01,5.600753e-01,4.398251e-01,3.594354e-01,3.014117e-01,6.914718e-01,7.956328e-01,8.413459e-01,8.676975e-01,8.832400e-01,9.020251e-01,8.870610e-01,8.838399e-01
5.870000e-03,6.212622e+00,6.185670e+00,1.292650e+00,7.462810e-01,5.600753e-01,4.398251e-01,3.594354e-01,3.014118e-01,6.914530e-01,7.956243e-01,8.413405e-01,8.676939e-01,8.832380e-01,9.020248e-01,8.870640e-01,8.838422e-01
5.875000e-03,6.212731e+00,6.185767e+00,1.293077e+00,7.462810e-01,5.600753e-01,4.398251e-01,3.594354e-01,3.014119e-01,6.914353e-01,7.956154e-01,8.413367e-01,8.676903e-01,8.832360e-01,9.020248e-01,8.870667e-01,8.838447e-01
5.880000e-03,6.212837e+00,6.185862e+00,1.293500e+00,7.462810e-01,5.600753e-01,4.398251e-01,3.594354e-01,3.014119e-01,6.914167e-01,7.956066e-01,8.413324e-01,8.676864e-01,8.832343e-01,9.020252e-01,8.870693e-01,8.838473e-01
5.885000e-03,6.212942e+00,6.185954e+00,1.293916e+00,7.462810e-01,5.600753e-01,4.398251e-01,3.594354e-01,3.014120e-01,6.913971e-01,7.955982e-01,8.413274e-01,8.676821e-01,8.832327e-01,9.020257e-01,8.870719e-01,8.838499e-01
5.890000e-03,6.213045e+00,6.186045e+00,1.294326e+00,7.462810e-01,5.600753e-01,4.398251e-01,3.594354e-01,3.014121e-01,6.913781e-01,7.955899e-01,8.413227e-01,8.676787e-01,8.832313e-01,9.020264e-01,8.870746e-01,8.838524e-01
5.895000e-03,6.213145e+00,6.186135e+00,1.294729e+00,7.462810e-01,5.600753e-01,4.398251e-01,3.594354e-01,3.014122e-01,6.913594e-01,7.955825e-01,8.413188e-01,8.676767e-01,8.832299e-01,9.020272e-01,8.870775e-01,8.838548e-01
5.900000e-03,6.213244e+00,6.186222e+00,1.295125e+00,7.462810e-01,5.600753e-01,4.398251e-01,3.594354e-01,3.014122e-01,6.913405e-01,7.955762e-01,8.413152e-01,8.676750e-01,8.832281e-01,9.020283e-01,8.870805e-01,8.838572e-01
5.905000e-03,6.213341e+00,6.186308e+00,1.295518e+00,7.462810e-01,5.600753e-01,4.398251e-01,3.594354e-01,3.014123e-01,6.913231e-01,7.955691e-01,8.413117e-01,8.676733e-01,8.832262e-01,9.020295e-01,8.870836e-01,8.838596e-01
5.910000e-03,6.213435e+00,6.186398e+00,1.295905e+00,7.462810e-01,5.600753e-01,4.398251e-01,3.594354e-01,3.014124e-01,6.913061e-01,7.955626e-01,8.413082e-01,8.676715e-01,8.832249e-01,9.020309e-01,8.870868e-01,8.838620e-01
5.915000e-03,6.213527e+00,6.186488e+00,1.296289e+00,7.462810e-01,5.600753e-01,4.398251e-01,3.594354e-01,3.014124e-01,6.912906e-01,7.955563e-01,8.413054e-01,8.676696e-01,8.832243e-01,9.020321e-01,8.870900e-01,8.838645e-01
5.920000e-03,6.213617e+00,6.186577e+00,1.296668e+00,7.462810e-01,5.600753e-01,4.398251e-01,3.594354e-01,3.014125e-01,6.912743e-01,7.955480e-01,8.413038e-01,8.676680e-01,8.832242e-01,9.020329e-01,8.870934e-01,8.838671e-01
5.925000e-03,6.213704e+00,6.186664e+00,1.297046e+00,7.462810e-01,5.600753e-01,4.398251e-01,3.594354e-01,3.014125e-01,6.912584e-01,7.955390e-01,8.413021e-01,8.676666e-01,8.832246e-01,9.020337e-01,8.870967e-01,8.838697e-01
5.930000e-03,6.213789e+00,6.186748e+00,1.297416e+00,7.462810e-01,5.600753e-01,4.398251e-01,3.594354e-01,3.014126e-01,6.912426e-01,7.955313e-01,8.413003e-01,8.676655e-01,8.832251e-01,9.020348e-01,8.871000e-01,8.838724e-01
5.935000e-03,6.213872e+00,6.186831e+00,1.297778e+00,7.462810e-01,5.600753e-01,4.398251e-01,3.594354e-01,3.014126e-01,6.912279e-01,7.955251e-01,8.412985e-01,8.676651e-01,8.832257e-01,9.020364e-01,8.871029e-01,8.838752e-01
5.940000e-03,6.213953e+00,6.186912e+00,1.298137e+00,7.462810e-01,5.600753e-01,4.398251e-01,3.594354e-01,3.014127e-01,6.912140e-01,7.955181e-01,8.412960e-01,8.676654e-01,8.832262e-01,9.020385e-01,8.871055e-01,8.838782e-01
5.945000e-03,6.214033e+00,6.186993e+00,1.298503e+00,7.462810e-01,5.600753e-01,4.398251e-01,3.594354e-01,3.014127e-01,6.912007e-01,7.955111e-01,8.412930e-01,8.676659e-01,8.832266e-01,9.020408e-01,8.871081e-01,8.838811e-01
5.950000e-03,6.214111e+00,6.187071e+00,1.298861e+00,7.462810e-01,5.600753e-01,4.398251e-01,3.594354e-01,3.014127e-01,6.911881e-01,7.955050e-01,8.412900e-01,8.676665e-01,8.832270e-01,9.020433e-01,8.871108e-01,8.838839e-01
5.955000e-03,6.214187e+00,6.187148e+00,1.299213e+00,7.462810e-01,5.600753e-01,4.398251e-01,3.594354e-01,3.014128e-01,6.911753e-01,7.954994e-01,8.412881e-01,8.676673e-01,8.832281e-01,9.020461e-01,8.871138e-01,8.838865e-01
5.960000e-03,6.214261e+00,6.187223e+00,1.299556e+00,7.462810e-01,5.600753e-01,4.398251e-01,3.594354e-01,3.014128e-01,6.911645e-01,7.954944e-01,8.412868e-01,8.676679e-01,8.832296e-01,9.020489e-01,8.871170e-01,8.838888e-01
5.965000e-03,6.214333e+00,6.187296e+00,1.299891e+00,7.462810e-01,5.600753e-01,4.398251e-01,3.594354e-01,3.014128e-01,6.911541e-01,7.954922e-01,8.412851e-01,8.676678e-01,8.832314e-01,9.020516e-01,8.871203e-01,8.838913e-01
5.970000e-03,6.214403e+00,6.187367e+00,1.300220e+00,7.462810e-01,5.600753e-01,4.398251e-01,3.594354e-01,3.014129e-01,6.911447e-01,7.954894e-01,8.412831e-01,8.676673e-01,8.832336e-01,9.020543e-01,8.871236e-01,8.838939e-01
5.975000e-03,6.214471e+00,6.187436e+00,1.300544e+00,7.462810e-01,5.600753e-01,4.398251e-01,3.594354e-01,3.014129e-01,6.911357e-01,7.954835e-01,8.412813e-01,8.676671e-01,8.832361e-01,9.020571e-01,8.871271e-01,8.838968e-01
5.980000e-03,6.214536e+00,6.187504e+00,1.300864e+00,7.462810e-01,5.600753e-01,4.398251e-01,3.594354e-01,3.014129e-01,6.911270e-01,7.954800e-01,8.412801e-01,8.676676e-01,8.832385e-01,9.020603e-01,8.871305e-01,8.838998e-01
5.985000e-03,6.214600e+00,6.187570e+00,1.301183e+00,7.462810e-01,5.600753e-01,4.398251e-01,3.594354e-01,3.014130e-01,6.911186e-01,7.954777e-01,8.412803e-01,8.676684e-01,8.832403e-01,9.020638e-01,8.871339e-01,8.839027e-01
5.990000e-03,6.214663e+00,6.187635e+00,1.301501e+00,7.462810e-01,5.600753e-01,4.398251e-01,3.594354e-01,3.014130e-01,6.911106e-01,7.954743e-01,8.412811e-01,8.676692e-01,8.832416e-01,9.020678e-01,8.871374e-01,8.839057e-01
5.995000e-03,6.214724e+00,6.187699e+00,1.301812e+00,7.462810e-01,5.600753e-01,4.398251e-01,3.594354e-01,3.014130e-01,6.911037e-01,7.954714e-01,8.412806e-01,8.676697e-01,8.832428e-01,9.020721e-01,8.871410e-01,8.839087e-01
6.000000e-03,6.214783e+00,6.187761e+00,1.302116e+00,7.462810e-01,5.600753e-01,4.398251e-01,3.594354e-01,3.014131e-01,6.910979e-01,7.954695e-01,8.412796e-01,8.676699e-01,8.832443e-01,9.020766e-01,8.871447e-01,8.839118e-01
6.005000e-03,6.214840e+00,6.187822e+00,1.302412e+00,7.462810e-01,5.600753e-01,4.398251e-01,3.594354e-01,3.014131e-01,6.910929e-01,7.954675e-01,8.412795e-01,8.676710e-01,8.832461e-01,9.020807e-01,8.871487e-01,8.839150e-01
6.010000e-03,6.214896e+00,6.187880e+00,1.302698e+00,7.462810e-01,5.600753e-01,4.398251e-01,3.594354e-01,3.014131e-01,6.910884e-01,7.954653e-01,8.412802e-01,8.676731e-01,8.832481e-01,9.020843e-01,8.871529e-01,8.839182e-01
6.015000e-03,6.214949e+00,6.187935e+00,1.302960e+00,7.462810e-01,5.600753e-01,4.398251e-01,3.594354e-01,3.014132e-01,6.910845e-01,7.954637e-01,8.412810e-01,8.676753e-01,8.832500e-01,9.020877e-01,8.871573e-01,8.839215e-01
6.020000e-03,6.215001e+00,6.187987e+00,1.303198e+00,7.462810e-01,5.600753e-01,4.398251e-01,3.594354e-01,3.014132e-01,6.910817e-01,7.954628e-01,8.412818e-01,8.676769e-01,8.832518e-01,9.020911e-01,8.871616e-01,8.839250e-01
6.025000e-03,6.215049e+00,6.188036e+00,1.303422e+00,7.462810e-01,5.600753e-01,4.398251e-01,3.594354e-01,3.014132e-01,6.910781e-01,7.954625e-01,8.412828e-01,8.676784e-01,8.832540e-01,9.020945e-01,8.871657e-01,8.839286e-01
6.030000e-03,6.215094e+00,6.188082e+00,1.303634e+00,7.462810e-01,5.600753e-01,4.398251e-01,3.594354e-01,3.014132e-01,6.910736e-01,7.954626e-01,8.412836e-01,8.676799e-01,8.832568e-01,9.020978e-01,8.871695e-01,8.839323e-01
6.035000e-03,6.215137e+00,6.188124e+00,1.303833e+00,7.462810e-01,5.600753e-01,4.398251e-01,3.594354e-01,3.014132e-01,6.910689e-01,7.954631e-01,8.412844e-01,8.676818e-01,8.832598e-01,9.021010e-01,8.871733e-01,8.839362e-01
6.040000e-03,6.215177e+00,6.188165e+00,1.304021e+00,7.462810e-01,5.600753e-01,4.398251e-01,3.594354e-01,3.014133e-01,6.910644e-01,7.954643e-01,8.412857e-01,8.676842e-01,8.832627e-01,9.021044e-01,8.871769e-01,8.839399e-01
6.045000e-03,6.215214e+00,6.188203e+00,1.304200e+00,7.462810e-01,5.600753e-01,4.398251e-01,3.594354e-01,3.014133e-01,6.910603e-01,7.954665e-01,8.412877e-01,8.676868e-01,8.832656e-01,9.021082e-01,8.871805e-01,8.839434e-01
6.050000e-03,6.215249e+00,6.188238e+00,1.304369e+00,7.462810e-01,5.600753e-01,4.398251e-01,3.594354e-01,3.014133e-01,6.910567e-01,7.954685e-01,8.412901e-01,8.676891e-01,8.832684e-01,9.021124e-01,8.871837e-01,8.839469e-01
6.055000e-03,6.215282e+00,6.188271e+00,1.304528e+00,7.462810e-01,5.600753e-01,4.398251e-01,3.594354e-01,3.014133e-01,6.910537e-01,7.954701e-01,8.412926e-01,8.676912e-01,8.832712e-01,9.021167e-01,8.871867e-01,8.839503e-01
6.060000e-03,6.215311e+00,6.188302e+00,1.304677e+00,7.462810e-01,5.600753e-01,4.398251e-01,3.594354e-01,3.014133e-01,6.910512e-01,7.954719e-01,8.412956e-01,8.676934e-01,8.832742e-01,9.021210e-01,8.871898e-01,8.839537e-01
6.065000e-03,6.215339e+00,6.188331e+00,1.304817e+00,7.462810e-01,5.600753e-01,4.398251e-01,3.594354e-01,3.014133e-01,6.910494e-01,7.954737e-01,8.412994e-01,8.676961e-01,8.832773e-01,9.021253e-01,8.871931e-01,8.839568e-01
6.070000e-03,6.215364e+00,6.188357e+00,1.304948e+00,7.462810e-01,5.600753e-01,4.398251e-01,3.594354e-01,3.014134e-01,6.910480e-01,7.954753e-01,8.413036e-01,8.676993e-01,8.832804e-01,9.021296e-01,8.871967e-01,8.839596e-01
6.075000e-03,6.215387e+00,6.188382e+00,1.305070e+00,7.462810e-01,5.600753e-01,4.398251e-01,3.594354e-01,3.014134e-01,6.910473e-01,7.954770e-01,8.413076e-01,8.677027e-01,8.832834e-01,9.021338e-01,8.872002e-01,8.839622e-01
6.080000e-03,6.215407e+00,6.188404e+00,1.305182e+00,7.462810e-01,5.600753e-01,4.398251e-01,3.594354e-01,3.014134e-01,6.910470e-01,7.954789e-01,8.413112e-01,8.677066e-01,8.832863e-01,9.021380e-01,8.872037e-01,8.839649e-01
6.085000e-03,6.215425e+00,6.188424e+00,1.305286e+00,7.462810e-01,5.600753e-01,4.398251e-01,3.594354e-01,3.014134e-01,6.910472e-01,7.954810e-01,8.413148e-01,8.677112e-01,8.832893e-01,9.021420e-01,8.872070e-01,8.839679e-01
6.090000e-03,6.215441e+00,6.188442e+00,1.305382e+00,7.462810e-01,5.600753e-01,4.398251e-01,3.594354e-01,3.014134e-01,6.910479e-01,7.954835e-01,8.413185e-01,8.677162e-01,8.832924e-01,9.021458e-01,8.872103e-01,8.839709e-01
6.095000e-03,6.215455e+00,6.188458e+00,1.305469e+00,7.462810e-01,5.600753e-01,4.398251e-01,3.594354e-01,3.014134e-01,6.910491e-01,7.954858e-01,8.413224e-01,8.677212e-01,8.832959e-01,9.021494e-01,8.872136e-01,8.839740e-01
6.100000e-03,6.215466e+00,6.188472e+00,1.305547e+00,7.462810e-01,5.600753e-01,4.398251e-01,3.594354e-01,3.014134e-01,6.910509e-01,7.954882e-01,8.413264e-01,8.677259e-01,8.832998e-01,9.021530e-01,8.872167e-01,8.839770e-01
6.105000e-03,6.215476e+00,6.188484e+00,1.305618e+00,7.462810e-01,5.600753e-01,4.398251e-01,3.594354e-01,3.014134e-01,6.910531e-01,7.954912e-01,8.413305e-01,8.677304e-01,8.833043e-01,9.021565e-01,8.872196e-01,8.839799e-01
6.110000e-03,6.215483e+00,6.188494e+00,1.305680e+00,7.462810e-01,5.600753e-01,4.398251e-01,3.594354e-01,3.014134e-01,6.910557e-01,7.954944e-01,8.413347e-01,8.677345e-01,8.833093e-01,9.021601e-01,8.872222e-01,8.839829e-01
6.115000e-03,6.215488e+00,6.188501e+00,1.305733e+00,7.462810e-01,5.600753e-01,4.398251e-01,3.594354e-01,3.014134e-01,6.910588e-01,7.954978e-01,8.413389e-01,8.677387e-01,8.833144e-01,9.021637e-01,8.872245e-01,8.839858e-01
6.120000e-03,6.215491e+00,6.188507e+00,1.305779e+00,7.462810e-01,5.600753e-01,4.398251e-01,3.594354e-01,3.014134e-01,6.910623e-01,7.955015e-01,8.413429e-01,8.677430e-01,8.833193e-01,9.021676e-01,8.872267e-01,8.839887e-01
6.125000e-03,6.215492e+00,6.188511e+00,1.305816e+00,7.462810e-01,5.600753e-01,4.398251e-01,3.594354e-01,3.014134e-01,6.910663e-01,7.955055e-01,8.413470e-01,8.677476e-01,8.833240e-01,9.021721e-01,8.872287e-01,8.839913e-01
6.130000e-03,6.215490e+00,6.188513e+00,1.305845e+00,7.462810e-01,5.600753e-01,4.398251e-01,3.594354e-01,3.014134e-01,6.910706e-01,7.955098e-01,8.413513e-01,8.677523e-01,8.833282e-01,9.021770e-01,8.872306e-01,8.839937e-01
6.135000e-03,6.215487e+00,6.188513e+00,1.305867e+00,7.462810e-01,5.600753e-01,4.398251e-01,3.594354e-01,3.014134e-01,6.910754e-01,7.955143e-01,8.413558e-01,8.677570e-01,8.833322e-01,9.021821e-01,8.872326e-01,8.839957e-01
6.140000e-03,6.215482e+00,6.188511e+00,1.305880e+00,7.462810e-01,5.600753e-01,4.398251e-01,3.594354e-01,3.014134e-01,6.910806e-01,7.955191e-01,8.413603e-01,8.677615e-01,8.833360e-01,9.021873e-01,8.872347e-01,8.839976e-01
6.145000e-03,6.215475e+00,6.188507e+00,1.305886e+00,7.462810e-01,5.600753e-01,4.398251e-01,3.594354e-01,3.014134e-01,6.910862e-01,7.955241e-01,8.413649e-01,8.677660e-01,8.833399e-01,9.021921e-01,8.872370e-01,8.839994e-01
6.150000e-03,6.215466e+00,6.188501e+00,1.305885e+00,7.462810e-01,5.600753e-01,4.398251e-01,3.594354e-01,3.014134e-01,6.910922e-01,7.955293e-01,8.413696e-01,8.677704e-01,8.833439e-01,9.021966e-01,8.872396e-01,8.840011e-01
6.155000e-03,6.215455e+00,6.188493e+00,1.305875e+00,7.462810e-01,5.600753e-01,4.398251e-01,3.594354e-01,3.014134e-01,6.910985e-01,7.955348e-01,8.413745e-01,8.677749e-01,8.833481e-01,9.022007e-01,8.872422e-01,8.840028e-01
6.160000e-03,6.215442e+00,6.188484e+00,1.305859e+00,7.462810e-01,5.600753e-01,4.398251e-01,3.594354e-01,3.014134e-01,6.911053e-01,7.955404e-01,8.413794e-01,8.677794e-01,8.833522e-01,9.022044e-01,8.872447e-01,8.840047e-01
6.165000e-03,6.215427e+00,6.188473e+00,1.305835e+00,7.462810e-01,5.600753e-01,4.398251e-01,3.594354e-01,3.014134e-01,6.911123e-01,7.955462e-01,8.413843e-01,8.677840e-01,8.833562e-01,9.022078e-01,8.872471e-01,8.840068e-01
6.170000e-03,6.215411e+00,6.188460e+00,1.305804e+00,7.462810e-01,5.600753e-01,4.398251e-01,3.594354e-01,3.014134e-01,6.911198e-01,7.955522e-01,8.413894e-01,8.677886e-01,8.833601e-01,9.022111e-01,8.872492e-01,8.840090e-01
6.175000e-03,6.215392e+00,6.188446e+00,1.305765e+00,7.462810e-01,5.600753e-01,4.398251e-01,3.594354e-01,3.014134e-01,6.911276e-01,7.955583e-01,8.413946e-01,8.677932e-01,8.833639e-01,9.022144e-01,8.872509e-01,8.840112e-01
6.180000e-03,6.215372e+00,6.188429e+00,1.305719e+00,7.462810e-01,5.600753e-01,4.398251e-01,3.594354e-01,3.014134e-01,6.911357e-01,7.955646e-01,8.413998e-01,8.677978e-01,8.833676e-01,9.022178e-01,8.872524e-01,8.840134e-01
6.185000e-03,6.215350e+00,6.188411e+00,1.305667e+00,7.462810e-01,5.600753e-01,4.398251e-01,3.594354e-01,3.014134e-01,6.911440e-01,7.955710e-01,8.414052e-01,8.678024e-01,8.833713e-01,9.022211e-01,8.872535e-01,8.840155e-01
6.190000e-03,6.215327e+00,6.188392e+00,1.305607e+00,7.462810e-01,5.600753e-01,4.398251e-01,3.594354e-01,3.014134e-01,6.911527e-01,7.955776e-01,8.414105e-01,8.678070e-01,8.833751e-01,9.022244e-01,8.872545e-01,8.840174e-01
6.195000e-03,6.215302e+00,6.188371e+00,1.305541e+00,7.462810e-01,5.600753e-01,4.398251e-01,3.594354e-01,3.014134e-01,6.911617e-01,7.955842e-01,8.414160e-01,8.678115e-01,8.833788e-01,9.022277e-01,8.872553e-01,8.840190e-01
6.200000e-03,6.215275e+00,6.188348e+00,1.305468e+00,7.462810e-01,5.600753e-01,4.398251e-01,3.594354e-01,3.014134e-01,6.911709e-01,7.955910e-01,8.414214e-01,8.678161e-01,8.833825e-01,9.022308e-01,8.872560e-01,8.840204e-01
6.205000e-03,6.215247e+00,6.188324e+00,1.305389e+00,7.462810e-01,5.600753e-01,4.398251e-01,3.594354e-01,3.014134e-01,6.911803e-01,7.955980e-01,8.414270e-01,8.678207e-01,8.833862e-01,9.022339e-01,8.872565e-01,8.840216e-01
6.210000e-03,6.215217e+00,6.188299e+00,1.305303e+00,7.462810e-01,5.600753e-01,4.398251e-01,3.594354e-01,3.014134e-01,6.911900e-01,7.956052e-01,8.414325e-01,8.678253e-01,8.833898e-01,9.022368e-01,8.872571e-01,8.840226e-01
6.215000e-03,6.215186e+00,6.188272e+00,1.305211e+00,7.462810e-01,5.600753e-01,4.398251e-01,3.594354e-01,3.014134e-01,6.912000e-01,7.956124e-01,8.414381e-01,8.678299e-01,8.833934e-01,9.022397e-01,8.872575e-01,8.840233e-01
6.220000e-03,6.215153e+00,6.188244e+00,1.305114e+00,7.462810e-01,5.600753e-01,4.398251e-01,3.594354e-01,3.014134e-01,6.912102e-01,7.956194e-01,8.414437e-01,8.678345e-01,8.833969e-01,9.022426e-01,8.872579e-01,8.840239e-01
6.225000e-03,6.215119e+00,6.188214e+00,1.305011e+00,7.462810e-01,5.600753e-01,4.398251e-01,3.594354e-01,3.014134e-01,6.912207e-01,7.956266e-01,8.414494e-01,8.678391e-01,8.834004e-01,9.022453e-01,8.872581e-01,8.840243e-01
6.230000e-03,6.215084e+00,6.188184e+00,1.304902e+00,7.462810e-01,5.600753e-01,4.398251e-01,3.594354e-01,3.014133e-01,6.912313e-01,7.956340e-01,8.414552e-01,8.678437e-01,8.834038e-01,9.022480e-01,8.872583e-01,8.840247e-01
6.235000e-03,6.215047e+00,6.188152e+00,1.304788e+00,7.462810e-01,5.600753e-01,4.398251e-01,3.594354e-01,3.014133e-01,6.912422e-01,7.956413e-01,8.414610e-01,8.678483e-01,8.834072e-01,9.022505e-01,8.872585e-01,8.840251e-01
6.240000e-03,6.215009e+00,6.188119e+00,1.304669e+00,7.462810e-01,5.600753e-01,4.398251e-01,3.594354e-01,3.014133e-01,6.912533e-01,7.956486e-01,8.414666e-01,8.678528e-01,8.834105e-01,9.022529e-01,8.872585e-01,8.840254e-01
6.245000e-03,6.214970e+00,6.188085e+00,1.304545e+00,7.462810e-01,5.600753e-01,4.398251e-01,3.594354e-01,3.014133e-01,6.912644e-01,7.956560e-01,8.414722e-01,8.678574e-01,8.834138e-01,9.022552e-01,8.872585e-01,8.840256e-01
6.250000e-03,6.214930e+00,6.188049e+00,1.304416e+00,7.462810e-01,5.600753e-01,4.398251e-01,3.594354e-01,3.014133e-01,6.912757e-01,7.956634e-01,8.414778e-01,8.678620e-01,8.834170e-01,9.022574e-01,8.872584e-01,8.840257e-01
6.255000e-03,6.214889e+00,6.188013e+00,1.304282e+00,7.462810e-01,5.600753e-01,4.398251e-01,3.594354e-01,3.014133e-01,6.912871e-01,7.956709e-01,8.414835e-01,8.678666e-01,8.834201e-01,9.022594e-01,8.872582e-01,8.840257e-01
6.260000e-03,6.214847e+00,6.187976e+00,1.304144e+00,7.462810e-01,5.600753e-01,4.398251e-01,3.594354e-01,3.014133e-01,6.912987e-01,7.956785e-01,8.414891e-01,8.678711e-01,8.834231e-01,9.022614e-01,8.872579e-01,8.840256e-01
6.265000e-03,6.214804e+00,6.187937e+00,1.304002e+00,7.462810e-01,5.600753e-01,4.398251e-01,3.594354e-01,3.014132e-01,6.913103e-01,7.956859e-01,8.414947e-01,8.678755e-01,8.834261e-01,9.022632e-01,8.872576e-01,8.840254e-01
6.270000e-03,6.214760e+00,6.187898e+00,1.303856e+00,7.462810e-01,5.600753e-01,4.398251e-01,3.594354e-01,3.014132e-01,6.913221e-01,7.956935e-01,8.415003e-01,8.678798e-01,8.834291e-01,9.022649e-01,8.872571e-01,8.840251e-01
6.275000e-03,6.214716e+00,6.187858e+00,1.303705e+00,7.462810e-01,5.600753e-01,4.398251e-01,3.594354e-01,3.014132e-01,6.913340e-01,7.957011e-01,8.415058e-01,8.678841e-01,8.834320e-01,9.022665e-01,8.872566e-01,8.840246e-01
6.280000e-03,6.214670e+00,6.187817e+00,1.303549e+00,7.462810e-01,5.600753e-01,4.398251e-01,3.594354e-01,3.014132e-01,6.913462e-01,7.957086e-01,8.415114e-01,8.678883e-01,8.834349e-01,9.022680e-01,8.872560e-01,8.840240e-01
6.285000e-03,6.214624e+00,6.187775e+00,1.303380e+00,7.462810e-01,5.600753e-01,4.398251e-01,3.594354e-01,3.014132e-01,6.913584e-01,7.957162e-01,8.415168e-01,8.678925e-01,8.834376e-01,9.022694e-01,8.872553e-01,8.840233e-01
6.290000e-03,6.214577e+00,6.187731e+00,1.303193e+00,7.462810e-01,5.600753e-01,4.398251e-01,3.594354e-01,3.014132e-01,6.913707e-01,7.957240e-01,8.415221e-01,8.678966e-01,8.834403e-01,9.022706e-01,8.872545e-01,8.840224e-01
6.295000e-03,6.214529e+00,6.187685e+00,1.302995e+00,7.462810e-01,5.600753e-01,4.398251e-01,3.594354e-01,3.014131e-01,6.913827e-01,7.957316e-01,8.415274e-01,8.679006e-01,8.834428e-01,9.022719e-01,8.872536e-01,8.840214e-01
6.300000e-03,6.214480e+00,6.187637e+00,1.302790e+00,7.462810e-01,5.600753e-01,4.398251e-01,3.594354e-01,3.014131e-01,6.913938e-01,7.957389e-01,8.415327e-01,8.679046e-01,8.834452e-01,9.022730e-01,8.872526e-01,8.840203e-01
6.305000e-03,6.214429e+00,6.187588e+00,1.302579e+00,7.462810e-01,5.600753e-01,4.398251e-01,3.594354e-01,3.014131e-01,6.914045e-01,7.957465e-01,8.415379e-01,8.679084e-01,8.834475e-01,9.022739e-01,8.872515e-01,8.840191e-01
6.310000e-03,6.214378e+00,6.187538e+00,1.302362e+00,7.462810e-01,5.600753e-01,4.398251e-01,3.594354e-01,3.014131e-01,6.914148e-01,7.957544e-01,8.415431e-01,8.679122e-01,8.834498e-01,9.022748e-01,8.872504e-01,8.840177e-01
6.315000e-03,6.214326e+00,6.187487e+00,1.302139e+00,7.462810e-01,5.600753e-01,4.398251e-01,3.594354e-01,3.014130e-01,6.914251e-01,7.957625e-01,8.415480e-01,8.679158e-01,8.834520e-01,9.022754e-01,8.872491e-01,8.840162e-01
6.320000e-03,6.214273e+00,6.187435e+00,1.301913e+00,7.462810e-01,5.600753e-01,4.398251e-01,3.594354e-01,3.014130e-01,6.914353e-01,7.957703e-01,8.415526e-01,8.679194e-01,8.834542e-01,9.022760e-01,8.872477e-01,8.840146e-01
6.325000e-03,6.214219e+00,6.187383e+00,1.301686e+00,7.462810e-01,5.600753e-01,4.398251e-01,3.594354e-01,3.014130e-01,6.914454e-01,7.957776e-01,8.415573e-01,8.679230e-01,8.834562e-01,9.022763e-01,8.872463e-01,8.840129e-01
6.330000e-03,6.214165e+00,6.187331e+00,1.301463e+00,7.462810e-01,5.600753e-01,4.398251e-01,3.594354e-01,3.014130e-01,6.914554e-01,7.957846e-01,8.415624e-01,8.679264e-01,8.834581e-01,9.022766e-01,8.872446e-01,8.840111e-01
6.335000e-03,6.214111e+00,6.187279e+00,1.301240e+00,7.462810e-01,5.600753e-01,4.398251e-01,3.594354e-01,3.014130e-01,6.914656e-01,7.957913e-01,8.415679e-01,8.679297e-01,8.834599e-01,9.022767e-01,8.872429e-01,8.840092e-01
6.340000e-03,6.214057e+00,6.187226e+00,1.301015e+00,7.462810e-01,5.600753e-01,4.398251e-01,3.594354e-01,3.014129e-01,6.914764e-01,7.957977e-01,8.415733e-01,8.679327e-01,8.834616e-01,9.022767e-01,8.872410e-01,8.840072e-01
6.345000e-03,6.214003e+00,6.187174e+00,1.300789e+00,7.462810e-01,5.600753e-01,4.398251e-01,3.594354e-01,3.014129e-01,6.914874e-01,7.958038e-01,8.415781e-01,8.679355e-01,8.834633e-01,9.022766e-01,8.872389e-01,8.840051e-01
6.350000e-03,6.213949e+00,6.187121e+00,1.300562e+00,7.462810e-01,5.600753e-01,4.398251e-01,3.594354e-01,3.014129e-01,6.914986e-01,7.958095e-01,8.415825e-01,8.679385e-01,8.834649e-01,9.022763e-01,8.872367e-01,8.840029e-01
6.355000e-03,6.213894e+00,6.187068e+00,1.300334e+00,7.462810e-01,5.600753e-01,4.398251e-01,3.594354e-01,3.014129e-01,6.915097e-01,7.958148e-01,8.415865e-01,8.679418e-01,8.834662e-01,9.022760e-01,8.872344e-01,8.840006e-01
6.360000e-03,6.213840e+00,6.187015e+00,1.300107e+00,7.462810e-01,5.600753e-01,4.398251e-01,3.594354e-01,3.014128e-01,6.915207e-01,7.958202e-01,8.415905e-01,8.679454e-01,8.834674e-01,9.022755e-01,8.872320e-01,8.839981e-01
6.365000e-03,6.213785e+00,6.186963e+00,1.299889e+00,7.462810e-01,5.600753e-01,4.398251e-01,3.594354e-01,3.014128e-01,6.915311e-01,7.958257e-01,8.415943e-01,8.679488e-01,8.834683e-01,9.022750e-01,8.872295e-01,8.839956e-01
6.370000e-03,6.213731e+00,6.186910e+00,1.299669e+00,7.462810e-01,5.600753e-01,4.398251e-01,3.594354e-01,3.014128e-01,6.915423e-01,7.958314e-01,8.415977e-01,8.679517e-01,8.834693e-01,9.022743e-01,8.872269e-01,8.839929e-01
6.375000e-03,6.213678e+00,6.186858e+00,1.299448e+00,7.462810e-01,5.600753e-01,4.398251e-01,3.594354e-01,3.014128e-01,6.915533e-01,7.958384e-01,8.416006e-01,8.679540e-01,8.834705e-01,9.022734e-01,8.872242e-01,8.839902e-01
6.380000e-03,6.213624e+00,6.186806e+00,1.299230e+00,7.462810e-01,5.600753e-01,4.398251e-01,3.594354e-01,3.014127e-01,6.915644e-01,7.958445e-01,8.416033e-01,8.679559e-01,8.834720e-01,9.022724e-01,8.872214e-01,8.839873e-01
6.385000e-03,6.213571e+00,6.186755e+00,1.299013e+00,7.462810e-01,5.600753e-01,4.398251e-01,3.594354e-01,3.014127e-01,6.915753e-01,7.958486e-01,8.416062e-01,8.679578e-01,8.834736e-01,9.022711e-01,8.872185e-01,8.839843e-01
6.390000e-03,6.213518e+00,6.186703e+00,1.298796e+00,7.462810e-01,5.600753e-01,4.398251e-01,3.594354e-01,3.014127e-01,6.915859e-01,7.958540e-01,8.416092e-01,8.679595e-01,8.834749e-01,9.022699e-01,8.872156e-01,8.839813e-01
6.395000e-03,6.213465e+00,6.186652e+00,1.298580e+00,7.462810e-01,5.600753e-01,4.398251e-01,3.594354e-01,3.014127e-01,6.915963e-01,7.958599e-01,8.416127e-01,8.679608e-01,8.834758e-01,9.022689e-01,8.872126e-01,8.839782e-01
6.400000e-03,6.213412e+00,6.186601e+00,1.298364e+00,7.462810e-01,5.600753e-01,4.398251e-01,3.594354e-01,3.014126e-01,6.916065e-01,7.958648e-01,8.416162e-01,8.679619e-01,8.834763e-01,9.022680e-01,8.872093e-01,8.839751e-01
6.405000e-03,6.213360e+00,6.186550e+00,1.298150e+00,7.462810e-01,5.600753e-01,4.398251e-01,3.594354e-01,3.014126e-01,6.916165e-01,7.958696e-01,8.416184e-01,8.679627e-01,8.834765e-01,9.022671e-01,8.872060e-01,8.839719e-01
6.410000e-03,6.213308e+00,6.186499e+00,1.297936e+00,7.462810e-01,5.600753e-01,4.398251e-01,3.594354e-01,3.014126e-01,6.916263e-01,7.958746e-01,8.416200e-01,8.679635e-01,8.834764e-01,9.022662e-01,8.872029e-01,8.839685e-01
6.415000e-03,6.213257e+00,6.186449e+00,1.297723e+00,7.462810e-01,5.600753e-01,4.398251e-01,3.594354e-01,3.014126e-01,6.916360e-01,7.958793e-01,8.416221e-01,8.679649e-01,8.834759e-01,9.022651e-01,8.871999e-01,8.839650e-01
6.420000e-03,6.213207e+00,6.186399e+00,1.297513e+00,7.462810e-01,5.600753e-01,4.398251e-01,3.594354e-01,3.014125e-01,6.916454e-01,7.958839e-01,8.416244e-01,8.679665e-01,8.834752e-01,9.022638e-01,8.871971e-01,8.839614e-01
6.425000e-03,6.213157e+00,6.186350e+00,1.297304e+00,7.462810e-01,5.600753e-01,4.398251e-01,3.594354e-01,3.014125e-01,6.916546e-01,7.958884e-01,8.416266e-01,8.679676e-01,8.834743e-01,9.022622e-01,8.871943e-01,8.839578e-01
6.430000e-03,6.213108e+00,6.186306e+00,1.297097e+00,7.462810e-01,5.600753e-01,4.398251e-01,3.594354e-01,3.014125e-01,6.916641e-01,7.958926e-01,8.416283e-01,8.679680e-01,8.834733e-01,9.022601e-01,8.871916e-01,8.839543e-01
6.435000e-03,6.213059e+00,6.186263e+00,1.296893e+00,7.462810e-01,5.600753e-01,4.398251e-01,3.594354e-01,3.014124e-01,6.916726e-01,7.958966e-01,8.416298e-01,8.679681e-01,8.834726e-01,9.022575e-01,8.871887e-01,8.839509e-01
6.440000e-03,6.213011e+00,6.186220e+00,1.296693e+00,7.462810e-01,5.600753e-01,4.398251e-01,3.594354e-01,3.014124e-01,6.916809e-01,7.958997e-01,8.416314e-01,8.679681e-01,8.834722e-01,9.022546e-01,8.871858e-01,8.839476e-01
6.445000e-03,6.212964e+00,6.186177e+00,1.296497e+00,7.462810e-01,5.600753e-01,4.398251e-01,3.594354e-01,3.014124e-01,6.916886e-01,7.959029e-01,8.416328e-01,8.679682e-01,8.834717e-01,9.022514e-01,8.871828e-01,8.839443e-01
6.450000e-03,6.212917e+00,6.186136e+00,1.296304e+00,7.462810e-01,5.600753e-01,4.398251e-01,3.594354e-01,3.014123e-01,6.916960e-01,7.959069e-01,8.416340e-01,8.679684e-01,8.834710e-01,9.022481e-01,8.871795e-01,8.839409e-01
6.455000e-03,6.212871e+00,6.186095e+00,1.296116e+00,7.462810e-01,5.600753e-01,4.398251e-01,3.594354e-01,3.014123e-01,6.917034e-01,7.959104e-01,8.416350e-01,8.679684e-01,8.834699e-01,9.022451e-01,8.871759e-01,8.839375e-01
6.460000e-03,6.212827e+00,6.186055e+00,1.295932e+00,7.462810e-01,5.600753e-01,4.398251e-01,3.594354e-01,3.014123e-01,6.917107e-01,7.959134e-01,8.416355e-01,8.679682e-01,8.834685e-01,9.022423e-01,8.871720e-01,8.839341e-01
6.465000e-03,6.212784e+00,6.186016e+00,1.295753e+00,7.462810e-01,5.600753e-01,4.398251e-01,3.594354e-01,3.014122e-01,6.917174e-01,7.959166e-01,8.416357e-01,8.679678e-01,8.834670e-01,9.022396e-01,8.871679e-01,8.839305e-01
6.470000e-03,6.212741e+00,6.185979e+00,1.295577e+00,7.462810e-01,5.600753e-01,4.398251e-01,3.594354e-01,3.014122e-01,6.917245e-01,7.959195e-01,8.416361e-01,8.679671e-01,8.834654e-01,9.022367e-01,8.871638e-01,8.839267e-01
6.475000e-03,6.212700e+00,6.185942e+00,1.295407e+00,7.462810e-01,5.600753e-01,4.398251e-01,3.594354e-01,3.014122e-01,6.917313e-01,7.959225e-01,8.416367e-01,8.679665e-01,8.834638e-01,9.022338e-01,8.871598e-01,8.839227e-01
6.480000e-03,6.212660e+00,6.185906e+00,1.295240e+00,7.462810e-01,5.600753e-01,4.398251e-01,3.594354e-01,3.014121e-01,6.917379e-01,7.959252e-01,8.416372e-01,8.679655e-01,8.834621e-01,9.022306e-01,8.871560e-01,8.839183e-01
6.485000e-03,6.212622e+00,6.185871e+00,1.295078e+00,7.462810e-01,5.600753e-01,4.398251e-01,3.594354e-01,3.014121e-01,6.917441e-01,7.959269e-01,8.416375e-01,8.679641e-01,8.834604e-01,9.022272e-01,8.871522e-01,8.839138e-01
6.490000e-03,6.212584e+00,6.185837e+00,1.294919e+00,7.462810e-01,5.600753e-01,4.398251e-01,3.594354e-01,3.014121e-01,6.917500e-01,7.959290e-01,8.416375e-01,8.679627e-01,8.834585e-01,9.022236e-01,8.871483e-01,8.839093e-01
6.495000e-03,6.212548e+00,6.185804e+00,1.294765e+00,7.462810e-01,5.600753e-01,4.398251e-01,3.594354e-01,3.014120e-01,6.917555e-01,7.959311e-01,8.416375e-01,8.679615e-01,8.834565e-01,9.022198e-01,8.871444e-01,8.839049e-01
6.500000e-03,6.212513e+00,6.185772e+00,1.294615e+00,7.462810e-01,5.600753e-01,4.398251e-01,3.594354e-01,3.014120e-01,6.917608e-01,7.959326e-01,8.416375e-01,8.679603e-01,8.834542e-01,9.022159e-01,8.871405e-01,8.839006e-01
6.505000e-03,6.212479e+00,6.185741e+00,1.294469e+00,7.462810e-01,5.600753e-01,4.398251e-01,3.594354e-01,3.014120e-01,6.917657e-01,7.959340e-01,8.416369e-01,8.679591e-01,8.834516e-01,9.022120e-01,8.871365e-01,8.838962e-01
6.510000e-03,6.212446e+00,6.185711e+00,1.294328e+00,7.462810e-01,5.600753e-01,4.398251e-01,3.594354e-01,3.014120e-01,6.917703e-01,7.959353e-01,8.416361e-01,8.679576e-01,8.834489e-01,9.022081e-01,8.871324e-01,8.838918e-01
6.515000e-03,6.212415e+00,6.185682e+00,1.294192e+00,7.462810e-01,5.600753e-01,4.398251e-01,3.594354e-01,3.014119e-01,6.917746e-01,7.959364e-01,8.416355e-01,8.679560e-01,8.834462e-01,9.022041e-01,8.871282e-01,8.838875e-01
6.520000e-03,6.212385e+00,6.185654e+00,1.294060e+00,7.462810e-01,5.600753e-01,4.398251e-01,3.594354e-01,3.014119e-01,6.917786e-01,7.959372e-01,8.416349e-01,8.679542e-01,8.834435e-01,9.021999e-01,8.871239e-01,8.838831e-01
6.525000e-03,6.212356e+00,6.185628e+00,1.293933e+00,7.462810e-01,5.600753e-01,4.398251e-01,3.594354e-01,3.014119e-01,6.917822e-01,7.959378e-01,8.416341e-01,8.679521e-01,8.834408e-01,9.021954e-01,8.871196e-01,8.838788e-01
6.530000e-03,6.212329e+00,6.185602e+00,1.293810e+00,7.462810e-01,5.600753e-01,4.398251e-01,3.594354e-01,3.014119e-01,6.917856e-01,7.959382e-01,8.416330e-01,8.679499e-01,8.834381e-01,9.021907e-01,8.871154e-01,8.838744e-01
6.535000e-03,6.212303e+00,6.185578e+00,1.293692e+00,7.462810e-01,5.600753e-01,4.398251e-01,3.594354e-01,3.014118e-01,6.917886e-01,7.959384e-01,8.416317e-01,8.679476e-01,8.834353e-01,9.021861e-01,8.871110e-01,8.838700e-01
6.540000e-03,6.212278e+00,6.185555e+00,1.293580e+00,7.462810e-01,5.600753e-01,4.398251e-01,3.594354e-01,3.014118e-01,6.917912e-01,7.959383e-01,8.416304e-01,8.679453e-01,8.834323e-01,9.021814e-01,8.871066e-01,8.838655e-01
6.545000e-03,6.212255e+00,6.185533e+00,1.293472e+00,7.462810e-01,5.600753e-01,4.398251e-01,3.594354e-01,3.014118e-01,6.917935e-01,7.959380e-01,8.416288e-01,8.679430e-01,8.834291e-01,9.021767e-01,8.871020e-01,8.838610e-01
6.550000e-03,6.212233e+00,6.185512e+00,1.293370e+00,7.462810e-01,5.600753e-01,4.398251e-01,3.594354e-01,3.014118e-01,6.917955e-01,7.959375e-01,8.416271e-01,8.679406e-01,8.834257e-01,9.021721e-01,8.870973e-01,8.838564e-01
6.555000e-03,6.212213e+00,6.185492e+00,1.293272e+00,7.462810e-01,5.600753e-01,4.398251e-01,3.594354e-01,3.014118e-01,6.917972e-01,7.959367e-01,8.416252e-01,8.679381e-01,8.834222e-01,9.021674e-01,8.870927e-01,8.838518e-01
6.560000e-03,6.212194e+00,6.185474e+00,1.293179e+00,7.462810e-01,5.600753e-01,4.398251e-01,3.594354e-01,3.014117e-01,6.917985e-01,7.959357e-01,8.416231e-01,8.679353e-01,8.834188e-01,9.021627e-01,8.870880e-01,8.838471e-01
6.565000e-03,6.212177e+00,6.185457e+00,1.293089e+00,7.462810e-01,5.600753e-01,4.398251e-01,3.594354e-01,3.014117e-01,6.917996e-01,7.959344e-01,8.416209e-01,8.679324e-01,8.834153e-01,9.021579e-01,8.870834e-01,8.838422e-01
6.570000e-03,6.212161e+00,6.185441e+00,1.293005e+00,7.462810e-01,5.600753e-01,4.398251e-01,3.594354e-01,3.014117e-01,6.918001e-01,7.959330e-01,8.416185e-01,8.679294e-01,8.834119e-01,9.021530e-01,8.870788e-01,8.838374e-01
6.575000e-03,6.212146e+00,6.185426e+00,1.292926e+00,7.462810e-01,5.600753e-01,4.398251e-01,3.594354e-01,3.014117e-01,6.918000e-01,7.959313e-01,8.416160e-01,8.679263e-01,8.834084e-01,9.021479e-01,8.870742e-01,8.838326e-01
6.580000e-03,6.212132e+00,6.185412e+00,1.292854e+00,7.462810e-01,5.600753e-01,4.398251e-01,3.594354e-01,3.014117e-01,6.917996e-01,7.959294e-01,8.416132e-01,8.679231e-01,8.834049e-01,9.021428e-01,8.870697e-01,8.838278e-01
6.585000e-03,6.212120e+00,6.185399e+00,1.292786e+00,7.462810e-01,5.600753e-01,4.398251e-01,3.594354e-01,3.014117e-01,6.917988e-01,7.959273e-01,8.416103e-01,8.679197e-01,8.834012e-01,9.021378e-01,8.870651e-01,8.838230e-01
6.590000e-03,6.212110e+00,6.185388e+00,1.292723e+00,7.462810e-01,5.600753e-01,4.398251e-01,3.594354e-01,3.014117e-01,6.917977e-01,7.959251e-01,8.416072e-01,8.679163e-01,8.833974e-01,9.021327e-01,8.870605e-01,8.838182e-01
6.595000e-03,6.212101e+00,6.185378e+00,1.292665e+00,7.462810e-01,5.600753e-01,4.398251e-01,3.594354e-01,3.014117e-01,6.917962e-01,7.959225e-01,8.416039e-01,8.679127e-01,8.833935e-01,9.021277e-01,8.870559e-01,8.838135e-01
6.600000e-03,6.212093e+00,6.185369e+00,1.292611e+00,7.462810e-01,5.600753e-01,4.398251e-01,3.594354e-01,3.014116e-01,6.917942e-01,7.959196e-01,8.416006e-01,8.679090e-01,8.833895e-01,9.021227e-01,8.870513e-01,8.838087e-01
6.605000e-03,6.212087e+00,6.185362e+00,1.292564e+00,7.462810e-01,5.600753e-01,4.398251e-01,3.594354e-01,3.014116e-01,6.917920e-01,7.959165e-01,8.415971e-01,8.679052e-01,8.833855e-01,9.021177e-01,8.870468e-01,8.838039e-01
6.610000e-03,6.212083e+00,6.185356e+00,1.292522e+00,7.462810e-01,5.600753e-01,4.398251e-01,3.594354e-01,3.014116e-01,6.917894e-01,7.959132e-01,8.415936e-01,8.679013e-01,8.833815e-01,9.021127e-01,8.870424e-01,8.837991e-01
6.615000e-03,6.212080e+00,6.185351e+00,1.292485e+00,7.462810e-01,5.600753e-01,4.398251e-01,3.594354e-01,3.014116e-01,6.917864e-01,7.959097e-01,8.415899e-01,8.678972e-01,8.833773e-01,9.021076e-01,8.870380e-01,8.837943e-01
6.620000e-03,6.212078e+00,6.185347e+00,1.292454e+00,7.462810e-01,5.600753e-01,4.398251e-01,3.594354e-01,3.014116e-01,6.917832e-01,7.959059e-01,8.415859e-01,8.678931e-01,8.833731e-01,9.021025e-01,8.870337e-01,8.837896e-01
6.625000e-03,6.212079e+00,6.185345e+00,1.292429e+00,7.462810e-01,5.600753e-01,4.398251e-01,3.594354e-01,3.014116e-01,6.917797e-01,7.959018e-01,8.415818e-01,8.678890e-01,8.833688e-01,9.020973e-01,8.870295e-01,8.837849e-01
6.630000e-03,6.212081e+00,6.185345e+00,1.292409e+00,7.462810e-01,5.600753e-01,4.398251e-01,3.594354e-01,3.014116e-01,6.917758e-01,7.958976e-01,8.415775e-01,8.678848e-01,8.833645e-01,9.020922e-01,8.870254e-01,8.837802e-01
6.635000e-03,6.212084e+00,6.185346e+00,1.292396e+00,7.462810e-01,5.600753e-01,4.398251e-01,3.594354e-01,3.014116e-01,6.917717e-01,7.958931e-01,8.415732e-01,8.678805e-01,8.833601e-01,9.020870e-01,8.870213e-01,8.837756e-01
6.640000e-03,6.212089e+00,6.185348e+00,1.292389e+00,7.462810e-01,5.600753e-01,4.398251e-01,3.594354e-01,3.014116e-01,6.917672e-01,7.958885e-01,8.415687e-01,8.678761e-01,8.833557e-01,9.020819e-01,8.870173e-01,8.837710e-01
6.645000e-03,6.212096e+00,6.185351e+00,1.292387e+00,7.462810e-01,5.600753e-01,4.398251e-01,3.594354e-01,3.014116e-01,6.917625e-01,7.958836e-01,8.415640e-01,8.678716e-01,8.833513e-01,9.020767e-01,8.870133e-01,8.837665e-01
6.650000e-03,6.212104e+00,6.185356e+00,1.292392e+00,7.462810e-01,5.600753e-01,4.398251e-01,3.594354e-01,3.014116e-01,6.917574e-01,7.958786e-01,8.415592e-01,8.678669e-01,8.833469e-01,9.020716e-01,8.870094e-01,8.837620e-01
6.655000e-03,6.212114e+00,6.185363e+00,1.292403e+00,7.462810e-01,5.600753e-01,4.398251e-01,3.594354e-01,3.014116e-01,6.917521e-01,7.958735e-01,8.415542e-01,8.678621e-01,8.833425e-01,9.020665e-01,8.870056e-01,8.837576e-01
6.660000e-03,6.212125e+00,6.185371e+00,1.292420e+00,7.462810e-01,5.600753e-01,4.398251e-01,3.594354e-01,3.014116e-01,6.917464e-01,7.958681e-01,8.415491e-01,8.678573e-01,8.833380e-01,9.020614e-01,8.870019e-01,8.837533e-01
6.665000e-03,6.212139e+00,6.185380e+00,1.292443e+00,7.462810e-01,5.600753e-01,4.398251e-01,3.594354e-01,3.014116e-01,6.917405e-01,7.958626e-01,8.415439e-01,8.678525e-01,8.833335e-01,9.020563e-01,8.869982e-01,8.837489e-01
6.670000e-03,6.212153e+00,6.185391e+00,1.292472e+00,7.462810e-01,5.600753e-01,4.398251e-01,3.594354e-01,3.014116e-01,6.917343e-01,7.958570e-01,8.415386e-01,8.678475e-01,8.833289e-01,9.020513e-01,8.869947e-01,8.837447e-01
6.675000e-03,6.212170e+00,6.185403e+00,1.292508e+00,7.462810e-01,5.600753e-01,4.398251e-01,3.594354e-01,3.014116e-01,6.917278e-01,7.958512e-01,8.415332e-01,8.678424e-01,8.833242e-01,9.020464e-01,8.869912e-01,8.837405e-01
6.680000e-03,6.212188e+00,6.185417e+00,1.292550e+00,7.462810e-01,5.600753e-01,4.398251e-01,3.594354e-01,3.014117e-01,6.917210e-01,7.958453e-01,8.415277e-01,8.678372e-01,8.833195e-01,9.020415e-01,8.869879e-01,8.837363e-01
6.685000e-03,6.212207e+00,6.185432e+00,1.292598e+00,7.462810e-01,5.600753e-01,4.398251e-01,3.594354e-01,3.014117e-01,6.917139e-01,7.958393e-01,8.415221e-01,8.678320e-01,8.833148e-01,9.020366e-01,8.869846e-01,8.837322e-01
6.690000e-03,6.212229e+00,6.185449e+00,1.292652e+00,7.462810e-01,5.600753e-01,4.398251e-01,3.594354e-01,3.014117e-01,6.917066e-01,7.958331e-01,8.415164e-01,8.678267e-01,8.833100e-01,9.020317e-01,8.869815e-01,8.837281e-01
6.695000e-03,6.212251e+00,6.185467e+00,1.292714e+00,7.462810e-01,5.600753e-01,4.398251e-01,3.594354e-01,3.014117e-01,6.916990e-01,7.958268e-01,8.415107e-01,8.678213e-01,8.833052e-01,9.020267e-01,8.869785e-01,8.837242e-01
6.700000e-03,6.212275e+00,6.185486e+00,1.292783e+00,7.462810e-01,5.600753e-01,4.398251e-01,3.594354e-01,3.014117e-01,6.916911e-01,7.958204e-01,8.415049e-01,8.678160e-01,8.833003e-01,9.020218e-01,8.869756e-01,8.837203e-01
6.705000e-03,6.212301e+00,6.185507e+00,1.292856e+00,7.462810e-01,5.600753e-01,4.398251e-01,3.594354e-01,3.014117e-01,6.916831e-01,7.958138e-01,8.414991e-01,8.678105e-01,8.832954e-01,9.020168e-01,8.869727e-01,8.837165e-01
6.710000e-03,6.212328e+00,6.185528e+00,1.292934e+00,7.462810e-01,5.600753e-01,4.398251e-01,3.594354e-01,3.014117e-01,6.916746e-01,7.958072e-01,8.414931e-01,8.678051e-01,8.832905e-01,9.020118e-01,8.869699e-01,8.837128e-01
6.715000e-03,6.212357e+00,6.185551e+00,1.293015e+00,7.462810e-01,5.600753e-01,4.398251e-01,3.594354e-01,3.014118e-01,6.916660e-01,7.958004e-01,8.414872e-01,8.677996e-01,8.832855e-01,9.020069e-01,8.869672e-01,8.837092e-01
6.720000e-03,6.212386e+00,6.185575e+00,1.293103e+00,7.462810e-01,5.600753e-01,4.398251e-01,3.594354e-01,3.014118e-01,6.916569e-01,7.957935e-01,8.414812e-01,8.677941e-01,8.832806e-01,9.020019e-01,8.869645e-01,8.837057e-01
6.725000e-03,6.212417e+00,6.185600e+00,1.293196e+00,7.462810e-01,5.600753e-01,4.398251e-01,3.594354e-01,3.014118e-01,6.916474e-01,7.957866e-01,8.414752e-01,8.677885e-01,8.832757e-01,9.019969e-01,8.869619e-01,8.837023e-01
6.730000e-03,6.212450e+00,6.185627e+00,1.293294e+00,7.462810e-01,5.600753e-01,4.398251e-01,3.594354e-01,3.014118e-01,6.916375e-01,7.957797e-01,8.414691e-01,8.677830e-01,8.832707e-01,9.019920e-01,8.869592e-01,8.836989e-01
6.735000e-03,6.212483e+00,6.185654e+00,1.293396e+00,7.462810e-01,5.600753e-01,4.398251e-01,3.594354e-01,3.014118e-01,6.916274e-01,7.957726e-01,8.414630e-01,8.677774e-01,8.832658e-01,9.019871e-01,8.869566e-01,8.836956e-01
6.740000e-03,6.212518e+00,6.185682e+00,1.293503e+00,7.462810e-01,5.600753e-01,4.398251e-01,3.594354e-01,3.014119e-01,6.916171e-01,7.957655e-01,8.414568e-01,8.677718e-01,8.832608e-01,9.019822e-01,8.869540e-01,8.836924e-01
6.745000e-03,6.212554e+00,6.185712e+00,1.293615e+00,7.462810e-01,5.600753e-01,4.398251e-01,3.594354e-01,3.014119e-01,6.916064e-01,7.957582e-01,8.414507e-01,8.677662e-01,8.832559e-01,9.019773e-01,8.869515e-01,8.836892e-01
6.750000e-03,6.212591e+00,6.185742e+00,1.293731e+00,7.462810e-01,5.600753e-01,4.398251e-01,3.594354e-01,3.014119e-01,6.915956e-01,7.957508e-01,8.414445e-01,8.677606e-01,8.832509e-01,9.019725e-01,8.869489e-01,8.836861e-01
6.755000e-03,6.212630e+00,6.185773e+00,1.293853e+00,7.462810e-01,5.600753e-01,4.398251e-01,3.594354e-01,3.014119e-01,6.915846e-01,7.957432e-01,8.414385e-01,8.677549e-01,8.832460e-01,9.019677e-01,8.869465e-01,8.836830e-01
6.760000e-03,6.212669e+00,6.185806e+00,1.293979e+00,7.462810e-01,5.600754e-01,4.398251e-01,3.594354e-01,3.014120e-01,6.915734e-01,7.957356e-01,8.414324e-01,8.677493e-01,8.832411e-01,9.019629e-01,8.869440e-01,8.836800e-01
6.765000e-03,6.212710e+00,6.185839e+00,1.294110e+00,7.462810e-01,5.600754e-01,4.398251e-01,3.594354e-01,3.014120e-01,6.915621e-01,7.957278e-01,8.414263e-01,8.677437e-01,8.832363e-01,9.019582e-01,8.869416e-01,8.836770e-01
6.770000e-03,6.212751e+00,6.185874e+00,1.294245e+00,7.462810e-01,5.600754e-01,4.398251e-01,3.594354e-01,3.014120e-01,6.915505e-01,7.957198e-01,8.414201e-01,8.677381e-01,8.832314e-01,9.019535e-01,8.869392e-01,8.836741e-01
6.775000e-03,6.212794e+00,6.185909e+00,1.294385e+00,7.462810e-01,5.600754e-01,4.398251e-01,3.594354e-01,3.014121e-01,6.915388e-01,7.957118e-01,8.414138e-01,8.677327e-01,8.832265e-01,9.019489e-01,8.869369e-01,8.836712e-01
6.780000e-03,6.212838e+00,6.185946e+00,1.294530e+00,7.462810e-01,5.600754e-01,4.398251e-01,3.594354e-01,3.014121e-01,6.915269e-01,7.957037e-01,8.414075e-01,8.677273e-01,8.832217e-01,9.019443e-01,8.869346e-01,8.836684e-01
6.785000e-03,6.212882e+00,6.185983e+00,1.294678e+00,7.462810e-01,5.600754e-01,4.398251e-01,3.594354e-01,3.014121e-01,6.915149e-01,7.956955e-01,8.414012e-01,8.677219e-01,8.832169e-01,9.019397e-01,8.869323e-01,8.836657e-01
6.790000e-03,6.212928e+00,6.186021e+00,1.294831e+00,7.462810e-01,5.600754e-01,4.398251e-01,3.594354e-01,3.014121e-01,6.915028e-01,7.956872e-01,8.413948e-01,8.677165e-01,8.832121e-01,9.019352e-01,8.869301e-01,8.836630e-01
6.795000e-03,6.212975e+00,6.186060e+00,1.294988e+00,7.462810e-01,5.600754e-01,4.398251e-01,3.594354e-01,3.014122e-01,6.914905e-01,7.956790e-01,8.413883e-01,8.677110e-01,8.832075e-01,9.019308e-01,8.869279e-01,8.836604e-01
6.800000e-03,6.213023e+00,6.186099e+00,1.295149e+00,7.462810e-01,5.600754e-01,4.398251e-01,3.594354e-01,3.014122e-01,6.914781e-01,7.956707e-01,8.413819e-01,8.677055e-01,8.832029e-01,9.019263e-01,8.869258e-01,8.836578e-01
6.805000e-03,6.213071e+00,6.186140e+00,1.295313e+00,7.462810e-01,5.600754e-01,4.398251e-01,3.594354e-01,3.014122e-01,6.914654e-01,7.956623e-01,8.413754e-01,8.677000e-01,8.831985e-01,9.019219e-01,8.869236e-01,8.836554e-01
6.810000e-03,6.213120e+00,6.186181e+00,1.295482e+00,7.462810e-01,5.600754e-01,4.398251e-01,3.594354e-01,3.014123e-01,6.914528e-01,7.956538e-01,8.413689e-01,8.676945e-01,8.831940e-01,9.019176e-01,8.869216e-01,8.836529e-01
6.815000e-03,6.213171e+00,6.186223e+00,1.295654e+00,7.462810e-01,5.600754e-01,4.398251e-01,3.594354e-01,3.014123e-01,6.914401e-01,7.956457e-01,8.413625e-01,8.676890e-01,8.831896e-01,9.019135e-01,8.869195e-01,8.836506e-01
6.820000e-03,6.213221e+00,6.186266e+00,1.295832e+00,7.462810e-01,5.600754e-01,4.398251e-01,3.594354e-01,3.014123e-01,6.914273e-01,7.956376e-01,8.413560e-01,8.676835e-01,8.831851e-01,9.019094e-01,8.869175e-01,8.836483e-01
6.825000e-03,6.213273e+00,6.186309e+00,1.296014e+00,7.462810e-01,5.600754e-01,4.398251e-01,3.594354e-01,3.014124e-01,6.914144e-01,7.956287e-01,8.413495e-01,8.676780e-01,8.831806e-01,9.019055e-01,8.869156e-01,8.836460e-01
6.830000e-03,6.213325e+00,6.186355e+00,1.296200e+00,7.462810e-01,5.600754e-01,4.398251e-01,3.594354e-01,3.014124e-01,6.914014e-01,7.956198e-01,8.413431e-01,8.676725e-01,8.831761e-01,9.019016e-01,8.869137e-01,8.836438e-01
6.835000e-03,6.213378e+00,6.186404e+00,1.296390e+00,7.462810e-01,5.600754e-01,4.398251e-01,3.594354e-01,3.014124e-01,6.913883e-01,7.956114e-01,8.413367e-01,8.676671e-01,8.831716e-01,9.018978e-01,8.869120e-01,8.836417e-01
6.840000e-03,6.213431e+00,6.186454e+00,1.296583e+00,7.462810e-01,5.600754e-01,4.398251e-01,3.594354e-01,3.014125e-01,6.913756e-01,7.956026e-01,8.413306e-01,8.676617e-01,8.831672e-01,9.018941e-01,8.869103e-01,8.836395e-01
6.845000e-03,6.213485e+00,6.186505e+00,1.296782e+00,7.462810e-01,5.600754e-01,4.398251e-01,3.594354e-01,3.014125e-01,6.913622e-01,7.955933e-01,8.413242e-01,8.676563e-01,8.831628e-01,9.018904e-01,8.869088e-01,8.836375e-01
6.850000e-03,6.213539e+00,6.186556e+00,1.296985e+00,7.462810e-01,5.600754e-01,4.398251e-01,3.594354e-01,3.014125e-01,6.913486e-01,7.955837e-01,8.413176e-01,8.676509e-01,8.831584e-01,9.018867e-01,8.869073e-01,8.836356e-01
6.855000e-03,6.213594e+00,6.186608e+00,1.297190e+00,7.462810e-01,5.600754e-01,4.398251e-01,3.594354e-01,3.014125e-01,6.913349e-01,7.955748e-01,8.413110e-01,8.676456e-01,8.831541e-01,9.018831e-01,8.869059e-01,8.836337e-01
6.860000e-03,6.213650e+00,6.186660e+00,1.297398e+00,7.462810e-01,5.600754e-01,4.398251e-01,3.594354e-01,3.014126e-01,6.913214e-01,7.955663e-01,8.413046e-01,8.676405e-01,8.831498e-01,9.018794e-01,8.869046e-01,8.836320e-01
6.865000e-03,6.213706e+00,6.186713e+00,1.297609e+00,7.462810e-01,5.600754e-01,4.398251e-01,3.594354e-01,3.014126e-01,6.913079e-01,7.955573e-01,8.412982e-01,8.676352e-01,8.831456e-01,9.018758e-01,8.869034e-01,8.836303e-01
6.870000e-03,6.213762e+00,6.186767e+00,1.297823e+00,7.462810e-01,5.600754e-01,4.398251e-01,3.594354e-01,3.014126e-01,6.912945e-01,7.955484e-01,8.412912e-01,8.676299e-01,8.831414e-01,9.018724e-01,8.869021e-01,8.836287e-01
6.875000e-03,6.213820e+00,6.186821e+00,1.298041e+00,7.462810e-01,5.600754e-01,4.398251e-01,3.594354e-01,3.014126e-01,6.912811e-01,7.955396e-01,8.412843e-01,8.676246e-01,8.831373e-01,9.018690e-01,8.869009e-01,8.836272e-01
6.880000e-03,6.213877e+00,6.186876e+00,1.298262e+00,7.462810e-01,5.600754e-01,4.398251e-01,3.594354e-01,3.014127e-01,6.912677e-01,7.955309e-01,8.412779e-01,8.676194e-01,8.831332e-01,9.018657e-01,8.868998e-01,8.836257e-01
6.885000e-03,6.213935e+00,6.186931e+00,1.298489e+00,7.462810e-01,5.600754e-01,4.398251e-01,3.594354e-01,3.014127e-01,6.912542e-01,7.955223e-01,8.412717e-01,8.676144e-01,8.831292e-01,9.018625e-01,8.868988e-01,8.836243e-01
6.890000e-03,6.213994e+00,6.186987e+00,1.298727e+00,7.462810e-01,5.600754e-01,4.398251e-01,3.594354e-01,3.014127e-01,6.912407e-01,7.955139e-01,8.412653e-01,8.676091e-01,8.831253e-01,9.018594e-01,8.868978e-01,8.836230e-01
6.895000e-03,6.214053e+00,6.187044e+00,1.298967e+00,7.462810e-01,5.600754e-01,4.398251e-01,3.594354e-01,3.014128e-01,6.912273e-01,7.955053e-01,8.412588e-01,8.676037e-01,8.831214e-01,9.018563e-01,8.868969e-01,8.836216e-01
6.900000e-03,6.214113e+00,6.187102e+00,1.299209e+00,7.462810e-01,5.600754e-01,4.398251e-01,3.594354e-01,3.014128e-01,6.912136e-01,7.954972e-01,8.412522e-01,8.675984e-01,8.831176e-01,9.018534e-01,8.868961e-01,8.836204e-01
6.905000e-03,6.214173e+00,6.187159e+00,1.299453e+00,7.462810e-01,5.600754e-01,4.398251e-01,3.594354e-01,3.014128e-01,6.912002e-01,7.954892e-01,8.412459e-01,8.675933e-01,8.831139e-01,9.018506e-01,8.868954e-01,8.836191e-01
6.910000e-03,6.214233e+00,6.187217e+00,1.299697e+00,7.462810e-01,5.600754e-01,4.398251e-01,3.594354e-01,3.014128e-01,6.911872e-01,7.954825e-01,8.412398e-01,8.675885e-01,8.831100e-01,9.018478e-01,8.868947e-01,8.836180e-01
6.915000e-03,6.214293e+00,6.187275e+00,1.299945e+00,7.462810e-01,5.600754e-01,4.398251e-01,3.594354e-01,3.014129e-01,6.911745e-01,7.954763e-01,8.412336e-01,8.675835e-01,8.831060e-01,9.018452e-01,8.868942e-01,8.836169e-01
6.920000e-03,6.214354e+00,6.187334e+00,1.300195e+00,7.462810e-01,5.600754e-01,4.398251e-01,3.594354e-01,3.014129e-01,6.911618e-01,7.954676e-01,8.412276e-01,8.675785e-01,8.831022e-01,9.018427e-01,8.868937e-01,8.836158e-01
6.925000e-03,6.214415e+00,6.187393e+00,1.300448e+00,7.462810e-01,5.600754e-01,4.398251e-01,3.594354e-01,3.014129e-01,6.911491e-01,7.954589e-01,8.412219e-01,8.675736e-01,8.830984e-01,9.018402e-01,8.868933e-01,8.836148e-01
6.930000e-03,6.214475e+00,6.187452e+00,1.300703e+00,7.462810e-01,5.600754e-01,4.398251e-01,3.594354e-01,3.014129e-01,6.911365e-01,7.954519e-01,8.412168e-01,8.675688e-01,8.830948e-01,9.018377e-01,8.868931e-01,8.836139e-01
6.935000e-03,6.214537e+00,6.187511e+00,1.300962e+00,7.462810e-01,5.600754e-01,4.398251e-01,3.594354e-01,3.014130e-01,6.911237e-01,7.954441e-01,8.412125e-01,8.675640e-01,8.830912e-01,9.018351e-01,8.868929e-01,8.836130e-01
6.940000e-03,6.214599e+00,6.187572e+00,1.301231e+00,7.462810e-01,5.600754e-01,4.398251e-01,3.594354e-01,3.014130e-01,6.911109e-01,7.954359e-01,8.412073e-01,8.675594e-01,8.830876e-01,9.018326e-01,8.868929e-01,8.836123e-01
6.945000e-03,6.214661e+00,6.187633e+00,1.301506e+00,7.462810e-01,5.600754e-01,4.398251e-01,3.594354e-01,3.014130e-01,6.910982e-01,7.954282e-01,8.412012e-01,8.675548e-01,8.830842e-01,9.018302e-01,8.868930e-01,8.836116e-01
6.950000e-03,6.214724e+00,6.187696e+00,1.301785e+00,7.462810e-01,5.600754e-01,4.398251e-01,3.594354e-01,3.014130e-01,6.910863e-01,7.954206e-01,8.411957e-01,8.675506e-01,8.830808e-01,9.018279e-01,8.868929e-01,8.836110e-01
6.955000e-03,6.214787e+00,6.187758e+00,1.302067e+00,7.462810e-01,5.600754e-01,4.398251e-01,3.594354e-01,3.014131e-01,6.910749e-01,7.954131e-01,8.411908e-01,8.675472e-01,8.830774e-01,9.018256e-01,8.868929e-01,8.836106e-01
6.960000e-03,6.214851e+00,6.187821e+00,1.302351e+00,7.462810e-01,5.600754e-01,4.398251e-01,3.594354e-01,3.014131e-01,6.910638e-01,7.954054e-01,8.411860e-01,8.675438e-01,8.830740e-01,9.018234e-01,8.868929e-01,8.836102e-01
6.965000e-03,6.214914e+00,6.187884e+00,1.302633e+00,7.462810e-01,5.600754e-01,4.398251e-01,3.594354e-01,3.014131e-01,6.910529e-01,7.953975e-01,8.411811e-01,8.675400e-01,8.830706e-01,9.018213e-01,8.868930e-01,8.836098e-01
6.970000e-03,6.214979e+00,6.187947e+00,1.302899e+00,7.462810e-01,5.600754e-01,4.398251e-01,3.594354e-01,3.014132e-01,6.910423e-01,7.953899e-01,8.411762e-01,8.675360e-01,8.830676e-01,9.018193e-01,8.868932e-01,8.836094e-01
6.975000e-03,6.215043e+00,6.188008e+00,1.303150e+00,7.462810e-01,5.600754e-01,4.398251e-01,3.594354e-01,3.014132e-01,6.910324e-01,7.953829e-01,8.411715e-01,8.675320e-01,8.830652e-01,9.018173e-01,8.868933e-01,8.836090e-01
6.980000e-03,6.215106e+00,6.188067e+00,1.303394e+00,7.462810e-01,5.600754e-01,4.398251e-01,3.594354e-01,3.014132e-01,6.910213e-01,7.953761e-01,8.411667e-01,8.675282e-01,8.830630e-01,9.018152e-01,8.868935e-01,8.836086e-01
6.985000e-03,6.215168e+00,6.188125e+00,1.303634e+00,7.462810e-01,5.600754e-01,4.398251e-01,3.594354e-01,3.014132e-01,6.910089e-01,7.953696e-01,8.411617e-01,8.675247e-01,8.830607e-01,9.018132e-01,8.868937e-01,8.836083e-01
6.990000e-03,6.215229e+00,6.188182e+00,1.303869e+00,7.462810e-01,5.600754e-01,4.398251e-01,3.594354e-01,3.014133e-01,6.909959e-01,7.953633e-01,8.411566e-01,8.675214e-01,8.830584e-01,9.018114e-01,8.868940e-01,8.836080e-01
6.995000e-03,6.215290e+00,6.188239e+00,1.304103e+00,7.462810e-01,5.600754e-01,4.398251e-01,3.594354e-01,3.014133e-01,6.909828e-01,7.953575e-01,8.411519e-01,8.675182e-01,8.830559e-01,9.018101e-01,8.868941e-01,8.836077e-01
7.000000e-03,6.215350e+00,6.188295e+00,1.304333e+00,7.462810e-01,5.600754e-01,4.398251e-01,3.594354e-01,3.014133e-01,6.909696e-01,7.953527e-01,8.411477e-01,8.675150e-01,8.830533e-01,9.018090e-01,8.868942e-01,8.836075e-01
7.005000e-03,6.215410e+00,6.188350e+00,1.304561e+00,7.462810e-01,5.600754e-01,4.398251e-01,3.594354e-01,3.014133e-01,6.909566e-01,7.953474e-01,8.411438e-01,8.675114e-01,8.830509e-01,9.018079e-01,8.868943e-01,8.836073e-01
7.010000e-03,6.215468e+00,6.188406e+00,1.304786e+00,7.462810e-01,5.600754e-01,4.398251e-01,3.594354e-01,3.014134e-01,6.909438e-01,7.953417e-01,8.411398e-01,8.675077e-01,8.830486e-01,9.018069e-01,8.868947e-01,8.836070e-01
7.015000e-03,6.215526e+00,6.188461e+00,1.305009e+00,7.462810e-01,5.600754e-01,4.398251e-01,3.594354e-01,3.014134e-01,6.909313e-01,7.953358e-01,8.411362e-01,8.675042e-01,8.830466e-01,9.018059e-01,8.868954e-01,8.836067e-01
7.020000e-03,6.215584e+00,6.188515e+00,1.305230e+00,7.462810e-01,5.600754e-01,4.398251e-01,3.594354e-01,3.014134e-01,6.909189e-01,7.953303e-01,8.411335e-01,8.675010e-01,8.830447e-01,9.018049e-01,8.868961e-01,8.836063e-01
7.025000e-03,6.215640e+00,6.188568e+00,1.305449e+00,7.462810e-01,5.600754e-01,4.398251e-01,3.594354e-01,3.014134e-01,6.909069e-01,7.953247e-01,8.411311e-01,8.674982e-01,8.830425e-01,9.018038e-01,8.868968e-01,8.836062e-01
7.030000e-03,6.215696e+00,6.188621e+00,1.305666e+00,7.462810e-01,5.600754e-01,4.398251e-01,3.594354e-01,3.014134e-01,6.908952e-01,7.953181e-01,8.411282e-01,8.674955e-01,8.830401e-01,9.018028e-01,8.868976e-01,8.836062e-01
7.035000e-03,6.215751e+00,6.188674e+00,1.305881e+00,7.462810e-01,5.600754e-01,4.398251e-01,3.594354e-01,3.014134e-01,6.908838e-01,7.953114e-01,8.411250e-01,8.674932e-01,8.830378e-01,9.018019e-01,8.868983e-01,8.836065e-01
7.040000e-03,6.215806e+00,6.188725e+00,1.306095e+00,7.462810e-01,5.600754e-01,4.398251e-01,3.594354e-01,3.014135e-01,6.908726e-01,7.953052e-01,8.411219e-01,8.674916e-01,8.830355e-01,9.018010e-01,8.868991e-01,8.836067e-01
7.045000e-03,6.215860e+00,6.188776e+00,1.306306e+00,7.462810e-01,5.600754e-01,4.398251e-01,3.594354e-01,3.014135e-01,6.908616e-01,7.952989e-01,8.411190e-01,8.674905e-01,8.830335e-01,9.018001e-01,8.868998e-01,8.836069e-01
7.050000e-03,6.215913e+00,6.188826e+00,1.306514e+00,7.462810e-01,5.600754e-01,4.398251e-01,3.594354e-01,3.014135e-01,6.908508e-01,7.952925e-01,8.411160e-01,8.674894e-01,8.830317e-01,9.017991e-01,8.869006e-01,8.836072e-01
7.055000e-03,6.215965e+00,6.188876e+00,1.306720e+00,7.462810e-01,5.600754e-01,4.398251e-01,3.594354e-01,3.014135e-01,6.908401e-01,7.952864e-01,8.411126e-01,8.674878e-01,8.830304e-01,9.017980e-01,8.869013e-01,8.836075e-01
7.060000e-03,6.216016e+00,6.188925e+00,1.306924e+00,7.462810e-01,5.600754e-01,4.398251e-01,3.594354e-01,3.014135e-01,6.908297e-01,7.952805e-01,8.411095e-01,8.674860e-01,8.830298e-01,9.017970e-01,8.869019e-01,8.836079e-01
7.065000e-03,6.216067e+00,6.188973e+00,1.307125e+00,7.462810e-01,5.600754e-01,4.398251e-01,3.594354e-01,3.014135e-01,6.908196e-01,7.952747e-01,8.411065e-01,8.674841e-01,8.830297e-01,9.017960e-01,8.869024e-01,8.836083e-01
7.070000e-03,6.216117e+00,6.189020e+00,1.307323e+00,7.462810e-01,5.600754e-01,4.398251e-01,3.594354e-01,3.014135e-01,6.908096e-01,7.952692e-01,8.411033e-01,8.674821e-01,8.830298e-01,9.017952e-01,8.869028e-01,8.836087e-01
7.075000e-03,6.216167e+00,6.189067e+00,1.307519e+00,7.462810e-01,5.600754e-01,4.398251e-01,3.594354e-01,3.014136e-01,6.907999e-01,7.952638e-01,8.411000e-01,8.674801e-01,8.830296e-01,9.017948e-01,8.869031e-01,8.836090e-01
7.080000e-03,6.216215e+00,6.189113e+00,1.307713e+00,7.462810e-01,5.600754e-01,4.398251e-01,3.594354e-01,3.014136e-01,6.907905e-01,7.952587e-01,8.410966e-01,8.674782e-01,8.830293e-01,9.017951e-01,8.869035e-01,8.836093e-01
7.085000e-03,6.216263e+00,6.189159e+00,1.307904e+00,7.462810e-01,5.600754e-01,4.398251e-01,3.594354e-01,3.014136e-01,6.907813e-01,7.952537e-01,8.410934e-01,8.674764e-01,8.830287e-01,9.017959e-01,8.869038e-01,8.836094e-01
7.090000e-03,6.216310e+00,6.189203e+00,1.308092e+00,7.462810e-01,5.600754e-01,4.398251e-01,3.594354e-01,3.014136e-01,6.907723e-01,7.952488e-01,8.410903e-01,8.674748e-01,8.830278e-01,9.017970e-01,8.869042e-01,8.836095e-01
7.095000e-03,6.216356e+00,6.189247e+00,1.308278e+00,7.462810e-01,5.600754e-01,4.398251e-01,3.594354e-01,3.014136e-01,6.907636e-01,7.952440e-01,8.410873e-01,8.674731e-01,8.830267e-01,9.017982e-01,8.869050e-01,8.836095e-01
7.100000e-03,6.216401e+00,6.189290e+00,1.308462e+00,7.462810e-01,5.600754e-01,4.398251e-01,3.594354e-01,3.014136e-01,6.907552e-01,7.952395e-01,8.410845e-01,8.674715e-01,8.830257e-01,9.017993e-01,8.869062e-01,8.836095e-01
7.105000e-03,6.216446e+00,6.189332e+00,1.308642e+00,7.462810e-01,5.600754e-01,4.398251e-01,3.594354e-01,3.014136e-01,6.907467e-01,7.952351e-01,8.410817e-01,8.674698e-01,8.830248e-01,9.018001e-01,8.869078e-01,8.836096e-01
7.110000e-03,6.216489e+00,6.189374e+00,1.308819e+00,7.462810e-01,5.600754e-01,4.398251e-01,3.594354e-01,3.014136e-01,6.907386e-01,7.952309e-01,8.410791e-01,8.674681e-01,8.830240e-01,9.018007e-01,8.869095e-01,8.836098e-01
7.115000e-03,6.216532e+00,6.189414e+00,1.308992e+00,7.462810e-01,5.600754e-01,4.398251e-01,3.594354e-01,3.014136e-01,6.907306e-01,7.952268e-01,8.410765e-01,8.674665e-01,8.830233e-01,9.018008e-01,8.869113e-01,8.836103e-01
7.120000e-03,6.216574e+00,6.189454e+00,1.309163e+00,7.462810e-01,5.600754e-01,4.398251e-01,3.594354e-01,3.014136e-01,6.907230e-01,7.952230e-01,8.410739e-01,8.674651e-01,8.830227e-01,9.018008e-01,8.869130e-01,8.836111e-01
7.125000e-03,6.216615e+00,6.189493e+00,1.309331e+00,7.462810e-01,5.600754e-01,4.398251e-01,3.594354e-01,3.014136e-01,6.907155e-01,7.952193e-01,8.410718e-01,8.674637e-01,8.830221e-01,9.018007e-01,8.869147e-01,8.836121e-01
7.130000e-03,6.216655e+00,6.189531e+00,1.309496e+00,7.462810e-01,5.600754e-01,4.398251e-01,3.594354e-01,3.014137e-01,6.907083e-01,7.952158e-01,8.410698e-01,8.674623e-01,8.830214e-01,9.018007e-01,8.869162e-01,8.836132e-01
7.135000e-03,6.216694e+00,6.189569e+00,1.309658e+00,7.462810e-01,5.600754e-01,4.398251e-01,3.594354e-01,3.014137e-01,6.907013e-01,7.952125e-01,8.410676e-01,8.674610e-01,8.830208e-01,9.018008e-01,8.869174e-01,8.836145e-01
7.140000e-03,6.216732e+00,6.189606e+00,1.309817e+00,7.462810e-01,5.600754e-01,4.398251e-01,3.594354e-01,3.014137e-01,6.906946e-01,7.952094e-01,8.410654e-01,8.674597e-01,8.830202e-01,9.018011e-01,8.869185e-01,8.836158e-01
7.145000e-03,6.216770e+00,6.189641e+00,1.309973e+00,7.462810e-01,5.600754e-01,4.398251e-01,3.594354e-01,3.014137e-01,6.906881e-01,7.952065e-01,8.410634e-01,8.674586e-01,8.830196e-01,9.018014e-01,8.869195e-01,8.836170e-01
7.150000e-03,6.216806e+00,6.189676e+00,1.310123e+00,7.462810e-01,5.600754e-01,4.398251e-01,3.594354e-01,3.014137e-01,6.906812e-01,7.952037e-01,8.410617e-01,8.674576e-01,8.830192e-01,9.018019e-01,8.869204e-01,8.836182e-01
7.155000e-03,6.216842e+00,6.189711e+00,1.310271e+00,7.462810e-01,5.600754e-01,4.398251e-01,3.594354e-01,3.014137e-01,6.906746e-01,7.952014e-01,8.410601e-01,8.674567e-01,8.830188e-01,9.018023e-01,8.869212e-01,8.836192e-01
7.160000e-03,6.216877e+00,6.189744e+00,1.310415e+00,7.462810e-01,5.600754e-01,4.398251e-01,3.594354e-01,3.014137e-01,6.906683e-01,7.951996e-01,8.410586e-01,8.674557e-01,8.830184e-01,9.018029e-01,8.869222e-01,8.836200e-01
7.165000e-03,6.216911e+00,6.189777e+00,1.310555e+00,7.462810e-01,5.600754e-01,4.398251e-01,3.594354e-01,3.014137e-01,6.906622e-01,7.951972e-01,8.410572e-01,8.674546e-01,8.830181e-01,9.018034e-01,8.869232e-01,8.836207e-01
7.170000e-03,6.216946e+00,6.189810e+00,1.310689e+00,7.462810e-01,5.600754e-01,4.398251e-01,3.594354e-01,3.014137e-01,6.906568e-01,7.951945e-01,8.410558e-01,8.674535e-01,8.830179e-01,9.018040e-01,8.869242e-01,8.836213e-01
7.175000e-03,6.216979e+00,6.189841e+00,1.310821e+00,7.462810e-01,5.600754e-01,4.398251e-01,3.594354e-01,3.014137e-01,6.906511e-01,7.951928e-01,8.410547e-01,8.674527e-01,8.830178e-01,9.018046e-01,8.869253e-01,8.836219e-01
7.180000e-03,6.217011e+00,6.189872e+00,1.310948e+00,7.462810e-01,5.600754e-01,4.398251e-01,3.594354e-01,3.014137e-01,6.906451e-01,7.951910e-01,8.410540e-01,8.674521e-01,8.830177e-01,9.018052e-01,8.869264e-01,8.836225e-01
7.185000e-03,6.217042e+00,6.189901e+00,1.311072e+00,7.462810e-01,5.600754e-01,4.398251e-01,3.594354e-01,3.014137e-01,6.906395e-01,7.951889e-01,8.410534e-01,8.674517e-01,8.830174e-01,9.018058e-01,8.869275e-01,8.836231e-01
7.190000e-03,6.217072e+00,6.189930e+00,1.311190e+00,7.462810e-01,5.600754e-01,4.398251e-01,3.594354e-01,3.014137e-01,6.906342e-01,7.951874e-01,8.410524e-01,8.674512e-01,8.830172e-01,9.018064e-01,8.869286e-01,8.836238e-01
7.195000e-03,6.217100e+00,6.189957e+00,1.311305e+00,7.462810e-01,5.600754e-01,4.398251e-01,3.594354e-01,3.014137e-01,6.906292e-01,7.951866e-01,8.410516e-01,8.674507e-01,8.830169e-01,9.018071e-01,8.869296e-01,8.836246e-01
7.200000e-03,6.217128e+00,6.189984e+00,1.311416e+00,7.462810e-01,5.600754e-01,4.398251e-01,3.594354e-01,3.014137e-01,6.906243e-01,7.951852e-01,8.410509e-01,8.674507e-01,8.830168e-01,9.018077e-01,8.869306e-01,8.836254e-01
7.205000e-03,6.217155e+00,6.190009e+00,1.311524e+00,7.462810e-01,5.600754e-01,4.398251e-01,3.594354e-01,3.014138e-01,6.906197e-01,7.951837e-01,8.410503e-01,8.674508e-01,8.830168e-01,9.018081e-01,8.869315e-01,8.836263e-01
7.210000e-03,6.217181e+00,6.190034e+00,1.311627e+00,7.462810e-01,5.600754e-01,4.398251e-01,3.594354e-01,3.014138e-01,6.906153e-01,7.951826e-01,8.410499e-01,8.674508e-01,8.830167e-01,9.018085e-01,8.869325e-01,8.836271e-01
7.215000e-03,6.217205e+00,6.190057e+00,1.311728e+00,7.462810e-01,5.600754e-01,4.398251e-01,3.594354e-01,3.014138e-01,6.906112e-01,7.951815e-01,8.410501e-01,8.674508e-01,8.830167e-01,9.018089e-01,8.869334e-01,8.836279e-01
7.220000e-03,6.217229e+00,6.190080e+00,1.311825e+00,7.462810e-01,5.600754e-01,4.398251e-01,3.594354e-01,3.014138e-01,6.906073e-01,7.951804e-01,8.410504e-01,8.674507e-01,8.830170e-01,9.018092e-01,8.869341e-01,8.836287e-01
7.225000e-03,6.217252e+00,6.190102e+00,1.311918e+00,7.462810e-01,5.600754e-01,4.398251e-01,3.594354e-01,3.014138e-01,6.906037e-01,7.951794e-01,8.410503e-01,8.674505e-01,8.830173e-01,9.018095e-01,8.869348e-01,8.836295e-01
7.230000e-03,6.217274e+00,6.190123e+00,1.312008e+00,7.462810e-01,5.600754e-01,4.398251e-01,3.594354e-01,3.014138e-01,6.906003e-01,7.951785e-01,8.410502e-01,8.674506e-01,8.830176e-01,9.018097e-01,8.869353e-01,8.836302e-01
7.235000e-03,6.217294e+00,6.190143e+00,1.312095e+00,7.462810e-01,5.600754e-01,4.398251e-01,3.594354e-01,3.014138e-01,6.905972e-01,7.951777e-01,8.410502e-01,8.674512e-01,8.830178e-01,9.018101e-01,8.869357e-01,8.836309e-01
7.240000e-03,6.217314e+00,6.190162e+00,1.312178e+00,7.462810e-01,5.600754e-01,4.398251e-01,3.594354e-01,3.014138e-01,6.905943e-01,7.951770e-01,8.410504e-01,8.674519e-01,8.830180e-01,9.018106e-01,8.869361e-01,8.836315e-01
7.245000e-03,6.217333e+00,6.190181e+00,1.312258e+00,7.462810e-01,5.600754e-01,4.398251e-01,3.594354e-01,3.014138e-01,6.905916e-01,7.951764e-01,8.410507e-01,8.674526e-01,8.830180e-01,9.018111e-01,8.869363e-01,8.836319e-01
7.250000e-03,6.217351e+00,6.190198e+00,1.312334e+00,7.462810e-01,5.600754e-01,4.398251e-01,3.594354e-01,3.014138e-01,6.905891e-01,7.951760e-01,8.410509e-01,8.674530e-01,8.830182e-01,9.018117e-01,8.869364e-01,8.836324e-01
7.255000e-03,6.217368e+00,6.190215e+00,1.312407e+00,7.462810e-01,5.600754e-01,4.398251e-01,3.594354e-01,3.014138e-01,6.905869e-01,7.951758e-01,8.410512e-01,8.674534e-01,8.830186e-01,9.018122e-01,8.869366e-01,8.836327e-01
7.260000e-03,6.217384e+00,6.190231e+00,1.312477e+00,7.462810e-01,5.600754e-01,4.398251e-01,3.594354e-01,3.014138e-01,6.905850e-01,7.951756e-01,8.410514e-01,8.674538e-01,8.830192e-01,9.018126e-01,8.869368e-01,8.836329e-01
7.265000e-03,6.217399e+00,6.190245e+00,1.312544e+00,7.462810e-01,5.600754e-01,4.398251e-01,3.594354e-01,3.014138e-01,6.905832e-01,7.951755e-01,8.410517e-01,8.674543e-01,8.830199e-01,9.018129e-01,8.869370e-01,8.836331e-01
7.270000e-03,6.217413e+00,6.190259e+00,1.312607e+00,7.462810e-01,5.600754e-01,4.398251e-01,3.594354e-01,3.014138e-01,6.905817e-01,7.951756e-01,8.410520e-01,8.674548e-01,8.830206e-01,9.018132e-01,8.869371e-01,8.836332e-01
7.275000e-03,6.217426e+00,6.190272e+00,1.312667e+00,7.462810e-01,5.600754e-01,4.398251e-01,3.594354e-01,3.014138e-01,6.905803e-01,7.951757e-01,8.410524e-01,8.674554e-01,8.830212e-01,9.018137e-01,8.869371e-01,8.836333e-01
7.280000e-03,6.217438e+00,6.190285e+00,1.312723e+00,7.462810e-01,5.600754e-01,4.398251e-01,3.594354e-01,3.014138e-01,6.905792e-01,7.951760e-01,8.410529e-01,8.674560e-01,8.830216e-01,9.018142e-01,8.869371e-01,8.836334e-01
7.285000e-03,6.217450e+00,6.190296e+00,1.312777e+00,7.462810e-01,5.600754e-01,4.398251e-01,3.594354e-01,3.014138e-01,6.905783e-01,7.951763e-01,8.410534e-01,8.674565e-01,8.830220e-01,9.018148e-01,8.869369e-01,8.836335e-01
7.290000e-03,6.217460e+00,6.190307e+00,1.312827e+00,7.462810e-01,5.600754e-01,4.398251e-01,3.594354e-01,3.014138e-01,6.905775e-01,7.951767e-01,8.410539e-01,8.674570e-01,8.830224e-01,9.018154e-01,8.869368e-01,8.836335e-01
7.295000e-03,6.217469e+00,6.190316e+00,1.312873e+00,7.462810e-01,5.600754e-01,4.398251e-01,3.594354e-01,3.014138e-01,6.905769e-01,7.951772e-01,8.410545e-01,8.674576e-01,8.830228e-01,9.018160e-01,8.869367e-01,8.836334e-01
7.300000e-03,6.217478e+00,6.190325e+00,1.312917e+00,7.462810e-01,5.600754e-01,4.398251e-01,3.594354e-01,3.014138e-01,6.905766e-01,7.951777e-01,8.410551e-01,8.674581e-01,8.830232e-01,9.018166e-01,8.869367e-01,8.836332e-01
7.305000e-03,6.217486e+00,6.190334e+00,1.312957e+00,7.462810e-01,5.600754e-01,4.398251e-01,3.594354e-01,3.014138e-01,6.905763e-01,7.951784e-01,8.410558e-01,8.674588e-01,8.830236e-01,9.018171e-01,8.869366e-01,8.836331e-01
7.310000e-03,6.217493e+00,6.190341e+00,1.312994e+00,7.462810e-01,5.600754e-01,4.398251e-01,3.594354e-01,3.014138e-01,6.905763e-01,7.951790e-01,8.410565e-01,8.674594e-01,8.830240e-01,9.018174e-01,8.869365e-01,8.836329e-01
7.315000e-03,6.217499e+00,6.190347e+00,1.313028e+00,7.462810e-01,5.600754e-01,4.398251e-01,3.594354e-01,3.014138e-01,6.905764e-01,7.951798e-01,8.410573e-01,8.674601e-01,8.830244e-01,9.018177e-01,8.869363e-01,8.836328e-01
7.320000e-03,6.217504e+00,6.190353e+00,1.313059e+00,7.462810e-01,5.600754e-01,4.398251e-01,3.594354e-01,3.014138e-01,6.905767e-01,7.951806e-01,8.410581e-01,8.674607e-01,8.830247e-01,9.018180e-01,8.869361e-01,8.836326e-01
7.325000e-03,6.217508e+00,6.190358e+00,1.313087e+00,7.462810e-01,5.600754e-01,4.398251e-01,3.594354e-01,3.014138e-01,6.905771e-01,7.951815e-01,8.410589e-01,8.674614e-01,8.830251e-01,9.018182e-01,8.869359e-01,8.836324e-01
7.330000e-03,6.217512e+00,6.190363e+00,1.313112e+00,7.462810e-01,5.600754e-01,4.398251e-01,3.594354e-01,3.014138e-01,6.905776e-01,7.951825e-01,8.410597e-01,8.674620e-01,8.830255e-01,9.018185e-01,8.869356e-01,8.836321e-01
7.335000e-03,6.217515e+00,6.190366e+00,1.313134e+00,7.462810e-01,5.600754e-01,4.398251e-01,3.594354e-01,3.014138e-01,6.905784e-01,7.951835e-01,8.410606e-01,8.674627e-01,8.830259e-01,9.018187e-01,8.869352e-01,8.836317e-01
7.340000e-03,6.217517e+00,6.190369e+00,1.313153e+00,7.462810e-01,5.600754e-01,4.398251e-01,3.594354e-01,3.014138e-01,6.905792e-01,7.951845e-01,8.410615e-01,8.674634e-01,8.830264e-01,9.018190e-01,8.869348e-01,8.836313e-01
7.345000e-03,6.217519e+00,6.190372e+00,1.313169e+00,7.462810e-01,5.600754e-01,4.398251e-01,3.594354e-01,3.014138e-01,6.905802e-01,7.951856e-01,8.410624e-01,8.674641e-01,8.830268e-01,9.018192e-01,8.869344e-01,8.836309e-01
7.350000e-03,6.217520e+00,6.190373e+00,1.313183e+00,7.462810e-01,5.600754e-01,4.398251e-01,3.594354e-01,3.014138e-01,6.905813e-01,7.951867e-01,8.410634e-01,8.674648e-01,8.830272e-01,9.018194e-01,8.869339e-01,8.836305e-01
7.355000e-03,6.217520e+00,6.190374e+00,1.313194e+00,7.462810e-01,5.600754e-01,4.398251e-01,3.594354e-01,3.014138e-01,6.905826e-01,7.951879e-01,8.410643e-01,8.674655e-01,8.830276e-01,9.018197e-01,8.869335e-01,8.836299e-01
7.360000e-03,6.217519e+00,6.190375e+00,1.313202e+00,7.462810e-01,5.600754e-01,4.398251e-01,3.594354e-01,3.014138e-01,6.905840e-01,7.951891e-01,8.410653e-01,8.674662e-01,8.830280e-01,9.018200e-01,8.869331e-01,8.836293e-01
7.365000e-03,6.217518e+00,6.190374e+00,1.313208e+00,7.462810e-01,5.600754e-01,4.398251e-01,3.594354e-01,3.014138e-01,6.905855e-01,7.951904e-01,8.410663e-01,8.674670e-01,8.830284e-01,9.018202e-01,8.869326e-01,8.836286e-01
7.370000e-03,6.217516e+00,6.190374e+00,1.313212e+00,7.462810e-01,5.600754e-01,4.398251e-01,3.594354e-01,3.014138e-01,6.905870e-01,7.951917e-01,8.410673e-01,8.674677e-01,8.830288e-01,9.018204e-01,8.869323e-01,8.836279e-01
7.375000e-03,6.217514e+00,6.190372e+00,1.313213e+00,7.462810e-01,5.600754e-01,4.398251e-01,3.594354e-01,3.014138e-01,6.905887e-01,7.951930e-01,8.410684e-01,8.674685e-01,8.830292e-01,9.018206e-01,8.869319e-01,8.836271e-01
7.380000e-03,6.217511e+00,6.190370e+00,1.313212e+00,7.462810e-01,5.600754e-01,4.398251e-01,3.594354e-01,3.014138e-01,6.905905e-01,7.951943e-01,8.410694e-01,8.674693e-01,8.830296e-01,9.018208e-01,8.869315e-01,8.836263e-01
7.385000e-03,6.217507e+00,6.190368e+00,1.313208e+00,7.462810e-01,5.600754e-01,4.398251e-01,3.594354e-01,3.014138e-01,6.905924e-01,7.951957e-01,8.410705e-01,8.674700e-01,8.830300e-01,9.018209e-01,8.869312e-01,8.836255e-01
7.390000e-03,6.217503e+00,6.190365e+00,1.313202e+00,7.462810e-01,5.600754e-01,4.398251e-01,3.594354e-01,3.014138e-01,6.905943e-01,7.951971e-01,8.410716e-01,8.674708e-01,8.830304e-01,9.018210e-01,8.869308e-01,8.836247e-01
7.395000e-03,6.217498e+00,6.190361e+00,1.313194e+00,7.462810e-01,5.600754e-01,4.398251e-01,3.594354e-01,3.014138e-01,6.905964e-01,7.951986e-01,8.410727e-01,8.674716e-01,8.830307e-01,9.018210e-01,8.869304e-01,8.836238e-01
7.400000e-03,6.217493e+00,6.190357e+00,1.313185e+00,7.462810e-01,5.600754e-01,4.398251e-01,3.594354e-01,3.014138e-01,6.905985e-01,7.952000e-01,8.410738e-01,8.674723e-01,8.830310e-01,9.018211e-01,8.869300e-01,8.836230e-01
7.405000e-03,6.217487e+00,6.190353e+00,1.313173e+00,7.462810e-01,5.600754e-01,4.398251e-01,3.594354e-01,3.014138e-01,6.906007e-01,7.952015e-01,8.410749e-01,8.674731e-01,8.830314e-01,9.018210e-01,8.869296e-01,8.836221e-01
7.410000e-03,6.217481e+00,6.190348e+00,1.313159e+00,7.462810e-01,5.600754e-01,4.398251e-01,3.594354e-01,3.014138e-01,6.906030e-01,7.952030e-01,8.410761e-01,8.674739e-01,8.830317e-01,9.018209e-01,8.869292e-01,8.836212e-01
7.415000e-03,6.217475e+00,6.190343e+00,1.313143e+00,7.462810e-01,5.600754e-01,4.398251e-01,3.594354e-01,3.014138e-01,6.906053e-01,7.952045e-01,8.410772e-01,8.674746e-01,8.830319e-01,9.018208e-01,8.869287e-01,8.836202e-01
7.420000e-03,6.217468e+00,6.190337e+00,1.313126e+00,7.462810e-01,5.600754e-01,4.398251e-01,3.594354e-01,3.014138e-01,6.906077e-01,7.952061e-01,8.410783e-01,8.674754e-01,8.830322e-01,9.018207e-01,8.869282e-01,8.836193e-01
7.425000e-03,6.217461e+00,6.190331e+00,1.313107e+00,7.462810e-01,5.600754e-01,4.398251e-01,3.594354e-01,3.014138e-01,6.906102e-01,7.952076e-01,8.410795e-01,8.674761e-01,8.830325e-01,9.018205e-01,8.869276e-01,8.836183e-01
7.430000e-03,6.217453e+00,6.190324e+00,1.313086e+00,7.462810e-01,5.600754e-01,4.398251e-01,3.594354e-01,3.014138e-01,6.906127e-01,7.952092e-01,8.410806e-01,8.674768e-01,8.830327e-01,9.018202e-01,8.869270e-01,8.836172e-01
7.435000e-03,6.217445e+00,6.190318e+00,1.313064e+00,7.462810e-01,5.600754e-01,4.398251e-01,3.594354e-01,3.014138e-01,6.906153e-01,7.952108e-01,8.410817e-01,8.674776e-01,8.830329e-01,9.018199e-01,8.869264e-01,8.836161e-01
7.440000e-03,6.217436e+00,6.190310e+00,1.313040e+00,7.462810e-01,5.600754e-01,4.398251e-01,3.594354e-01,3.014138e-01,6.906179e-01,7.952124e-01,8.410829e-01,8.674782e-01,8.830331e-01,9.018196e-01,8.869257e-01,8.836150e-01
7.445000e-03,6.217428e+00,6.190303e+00,1.313015e+00,7.462810e-01,5.600754e-01,4.398251e-01,3.594354e-01,3.014138e-01,6.906206e-01,7.952139e-01,8.410840e-01,8.674789e-01,8.830333e-01,9.018192e-01,8.869249e-01,8.836138e-01
7.450000e-03,6.217418e+00,6.190295e+00,1.312989e+00,7.462810e-01,5.600754e-01,4.398251e-01,3.594354e-01,3.014138e-01,6.906233e-01,7.952155e-01,8.410851e-01,8.674796e-01,8.830334e-01,9.018188e-01,8.869241e-01,8.836126e-01
7.455000e-03,6.217409e+00,6.190287e+00,1.312961e+00,7.462810e-01,5.600754e-01,4.398251e-01,3.594354e-01,3.014138e-01,6.906260e-01,7.952171e-01,8.410861e-01,8.674802e-01,8.830336e-01,9.018183e-01,8.869232e-01,8.836113e-01
7.460000e-03,6.217399e+00,6.190279e+00,1.312932e+00,7.462810e-01,5.600754e-01,4.398251e-01,3.594354e-01,3.014138e-01,6.906288e-01,7.952187e-01,8.410872e-01,8.674808e-01,8.830336e-01,9.018178e-01,8.869223e-01,8.836100e-01
7.465000e-03,6.217390e+00,6.190270e+00,1.312902e+00,7.462810e-01,5.600754e-01,4.398251e-01,3.594354e-01,3.014138e-01,6.906316e-01,7.952202e-01,8.410882e-01,8.674813e-01,8.830337e-01,9.018172e-01,8.869213e-01,8.836087e-01
7.470000e-03,6.217379e+00,6.190261e+00,1.312871e+00,7.462810e-01,5.600754e-01,4.398251e-01,3.594354e-01,3.014138e-01,6.906344e-01,7.952218e-01,8.410892e-01,8.674819e-01,8.830338e-01,9.018166e-01,8.869203e-01,8.836073e-01
7.475000e-03,6.217369e+00,6.190252e+00,1.312839e+00,7.462810e-01,5.600754e-01,4.398251e-01,3.594354e-01,3.014138e-01,6.906372e-01,7.952233e-01,8.410902e-01,8.674824e-01,8.830338e-01,9.018160e-01,8.869191e-01,8.836059e-01
7.480000e-03,6.217359e+00,6.190243e+00,1.312805e+00,7.462810e-01,5.600754e-01,4.398251e-01,3.594354e-01,3.014138e-01,6.906401e-01,7.952248e-01,8.410912e-01,8.674829e-01,8.830337e-01,9.018153e-01,8.869180e-01,8.836045e-01
7.485000e-03,6.217348e+00,6.190234e+00,1.312771e+00,7.462810e-01,5.600754e-01,4.398251e-01,3.594354e-01,3.014138e-01,6.906429e-01,7.952263e-01,8.410921e-01,8.674833e-01,8.830337e-01,9.018145e-01,8.869167e-01,8.836030e-01
7.490000e-03,6.217337e+00,6.190224e+00,1.312736e+00,7.462810e-01,5.600754e-01,4.398251e-01,3.594354e-01,3.014138e-01,6.906457e-01,7.952277e-01,8.410930e-01,8.674837e-01,8.830336e-01,9.018137e-01,8.869154e-01,8.836015e-01
7.495000e-03,6.217326e+00,6.190214e+00,1.312701e+00,7.462810e-01,5.600754e-01,4.398251e-01,3.594354e-01,3.014138e-01,6.906485e-01,7.952292e-01,8.410938e-01,8.674841e-01,8.830334e-01,9.018129e-01,8.869140e-01,8.836000e-01
7.500000e-03,6.217315e+00,6.190204e+00,1.312664e+00,7.462810e-01,5.600754e-01,4.398251e-01,3.594354e-01,3.014138e-01,6.906514e-01,7.952305e-01,8.410947e-01,8.674844e-01,8.830333e-01,9.018120e-01,8.869126e-01,8.835984e-01
7.505000e-03,6.217304e+00,6.190194e+00,1.312627e+00,7.462810e-01,5.600754e-01,4.398251e-01,3.594354e-01,3.014138e-01,6.906541e-01,7.952319e-01,8.410954e-01,8.674847e-01,8.830331e-01,9.018111e-01,8.869111e-01,8.835968e-01
7.510000e-03,6.217292e+00,6.190184e+00,1.312589e+00,7.462810e-01,5.600754e-01,4.398251e-01,3.594354e-01,3.014138e-01,6.906569e-01,7.952332e-01,8.410962e-01,8.674850e-01,8.830328e-01,9.018101e-01,8.869095e-01,8.835952e-01
7.515000e-03,6.217281e+00,6.190174e+00,1.312551e+00,7.462810e-01,5.600754e-01,4.398251e-01,3.594354e-01,3.014138e-01,6.906597e-01,7.952345e-01,8.410969e-01,8.674852e-01,8.830326e-01,9.018090e-01,8.869079e-01,8.835935e-01
7.520000e-03,6.217270e+00,6.190164e+00,1.312512e+00,7.462810e-01,5.600754e-01,4.398251e-01,3.594354e-01,3.014138e-01,6.906624e-01,7.952357e-01,8.410975e-01,8.674854e-01,8.830323e-01,9.018080e-01,8.869063e-01,8.835918e-01
7.525000e-03,6.217258e+00,6.190153e+00,1.312473e+00,7.462810e-01,5.600754e-01,4.398251e-01,3.594354e-01,3.014138e-01,6.906651e-01,7.952369e-01,8.410981e-01,8.674855e-01,8.830319e-01,9.018069e-01,8.869046e-01,8.835901e-01
7.530000e-03,6.217247e+00,6.190143e+00,1.312434e+00,7.462810e-01,5.600754e-01,4.398251e-01,3.594354e-01,3.014138e-01,6.906677e-01,7.952381e-01,8.410987e-01,8.674856e-01,8.830315e-01,9.018057e-01,8.869028e-01,8.835884e-01
7.535000e-03,6.217235e+00,6.190133e+00,1.312394e+00,7.462810e-01,5.600754e-01,4.398251e-01,3.594354e-01,3.014138e-01,6.906703e-01,7.952392e-01,8.410992e-01,8.674856e-01,8.830311e-01,9.018046e-01,8.869010e-01,8.835866e-01
7.540000e-03,6.217224e+00,6.190122e+00,1.312354e+00,7.462810e-01,5.600754e-01,4.398251e-01,3.594354e-01,3.014138e-01,6.906729e-01,7.952402e-01,8.410997e-01,8.674856e-01,8.830306e-01,9.018033e-01,8.868992e-01,8.835847e-01
7.545000e-03,6.217213e+00,6.190112e+00,1.312314e+00,7.462810e-01,5.600754e-01,4.398251e-01,3.594354e-01,3.014138e-01,6.906753e-01,7.952412e-01,8.411001e-01,8.674855e-01,8.830301e-01,9.018021e-01,8.868973e-01,8.835829e-01
7.550000e-03,6.217201e+00,6.190102e+00,1.312275e+00,7.462810e-01,5.600754e-01,4.398251e-01,3.594354e-01,3.014138e-01,6.906778e-01,7.952422e-01,8.411004e-01,8.674854e-01,8.830296e-01,9.018008e-01,8.868955e-01,8.835810e-01
7.555000e-03,6.217190e+00,6.190092e+00,1.312235e+00,7.462810e-01,5.600754e-01,4.398251e-01,3.594354e-01,3.014138e-01,6.906802e-01,7.952431e-01,8.411008e-01,8.674853e-01,8.830290e-01,9.017995e-01,8.868936e-01,8.835791e-01
7.560000e-03,6.217179e+00,6.190081e+00,1.312195e+00,7.462810e-01,5.600754e-01,4.398251e-01,3.594354e-01,3.014138e-01,6.906825e-01,7.952439e-01,8.411010e-01,8.674851e-01,8.830284e-01,9.017981e-01,8.868917e-01,8.835771e-01
7.565000e-03,6.217168e+00,6.190071e+00,1.312156e+00,7.462810e-01,5.600754e-01,4.398251e-01,3.594354e-01,3.014138e-01,6.906847e-01,7.952447e-01,8.411012e-01,8.674849e-01,8.830277e-01,9.017967e-01,8.868897e-01,8.835751e-01
7.570000e-03,6.217158e+00,6.190062e+00,1.312116e+00,7.462810e-01,5.600754e-01,4.398251e-01,3.594354e-01,3.014138e-01,6.906869e-01,7.952454e-01,8.411013e-01,8.674846e-01,8.830270e-01,9.017952e-01,8.868878e-01,8.835731e-01
7.575000e-03,6.217147e+00,6.190052e+00,1.312077e+00,7.462810e-01,5.600754e-01,4.398251e-01,3.594354e-01,3.014138e-01,6.906890e-01,7.952460e-01,8.411014e-01,8.674842e-01,8.830262e-01,9.017938e-01,8.868858e-01,8.835711e-01
7.580000e-03,6.217137e+00,6.190042e+00,1.312039e+00,7.462810e-01,5.600754e-01,4.398251e-01,3.594354e-01,3.014138e-01,6.906910e-01,7.952466e-01,8.411015e-01,8.674839e-01,8.830255e-01,9.017922e-01,8.868839e-01,8.835691e-01
7.585000e-03,6.217127e+00,6.190033e+00,1.312001e+00,7.462810e-01,5.600754e-01,4.398251e-01,3.594354e-01,3.014138e-01,6.906929e-01,7.952471e-01,8.411014e-01,8.674834e-01,8.830246e-01,9.017907e-01,8.868819e-01,8.835670e-01
7.590000e-03,6.217117e+00,6.190023e+00,1.311963e+00,7.462810e-01,5.600754e-01,4.398251e-01,3.594354e-01,3.014138e-01,6.906947e-01,7.952476e-01,8.411014e-01,8.674830e-01,8.830238e-01,9.017891e-01,8.868799e-01,8.835649e-01
7.595000e-03,6.217107e+00,6.190014e+00,1.311926e+00,7.462810e-01,5.600754e-01,4.398251e-01,3.594354e-01,3.014138e-01,6.906965e-01,7.952479e-01,8.411012e-01,8.674824e-01,8.830229e-01,9.017875e-01,8.868779e-01,8.835628e-01
7.600000e-03,6.217098e+00,6.190006e+00,1.311890e+00,7.462810e-01,5.600754e-01,4.398251e-01,3.594354e-01,3.014138e-01,6.906981e-01,7.952483e-01,8.411011e-01,8.674819e-01,8.830219e-01,9.017859e-01,8.868759e-01,8.835607e-01
7.605000e-03,6.217089e+00,6.189997e+00,1.311854e+00,7.462810e-01,5.600754e-01,4.398251e-01,3.594354e-01,3.014138e-01,6.906997e-01,7.952485e-01,8.411008e-01,8.674813e-01,8.830209e-01,9.017842e-01,8.868739e-01,8.835586e-01
7.610000e-03,6.217080e+00,6.189989e+00,1.311819e+00,7.462810e-01,5.600754e-01,4.398251e-01,3.594354e-01,3.014138e-01,6.907011e-01,7.952487e-01,8.411005e-01,8.674806e-01,8.830199e-01,9.017825e-01,8.868719e-01,8.835564e-01
7.615000e-03,6.217072e+00,6.189981e+00,1.311785e+00,7.462810e-01,5.600754e-01,4.398251e-01,3.594354e-01,3.014138e-01,6.907025e-01,7.952489e-01,8.411001e-01,8.674799e-01,8.830188e-01,9.017808e-01,8.868700e-01,8.835542e-01
7.620000e-03,6.217063e+00,6.189973e+00,1.311752e+00,7.462810e-01,5.600754e-01,4.398251e-01,3.594354e-01,3.014138e-01,6.907037e-01,7.952489e-01,8.410997e-01,8.674792e-01,8.830177e-01,9.017790e-01,8.868680e-01,8.835520e-01
7.625000e-03,6.217056e+00,6.189965e+00,1.311720e+00,7.462810e-01,5.600754e-01,4.398251e-01,3.594354e-01,3.014138e-01,6.907048e-01,7.952489e-01,8.410992e-01,8.674784e-01,8.830166e-01,9.017772e-01,8.868660e-01,8.835498e-01
7.630000e-03,6.217048e+00,6.189958e+00,1.311689e+00,7.462810e-01,5.600754e-01,4.398251e-01,3.594354e-01,3.014138e-01,6.907058e-01,7.952489e-01,8.410987e-01,8.674776e-01,8.830154e-01,9.017753e-01,8.868640e-01,8.835476e-01
7.635000e-03,6.217041e+00,6.189951e+00,1.311659e+00,7.462810e-01,5.600754e-01,4.398251e-01,3.594354e-01,3.014138e-01,6.907067e-01,7.952487e-01,8.410981e-01,8.674767e-01,8.830142e-01,9.017735e-01,8.868620e-01,8.835454e-01
7.640000e-03,6.217034e+00,6.189944e+00,1.311630e+00,7.462810e-01,5.600754e-01,4.398251e-01,3.594354e-01,3.014138e-01,6.907075e-01,7.952485e-01,8.410975e-01,8.674757e-01,8.830129e-01,9.017715e-01,8.868601e-01,8.835432e-01
7.645000e-03,6.217028e+00,6.189938e+00,1.311602e+00,7.462810e-01,5.600754e-01,4.398251e-01,3.594354e-01,3.014138e-01,6.907082e-01,7.952482e-01,8.410968e-01,8.674747e-01,8.830116e-01,9.017696e-01,8.868581e-01,8.835410e-01
7.650000e-03,6.217022e+00,6.189932e+00,1.311576e+00,7.462810e-01,5.600754e-01,4.398251e-01,3.594354e-01,3.014138e-01,6.907087e-01,7.952479e-01,8.410960e-01,8.674737e-01,8.830103e-01,9.017676e-01,8.868561e-01,8.835388e-01
7.655000e-03,6.217017e+00,6.189927e+00,1.311551e+00,7.462810e-01,5.600754e-01,4.398251e-01,3.594354e-01,3.014138e-01,6.907092e-01,7.952474e-01,8.410952e-01,8.674726e-01,8.830089e-01,9.017657e-01,8.868541e-01,8.835365e-01
7.660000e-03,6.217012e+00,6.189922e+00,1.311527e+00,7.462810e-01,5.600754e-01,4.398251e-01,3.594354e-01,3.014138e-01,6.907095e-01,7.952469e-01,8.410944e-01,8.674715e-01,8.830075e-01,9.017636e-01,8.868521e-01,8.835343e-01
7.665000e-03,6.217007e+00,6.189917e+00,1.311504e+00,7.462810e-01,5.600754e-01,4.398251e-01,3.594354e-01,3.014138e-01,6.907096e-01,7.952464e-01,8.410935e-01,8.674704e-01,8.830061e-01,9.017616e-01,8.868501e-01,8.835320e-01
7.670000e-03,6.217003e+00,6.189913e+00,1.311483e+00,7.462810e-01,5.600754e-01,4.398251e-01,3.594354e-01,3.014138e-01,6.907097e-01,7.952457e-01,8.410925e-01,8.674692e-01,8.830046e-01,9.017596e-01,8.868481e-01,8.835298e-01
7.675000e-03,6.216999e+00,6.189909e+00,1.311463e+00,7.462810e-01,5.600754e-01,4.398251e-01,3.594354e-01,3.014138e-01,6.907096e-01,7.952450e-01,8.410915e-01,8.674679e-01,8.830031e-01,9.017575e-01,8.868461e-01,8.835275e-01
7.680000e-03,6.216996e+00,6.189905e+00,1.311445e+00,7.462810e-01,5.600754e-01,4.398251e-01,3.594354e-01,3.014138e-01,6.907094e-01,7.952442e-01,8.410904e-01,8.674666e-01,8.830015e-01,9.017554e-01,8.868441e-01,8.835253e-01
7.685000e-03,6.216993e+00,6.189902e+00,1.311428e+00,7.462810e-01,5.600754e-01,4.398251e-01,3.594354e-01,3.014138e-01,6.907091e-01,7.952433e-01,8.410893e-01,8.674653e-01,8.830000e-01,9.017532e-01,8.868421e-01,8.835230e-01
7.690000e-03,6.216991e+00,6.189899e+00,1.311413e+00,7.462810e-01,5.600754e-01,4.398251e-01,3.594354e-01,3.014138e-01,6.907086e-01,7.952424e-01,8.410881e-01,8.674639e-01,8.829984e-01,9.017511e-01,8.868401e-01,8.835208e-01
7.695000e-03,6.216989e+00,6.189897e+00,1.311400e+00,7.462810e-01,5.600754e-01,4.398251e-01,3.594354e-01,3.014138e-01,6.907081e-01,7.952414e-01,8.410869e-01,8.674625e-01,8.829968e-01,9.017489e-01,8.868381e-01,8.835185e-01
7.700000e-03,6.216988e+00,6.189895e+00,1.311388e+00,7.462810e-01,5.600754e-01,4.398251e-01,3.594354e-01,3.014138e-01,6.907073e-01,7.952403e-01,8.410856e-01,8.674611e-01,8.829951e-01,9.017467e-01,8.868361e-01,8.835163e-01
7.705000e-03,6.216987e+00,6.189894e+00,1.311377e+00,7.462810e-01,5.600754e-01,4.398251e-01,3.594354e-01,3.014138e-01,6.907065e-01,7.952391e-01,8.410843e-01,8.674596e-01,8.829934e-01,9.017445e-01,8.868341e-01,8.835140e-01
7.710000e-03,6.216987e+00,6.189893e+00,1.311369e+00,7.462810e-01,5.600754e-01,4.398251e-01,3.594354e-01,3.014138e-01,6.907055e-01,7.952379e-01,8.410829e-01,8.674580e-01,8.829917e-01,9.017423e-01,8.868321e-01,8.835118e-01
7.715000e-03,6.216987e+00,6.189893e+00,1.311362e+00,7.462810e-01,5.600754e-01,4.398251e-01,3.594354e-01,3.014138e-01,6.907044e-01,7.952366e-01,8.410815e-01,8.674565e-01,8.829900e-01,9.017400e-01,8.868301e-01,8.835096e-01
7.720000e-03,6.216988e+00,6.189893e+00,1.311356e+00,7.462810e-01,5.600754e-01,4.398251e-01,3.594354e-01,3.014138e-01,6.907031e-01,7.952352e-01,8.410800e-01,8.674549e-01,8.829883e-01,9.017378e-01,8.868281e-01,8.835074e-01
7.725000e-03,6.216989e+00,6.189893e+00,1.311353e+00,7.462810e-01,5.600754e-01,4.398251e-01,3.594354e-01,3.014138e-01,6.907017e-01,7.952337e-01,8.410784e-01,8.674532e-01,8.829865e-01,9.017355e-01,8.868261e-01,8.835052e-01
7.730000e-03,6.216991e+00,6.189894e+00,1.311351e+00,7.462810e-01,5.600754e-01,4.398251e-01,3.594354e-01,3.014138e-01,6.907002e-01,7.952322e-01,8.410768e-01,8.674515e-01,8.829847e-01,9.017332e-01,8.868242e-01,8.835030e-01
7.735000e-03,6.216994e+00,6.189895e+00,1.311351e+00,7.462810e-01,5.600754e-01,4.398251e-01,3.594354e-01,3.014138e-01,6.906986e-01,7.952306e-01,8.410752e-01,8.674498e-01,8.829829e-01,9.017309e-01,8.868222e-01,8.835007e-01
7.740000e-03,6.216997e+00,6.189897e+00,1.311352e+00,7.462810e-01,5.600754e-01,4.398251e-01,3.594354e-01,3.014138e-01,6.906968e-01,7.952289e-01,8.410735e-01,8.674481e-01,8.829810e-01,9.017286e-01,8.868202e-01,8.834985e-01
7.745000e-03,6.217000e+00,6.189900e+00,1.311356e+00,7.462810e-01,5.600754e-01,4.398251e-01,3.594354e-01,3.014138e-01,6.906949e-01,7.952272e-01,8.410718e-01,8.674463e-01,8.829791e-01,9.017263e-01,8.868183e-01,8.834963e-01
7.750000e-03,6.217004e+00,6.189902e+00,1.311361e+00,7.462810e-01,5.600754e-01,4.398251e-01,3.594354e-01,3.014138e-01,6.906928e-01,7.952254e-01,8.410700e-01,8.674444e-01,8.829772e-01,9.017240e-01,8.868163e-01,8.834942e-01
7.755000e-03,6.217008e+00,6.189906e+00,1.311368e+00,7.462810e-01,5.600754e-01,4.398251e-01,3.594354e-01,3.014138e-01,6.906907e-01,7.952235e-01,8.410681e-01,8.674426e-01,8.829753e-01,9.017217e-01,8.868144e-01,8.834920e-01
7.760000e-03,6.217013e+00,6.189910e+00,1.311377e+00,7.462810e-01,5.600754e-01,4.398251e-01,3.594354e-01,3.014138e-01,6.906883e-01,7.952215e-01,8.410663e-01,8.674407e-01,8.829734e-01,9.017193e-01,8.868125e-01,8.834898e-01
7.765000e-03,6.217019e+00,6.189914e+00,1.311387e+00,7.462810e-01,5.600754e-01,4.398251e-01,3.594354e-01,3.014138e-01,6.906859e-01,7.952195e-01,8.410643e-01,8.674387e-01,8.829714e-01,9.017170e-01,8.868106e-01,8.834877e-01
7.770000e-03,6.217025e+00,6.189919e+00,1.311400e+00,7.462810e-01,5.600754e-01,4.398251e-01,3.594354e-01,3.014138e-01,6.906833e-01,7.952174e-01,8.410624e-01,8.674368e-01,8.829694e-01,9.017146e-01,8.868087e-01,8.834855e-01
7.775000e-03,6.217032e+00,6.189924e+00,1.311414e+00,7.462810e-01,5.600754e-01,4.398251e-01,3.594354e-01,3.014138e-01,6.906806e-01,7.952153e-01,8.410603e-01,8.674348e-01,8.829674e-01,9.017123e-01,8.868069e-01,8.834834e-01
7.780000e-03,6.217039e+00,6.189930e+00,1.311431e+00,7.462810e-01,5.600754e-01,4.398251e-01,3.594354e-01,3.014138e-01,6.906778e-01,7.952130e-01,8.410583e-01,8.674327e-01,8.829654e-01,9.017099e-01,8.868050e-01,8.834813e-01
7.785000e-03,6.217047e+00,6.189936e+00,1.311449e+00,7.462810e-01,5.600754e-01,4.398251e-01,3.594354e-01,3.014138e-01,6.906749e-01,7.952108e-01,8.410561e-01,8.674307e-01,8.829634e-01,9.017076e-01,8.868032e-01,8.834792e-01
7.790000e-03,6.217055e+00,6.189943e+00,1.311469e+00,7.462810e-01,5.600754e-01,4.398251e-01,3.594354e-01,3.014138e-01,6.906718e-01,7.952084e-01,8.410540e-01,8.674286e-01,8.829614e-01,9.017052e-01,8.868014e-01,8.834772e-01
7.795000e-03,6.217064e+00,6.189950e+00,1.311490e+00,7.462810e-01,5.600754e-01,4.398251e-01,3.594354e-01,3.014138e-01,6.906686e-01,7.952060e-01,8.410518e-01,8.674265e-01,8.829593e-01,9.017029e-01,8.867996e-01,8.834751e-01
7.800000e-03,6.217073e+00,6.189958e+00,1.311514e+00,7.462810e-01,5.600754e-01,4.398251e-01,3.594354e-01,3.014138e-01,6.906652e-01,7.952035e-01,8.410495e-01,8.674243e-01,8.829572e-01,9.017006e-01,8.867978e-01,8.834731e-01
7.805000e-03,6.217083e+00,6.189966e+00,1.311540e+00,7.462810e-01,5.600754e-01,4.398251e-01,3.594354e-01,3.014138e-01,6.906618e-01,7.952010e-01,8.410473e-01,8.674221e-01,8.829552e-01,9.016982e-01,8.867961e-01,8.834711e-01
7.810000e-03,6.217093e+00,6.189974e+00,1.311567e+00,7.462810e-01,5.600754e-01,4.398251e-01,3.594354e-01,3.014138e-01,6.906582e-01,7.951984e-01,8.410449e-01,8.674199e-01,8.829531e-01,9.016959e-01,8.867944e-01,8.834691e-01
7.815000e-03,6.217104e+00,6.189984e+00,1.311596e+00,7.462810e-01,5.600754e-01,4.398251e-01,3.594354e-01,3.014138e-01,6.906545e-01,7.951958e-01,8.410426e-01,8.674177e-01,8.829510e-01,9.016936e-01,8.867927e-01,8.834671e-01
7.820000e-03,6.217115e+00,6.189993e+00,1.311627e+00,7.462810e-01,5.600754e-01,4.398251e-01,3.594354e-01,3.014138e-01,6.906507e-01,7.951930e-01,8.410402e-01,8.674155e-01,8.829489e-01,9.016912e-01,8.867910e-01,8.834652e-01
7.825000e-03,6.217127e+00,6.190003e+00,1.311660e+00,7.462810e-01,5.600754e-01,4.398251e-01,3.594354e-01,3.014138e-01,6.906468e-01,7.951903e-01,8.410377e-01,8.674132e-01,8.829467e-01,9.016889e-01,8.867893e-01,8.834633e-01
7.830000e-03,6.217139e+00,6.190014e+00,1.311695e+00,7.462810e-01,5.600754e-01,4.398251e-01,3.594354e-01,3.014138e-01,6.906428e-01,7.951875e-01,8.410353e-01,8.674109e-01,8.829446e-01,9.016866e-01,8.867877e-01,8.834614e-01
7.835000e-03,6.217152e+00,6.190025e+00,1.311731e+00,7.462810e-01,5.600754e-01,4.398251e-01,3.594354e-01,3.014138e-01,6.906387e-01,7.951846e-01,8.410328e-01,8.674086e-01,8.829425e-01,9.016843e-01,8.867861e-01,8.834595e-01
7.840000e-03,6.217166e+00,6.190036e+00,1.311769e+00,7.462810e-01,5.600754e-01,4.398251e-01,3.594354e-01,3.014138e-01,6.906344e-01,7.951817e-01,8.410303e-01,8.674063e-01,8.829403e-01,9.016820e-01,8.867845e-01,8.834576e-01
7.845000e-03,6.217180e+00,6.190048e+00,1.311809e+00,7.462810e-01,5.600754e-01,4.398251e-01,3.594354e-01,3.014138e-01,6.906300e-01,7.951787e-01,8.410277e-01,8.674040e-01,8.829382e-01,9.016797e-01,8.867830e-01,8.834558e-01
7.850000e-03,6.217194e+00,6.190060e+00,1.311851e+00,7.462810e-01,5.600754e-01,4.398251e-01,3.594354e-01,3.014138e-01,6.906256e-01,7.951757e-01,8.410251e-01,8.674016e-01,8.829360e-01,9.016774e-01,8.867814e-01,8.834540e-01
7.855000e-03,6.217209e+00,6.190073e+00,1.311894e+00,7.462810e-01,5.600754e-01,4.398251e-01,3.594354e-01,3.014138e-01,6.906210e-01,7.951726e-01,8.410225e-01,8.673992e-01,8.829338e-01,9.016752e-01,8.867799e-01,8.834522e-01
7.860000e-03,6.217224e+00,6.190086e+00,1.311940e+00,7.462810e-01,5.600754e-01,4.398251e-01,3.594354e-01,3.014138e-01,6.906163e-01,7.951695e-01,8.410198e-01,8.673968e-01,8.829317e-01,9.016729e-01,8.867785e-01,8.834505e-01
7.865000e-03,6.217240e+00,6.190100e+00,1.311987e+00,7.462810e-01,5.600754e-01,4.398251e-01,3.594354e-01,3.014138e-01,6.906116e-01,7.951663e-01,8.410172e-01,8.673945e-01,8.829295e-01,9.016707e-01,8.867770e-01,8.834488e-01
7.870000e-03,6.217256e+00,6.190114e+00,1.312035e+00,7.462810e-01,5.600754e-01,4.398251e-01,3.594354e-01,3.014138e-01,6.906067e-01,7.951631e-01,8.410145e-01,8.673920e-01,8.829274e-01,9.016685e-01,8.867756e-01,8.834471e-01
7.875000e-03,6.217273e+00,6.190129e+00,1.312086e+00,7.462810e-01,5.600754e-01,4.398251e-01,3.594354e-01,3.014138e-01,6.906018e-01,7.951598e-01,8.410118e-01,8.673896e-01,8.829252e-01,9.016663e-01,8.867742e-01,8.834454e-01
7.880000e-03,6.217290e+00,6.190144e+00,1.312138e+00,7.462810e-01,5.600754e-01,4.398251e-01,3.594354e-01,3.014138e-01,6.905967e-01,7.951566e-01,8.410091e-01,8.673872e-01,8.829230e-01,9.016641e-01,8.867728e-01,8.834437e-01
7.885000e-03,6.217308e+00,6.190159e+00,1.312191e+00,7.462810e-01,5.600754e-01,4.398251e-01,3.594354e-01,3.014138e-01,6.905916e-01,7.951532e-01,8.410063e-01,8.673848e-01,8.829209e-01,9.016619e-01,8.867715e-01,8.834421e-01
7.890000e-03,6.217326e+00,6.190175e+00,1.312246e+00,7.462810e-01,5.600754e-01,4.398251e-01,3.594354e-01,3.014138e-01,6.905864e-01,7.951499e-01,8.410035e-01,8.673823e-01,8.829187e-01,9.016598e-01,8.867702e-01,8.834405e-01
7.895000e-03,6.217344e+00,6.190191e+00,1.312303e+00,7.462810e-01,5.600754e-01,4.398251e-01,3.594354e-01,3.014138e-01,6.905811e-01,7.951466e-01,8.410007e-01,8.673799e-01,8.829166e-01,9.016576e-01,8.867689e-01,8.834389e-01
7.900000e-03,6.217363e+00,6.190207e+00,1.312362e+00,7.462810e-01,5.600754e-01,4.398251e-01,3.594354e-01,3.014138e-01,6.905757e-01,7.951432e-01,8.409979e-01,8.673775e-01,8.829144e-01,9.016555e-01,8.867677e-01,8.834374e-01
7.905000e-03,6.217382e+00,6.190224e+00,1.312421e+00,7.462810e-01,5.600754e-01,4.398251e-01,3.594354e-01,3.014138e-01,6.905703e-01,7.951397e-01,8.409951e-01,8.673750e-01,8.829123e-01,9.016534e-01,8.867664e-01,8.834359e-01
7.910000e-03,6.217402e+00,6.190241e+00,1.312483e+00,7.462810e-01,5.600754e-01,4.398251e-01,3.594354e-01,3.014138e-01,6.905647e-01,7.951363e-01,8.409922e-01,8.673726e-01,8.829101e-01,9.016513e-01,8.867652e-01,8.834344e-01
7.915000e-03,6.217422e+00,6.190259e+00,1.312546e+00,7.462810e-01,5.600754e-01,4.398251e-01,3.594354e-01,3.014138e-01,6.905591e-01,7.951328e-01,8.409894e-01,8.673701e-01,8.829080e-01,9.016493e-01,8.867641e-01,8.834330e-01
7.920000e-03,6.217443e+00,6.190277e+00,1.312610e+00,7.462810e-01,5.600754e-01,4.398251e-01,3.594354e-01,3.014138e-01,6.905535e-01,7.951294e-01,8.409865e-01,8.673676e-01,8.829059e-01,9.016472e-01,8.867629e-01,8.834315e-01
7.925000e-03,6.217463e+00,6.190295e+00,1.312676e+00,7.462810e-01,5.600754e-01,4.398251e-01,3.594354e-01,3.014138e-01,6.905477e-01,7.951258e-01,8.409837e-01,8.673651e-01,8.829038e-01,9.016452e-01,8.867618e-01,8.834301e-01
7.930000e-03,6.217485e+00,6.190314e+00,1.312743e+00,7.462810e-01,5.600754e-01,4.398251e-01,3.594354e-01,3.014138e-01,6.905420e-01,7.951223e-01,8.409808e-01,8.673627e-01,8.829017e-01,9.016432e-01,8.867608e-01,8.834287e-01
7.935000e-03,6.217506e+00,6.190333e+00,1.312812e+00,7.462810e-01,5.600754e-01,4.398251e-01,3.594354e-01,3.014138e-01,6.905361e-01,7.951188e-01,8.409780e-01,8.673602e-01,8.828996e-01,9.016412e-01,8.867597e-01,8.834274e-01
7.940000e-03,6.217528e+00,6.190352e+00,1.312881e+00,7.462810e-01,5.600754e-01,4.398251e-01,3.594354e-01,3.014138e-01,6.905302e-01,7.951152e-01,8.409751e-01,8.673578e-01,8.828975e-01,9.016393e-01,8.867587e-01,8.834261e-01
7.945000e-03,6.217550e+00,6.190371e+00,1.312952e+00,7.462810e-01,5.600754e-01,4.398251e-01,3.594354e-01,3.014138e-01,6.905243e-01,7.951116e-01,8.409722e-01,8.673553e-01,8.828954e-01,9.016374e-01,8.867577e-01,8.834248e-01
7.950000e-03,6.217572e+00,6.190391e+00,1.313024e+00,7.462810e-01,5.600754e-01,4.398251e-01,3.594354e-01,3.014138e-01,6.905183e-01,7.951081e-01,8.409694e-01,8.673529e-01,8.828933e-01,9.016355e-01,8.867567e-01,8.834235e-01
7.955000e-03,6.217595e+00,6.190411e+00,1.313097e+00,7.462810e-01,5.600754e-01,4.398251e-01,3.594354e-01,3.014138e-01,6.905123e-01,7.951045e-01,8.409665e-01,8.673505e-01,8.828912e-01,9.016337e-01,8.867558e-01,8.834223e-01
7.960000e-03,6.217618e+00,6.190432e+00,1.313172e+00,7.462810e-01,5.600754e-01,4.398251e-01,3.594354e-01,3.014138e-01,6.905064e-01,7.951009e-01,8.409637e-01,8.673481e-01,8.828891e-01,9.016319e-01,8.867549e-01,8.834211e-01
7.965000e-03,6.217642e+00,6.190453e+00,1.313248e+00,7.462810e-01,5.600754e-01,4.398251e-01,3.594354e-01,3.014138e-01,6.905004e-01,7.950972e-01,8.409608e-01,8.673457e-01,8.828871e-01,9.016301e-01,8.867540e-01,8.834199e-01
7.970000e-03,6.217666e+00,6.190474e+00,1.313325e+00,7.462810e-01,5.600754e-01,4.398251e-01,3.594354e-01,3.014138e-01,6.904944e-01,7.950936e-01,8.409579e-01,8.673433e-01,8.828850e-01,9.016283e-01,8.867532e-01,8.834187e-01
7.975000e-03,6.217690e+00,6.190495e+00,1.313404e+00,7.462810e-01,5.600754e-01,4.398251e-01,3.594354e-01,3.014138e-01,6.904883e-01,7.950900e-01,8.409551e-01,8.673409e-01,8.828831e-01,9.016265e-01,8.867523e-01,8.834176e-01
7.980000e-03,6.217714e+00,6.190517e+00,1.313484e+00,7.462810e-01,5.600754e-01,4.398251e-01,3.594354e-01,3.014138e-01,6.904823e-01,7.950865e-01,8.409523e-01,8.673385e-01,8.828811e-01,9.016248e-01,8.867515e-01,8.834165e-01
7.985000e-03,6.217738e+00,6.190539e+00,1.313565e+00,7.462810e-01,5.600754e-01,4.398251e-01,3.594354e-01,3.014138e-01,6.904761e-01,7.950829e-01,8.409494e-01,8.673361e-01,8.828791e-01,9.016231e-01,8.867507e-01,8.834154e-01
7.990000e-03,6.217763e+00,6.190561e+00,1.313647e+00,7.462810e-01,5.600754e-01,4.398251e-01,3.594354e-01,3.014138e-01,6.904700e-01,7.950793e-01,8.409465e-01,8.673338e-01,8.828772e-01,9.016214e-01,8.867499e-01,8.834144e-01
7.995000e-03,6.217788e+00,6.190583e+00,1.313730e+00,7.462810e-01,5.600754e-01,4.398251e-01,3.594354e-01,3.014138e-01,6.904638e-01,7.950757e-01,8.409437e-01,8.673314e-01,8.828752e-01,9.016197e-01,8.867492e-01,8.834133e-01
8.000000e-03,6.217813e+00,6.190606e+00,1.313815e+00,7.462810e-01,5.600754e-01,4.398251e-01,3.594354e-01,3.014138e-01,6.904576e-01,7.950722e-01,8.409409e-01,8.673291e-01,8.828733e-01,9.016181e-01,8.867484e-01,8.834123e-01
8.005000e-03,6.217839e+00,6.190628e+00,1.313900e+00,7.462810e-01,5.600754e-01,4.398251e-01,3.594354e-01,3.014138e-01,6.904514e-01,7.950686e-01,8.409381e-01,8.673268e-01,8.828714e-01,9.016165e-01,8.867477e-01,8.834113e-01
8.010000e-03,6.217864e+00,6.190651e+00,1.313987e+00,7.462810e-01,5.600754e-01,4.398251e-01,3.594354e-01,3.014138e-01,6.904452e-01,7.950651e-01,8.409354e-01,8.673245e-01,8.828695e-01,9.016150e-01,8.867470e-01,8.834103e-01
8.015000e-03,6.217890e+00,6.190675e+00,1.314074e+00,7.462810e-01,5.600754e-01,4.398251e-01,3.594354e-01,3.014139e-01,6.904390e-01,7.950616e-01,8.409326e-01,8.673221e-01,8.828676e-01,9.016134e-01,8.867463e-01,8.834094e-01
8.020000e-03,6.217916e+00,6.190698e+00,1.314162e+00,7.462810e-01,5.600754e-01,4.398251e-01,3.594354e-01,3.014139e-01,6.904328e-01,7.950581e-01,8.409299e-01,8.673198e-01,8.828658e-01,9.016119e-01,8.867456e-01,8.834084e-01
8.025000e-03,6.217942e+00,6.190721e+00,1.314251e+00,7.462810e-01,5.600754e-01,4.398251e-01,3.594354e-01,3.014139e-01,6.904266e-01,7.950546e-01,8.409272e-01,8.673176e-01,8.828640e-01,9.016104e-01,8.867450e-01,8.834074e-01
8.030000e-03,6.217969e+00,6.190745e+00,1.314341e+00,7.462810e-01,5.600754e-01,4.398251e-01,3.594354e-01,3.014139e-01,6.904203e-01,7.950511e-01,8.409245e-01,8.673154e-01,8.828621e-01,9.016089e-01,8.867444e-01,8.834065e-01
8.035000e-03,6.217995e+00,6.190769e+00,1.314431e+00,7.462810e-01,5.600754e-01,4.398251e-01,3.594354e-01,3.014139e-01,6.904141e-01,7.950476e-01,8.409219e-01,8.673132e-01,8.828602e-01,9.016074e-01,8.867438e-01,8.834057e-01
8.040000e-03,6.218021e+00,6.190792e+00,1.314523e+00,7.462810e-01,5.600754e-01,4.398251e-01,3.594354e-01,3.014139e-01,6.904079e-01,7.950442e-01,8.409193e-01,8.673111e-01,8.828584e-01,9.016060e-01,8.867433e-01,8.834048e-01
8.045000e-03,6.218048e+00,6.190816e+00,1.314614e+00,7.462810e-01,5.600754e-01,4.398251e-01,3.594354e-01,3.014139e-01,6.904016e-01,7.950407e-01,8.409166e-01,8.673089e-01,8.828566e-01,9.016046e-01,8.867427e-01,8.834040e-01
8.050000e-03,6.218075e+00,6.190840e+00,1.314706e+00,7.462810e-01,5.600754e-01,4.398251e-01,3.594354e-01,3.014139e-01,6.903954e-01,7.950373e-01,8.409141e-01,8.673068e-01,8.828549e-01,9.016032e-01,8.867422e-01,8.834032e-01
8.055000e-03,6.218101e+00,6.190864e+00,1.314799e+00,7.462810e-01,5.600754e-01,4.398251e-01,3.594354e-01,3.014139e-01,6.903892e-01,7.950339e-01,8.409115e-01,8.673047e-01,8.828531e-01,9.016017e-01,8.867417e-01,8.834024e-01
8.060000e-03,6.218128e+00,6.190889e+00,1.314892e+00,7.462810e-01,5.600754e-01,4.398251e-01,3.594354e-01,3.014139e-01,6.903830e-01,7.950306e-01,8.409090e-01,8.673026e-01,8.828515e-01,9.016003e-01,8.867412e-01,8.834016e-01
8.065000e-03,6.218155e+00,6.190913e+00,1.314985e+00,7.462810e-01,5.600754e-01,4.398251e-01,3.594354e-01,3.014139e-01,6.903768e-01,7.950272e-01,8.409064e-01,8.673006e-01,8.828498e-01,9.015990e-01,8.867407e-01,8.834009e-01
8.070000e-03,6.218182e+00,6.190937e+00,1.315079e+00,7.462810e-01,5.600754e-01,4.398251e-01,3.594354e-01,3.014139e-01,6.903706e-01,7.950238e-01,8.409039e-01,8.672986e-01,8.828482e-01,9.015976e-01,8.867402e-01,8.834001e-01
8.075000e-03,6.218209e+00,6.190961e+00,1.315173e+00,7.462810e-01,5.600754e-01,4.398251e-01,3.594354e-01,3.014139e-01,6.903645e-01,7.950205e-01,8.409015e-01,8.672966e-01,8.828466e-01,9.015964e-01,8.867397e-01,8.833994e-01
8.080000e-03,6.218236e+00,6.190986e+00,1.315268e+00,7.462810e-01,5.600754e-01,4.398251e-01,3.594354e-01,3.014139e-01,6.903584e-01,7.950172e-01,8.408990e-01,8.672946e-01,8.828450e-01,9.015951e-01,8.867392e-01,8.833987e-01
8.085000e-03,6.218263e+00,6.191010e+00,1.315362e+00,7.462810e-01,5.600754e-01,4.398251e-01,3.594354e-01,3.014139e-01,6.903523e-01,7.950139e-01,8.408966e-01,8.672927e-01,8.828434e-01,9.015939e-01,8.867388e-01,8.833980e-01
8.090000e-03,6.218290e+00,6.191034e+00,1.315457e+00,7.462810e-01,5.600754e-01,4.398251e-01,3.594354e-01,3.014139e-01,6.903462e-01,7.950107e-01,8.408942e-01,8.672907e-01,8.828419e-01,9.015928e-01,8.867384e-01,8.833973e-01
8.095000e-03,6.218316e+00,6.191059e+00,1.315552e+00,7.462810e-01,5.600754e-01,4.398251e-01,3.594354e-01,3.014139e-01,6.903402e-01,7.950075e-01,8.408918e-01,8.672889e-01,8.828404e-01,9.015916e-01,8.867380e-01,8.833966e-01
8.100000e-03,6.218343e+00,6.191083e+00,1.315647e+00,7.462810e-01,5.600754e-01,4.398251e-01,3.594354e-01,3.014139e-01,6.903342e-01,7.950043e-01,8.408895e-01,8.672870e-01,8.828389e-01,9.015905e-01,8.867376e-01,8.833959e-01
8.105000e-03,6.218370e+00,6.191107e+00,1.315742e+00,7.462810e-01,5.600754e-01,4.398251e-01,3.594354e-01,3.014139e-01,6.903282e-01,7.950011e-01,8.408871e-01,8.672852e-01,8.828375e-01,9.015894e-01,8.867373e-01,8.833952e-01
8.110000e-03,6.218397e+00,6.191132e+00,1.315837e+00,7.462810e-01,5.600754e-01,4.398251e-01,3.594354e-01,3.014139e-01,6.903223e-01,7.949979e-01,8.408848e-01,8.672834e-01,8.828360e-01,9.015883e-01,8.867369e-01,8.833946e-01
8.115000e-03,6.218424e+00,6.191156e+00,1.315932e+00,7.462810e-01,5.600754e-01,4.398251e-01,3.594354e-01,3.014139e-01,6.903164e-01,7.949948e-01,8.408825e-01,8.672816e-01,8.828346e-01,9.015873e-01,8.867366e-01,8.833939e-01
8.120000e-03,6.218450e+00,6.191180e+00,1.316027e+00,7.462810e-01,5.600754e-01,4.398251e-01,3.594354e-01,3.014139e-01,6.903106e-01,7.949918e-01,8.408803e-01,8.672798e-01,8.828332e-01,9.015862e-01,8.867363e-01,8.833933e-01
8.125000e-03,6.218477e+00,6.191204e+00,1.316122e+00,7.462810e-01,5.600754e-01,4.398251e-01,3.594354e-01,3.014139e-01,6.903048e-01,7.949887e-01,8.408781e-01,8.672781e-01,8.828319e-01,9.015852e-01,8.867361e-01,8.833927e-01
8.130000e-03,6.218503e+00,6.191228e+00,1.316217e+00,7.462810e-01,5.600754e-01,4.398251e-01,3.594354e-01,3.014139e-01,6.902990e-01,7.949857e-01,8.408759e-01,8.672764e-01,8.828305e-01,9.015842e-01,8.867358e-01,8.833921e-01
8.135000e-03,6.218530e+00,6.191252e+00,1.316312e+00,7.462810e-01,5.600754e-01,4.398251e-01,3.594354e-01,3.014139e-01,6.902933e-01,7.949827e-01,8.408737e-01,8.672747e-01,8.828292e-01,9.015833e-01,8.867355e-01,8.833916e-01
8.140000e-03,6.218556e+00,6.191276e+00,1.316406e+00,7.462810e-01,5.600754e-01,4.398251e-01,3.594354e-01,3.014139e-01,6.902876e-01,7.949798e-01,8.408716e-01,8.672730e-01,8.828279e-01,9.015823e-01,8.867353e-01,8.833910e-01
8.145000e-03,6.218582e+00,6.191300e+00,1.316501e+00,7.462810e-01,5.600754e-01,4.398251e-01,3.594354e-01,3.014139e-01,6.902819e-01,7.949769e-01,8.408695e-01,8.672714e-01,8.828266e-01,9.015814e-01,8.867351e-01,8.833905e-01
8.150000e-03,6.218608e+00,6.191323e+00,1.316595e+00,7.462810e-01,5.600754e-01,4.398251e-01,3.594354e-01,3.014139e-01,6.902764e-01,7.949741e-01,8.408674e-01,8.672698e-01,8.828254e-01,9.015805e-01,8.867349e-01,8.833900e-01
8.155000e-03,6.218634e+00,6.191347e+00,1.316689e+00,7.462810e-01,5.600754e-01,4.398251e-01,3.594354e-01,3.014139e-01,6.902708e-01,7.949713e-01,8.408654e-01,8.672682e-01,8.828241e-01,9.015796e-01,8.867347e-01,8.833895e-01
8.160000e-03,6.218659e+00,6.191370e+00,1.316782e+00,7.462810e-01,5.600754e-01,4.398251e-01,3.594354e-01,3.014139e-01,6.902653e-01,7.949685e-01,8.408634e-01,8.672666e-01,8.828229e-01,9.015788e-01,8.867345e-01,8.833890e-01
8.165000e-03,6.218685e+00,6.191393e+00,1.316875e+00,7.462810e-01,5.600754e-01,4.398251e-01,3.594354e-01,3.014139e-01,6.902599e-01,7.949657e-01,8.408615e-01,8.672651e-01,8.828217e-01,9.015779e-01,8.867343e-01,8.833885e-01
8.170000e-03,6.218710e+00,6.191417e+00,1.316968e+00,7.462810e-01,5.600754e-01,4.398251e-01,3.594354e-01,3.014139e-01,6.902546e-01,7.949630e-01,8.408595e-01,8.672637e-01,8.828205e-01,9.015771e-01,8.867342e-01,8.833880e-01
8.175000e-03,6.218736e+00,6.191440e+00,1.317060e+00,7.462810e-01,5.600754e-01,4.398251e-01,3.594354e-01,3.014139e-01,6.902492e-01,7.949604e-01,8.408576e-01,8.672622e-01,8.828194e-01,9.015763e-01,8.867340e-01,8.833875e-01
8.180000e-03,6.218761e+00,6.191462e+00,1.317150e+00,7.462810e-01,5.600754e-01,4.398251e-01,3.594354e-01,3.014139e-01,6.902440e-01,7.949577e-01,8.408557e-01,8.672607e-01,8.828183e-01,9.015755e-01,8.867339e-01,8.833871e-01
8.185000e-03,6.218785e+00,6.191485e+00,1.317240e+00,7.462810e-01,5.600754e-01,4.398251e-01,3.594354e-01,3.014139e-01,6.902389e-01,7.949552e-01,8.408539e-01,8.672593e-01,8.828172e-01,9.015747e-01,8.867337e-01,8.833866e-01
8.190000e-03,6.218810e+00,6.191507e+00,1.317329e+00,7.462810e-01,5.600754e-01,4.398251e-01,3.594354e-01,3.014139e-01,6.902338e-01,7.949527e-01,8.408521e-01,8.672579e-01,8.828161e-01,9.015740e-01,8.867336e-01,8.833862e-01
8.195000e-03,6.218834e+00,6.191530e+00,1.317418e+00,7.462810e-01,5.600754e-01,4.398251e-01,3.594354e-01,3.014139e-01,6.902289e-01,7.949502e-01,8.408502e-01,8.672565e-01,8.828150e-01,9.015732e-01,8.867335e-01,8.833858e-01
8.200000e-03,6.218859e+00,6.191552e+00,1.317506e+00,7.462810e-01,5.600754e-01,4.398251e-01,3.594354e-01,3.014139e-01,6.902239e-01,7.949477e-01,8.408484e-01,8.672552e-01,8.828140e-01,9.015725e-01,8.867333e-01,8.833853e-01
8.205000e-03,6.218883e+00,6.191574e+00,1.317593e+00,7.462810e-01,5.600754e-01,4.398251e-01,3.594354e-01,3.014139e-01,6.902191e-01,7.949452e-01,8.408466e-01,8.672538e-01,8.828130e-01,9.015718e-01,8.867332e-01,8.833849e-01
8.210000e-03,6.218907e+00,6.191595e+00,1.317680e+00,7.462810e-01,5.600754e-01,4.398251e-01,3.594354e-01,3.014139e-01,6.902143e-01,7.949429e-01,8.408449e-01,8.672525e-01,8.828120e-01,9.015711e-01,8.867331e-01,8.833845e-01
8.215000e-03,6.218930e+00,6.191617e+00,1.317767e+00,7.462810e-01,5.600754e-01,4.398251e-01,3.594354e-01,3.014139e-01,6.902096e-01,7.949406e-01,8.408431e-01,8.672512e-01,8.828110e-01,9.015704e-01,8.867330e-01,8.833841e-01
8.220000e-03,6.218954e+00,6.191638e+00,1.317852e+00,7.462810e-01,5.600754e-01,4.398251e-01,3.594354e-01,3.014139e-01,6.902050e-01,7.949383e-01,8.408413e-01,8.672500e-01,8.828100e-01,9.015698e-01,8.867328e-01,8.833837e-01
8.225000e-03,6.218977e+00,6.191659e+00,1.317937e+00,7.462810e-01,5.600754e-01,4.398251e-01,3.594354e-01,3.014139e-01,6.902006e-01,7.949361e-01,8.408396e-01,8.672487e-01,8.828091e-01,9.015691e-01,8.867327e-01,8.833833e-01
8.230000e-03,6.219000e+00,6.191680e+00,1.318021e+00,7.462810e-01,5.600754e-01,4.398251e-01,3.594354e-01,3.014139e-01,6.901961e-01,7.949339e-01,8.408380e-01,8.672475e-01,8.828081e-01,9.015685e-01,8.867326e-01,8.833829e-01
8.235000e-03,6.219022e+00,6.191701e+00,1.318103e+00,7.462810e-01,5.600754e-01,4.398251e-01,3.594354e-01,3.014139e-01,6.901918e-01,7.949318e-01,8.408365e-01,8.672462e-01,8.828072e-01,9.015678e-01,8.867325e-01,8.833825e-01
8.240000e-03,6.219044e+00,6.191721e+00,1.318185e+00,7.462810e-01,5.600754e-01,4.398251e-01,3.594354e-01,3.014139e-01,6.901876e-01,7.949298e-01,8.408350e-01,8.672449e-01,8.828063e-01,9.015672e-01,8.867324e-01,8.833821e-01
8.245000e-03,6.219066e+00,6.191741e+00,1.318265e+00,7.462810e-01,5.600754e-01,4.398251e-01,3.594354e-01,3.014139e-01,6.901833e-01,7.949278e-01,8.408336e-01,8.672436e-01,8.828055e-01,9.015666e-01,8.867323e-01,8.833817e-01
8.250000e-03,6.219088e+00,6.191761e+00,1.318345e+00,7.462810e-01,5.600754e-01,4.398251e-01,3.594354e-01,3.014139e-01,6.901790e-01,7.949258e-01,8.408321e-01,8.672423e-01,8.828046e-01,9.015659e-01,8.867321e-01,8.833813e-01
8.255000e-03,6.219109e+00,6.191780e+00,1.318424e+00,7.462810e-01,5.600754e-01,4.398251e-01,3.594354e-01,3.014139e-01,6.901748e-01,7.949238e-01,8.408307e-01,8.672411e-01,8.828038e-01,9.015653e-01,8.867320e-01,8.833809e-01
8.260000e-03,6.219131e+00,6.191799e+00,1.318502e+00,7.462810e-01,5.600754e-01,4.398251e-01,3.594354e-01,3.014139e-01,6.901707e-01,7.949219e-01,8.408294e-01,8.672400e-01,8.828028e-01,9.015647e-01,8.867319e-01,8.833806e-01
8.265000e-03,6.219151e+00,6.191818e+00,1.318579e+00,7.462810e-01,5.600754e-01,4.398251e-01,3.594354e-01,3.014139e-01,6.901666e-01,7.949201e-01,8.408282e-01,8.672389e-01,8.828018e-01,9.015642e-01,8.867317e-01,8.833802e-01
8.270000e-03,6.219172e+00,6.191837e+00,1.318656e+00,7.462810e-01,5.600754e-01,4.398251e-01,3.594354e-01,3.014139e-01,6.901626e-01,7.949183e-01,8.408270e-01,8.672378e-01,8.828008e-01,9.015637e-01,8.867315e-01,8.833798e-01
8.275000e-03,6.219192e+00,6.191856e+00,1.318731e+00,7.462810e-01,5.600754e-01,4.398251e-01,3.594354e-01,3.014139e-01,6.901587e-01,7.949165e-01,8.408257e-01,8.672368e-01,8.827999e-01,9.015631e-01,8.867314e-01,8.833794e-01
8.280000e-03,6.219212e+00,6.191874e+00,1.318805e+00,7.462810e-01,5.600754e-01,4.398251e-01,3.594354e-01,3.014139e-01,6.901549e-01,7.949148e-01,8.408245e-01,8.672358e-01,8.827989e-01,9.015624e-01,8.867313e-01,8.833790e-01
8.285000e-03,6.219232e+00,6.191892e+00,1.318879e+00,7.462810e-01,5.600754e-01,4.398251e-01,3.594354e-01,3.014139e-01,6.901512e-01,7.949130e-01,8.408234e-01,8.672349e-01,8.827981e-01,9.015618e-01,8.867311e-01,8.833786e-01
8.290000e-03,6.219251e+00,6.191910e+00,1.318951e+00,7.462810e-01,5.600754e-01,4.398251e-01,3.594354e-01,3.014139e-01,6.901476e-01,7.949113e-01,8.408224e-01,8.672340e-01,8.827972e-01,9.015611e-01,8.867310e-01,8.833782e-01
8.295000e-03,6.219270e+00,6.191927e+00,1.319022e+00,7.462810e-01,5.600754e-01,4.398251e-01,3.594354e-01,3.014139e-01,6.901440e-01,7.949096e-01,8.408213e-01,8.672330e-01,8.827964e-01,9.015603e-01,8.867308e-01,8.833778e-01
8.300000e-03,6.219289e+00,6.191944e+00,1.319093e+00,7.462810e-01,5.600754e-01,4.398251e-01,3.594354e-01,3.014139e-01,6.901405e-01,7.949079e-01,8.408202e-01,8.672321e-01,8.827956e-01,9.015596e-01,8.867306e-01,8.833774e-01
8.305000e-03,6.219307e+00,6.191961e+00,1.319162e+00,7.462810e-01,5.600754e-01,4.398251e-01,3.594354e-01,3.014139e-01,6.901371e-01,7.949062e-01,8.408191e-01,8.672313e-01,8.827949e-01,9.015589e-01,8.867304e-01,8.833770e-01
8.310000e-03,6.219326e+00,6.191978e+00,1.319230e+00,7.462810e-01,5.600754e-01,4.398251e-01,3.594354e-01,3.014140e-01,6.901337e-01,7.949045e-01,8.408181e-01,8.672305e-01,8.827941e-01,9.015583e-01,8.867301e-01,8.833767e-01
8.315000e-03,6.219343e+00,6.191994e+00,1.319297e+00,7.462810e-01,5.600754e-01,4.398251e-01,3.594354e-01,3.014140e-01,6.901305e-01,7.949029e-01,8.408170e-01,8.672297e-01,8.827934e-01,9.015576e-01,8.867298e-01,8.833763e-01
8.320000e-03,6.219361e+00,6.192010e+00,1.319363e+00,7.462810e-01,5.600754e-01,4.398251e-01,3.594354e-01,3.014140e-01,6.901272e-01,7.949013e-01,8.408160e-01,8.672290e-01,8.827927e-01,9.015570e-01,8.867295e-01,8.833759e-01
8.325000e-03,6.219378e+00,6.192025e+00,1.319427e+00,7.462810e-01,5.600754e-01,4.398251e-01,3.594354e-01,3.014140e-01,6.901241e-01,7.948997e-01,8.408150e-01,8.672282e-01,8.827920e-01,9.015564e-01,8.867291e-01,8.833754e-01
8.330000e-03,6.219394e+00,6.192041e+00,1.319491e+00,7.462810e-01,5.600754e-01,4.398251e-01,3.594354e-01,3.014140e-01,6.901210e-01,7.948981e-01,8.408140e-01,8.672274e-01,8.827913e-01,9.015558e-01,8.867287e-01,8.833750e-01
8.335000e-03,6.219411e+00,6.192056e+00,1.319553e+00,7.462810e-01,5.600754e-01,4.398251e-01,3.594354e-01,3.014140e-01,6.901180e-01,7.948966e-01,8.408130e-01,8.672266e-01,8.827906e-01,9.015552e-01,8.867283e-01,8.833744e-01
8.340000e-03,6.219427e+00,6.192070e+00,1.319613e+00,7.462810e-01,5.600754e-01,4.398251e-01,3.594354e-01,3.014140e-01,6.901151e-01,7.948951e-01,8.408120e-01,8.672259e-01,8.827900e-01,9.015545e-01,8.867279e-01,8.833739e-01
8.345000e-03,6.219443e+00,6.192085e+00,1.319673e+00,7.462810e-01,5.600754e-01,4.398251e-01,3.594354e-01,3.014140e-01,6.901122e-01,7.948936e-01,8.408110e-01,8.672251e-01,8.827894e-01,9.015539e-01,8.867275e-01,8.833733e-01
8.350000e-03,6.219458e+00,6.192099e+00,1.319732e+00,7.462810e-01,5.600754e-01,4.398251e-01,3.594354e-01,3.014140e-01,6.901094e-01,7.948922e-01,8.408101e-01,8.672244e-01,8.827887e-01,9.015533e-01,8.867271e-01,8.833726e-01
8.355000e-03,6.219473e+00,6.192113e+00,1.319789e+00,7.462810e-01,5.600754e-01,4.398251e-01,3.594354e-01,3.014140e-01,6.901066e-01,7.948908e-01,8.408091e-01,8.672236e-01,8.827880e-01,9.015527e-01,8.867267e-01,8.833720e-01
8.360000e-03,6.219488e+00,6.192126e+00,1.319845e+00,7.462810e-01,5.600754e-01,4.398251e-01,3.594354e-01,3.014140e-01,6.901039e-01,7.948894e-01,8.408082e-01,8.672229e-01,8.827874e-01,9.015520e-01,8.867262e-01,8.833714e-01
8.365000e-03,6.219502e+00,6.192140e+00,1.319900e+00,7.462810e-01,5.600754e-01,4.398251e-01,3.594354e-01,3.014140e-01,6.901012e-01,7.948881e-01,8.408073e-01,8.672222e-01,8.827867e-01,9.015514e-01,8.867257e-01,8.833707e-01
8.370000e-03,6.219516e+00,6.192152e+00,1.319954e+00,7.462810e-01,5.600754e-01,4.398251e-01,3.594354e-01,3.014140e-01,6.900987e-01,7.948868e-01,8.408063e-01,8.672214e-01,8.827860e-01,9.015507e-01,8.867253e-01,8.833701e-01
8.375000e-03,6.219530e+00,6.192165e+00,1.320007e+00,7.462810e-01,5.600754e-01,4.398251e-01,3.594354e-01,3.014140e-01,6.900961e-01,7.948855e-01,8.408054e-01,8.672207e-01,8.827853e-01,9.015500e-01,8.867248e-01,8.833694e-01
8.380000e-03,6.219544e+00,6.192178e+00,1.320059e+00,7.462810e-01,5.600754e-01,4.398251e-01,3.594354e-01,3.014140e-01,6.900937e-01,7.948842e-01,8.408046e-01,8.672199e-01,8.827846e-01,9.015493e-01,8.867243e-01,8.833687e-01
8.385000e-03,6.219557e+00,6.192190e+00,1.320110e+00,7.462810e-01,5.600754e-01,4.398251e-01,3.594354e-01,3.014140e-01,6.900913e-01,7.948830e-01,8.408037e-01,8.672191e-01,8.827838e-01,9.015486e-01,8.867238e-01,8.833681e-01
8.390000e-03,6.219570e+00,6.192202e+00,1.320159e+00,7.462810e-01,5.600754e-01,4.398251e-01,3.594354e-01,3.014140e-01,6.900889e-01,7.948818e-01,8.408028e-01,8.672184e-01,8.827831e-01,9.015479e-01,8.867233e-01,8.833674e-01
8.395000e-03,6.219583e+00,6.192213e+00,1.320208e+00,7.462810e-01,5.600754e-01,4.398251e-01,3.594354e-01,3.014140e-01,6.900867e-01,7.948806e-01,8.408019e-01,8.672176e-01,8.827824e-01,9.015471e-01,8.867227e-01,8.833667e-01
8.400000e-03,6.219595e+00,6.192225e+00,1.320256e+00,7.462810e-01,5.600754e-01,4.398251e-01,3.594354e-01,3.014140e-01,6.900844e-01,7.948795e-01,8.408010e-01,8.672168e-01,8.827816e-01,9.015464e-01,8.867222e-01,8.833659e-01
8.405000e-03,6.219607e+00,6.192236e+00,1.320302e+00,7.462810e-01,5.600754e-01,4.398251e-01,3.594354e-01,3.014140e-01,6.900823e-01,7.948783e-01,8.408002e-01,8.672161e-01,8.827809e-01,9.015456e-01,8.867216e-01,8.833652e-01
8.410000e-03,6.219619e+00,6.192247e+00,1.320348e+00,7.462810e-01,5.600754e-01,4.398251e-01,3.594354e-01,3.014140e-01,6.900802e-01,7.948772e-01,8.407993e-01,8.672153e-01,8.827801e-01,9.015448e-01,8.867210e-01,8.833644e-01
8.415000e-03,6.219631e+00,6.192257e+00,1.320392e+00,7.462810e-01,5.600754e-01,4.398251e-01,3.594354e-01,3.014140e-01,6.900781e-01,7.948761e-01,8.407984e-01,8.672145e-01,8.827793e-01,9.015440e-01,8.867204e-01,8.833637e-01
8.420000e-03,6.219642e+00,6.192268e+00,1.320436e+00,7.462810e-01,5.600754e-01,4.398251e-01,3.594354e-01,3.014140e-01,6.900761e-01,7.948751e-01,8.407975e-01,8.672136e-01,8.827786e-01,9.015432e-01,8.867198e-01,8.833629e-01
8.425000e-03,6.219653e+00,6.192278e+00,1.320479e+00,7.462810e-01,5.600754e-01,4.398251e-01,3.594354e-01,3.014140e-01,6.900741e-01,7.948740e-01,8.407967e-01,8.672128e-01,8.827778e-01,9.015424e-01,8.867191e-01,8.833620e-01
8.430000e-03,6.219664e+00,6.192288e+00,1.320520e+00,7.462810e-01,5.600754e-01,4.398251e-01,3.594354e-01,3.014140e-01,6.900722e-01,7.948730e-01,8.407958e-01,8.672120e-01,8.827770e-01,9.015415e-01,8.867185e-01,8.833612e-01
8.435000e-03,6.219674e+00,6.192297e+00,1.320561e+00,7.462810e-01,5.600754e-01,4.398251e-01,3.594354e-01,3.014140e-01,6.900703e-01,7.948719e-01,8.407950e-01,8.672112e-01,8.827761e-01,9.015406e-01,8.867178e-01,8.833603e-01
8.440000e-03,6.219685e+00,6.192307e+00,1.320601e+00,7.462810e-01,5.600754e-01,4.398251e-01,3.594354e-01,3.014140e-01,6.900684e-01,7.948709e-01,8.407942e-01,8.672104e-01,8.827753e-01,9.015398e-01,8.867171e-01,8.833594e-01
8.445000e-03,6.219695e+00,6.192316e+00,1.320640e+00,7.462810e-01,5.600754e-01,4.398251e-01,3.594354e-01,3.014140e-01,6.900666e-01,7.948699e-01,8.407933e-01,8.672096e-01,8.827745e-01,9.015389e-01,8.867163e-01,8.833585e-01
8.450000e-03,6.219705e+00,6.192325e+00,1.320678e+00,7.462810e-01,5.600754e-01,4.398251e-01,3.594354e-01,3.014140e-01,6.900648e-01,7.948689e-01,8.407925e-01,8.672087e-01,8.827736e-01,9.015379e-01,8.867156e-01,8.833575e-01
8.455000e-03,6.219714e+00,6.192334e+00,1.320715e+00,7.462810e-01,5.600754e-01,4.398251e-01,3.594354e-01,3.014140e-01,6.900630e-01,7.948680e-01,8.407917e-01,8.672079e-01,8.827727e-01,9.015370e-01,8.867148e-01,8.833566e-01
8.460000e-03,6.219724e+00,6.192343e+00,1.320751e+00,7.462810e-01,5.600754e-01,4.398251e-01,3.594354e-01,3.014140e-01,6.900613e-01,7.948670e-01,8.407908e-01,8.672070e-01,8.827719e-01,9.015360e-01,8.867141e-01,8.833556e-01
8.465000e-03,6.219733e+00,6.192351e+00,1.320786e+00,7.462810e-01,5.600754e-01,4.398251e-01,3.594354e-01,3.014140e-01,6.900596e-01,7.948660e-01,8.407900e-01,8.672062e-01,8.827710e-01,9.015350e-01,8.867133e-01,8.833546e-01
8.470000e-03,6.219742e+00,6.192359e+00,1.320821e+00,7.462810e-01,5.600754e-01,4.398251e-01,3.594354e-01,3.014140e-01,6.900580e-01,7.948651e-01,8.407892e-01,8.672053e-01,8.827701e-01,9.015340e-01,8.867124e-01,8.833536e-01
8.475000e-03,6.219751e+00,6.192368e+00,1.320855e+00,7.462810e-01,5.600754e-01,4.398251e-01,3.594354e-01,3.014140e-01,6.900563e-01,7.948642e-01,8.407883e-01,8.672045e-01,8.827691e-01,9.015329e-01,8.867116e-01,8.833525e-01
8.480000e-03,6.219759e+00,6.192375e+00,1.320888e+00,7.462810e-01,5.600754e-01,4.398251e-01,3.594354e-01,3.014140e-01,6.900547e-01,7.948632e-01,8.407875e-01,8.672036e-01,8.827682e-01,9.015319e-01,8.867107e-01,8.833514e-01
8.485000e-03,6.219768e+00,6.192383e+00,1.320921e+00,7.462810e-01,5.600754e-01,4.398251e-01,3.594354e-01,3.014140e-01,6.900531e-01,7.948623e-01,8.407867e-01,8.672027e-01,8.827673e-01,9.015308e-01,8.867098e-01,8.833503e-01
8.490000e-03,6.219776e+00,6.192391e+00,1.320952e+00,7.462810e-01,5.600754e-01,4.398251e-01,3.594354e-01,3.014140e-01,6.900515e-01,7.948614e-01,8.407859e-01,8.672019e-01,8.827663e-01,9.015297e-01,8.867089e-01,8.833492e-01
8.495000e-03,6.219784e+00,6.192398e+00,1.320984e+00,7.462810e-01,5.600754e-01,4.398251e-01,3.594354e-01,3.014140e-01,6.900500e-01,7.948604e-01,8.407850e-01,8.672010e-01,8.827653e-01,9.015285e-01,8.867080e-01,8.833481e-01
8.500000e-03,6.219792e+00,6.192406e+00,1.321014e+00,7.462810e-01,5.600754e-01,4.398251e-01,3.594354e-01,3.014140e-01,6.900484e-01,7.948595e-01,8.407842e-01,8.672001e-01,8.827644e-01,9.015274e-01,8.867070e-01,8.833469e-01
8.505000e-03,6.219800e+00,6.192413e+00,1.321044e+00,7.462810e-01,5.600754e-01,4.398251e-01,3.594354e-01,3.014140e-01,6.900469e-01,7.948586e-01,8.407834e-01,8.671992e-01,8.827634e-01,9.015262e-01,8.867060e-01,8.833457e-01
8.510000e-03,6.219808e+00,6.192420e+00,1.321073e+00,7.462810e-01,5.600754e-01,4.398251e-01,3.594354e-01,3.014140e-01,6.900454e-01,7.948577e-01,8.407825e-01,8.671983e-01,8.827624e-01,9.015250e-01,8.867051e-01,8.833445e-01
8.515000e-03,6.219816e+00,6.192427e+00,1.321102e+00,7.462810e-01,5.600754e-01,4.398251e-01,3.594354e-01,3.014140e-01,6.900439e-01,7.948568e-01,8.407817e-01,8.671974e-01,8.827614e-01,9.015238e-01,8.867040e-01,8.833433e-01
8.520000e-03,6.219823e+00,6.192434e+00,1.321130e+00,7.462810e-01,5.600754e-01,4.398251e-01,3.594354e-01,3.014140e-01,6.900424e-01,7.948559e-01,8.407808e-01,8.671964e-01,8.827603e-01,9.015226e-01,8.867030e-01,8.833420e-01
8.525000e-03,6.219831e+00,6.192441e+00,1.321158e+00,7.462810e-01,5.600754e-01,4.398251e-01,3.594354e-01,3.014140e-01,6.900409e-01,7.948550e-01,8.407800e-01,8.671955e-01,8.827593e-01,9.015214e-01,8.867020e-01,8.833407e-01
8.530000e-03,6.219838e+00,6.192447e+00,1.321185e+00,7.462810e-01,5.600754e-01,4.398251e-01,3.594354e-01,3.014140e-01,6.900395e-01,7.948540e-01,8.407791e-01,8.671945e-01,8.827583e-01,9.015201e-01,8.867009e-01,8.833394e-01
8.535000e-03,6.219845e+00,6.192454e+00,1.321212e+00,7.462810e-01,5.600754e-01,4.398251e-01,3.594354e-01,3.014140e-01,6.900380e-01,7.948531e-01,8.407782e-01,8.671936e-01,8.827572e-01,9.015188e-01,8.866998e-01,8.833381e-01
8.540000e-03,6.219852e+00,6.192460e+00,1.321238e+00,7.462810e-01,5.600754e-01,4.398251e-01,3.594354e-01,3.014140e-01,6.900366e-01,7.948522e-01,8.407774e-01,8.671926e-01,8.827561e-01,9.015175e-01,8.866987e-01,8.833367e-01
8.545000e-03,6.219860e+00,6.192466e+00,1.321264e+00,7.462810e-01,5.600754e-01,4.398251e-01,3.594354e-01,3.014140e-01,6.900351e-01,7.948513e-01,8.407765e-01,8.671916e-01,8.827550e-01,9.015162e-01,8.866976e-01,8.833353e-01
8.550000e-03,6.219867e+00,6.192473e+00,1.321290e+00,7.462810e-01,5.600754e-01,4.398251e-01,3.594354e-01,3.014140e-01,6.900337e-01,7.948503e-01,8.407755e-01,8.671906e-01,8.827539e-01,9.015149e-01,8.866965e-01,8.833339e-01
8.555000e-03,6.219873e+00,6.192479e+00,1.321315e+00,7.462810e-01,5.600754e-01,4.398251e-01,3.594354e-01,3.014140e-01,6.900322e-01,7.948493e-01,8.407746e-01,8.671896e-01,8.827528e-01,9.015135e-01,8.866953e-01,8.833325e-01
8.560000e-03,6.219880e+00,6.192485e+00,1.321340e+00,7.462810e-01,5.600754e-01,4.398251e-01,3.594354e-01,3.014140e-01,6.900307e-01,7.948484e-01,8.407737e-01,8.671886e-01,8.827517e-01,9.015121e-01,8.866941e-01,8.833311e-01
8.565000e-03,6.219887e+00,6.192491e+00,1.321365e+00,7.462810e-01,5.600754e-01,4.398251e-01,3.594354e-01,3.014140e-01,6.900293e-01,7.948474e-01,8.407728e-01,8.671876e-01,8.827505e-01,9.015107e-01,8.866929e-01,8.833296e-01
8.570000e-03,6.219894e+00,6.192497e+00,1.321389e+00,7.462810e-01,5.600754e-01,4.398251e-01,3.594354e-01,3.014140e-01,6.900278e-01,7.948464e-01,8.407718e-01,8.671865e-01,8.827494e-01,9.015093e-01,8.866917e-01,8.833282e-01
8.575000e-03,6.219901e+00,6.192503e+00,1.321413e+00,7.462810e-01,5.600754e-01,4.398251e-01,3.594354e-01,3.014140e-01,6.900263e-01,7.948454e-01,8.407708e-01,8.671855e-01,8.827482e-01,9.015078e-01,8.866904e-01,8.833267e-01
8.580000e-03,6.219907e+00,6.192509e+00,1.321437e+00,7.462810e-01,5.600754e-01,4.398251e-01,3.594354e-01,3.014140e-01,6.900248e-01,7.948444e-01,8.407698e-01,8.671844e-01,8.827470e-01,9.015063e-01,8.866892e-01,8.833251e-01
8.585000e-03,6.219914e+00,6.192515e+00,1.321461e+00,7.462810e-01,5.600754e-01,4.398251e-01,3.594354e-01,3.014140e-01,6.900233e-01,7.948433e-01,8.407688e-01,8.671833e-01,8.827458e-01,9.015049e-01,8.866879e-01,8.833236e-01
8.590000e-03,6.219921e+00,6.192521e+00,1.321484e+00,7.462810e-01,5.600754e-01,4.398251e-01,3.594354e-01,3.014140e-01,6.900218e-01,7.948423e-01,8.407678e-01,8.671822e-01,8.827446e-01,9.015033e-01,8.866865e-01,8.833220e-01
8.595000e-03,6.219927e+00,6.192527e+00,1.321507e+00,7.462810e-01,5.600754e-01,4.398251e-01,3.594354e-01,3.014140e-01,6.900203e-01,7.948412e-01,8.407668e-01,8.671810e-01,8.827433e-01,9.015018e-01,8.866852e-01,8.833204e-01
8.600000e-03,6.219934e+00,6.192533e+00,1.321531e+00,7.462810e-01,5.600754e-01,4.398251e-01,3.594354e-01,3.014140e-01,6.900187e-01,7.948401e-01,8.407657e-01,8.671799e-01,8.827421e-01,9.015003e-01,8.866838e-01,8.833188e-01
8.605000e-03,6.219941e+00,6.192539e+00,1.321554e+00,7.462810e-01,5.600754e-01,4.398251e-01,3.594354e-01,3.014140e-01,6.900172e-01,7.948390e-01,8.407646e-01,8.671787e-01,8.827408e-01,9.014987e-01,8.866825e-01,8.833172e-01
8.610000e-03,6.219947e+00,6.192545e+00,1.321577e+00,7.462810e-01,5.600754e-01,4.398251e-01,3.594354e-01,3.014140e-01,6.900156e-01,7.948379e-01,8.407636e-01,8.671775e-01,8.827395e-01,9.014972e-01,8.866811e-01,8.833156e-01
8.615000e-03,6.219954e+00,6.192551e+00,1.321600e+00,7.462810e-01,5.600754e-01,4.398251e-01,3.594354e-01,3.014140e-01,6.900140e-01,7.948368e-01,8.407624e-01,8.671763e-01,8.827382e-01,9.014956e-01,8.866797e-01,8.833139e-01
8.620000e-03,6.219961e+00,6.192557e+00,1.321623e+00,7.462810e-01,5.600754e-01,4.398251e-01,3.594354e-01,3.014140e-01,6.900124e-01,7.948356e-01,8.407613e-01,8.671751e-01,8.827369e-01,9.014940e-01,8.866782e-01,8.833123e-01
8.625000e-03,6.219968e+00,6.192563e+00,1.321646e+00,7.462810e-01,5.600754e-01,4.398251e-01,3.594354e-01,3.014140e-01,6.900107e-01,7.948344e-01,8.407602e-01,8.671739e-01,8.827356e-01,9.014923e-01,8.866768e-01,8.833106e-01
8.630000e-03,6.219975e+00,6.192569e+00,1.321670e+00,7.462810e-01,5.600754e-01,4.398251e-01,3.594354e-01,3.014140e-01,6.900090e-01,7.948332e-01,8.407590e-01,8.671726e-01,8.827342e-01,9.014907e-01,8.866754e-01,8.833089e-01
8.635000e-03,6.219982e+00,6.192575e+00,1.321693e+00,7.462810e-01,5.600754e-01,4.398251e-01,3.594354e-01,3.014140e-01,6.900073e-01,7.948320e-01,8.407578e-01,8.671714e-01,8.827329e-01,9.014891e-01,8.866739e-01,8.833072e-01
8.640000e-03,6.219989e+00,6.192581e+00,1.321717e+00,7.462810e-01,5.600754e-01,4.398251e-01,3.594354e-01,3.014140e-01,6.900055e-01,7.948307e-01,8.407566e-01,8.671701e-01,8.827315e-01,9.014874e-01,8.866724e-01,8.833055e-01
8.645000e-03,6.219996e+00,6.192587e+00,1.321741e+00,7.462810e-01,5.600754e-01,4.398251e-01,3.594354e-01,3.014140e-01,6.900038e-01,7.948294e-01,8.407553e-01,8.671688e-01,8.827301e-01,9.014857e-01,8.866710e-01,8.833038e-01
8.650000e-03,6.220003e+00,6.192593e+00,1.321765e+00,7.462810e-01,5.600754e-01,4.398251e-01,3.594354e-01,3.014140e-01,6.900020e-01,7.948281e-01,8.407541e-01,8.671674e-01,8.827287e-01,9.014840e-01,8.866695e-01,8.833020e-01
8.655000e-03,6.220010e+00,6.192600e+00,1.321789e+00,7.462810e-01,5.600754e-01,4.398251e-01,3.594354e-01,3.014140e-01,6.900002e-01,7.948268e-01,8.407528e-01,8.671661e-01,8.827273e-01,9.014823e-01,8.866680e-01,8.833003e-01
8.660000e-03,6.220017e+00,6.192606e+00,1.321813e+00,7.462810e-01,5.600754e-01,4.398251e-01,3.594354e-01,3.014140e-01,6.899984e-01,7.948254e-01,8.407515e-01,8.671647e-01,8.827258e-01,9.014806e-01,8.866665e-01,8.832985e-01
8.665000e-03,6.220025e+00,6.192613e+00,1.321838e+00,7.462810e-01,5.600754e-01,4.398251e-01,3.594354e-01,3.014140e-01,6.899965e-01,7.948240e-01,8.407502e-01,8.671633e-01,8.827244e-01,9.014789e-01,8.866650e-01,8.832967e-01
8.670000e-03,6.220032e+00,6.192619e+00,1.321863e+00,7.462810e-01,5.600754e-01,4.398251e-01,3.594354e-01,3.014140e-01,6.899946e-01,7.948226e-01,8.407489e-01,8.671619e-01,8.827229e-01,9.014771e-01,8.866635e-01,8.832950e-01
8.675000e-03,6.220040e+00,6.192626e+00,1.321888e+00,7.462810e-01,5.600754e-01,4.398251e-01,3.594354e-01,3.014140e-01,6.899926e-01,7.948212e-01,8.407475e-01,8.671605e-01,8.827214e-01,9.014754e-01,8.866620e-01,8.832932e-01
8.680000e-03,6.220048e+00,6.192632e+00,1.321913e+00,7.462810e-01,5.600754e-01,4.398251e-01,3.594354e-01,3.014140e-01,6.899907e-01,7.948197e-01,8.407461e-01,8.671591e-01,8.827199e-01,9.014736e-01,8.866604e-01,8.832914e-01
8.685000e-03,6.220055e+00,6.192639e+00,1.321939e+00,7.462810e-01,5.600754e-01,4.398251e-01,3.594354e-01,3.014140e-01,6.899886e-01,7.948182e-01,8.407446e-01,8.671576e-01,8.827184e-01,9.014718e-01,8.866589e-01,8.832896e-01
8.690000e-03,6.220063e+00,6.192646e+00,1.321965e+00,7.462810e-01,5.600754e-01,4.398251e-01,3.594354e-01,3.014140e-01,6.899866e-01,7.948167e-01,8.407432e-01,8.671562e-01,8.827169e-01,9.014701e-01,8.866574e-01,8.832878e-01
8.695000e-03,6.220072e+00,6.192653e+00,1.321992e+00,7.462810e-01,5.600754e-01,4.398251e-01,3.594354e-01,3.014140e-01,6.899845e-01,7.948151e-01,8.407417e-01,8.671547e-01,8.827153e-01,9.014683e-01,8.866559e-01,8.832860e-01
8.700000e-03,6.220080e+00,6.192660e+00,1.322018e+00,7.462810e-01,5.600754e-01,4.398251e-01,3.594354e-01,3.014140e-01,6.899823e-01,7.948136e-01,8.407403e-01,8.671532e-01,8.827138e-01,9.014664e-01,8.866544e-01,8.832841e-01
8.705000e-03,6.220088e+00,6.192668e+00,1.322046e+00,7.462810e-01,5.600754e-01,4.398251e-01,3.594354e-01,3.014140e-01,6.899802e-01,7.948120e-01,8.407388e-01,8.671516e-01,8.827122e-01,9.014646e-01,8.866528e-01,8.832823e-01
8.710000e-03,6.220097e+00,6.192675e+00,1.322073e+00,7.462810e-01,5.600754e-01,4.398251e-01,3.594354e-01,3.014140e-01,6.899779e-01,7.948104e-01,8.407372e-01,8.671501e-01,8.827106e-01,9.014628e-01,8.866513e-01,8.832805e-01
8.715000e-03,6.220106e+00,6.192683e+00,1.322102e+00,7.462810e-01,5.600754e-01,4.398251e-01,3.594354e-01,3.014140e-01,6.899757e-01,7.948087e-01,8.407357e-01,8.671485e-01,8.827090e-01,9.014609e-01,8.866498e-01,8.832787e-01
8.720000e-03,6.220114e+00,6.192690e+00,1.322130e+00,7.462810e-01,5.600754e-01,4.398251e-01,3.594354e-01,3.014140e-01,6.899733e-01,7.948070e-01,8.407341e-01,8.671469e-01,8.827074e-01,9.014591e-01,8.866483e-01,8.832769e-01
8.725000e-03,6.220123e+00,6.192698e+00,1.322160e+00,7.462810e-01,5.600754e-01,4.398251e-01,3.594354e-01,3.014140e-01,6.899710e-01,7.948053e-01,8.407325e-01,8.671453e-01,8.827058e-01,9.014572e-01,8.866467e-01,8.832750e-01
8.730000e-03,6.220133e+00,6.192706e+00,1.322189e+00,7.462810e-01,5.600754e-01,4.398251e-01,3.594354e-01,3.014140e-01,6.899686e-01,7.948036e-01,8.407309e-01,8.671437e-01,8.827041e-01,9.014554e-01,8.866452e-01,8.832732e-01
8.735000e-03,6.220142e+00,6.192714e+00,1.322220e+00,7.462810e-01,5.600754e-01,4.398251e-01,3.594354e-01,3.014140e-01,6.899661e-01,7.948019e-01,8.407293e-01,8.671421e-01,8.827025e-01,9.014535e-01,8.866437e-01,8.832714e-01
8.740000e-03,6.220152e+00,6.192722e+00,1.322250e+00,7.462810e-01,5.600754e-01,4.398251e-01,3.594354e-01,3.014140e-01,6.899637e-01,7.948001e-01,8.407277e-01,8.671404e-01,8.827008e-01,9.014516e-01,8.866421e-01,8.832696e-01
8.745000e-03,6.220161e+00,6.192731e+00,1.322282e+00,7.462810e-01,5.600754e-01,4.398251e-01,3.594354e-01,3.014140e-01,6.899611e-01,7.947983e-01,8.407260e-01,8.671388e-01,8.826991e-01,9.014497e-01,8.866406e-01,8.832677e-01
8.750000e-03,6.220171e+00,6.192739e+00,1.322314e+00,7.462810e-01,5.600754e-01,4.398251e-01,3.594354e-01,3.014140e-01,6.899585e-01,7.947964e-01,8.407243e-01,8.671371e-01,8.826975e-01,9.014478e-01,8.866391e-01,8.832659e-01
8.755000e-03,6.220181e+00,6.192748e+00,1.322347e+00,7.462810e-01,5.600754e-01,4.398251e-01,3.594354e-01,3.014140e-01,6.899559e-01,7.947945e-01,8.407226e-01,8.671354e-01,8.826958e-01,9.014459e-01,8.866375e-01,8.832641e-01
8.760000e-03,6.220192e+00,6.192757e+00,1.322380e+00,7.462810e-01,5.600754e-01,4.398251e-01,3.594354e-01,3.014140e-01,6.899532e-01,7.947927e-01,8.407209e-01,8.671337e-01,8.826941e-01,9.014439e-01,8.866360e-01,8.832623e-01
8.765000e-03,6.220202e+00,6.192766e+00,1.322414e+00,7.462810e-01,5.600754e-01,4.398251e-01,3.594354e-01,3.014140e-01,6.899504e-01,7.947907e-01,8.407191e-01,8.671320e-01,8.826924e-01,9.014420e-01,8.866344e-01,8.832605e-01
8.770000e-03,6.220213e+00,6.192775e+00,1.322448e+00,7.462810e-01,5.600754e-01,4.398251e-01,3.594354e-01,3.014140e-01,6.899477e-01,7.947888e-01,8.407174e-01,8.671302e-01,8.826906e-01,9.014401e-01,8.866329e-01,8.832587e-01
8.775000e-03,6.220223e+00,6.192784e+00,1.322484e+00,7.462810e-01,5.600754e-01,4.398251e-01,3.594354e-01,3.014140e-01,6.899448e-01,7.947868e-01,8.407156e-01,8.671285e-01,8.826889e-01,9.014381e-01,8.866313e-01,8.832569e-01
8.780000e-03,6.220234e+00,6.192794e+00,1.322520e+00,7.462810e-01,5.600754e-01,4.398251e-01,3.594354e-01,3.014140e-01,6.899419e-01,7.947848e-01,8.407138e-01,8.671267e-01,8.826872e-01,9.014362e-01,8.866298e-01,8.832551e-01
8.785000e-03,6.220246e+00,6.192804e+00,1.322556e+00,7.462810e-01,5.600754e-01,4.398251e-01,3.594354e-01,3.014140e-01,6.899390e-01,7.947828e-01,8.407120e-01,8.671250e-01,8.826854e-01,9.014343e-01,8.866282e-01,8.832533e-01
8.790000e-03,6.220257e+00,6.192813e+00,1.322593e+00,7.462810e-01,5.600754e-01,4.398251e-01,3.594354e-01,3.014140e-01,6.899361e-01,7.947807e-01,8.407101e-01,8.671232e-01,8.826836e-01,9.014323e-01,8.866267e-01,8.832515e-01
8.795000e-03,6.220269e+00,6.192824e+00,1.322631e+00,7.462810e-01,5.600754e-01,4.398251e-01,3.594354e-01,3.014140e-01,6.899330e-01,7.947786e-01,8.407083e-01,8.671214e-01,8.826819e-01,9.014304e-01,8.866251e-01,8.832497e-01
8.800000e-03,6.220281e+00,6.192834e+00,1.322670e+00,7.462810e-01,5.600754e-01,4.398251e-01,3.594354e-01,3.014140e-01,6.899300e-01,7.947765e-01,8.407064e-01,8.671196e-01,8.826801e-01,9.014284e-01,8.866236e-01,8.832479e-01
8.805000e-03,6.220293e+00,6.192844e+00,1.322709e+00,7.462810e-01,5.600754e-01,4.398251e-01,3.594354e-01,3.014140e-01,6.899269e-01,7.947744e-01,8.407045e-01,8.671178e-01,8.826783e-01,9.014265e-01,8.866221e-01,8.832461e-01
8.810000e-03,6.220305e+00,6.192855e+00,1.322749e+00,7.462810e-01,5.600754e-01,4.398251e-01,3.594354e-01,3.014140e-01,6.899237e-01,7.947722e-01,8.407026e-01,8.671159e-01,8.826765e-01,9.014245e-01,8.866205e-01,8.832443e-01
8.815000e-03,6.220317e+00,6.192865e+00,1.322790e+00,7.462810e-01,5.600754e-01,4.398251e-01,3.594354e-01,3.014140e-01,6.899205e-01,7.947700e-01,8.407007e-01,8.671141e-01,8.826748e-01,9.014226e-01,8.866190e-01,8.832425e-01
8.820000e-03,6.220330e+00,6.192876e+00,1.322831e+00,7.462810e-01,5.600754e-01,4.398251e-01,3.594354e-01,3.014140e-01,6.899172e-01,7.947678e-01,8.406988e-01,8.671123e-01,8.826730e-01,9.014206e-01,8.866175e-01,8.832408e-01
8.825000e-03,6.220343e+00,6.192888e+00,1.322873e+00,7.462810e-01,5.600754e-01,4.398251e-01,3.594354e-01,3.014140e-01,6.899139e-01,7.947656e-01,8.406968e-01,8.671104e-01,8.826712e-01,9.014187e-01,8.866159e-01,8.832390e-01
8.830000e-03,6.220356e+00,6.192899e+00,1.322916e+00,7.462810e-01,5.600754e-01,4.398251e-01,3.594354e-01,3.014140e-01,6.899106e-01,7.947633e-01,8.406949e-01,8.671085e-01,8.826694e-01,9.014167e-01,8.866144e-01,8.832373e-01
8.835000e-03,6.220369e+00,6.192910e+00,1.322959e+00,7.462810e-01,5.600754e-01,4.398251e-01,3.594354e-01,3.014140e-01,6.899072e-01,7.947610e-01,8.406929e-01,8.671066e-01,8.826676e-01,9.014148e-01,8.866129e-01,8.832355e-01
8.840000e-03,6.220382e+00,6.192922e+00,1.323003e+00,7.462810e-01,5.600754e-01,4.398251e-01,3.594354e-01,3.014140e-01,6.899037e-01,7.947587e-01,8.406909e-01,8.671047e-01,8.826657e-01,9.014128e-01,8.866114e-01,8.832338e-01
8.845000e-03,6.220396e+00,6.192934e+00,1.323048e+00,7.462810e-01,5.600754e-01,4.398251e-01,3.594354e-01,3.014140e-01,6.899002e-01,7.947564e-01,8.406888e-01,8.671028e-01,8.826639e-01,9.014109e-01,8.866099e-01,8.832321e-01
8.850000e-03,6.220410e+00,6.192946e+00,1.323094e+00,7.462810e-01,5.600754e-01,4.398251e-01,3.594354e-01,3.014140e-01,6.898967e-01,7.947541e-01,8.406868e-01,8.671009e-01,8.826621e-01,9.014089e-01,8.866084e-01,8.832304e-01
8.855000e-03,6.220424e+00,6.192958e+00,1.323140e+00,7.462810e-01,5.600754e-01,4.398251e-01,3.594354e-01,3.014140e-01,6.898932e-01,7.947517e-01,8.406848e-01,8.670990e-01,8.826603e-01,9.014070e-01,8.866069e-01,8.832286e-01
8.860000e-03,6.220438e+00,6.192970e+00,1.323187e+00,7.462810e-01,5.600754e-01,4.398251e-01,3.594354e-01,3.014140e-01,6.898896e-01,7.947493e-01,8.406827e-01,8.670971e-01,8.826585e-01,9.014051e-01,8.866054e-01,8.832269e-01
8.865000e-03,6.220453e+00,6.192983e+00,1.323235e+00,7.462810e-01,5.600754e-01,4.398251e-01,3.594354e-01,3.014140e-01,6.898859e-01,7.947469e-01,8.406807e-01,8.670952e-01,8.826566e-01,9.014032e-01,8.866040e-01,8.832253e-01
8.870000e-03,6.220467e+00,6.192996e+00,1.323284e+00,7.462810e-01,5.600754e-01,4.398251e-01,3.594354e-01,3.014140e-01,6.898822e-01,7.947444e-01,8.406786e-01,8.670932e-01,8.826548e-01,9.014013e-01,8.866025e-01,8.832236e-01
8.875000e-03,6.220482e+00,6.193008e+00,1.323333e+00,7.462810e-01,5.600754e-01,4.398251e-01,3.594354e-01,3.014140e-01,6.898785e-01,7.947420e-01,8.406765e-01,8.670913e-01,8.826530e-01,9.013994e-01,8.866011e-01,8.832219e-01
8.880000e-03,6.220497e+00,6.193022e+00,1.323383e+00,7.462810e-01,5.600754e-01,4.398251e-01,3.594354e-01,3.014140e-01,6.898747e-01,7.947395e-01,8.406744e-01,8.670894e-01,8.826511e-01,9.013975e-01,8.865997e-01,8.832202e-01
8.885000e-03,6.220512e+00,6.193035e+00,1.323434e+00,7.462810e-01,5.600754e-01,4.398251e-01,3.594354e-01,3.014140e-01,6.898710e-01,7.947370e-01,8.406723e-01,8.670874e-01,8.826493e-01,9.013956e-01,8.865982e-01,8.832186e-01
8.890000e-03,6.220528e+00,6.193048e+00,1.323485e+00,7.462810e-01,5.600754e-01,4.398251e-01,3.594354e-01,3.014140e-01,6.898671e-01,7.947345e-01,8.406702e-01,8.670855e-01,8.826475e-01,9.013937e-01,8.865968e-01,8.832170e-01
8.895000e-03,6.220544e+00,6.193062e+00,1.323537e+00,7.462810e-01,5.600754e-01,4.398251e-01,3.594354e-01,3.014140e-01,6.898633e-01,7.947320e-01,8.406681e-01,8.670835e-01,8.826456e-01,9.013918e-01,8.865955e-01,8.832154e-01
8.900000e-03,6.220559e+00,6.193076e+00,1.323590e+00,7.462810e-01,5.600754e-01,4.398251e-01,3.594354e-01,3.014140e-01,6.898594e-01,7.947294e-01,8.406659e-01,8.670815e-01,8.826438e-01,9.013899e-01,8.865941e-01,8.832137e-01
8.905000e-03,6.220575e+00,6.193089e+00,1.323644e+00,7.462810e-01,5.600754e-01,4.398251e-01,3.594354e-01,3.014140e-01,6.898554e-01,7.947269e-01,8.406638e-01,8.670796e-01,8.826420e-01,9.013881e-01,8.865927e-01,8.832122e-01
8.910000e-03,6.220591e+00,6.193104e+00,1.323698e+00,7.462810e-01,5.600754e-01,4.398251e-01,3.594354e-01,3.014140e-01,6.898515e-01,7.947243e-01,8.406616e-01,8.670776e-01,8.826402e-01,9.013862e-01,8.865914e-01,8.832106e-01
8.915000e-03,6.220608e+00,6.193118e+00,1.323753e+00,7.462810e-01,5.600754e-01,4.398251e-01,3.594354e-01,3.014140e-01,6.898475e-01,7.947217e-01,8.406595e-01,8.670756e-01,8.826383e-01,9.013844e-01,8.865901e-01,8.832090e-01
8.920000e-03,6.220624e+00,6.193132e+00,1.323808e+00,7.462810e-01,5.600754e-01,4.398251e-01,3.594354e-01,3.014140e-01,6.898435e-01,7.947192e-01,8.406573e-01,8.670737e-01,8.826365e-01,9.013825e-01,8.865887e-01,8.832075e-01
8.925000e-03,6.220641e+00,6.193147e+00,1.323865e+00,7.462810e-01,5.600754e-01,4.398251e-01,3.594354e-01,3.014140e-01,6.898394e-01,7.947165e-01,8.406551e-01,8.670717e-01,8.826347e-01,9.013807e-01,8.865874e-01,8.832059e-01
8.930000e-03,6.220658e+00,6.193161e+00,1.323922e+00,7.462810e-01,5.600754e-01,4.398251e-01,3.594354e-01,3.014140e-01,6.898353e-01,7.947139e-01,8.406529e-01,8.670697e-01,8.826329e-01,9.013789e-01,8.865862e-01,8.832044e-01
8.935000e-03,6.220675e+00,6.193176e+00,1.323980e+00,7.462810e-01,5.600754e-01,4.398251e-01,3.594354e-01,3.014140e-01,6.898311e-01,7.947113e-01,8.406508e-01,8.670678e-01,8.826311e-01,9.013772e-01,8.865849e-01,8.832029e-01
8.940000e-03,6.220692e+00,6.193191e+00,1.324038e+00,7.462810e-01,5.600754e-01,4.398251e-01,3.594354e-01,3.014140e-01,6.898269e-01,7.947087e-01,8.406486e-01,8.670658e-01,8.826293e-01,9.013754e-01,8.865837e-01,8.832014e-01
8.945000e-03,6.220710e+00,6.193206e+00,1.324097e+00,7.462810e-01,5.600754e-01,4.398251e-01,3.594354e-01,3.014140e-01,6.898227e-01,7.947060e-01,8.406464e-01,8.670638e-01,8.826275e-01,9.013736e-01,8.865824e-01,8.831999e-01
8.950000e-03,6.220727e+00,6.193222e+00,1.324157e+00,7.462810e-01,5.600754e-01,4.398251e-01,3.594354e-01,3.014140e-01,6.898185e-01,7.947033e-01,8.406442e-01,8.670619e-01,8.826257e-01,9.013718e-01,8.865812e-01,8.831984e-01
8.955000e-03,6.220745e+00,6.193237e+00,1.324217e+00,7.462810e-01,5.600754e-01,4.398251e-01,3.594354e-01,3.014140e-01,6.898143e-01,7.947007e-01,8.406420e-01,8.670599e-01,8.826239e-01,9.013701e-01,8.865800e-01,8.831970e-01
8.960000e-03,6.220762e+00,6.193253e+00,1.324278e+00,7.462810e-01,5.600754e-01,4.398251e-01,3.594354e-01,3.014140e-01,6.898100e-01,7.946980e-01,8.406398e-01,8.670580e-01,8.826221e-01,9.013684e-01,8.865789e-01,8.831956e-01
8.965000e-03,6.220780e+00,6.193268e+00,1.324339e+00,7.462810e-01,5.600754e-01,4.398251e-01,3.594354e-01,3.014140e-01,6.898057e-01,7.946953e-01,8.406376e-01,8.670560e-01,8.826204e-01,9.013667e-01,8.865777e-01,8.831941e-01
8.970000e-03,6.220799e+00,6.193284e+00,1.324401e+00,7.462810e-01,5.600754e-01,4.398251e-01,3.594354e-01,3.014140e-01,6.898014e-01,7.946927e-01,8.406354e-01,8.670541e-01,8.826186e-01,9.013650e-01,8.865766e-01,8.831927e-01
8.975000e-03,6.220817e+00,6.193300e+00,1.324464e+00,7.462810e-01,5.600754e-01,4.398251e-01,3.594354e-01,3.014140e-01,6.897971e-01,7.946900e-01,8.406332e-01,8.670521e-01,8.826169e-01,9.013633e-01,8.865754e-01,8.831914e-01
8.980000e-03,6.220835e+00,6.193316e+00,1.324527e+00,7.462810e-01,5.600754e-01,4.398251e-01,3.594354e-01,3.014140e-01,6.897927e-01,7.946873e-01,8.406310e-01,8.670502e-01,8.826151e-01,9.013616e-01,8.865743e-01,8.831900e-01
8.985000e-03,6.220854e+00,6.193332e+00,1.324590e+00,7.462810e-01,5.600754e-01,4.398251e-01,3.594354e-01,3.014140e-01,6.897884e-01,7.946847e-01,8.406288e-01,8.670483e-01,8.826134e-01,9.013600e-01,8.865732e-01,8.831887e-01
8.990000e-03,6.220872e+00,6.193349e+00,1.324655e+00,7.462810e-01,5.600754e-01,4.398251e-01,3.594354e-01,3.014140e-01,6.897840e-01,7.946820e-01,8.406267e-01,8.670464e-01,8.826117e-01,9.013583e-01,8.865722e-01,8.831873e-01
8.995000e-03,6.220891e+00,6.193365e+00,1.324722e+00,7.462810e-01,5.600754e-01,4.398251e-01,3.594354e-01,3.014140e-01,6.897796e-01,7.946793e-01,8.406245e-01,8.670445e-01,8.826100e-01,9.013567e-01,8.865711e-01,8.831860e-01
9.000000e-03,6.220909e+00,6.193381e+00,1.324789e+00,7.462810e-01,5.600754e-01,4.398251e-01,3.594354e-01,3.014140e-01,6.897752e-01,7.946767e-01,8.406223e-01,8.670426e-01,8.826083e-01,9.013551e-01,8.865701e-01,8.831847e-01
9.005000e-03,6.220928e+00,6.193398e+00,1.324856e+00,7.462810e-01,5.600754e-01,4.398251e-01,3.594354e-01,3.014140e-01,6.897708e-01,7.946740e-01,8.406201e-01,8.670407e-01,8.826067e-01,9.013535e-01,8.865690e-01,8.831834e-01
9.010000e-03,6.220947e+00,6.193414e+00,1.324922e+00,7.462810e-01,5.600754e-01,4.398251e-01,3.594354e-01,3.014140e-01,6.897664e-01,7.946713e-01,8.406180e-01,8.670388e-01,8.826050e-01,9.013520e-01,8.865680e-01,8.831822e-01
9.015000e-03,6.220966e+00,6.193431e+00,1.324989e+00,7.462810e-01,5.600754e-01,4.398251e-01,3.594354e-01,3.014140e-01,6.897618e-01,7.946687e-01,8.406158e-01,8.670369e-01,8.826034e-01,9.013504e-01,8.865670e-01,8.831809e-01
9.020000e-03,6.220985e+00,6.193448e+00,1.325057e+00,7.462810e-01,5.600754e-01,4.398251e-01,3.594354e-01,3.014140e-01,6.897573e-01,7.946660e-01,8.406137e-01,8.670350e-01,8.826017e-01,9.013489e-01,8.865661e-01,8.831797e-01
9.025000e-03,6.221004e+00,6.193464e+00,1.325125e+00,7.462810e-01,5.600754e-01,4.398251e-01,3.594354e-01,3.014140e-01,6.897528e-01,7.946634e-01,8.406116e-01,8.670332e-01,8.826001e-01,9.013474e-01,8.865651e-01,8.831785e-01
9.030000e-03,6.221023e+00,6.193481e+00,1.325193e+00,7.462810e-01,5.600754e-01,4.398251e-01,3.594354e-01,3.014140e-01,6.897482e-01,7.946608e-01,8.406094e-01,8.670313e-01,8.825984e-01,9.013460e-01,8.865642e-01,8.831773e-01
9.035000e-03,6.221042e+00,6.193498e+00,1.325261e+00,7.462810e-01,5.600754e-01,4.398251e-01,3.594354e-01,3.014140e-01,6.897437e-01,7.946582e-01,8.406073e-01,8.670295e-01,8.825968e-01,9.013445e-01,8.865632e-01,8.831761e-01
9.040000e-03,6.221062e+00,6.193515e+00,1.325329e+00,7.462810e-01,5.600754e-01,4.398251e-01,3.594354e-01,3.014140e-01,6.897392e-01,7.946556e-01,8.406052e-01,8.670277e-01,8.825952e-01,9.013430e-01,8.865624e-01,8.831749e-01
9.045000e-03,6.221081e+00,6.193532e+00,1.325398e+00,7.462810e-01,5.600754e-01,4.398251e-01,3.594354e-01,3.014140e-01,6.897347e-01,7.946530e-01,8.406031e-01,8.670259e-01,8.825936e-01,9.013416e-01,8.865615e-01,8.831738e-01
9.050000e-03,6.221100e+00,6.193549e+00,1.325467e+00,7.462810e-01,5.600754e-01,4.398251e-01,3.594354e-01,3.014140e-01,6.897302e-01,7.946504e-01,8.406011e-01,8.670241e-01,8.825921e-01,9.013402e-01,8.865606e-01,8.831726e-01
9.055000e-03,6.221120e+00,6.193566e+00,1.325536e+00,7.462810e-01,5.600754e-01,4.398251e-01,3.594354e-01,3.014140e-01,6.897256e-01,7.946477e-01,8.405991e-01,8.670223e-01,8.825905e-01,9.013388e-01,8.865598e-01,8.831715e-01
9.060000e-03,6.221139e+00,6.193583e+00,1.325605e+00,7.462810e-01,5.600754e-01,4.398251e-01,3.594354e-01,3.014140e-01,6.897212e-01,7.946451e-01,8.405971e-01,8.670205e-01,8.825890e-01,9.013374e-01,8.865589e-01,8.831704e-01
9.065000e-03,6.221159e+00,6.193600e+00,1.325675e+00,7.462810e-01,5.600754e-01,4.398251e-01,3.594354e-01,3.014140e-01,6.897167e-01,7.946425e-01,8.405950e-01,8.670187e-01,8.825875e-01,9.013360e-01,8.865581e-01,8.831694e-01
9.070000e-03,6.221178e+00,6.193617e+00,1.325745e+00,7.462810e-01,5.600754e-01,4.398251e-01,3.594354e-01,3.014140e-01,6.897123e-01,7.946400e-01,8.405930e-01,8.670170e-01,8.825860e-01,9.013346e-01,8.865573e-01,8.831683e-01
9.075000e-03,6.221197e+00,6.193634e+00,1.325815e+00,7.462810e-01,5.600754e-01,4.398251e-01,3.594354e-01,3.014140e-01,6.897078e-01,7.946374e-01,8.405909e-01,8.670153e-01,8.825844e-01,9.013333e-01,8.865565e-01,8.831673e-01
9.080000e-03,6.221217e+00,6.193651e+00,1.325885e+00,7.462810e-01,5.600754e-01,4.398251e-01,3.594354e-01,3.014140e-01,6.897034e-01,7.946348e-01,8.405890e-01,8.670137e-01,8.825829e-01,9.013320e-01,8.865557e-01,8.831663e-01
9.085000e-03,6.221236e+00,6.193669e+00,1.325955e+00,7.462810e-01,5.600754e-01,4.398251e-01,3.594354e-01,3.014140e-01,6.896989e-01,7.946323e-01,8.405870e-01,8.670120e-01,8.825814e-01,9.013307e-01,8.865549e-01,8.831652e-01
9.090000e-03,6.221256e+00,6.193686e+00,1.326025e+00,7.462810e-01,5.600754e-01,4.398251e-01,3.594354e-01,3.014140e-01,6.896945e-01,7.946298e-01,8.405850e-01,8.670104e-01,8.825800e-01,9.013294e-01,8.865542e-01,8.831642e-01
9.095000e-03,6.221276e+00,6.193703e+00,1.326094e+00,7.462810e-01,5.600754e-01,4.398251e-01,3.594354e-01,3.014140e-01,6.896900e-01,7.946273e-01,8.405831e-01,8.670087e-01,8.825786e-01,9.013281e-01,8.865534e-01,8.831632e-01
9.100000e-03,6.221295e+00,6.193720e+00,1.326161e+00,7.462810e-01,5.600754e-01,4.398251e-01,3.594354e-01,3.014140e-01,6.896857e-01,7.946248e-01,8.405811e-01,8.670070e-01,8.825772e-01,9.013269e-01,8.865527e-01,8.831623e-01
9.105000e-03,6.221314e+00,6.193736e+00,1.326227e+00,7.462810e-01,5.600754e-01,4.398251e-01,3.594354e-01,3.014140e-01,6.896812e-01,7.946224e-01,8.405791e-01,8.670054e-01,8.825759e-01,9.013256e-01,8.865519e-01,8.831613e-01
9.110000e-03,6.221333e+00,6.193753e+00,1.326292e+00,7.462810e-01,5.600754e-01,4.398251e-01,3.594354e-01,3.014140e-01,6.896765e-01,7.946199e-01,8.405772e-01,8.670038e-01,8.825746e-01,9.013244e-01,8.865512e-01,8.831603e-01
9.115000e-03,6.221352e+00,6.193769e+00,1.326358e+00,7.462810e-01,5.600754e-01,4.398251e-01,3.594354e-01,3.014140e-01,6.896718e-01,7.946175e-01,8.405754e-01,8.670022e-01,8.825732e-01,9.013232e-01,8.865505e-01,8.831594e-01
9.120000e-03,6.221371e+00,6.193785e+00,1.326423e+00,7.462810e-01,5.600754e-01,4.398251e-01,3.594354e-01,3.014140e-01,6.896671e-01,7.946152e-01,8.405735e-01,8.670006e-01,8.825718e-01,9.013221e-01,8.865498e-01,8.831585e-01
9.125000e-03,6.221390e+00,6.193801e+00,1.326488e+00,7.462810e-01,5.600754e-01,4.398251e-01,3.594354e-01,3.014140e-01,6.896623e-01,7.946130e-01,8.405717e-01,8.669990e-01,8.825705e-01,9.013210e-01,8.865491e-01,8.831576e-01
9.130000e-03,6.221409e+00,6.193817e+00,1.326553e+00,7.462810e-01,5.600754e-01,4.398251e-01,3.594354e-01,3.014140e-01,6.896577e-01,7.946106e-01,8.405698e-01,8.669975e-01,8.825692e-01,9.013199e-01,8.865485e-01,8.831567e-01
9.135000e-03,6.221427e+00,6.193833e+00,1.326617e+00,7.462810e-01,5.600754e-01,4.398251e-01,3.594354e-01,3.014140e-01,6.896529e-01,7.946082e-01,8.405680e-01,8.669960e-01,8.825679e-01,9.013188e-01,8.865478e-01,8.831558e-01
9.140000e-03,6.221446e+00,6.193848e+00,1.326680e+00,7.462810e-01,5.600754e-01,4.398251e-01,3.594354e-01,3.014140e-01,6.896481e-01,7.946059e-01,8.405663e-01,8.669945e-01,8.825666e-01,9.013177e-01,8.865472e-01,8.831549e-01
9.145000e-03,6.221464e+00,6.193864e+00,1.326742e+00,7.462810e-01,5.600754e-01,4.398251e-01,3.594354e-01,3.014140e-01,6.896434e-01,7.946035e-01,8.405647e-01,8.669930e-01,8.825653e-01,9.013166e-01,8.865466e-01,8.831541e-01
9.150000e-03,6.221482e+00,6.193879e+00,1.326804e+00,7.462810e-01,5.600754e-01,4.398251e-01,3.594354e-01,3.014140e-01,6.896387e-01,7.946011e-01,8.405630e-01,8.669915e-01,8.825640e-01,9.013155e-01,8.865460e-01,8.831532e-01
9.155000e-03,6.221500e+00,6.193894e+00,1.326866e+00,7.462810e-01,5.600754e-01,4.398251e-01,3.594354e-01,3.014140e-01,6.896340e-01,7.945987e-01,8.405613e-01,8.669901e-01,8.825628e-01,9.013145e-01,8.865454e-01,8.831524e-01
9.160000e-03,6.221517e+00,6.193909e+00,1.326927e+00,7.462810e-01,5.600754e-01,4.398251e-01,3.594354e-01,3.014140e-01,6.896294e-01,7.945963e-01,8.405596e-01,8.669887e-01,8.825615e-01,9.013134e-01,8.865448e-01,8.831516e-01
9.165000e-03,6.221535e+00,6.193924e+00,1.326987e+00,7.462810e-01,5.600754e-01,4.398251e-01,3.594354e-01,3.014140e-01,6.896249e-01,7.945938e-01,8.405578e-01,8.669874e-01,8.825603e-01,9.013124e-01,8.865443e-01,8.831508e-01
9.170000e-03,6.221552e+00,6.193939e+00,1.327048e+00,7.462810e-01,5.600754e-01,4.398251e-01,3.594354e-01,3.014140e-01,6.896204e-01,7.945914e-01,8.405561e-01,8.669862e-01,8.825591e-01,9.013113e-01,8.865437e-01,8.831501e-01
9.175000e-03,6.221569e+00,6.193954e+00,1.327107e+00,7.462810e-01,5.600754e-01,4.398251e-01,3.594354e-01,3.014140e-01,6.896160e-01,7.945890e-01,8.405545e-01,8.669849e-01,8.825579e-01,9.013103e-01,8.865431e-01,8.831493e-01
9.180000e-03,6.221586e+00,6.193968e+00,1.327166e+00,7.462810e-01,5.600754e-01,4.398251e-01,3.594354e-01,3.014140e-01,6.896116e-01,7.945865e-01,8.405528e-01,8.669836e-01,8.825568e-01,9.013094e-01,8.865425e-01,8.831485e-01
9.185000e-03,6.221603e+00,6.193983e+00,1.327225e+00,7.462810e-01,5.600754e-01,4.398251e-01,3.594354e-01,3.014140e-01,6.896073e-01,7.945841e-01,8.405510e-01,8.669822e-01,8.825558e-01,9.013084e-01,8.865419e-01,8.831478e-01
9.190000e-03,6.221620e+00,6.193997e+00,1.327283e+00,7.462810e-01,5.600754e-01,4.398251e-01,3.594354e-01,3.014140e-01,6.896030e-01,7.945816e-01,8.405493e-01,8.669809e-01,8.825548e-01,9.013074e-01,8.865414e-01,8.831470e-01
9.195000e-03,6.221637e+00,6.194011e+00,1.327341e+00,7.462810e-01,5.600754e-01,4.398251e-01,3.594354e-01,3.014140e-01,6.895987e-01,7.945793e-01,8.405476e-01,8.669796e-01,8.825539e-01,9.013065e-01,8.865408e-01,8.831463e-01
9.200000e-03,6.221653e+00,6.194025e+00,1.327398e+00,7.462810e-01,5.600754e-01,4.398251e-01,3.594354e-01,3.014140e-01,6.895945e-01,7.945770e-01,8.405458e-01,8.669783e-01,8.825529e-01,9.013056e-01,8.865403e-01,8.831455e-01
9.205000e-03,6.221669e+00,6.194039e+00,1.327455e+00,7.462810e-01,5.600754e-01,4.398251e-01,3.594354e-01,3.014140e-01,6.895904e-01,7.945747e-01,8.405440e-01,8.669770e-01,8.825519e-01,9.013048e-01,8.865398e-01,8.831448e-01
9.210000e-03,6.221685e+00,6.194052e+00,1.327511e+00,7.462810e-01,5.600754e-01,4.398251e-01,3.594354e-01,3.014140e-01,6.895863e-01,7.945724e-01,8.405423e-01,8.669757e-01,8.825508e-01,9.013040e-01,8.865392e-01,8.831440e-01
9.215000e-03,6.221701e+00,6.194064e+00,1.327567e+00,7.462810e-01,5.600754e-01,4.398251e-01,3.594354e-01,3.014140e-01,6.895822e-01,7.945702e-01,8.405406e-01,8.669743e-01,8.825498e-01,9.013033e-01,8.865387e-01,8.831433e-01
9.220000e-03,6.221717e+00,6.194076e+00,1.327622e+00,7.462810e-01,5.600754e-01,4.398251e-01,3.594354e-01,3.014140e-01,6.895782e-01,7.945680e-01,8.405389e-01,8.669730e-01,8.825487e-01,9.013026e-01,8.865382e-01,8.831426e-01
9.225000e-03,6.221733e+00,6.194088e+00,1.327677e+00,7.462810e-01,5.600754e-01,4.398251e-01,3.594354e-01,3.014140e-01,6.895743e-01,7.945659e-01,8.405373e-01,8.669716e-01,8.825477e-01,9.013019e-01,8.865378e-01,8.831419e-01
9.230000e-03,6.221749e+00,6.194100e+00,1.327732e+00,7.462810e-01,5.600754e-01,4.398251e-01,3.594354e-01,3.014140e-01,6.895705e-01,7.945638e-01,8.405356e-01,8.669703e-01,8.825467e-01,9.013011e-01,8.865375e-01,8.831412e-01
9.235000e-03,6.221764e+00,6.194112e+00,1.327786e+00,7.462810e-01,5.600754e-01,4.398251e-01,3.594354e-01,3.014140e-01,6.895667e-01,7.945617e-01,8.405340e-01,8.669690e-01,8.825456e-01,9.013003e-01,8.865371e-01,8.831405e-01
9.240000e-03,6.221779e+00,6.194123e+00,1.327840e+00,7.462810e-01,5.600754e-01,4.398251e-01,3.594354e-01,3.014140e-01,6.895630e-01,7.945597e-01,8.405323e-01,8.669677e-01,8.825446e-01,9.012995e-01,8.865367e-01,8.831399e-01
9.245000e-03,6.221794e+00,6.194135e+00,1.327893e+00,7.462810e-01,5.600754e-01,4.398251e-01,3.594354e-01,3.014140e-01,6.895593e-01,7.945577e-01,8.405307e-01,8.669664e-01,8.825435e-01,9.012987e-01,8.865364e-01,8.831393e-01
9.250000e-03,6.221809e+00,6.194146e+00,1.327946e+00,7.462810e-01,5.600754e-01,4.398251e-01,3.594354e-01,3.014140e-01,6.895557e-01,7.945557e-01,8.405292e-01,8.669652e-01,8.825424e-01,9.012979e-01,8.865360e-01,8.831387e-01
9.255000e-03,6.221824e+00,6.194158e+00,1.327998e+00,7.462810e-01,5.600754e-01,4.398251e-01,3.594354e-01,3.014140e-01,6.895521e-01,7.945538e-01,8.405276e-01,8.669639e-01,8.825413e-01,9.012971e-01,8.865356e-01,8.831382e-01
9.260000e-03,6.221839e+00,6.194169e+00,1.328049e+00,7.462810e-01,5.600754e-01,4.398251e-01,3.594354e-01,3.014140e-01,6.895486e-01,7.945520e-01,8.405261e-01,8.669626e-01,8.825403e-01,9.012962e-01,8.865352e-01,8.831376e-01
9.265000e-03,6.221853e+00,6.194180e+00,1.328101e+00,7.462810e-01,5.600754e-01,4.398251e-01,3.594354e-01,3.014140e-01,6.895450e-01,7.945501e-01,8.405246e-01,8.669613e-01,8.825392e-01,9.012954e-01,8.865348e-01,8.831370e-01
9.270000e-03,6.221868e+00,6.194191e+00,1.328151e+00,7.462810e-01,5.600754e-01,4.398251e-01,3.594354e-01,3.014140e-01,6.895416e-01,7.945484e-01,8.405231e-01,8.669601e-01,8.825382e-01,9.012945e-01,8.865343e-01,8.831365e-01
9.275000e-03,6.221882e+00,6.194202e+00,1.328201e+00,7.462810e-01,5.600754e-01,4.398251e-01,3.594354e-01,3.014140e-01,6.895382e-01,7.945466e-01,8.405217e-01,8.669589e-01,8.825372e-01,9.012937e-01,8.865339e-01,8.831359e-01
9.280000e-03,6.221896e+00,6.194213e+00,1.328250e+00,7.462810e-01,5.600754e-01,4.398251e-01,3.594354e-01,3.014140e-01,6.895349e-01,7.945449e-01,8.405203e-01,8.669577e-01,8.825362e-01,9.012929e-01,8.865334e-01,8.831354e-01
9.285000e-03,6.221910e+00,6.194223e+00,1.328298e+00,7.462810e-01,5.600754e-01,4.398251e-01,3.594354e-01,3.014140e-01,6.895316e-01,7.945433e-01,8.405190e-01,8.669565e-01,8.825352e-01,9.012921e-01,8.865329e-01,8.831348e-01
9.290000e-03,6.221923e+00,6.194234e+00,1.328346e+00,7.462810e-01,5.600754e-01,4.398251e-01,3.594354e-01,3.014140e-01,6.895284e-01,7.945416e-01,8.405176e-01,8.669553e-01,8.825342e-01,9.012913e-01,8.865324e-01,8.831342e-01
9.295000e-03,6.221937e+00,6.194244e+00,1.328394e+00,7.462810e-01,5.600754e-01,4.398251e-01,3.594354e-01,3.014140e-01,6.895253e-01,7.945400e-01,8.405163e-01,8.669541e-01,8.825331e-01,9.012905e-01,8.865319e-01,8.831336e-01
9.300000e-03,6.221950e+00,6.194254e+00,1.328441e+00,7.462810e-01,5.600754e-01,4.398251e-01,3.594354e-01,3.014141e-01,6.895222e-01,7.945384e-01,8.405151e-01,8.669530e-01,8.825321e-01,9.012897e-01,8.865314e-01,8.831329e-01
9.305000e-03,6.221963e+00,6.194264e+00,1.328487e+00,7.462810e-01,5.600754e-01,4.398251e-01,3.594354e-01,3.014141e-01,6.895191e-01,7.945368e-01,8.405138e-01,8.669519e-01,8.825311e-01,9.012888e-01,8.865309e-01,8.831323e-01
9.310000e-03,6.221976e+00,6.194274e+00,1.328533e+00,7.462810e-01,5.600754e-01,4.398251e-01,3.594354e-01,3.014141e-01,6.895160e-01,7.945353e-01,8.405126e-01,8.669508e-01,8.825301e-01,9.012880e-01,8.865304e-01,8.831317e-01
9.315000e-03,6.221989e+00,6.194284e+00,1.328578e+00,7.462810e-01,5.600754e-01,4.398251e-01,3.594354e-01,3.014141e-01,6.895131e-01,7.945338e-01,8.405114e-01,8.669497e-01,8.825291e-01,9.012872e-01,8.865299e-01,8.831310e-01
9.320000e-03,6.222001e+00,6.194294e+00,1.328622e+00,7.462810e-01,5.600754e-01,4.398251e-01,3.594354e-01,3.014141e-01,6.895102e-01,7.945323e-01,8.405102e-01,8.669487e-01,8.825282e-01,9.012863e-01,8.865293e-01,8.831303e-01
9.325000e-03,6.222014e+00,6.194303e+00,1.328666e+00,7.462810e-01,5.600754e-01,4.398251e-01,3.594354e-01,3.014141e-01,6.895073e-01,7.945308e-01,8.405091e-01,8.669477e-01,8.825272e-01,9.012855e-01,8.865288e-01,8.831297e-01
9.330000e-03,6.222026e+00,6.194313e+00,1.328709e+00,7.462810e-01,5.600754e-01,4.398251e-01,3.594354e-01,3.014141e-01,6.895045e-01,7.945293e-01,8.405080e-01,8.669467e-01,8.825263e-01,9.012846e-01,8.865283e-01,8.831290e-01
9.335000e-03,6.222038e+00,6.194322e+00,1.328752e+00,7.462810e-01,5.600754e-01,4.398251e-01,3.594354e-01,3.014141e-01,6.895017e-01,7.945280e-01,8.405069e-01,8.669457e-01,8.825254e-01,9.012837e-01,8.865277e-01,8.831283e-01
9.340000e-03,6.222050e+00,6.194331e+00,1.328794e+00,7.462810e-01,5.600754e-01,4.398251e-01,3.594354e-01,3.014141e-01,6.894990e-01,7.945266e-01,8.405058e-01,8.669447e-01,8.825244e-01,9.012829e-01,8.865271e-01,8.831277e-01
9.345000e-03,6.222061e+00,6.194340e+00,1.328836e+00,7.462810e-01,5.600754e-01,4.398251e-01,3.594354e-01,3.014141e-01,6.894963e-01,7.945253e-01,8.405047e-01,8.669438e-01,8.825235e-01,9.012820e-01,8.865265e-01,8.831270e-01
9.350000e-03,6.222073e+00,6.194349e+00,1.328876e+00,7.462810e-01,5.600754e-01,4.398251e-01,3.594354e-01,3.014141e-01,6.894937e-01,7.945240e-01,8.405037e-01,8.669428e-01,8.825226e-01,9.012811e-01,8.865258e-01,8.831263e-01
9.355000e-03,6.222084e+00,6.194358e+00,1.328917e+00,7.462810e-01,5.600754e-01,4.398251e-01,3.594354e-01,3.014141e-01,6.894911e-01,7.945227e-01,8.405027e-01,8.669419e-01,8.825217e-01,9.012803e-01,8.865251e-01,8.831255e-01
9.360000e-03,6.222095e+00,6.194366e+00,1.328956e+00,7.462810e-01,5.600754e-01,4.398251e-01,3.594354e-01,3.014141e-01,6.894886e-01,7.945214e-01,8.405017e-01,8.669410e-01,8.825208e-01,9.012794e-01,8.865245e-01,8.831248e-01
9.365000e-03,6.222106e+00,6.194375e+00,1.328996e+00,7.462810e-01,5.600754e-01,4.398251e-01,3.594354e-01,3.014141e-01,6.894861e-01,7.945202e-01,8.405007e-01,8.669401e-01,8.825199e-01,9.012786e-01,8.865238e-01,8.831240e-01
9.370000e-03,6.222117e+00,6.194383e+00,1.329034e+00,7.462810e-01,5.600754e-01,4.398251e-01,3.594354e-01,3.014141e-01,6.894837e-01,7.945190e-01,8.404997e-01,8.669392e-01,8.825190e-01,9.012777e-01,8.865231e-01,8.831232e-01
9.375000e-03,6.222128e+00,6.194391e+00,1.329072e+00,7.462810e-01,5.600754e-01,4.398251e-01,3.594354e-01,3.014141e-01,6.894813e-01,7.945178e-01,8.404988e-01,8.669383e-01,8.825182e-01,9.012769e-01,8.865224e-01,8.831224e-01
9.380000e-03,6.222138e+00,6.194399e+00,1.329109e+00,7.462810e-01,5.600754e-01,4.398251e-01,3.594354e-01,3.014141e-01,6.894790e-01,7.945166e-01,8.404978e-01,8.669374e-01,8.825173e-01,9.012760e-01,8.865217e-01,8.831216e-01
9.385000e-03,6.222148e+00,6.194407e+00,1.329146e+00,7.462810e-01,5.600754e-01,4.398251e-01,3.594354e-01,3.014141e-01,6.894767e-01,7.945155e-01,8.404969e-01,8.669366e-01,8.825165e-01,9.012752e-01,8.865210e-01,8.831207e-01
9.390000e-03,6.222158e+00,6.194415e+00,1.329182e+00,7.462810e-01,5.600754e-01,4.398251e-01,3.594354e-01,3.014141e-01,6.894744e-01,7.945143e-01,8.404960e-01,8.669357e-01,8.825156e-01,9.012743e-01,8.865203e-01,8.831199e-01
9.395000e-03,6.222168e+00,6.194423e+00,1.329218e+00,7.462810e-01,5.600754e-01,4.398251e-01,3.594354e-01,3.014141e-01,6.894722e-01,7.945132e-01,8.404951e-01,8.669349e-01,8.825147e-01,9.012734e-01,8.865196e-01,8.831190e-01
9.400000e-03,6.222178e+00,6.194430e+00,1.329253e+00,7.462810e-01,5.600754e-01,4.398251e-01,3.594354e-01,3.014141e-01,6.894701e-01,7.945121e-01,8.404942e-01,8.669340e-01,8.825139e-01,9.012726e-01,8.865189e-01,8.831181e-01
9.405000e-03,6.222187e+00,6.194438e+00,1.329287e+00,7.462810e-01,5.600754e-01,4.398251e-01,3.594354e-01,3.014141e-01,6.894679e-01,7.945110e-01,8.404933e-01,8.669332e-01,8.825130e-01,9.012717e-01,8.865181e-01,8.831172e-01
9.410000e-03,6.222197e+00,6.194445e+00,1.329320e+00,7.462810e-01,5.600754e-01,4.398251e-01,3.594354e-01,3.014141e-01,6.894658e-01,7.945100e-01,8.404924e-01,8.669324e-01,8.825122e-01,9.012708e-01,8.865174e-01,8.831164e-01
9.415000e-03,6.222206e+00,6.194452e+00,1.329353e+00,7.462810e-01,5.600754e-01,4.398251e-01,3.594354e-01,3.014141e-01,6.894638e-01,7.945089e-01,8.404916e-01,8.669315e-01,8.825113e-01,9.012700e-01,8.865166e-01,8.831155e-01
9.420000e-03,6.222215e+00,6.194459e+00,1.329385e+00,7.462810e-01,5.600754e-01,4.398251e-01,3.594354e-01,3.014141e-01,6.894617e-01,7.945079e-01,8.404907e-01,8.669307e-01,8.825105e-01,9.012691e-01,8.865159e-01,8.831145e-01
9.425000e-03,6.222224e+00,6.194466e+00,1.329417e+00,7.462810e-01,5.600754e-01,4.398251e-01,3.594354e-01,3.014141e-01,6.894597e-01,7.945068e-01,8.404899e-01,8.669299e-01,8.825096e-01,9.012682e-01,8.865151e-01,8.831136e-01
9.430000e-03,6.222233e+00,6.194472e+00,1.329448e+00,7.462810e-01,5.600754e-01,4.398251e-01,3.594354e-01,3.014141e-01,6.894578e-01,7.945058e-01,8.404890e-01,8.669291e-01,8.825088e-01,9.012674e-01,8.865143e-01,8.831126e-01
9.435000e-03,6.222241e+00,6.194479e+00,1.329478e+00,7.462810e-01,5.600754e-01,4.398251e-01,3.594354e-01,3.014141e-01,6.894558e-01,7.945048e-01,8.404882e-01,8.669283e-01,8.825080e-01,9.012665e-01,8.865135e-01,8.831117e-01
9.440000e-03,6.222250e+00,6.194486e+00,1.329508e+00,7.462810e-01,5.600754e-01,4.398251e-01,3.594354e-01,3.014141e-01,6.894539e-01,7.945038e-01,8.404873e-01,8.669275e-01,8.825071e-01,9.012656e-01,8.865127e-01,8.831107e-01
9.445000e-03,6.222258e+00,6.194492e+00,1.329538e+00,7.462810e-01,5.600754e-01,4.398251e-01,3.594354e-01,3.014141e-01,6.894521e-01,7.945028e-01,8.404865e-01,8.669267e-01,8.825063e-01,9.012647e-01,8.865119e-01,8.831097e-01
9.450000e-03,6.222266e+00,6.194498e+00,1.329567e+00,7.462810e-01,5.600754e-01,4.398251e-01,3.594354e-01,3.014141e-01,6.894502e-01,7.945019e-01,8.404857e-01,8.669259e-01,8.825055e-01,9.012639e-01,8.865111e-01,8.831087e-01
9.455000e-03,6.222274e+00,6.194504e+00,1.329595e+00,7.462810e-01,5.600754e-01,4.398251e-01,3.594354e-01,3.014141e-01,6.894484e-01,7.945009e-01,8.404848e-01,8.669251e-01,8.825046e-01,9.012630e-01,8.865103e-01,8.831076e-01
9.460000e-03,6.222282e+00,6.194510e+00,1.329623e+00,7.462810e-01,5.600754e-01,4.398251e-01,3.594354e-01,3.014141e-01,6.894466e-01,7.945000e-01,8.404841e-01,8.669243e-01,8.825038e-01,9.012621e-01,8.865095e-01,8.831066e-01
9.465000e-03,6.222289e+00,6.194516e+00,1.329650e+00,7.462810e-01,5.600754e-01,4.398251e-01,3.594354e-01,3.014141e-01,6.894448e-01,7.944990e-01,8.404832e-01,8.669235e-01,8.825030e-01,9.012612e-01,8.865087e-01,8.831056e-01
9.470000e-03,6.222297e+00,6.194522e+00,1.329677e+00,7.462810e-01,5.600754e-01,4.398251e-01,3.594354e-01,3.014141e-01,6.894431e-01,7.944980e-01,8.404824e-01,8.669227e-01,8.825021e-01,9.012603e-01,8.865079e-01,8.831045e-01
9.475000e-03,6.222304e+00,6.194528e+00,1.329703e+00,7.462810e-01,5.600754e-01,4.398251e-01,3.594354e-01,3.014141e-01,6.894414e-01,7.944971e-01,8.404816e-01,8.669219e-01,8.825013e-01,9.012594e-01,8.865071e-01,8.831034e-01
9.480000e-03,6.222312e+00,6.194533e+00,1.329730e+00,7.462810e-01,5.600754e-01,4.398251e-01,3.594354e-01,3.014141e-01,6.894397e-01,7.944962e-01,8.404808e-01,8.669211e-01,8.825005e-01,9.012585e-01,8.865062e-01,8.831024e-01
9.485000e-03,6.222319e+00,6.194539e+00,1.329755e+00,7.462810e-01,5.600754e-01,4.398251e-01,3.594354e-01,3.014141e-01,6.894380e-01,7.944952e-01,8.404799e-01,8.669203e-01,8.824996e-01,9.012576e-01,8.865054e-01,8.831013e-01
9.490000e-03,6.222326e+00,6.194544e+00,1.329781e+00,7.462810e-01,5.600754e-01,4.398251e-01,3.594354e-01,3.014141e-01,6.894364e-01,7.944943e-01,8.404791e-01,8.669195e-01,8.824988e-01,9.012567e-01,8.865046e-01,8.831002e-01
9.495000e-03,6.222333e+00,6.194550e+00,1.329805e+00,7.462810e-01,5.600754e-01,4.398251e-01,3.594354e-01,3.014141e-01,6.894347e-01,7.944934e-01,8.404784e-01,8.669187e-01,8.824979e-01,9.012558e-01,8.865038e-01,8.830991e-01
9.500000e-03,6.222340e+00,6.194555e+00,1.329830e+00,7.462810e-01,5.600754e-01,4.398251e-01,3.594354e-01,3.014141e-01,6.894331e-01,7.944924e-01,8.404776e-01,8.669179e-01,8.824971e-01,9.012548e-01,8.865030e-01,8.830980e-01
9.505000e-03,6.222347e+00,6.194560e+00,1.329854e+00,7.462810e-01,5.600754e-01,4.398251e-01,3.594354e-01,3.014141e-01,6.894315e-01,7.944915e-01,8.404768e-01,8.669170e-01,8.824962e-01,9.012539e-01,8.865022e-01,8.830969e-01
9.510000e-03,6.222354e+00,6.194566e+00,1.329877e+00,7.462810e-01,5.600754e-01,4.398251e-01,3.594354e-01,3.014141e-01,6.894299e-01,7.944906e-01,8.404760e-01,8.669162e-01,8.824954e-01,9.012530e-01,8.865014e-01,8.830958e-01
9.515000e-03,6.222360e+00,6.194571e+00,1.329901e+00,7.462810e-01,5.600754e-01,4.398251e-01,3.594354e-01,3.014141e-01,6.894283e-01,7.944897e-01,8.404752e-01,8.669154e-01,8.824945e-01,9.012520e-01,8.865005e-01,8.830947e-01
9.520000e-03,6.222367e+00,6.194576e+00,1.329925e+00,7.462810e-01,5.600754e-01,4.398251e-01,3.594354e-01,3.014141e-01,6.894267e-01,7.944888e-01,8.404743e-01,8.669146e-01,8.824936e-01,9.012511e-01,8.864997e-01,8.830935e-01
9.525000e-03,6.222374e+00,6.194581e+00,1.329949e+00,7.462810e-01,5.600754e-01,4.398251e-01,3.594354e-01,3.014141e-01,6.894252e-01,7.944879e-01,8.404735e-01,8.669138e-01,8.824928e-01,9.012501e-01,8.864989e-01,8.830924e-01
9.530000e-03,6.222380e+00,6.194586e+00,1.329972e+00,7.462810e-01,5.600754e-01,4.398251e-01,3.594354e-01,3.014141e-01,6.894237e-01,7.944870e-01,8.404727e-01,8.669130e-01,8.824919e-01,9.012491e-01,8.864981e-01,8.830913e-01
9.535000e-03,6.222387e+00,6.194591e+00,1.329996e+00,7.462810e-01,5.600754e-01,4.398251e-01,3.594354e-01,3.014141e-01,6.894222e-01,7.944861e-01,8.404719e-01,8.669122e-01,8.824910e-01,9.012481e-01,8.864972e-01,8.830901e-01
9.540000e-03,6.222393e+00,6.194596e+00,1.330019e+00,7.462810e-01,5.600754e-01,4.398251e-01,3.594354e-01,3.014141e-01,6.894208e-01,7.944852e-01,8.404711e-01,8.669113e-01,8.824901e-01,9.012471e-01,8.864964e-01,8.830890e-01
9.545000e-03,6.222399e+00,6.194601e+00,1.330042e+00,7.462810e-01,5.600754e-01,4.398251e-01,3.594354e-01,3.014141e-01,6.894193e-01,7.944843e-01,8.404703e-01,8.669105e-01,8.824892e-01,9.012460e-01,8.864955e-01,8.830878e-01
9.550000e-03,6.222406e+00,6.194606e+00,1.330065e+00,7.462810e-01,5.600754e-01,4.398251e-01,3.594354e-01,3.014141e-01,6.894179e-01,7.944834e-01,8.404695e-01,8.669096e-01,8.824883e-01,9.012450e-01,8.864946e-01,8.830867e-01
9.555000e-03,6.222412e+00,6.194611e+00,1.330088e+00,7.462810e-01,5.600754e-01,4.398251e-01,3.594354e-01,3.014141e-01,6.894165e-01,7.944825e-01,8.404687e-01,8.669088e-01,8.824874e-01,9.012439e-01,8.864937e-01,8.830855e-01
9.560000e-03,6.222418e+00,6.194616e+00,1.330110e+00,7.462810e-01,5.600754e-01,4.398251e-01,3.594354e-01,3.014141e-01,6.894150e-01,7.944816e-01,8.404678e-01,8.669079e-01,8.824865e-01,9.012428e-01,8.864928e-01,8.830843e-01
9.565000e-03,6.222425e+00,6.194620e+00,1.330133e+00,7.462810e-01,5.600754e-01,4.398251e-01,3.594354e-01,3.014141e-01,6.894136e-01,7.944807e-01,8.404670e-01,8.669071e-01,8.824855e-01,9.012418e-01,8.864918e-01,8.830831e-01
9.570000e-03,6.222431e+00,6.194625e+00,1.330155e+00,7.462810e-01,5.600754e-01,4.398251e-01,3.594354e-01,3.014141e-01,6.894121e-01,7.944798e-01,8.404661e-01,8.669062e-01,8.824846e-01,9.012406e-01,8.864909e-01,8.830819e-01
9.575000e-03,6.222437e+00,6.194630e+00,1.330177e+00,7.462810e-01,5.600754e-01,4.398251e-01,3.594354e-01,3.014141e-01,6.894107e-01,7.944790e-01,8.404652e-01,8.669053e-01,8.824836e-01,9.012395e-01,8.864899e-01,8.830807e-01
9.580000e-03,6.222443e+00,6.194635e+00,1.330199e+00,7.462810e-01,5.600754e-01,4.398251e-01,3.594354e-01,3.014141e-01,6.894092e-01,7.944781e-01,8.404644e-01,8.669044e-01,8.824826e-01,9.012384e-01,8.864889e-01,8.830795e-01
9.585000e-03,6.222449e+00,6.194639e+00,1.330220e+00,7.462810e-01,5.600754e-01,4.398251e-01,3.594354e-01,3.014141e-01,6.894077e-01,7.944772e-01,8.404636e-01,8.669035e-01,8.824817e-01,9.012372e-01,8.864879e-01,8.830783e-01
9.590000e-03,6.222455e+00,6.194644e+00,1.330242e+00,7.462810e-01,5.600754e-01,4.398251e-01,3.594354e-01,3.014141e-01,6.894063e-01,7.944763e-01,8.404627e-01,8.669025e-01,8.824807e-01,9.012361e-01,8.864868e-01,8.830770e-01
9.595000e-03,6.222461e+00,6.194649e+00,1.330263e+00,7.462810e-01,5.600754e-01,4.398251e-01,3.594354e-01,3.014141e-01,6.894048e-01,7.944754e-01,8.404618e-01,8.669016e-01,8.824797e-01,9.012349e-01,8.864858e-01,8.830758e-01
9.600000e-03,6.222467e+00,6.194654e+00,1.330285e+00,7.462810e-01,5.600754e-01,4.398251e-01,3.594354e-01,3.014141e-01,6.894033e-01,7.944745e-01,8.404609e-01,8.669006e-01,8.824786e-01,9.012336e-01,8.864847e-01,8.830746e-01
9.605000e-03,6.222474e+00,6.194658e+00,1.330306e+00,7.462810e-01,5.600754e-01,4.398251e-01,3.594354e-01,3.014141e-01,6.894018e-01,7.944735e-01,8.404601e-01,8.668997e-01,8.824776e-01,9.012324e-01,8.864836e-01,8.830733e-01
9.610000e-03,6.222480e+00,6.194663e+00,1.330327e+00,7.462810e-01,5.600754e-01,4.398251e-01,3.594354e-01,3.014141e-01,6.894003e-01,7.944726e-01,8.404592e-01,8.668987e-01,8.824765e-01,9.012312e-01,8.864825e-01,8.830720e-01
9.615000e-03,6.222486e+00,6.194668e+00,1.330348e+00,7.462810e-01,5.600754e-01,4.398251e-01,3.594354e-01,3.014141e-01,6.893987e-01,7.944716e-01,8.404582e-01,8.668978e-01,8.824754e-01,9.012299e-01,8.864813e-01,8.830707e-01
9.620000e-03,6.222492e+00,6.194672e+00,1.330369e+00,7.462810e-01,5.600754e-01,4.398251e-01,3.594354e-01,3.014141e-01,6.893972e-01,7.944706e-01,8.404573e-01,8.668968e-01,8.824743e-01,9.012287e-01,8.864802e-01,8.830694e-01
9.625000e-03,6.222498e+00,6.194677e+00,1.330390e+00,7.462810e-01,5.600754e-01,4.398251e-01,3.594354e-01,3.014141e-01,6.893956e-01,7.944696e-01,8.404564e-01,8.668958e-01,8.824732e-01,9.012273e-01,8.864790e-01,8.830681e-01
9.630000e-03,6.222504e+00,6.194682e+00,1.330411e+00,7.462810e-01,5.600754e-01,4.398251e-01,3.594354e-01,3.014141e-01,6.893940e-01,7.944686e-01,8.404554e-01,8.668948e-01,8.824721e-01,9.012260e-01,8.864778e-01,8.830668e-01
9.635000e-03,6.222510e+00,6.194686e+00,1.330431e+00,7.462810e-01,5.600754e-01,4.398251e-01,3.594354e-01,3.014141e-01,6.893924e-01,7.944676e-01,8.404545e-01,8.668937e-01,8.824710e-01,9.012246e-01,8.864766e-01,8.830655e-01
9.640000e-03,6.222516e+00,6.194691e+00,1.330452e+00,7.462810e-01,5.600754e-01,4.398251e-01,3.594354e-01,3.014141e-01,6.893908e-01,7.944666e-01,8.404535e-01,8.668927e-01,8.824699e-01,9.012233e-01,8.864753e-01,8.830642e-01
9.645000e-03,6.222523e+00,6.194696e+00,1.330473e+00,7.462810e-01,5.600754e-01,4.398251e-01,3.594354e-01,3.014142e-01,6.893891e-01,7.944655e-01,8.404525e-01,8.668916e-01,8.824688e-01,9.012219e-01,8.864741e-01,8.830628e-01
9.650000e-03,6.222529e+00,6.194700e+00,1.330494e+00,7.462810e-01,5.600754e-01,4.398251e-01,3.594354e-01,3.014142e-01,6.893874e-01,7.944645e-01,8.404514e-01,8.668906e-01,8.824676e-01,9.012205e-01,8.864728e-01,8.830615e-01
9.655000e-03,6.222535e+00,6.194705e+00,1.330515e+00,7.462810e-01,5.600754e-01,4.398251e-01,3.594354e-01,3.014142e-01,6.893858e-01,7.944634e-01,8.404504e-01,8.668895e-01,8.824665e-01,9.012191e-01,8.864714e-01,8.830601e-01
9.660000e-03,6.222542e+00,6.194710e+00,1.330536e+00,7.462810e-01,5.600754e-01,4.398251e-01,3.594354e-01,3.014142e-01,6.893840e-01,7.944622e-01,8.404493e-01,8.668884e-01,8.824653e-01,9.012177e-01,8.864701e-01,8.830587e-01
9.665000e-03,6.222548e+00,6.194715e+00,1.330558e+00,7.462810e-01,5.600754e-01,4.398251e-01,3.594354e-01,3.014142e-01,6.893823e-01,7.944611e-01,8.404482e-01,8.668872e-01,8.824641e-01,9.012163e-01,8.864688e-01,8.830573e-01
9.670000e-03,6.222555e+00,6.194720e+00,1.330579e+00,7.462810e-01,5.600754e-01,4.398251e-01,3.594354e-01,3.014142e-01,6.893806e-01,7.944600e-01,8.404471e-01,8.668861e-01,8.824629e-01,9.012149e-01,8.864675e-01,8.830559e-01
9.675000e-03,6.222561e+00,6.194725e+00,1.330601e+00,7.462810e-01,5.600754e-01,4.398251e-01,3.594354e-01,3.014142e-01,6.893788e-01,7.944588e-01,8.404460e-01,8.668849e-01,8.824616e-01,9.012135e-01,8.864661e-01,8.830544e-01
9.680000e-03,6.222568e+00,6.194730e+00,1.330622e+00,7.462810e-01,5.600754e-01,4.398251e-01,3.594354e-01,3.014142e-01,6.893770e-01,7.944576e-01,8.404449e-01,8.668837e-01,8.824604e-01,9.012120e-01,8.864648e-01,8.830530e-01
9.685000e-03,6.222574e+00,6.194735e+00,1.330644e+00,7.462810e-01,5.600754e-01,4.398251e-01,3.594354e-01,3.014142e-01,6.893751e-01,7.944564e-01,8.404437e-01,8.668825e-01,8.824591e-01,9.012105e-01,8.864634e-01,8.830515e-01
9.690000e-03,6.222581e+00,6.194740e+00,1.330666e+00,7.462810e-01,5.600754e-01,4.398251e-01,3.594354e-01,3.014142e-01,6.893733e-01,7.944551e-01,8.404425e-01,8.668813e-01,8.824578e-01,9.012091e-01,8.864621e-01,8.830501e-01
9.695000e-03,6.222588e+00,6.194745e+00,1.330688e+00,7.462810e-01,5.600754e-01,4.398251e-01,3.594354e-01,3.014142e-01,6.893714e-01,7.944539e-01,8.404413e-01,8.668801e-01,8.824565e-01,9.012076e-01,8.864608e-01,8.830486e-01
9.700000e-03,6.222595e+00,6.194750e+00,1.330711e+00,7.462810e-01,5.600754e-01,4.398251e-01,3.594354e-01,3.014142e-01,6.893694e-01,7.944526e-01,8.404401e-01,8.668788e-01,8.824552e-01,9.012060e-01,8.864594e-01,8.830472e-01
9.705000e-03,6.222602e+00,6.194755e+00,1.330734e+00,7.462810e-01,5.600754e-01,4.398251e-01,3.594354e-01,3.014142e-01,6.893675e-01,7.944513e-01,8.404388e-01,8.668776e-01,8.824539e-01,9.012045e-01,8.864580e-01,8.830457e-01
9.710000e-03,6.222609e+00,6.194761e+00,1.330757e+00,7.462810e-01,5.600754e-01,4.398251e-01,3.594354e-01,3.014142e-01,6.893655e-01,7.944499e-01,8.404375e-01,8.668763e-01,8.824526e-01,9.012030e-01,8.864567e-01,8.830442e-01
9.715000e-03,6.222616e+00,6.194766e+00,1.330780e+00,7.462810e-01,5.600754e-01,4.398251e-01,3.594354e-01,3.014142e-01,6.893634e-01,7.944486e-01,8.404362e-01,8.668750e-01,8.824512e-01,9.012014e-01,8.864553e-01,8.830427e-01
9.720000e-03,6.222624e+00,6.194772e+00,1.330804e+00,7.462810e-01,5.600754e-01,4.398251e-01,3.594354e-01,3.014142e-01,6.893614e-01,7.944472e-01,8.404349e-01,8.668736e-01,8.824498e-01,9.011998e-01,8.864539e-01,8.830412e-01
9.725000e-03,6.222631e+00,6.194777e+00,1.330828e+00,7.462810e-01,5.600754e-01,4.398251e-01,3.594354e-01,3.014142e-01,6.893593e-01,7.944458e-01,8.404336e-01,8.668723e-01,8.824484e-01,9.011983e-01,8.864526e-01,8.830397e-01
9.730000e-03,6.222639e+00,6.194783e+00,1.330852e+00,7.462810e-01,5.600754e-01,4.398251e-01,3.594354e-01,3.014142e-01,6.893571e-01,7.944443e-01,8.404322e-01,8.668709e-01,8.824470e-01,9.011967e-01,8.864512e-01,8.830382e-01
9.735000e-03,6.222646e+00,6.194789e+00,1.330877e+00,7.462810e-01,5.600754e-01,4.398251e-01,3.594354e-01,3.014142e-01,6.893549e-01,7.944429e-01,8.404309e-01,8.668695e-01,8.824456e-01,9.011951e-01,8.864498e-01,8.830367e-01
9.740000e-03,6.222654e+00,6.194795e+00,1.330902e+00,7.462810e-01,5.600754e-01,4.398251e-01,3.594354e-01,3.014142e-01,6.893527e-01,7.944414e-01,8.404295e-01,8.668681e-01,8.824442e-01,9.011935e-01,8.864485e-01,8.830352e-01
9.745000e-03,6.222662e+00,6.194801e+00,1.330927e+00,7.462810e-01,5.600754e-01,4.398251e-01,3.594354e-01,3.014142e-01,6.893505e-01,7.944399e-01,8.404280e-01,8.668667e-01,8.824427e-01,9.011918e-01,8.864471e-01,8.830336e-01
9.750000e-03,6.222670e+00,6.194807e+00,1.330953e+00,7.462810e-01,5.600754e-01,4.398251e-01,3.594354e-01,3.014142e-01,6.893482e-01,7.944384e-01,8.404266e-01,8.668653e-01,8.824413e-01,9.011902e-01,8.864457e-01,8.830321e-01
9.755000e-03,6.222679e+00,6.194813e+00,1.330979e+00,7.462810e-01,5.600754e-01,4.398251e-01,3.594354e-01,3.014142e-01,6.893458e-01,7.944368e-01,8.404251e-01,8.668638e-01,8.824398e-01,9.011886e-01,8.864444e-01,8.830306e-01
9.760000e-03,6.222687e+00,6.194819e+00,1.331006e+00,7.462810e-01,5.600754e-01,4.398251e-01,3.594354e-01,3.014142e-01,6.893434e-01,7.944352e-01,8.404237e-01,8.668623e-01,8.824383e-01,9.011869e-01,8.864430e-01,8.830290e-01
9.765000e-03,6.222696e+00,6.194825e+00,1.331033e+00,7.462810e-01,5.600754e-01,4.398251e-01,3.594354e-01,3.014142e-01,6.893410e-01,7.944336e-01,8.404222e-01,8.668609e-01,8.824368e-01,9.011852e-01,8.864417e-01,8.830275e-01
9.770000e-03,6.222704e+00,6.194832e+00,1.331060e+00,7.462810e-01,5.600754e-01,4.398251e-01,3.594354e-01,3.014142e-01,6.893385e-01,7.944320e-01,8.404206e-01,8.668594e-01,8.824353e-01,9.011836e-01,8.864403e-01,8.830259e-01
9.775000e-03,6.222713e+00,6.194838e+00,1.331088e+00,7.462810e-01,5.600754e-01,4.398251e-01,3.594354e-01,3.014142e-01,6.893360e-01,7.944304e-01,8.404191e-01,8.668578e-01,8.824337e-01,9.011819e-01,8.864390e-01,8.830244e-01
9.780000e-03,6.222722e+00,6.194845e+00,1.331117e+00,7.462810e-01,5.600754e-01,4.398251e-01,3.594354e-01,3.014142e-01,6.893335e-01,7.944287e-01,8.404175e-01,8.668563e-01,8.824322e-01,9.011802e-01,8.864376e-01,8.830228e-01
9.785000e-03,6.222731e+00,6.194852e+00,1.331146e+00,7.462810e-01,5.600754e-01,4.398251e-01,3.594354e-01,3.014142e-01,6.893309e-01,7.944270e-01,8.404160e-01,8.668548e-01,8.824306e-01,9.011785e-01,8.864363e-01,8.830212e-01
9.790000e-03,6.222741e+00,6.194859e+00,1.331176e+00,7.462810e-01,5.600754e-01,4.398251e-01,3.594354e-01,3.014142e-01,6.893282e-01,7.944252e-01,8.404144e-01,8.668532e-01,8.824291e-01,9.011768e-01,8.864349e-01,8.830197e-01
9.795000e-03,6.222750e+00,6.194866e+00,1.331206e+00,7.462810e-01,5.600754e-01,4.398251e-01,3.594354e-01,3.014142e-01,6.893255e-01,7.944235e-01,8.404128e-01,8.668516e-01,8.824275e-01,9.011750e-01,8.864336e-01,8.830181e-01
9.800000e-03,6.222760e+00,6.194873e+00,1.331236e+00,7.462810e-01,5.600754e-01,4.398251e-01,3.594354e-01,3.014142e-01,6.893228e-01,7.944217e-01,8.404111e-01,8.668500e-01,8.824259e-01,9.011733e-01,8.864322e-01,8.830166e-01
9.805000e-03,6.222769e+00,6.194881e+00,1.331268e+00,7.462810e-01,5.600754e-01,4.398251e-01,3.594354e-01,3.014142e-01,6.893200e-01,7.944199e-01,8.404095e-01,8.668484e-01,8.824243e-01,9.011716e-01,8.864309e-01,8.830150e-01
9.810000e-03,6.222779e+00,6.194888e+00,1.331299e+00,7.462810e-01,5.600754e-01,4.398251e-01,3.594354e-01,3.014142e-01,6.893172e-01,7.944181e-01,8.404078e-01,8.668468e-01,8.824227e-01,9.011698e-01,8.864295e-01,8.830134e-01
9.815000e-03,6.222790e+00,6.194896e+00,1.331332e+00,7.462810e-01,5.600754e-01,4.398251e-01,3.594354e-01,3.014142e-01,6.893143e-01,7.944163e-01,8.404061e-01,8.668451e-01,8.824211e-01,9.011680e-01,8.864282e-01,8.830118e-01
9.820000e-03,6.222800e+00,6.194903e+00,1.331365e+00,7.462810e-01,5.600754e-01,4.398251e-01,3.594354e-01,3.014142e-01,6.893114e-01,7.944144e-01,8.404044e-01,8.668435e-01,8.824194e-01,9.011663e-01,8.864269e-01,8.830103e-01
9.825000e-03,6.222811e+00,6.194911e+00,1.331398e+00,7.462810e-01,5.600754e-01,4.398251e-01,3.594354e-01,3.014142e-01,6.893084e-01,7.944125e-01,8.404027e-01,8.668418e-01,8.824178e-01,9.011645e-01,8.864255e-01,8.830087e-01
9.830000e-03,6.222821e+00,6.194919e+00,1.331432e+00,7.462810e-01,5.600754e-01,4.398251e-01,3.594354e-01,3.014142e-01,6.893054e-01,7.944106e-01,8.404010e-01,8.668401e-01,8.824161e-01,9.011627e-01,8.864242e-01,8.830071e-01
9.835000e-03,6.222832e+00,6.194927e+00,1.331467e+00,7.462810e-01,5.600754e-01,4.398251e-01,3.594354e-01,3.014142e-01,6.893024e-01,7.944086e-01,8.403992e-01,8.668384e-01,8.824145e-01,9.011609e-01,8.864229e-01,8.830056e-01
9.840000e-03,6.222843e+00,6.194936e+00,1.331502e+00,7.462810e-01,5.600754e-01,4.398251e-01,3.594354e-01,3.014142e-01,6.892993e-01,7.944067e-01,8.403974e-01,8.668367e-01,8.824128e-01,9.011591e-01,8.864215e-01,8.830040e-01
9.845000e-03,6.222854e+00,6.194944e+00,1.331539e+00,7.462810e-01,5.600754e-01,4.398251e-01,3.594354e-01,3.014142e-01,6.892962e-01,7.944047e-01,8.403956e-01,8.668350e-01,8.824111e-01,9.011573e-01,8.864202e-01,8.830024e-01
9.850000e-03,6.222866e+00,6.194953e+00,1.331575e+00,7.462810e-01,5.600754e-01,4.398251e-01,3.594354e-01,3.014142e-01,6.892930e-01,7.944027e-01,8.403938e-01,8.668333e-01,8.824094e-01,9.011555e-01,8.864189e-01,8.830009e-01
9.855000e-03,6.222877e+00,6.194961e+00,1.331612e+00,7.462810e-01,5.600754e-01,4.398251e-01,3.594354e-01,3.014142e-01,6.892898e-01,7.944007e-01,8.403920e-01,8.668315e-01,8.824077e-01,9.011537e-01,8.864175e-01,8.829993e-01
9.860000e-03,6.222889e+00,6.194970e+00,1.331650e+00,7.462810e-01,5.600754e-01,4.398251e-01,3.594354e-01,3.014142e-01,6.892865e-01,7.943986e-01,8.403902e-01,8.668297e-01,8.824060e-01,9.011519e-01,8.864162e-01,8.829977e-01
9.865000e-03,6.222901e+00,6.194979e+00,1.331689e+00,7.462810e-01,5.600754e-01,4.398251e-01,3.594354e-01,3.014142e-01,6.892832e-01,7.943966e-01,8.403883e-01,8.668280e-01,8.824043e-01,9.011501e-01,8.864149e-01,8.829962e-01
9.870000e-03,6.222913e+00,6.194988e+00,1.331728e+00,7.462810e-01,5.600754e-01,4.398251e-01,3.594354e-01,3.014142e-01,6.892798e-01,7.943945e-01,8.403864e-01,8.668262e-01,8.824026e-01,9.011483e-01,8.864135e-01,8.829946e-01
9.875000e-03,6.222926e+00,6.194997e+00,1.331768e+00,7.462810e-01,5.600754e-01,4.398251e-01,3.594354e-01,3.014142e-01,6.892764e-01,7.943924e-01,8.403846e-01,8.668244e-01,8.824009e-01,9.011464e-01,8.864122e-01,8.829930e-01
9.880000e-03,6.222938e+00,6.195007e+00,1.331808e+00,7.462810e-01,5.600754e-01,4.398251e-01,3.594354e-01,3.014142e-01,6.892730e-01,7.943902e-01,8.403827e-01,8.668226e-01,8.823992e-01,9.011446e-01,8.864109e-01,8.829915e-01
9.885000e-03,6.222951e+00,6.195016e+00,1.331850e+00,7.462810e-01,5.600754e-01,4.398251e-01,3.594354e-01,3.014142e-01,6.892696e-01,7.943881e-01,8.403807e-01,8.668208e-01,8.823974e-01,9.011428e-01,8.864096e-01,8.829899e-01
9.890000e-03,6.222964e+00,6.195026e+00,1.331891e+00,7.462810e-01,5.600754e-01,4.398251e-01,3.594354e-01,3.014142e-01,6.892660e-01,7.943859e-01,8.403788e-01,8.668189e-01,8.823957e-01,9.011410e-01,8.864083e-01,8.829883e-01
9.895000e-03,6.222977e+00,6.195036e+00,1.331934e+00,7.462810e-01,5.600754e-01,4.398251e-01,3.594354e-01,3.014142e-01,6.892625e-01,7.943837e-01,8.403769e-01,8.668171e-01,8.823939e-01,9.011391e-01,8.864069e-01,8.829868e-01
9.900000e-03,6.222990e+00,6.195046e+00,1.331977e+00,7.462810e-01,5.600754e-01,4.398251e-01,3.594354e-01,3.014142e-01,6.892589e-01,7.943814e-01,8.403749e-01,8.668152e-01,8.823922e-01,9.011373e-01,8.864056e-01,8.829852e-01
9.905000e-03,6.223004e+00,6.195056e+00,1.332021e+00,7.462810e-01,5.600754e-01,4.398251e-01,3.594354e-01,3.014142e-01,6.892552e-01,7.943792e-01,8.403729e-01,8.668134e-01,8.823904e-01,9.011355e-01,8.864043e-01,8.829837e-01
9.910000e-03,6.223017e+00,6.195066e+00,1.332065e+00,7.462810e-01,5.600754e-01,4.398251e-01,3.594354e-01,3.014142e-01,6.892515e-01,7.943769e-01,8.403710e-01,8.668115e-01,8.823887e-01,9.011337e-01,8.864030e-01,8.829821e-01
9.915000e-03,6.223031e+00,6.195076e+00,1.332110e+00,7.462810e-01,5.600754e-01,4.398251e-01,3.594354e-01,3.014142e-01,6.892478e-01,7.943746e-01,8.403690e-01,8.668097e-01,8.823869e-01,9.011318e-01,8.864017e-01,8.829806e-01
9.920000e-03,6.223045e+00,6.195087e+00,1.332156e+00,7.462810e-01,5.600754e-01,4.398251e-01,3.594354e-01,3.014142e-01,6.892441e-01,7.943723e-01,8.403669e-01,8.668078e-01,8.823852e-01,9.011300e-01,8.864004e-01,8.829790e-01
9.925000e-03,6.223059e+00,6.195097e+00,1.332202e+00,7.462810e-01,5.600754e-01,4.398251e-01,3.594354e-01,3.014142e-01,6.892403e-01,7.943700e-01,8.403649e-01,8.668059e-01,8.823834e-01,9.011282e-01,8.863991e-01,8.829775e-01
9.930000e-03,6.223074e+00,6.195108e+00,1.332250e+00,7.462810e-01,5.600754e-01,4.398251e-01,3.594354e-01,3.014142e-01,6.892364e-01,7.943677e-01,8.403629e-01,8.668040e-01,8.823816e-01,9.011264e-01,8.863978e-01,8.829760e-01
9.935000e-03,6.223088e+00,6.195119e+00,1.332297e+00,7.462810e-01,5.600754e-01,4.398251e-01,3.594354e-01,3.014142e-01,6.892326e-01,7.943653e-01,8.403608e-01,8.668021e-01,8.823798e-01,9.011245e-01,8.863966e-01,8.829745e-01
9.940000e-03,6.223103e+00,6.195130e+00,1.332345e+00,7.462810e-01,5.600754e-01,4.398251e-01,3.594354e-01,3.014142e-01,6.892287e-01,7.943630e-01,8.403588e-01,8.668002e-01,8.823781e-01,9.011227e-01,8.863953e-01,8.829730e-01
9.945000e-03,6.223118e+00,6.195141e+00,1.332394e+00,7.462810e-01,5.600754e-01,4.398251e-01,3.594354e-01,3.014142e-01,6.892247e-01,7.943606e-01,8.403567e-01,8.667983e-01,8.823763e-01,9.011209e-01,8.863940e-01,8.829714e-01
9.950000e-03,6.223133e+00,6.195152e+00,1.332444e+00,7.462810e-01,5.600754e-01,4.398251e-01,3.594354e-01,3.014142e-01,6.892208e-01,7.943582e-01,8.403546e-01,8.667963e-01,8.823745e-01,9.011191e-01,8.863927e-01,8.829699e-01
9.955000e-03,6.223148e+00,6.195164e+00,1.332494e+00,7.462810e-01,5.600754e-01,4.398251e-01,3.594354e-01,3.014142e-01,6.892167e-01,7.943558e-01,8.403525e-01,8.667944e-01,8.823728e-01,9.011173e-01,8.863915e-01,8.829685e-01
9.960000e-03,6.223163e+00,6.195175e+00,1.332545e+00,7.462810e-01,5.600754e-01,4.398251e-01,3.594354e-01,3.014142e-01,6.892127e-01,7.943534e-01,8.403504e-01,8.667925e-01,8.823710e-01,9.011155e-01,8.863902e-01,8.829670e-01
9.965000e-03,6.223179e+00,6.195187e+00,1.332597e+00,7.462810e-01,5.600754e-01,4.398251e-01,3.594354e-01,3.014142e-01,6.892086e-01,7.943509e-01,8.403483e-01,8.667905e-01,8.823692e-01,9.011137e-01,8.863890e-01,8.829655e-01
9.970000e-03,6.223195e+00,6.195199e+00,1.332650e+00,7.462810e-01,5.600754e-01,4.398251e-01,3.594354e-01,3.014143e-01,6.892044e-01,7.943485e-01,8.403462e-01,8.667886e-01,8.823674e-01,9.011119e-01,8.863878e-01,8.829640e-01
9.975000e-03,6.223210e+00,6.195211e+00,1.332703e+00,7.462810e-01,5.600754e-01,4.398251e-01,3.594354e-01,3.014143e-01,6.892002e-01,7.943460e-01,8.403441e-01,8.667867e-01,8.823656e-01,9.011102e-01,8.863866e-01,8.829625e-01
9.980000e-03,6.223226e+00,6.195223e+00,1.332757e+00,7.462810e-01,5.600754e-01,4.398251e-01,3.594354e-01,3.014143e-01,6.891960e-01,7.943435e-01,8.403419e-01,8.667847e-01,8.823639e-01,9.011084e-01,8.863854e-01,8.829611e-01
9.985000e-03,6.223243e+00,6.195235e+00,1.332811e+00,7.462810e-01,5.600754e-01,4.398251e-01,3.594354e-01,3.014143e-01,6.891918e-01,7.943411e-01,8.403398e-01,8.667828e-01,8.823621e-01,9.011066e-01,8.863842e-01,8.829596e-01
9.990000e-03,6.223259e+00,6.195247e+00,1.332867e+00,7.462810e-01,5.600754e-01,4.398251e-01,3.594354e-01,3.014143e-01,6.891875e-01,7.943386e-01,8.403377e-01,8.667808e-01,8.823603e-01,9.011049e-01,8.863830e-01,8.829582e-01
9.995000e-03,6.223275e+00,6.195260e+00,1.332922e+00,7.462810e-01,5.600754e-01,4.398251e-01,3.594354e-01,3.014143e-01,6.891832e-01,7.943361e-01,8.403355e-01,8.667789e-01,8.823585e-01,9.011031e-01,8.863818e-01,8.829568e-01
1.000000e-02,6.223292e+00,6.195272e+00,1.332979e+00,7.462810e-01,5.600754e-01,4.398251e-01,3.594354e-01,3.014143e-01,6.891789e-01,7.943336e-01,8.403334e-01,8.667769e-01,8.823568e-01,9.011014e-01,8.863807e-01,8.829554e-01
1.000500e-02,6.223309e+00,6.195285e+00,1.333036e+00,7.462810e-01,5.600754e-01,4.398251e-01,3.594354e-01,3.014143e-01,6.891746e-01,7.943311e-01,8.403312e-01,8.667750e-01,8.823550e-01,9.010996e-01,8.863795e-01,8.829540e-01
1.001000e-02,6.223326e+00,6.195298e+00,1.333093e+00,7.462810e-01,5.600754e-01,4.398251e-01,3.594354e-01,3.014143e-01,6.891702e-01,7.943286e-01,8.403290e-01,8.667730e-01,8.823533e-01,9.010979e-01,8.863784e-01,8.829526e-01
1.001500e-02,6.223343e+00,6.195310e+00,1.333151e+00,7.462810e-01,5.600754e-01,4.398251e-01,3.594354e-01,3.014143e-01,6.891658e-01,7.943261e-01,8.403268e-01,8.667711e-01,8.823515e-01,9.010962e-01,8.863773e-01,8.829512e-01
1.002000e-02,6.223360e+00,6.195323e+00,1.333210e+00,7.462810e-01,5.600754e-01,4.398251e-01,3.594354e-01,3.014143e-01,6.891614e-01,7.943236e-01,8.403246e-01,8.667692e-01,8.823498e-01,9.010945e-01,8.863762e-01,8.829498e-01
1.002500e-02,6.223377e+00,6.195337e+00,1.333269e+00,7.462810e-01,5.600754e-01,4.398251e-01,3.594354e-01,3.014143e-01,6.891570e-01,7.943211e-01,8.403224e-01,8.667672e-01,8.823480e-01,9.010928e-01,8.863751e-01,8.829484e-01
1.003000e-02,6.223395e+00,6.195350e+00,1.333329e+00,7.462810e-01,5.600754e-01,4.398251e-01,3.594354e-01,3.014143e-01,6.891525e-01,7.943187e-01,8.403202e-01,8.667653e-01,8.823463e-01,9.010912e-01,8.863740e-01,8.829471e-01
1.003500e-02,6.223412e+00,6.195363e+00,1.333389e+00,7.462810e-01,5.600754e-01,4.398251e-01,3.594354e-01,3.014143e-01,6.891480e-01,7.943162e-01,8.403181e-01,8.667633e-01,8.823446e-01,9.010895e-01,8.863729e-01,8.829457e-01
1.004000e-02,6.223430e+00,6.195376e+00,1.333450e+00,7.462810e-01,5.600754e-01,4.398251e-01,3.594354e-01,3.014143e-01,6.891435e-01,7.943137e-01,8.403159e-01,8.667614e-01,8.823429e-01,9.010878e-01,8.863718e-01,8.829444e-01
1.004500e-02,6.223448e+00,6.195390e+00,1.333510e+00,7.462810e-01,5.600754e-01,4.398251e-01,3.594354e-01,3.014143e-01,6.891390e-01,7.943112e-01,8.403137e-01,8.667594e-01,8.823412e-01,9.010862e-01,8.863708e-01,8.829431e-01
1.005000e-02,6.223466e+00,6.195403e+00,1.333570e+00,7.462810e-01,5.600754e-01,4.398251e-01,3.594354e-01,3.014143e-01,6.891345e-01,7.943087e-01,8.403115e-01,8.667575e-01,8.823395e-01,9.010846e-01,8.863697e-01,8.829417e-01
1.005500e-02,6.223484e+00,6.195417e+00,1.333631e+00,7.462810e-01,5.600754e-01,4.398251e-01,3.594354e-01,3.014143e-01,6.891300e-01,7.943062e-01,8.403093e-01,8.667555e-01,8.823377e-01,9.010829e-01,8.863687e-01,8.829404e-01
1.006000e-02,6.223502e+00,6.195431e+00,1.333692e+00,7.462810e-01,5.600754e-01,4.398251e-01,3.594354e-01,3.014143e-01,6.891254e-01,7.943038e-01,8.403072e-01,8.667536e-01,8.823360e-01,9.010813e-01,8.863676e-01,8.829391e-01
1.006500e-02,6.223520e+00,6.195444e+00,1.333754e+00,7.462810e-01,5.600754e-01,4.398251e-01,3.594354e-01,3.014143e-01,6.891208e-01,7.943013e-01,8.403050e-01,8.667517e-01,8.823343e-01,9.010797e-01,8.863666e-01,8.829378e-01
1.007000e-02,6.223538e+00,6.195458e+00,1.333815e+00,7.462810e-01,5.600754e-01,4.398251e-01,3.594354e-01,3.014143e-01,6.891161e-01,7.942988e-01,8.403028e-01,8.667498e-01,8.823326e-01,9.010781e-01,8.863656e-01,8.829366e-01
1.007500e-02,6.223557e+00,6.195472e+00,1.333877e+00,7.462810e-01,5.600754e-01,4.398251e-01,3.594354e-01,3.014143e-01,6.891114e-01,7.942964e-01,8.403007e-01,8.667479e-01,8.823310e-01,9.010765e-01,8.863647e-01,8.829353e-01
1.008000e-02,6.223575e+00,6.195486e+00,1.333939e+00,7.462810e-01,5.600754e-01,4.398251e-01,3.594354e-01,3.014143e-01,6.891068e-01,7.942939e-01,8.402985e-01,8.667460e-01,8.823293e-01,9.010750e-01,8.863637e-01,8.829341e-01
1.008500e-02,6.223593e+00,6.195500e+00,1.334002e+00,7.462810e-01,5.600754e-01,4.398251e-01,3.594354e-01,3.014143e-01,6.891021e-01,7.942914e-01,8.402964e-01,8.667441e-01,8.823276e-01,9.010734e-01,8.863627e-01,8.829329e-01
1.009000e-02,6.223612e+00,6.195513e+00,1.334065e+00,7.462810e-01,5.600754e-01,4.398251e-01,3.594354e-01,3.014143e-01,6.890974e-01,7.942890e-01,8.402943e-01,8.667423e-01,8.823259e-01,9.010718e-01,8.863617e-01,8.829316e-01
1.009500e-02,6.223631e+00,6.195527e+00,1.334128e+00,7.462810e-01,5.600754e-01,4.398251e-01,3.594354e-01,3.014144e-01,6.890928e-01,7.942865e-01,8.402922e-01,8.667404e-01,8.823243e-01,9.010703e-01,8.863608e-01,8.829304e-01
1.010000e-02,6.223649e+00,6.195541e+00,1.334191e+00,7.462810e-01,5.600754e-01,4.398251e-01,3.594354e-01,3.014144e-01,6.890881e-01,7.942840e-01,8.402901e-01,8.667385e-01,8.823227e-01,9.010687e-01,8.863598e-01,8.829293e-01
1.010500e-02,6.223668e+00,6.195556e+00,1.334255e+00,7.462810e-01,5.600754e-01,4.398251e-01,3.594354e-01,3.014144e-01,6.890834e-01,7.942815e-01,8.402880e-01,8.667367e-01,8.823211e-01,9.010672e-01,8.863589e-01,8.829281e-01
1.011000e-02,6.223687e+00,6.195570e+00,1.334318e+00,7.462810e-01,5.600754e-01,4.398251e-01,3.594354e-01,3.014144e-01,6.890788e-01,7.942790e-01,8.402859e-01,8.667348e-01,8.823194e-01,9.010657e-01,8.863580e-01,8.829269e-01
1.011500e-02,6.223705e+00,6.195584e+00,1.334383e+00,7.462810e-01,5.600754e-01,4.398251e-01,3.594354e-01,3.014144e-01,6.890741e-01,7.942765e-01,8.402838e-01,8.667330e-01,8.823178e-01,9.010642e-01,8.863570e-01,8.829257e-01
1.012000e-02,6.223724e+00,6.195598e+00,1.334447e+00,7.462810e-01,5.600754e-01,4.398251e-01,3.594354e-01,3.014144e-01,6.890695e-01,7.942741e-01,8.402817e-01,8.667312e-01,8.823162e-01,9.010627e-01,8.863561e-01,8.829246e-01
1.012500e-02,6.223743e+00,6.195612e+00,1.334511e+00,7.462810e-01,5.600754e-01,4.398251e-01,3.594354e-01,3.014144e-01,6.890648e-01,7.942716e-01,8.402796e-01,8.667294e-01,8.823146e-01,9.010612e-01,8.863552e-01,8.829235e-01
1.013000e-02,6.223762e+00,6.195626e+00,1.334576e+00,7.462810e-01,5.600754e-01,4.398251e-01,3.594354e-01,3.014144e-01,6.890602e-01,7.942691e-01,8.402775e-01,8.667277e-01,8.823130e-01,9.010598e-01,8.863543e-01,8.829223e-01
1.013500e-02,6.223781e+00,6.195641e+00,1.334641e+00,7.462810e-01,5.600754e-01,4.398251e-01,3.594354e-01,3.014144e-01,6.890555e-01,7.942667e-01,8.402754e-01,8.667259e-01,8.823115e-01,9.010583e-01,8.863534e-01,8.829212e-01
1.014000e-02,6.223799e+00,6.195655e+00,1.334706e+00,7.462810e-01,5.600754e-01,4.398251e-01,3.594354e-01,3.014144e-01,6.890509e-01,7.942643e-01,8.402733e-01,8.667241e-01,8.823100e-01,9.010569e-01,8.863525e-01,8.829201e-01
1.014500e-02,6.223818e+00,6.195669e+00,1.334771e+00,7.462810e-01,5.600754e-01,4.398251e-01,3.594354e-01,3.014144e-01,6.890463e-01,7.942618e-01,8.402713e-01,8.667223e-01,8.823084e-01,9.010555e-01,8.863516e-01,8.829190e-01
1.015000e-02,6.223837e+00,6.195683e+00,1.334836e+00,7.462810e-01,5.600754e-01,4.398251e-01,3.594354e-01,3.014144e-01,6.890417e-01,7.942594e-01,8.402692e-01,8.667205e-01,8.823069e-01,9.010541e-01,8.863508e-01,8.829179e-01
1.015500e-02,6.223856e+00,6.195698e+00,1.334900e+00,7.462810e-01,5.600754e-01,4.398251e-01,3.594354e-01,3.014144e-01,6.890371e-01,7.942570e-01,8.402672e-01,8.667187e-01,8.823054e-01,9.010527e-01,8.863499e-01,8.829168e-01
1.016000e-02,6.223875e+00,6.195712e+00,1.334963e+00,7.462810e-01,5.600754e-01,4.398251e-01,3.594354e-01,3.014144e-01,6.890327e-01,7.942546e-01,8.402651e-01,8.667170e-01,8.823039e-01,9.010513e-01,8.863490e-01,8.829157e-01
1.016500e-02,6.223894e+00,6.195726e+00,1.335027e+00,7.462810e-01,5.600754e-01,4.398251e-01,3.594354e-01,3.014144e-01,6.890284e-01,7.942522e-01,8.402631e-01,8.667152e-01,8.823024e-01,9.010500e-01,8.863482e-01,8.829147e-01
1.017000e-02,6.223912e+00,6.195740e+00,1.335091e+00,7.462810e-01,5.600754e-01,4.398251e-01,3.594354e-01,3.014144e-01,6.890240e-01,7.942499e-01,8.402611e-01,8.667135e-01,8.823009e-01,9.010487e-01,8.863473e-01,8.829136e-01
1.017500e-02,6.223931e+00,6.195754e+00,1.335154e+00,7.462810e-01,5.600754e-01,4.398251e-01,3.594354e-01,3.014144e-01,6.890197e-01,7.942475e-01,8.402590e-01,8.667118e-01,8.822994e-01,9.010474e-01,8.863465e-01,8.829126e-01
1.018000e-02,6.223950e+00,6.195768e+00,1.335217e+00,7.462810e-01,5.600754e-01,4.398251e-01,3.594354e-01,3.014144e-01,6.890153e-01,7.942451e-01,8.402570e-01,8.667101e-01,8.822979e-01,9.010461e-01,8.863458e-01,8.829115e-01
1.018500e-02,6.223969e+00,6.195782e+00,1.335281e+00,7.462810e-01,5.600754e-01,4.398251e-01,3.594354e-01,3.014144e-01,6.890110e-01,7.942428e-01,8.402551e-01,8.667083e-01,8.822965e-01,9.010448e-01,8.863450e-01,8.829105e-01
1.019000e-02,6.223987e+00,6.195797e+00,1.335345e+00,7.462810e-01,5.600754e-01,4.398251e-01,3.594354e-01,3.014144e-01,6.890067e-01,7.942405e-01,8.402531e-01,8.667066e-01,8.822950e-01,9.010435e-01,8.863442e-01,8.829095e-01
1.019500e-02,6.224006e+00,6.195811e+00,1.335409e+00,7.462810e-01,5.600754e-01,4.398251e-01,3.594354e-01,3.014144e-01,6.890024e-01,7.942383e-01,8.402511e-01,8.667050e-01,8.822936e-01,9.010422e-01,8.863435e-01,8.829086e-01
1.020000e-02,6.224025e+00,6.195825e+00,1.335473e+00,7.462810e-01,5.600754e-01,4.398251e-01,3.594354e-01,3.014144e-01,6.889982e-01,7.942360e-01,8.402492e-01,8.667033e-01,8.822921e-01,9.010409e-01,8.863427e-01,8.829076e-01
1.020500e-02,6.224044e+00,6.195839e+00,1.335538e+00,7.462810e-01,5.600754e-01,4.398251e-01,3.594354e-01,3.014144e-01,6.889940e-01,7.942338e-01,8.402472e-01,8.667017e-01,8.822907e-01,9.010396e-01,8.863420e-01,8.829067e-01
1.021000e-02,6.224062e+00,6.195853e+00,1.335602e+00,7.462810e-01,5.600754e-01,4.398251e-01,3.594354e-01,3.014144e-01,6.889898e-01,7.942316e-01,8.402453e-01,8.667001e-01,8.822893e-01,9.010384e-01,8.863412e-01,8.829057e-01
1.021500e-02,6.224081e+00,6.195867e+00,1.335666e+00,7.462810e-01,5.600754e-01,4.398251e-01,3.594354e-01,3.014144e-01,6.889856e-01,7.942294e-01,8.402435e-01,8.666984e-01,8.822879e-01,9.010372e-01,8.863405e-01,8.829048e-01
1.022000e-02,6.224100e+00,6.195881e+00,1.335731e+00,7.462810e-01,5.600754e-01,4.398251e-01,3.594354e-01,3.014145e-01,6.889814e-01,7.942273e-01,8.402417e-01,8.666968e-01,8.822865e-01,9.010359e-01,8.863397e-01,8.829039e-01
1.022500e-02,6.224118e+00,6.195895e+00,1.335795e+00,7.462810e-01,5.600754e-01,4.398251e-01,3.594354e-01,3.014145e-01,6.889773e-01,7.942252e-01,8.402398e-01,8.666952e-01,8.822852e-01,9.010347e-01,8.863390e-01,8.829030e-01
1.023000e-02,6.224137e+00,6.195909e+00,1.335859e+00,7.462810e-01,5.600754e-01,4.398251e-01,3.594354e-01,3.014145e-01,6.889732e-01,7.942231e-01,8.402380e-01,8.666936e-01,8.822838e-01,9.010335e-01,8.863383e-01,8.829021e-01
1.023500e-02,6.224155e+00,6.195923e+00,1.335923e+00,7.462810e-01,5.600754e-01,4.398251e-01,3.594354e-01,3.014145e-01,6.889691e-01,7.942210e-01,8.402361e-01,8.666920e-01,8.822825e-01,9.010324e-01,8.863376e-01,8.829012e-01
1.024000e-02,6.224174e+00,6.195937e+00,1.335987e+00,7.462810e-01,5.600754e-01,4.398251e-01,3.594354e-01,3.014145e-01,6.889650e-01,7.942190e-01,8.402343e-01,8.666906e-01,8.822811e-01,9.010312e-01,8.863369e-01,8.829003e-01
1.024500e-02,6.224192e+00,6.195951e+00,1.336051e+00,7.462810e-01,5.600754e-01,4.398251e-01,3.594354e-01,3.014145e-01,6.889610e-01,7.942170e-01,8.402326e-01,8.666891e-01,8.822798e-01,9.010300e-01,8.863362e-01,8.828994e-01
1.025000e-02,6.224211e+00,6.195965e+00,1.336115e+00,7.462810e-01,5.600754e-01,4.398251e-01,3.594354e-01,3.014145e-01,6.889569e-01,7.942150e-01,8.402309e-01,8.666876e-01,8.822785e-01,9.010289e-01,8.863355e-01,8.828985e-01
1.025500e-02,6.224229e+00,6.195979e+00,1.336179e+00,7.462810e-01,5.600754e-01,4.398251e-01,3.594354e-01,3.014145e-01,6.889530e-01,7.942130e-01,8.402292e-01,8.666861e-01,8.822772e-01,9.010278e-01,8.863348e-01,8.828976e-01
1.026000e-02,6.224247e+00,6.195993e+00,1.336243e+00,7.462810e-01,5.600754e-01,4.398251e-01,3.594354e-01,3.014145e-01,6.889490e-01,7.942110e-01,8.402275e-01,8.666846e-01,8.822759e-01,9.010267e-01,8.863341e-01,8.828967e-01
1.026500e-02,6.224265e+00,6.196006e+00,1.336306e+00,7.462810e-01,5.600754e-01,4.398251e-01,3.594354e-01,3.014145e-01,6.889451e-01,7.942091e-01,8.402259e-01,8.666832e-01,8.822747e-01,9.010255e-01,8.863334e-01,8.828959e-01
1.027000e-02,6.224284e+00,6.196020e+00,1.336370e+00,7.462810e-01,5.600754e-01,4.398251e-01,3.594354e-01,3.014145e-01,6.889412e-01,7.942072e-01,8.402242e-01,8.666817e-01,8.822735e-01,9.010244e-01,8.863327e-01,8.828950e-01
1.027500e-02,6.224302e+00,6.196034e+00,1.336433e+00,7.462810e-01,5.600754e-01,4.398251e-01,3.594354e-01,3.014145e-01,6.889373e-01,7.942053e-01,8.402226e-01,8.666804e-01,8.822723e-01,9.010233e-01,8.863321e-01,8.828942e-01
1.028000e-02,6.224319e+00,6.196047e+00,1.336496e+00,7.462810e-01,5.600754e-01,4.398251e-01,3.594354e-01,3.014145e-01,6.889334e-01,7.942034e-01,8.402211e-01,8.666790e-01,8.822711e-01,9.010222e-01,8.863314e-01,8.828933e-01
1.028500e-02,6.224337e+00,6.196061e+00,1.336558e+00,7.462810e-01,5.600754e-01,4.398251e-01,3.594354e-01,3.014145e-01,6.889296e-01,7.942016e-01,8.402195e-01,8.666777e-01,8.822698e-01,9.010212e-01,8.863307e-01,8.828925e-01
1.029000e-02,6.224355e+00,6.196074e+00,1.336621e+00,7.462810e-01,5.600754e-01,4.398251e-01,3.594354e-01,3.014145e-01,6.889258e-01,7.941998e-01,8.402180e-01,8.666764e-01,8.822687e-01,9.010202e-01,8.863300e-01,8.828917e-01
1.029500e-02,6.224373e+00,6.196088e+00,1.336683e+00,7.462810e-01,5.600754e-01,4.398251e-01,3.594354e-01,3.014145e-01,6.889220e-01,7.941980e-01,8.402165e-01,8.666751e-01,8.822675e-01,9.010192e-01,8.863294e-01,8.828909e-01
1.030000e-02,6.224390e+00,6.196101e+00,1.336744e+00,7.462810e-01,5.600754e-01,4.398251e-01,3.594354e-01,3.014145e-01,6.889182e-01,7.941962e-01,8.402150e-01,8.666738e-01,8.822664e-01,9.010181e-01,8.863287e-01,8.828900e-01
1.030500e-02,6.224407e+00,6.196114e+00,1.336806e+00,7.462810e-01,5.600754e-01,4.398251e-01,3.594354e-01,3.014145e-01,6.889145e-01,7.941944e-01,8.402135e-01,8.666725e-01,8.822653e-01,9.010171e-01,8.863281e-01,8.828892e-01
1.031000e-02,6.224425e+00,6.196127e+00,1.336867e+00,7.462810e-01,5.600754e-01,4.398251e-01,3.594354e-01,3.014145e-01,6.889108e-01,7.941926e-01,8.402120e-01,8.666713e-01,8.822642e-01,9.010161e-01,8.863275e-01,8.828884e-01
1.031500e-02,6.224442e+00,6.196140e+00,1.336928e+00,7.462810e-01,5.600754e-01,4.398251e-01,3.594354e-01,3.014145e-01,6.889071e-01,7.941910e-01,8.402106e-01,8.666701e-01,8.822631e-01,9.010151e-01,8.863269e-01,8.828876e-01
1.032000e-02,6.224459e+00,6.196153e+00,1.336988e+00,7.462810e-01,5.600754e-01,4.398251e-01,3.594354e-01,3.014145e-01,6.889035e-01,7.941892e-01,8.402092e-01,8.666689e-01,8.822620e-01,9.010141e-01,8.863263e-01,8.828868e-01
1.032500e-02,6.224476e+00,6.196166e+00,1.337048e+00,7.462810e-01,5.600754e-01,4.398251e-01,3.594354e-01,3.014145e-01,6.888999e-01,7.941875e-01,8.402078e-01,8.666677e-01,8.822610e-01,9.010132e-01,8.863256e-01,8.828860e-01
1.033000e-02,6.224492e+00,6.196179e+00,1.337108e+00,7.462810e-01,5.600754e-01,4.398251e-01,3.594354e-01,3.014145e-01,6.888964e-01,7.941859e-01,8.402064e-01,8.666665e-01,8.822599e-01,9.010123e-01,8.863250e-01,8.828853e-01
1.033500e-02,6.224509e+00,6.196191e+00,1.337167e+00,7.462810e-01,5.600754e-01,4.398251e-01,3.594354e-01,3.014145e-01,6.888929e-01,7.941842e-01,8.402050e-01,8.666653e-01,8.822589e-01,9.010113e-01,8.863244e-01,8.828845e-01
1.034000e-02,6.224525e+00,6.196204e+00,1.337226e+00,7.462810e-01,5.600754e-01,4.398251e-01,3.594354e-01,3.014145e-01,6.888895e-01,7.941826e-01,8.402037e-01,8.666642e-01,8.822579e-01,9.010104e-01,8.863238e-01,8.828837e-01
1.034500e-02,6.224542e+00,6.196216e+00,1.337284e+00,7.462810e-01,5.600754e-01,4.398251e-01,3.594354e-01,3.014145e-01,6.888860e-01,7.941810e-01,8.402024e-01,8.666631e-01,8.822569e-01,9.010095e-01,8.863232e-01,8.828829e-01
1.035000e-02,6.224558e+00,6.196229e+00,1.337342e+00,7.462810e-01,5.600754e-01,4.398251e-01,3.594354e-01,3.014145e-01,6.888827e-01,7.941794e-01,8.402010e-01,8.666620e-01,8.822559e-01,9.010086e-01,8.863226e-01,8.828822e-01
1.035500e-02,6.224574e+00,6.196241e+00,1.337400e+00,7.462810e-01,5.600754e-01,4.398251e-01,3.594354e-01,3.014145e-01,6.888793e-01,7.941778e-01,8.401997e-01,8.666609e-01,8.822549e-01,9.010078e-01,8.863220e-01,8.828814e-01
1.036000e-02,6.224590e+00,6.196253e+00,1.337457e+00,7.462810e-01,5.600754e-01,4.398251e-01,3.594354e-01,3.014145e-01,6.888760e-01,7.941763e-01,8.401984e-01,8.666598e-01,8.822540e-01,9.010069e-01,8.863214e-01,8.828806e-01
1.036500e-02,6.224606e+00,6.196265e+00,1.337514e+00,7.462810e-01,5.600754e-01,4.398251e-01,3.594354e-01,3.014146e-01,6.888728e-01,7.941747e-01,8.401972e-01,8.666588e-01,8.822530e-01,9.010060e-01,8.863209e-01,8.828799e-01
1.037000e-02,6.224621e+00,6.196277e+00,1.337570e+00,7.462810e-01,5.600754e-01,4.398251e-01,3.594354e-01,3.014146e-01,6.888696e-01,7.941732e-01,8.401959e-01,8.666577e-01,8.822521e-01,9.010052e-01,8.863203e-01,8.828791e-01
1.037500e-02,6.224637e+00,6.196289e+00,1.337626e+00,7.462810e-01,5.600754e-01,4.398251e-01,3.594354e-01,3.014146e-01,6.888664e-01,7.941717e-01,8.401946e-01,8.666566e-01,8.822512e-01,9.010043e-01,8.863197e-01,8.828784e-01
1.038000e-02,6.224652e+00,6.196301e+00,1.337681e+00,7.462810e-01,5.600754e-01,4.398251e-01,3.594354e-01,3.014146e-01,6.888633e-01,7.941703e-01,8.401934e-01,8.666556e-01,8.822503e-01,9.010035e-01,8.863191e-01,8.828776e-01
1.038500e-02,6.224667e+00,6.196312e+00,1.337736e+00,7.462810e-01,5.600754e-01,4.398251e-01,3.594354e-01,3.014146e-01,6.888602e-01,7.941688e-01,8.401922e-01,8.666546e-01,8.822495e-01,9.010027e-01,8.863186e-01,8.828769e-01
1.039000e-02,6.224682e+00,6.196324e+00,1.337790e+00,7.462810e-01,5.600754e-01,4.398251e-01,3.594354e-01,3.014146e-01,6.888572e-01,7.941674e-01,8.401910e-01,8.666536e-01,8.822486e-01,9.010019e-01,8.863180e-01,8.828761e-01
1.039500e-02,6.224697e+00,6.196335e+00,1.337844e+00,7.462810e-01,5.600754e-01,4.398251e-01,3.594354e-01,3.014146e-01,6.888542e-01,7.941660e-01,8.401898e-01,8.666526e-01,8.822477e-01,9.010011e-01,8.863174e-01,8.828754e-01
1.040000e-02,6.224712e+00,6.196346e+00,1.337897e+00,7.462810e-01,5.600754e-01,4.398251e-01,3.594354e-01,3.014146e-01,6.888512e-01,7.941646e-01,8.401886e-01,8.666516e-01,8.822468e-01,9.010004e-01,8.863169e-01,8.828747e-01
1.040500e-02,6.224726e+00,6.196357e+00,1.337950e+00,7.462810e-01,5.600754e-01,4.398251e-01,3.594354e-01,3.014146e-01,6.888483e-01,7.941633e-01,8.401875e-01,8.666506e-01,8.822460e-01,9.009996e-01,8.863163e-01,8.828739e-01
1.041000e-02,6.224740e+00,6.196368e+00,1.338002e+00,7.462810e-01,5.600754e-01,4.398251e-01,3.594354e-01,3.014146e-01,6.888454e-01,7.941619e-01,8.401864e-01,8.666497e-01,8.822451e-01,9.009988e-01,8.863158e-01,8.828732e-01
1.041500e-02,6.224755e+00,6.196379e+00,1.338054e+00,7.462810e-01,5.600754e-01,4.398251e-01,3.594354e-01,3.014146e-01,6.888425e-01,7.941606e-01,8.401852e-01,8.666487e-01,8.822443e-01,9.009981e-01,8.863152e-01,8.828725e-01
1.042000e-02,6.224769e+00,6.196390e+00,1.338105e+00,7.462810e-01,5.600754e-01,4.398251e-01,3.594354e-01,3.014146e-01,6.888397e-01,7.941593e-01,8.401841e-01,8.666478e-01,8.822434e-01,9.009973e-01,8.863147e-01,8.828718e-01
1.042500e-02,6.224782e+00,6.196400e+00,1.338156e+00,7.462810e-01,5.600754e-01,4.398251e-01,3.594354e-01,3.014146e-01,6.888370e-01,7.941580e-01,8.401830e-01,8.666469e-01,8.822426e-01,9.009966e-01,8.863141e-01,8.828710e-01
1.043000e-02,6.224796e+00,6.196411e+00,1.338206e+00,7.462810e-01,5.600754e-01,4.398251e-01,3.594354e-01,3.014146e-01,6.888342e-01,7.941568e-01,8.401820e-01,8.666459e-01,8.822418e-01,9.009958e-01,8.863136e-01,8.828703e-01
1.043500e-02,6.224810e+00,6.196421e+00,1.338255e+00,7.462810e-01,5.600754e-01,4.398251e-01,3.594354e-01,3.014146e-01,6.888315e-01,7.941555e-01,8.401809e-01,8.666450e-01,8.822410e-01,9.009950e-01,8.863131e-01,8.828696e-01
1.044000e-02,6.224823e+00,6.196431e+00,1.338304e+00,7.462810e-01,5.600754e-01,4.398251e-01,3.594354e-01,3.014146e-01,6.888289e-01,7.941543e-01,8.401799e-01,8.666441e-01,8.822402e-01,9.009943e-01,8.863125e-01,8.828689e-01
1.044500e-02,6.224836e+00,6.196442e+00,1.338353e+00,7.462810e-01,5.600754e-01,4.398251e-01,3.594354e-01,3.014146e-01,6.888263e-01,7.941531e-01,8.401788e-01,8.666433e-01,8.822394e-01,9.009936e-01,8.863120e-01,8.828682e-01
1.045000e-02,6.224849e+00,6.196452e+00,1.338401e+00,7.462810e-01,5.600754e-01,4.398251e-01,3.594354e-01,3.014146e-01,6.888237e-01,7.941519e-01,8.401778e-01,8.666424e-01,8.822386e-01,9.009928e-01,8.863114e-01,8.828675e-01
1.045500e-02,6.224862e+00,6.196461e+00,1.338448e+00,7.462810e-01,5.600754e-01,4.398251e-01,3.594354e-01,3.014146e-01,6.888212e-01,7.941508e-01,8.401768e-01,8.666415e-01,8.822378e-01,9.009921e-01,8.863109e-01,8.828668e-01
1.046000e-02,6.224875e+00,6.196471e+00,1.338495e+00,7.462810e-01,5.600754e-01,4.398251e-01,3.594354e-01,3.014146e-01,6.888187e-01,7.941496e-01,8.401758e-01,8.666407e-01,8.822370e-01,9.009913e-01,8.863104e-01,8.828662e-01
1.046500e-02,6.224887e+00,6.196481e+00,1.338541e+00,7.462810e-01,5.600754e-01,4.398251e-01,3.594354e-01,3.014146e-01,6.888162e-01,7.941485e-01,8.401748e-01,8.666398e-01,8.822363e-01,9.009906e-01,8.863098e-01,8.828655e-01
1.047000e-02,6.224900e+00,6.196490e+00,1.338587e+00,7.462810e-01,5.600754e-01,4.398251e-01,3.594354e-01,3.014146e-01,6.888138e-01,7.941474e-01,8.401739e-01,8.666390e-01,8.822355e-01,9.009899e-01,8.863092e-01,8.828648e-01
1.047500e-02,6.224912e+00,6.196500e+00,1.338632e+00,7.462810e-01,5.600754e-01,4.398251e-01,3.594354e-01,3.014146e-01,6.888114e-01,7.941463e-01,8.401729e-01,8.666381e-01,8.822347e-01,9.009891e-01,8.863087e-01,8.828641e-01
1.048000e-02,6.224924e+00,6.196509e+00,1.338677e+00,7.462810e-01,5.600754e-01,4.398251e-01,3.594354e-01,3.014146e-01,6.888090e-01,7.941452e-01,8.401720e-01,8.666373e-01,8.822339e-01,9.009884e-01,8.863081e-01,8.828634e-01
1.048500e-02,6.224936e+00,6.196518e+00,1.338721e+00,7.462810e-01,5.600754e-01,4.398251e-01,3.594354e-01,3.014146e-01,6.888067e-01,7.941441e-01,8.401711e-01,8.666365e-01,8.822332e-01,9.009877e-01,8.863076e-01,8.828627e-01
1.049000e-02,6.224948e+00,6.196527e+00,1.338764e+00,7.462810e-01,5.600754e-01,4.398251e-01,3.594354e-01,3.014146e-01,6.888044e-01,7.941431e-01,8.401702e-01,8.666357e-01,8.822324e-01,9.009869e-01,8.863070e-01,8.828620e-01
1.049500e-02,6.224959e+00,6.196536e+00,1.338807e+00,7.462810e-01,5.600754e-01,4.398251e-01,3.594354e-01,3.014146e-01,6.888022e-01,7.941421e-01,8.401693e-01,8.666349e-01,8.822317e-01,9.009862e-01,8.863065e-01,8.828613e-01
1.050000e-02,6.224971e+00,6.196545e+00,1.338850e+00,7.462810e-01,5.600754e-01,4.398251e-01,3.594354e-01,3.014146e-01,6.888000e-01,7.941411e-01,8.401684e-01,8.666341e-01,8.822309e-01,9.009854e-01,8.863059e-01,8.828606e-01
1.050500e-02,6.224982e+00,6.196553e+00,1.338892e+00,7.462810e-01,5.600754e-01,4.398251e-01,3.594354e-01,3.014146e-01,6.887978e-01,7.941401e-01,8.401675e-01,8.666333e-01,8.822302e-01,9.009847e-01,8.863053e-01,8.828598e-01
1.051000e-02,6.224993e+00,6.196562e+00,1.338933e+00,7.462810e-01,5.600754e-01,4.398251e-01,3.594354e-01,3.014146e-01,6.887956e-01,7.941391e-01,8.401666e-01,8.666326e-01,8.822294e-01,9.009839e-01,8.863047e-01,8.828591e-01
1.051500e-02,6.225004e+00,6.196570e+00,1.338974e+00,7.462810e-01,5.600754e-01,4.398251e-01,3.594354e-01,3.014146e-01,6.887935e-01,7.941381e-01,8.401658e-01,8.666318e-01,8.822287e-01,9.009832e-01,8.863041e-01,8.828584e-01
1.052000e-02,6.225015e+00,6.196579e+00,1.339014e+00,7.462810e-01,5.600754e-01,4.398251e-01,3.594354e-01,3.014146e-01,6.887914e-01,7.941372e-01,8.401649e-01,8.666310e-01,8.822279e-01,9.009824e-01,8.863035e-01,8.828577e-01
1.052500e-02,6.225026e+00,6.196587e+00,1.339054e+00,7.462810e-01,5.600754e-01,4.398251e-01,3.594354e-01,3.014146e-01,6.887894e-01,7.941362e-01,8.401640e-01,8.666302e-01,8.822272e-01,9.009816e-01,8.863029e-01,8.828570e-01
1.053000e-02,6.225036e+00,6.196595e+00,1.339093e+00,7.462810e-01,5.600754e-01,4.398251e-01,3.594354e-01,3.014146e-01,6.887874e-01,7.941353e-01,8.401632e-01,8.666295e-01,8.822265e-01,9.009809e-01,8.863023e-01,8.828563e-01
1.053500e-02,6.225047e+00,6.196603e+00,1.339132e+00,7.462810e-01,5.600754e-01,4.398251e-01,3.594354e-01,3.014146e-01,6.887854e-01,7.941344e-01,8.401624e-01,8.666287e-01,8.822257e-01,9.009801e-01,8.863016e-01,8.828555e-01
1.054000e-02,6.225057e+00,6.196611e+00,1.339170e+00,7.462810e-01,5.600754e-01,4.398251e-01,3.594354e-01,3.014146e-01,6.887834e-01,7.941334e-01,8.401616e-01,8.666279e-01,8.822250e-01,9.009793e-01,8.863010e-01,8.828548e-01
1.054500e-02,6.225067e+00,6.196619e+00,1.339207e+00,7.462810e-01,5.600754e-01,4.398251e-01,3.594354e-01,3.014146e-01,6.887815e-01,7.941325e-01,8.401608e-01,8.666272e-01,8.822242e-01,9.009785e-01,8.863003e-01,8.828540e-01
1.055000e-02,6.225077e+00,6.196626e+00,1.339244e+00,7.462810e-01,5.600754e-01,4.398251e-01,3.594354e-01,3.014146e-01,6.887795e-01,7.941317e-01,8.401600e-01,8.666264e-01,8.822235e-01,9.009777e-01,8.862997e-01,8.828533e-01
1.055500e-02,6.225087e+00,6.196634e+00,1.339281e+00,7.462810e-01,5.600754e-01,4.398251e-01,3.594354e-01,3.014146e-01,6.887777e-01,7.941308e-01,8.401591e-01,8.666257e-01,8.822228e-01,9.009769e-01,8.862990e-01,8.828525e-01
1.056000e-02,6.225097e+00,6.196641e+00,1.339317e+00,7.462810e-01,5.600754e-01,4.398251e-01,3.594354e-01,3.014146e-01,6.887758e-01,7.941299e-01,8.401583e-01,8.666250e-01,8.822220e-01,9.009761e-01,8.862984e-01,8.828518e-01
1.056500e-02,6.225106e+00,6.196649e+00,1.339353e+00,7.462810e-01,5.600754e-01,4.398251e-01,3.594354e-01,3.014146e-01,6.887740e-01,7.941290e-01,8.401576e-01,8.666242e-01,8.822213e-01,9.009754e-01,8.862977e-01,8.828510e-01
1.057000e-02,6.225116e+00,6.196656e+00,1.339388e+00,7.462810e-01,5.600754e-01,4.398251e-01,3.594354e-01,3.014146e-01,6.887721e-01,7.941282e-01,8.401568e-01,8.666235e-01,8.822205e-01,9.009745e-01,8.862970e-01,8.828502e-01
1.057500e-02,6.225125e+00,6.196663e+00,1.339422e+00,7.462810e-01,5.600754e-01,4.398251e-01,3.594354e-01,3.014146e-01,6.887704e-01,7.941273e-01,8.401560e-01,8.666227e-01,8.822198e-01,9.009737e-01,8.862963e-01,8.828494e-01
1.058000e-02,6.225134e+00,6.196670e+00,1.339456e+00,7.462810e-01,5.600754e-01,4.398251e-01,3.594354e-01,3.014146e-01,6.887686e-01,7.941265e-01,8.401552e-01,8.666220e-01,8.822190e-01,9.009729e-01,8.862956e-01,8.828486e-01
1.058500e-02,6.225143e+00,6.196677e+00,1.339490e+00,7.462810e-01,5.600754e-01,4.398251e-01,3.594354e-01,3.014146e-01,6.887668e-01,7.941256e-01,8.401544e-01,8.666213e-01,8.822183e-01,9.009721e-01,8.862948e-01,8.828478e-01
1.059000e-02,6.225152e+00,6.196684e+00,1.339523e+00,7.462810e-01,5.600754e-01,4.398251e-01,3.594354e-01,3.014147e-01,6.887651e-01,7.941248e-01,8.401537e-01,8.666206e-01,8.822176e-01,9.009712e-01,8.862941e-01,8.828470e-01
1.059500e-02,6.225161e+00,6.196691e+00,1.339556e+00,7.462810e-01,5.600754e-01,4.398251e-01,3.594354e-01,3.014147e-01,6.887634e-01,7.941240e-01,8.401529e-01,8.666198e-01,8.822168e-01,9.009704e-01,8.862934e-01,8.828462e-01
1.060000e-02,6.225170e+00,6.196697e+00,1.339588e+00,7.462810e-01,5.600754e-01,4.398251e-01,3.594354e-01,3.014147e-01,6.887617e-01,7.941232e-01,8.401521e-01,8.666191e-01,8.822161e-01,9.009696e-01,8.862926e-01,8.828454e-01
1.060500e-02,6.225178e+00,6.196704e+00,1.339620e+00,7.462810e-01,5.600754e-01,4.398251e-01,3.594354e-01,3.014147e-01,6.887600e-01,7.941223e-01,8.401513e-01,8.666183e-01,8.822153e-01,9.009687e-01,8.862919e-01,8.828446e-01
1.061000e-02,6.225187e+00,6.196711e+00,1.339652e+00,7.462810e-01,5.600754e-01,4.398251e-01,3.594354e-01,3.014147e-01,6.887584e-01,7.941215e-01,8.401505e-01,8.666175e-01,8.822145e-01,9.009679e-01,8.862911e-01,8.828437e-01
1.061500e-02,6.225195e+00,6.196717e+00,1.339683e+00,7.462810e-01,5.600754e-01,4.398251e-01,3.594354e-01,3.014147e-01,6.887567e-01,7.941207e-01,8.401498e-01,8.666168e-01,8.822137e-01,9.009671e-01,8.862904e-01,8.828429e-01
1.062000e-02,6.225204e+00,6.196723e+00,1.339713e+00,7.462810e-01,5.600754e-01,4.398251e-01,3.594354e-01,3.014147e-01,6.887551e-01,7.941199e-01,8.401490e-01,8.666160e-01,8.822130e-01,9.009662e-01,8.862896e-01,8.828420e-01
1.062500e-02,6.225212e+00,6.196730e+00,1.339743e+00,7.462810e-01,5.600754e-01,4.398251e-01,3.594354e-01,3.014147e-01,6.887535e-01,7.941191e-01,8.401482e-01,8.666153e-01,8.822122e-01,9.009653e-01,8.862889e-01,8.828412e-01
1.063000e-02,6.225220e+00,6.196736e+00,1.339773e+00,7.462810e-01,5.600754e-01,4.398251e-01,3.594354e-01,3.014147e-01,6.887519e-01,7.941183e-01,8.401474e-01,8.666145e-01,8.822114e-01,9.009645e-01,8.862881e-01,8.828403e-01
1.063500e-02,6.225228e+00,6.196742e+00,1.339803e+00,7.462810e-01,5.600754e-01,4.398251e-01,3.594354e-01,3.014147e-01,6.887503e-01,7.941175e-01,8.401466e-01,8.666137e-01,8.822106e-01,9.009636e-01,8.862873e-01,8.828395e-01
1.064000e-02,6.225236e+00,6.196748e+00,1.339832e+00,7.462810e-01,5.600754e-01,4.398251e-01,3.594354e-01,3.014147e-01,6.887487e-01,7.941167e-01,8.401459e-01,8.666130e-01,8.822098e-01,9.009627e-01,8.862866e-01,8.828386e-01
1.064500e-02,6.225244e+00,6.196754e+00,1.339861e+00,7.462810e-01,5.600754e-01,4.398251e-01,3.594354e-01,3.014147e-01,6.887472e-01,7.941158e-01,8.401451e-01,8.666122e-01,8.822090e-01,9.009618e-01,8.862858e-01,8.828377e-01
1.065000e-02,6.225251e+00,6.196760e+00,1.339889e+00,7.462810e-01,5.600754e-01,4.398251e-01,3.594354e-01,3.014147e-01,6.887456e-01,7.941150e-01,8.401443e-01,8.666114e-01,8.822082e-01,9.009609e-01,8.862850e-01,8.828368e-01
1.065500e-02,6.225259e+00,6.196766e+00,1.339917e+00,7.462810e-01,5.600754e-01,4.398251e-01,3.594354e-01,3.014147e-01,6.887441e-01,7.941142e-01,8.401435e-01,8.666107e-01,8.822075e-01,9.009600e-01,8.862842e-01,8.828359e-01
1.066000e-02,6.225267e+00,6.196771e+00,1.339945e+00,7.462810e-01,5.600754e-01,4.398251e-01,3.594354e-01,3.014147e-01,6.887425e-01,7.941134e-01,8.401427e-01,8.666099e-01,8.822067e-01,9.009591e-01,8.862833e-01,8.828349e-01
1.066500e-02,6.225274e+00,6.196777e+00,1.339973e+00,7.462810e-01,5.600754e-01,4.398251e-01,3.594354e-01,3.014147e-01,6.887410e-01,7.941125e-01,8.401419e-01,8.666091e-01,8.822059e-01,9.009581e-01,8.862825e-01,8.828340e-01
1.067000e-02,6.225282e+00,6.196783e+00,1.340000e+00,7.462810e-01,5.600754e-01,4.398251e-01,3.594354e-01,3.014147e-01,6.887394e-01,7.941117e-01,8.401411e-01,8.666083e-01,8.822050e-01,9.009572e-01,8.862817e-01,8.828331e-01
1.067500e-02,6.225289e+00,6.196789e+00,1.340027e+00,7.462810e-01,5.600754e-01,4.398251e-01,3.594354e-01,3.014147e-01,6.887379e-01,7.941109e-01,8.401403e-01,8.666075e-01,8.822042e-01,9.009563e-01,8.862808e-01,8.828321e-01
1.068000e-02,6.225297e+00,6.196794e+00,1.340053e+00,7.462810e-01,5.600754e-01,4.398251e-01,3.594354e-01,3.014147e-01,6.887363e-01,7.941100e-01,8.401395e-01,8.666068e-01,8.822034e-01,9.009553e-01,8.862800e-01,8.828311e-01
1.068500e-02,6.225304e+00,6.196800e+00,1.340080e+00,7.462810e-01,5.600754e-01,4.398251e-01,3.594354e-01,3.014147e-01,6.887348e-01,7.941092e-01,8.401387e-01,8.666060e-01,8.822025e-01,9.009543e-01,8.862791e-01,8.828302e-01
1.069000e-02,6.225311e+00,6.196805e+00,1.340106e+00,7.462810e-01,5.600754e-01,4.398251e-01,3.594354e-01,3.014147e-01,6.887333e-01,7.941084e-01,8.401379e-01,8.666052e-01,8.822017e-01,9.009534e-01,8.862783e-01,8.828292e-01
1.069500e-02,6.225318e+00,6.196811e+00,1.340132e+00,7.462810e-01,5.600754e-01,4.398251e-01,3.594354e-01,3.014147e-01,6.887318e-01,7.941075e-01,8.401371e-01,8.666044e-01,8.822008e-01,9.009524e-01,8.862775e-01,8.828282e-01
1.070000e-02,6.225326e+00,6.196816e+00,1.340158e+00,7.462810e-01,5.600754e-01,4.398251e-01,3.594354e-01,3.014147e-01,6.887302e-01,7.941067e-01,8.401363e-01,8.666035e-01,8.822000e-01,9.009514e-01,8.862766e-01,8.828272e-01
1.070500e-02,6.225333e+00,6.196822e+00,1.340184e+00,7.462810e-01,5.600754e-01,4.398251e-01,3.594354e-01,3.014147e-01,6.887287e-01,7.941059e-01,8.401355e-01,8.666027e-01,8.821991e-01,9.009504e-01,8.862757e-01,8.828262e-01
1.071000e-02,6.225340e+00,6.196827e+00,1.340209e+00,7.462810e-01,5.600754e-01,4.398251e-01,3.594354e-01,3.014147e-01,6.887272e-01,7.941050e-01,8.401346e-01,8.666019e-01,8.821982e-01,9.009493e-01,8.862749e-01,8.828251e-01
1.071500e-02,6.225347e+00,6.196832e+00,1.340235e+00,7.462810e-01,5.600754e-01,4.398251e-01,3.594354e-01,3.014147e-01,6.887257e-01,7.941042e-01,8.401338e-01,8.666010e-01,8.821974e-01,9.009483e-01,8.862740e-01,8.828241e-01
1.072000e-02,6.225354e+00,6.196838e+00,1.340260e+00,7.462810e-01,5.600754e-01,4.398251e-01,3.594354e-01,3.014147e-01,6.887241e-01,7.941033e-01,8.401329e-01,8.666002e-01,8.821965e-01,9.009473e-01,8.862731e-01,8.828231e-01
1.072500e-02,6.225361e+00,6.196843e+00,1.340285e+00,7.462810e-01,5.600754e-01,4.398251e-01,3.594354e-01,3.014147e-01,6.887226e-01,7.941024e-01,8.401321e-01,8.665993e-01,8.821956e-01,9.009462e-01,8.862722e-01,8.828221e-01
1.073000e-02,6.225368e+00,6.196849e+00,1.340310e+00,7.462810e-01,5.600754e-01,4.398251e-01,3.594354e-01,3.014147e-01,6.887211e-01,7.941016e-01,8.401312e-01,8.665984e-01,8.821947e-01,9.009452e-01,8.862714e-01,8.828210e-01
1.073500e-02,6.225375e+00,6.196854e+00,1.340335e+00,7.462810e-01,5.600754e-01,4.398251e-01,3.594354e-01,3.014147e-01,6.887196e-01,7.941007e-01,8.401303e-01,8.665976e-01,8.821937e-01,9.009441e-01,8.862705e-01,8.828200e-01
1.074000e-02,6.225382e+00,6.196859e+00,1.340360e+00,7.462810e-01,5.600754e-01,4.398251e-01,3.594354e-01,3.014147e-01,6.887180e-01,7.940998e-01,8.401295e-01,8.665967e-01,8.821928e-01,9.009430e-01,8.862695e-01,8.828189e-01
1.074500e-02,6.225389e+00,6.196864e+00,1.340384e+00,7.462810e-01,5.600754e-01,4.398251e-01,3.594354e-01,3.014147e-01,6.887165e-01,7.940989e-01,8.401286e-01,8.665958e-01,8.821919e-01,9.009419e-01,8.862686e-01,8.828178e-01
1.075000e-02,6.225397e+00,6.196870e+00,1.340409e+00,7.462810e-01,5.600754e-01,4.398251e-01,3.594354e-01,3.014147e-01,6.887149e-01,7.940980e-01,8.401277e-01,8.665949e-01,8.821909e-01,9.009408e-01,8.862677e-01,8.828167e-01
1.075500e-02,6.225404e+00,6.196875e+00,1.340434e+00,7.462810e-01,5.600754e-01,4.398251e-01,3.594354e-01,3.014147e-01,6.887134e-01,7.940971e-01,8.401268e-01,8.665939e-01,8.821900e-01,9.009397e-01,8.862668e-01,8.828156e-01
1.076000e-02,6.225411e+00,6.196880e+00,1.340458e+00,7.462810e-01,5.600754e-01,4.398251e-01,3.594354e-01,3.014147e-01,6.887118e-01,7.940962e-01,8.401258e-01,8.665930e-01,8.821890e-01,9.009386e-01,8.862658e-01,8.828145e-01
1.076500e-02,6.225418e+00,6.196886e+00,1.340483e+00,7.462810e-01,5.600754e-01,4.398251e-01,3.594354e-01,3.014147e-01,6.887102e-01,7.940952e-01,8.401249e-01,8.665921e-01,8.821880e-01,9.009374e-01,8.862649e-01,8.828134e-01
1.077000e-02,6.225425e+00,6.196891e+00,1.340507e+00,7.462810e-01,5.600754e-01,4.398251e-01,3.594354e-01,3.014147e-01,6.887086e-01,7.940943e-01,8.401240e-01,8.665911e-01,8.821870e-01,9.009363e-01,8.862639e-01,8.828123e-01
1.077500e-02,6.225432e+00,6.196896e+00,1.340531e+00,7.462810e-01,5.600754e-01,4.398251e-01,3.594354e-01,3.014147e-01,6.887070e-01,7.940933e-01,8.401230e-01,8.665902e-01,8.821860e-01,9.009351e-01,8.862630e-01,8.828112e-01
1.078000e-02,6.225439e+00,6.196901e+00,1.340556e+00,7.462810e-01,5.600754e-01,4.398251e-01,3.594354e-01,3.014147e-01,6.887054e-01,7.940923e-01,8.401220e-01,8.665892e-01,8.821850e-01,9.009340e-01,8.862620e-01,8.828101e-01
1.078500e-02,6.225446e+00,6.196907e+00,1.340580e+00,7.462810e-01,5.600754e-01,4.398251e-01,3.594354e-01,3.014147e-01,6.887037e-01,7.940913e-01,8.401211e-01,8.665882e-01,8.821840e-01,9.009328e-01,8.862610e-01,8.828089e-01
1.079000e-02,6.225453e+00,6.196912e+00,1.340605e+00,7.462810e-01,5.600754e-01,4.398251e-01,3.594354e-01,3.014147e-01,6.887021e-01,7.940903e-01,8.401201e-01,8.665872e-01,8.821830e-01,9.009316e-01,8.862600e-01,8.828078e-01
1.079500e-02,6.225460e+00,6.196917e+00,1.340629e+00,7.462810e-01,5.600754e-01,4.398251e-01,3.594354e-01,3.014147e-01,6.887004e-01,7.940893e-01,8.401191e-01,8.665862e-01,8.821820e-01,9.009304e-01,8.862590e-01,8.828066e-01
1.080000e-02,6.225467e+00,6.196923e+00,1.340654e+00,7.462810e-01,5.600754e-01,4.398251e-01,3.594354e-01,3.014147e-01,6.886987e-01,7.940883e-01,8.401181e-01,8.665852e-01,8.821809e-01,9.009292e-01,8.862580e-01,8.828054e-01
1.080500e-02,6.225475e+00,6.196928e+00,1.340678e+00,7.462810e-01,5.600754e-01,4.398251e-01,3.594354e-01,3.014147e-01,6.886970e-01,7.940873e-01,8.401170e-01,8.665842e-01,8.821799e-01,9.009280e-01,8.862570e-01,8.828043e-01
1.081000e-02,6.225482e+00,6.196934e+00,1.340703e+00,7.462810e-01,5.600754e-01,4.398251e-01,3.594354e-01,3.014147e-01,6.886953e-01,7.940862e-01,8.401160e-01,8.665831e-01,8.821788e-01,9.009267e-01,8.862560e-01,8.828031e-01
1.081500e-02,6.225489e+00,6.196939e+00,1.340728e+00,7.462810e-01,5.600754e-01,4.398251e-01,3.594354e-01,3.014147e-01,6.886936e-01,7.940851e-01,8.401149e-01,8.665821e-01,8.821778e-01,9.009255e-01,8.862549e-01,8.828019e-01
1.082000e-02,6.225497e+00,6.196945e+00,1.340753e+00,7.462810e-01,5.600754e-01,4.398251e-01,3.594354e-01,3.014147e-01,6.886918e-01,7.940841e-01,8.401139e-01,8.665810e-01,8.821767e-01,9.009243e-01,8.862539e-01,8.828007e-01
1.082500e-02,6.225504e+00,6.196950e+00,1.340778e+00,7.462810e-01,5.600754e-01,4.398251e-01,3.594354e-01,3.014147e-01,6.886900e-01,7.940830e-01,8.401128e-01,8.665799e-01,8.821756e-01,9.009230e-01,8.862529e-01,8.827995e-01
1.083000e-02,6.225512e+00,6.196956e+00,1.340803e+00,7.462810e-01,5.600754e-01,4.398251e-01,3.594354e-01,3.014147e-01,6.886882e-01,7.940819e-01,8.401117e-01,8.665789e-01,8.821745e-01,9.009217e-01,8.862518e-01,8.827983e-01
1.083500e-02,6.225519e+00,6.196961e+00,1.340829e+00,7.462810e-01,5.600754e-01,4.398251e-01,3.594354e-01,3.014147e-01,6.886864e-01,7.940807e-01,8.401106e-01,8.665778e-01,8.821734e-01,9.009205e-01,8.862508e-01,8.827971e-01
1.084000e-02,6.225527e+00,6.196967e+00,1.340854e+00,7.462810e-01,5.600754e-01,4.398251e-01,3.594354e-01,3.014147e-01,6.886846e-01,7.940796e-01,8.401095e-01,8.665767e-01,8.821723e-01,9.009192e-01,8.862497e-01,8.827959e-01
1.084500e-02,6.225535e+00,6.196973e+00,1.340880e+00,7.462810e-01,5.600754e-01,4.398251e-01,3.594354e-01,3.014147e-01,6.886827e-01,7.940785e-01,8.401084e-01,8.665755e-01,8.821712e-01,9.009179e-01,8.862487e-01,8.827947e-01
1.085000e-02,6.225542e+00,6.196978e+00,1.340906e+00,7.462810e-01,5.600754e-01,4.398251e-01,3.594354e-01,3.014147e-01,6.886808e-01,7.940773e-01,8.401072e-01,8.665744e-01,8.821700e-01,9.009166e-01,8.862476e-01,8.827935e-01
1.085500e-02,6.225550e+00,6.196984e+00,1.340932e+00,7.462810e-01,5.600754e-01,4.398251e-01,3.594354e-01,3.014147e-01,6.886789e-01,7.940761e-01,8.401061e-01,8.665733e-01,8.821689e-01,9.009153e-01,8.862465e-01,8.827923e-01
1.086000e-02,6.225558e+00,6.196990e+00,1.340958e+00,7.462810e-01,5.600754e-01,4.398251e-01,3.594354e-01,3.014147e-01,6.886770e-01,7.940749e-01,8.401049e-01,8.665721e-01,8.821678e-01,9.009140e-01,8.862455e-01,8.827911e-01
1.086500e-02,6.225566e+00,6.196996e+00,1.340985e+00,7.462810e-01,5.600754e-01,4.398251e-01,3.594354e-01,3.014147e-01,6.886751e-01,7.940737e-01,8.401038e-01,8.665710e-01,8.821666e-01,9.009127e-01,8.862444e-01,8.827899e-01
1.087000e-02,6.225574e+00,6.197002e+00,1.341012e+00,7.462810e-01,5.600754e-01,4.398251e-01,3.594354e-01,3.014147e-01,6.886731e-01,7.940725e-01,8.401026e-01,8.665698e-01,8.821654e-01,9.009114e-01,8.862433e-01,8.827886e-01
1.087500e-02,6.225582e+00,6.197008e+00,1.341039e+00,7.462810e-01,5.600754e-01,4.398251e-01,3.594354e-01,3.014147e-01,6.886711e-01,7.940713e-01,8.401014e-01,8.665686e-01,8.821643e-01,9.009101e-01,8.862423e-01,8.827874e-01
1.088000e-02,6.225591e+00,6.197014e+00,1.341066e+00,7.462810e-01,5.600754e-01,4.398251e-01,3.594354e-01,3.014147e-01,6.886691e-01,7.940700e-01,8.401002e-01,8.665674e-01,8.821631e-01,9.009088e-01,8.862412e-01,8.827862e-01
1.088500e-02,6.225599e+00,6.197020e+00,1.341094e+00,7.462810e-01,5.600754e-01,4.398251e-01,3.594354e-01,3.014147e-01,6.886670e-01,7.940688e-01,8.400989e-01,8.665662e-01,8.821619e-01,9.009075e-01,8.862402e-01,8.827849e-01
1.089000e-02,6.225607e+00,6.197026e+00,1.341122e+00,7.462810e-01,5.600754e-01,4.398251e-01,3.594354e-01,3.014147e-01,6.886649e-01,7.940675e-01,8.400977e-01,8.665650e-01,8.821607e-01,9.009061e-01,8.862391e-01,8.827837e-01
1.089500e-02,6.225616e+00,6.197033e+00,1.341150e+00,7.462810e-01,5.600754e-01,4.398251e-01,3.594354e-01,3.014147e-01,6.886628e-01,7.940662e-01,8.400965e-01,8.665638e-01,8.821595e-01,9.009048e-01,8.862380e-01,8.827825e-01
1.090000e-02,6.225625e+00,6.197039e+00,1.341178e+00,7.462810e-01,5.600754e-01,4.398251e-01,3.594354e-01,3.014147e-01,6.886607e-01,7.940649e-01,8.400953e-01,8.665626e-01,8.821583e-01,9.009035e-01,8.862370e-01,8.827812e-01
1.090500e-02,6.225633e+00,6.197045e+00,1.341207e+00,7.462810e-01,5.600754e-01,4.398251e-01,3.594354e-01,3.014147e-01,6.886586e-01,7.940635e-01,8.400941e-01,8.665613e-01,8.821571e-01,9.009021e-01,8.862359e-01,8.827800e-01
1.091000e-02,6.225642e+00,6.197052e+00,1.341236e+00,7.462810e-01,5.600754e-01,4.398251e-01,3.594354e-01,3.014147e-01,6.886564e-01,7.940622e-01,8.400928e-01,8.665601e-01,8.821559e-01,9.009008e-01,8.862349e-01,8.827788e-01
1.091500e-02,6.225651e+00,6.197059e+00,1.341266e+00,7.462810e-01,5.600754e-01,4.398251e-01,3.594354e-01,3.014147e-01,6.886542e-01,7.940608e-01,8.400915e-01,8.665588e-01,8.821546e-01,9.008994e-01,8.862338e-01,8.827775e-01
1.092000e-02,6.225660e+00,6.197065e+00,1.341295e+00,7.462810e-01,5.600754e-01,4.398251e-01,3.594354e-01,3.014147e-01,6.886520e-01,7.940594e-01,8.400901e-01,8.665576e-01,8.821534e-01,9.008980e-01,8.862327e-01,8.827763e-01
1.092500e-02,6.225669e+00,6.197072e+00,1.341326e+00,7.462810e-01,5.600754e-01,4.398251e-01,3.594354e-01,3.014147e-01,6.886497e-01,7.940581e-01,8.400888e-01,8.665564e-01,8.821522e-01,9.008967e-01,8.862317e-01,8.827750e-01
1.093000e-02,6.225679e+00,6.197079e+00,1.341356e+00,7.462810e-01,5.600754e-01,4.398251e-01,3.594354e-01,3.014147e-01,6.886474e-01,7.940567e-01,8.400875e-01,8.665552e-01,8.821509e-01,9.008953e-01,8.862306e-01,8.827738e-01
1.093500e-02,6.225688e+00,6.197086e+00,1.341387e+00,7.462810e-01,5.600754e-01,4.398251e-01,3.594354e-01,3.014147e-01,6.886451e-01,7.940552e-01,8.400862e-01,8.665539e-01,8.821497e-01,9.008939e-01,8.862296e-01,8.827726e-01
1.094000e-02,6.225698e+00,6.197093e+00,1.341418e+00,7.462810e-01,5.600754e-01,4.398251e-01,3.594354e-01,3.014147e-01,6.886428e-01,7.940538e-01,8.400848e-01,8.665526e-01,8.821484e-01,9.008926e-01,8.862285e-01,8.827713e-01
1.094500e-02,6.225707e+00,6.197100e+00,1.341450e+00,7.462810e-01,5.600754e-01,4.398251e-01,3.594354e-01,3.014147e-01,6.886404e-01,7.940524e-01,8.400835e-01,8.665513e-01,8.821472e-01,9.008912e-01,8.862274e-01,8.827701e-01
1.095000e-02,6.225717e+00,6.197107e+00,1.341482e+00,7.462810e-01,5.600754e-01,4.398251e-01,3.594354e-01,3.014147e-01,6.886381e-01,7.940509e-01,8.400821e-01,8.665499e-01,8.821460e-01,9.008898e-01,8.862264e-01,8.827689e-01
1.095500e-02,6.225727e+00,6.197114e+00,1.341515e+00,7.462810e-01,5.600754e-01,4.398251e-01,3.594354e-01,3.014147e-01,6.886356e-01,7.940494e-01,8.400807e-01,8.665487e-01,8.821448e-01,9.008884e-01,8.862253e-01,8.827676e-01
1.096000e-02,6.225737e+00,6.197121e+00,1.341547e+00,7.462810e-01,5.600754e-01,4.398251e-01,3.594354e-01,3.014147e-01,6.886332e-01,7.940480e-01,8.400794e-01,8.665474e-01,8.821435e-01,9.008870e-01,8.862243e-01,8.827664e-01
1.096500e-02,6.225747e+00,6.197129e+00,1.341581e+00,7.462810e-01,5.600754e-01,4.398251e-01,3.594354e-01,3.014147e-01,6.886307e-01,7.940465e-01,8.400780e-01,8.665460e-01,8.821422e-01,9.008857e-01,8.862232e-01,8.827652e-01
1.097000e-02,6.225757e+00,6.197136e+00,1.341614e+00,7.462810e-01,5.600754e-01,4.398251e-01,3.594354e-01,3.014147e-01,6.886282e-01,7.940450e-01,8.400766e-01,8.665447e-01,8.821409e-01,9.008843e-01,8.862221e-01,8.827639e-01
1.097500e-02,6.225767e+00,6.197144e+00,1.341649e+00,7.462810e-01,5.600754e-01,4.398251e-01,3.594354e-01,3.014147e-01,6.886257e-01,7.940434e-01,8.400752e-01,8.665434e-01,8.821396e-01,9.008830e-01,8.862211e-01,8.827627e-01
1.098000e-02,6.225778e+00,6.197152e+00,1.341683e+00,7.462810e-01,5.600754e-01,4.398251e-01,3.594354e-01,3.014147e-01,6.886232e-01,7.940419e-01,8.400738e-01,8.665421e-01,8.821383e-01,9.008816e-01,8.862201e-01,8.827615e-01
1.098500e-02,6.225788e+00,6.197160e+00,1.341718e+00,7.462810e-01,5.600754e-01,4.398251e-01,3.594354e-01,3.014147e-01,6.886206e-01,7.940404e-01,8.400723e-01,8.665407e-01,8.821371e-01,9.008802e-01,8.862190e-01,8.827602e-01
1.099000e-02,6.225799e+00,6.197167e+00,1.341754e+00,7.462810e-01,5.600754e-01,4.398251e-01,3.594354e-01,3.014147e-01,6.886180e-01,7.940388e-01,8.400709e-01,8.665394e-01,8.821358e-01,9.008788e-01,8.862180e-01,8.827590e-01
1.099500e-02,6.225810e+00,6.197175e+00,1.341790e+00,7.462810e-01,5.600754e-01,4.398251e-01,3.594354e-01,3.014147e-01,6.886154e-01,7.940373e-01,8.400695e-01,8.665380e-01,8.821345e-01,9.008774e-01,8.862170e-01,8.827578e-01
1.100000e-02,6.225821e+00,6.197184e+00,1.341825e+00,7.462810e-01,5.600754e-01,4.398251e-01,3.594354e-01,3.014147e-01,6.886128e-01,7.940358e-01,8.400680e-01,8.665367e-01,8.821332e-01,9.008760e-01,8.862159e-01,8.827566e-01
1.100500e-02,6.225832e+00,6.197192e+00,1.341862e+00,7.462810e-01,5.600754e-01,4.398251e-01,3.594354e-01,3.014147e-01,6.886102e-01,7.940342e-01,8.400666e-01,8.665353e-01,8.821319e-01,9.008746e-01,8.862149e-01,8.827554e-01
1.101000e-02,6.225843e+00,6.197200e+00,1.341898e+00,7.462810e-01,5.600754e-01,4.398251e-01,3.594354e-01,3.014147e-01,6.886075e-01,7.940327e-01,8.400651e-01,8.665339e-01,8.821306e-01,9.008732e-01,8.862139e-01,8.827542e-01
1.101500e-02,6.225855e+00,6.197208e+00,1.341935e+00,7.462810e-01,5.600754e-01,4.398251e-01,3.594354e-01,3.014148e-01,6.886049e-01,7.940311e-01,8.400635e-01,8.665326e-01,8.821293e-01,9.008719e-01,8.862128e-01,8.827530e-01
1.102000e-02,6.225866e+00,6.197217e+00,1.341973e+00,7.462810e-01,5.600754e-01,4.398251e-01,3.594354e-01,3.014148e-01,6.886022e-01,7.940296e-01,8.400620e-01,8.665312e-01,8.821280e-01,9.008705e-01,8.862118e-01,8.827518e-01
1.102500e-02,6.225878e+00,6.197225e+00,1.342010e+00,7.462810e-01,5.600754e-01,4.398251e-01,3.594354e-01,3.014148e-01,6.885995e-01,7.940280e-01,8.400605e-01,8.665298e-01,8.821267e-01,9.008691e-01,8.862108e-01,8.827506e-01
1.103000e-02,6.225889e+00,6.197234e+00,1.342048e+00,7.462810e-01,5.600754e-01,4.398251e-01,3.594354e-01,3.014148e-01,6.885967e-01,7.940264e-01,8.400590e-01,8.665285e-01,8.821254e-01,9.008677e-01,8.862098e-01,8.827494e-01
1.103500e-02,6.225901e+00,6.197243e+00,1.342087e+00,7.462810e-01,5.600754e-01,4.398251e-01,3.594354e-01,3.014148e-01,6.885940e-01,7.940248e-01,8.400575e-01,8.665270e-01,8.821241e-01,9.008664e-01,8.862087e-01,8.827482e-01
1.104000e-02,6.225913e+00,6.197251e+00,1.342126e+00,7.462810e-01,5.600754e-01,4.398251e-01,3.594354e-01,3.014148e-01,6.885912e-01,7.940231e-01,8.400560e-01,8.665256e-01,8.821228e-01,9.008650e-01,8.862077e-01,8.827470e-01
1.104500e-02,6.225925e+00,6.197260e+00,1.342165e+00,7.462810e-01,5.600754e-01,4.398251e-01,3.594354e-01,3.014148e-01,6.885884e-01,7.940215e-01,8.400545e-01,8.665242e-01,8.821215e-01,9.008636e-01,8.862067e-01,8.827458e-01
1.105000e-02,6.225937e+00,6.197269e+00,1.342205e+00,7.462810e-01,5.600754e-01,4.398251e-01,3.594354e-01,3.014148e-01,6.885856e-01,7.940198e-01,8.400530e-01,8.665227e-01,8.821203e-01,9.008623e-01,8.862058e-01,8.827447e-01
1.105500e-02,6.225949e+00,6.197278e+00,1.342245e+00,7.462810e-01,5.600754e-01,4.398251e-01,3.594354e-01,3.014148e-01,6.885828e-01,7.940181e-01,8.400514e-01,8.665213e-01,8.821189e-01,9.008609e-01,8.862048e-01,8.827435e-01
1.106000e-02,6.225962e+00,6.197287e+00,1.342285e+00,7.462810e-01,5.600754e-01,4.398251e-01,3.594354e-01,3.014148e-01,6.885800e-01,7.940165e-01,8.400499e-01,8.665199e-01,8.821176e-01,9.008595e-01,8.862038e-01,8.827423e-01
1.106500e-02,6.225974e+00,6.197296e+00,1.342326e+00,7.462810e-01,5.600754e-01,4.398251e-01,3.594354e-01,3.014148e-01,6.885771e-01,7.940148e-01,8.400483e-01,8.665185e-01,8.821163e-01,9.008582e-01,8.862028e-01,8.827412e-01
1.107000e-02,6.225987e+00,6.197306e+00,1.342367e+00,7.462810e-01,5.600754e-01,4.398251e-01,3.594354e-01,3.014148e-01,6.885742e-01,7.940131e-01,8.400468e-01,8.665171e-01,8.821149e-01,9.008569e-01,8.862018e-01,8.827400e-01
1.107500e-02,6.225999e+00,6.197315e+00,1.342409e+00,7.462810e-01,5.600754e-01,4.398251e-01,3.594354e-01,3.014148e-01,6.885713e-01,7.940114e-01,8.400452e-01,8.665157e-01,8.821136e-01,9.008555e-01,8.862009e-01,8.827389e-01
1.108000e-02,6.226012e+00,6.197324e+00,1.342451e+00,7.462810e-01,5.600754e-01,4.398251e-01,3.594354e-01,3.014148e-01,6.885684e-01,7.940097e-01,8.400437e-01,8.665143e-01,8.821123e-01,9.008542e-01,8.861999e-01,8.827377e-01
1.108500e-02,6.226025e+00,6.197334e+00,1.342493e+00,7.462810e-01,5.600754e-01,4.398251e-01,3.594354e-01,3.014148e-01,6.885655e-01,7.940080e-01,8.400421e-01,8.665128e-01,8.821110e-01,9.008528e-01,8.861990e-01,8.827366e-01
1.109000e-02,6.226038e+00,6.197344e+00,1.342536e+00,7.462810e-01,5.600754e-01,4.398251e-01,3.594354e-01,3.014148e-01,6.885625e-01,7.940063e-01,8.400405e-01,8.665114e-01,8.821097e-01,9.008514e-01,8.861980e-01,8.827355e-01
1.109500e-02,6.226051e+00,6.197353e+00,1.342579e+00,7.462810e-01,5.600754e-01,4.398251e-01,3.594354e-01,3.014148e-01,6.885596e-01,7.940046e-01,8.400389e-01,8.665100e-01,8.821084e-01,9.008501e-01,8.861971e-01,8.827344e-01
1.110000e-02,6.226064e+00,6.197363e+00,1.342622e+00,7.462810e-01,5.600754e-01,4.398251e-01,3.594354e-01,3.014148e-01,6.885566e-01,7.940028e-01,8.400374e-01,8.665085e-01,8.821071e-01,9.008487e-01,8.861962e-01,8.827333e-01
1.110500e-02,6.226077e+00,6.197373e+00,1.342666e+00,7.462810e-01,5.600754e-01,4.398251e-01,3.594354e-01,3.014148e-01,6.885536e-01,7.940011e-01,8.400358e-01,8.665071e-01,8.821058e-01,9.008474e-01,8.861952e-01,8.827322e-01
1.111000e-02,6.226091e+00,6.197382e+00,1.342710e+00,7.462810e-01,5.600754e-01,4.398251e-01,3.594354e-01,3.014148e-01,6.885506e-01,7.939994e-01,8.400342e-01,8.665057e-01,8.821045e-01,9.008461e-01,8.861943e-01,8.827311e-01
1.111500e-02,6.226104e+00,6.197392e+00,1.342754e+00,7.462810e-01,5.600754e-01,4.398251e-01,3.594354e-01,3.014148e-01,6.885475e-01,7.939976e-01,8.400326e-01,8.665042e-01,8.821031e-01,9.008448e-01,8.861933e-01,8.827300e-01
1.112000e-02,6.226117e+00,6.197402e+00,1.342799e+00,7.462810e-01,5.600754e-01,4.398251e-01,3.594354e-01,3.014148e-01,6.885445e-01,7.939959e-01,8.400310e-01,8.665028e-01,8.821018e-01,9.008435e-01,8.861924e-01,8.827289e-01
1.112500e-02,6.226131e+00,6.197412e+00,1.342844e+00,7.462810e-01,5.600754e-01,4.398251e-01,3.594354e-01,3.014148e-01,6.885414e-01,7.939942e-01,8.400294e-01,8.665014e-01,8.821005e-01,9.008421e-01,8.861915e-01,8.827279e-01
1.113000e-02,6.226145e+00,6.197422e+00,1.342889e+00,7.462810e-01,5.600754e-01,4.398251e-01,3.594354e-01,3.014148e-01,6.885383e-01,7.939924e-01,8.400278e-01,8.664999e-01,8.820992e-01,9.008408e-01,8.861906e-01,8.827268e-01
1.113500e-02,6.226158e+00,6.197432e+00,1.342935e+00,7.462810e-01,5.600754e-01,4.398251e-01,3.594354e-01,3.014148e-01,6.885353e-01,7.939907e-01,8.400262e-01,8.664985e-01,8.820979e-01,9.008395e-01,8.861897e-01,8.827257e-01
1.114000e-02,6.226172e+00,6.197443e+00,1.342981e+00,7.462810e-01,5.600754e-01,4.398251e-01,3.594354e-01,3.014148e-01,6.885322e-01,7.939890e-01,8.400246e-01,8.664971e-01,8.820966e-01,9.008382e-01,8.861888e-01,8.827246e-01
1.114500e-02,6.226186e+00,6.197453e+00,1.343028e+00,7.462810e-01,5.600754e-01,4.398251e-01,3.594354e-01,3.014148e-01,6.885291e-01,7.939872e-01,8.400230e-01,8.664956e-01,8.820953e-01,9.008369e-01,8.861879e-01,8.827236e-01
1.115000e-02,6.226200e+00,6.197463e+00,1.343075e+00,7.462810e-01,5.600754e-01,4.398251e-01,3.594354e-01,3.014148e-01,6.885260e-01,7.939854e-01,8.400215e-01,8.664942e-01,8.820940e-01,9.008356e-01,8.861870e-01,8.827226e-01
1.115500e-02,6.226214e+00,6.197473e+00,1.343122e+00,7.462810e-01,5.600754e-01,4.398251e-01,3.594354e-01,3.014148e-01,6.885228e-01,7.939837e-01,8.400199e-01,8.664928e-01,8.820927e-01,9.008344e-01,8.861862e-01,8.827215e-01
1.116000e-02,6.226228e+00,6.197484e+00,1.343170e+00,7.462810e-01,5.600754e-01,4.398251e-01,3.594354e-01,3.014148e-01,6.885197e-01,7.939820e-01,8.400183e-01,8.664914e-01,8.820914e-01,9.008331e-01,8.861853e-01,8.827205e-01
1.116500e-02,6.226242e+00,6.197494e+00,1.343218e+00,7.462810e-01,5.600754e-01,4.398251e-01,3.594354e-01,3.014148e-01,6.885165e-01,7.939802e-01,8.400167e-01,8.664899e-01,8.820902e-01,9.008318e-01,8.861845e-01,8.827195e-01
1.117000e-02,6.226256e+00,6.197505e+00,1.343266e+00,7.462810e-01,5.600754e-01,4.398251e-01,3.594354e-01,3.014148e-01,6.885134e-01,7.939785e-01,8.400151e-01,8.664885e-01,8.820889e-01,9.008306e-01,8.861836e-01,8.827185e-01
1.117500e-02,6.226271e+00,6.197515e+00,1.343315e+00,7.462810e-01,5.600754e-01,4.398251e-01,3.594354e-01,3.014148e-01,6.885102e-01,7.939767e-01,8.400135e-01,8.664871e-01,8.820876e-01,9.008293e-01,8.861828e-01,8.827175e-01
1.118000e-02,6.226285e+00,6.197526e+00,1.343364e+00,7.462810e-01,5.600754e-01,4.398251e-01,3.594354e-01,3.014148e-01,6.885070e-01,7.939750e-01,8.400119e-01,8.664857e-01,8.820863e-01,9.008281e-01,8.861819e-01,8.827165e-01
1.118500e-02,6.226299e+00,6.197537e+00,1.343412e+00,7.462810e-01,5.600754e-01,4.398251e-01,3.594354e-01,3.014148e-01,6.885037e-01,7.939733e-01,8.400103e-01,8.664843e-01,8.820851e-01,9.008268e-01,8.861811e-01,8.827155e-01
1.119000e-02,6.226314e+00,6.197547e+00,1.343461e+00,7.462810e-01,5.600754e-01,4.398251e-01,3.594354e-01,3.014148e-01,6.885003e-01,7.939715e-01,8.400088e-01,8.664829e-01,8.820838e-01,9.008256e-01,8.861803e-01,8.827145e-01
1.119500e-02,6.226328e+00,6.197558e+00,1.343510e+00,7.462810e-01,5.600754e-01,4.398251e-01,3.594354e-01,3.014148e-01,6.884970e-01,7.939698e-01,8.400072e-01,8.664815e-01,8.820826e-01,9.008244e-01,8.861795e-01,8.827136e-01
1.120000e-02,6.226342e+00,6.197568e+00,1.343558e+00,7.462810e-01,5.600754e-01,4.398251e-01,3.594354e-01,3.014148e-01,6.884936e-01,7.939680e-01,8.400056e-01,8.664801e-01,8.820813e-01,9.008232e-01,8.861787e-01,8.827126e-01
1.120500e-02,6.226356e+00,6.197578e+00,1.343607e+00,7.462810e-01,5.600754e-01,4.398251e-01,3.594354e-01,3.014148e-01,6.884900e-01,7.939663e-01,8.400040e-01,8.664787e-01,8.820801e-01,9.008220e-01,8.861779e-01,8.827117e-01
1.121000e-02,6.226370e+00,6.197588e+00,1.343655e+00,7.462810e-01,5.600754e-01,4.398251e-01,3.594354e-01,3.014148e-01,6.884864e-01,7.939646e-01,8.400025e-01,8.664773e-01,8.820789e-01,9.008208e-01,8.861771e-01,8.827107e-01
1.121500e-02,6.226384e+00,6.197599e+00,1.343703e+00,7.462810e-01,5.600754e-01,4.398251e-01,3.594354e-01,3.014148e-01,6.884827e-01,7.939629e-01,8.400009e-01,8.664760e-01,8.820776e-01,9.008196e-01,8.861763e-01,8.827098e-01
1.122000e-02,6.226398e+00,6.197609e+00,1.343751e+00,7.462810e-01,5.600754e-01,4.398251e-01,3.594354e-01,3.014148e-01,6.884790e-01,7.939612e-01,8.399994e-01,8.664746e-01,8.820764e-01,9.008184e-01,8.861756e-01,8.827088e-01
1.122500e-02,6.226412e+00,6.197619e+00,1.343799e+00,7.462810e-01,5.600754e-01,4.398251e-01,3.594354e-01,3.014148e-01,6.884753e-01,7.939595e-01,8.399978e-01,8.664732e-01,8.820752e-01,9.008173e-01,8.861748e-01,8.827079e-01
1.123000e-02,6.226425e+00,6.197629e+00,1.343846e+00,7.462810e-01,5.600754e-01,4.398251e-01,3.594354e-01,3.014148e-01,6.884717e-01,7.939577e-01,8.399963e-01,8.664719e-01,8.820740e-01,9.008161e-01,8.861741e-01,8.827070e-01
1.123500e-02,6.226439e+00,6.197639e+00,1.343894e+00,7.462810e-01,5.600754e-01,4.398251e-01,3.594354e-01,3.014148e-01,6.884680e-01,7.939558e-01,8.399948e-01,8.664705e-01,8.820728e-01,9.008149e-01,8.861733e-01,8.827061e-01
1.124000e-02,6.226453e+00,6.197649e+00,1.343941e+00,7.462810e-01,5.600754e-01,4.398251e-01,3.594354e-01,3.014148e-01,6.884644e-01,7.939540e-01,8.399934e-01,8.664692e-01,8.820716e-01,9.008138e-01,8.861726e-01,8.827052e-01
1.124500e-02,6.226466e+00,6.197659e+00,1.343988e+00,7.462810e-01,5.600754e-01,4.398251e-01,3.594354e-01,3.014148e-01,6.884607e-01,7.939521e-01,8.399919e-01,8.664679e-01,8.820705e-01,9.008127e-01,8.861718e-01,8.827043e-01
1.125000e-02,6.226480e+00,6.197669e+00,1.344034e+00,7.462810e-01,5.600754e-01,4.398251e-01,3.594354e-01,3.014148e-01,6.884571e-01,7.939502e-01,8.399903e-01,8.664666e-01,8.820693e-01,9.008115e-01,8.861711e-01,8.827034e-01
1.125500e-02,6.226494e+00,6.197679e+00,1.344081e+00,7.462810e-01,5.600754e-01,4.398251e-01,3.594354e-01,3.014148e-01,6.884535e-01,7.939482e-01,8.399888e-01,8.664654e-01,8.820681e-01,9.008104e-01,8.861704e-01,8.827026e-01
1.126000e-02,6.226507e+00,6.197689e+00,1.344128e+00,7.462810e-01,5.600754e-01,4.398251e-01,3.594354e-01,3.014148e-01,6.884499e-01,7.939463e-01,8.399872e-01,8.664642e-01,8.820670e-01,9.008093e-01,8.861696e-01,8.827017e-01
1.126500e-02,6.226521e+00,6.197698e+00,1.344174e+00,7.462810e-01,5.600754e-01,4.398251e-01,3.594354e-01,3.014148e-01,6.884464e-01,7.939444e-01,8.399856e-01,8.664630e-01,8.820658e-01,9.008083e-01,8.861689e-01,8.827008e-01
1.127000e-02,6.226534e+00,6.197708e+00,1.344220e+00,7.462810e-01,5.600754e-01,4.398251e-01,3.594354e-01,3.014148e-01,6.884427e-01,7.939424e-01,8.399840e-01,8.664618e-01,8.820648e-01,9.008072e-01,8.861682e-01,8.827000e-01
1.127500e-02,6.226548e+00,6.197718e+00,1.344266e+00,7.462810e-01,5.600754e-01,4.398251e-01,3.594354e-01,3.014148e-01,6.884391e-01,7.939405e-01,8.399824e-01,8.664605e-01,8.820637e-01,9.008061e-01,8.861676e-01,8.826991e-01
1.128000e-02,6.226561e+00,6.197728e+00,1.344312e+00,7.462810e-01,5.600754e-01,4.398251e-01,3.594354e-01,3.014148e-01,6.884354e-01,7.939387e-01,8.399808e-01,8.664592e-01,8.820627e-01,9.008051e-01,8.861669e-01,8.826983e-01
1.128500e-02,6.226574e+00,6.197738e+00,1.344357e+00,7.462810e-01,5.600754e-01,4.398251e-01,3.594354e-01,3.014148e-01,6.884318e-01,7.939369e-01,8.399792e-01,8.664579e-01,8.820617e-01,9.008040e-01,8.861662e-01,8.826975e-01
1.129000e-02,6.226588e+00,6.197748e+00,1.344402e+00,7.462810e-01,5.600754e-01,4.398251e-01,3.594354e-01,3.014148e-01,6.884281e-01,7.939350e-01,8.399775e-01,8.664565e-01,8.820607e-01,9.008030e-01,8.861655e-01,8.826966e-01
1.129500e-02,6.226601e+00,6.197758e+00,1.344448e+00,7.462810e-01,5.600754e-01,4.398251e-01,3.594354e-01,3.014148e-01,6.884245e-01,7.939331e-01,8.399759e-01,8.664552e-01,8.820597e-01,9.008021e-01,8.861649e-01,8.826958e-01
1.130000e-02,6.226614e+00,6.197768e+00,1.344493e+00,7.462810e-01,5.600754e-01,4.398251e-01,3.594354e-01,3.014148e-01,6.884210e-01,7.939313e-01,8.399743e-01,8.664539e-01,8.820586e-01,9.008011e-01,8.861642e-01,8.826950e-01
1.130500e-02,6.226627e+00,6.197777e+00,1.344537e+00,7.462810e-01,5.600754e-01,4.398251e-01,3.594354e-01,3.014148e-01,6.884174e-01,7.939295e-01,8.399727e-01,8.664525e-01,8.820575e-01,9.008003e-01,8.861636e-01,8.826942e-01
1.131000e-02,6.226640e+00,6.197787e+00,1.344582e+00,7.462810e-01,5.600754e-01,4.398251e-01,3.594354e-01,3.014148e-01,6.884139e-01,7.939276e-01,8.399712e-01,8.664512e-01,8.820564e-01,9.007994e-01,8.861630e-01,8.826934e-01
1.131500e-02,6.226653e+00,6.197797e+00,1.344627e+00,7.462810e-01,5.600754e-01,4.398251e-01,3.594354e-01,3.014148e-01,6.884104e-01,7.939258e-01,8.399696e-01,8.664498e-01,8.820553e-01,9.007985e-01,8.861624e-01,8.826926e-01
1.132000e-02,6.226666e+00,6.197806e+00,1.344671e+00,7.462810e-01,5.600754e-01,4.398251e-01,3.594354e-01,3.014148e-01,6.884069e-01,7.939240e-01,8.399680e-01,8.664485e-01,8.820542e-01,9.007976e-01,8.861619e-01,8.826919e-01
1.132500e-02,6.226679e+00,6.197816e+00,1.344716e+00,7.462810e-01,5.600754e-01,4.398251e-01,3.594354e-01,3.014148e-01,6.884034e-01,7.939222e-01,8.399664e-01,8.664472e-01,8.820531e-01,9.007967e-01,8.861614e-01,8.826911e-01
1.133000e-02,6.226692e+00,6.197825e+00,1.344760e+00,7.462810e-01,5.600754e-01,4.398251e-01,3.594354e-01,3.014148e-01,6.884000e-01,7.939205e-01,8.399648e-01,8.664459e-01,8.820519e-01,9.007957e-01,8.861609e-01,8.826904e-01
1.133500e-02,6.226705e+00,6.197835e+00,1.344804e+00,7.462810e-01,5.600754e-01,4.398251e-01,3.594354e-01,3.014148e-01,6.883966e-01,7.939187e-01,8.399633e-01,8.664446e-01,8.820508e-01,9.007947e-01,8.861604e-01,8.826897e-01
1.134000e-02,6.226718e+00,6.197844e+00,1.344848e+00,7.462810e-01,5.600754e-01,4.398251e-01,3.594354e-01,3.014148e-01,6.883932e-01,7.939170e-01,8.399617e-01,8.664433e-01,8.820497e-01,9.007937e-01,8.861599e-01,8.826890e-01
1.134500e-02,6.226731e+00,6.197854e+00,1.344892e+00,7.462810e-01,5.600754e-01,4.398251e-01,3.594354e-01,3.014148e-01,6.883898e-01,7.939153e-01,8.399602e-01,8.664420e-01,8.820486e-01,9.007927e-01,8.861594e-01,8.826884e-01
1.135000e-02,6.226743e+00,6.197863e+00,1.344937e+00,7.462810e-01,5.600754e-01,4.398251e-01,3.594354e-01,3.014148e-01,6.883864e-01,7.939136e-01,8.399587e-01,8.664406e-01,8.820475e-01,9.007917e-01,8.861588e-01,8.826878e-01
1.135500e-02,6.226756e+00,6.197873e+00,1.344983e+00,7.462810e-01,5.600754e-01,4.398251e-01,3.594354e-01,3.014148e-01,6.883831e-01,7.939119e-01,8.399572e-01,8.664393e-01,8.820464e-01,9.007906e-01,8.861583e-01,8.826871e-01
1.136000e-02,6.226769e+00,6.197883e+00,1.345030e+00,7.462810e-01,5.600754e-01,4.398251e-01,3.594354e-01,3.014148e-01,6.883799e-01,7.939103e-01,8.399557e-01,8.664381e-01,8.820454e-01,9.007896e-01,8.861577e-01,8.826865e-01
1.136500e-02,6.226782e+00,6.197893e+00,1.345076e+00,7.462810e-01,5.600754e-01,4.398251e-01,3.594354e-01,3.014148e-01,6.883768e-01,7.939086e-01,8.399542e-01,8.664368e-01,8.820443e-01,9.007887e-01,8.861571e-01,8.826859e-01
1.137000e-02,6.226795e+00,6.197902e+00,1.345123e+00,7.462810e-01,5.600754e-01,4.398251e-01,3.594354e-01,3.014148e-01,6.883738e-01,7.939070e-01,8.399528e-01,8.664355e-01,8.820432e-01,9.007878e-01,8.861565e-01,8.826852e-01
1.137500e-02,6.226808e+00,6.197912e+00,1.345170e+00,7.462810e-01,5.600754e-01,4.398251e-01,3.594354e-01,3.014148e-01,6.883708e-01,7.939054e-01,8.399513e-01,8.664342e-01,8.820421e-01,9.007868e-01,8.861559e-01,8.826846e-01
1.138000e-02,6.226820e+00,6.197922e+00,1.345217e+00,7.462810e-01,5.600754e-01,4.398251e-01,3.594354e-01,3.014148e-01,6.883678e-01,7.939037e-01,8.399499e-01,8.664330e-01,8.820410e-01,9.007859e-01,8.861553e-01,8.826839e-01
1.138500e-02,6.226833e+00,6.197932e+00,1.345263e+00,7.462810e-01,5.600754e-01,4.398251e-01,3.594354e-01,3.014148e-01,6.883649e-01,7.939021e-01,8.399485e-01,8.664317e-01,8.820399e-01,9.007850e-01,8.861547e-01,8.826832e-01
1.139000e-02,6.226846e+00,6.197941e+00,1.345310e+00,7.462810e-01,5.600754e-01,4.398251e-01,3.594354e-01,3.014148e-01,6.883619e-01,7.939006e-01,8.399471e-01,8.664305e-01,8.820389e-01,9.007840e-01,8.861542e-01,8.826825e-01
1.139500e-02,6.226858e+00,6.197951e+00,1.345357e+00,7.462810e-01,5.600754e-01,4.398251e-01,3.594354e-01,3.014148e-01,6.883590e-01,7.938991e-01,8.399456e-01,8.664293e-01,8.820378e-01,9.007831e-01,8.861536e-01,8.826818e-01
1.140000e-02,6.226871e+00,6.197961e+00,1.345404e+00,7.462810e-01,5.600754e-01,4.398251e-01,3.594354e-01,3.014148e-01,6.883561e-01,7.938977e-01,8.399442e-01,8.664281e-01,8.820368e-01,9.007822e-01,8.861531e-01,8.826812e-01
1.140500e-02,6.226884e+00,6.197970e+00,1.345450e+00,7.462810e-01,5.600754e-01,4.398251e-01,3.594354e-01,3.014148e-01,6.883532e-01,7.938963e-01,8.399428e-01,8.664269e-01,8.820357e-01,9.007812e-01,8.861525e-01,8.826805e-01
1.141000e-02,6.226896e+00,6.197980e+00,1.345497e+00,7.462810e-01,5.600754e-01,4.398251e-01,3.594354e-01,3.014148e-01,6.883504e-01,7.938949e-01,8.399414e-01,8.664258e-01,8.820347e-01,9.007803e-01,8.861519e-01,8.826799e-01
1.141500e-02,6.226909e+00,6.197989e+00,1.345543e+00,7.462810e-01,5.600754e-01,4.398251e-01,3.594354e-01,3.014148e-01,6.883476e-01,7.938936e-01,8.399402e-01,8.664246e-01,8.820337e-01,9.007793e-01,8.861513e-01,8.826792e-01
1.142000e-02,6.226921e+00,6.197999e+00,1.345590e+00,7.462810e-01,5.600754e-01,4.398251e-01,3.594354e-01,3.014148e-01,6.883447e-01,7.938923e-01,8.399389e-01,8.664233e-01,8.820327e-01,9.007784e-01,8.861508e-01,8.826786e-01
1.142500e-02,6.226933e+00,6.198008e+00,1.345636e+00,7.462810e-01,5.600754e-01,4.398251e-01,3.594354e-01,3.014148e-01,6.883419e-01,7.938910e-01,8.399377e-01,8.664221e-01,8.820317e-01,9.007774e-01,8.861502e-01,8.826779e-01
1.143000e-02,6.226946e+00,6.198018e+00,1.345682e+00,7.462810e-01,5.600754e-01,4.398251e-01,3.594354e-01,3.014148e-01,6.883392e-01,7.938897e-01,8.399365e-01,8.664209e-01,8.820307e-01,9.007765e-01,8.861495e-01,8.826772e-01
1.143500e-02,6.226958e+00,6.198027e+00,1.345727e+00,7.462810e-01,5.600754e-01,4.398251e-01,3.594354e-01,3.014148e-01,6.883364e-01,7.938884e-01,8.399353e-01,8.664198e-01,8.820297e-01,9.007756e-01,8.861489e-01,8.826766e-01
1.144000e-02,6.226970e+00,6.198037e+00,1.345773e+00,7.462810e-01,5.600754e-01,4.398251e-01,3.594354e-01,3.014148e-01,6.883337e-01,7.938872e-01,8.399342e-01,8.664188e-01,8.820286e-01,9.007747e-01,8.861483e-01,8.826759e-01
1.144500e-02,6.226982e+00,6.198046e+00,1.345818e+00,7.462810e-01,5.600754e-01,4.398251e-01,3.594354e-01,3.014148e-01,6.883310e-01,7.938860e-01,8.399330e-01,8.664177e-01,8.820276e-01,9.007738e-01,8.861477e-01,8.826752e-01
1.145000e-02,6.226994e+00,6.198055e+00,1.345863e+00,7.462810e-01,5.600754e-01,4.398251e-01,3.594354e-01,3.014148e-01,6.883283e-01,7.938848e-01,8.399320e-01,8.664167e-01,8.820265e-01,9.007729e-01,8.861471e-01,8.826745e-01
1.145500e-02,6.227006e+00,6.198064e+00,1.345908e+00,7.462810e-01,5.600754e-01,4.398251e-01,3.594354e-01,3.014148e-01,6.883257e-01,7.938836e-01,8.399309e-01,8.664157e-01,8.820255e-01,9.007720e-01,8.861464e-01,8.826738e-01
1.146000e-02,6.227018e+00,6.198073e+00,1.345953e+00,7.462810e-01,5.600754e-01,4.398251e-01,3.594354e-01,3.014148e-01,6.883231e-01,7.938824e-01,8.399298e-01,8.664147e-01,8.820245e-01,9.007710e-01,8.861458e-01,8.826731e-01
1.146500e-02,6.227030e+00,6.198082e+00,1.345997e+00,7.462810e-01,5.600754e-01,4.398251e-01,3.594354e-01,3.014148e-01,6.883205e-01,7.938812e-01,8.399288e-01,8.664137e-01,8.820236e-01,9.007701e-01,8.861452e-01,8.826724e-01
1.147000e-02,6.227041e+00,6.198091e+00,1.346041e+00,7.462810e-01,5.600754e-01,4.398251e-01,3.594354e-01,3.014148e-01,6.883179e-01,7.938801e-01,8.399277e-01,8.664128e-01,8.820228e-01,9.007691e-01,8.861446e-01,8.826717e-01
1.147500e-02,6.227053e+00,6.198100e+00,1.346085e+00,7.462810e-01,5.600754e-01,4.398251e-01,3.594354e-01,3.014148e-01,6.883154e-01,7.938789e-01,8.399267e-01,8.664119e-01,8.820219e-01,9.007681e-01,8.861439e-01,8.826710e-01
1.148000e-02,6.227064e+00,6.198109e+00,1.346129e+00,7.462810e-01,5.600754e-01,4.398251e-01,3.594354e-01,3.014148e-01,6.883129e-01,7.938778e-01,8.399257e-01,8.664109e-01,8.820210e-01,9.007672e-01,8.861432e-01,8.826703e-01
1.148500e-02,6.227076e+00,6.198118e+00,1.346172e+00,7.462810e-01,5.600754e-01,4.398251e-01,3.594354e-01,3.014148e-01,6.883104e-01,7.938766e-01,8.399247e-01,8.664100e-01,8.820202e-01,9.007663e-01,8.861425e-01,8.826695e-01
1.149000e-02,6.227087e+00,6.198126e+00,1.346215e+00,7.462810e-01,5.600754e-01,4.398251e-01,3.594354e-01,3.014148e-01,6.883079e-01,7.938755e-01,8.399238e-01,8.664092e-01,8.820193e-01,9.007655e-01,8.861418e-01,8.826688e-01
1.149500e-02,6.227098e+00,6.198135e+00,1.346258e+00,7.462810e-01,5.600754e-01,4.398251e-01,3.594354e-01,3.014148e-01,6.883055e-01,7.938744e-01,8.399228e-01,8.664083e-01,8.820185e-01,9.007647e-01,8.861411e-01,8.826680e-01
1.150000e-02,6.227109e+00,6.198144e+00,1.346300e+00,7.462810e-01,5.600754e-01,4.398251e-01,3.594354e-01,3.014148e-01,6.883031e-01,7.938733e-01,8.399218e-01,8.664074e-01,8.820177e-01,9.007639e-01,8.861404e-01,8.826672e-01
1.150500e-02,6.227120e+00,6.198152e+00,1.346343e+00,7.462810e-01,5.600754e-01,4.398251e-01,3.594354e-01,3.014148e-01,6.883007e-01,7.938722e-01,8.399209e-01,8.664066e-01,8.820169e-01,9.007631e-01,8.861397e-01,8.826664e-01
1.151000e-02,6.227131e+00,6.198161e+00,1.346384e+00,7.462810e-01,5.600754e-01,4.398251e-01,3.594354e-01,3.014148e-01,6.882984e-01,7.938712e-01,8.399200e-01,8.664057e-01,8.820161e-01,9.007623e-01,8.861390e-01,8.826656e-01
1.151500e-02,6.227142e+00,6.198169e+00,1.346426e+00,7.462810e-01,5.600754e-01,4.398251e-01,3.594354e-01,3.014148e-01,6.882961e-01,7.938701e-01,8.399190e-01,8.664049e-01,8.820153e-01,9.007616e-01,8.861384e-01,8.826648e-01
1.152000e-02,6.227153e+00,6.198177e+00,1.346467e+00,7.462810e-01,5.600754e-01,4.398251e-01,3.594354e-01,3.014148e-01,6.882938e-01,7.938691e-01,8.399181e-01,8.664041e-01,8.820146e-01,9.007608e-01,8.861378e-01,8.826640e-01
1.152500e-02,6.227163e+00,6.198185e+00,1.346507e+00,7.462810e-01,5.600754e-01,4.398251e-01,3.594354e-01,3.014148e-01,6.882915e-01,7.938680e-01,8.399172e-01,8.664033e-01,8.820138e-01,9.007601e-01,8.861372e-01,8.826632e-01
1.153000e-02,6.227174e+00,6.198193e+00,1.346548e+00,7.462810e-01,5.600754e-01,4.398251e-01,3.594354e-01,3.014148e-01,6.882893e-01,7.938670e-01,8.399163e-01,8.664025e-01,8.820130e-01,9.007593e-01,8.861366e-01,8.826624e-01
1.153500e-02,6.227184e+00,6.198201e+00,1.346588e+00,7.462810e-01,5.600754e-01,4.398251e-01,3.594354e-01,3.014148e-01,6.882870e-01,7.938660e-01,8.399154e-01,8.664017e-01,8.820123e-01,9.007586e-01,8.861360e-01,8.826617e-01
1.154000e-02,6.227194e+00,6.198209e+00,1.346627e+00,7.462810e-01,5.600754e-01,4.398251e-01,3.594354e-01,3.014148e-01,6.882848e-01,7.938650e-01,8.399145e-01,8.664009e-01,8.820116e-01,9.007578e-01,8.861354e-01,8.826609e-01
1.154500e-02,6.227205e+00,6.198217e+00,1.346667e+00,7.462810e-01,5.600754e-01,4.398251e-01,3.594354e-01,3.014148e-01,6.882827e-01,7.938640e-01,8.399137e-01,8.664002e-01,8.820109e-01,9.007571e-01,8.861348e-01,8.826602e-01
1.155000e-02,6.227215e+00,6.198225e+00,1.346706e+00,7.462810e-01,5.600754e-01,4.398251e-01,3.594354e-01,3.014148e-01,6.882805e-01,7.938630e-01,8.399128e-01,8.663994e-01,8.820101e-01,9.007564e-01,8.861341e-01,8.826594e-01
1.155500e-02,6.227225e+00,6.198233e+00,1.346744e+00,7.462810e-01,5.600754e-01,4.398251e-01,3.594354e-01,3.014148e-01,6.882784e-01,7.938621e-01,8.399119e-01,8.663987e-01,8.820094e-01,9.007557e-01,8.861335e-01,8.826586e-01
1.156000e-02,6.227234e+00,6.198240e+00,1.346782e+00,7.462810e-01,5.600754e-01,4.398251e-01,3.594354e-01,3.014148e-01,6.882763e-01,7.938611e-01,8.399111e-01,8.663979e-01,8.820087e-01,9.007550e-01,8.861330e-01,8.826579e-01
1.156500e-02,6.227244e+00,6.198248e+00,1.346820e+00,7.462810e-01,5.600754e-01,4.398251e-01,3.594354e-01,3.014148e-01,6.882743e-01,7.938602e-01,8.399102e-01,8.663972e-01,8.820080e-01,9.007543e-01,8.861324e-01,8.826571e-01
1.157000e-02,6.227254e+00,6.198255e+00,1.346857e+00,7.462810e-01,5.600754e-01,4.398251e-01,3.594354e-01,3.014148e-01,6.882722e-01,7.938593e-01,8.399094e-01,8.663964e-01,8.820074e-01,9.007536e-01,8.861318e-01,8.826563e-01
1.157500e-02,6.227264e+00,6.198263e+00,1.346895e+00,7.462810e-01,5.600754e-01,4.398251e-01,3.594354e-01,3.014148e-01,6.882702e-01,7.938583e-01,8.399086e-01,8.663957e-01,8.820067e-01,9.007529e-01,8.861313e-01,8.826555e-01
1.158000e-02,6.227273e+00,6.198270e+00,1.346931e+00,7.462810e-01,5.600754e-01,4.398251e-01,3.594354e-01,3.014148e-01,6.882682e-01,7.938574e-01,8.399077e-01,8.663950e-01,8.820060e-01,9.007523e-01,8.861307e-01,8.826548e-01
1.158500e-02,6.227282e+00,6.198277e+00,1.346968e+00,7.462810e-01,5.600754e-01,4.398251e-01,3.594354e-01,3.014148e-01,6.882663e-01,7.938565e-01,8.399069e-01,8.663943e-01,8.820053e-01,9.007516e-01,8.861302e-01,8.826540e-01
1.159000e-02,6.227292e+00,6.198285e+00,1.347004e+00,7.462810e-01,5.600754e-01,4.398251e-01,3.594354e-01,3.014148e-01,6.882643e-01,7.938556e-01,8.399061e-01,8.663935e-01,8.820047e-01,9.007510e-01,8.861297e-01,8.826533e-01
1.159500e-02,6.227301e+00,6.198292e+00,1.347039e+00,7.462810e-01,5.600754e-01,4.398251e-01,3.594354e-01,3.014148e-01,6.882624e-01,7.938547e-01,8.399053e-01,8.663928e-01,8.820041e-01,9.007504e-01,8.861292e-01,8.826525e-01
1.160000e-02,6.227310e+00,6.198299e+00,1.347074e+00,7.462810e-01,5.600754e-01,4.398251e-01,3.594354e-01,3.014148e-01,6.882605e-01,7.938539e-01,8.399045e-01,8.663921e-01,8.820034e-01,9.007498e-01,8.861287e-01,8.826518e-01
1.160500e-02,6.227319e+00,6.198306e+00,1.347109e+00,7.462810e-01,5.600754e-01,4.398251e-01,3.594354e-01,3.014148e-01,6.882587e-01,7.938530e-01,8.399038e-01,8.663914e-01,8.820028e-01,9.007492e-01,8.861282e-01,8.826511e-01
1.161000e-02,6.227328e+00,6.198313e+00,1.347144e+00,7.462810e-01,5.600754e-01,4.398251e-01,3.594354e-01,3.014148e-01,6.882568e-01,7.938522e-01,8.399030e-01,8.663908e-01,8.820022e-01,9.007485e-01,8.861278e-01,8.826504e-01
1.161500e-02,6.227337e+00,6.198319e+00,1.347178e+00,7.462810e-01,5.600754e-01,4.398251e-01,3.594354e-01,3.014148e-01,6.882550e-01,7.938513e-01,8.399022e-01,8.663901e-01,8.820015e-01,9.007479e-01,8.861273e-01,8.826497e-01
1.162000e-02,6.227345e+00,6.198326e+00,1.347212e+00,7.462810e-01,5.600754e-01,4.398251e-01,3.594354e-01,3.014148e-01,6.882532e-01,7.938505e-01,8.399015e-01,8.663894e-01,8.820009e-01,9.007473e-01,8.861269e-01,8.826490e-01
1.162500e-02,6.227354e+00,6.198333e+00,1.347245e+00,7.462810e-01,5.600754e-01,4.398251e-01,3.594354e-01,3.014148e-01,6.882514e-01,7.938497e-01,8.399007e-01,8.663888e-01,8.820003e-01,9.007467e-01,8.861264e-01,8.826483e-01
1.163000e-02,6.227362e+00,6.198339e+00,1.347278e+00,7.462810e-01,5.600754e-01,4.398251e-01,3.594354e-01,3.014148e-01,6.882496e-01,7.938489e-01,8.399000e-01,8.663881e-01,8.819997e-01,9.007461e-01,8.861260e-01,8.826476e-01
1.163500e-02,6.227371e+00,6.198346e+00,1.347311e+00,7.462810e-01,5.600754e-01,4.398251e-01,3.594354e-01,3.014148e-01,6.882479e-01,7.938481e-01,8.398992e-01,8.663875e-01,8.819991e-01,9.007455e-01,8.861255e-01,8.826469e-01
1.164000e-02,6.227379e+00,6.198352e+00,1.347343e+00,7.462810e-01,5.600754e-01,4.398251e-01,3.594354e-01,3.014147e-01,6.882461e-01,7.938473e-01,8.398985e-01,8.663868e-01,8.819985e-01,9.007449e-01,8.861250e-01,8.826463e-01
1.164500e-02,6.227387e+00,6.198359e+00,1.347375e+00,7.462810e-01,5.600754e-01,4.398251e-01,3.594354e-01,3.014147e-01,6.882444e-01,7.938465e-01,8.398978e-01,8.663862e-01,8.819979e-01,9.007444e-01,8.861246e-01,8.826456e-01
1.165000e-02,6.227395e+00,6.198365e+00,1.347407e+00,7.462810e-01,5.600754e-01,4.398251e-01,3.594354e-01,3.014147e-01,6.882427e-01,7.938457e-01,8.398971e-01,8.663856e-01,8.819974e-01,9.007438e-01,8.861241e-01,8.826450e-01
1.165500e-02,6.227403e+00,6.198371e+00,1.347438e+00,7.462810e-01,5.600754e-01,4.398251e-01,3.594354e-01,3.014147e-01,6.882411e-01,7.938450e-01,8.398964e-01,8.663850e-01,8.819968e-01,9.007432e-01,8.861236e-01,8.826444e-01
1.166000e-02,6.227411e+00,6.198377e+00,1.347469e+00,7.462810e-01,5.600754e-01,4.398251e-01,3.594354e-01,3.014147e-01,6.882394e-01,7.938442e-01,8.398957e-01,8.663844e-01,8.819962e-01,9.007426e-01,8.861232e-01,8.826437e-01
1.166500e-02,6.227419e+00,6.198383e+00,1.347500e+00,7.462810e-01,5.600754e-01,4.398251e-01,3.594354e-01,3.014147e-01,6.882378e-01,7.938435e-01,8.398950e-01,8.663838e-01,8.819956e-01,9.007420e-01,8.861227e-01,8.826431e-01
1.167000e-02,6.227427e+00,6.198389e+00,1.347530e+00,7.462810e-01,5.600754e-01,4.398251e-01,3.594354e-01,3.014147e-01,6.882362e-01,7.938428e-01,8.398943e-01,8.663832e-01,8.819951e-01,9.007414e-01,8.861222e-01,8.826425e-01
1.167500e-02,6.227435e+00,6.198395e+00,1.347560e+00,7.462810e-01,5.600754e-01,4.398251e-01,3.594354e-01,3.014147e-01,6.882346e-01,7.938421e-01,8.398937e-01,8.663826e-01,8.819945e-01,9.007408e-01,8.861217e-01,8.826419e-01
1.168000e-02,6.227442e+00,6.198401e+00,1.347590e+00,7.462810e-01,5.600754e-01,4.398251e-01,3.594354e-01,3.014147e-01,6.882331e-01,7.938414e-01,8.398930e-01,8.663820e-01,8.819940e-01,9.007402e-01,8.861212e-01,8.826413e-01
1.168500e-02,6.227450e+00,6.198407e+00,1.347620e+00,7.462810e-01,5.600754e-01,4.398251e-01,3.594354e-01,3.014147e-01,6.882315e-01,7.938407e-01,8.398924e-01,8.663814e-01,8.819934e-01,9.007396e-01,8.861206e-01,8.826407e-01
1.169000e-02,6.227457e+00,6.198413e+00,1.347649e+00,7.462810e-01,5.600754e-01,4.398251e-01,3.594354e-01,3.014147e-01,6.882300e-01,7.938400e-01,8.398917e-01,8.663808e-01,8.819928e-01,9.007390e-01,8.861201e-01,8.826400e-01
1.169500e-02,6.227464e+00,6.198418e+00,1.347677e+00,7.462810e-01,5.600754e-01,4.398251e-01,3.594354e-01,3.014147e-01,6.882285e-01,7.938393e-01,8.398911e-01,8.663802e-01,8.819923e-01,9.007384e-01,8.861196e-01,8.826394e-01
1.170000e-02,6.227472e+00,6.198424e+00,1.347706e+00,7.462810e-01,5.600754e-01,4.398251e-01,3.594354e-01,3.014147e-01,6.882270e-01,7.938387e-01,8.398904e-01,8.663797e-01,8.819917e-01,9.007377e-01,8.861190e-01,8.826388e-01
1.170500e-02,6.227479e+00,6.198430e+00,1.347734e+00,7.462810e-01,5.600754e-01,4.398251e-01,3.594354e-01,3.014147e-01,6.882256e-01,7.938380e-01,8.398898e-01,8.663791e-01,8.819912e-01,9.007371e-01,8.861185e-01,8.826382e-01
1.171000e-02,6.227486e+00,6.198435e+00,1.347761e+00,7.462810e-01,5.600754e-01,4.398251e-01,3.594354e-01,3.014147e-01,6.882241e-01,7.938374e-01,8.398892e-01,8.663785e-01,8.819906e-01,9.007365e-01,8.861179e-01,8.826376e-01
1.171500e-02,6.227493e+00,6.198441e+00,1.347788e+00,7.462810e-01,5.600754e-01,4.398251e-01,3.594354e-01,3.014147e-01,6.882227e-01,7.938367e-01,8.398886e-01,8.663779e-01,8.819901e-01,9.007359e-01,8.861173e-01,8.826370e-01
1.172000e-02,6.227500e+00,6.198446e+00,1.347813e+00,7.462810e-01,5.600754e-01,4.398251e-01,3.594354e-01,3.014147e-01,6.882213e-01,7.938361e-01,8.398879e-01,8.663774e-01,8.819895e-01,9.007353e-01,8.861167e-01,8.826364e-01
1.172500e-02,6.227507e+00,6.198451e+00,1.347839e+00,7.462810e-01,5.600754e-01,4.398251e-01,3.594354e-01,3.014147e-01,6.882199e-01,7.938354e-01,8.398873e-01,8.663768e-01,8.819889e-01,9.007347e-01,8.861161e-01,8.826358e-01
1.173000e-02,6.227514e+00,6.198456e+00,1.347864e+00,7.462810e-01,5.600754e-01,4.398251e-01,3.594354e-01,3.014147e-01,6.882184e-01,7.938348e-01,8.398867e-01,8.663762e-01,8.819884e-01,9.007340e-01,8.861155e-01,8.826352e-01
1.173500e-02,6.227520e+00,6.198461e+00,1.347888e+00,7.462810e-01,5.600754e-01,4.398251e-01,3.594354e-01,3.014147e-01,6.882170e-01,7.938342e-01,8.398861e-01,8.663757e-01,8.819878e-01,9.007334e-01,8.861149e-01,8.826346e-01
1.174000e-02,6.227527e+00,6.198467e+00,1.347913e+00,7.462810e-01,5.600754e-01,4.398251e-01,3.594354e-01,3.014147e-01,6.882156e-01,7.938336e-01,8.398855e-01,8.663751e-01,8.819873e-01,9.007328e-01,8.861142e-01,8.826340e-01
1.174500e-02,6.227533e+00,6.198471e+00,1.347936e+00,7.462810e-01,5.600754e-01,4.398251e-01,3.594354e-01,3.014147e-01,6.882142e-01,7.938330e-01,8.398849e-01,8.663745e-01,8.819867e-01,9.007321e-01,8.861136e-01,8.826334e-01
1.175000e-02,6.227540e+00,6.198476e+00,1.347960e+00,7.462810e-01,5.600754e-01,4.398251e-01,3.594354e-01,3.014147e-01,6.882128e-01,7.938324e-01,8.398843e-01,8.663740e-01,8.819861e-01,9.007315e-01,8.861129e-01,8.826328e-01
1.175500e-02,6.227546e+00,6.198481e+00,1.347983e+00,7.462810e-01,5.600754e-01,4.398251e-01,3.594354e-01,3.014147e-01,6.882115e-01,7.938317e-01,8.398837e-01,8.663734e-01,8.819855e-01,9.007308e-01,8.861122e-01,8.826322e-01
1.176000e-02,6.227552e+00,6.198486e+00,1.348006e+00,7.462810e-01,5.600754e-01,4.398251e-01,3.594354e-01,3.014147e-01,6.882101e-01,7.938311e-01,8.398831e-01,8.663728e-01,8.819850e-01,9.007302e-01,8.861116e-01,8.826316e-01
1.176500e-02,6.227558e+00,6.198491e+00,1.348028e+00,7.462810e-01,5.600754e-01,4.398251e-01,3.594354e-01,3.014147e-01,6.882088e-01,7.938305e-01,8.398825e-01,8.663722e-01,8.819844e-01,9.007295e-01,8.861109e-01,8.826309e-01
1.177000e-02,6.227564e+00,6.198495e+00,1.348051e+00,7.462810e-01,5.600754e-01,4.398251e-01,3.594354e-01,3.014147e-01,6.882075e-01,7.938298e-01,8.398819e-01,8.663717e-01,8.819838e-01,9.007289e-01,8.861102e-01,8.826303e-01
1.177500e-02,6.227570e+00,6.198500e+00,1.348073e+00,7.462810e-01,5.600754e-01,4.398251e-01,3.594354e-01,3.014147e-01,6.882062e-01,7.938292e-01,8.398813e-01,8.663711e-01,8.819832e-01,9.007282e-01,8.861095e-01,8.826297e-01
1.178000e-02,6.227576e+00,6.198504e+00,1.348094e+00,7.462810e-01,5.600754e-01,4.398251e-01,3.594354e-01,3.014147e-01,6.882049e-01,7.938285e-01,8.398807e-01,8.663705e-01,8.819826e-01,9.007275e-01,8.861088e-01,8.826290e-01
1.178500e-02,6.227582e+00,6.198509e+00,1.348115e+00,7.462810e-01,5.600754e-01,4.398251e-01,3.594354e-01,3.014147e-01,6.882036e-01,7.938279e-01,8.398800e-01,8.663700e-01,8.819820e-01,9.007269e-01,8.861081e-01,8.826284e-01
1.179000e-02,6.227588e+00,6.198513e+00,1.348137e+00,7.462810e-01,5.600754e-01,4.398251e-01,3.594354e-01,3.014147e-01,6.882023e-01,7.938272e-01,8.398794e-01,8.663694e-01,8.819814e-01,9.007262e-01,8.861074e-01,8.826277e-01
1.179500e-02,6.227594e+00,6.198518e+00,1.348157e+00,7.462810e-01,5.600754e-01,4.398251e-01,3.594354e-01,3.014147e-01,6.882011e-01,7.938266e-01,8.398788e-01,8.663689e-01,8.819808e-01,9.007255e-01,8.861067e-01,8.826271e-01
1.180000e-02,6.227599e+00,6.198522e+00,1.348178e+00,7.462810e-01,5.600754e-01,4.398251e-01,3.594354e-01,3.014147e-01,6.881998e-01,7.938259e-01,8.398782e-01,8.663683e-01,8.819803e-01,9.007248e-01,8.861060e-01,8.826264e-01
1.180500e-02,6.227605e+00,6.198526e+00,1.348198e+00,7.462810e-01,5.600754e-01,4.398251e-01,3.594354e-01,3.014147e-01,6.881986e-01,7.938253e-01,8.398775e-01,8.663677e-01,8.819797e-01,9.007241e-01,8.861053e-01,8.826258e-01
1.181000e-02,6.227611e+00,6.198530e+00,1.348218e+00,7.462810e-01,5.600754e-01,4.398251e-01,3.594354e-01,3.014147e-01,6.881973e-01,7.938246e-01,8.398769e-01,8.663671e-01,8.819791e-01,9.007235e-01,8.861046e-01,8.826251e-01
1.181500e-02,6.227616e+00,6.198535e+00,1.348238e+00,7.462810e-01,5.600754e-01,4.398251e-01,3.594354e-01,3.014147e-01,6.881961e-01,7.938240e-01,8.398762e-01,8.663665e-01,8.819785e-01,9.007228e-01,8.861039e-01,8.826245e-01
1.182000e-02,6.227622e+00,6.198539e+00,1.348258e+00,7.462810e-01,5.600754e-01,4.398251e-01,3.594354e-01,3.014147e-01,6.881949e-01,7.938234e-01,8.398756e-01,8.663658e-01,8.819779e-01,9.007221e-01,8.861032e-01,8.826238e-01
1.182500e-02,6.227627e+00,6.198543e+00,1.348277e+00,7.462810e-01,5.600754e-01,4.398251e-01,3.594354e-01,3.014147e-01,6.881937e-01,7.938227e-01,8.398750e-01,8.663652e-01,8.819773e-01,9.007214e-01,8.861025e-01,8.826231e-01
1.183000e-02,6.227632e+00,6.198547e+00,1.348296e+00,7.462810e-01,5.600754e-01,4.398251e-01,3.594354e-01,3.014147e-01,6.881924e-01,7.938221e-01,8.398743e-01,8.663646e-01,8.819767e-01,9.007208e-01,8.861018e-01,8.826224e-01
1.183500e-02,6.227638e+00,6.198551e+00,1.348315e+00,7.462810e-01,5.600754e-01,4.398251e-01,3.594354e-01,3.014147e-01,6.881912e-01,7.938214e-01,8.398736e-01,8.663640e-01,8.819760e-01,9.007201e-01,8.861011e-01,8.826218e-01
1.184000e-02,6.227643e+00,6.198555e+00,1.348334e+00,7.462810e-01,5.600754e-01,4.398251e-01,3.594354e-01,3.014147e-01,6.881900e-01,7.938208e-01,8.398730e-01,8.663634e-01,8.819754e-01,9.007194e-01,8.861004e-01,8.826211e-01
1.184500e-02,6.227648e+00,6.198559e+00,1.348353e+00,7.462810e-01,5.600754e-01,4.398251e-01,3.594354e-01,3.014147e-01,6.881888e-01,7.938201e-01,8.398723e-01,8.663628e-01,8.819747e-01,9.007187e-01,8.860997e-01,8.826204e-01
1.185000e-02,6.227653e+00,6.198563e+00,1.348371e+00,7.462810e-01,5.600754e-01,4.398251e-01,3.594354e-01,3.014147e-01,6.881876e-01,7.938195e-01,8.398716e-01,8.663621e-01,8.819741e-01,9.007180e-01,8.860991e-01,8.826197e-01
1.185500e-02,6.227659e+00,6.198567e+00,1.348390e+00,7.462810e-01,5.600754e-01,4.398251e-01,3.594354e-01,3.014147e-01,6.881864e-01,7.938188e-01,8.398710e-01,8.663615e-01,8.819734e-01,9.007173e-01,8.860984e-01,8.826190e-01
1.186000e-02,6.227664e+00,6.198571e+00,1.348408e+00,7.462810e-01,5.600754e-01,4.398251e-01,3.594354e-01,3.014147e-01,6.881852e-01,7.938182e-01,8.398703e-01,8.663609e-01,8.819728e-01,9.007166e-01,8.860978e-01,8.826183e-01
1.186500e-02,6.227669e+00,6.198575e+00,1.348426e+00,7.462810e-01,5.600754e-01,4.398251e-01,3.594354e-01,3.014147e-01,6.881840e-01,7.938175e-01,8.398697e-01,8.663602e-01,8.819722e-01,9.007159e-01,8.860972e-01,8.826176e-01
1.187000e-02,6.227674e+00,6.198578e+00,1.348444e+00,7.462810e-01,5.600754e-01,4.398251e-01,3.594354e-01,3.014147e-01,6.881828e-01,7.938169e-01,8.398690e-01,8.663595e-01,8.819715e-01,9.007152e-01,8.860965e-01,8.826170e-01
1.187500e-02,6.227679e+00,6.198582e+00,1.348462e+00,7.462810e-01,5.600754e-01,4.398251e-01,3.594354e-01,3.014147e-01,6.881816e-01,7.938162e-01,8.398683e-01,8.663589e-01,8.819709e-01,9.007144e-01,8.860959e-01,8.826163e-01
1.188000e-02,6.227684e+00,6.198586e+00,1.348480e+00,7.462810e-01,5.600754e-01,4.398251e-01,3.594354e-01,3.014147e-01,6.881804e-01,7.938156e-01,8.398676e-01,8.663582e-01,8.819702e-01,9.007137e-01,8.860952e-01,8.826156e-01
1.188500e-02,6.227689e+00,6.198590e+00,1.348497e+00,7.462810e-01,5.600754e-01,4.398251e-01,3.594354e-01,3.014147e-01,6.881792e-01,7.938149e-01,8.398670e-01,8.663576e-01,8.819695e-01,9.007130e-01,8.860946e-01,8.826149e-01
1.189000e-02,6.227694e+00,6.198594e+00,1.348515e+00,7.462810e-01,5.600754e-01,4.398251e-01,3.594354e-01,3.014147e-01,6.881779e-01,7.938142e-01,8.398663e-01,8.663569e-01,8.819688e-01,9.007123e-01,8.860940e-01,8.826142e-01
1.189500e-02,6.227699e+00,6.198598e+00,1.348533e+00,7.462810e-01,5.600754e-01,4.398251e-01,3.594354e-01,3.014147e-01,6.881767e-01,7.938136e-01,8.398656e-01,8.663563e-01,8.819682e-01,9.007116e-01,8.860933e-01,8.826135e-01
1.190000e-02,6.227704e+00,6.198601e+00,1.348550e+00,7.462810e-01,5.600754e-01,4.398251e-01,3.594354e-01,3.014147e-01,6.881755e-01,7.938129e-01,8.398649e-01,8.663556e-01,8.819675e-01,9.007109e-01,8.860927e-01,8.826128e-01
1.190500e-02,6.227710e+00,6.198605e+00,1.348567e+00,7.462810e-01,5.600754e-01,4.398251e-01,3.594354e-01,3.014147e-01,6.881743e-01,7.938122e-01,8.398643e-01,8.663550e-01,8.819668e-01,9.007102e-01,8.860921e-01,8.826121e-01
1.191000e-02,6.227715e+00,6.198609e+00,1.348585e+00,7.462810e-01,5.600754e-01,4.398251e-01,3.594354e-01,3.014147e-01,6.881731e-01,7.938115e-01,8.398636e-01,8.663543e-01,8.819662e-01,9.007094e-01,8.860915e-01,8.826114e-01
1.191500e-02,6.227720e+00,6.198613e+00,1.348602e+00,7.462810e-01,5.600754e-01,4.398251e-01,3.594354e-01,3.014147e-01,6.881718e-01,7.938109e-01,8.398629e-01,8.663536e-01,8.819655e-01,9.007087e-01,8.860909e-01,8.826107e-01
1.192000e-02,6.227725e+00,6.198616e+00,1.348619e+00,7.462810e-01,5.600754e-01,4.398251e-01,3.594354e-01,3.014147e-01,6.881706e-01,7.938102e-01,8.398622e-01,8.663530e-01,8.819648e-01,9.007079e-01,8.860903e-01,8.826100e-01
1.192500e-02,6.227730e+00,6.198620e+00,1.348637e+00,7.462810e-01,5.600754e-01,4.398251e-01,3.594354e-01,3.014147e-01,6.881694e-01,7.938095e-01,8.398615e-01,8.663523e-01,8.819641e-01,9.007072e-01,8.860897e-01,8.826093e-01
1.193000e-02,6.227735e+00,6.198624e+00,1.348654e+00,7.462810e-01,5.600754e-01,4.398251e-01,3.594354e-01,3.014147e-01,6.881681e-01,7.938088e-01,8.398608e-01,8.663516e-01,8.819635e-01,9.007065e-01,8.860891e-01,8.826086e-01
1.193500e-02,6.227740e+00,6.198628e+00,1.348671e+00,7.462810e-01,5.600754e-01,4.398251e-01,3.594354e-01,3.014147e-01,6.881669e-01,7.938081e-01,8.398602e-01,8.663510e-01,8.819628e-01,9.007057e-01,8.860884e-01,8.826078e-01
1.194000e-02,6.227745e+00,6.198632e+00,1.348688e+00,7.462810e-01,5.600754e-01,4.398251e-01,3.594354e-01,3.014147e-01,6.881656e-01,7.938074e-01,8.398595e-01,8.663503e-01,8.819621e-01,9.007050e-01,8.860878e-01,8.826071e-01
1.194500e-02,6.227750e+00,6.198635e+00,1.348706e+00,7.462810e-01,5.600754e-01,4.398251e-01,3.594354e-01,3.014147e-01,6.881644e-01,7.938067e-01,8.398588e-01,8.663496e-01,8.819614e-01,9.007042e-01,8.860872e-01,8.826064e-01
1.195000e-02,6.227755e+00,6.198639e+00,1.348723e+00,7.462810e-01,5.600754e-01,4.398251e-01,3.594354e-01,3.014147e-01,6.881631e-01,7.938060e-01,8.398581e-01,8.663490e-01,8.819608e-01,9.007035e-01,8.860866e-01,8.826057e-01
1.195500e-02,6.227760e+00,6.198643e+00,1.348740e+00,7.462810e-01,5.600754e-01,4.398251e-01,3.594354e-01,3.014147e-01,6.881619e-01,7.938053e-01,8.398574e-01,8.663483e-01,8.819601e-01,9.007027e-01,8.860860e-01,8.826050e-01
1.196000e-02,6.227765e+00,6.198647e+00,1.348758e+00,7.462810e-01,5.600754e-01,4.398251e-01,3.594354e-01,3.014147e-01,6.881606e-01,7.938046e-01,8.398567e-01,8.663476e-01,8.819594e-01,9.007020e-01,8.860854e-01,8.826043e-01
1.196500e-02,6.227770e+00,6.198651e+00,1.348775e+00,7.462810e-01,5.600754e-01,4.398251e-01,3.594354e-01,3.014147e-01,6.881593e-01,7.938039e-01,8.398560e-01,8.663470e-01,8.819587e-01,9.007012e-01,8.860847e-01,8.826036e-01
1.197000e-02,6.227775e+00,6.198654e+00,1.348792e+00,7.462810e-01,5.600754e-01,4.398251e-01,3.594354e-01,3.014147e-01,6.881580e-01,7.938032e-01,8.398553e-01,8.663463e-01,8.819580e-01,9.007005e-01,8.860841e-01,8.826028e-01
1.197500e-02,6.227781e+00,6.198658e+00,1.348810e+00,7.462810e-01,5.600754e-01,4.398251e-01,3.594354e-01,3.014147e-01,6.881567e-01,7.938025e-01,8.398546e-01,8.663456e-01,8.819574e-01,9.006997e-01,8.860835e-01,8.826021e-01
1.198000e-02,6.227786e+00,6.198662e+00,1.348827e+00,7.462810e-01,5.600754e-01,4.398251e-01,3.594354e-01,3.014147e-01,6.881554e-01,7.938018e-01,8.398539e-01,8.663449e-01,8.819567e-01,9.006990e-01,8.860829e-01,8.826014e-01
1.198500e-02,6.227791e+00,6.198666e+00,1.348845e+00,7.462810e-01,5.600754e-01,4.398251e-01,3.594354e-01,3.014147e-01,6.881541e-01,7.938011e-01,8.398532e-01,8.663442e-01,8.819560e-01,9.006982e-01,8.860822e-01,8.826007e-01
1.199000e-02,6.227796e+00,6.198670e+00,1.348862e+00,7.462810e-01,5.600754e-01,4.398251e-01,3.594354e-01,3.014147e-01,6.881528e-01,7.938004e-01,8.398525e-01,8.663435e-01,8.819553e-01,9.006975e-01,8.860816e-01,8.826000e-01
1.199500e-02,6.227801e+00,6.198674e+00,1.348880e+00,7.462810e-01,5.600754e-01,4.398251e-01,3.594354e-01,3.014147e-01,6.881515e-01,7.937996e-01,8.398518e-01,8.663428e-01,8.819546e-01,9.006967e-01,8.860810e-01,8.825992e-01
1.200000e-02,6.227807e+00,6.198678e+00,1.348898e+00,7.462810e-01,5.600754e-01,4.398251e-01,3.594354e-01,3.014147e-01,6.881502e-01,7.937989e-01,8.398511e-01,8.663422e-01,8.819540e-01,9.006959e-01,8.860804e-01,8.825985e-01
1.200500e-02,6.227812e+00,6.198682e+00,1.348915e+00,7.462810e-01,5.600754e-01,4.398251e-01,3.594354e-01,3.014147e-01,6.881489e-01,7.937982e-01,8.398504e-01,8.663415e-01,8.819533e-01,9.006952e-01,8.860797e-01,8.825978e-01
1.201000e-02,6.227817e+00,6.198686e+00,1.348933e+00,7.462810e-01,5.600754e-01,4.398251e-01,3.594354e-01,3.014147e-01,6.881475e-01,7.937974e-01,8.398496e-01,8.663408e-01,8.819526e-01,9.006944e-01,8.860791e-01,8.825971e-01
1.201500e-02,6.227823e+00,6.198689e+00,1.348951e+00,7.462810e-01,5.600754e-01,4.398251e-01,3.594354e-01,3.014147e-01,6.881462e-01,7.937967e-01,8.398489e-01,8.663401e-01,8.819519e-01,9.006937e-01,8.860785e-01,8.825964e-01
1.202000e-02,6.227828e+00,6.198693e+00,1.348969e+00,7.462810e-01,5.600754e-01,4.398251e-01,3.594354e-01,3.014147e-01,6.881449e-01,7.937960e-01,8.398482e-01,8.663394e-01,8.819512e-01,9.006929e-01,8.860778e-01,8.825956e-01
1.202500e-02,6.227833e+00,6.198697e+00,1.348987e+00,7.462810e-01,5.600754e-01,4.398251e-01,3.594354e-01,3.014147e-01,6.881435e-01,7.937952e-01,8.398474e-01,8.663387e-01,8.819505e-01,9.006921e-01,8.860772e-01,8.825949e-01
1.203000e-02,6.227839e+00,6.198701e+00,1.349005e+00,7.462810e-01,5.600754e-01,4.398251e-01,3.594354e-01,3.014147e-01,6.881421e-01,7.937944e-01,8.398467e-01,8.663379e-01,8.819498e-01,9.006914e-01,8.860765e-01,8.825942e-01
1.203500e-02,6.227844e+00,6.198705e+00,1.349023e+00,7.462810e-01,5.600754e-01,4.398251e-01,3.594354e-01,3.014147e-01,6.881408e-01,7.937937e-01,8.398460e-01,8.663372e-01,8.819491e-01,9.006906e-01,8.860759e-01,8.825935e-01
1.204000e-02,6.227850e+00,6.198710e+00,1.349042e+00,7.462810e-01,5.600754e-01,4.398251e-01,3.594354e-01,3.014147e-01,6.881394e-01,7.937929e-01,8.398452e-01,8.663365e-01,8.819485e-01,9.006899e-01,8.860753e-01,8.825927e-01
1.204500e-02,6.227855e+00,6.198714e+00,1.349060e+00,7.462810e-01,5.600754e-01,4.398251e-01,3.594354e-01,3.014147e-01,6.881380e-01,7.937921e-01,8.398445e-01,8.663358e-01,8.819478e-01,9.006891e-01,8.860746e-01,8.825920e-01
1.205000e-02,6.227861e+00,6.198718e+00,1.349078e+00,7.462810e-01,5.600754e-01,4.398251e-01,3.594354e-01,3.014147e-01,6.881366e-01,7.937914e-01,8.398437e-01,8.663351e-01,8.819471e-01,9.006884e-01,8.860740e-01,8.825913e-01
1.205500e-02,6.227866e+00,6.198722e+00,1.349097e+00,7.462810e-01,5.600754e-01,4.398251e-01,3.594354e-01,3.014147e-01,6.881352e-01,7.937906e-01,8.398429e-01,8.663344e-01,8.819464e-01,9.006876e-01,8.860733e-01,8.825906e-01
1.206000e-02,6.227872e+00,6.198726e+00,1.349115e+00,7.462810e-01,5.600754e-01,4.398251e-01,3.594354e-01,3.014147e-01,6.881338e-01,7.937898e-01,8.398422e-01,8.663336e-01,8.819457e-01,9.006868e-01,8.860727e-01,8.825899e-01
1.206500e-02,6.227877e+00,6.198730e+00,1.349135e+00,7.462810e-01,5.600754e-01,4.398251e-01,3.594354e-01,3.014147e-01,6.881323e-01,7.937890e-01,8.398414e-01,8.663329e-01,8.819450e-01,9.006861e-01,8.860721e-01,8.825891e-01
1.207000e-02,6.227883e+00,6.198734e+00,1.349154e+00,7.462810e-01,5.600754e-01,4.398251e-01,3.594354e-01,3.014147e-01,6.881309e-01,7.937882e-01,8.398406e-01,8.663322e-01,8.819443e-01,9.006853e-01,8.860714e-01,8.825884e-01
1.207500e-02,6.227889e+00,6.198738e+00,1.349174e+00,7.462810e-01,5.600754e-01,4.398251e-01,3.594354e-01,3.014147e-01,6.881295e-01,7.937874e-01,8.398399e-01,8.663315e-01,8.819436e-01,9.006846e-01,8.860708e-01,8.825877e-01
1.208000e-02,6.227894e+00,6.198743e+00,1.349193e+00,7.462810e-01,5.600754e-01,4.398251e-01,3.594354e-01,3.014147e-01,6.881280e-01,7.937866e-01,8.398391e-01,8.663307e-01,8.819429e-01,9.006838e-01,8.860702e-01,8.825870e-01
1.208500e-02,6.227900e+00,6.198747e+00,1.349212e+00,7.462810e-01,5.600754e-01,4.398251e-01,3.594354e-01,3.014147e-01,6.881266e-01,7.937858e-01,8.398383e-01,8.663300e-01,8.819422e-01,9.006831e-01,8.860695e-01,8.825863e-01
1.209000e-02,6.227906e+00,6.198751e+00,1.349232e+00,7.462810e-01,5.600754e-01,4.398251e-01,3.594354e-01,3.014147e-01,6.881251e-01,7.937850e-01,8.398375e-01,8.663293e-01,8.819415e-01,9.006823e-01,8.860689e-01,8.825856e-01
1.209500e-02,6.227911e+00,6.198755e+00,1.349251e+00,7.462810e-01,5.600754e-01,4.398251e-01,3.594354e-01,3.014147e-01,6.881236e-01,7.937841e-01,8.398367e-01,8.663285e-01,8.819408e-01,9.006816e-01,8.860683e-01,8.825849e-01
1.210000e-02,6.227917e+00,6.198760e+00,1.349271e+00,7.462810e-01,5.600754e-01,4.398251e-01,3.594354e-01,3.014147e-01,6.881220e-01,7.937834e-01,8.398359e-01,8.663278e-01,8.819401e-01,9.006808e-01,8.860676e-01,8.825842e-01
1.210500e-02,6.227923e+00,6.198764e+00,1.349290e+00,7.462810e-01,5.600754e-01,4.398251e-01,3.594354e-01,3.014147e-01,6.881205e-01,7.937825e-01,8.398351e-01,8.663271e-01,8.819394e-01,9.006801e-01,8.860670e-01,8.825835e-01
1.211000e-02,6.227929e+00,6.198768e+00,1.349310e+00,7.462810e-01,5.600754e-01,4.398251e-01,3.594354e-01,3.014147e-01,6.881190e-01,7.937817e-01,8.398343e-01,8.663263e-01,8.819387e-01,9.006793e-01,8.860664e-01,8.825828e-01
1.211500e-02,6.227935e+00,6.198773e+00,1.349330e+00,7.462810e-01,5.600754e-01,4.398251e-01,3.594354e-01,3.014147e-01,6.881175e-01,7.937809e-01,8.398335e-01,8.663256e-01,8.819380e-01,9.006786e-01,8.860658e-01,8.825821e-01
1.212000e-02,6.227941e+00,6.198777e+00,1.349350e+00,7.462810e-01,5.600754e-01,4.398251e-01,3.594354e-01,3.014147e-01,6.881159e-01,7.937800e-01,8.398327e-01,8.663248e-01,8.819373e-01,9.006779e-01,8.860652e-01,8.825814e-01
1.212500e-02,6.227947e+00,6.198781e+00,1.349371e+00,7.462810e-01,5.600754e-01,4.398251e-01,3.594354e-01,3.014147e-01,6.881144e-01,7.937792e-01,8.398319e-01,8.663241e-01,8.819366e-01,9.006771e-01,8.860646e-01,8.825807e-01
1.213000e-02,6.227953e+00,6.198786e+00,1.349391e+00,7.462810e-01,5.600754e-01,4.398251e-01,3.594354e-01,3.014147e-01,6.881128e-01,7.937784e-01,8.398311e-01,8.663233e-01,8.819359e-01,9.006764e-01,8.860640e-01,8.825801e-01
1.213500e-02,6.227959e+00,6.198790e+00,1.349411e+00,7.462810e-01,5.600754e-01,4.398251e-01,3.594354e-01,3.014147e-01,6.881112e-01,7.937775e-01,8.398303e-01,8.663226e-01,8.819352e-01,9.006757e-01,8.860634e-01,8.825794e-01
1.214000e-02,6.227965e+00,6.198795e+00,1.349432e+00,7.462810e-01,5.600754e-01,4.398251e-01,3.594354e-01,3.014147e-01,6.881096e-01,7.937766e-01,8.398295e-01,8.663218e-01,8.819346e-01,9.006750e-01,8.860628e-01,8.825787e-01
1.214500e-02,6.227971e+00,6.198799e+00,1.349453e+00,7.462810e-01,5.600754e-01,4.398251e-01,3.594354e-01,3.014147e-01,6.881080e-01,7.937758e-01,8.398287e-01,8.663211e-01,8.819339e-01,9.006742e-01,8.860622e-01,8.825781e-01
1.215000e-02,6.227977e+00,6.198804e+00,1.349473e+00,7.462810e-01,5.600754e-01,4.398251e-01,3.594354e-01,3.014147e-01,6.881065e-01,7.937749e-01,8.398279e-01,8.663204e-01,8.819332e-01,9.006735e-01,8.860617e-01,8.825774e-01
1.215500e-02,6.227983e+00,6.198808e+00,1.349494e+00,7.462810e-01,5.600754e-01,4.398251e-01,3.594354e-01,3.014147e-01,6.881048e-01,7.937741e-01,8.398271e-01,8.663197e-01,8.819325e-01,9.006728e-01,8.860611e-01,8.825768e-01
1.216000e-02,6.227989e+00,6.198813e+00,1.349516e+00,7.462810e-01,5.600754e-01,4.398251e-01,3.594354e-01,3.014147e-01,6.881032e-01,7.937732e-01,8.398262e-01,8.663189e-01,8.819318e-01,9.006721e-01,8.860605e-01,8.825761e-01
1.216500e-02,6.227996e+00,6.198818e+00,1.349537e+00,7.462810e-01,5.600754e-01,4.398251e-01,3.594354e-01,3.014147e-01,6.881016e-01,7.937723e-01,8.398254e-01,8.663182e-01,8.819311e-01,9.006714e-01,8.860600e-01,8.825755e-01
1.217000e-02,6.228002e+00,6.198822e+00,1.349558e+00,7.462810e-01,5.600754e-01,4.398251e-01,3.594354e-01,3.014147e-01,6.881000e-01,7.937715e-01,8.398246e-01,8.663174e-01,8.819304e-01,9.006706e-01,8.860594e-01,8.825748e-01
1.217500e-02,6.228008e+00,6.198827e+00,1.349580e+00,7.462810e-01,5.600754e-01,4.398251e-01,3.594354e-01,3.014147e-01,6.880983e-01,7.937706e-01,8.398238e-01,8.663167e-01,8.819297e-01,9.006699e-01,8.860588e-01,8.825742e-01
1.218000e-02,6.228015e+00,6.198832e+00,1.349603e+00,7.462810e-01,5.600754e-01,4.398251e-01,3.594354e-01,3.014147e-01,6.880967e-01,7.937697e-01,8.398230e-01,8.663159e-01,8.819290e-01,9.006692e-01,8.860583e-01,8.825736e-01
1.218500e-02,6.228021e+00,6.198836e+00,1.349626e+00,7.462810e-01,5.600754e-01,4.398251e-01,3.594354e-01,3.014147e-01,6.880950e-01,7.937689e-01,8.398221e-01,8.663152e-01,8.819284e-01,9.006685e-01,8.860577e-01,8.825730e-01
1.219000e-02,6.228027e+00,6.198841e+00,1.349648e+00,7.462810e-01,5.600754e-01,4.398251e-01,3.594354e-01,3.014147e-01,6.880934e-01,7.937680e-01,8.398213e-01,8.663145e-01,8.819277e-01,9.006678e-01,8.860571e-01,8.825723e-01
1.219500e-02,6.228034e+00,6.198846e+00,1.349671e+00,7.462810e-01,5.600754e-01,4.398251e-01,3.594354e-01,3.014147e-01,6.880918e-01,7.937671e-01,8.398205e-01,8.663137e-01,8.819270e-01,9.006671e-01,8.860566e-01,8.825717e-01
1.220000e-02,6.228040e+00,6.198851e+00,1.349695e+00,7.462810e-01,5.600754e-01,4.398251e-01,3.594354e-01,3.014147e-01,6.880901e-01,7.937662e-01,8.398197e-01,8.663130e-01,8.819263e-01,9.006664e-01,8.860560e-01,8.825711e-01
1.220500e-02,6.228047e+00,6.198856e+00,1.349718e+00,7.462810e-01,5.600754e-01,4.398251e-01,3.594354e-01,3.014147e-01,6.880885e-01,7.937653e-01,8.398188e-01,8.663122e-01,8.819256e-01,9.006657e-01,8.860555e-01,8.825705e-01
1.221000e-02,6.228054e+00,6.198861e+00,1.349742e+00,7.462810e-01,5.600754e-01,4.398251e-01,3.594354e-01,3.014147e-01,6.880869e-01,7.937645e-01,8.398180e-01,8.663115e-01,8.819249e-01,9.006650e-01,8.860550e-01,8.825699e-01
1.221500e-02,6.228060e+00,6.198866e+00,1.349765e+00,7.462810e-01,5.600754e-01,4.398251e-01,3.594354e-01,3.014147e-01,6.880852e-01,7.937636e-01,8.398172e-01,8.663108e-01,8.819243e-01,9.006644e-01,8.860544e-01,8.825693e-01
1.222000e-02,6.228067e+00,6.198871e+00,1.349789e+00,7.462810e-01,5.600754e-01,4.398251e-01,3.594354e-01,3.014147e-01,6.880836e-01,7.937627e-01,8.398164e-01,8.663100e-01,8.819236e-01,9.006637e-01,8.860539e-01,8.825687e-01
1.222500e-02,6.228074e+00,6.198876e+00,1.349813e+00,7.462810e-01,5.600754e-01,4.398251e-01,3.594354e-01,3.014147e-01,6.880819e-01,7.937618e-01,8.398155e-01,8.663093e-01,8.819229e-01,9.006630e-01,8.860534e-01,8.825681e-01
1.223000e-02,6.228080e+00,6.198881e+00,1.349838e+00,7.462810e-01,5.600754e-01,4.398251e-01,3.594354e-01,3.014147e-01,6.880803e-01,7.937610e-01,8.398147e-01,8.663086e-01,8.819222e-01,9.006623e-01,8.860528e-01,8.825676e-01
1.223500e-02,6.228087e+00,6.198886e+00,1.349862e+00,7.462810e-01,5.600754e-01,4.398251e-01,3.594354e-01,3.014147e-01,6.880786e-01,7.937601e-01,8.398139e-01,8.663078e-01,8.819216e-01,9.006616e-01,8.860523e-01,8.825670e-01
1.224000e-02,6.228094e+00,6.198891e+00,1.349887e+00,7.462810e-01,5.600754e-01,4.398251e-01,3.594354e-01,3.014147e-01,6.880769e-01,7.937592e-01,8.398131e-01,8.663071e-01,8.819209e-01,9.006609e-01,8.860518e-01,8.825664e-01
1.224500e-02,6.228101e+00,6.198896e+00,1.349912e+00,7.462810e-01,5.600754e-01,4.398251e-01,3.594354e-01,3.014147e-01,6.880753e-01,7.937584e-01,8.398123e-01,8.663064e-01,8.819202e-01,9.006603e-01,8.860513e-01,8.825658e-01
1.225000e-02,6.228108e+00,6.198901e+00,1.349937e+00,7.462810e-01,5.600754e-01,4.398251e-01,3.594354e-01,3.014147e-01,6.880736e-01,7.937575e-01,8.398115e-01,8.663056e-01,8.819196e-01,9.006596e-01,8.860507e-01,8.825653e-01
1.225500e-02,6.228115e+00,6.198906e+00,1.349962e+00,7.462810e-01,5.600754e-01,4.398251e-01,3.594354e-01,3.014147e-01,6.880719e-01,7.937566e-01,8.398106e-01,8.663049e-01,8.819189e-01,9.006590e-01,8.860502e-01,8.825647e-01
1.226000e-02,6.228122e+00,6.198912e+00,1.349987e+00,7.462810e-01,5.600754e-01,4.398251e-01,3.594354e-01,3.014147e-01,6.880702e-01,7.937558e-01,8.398098e-01,8.663042e-01,8.819183e-01,9.006583e-01,8.860497e-01,8.825642e-01
1.226500e-02,6.228129e+00,6.198917e+00,1.350012e+00,7.462810e-01,5.600754e-01,4.398251e-01,3.594354e-01,3.014147e-01,6.880686e-01,7.937549e-01,8.398090e-01,8.663034e-01,8.819176e-01,9.006576e-01,8.860492e-01,8.825636e-01
1.227000e-02,6.228136e+00,6.198922e+00,1.350038e+00,7.462810e-01,5.600754e-01,4.398251e-01,3.594354e-01,3.014147e-01,6.880669e-01,7.937541e-01,8.398082e-01,8.663027e-01,8.819169e-01,9.006570e-01,8.860487e-01,8.825631e-01
1.227500e-02,6.228143e+00,6.198927e+00,1.350063e+00,7.462810e-01,5.600754e-01,4.398251e-01,3.594354e-01,3.014147e-01,6.880652e-01,7.937532e-01,8.398074e-01,8.663020e-01,8.819163e-01,9.006564e-01,8.860482e-01,8.825626e-01
1.228000e-02,6.228150e+00,6.198933e+00,1.350089e+00,7.462810e-01,5.600754e-01,4.398251e-01,3.594354e-01,3.014147e-01,6.880635e-01,7.937524e-01,8.398066e-01,8.663013e-01,8.819156e-01,9.006557e-01,8.860477e-01,8.825620e-01
1.228500e-02,6.228157e+00,6.198938e+00,1.350115e+00,7.462810e-01,5.600754e-01,4.398251e-01,3.594354e-01,3.014147e-01,6.880618e-01,7.937515e-01,8.398058e-01,8.663006e-01,8.819150e-01,9.006551e-01,8.860472e-01,8.825615e-01
1.229000e-02,6.228164e+00,6.198943e+00,1.350141e+00,7.462810e-01,5.600754e-01,4.398251e-01,3.594354e-01,3.014147e-01,6.880601e-01,7.937507e-01,8.398050e-01,8.662999e-01,8.819143e-01,9.006544e-01,8.860467e-01,8.825610e-01
1.229500e-02,6.228171e+00,6.198949e+00,1.350167e+00,7.462810e-01,5.600754e-01,4.398251e-01,3.594354e-01,3.014147e-01,6.880584e-01,7.937498e-01,8.398042e-01,8.662992e-01,8.819137e-01,9.006538e-01,8.860462e-01,8.825605e-01
1.230000e-02,6.228178e+00,6.198954e+00,1.350193e+00,7.462810e-01,5.600754e-01,4.398251e-01,3.594354e-01,3.014147e-01,6.880567e-01,7.937490e-01,8.398034e-01,8.662985e-01,8.819131e-01,9.006531e-01,8.860457e-01,8.825599e-01
1.230500e-02,6.228185e+00,6.198959e+00,1.350219e+00,7.462810e-01,5.600754e-01,4.398251e-01,3.594354e-01,3.014147e-01,6.880550e-01,7.937482e-01,8.398026e-01,8.662978e-01,8.819124e-01,9.006525e-01,8.860452e-01,8.825594e-01
1.231000e-02,6.228192e+00,6.198965e+00,1.350246e+00,7.462810e-01,5.600754e-01,4.398251e-01,3.594354e-01,3.014147e-01,6.880533e-01,7.937473e-01,8.398018e-01,8.662971e-01,8.819118e-01,9.006519e-01,8.860447e-01,8.825589e-01
1.231500e-02,6.228200e+00,6.198970e+00,1.350272e+00,7.462810e-01,5.600754e-01,4.398251e-01,3.594354e-01,3.014147e-01,6.880516e-01,7.937465e-01,8.398011e-01,8.662964e-01,8.819112e-01,9.006513e-01,8.860443e-01,8.825584e-01
1.232000e-02,6.228207e+00,6.198975e+00,1.350299e+00,7.462810e-01,5.600754e-01,4.398251e-01,3.594354e-01,3.014147e-01,6.880499e-01,7.937456e-01,8.398003e-01,8.662957e-01,8.819105e-01,9.006507e-01,8.860438e-01,8.825579e-01
1.232500e-02,6.228214e+00,6.198981e+00,1.350325e+00,7.462810e-01,5.600754e-01,4.398251e-01,3.594354e-01,3.014147e-01,6.880482e-01,7.937448e-01,8.397995e-01,8.662950e-01,8.819099e-01,9.006501e-01,8.860433e-01,8.825574e-01
1.233000e-02,6.228221e+00,6.198986e+00,1.350352e+00,7.462810e-01,5.600754e-01,4.398251e-01,3.594354e-01,3.014147e-01,6.880465e-01,7.937440e-01,8.397987e-01,8.662943e-01,8.819093e-01,9.006495e-01,8.860429e-01,8.825569e-01
1.233500e-02,6.228229e+00,6.198992e+00,1.350379e+00,7.462810e-01,5.600754e-01,4.398251e-01,3.594354e-01,3.014147e-01,6.880448e-01,7.937431e-01,8.397980e-01,8.662937e-01,8.819087e-01,9.006489e-01,8.860424e-01,8.825565e-01
1.234000e-02,6.228236e+00,6.198997e+00,1.350406e+00,7.462810e-01,5.600754e-01,4.398251e-01,3.594354e-01,3.014147e-01,6.880431e-01,7.937423e-01,8.397972e-01,8.662930e-01,8.819081e-01,9.006483e-01,8.860420e-01,8.825560e-01
1.234500e-02,6.228243e+00,6.199003e+00,1.350433e+00,7.462810e-01,5.600754e-01,4.398251e-01,3.594354e-01,3.014147e-01,6.880414e-01,7.937415e-01,8.397964e-01,8.662923e-01,8.819075e-01,9.006477e-01,8.860415e-01,8.825555e-01
1.235000e-02,6.228250e+00,6.199008e+00,1.350460e+00,7.462810e-01,5.600754e-01,4.398251e-01,3.594354e-01,3.014147e-01,6.880397e-01,7.937407e-01,8.397957e-01,8.662917e-01,8.819069e-01,9.006472e-01,8.860411e-01,8.825550e-01
1.235500e-02,6.228258e+00,6.199014e+00,1.350487e+00,7.462810e-01,5.600754e-01,4.398251e-01,3.594354e-01,3.014147e-01,6.880380e-01,7.937399e-01,8.397949e-01,8.662910e-01,8.819063e-01,9.006466e-01,8.860406e-01,8.825545e-01
1.236000e-02,6.228265e+00,6.199019e+00,1.350514e+00,7.462810e-01,5.600754e-01,4.398251e-01,3.594354e-01,3.014147e-01,6.880363e-01,7.937391e-01,8.397942e-01,8.662903e-01,8.819057e-01,9.006460e-01,8.860402e-01,8.825541e-01
1.236500e-02,6.228272e+00,6.199025e+00,1.350541e+00,7.462810e-01,5.600754e-01,4.398251e-01,3.594354e-01,3.014147e-01,6.880347e-01,7.937383e-01,8.397934e-01,8.662897e-01,8.819052e-01,9.006455e-01,8.860398e-01,8.825536e-01
1.237000e-02,6.228279e+00,6.199030e+00,1.350568e+00,7.462810e-01,5.600754e-01,4.398251e-01,3.594354e-01,3.014147e-01,6.880330e-01,7.937375e-01,8.397927e-01,8.662890e-01,8.819046e-01,9.006449e-01,8.860394e-01,8.825532e-01
1.237500e-02,6.228287e+00,6.199036e+00,1.350596e+00,7.462810e-01,5.600754e-01,4.398251e-01,3.594354e-01,3.014147e-01,6.880313e-01,7.937367e-01,8.397919e-01,8.662884e-01,8.819040e-01,9.006444e-01,8.860390e-01,8.825527e-01
1.238000e-02,6.228294e+00,6.199041e+00,1.350623e+00,7.462810e-01,5.600754e-01,4.398251e-01,3.594354e-01,3.014147e-01,6.880296e-01,7.937359e-01,8.397912e-01,8.662878e-01,8.819034e-01,9.006438e-01,8.860386e-01,8.825523e-01
1.238500e-02,6.228301e+00,6.199047e+00,1.350650e+00,7.462810e-01,5.600754e-01,4.398251e-01,3.594354e-01,3.014147e-01,6.880279e-01,7.937351e-01,8.397905e-01,8.662871e-01,8.819029e-01,9.006433e-01,8.860382e-01,8.825518e-01
1.239000e-02,6.228309e+00,6.199052e+00,1.350678e+00,7.462810e-01,5.600754e-01,4.398251e-01,3.594354e-01,3.014147e-01,6.880263e-01,7.937343e-01,8.397897e-01,8.662865e-01,8.819023e-01,9.006428e-01,8.860378e-01,8.825514e-01
1.239500e-02,6.228316e+00,6.199058e+00,1.350705e+00,7.462810e-01,5.600754e-01,4.398251e-01,3.594354e-01,3.014147e-01,6.880246e-01,7.937335e-01,8.397890e-01,8.662859e-01,8.819018e-01,9.006422e-01,8.860374e-01,8.825510e-01
1.240000e-02,6.228323e+00,6.199063e+00,1.350733e+00,7.462810e-01,5.600754e-01,4.398251e-01,3.594354e-01,3.014147e-01,6.880230e-01,7.937328e-01,8.397883e-01,8.662852e-01,8.819012e-01,9.006417e-01,8.860370e-01,8.825505e-01
1.240500e-02,6.228330e+00,6.199069e+00,1.350760e+00,7.462810e-01,5.600754e-01,4.398251e-01,3.594354e-01,3.014147e-01,6.880213e-01,7.937320e-01,8.397876e-01,8.662846e-01,8.819007e-01,9.006412e-01,8.860366e-01,8.825501e-01
1.241000e-02,6.228338e+00,6.199074e+00,1.350787e+00,7.462810e-01,5.600754e-01,4.398251e-01,3.594354e-01,3.014147e-01,6.880197e-01,7.937312e-01,8.397869e-01,8.662840e-01,8.819001e-01,9.006407e-01,8.860362e-01,8.825497e-01
1.241500e-02,6.228345e+00,6.199080e+00,1.350815e+00,7.462810e-01,5.600754e-01,4.398251e-01,3.594354e-01,3.014147e-01,6.880180e-01,7.937304e-01,8.397862e-01,8.662834e-01,8.818996e-01,9.006402e-01,8.860359e-01,8.825493e-01
1.242000e-02,6.228352e+00,6.199085e+00,1.350842e+00,7.462810e-01,5.600754e-01,4.398251e-01,3.594354e-01,3.014146e-01,6.880164e-01,7.937297e-01,8.397855e-01,8.662828e-01,8.818991e-01,9.006397e-01,8.860355e-01,8.825489e-01
1.242500e-02,6.228359e+00,6.199091e+00,1.350870e+00,7.462810e-01,5.600754e-01,4.398251e-01,3.594354e-01,3.014146e-01,6.880148e-01,7.937289e-01,8.397848e-01,8.662822e-01,8.818985e-01,9.006392e-01,8.860351e-01,8.825485e-01
1.243000e-02,6.228367e+00,6.199096e+00,1.350897e+00,7.462810e-01,5.600754e-01,4.398251e-01,3.594354e-01,3.014146e-01,6.880131e-01,7.937282e-01,8.397841e-01,8.662816e-01,8.818980e-01,9.006387e-01,8.860348e-01,8.825481e-01
1.243500e-02,6.228374e+00,6.199101e+00,1.350924e+00,7.462810e-01,5.600754e-01,4.398251e-01,3.594354e-01,3.014146e-01,6.880115e-01,7.937274e-01,8.397834e-01,8.662810e-01,8.818975e-01,9.006382e-01,8.860344e-01,8.825477e-01
1.244000e-02,6.228381e+00,6.199107e+00,1.350951e+00,7.462810e-01,5.600754e-01,4.398251e-01,3.594354e-01,3.014146e-01,6.880099e-01,7.937267e-01,8.397827e-01,8.662805e-01,8.818970e-01,9.006377e-01,8.860341e-01,8.825473e-01
1.244500e-02,6.228388e+00,6.199112e+00,1.350979e+00,7.462810e-01,5.600754e-01,4.398251e-01,3.594354e-01,3.014146e-01,6.880083e-01,7.937260e-01,8.397820e-01,8.662799e-01,8.818965e-01,9.006373e-01,8.860337e-01,8.825469e-01
1.245000e-02,6.228395e+00,6.199118e+00,1.351006e+00,7.462810e-01,5.600754e-01,4.398251e-01,3.594354e-01,3.014146e-01,6.880067e-01,7.937252e-01,8.397814e-01,8.662793e-01,8.818960e-01,9.006368e-01,8.860334e-01,8.825465e-01
1.245500e-02,6.228403e+00,6.199123e+00,1.351033e+00,7.462810e-01,5.600754e-01,4.398251e-01,3.594354e-01,3.014146e-01,6.880052e-01,7.937245e-01,8.397807e-01,8.662787e-01,8.818955e-01,9.006363e-01,8.860331e-01,8.825462e-01
1.246000e-02,6.228410e+00,6.199128e+00,1.351060e+00,7.462810e-01,5.600754e-01,4.398251e-01,3.594354e-01,3.014146e-01,6.880036e-01,7.937238e-01,8.397800e-01,8.662782e-01,8.818950e-01,9.006359e-01,8.860328e-01,8.825458e-01
1.246500e-02,6.228417e+00,6.199134e+00,1.351087e+00,7.462810e-01,5.600754e-01,4.398251e-01,3.594354e-01,3.014146e-01,6.880020e-01,7.937231e-01,8.397794e-01,8.662776e-01,8.818945e-01,9.006354e-01,8.860324e-01,8.825454e-01
1.247000e-02,6.228424e+00,6.199139e+00,1.351114e+00,7.462810e-01,5.600754e-01,4.398251e-01,3.594354e-01,3.014146e-01,6.880005e-01,7.937224e-01,8.397787e-01,8.662770e-01,8.818940e-01,9.006350e-01,8.860321e-01,8.825451e-01
1.247500e-02,6.228431e+00,6.199145e+00,1.351141e+00,7.462810e-01,5.600754e-01,4.398251e-01,3.594354e-01,3.014146e-01,6.879989e-01,7.937217e-01,8.397781e-01,8.662765e-01,8.818935e-01,9.006346e-01,8.860318e-01,8.825447e-01
1.248000e-02,6.228438e+00,6.199150e+00,1.351168e+00,7.462810e-01,5.600754e-01,4.398251e-01,3.594354e-01,3.014146e-01,6.879974e-01,7.937210e-01,8.397774e-01,8.662759e-01,8.818931e-01,9.006341e-01,8.860315e-01,8.825444e-01
1.248500e-02,6.228445e+00,6.199155e+00,1.351195e+00,7.462810e-01,5.600754e-01,4.398251e-01,3.594354e-01,3.014146e-01,6.879959e-01,7.937203e-01,8.397768e-01,8.662754e-01,8.818926e-01,9.006337e-01,8.860312e-01,8.825441e-01
1.249000e-02,6.228452e+00,6.199160e+00,1.351221e+00,7.462810e-01,5.600754e-01,4.398251e-01,3.594354e-01,3.014146e-01,6.879943e-01,7.937196e-01,8.397762e-01,8.662749e-01,8.818921e-01,9.006333e-01,8.860309e-01,8.825437e-01
1.249500e-02,6.228459e+00,6.199166e+00,1.351248e+00,7.462810e-01,5.600754e-01,4.398251e-01,3.594354e-01,3.014146e-01,6.879928e-01,7.937189e-01,8.397755e-01,8.662743e-01,8.818917e-01,9.006328e-01,8.860306e-01,8.825434e-01
1.250000e-02,6.228466e+00,6.199171e+00,1.351275e+00,7.462810e-01,5.600754e-01,4.398251e-01,3.594354e-01,3.014146e-01,6.879913e-01,7.937183e-01,8.397749e-01,8.662738e-01,8.818912e-01,9.006324e-01,8.860303e-01,8.825431e-01
1.250500e-02,6.228472e+00,6.199176e+00,1.351301e+00,7.462810e-01,5.600754e-01,4.398251e-01,3.594354e-01,3.014146e-01,6.879899e-01,7.937176e-01,8.397743e-01,8.662733e-01,8.818908e-01,9.006320e-01,8.860300e-01,8.825427e-01
1.251000e-02,6.228479e+00,6.199181e+00,1.351327e+00,7.462810e-01,5.600754e-01,4.398251e-01,3.594354e-01,3.014146e-01,6.879884e-01,7.937169e-01,8.397737e-01,8.662728e-01,8.818903e-01,9.006316e-01,8.860297e-01,8.825424e-01
1.251500e-02,6.228486e+00,6.199187e+00,1.351354e+00,7.462810e-01,5.600754e-01,4.398251e-01,3.594354e-01,3.014146e-01,6.879869e-01,7.937163e-01,8.397731e-01,8.662723e-01,8.818899e-01,9.006312e-01,8.860294e-01,8.825421e-01
1.252000e-02,6.228493e+00,6.199192e+00,1.351380e+00,7.462810e-01,5.600754e-01,4.398251e-01,3.594354e-01,3.014146e-01,6.879855e-01,7.937156e-01,8.397725e-01,8.662718e-01,8.818895e-01,9.006308e-01,8.860291e-01,8.825418e-01
1.252500e-02,6.228500e+00,6.199197e+00,1.351406e+00,7.462810e-01,5.600754e-01,4.398251e-01,3.594354e-01,3.014146e-01,6.879840e-01,7.937150e-01,8.397719e-01,8.662713e-01,8.818890e-01,9.006304e-01,8.860289e-01,8.825415e-01
1.253000e-02,6.228506e+00,6.199202e+00,1.351432e+00,7.462810e-01,5.600754e-01,4.398251e-01,3.594354e-01,3.014146e-01,6.879826e-01,7.937144e-01,8.397713e-01,8.662708e-01,8.818886e-01,9.006300e-01,8.860286e-01,8.825412e-01
1.253500e-02,6.228513e+00,6.199207e+00,1.351457e+00,7.462810e-01,5.600754e-01,4.398251e-01,3.594354e-01,3.014146e-01,6.879812e-01,7.937137e-01,8.397708e-01,8.662703e-01,8.818882e-01,9.006297e-01,8.860283e-01,8.825409e-01
1.254000e-02,6.228519e+00,6.199212e+00,1.351483e+00,7.462810e-01,5.600754e-01,4.398251e-01,3.594354e-01,3.014146e-01,6.879798e-01,7.937131e-01,8.397702e-01,8.662698e-01,8.818878e-01,9.006293e-01,8.860280e-01,8.825406e-01
1.254500e-02,6.228526e+00,6.199217e+00,1.351508e+00,7.462810e-01,5.600754e-01,4.398251e-01,3.594354e-01,3.014146e-01,6.879784e-01,7.937125e-01,8.397696e-01,8.662693e-01,8.818874e-01,9.006289e-01,8.860278e-01,8.825403e-01
1.255000e-02,6.228533e+00,6.199222e+00,1.351534e+00,7.462810e-01,5.600754e-01,4.398251e-01,3.594354e-01,3.014146e-01,6.879770e-01,7.937119e-01,8.397691e-01,8.662689e-01,8.818870e-01,9.006285e-01,8.860275e-01,8.825400e-01
1.255500e-02,6.228539e+00,6.199227e+00,1.351559e+00,7.462810e-01,5.600754e-01,4.398251e-01,3.594354e-01,3.014146e-01,6.879757e-01,7.937113e-01,8.397685e-01,8.662684e-01,8.818866e-01,9.006282e-01,8.860272e-01,8.825397e-01
1.256000e-02,6.228545e+00,6.199232e+00,1.351581e+00,7.462810e-01,5.600754e-01,4.398251e-01,3.594354e-01,3.014146e-01,6.879743e-01,7.937107e-01,8.397680e-01,8.662679e-01,8.818862e-01,9.006278e-01,8.860270e-01,8.825395e-01
1.256500e-02,6.228552e+00,6.199236e+00,1.351598e+00,7.462810e-01,5.600754e-01,4.398251e-01,3.594354e-01,3.014146e-01,6.879730e-01,7.937101e-01,8.397674e-01,8.662675e-01,8.818858e-01,9.006275e-01,8.860267e-01,8.825392e-01
1.257000e-02,6.228558e+00,6.199241e+00,1.351613e+00,7.462810e-01,5.600754e-01,4.398251e-01,3.594354e-01,3.014146e-01,6.879716e-01,7.937096e-01,8.397669e-01,8.662670e-01,8.818854e-01,9.006271e-01,8.860264e-01,8.825389e-01
1.257500e-02,6.228565e+00,6.199246e+00,1.351629e+00,7.462810e-01,5.600754e-01,4.398251e-01,3.594354e-01,3.014146e-01,6.879703e-01,7.937090e-01,8.397664e-01,8.662666e-01,8.818850e-01,9.006268e-01,8.860262e-01,8.825386e-01
1.258000e-02,6.228571e+00,6.199250e+00,1.351645e+00,7.462810e-01,5.600754e-01,4.398251e-01,3.594354e-01,3.014146e-01,6.879690e-01,7.937085e-01,8.397659e-01,8.662662e-01,8.818847e-01,9.006264e-01,8.860259e-01,8.825383e-01
1.258500e-02,6.228577e+00,6.199255e+00,1.351661e+00,7.462810e-01,5.600754e-01,4.398251e-01,3.594354e-01,3.014146e-01,6.879676e-01,7.937079e-01,8.397654e-01,8.662657e-01,8.818843e-01,9.006261e-01,8.860256e-01,8.825381e-01
1.259000e-02,6.228583e+00,6.199259e+00,1.351676e+00,7.462810e-01,5.600754e-01,4.398251e-01,3.594354e-01,3.014146e-01,6.879663e-01,7.937074e-01,8.397648e-01,8.662653e-01,8.818839e-01,9.006257e-01,8.860254e-01,8.825378e-01
1.259500e-02,6.228589e+00,6.199264e+00,1.351692e+00,7.462810e-01,5.600754e-01,4.398251e-01,3.594354e-01,3.014146e-01,6.879650e-01,7.937069e-01,8.397644e-01,8.662649e-01,8.818836e-01,9.006254e-01,8.860251e-01,8.825375e-01
1.260000e-02,6.228595e+00,6.199268e+00,1.351707e+00,7.462810e-01,5.600754e-01,4.398251e-01,3.594354e-01,3.014146e-01,6.879637e-01,7.937063e-01,8.397639e-01,8.662645e-01,8.818832e-01,9.006251e-01,8.860248e-01,8.825372e-01
1.260500e-02,6.228601e+00,6.199272e+00,1.351722e+00,7.462810e-01,5.600754e-01,4.398251e-01,3.594354e-01,3.014146e-01,6.879624e-01,7.937058e-01,8.397634e-01,8.662641e-01,8.818829e-01,9.006248e-01,8.860246e-01,8.825370e-01
1.261000e-02,6.228607e+00,6.199277e+00,1.351738e+00,7.462810e-01,5.600754e-01,4.398251e-01,3.594354e-01,3.014146e-01,6.879612e-01,7.937053e-01,8.397629e-01,8.662637e-01,8.818825e-01,9.006244e-01,8.860243e-01,8.825367e-01
1.261500e-02,6.228613e+00,6.199281e+00,1.351754e+00,7.462810e-01,5.600754e-01,4.398251e-01,3.594354e-01,3.014146e-01,6.879600e-01,7.937048e-01,8.397625e-01,8.662633e-01,8.818822e-01,9.006241e-01,8.860240e-01,8.825364e-01
1.262000e-02,6.228619e+00,6.199285e+00,1.351769e+00,7.462810e-01,5.600754e-01,4.398251e-01,3.594354e-01,3.014146e-01,6.879588e-01,7.937042e-01,8.397620e-01,8.662629e-01,8.818818e-01,9.006238e-01,8.860238e-01,8.825362e-01
1.262500e-02,6.228625e+00,6.199290e+00,1.351784e+00,7.462810e-01,5.600754e-01,4.398251e-01,3.594354e-01,3.014146e-01,6.879575e-01,7.937037e-01,8.397616e-01,8.662625e-01,8.818815e-01,9.006234e-01,8.860235e-01,8.825359e-01
1.263000e-02,6.228630e+00,6.199294e+00,1.351799e+00,7.462810e-01,5.600754e-01,4.398251e-01,3.594354e-01,3.014146e-01,6.879563e-01,7.937032e-01,8.397611e-01,8.662621e-01,8.818811e-01,9.006231e-01,8.860233e-01,8.825356e-01
1.263500e-02,6.228636e+00,6.199298e+00,1.351814e+00,7.462810e-01,5.600754e-01,4.398251e-01,3.594354e-01,3.014146e-01,6.879551e-01,7.937027e-01,8.397606e-01,8.662618e-01,8.818808e-01,9.006228e-01,8.860230e-01,8.825354e-01
1.264000e-02,6.228642e+00,6.199302e+00,1.351828e+00,7.462810e-01,5.600754e-01,4.398251e-01,3.594354e-01,3.014146e-01,6.879539e-01,7.937023e-01,8.397602e-01,8.662614e-01,8.818805e-01,9.006225e-01,8.860227e-01,8.825351e-01
1.264500e-02,6.228647e+00,6.199306e+00,1.351843e+00,7.462810e-01,5.600754e-01,4.398251e-01,3.594354e-01,3.014146e-01,6.879527e-01,7.937018e-01,8.397597e-01,8.662611e-01,8.818801e-01,9.006222e-01,8.860225e-01,8.825349e-01
1.265000e-02,6.228653e+00,6.199310e+00,1.351857e+00,7.462810e-01,5.600754e-01,4.398251e-01,3.594354e-01,3.014146e-01,6.879516e-01,7.937013e-01,8.397593e-01,8.662607e-01,8.818798e-01,9.006219e-01,8.860222e-01,8.825346e-01
1.265500e-02,6.228658e+00,6.199314e+00,1.351871e+00,7.462810e-01,5.600754e-01,4.398251e-01,3.594354e-01,3.014146e-01,6.879504e-01,7.937009e-01,8.397589e-01,8.662603e-01,8.818795e-01,9.006215e-01,8.860219e-01,8.825343e-01
1.266000e-02,6.228663e+00,6.199318e+00,1.351885e+00,7.462810e-01,5.600754e-01,4.398251e-01,3.594354e-01,3.014146e-01,6.879493e-01,7.937004e-01,8.397585e-01,8.662599e-01,8.818792e-01,9.006212e-01,8.860217e-01,8.825341e-01
1.266500e-02,6.228669e+00,6.199322e+00,1.351899e+00,7.462810e-01,5.600754e-01,4.398251e-01,3.594354e-01,3.014146e-01,6.879481e-01,7.937000e-01,8.397581e-01,8.662596e-01,8.818789e-01,9.006209e-01,8.860214e-01,8.825338e-01
1.267000e-02,6.228674e+00,6.199326e+00,1.351912e+00,7.462810e-01,5.600754e-01,4.398251e-01,3.594354e-01,3.014146e-01,6.879470e-01,7.936995e-01,8.397576e-01,8.662592e-01,8.818786e-01,9.006206e-01,8.860211e-01,8.825335e-01
1.267500e-02,6.228679e+00,6.199329e+00,1.351926e+00,7.462810e-01,5.600754e-01,4.398251e-01,3.594354e-01,3.014146e-01,6.879460e-01,7.936991e-01,8.397572e-01,8.662588e-01,8.818783e-01,9.006203e-01,8.860209e-01,8.825333e-01
1.268000e-02,6.228684e+00,6.199333e+00,1.351939e+00,7.462810e-01,5.600754e-01,4.398251e-01,3.594354e-01,3.014146e-01,6.879449e-01,7.936986e-01,8.397568e-01,8.662585e-01,8.818779e-01,9.006200e-01,8.860206e-01,8.825330e-01
1.268500e-02,6.228689e+00,6.199337e+00,1.351952e+00,7.462810e-01,5.600754e-01,4.398251e-01,3.594354e-01,3.014146e-01,6.879438e-01,7.936982e-01,8.397564e-01,8.662582e-01,8.818776e-01,9.006197e-01,8.860203e-01,8.825328e-01
1.269000e-02,6.228694e+00,6.199340e+00,1.351965e+00,7.462810e-01,5.600754e-01,4.398251e-01,3.594354e-01,3.014146e-01,6.879428e-01,7.936977e-01,8.397560e-01,8.662578e-01,8.818773e-01,9.006195e-01,8.860201e-01,8.825325e-01
1.269500e-02,6.228699e+00,6.199344e+00,1.351978e+00,7.462810e-01,5.600754e-01,4.398251e-01,3.594354e-01,3.014146e-01,6.879417e-01,7.936973e-01,8.397556e-01,8.662575e-01,8.818770e-01,9.006192e-01,8.860198e-01,8.825322e-01
1.270000e-02,6.228704e+00,6.199348e+00,1.351991e+00,7.462810e-01,5.600754e-01,4.398251e-01,3.594354e-01,3.014146e-01,6.879407e-01,7.936969e-01,8.397552e-01,8.662572e-01,8.818767e-01,9.006189e-01,8.860196e-01,8.825320e-01
1.270500e-02,6.228708e+00,6.199351e+00,1.352004e+00,7.462810e-01,5.600754e-01,4.398251e-01,3.594354e-01,3.014146e-01,6.879397e-01,7.936965e-01,8.397548e-01,8.662568e-01,8.818764e-01,9.006185e-01,8.860193e-01,8.825317e-01
1.271000e-02,6.228713e+00,6.199355e+00,1.352016e+00,7.462810e-01,5.600754e-01,4.398251e-01,3.594354e-01,3.014146e-01,6.879387e-01,7.936960e-01,8.397544e-01,8.662565e-01,8.818761e-01,9.006182e-01,8.860191e-01,8.825315e-01
1.271500e-02,6.228718e+00,6.199358e+00,1.352028e+00,7.462810e-01,5.600754e-01,4.398251e-01,3.594354e-01,3.014146e-01,6.879377e-01,7.936956e-01,8.397540e-01,8.662561e-01,8.818758e-01,9.006179e-01,8.860188e-01,8.825312e-01
1.272000e-02,6.228722e+00,6.199361e+00,1.352040e+00,7.462810e-01,5.600754e-01,4.398251e-01,3.594354e-01,3.014146e-01,6.879368e-01,7.936952e-01,8.397536e-01,8.662558e-01,8.818755e-01,9.006176e-01,8.860186e-01,8.825310e-01
1.272500e-02,6.228727e+00,6.199365e+00,1.352052e+00,7.462810e-01,5.600754e-01,4.398251e-01,3.594354e-01,3.014146e-01,6.879358e-01,7.936948e-01,8.397532e-01,8.662555e-01,8.818752e-01,9.006173e-01,8.860183e-01,8.825307e-01
1.273000e-02,6.228732e+00,6.199368e+00,1.352064e+00,7.462810e-01,5.600754e-01,4.398251e-01,3.594354e-01,3.014146e-01,6.879349e-01,7.936944e-01,8.397528e-01,8.662551e-01,8.818749e-01,9.006170e-01,8.860180e-01,8.825305e-01
1.273500e-02,6.228736e+00,6.199371e+00,1.352076e+00,7.462810e-01,5.600754e-01,4.398251e-01,3.594354e-01,3.014146e-01,6.879339e-01,7.936940e-01,8.397525e-01,8.662548e-01,8.818746e-01,9.006168e-01,8.860177e-01,8.825302e-01
1.274000e-02,6.228740e+00,6.199375e+00,1.352087e+00,7.462810e-01,5.600754e-01,4.398251e-01,3.594354e-01,3.014146e-01,6.879330e-01,7.936937e-01,8.397521e-01,8.662545e-01,8.818743e-01,9.006165e-01,8.860175e-01,8.825299e-01
1.274500e-02,6.228745e+00,6.199378e+00,1.352099e+00,7.462810e-01,5.600754e-01,4.398251e-01,3.594354e-01,3.014146e-01,6.879321e-01,7.936933e-01,8.397517e-01,8.662541e-01,8.818740e-01,9.006162e-01,8.860172e-01,8.825297e-01
1.275000e-02,6.228749e+00,6.199381e+00,1.352110e+00,7.462810e-01,5.600754e-01,4.398251e-01,3.594354e-01,3.014147e-01,6.879312e-01,7.936929e-01,8.397513e-01,8.662538e-01,8.818737e-01,9.006159e-01,8.860170e-01,8.825294e-01
1.275500e-02,6.228753e+00,6.199384e+00,1.352121e+00,7.462810e-01,5.600754e-01,4.398251e-01,3.594354e-01,3.014147e-01,6.879303e-01,7.936925e-01,8.397510e-01,8.662535e-01,8.818734e-01,9.006156e-01,8.860167e-01,8.825291e-01
1.276000e-02,6.228757e+00,6.199387e+00,1.352132e+00,7.462810e-01,5.600754e-01,4.398251e-01,3.594354e-01,3.014147e-01,6.879294e-01,7.936922e-01,8.397506e-01,8.662531e-01,8.818731e-01,9.006153e-01,8.860165e-01,8.825289e-01
1.276500e-02,6.228761e+00,6.199390e+00,1.352143e+00,7.462810e-01,5.600754e-01,4.398251e-01,3.594354e-01,3.014147e-01,6.879286e-01,7.936918e-01,8.397503e-01,8.662528e-01,8.818728e-01,9.006150e-01,8.860162e-01,8.825286e-01
1.277000e-02,6.228765e+00,6.199393e+00,1.352154e+00,7.462810e-01,5.600754e-01,4.398251e-01,3.594354e-01,3.014147e-01,6.879277e-01,7.936914e-01,8.397499e-01,8.662525e-01,8.818725e-01,9.006147e-01,8.860160e-01,8.825284e-01
1.277500e-02,6.228769e+00,6.199396e+00,1.352164e+00,7.462810e-01,5.600754e-01,4.398251e-01,3.594354e-01,3.014147e-01,6.879269e-01,7.936911e-01,8.397495e-01,8.662522e-01,8.818722e-01,9.006144e-01,8.860157e-01,8.825281e-01
1.278000e-02,6.228773e+00,6.199399e+00,1.352175e+00,7.462810e-01,5.600754e-01,4.398251e-01,3.594354e-01,3.014147e-01,6.879260e-01,7.936907e-01,8.397492e-01,8.662519e-01,8.818720e-01,9.006141e-01,8.860154e-01,8.825279e-01
1.278500e-02,6.228777e+00,6.199402e+00,1.352185e+00,7.462810e-01,5.600754e-01,4.398251e-01,3.594354e-01,3.014147e-01,6.879252e-01,7.936904e-01,8.397489e-01,8.662516e-01,8.818717e-01,9.006139e-01,8.860152e-01,8.825276e-01
1.279000e-02,6.228781e+00,6.199405e+00,1.352195e+00,7.462810e-01,5.600754e-01,4.398251e-01,3.594354e-01,3.014147e-01,6.879244e-01,7.936900e-01,8.397485e-01,8.662513e-01,8.818714e-01,9.006136e-01,8.860149e-01,8.825273e-01
1.279500e-02,6.228785e+00,6.199408e+00,1.352205e+00,7.462810e-01,5.600754e-01,4.398251e-01,3.594354e-01,3.014147e-01,6.879236e-01,7.936897e-01,8.397482e-01,8.662510e-01,8.818711e-01,9.006133e-01,8.860146e-01,8.825271e-01
1.280000e-02,6.228789e+00,6.199410e+00,1.352215e+00,7.462810e-01,5.600754e-01,4.398251e-01,3.594354e-01,3.014147e-01,6.879228e-01,7.936894e-01,8.397479e-01,8.662507e-01,8.818708e-01,9.006130e-01,8.860143e-01,8.825268e-01
1.280500e-02,6.228793e+00,6.199413e+00,1.352225e+00,7.462810e-01,5.600754e-01,4.398251e-01,3.594354e-01,3.014147e-01,6.879220e-01,7.936890e-01,8.397475e-01,8.662504e-01,8.818705e-01,9.006127e-01,8.860141e-01,8.825266e-01
1.281000e-02,6.228796e+00,6.199416e+00,1.352235e+00,7.462810e-01,5.600754e-01,4.398251e-01,3.594354e-01,3.014147e-01,6.879212e-01,7.936887e-01,8.397472e-01,8.662501e-01,8.818703e-01,9.006124e-01,8.860138e-01,8.825263e-01
1.281500e-02,6.228800e+00,6.199418e+00,1.352244e+00,7.462810e-01,5.600754e-01,4.398251e-01,3.594354e-01,3.014147e-01,6.879204e-01,7.936884e-01,8.397469e-01,8.662498e-01,8.818700e-01,9.006121e-01,8.860135e-01,8.825260e-01
1.282000e-02,6.228803e+00,6.199421e+00,1.352254e+00,7.462810e-01,5.600754e-01,4.398251e-01,3.594354e-01,3.014147e-01,6.879197e-01,7.936881e-01,8.397466e-01,8.662495e-01,8.818697e-01,9.006118e-01,8.860132e-01,8.825258e-01
1.282500e-02,6.228807e+00,6.199424e+00,1.352263e+00,7.462810e-01,5.600754e-01,4.398251e-01,3.594354e-01,3.014147e-01,6.879189e-01,7.936877e-01,8.397463e-01,8.662492e-01,8.818694e-01,9.006115e-01,8.860130e-01,8.825255e-01
1.283000e-02,6.228811e+00,6.199426e+00,1.352272e+00,7.462810e-01,5.600754e-01,4.398251e-01,3.594354e-01,3.014147e-01,6.879182e-01,7.936874e-01,8.397459e-01,8.662489e-01,8.818691e-01,9.006112e-01,8.860127e-01,8.825252e-01
1.283500e-02,6.228814e+00,6.199429e+00,1.352281e+00,7.462810e-01,5.600754e-01,4.398251e-01,3.594354e-01,3.014147e-01,6.879175e-01,7.936871e-01,8.397456e-01,8.662486e-01,8.818689e-01,9.006109e-01,8.860124e-01,8.825250e-01
1.284000e-02,6.228817e+00,6.199431e+00,1.352290e+00,7.462810e-01,5.600754e-01,4.398251e-01,3.594354e-01,3.014147e-01,6.879167e-01,7.936868e-01,8.397453e-01,8.662483e-01,8.818686e-01,9.006106e-01,8.860121e-01,8.825247e-01
1.284500e-02,6.228821e+00,6.199434e+00,1.352299e+00,7.462810e-01,5.600754e-01,4.398251e-01,3.594354e-01,3.014147e-01,6.879160e-01,7.936865e-01,8.397450e-01,8.662480e-01,8.818683e-01,9.006103e-01,8.860118e-01,8.825244e-01
1.285000e-02,6.228824e+00,6.199436e+00,1.352308e+00,7.462810e-01,5.600754e-01,4.398251e-01,3.594354e-01,3.014147e-01,6.879153e-01,7.936862e-01,8.397447e-01,8.662478e-01,8.818680e-01,9.006100e-01,8.860115e-01,8.825241e-01
1.285500e-02,6.228827e+00,6.199439e+00,1.352317e+00,7.462810e-01,5.600754e-01,4.398251e-01,3.594354e-01,3.014147e-01,6.879146e-01,7.936859e-01,8.397444e-01,8.662475e-01,8.818678e-01,9.006097e-01,8.860113e-01,8.825238e-01
1.286000e-02,6.228831e+00,6.199441e+00,1.352325e+00,7.462810e-01,5.600754e-01,4.398251e-01,3.594354e-01,3.014147e-01,6.879139e-01,7.936856e-01,8.397441e-01,8.662472e-01,8.818675e-01,9.006094e-01,8.860110e-01,8.825236e-01
1.286500e-02,6.228834e+00,6.199444e+00,1.352334e+00,7.462810e-01,5.600754e-01,4.398251e-01,3.594354e-01,3.014147e-01,6.879132e-01,7.936853e-01,8.397438e-01,8.662469e-01,8.818672e-01,9.006091e-01,8.860107e-01,8.825233e-01
1.287000e-02,6.228837e+00,6.199446e+00,1.352342e+00,7.462810e-01,5.600754e-01,4.398251e-01,3.594354e-01,3.014147e-01,6.879126e-01,7.936850e-01,8.397435e-01,8.662466e-01,8.818670e-01,9.006088e-01,8.860104e-01,8.825230e-01
1.287500e-02,6.228840e+00,6.199448e+00,1.352350e+00,7.462810e-01,5.600754e-01,4.398251e-01,3.594354e-01,3.014147e-01,6.879119e-01,7.936847e-01,8.397432e-01,8.662464e-01,8.818667e-01,9.006085e-01,8.860101e-01,8.825227e-01
1.288000e-02,6.228843e+00,6.199451e+00,1.352359e+00,7.462810e-01,5.600754e-01,4.398251e-01,3.594354e-01,3.014147e-01,6.879112e-01,7.936845e-01,8.397429e-01,8.662461e-01,8.818664e-01,9.006082e-01,8.860098e-01,8.825224e-01
1.288500e-02,6.228847e+00,6.199453e+00,1.352367e+00,7.462810e-01,5.600754e-01,4.398251e-01,3.594354e-01,3.014147e-01,6.879106e-01,7.936842e-01,8.397427e-01,8.662458e-01,8.818661e-01,9.006079e-01,8.860095e-01,8.825221e-01
1.289000e-02,6.228850e+00,6.199455e+00,1.352375e+00,7.462810e-01,5.600754e-01,4.398251e-01,3.594354e-01,3.014147e-01,6.879099e-01,7.936839e-01,8.397424e-01,8.662455e-01,8.818659e-01,9.006076e-01,8.860092e-01,8.825218e-01
1.289500e-02,6.228853e+00,6.199457e+00,1.352383e+00,7.462810e-01,5.600754e-01,4.398251e-01,3.594354e-01,3.014147e-01,6.879093e-01,7.936836e-01,8.397421e-01,8.662453e-01,8.818656e-01,9.006073e-01,8.860089e-01,8.825215e-01
1.290000e-02,6.228856e+00,6.199460e+00,1.352390e+00,7.462810e-01,5.600754e-01,4.398251e-01,3.594354e-01,3.014147e-01,6.879086e-01,7.936833e-01,8.397418e-01,8.662450e-01,8.818653e-01,9.006070e-01,8.860086e-01,8.825212e-01
1.290500e-02,6.228859e+00,6.199462e+00,1.352398e+00,7.462810e-01,5.600754e-01,4.398251e-01,3.594354e-01,3.014147e-01,6.879080e-01,7.936830e-01,8.397415e-01,8.662447e-01,8.818650e-01,9.006067e-01,8.860082e-01,8.825209e-01
1.291000e-02,6.228862e+00,6.199464e+00,1.352406e+00,7.462810e-01,5.600754e-01,4.398251e-01,3.594354e-01,3.014147e-01,6.879074e-01,7.936828e-01,8.397412e-01,8.662444e-01,8.818648e-01,9.006064e-01,8.860079e-01,8.825206e-01
1.291500e-02,6.228864e+00,6.199466e+00,1.352413e+00,7.462810e-01,5.600754e-01,4.398251e-01,3.594354e-01,3.014147e-01,6.879067e-01,7.936825e-01,8.397409e-01,8.662442e-01,8.818645e-01,9.006060e-01,8.860076e-01,8.825203e-01
1.292000e-02,6.228867e+00,6.199468e+00,1.352421e+00,7.462810e-01,5.600754e-01,4.398251e-01,3.594354e-01,3.014147e-01,6.879061e-01,7.936822e-01,8.397407e-01,8.662439e-01,8.818642e-01,9.006057e-01,8.860073e-01,8.825200e-01
1.292500e-02,6.228870e+00,6.199470e+00,1.352428e+00,7.462810e-01,5.600754e-01,4.398251e-01,3.594354e-01,3.014147e-01,6.879055e-01,7.936819e-01,8.397404e-01,8.662436e-01,8.818639e-01,9.006054e-01,8.860070e-01,8.825197e-01
1.293000e-02,6.228873e+00,6.199472e+00,1.352435e+00,7.462810e-01,5.600754e-01,4.398251e-01,3.594354e-01,3.014147e-01,6.879049e-01,7.936816e-01,8.397401e-01,8.662433e-01,8.818637e-01,9.006051e-01,8.860066e-01,8.825194e-01
1.293500e-02,6.228876e+00,6.199474e+00,1.352442e+00,7.462810e-01,5.600754e-01,4.398251e-01,3.594354e-01,3.014147e-01,6.879043e-01,7.936814e-01,8.397398e-01,8.662431e-01,8.818634e-01,9.006048e-01,8.860063e-01,8.825191e-01
1.294000e-02,6.228879e+00,6.199476e+00,1.352450e+00,7.462810e-01,5.600754e-01,4.398251e-01,3.594354e-01,3.014147e-01,6.879037e-01,7.936811e-01,8.397395e-01,8.662428e-01,8.818631e-01,9.006045e-01,8.860060e-01,8.825188e-01
1.294500e-02,6.228881e+00,6.199478e+00,1.352457e+00,7.462810e-01,5.600754e-01,4.398251e-01,3.594354e-01,3.014147e-01,6.879031e-01,7.936808e-01,8.397392e-01,8.662425e-01,8.818628e-01,9.006041e-01,8.860057e-01,8.825185e-01
1.295000e-02,6.228884e+00,6.199480e+00,1.352464e+00,7.462810e-01,5.600754e-01,4.398251e-01,3.594354e-01,3.014147e-01,6.879025e-01,7.936805e-01,8.397389e-01,8.662422e-01,8.818626e-01,9.006038e-01,8.860054e-01,8.825182e-01
1.295500e-02,6.228887e+00,6.199482e+00,1.352470e+00,7.462810e-01,5.600754e-01,4.398251e-01,3.594354e-01,3.014147e-01,6.879019e-01,7.936802e-01,8.397386e-01,8.662419e-01,8.818623e-01,9.006035e-01,8.860050e-01,8.825179e-01
1.296000e-02,6.228889e+00,6.199484e+00,1.352477e+00,7.462810e-01,5.600754e-01,4.398251e-01,3.594354e-01,3.014147e-01,6.879013e-01,7.936799e-01,8.397383e-01,8.662417e-01,8.818620e-01,9.006032e-01,8.860047e-01,8.825176e-01
1.296500e-02,6.228892e+00,6.199486e+00,1.352484e+00,7.462810e-01,5.600754e-01,4.398251e-01,3.594354e-01,3.014147e-01,6.879007e-01,7.936797e-01,8.397380e-01,8.662414e-01,8.818617e-01,9.006029e-01,8.860044e-01,8.825173e-01
1.297000e-02,6.228895e+00,6.199488e+00,1.352491e+00,7.462810e-01,5.600754e-01,4.398251e-01,3.594354e-01,3.014147e-01,6.879001e-01,7.936794e-01,8.397378e-01,8.662411e-01,8.818614e-01,9.006025e-01,8.860041e-01,8.825170e-01
1.297500e-02,6.228897e+00,6.199490e+00,1.352497e+00,7.462810e-01,5.600754e-01,4.398251e-01,3.594354e-01,3.014147e-01,6.878995e-01,7.936791e-01,8.397375e-01,8.662408e-01,8.818612e-01,9.006022e-01,8.860037e-01,8.825166e-01
1.298000e-02,6.228900e+00,6.199492e+00,1.352504e+00,7.462810e-01,5.600754e-01,4.398251e-01,3.594354e-01,3.014147e-01,6.878989e-01,7.936788e-01,8.397372e-01,8.662405e-01,8.818609e-01,9.006019e-01,8.860034e-01,8.825163e-01
1.298500e-02,6.228902e+00,6.199494e+00,1.352511e+00,7.462810e-01,5.600754e-01,4.398251e-01,3.594354e-01,3.014147e-01,6.878984e-01,7.936785e-01,8.397369e-01,8.662402e-01,8.818606e-01,9.006016e-01,8.860031e-01,8.825160e-01
1.299000e-02,6.228905e+00,6.199496e+00,1.352517e+00,7.462810e-01,5.600754e-01,4.398251e-01,3.594354e-01,3.014147e-01,6.878978e-01,7.936782e-01,8.397366e-01,8.662400e-01,8.818603e-01,9.006013e-01,8.860028e-01,8.825157e-01
1.299500e-02,6.228908e+00,6.199498e+00,1.352523e+00,7.462810e-01,5.600754e-01,4.398251e-01,3.594354e-01,3.014147e-01,6.878972e-01,7.936779e-01,8.397363e-01,8.662397e-01,8.818600e-01,9.006010e-01,8.860024e-01,8.825154e-01
1.300000e-02,6.228910e+00,6.199499e+00,1.352530e+00,7.462810e-01,5.600754e-01,4.398251e-01,3.594354e-01,3.014147e-01,6.878966e-01,7.936777e-01,8.397360e-01,8.662394e-01,8.818598e-01,9.006006e-01,8.860021e-01,8.825151e-01
1.300500e-02,6.228913e+00,6.199501e+00,1.352536e+00,7.462810e-01,5.600754e-01,4.398251e-01,3.594354e-01,3.014147e-01,6.878961e-01,7.936774e-01,8.397357e-01,8.662391e-01,8.818595e-01,9.006003e-01,8.860018e-01,8.825148e-01
1.301000e-02,6.228915e+00,6.199503e+00,1.352542e+00,7.462810e-01,5.600754e-01,4.398251e-01,3.594354e-01,3.014147e-01,6.878955e-01,7.936771e-01,8.397354e-01,8.662388e-01,8.818592e-01,9.006000e-01,8.860015e-01,8.825145e-01
1.301500e-02,6.228918e+00,6.199505e+00,1.352549e+00,7.462810e-01,5.600754e-01,4.398251e-01,3.594354e-01,3.014147e-01,6.878949e-01,7.936768e-01,8.397351e-01,8.662385e-01,8.818589e-01,9.005997e-01,8.860012e-01,8.825142e-01
1.302000e-02,6.228920e+00,6.199507e+00,1.352555e+00,7.462810e-01,5.600754e-01,4.398251e-01,3.594354e-01,3.014147e-01,6.878943e-01,7.936765e-01,8.397348e-01,8.662382e-01,8.818586e-01,9.005994e-01,8.860008e-01,8.825139e-01
1.302500e-02,6.228923e+00,6.199509e+00,1.352561e+00,7.462810e-01,5.600754e-01,4.398251e-01,3.594354e-01,3.014147e-01,6.878938e-01,7.936762e-01,8.397345e-01,8.662380e-01,8.818583e-01,9.005991e-01,8.860005e-01,8.825136e-01
1.303000e-02,6.228925e+00,6.199510e+00,1.352567e+00,7.462810e-01,5.600754e-01,4.398251e-01,3.594354e-01,3.014147e-01,6.878932e-01,7.936759e-01,8.397342e-01,8.662377e-01,8.818581e-01,9.005988e-01,8.860002e-01,8.825133e-01
1.303500e-02,6.228928e+00,6.199512e+00,1.352573e+00,7.462810e-01,5.600754e-01,4.398251e-01,3.594354e-01,3.014147e-01,6.878926e-01,7.936756e-01,8.397339e-01,8.662374e-01,8.818578e-01,9.005984e-01,8.859999e-01,8.825130e-01
1.304000e-02,6.228930e+00,6.199514e+00,1.352579e+00,7.462810e-01,5.600754e-01,4.398251e-01,3.594354e-01,3.014147e-01,6.878921e-01,7.936753e-01,8.397336e-01,8.662371e-01,8.818575e-01,9.005981e-01,8.859996e-01,8.825127e-01
1.304500e-02,6.228932e+00,6.199516e+00,1.352585e+00,7.462810e-01,5.600754e-01,4.398251e-01,3.594354e-01,3.014147e-01,6.878915e-01,7.936749e-01,8.397333e-01,8.662368e-01,8.818572e-01,9.005978e-01,8.859993e-01,8.825124e-01
1.305000e-02,6.228935e+00,6.199517e+00,1.352591e+00,7.462810e-01,5.600754e-01,4.398251e-01,3.594354e-01,3.014147e-01,6.878909e-01,7.936746e-01,8.397330e-01,8.662365e-01,8.818570e-01,9.005975e-01,8.859990e-01,8.825121e-01
1.305500e-02,6.228937e+00,6.199519e+00,1.352597e+00,7.462810e-01,5.600754e-01,4.398251e-01,3.594354e-01,3.014147e-01,6.878903e-01,7.936743e-01,8.397327e-01,8.662363e-01,8.818567e-01,9.005972e-01,8.859987e-01,8.825118e-01
1.306000e-02,6.228940e+00,6.199521e+00,1.352603e+00,7.462810e-01,5.600754e-01,4.398251e-01,3.594354e-01,3.014147e-01,6.878898e-01,7.936740e-01,8.397324e-01,8.662360e-01,8.818564e-01,9.005969e-01,8.859984e-01,8.825115e-01
1.306500e-02,6.228942e+00,6.199523e+00,1.352609e+00,7.462810e-01,5.600754e-01,4.398251e-01,3.594354e-01,3.014147e-01,6.878892e-01,7.936737e-01,8.397321e-01,8.662357e-01,8.818561e-01,9.005966e-01,8.859981e-01,8.825112e-01
1.307000e-02,6.228944e+00,6.199525e+00,1.352614e+00,7.462810e-01,5.600754e-01,4.398251e-01,3.594354e-01,3.014147e-01,6.878886e-01,7.936734e-01,8.397318e-01,8.662354e-01,8.818559e-01,9.005963e-01,8.859978e-01,8.825109e-01
1.307500e-02,6.228947e+00,6.199526e+00,1.352620e+00,7.462810e-01,5.600754e-01,4.398251e-01,3.594354e-01,3.014147e-01,6.878880e-01,7.936730e-01,8.397314e-01,8.662351e-01,8.818556e-01,9.005960e-01,8.859975e-01,8.825106e-01
1.308000e-02,6.228949e+00,6.199528e+00,1.352626e+00,7.462810e-01,5.600754e-01,4.398251e-01,3.594354e-01,3.014147e-01,6.878875e-01,7.936727e-01,8.397311e-01,8.662348e-01,8.818553e-01,9.005957e-01,8.859972e-01,8.825103e-01
1.308500e-02,6.228952e+00,6.199530e+00,1.352632e+00,7.462810e-01,5.600754e-01,4.398251e-01,3.594354e-01,3.014147e-01,6.878869e-01,7.936724e-01,8.397308e-01,8.662345e-01,8.818551e-01,9.005954e-01,8.859969e-01,8.825100e-01
1.309000e-02,6.228954e+00,6.199531e+00,1.352638e+00,7.462810e-01,5.600754e-01,4.398251e-01,3.594354e-01,3.014147e-01,6.878863e-01,7.936721e-01,8.397305e-01,8.662342e-01,8.818548e-01,9.005951e-01,8.859966e-01,8.825097e-01
1.309500e-02,6.228956e+00,6.199533e+00,1.352643e+00,7.462810e-01,5.600754e-01,4.398251e-01,3.594354e-01,3.014147e-01,6.878857e-01,7.936718e-01,8.397302e-01,8.662340e-01,8.818545e-01,9.005948e-01,8.859963e-01,8.825095e-01
1.310000e-02,6.228959e+00,6.199535e+00,1.352649e+00,7.462810e-01,5.600754e-01,4.398251e-01,3.594354e-01,3.014147e-01,6.878852e-01,7.936714e-01,8.397299e-01,8.662337e-01,8.818542e-01,9.005945e-01,8.859960e-01,8.825092e-01
1.310500e-02,6.228961e+00,6.199537e+00,1.352655e+00,7.462810e-01,5.600754e-01,4.398251e-01,3.594354e-01,3.014147e-01,6.878846e-01,7.936711e-01,8.397296e-01,8.662334e-01,8.818540e-01,9.005942e-01,8.859957e-01,8.825089e-01
1.311000e-02,6.228964e+00,6.199538e+00,1.352660e+00,7.462810e-01,5.600754e-01,4.398251e-01,3.594354e-01,3.014147e-01,6.878840e-01,7.936708e-01,8.397292e-01,8.662331e-01,8.818537e-01,9.005939e-01,8.859954e-01,8.825086e-01
1.311500e-02,6.228966e+00,6.199540e+00,1.352666e+00,7.462810e-01,5.600754e-01,4.398251e-01,3.594354e-01,3.014147e-01,6.878834e-01,7.936705e-01,8.397289e-01,8.662328e-01,8.818534e-01,9.005936e-01,8.859951e-01,8.825083e-01
1.312000e-02,6.228968e+00,6.199542e+00,1.352672e+00,7.462810e-01,5.600754e-01,4.398251e-01,3.594354e-01,3.014147e-01,6.878828e-01,7.936701e-01,8.397286e-01,8.662325e-01,8.818531e-01,9.005933e-01,8.859948e-01,8.825081e-01
1.312500e-02,6.228971e+00,6.199544e+00,1.352678e+00,7.462810e-01,5.600754e-01,4.398251e-01,3.594354e-01,3.014147e-01,6.878822e-01,7.936698e-01,8.397283e-01,8.662322e-01,8.818529e-01,9.005930e-01,8.859945e-01,8.825078e-01
1.313000e-02,6.228973e+00,6.199545e+00,1.352683e+00,7.462810e-01,5.600754e-01,4.398251e-01,3.594354e-01,3.014147e-01,6.878817e-01,7.936695e-01,8.397280e-01,8.662319e-01,8.818526e-01,9.005927e-01,8.859942e-01,8.825075e-01
1.313500e-02,6.228976e+00,6.199547e+00,1.352689e+00,7.462810e-01,5.600754e-01,4.398251e-01,3.594354e-01,3.014147e-01,6.878811e-01,7.936692e-01,8.397277e-01,8.662316e-01,8.818523e-01,9.005924e-01,8.859939e-01,8.825073e-01
1.314000e-02,6.228978e+00,6.199549e+00,1.352695e+00,7.462810e-01,5.600754e-01,4.398251e-01,3.594354e-01,3.014147e-01,6.878805e-01,7.936689e-01,8.397274e-01,8.662313e-01,8.818521e-01,9.005921e-01,8.859936e-01,8.825070e-01
1.314500e-02,6.228980e+00,6.199551e+00,1.352700e+00,7.462810e-01,5.600754e-01,4.398251e-01,3.594354e-01,3.014147e-01,6.878799e-01,7.936685e-01,8.397270e-01,8.662311e-01,8.818518e-01,9.005918e-01,8.859933e-01,8.825067e-01
1.315000e-02,6.228983e+00,6.199552e+00,1.352706e+00,7.462810e-01,5.600754e-01,4.398251e-01,3.594354e-01,3.014147e-01,6.878793e-01,7.936682e-01,8.397267e-01,8.662308e-01,8.818515e-01,9.005915e-01,8.859930e-01,8.825065e-01
1.315500e-02,6.228985e+00,6.199554e+00,1.352712e+00,7.462810e-01,5.600754e-01,4.398251e-01,3.594354e-01,3.014147e-01,6.878787e-01,7.936679e-01,8.397264e-01,8.662305e-01,8.818512e-01,9.005912e-01,8.859927e-01,8.825062e-01
1.316000e-02,6.228988e+00,6.199556e+00,1.352717e+00,7.462810e-01,5.600754e-01,4.398251e-01,3.594354e-01,3.014147e-01,6.878782e-01,7.936676e-01,8.397261e-01,8.662302e-01,8.818510e-01,9.005909e-01,8.859924e-01,8.825059e-01
1.316500e-02,6.228990e+00,6.199557e+00,1.352723e+00,7.462810e-01,5.600754e-01,4.398251e-01,3.594354e-01,3.014147e-01,6.878776e-01,7.936673e-01,8.397258e-01,8.662299e-01,8.818507e-01,9.005906e-01,8.859921e-01,8.825057e-01
1.317000e-02,6.228992e+00,6.199559e+00,1.352729e+00,7.462810e-01,5.600754e-01,4.398251e-01,3.594354e-01,3.014147e-01,6.878770e-01,7.936669e-01,8.397255e-01,8.662296e-01,8.818504e-01,9.005903e-01,8.859919e-01,8.825054e-01
1.317500e-02,6.228995e+00,6.199561e+00,1.352735e+00,7.462810e-01,5.600754e-01,4.398251e-01,3.594354e-01,3.014147e-01,6.878764e-01,7.936666e-01,8.397252e-01,8.662293e-01,8.818502e-01,9.005900e-01,8.859916e-01,8.825052e-01
1.318000e-02,6.228997e+00,6.199563e+00,1.352740e+00,7.462810e-01,5.600754e-01,4.398251e-01,3.594354e-01,3.014147e-01,6.878758e-01,7.936663e-01,8.397249e-01,8.662291e-01,8.818499e-01,9.005898e-01,8.859913e-01,8.825049e-01
1.318500e-02,6.229000e+00,6.199564e+00,1.352746e+00,7.462810e-01,5.600754e-01,4.398251e-01,3.594354e-01,3.014147e-01,6.878752e-01,7.936660e-01,8.397246e-01,8.662288e-01,8.818496e-01,9.005895e-01,8.859910e-01,8.825046e-01
1.319000e-02,6.229002e+00,6.199566e+00,1.352752e+00,7.462810e-01,5.600754e-01,4.398251e-01,3.594354e-01,3.014147e-01,6.878746e-01,7.936657e-01,8.397243e-01,8.662285e-01,8.818494e-01,9.005892e-01,8.859907e-01,8.825044e-01
1.319500e-02,6.229004e+00,6.199568e+00,1.352758e+00,7.462810e-01,5.600754e-01,4.398251e-01,3.594354e-01,3.014147e-01,6.878740e-01,7.936654e-01,8.397240e-01,8.662282e-01,8.818491e-01,9.005889e-01,8.859904e-01,8.825041e-01
1.320000e-02,6.229007e+00,6.199570e+00,1.352763e+00,7.462810e-01,5.600754e-01,4.398251e-01,3.594354e-01,3.014147e-01,6.878734e-01,7.936650e-01,8.397236e-01,8.662279e-01,8.818488e-01,9.005886e-01,8.859901e-01,8.825039e-01
1.320500e-02,6.229009e+00,6.199571e+00,1.352769e+00,7.462810e-01,5.600754e-01,4.398251e-01,3.594354e-01,3.014147e-01,6.878728e-01,7.936647e-01,8.397233e-01,8.662276e-01,8.818486e-01,9.005883e-01,8.859898e-01,8.825036e-01
1.321000e-02,6.229012e+00,6.199573e+00,1.352775e+00,7.462810e-01,5.600754e-01,4.398251e-01,3.594354e-01,3.014147e-01,6.878723e-01,7.936644e-01,8.397230e-01,8.662274e-01,8.818483e-01,9.005880e-01,8.859895e-01,8.825034e-01
1.321500e-02,6.229014e+00,6.199575e+00,1.352781e+00,7.462810e-01,5.600754e-01,4.398251e-01,3.594354e-01,3.014147e-01,6.878717e-01,7.936641e-01,8.397227e-01,8.662271e-01,8.818480e-01,9.005878e-01,8.859892e-01,8.825031e-01
1.322000e-02,6.229017e+00,6.199577e+00,1.352786e+00,7.462810e-01,5.600754e-01,4.398251e-01,3.594354e-01,3.014147e-01,6.878711e-01,7.936638e-01,8.397224e-01,8.662268e-01,8.818478e-01,9.005875e-01,8.859890e-01,8.825029e-01
1.322500e-02,6.229019e+00,6.199579e+00,1.352792e+00,7.462810e-01,5.600754e-01,4.398251e-01,3.594354e-01,3.014147e-01,6.878705e-01,7.936634e-01,8.397221e-01,8.662265e-01,8.818475e-01,9.005872e-01,8.859887e-01,8.825027e-01
1.323000e-02,6.229021e+00,6.199580e+00,1.352798e+00,7.462810e-01,5.600754e-01,4.398251e-01,3.594354e-01,3.014147e-01,6.878699e-01,7.936631e-01,8.397218e-01,8.662262e-01,8.818472e-01,9.005869e-01,8.859884e-01,8.825024e-01
1.323500e-02,6.229024e+00,6.199582e+00,1.352804e+00,7.462810e-01,5.600754e-01,4.398251e-01,3.594354e-01,3.014147e-01,6.878693e-01,7.936628e-01,8.397215e-01,8.662260e-01,8.818470e-01,9.005867e-01,8.859881e-01,8.825022e-01
1.324000e-02,6.229026e+00,6.199584e+00,1.352810e+00,7.462810e-01,5.600754e-01,4.398251e-01,3.594354e-01,3.014147e-01,6.878687e-01,7.936625e-01,8.397212e-01,8.662257e-01,8.818467e-01,9.005864e-01,8.859879e-01,8.825020e-01
1.324500e-02,6.229029e+00,6.199586e+00,1.352815e+00,7.462810e-01,5.600754e-01,4.398251e-01,3.594354e-01,3.014147e-01,6.878681e-01,7.936622e-01,8.397209e-01,8.662254e-01,8.818465e-01,9.005861e-01,8.859876e-01,8.825017e-01
1.325000e-02,6.229031e+00,6.199587e+00,1.352821e+00,7.462810e-01,5.600754e-01,4.398251e-01,3.594354e-01,3.014147e-01,6.878675e-01,7.936619e-01,8.397206e-01,8.662251e-01,8.818462e-01,9.005859e-01,8.859873e-01,8.825015e-01
1.325500e-02,6.229034e+00,6.199589e+00,1.352827e+00,7.462810e-01,5.600754e-01,4.398251e-01,3.594354e-01,3.014147e-01,6.878669e-01,7.936615e-01,8.397203e-01,8.662248e-01,8.818460e-01,9.005856e-01,8.859871e-01,8.825013e-01
1.326000e-02,6.229036e+00,6.199591e+00,1.352833e+00,7.462810e-01,5.600754e-01,4.398251e-01,3.594354e-01,3.014147e-01,6.878663e-01,7.936612e-01,8.397200e-01,8.662246e-01,8.818457e-01,9.005853e-01,8.859868e-01,8.825011e-01
1.326500e-02,6.229039e+00,6.199593e+00,1.352839e+00,7.462810e-01,5.600754e-01,4.398251e-01,3.594354e-01,3.014147e-01,6.878657e-01,7.936609e-01,8.397197e-01,8.662243e-01,8.818455e-01,9.005851e-01,8.859866e-01,8.825008e-01
1.327000e-02,6.229041e+00,6.199594e+00,1.352845e+00,7.462810e-01,5.600754e-01,4.398251e-01,3.594354e-01,3.014147e-01,6.878652e-01,7.936606e-01,8.397194e-01,8.662240e-01,8.818452e-01,9.005848e-01,8.859863e-01,8.825006e-01
1.327500e-02,6.229044e+00,6.199596e+00,1.352851e+00,7.462810e-01,5.600754e-01,4.398251e-01,3.594354e-01,3.014147e-01,6.878646e-01,7.936603e-01,8.397191e-01,8.662238e-01,8.818450e-01,9.005846e-01,8.859861e-01,8.825004e-01
1.328000e-02,6.229046e+00,6.199598e+00,1.352856e+00,7.462810e-01,5.600754e-01,4.398251e-01,3.594354e-01,3.014147e-01,6.878640e-01,7.936600e-01,8.397188e-01,8.662235e-01,8.818447e-01,9.005843e-01,8.859858e-01,8.825002e-01
1.328500e-02,6.229048e+00,6.199600e+00,1.352862e+00,7.462810e-01,5.600754e-01,4.398251e-01,3.594354e-01,3.014147e-01,6.878634e-01,7.936596e-01,8.397185e-01,8.662232e-01,8.818445e-01,9.005841e-01,8.859856e-01,8.825000e-01
1.329000e-02,6.229051e+00,6.199602e+00,1.352868e+00,7.462810e-01,5.600754e-01,4.398251e-01,3.594354e-01,3.014147e-01,6.878628e-01,7.936593e-01,8.397182e-01,8.662230e-01,8.818442e-01,9.005839e-01,8.859853e-01,8.824998e-01
1.329500e-02,6.229053e+00,6.199603e+00,1.352874e+00,7.462810e-01,5.600754e-01,4.398251e-01,3.594354e-01,3.014147e-01,6.878622e-01,7.936590e-01,8.397179e-01,8.662227e-01,8.818440e-01,9.005836e-01,8.859851e-01,8.824996e-01
1.330000e-02,6.229056e+00,6.199605e+00,1.352880e+00,7.462810e-01,5.600754e-01,4.398251e-01,3.594354e-01,3.014147e-01,6.878616e-01,7.936587e-01,8.397176e-01,8.662224e-01,8.818438e-01,9.005834e-01,8.859849e-01,8.824994e-01
1.330500e-02,6.229058e+00,6.199607e+00,1.352886e+00,7.462810e-01,5.600754e-01,4.398251e-01,3.594354e-01,3.014147e-01,6.878610e-01,7.936584e-01,8.397173e-01,8.662222e-01,8.818435e-01,9.005832e-01,8.859846e-01,8.824992e-01
1.331000e-02,6.229061e+00,6.199609e+00,1.352892e+00,7.462810e-01,5.600754e-01,4.398251e-01,3.594354e-01,3.014147e-01,6.878604e-01,7.936581e-01,8.397170e-01,8.662219e-01,8.818433e-01,9.005830e-01,8.859844e-01,8.824990e-01
1.331500e-02,6.229063e+00,6.199611e+00,1.352897e+00,7.462810e-01,5.600754e-01,4.398251e-01,3.594354e-01,3.014147e-01,6.878598e-01,7.936578e-01,8.397167e-01,8.662217e-01,8.818431e-01,9.005827e-01,8.859842e-01,8.824988e-01
1.332000e-02,6.229066e+00,6.199612e+00,1.352903e+00,7.462810e-01,5.600754e-01,4.398251e-01,3.594354e-01,3.014147e-01,6.878592e-01,7.936575e-01,8.397164e-01,8.662214e-01,8.818429e-01,9.005825e-01,8.859840e-01,8.824986e-01
1.332500e-02,6.229068e+00,6.199614e+00,1.352909e+00,7.462810e-01,5.600754e-01,4.398251e-01,3.594354e-01,3.014147e-01,6.878587e-01,7.936572e-01,8.397161e-01,8.662212e-01,8.818427e-01,9.005823e-01,8.859838e-01,8.824984e-01
1.333000e-02,6.229071e+00,6.199616e+00,1.352915e+00,7.462810e-01,5.600754e-01,4.398251e-01,3.594354e-01,3.014147e-01,6.878581e-01,7.936569e-01,8.397159e-01,8.662209e-01,8.818425e-01,9.005821e-01,8.859835e-01,8.824983e-01
1.333500e-02,6.229073e+00,6.199618e+00,1.352921e+00,7.462810e-01,5.600754e-01,4.398251e-01,3.594354e-01,3.014147e-01,6.878575e-01,7.936566e-01,8.397156e-01,8.662207e-01,8.818422e-01,9.005819e-01,8.859833e-01,8.824981e-01
1.334000e-02,6.229075e+00,6.199619e+00,1.352927e+00,7.462810e-01,5.600754e-01,4.398251e-01,3.594354e-01,3.014147e-01,6.878569e-01,7.936563e-01,8.397153e-01,8.662205e-01,8.818420e-01,9.005817e-01,8.859831e-01,8.824979e-01
1.334500e-02,6.229078e+00,6.199621e+00,1.352933e+00,7.462810e-01,5.600754e-01,4.398251e-01,3.594354e-01,3.014147e-01,6.878563e-01,7.936560e-01,8.397150e-01,8.662202e-01,8.818418e-01,9.005815e-01,8.859829e-01,8.824978e-01
1.335000e-02,6.229080e+00,6.199623e+00,1.352939e+00,7.462810e-01,5.600754e-01,4.398251e-01,3.594354e-01,3.014147e-01,6.878557e-01,7.936557e-01,8.397148e-01,8.662200e-01,8.818416e-01,9.005814e-01,8.859828e-01,8.824976e-01
1.335500e-02,6.229083e+00,6.199625e+00,1.352945e+00,7.462810e-01,5.600754e-01,4.398251e-01,3.594354e-01,3.014147e-01,6.878552e-01,7.936554e-01,8.397145e-01,8.662198e-01,8.818414e-01,9.005812e-01,8.859826e-01,8.824975e-01
1.336000e-02,6.229085e+00,6.199627e+00,1.352951e+00,7.462810e-01,5.600754e-01,4.398251e-01,3.594354e-01,3.014147e-01,6.878546e-01,7.936551e-01,8.397143e-01,8.662196e-01,8.818413e-01,9.005810e-01,8.859824e-01,8.824973e-01
1.336500e-02,6.229088e+00,6.199628e+00,1.352957e+00,7.462810e-01,5.600754e-01,4.398251e-01,3.594354e-01,3.014147e-01,6.878540e-01,7.936548e-01,8.397140e-01,8.662193e-01,8.818411e-01,9.005808e-01,8.859822e-01,8.824972e-01
1.337000e-02,6.229090e+00,6.199630e+00,1.352962e+00,7.462810e-01,5.600754e-01,4.398251e-01,3.594354e-01,3.014147e-01,6.878535e-01,7.936545e-01,8.397138e-01,8.662191e-01,8.818409e-01,9.005807e-01,8.859820e-01,8.824971e-01
1.337500e-02,6.229093e+00,6.199632e+00,1.352968e+00,7.462810e-01,5.600754e-01,4.398251e-01,3.594354e-01,3.014147e-01,6.878529e-01,7.936543e-01,8.397135e-01,8.662189e-01,8.818407e-01,9.005805e-01,8.859819e-01,8.824969e-01
1.338000e-02,6.229095e+00,6.199634e+00,1.352974e+00,7.462810e-01,5.600754e-01,4.398251e-01,3.594354e-01,3.014147e-01,6.878523e-01,7.936540e-01,8.397133e-01,8.662187e-01,8.818405e-01,9.005803e-01,8.859817e-01,8.824968e-01
1.338500e-02,6.229097e+00,6.199635e+00,1.352980e+00,7.462810e-01,5.600754e-01,4.398251e-01,3.594354e-01,3.014147e-01,6.878518e-01,7.936537e-01,8.397130e-01,8.662185e-01,8.818404e-01,9.005802e-01,8.859815e-01,8.824967e-01
1.339000e-02,6.229100e+00,6.199637e+00,1.352986e+00,7.462810e-01,5.600754e-01,4.398251e-01,3.594354e-01,3.014147e-01,6.878512e-01,7.936535e-01,8.397128e-01,8.662183e-01,8.818402e-01,9.005800e-01,8.859814e-01,8.824966e-01
1.339500e-02,6.229102e+00,6.199639e+00,1.352992e+00,7.462810e-01,5.600754e-01,4.398251e-01,3.594354e-01,3.014147e-01,6.878507e-01,7.936532e-01,8.397125e-01,8.662181e-01,8.818400e-01,9.005799e-01,8.859813e-01,8.824965e-01
1.340000e-02,6.229105e+00,6.199641e+00,1.352998e+00,7.462810e-01,5.600754e-01,4.398251e-01,3.594354e-01,3.014147e-01,6.878501e-01,7.936529e-01,8.397123e-01,8.662179e-01,8.818399e-01,9.005798e-01,8.859811e-01,8.824964e-01
1.340500e-02,6.229107e+00,6.199642e+00,1.353004e+00,7.462810e-01,5.600754e-01,4.398251e-01,3.594354e-01,3.014147e-01,6.878496e-01,7.936527e-01,8.397121e-01,8.662177e-01,8.818397e-01,9.005796e-01,8.859810e-01,8.824963e-01
1.341000e-02,6.229109e+00,6.199644e+00,1.353010e+00,7.462810e-01,5.600754e-01,4.398251e-01,3.594354e-01,3.014147e-01,6.878491e-01,7.936524e-01,8.397119e-01,8.662176e-01,8.818396e-01,9.005795e-01,8.859808e-01,8.824962e-01
1.341500e-02,6.229112e+00,6.199646e+00,1.353016e+00,7.462810e-01,5.600754e-01,4.398251e-01,3.594354e-01,3.014147e-01,6.878486e-01,7.936522e-01,8.397116e-01,8.662174e-01,8.818394e-01,9.005794e-01,8.859807e-01,8.824961e-01
1.342000e-02,6.229114e+00,6.199648e+00,1.353021e+00,7.462810e-01,5.600754e-01,4.398251e-01,3.594354e-01,3.014147e-01,6.878480e-01,7.936520e-01,8.397114e-01,8.662172e-01,8.818393e-01,9.005793e-01,8.859806e-01,8.824960e-01
1.342500e-02,6.229116e+00,6.199649e+00,1.353027e+00,7.462810e-01,5.600754e-01,4.398251e-01,3.594354e-01,3.014147e-01,6.878475e-01,7.936517e-01,8.397112e-01,8.662170e-01,8.818391e-01,9.005792e-01,8.859805e-01,8.824959e-01
1.343000e-02,6.229119e+00,6.199651e+00,1.353033e+00,7.462810e-01,5.600754e-01,4.398251e-01,3.594354e-01,3.014147e-01,6.878470e-01,7.936515e-01,8.397110e-01,8.662169e-01,8.818390e-01,9.005791e-01,8.859804e-01,8.824958e-01
1.343500e-02,6.229121e+00,6.199653e+00,1.353039e+00,7.462810e-01,5.600754e-01,4.398251e-01,3.594354e-01,3.014147e-01,6.878465e-01,7.936513e-01,8.397108e-01,8.662167e-01,8.818389e-01,9.005790e-01,8.859802e-01,8.824958e-01
1.344000e-02,6.229123e+00,6.199654e+00,1.353044e+00,7.462810e-01,5.600754e-01,4.398251e-01,3.594354e-01,3.014147e-01,6.878460e-01,7.936510e-01,8.397106e-01,8.662166e-01,8.818388e-01,9.005789e-01,8.859801e-01,8.824957e-01
1.344500e-02,6.229126e+00,6.199656e+00,1.353050e+00,7.462810e-01,5.600754e-01,4.398251e-01,3.594354e-01,3.014147e-01,6.878455e-01,7.936508e-01,8.397104e-01,8.662164e-01,8.818387e-01,9.005788e-01,8.859800e-01,8.824956e-01
1.345000e-02,6.229128e+00,6.199658e+00,1.353056e+00,7.462810e-01,5.600754e-01,4.398251e-01,3.594354e-01,3.014147e-01,6.878450e-01,7.936506e-01,8.397102e-01,8.662163e-01,8.818386e-01,9.005787e-01,8.859799e-01,8.824955e-01
1.345500e-02,6.229130e+00,6.199659e+00,1.353062e+00,7.462810e-01,5.600754e-01,4.398251e-01,3.594354e-01,3.014147e-01,6.878445e-01,7.936504e-01,8.397101e-01,8.662161e-01,8.818385e-01,9.005786e-01,8.859798e-01,8.824955e-01
1.346000e-02,6.229132e+00,6.199661e+00,1.353067e+00,7.462810e-01,5.600754e-01,4.398251e-01,3.594354e-01,3.014147e-01,6.878441e-01,7.936502e-01,8.397099e-01,8.662160e-01,8.818384e-01,9.005785e-01,8.859797e-01,8.824954e-01
1.346500e-02,6.229134e+00,6.199663e+00,1.353073e+00,7.462810e-01,5.600754e-01,4.398251e-01,3.594354e-01,3.014147e-01,6.878436e-01,7.936500e-01,8.397097e-01,8.662159e-01,8.818383e-01,9.005785e-01,8.859796e-01,8.824954e-01
1.347000e-02,6.229137e+00,6.199664e+00,1.353079e+00,7.462810e-01,5.600754e-01,4.398251e-01,3.594354e-01,3.014147e-01,6.878431e-01,7.936498e-01,8.397096e-01,8.662158e-01,8.818382e-01,9.005784e-01,8.859795e-01,8.824953e-01
1.347500e-02,6.229139e+00,6.199666e+00,1.353084e+00,7.462810e-01,5.600754e-01,4.398251e-01,3.594354e-01,3.014147e-01,6.878427e-01,7.936496e-01,8.397094e-01,8.662157e-01,8.818381e-01,9.005783e-01,8.859794e-01,8.824953e-01
1.348000e-02,6.229141e+00,6.199667e+00,1.353090e+00,7.462810e-01,5.600754e-01,4.398251e-01,3.594354e-01,3.014147e-01,6.878423e-01,7.936494e-01,8.397092e-01,8.662155e-01,8.818380e-01,9.005783e-01,8.859793e-01,8.824952e-01
1.348500e-02,6.229143e+00,6.199669e+00,1.353095e+00,7.462810e-01,5.600754e-01,4.398251e-01,3.594354e-01,3.014147e-01,6.878418e-01,7.936492e-01,8.397091e-01,8.662154e-01,8.818379e-01,9.005782e-01,8.859792e-01,8.824952e-01
1.349000e-02,6.229145e+00,6.199670e+00,1.353100e+00,7.462810e-01,5.600754e-01,4.398251e-01,3.594354e-01,3.014147e-01,6.878414e-01,7.936491e-01,8.397090e-01,8.662153e-01,8.818379e-01,9.005782e-01,8.859791e-01,8.824951e-01
1.349500e-02,6.229147e+00,6.199672e+00,1.353106e+00,7.462810e-01,5.600754e-01,4.398251e-01,3.594354e-01,3.014147e-01,6.878410e-01,7.936489e-01,8.397088e-01,8.662152e-01,8.818378e-01,9.005781e-01,8.859790e-01,8.824951e-01
1.350000e-02,6.229149e+00,6.199673e+00,1.353111e+00,7.462810e-01,5.600754e-01,4.398251e-01,3.594354e-01,3.014147e-01,6.878406e-01,7.936487e-01,8.397087e-01,8.662152e-01,8.818377e-01,9.005781e-01,8.859789e-01,8.824951e-01
1.350500e-02,6.229151e+00,6.199675e+00,1.353116e+00,7.462810e-01,5.600754e-01,4.398251e-01,3.594354e-01,3.014147e-01,6.878402e-01,7.936486e-01,8.397086e-01,8.662151e-01,8.818377e-01,9.005780e-01,8.859788e-01,8.824950e-01
1.351000e-02,6.229153e+00,6.199676e+00,1.353122e+00,7.462810e-01,5.600754e-01,4.398251e-01,3.594354e-01,3.014147e-01,6.878398e-01,7.936484e-01,8.397084e-01,8.662150e-01,8.818376e-01,9.005780e-01,8.859787e-01,8.824950e-01
1.351500e-02,6.229155e+00,6.199678e+00,1.353127e+00,7.462810e-01,5.600754e-01,4.398251e-01,3.594354e-01,3.014147e-01,6.878394e-01,7.936483e-01,8.397083e-01,8.662149e-01,8.818375e-01,9.005780e-01,8.859786e-01,8.824950e-01
1.352000e-02,6.229157e+00,6.199679e+00,1.353132e+00,7.462810e-01,5.600754e-01,4.398251e-01,3.594354e-01,3.014147e-01,6.878390e-01,7.936482e-01,8.397082e-01,8.662148e-01,8.818375e-01,9.005779e-01,8.859785e-01,8.824949e-01
1.352500e-02,6.229159e+00,6.199681e+00,1.353137e+00,7.462810e-01,5.600754e-01,4.398251e-01,3.594354e-01,3.014147e-01,6.878387e-01,7.936480e-01,8.397081e-01,8.662148e-01,8.818374e-01,9.005779e-01,8.859784e-01,8.824949e-01
1.353000e-02,6.229161e+00,6.199682e+00,1.353142e+00,7.462810e-01,5.600754e-01,4.398251e-01,3.594354e-01,3.014147e-01,6.878383e-01,7.936479e-01,8.397080e-01,8.662147e-01,8.818374e-01,9.005779e-01,8.859783e-01,8.824949e-01
1.353500e-02,6.229162e+00,6.199683e+00,1.353147e+00,7.462810e-01,5.600754e-01,4.398251e-01,3.594354e-01,3.014147e-01,6.878380e-01,7.936478e-01,8.397079e-01,8.662146e-01,8.818373e-01,9.005779e-01,8.859783e-01,8.824949e-01
1.354000e-02,6.229164e+00,6.199685e+00,1.353152e+00,7.462810e-01,5.600754e-01,4.398251e-01,3.594354e-01,3.014147e-01,6.878377e-01,7.936477e-01,8.397078e-01,8.662146e-01,8.818373e-01,9.005778e-01,8.859782e-01,8.824949e-01
1.354500e-02,6.229166e+00,6.199686e+00,1.353157e+00,7.462810e-01,5.600754e-01,4.398251e-01,3.594354e-01,3.014147e-01,6.878373e-01,7.936476e-01,8.397077e-01,8.662145e-01,8.818373e-01,9.005778e-01,8.859781e-01,8.824949e-01
1.355000e-02,6.229167e+00,6.199687e+00,1.353162e+00,7.462810e-01,5.600754e-01,4.398251e-01,3.594354e-01,3.014147e-01,6.878370e-01,7.936475e-01,8.397077e-01,8.662144e-01,8.818372e-01,9.005778e-01,8.859780e-01,8.824948e-01
1.355500e-02,6.229169e+00,6.199688e+00,1.353166e+00,7.462810e-01,5.600754e-01,4.398251e-01,3.594354e-01,3.014147e-01,6.878367e-01,7.936474e-01,8.397076e-01,8.662144e-01,8.818372e-01,9.005778e-01,8.859779e-01,8.824948e-01
1.356000e-02,6.229171e+00,6.199690e+00,1.353171e+00,7.462810e-01,5.600754e-01,4.398251e-01,3.594354e-01,3.014147e-01,6.878365e-01,7.936473e-01,8.397075e-01,8.662143e-01,8.818371e-01,9.005778e-01,8.859779e-01,8.824948e-01
1.356500e-02,6.229172e+00,6.199691e+00,1.353175e+00,7.462810e-01,5.600754e-01,4.398251e-01,3.594354e-01,3.014147e-01,6.878362e-01,7.936472e-01,8.397074e-01,8.662143e-01,8.818371e-01,9.005778e-01,8.859778e-01,8.824948e-01
1.357000e-02,6.229174e+00,6.199692e+00,1.353180e+00,7.462810e-01,5.600754e-01,4.398251e-01,3.594354e-01,3.014147e-01,6.878359e-01,7.936471e-01,8.397074e-01,8.662142e-01,8.818371e-01,9.005778e-01,8.859777e-01,8.824948e-01
1.357500e-02,6.229175e+00,6.199693e+00,1.353184e+00,7.462810e-01,5.600754e-01,4.398251e-01,3.594354e-01,3.014147e-01,6.878357e-01,7.936470e-01,8.397073e-01,8.662142e-01,8.818371e-01,9.005778e-01,8.859777e-01,8.824948e-01
1.358000e-02,6.229177e+00,6.199694e+00,1.353188e+00,7.462810e-01,5.600754e-01,4.398251e-01,3.594354e-01,3.014147e-01,6.878354e-01,7.936470e-01,8.397072e-01,8.662142e-01,8.818370e-01,9.005777e-01,8.859776e-01,8.824948e-01
1.358500e-02,6.229178e+00,6.199695e+00,1.353192e+00,7.462810e-01,5.600754e-01,4.398251e-01,3.594354e-01,3.014147e-01,6.878352e-01,7.936469e-01,8.397072e-01,8.662141e-01,8.818370e-01,9.005777e-01,8.859775e-01,8.824948e-01
1.359000e-02,6.229180e+00,6.199696e+00,1.353196e+00,7.462810e-01,5.600754e-01,4.398251e-01,3.594354e-01,3.014147e-01,6.878349e-01,7.936468e-01,8.397071e-01,8.662141e-01,8.818370e-01,9.005777e-01,8.859774e-01,8.824948e-01
1.359500e-02,6.229181e+00,6.199697e+00,1.353200e+00,7.462810e-01,5.600754e-01,4.398251e-01,3.594354e-01,3.014147e-01,6.878347e-01,7.936468e-01,8.397071e-01,8.662141e-01,8.818370e-01,9.005777e-01,8.859774e-01,8.824948e-01
1.360000e-02,6.229182e+00,6.199698e+00,1.353204e+00,7.462810e-01,5.600754e-01,4.398251e-01,3.594354e-01,3.014147e-01,6.878345e-01,7.936467e-01,8.397070e-01,8.662140e-01,8.818370e-01,9.005778e-01,8.859773e-01,8.824948e-01
1.360500e-02,6.229184e+00,6.199699e+00,1.353208e+00,7.462810e-01,5.600754e-01,4.398251e-01,3.594354e-01,3.014147e-01,6.878343e-01,7.936467e-01,8.397070e-01,8.662140e-01,8.818370e-01,9.005778e-01,8.859773e-01,8.824949e-01
1.361000e-02,6.229185e+00,6.199700e+00,1.353212e+00,7.462810e-01,5.600754e-01,4.398251e-01,3.594354e-01,3.014147e-01,6.878341e-01,7.936466e-01,8.397069e-01,8.662140e-01,8.818369e-01,9.005778e-01,8.859772e-01,8.824949e-01
1.361500e-02,6.229186e+00,6.199701e+00,1.353215e+00,7.462810e-01,5.600754e-01,4.398251e-01,3.594354e-01,3.014147e-01,6.878339e-01,7.936466e-01,8.397069e-01,8.662140e-01,8.818369e-01,9.005778e-01,8.859771e-01,8.824949e-01
1.362000e-02,6.229187e+00,6.199702e+00,1.353219e+00,7.462810e-01,5.600754e-01,4.398251e-01,3.594354e-01,3.014147e-01,6.878337e-01,7.936465e-01,8.397069e-01,8.662140e-01,8.818369e-01,9.005778e-01,8.859771e-01,8.824949e-01
1.362500e-02,6.229188e+00,6.199703e+00,1.353222e+00,7.462810e-01,5.600754e-01,4.398251e-01,3.594354e-01,3.014147e-01,6.878336e-01,7.936465e-01,8.397068e-01,8.662140e-01,8.818369e-01,9.005778e-01,8.859770e-01,8.824949e-01
1.363000e-02,6.229189e+00,6.199704e+00,1.353225e+00,7.462810e-01,5.600754e-01,4.398251e-01,3.594354e-01,3.014147e-01,6.878334e-01,7.936465e-01,8.397068e-01,8.662139e-01,8.818369e-01,9.005778e-01,8.859770e-01,8.824949e-01
1.363500e-02,6.229190e+00,6.199705e+00,1.353229e+00,7.462810e-01,5.600754e-01,4.398251e-01,3.594354e-01,3.014147e-01,6.878333e-01,7.936464e-01,8.397068e-01,8.662139e-01,8.818369e-01,9.005778e-01,8.859769e-01,8.824950e-01
1.364000e-02,6.229191e+00,6.199705e+00,1.353232e+00,7.462810e-01,5.600754e-01,4.398251e-01,3.594354e-01,3.014147e-01,6.878331e-01,7.936464e-01,8.397068e-01,8.662139e-01,8.818369e-01,9.005779e-01,8.859769e-01,8.824950e-01
1.364500e-02,6.229192e+00,6.199706e+00,1.353235e+00,7.462810e-01,5.600754e-01,4.398251e-01,3.594354e-01,3.014147e-01,6.878330e-01,7.936464e-01,8.397068e-01,8.662139e-01,8.818369e-01,9.005779e-01,8.859768e-01,8.824950e-01
1.365000e-02,6.229193e+00,6.199707e+00,1.353238e+00,7.462810e-01,5.600754e-01,4.398251e-01,3.594354e-01,3.014147e-01,6.878329e-01,7.936464e-01,8.397068e-01,8.662139e-01,8.818369e-01,9.005779e-01,8.859768e-01,8.824951e-01
1.365500e-02,6.229194e+00,6.199708e+00,1.353240e+00,7.462810e-01,5.600754e-01,4.398251e-01,3.594354e-01,3.014147e-01,6.878328e-01,7.936464e-01,8.397068e-01,8.662139e-01,8.818370e-01,9.005780e-01,8.859767e-01,8.824951e-01
1.366000e-02,6.229195e+00,6.199708e+00,1.353243e+00,7.462810e-01,5.600754e-01,4.398251e-01,3.594354e-01,3.014147e-01,6.878327e-01,7.936463e-01,8.397067e-01,8.662139e-01,8.818370e-01,9.005780e-01,8.859767e-01,8.824951e-01
1.366500e-02,6.229196e+00,6.199709e+00,1.353246e+00,7.462810e-01,5.600754e-01,4.398251e-01,3.594354e-01,3.014147e-01,6.878326e-01,7.936463e-01,8.397067e-01,8.662140e-01,8.818370e-01,9.005780e-01,8.859766e-01,8.824952e-01
1.367000e-02,6.229197e+00,6.199709e+00,1.353248e+00,7.462810e-01,5.600754e-01,4.398251e-01,3.594354e-01,3.014147e-01,6.878325e-01,7.936463e-01,8.397068e-01,8.662140e-01,8.818370e-01,9.005781e-01,8.859766e-01,8.824952e-01
1.367500e-02,6.229197e+00,6.199710e+00,1.353251e+00,7.462810e-01,5.600754e-01,4.398251e-01,3.594354e-01,3.014147e-01,6.878324e-01,7.936464e-01,8.397068e-01,8.662140e-01,8.818370e-01,9.005781e-01,8.859765e-01,8.824952e-01
1.368000e-02,6.229198e+00,6.199711e+00,1.353253e+00,7.462810e-01,5.600754e-01,4.398251e-01,3.594354e-01,3.014147e-01,6.878323e-01,7.936464e-01,8.397068e-01,8.662140e-01,8.818371e-01,9.005782e-01,8.859765e-01,8.824953e-01
1.368500e-02,6.229199e+00,6.199711e+00,1.353255e+00,7.462810e-01,5.600754e-01,4.398251e-01,3.594354e-01,3.014147e-01,6.878323e-01,7.936464e-01,8.397068e-01,8.662140e-01,8.818371e-01,9.005782e-01,8.859765e-01,8.824953e-01
1.369000e-02,6.229199e+00,6.199712e+00,1.353257e+00,7.462810e-01,5.600754e-01,4.398251e-01,3.594354e-01,3.014147e-01,6.878322e-01,7.936464e-01,8.397068e-01,8.662141e-01,8.818371e-01,9.005783e-01,8.859764e-01,8.824954e-01
1.369500e-02,6.229200e+00,6.199712e+00,1.353260e+00,7.462810e-01,5.600754e-01,4.398251e-01,3.594354e-01,3.014147e-01,6.878322e-01,7.936464e-01,8.397068e-01,8.662141e-01,8.818372e-01,9.005783e-01,8.859764e-01,8.824954e-01
1.370000e-02,6.229200e+00,6.199712e+00,1.353261e+00,7.462810e-01,5.600754e-01,4.398251e-01,3.594354e-01,3.014147e-01,6.878322e-01,7.936465e-01,8.397069e-01,8.662141e-01,8.818372e-01,9.005784e-01,8.859764e-01,8.824955e-01
1.370500e-02,6.229201e+00,6.199713e+00,1.353263e+00,7.462810e-01,5.600754e-01,4.398251e-01,3.594354e-01,3.014147e-01,6.878321e-01,7.936465e-01,8.397069e-01,8.662142e-01,8.818373e-01,9.005784e-01,8.859763e-01,8.824955e-01
1.371000e-02,6.229201e+00,6.199713e+00,1.353265e+00,7.462810e-01,5.600754e-01,4.398251e-01,3.594354e-01,3.014147e-01,6.878321e-01,7.936465e-01,8.397069e-01,8.662142e-01,8.818373e-01,9.005785e-01,8.859763e-01,8.824956e-01
1.371500e-02,6.229202e+00,6.199714e+00,1.353267e+00,7.462810e-01,5.600754e-01,4.398251e-01,3.594354e-01,3.014147e-01,6.878321e-01,7.936466e-01,8.397070e-01,8.662143e-01,8.818373e-01,9.005786e-01,8.859763e-01,8.824956e-01
1.372000e-02,6.229202e+00,6.199714e+00,1.353268e+00,7.462810e-01,5.600754e-01,4.398251e-01,3.594354e-01,3.014147e-01,6.878321e-01,7.936466e-01,8.397070e-01,8.662143e-01,8.818374e-01,9.005786e-01,8.859763e-01,8.824957e-01
1.372500e-02,6.229202e+00,6.199714e+00,1.353270e+00,7.462810e-01,5.600754e-01,4.398251e-01,3.594354e-01,3.014147e-01,6.878321e-01,7.936467e-01,8.397071e-01,8.662144e-01,8.818374e-01,9.005787e-01,8.859762e-01,8.824958e-01
1.373000e-02,6.229203e+00,6.199715e+00,1.353271e+00,7.462810e-01,5.600754e-01,4.398251e-01,3.594354e-01,3.014147e-01,6.878321e-01,7.936467e-01,8.397071e-01,8.662144e-01,8.818375e-01,9.005787e-01,8.859762e-01,8.824958e-01
1.373500e-02,6.229203e+00,6.199715e+00,1.353273e+00,7.462810e-01,5.600754e-01,4.398251e-01,3.594354e-01,3.014147e-01,6.878321e-01,7.936468e-01,8.397072e-01,8.662145e-01,8.818376e-01,9.005788e-01,8.859762e-01,8.824959e-01
1.374000e-02,6.229203e+00,6.199715e+00,1.353274e+00,7.462810e-01,5.600754e-01,4.398251e-01,3.594354e-01,3.014147e-01,6.878322e-01,7.936468e-01,8.397073e-01,8.662146e-01,8.818376e-01,9.005789e-01,8.859762e-01,8.824959e-01
1.374500e-02,6.229203e+00,6.199715e+00,1.353275e+00,7.462810e-01,5.600754e-01,4.398251e-01,3.594354e-01,3.014147e-01,6.878322e-01,7.936469e-01,8.397073e-01,8.662146e-01,8.818377e-01,9.005789e-01,8.859761e-01,8.824960e-01
1.375000e-02,6.229204e+00,6.199715e+00,1.353276e+00,7.462810e-01,5.600754e-01,4.398251e-01,3.594354e-01,3.014147e-01,6.878323e-01,7.936470e-01,8.397074e-01,8.662147e-01,8.818377e-01,9.005790e-01,8.859761e-01,8.824960e-01
1.375500e-02,6.229204e+00,6.199715e+00,1.353277e+00,7.462810e-01,5.600754e-01,4.398251e-01,3.594354e-01,3.014147e-01,6.878323e-01,7.936470e-01,8.397075e-01,8.662148e-01,8.818378e-01,9.005791e-01,8.859761e-01,8.824961e-01
1.376000e-02,6.229204e+00,6.199716e+00,1.353278e+00,7.462810e-01,5.600754e-01,4.398251e-01,3.594354e-01,3.014147e-01,6.878324e-01,7.936471e-01,8.397075e-01,8.662148e-01,8.818379e-01,9.005792e-01,8.859761e-01,8.824962e-01
1.376500e-02,6.229204e+00,6.199716e+00,1.353279e+00,7.462810e-01,5.600754e-01,4.398251e-01,3.594354e-01,3.014147e-01,6.878325e-01,7.936472e-01,8.397076e-01,8.662149e-01,8.818380e-01,9.005792e-01,8.859760e-01,8.824962e-01
1.377000e-02,6.229204e+00,6.199716e+00,1.353279e+00,7.462810e-01,5.600754e-01,4.398251e-01,3.594354e-01,3.014147e-01,6.878325e-01,7.936473e-01,8.397077e-01,8.662150e-01,8.818380e-01,9.005793e-01,8.859760e-01,8.824963e-01
1.377500e-02,6.229204e+00,6.199716e+00,1.353280e+00,7.462810e-01,5.600754e-01,4.398251e-01,3.594354e-01,3.014147e-01,6.878326e-01,7.936474e-01,8.397078e-01,8.662151e-01,8.818381e-01,9.005794e-01,8.859760e-01,8.824964e-01
1.378000e-02,6.229204e+00,6.199716e+00,1.353281e+00,7.462810e-01,5.600754e-01,4.398251e-01,3.594354e-01,3.014147e-01,6.878327e-01,7.936475e-01,8.397079e-01,8.662152e-01,8.818382e-01,9.005794e-01,8.859760e-01,8.824964e-01
1.378500e-02,6.229204e+00,6.199716e+00,1.353281e+00,7.462810e-01,5.600754e-01,4.398251e-01,3.594354e-01,3.014147e-01,6.878328e-01,7.936476e-01,8.397080e-01,8.662152e-01,8.818382e-01,9.005795e-01,8.859759e-01,8.824965e-01
1.379000e-02,6.229204e+00,6.199716e+00,1.353281e+00,7.462810e-01,5.600754e-01,4.398251e-01,3.594354e-01,3.014147e-01,6.878329e-01,7.936477e-01,8.397081e-01,8.662153e-01,8.818383e-01,9.005796e-01,8.859759e-01,8.824966e-01
1.379500e-02,6.229204e+00,6.199716e+00,1.353282e+00,7.462810e-01,5.600754e-01,4.398251e-01,3.594354e-01,3.014147e-01,6.878331e-01,7.936478e-01,8.397082e-01,8.662154e-01,8.818384e-01,9.005797e-01,8.859759e-01,8.824966e-01
1.380000e-02,6.229203e+00,6.199716e+00,1.353282e+00,7.462810e-01,5.600754e-01,4.398251e-01,3.594354e-01,3.014147e-01,6.878332e-01,7.936479e-01,8.397083e-01,8.662155e-01,8.818385e-01,9.005797e-01,8.859759e-01,8.824967e-01
1.380500e-02,6.229203e+00,6.199715e+00,1.353282e+00,7.462810e-01,5.600754e-01,4.398251e-01,3.594354e-01,3.014147e-01,6.878333e-01,7.936480e-01,8.397084e-01,8.662156e-01,8.818386e-01,9.005798e-01,8.859758e-01,8.824967e-01
1.381000e-02,6.229203e+00,6.199715e+00,1.353282e+00,7.462810e-01,5.600754e-01,4.398251e-01,3.594354e-01,3.014147e-01,6.878335e-01,7.936481e-01,8.397085e-01,8.662157e-01,8.818386e-01,9.005799e-01,8.859758e-01,8.824968e-01
1.381500e-02,6.229203e+00,6.199715e+00,1.353282e+00,7.462810e-01,5.600754e-01,4.398251e-01,3.594354e-01,3.014147e-01,6.878336e-01,7.936483e-01,8.397086e-01,8.662158e-01,8.818387e-01,9.005800e-01,8.859758e-01,8.824969e-01
1.382000e-02,6.229202e+00,6.199715e+00,1.353282e+00,7.462810e-01,5.600754e-01,4.398251e-01,3.594354e-01,3.014147e-01,6.878338e-01,7.936484e-01,8.397087e-01,8.662159e-01,8.818388e-01,9.005800e-01,8.859758e-01,8.824969e-01
1.382500e-02,6.229202e+00,6.199715e+00,1.353281e+00,7.462810e-01,5.600754e-01,4.398251e-01,3.594354e-01,3.014147e-01,6.878339e-01,7.936485e-01,8.397088e-01,8.662160e-01,8.818389e-01,9.005801e-01,8.859757e-01,8.824970e-01
1.383000e-02,6.229202e+00,6.199715e+00,1.353281e+00,7.462810e-01,5.600754e-01,4.398251e-01,3.594354e-01,3.014147e-01,6.878341e-01,7.936486e-01,8.397089e-01,8.662161e-01,8.818390e-01,9.005802e-01,8.859757e-01,8.824971e-01
1.383500e-02,6.229201e+00,6.199714e+00,1.353281e+00,7.462810e-01,5.600754e-01,4.398251e-01,3.594354e-01,3.014147e-01,6.878343e-01,7.936488e-01,8.397091e-01,8.662162e-01,8.818390e-01,9.005803e-01,8.859757e-01,8.824971e-01
1.384000e-02,6.229201e+00,6.199714e+00,1.353280e+00,7.462810e-01,5.600754e-01,4.398251e-01,3.594354e-01,3.014147e-01,6.878345e-01,7.936489e-01,8.397092e-01,8.662163e-01,8.818391e-01,9.005803e-01,8.859757e-01,8.824972e-01
1.384500e-02,6.229200e+00,6.199714e+00,1.353280e+00,7.462810e-01,5.600754e-01,4.398251e-01,3.594354e-01,3.014147e-01,6.878347e-01,7.936490e-01,8.397093e-01,8.662164e-01,8.818392e-01,9.005804e-01,8.859756e-01,8.824973e-01
1.385000e-02,6.229200e+00,6.199713e+00,1.353279e+00,7.462810e-01,5.600754e-01,4.398251e-01,3.594354e-01,3.014147e-01,6.878349e-01,7.936491e-01,8.397094e-01,8.662165e-01,8.818393e-01,9.005805e-01,8.859756e-01,8.824974e-01
1.385500e-02,6.229199e+00,6.199713e+00,1.353278e+00,7.462810e-01,5.600754e-01,4.398251e-01,3.594354e-01,3.014147e-01,6.878350e-01,7.936493e-01,8.397095e-01,8.662166e-01,8.818394e-01,9.005806e-01,8.859756e-01,8.824974e-01
1.386000e-02,6.229199e+00,6.199713e+00,1.353277e+00,7.462810e-01,5.600754e-01,4.398251e-01,3.594354e-01,3.014147e-01,6.878353e-01,7.936494e-01,8.397096e-01,8.662167e-01,8.818395e-01,9.005807e-01,8.859755e-01,8.824975e-01
1.386500e-02,6.229198e+00,6.199712e+00,1.353276e+00,7.462810e-01,5.600754e-01,4.398251e-01,3.594354e-01,3.014147e-01,6.878355e-01,7.936495e-01,8.397098e-01,8.662168e-01,8.818396e-01,9.005807e-01,8.859755e-01,8.824976e-01
1.387000e-02,6.229197e+00,6.199712e+00,1.353275e+00,7.462810e-01,5.600754e-01,4.398251e-01,3.594354e-01,3.014147e-01,6.878357e-01,7.936497e-01,8.397099e-01,8.662169e-01,8.818397e-01,9.005808e-01,8.859755e-01,8.824976e-01
1.387500e-02,6.229197e+00,6.199711e+00,1.353274e+00,7.462810e-01,5.600754e-01,4.398251e-01,3.594354e-01,3.014147e-01,6.878359e-01,7.936498e-01,8.397100e-01,8.662170e-01,8.818398e-01,9.005809e-01,8.859755e-01,8.824977e-01
1.388000e-02,6.229196e+00,6.199711e+00,1.353273e+00,7.462810e-01,5.600754e-01,4.398251e-01,3.594354e-01,3.014147e-01,6.878361e-01,7.936500e-01,8.397101e-01,8.662171e-01,8.818398e-01,9.005810e-01,8.859754e-01,8.824977e-01
1.388500e-02,6.229195e+00,6.199710e+00,1.353272e+00,7.462810e-01,5.600754e-01,4.398251e-01,3.594354e-01,3.014147e-01,6.878363e-01,7.936501e-01,8.397103e-01,8.662172e-01,8.818399e-01,9.005811e-01,8.859754e-01,8.824978e-01
1.389000e-02,6.229195e+00,6.199710e+00,1.353271e+00,7.462810e-01,5.600754e-01,4.398251e-01,3.594354e-01,3.014147e-01,6.878366e-01,7.936502e-01,8.397104e-01,8.662173e-01,8.818400e-01,9.005812e-01,8.859754e-01,8.824979e-01
1.389500e-02,6.229194e+00,6.199709e+00,1.353269e+00,7.462810e-01,5.600754e-01,4.398251e-01,3.594354e-01,3.014147e-01,6.878368e-01,7.936504e-01,8.397105e-01,8.662174e-01,8.818401e-01,9.005813e-01,8.859754e-01,8.824980e-01
1.390000e-02,6.229193e+00,6.199709e+00,1.353268e+00,7.462810e-01,5.600754e-01,4.398251e-01,3.594354e-01,3.014147e-01,6.878371e-01,7.936505e-01,8.397106e-01,8.662176e-01,8.818402e-01,9.005814e-01,8.859753e-01,8.824980e-01
1.390500e-02,6.229192e+00,6.199708e+00,1.353266e+00,7.462810e-01,5.600754e-01,4.398251e-01,3.594354e-01,3.014147e-01,6.878373e-01,7.936507e-01,8.397108e-01,8.662177e-01,8.818403e-01,9.005814e-01,8.859753e-01,8.824981e-01
1.391000e-02,6.229191e+00,6.199708e+00,1.353265e+00,7.462810e-01,5.600754e-01,4.398251e-01,3.594354e-01,3.014147e-01,6.878375e-01,7.936508e-01,8.397109e-01,8.662178e-01,8.818404e-01,9.005815e-01,8.859753e-01,8.824982e-01
1.391500e-02,6.229191e+00,6.199707e+00,1.353263e+00,7.462810e-01,5.600754e-01,4.398251e-01,3.594354e-01,3.014147e-01,6.878378e-01,7.936510e-01,8.397110e-01,8.662179e-01,8.818405e-01,9.005816e-01,8.859753e-01,8.824982e-01
1.392000e-02,6.229190e+00,6.199706e+00,1.353261e+00,7.462810e-01,5.600754e-01,4.398251e-01,3.594354e-01,3.014147e-01,6.878380e-01,7.936511e-01,8.397112e-01,8.662180e-01,8.818406e-01,9.005817e-01,8.859753e-01,8.824983e-01
1.392500e-02,6.229189e+00,6.199706e+00,1.353259e+00,7.462810e-01,5.600754e-01,4.398251e-01,3.594354e-01,3.014147e-01,6.878383e-01,7.936513e-01,8.397113e-01,8.662181e-01,8.818407e-01,9.005818e-01,8.859752e-01,8.824984e-01
1.393000e-02,6.229188e+00,6.199705e+00,1.353258e+00,7.462810e-01,5.600754e-01,4.398251e-01,3.594354e-01,3.014147e-01,6.878386e-01,7.936514e-01,8.397114e-01,8.662183e-01,8.818409e-01,9.005819e-01,8.859752e-01,8.824985e-01
1.393500e-02,6.229187e+00,6.199705e+00,1.353256e+00,7.462810e-01,5.600754e-01,4.398251e-01,3.594354e-01,3.014147e-01,6.878388e-01,7.936516e-01,8.397116e-01,8.662184e-01,8.818410e-01,9.005820e-01,8.859752e-01,8.824985e-01
1.394000e-02,6.229186e+00,6.199704e+00,1.353254e+00,7.462810e-01,5.600754e-01,4.398251e-01,3.594354e-01,3.014147e-01,6.878391e-01,7.936517e-01,8.397117e-01,8.662185e-01,8.818411e-01,9.005821e-01,8.859752e-01,8.824986e-01
1.394500e-02,6.229185e+00,6.199703e+00,1.353252e+00,7.462810e-01,5.600754e-01,4.398251e-01,3.594354e-01,3.014147e-01,6.878394e-01,7.936519e-01,8.397119e-01,8.662186e-01,8.818412e-01,9.005822e-01,8.859752e-01,8.824987e-01
1.395000e-02,6.229184e+00,6.199703e+00,1.353250e+00,7.462810e-01,5.600754e-01,4.398251e-01,3.594354e-01,3.014147e-01,6.878396e-01,7.936520e-01,8.397120e-01,8.662188e-01,8.818413e-01,9.005823e-01,8.859752e-01,8.824988e-01
1.395500e-02,6.229183e+00,6.199702e+00,1.353248e+00,7.462810e-01,5.600754e-01,4.398251e-01,3.594354e-01,3.014147e-01,6.878399e-01,7.936522e-01,8.397122e-01,8.662189e-01,8.818414e-01,9.005824e-01,8.859752e-01,8.824988e-01
1.396000e-02,6.229182e+00,6.199701e+00,1.353245e+00,7.462810e-01,5.600754e-01,4.398251e-01,3.594354e-01,3.014147e-01,6.878402e-01,7.936524e-01,8.397123e-01,8.662190e-01,8.818415e-01,9.005825e-01,8.859752e-01,8.824989e-01
1.396500e-02,6.229181e+00,6.199700e+00,1.353243e+00,7.462810e-01,5.600754e-01,4.398251e-01,3.594354e-01,3.014147e-01,6.878405e-01,7.936525e-01,8.397125e-01,8.662191e-01,8.818416e-01,9.005826e-01,8.859752e-01,8.824990e-01
1.397000e-02,6.229180e+00,6.199700e+00,1.353241e+00,7.462810e-01,5.600754e-01,4.398251e-01,3.594354e-01,3.014147e-01,6.878408e-01,7.936527e-01,8.397126e-01,8.662193e-01,8.818417e-01,9.005827e-01,8.859751e-01,8.824991e-01
1.397500e-02,6.229179e+00,6.199699e+00,1.353239e+00,7.462810e-01,5.600754e-01,4.398251e-01,3.594354e-01,3.014147e-01,6.878410e-01,7.936529e-01,8.397128e-01,8.662194e-01,8.818419e-01,9.005828e-01,8.859751e-01,8.824992e-01
1.398000e-02,6.229178e+00,6.199698e+00,1.353236e+00,7.462810e-01,5.600754e-01,4.398251e-01,3.594354e-01,3.014147e-01,6.878413e-01,7.936530e-01,8.397129e-01,8.662195e-01,8.818420e-01,9.005830e-01,8.859751e-01,8.824993e-01
1.398500e-02,6.229177e+00,6.199697e+00,1.353234e+00,7.462810e-01,5.600754e-01,4.398251e-01,3.594354e-01,3.014147e-01,6.878416e-01,7.936532e-01,8.397131e-01,8.662197e-01,8.818421e-01,9.005831e-01,8.859751e-01,8.824993e-01
1.399000e-02,6.229176e+00,6.199697e+00,1.353232e+00,7.462810e-01,5.600754e-01,4.398251e-01,3.594354e-01,3.014147e-01,6.878419e-01,7.936534e-01,8.397132e-01,8.662198e-01,8.818422e-01,9.005832e-01,8.859751e-01,8.824994e-01
1.399500e-02,6.229174e+00,6.199696e+00,1.353229e+00,7.462810e-01,5.600754e-01,4.398251e-01,3.594354e-01,3.014147e-01,6.878422e-01,7.936535e-01,8.397134e-01,8.662199e-01,8.818423e-01,9.005833e-01,8.859751e-01,8.824995e-01
1.400000e-02,6.229173e+00,6.199695e+00,1.353227e+00,7.462810e-01,5.600754e-01,4.398251e-01,3.594354e-01,3.014147e-01,6.878425e-01,7.936537e-01,8.397135e-01,8.662201e-01,8.818425e-01,9.005834e-01,8.859751e-01,8.824996e-01
1.400500e-02,6.229172e+00,6.199694e+00,1.353224e+00,7.462810e-01,5.600754e-01,4.398251e-01,3.594354e-01,3.014147e-01,6.878428e-01,7.936539e-01,8.397137e-01,8.662202e-01,8.818426e-01,9.005835e-01,8.859751e-01,8.824997e-01
1.401000e-02,6.229171e+00,6.199693e+00,1.353222e+00,7.462810e-01,5.600754e-01,4.398251e-01,3.594354e-01,3.014147e-01,6.878431e-01,7.936540e-01,8.397138e-01,8.662203e-01,8.818427e-01,9.005836e-01,8.859751e-01,8.824998e-01
1.401500e-02,6.229170e+00,6.199692e+00,1.353219e+00,7.462810e-01,5.600754e-01,4.398251e-01,3.594354e-01,3.014147e-01,6.878434e-01,7.936542e-01,8.397140e-01,8.662205e-01,8.818428e-01,9.005837e-01,8.859751e-01,8.824999e-01
1.402000e-02,6.229169e+00,6.199692e+00,1.353216e+00,7.462810e-01,5.600754e-01,4.398251e-01,3.594354e-01,3.014147e-01,6.878437e-01,7.936544e-01,8.397142e-01,8.662206e-01,8.818430e-01,9.005838e-01,8.859751e-01,8.824999e-01
1.402500e-02,6.229167e+00,6.199691e+00,1.353214e+00,7.462810e-01,5.600754e-01,4.398251e-01,3.594354e-01,3.014147e-01,6.878441e-01,7.936546e-01,8.397143e-01,8.662208e-01,8.818431e-01,9.005839e-01,8.859751e-01,8.825000e-01
1.403000e-02,6.229166e+00,6.199690e+00,1.353211e+00,7.462810e-01,5.600754e-01,4.398251e-01,3.594354e-01,3.014147e-01,6.878444e-01,7.936547e-01,8.397145e-01,8.662209e-01,8.818432e-01,9.005840e-01,8.859751e-01,8.825001e-01
1.403500e-02,6.229165e+00,6.199689e+00,1.353208e+00,7.462810e-01,5.600754e-01,4.398251e-01,3.594354e-01,3.014147e-01,6.878447e-01,7.936549e-01,8.397147e-01,8.662211e-01,8.818433e-01,9.005842e-01,8.859751e-01,8.825002e-01
1.404000e-02,6.229164e+00,6.199688e+00,1.353205e+00,7.462810e-01,5.600754e-01,4.398251e-01,3.594354e-01,3.014147e-01,6.878450e-01,7.936551e-01,8.397148e-01,8.662212e-01,8.818435e-01,9.005843e-01,8.859751e-01,8.825003e-01
1.404500e-02,6.229163e+00,6.199687e+00,1.353203e+00,7.462810e-01,5.600754e-01,4.398251e-01,3.594354e-01,3.014147e-01,6.878453e-01,7.936553e-01,8.397150e-01,8.662213e-01,8.818436e-01,9.005844e-01,8.859751e-01,8.825004e-01
1.405000e-02,6.229161e+00,6.199686e+00,1.353200e+00,7.462810e-01,5.600754e-01,4.398251e-01,3.594354e-01,3.014147e-01,6.878456e-01,7.936555e-01,8.397151e-01,8.662215e-01,8.818437e-01,9.005845e-01,8.859751e-01,8.825005e-01
1.405500e-02,6.229160e+00,6.199685e+00,1.353197e+00,7.462810e-01,5.600754e-01,4.398251e-01,3.594354e-01,3.014147e-01,6.878460e-01,7.936556e-01,8.397153e-01,8.662216e-01,8.818438e-01,9.005846e-01,8.859751e-01,8.825006e-01
1.406000e-02,6.229159e+00,6.199685e+00,1.353194e+00,7.462810e-01,5.600754e-01,4.398251e-01,3.594354e-01,3.014147e-01,6.878463e-01,7.936558e-01,8.397155e-01,8.662218e-01,8.818440e-01,9.005847e-01,8.859751e-01,8.825007e-01
1.406500e-02,6.229158e+00,6.199684e+00,1.353191e+00,7.462810e-01,5.600754e-01,4.398251e-01,3.594354e-01,3.014147e-01,6.878466e-01,7.936560e-01,8.397157e-01,8.662219e-01,8.818441e-01,9.005848e-01,8.859751e-01,8.825007e-01
1.407000e-02,6.229156e+00,6.199683e+00,1.353188e+00,7.462810e-01,5.600754e-01,4.398251e-01,3.594354e-01,3.014147e-01,6.878469e-01,7.936562e-01,8.397158e-01,8.662221e-01,8.818442e-01,9.005849e-01,8.859751e-01,8.825008e-01
1.407500e-02,6.229155e+00,6.199682e+00,1.353185e+00,7.462810e-01,5.600754e-01,4.398251e-01,3.594354e-01,3.014147e-01,6.878473e-01,7.936564e-01,8.397160e-01,8.662222e-01,8.818444e-01,9.005851e-01,8.859751e-01,8.825009e-01
1.408000e-02,6.229154e+00,6.199681e+00,1.353182e+00,7.462810e-01,5.600754e-01,4.398251e-01,3.594354e-01,3.014147e-01,6.878476e-01,7.936565e-01,8.397162e-01,8.662224e-01,8.818445e-01,9.005852e-01,8.859751e-01,8.825010e-01
1.408500e-02,6.229152e+00,6.199680e+00,1.353179e+00,7.462810e-01,5.600754e-01,4.398251e-01,3.594354e-01,3.014147e-01,6.878479e-01,7.936567e-01,8.397163e-01,8.662225e-01,8.818446e-01,9.005853e-01,8.859750e-01,8.825011e-01
1.409000e-02,6.229151e+00,6.199679e+00,1.353176e+00,7.462810e-01,5.600754e-01,4.398251e-01,3.594354e-01,3.014147e-01,6.878483e-01,7.936569e-01,8.397165e-01,8.662227e-01,8.818448e-01,9.005854e-01,8.859750e-01,8.825012e-01
1.409500e-02,6.229150e+00,6.199678e+00,1.353173e+00,7.462810e-01,5.600754e-01,4.398251e-01,3.594354e-01,3.014147e-01,6.878486e-01,7.936571e-01,8.397167e-01,8.662228e-01,8.818449e-01,9.005855e-01,8.859750e-01,8.825013e-01
1.410000e-02,6.229148e+00,6.199677e+00,1.353170e+00,7.462810e-01,5.600754e-01,4.398251e-01,3.594354e-01,3.014147e-01,6.878489e-01,7.936573e-01,8.397168e-01,8.662230e-01,8.818450e-01,9.005856e-01,8.859750e-01,8.825014e-01
1.410500e-02,6.229147e+00,6.199676e+00,1.353167e+00,7.462810e-01,5.600754e-01,4.398251e-01,3.594354e-01,3.014147e-01,6.878493e-01,7.936575e-01,8.397170e-01,8.662231e-01,8.818451e-01,9.005858e-01,8.859750e-01,8.825015e-01
1.411000e-02,6.229146e+00,6.199675e+00,1.353164e+00,7.462810e-01,5.600754e-01,4.398251e-01,3.594354e-01,3.014147e-01,6.878496e-01,7.936577e-01,8.397172e-01,8.662232e-01,8.818453e-01,9.005859e-01,8.859750e-01,8.825016e-01
1.411500e-02,6.229144e+00,6.199674e+00,1.353161e+00,7.462810e-01,5.600754e-01,4.398251e-01,3.594354e-01,3.014147e-01,6.878499e-01,7.936578e-01,8.397173e-01,8.662234e-01,8.818454e-01,9.005860e-01,8.859750e-01,8.825017e-01
1.412000e-02,6.229143e+00,6.199673e+00,1.353157e+00,7.462810e-01,5.600754e-01,4.398251e-01,3.594354e-01,3.014147e-01,6.878503e-01,7.936580e-01,8.397175e-01,8.662235e-01,8.818455e-01,9.005861e-01,8.859750e-01,8.825018e-01
1.412500e-02,6.229141e+00,6.199672e+00,1.353154e+00,7.462810e-01,5.600754e-01,4.398251e-01,3.594354e-01,3.014147e-01,6.878506e-01,7.936582e-01,8.397177e-01,8.662237e-01,8.818457e-01,9.005862e-01,8.859750e-01,8.825019e-01
1.413000e-02,6.229140e+00,6.199671e+00,1.353151e+00,7.462810e-01,5.600754e-01,4.398251e-01,3.594354e-01,3.014147e-01,6.878510e-01,7.936584e-01,8.397178e-01,8.662238e-01,8.818458e-01,9.005864e-01,8.859750e-01,8.825020e-01
1.413500e-02,6.229139e+00,6.199670e+00,1.353148e+00,7.462810e-01,5.600754e-01,4.398251e-01,3.594354e-01,3.014147e-01,6.878513e-01,7.936586e-01,8.397180e-01,8.662240e-01,8.818459e-01,9.005865e-01,8.859750e-01,8.825021e-01
1.414000e-02,6.229137e+00,6.199669e+00,1.353144e+00,7.462810e-01,5.600754e-01,4.398251e-01,3.594354e-01,3.014147e-01,6.878516e-01,7.936587e-01,8.397182e-01,8.662241e-01,8.818461e-01,9.005866e-01,8.859750e-01,8.825022e-01
1.414500e-02,6.229136e+00,6.199668e+00,1.353141e+00,7.462810e-01,5.600754e-01,4.398251e-01,3.594354e-01,3.014147e-01,6.878520e-01,7.936589e-01,8.397183e-01,8.662243e-01,8.818462e-01,9.005867e-01,8.859750e-01,8.825023e-01
1.415000e-02,6.229135e+00,6.199667e+00,1.353138e+00,7.462810e-01,5.600754e-01,4.398251e-01,3.594354e-01,3.014147e-01,6.878523e-01,7.936591e-01,8.397185e-01,8.662244e-01,8.818463e-01,9.005869e-01,8.859750e-01,8.825024e-01
1.415500e-02,6.229133e+00,6.199666e+00,1.353135e+00,7.462810e-01,5.600754e-01,4.398251e-01,3.594354e-01,3.014147e-01,6.878527e-01,7.936593e-01,8.397187e-01,8.662246e-01,8.818465e-01,9.005870e-01,8.859750e-01,8.825025e-01
1.416000e-02,6.229132e+00,6.199665e+00,1.353131e+00,7.462810e-01,5.600754e-01,4.398251e-01,3.594354e-01,3.014147e-01,6.878530e-01,7.936595e-01,8.397188e-01,8.662247e-01,8.818466e-01,9.005871e-01,8.859750e-01,8.825026e-01
1.416500e-02,6.229130e+00,6.199664e+00,1.353128e+00,7.462810e-01,5.600754e-01,4.398251e-01,3.594354e-01,3.014147e-01,6.878534e-01,7.936597e-01,8.397190e-01,8.662249e-01,8.818468e-01,9.005872e-01,8.859750e-01,8.825027e-01
1.417000e-02,6.229129e+00,6.199663e+00,1.353124e+00,7.462810e-01,5.600754e-01,4.398251e-01,3.594354e-01,3.014147e-01,6.878537e-01,7.936598e-01,8.397192e-01,8.662250e-01,8.818469e-01,9.005874e-01,8.859750e-01,8.825029e-01
1.417500e-02,6.229127e+00,6.199662e+00,1.353121e+00,7.462810e-01,5.600754e-01,4.398251e-01,3.594354e-01,3.014147e-01,6.878540e-01,7.936600e-01,8.397193e-01,8.662252e-01,8.818470e-01,9.005875e-01,8.859751e-01,8.825030e-01
1.418000e-02,6.229126e+00,6.199661e+00,1.353118e+00,7.462810e-01,5.600754e-01,4.398251e-01,3.594354e-01,3.014147e-01,6.878544e-01,7.936602e-01,8.397195e-01,8.662253e-01,8.818472e-01,9.005876e-01,8.859751e-01,8.825031e-01
1.418500e-02,6.229125e+00,6.199660e+00,1.353114e+00,7.462810e-01,5.600754e-01,4.398251e-01,3.594354e-01,3.014147e-01,6.878547e-01,7.936604e-01,8.397197e-01,8.662255e-01,8.818473e-01,9.005878e-01,8.859751e-01,8.825032e-01
1.419000e-02,6.229123e+00,6.199659e+00,1.353111e+00,7.462810e-01,5.600754e-01,4.398251e-01,3.594354e-01,3.014147e-01,6.878551e-01,7.936606e-01,8.397199e-01,8.662256e-01,8.818474e-01,9.005879e-01,8.859751e-01,8.825033e-01
1.419500e-02,6.229122e+00,6.199658e+00,1.353107e+00,7.462810e-01,5.600754e-01,4.398251e-01,3.594354e-01,3.014147e-01,6.878554e-01,7.936607e-01,8.397200e-01,8.662258e-01,8.818476e-01,9.005881e-01,8.859751e-01,8.825035e-01
1.420000e-02,6.229120e+00,6.199657e+00,1.353104e+00,7.462810e-01,5.600754e-01,4.398251e-01,3.594354e-01,3.014147e-01,6.878558e-01,7.936609e-01,8.397202e-01,8.662259e-01,8.818477e-01,9.005882e-01,8.859751e-01,8.825036e-01
1.420500e-02,6.229119e+00,6.199656e+00,1.353101e+00,7.462810e-01,5.600754e-01,4.398251e-01,3.594354e-01,3.014147e-01,6.878561e-01,7.936611e-01,8.397204e-01,8.662261e-01,8.818479e-01,9.005883e-01,8.859752e-01,8.825037e-01
1.421000e-02,6.229117e+00,6.199655e+00,1.353097e+00,7.462810e-01,5.600754e-01,4.398251e-01,3.594354e-01,3.014147e-01,6.878564e-01,7.936613e-01,8.397205e-01,8.662262e-01,8.818480e-01,9.005885e-01,8.859752e-01,8.825039e-01
1.421500e-02,6.229116e+00,6.199654e+00,1.353094e+00,7.462810e-01,5.600754e-01,4.398251e-01,3.594354e-01,3.014147e-01,6.878568e-01,7.936615e-01,8.397207e-01,8.662264e-01,8.818482e-01,9.005886e-01,8.859752e-01,8.825040e-01
1.422000e-02,6.229115e+00,6.199653e+00,1.353090e+00,7.462810e-01,5.600754e-01,4.398251e-01,3.594354e-01,3.014147e-01,6.878571e-01,7.936617e-01,8.397209e-01,8.662265e-01,8.818483e-01,9.005888e-01,8.859753e-01,8.825041e-01
1.422500e-02,6.229113e+00,6.199652e+00,1.353087e+00,7.462810e-01,5.600754e-01,4.398251e-01,3.594354e-01,3.014147e-01,6.878575e-01,7.936618e-01,8.397211e-01,8.662267e-01,8.818485e-01,9.005889e-01,8.859753e-01,8.825043e-01
1.423000e-02,6.229112e+00,6.199650e+00,1.353084e+00,7.462810e-01,5.600754e-01,4.398251e-01,3.594354e-01,3.014147e-01,6.878578e-01,7.936620e-01,8.397212e-01,8.662269e-01,8.818486e-01,9.005891e-01,8.859753e-01,8.825044e-01
1.423500e-02,6.229110e+00,6.199649e+00,1.353080e+00,7.462810e-01,5.600754e-01,4.398251e-01,3.594354e-01,3.014147e-01,6.878582e-01,7.936622e-01,8.397214e-01,8.662270e-01,8.818488e-01,9.005892e-01,8.859753e-01,8.825045e-01
1.424000e-02,6.229109e+00,6.199648e+00,1.353077e+00,7.462810e-01,5.600754e-01,4.398251e-01,3.594354e-01,3.014147e-01,6.878585e-01,7.936624e-01,8.397216e-01,8.662272e-01,8.818489e-01,9.005894e-01,8.859754e-01,8.825047e-01
1.424500e-02,6.229107e+00,6.199647e+00,1.353073e+00,7.462810e-01,5.600754e-01,4.398251e-01,3.594354e-01,3.014147e-01,6.878589e-01,7.936626e-01,8.397218e-01,8.662273e-01,8.818491e-01,9.005895e-01,8.859754e-01,8.825048e-01
1.425000e-02,6.229106e+00,6.199646e+00,1.353070e+00,7.462810e-01,5.600754e-01,4.398251e-01,3.594354e-01,3.014147e-01,6.878592e-01,7.936628e-01,8.397219e-01,8.662275e-01,8.818493e-01,9.005897e-01,8.859754e-01,8.825050e-01
1.425500e-02,6.229105e+00,6.199645e+00,1.353066e+00,7.462810e-01,5.600754e-01,4.398251e-01,3.594354e-01,3.014147e-01,6.878596e-01,7.936629e-01,8.397221e-01,8.662277e-01,8.818494e-01,9.005899e-01,8.859755e-01,8.825051e-01
1.426000e-02,6.229103e+00,6.199644e+00,1.353063e+00,7.462810e-01,5.600754e-01,4.398251e-01,3.594354e-01,3.014147e-01,6.878599e-01,7.936631e-01,8.397223e-01,8.662278e-01,8.818496e-01,9.005900e-01,8.859755e-01,8.825053e-01
1.426500e-02,6.229102e+00,6.199643e+00,1.353060e+00,7.462810e-01,5.600754e-01,4.398251e-01,3.594354e-01,3.014147e-01,6.878602e-01,7.936633e-01,8.397225e-01,8.662280e-01,8.818497e-01,9.005902e-01,8.859755e-01,8.825054e-01
1.427000e-02,6.229100e+00,6.199642e+00,1.353056e+00,7.462810e-01,5.600754e-01,4.398251e-01,3.594354e-01,3.014147e-01,6.878606e-01,7.936635e-01,8.397227e-01,8.662282e-01,8.818499e-01,9.005903e-01,8.859756e-01,8.825056e-01
1.427500e-02,6.229099e+00,6.199641e+00,1.353053e+00,7.462810e-01,5.600754e-01,4.398251e-01,3.594354e-01,3.014147e-01,6.878609e-01,7.936637e-01,8.397229e-01,8.662284e-01,8.818501e-01,9.005905e-01,8.859756e-01,8.825057e-01
1.428000e-02,6.229097e+00,6.199640e+00,1.353049e+00,7.462810e-01,5.600754e-01,4.398251e-01,3.594354e-01,3.014147e-01,6.878613e-01,7.936639e-01,8.397230e-01,8.662285e-01,8.818502e-01,9.005907e-01,8.859757e-01,8.825059e-01
1.428500e-02,6.229096e+00,6.199639e+00,1.353046e+00,7.462810e-01,5.600754e-01,4.398251e-01,3.594354e-01,3.014147e-01,6.878617e-01,7.936641e-01,8.397232e-01,8.662287e-01,8.818504e-01,9.005908e-01,8.859757e-01,8.825060e-01
1.429000e-02,6.229094e+00,6.199638e+00,1.353042e+00,7.462810e-01,5.600754e-01,4.398251e-01,3.594354e-01,3.014147e-01,6.878620e-01,7.936643e-01,8.397234e-01,8.662289e-01,8.818506e-01,9.005910e-01,8.859757e-01,8.825062e-01
1.429500e-02,6.229093e+00,6.199637e+00,1.353039e+00,7.462810e-01,5.600754e-01,4.398251e-01,3.594354e-01,3.014147e-01,6.878624e-01,7.936645e-01,8.397236e-01,8.662291e-01,8.818507e-01,9.005912e-01,8.859758e-01,8.825063e-01
1.430000e-02,6.229091e+00,6.199636e+00,1.353035e+00,7.462810e-01,5.600754e-01,4.398251e-01,3.594354e-01,3.014147e-01,6.878627e-01,7.936647e-01,8.397238e-01,8.662292e-01,8.818509e-01,9.005913e-01,8.859758e-01,8.825065e-01
1.430500e-02,6.229090e+00,6.199635e+00,1.353032e+00,7.462810e-01,5.600754e-01,4.398251e-01,3.594354e-01,3.014147e-01,6.878631e-01,7.936649e-01,8.397240e-01,8.662294e-01,8.818511e-01,9.005915e-01,8.859759e-01,8.825067e-01
1.431000e-02,6.229089e+00,6.199634e+00,1.353029e+00,7.462810e-01,5.600754e-01,4.398251e-01,3.594354e-01,3.014147e-01,6.878634e-01,7.936651e-01,8.397242e-01,8.662296e-01,8.818512e-01,9.005917e-01,8.859759e-01,8.825068e-01
1.431500e-02,6.229087e+00,6.199633e+00,1.353025e+00,7.462810e-01,5.600754e-01,4.398251e-01,3.594354e-01,3.014147e-01,6.878638e-01,7.936653e-01,8.397244e-01,8.662298e-01,8.818514e-01,9.005918e-01,8.859760e-01,8.825070e-01
1.432000e-02,6.229086e+00,6.199632e+00,1.353022e+00,7.462810e-01,5.600754e-01,4.398251e-01,3.594354e-01,3.014147e-01,6.878642e-01,7.936655e-01,8.397246e-01,8.662300e-01,8.818516e-01,9.005920e-01,8.859760e-01,8.825072e-01
1.432500e-02,6.229084e+00,6.199631e+00,1.353018e+00,7.462810e-01,5.600754e-01,4.398251e-01,3.594354e-01,3.014147e-01,6.878645e-01,7.936657e-01,8.397248e-01,8.662301e-01,8.818517e-01,9.005922e-01,8.859761e-01,8.825074e-01
1.433000e-02,6.229083e+00,6.199629e+00,1.353015e+00,7.462810e-01,5.600754e-01,4.398251e-01,3.594354e-01,3.014147e-01,6.878649e-01,7.936659e-01,8.397250e-01,8.662303e-01,8.818519e-01,9.005924e-01,8.859761e-01,8.825075e-01
1.433500e-02,6.229081e+00,6.199628e+00,1.353011e+00,7.462810e-01,5.600754e-01,4.398251e-01,3.594354e-01,3.014147e-01,6.878653e-01,7.936662e-01,8.397252e-01,8.662305e-01,8.818521e-01,9.005925e-01,8.859762e-01,8.825077e-01
1.434000e-02,6.229080e+00,6.199627e+00,1.353008e+00,7.462810e-01,5.600754e-01,4.398251e-01,3.594354e-01,3.014147e-01,6.878656e-01,7.936664e-01,8.397254e-01,8.662307e-01,8.818523e-01,9.005927e-01,8.859763e-01,8.825079e-01
1.434500e-02,6.229078e+00,6.199626e+00,1.353004e+00,7.462810e-01,5.600754e-01,4.398251e-01,3.594354e-01,3.014147e-01,6.878660e-01,7.936666e-01,8.397256e-01,8.662309e-01,8.818524e-01,9.005929e-01,8.859763e-01,8.825081e-01
1.435000e-02,6.229077e+00,6.199625e+00,1.353001e+00,7.462810e-01,5.600754e-01,4.398251e-01,3.594354e-01,3.014147e-01,6.878664e-01,7.936668e-01,8.397258e-01,8.662311e-01,8.818526e-01,9.005931e-01,8.859764e-01,8.825082e-01
1.435500e-02,6.229075e+00,6.199624e+00,1.352997e+00,7.462810e-01,5.600754e-01,4.398251e-01,3.594354e-01,3.014147e-01,6.878668e-01,7.936670e-01,8.397260e-01,8.662312e-01,8.818528e-01,9.005933e-01,8.859764e-01,8.825084e-01
1.436000e-02,6.229074e+00,6.199623e+00,1.352994e+00,7.462810e-01,5.600754e-01,4.398251e-01,3.594354e-01,3.014147e-01,6.878671e-01,7.936672e-01,8.397262e-01,8.662314e-01,8.818530e-01,9.005935e-01,8.859765e-01,8.825086e-01
1.436500e-02,6.229072e+00,6.199622e+00,1.352990e+00,7.462810e-01,5.600754e-01,4.398251e-01,3.594354e-01,3.014147e-01,6.878675e-01,7.936674e-01,8.397264e-01,8.662316e-01,8.818531e-01,9.005937e-01,8.859766e-01,8.825088e-01
1.437000e-02,6.229071e+00,6.199621e+00,1.352987e+00,7.462810e-01,5.600754e-01,4.398251e-01,3.594354e-01,3.014147e-01,6.878679e-01,7.936676e-01,8.397266e-01,8.662318e-01,8.818533e-01,9.005938e-01,8.859766e-01,8.825090e-01
1.437500e-02,6.229069e+00,6.199620e+00,1.352983e+00,7.462810e-01,5.600754e-01,4.398251e-01,3.594354e-01,3.014147e-01,6.878683e-01,7.936679e-01,8.397268e-01,8.662320e-01,8.818535e-01,9.005940e-01,8.859767e-01,8.825092e-01
1.438000e-02,6.229068e+00,6.199619e+00,1.352980e+00,7.462810e-01,5.600754e-01,4.398251e-01,3.594354e-01,3.014147e-01,6.878687e-01,7.936681e-01,8.397270e-01,8.662322e-01,8.818537e-01,9.005942e-01,8.859768e-01,8.825094e-01
1.438500e-02,6.229066e+00,6.199617e+00,1.352976e+00,7.462810e-01,5.600754e-01,4.398251e-01,3.594354e-01,3.014147e-01,6.878691e-01,7.936683e-01,8.397272e-01,8.662324e-01,8.818539e-01,9.005944e-01,8.859769e-01,8.825096e-01
1.439000e-02,6.229064e+00,6.199616e+00,1.352972e+00,7.462810e-01,5.600754e-01,4.398251e-01,3.594354e-01,3.014147e-01,6.878694e-01,7.936685e-01,8.397274e-01,8.662326e-01,8.818541e-01,9.005946e-01,8.859769e-01,8.825098e-01
1.439500e-02,6.229063e+00,6.199615e+00,1.352969e+00,7.462810e-01,5.600754e-01,4.398251e-01,3.594354e-01,3.014147e-01,6.878698e-01,7.936687e-01,8.397277e-01,8.662328e-01,8.818543e-01,9.005948e-01,8.859770e-01,8.825100e-01
1.440000e-02,6.229061e+00,6.199614e+00,1.352965e+00,7.462810e-01,5.600754e-01,4.398251e-01,3.594354e-01,3.014147e-01,6.878702e-01,7.936689e-01,8.397279e-01,8.662330e-01,8.818545e-01,9.005951e-01,8.859771e-01,8.825102e-01
1.440500e-02,6.229060e+00,6.199613e+00,1.352962e+00,7.462810e-01,5.600754e-01,4.398251e-01,3.594354e-01,3.014147e-01,6.878706e-01,7.936692e-01,8.397281e-01,8.662332e-01,8.818547e-01,9.005953e-01,8.859772e-01,8.825104e-01
1.441000e-02,6.229058e+00,6.199612e+00,1.352958e+00,7.462810e-01,5.600754e-01,4.398251e-01,3.594354e-01,3.014147e-01,6.878710e-01,7.936694e-01,8.397283e-01,8.662334e-01,8.818549e-01,9.005955e-01,8.859773e-01,8.825106e-01
1.441500e-02,6.229057e+00,6.199611e+00,1.352954e+00,7.462810e-01,5.600754e-01,4.398251e-01,3.594354e-01,3.014147e-01,6.878714e-01,7.936696e-01,8.397285e-01,8.662336e-01,8.818551e-01,9.005957e-01,8.859774e-01,8.825108e-01
1.442000e-02,6.229055e+00,6.199610e+00,1.352950e+00,7.462810e-01,5.600754e-01,4.398251e-01,3.594354e-01,3.014147e-01,6.878718e-01,7.936698e-01,8.397287e-01,8.662338e-01,8.818553e-01,9.005959e-01,8.859775e-01,8.825110e-01
1.442500e-02,6.229053e+00,6.199608e+00,1.352947e+00,7.462810e-01,5.600754e-01,4.398251e-01,3.594354e-01,3.014147e-01,6.878722e-01,7.936700e-01,8.397290e-01,8.662340e-01,8.818555e-01,9.005961e-01,8.859776e-01,8.825113e-01
1.443000e-02,6.229052e+00,6.199607e+00,1.352943e+00,7.462810e-01,5.600754e-01,4.398251e-01,3.594354e-01,3.014147e-01,6.878726e-01,7.936703e-01,8.397292e-01,8.662342e-01,8.818557e-01,9.005964e-01,8.859777e-01,8.825115e-01
1.443500e-02,6.229050e+00,6.199606e+00,1.352939e+00,7.462810e-01,5.600754e-01,4.398251e-01,3.594354e-01,3.014147e-01,6.878730e-01,7.936705e-01,8.397294e-01,8.662344e-01,8.818559e-01,9.005966e-01,8.859778e-01,8.825117e-01
1.444000e-02,6.229049e+00,6.199605e+00,1.352936e+00,7.462810e-01,5.600754e-01,4.398251e-01,3.594354e-01,3.014147e-01,6.878734e-01,7.936707e-01,8.397296e-01,8.662346e-01,8.818561e-01,9.005968e-01,8.859779e-01,8.825119e-01
1.444500e-02,6.229047e+00,6.199604e+00,1.352932e+00,7.462810e-01,5.600754e-01,4.398251e-01,3.594354e-01,3.014147e-01,6.878738e-01,7.936710e-01,8.397299e-01,8.662349e-01,8.818563e-01,9.005971e-01,8.859780e-01,8.825122e-01
1.445000e-02,6.229045e+00,6.199603e+00,1.352928e+00,7.462810e-01,5.600754e-01,4.398251e-01,3.594354e-01,3.014147e-01,6.878742e-01,7.936712e-01,8.397301e-01,8.662351e-01,8.818566e-01,9.005973e-01,8.859781e-01,8.825124e-01
1.445500e-02,6.229044e+00,6.199601e+00,1.352924e+00,7.462810e-01,5.600754e-01,4.398251e-01,3.594354e-01,3.014147e-01,6.878747e-01,7.936715e-01,8.397303e-01,8.662353e-01,8.818568e-01,9.005975e-01,8.859782e-01,8.825126e-01
1.446000e-02,6.229042e+00,6.199600e+00,1.352920e+00,7.462810e-01,5.600754e-01,4.398251e-01,3.594354e-01,3.014147e-01,6.878751e-01,7.936717e-01,8.397306e-01,8.662355e-01,8.818570e-01,9.005978e-01,8.859783e-01,8.825129e-01
1.446500e-02,6.229040e+00,6.199599e+00,1.352917e+00,7.462810e-01,5.600754e-01,4.398251e-01,3.594354e-01,3.014147e-01,6.878755e-01,7.936719e-01,8.397308e-01,8.662358e-01,8.818572e-01,9.005980e-01,8.859784e-01,8.825131e-01
1.447000e-02,6.229039e+00,6.199598e+00,1.352913e+00,7.462810e-01,5.600754e-01,4.398251e-01,3.594354e-01,3.014147e-01,6.878759e-01,7.936722e-01,8.397311e-01,8.662360e-01,8.818575e-01,9.005983e-01,8.859786e-01,8.825134e-01
1.447500e-02,6.229037e+00,6.199597e+00,1.352909e+00,7.462810e-01,5.600754e-01,4.398251e-01,3.594354e-01,3.014147e-01,6.878764e-01,7.936724e-01,8.397313e-01,8.662362e-01,8.818577e-01,9.005986e-01,8.859787e-01,8.825136e-01
1.448000e-02,6.229035e+00,6.199595e+00,1.352905e+00,7.462810e-01,5.600754e-01,4.398251e-01,3.594354e-01,3.014147e-01,6.878768e-01,7.936727e-01,8.397316e-01,8.662365e-01,8.818580e-01,9.005988e-01,8.859788e-01,8.825139e-01
1.448500e-02,6.229034e+00,6.199594e+00,1.352901e+00,7.462810e-01,5.600754e-01,4.398251e-01,3.594354e-01,3.014147e-01,6.878772e-01,7.936730e-01,8.397318e-01,8.662367e-01,8.818582e-01,9.005991e-01,8.859789e-01,8.825141e-01
1.449000e-02,6.229032e+00,6.199593e+00,1.352897e+00,7.462810e-01,5.600754e-01,4.398251e-01,3.594354e-01,3.014147e-01,6.878777e-01,7.936732e-01,8.397321e-01,8.662370e-01,8.818584e-01,9.005993e-01,8.859791e-01,8.825144e-01
1.449500e-02,6.229030e+00,6.199592e+00,1.352893e+00,7.462810e-01,5.600754e-01,4.398251e-01,3.594354e-01,3.014147e-01,6.878781e-01,7.936735e-01,8.397323e-01,8.662372e-01,8.818587e-01,9.005996e-01,8.859792e-01,8.825146e-01
1.450000e-02,6.229028e+00,6.199590e+00,1.352889e+00,7.462810e-01,5.600754e-01,4.398251e-01,3.594354e-01,3.014147e-01,6.878786e-01,7.936738e-01,8.397326e-01,8.662375e-01,8.818589e-01,9.005999e-01,8.859793e-01,8.825149e-01
1.450500e-02,6.229027e+00,6.199589e+00,1.352886e+00,7.462810e-01,5.600754e-01,4.398251e-01,3.594354e-01,3.014147e-01,6.878790e-01,7.936740e-01,8.397329e-01,8.662377e-01,8.818592e-01,9.006001e-01,8.859795e-01,8.825151e-01
1.451000e-02,6.229025e+00,6.199588e+00,1.352882e+00,7.462810e-01,5.600754e-01,4.398251e-01,3.594354e-01,3.014147e-01,6.878795e-01,7.936743e-01,8.397331e-01,8.662380e-01,8.818594e-01,9.006004e-01,8.859796e-01,8.825154e-01
1.451500e-02,6.229023e+00,6.199587e+00,1.352878e+00,7.462810e-01,5.600754e-01,4.398251e-01,3.594354e-01,3.014147e-01,6.878799e-01,7.936746e-01,8.397334e-01,8.662383e-01,8.818597e-01,9.006007e-01,8.859798e-01,8.825157e-01
1.452000e-02,6.229021e+00,6.199585e+00,1.352874e+00,7.462810e-01,5.600754e-01,4.398251e-01,3.594354e-01,3.014147e-01,6.878804e-01,7.936749e-01,8.397337e-01,8.662385e-01,8.818600e-01,9.006010e-01,8.859799e-01,8.825159e-01
1.452500e-02,6.229020e+00,6.199584e+00,1.352869e+00,7.462810e-01,5.600754e-01,4.398251e-01,3.594354e-01,3.014147e-01,6.878809e-01,7.936751e-01,8.397340e-01,8.662388e-01,8.818602e-01,9.006012e-01,8.859800e-01,8.825162e-01
1.453000e-02,6.229018e+00,6.199583e+00,1.352865e+00,7.462810e-01,5.600754e-01,4.398251e-01,3.594354e-01,3.014147e-01,6.878814e-01,7.936754e-01,8.397342e-01,8.662391e-01,8.818605e-01,9.006015e-01,8.859802e-01,8.825165e-01
1.453500e-02,6.229016e+00,6.199581e+00,1.352861e+00,7.462810e-01,5.600754e-01,4.398251e-01,3.594354e-01,3.014147e-01,6.878818e-01,7.936757e-01,8.397345e-01,8.662393e-01,8.818607e-01,9.006018e-01,8.859803e-01,8.825168e-01
1.454000e-02,6.229014e+00,6.199580e+00,1.352857e+00,7.462810e-01,5.600754e-01,4.398251e-01,3.594354e-01,3.014147e-01,6.878823e-01,7.936760e-01,8.397348e-01,8.662396e-01,8.818610e-01,9.006021e-01,8.859805e-01,8.825170e-01
1.454500e-02,6.229012e+00,6.199579e+00,1.352853e+00,7.462810e-01,5.600754e-01,4.398251e-01,3.594354e-01,3.014147e-01,6.878828e-01,7.936763e-01,8.397351e-01,8.662399e-01,8.818613e-01,9.006024e-01,8.859806e-01,8.825173e-01
1.455000e-02,6.229010e+00,6.199577e+00,1.352849e+00,7.462810e-01,5.600754e-01,4.398251e-01,3.594354e-01,3.014147e-01,6.878833e-01,7.936766e-01,8.397354e-01,8.662402e-01,8.818616e-01,9.006027e-01,8.859808e-01,8.825176e-01
1.455500e-02,6.229008e+00,6.199576e+00,1.352845e+00,7.462810e-01,5.600754e-01,4.398251e-01,3.594354e-01,3.014147e-01,6.878838e-01,7.936769e-01,8.397357e-01,8.662404e-01,8.818618e-01,9.006030e-01,8.859810e-01,8.825179e-01
1.456000e-02,6.229007e+00,6.199575e+00,1.352840e+00,7.462810e-01,5.600754e-01,4.398251e-01,3.594354e-01,3.014147e-01,6.878843e-01,7.936772e-01,8.397360e-01,8.662407e-01,8.818621e-01,9.006033e-01,8.859811e-01,8.825182e-01
1.456500e-02,6.229005e+00,6.199573e+00,1.352836e+00,7.462810e-01,5.600754e-01,4.398251e-01,3.594354e-01,3.014147e-01,6.878848e-01,7.936775e-01,8.397363e-01,8.662410e-01,8.818624e-01,9.006036e-01,8.859813e-01,8.825185e-01
1.457000e-02,6.229003e+00,6.199572e+00,1.352832e+00,7.462810e-01,5.600754e-01,4.398251e-01,3.594354e-01,3.014147e-01,6.878854e-01,7.936778e-01,8.397366e-01,8.662413e-01,8.818627e-01,9.006039e-01,8.859814e-01,8.825188e-01
1.457500e-02,6.229001e+00,6.199571e+00,1.352827e+00,7.462810e-01,5.600754e-01,4.398251e-01,3.594354e-01,3.014147e-01,6.878859e-01,7.936782e-01,8.397369e-01,8.662416e-01,8.818630e-01,9.006042e-01,8.859816e-01,8.825191e-01
1.458000e-02,6.228999e+00,6.199569e+00,1.352823e+00,7.462810e-01,5.600754e-01,4.398251e-01,3.594354e-01,3.014147e-01,6.878864e-01,7.936785e-01,8.397372e-01,8.662419e-01,8.818633e-01,9.006045e-01,8.859818e-01,8.825194e-01
1.458500e-02,6.228997e+00,6.199568e+00,1.352818e+00,7.462810e-01,5.600754e-01,4.398251e-01,3.594354e-01,3.014147e-01,6.878870e-01,7.936788e-01,8.397376e-01,8.662422e-01,8.818635e-01,9.006048e-01,8.859819e-01,8.825197e-01
1.459000e-02,6.228995e+00,6.199566e+00,1.352814e+00,7.462810e-01,5.600754e-01,4.398251e-01,3.594354e-01,3.014147e-01,6.878875e-01,7.936791e-01,8.397379e-01,8.662425e-01,8.818638e-01,9.006051e-01,8.859821e-01,8.825200e-01
1.459500e-02,6.228993e+00,6.199565e+00,1.352809e+00,7.462810e-01,5.600754e-01,4.398251e-01,3.594354e-01,3.014147e-01,6.878880e-01,7.936795e-01,8.397382e-01,8.662428e-01,8.818641e-01,9.006055e-01,8.859823e-01,8.825203e-01
1.460000e-02,6.228990e+00,6.199563e+00,1.352805e+00,7.462810e-01,5.600754e-01,4.398251e-01,3.594354e-01,3.014147e-01,6.878886e-01,7.936798e-01,8.397385e-01,8.662431e-01,8.818644e-01,9.006058e-01,8.859825e-01,8.825206e-01
1.460500e-02,6.228988e+00,6.199562e+00,1.352800e+00,7.462810e-01,5.600754e-01,4.398251e-01,3.594354e-01,3.014147e-01,6.878892e-01,7.936801e-01,8.397389e-01,8.662434e-01,8.818647e-01,9.006061e-01,8.859826e-01,8.825209e-01
1.461000e-02,6.228986e+00,6.199560e+00,1.352795e+00,7.462810e-01,5.600754e-01,4.398251e-01,3.594354e-01,3.014147e-01,6.878897e-01,7.936805e-01,8.397392e-01,8.662437e-01,8.818651e-01,9.006064e-01,8.859828e-01,8.825212e-01
1.461500e-02,6.228984e+00,6.199559e+00,1.352791e+00,7.462810e-01,5.600754e-01,4.398251e-01,3.594354e-01,3.014147e-01,6.878903e-01,7.936808e-01,8.397395e-01,8.662440e-01,8.818654e-01,9.006068e-01,8.859830e-01,8.825215e-01
1.462000e-02,6.228982e+00,6.199557e+00,1.352786e+00,7.462810e-01,5.600754e-01,4.398251e-01,3.594354e-01,3.014147e-01,6.878909e-01,7.936811e-01,8.397398e-01,8.662444e-01,8.818657e-01,9.006071e-01,8.859832e-01,8.825219e-01
1.462500e-02,6.228980e+00,6.199556e+00,1.352781e+00,7.462810e-01,5.600754e-01,4.398251e-01,3.594354e-01,3.014147e-01,6.878915e-01,7.936815e-01,8.397402e-01,8.662447e-01,8.818660e-01,9.006075e-01,8.859834e-01,8.825222e-01
1.463000e-02,6.228978e+00,6.199554e+00,1.352776e+00,7.462810e-01,5.600754e-01,4.398251e-01,3.594354e-01,3.014147e-01,6.878921e-01,7.936818e-01,8.397405e-01,8.662450e-01,8.818663e-01,9.006078e-01,8.859835e-01,8.825225e-01
1.463500e-02,6.228975e+00,6.199552e+00,1.352771e+00,7.462810e-01,5.600754e-01,4.398251e-01,3.594354e-01,3.014147e-01,6.878927e-01,7.936822e-01,8.397409e-01,8.662453e-01,8.818667e-01,9.006082e-01,8.859837e-01,8.825228e-01
1.464000e-02,6.228973e+00,6.199551e+00,1.352766e+00,7.462810e-01,5.600754e-01,4.398251e-01,3.594354e-01,3.014147e-01,6.878933e-01,7.936826e-01,8.397412e-01,8.662457e-01,8.818670e-01,9.006085e-01,8.859839e-01,8.825232e-01
1.464500e-02,6.228971e+00,6.199549e+00,1.352761e+00,7.462810e-01,5.600754e-01,4.398251e-01,3.594354e-01,3.014147e-01,6.878939e-01,7.936829e-01,8.397416e-01,8.662460e-01,8.818673e-01,9.006089e-01,8.859841e-01,8.825235e-01
1.465000e-02,6.228968e+00,6.199548e+00,1.352756e+00,7.462810e-01,5.600754e-01,4.398251e-01,3.594354e-01,3.014147e-01,6.878945e-01,7.936833e-01,8.397419e-01,8.662464e-01,8.818677e-01,9.006092e-01,8.859843e-01,8.825238e-01
1.465500e-02,6.228966e+00,6.199546e+00,1.352751e+00,7.462810e-01,5.600754e-01,4.398251e-01,3.594354e-01,3.014147e-01,6.878951e-01,7.936837e-01,8.397423e-01,8.662467e-01,8.818680e-01,9.006096e-01,8.859845e-01,8.825241e-01
1.466000e-02,6.228964e+00,6.199544e+00,1.352746e+00,7.462810e-01,5.600754e-01,4.398251e-01,3.594354e-01,3.014147e-01,6.878957e-01,7.936840e-01,8.397427e-01,8.662471e-01,8.818683e-01,9.006100e-01,8.859847e-01,8.825245e-01
1.466500e-02,6.228961e+00,6.199543e+00,1.352740e+00,7.462810e-01,5.600754e-01,4.398251e-01,3.594354e-01,3.014147e-01,6.878964e-01,7.936844e-01,8.397430e-01,8.662474e-01,8.818687e-01,9.006103e-01,8.859849e-01,8.825248e-01
1.467000e-02,6.228959e+00,6.199541e+00,1.352735e+00,7.462810e-01,5.600754e-01,4.398251e-01,3.594354e-01,3.014147e-01,6.878970e-01,7.936848e-01,8.397434e-01,8.662478e-01,8.818690e-01,9.006107e-01,8.859851e-01,8.825251e-01
1.467500e-02,6.228957e+00,6.199539e+00,1.352730e+00,7.462810e-01,5.600754e-01,4.398251e-01,3.594354e-01,3.014147e-01,6.878976e-01,7.936852e-01,8.397438e-01,8.662481e-01,8.818694e-01,9.006111e-01,8.859853e-01,8.825255e-01
1.468000e-02,6.228954e+00,6.199537e+00,1.352724e+00,7.462810e-01,5.600754e-01,4.398251e-01,3.594354e-01,3.014147e-01,6.878983e-01,7.936856e-01,8.397442e-01,8.662485e-01,8.818697e-01,9.006115e-01,8.859855e-01,8.825258e-01
1.468500e-02,6.228952e+00,6.199536e+00,1.352719e+00,7.462810e-01,5.600754e-01,4.398251e-01,3.594354e-01,3.014147e-01,6.878990e-01,7.936860e-01,8.397446e-01,8.662489e-01,8.818701e-01,9.006118e-01,8.859857e-01,8.825262e-01
1.469000e-02,6.228949e+00,6.199534e+00,1.352713e+00,7.462810e-01,5.600754e-01,4.398251e-01,3.594354e-01,3.014147e-01,6.878996e-01,7.936864e-01,8.397450e-01,8.662492e-01,8.818705e-01,9.006122e-01,8.859859e-01,8.825265e-01
1.469500e-02,6.228947e+00,6.199532e+00,1.352708e+00,7.462810e-01,5.600754e-01,4.398251e-01,3.594354e-01,3.014147e-01,6.879003e-01,7.936868e-01,8.397454e-01,8.662496e-01,8.818708e-01,9.006126e-01,8.859861e-01,8.825268e-01
1.470000e-02,6.228944e+00,6.199530e+00,1.352702e+00,7.462810e-01,5.600754e-01,4.398251e-01,3.594354e-01,3.014147e-01,6.879010e-01,7.936872e-01,8.397458e-01,8.662500e-01,8.818712e-01,9.006130e-01,8.859863e-01,8.825272e-01
1.470500e-02,6.228941e+00,6.199528e+00,1.352696e+00,7.462810e-01,5.600754e-01,4.398251e-01,3.594354e-01,3.014147e-01,6.879017e-01,7.936876e-01,8.397462e-01,8.662504e-01,8.818716e-01,9.006134e-01,8.859865e-01,8.825275e-01
1.471000e-02,6.228939e+00,6.199527e+00,1.352690e+00,7.462810e-01,5.600754e-01,4.398251e-01,3.594354e-01,3.014147e-01,6.879024e-01,7.936880e-01,8.397466e-01,8.662508e-01,8.818719e-01,9.006138e-01,8.859867e-01,8.825279e-01
1.471500e-02,6.228936e+00,6.199525e+00,1.352685e+00,7.462810e-01,5.600754e-01,4.398251e-01,3.594354e-01,3.014147e-01,6.879031e-01,7.936885e-01,8.397470e-01,8.662512e-01,8.818723e-01,9.006141e-01,8.859870e-01,8.825282e-01
1.472000e-02,6.228934e+00,6.199523e+00,1.352679e+00,7.462810e-01,5.600754e-01,4.398251e-01,3.594354e-01,3.014147e-01,6.879038e-01,7.936889e-01,8.397474e-01,8.662515e-01,8.818727e-01,9.006145e-01,8.859872e-01,8.825286e-01
1.472500e-02,6.228931e+00,6.199521e+00,1.352673e+00,7.462810e-01,5.600754e-01,4.398251e-01,3.594354e-01,3.014147e-01,6.879045e-01,7.936893e-01,8.397478e-01,8.662519e-01,8.818730e-01,9.006149e-01,8.859874e-01,8.825289e-01
1.473000e-02,6.228928e+00,6.199519e+00,1.352667e+00,7.462810e-01,5.600754e-01,4.398251e-01,3.594354e-01,3.014147e-01,6.879053e-01,7.936898e-01,8.397483e-01,8.662523e-01,8.818734e-01,9.006153e-01,8.859876e-01,8.825293e-01
1.473500e-02,6.228925e+00,6.199517e+00,1.352661e+00,7.462810e-01,5.600754e-01,4.398251e-01,3.594354e-01,3.014147e-01,6.879060e-01,7.936902e-01,8.397487e-01,8.662527e-01,8.818738e-01,9.006157e-01,8.859878e-01,8.825296e-01
1.474000e-02,6.228923e+00,6.199515e+00,1.352655e+00,7.462810e-01,5.600754e-01,4.398251e-01,3.594354e-01,3.014147e-01,6.879068e-01,7.936906e-01,8.397491e-01,8.662531e-01,8.818742e-01,9.006161e-01,8.859880e-01,8.825300e-01
1.474500e-02,6.228920e+00,6.199513e+00,1.352648e+00,7.462810e-01,5.600754e-01,4.398251e-01,3.594354e-01,3.014147e-01,6.879075e-01,7.936911e-01,8.397495e-01,8.662535e-01,8.818745e-01,9.006165e-01,8.859882e-01,8.825303e-01
1.475000e-02,6.228917e+00,6.199511e+00,1.352642e+00,7.462810e-01,5.600754e-01,4.398251e-01,3.594354e-01,3.014147e-01,6.879083e-01,7.936915e-01,8.397500e-01,8.662539e-01,8.818749e-01,9.006169e-01,8.859884e-01,8.825307e-01
1.475500e-02,6.228914e+00,6.199509e+00,1.352636e+00,7.462810e-01,5.600754e-01,4.398251e-01,3.594354e-01,3.014147e-01,6.879090e-01,7.936920e-01,8.397504e-01,8.662543e-01,8.818753e-01,9.006173e-01,8.859886e-01,8.825310e-01
1.476000e-02,6.228911e+00,6.199507e+00,1.352629e+00,7.462810e-01,5.600754e-01,4.398251e-01,3.594354e-01,3.014147e-01,6.879098e-01,7.936925e-01,8.397509e-01,8.662547e-01,8.818757e-01,9.006177e-01,8.859888e-01,8.825314e-01
1.476500e-02,6.228908e+00,6.199505e+00,1.352623e+00,7.462810e-01,5.600754e-01,4.398251e-01,3.594354e-01,3.014147e-01,6.879106e-01,7.936929e-01,8.397513e-01,8.662551e-01,8.818761e-01,9.006181e-01,8.859890e-01,8.825318e-01
1.477000e-02,6.228905e+00,6.199503e+00,1.352616e+00,7.462810e-01,5.600754e-01,4.398251e-01,3.594354e-01,3.014147e-01,6.879114e-01,7.936934e-01,8.397517e-01,8.662555e-01,8.818764e-01,9.006185e-01,8.859893e-01,8.825321e-01
1.477500e-02,6.228902e+00,6.199500e+00,1.352610e+00,7.462810e-01,5.600754e-01,4.398251e-01,3.594354e-01,3.014147e-01,6.879122e-01,7.936939e-01,8.397522e-01,8.662560e-01,8.818768e-01,9.006188e-01,8.859895e-01,8.825325e-01
1.478000e-02,6.228899e+00,6.199498e+00,1.352603e+00,7.462810e-01,5.600754e-01,4.398251e-01,3.594354e-01,3.014147e-01,6.879130e-01,7.936943e-01,8.397526e-01,8.662564e-01,8.818772e-01,9.006192e-01,8.859897e-01,8.825328e-01
1.478500e-02,6.228896e+00,6.199496e+00,1.352596e+00,7.462810e-01,5.600754e-01,4.398251e-01,3.594354e-01,3.014147e-01,6.879138e-01,7.936948e-01,8.397531e-01,8.662568e-01,8.818776e-01,9.006196e-01,8.859899e-01,8.825332e-01
1.479000e-02,6.228893e+00,6.199494e+00,1.352589e+00,7.462810e-01,5.600754e-01,4.398251e-01,3.594354e-01,3.014147e-01,6.879146e-01,7.936953e-01,8.397535e-01,8.662572e-01,8.818780e-01,9.006200e-01,8.859901e-01,8.825336e-01
1.479500e-02,6.228890e+00,6.199492e+00,1.352582e+00,7.462810e-01,5.600754e-01,4.398251e-01,3.594354e-01,3.014147e-01,6.879155e-01,7.936958e-01,8.397540e-01,8.662576e-01,8.818784e-01,9.006204e-01,8.859903e-01,8.825339e-01
1.480000e-02,6.228887e+00,6.199489e+00,1.352575e+00,7.462810e-01,5.600754e-01,4.398251e-01,3.594354e-01,3.014147e-01,6.879163e-01,7.936962e-01,8.397544e-01,8.662580e-01,8.818788e-01,9.006208e-01,8.859905e-01,8.825343e-01
1.480500e-02,6.228884e+00,6.199487e+00,1.352568e+00,7.462810e-01,5.600754e-01,4.398251e-01,3.594354e-01,3.014147e-01,6.879172e-01,7.936967e-01,8.397549e-01,8.662584e-01,8.818792e-01,9.006212e-01,8.859907e-01,8.825347e-01
1.481000e-02,6.228880e+00,6.199485e+00,1.352561e+00,7.462810e-01,5.600754e-01,4.398251e-01,3.594354e-01,3.014147e-01,6.879180e-01,7.936972e-01,8.397554e-01,8.662589e-01,8.818795e-01,9.006216e-01,8.859909e-01,8.825350e-01
1.481500e-02,6.228877e+00,6.199483e+00,1.352554e+00,7.462810e-01,5.600754e-01,4.398251e-01,3.594354e-01,3.014147e-01,6.879189e-01,7.936977e-01,8.397558e-01,8.662593e-01,8.818799e-01,9.006220e-01,8.859911e-01,8.825354e-01
1.482000e-02,6.228874e+00,6.199480e+00,1.352547e+00,7.462810e-01,5.600754e-01,4.398251e-01,3.594354e-01,3.014147e-01,6.879198e-01,7.936982e-01,8.397563e-01,8.662597e-01,8.818803e-01,9.006224e-01,8.859913e-01,8.825358e-01
1.482500e-02,6.228870e+00,6.199478e+00,1.352539e+00,7.462810e-01,5.600754e-01,4.398251e-01,3.594354e-01,3.014147e-01,6.879207e-01,7.936987e-01,8.397567e-01,8.662601e-01,8.818807e-01,9.006229e-01,8.859915e-01,8.825361e-01
1.483000e-02,6.228867e+00,6.199476e+00,1.352532e+00,7.462810e-01,5.600754e-01,4.398251e-01,3.594354e-01,3.014147e-01,6.879215e-01,7.936992e-01,8.397572e-01,8.662605e-01,8.818811e-01,9.006233e-01,8.859918e-01,8.825365e-01
1.483500e-02,6.228864e+00,6.199473e+00,1.352524e+00,7.462810e-01,5.600754e-01,4.398251e-01,3.594354e-01,3.014147e-01,6.879224e-01,7.936997e-01,8.397577e-01,8.662610e-01,8.818815e-01,9.006237e-01,8.859920e-01,8.825369e-01
1.484000e-02,6.228860e+00,6.199471e+00,1.352517e+00,7.462810e-01,5.600754e-01,4.398251e-01,3.594354e-01,3.014147e-01,6.879233e-01,7.937002e-01,8.397582e-01,8.662614e-01,8.818819e-01,9.006241e-01,8.859922e-01,8.825372e-01
1.484500e-02,6.228857e+00,6.199468e+00,1.352509e+00,7.462810e-01,5.600754e-01,4.398251e-01,3.594354e-01,3.014147e-01,6.879242e-01,7.937007e-01,8.397586e-01,8.662618e-01,8.818823e-01,9.006245e-01,8.859924e-01,8.825376e-01
1.485000e-02,6.228853e+00,6.199466e+00,1.352501e+00,7.462810e-01,5.600754e-01,4.398251e-01,3.594354e-01,3.014147e-01,6.879251e-01,7.937011e-01,8.397591e-01,8.662623e-01,8.818827e-01,9.006249e-01,8.859926e-01,8.825380e-01
1.485500e-02,6.228850e+00,6.199463e+00,1.352493e+00,7.462810e-01,5.600754e-01,4.398251e-01,3.594354e-01,3.014147e-01,6.879261e-01,7.937016e-01,8.397596e-01,8.662627e-01,8.818831e-01,9.006253e-01,8.859928e-01,8.825383e-01
1.486000e-02,6.228846e+00,6.199461e+00,1.352485e+00,7.462810e-01,5.600754e-01,4.398251e-01,3.594354e-01,3.014147e-01,6.879270e-01,7.937021e-01,8.397601e-01,8.662631e-01,8.818835e-01,9.006257e-01,8.859930e-01,8.825387e-01
1.486500e-02,6.228843e+00,6.199458e+00,1.352477e+00,7.462810e-01,5.600754e-01,4.398251e-01,3.594354e-01,3.014147e-01,6.879279e-01,7.937026e-01,8.397605e-01,8.662636e-01,8.818840e-01,9.006262e-01,8.859932e-01,8.825391e-01
1.487000e-02,6.228839e+00,6.199456e+00,1.352469e+00,7.462810e-01,5.600754e-01,4.398251e-01,3.594354e-01,3.014147e-01,6.879288e-01,7.937031e-01,8.397610e-01,8.662640e-01,8.818844e-01,9.006266e-01,8.859935e-01,8.825395e-01
1.487500e-02,6.228835e+00,6.199453e+00,1.352460e+00,7.462810e-01,5.600754e-01,4.398251e-01,3.594354e-01,3.014147e-01,6.879298e-01,7.937036e-01,8.397615e-01,8.662645e-01,8.818848e-01,9.006270e-01,8.859937e-01,8.825399e-01
1.488000e-02,6.228832e+00,6.199450e+00,1.352452e+00,7.462810e-01,5.600754e-01,4.398251e-01,3.594354e-01,3.014147e-01,6.879307e-01,7.937041e-01,8.397620e-01,8.662649e-01,8.818852e-01,9.006274e-01,8.859939e-01,8.825402e-01
1.488500e-02,6.228828e+00,6.199448e+00,1.352444e+00,7.462810e-01,5.600754e-01,4.398251e-01,3.594354e-01,3.014147e-01,6.879317e-01,7.937046e-01,8.397624e-01,8.662653e-01,8.818856e-01,9.006278e-01,8.859941e-01,8.825406e-01
1.489000e-02,6.228824e+00,6.199445e+00,1.352435e+00,7.462810e-01,5.600754e-01,4.398251e-01,3.594354e-01,3.014147e-01,6.879326e-01,7.937051e-01,8.397629e-01,8.662658e-01,8.818860e-01,9.006283e-01,8.859943e-01,8.825410e-01
1.489500e-02,6.228821e+00,6.199442e+00,1.352427e+00,7.462810e-01,5.600754e-01,4.398251e-01,3.594354e-01,3.014147e-01,6.879336e-01,7.937056e-01,8.397634e-01,8.662662e-01,8.818865e-01,9.006287e-01,8.859946e-01,8.825414e-01
1.490000e-02,6.228817e+00,6.199440e+00,1.352418e+00,7.462810e-01,5.600754e-01,4.398251e-01,3.594354e-01,3.014147e-01,6.879345e-01,7.937061e-01,8.397639e-01,8.662667e-01,8.818869e-01,9.006291e-01,8.859948e-01,8.825418e-01
1.490500e-02,6.228813e+00,6.199437e+00,1.352409e+00,7.462810e-01,5.600754e-01,4.398251e-01,3.594354e-01,3.014147e-01,6.879355e-01,7.937066e-01,8.397644e-01,8.662671e-01,8.818873e-01,9.006296e-01,8.859950e-01,8.825421e-01
1.491000e-02,6.228809e+00,6.199434e+00,1.352400e+00,7.462810e-01,5.600754e-01,4.398251e-01,3.594354e-01,3.014147e-01,6.879365e-01,7.937071e-01,8.397648e-01,8.662676e-01,8.818877e-01,9.006300e-01,8.859952e-01,8.825425e-01
1.491500e-02,6.228805e+00,6.199431e+00,1.352392e+00,7.462810e-01,5.600754e-01,4.398251e-01,3.594354e-01,3.014147e-01,6.879375e-01,7.937076e-01,8.397653e-01,8.662680e-01,8.818882e-01,9.006304e-01,8.859955e-01,8.825429e-01
1.492000e-02,6.228801e+00,6.199429e+00,1.352383e+00,7.462810e-01,5.600754e-01,4.398251e-01,3.594354e-01,3.014147e-01,6.879385e-01,7.937081e-01,8.397658e-01,8.662685e-01,8.818886e-01,9.006309e-01,8.859957e-01,8.825433e-01
1.492500e-02,6.228797e+00,6.199426e+00,1.352374e+00,7.462810e-01,5.600754e-01,4.398251e-01,3.594354e-01,3.014147e-01,6.879395e-01,7.937086e-01,8.397663e-01,8.662689e-01,8.818890e-01,9.006313e-01,8.859959e-01,8.825437e-01
1.493000e-02,6.228794e+00,6.199423e+00,1.352365e+00,7.462810e-01,5.600754e-01,4.398251e-01,3.594354e-01,3.014147e-01,6.879405e-01,7.937091e-01,8.397668e-01,8.662694e-01,8.818894e-01,9.006318e-01,8.859962e-01,8.825441e-01
1.493500e-02,6.228790e+00,6.199420e+00,1.352355e+00,7.462810e-01,5.600754e-01,4.398251e-01,3.594354e-01,3.014147e-01,6.879415e-01,7.937096e-01,8.397673e-01,8.662698e-01,8.818899e-01,9.006322e-01,8.859964e-01,8.825445e-01
1.494000e-02,6.228786e+00,6.199417e+00,1.352346e+00,7.462810e-01,5.600754e-01,4.398251e-01,3.594354e-01,3.014147e-01,6.879425e-01,7.937101e-01,8.397678e-01,8.662703e-01,8.818903e-01,9.006326e-01,8.859967e-01,8.825449e-01
1.494500e-02,6.228782e+00,6.199414e+00,1.352337e+00,7.462810e-01,5.600754e-01,4.398251e-01,3.594354e-01,3.014147e-01,6.879435e-01,7.937107e-01,8.397683e-01,8.662707e-01,8.818907e-01,9.006331e-01,8.859969e-01,8.825453e-01
1.495000e-02,6.228778e+00,6.199412e+00,1.352328e+00,7.462810e-01,5.600754e-01,4.398251e-01,3.594354e-01,3.014147e-01,6.879445e-01,7.937112e-01,8.397688e-01,8.662712e-01,8.818911e-01,9.006335e-01,8.859971e-01,8.825457e-01
1.495500e-02,6.228773e+00,6.199409e+00,1.352318e+00,7.462810e-01,5.600754e-01,4.398251e-01,3.594354e-01,3.014147e-01,6.879455e-01,7.937117e-01,8.397693e-01,8.662716e-01,8.818916e-01,9.006339e-01,8.859974e-01,8.825461e-01
1.496000e-02,6.228769e+00,6.199406e+00,1.352309e+00,7.462810e-01,5.600754e-01,4.398251e-01,3.594354e-01,3.014147e-01,6.879466e-01,7.937122e-01,8.397698e-01,8.662721e-01,8.818920e-01,9.006344e-01,8.859976e-01,8.825465e-01
1.496500e-02,6.228765e+00,6.199403e+00,1.352299e+00,7.462810e-01,5.600754e-01,4.398251e-01,3.594354e-01,3.014147e-01,6.879476e-01,7.937128e-01,8.397703e-01,8.662725e-01,8.818924e-01,9.006348e-01,8.859979e-01,8.825469e-01
1.497000e-02,6.228761e+00,6.199400e+00,1.352290e+00,7.462810e-01,5.600754e-01,4.398251e-01,3.594354e-01,3.014147e-01,6.879487e-01,7.937133e-01,8.397708e-01,8.662730e-01,8.818928e-01,9.006352e-01,8.859981e-01,8.825473e-01
1.497500e-02,6.228757e+00,6.199397e+00,1.352280e+00,7.462810e-01,5.600754e-01,4.398251e-01,3.594354e-01,3.014147e-01,6.879497e-01,7.937139e-01,8.397713e-01,8.662735e-01,8.818933e-01,9.006357e-01,8.859983e-01,8.825477e-01
1.498000e-02,6.228753e+00,6.199394e+00,1.352271e+00,7.462810e-01,5.600754e-01,4.398251e-01,3.594354e-01,3.014147e-01,6.879508e-01,7.937144e-01,8.397718e-01,8.662739e-01,8.818937e-01,9.006361e-01,8.859986e-01,8.825481e-01
1.498500e-02,6.228749e+00,6.199391e+00,1.352261e+00,7.462810e-01,5.600754e-01,4.398251e-01,3.594354e-01,3.014147e-01,6.879518e-01,7.937149e-01,8.397723e-01,8.662744e-01,8.818941e-01,9.006365e-01,8.859988e-01,8.825485e-01
1.499000e-02,6.228744e+00,6.199388e+00,1.352251e+00,7.462810e-01,5.600754e-01,4.398251e-01,3.594354e-01,3.014147e-01,6.879529e-01,7.937155e-01,8.397728e-01,8.662748e-01,8.818946e-01,9.006370e-01,8.859990e-01,8.825489e-01
1.499500e-02,6.228740e+00,6.199385e+00,1.352241e+00,7.462810e-01,5.600754e-01,4.398251e-01,3.594354e-01,3.014147e-01,6.879539e-01,7.937160e-01,8.397734e-01,8.662753e-01,8.818950e-01,9.006374e-01,8.859993e-01,8.825493e-01
1.500000e-02,6.228736e+00,6.199382e+00,1.352231e+00,7.462810e-01,5.600754e-01,4.398251e-01,3.594354e-01,3.014147e-01,6.879550e-01,7.937166e-01,8.397739e-01,8.662758e-01,8.818954e-01,9.006379e-01,8.859995e-01,8.825497e-01
