"Time_Iter","Outer_Iter","Inner_Iter",    "Cur_Time"    ,    "Time_Step"   ,    "rms[Rho]"    ,    "rms[RhoU]"   ,    "rms[RhoV]"   ,    "rms[RhoE]"   ,     "rms[k]"     ,     "rms[w]"     
          4,           0,           0,             5e-08,             5e-08,      -2.481632604,      0.2621203495,      0.2089129438,       2.928884887,       2.074545049,       5.117850541
          4,           0,          10,             5e-08,             5e-08,      -3.874642869,      -1.166852535,      -1.312875175,       1.612358324,       0.539344744,       4.941860291
          4,           0,          20,             5e-08,             5e-08,      -4.015099727,      -1.410553829,      -1.504404447,        1.47635167,      0.3973591231,       4.794228326
          4,           0,          29,             5e-08,             5e-08,      -4.098410621,      -1.545793485,      -1.676824576,       1.393176221,      0.3168416829,       4.680237565
          5,           0,           0,             1e-07,             5e-08,      -2.481683926,      0.2574983039,      0.2240621041,       2.927300195,       2.044090476,       4.973788318
          5,           0,          10,             1e-07,             5e-08,      -3.846945252,      -1.164933654,      -1.395840053,       1.638771939,      0.3779729649,       4.687311961
          5,           0,          20,             1e-07,             5e-08,      -3.996402003,      -1.406265723,      -1.632376313,       1.488328809,      0.2209864623,       4.465387999
          5,           0,          29,             1e-07,             5e-08,       -4.10705489,      -1.541543034,       -1.75409763,        1.37556865,      0.1336427167,       4.294376355
          6,           0,           0,           1.5e-07,             5e-08,      -2.482023641,      0.2535087375,      0.2166194515,       2.925245357,       2.013920129,       4.850119273
          6,           0,          10,           1.5e-07,             5e-08,      -3.871489325,      -1.190566773,      -1.399035702,       1.606539693,       0.369167902,       4.567933692
          6,           0,          20,           1.5e-07,             5e-08,      -4.044135581,      -1.426778774,       -1.58468183,       1.432769322,      0.2200926771,       4.343751462
          6,           0,          29,           1.5e-07,             5e-08,      -4.169572266,       -1.55930263,       -1.69716937,       1.304393266,      0.1373082884,       4.170249268
          7,           0,           0,             2e-07,             5e-08,      -2.482753796,      0.2492900915,      0.2009348686,       2.922891017,       1.986075751,       4.727462207
          7,           0,          10,             2e-07,             5e-08,       -3.93202553,      -1.226741528,       -1.37735741,       1.538499853,      0.3549377544,       4.440023014
          7,           0,          20,             2e-07,             5e-08,      -4.126271907,      -1.460301181,      -1.565022412,       1.340501377,      0.2160395293,       4.210971432
          7,           0,          29,             2e-07,             5e-08,      -4.271218425,      -1.592627047,      -1.668897044,       1.188719453,      0.1375452685,       4.034054665
          8,           0,           0,           2.5e-07,             5e-08,      -2.482759668,      0.2459565776,       0.182977631,       2.921911224,        1.96132541,       4.616324698
          8,           0,          10,           2.5e-07,             5e-08,      -4.011244782,      -1.267680645,      -1.373166671,       1.449771335,      0.3482582724,       4.317397755
          8,           0,          20,           2.5e-07,             5e-08,      -4.241930198,      -1.501613311,      -1.542593358,       1.210845819,       0.215623558,        4.08721986
          8,           0,          29,           2.5e-07,             5e-08,      -4.403308662,      -1.634071552,      -1.637090086,       1.040968738,      0.1356840508,       3.909019293
          9,           0,           0,             3e-07,             5e-08,      -2.481590285,      0.2438912632,       0.164945089,        2.92290994,       1.939678604,       4.522642669
          9,           0,          10,             3e-07,             5e-08,      -4.087632751,      -1.304271896,      -1.370529255,        1.36726103,      0.3430906517,       4.216628211
          9,           0,          20,             3e-07,             5e-08,      -4.324783457,      -1.537078224,      -1.542342942,       1.125504817,      0.2111325557,       3.983156707
          9,           0,          29,             3e-07,             5e-08,      -4.456284222,      -1.667273913,       -1.65193834,      0.9967583772,      0.1266874257,       3.802124454
         10,           0,           0,           3.5e-07,             5e-08,      -2.479462917,      0.2430548687,      0.1475695955,       2.925478926,       1.920929173,       4.450866199
         10,           0,          10,           3.5e-07,             5e-08,      -4.108174953,      -1.331155168,      -1.396252121,       1.351077157,       0.335078707,       4.136111412
         10,           0,          20,           3.5e-07,             5e-08,      -4.311665899,      -1.558651114,      -1.589588572,       1.151932671,      0.2009383955,       3.899464744
         10,           0,          29,           3.5e-07,             5e-08,      -4.410030932,       -1.67968796,      -1.715870775,       1.059748416,      0.1109197914,       3.718822399
         11,           0,           0,             4e-07,             5e-08,      -2.476546991,         0.2432724,      0.1309866645,       2.929303024,       1.904755983,       4.390307717
         11,           0,          10,             4e-07,             5e-08,      -4.089992352,      -1.348087154,      -1.447611161,       1.374125414,      0.3225979474,       4.070164355
         11,           0,          20,             4e-07,             5e-08,      -4.267533697,       -1.56245787,       -1.66246251,       1.203372716,      0.1846709421,       3.832376494
         11,           0,          29,             4e-07,             5e-08,      -4.362298153,      -1.671883772,      -1.792482971,       1.112291757,     0.08899755324,       3.654407051
         12,           0,           0,           4.5e-07,             5e-08,      -2.473133155,      0.2442994009,      0.1151910071,       2.933908998,       1.890809127,         4.3386886
         12,           0,          10,           4.5e-07,             5e-08,      -4.075532486,       -1.35757128,      -1.504373451,       1.388924654,      0.3054697583,       4.021740057
         12,           0,          20,           4.5e-07,             5e-08,      -4.245212382,      -1.557422498,      -1.726359695,        1.22616081,      0.1633913534,       3.790020697
         12,           0,          29,           4.5e-07,             5e-08,      -4.346903618,      -1.661616427,      -1.840704128,       1.126184069,     0.06348683324,       3.614321305
         13,           0,           0,             5e-07,             5e-08,      -2.469510879,      0.2458846642,       0.100166868,       2.938855308,       1.878748534,       4.301920497
         13,           0,          10,             5e-07,             5e-08,      -4.078664292,      -1.365407022,      -1.551279697,       1.382856763,      0.2848205833,       3.998403191
         13,           0,          20,             5e-07,             5e-08,      -4.254056316,      -1.556671436,      -1.756540269,       1.213475237,      0.1390075878,       3.769825585
         13,           0,          29,             5e-07,             5e-08,      -4.367269962,      -1.660808901,      -1.849470127,       1.100163223,     0.03662094925,       3.584208037
         14,           0,           0,           5.5e-07,             5e-08,      -2.465849863,      0.2478094111,     0.08589809266,       2.943878077,        1.86828154,       4.277198064
         14,           0,          10,           5.5e-07,             5e-08,      -4.099682139,      -1.376005445,      -1.578897518,       1.356420924,       0.261843841,       3.974115091
         14,           0,          20,           5.5e-07,             5e-08,      -4.285926869,       -1.56386678,      -1.763975129,       1.174587002,      0.1136374021,       3.730158088
         14,           0,          29,           5.5e-07,             5e-08,       -4.40815586,      -1.669278115,      -1.848431729,       1.050093801,     0.01087517996,        3.53239499
         15,           0,           0,             6e-07,             5e-08,      -2.462293056,      0.2499212122,     0.07245069907,       2.948758758,       1.859145695,       4.239788241
         15,           0,          10,             6e-07,             5e-08,      -4.127325739,      -1.389927196,      -1.596890659,       1.321809215,      0.2383854397,       3.924591983
         15,           0,          20,             6e-07,             5e-08,      -4.324608303,      -1.576772755,      -1.770917167,       1.126055916,     0.08931201953,        3.67153414
         15,           0,          29,             6e-07,             5e-08,      -4.453588732,      -1.682667698,      -1.853230785,      0.9920491837,    -0.01222521567,       3.470519483
         16,           0,           0,           6.5e-07,             5e-08,      -2.458912243,      0.2521269405,     0.05991151136,       2.953384097,       1.851096743,       4.186685717
         16,           0,          10,           6.5e-07,             5e-08,      -4.154068767,      -1.404977976,      -1.614248568,       1.286767312,      0.2156430684,       3.864664938
         16,           0,          20,           6.5e-07,             5e-08,      -4.362049934,      -1.589884834,      -1.782738939,       1.076158404,     0.06660441004,       3.616457577
         16,           0,          29,           6.5e-07,             5e-08,      -4.495812992,      -1.694067668,      -1.861977102,      0.9343223378,    -0.03296159401,       3.419993061
         17,           0,           0,             7e-07,             5e-08,      -2.455798163,      0.2543240474,     0.04833378285,       2.957624362,       1.843966534,         4.1357829
         17,           0,          10,             7e-07,             5e-08,       -4.17930183,      -1.418589841,      -1.631844625,       1.251801399,      0.1941135085,       3.815153688
         17,           0,          20,             7e-07,             5e-08,      -4.396821356,      -1.600456746,      -1.795056017,       1.026658936,     0.04589176819,       3.575309549
         17,           0,          29,             7e-07,             5e-08,      -4.532697951,       -1.70172704,      -1.868757676,      0.8803358306,    -0.05121484053,       3.384339637
         18,           0,           0,           7.5e-07,             5e-08,      -2.453004444,      0.2564379062,     0.03775203779,       2.961403496,       1.837602531,       4.096244531
         18,           0,          10,           7.5e-07,             5e-08,      -4.203541371,      -1.429509859,      -1.647169585,       1.216494316,      0.1739956635,       3.778216485
         18,           0,          20,           7.5e-07,             5e-08,      -4.427841673,      -1.607707048,      -1.803310125,       0.979673995,     0.02713895344,       3.545237699
         18,           0,          29,           7.5e-07,             5e-08,      -4.561176961,      -1.705687772,      -1.870918986,      0.8357746873,     -0.0672812587,       3.360110788
         19,           0,           0,             8e-07,             5e-08,      -2.450549097,      0.2584205563,     0.02818359579,       2.964698203,       1.831889117,        4.06643594
         19,           0,          10,             8e-07,             5e-08,       -4.22581782,      -1.437874687,       -1.65912002,        1.18248156,      0.1553547589,       3.752463721
         19,           0,          20,             8e-07,             5e-08,      -4.451585685,      -1.612430616,       -1.80728107,      0.9412769509,     0.01028387145,       3.525367142
         19,           0,          29,             8e-07,             5e-08,      -4.578657185,      -1.707561668,      -1.869901469,      0.8064420813,    -0.08134713516,       3.343788165
         20,           0,           0,           8.5e-07,             5e-08,      -2.448424396,      0.2602532526,     0.01963043738,       2.967521536,       1.826717116,       4.044412012
         20,           0,          10,           8.5e-07,             5e-08,      -4.244466133,      -1.444886732,      -1.668224419,       1.152432541,      0.1381677671,       3.734886453
         20,           0,          20,           8.5e-07,             5e-08,      -4.467331264,       -1.61623443,      -1.808349689,      0.9136836872,   -0.004821010686,       3.512630304
         20,           0,          29,           8.5e-07,             5e-08,       -4.58825561,      -1.708914568,      -1.867169616,      0.7888052655,    -0.09362064798,       3.333812352
         21,           0,           0,             9e-07,             5e-08,      -2.446629034,      0.2619112803,     0.01204309391,       2.969877311,       1.822007621,       4.027181395
         21,           0,          10,             9e-07,             5e-08,      -4.260236958,      -1.451773369,      -1.674502358,       1.125238672,      0.1223672748,       3.722822252
         21,           0,          20,             9e-07,             5e-08,      -4.478446372,      -1.620003249,      -1.807161942,      0.8923164942,     -0.0183100938,       3.500293082
         21,           0,          29,             9e-07,             5e-08,      -4.594470438,      -1.710263159,      -1.863348084,      0.7763220167,      -0.104246906,       3.321216512
         22,           0,           0,           9.5e-07,             5e-08,      -2.445159423,      0.2633921293,    0.005382197731,        2.97177387,       1.817648226,       4.010957735
         22,           0,          10,           9.5e-07,             5e-08,      -4.274253625,      -1.458961816,      -1.677891781,       1.099293315,      0.1078818097,       3.712327983
         22,           0,          20,           9.5e-07,             5e-08,      -4.487163751,      -1.623804143,      -1.804606955,      0.8741517398,    -0.03027891729,       3.492309851
         22,           0,          29,           9.5e-07,             5e-08,      -4.598578759,       -1.71134374,      -1.859179698,      0.7672904544,     -0.1133519113,        3.31299255
         23,           0,           0,             1e-06,             5e-08,      -2.443992515,      0.2647020723,  -0.0004164714007,       2.973246652,       1.813605231,       3.996903151
         23,           0,          10,             1e-06,             5e-08,      -4.286491863,       -1.46615642,      -1.679184927,       1.074971486,     0.09471695443,       3.703434503
         23,           0,          20,             1e-06,             5e-08,      -4.493413804,      -1.626939373,      -1.801670148,      0.8598587509,    -0.04079245172,       3.483463612
         23,           0,          29,             1e-06,             5e-08,      -4.600409318,      -1.711609427,      -1.855157862,      0.7623535128,     -0.1210340342,       3.302465651
         24,           0,           0,          1.05e-06,             5e-08,      -2.443104822,      0.2658517905,   -0.005424416371,       2.974327848,       1.809837794,       3.983531563
         24,           0,          10,          1.05e-06,             5e-08,       -4.29623908,      -1.472662384,      -1.679311482,       1.054013583,     0.08287601895,       3.692573993
         24,           0,          20,          1.05e-06,             5e-08,      -4.496794888,      -1.628883542,      -1.798795859,      0.8508439468,    -0.04994209281,       3.470644999
         24,           0,          29,          1.05e-06,             5e-08,      -4.600019092,      -1.710985856,       -1.85134731,      0.7616692244,     -0.1274376764,       3.287672713
         25,           0,           0,           1.1e-06,             5e-08,         -2.442479,      0.2668463225,   -0.009728531842,       2.975043567,       1.806304807,       3.968463401
         25,           0,          10,           1.1e-06,             5e-08,      -4.303152467,       -1.47806869,       -1.67885966,       1.037766116,     0.07232314252,       3.677219149
         25,           0,          20,           1.1e-06,             5e-08,      -4.497491361,      -1.629803441,      -1.795951843,      0.8472069135,    -0.05785502833,       3.452786307
         25,           0,          29,           1.1e-06,             5e-08,      -4.598024805,      -1.709873972,      -1.847549381,      0.7641406244,     -0.1327117102,       3.270061883
         26,           0,           0,          1.15e-06,             5e-08,      -2.442089653,       0.267698467,    -0.01340439948,       2.975429118,       1.802983775,       3.950485633
         26,           0,          10,          1.15e-06,             5e-08,       -4.30747165,      -1.482223037,      -1.678066311,        1.02643051,     0.06300119093,       3.659399666
         26,           0,          20,          1.15e-06,             5e-08,      -4.496401706,      -1.630031078,      -1.792981389,       0.847370137,    -0.06464892408,       3.437775436
         26,           0,          29,          1.15e-06,             5e-08,      -4.595239377,      -1.708617471,      -1.843632946,      0.7682263363,     -0.1369943702,        3.25461722
         27,           0,           0,           1.2e-06,             5e-08,      -2.441919176,      0.2684119133,    -0.01653299914,       2.975510954,       1.799863159,       3.933593039
         27,           0,          10,           1.2e-06,             5e-08,      -4.309768591,      -1.485350754,      -1.677066205,       1.019279435,     0.05479092897,       3.642111365
         27,           0,          20,           1.2e-06,             5e-08,      -4.494348383,      -1.630025894,      -1.789878214,      0.8496322006,    -0.07045008378,       3.420333339
         27,           0,          29,           1.2e-06,             5e-08,      -4.592161489,      -1.707443529,       -1.83963985,      0.7729149971,     -0.1404047066,       3.237814659
         28,           0,           0,          1.25e-06,             5e-08,      -2.441941783,      0.2689909804,    -0.01918312875,       2.975323101,        1.79691319,       3.917081559
         28,           0,          10,          1.25e-06,             5e-08,       -4.31064613,      -1.487792888,       -1.67596513,       1.015191676,     0.04757515251,       3.622678989
         28,           0,          20,          1.25e-06,             5e-08,      -4.491899967,      -1.630004767,      -1.786746736,      0.8527669275,    -0.07535965317,       3.400492882
         28,           0,          29,          1.25e-06,             5e-08,       -4.58900846,      -1.706318652,      -1.835658115,      0.7777558769,     -0.1430419002,       3.219958897
         29,           0,           0,           1.3e-06,             5e-08,      -2.442142089,      0.2694420055,    -0.02142496388,         2.9748859,       1.794131724,       3.899859914
         29,           0,          10,           1.3e-06,             5e-08,      -4.310681044,      -1.489720447,      -1.674813582,       1.012967354,     0.04124347351,       3.607964706
         29,           0,          20,           1.3e-06,             5e-08,      -4.489251842,      -1.629867562,      -1.783634682,      0.8563470756,    -0.07946317981,       3.388324354
         29,           0,          29,           1.3e-06,             5e-08,      -4.585770195,      -1.705101107,      -1.831715919,      0.7827683263,     -0.1449871932,       3.206585884
         30,           0,           0,          1.35e-06,             5e-08,      -2.442500632,      0.2697730744,    -0.02332068082,       2.974226921,       1.791505062,       3.886818514
         30,           0,          10,          1.35e-06,             5e-08,      -4.310098074,      -1.491285119,      -1.673543776,       1.012138786,     0.03570460008,       3.594044498
         30,           0,          20,          1.35e-06,             5e-08,      -4.486474947,      -1.629645881,      -1.780506733,      0.8602392665,    -0.08283350822,       3.374443154
         30,           0,          29,          1.35e-06,             5e-08,      -4.582482677,      -1.703849473,       -1.82778816,      0.7878865143,     -0.1463099373,       3.192301785
         31,           0,           0,           1.4e-06,             5e-08,       -2.44299753,       0.269994608,    -0.02492646722,       2.973372711,       1.788998665,       3.874044808
         31,           0,          10,           1.4e-06,             5e-08,      -4.309077053,      -1.492613953,      -1.672085267,       1.012337999,     0.03088246294,       3.580682301
         31,           0,          20,           1.4e-06,             5e-08,      -4.483585753,      -1.629354551,      -1.777299513,      0.8644131493,    -0.08555858571,       3.360864498
         31,           0,          29,           1.4e-06,             5e-08,      -4.579149599,      -1.702539333,      -1.823827992,      0.7931036917,     -0.1471024096,       3.178602336
         32,           0,           0,          1.45e-06,             5e-08,      -2.443617351,       0.270111516,    -0.02630016376,       2.972344634,       1.786597662,       3.861312825
         32,           0,          10,          1.45e-06,             5e-08,      -4.307702813,       -1.49375368,      -1.670380238,       1.013407466,     0.02670175195,       3.567647012
         32,           0,          20,          1.45e-06,             5e-08,      -4.480595327,      -1.628985059,      -1.773977057,      0.8688432646,    -0.08771135832,       3.347837967
         32,           0,          29,          1.45e-06,             5e-08,      -4.575787461,      -1.701191622,      -1.819822126,      0.7983827547,     -0.1474303587,       3.165373661
         33,           0,           0,           1.5e-06,             5e-08,      -2.444342888,       0.270133134,    -0.02748579909,       2.971167385,       1.784297431,       3.848750729
         33,           0,          10,           1.5e-06,             5e-08,      -4.306063463,      -1.494720865,      -1.668462788,       1.015141664,     0.02308526926,       3.555087458
         33,           0,          20,           1.5e-06,             5e-08,      -4.477542548,      -1.628530269,      -1.770565369,      0.8734369558,    -0.08937335316,       3.334922333
         33,           0,          29,           1.5e-06,             5e-08,      -4.572411817,      -1.699795879,      -1.815789721,      0.8036832228,     -0.1473627874,       3.151935327
         34,           0,           0,          1.55e-06,             5e-08,      -2.445149978,      0.2700723549,    -0.02851445068,        2.96987468,       1.782061121,       3.836158571
         34,           0,          10,          1.55e-06,             5e-08,      -4.304249215,      -1.495546169,      -1.666422149,       1.017346323,     0.01999427428,       3.542414776
         34,           0,          20,          1.55e-06,             5e-08,      -4.474460641,      -1.628073619,      -1.767122912,      0.8781169657,    -0.09056384132,        3.32209831
         34,           0,          29,          1.55e-06,             5e-08,      -4.569042269,      -1.698450322,      -1.811760209,      0.8089588034,     -0.1469258944,       3.138575772
         35,           0,           0,           1.6e-06,             5e-08,      -2.446016095,      0.2699358728,    -0.02943594115,       2.968497108,       1.779887456,       3.823662585
         35,           0,          10,           1.6e-06,             5e-08,      -4.302313542,      -1.496260285,       -1.66433676,       1.019878425,     0.01737033511,       3.530443414
         35,           0,          20,           1.6e-06,             5e-08,      -4.471368405,      -1.627553674,      -1.763688009,      0.8828212885,    -0.09139634482,       3.309925727
         35,           0,          29,           1.6e-06,             5e-08,      -4.565675939,      -1.697032524,      -1.807751657,      0.8141993221,     -0.1462367274,       3.126108696
         36,           0,           0,          1.65e-06,             5e-08,      -2.446909825,      0.2697363177,    -0.03028400993,       2.967078706,       1.777752913,       3.811939637
         36,           0,          10,          1.65e-06,             5e-08,      -4.300263566,      -1.496773378,      -1.662249959,       1.022698497,     0.01511910599,       3.519106272
         36,           0,          20,          1.65e-06,             5e-08,      -4.468238934,       -1.62690462,       -1.76028129,      0.8875845591,    -0.09191463647,       3.298541161
         36,           0,          29,          1.65e-06,             5e-08,      -4.562293692,       -1.69552511,      -1.803773959,      0.8194323657,     -0.1453071297,       3.114175304
         37,           0,           0,           1.7e-06,             5e-08,      -2.447802104,      0.2694827838,    -0.03110416601,       2.965661396,       1.775674433,       3.801156695
         37,           0,          10,           1.7e-06,             5e-08,      -4.298104437,      -1.497103609,      -1.660174769,       1.025780093,     0.01319081847,       3.509928529
         37,           0,          20,           1.7e-06,             5e-08,      -4.465089712,      -1.626144503,      -1.756902487,      0.8923749384,    -0.09216055602,       3.288975779
         37,           0,          29,           1.7e-06,             5e-08,      -4.558915997,      -1.693943919,      -1.799822942,      0.8246268114,     -0.1441717654,       3.103741339
         38,           0,           0,          1.75e-06,             5e-08,      -2.448675197,       0.269182803,    -0.03193177444,        2.96427031,       1.773657195,       3.791986993
         38,           0,          10,          1.75e-06,             5e-08,      -4.295859969,      -1.497284221,      -1.658111832,       1.029069315,     0.01154962055,       3.500266673
         38,           0,          20,          1.75e-06,             5e-08,      -4.461952547,      -1.625315728,      -1.753551363,      0.8971290889,    -0.09216498166,       3.278175031
         38,           0,          29,          1.75e-06,             5e-08,      -4.555569302,      -1.692327274,      -1.795897698,      0.8297358534,     -0.1428564187,       3.092069447
         39,           0,           0,           1.8e-06,             5e-08,      -2.449516237,      0.2688459194,    -0.03278897367,       2.962925594,       1.771704352,        3.78250654
         39,           0,          10,           1.8e-06,             5e-08,      -4.293568649,      -1.497371037,      -1.656043591,       1.032475845,     0.01016964927,       3.489385851
         39,           0,          20,           1.8e-06,             5e-08,      -4.458860334,      -1.624465767,      -1.750211985,       0.901786156,    -0.09195200782,       3.264775731
         39,           0,          29,           1.8e-06,             5e-08,      -4.552271691,      -1.690697828,      -1.791987814,      0.8347321613,     -0.1413837344,       3.078175879
         40,           0,           0,          1.85e-06,             5e-08,      -2.450321427,      0.2684742713,    -0.03369012168,       2.961633061,       1.769814274,       3.771339832
         40,           0,          10,          1.85e-06,             5e-08,      -4.291256213,      -1.497397491,      -1.653950009,        1.03593641,    0.009025041228,       3.476736273
         40,           0,          20,          1.85e-06,             5e-08,      -4.455817737,      -1.623596206,      -1.746870058,      0.9063403338,    -0.09154886301,       3.253732621
         40,           0,          29,          1.85e-06,             5e-08,      -4.549019082,      -1.689046427,      -1.788087858,      0.8396246947,     -0.1397769798,       3.066637747
         41,           0,           0,           1.9e-06,             5e-08,      -2.451083403,      0.2680743196,    -0.03464106088,       2.960404392,        1.76798639,       3.760811031
         41,           0,          10,           1.9e-06,             5e-08,      -4.288936231,      -1.497372293,      -1.651815852,       1.039425637,        0.00809134,       3.466497446
         41,           0,          20,           1.9e-06,             5e-08,      -4.452818363,      -1.622709904,      -1.743524619,      0.9108015727,    -0.09097512886,       3.244479918
         41,           0,          29,           1.9e-06,             5e-08,      -4.545808208,      -1.687389339,      -1.784201293,      0.8444176908,     -0.1380496938,       3.056459802
         42,           0,           0,          1.95e-06,             5e-08,      -2.451798803,      0.2676515423,    -0.03563948208,       2.959243758,       1.766220758,       3.751818575
         42,           0,          10,          1.95e-06,             5e-08,      -4.286619771,      -1.497328697,      -1.649640621,       1.042912979,    0.007349701892,       3.458382162
         42,           0,          20,          1.95e-06,             5e-08,      -4.449864151,      -1.621834698,      -1.740175882,      0.9151641973,    -0.09024836764,       3.234319844
         42,           0,          29,          1.95e-06,             5e-08,         -4.542635,      -1.685734731,      -1.780326612,      0.8491173376,     -0.1362184468,       3.045705514
         43,           0,           0,             2e-06,             5e-08,      -2.452473837,      0.2672019549,    -0.03668779851,       2.958143054,       1.764522847,       3.743283858
         43,           0,          10,             2e-06,             5e-08,      -4.284315523,      -1.497286541,      -1.647420327,       1.046377043,    0.006784262785,       3.449495836
         43,           0,          20,             2e-06,             5e-08,      -4.446944369,      -1.620971998,      -1.736816286,      0.9194487711,    -0.08937782955,       3.224521111
         43,           0,          29,             2e-06,             5e-08,      -4.539490698,      -1.684087291,      -1.776460307,      0.8537386062,     -0.1342896469,       3.035007284
         44,           0,           0,          2.05e-06,             5e-08,      -2.453105371,      0.2667361113,    -0.03777385436,       2.957106071,       1.762890656,       3.734433976
         44,           0,          10,          2.05e-06,             5e-08,      -4.282021096,      -1.497240642,      -1.645151451,       1.049817976,    0.006379909246,       3.440621189
         44,           0,          20,          2.05e-06,             5e-08,         -4.444052,      -1.620097254,      -1.733447489,       0.923663078,    -0.08838958435,       3.214865645
         44,           0,          29,          2.05e-06,             5e-08,      -4.536370879,      -1.682417408,      -1.772605449,      0.8582873037,     -0.1322874502,       3.024516089
         45,           0,           0,           2.1e-06,             5e-08,      -2.453700788,       0.266252476,    -0.03889400409,       2.956122637,       1.761313331,       3.725650152
         45,           0,          10,           2.1e-06,             5e-08,      -4.279743342,       -1.49716485,       -1.64284227,       1.053221913,     0.00611505027,       3.431789442
         45,           0,          20,           2.1e-06,             5e-08,      -4.441187532,      -1.619186972,      -1.730079479,      0.9278133655,    -0.08729382496,       3.205337584
         45,           0,          29,           2.1e-06,             5e-08,      -4.533273143,      -1.680716364,      -1.768769167,      0.8627726093,     -0.1302166155,       3.014079261
         46,           0,           0,          2.15e-06,             5e-08,      -2.454271556,      0.2657520454,     -0.0400262928,        2.95517903,       1.759777645,       3.716975831
         46,           0,          10,          2.15e-06,             5e-08,      -4.277478361,      -1.497044304,      -1.640514382,       1.056598551,    0.005975010624,       3.423176872
         46,           0,          20,          2.15e-06,             5e-08,      -4.438333301,      -1.618225731,      -1.726720632,      0.9319297315,    -0.08610241713,         3.1960499
         46,           0,          29,          2.15e-06,             5e-08,      -4.530182189,      -1.678975624,      -1.764953474,      0.8672171013,     -0.1280862787,       3.003930497
         47,           0,           0,           2.2e-06,             5e-08,      -2.454823916,      0.2652380043,     -0.0411611736,       2.954265644,       1.758284459,        3.70860481
         47,           0,          10,           2.2e-06,             5e-08,      -4.275211693,      -1.496866217,      -1.638178492,       1.059976262,    0.005947671026,       3.414893856
         47,           0,          20,           2.2e-06,             5e-08,       -4.43548254,      -1.617211523,      -1.723376085,      0.9360228364,    -0.08482482628,       3.187145014
         47,           0,          29,           2.2e-06,             5e-08,      -4.527098839,      -1.677200436,      -1.761160181,      0.8716186427,     -0.1259033923,       2.994139781
         48,           0,           0,          2.25e-06,             5e-08,      -2.455368726,       0.264706283,    -0.04228622343,       2.953366857,       1.756839762,       3.700614438
         48,           0,          10,          2.25e-06,             5e-08,      -4.272940668,        -1.4966301,      -1.635844495,       1.063358078,    0.006023727476,       3.406888711
         48,           0,          20,          2.25e-06,             5e-08,      -4.432638214,      -1.616156011,      -1.720048742,      0.9400857518,    -0.08346768032,       3.178376564
         48,           0,          29,          2.25e-06,             5e-08,      -4.524028243,      -1.675404287,       -1.75739024,        0.87596947,     -0.1236728605,       2.984561513
         49,           0,           0,           2.3e-06,             5e-08,      -2.455913752,      0.2641573434,    -0.04338422005,       2.952471034,        1.75543981,       3.692842344
         49,           0,          10,           2.3e-06,             5e-08,      -4.270667477,      -1.496351099,      -1.633516074,       1.066738575,    0.006196874104,       3.399052714
         49,           0,          20,           2.3e-06,             5e-08,      -4.429808965,      -1.615070096,      -1.716738752,      0.9441037167,    -0.08203886119,       3.169576852
         49,           0,          29,           2.3e-06,             5e-08,      -4.520974986,      -1.673587504,      -1.753643398,      0.8802635069,     -0.1214022578,       2.974756216
         50,           0,           0,          2.35e-06,             5e-08,      -2.456467009,      0.2635926331,    -0.04444549006,       2.951566418,       1.754085068,       3.685115422
         50,           0,          10,          2.35e-06,             5e-08,      -4.268396932,      -1.496025035,      -1.631194986,       1.070108756,    0.006458691358,       3.391497273
         50,           0,          20,          2.35e-06,             5e-08,      -4.426996057,      -1.613953083,      -1.713444844,      0.9480758768,    -0.08054468044,       3.161552687
         50,           0,          29,          2.35e-06,             5e-08,      -4.517936847,      -1.671751572,      -1.749919116,      0.8845051904,     -0.1190960789,       2.965610255
         51,           0,           0,           2.4e-06,             5e-08,      -2.457036801,      0.2630084381,     -0.0454636909,       2.950642724,       1.752777954,       3.677773408
         51,           0,          10,           2.4e-06,             5e-08,      -4.266134278,      -1.495659458,      -1.628877017,       1.073458058,    0.006802391087,       3.383728091
         51,           0,          20,           2.4e-06,             5e-08,      -4.424203063,      -1.612805961,      -1.710169264,      0.9519978347,      -0.078991262,       3.152392097
         51,           0,          29,           2.4e-06,             5e-08,      -4.514915606,      -1.669898849,      -1.746218541,      0.8886937982,     -0.1167589653,       2.955739534
         52,           0,           0,          2.45e-06,             5e-08,      -2.457633036,      0.2624011589,    -0.04643632209,        2.94968326,       1.751518707,       3.670051603
         52,           0,          10,          2.45e-06,             5e-08,      -4.263877982,      -1.495253512,      -1.626572187,        1.07678858,      0.0072221775,       3.376484928
         52,           0,          20,          2.45e-06,             5e-08,      -4.421428739,      -1.611634527,      -1.706912832,      0.9558701021,     -0.0773836898,       3.144658235
         52,           0,          29,          2.45e-06,             5e-08,      -4.511911028,      -1.668035044,      -1.742541885,      0.8928293041,     -0.1143948996,       2.947277526
         53,           0,           0,           2.5e-06,             5e-08,      -2.458261357,      0.2617706023,    -0.04735115293,       2.948679168,       1.750306242,       3.662830365
         53,           0,          10,           2.5e-06,             5e-08,      -4.261636685,      -1.494822737,      -1.624272853,        1.08008246,    0.007713026142,       3.369112034
         53,           0,          20,           2.5e-06,             5e-08,      -4.418674277,      -1.610443898,      -1.703673779,      0.9596919524,    -0.07572669444,       3.137141324
         53,           0,          29,           2.5e-06,             5e-08,      -4.508914833,      -1.666157033,      -1.738887872,       0.896925043,     -0.1120078552,       2.940081958
         54,           0,           0,          2.55e-06,             5e-08,      -2.458921665,      0.2611219211,    -0.04821326859,       2.947629836,       1.749102888,       3.656140588
         54,           0,          10,          2.55e-06,             5e-08,      -4.259410294,      -1.494367961,      -1.621976043,       1.083341603,    0.008269724542,       3.364198319
         54,           0,          20,          2.55e-06,             5e-08,      -4.415936942,      -1.609232072,       -1.70044853,      0.9634695035,     -0.0740250459,       3.128604197
         54,           0,          29,          2.55e-06,             5e-08,      -4.505931662,      -1.664268011,      -1.735254776,      0.9009755504,     -0.1096010698,       2.928602223
         55,           0,           0,           2.6e-06,             5e-08,      -2.459616991,      0.2604543029,    -0.04902231443,       2.946531408,       1.747926442,       3.649180705
         55,           0,          10,           2.6e-06,             5e-08,       -4.25719631,      -1.493895443,      -1.619674564,       1.086569504,      0.0088879066,       3.355152369
         55,           0,          20,           2.6e-06,             5e-08,      -4.413217009,      -1.608004209,      -1.697235779,      0.9672004709,     -0.0722825439,       3.119744376
         55,           0,          29,           2.6e-06,             5e-08,      -4.502967253,      -1.662371195,      -1.731642832,      0.9049715127,      -0.107177514,       2.918938152
         56,           0,           0,          2.65e-06,             5e-08,      -2.460343736,      0.2597714246,    -0.04978300556,       2.945388904,       1.746765506,       3.641315864
         56,           0,          10,          2.65e-06,             5e-08,      -4.255001633,      -1.493411223,      -1.617367973,       1.089752036,    0.009563635481,         3.3471165
         56,           0,          20,          2.65e-06,             5e-08,      -4.410524207,      -1.606763681,      -1.694035178,      0.9708696782,    -0.07050284233,       3.110876116
         56,           0,          29,          2.65e-06,             5e-08,       -4.50003711,      -1.660469251,      -1.728053437,      0.9088906171,     -0.1047399625,       2.909225323
         57,           0,           0,           2.7e-06,             5e-08,      -2.461107998,      0.2590675544,    -0.05048914646,       2.944191651,       1.745646412,       3.633745879
         57,           0,          10,           2.7e-06,             5e-08,       -4.25282991,      -1.492917718,      -1.615057962,       1.092881675,      0.0102931934,       3.339253337
         57,           0,          20,           2.7e-06,             5e-08,      -4.407863734,      -1.605510541,      -1.690849012,      0.9744689509,    -0.06868940672,       3.102449151
         57,           0,          29,           2.7e-06,             5e-08,      -4.497146477,      -1.658560731,      -1.724488096,       0.912726317,     -0.1022911332,        2.90001234
         58,           0,           0,          2.75e-06,             5e-08,      -2.461904776,      0.2583480713,    -0.05115365644,       2.942950066,       1.744578614,       3.626557219
         58,           0,          10,          2.75e-06,             5e-08,      -4.250684714,      -1.492414206,      -1.612747395,       1.095952025,     0.01107296956,        3.33194194
         58,           0,          20,          2.75e-06,             5e-08,      -4.405235762,      -1.604242439,      -1.687678696,      0.9779988653,    -0.06684556447,        3.09437646
         58,           0,          29,          2.75e-06,             5e-08,      -4.494291903,      -1.656644689,      -1.720947963,      0.9164849008,    -0.09983325668,       2.891066393
         59,           0,           0,           2.8e-06,             5e-08,      -2.462735531,       0.257611108,    -0.05177708838,       2.941661042,       1.743555179,       3.619733414
         59,           0,          10,           2.8e-06,             5e-08,      -4.248565722,      -1.491900241,      -1.610437566,       1.098964849,     0.01189974428,       3.324844815
         59,           0,          20,           2.8e-06,             5e-08,      -4.402637581,      -1.602959123,      -1.684526317,      0.9814644146,    -0.06497409547,       3.086417129
         59,           0,          29,           2.8e-06,             5e-08,      -4.491467462,      -1.654722496,      -1.717433198,      0.9201754431,     -0.0973682459,       2.882362942
         60,           0,           0,          2.85e-06,             5e-08,      -2.463595477,       0.256858218,    -0.05236395068,       2.940329133,       1.742589184,        3.61312014
         60,           0,          10,          2.85e-06,             5e-08,      -4.246472912,      -1.491374976,      -1.608131733,       1.101920519,     0.01277049314,       3.318075107
         60,           0,          20,          2.85e-06,             5e-08,      -4.400067164,      -1.601661542,      -1.681390967,      0.9848709343,    -0.06307760769,       3.078863321
         60,           0,          29,          2.85e-06,             5e-08,      -4.488668469,      -1.652795156,      -1.713942485,      0.9238077848,     -0.0948980365,       2.873792423
         61,           0,           0,           2.9e-06,             5e-08,      -2.464482092,      0.2560897383,    -0.05291731451,       2.938956779,       1.741669295,       3.606777977
         61,           0,          10,           2.9e-06,             5e-08,      -4.244400271,      -1.490837442,      -1.605826919,       1.104830735,     0.01368260817,       3.311327685
         61,           0,          20,           2.9e-06,             5e-08,      -4.397516155,      -1.600349155,      -1.678270674,      0.9882313625,    -0.06115857825,       3.071285984
         61,           0,          29,           2.9e-06,             5e-08,      -4.485886626,      -1.650862076,       -1.71047399,      0.9273926809,    -0.09242447918,       2.865314622
         62,           0,           0,          2.95e-06,             5e-08,      -2.465389816,      0.2553083766,    -0.05344510917,       2.937551672,       1.740788842,       3.600529518
         62,           0,          10,          2.95e-06,             5e-08,      -4.242344359,      -1.490285491,      -1.603523502,       1.107702131,     0.01463341216,         3.3047181
         62,           0,          20,          2.95e-06,             5e-08,      -4.394983071,      -1.599020428,      -1.675168179,      0.9915484787,    -0.05921954871,       3.063870762
         62,           0,          29,          2.95e-06,             5e-08,      -4.483121845,      -1.648922056,      -1.707031666,      0.9309311642,    -0.08994917987,       2.856969291
         63,           0,           0,             3e-06,             5e-08,      -2.466311144,      0.2545192861,    -0.05395576785,       2.936124536,       1.739930856,       3.594416394
         63,           0,          10,             3e-06,             5e-08,      -4.240306859,       -1.48971832,      -1.601226601,       1.110532079,       0.015620477,       3.298121672
         63,           0,          20,             3e-06,             5e-08,       -4.39246918,      -1.597677215,      -1.672085679,      0.9948207513,    -0.05726248999,       3.056476452
         63,           0,          29,             3e-06,             5e-08,      -4.480375063,      -1.646977904,      -1.703613955,      0.9344228882,    -0.08747339813,       2.848694105
         64,           0,           0,          3.05e-06,             5e-08,       -2.46724427,      0.2537219131,    -0.05445581736,       2.934677968,       1.739112729,       3.588385954
         64,           0,          10,          3.05e-06,             5e-08,      -4.238288687,      -1.489137972,      -1.598936281,       1.113320622,     0.01664156493,       3.291522669
         64,           0,          20,          3.05e-06,             5e-08,       -4.38997151,       -1.59631894,       -1.66902185,      0.9980541952,    -0.05528933818,       3.048868608
         64,           0,          29,          3.05e-06,             5e-08,      -4.477644392,      -1.645029585,      -1.700221315,      0.9378712942,    -0.08499844172,       2.840161621
         65,           0,           0,           3.1e-06,             5e-08,      -2.468184995,       0.252917455,    -0.05494830736,       2.933217359,       1.738337662,       3.582333216
         65,           0,          10,           3.1e-06,             5e-08,      -4.236281253,      -1.488540475,      -1.596651814,       1.116082244,     0.01769443892,       3.284836828
         65,           0,          20,           3.1e-06,             5e-08,      -4.387489175,      -1.594948067,      -1.665975664,       1.001249479,    -0.05330196379,        3.04112601
         65,           0,          29,           3.1e-06,             5e-08,      -4.474930353,      -1.643079682,      -1.696852117,      0.9412757298,    -0.08252553807,       2.831567187
         66,           0,           0,          3.15e-06,             5e-08,      -2.469130309,      0.2521048006,    -0.05543827149,        2.93174648,       1.737599911,       3.576200343
         66,           0,          10,          3.15e-06,             5e-08,       -4.23428763,       -1.48792796,      -1.594372611,       1.118811518,     0.01877725365,       3.277880145
         66,           0,          20,          3.15e-06,             5e-08,      -4.385022983,      -1.593565826,      -1.662947657,        1.00440573,    -0.05130198559,       3.033597499
         66,           0,          29,          3.15e-06,             5e-08,      -4.472235007,      -1.641129128,      -1.693507889,      0.9446344353,    -0.08005578172,       2.823381521
         67,           0,           0,           3.2e-06,             5e-08,      -2.470080134,      0.2512812687,    -0.05592648469,       2.930265032,       1.736896203,       3.570138113
         67,           0,          10,           3.2e-06,             5e-08,       -4.23230997,      -1.487301988,      -1.592099058,       1.121505777,      0.0198883094,       3.271311433
         67,           0,          20,           3.2e-06,             5e-08,      -4.382578072,      -1.592175184,       -1.65993809,       1.007516639,    -0.04929104508,       3.026202522
         67,           0,          29,           3.2e-06,             5e-08,       -4.46955934,      -1.639178396,      -1.690187909,      0.9479471622,    -0.07759024012,       2.815168375
         68,           0,           0,          3.25e-06,             5e-08,      -2.471028912,      0.2504501014,    -0.05641877685,       2.928781187,       1.736225598,       3.564225808
         68,           0,          10,          3.25e-06,             5e-08,      -4.230348321,      -1.486664515,      -1.589832554,       1.124164575,     0.02102589572,       3.264889404
         68,           0,          20,          3.25e-06,             5e-08,       -4.38015091,      -1.590774971,      -1.656947888,       1.010587332,    -0.04727070095,       3.019130034
         68,           0,          29,          3.25e-06,             5e-08,      -4.466900853,      -1.637227167,       -1.68689311,      0.9512174358,    -0.07512982132,       2.807346314
         69,           0,           0,           3.3e-06,             5e-08,      -2.471976749,      0.2496081636,    -0.05691677614,       2.927294916,       1.735588588,       3.558537743
         69,           0,          10,           3.3e-06,             5e-08,      -4.228400468,      -1.486014713,      -1.587572078,       1.126792527,      0.0221883139,       3.258999419
         69,           0,          20,           3.3e-06,             5e-08,      -4.377740822,      -1.589364766,      -1.653976721,       1.013619928,    -0.04524234653,       3.012438719
         69,           0,          29,           3.3e-06,             5e-08,      -4.464258729,      -1.635274842,      -1.683622452,      0.9544473964,    -0.07267539769,       2.799869824
         70,           0,           0,          3.35e-06,             5e-08,      -2.472928627,       0.248746839,    -0.05742055912,        2.92579893,       1.734985875,       3.553222275
         70,           0,          10,          3.35e-06,             5e-08,      -4.226466954,      -1.485351986,      -1.585319281,       1.129389283,     0.02337400592,       3.252972389
         70,           0,          20,          3.35e-06,             5e-08,      -4.375344509,      -1.587943833,       -1.65102366,       1.016619298,    -0.04320735664,       3.005633363
         70,           0,          29,          3.35e-06,             5e-08,      -4.461631678,        -1.6333224,       -1.68037593,      0.9576388117,    -0.07022766326,       2.792203449
         71,           0,           0,           3.4e-06,             5e-08,      -2.473891415,      0.2478531365,    -0.05793052497,       2.924283007,       1.734414813,       3.547896907
         71,           0,          10,           3.4e-06,             5e-08,      -4.224546176,      -1.484678091,      -1.583071775,       1.131957336,     0.02458141683,       3.247159877
         71,           0,          20,           3.4e-06,             5e-08,      -4.372965812,      -1.586515956,      -1.648088476,       1.019580052,    -0.04116682253,       2.998758806
         71,           0,          29,           3.4e-06,             5e-08,      -4.459023077,      -1.631372082,        -1.6771523,       0.960788112,    -0.06778727716,       2.784667403
         72,           0,           0,          3.45e-06,             5e-08,        -2.4748605,      0.2469313276,     -0.0584483961,       2.922751714,       1.733876566,       3.542550112
         72,           0,          10,          3.45e-06,             5e-08,      -4.222640706,      -1.483993275,      -1.580832393,       1.134492398,     0.02580933509,        3.24107842
         72,           0,          20,          3.45e-06,             5e-08,      -4.370604996,      -1.585081189,      -1.645171338,       1.022502536,    -0.03912185179,       2.992380483
         72,           0,          29,          3.45e-06,             5e-08,      -4.456431189,      -1.629423037,        -1.6739527,      0.9638982087,    -0.06535494386,       2.777489782
         73,           0,           0,           3.5e-06,             5e-08,      -2.475809462,      0.2460129121,    -0.05898434422,       2.921246798,       1.733368608,       3.537204312
         73,           0,          10,           3.5e-06,             5e-08,       -4.22075037,      -1.483298497,      -1.578598898,       1.136995277,     0.02705645325,       3.235426258
         73,           0,          20,           3.5e-06,             5e-08,      -4.368261141,      -1.583639875,      -1.642271898,        1.02538838,    -0.03707356612,       2.985994356
         73,           0,          29,           3.5e-06,             5e-08,      -4.453855192,      -1.627475624,       -1.67077573,      0.9669706729,    -0.06293126075,        2.77037768
         74,           0,           0,          3.55e-06,             5e-08,      -2.476735843,      0.2451006752,    -0.05953930554,       2.919771956,       1.732896211,       3.532046811
         74,           0,          10,          3.55e-06,             5e-08,      -4.218875182,      -1.482595105,      -1.576373203,       1.139465509,     0.02832142542,       3.229807465
         74,           0,          20,          3.55e-06,             5e-08,      -4.365932529,       -1.58219191,      -1.639390663,       1.028240142,    -0.03502300969,       2.979666047
         74,           0,          29,          3.55e-06,             5e-08,      -4.451293979,      -1.625529532,      -1.667622691,      0.9700070727,    -0.06051673421,       2.763376602
         75,           0,           0,           3.6e-06,             5e-08,       -2.47763815,      0.2441965514,    -0.06011352086,       2.918330052,       1.732458099,       3.526973719
         75,           0,          10,           3.6e-06,             5e-08,       -4.21701441,      -1.481884362,      -1.574154377,       1.141904391,     0.02960313676,       3.224254455
         75,           0,          20,           3.6e-06,             5e-08,      -4.363618532,       -1.58073692,      -1.636528174,       1.031058981,    -0.03297102596,       2.973438863
         75,           0,          29,           3.6e-06,             5e-08,      -4.448746971,      -1.623584853,      -1.664492665,      0.9730086776,    -0.05811174363,       2.756491954
         76,           0,           0,          3.65e-06,             5e-08,       -2.47851364,      0.2433036986,    -0.06070429186,       2.916926837,       1.732048591,       3.521957472
         76,           0,          10,          3.65e-06,             5e-08,      -4.215167754,      -1.481165235,      -1.571943753,       1.144312581,     0.03090046602,       3.218733731
         76,           0,          20,          3.65e-06,             5e-08,      -4.361319829,      -1.579275518,      -1.633684488,       1.033844597,    -0.03091836091,       2.967348278
         76,           0,          29,          3.65e-06,             5e-08,      -4.446215527,      -1.621642555,       -1.66138625,      0.9759745559,    -0.05571666544,       2.749751745
         77,           0,           0,           3.7e-06,             5e-08,      -2.479362605,      0.2424223284,    -0.06130994212,       2.915560427,       1.731670994,         3.5170149
         77,           0,          10,           3.7e-06,             5e-08,      -4.213334425,      -1.480436853,      -1.569740833,       1.146692667,     0.03221241076,       3.213284033
         77,           0,          20,           3.7e-06,             5e-08,      -4.359034108,      -1.577807575,      -1.630858027,       1.036600797,    -0.02886578476,       2.961295129
         77,           0,          29,           3.7e-06,             5e-08,      -4.443696751,      -1.619702285,      -1.658300902,      0.9789088774,    -0.05333190792,        2.74310203
         78,           0,           0,          3.75e-06,             5e-08,      -2.480184867,      0.2415532284,    -0.06192979676,       2.914232169,       1.731331161,       3.512130257
         78,           0,          10,          3.75e-06,             5e-08,      -4.211511946,       -1.47969873,        -1.5675448,       1.149048421,     0.03353788739,        3.20784653
         78,           0,          20,          3.75e-06,             5e-08,      -4.356760723,      -1.576332933,      -1.628048537,       1.039328863,    -0.02681410634,       2.955134781
         78,           0,          29,          3.75e-06,             5e-08,       -4.44119175,      -1.617764451,      -1.655237963,      0.9818107114,    -0.05095776008,       2.736185907
         79,           0,           0,           3.8e-06,             5e-08,      -2.480980559,      0.2406972985,    -0.06256102925,       2.912942028,       1.731026236,       3.507171068
         79,           0,          10,           3.8e-06,             5e-08,      -4.209701129,      -1.478950254,      -1.565356319,       1.151379222,     0.03487596684,       3.202243071
         79,           0,          20,           3.8e-06,             5e-08,      -4.354503257,      -1.574853418,      -1.625256904,       1.042024157,    -0.02476385402,       2.949011218
         79,           0,          29,           3.8e-06,             5e-08,      -4.438703916,      -1.615831409,      -1.652197085,      0.9846762464,    -0.04859445398,       2.729459784
         80,           0,           0,          3.85e-06,             5e-08,      -2.481751003,      0.2398543714,     -0.0632012326,       2.911687181,       1.730746078,       3.502144564
         80,           0,          10,          3.85e-06,             5e-08,      -4.207906535,      -1.478194556,      -1.563176758,       1.153678193,     0.03622593438,       3.196733964
         80,           0,          20,          3.85e-06,             5e-08,      -4.352262588,      -1.573371366,      -1.622482762,       1.044685651,    -0.02271562631,       2.943037387
         80,           0,          29,          3.85e-06,             5e-08,      -4.436231351,      -1.613902827,      -1.649178085,         0.9875081,    -0.04624234178,       2.722933168
         81,           0,           0,           3.9e-06,             5e-08,      -2.482496557,      0.2390260559,    -0.06384793932,       2.910468215,       1.730487925,       3.497204678
         81,           0,          10,           3.9e-06,             5e-08,      -4.206121364,      -1.477428695,      -1.561004669,       1.155955286,     0.03758678188,       3.191298925
         81,           0,          20,           3.9e-06,             5e-08,      -4.350031552,      -1.571882013,      -1.619725815,       1.047323099,    -0.02067012662,       2.937091547
         81,           0,          29,           3.9e-06,             5e-08,      -4.433769713,      -1.611975452,      -1.646180575,      0.9903122429,    -0.04390163848,       2.716510032
         82,           0,           0,          3.95e-06,             5e-08,       -2.48322082,      0.2382090637,    -0.06449807269,       2.909279883,       1.730253635,       3.492331278
         82,           0,          10,          3.95e-06,             5e-08,       -4.20434464,       -1.47665044,      -1.558839016,       1.158212975,       0.038957639,       3.185945469
         82,           0,          20,          3.95e-06,             5e-08,      -4.347814005,      -1.570388121,      -1.616985005,       1.049932098,    -0.01862770137,       2.931231635
         82,           0,          29,          3.95e-06,             5e-08,      -4.431322748,      -1.610053247,      -1.643203207,      0.9930846637,    -0.04157244098,       2.710169477
         83,           0,           0,             4e-06,             5e-08,      -2.483920761,      0.2374071158,    -0.06514970807,       2.908127515,       1.730016413,       3.487449107
         83,           0,          10,             4e-06,             5e-08,      -4.202578495,      -1.475863911,      -1.556678513,       1.160447618,     0.04033788671,       3.180538985
         83,           0,          20,             4e-06,             5e-08,      -4.345608017,      -1.568891478,      -1.614258226,       1.052515268,    -0.01658891852,       2.925290905
         83,           0,          29,             4e-06,             5e-08,      -4.428888057,      -1.608135926,      -1.640244846,      0.9958284091,    -0.03925496281,       2.703673376
         84,           0,           0,          4.05e-06,             5e-08,      -2.484600443,      0.2366175578,    -0.06579849011,       2.907005218,       1.729783062,       3.482549638
         84,           0,          10,          4.05e-06,             5e-08,      -4.200822862,      -1.475071707,      -1.554522569,       1.162658889,       0.041726927,       3.175101011
         84,           0,          20,          4.05e-06,             5e-08,      -4.343415501,       -1.56739362,      -1.611546257,       1.055069966,    -0.01455420946,        2.91905452
         84,           0,          29,          4.05e-06,             5e-08,      -4.426467918,      -1.606224165,      -1.637306006,      0.9985412307,    -0.03694939213,        2.69714895
         85,           0,           0,           4.1e-06,             5e-08,      -2.485259909,      0.2358421007,    -0.06644246804,       2.905912759,       1.729560912,       3.477611783
         85,           0,          10,           4.1e-06,             5e-08,      -4.199082256,      -1.474274537,      -1.552373441,        1.16484074,     0.04312407744,       3.169387849
         85,           0,          20,           4.1e-06,             5e-08,      -4.341238691,      -1.565893358,      -1.608850491,       1.057594438,    -0.01252403922,       2.913398686
         85,           0,          29,           4.1e-06,             5e-08,       -4.42406159,      -1.604316828,      -1.634387049,       1.001224642,    -0.03465588524,       2.691050744
         86,           0,           0,          4.15e-06,             5e-08,      -2.485901777,      0.2350789918,    -0.06708019972,       2.904846046,       1.729351396,       3.472720364
         86,           0,          10,          4.15e-06,             5e-08,      -4.197351941,      -1.473469365,       -1.55023096,       1.167000045,     0.04452867361,       3.164145362
         86,           0,          20,          4.15e-06,             5e-08,      -4.339072456,      -1.564389311,      -1.606169953,       1.060095022,    -0.01049879472,       2.907833117
         86,           0,          29,          4.15e-06,             5e-08,      -4.421666868,      -1.602413274,       -1.63148743,       1.003881512,    -0.03237454238,       2.684851354
         87,           0,           0,           4.2e-06,             5e-08,      -2.486527983,      0.2343266547,    -0.06770897377,        2.90380225,        1.72915126,       3.468023003
         87,           0,          10,           4.2e-06,             5e-08,      -4.195632445,      -1.472655167,      -1.548095337,       1.169137344,     0.04593998939,       3.158916955
         87,           0,          20,           4.2e-06,             5e-08,      -4.336918443,      -1.562880853,      -1.603504853,       1.062571054,   -0.008478834968,       2.901476279
         87,           0,          29,           4.2e-06,             5e-08,      -4.419284733,      -1.600514096,      -1.628606421,       1.006511582,    -0.03010541943,       2.678399346
         88,           0,           0,          4.25e-06,             5e-08,      -2.487138567,      0.2335866936,    -0.06832852041,       2.902782106,       1.728951472,        3.46306818
         88,           0,          10,          4.25e-06,             5e-08,      -4.193923199,      -1.471832544,      -1.545967917,       1.171253672,     0.04735750184,       3.153359974
         88,           0,          20,          4.25e-06,             5e-08,      -4.334774342,      -1.561368798,       -1.60085451,       1.065024953,   -0.006464461897,       2.896643486
         88,           0,          29,          4.25e-06,             5e-08,      -4.416913966,      -1.598619122,      -1.625744803,       1.009116171,    -0.02784859417,       2.672925974
         89,           0,           0,           4.3e-06,             5e-08,      -2.487738478,      0.2328546035,     -0.0689343266,       2.901777413,       1.728753563,       3.458532403
         89,           0,          10,           4.3e-06,             5e-08,      -4.192224283,       -1.47100115,      -1.543847942,       1.173348784,     0.04878067544,       3.148537609
         89,           0,          20,           4.3e-06,             5e-08,      -4.332642705,      -1.559853374,      -1.598220359,       1.067454234,   -0.004455910729,        2.89117408
         89,           0,          29,           4.3e-06,             5e-08,      -4.414556933,      -1.596729573,      -1.622901505,       1.011693003,    -0.02560408798,       2.667022503
         90,           0,           0,          4.35e-06,             5e-08,      -2.488326308,       0.232133729,    -0.06952637714,       2.900790902,       1.728565057,        3.45408989
         90,           0,          10,          4.35e-06,             5e-08,      -4.190535779,      -1.470160641,      -1.541736543,       1.175423094,     0.05020908114,       3.143420287
         90,           0,          20,          4.35e-06,             5e-08,      -4.330523134,      -1.558336458,      -1.595601276,       1.069859602,   -0.002453435932,       2.885939215
         90,           0,          29,          4.35e-06,             5e-08,       -4.41221213,      -1.594845463,      -1.620075635,       1.014244101,    -0.02337195197,       2.661238973
         91,           0,           0,           4.4e-06,             5e-08,      -2.488905667,      0.2314194819,     -0.0701016992,        2.89981693,       1.728394012,       3.449560008
         91,           0,          10,           4.4e-06,             5e-08,      -4.188855629,      -1.469312041,       -1.53963215,       1.177479684,     0.05164221842,       3.138416762
         91,           0,          20,           4.4e-06,             5e-08,      -4.328414482,      -1.556818105,      -1.592995007,       1.072242318,  -0.0004572951298,       2.880625284
         91,           0,          29,           4.4e-06,             5e-08,      -4.409879495,      -1.592967984,      -1.617267037,       1.016770239,    -0.02115222919,       2.656086489
         92,           0,           0,          4.45e-06,             5e-08,      -2.489478046,      0.2307113307,     -0.0706600204,       2.898854229,        1.72824152,       3.445266816
         92,           0,          10,          4.45e-06,             5e-08,      -4.187185789,      -1.468458182,      -1.537531393,       1.179515684,     0.05307970006,        3.13364759
         92,           0,          20,          4.45e-06,             5e-08,      -4.326318641,      -1.555302737,      -1.590402159,       1.074602539,    0.001532153446,       2.875584842
         92,           0,          29,          4.45e-06,             5e-08,      -4.407558979,      -1.591099669,      -1.614479457,       1.019274041,    -0.01894501845,       2.650020818
         93,           0,           0,           4.5e-06,             5e-08,      -2.490044417,      0.2300097529,    -0.07120096719,       2.897900727,       1.728089912,       3.441022508
         93,           0,          10,           4.5e-06,             5e-08,       -4.18552637,      -1.467602054,      -1.535364584,       1.181538323,      0.0545210079,       3.128924296
         93,           0,          20,           4.5e-06,             5e-08,      -4.324230066,      -1.553790448,      -1.587801307,       1.076948187,    0.003514692215,       2.870321712
         93,           0,          29,           4.5e-06,             5e-08,      -4.405243007,      -1.589241625,      -1.611698908,       1.021763222,    -0.01675043009,       2.644575826
         94,           0,           0,          4.55e-06,             5e-08,      -2.490604984,      0.2293155026,    -0.07172288079,       2.896955426,       1.727953289,       3.436801817
         94,           0,          10,          4.55e-06,             5e-08,      -4.183872156,      -1.466738233,      -1.533277762,       1.183546048,     0.05596567858,       3.124234607
         94,           0,          20,          4.55e-06,             5e-08,      -4.322144536,      -1.552272729,      -1.585202526,       1.079284338,    0.005490262509,       2.865482182
         94,           0,          29,          4.55e-06,             5e-08,      -4.402927099,      -1.587386107,      -1.608922177,       1.024245055,    -0.01456823561,        2.63941496
         95,           0,           0,           4.6e-06,             5e-08,      -2.491161887,      0.2286268656,    -0.07222642907,       2.896015656,       1.727832607,       3.432761496
         95,           0,          10,           4.6e-06,             5e-08,      -4.182220468,      -1.465865082,      -1.531218777,       1.185546196,     0.05741336649,       3.119602267
         95,           0,          20,           4.6e-06,             5e-08,      -4.320063745,      -1.550753851,      -1.582666215,       1.081604844,    0.007458627794,        2.86047523
         95,           0,          29,           4.6e-06,             5e-08,      -4.400617069,      -1.585534418,      -1.606170247,        1.02670945,    -0.01239841364,       2.633925382
         96,           0,           0,          4.65e-06,             5e-08,      -2.491713442,      0.2279457652,    -0.07271301016,       2.895084419,       1.727721665,       3.428706337
         96,           0,          10,          4.65e-06,             5e-08,        -4.1805785,      -1.464985497,        -1.5291606,       1.187526056,     0.05886375184,       3.114889733
         96,           0,          20,          4.65e-06,             5e-08,       -4.31799165,      -1.549233007,      -1.580139462,       1.083906393,    0.009419698202,        2.85547535
         96,           0,          29,          4.65e-06,             5e-08,      -4.398315443,      -1.583687921,       -1.60345462,       1.029152491,    -0.01024098195,       2.628776142
         97,           0,           0,           4.7e-06,             5e-08,      -2.492259503,      0.2272734181,    -0.07318171688,       2.894162094,       1.727620299,       3.424730316
         97,           0,          10,           4.7e-06,             5e-08,      -4.178945914,      -1.464099868,      -1.527105118,       1.189485848,     0.06031643935,       3.110355541
         97,           0,          20,           4.7e-06,             5e-08,      -4.315930373,      -1.547711315,      -1.577622845,       1.086186406,     0.01137333028,        2.85070239
         97,           0,          29,           4.7e-06,             5e-08,      -4.396025321,      -1.581846905,      -1.600752033,       1.031572729,   -0.008095910387,       2.623652064
         98,           0,           0,          4.75e-06,             5e-08,      -2.492800932,      0.2266075197,    -0.07363296952,       2.893247337,       1.727527274,       3.420938673
         98,           0,          10,          4.75e-06,             5e-08,      -4.177322823,      -1.463208457,      -1.525053937,       1.191426241,     0.06177110563,       3.105943067
         98,           0,          20,          4.75e-06,             5e-08,      -4.313879425,       -1.54618863,      -1.575117008,       1.088446309,     0.01331936057,       2.846200922
         98,           0,          29,          4.75e-06,             5e-08,      -4.393747648,      -1.580011464,      -1.598064658,       1.033969486,   -0.005963211941,       2.618867964
         99,           0,           0,           4.8e-06,             5e-08,       -2.49334017,      0.2259460276,    -0.07406747585,        2.89233547,       1.727442313,       3.417314329
         99,           0,          10,           4.8e-06,             5e-08,      -4.175709543,      -1.462311416,       -1.52300717,       1.193347724,     0.06322738515,       3.101849416
         99,           0,          20,           4.8e-06,             5e-08,      -4.311841695,      -1.544665606,      -1.572622686,        1.09068309,     0.01525760694,       2.841600095
         99,           0,          29,           4.8e-06,             5e-08,       -4.39148473,      -1.578182317,       -1.59539113,       1.036340841,   -0.003842842224,       2.614079905
        100,           0,           0,          4.85e-06,             5e-08,      -2.493876061,      0.2252908259,    -0.07448539562,       2.891430048,       1.727364343,       3.413812074
        100,           0,          10,          4.85e-06,             5e-08,      -4.174107649,       -1.46140844,      -1.520967376,       1.195247806,     0.06468496044,       3.097619775
        100,           0,          20,          4.85e-06,             5e-08,      -4.309817235,      -1.543142806,       -1.57014056,       1.092896553,     0.01718800512,       2.837253369
        100,           0,          29,          4.85e-06,             5e-08,      -4.389237222,      -1.576359902,      -1.592733344,       1.038686153,   -0.001734770084,       2.609383577
        101,           0,           0,           4.9e-06,             5e-08,      -2.494409623,       0.224640471,     -0.0748891068,       2.890529308,       1.727291984,        3.41040757
        101,           0,          10,           4.9e-06,             5e-08,      -4.172515671,      -1.460499928,      -1.518933567,       1.197129207,     0.06614360186,       3.093531902
        101,           0,          20,           4.9e-06,             5e-08,      -4.307807087,      -1.541620472,       -1.56767089,       1.095085787,     0.01911045084,       2.832857195
        101,           0,          29,           4.9e-06,             5e-08,      -4.387005263,      -1.574543888,      -1.590090096,       1.041005435,   0.0003610506127,       2.604811611
        102,           0,           0,          4.95e-06,             5e-08,       -2.49494026,      0.2239950894,    -0.07527973234,        2.88963405,       1.727223918,       3.407087519
        102,           0,          10,          4.95e-06,             5e-08,      -4.170931496,       -1.45958494,      -1.516905904,       1.198995692,     0.06760300748,       3.089302071
        102,           0,          20,          4.95e-06,             5e-08,      -4.305805567,      -1.540098505,      -1.565213496,       1.097259309,     0.02102488013,       2.828473112
        102,           0,          29,          4.95e-06,             5e-08,      -4.384788746,      -1.572734735,      -1.587462906,       1.043299017,    0.002444673575,       2.600232995
        103,           0,           0,             5e-06,             5e-08,      -2.495468302,      0.2233535882,    -0.07565828122,       2.888743831,       1.727165661,       3.403737189
        103,           0,          10,             5e-06,             5e-08,      -4.169356192,      -1.458664307,      -1.514883908,       1.200846037,     0.06906292725,       3.085076044
        103,           0,          20,             5e-06,             5e-08,      -4.303798441,      -1.538577243,      -1.562763385,       1.099438851,     0.02293116819,       2.824858271
        103,           0,          29,             5e-06,             5e-08,      -4.382566125,      -1.570932365,      -1.584846902,       1.045595866,    0.004516171364,       2.596347542
        104,           0,           0,          5.05e-06,             5e-08,      -2.495992778,       0.222716688,     -0.0760248992,       2.887859421,       1.727113208,       3.400587271
        104,           0,          10,          5.05e-06,             5e-08,      -4.167786234,      -1.457737773,      -1.512866529,       1.202685282,     0.07052301404,        3.08208499
        104,           0,          20,          5.05e-06,             5e-08,      -4.301812519,      -1.537056744,       -1.56032789,       1.101582379,     0.02482931736,       2.821128691
        104,           0,          29,          5.05e-06,             5e-08,      -4.380360912,      -1.569137295,      -1.582246318,       1.047863432,    0.006575650179,       2.592562573
        105,           0,           0,           5.1e-06,             5e-08,      -2.496515515,       0.222082737,    -0.07638178911,       2.886978305,       1.727062032,        3.39802742
        105,           0,          10,           5.1e-06,             5e-08,      -4.166228403,      -1.456806085,      -1.510855966,       1.204501645,     0.07198311669,       3.078637181
        105,           0,          20,           5.1e-06,             5e-08,      -4.299848358,      -1.535538787,      -1.557906165,       1.103689612,      0.0267192204,       2.817463226
        105,           0,          29,           5.1e-06,             5e-08,      -4.378182013,      -1.567349997,      -1.579661561,       1.050089979,    0.008623067791,       2.588649005
        106,           0,           0,          5.15e-06,             5e-08,      -2.497036481,      0.2214517666,    -0.07672984629,       2.886102251,       1.727011273,       3.395355949
        106,           0,          10,          5.15e-06,             5e-08,      -4.164681142,      -1.455870211,      -1.508851424,       1.206297812,      0.0734429871,        3.07439091
        106,           0,          20,          5.15e-06,             5e-08,       -4.29789433,      -1.534022607,      -1.555495612,       1.105777949,     0.02860079309,       2.812825103
        106,           0,          29,          5.15e-06,             5e-08,      -4.376011911,      -1.565570302,      -1.577090484,       1.052299396,     0.01065853729,       2.583532531
        107,           0,           0,           5.2e-06,             5e-08,      -2.497554999,      0.2208228009,    -0.07707007583,       2.885231724,       1.726943822,       3.392117821
        107,           0,          10,           5.2e-06,             5e-08,      -4.163146035,      -1.454930296,      -1.506853278,       1.208071042,     0.07490237284,       3.070727216
        107,           0,          20,           5.2e-06,             5e-08,      -4.295961226,       -1.53250937,      -1.553098311,       1.107831068,     0.03047398183,       2.808148092
        107,           0,          29,           5.2e-06,             5e-08,      -4.373868711,      -1.563798517,      -1.574535234,       1.054466851,     0.01268208639,       2.578994579
        108,           0,           0,          5.25e-06,             5e-08,       -2.49806935,      0.2201976591,    -0.07740389155,       2.884369741,       1.726864866,       3.389128172
        108,           0,          10,          5.25e-06,             5e-08,      -4.161621422,      -1.453987782,         -1.504861,       1.209824317,     0.07636105199,        3.06670635
        108,           0,          20,          5.25e-06,             5e-08,      -4.294038334,      -1.530999059,      -1.550712115,       1.109865659,     0.03233873778,       2.803867186
        108,           0,          29,          5.25e-06,             5e-08,      -4.371733594,      -1.562034439,      -1.571993414,       1.056618536,     0.01469378628,       2.574247087
        109,           0,           0,           5.3e-06,             5e-08,      -2.498578994,      0.2195766599,    -0.07773150268,       2.883516086,       1.726781545,       3.386297345
        109,           0,          10,           5.3e-06,             5e-08,      -4.160110216,      -1.453043198,        -1.5028759,        1.21155357,     0.07781883548,       3.064184826
        109,           0,          20,           5.3e-06,             5e-08,      -4.292134119,      -1.529491172,      -1.548339308,       1.111869384,     0.03419501399,        2.80170049
        109,           0,          29,           5.3e-06,             5e-08,      -4.369620931,      -1.560277586,      -1.569466916,       1.058735209,     0.01669370776,       2.571485232
        110,           0,           0,          5.35e-06,             5e-08,      -2.499086033,      0.2189581442,     -0.0780542043,       2.882667828,       1.726694537,       3.384373769
        110,           0,          10,          5.35e-06,             5e-08,      -4.158607255,      -1.452094505,      -1.500897263,       1.213267043,     0.07927546909,       3.059954511
        110,           0,          20,          5.35e-06,             5e-08,      -4.290235938,      -1.527984737,      -1.545977023,       1.113860894,     0.03604279818,       2.796920561
        110,           0,          29,          5.35e-06,             5e-08,      -4.367512658,      -1.558527915,      -1.566953284,       1.060841433,     0.01868195169,       2.566901783
        111,           0,           0,           5.4e-06,             5e-08,      -2.499588977,      0.2183429034,     -0.0783720125,       2.881827784,       1.726603888,       3.381528058
        111,           0,          10,           5.4e-06,             5e-08,       -4.15711332,      -1.451141506,      -1.498924798,        1.21496348,     0.08073075858,       3.056412879
        111,           0,          20,           5.4e-06,             5e-08,       -4.28835207,      -1.526480105,      -1.543626657,         1.1158281,     0.03788207228,       2.793089209
        111,           0,          29,           5.4e-06,             5e-08,      -4.365420945,      -1.556785547,      -1.564452922,       1.062920617,     0.02065860885,       2.562844668
        112,           0,           0,          5.45e-06,             5e-08,       -2.50008727,      0.2177312769,    -0.07868400553,       2.880996677,       1.726509527,       3.378971059
        112,           0,          10,          5.45e-06,             5e-08,      -4.155625668,      -1.450184751,      -1.496957292,       1.216647931,     0.08218453694,       3.052647713
        112,           0,          20,          5.45e-06,             5e-08,      -4.286472346,       -1.52497771,       -1.54128575,       1.117786862,     0.03971284501,       2.789271846
        112,           0,          29,          5.45e-06,             5e-08,      -4.363332839,      -1.555050716,       -1.56196424,       1.064991536,     0.02262375269,       2.559068155
        113,           0,           0,           5.5e-06,             5e-08,      -2.500580216,      0.2171233067,    -0.07899108374,       2.880175546,       1.726406032,       3.376524626
        113,           0,          10,           5.5e-06,             5e-08,      -4.154148563,      -1.449224481,      -1.494995622,       1.218314218,     0.08363665697,       3.049135695
        113,           0,          20,           5.5e-06,             5e-08,      -4.284608436,      -1.523478677,      -1.538956029,       1.119720528,     0.04153508526,       2.785713548
        113,           0,          29,           5.5e-06,             5e-08,      -4.361256194,         -1.553324,      -1.559487556,       1.067044062,     0.02457745774,       2.555482141
        114,           0,           0,          5.55e-06,             5e-08,      -2.501067907,      0.2165178821,    -0.07929389107,       2.879363506,       1.726283233,       3.374219197
        114,           0,          10,          5.55e-06,             5e-08,      -4.152677334,      -1.448260617,      -1.493039678,       1.219969669,     0.08508697959,       3.045830748
        114,           0,          20,          5.55e-06,             5e-08,      -4.282745366,      -1.521982835,      -1.536635637,       1.121650939,     0.04334878909,       2.782310029
        114,           0,          29,          5.55e-06,             5e-08,      -4.359186591,      -1.551605039,      -1.557023641,       1.069083548,     0.02651980546,       2.551996699
        115,           0,           0,           5.6e-06,             5e-08,      -2.501549789,      0.2159161882,    -0.07959326293,       2.878561099,       1.726149198,       3.372039572
        115,           0,          10,           5.6e-06,             5e-08,      -4.151210286,      -1.447294264,      -1.491088778,       1.221617027,     0.08653538003,       3.042558081
        115,           0,          20,           5.6e-06,             5e-08,      -4.280890704,      -1.520490376,        -1.5343256,       1.123566736,     0.04515395212,       2.778946009
        115,           0,          29,           5.6e-06,             5e-08,      -4.357128033,      -1.549893721,      -1.554572066,        1.07110513,     0.02845086219,       2.548579558
        116,           0,           0,          5.65e-06,             5e-08,      -2.502026818,      0.2153177327,    -0.07988912999,       2.877767322,         1.7260052,       3.369936833
        116,           0,          10,          5.65e-06,             5e-08,      -4.149752044,      -1.446324783,      -1.489145448,       1.223248823,     0.08798169155,        3.03938938
        116,           0,          20,          5.65e-06,             5e-08,      -4.279046429,      -1.519000602,      -1.532026443,        1.12546573,      0.0469505802,       2.775737222
        116,           0,          29,          5.65e-06,             5e-08,      -4.355080562,      -1.548189695,      -1.552133786,       1.073109193,     0.03037072544,       2.545319792
        117,           0,           0,           5.7e-06,             5e-08,      -2.502500582,       0.214721622,    -0.08018115321,       2.876980687,       1.725839815,        3.36795746
        117,           0,          10,           5.7e-06,             5e-08,      -4.148300697,      -1.445350672,      -1.487207894,       1.224868581,     0.08942577864,       3.036243951
        117,           0,          20,           5.7e-06,             5e-08,      -4.277211619,      -1.517513256,      -1.529737631,       1.127349525,     0.04873869205,       2.772538328
        117,           0,          29,           5.7e-06,             5e-08,      -4.353043877,      -1.546493142,      -1.549707495,       1.075096347,     0.03227948352,       2.542072259
        118,           0,           0,          5.75e-06,             5e-08,      -2.502970667,      0.2141280761,    -0.08047051197,       2.876201884,       1.725653606,       3.366025861
        118,           0,          10,          5.75e-06,             5e-08,      -4.146857207,      -1.444372427,      -1.485277477,       1.226475114,     0.09086749955,       3.032399154
        118,           0,          20,          5.75e-06,             5e-08,      -4.275386511,      -1.516028898,      -1.527459319,       1.129217848,     0.05051827753,       2.769107143
        118,           0,          29,          5.75e-06,             5e-08,      -4.351017727,      -1.544804221,      -1.547294039,       1.077066838,     0.03417723301,       2.538402604
        119,           0,           0,           5.8e-06,             5e-08,       -2.50343634,      0.2135365112,    -0.08075308487,       2.875432447,       1.725426512,       3.363773132
        119,           0,          10,           5.8e-06,             5e-08,      -4.145414121,      -1.443394497,      -1.483108043,       1.228079893,     0.09230651153,       3.029777114
        119,           0,          20,           5.8e-06,             5e-08,      -4.273565049,      -1.514557624,       -1.52486373,       1.131087569,     0.05228866577,       2.765960252
        119,           0,          29,           5.8e-06,             5e-08,      -4.348992085,      -1.543135648,      -1.544658133,        1.07904027,     0.03606311276,       2.535399641
        120,           0,           0,          5.85e-06,             5e-08,      -2.503902127,      0.2129438597,    -0.08102767348,       2.874663536,       1.725184088,       3.362101533
        120,           0,          10,          5.85e-06,             5e-08,      -4.143981348,      -1.442421164,      -1.481213968,       1.229679683,     0.09374223446,       3.026642959
        120,           0,          20,          5.85e-06,             5e-08,      -4.271744677,       -1.51308805,      -1.522757421,       1.132946973,     0.05405063799,       2.762911333
        120,           0,          29,          5.85e-06,             5e-08,      -4.346967823,      -1.541467882,      -1.542357931,       1.081003709,     0.03793858941,       2.532295769
        121,           0,           0,           5.9e-06,             5e-08,      -2.504364173,      0.2123538297,    -0.08130097903,       2.873900893,       1.724927378,       3.360387177
        121,           0,          10,           5.9e-06,             5e-08,      -4.142547445,      -1.441437257,      -1.479364969,       1.231272739,     0.09517591612,       3.023851273
        121,           0,          20,           5.9e-06,             5e-08,      -4.269928146,      -1.511615654,      -1.520556994,       1.134801548,     0.05580458734,       2.759170052
        121,           0,          29,           5.9e-06,             5e-08,      -4.344947209,      -1.539802719,      -1.540016004,       1.082961852,     0.03980363541,       2.529464337
        122,           0,           0,          5.95e-06,             5e-08,      -2.504823305,      0.2117655245,    -0.08156762357,       2.873143833,       1.724656346,       3.358664851
        122,           0,          10,          5.95e-06,             5e-08,      -4.141119093,      -1.440450513,      -1.477489271,       1.232853761,     0.09660689191,       3.020779707
        122,           0,          20,          5.95e-06,             5e-08,      -4.268118368,      -1.510146316,      -1.518345758,       1.136643052,     0.05755016445,       2.756781083
        122,           0,          29,          5.95e-06,             5e-08,      -4.342934171,      -1.538144708,      -1.537672386,       1.084905735,     0.04165807657,       2.526192511
        123,           0,           0,             6e-06,             5e-08,      -2.505279628,      0.2111796688,    -0.08182869804,       2.872393132,        1.72436806,       3.357023262
        123,           0,          10,             6e-06,             5e-08,       -4.13969831,      -1.439462594,      -1.475604535,       1.234420644,     0.09803498077,         3.0177975
        123,           0,          20,             6e-06,             5e-08,      -4.266317296,      -1.508680821,      -1.516133875,       1.138469784,     0.05928731836,       2.753894072
        123,           0,          29,             6e-06,             5e-08,      -4.340930054,      -1.536494335,      -1.535331951,       1.086834535,     0.04350193421,       2.523306685
        124,           0,           0,          6.05e-06,             5e-08,      -2.505734238,      0.2105947853,    -0.08208273188,       2.871646654,       1.724049079,       3.355417235
        124,           0,          10,          6.05e-06,             5e-08,      -4.138285144,      -1.438472364,      -1.473717365,       1.235973746,      0.0994600647,       3.014939073
        124,           0,          20,          6.05e-06,             5e-08,      -4.264525701,      -1.507218534,      -1.513925628,       1.140281285,     0.06101607824,       2.751001676
        124,           0,          29,          6.05e-06,             5e-08,      -4.338937111,      -1.534851201,      -1.532998823,       1.088746371,     0.04533529665,       2.520371011
        125,           0,           0,           6.1e-06,             5e-08,      -2.506186826,       0.210012352,    -0.08233171343,       2.870904663,       1.723715369,       3.353826594
        125,           0,          10,           6.1e-06,             5e-08,      -4.136880197,      -1.437479517,      -1.471824081,       1.237512555,      0.1008820344,       3.012004673
        125,           0,          20,           6.1e-06,             5e-08,       -4.26274456,      -1.505758928,      -1.511719209,       1.142076755,     0.06273647065,       2.748055134
        125,           0,          29,           6.1e-06,             5e-08,      -4.336956334,       -1.53321484,      -1.530670647,       1.090640412,     0.04715824798,       2.517523502
        126,           0,           0,          6.15e-06,             5e-08,      -2.506637009,       0.209432522,    -0.08257474449,       2.870167413,       1.723366199,       3.352188411
        126,           0,          10,          6.15e-06,             5e-08,      -4.135482168,      -1.436485403,      -1.469941779,       1.239040607,      0.1023007885,       3.008996296
        126,           0,          20,          6.15e-06,             5e-08,      -4.260972716,      -1.504304575,      -1.509521733,       1.143858268,     0.06444849915,       2.745472254
        126,           0,          29,          6.15e-06,             5e-08,      -4.334987193,      -1.531587587,       -1.52835119,       1.092517281,     0.04897086816,       2.515048731
        127,           0,           0,           6.2e-06,             5e-08,      -2.507085677,      0.2088537412,    -0.08281033554,       2.869432795,       1.723001331,       3.350595682
        127,           0,          10,           6.2e-06,             5e-08,       -4.13409135,      -1.435488556,       -1.46806619,        1.24055757,      0.1037162397,       3.006285711
        127,           0,          20,           6.2e-06,             5e-08,      -4.259210773,      -1.502854585,      -1.507335048,       1.145625765,     0.06615221036,       2.742708013
        127,           0,          29,           6.2e-06,             5e-08,      -4.333029276,      -1.529968932,      -1.526043922,        1.09437905,     0.05077324081,       2.512417964
        128,           0,           0,          6.25e-06,             5e-08,      -2.507532665,      0.2082770517,     -0.0830400163,       2.868701837,       1.722621011,       3.349035043
        128,           0,          10,          6.25e-06,             5e-08,      -4.132708073,      -1.434489739,      -1.466198483,       1.242063004,      0.1051283178,       3.003566601
        128,           0,          20,          6.25e-06,             5e-08,      -4.257459424,      -1.501409358,      -1.505159587,       1.147378504,     0.06784762591,        2.73993917
        128,           0,          29,          6.25e-06,             5e-08,      -4.331083622,       -1.52835833,       -1.52375022,       1.096224487,     0.05256544741,       2.509641636
        129,           0,           0,           6.3e-06,             5e-08,      -2.507979849,      0.2077014659,    -0.08326298866,       2.867971779,       1.722227618,       3.347456808
        129,           0,          10,           6.3e-06,             5e-08,      -4.131332364,      -1.433489974,      -1.464337087,       1.243556487,      0.1065369682,         3.0008302
        129,           0,          20,           6.3e-06,             5e-08,        -4.2557178,      -1.499968501,      -1.502995493,       1.149117294,     0.06953477254,       2.737351543
        129,           0,          29,           6.3e-06,             5e-08,      -4.329148659,      -1.526755402,      -1.521468254,       1.098055277,      0.0543475638,       2.506987021
        130,           0,           0,          6.35e-06,             5e-08,      -2.508427267,      0.2071265758,    -0.08347808069,       2.867241818,       1.721817465,       3.345892422
        130,           0,          10,          6.35e-06,             5e-08,      -4.129964187,      -1.432488854,      -1.462482414,       1.245037918,       0.107942102,       2.998123241
        130,           0,          20,          6.35e-06,             5e-08,      -4.253986185,      -1.498532097,      -1.500841381,       1.150841589,     0.07121369373,       2.734511817
        130,           0,          29,          6.35e-06,             5e-08,      -4.327224964,       -1.52516023,      -1.519198812,       1.099870394,     0.05611968851,       2.504127156
        131,           0,           0,           6.4e-06,             5e-08,      -2.508873869,      0.2065535036,    -0.08368658201,       2.866514377,        1.72139041,       3.344346912
        131,           0,          10,           6.4e-06,             5e-08,      -4.128602444,      -1.431485682,      -1.460633753,        1.24650908,      0.1093436512,       2.995424815
        131,           0,          20,           6.4e-06,             5e-08,      -4.252263439,      -1.497100057,      -1.498698245,       1.152552796,     0.07288444791,       2.731551159
        131,           0,          29,           6.4e-06,             5e-08,      -4.325311092,      -1.523572821,      -1.516941089,       1.101671417,     0.05788190819,       2.501490413
        132,           0,           0,          6.45e-06,             5e-08,      -2.509322107,      0.2059798033,    -0.08388736439,       2.865786559,       1.720946865,       3.342792651
        132,           0,          10,          6.45e-06,             5e-08,       -4.12724653,      -1.430480789,      -1.458790997,       1.247970419,      0.1107415479,       2.992861554
        132,           0,          20,          6.45e-06,             5e-08,      -4.250549214,      -1.495672739,      -1.496564532,        1.15425097,      0.0745470406,       2.728809855
        132,           0,          29,          6.45e-06,             5e-08,      -4.323407417,      -1.521993318,      -1.514695231,       1.103457605,     0.05963429808,       2.498768939
        133,           0,           0,           6.5e-06,             5e-08,      -2.509771517,      0.2054065545,    -0.08408271871,       2.865058227,       1.720482299,       3.341186991
        133,           0,          10,           6.5e-06,             5e-08,      -4.125897103,      -1.429475745,      -1.456953155,       1.249420857,      0.1121357079,       2.990003109
        133,           0,          20,           6.5e-06,             5e-08,      -4.248843197,      -1.494250247,      -1.494440032,        1.15593662,     0.07620150173,       2.726192299
        133,           0,          29,           6.5e-06,             5e-08,      -4.321512914,      -1.520421557,      -1.512459937,       1.105230393,     0.06137694243,       2.496190211
        134,           0,           0,          6.55e-06,             5e-08,      -2.510220113,      0.2048348822,    -0.08427231419,        2.86433221,       1.720000393,       3.339550081
        134,           0,          10,          6.55e-06,             5e-08,      -4.124554537,      -1.428471044,      -1.455120752,       1.250859768,      0.1135260571,       2.987370077
        134,           0,          20,          6.55e-06,             5e-08,      -4.247145613,      -1.492832489,      -1.492324811,       1.157609487,     0.07784786373,       2.723424135
        134,           0,          29,          6.55e-06,             5e-08,       -4.31962801,      -1.518857433,      -1.510236026,       1.106989086,     0.06310991864,       2.493557574
        135,           0,           0,           6.6e-06,             5e-08,      -2.510668261,      0.2042645624,    -0.08445577821,       2.863608031,       1.719501281,       3.337830943
        135,           0,          10,           6.6e-06,             5e-08,      -4.123218547,      -1.427465946,      -1.453293632,       1.252287731,      0.1149125548,       2.984497016
        135,           0,          20,           6.6e-06,             5e-08,      -4.245456455,      -1.491419461,      -1.490218819,       1.159269661,     0.07948618252,        2.72071835
        135,           0,          29,           6.6e-06,             5e-08,      -4.317752333,      -1.517300963,      -1.508022374,       1.108734472,     0.06483330997,       2.490798643
        136,           0,           0,          6.65e-06,             5e-08,      -2.511115914,      0.2036958687,    -0.08463480531,       2.862885826,       1.718985175,        3.33596129
        136,           0,          10,          6.65e-06,             5e-08,      -4.121889626,      -1.426460525,      -1.451473167,       1.253704309,      0.1162951769,        2.98184267
        136,           0,          20,          6.65e-06,             5e-08,      -4.243776184,      -1.490011306,      -1.488122781,       1.160916624,     0.08111650637,       2.717857546
        136,           0,          29,          6.65e-06,             5e-08,      -4.315886834,      -1.515752271,      -1.505820393,       1.110465394,     0.06654719557,       2.488114449
        137,           0,           0,           6.7e-06,             5e-08,      -2.511562803,      0.2031290443,    -0.08480828023,       2.862166548,       1.718452998,       3.334034014
        137,           0,          10,           6.7e-06,             5e-08,      -4.120568201,      -1.425454977,      -1.449658809,       1.255109037,      0.1176738751,       2.979323816
        137,           0,          20,           6.7e-06,             5e-08,       -4.24210429,      -1.488607962,      -1.486036024,       1.162551191,     0.08273887175,       2.715316324
        137,           0,          29,           6.7e-06,             5e-08,      -4.314029961,      -1.514211028,      -1.503628273,       1.112183994,     0.06825166927,       2.485724996
        138,           0,           0,          6.75e-06,             5e-08,      -2.512008907,      0.2025638826,    -0.08497633525,       2.861449466,       1.717904483,       3.332176836
        138,           0,          10,          6.75e-06,             5e-08,      -4.119252648,      -1.424447946,      -1.447851126,       1.256504247,      0.1190485976,       2.977035655
        138,           0,          20,          6.75e-06,             5e-08,      -4.240440238,      -1.487208818,      -1.483958732,       1.164174193,     0.08435331873,       2.713085093
        138,           0,          29,          6.75e-06,             5e-08,      -4.312182262,      -1.512677108,      -1.501447562,       1.113889666,     0.06994681221,       2.483394926
        139,           0,           0,           6.8e-06,             5e-08,       -2.51245476,      0.2019999216,    -0.08513900084,       2.860734138,       1.717339253,       3.330441903
        139,           0,          10,           6.8e-06,             5e-08,      -4.117942078,      -1.423438993,       -1.44604864,       1.257891511,       0.120419279,        2.97442904
        139,           0,          20,           6.8e-06,             5e-08,      -4.238783444,      -1.485814183,      -1.481890277,       1.165786526,     0.08595990417,       2.710668602
        139,           0,          29,           6.8e-06,             5e-08,      -4.310343051,      -1.511150751,      -1.499276207,       1.115583567,      0.0716327156,       2.481130307
        140,           0,           0,          6.85e-06,             5e-08,      -2.512899249,       0.201436876,    -0.08529583733,       2.860021798,       1.716750244,       3.328570702
        140,           0,          10,          6.85e-06,             5e-08,      -4.116636675,      -1.422428644,      -1.444251894,       1.259270589,      0.1217858886,       2.972007415
        140,           0,          20,          6.85e-06,             5e-08,      -4.237134511,      -1.484424355,      -1.479830616,       1.167387648,     0.08755867704,        2.70818704
        140,           0,          29,          6.85e-06,             5e-08,      -4.308513201,      -1.509632049,      -1.497115767,       1.117264777,     0.07330945062,       2.478697579
        141,           0,           0,           6.9e-06,             5e-08,      -2.513343128,      0.2008750496,    -0.08544915329,       2.859311603,       1.716145622,       3.326750482
        141,           0,          10,           6.9e-06,             5e-08,       -4.11533682,      -1.421417548,      -1.442459741,        1.26064126,      0.1231483972,       2.969144366
        141,           0,          20,           6.9e-06,             5e-08,      -4.235493628,          -1.48304,      -1.477779062,       1.168977496,     0.08914967965,       2.705488981
        141,           0,          29,           6.9e-06,             5e-08,      -4.306692278,      -1.508121198,      -1.494964056,       1.118934163,     0.07497710543,       2.476053078
        142,           0,           0,          6.95e-06,             5e-08,      -2.513786247,       0.200315041,    -0.08559825917,       2.858604592,       1.715528553,       3.324801917
        142,           0,          10,          6.95e-06,             5e-08,      -4.114043028,      -1.420406672,      -1.440672872,       1.262002627,      0.1245067835,        2.96624758
        142,           0,          20,          6.95e-06,             5e-08,       -4.23386131,      -1.481661308,      -1.475735977,       1.170555517,     0.09073295747,         2.7028546
        142,           0,          29,          6.95e-06,             5e-08,      -4.304880943,      -1.506618147,      -1.492823209,       1.120590902,     0.07663573863,       2.473497336
        143,           0,           0,             7e-06,             5e-08,      -2.514228636,      0.1997566334,    -0.08574353576,       2.857899686,       1.714897005,       3.322796042
        143,           0,          10,             7e-06,             5e-08,      -4.112755871,       -1.41939703,      -1.438890901,       1.263354012,      0.1258610266,       2.963650514
        143,           0,          20,             7e-06,             5e-08,      -4.232237178,      -1.480288405,      -1.473701244,       1.172122265,     0.09230855971,       2.700864449
        143,           0,          29,             7e-06,             5e-08,      -4.303078279,      -1.505122858,      -1.490690938,        1.12223631,     0.07828544766,       2.471508119
        144,           0,           0,          7.05e-06,             5e-08,      -2.514670301,        0.19920003,    -0.08588630492,       2.857197263,       1.714250728,       3.320957454
        144,           0,          10,          7.05e-06,             5e-08,      -4.111475449,      -1.418388848,       -1.43711487,       1.264694924,      0.1272110934,       2.961688617
        144,           0,          20,          7.05e-06,             5e-08,      -4.230621141,      -1.478921021,      -1.471675318,       1.173677822,     0.09387651262,       2.698427401
        144,           0,          29,          7.05e-06,             5e-08,      -4.301284764,      -1.503635076,      -1.488569817,       1.123869838,     0.07992629507,       2.469185294
        145,           0,           0,           7.1e-06,             5e-08,      -2.515110453,      0.1986458533,    -0.08602618063,       2.856498224,       1.713589996,       3.319164383
        145,           0,          10,           7.1e-06,             5e-08,      -4.110201784,      -1.417382436,      -1.435344587,       1.266025987,        0.12855694,       2.959219178
        145,           0,          20,           7.1e-06,             5e-08,      -4.229013223,      -1.477559162,      -1.469657726,       1.175222731,      0.0954368543,       2.696159832
        145,           0,          29,           7.1e-06,             5e-08,       -4.29949998,      -1.502154697,      -1.486457398,       1.125492352,     0.08155835006,       2.467022827
        146,           0,           0,          7.15e-06,             5e-08,      -2.515548726,      0.1980940109,    -0.08616303812,       2.855801847,        1.71291473,       3.317222477
        146,           0,          10,          7.15e-06,             5e-08,      -4.108934658,      -1.416377166,      -1.433579004,       1.267347797,      0.1298985272,       2.956891241
        146,           0,          20,          7.15e-06,             5e-08,      -4.227412795,      -1.476202989,      -1.467649834,       1.176758043,     0.09698963678,       2.693965024
        146,           0,          29,          7.15e-06,             5e-08,      -4.297723329,      -1.500682591,      -1.484356502,       1.127104893,     0.08318169982,       2.464868577
        147,           0,           0,           7.2e-06,             5e-08,      -2.515984353,      0.1975438457,    -0.08629748685,       2.855108653,       1.712230158,       3.315146726
        147,           0,          10,           7.2e-06,             5e-08,      -4.107672616,      -1.415372287,      -1.431818034,       1.268663069,      0.1312358076,       2.954470573
        147,           0,          20,           7.2e-06,             5e-08,      -4.225818768,       -1.47485209,      -1.465649979,       1.178285344,      0.0985349121,        2.69165056
        147,           0,          29,           7.2e-06,             5e-08,      -4.295953877,      -1.499218176,      -1.482264755,       1.128708682,     0.08479642642,       2.462568228
        148,           0,           0,          7.25e-06,             5e-08,      -2.516420087,      0.1969932447,    -0.08642999212,       2.854416556,       1.711533508,       3.312967594
        148,           0,          10,          7.25e-06,             5e-08,      -4.106414166,      -1.414366863,      -1.430060355,       1.269973737,      0.1325687626,       2.952517902
        148,           0,          20,          7.25e-06,             5e-08,      -4.224230378,      -1.473505978,      -1.463657635,       1.179805365,       0.100072743,       2.689119303
        148,           0,          29,          7.25e-06,             5e-08,      -4.294190699,      -1.497760948,      -1.480181963,       1.130304679,      0.0864026067,       2.460287958
        149,           0,           0,           7.3e-06,             5e-08,      -2.516856079,      0.1964426903,    -0.08656150816,        2.85372506,       1.710824424,       3.310810968
        149,           0,          10,           7.3e-06,             5e-08,      -4.105157297,      -1.413360784,      -1.428306405,       1.271282784,      0.1338973821,       2.949752678
        149,           0,          20,           7.3e-06,             5e-08,      -4.222643544,      -1.472164528,      -1.461672024,       1.181324171,      0.1016031716,       2.687081728
        149,           0,          29,           7.3e-06,             5e-08,       -4.29243441,      -1.496310668,      -1.478107927,       1.131891966,     0.08800031316,        2.45805636
        150,           0,           0,          7.35e-06,             5e-08,      -2.517290299,      0.1958940548,    -0.08669060489,       2.853037338,       1.710103328,       3.308535537
        150,           0,          10,          7.35e-06,             5e-08,      -4.103906685,      -1.412353773,      -1.426557706,       1.272582437,       0.135221657,       2.947415553
        150,           0,          20,          7.35e-06,             5e-08,      -4.221057904,      -1.470828026,      -1.459692102,       1.182842424,      0.1031262459,       2.684213195
        150,           0,          29,          7.35e-06,             5e-08,      -4.290676822,      -1.494867274,      -1.476041344,        1.13348179,     0.08958961938,       2.455853872
        151,           0,           0,           7.4e-06,             5e-08,      -2.517724104,       0.195346883,    -0.08681740147,       2.852351953,       1.709371277,       3.306217502
        151,           0,          10,           7.4e-06,             5e-08,      -4.102658139,      -1.411347073,       -1.42481828,        1.27387969,       0.136541567,       2.944996534
        151,           0,          20,           7.4e-06,             5e-08,      -4.219487609,      -1.469496447,      -1.457723843,       1.184338588,      0.1046420199,       2.682313157
        151,           0,          29,           7.4e-06,             5e-08,      -4.288934365,       -1.49343072,      -1.473985705,        1.13505157,     0.09117060109,       2.453517029
        152,           0,           0,          7.45e-06,             5e-08,      -2.518154873,       0.194805576,    -0.08694348084,       2.851673371,       1.708632686,       3.303926019
        152,           0,          10,          7.45e-06,             5e-08,       -4.10141801,      -1.410341145,       -1.42308613,       1.275163881,      0.1378571022,       2.942734431
        152,           0,          20,          7.45e-06,             5e-08,      -4.217925487,       -1.46817011,      -1.455764042,       1.185823944,      0.1061505344,       2.680122409
        152,           0,          29,          7.45e-06,             5e-08,      -4.287200184,      -1.492001129,      -1.471939346,       1.136611225,     0.09274332089,       2.451371827
        153,           0,           0,           7.5e-06,             5e-08,      -2.518583433,      0.1942667621,    -0.08706716276,       2.850999381,       1.707883978,        3.30161375
        153,           0,          10,           7.5e-06,             5e-08,      -4.100185047,      -1.409336104,      -1.421359493,       1.276437082,       0.139168274,       2.940460007
        153,           0,          20,           7.5e-06,             5e-08,      -4.216372868,       -1.46684897,      -1.453813336,       1.187296422,      0.1076518296,       2.677866775
        153,           0,          29,           7.5e-06,             5e-08,      -4.285476796,      -1.490578476,      -1.469902735,       1.138157406,     0.09430785683,       2.449146072
        154,           0,           0,          7.55e-06,             5e-08,      -2.519009741,      0.1937315481,    -0.08718986646,       2.850329866,       1.707125401,       3.299239817
        154,           0,          10,          7.55e-06,             5e-08,      -4.098959002,      -1.408332029,      -1.419638359,       1.277699814,      0.1404750441,       2.938124866
        154,           0,          20,          7.55e-06,             5e-08,       -4.21482937,      -1.465532982,       -1.45187128,       1.188756956,      0.1091459647,       2.675754073
        154,           0,          29,          7.55e-06,             5e-08,      -4.283763686,      -1.489162777,      -1.467875684,       1.139691166,     0.09586428909,       2.447006412
        155,           0,           0,           7.6e-06,             5e-08,      -2.519431146,      0.1932016208,    -0.08731288121,       2.849667756,       1.706358781,       3.296821456
        155,           0,          10,           7.6e-06,             5e-08,      -4.097739814,       -1.40732857,      -1.417922952,       1.278952541,      0.1417774185,       2.935998419
        155,           0,          20,           7.6e-06,             5e-08,      -4.213295043,      -1.464222284,      -1.449937555,       1.190205713,      0.1106329893,       2.673612189
        155,           0,          29,           7.6e-06,             5e-08,      -4.282060764,      -1.487754168,      -1.465857887,       1.141212718,     0.09741268028,       2.444861198
        156,           0,           0,          7.65e-06,             5e-08,      -2.519851273,      0.1926735986,    -0.08743473311,       2.849008567,       1.705582987,       3.294394943
        156,           0,          10,          7.65e-06,             5e-08,      -4.096526909,       -1.40632584,      -1.416212957,       1.280196195,      0.1430753819,       2.934264959
        156,           0,          20,          7.65e-06,             5e-08,      -4.211769142,      -1.462916929,      -1.448011829,       1.191643655,      0.1121129556,       2.671864074
        156,           0,          29,          7.65e-06,             5e-08,      -4.280367169,      -1.486352632,      -1.463849159,       1.142723067,     0.09895309674,       2.443100108
        157,           0,           0,           7.7e-06,             5e-08,      -2.520270073,      0.1921476656,    -0.08755465527,       2.848352178,       1.704798384,       3.292116552
        157,           0,          10,           7.7e-06,             5e-08,      -4.095320403,      -1.405324155,      -1.414508965,       1.281430465,      0.1443689118,       2.932262033
        157,           0,          20,           7.7e-06,             5e-08,      -4.210251303,      -1.461616891,      -1.446094015,       1.193071332,      0.1135858961,       2.669992424
        157,           0,          29,           7.7e-06,             5e-08,      -4.278682382,      -1.484958115,      -1.461849447,       1.144222881,      0.1004856122,       2.441230439
        158,           0,           0,          7.75e-06,             5e-08,       -2.52068696,      0.1916251117,    -0.08767234366,       2.847699706,       1.704005733,       3.289722031
        158,           0,          10,          7.75e-06,             5e-08,      -4.094119937,      -1.404323765,      -1.412810738,       1.282655918,      0.1456580123,       2.930069022
        158,           0,          20,          7.75e-06,             5e-08,      -4.208740924,      -1.460322449,      -1.444183965,       1.194489467,      0.1150518865,       2.667945239
        158,           0,          29,          7.75e-06,             5e-08,      -4.277005581,      -1.483570659,      -1.459858459,       1.145713097,      0.1020102928,       2.439395441
        159,           0,           0,           7.8e-06,             5e-08,      -2.521102407,      0.1911051073,    -0.08778779417,       2.847050565,       1.703205632,       3.287238616
        159,           0,          10,           7.8e-06,             5e-08,      -4.092924626,      -1.403324943,      -1.411116872,       1.283874131,      0.1469426963,       2.927883864
        159,           0,          20,           7.8e-06,             5e-08,      -4.207237584,      -1.459033534,      -1.442281506,       1.195898682,      0.1165109527,       2.666085906
        159,           0,          29,           7.8e-06,             5e-08,      -4.275336382,      -1.482190192,      -1.457876128,       1.147194275,      0.1035272103,       2.437427024
        160,           0,           0,          7.85e-06,             5e-08,      -2.521517054,      0.1905871829,    -0.08790120703,       2.846403262,       1.702398982,       3.284752257
        160,           0,          10,          7.85e-06,             5e-08,      -4.091735139,      -1.402327847,      -1.409427817,       1.285084087,      0.1482229287,       2.925607421
        160,           0,          20,          7.85e-06,             5e-08,      -4.205741547,      -1.457750167,      -1.440386664,       1.197298565,      0.1179631401,       2.663885741
        160,           0,          29,          7.85e-06,             5e-08,       -4.27367463,      -1.480816614,      -1.455902497,       1.148666624,      0.1050364251,       2.435410252
        161,           0,           0,           7.9e-06,             5e-08,      -2.521930527,      0.1900710212,    -0.08801235924,        2.84575837,       1.701586586,       3.282194162
        161,           0,          10,           7.9e-06,             5e-08,      -4.090550706,       -1.40133291,      -1.407743045,       1.286287058,      0.1494986985,       2.923197213
        161,           0,          20,           7.9e-06,             5e-08,      -4.204251004,      -1.456472304,      -1.438498908,       1.198691847,      0.1194084997,       2.661667978
        161,           0,          29,           7.9e-06,             5e-08,      -4.272020763,      -1.479449921,      -1.453937542,        1.15012948,      0.1065380087,       2.433554575
        162,           0,           0,          7.95e-06,             5e-08,      -2.522343828,      0.1895569065,    -0.08812244842,       2.845114941,       1.700772571,       3.279637144
        162,           0,          10,          7.95e-06,             5e-08,      -4.089370635,      -1.400340306,      -1.406062637,       1.287484246,      0.1507700124,       2.920905874
        162,           0,          20,          7.95e-06,             5e-08,      -4.202767453,      -1.455200019,      -1.436619228,       1.200076189,      0.1208470797,       2.659516091
        162,           0,          29,          7.95e-06,             5e-08,        -4.2703748,      -1.478090137,      -1.451981352,       1.151582809,      0.1080320382,       2.431435919
        163,           0,           0,             8e-06,             5e-08,      -2.522755649,      0.1890457081,    -0.08823143679,       2.844475084,        1.69995175,        3.27706842
        163,           0,          10,             8e-06,             5e-08,      -4.088196712,      -1.399349929,      -1.404388199,       1.288672709,       0.152036882,       2.918624065
        163,           0,          20,             8e-06,             5e-08,      -4.201291093,      -1.453933187,      -1.434747377,       1.201451511,      0.1222789418,       2.657339814
        163,           0,          29,             8e-06,             5e-08,      -4.268736556,      -1.476737003,      -1.450033918,       1.153027099,       0.109518559,       2.429352389
        164,           0,           0,          8.05e-06,             5e-08,      -2.523166844,      0.1885361651,    -0.08833945172,       2.843836239,       1.699124466,       3.274480203
        164,           0,          10,          8.05e-06,             5e-08,      -4.087028546,      -1.398361453,      -1.402719689,       1.289853257,      0.1532992984,        2.91633594
        164,           0,          20,          8.05e-06,             5e-08,      -4.199821508,      -1.452671483,      -1.432883394,       1.202818502,      0.1237041111,       2.655124158
        164,           0,          29,          8.05e-06,             5e-08,      -4.267105736,      -1.475390393,      -1.448095197,        1.15446276,      0.1109976341,       2.427185194
        165,           0,           0,           8.1e-06,             5e-08,      -2.523576518,      0.1880290766,    -0.08844647021,       2.843200248,       1.698292606,       3.271847218
        165,           0,          10,           8.1e-06,             5e-08,      -4.085864582,      -1.397374315,      -1.401056483,       1.291028548,      0.1545572641,       2.914015243
        165,           0,          20,           8.1e-06,             5e-08,      -4.198358284,      -1.451414661,      -1.431027169,       1.204177792,      0.1251226448,       2.652954446
        165,           0,          29,           8.1e-06,             5e-08,      -4.265482111,      -1.474050233,      -1.446164784,       1.155890172,       0.112469339,       2.425092311
        166,           0,           0,          8.15e-06,             5e-08,      -2.523984671,      0.1875244302,    -0.08855317754,       2.842567431,       1.697456468,       3.269166526
        166,           0,          10,          8.15e-06,             5e-08,      -4.084703593,      -1.396387922,      -1.399397947,       1.292200749,      0.1558107774,       2.911724273
        166,           0,          20,          8.15e-06,             5e-08,      -4.196899233,      -1.450162898,      -1.429178231,       1.205532867,       0.126534601,       2.650761411
        166,           0,          29,          8.15e-06,             5e-08,      -4.263865724,      -1.472716636,      -1.444243008,       1.157309315,      0.1139337352,       2.422952023
        167,           0,           0,           8.2e-06,             5e-08,      -2.524390054,       0.187023263,     -0.0886588421,       2.841940182,        1.69661652,       3.266483317
        167,           0,          10,           8.2e-06,             5e-08,      -4.083547076,      -1.395402609,       -1.39774442,       1.293367307,      0.1570598517,       2.909454125
        167,           0,          20,           8.2e-06,             5e-08,         -4.195442,       -1.44891641,      -1.427335409,       1.206887287,      0.1279400258,       2.648632212
        167,           0,          29,           8.2e-06,             5e-08,      -4.262254239,      -1.471389621,      -1.442329211,        1.15872355,       0.115390892,       2.420935017
        168,           0,           0,          8.25e-06,             5e-08,      -2.524793463,      0.1865259018,    -0.08876414417,        2.84131706,       1.695773371,       3.263798264
        168,           0,          10,          8.25e-06,             5e-08,       -4.08239485,      -1.394418861,      -1.396095756,        1.29452845,      0.1583045099,       2.907347048
        168,           0,          20,          8.25e-06,             5e-08,      -4.193992116,      -1.447675522,      -1.425500023,       1.208232525,      0.1293389687,       2.646146267
        168,           0,          29,          8.25e-06,             5e-08,      -4.260645846,      -1.470069293,       -1.44042285,       1.160135353,      0.1168408664,       2.418509312
        169,           0,           0,           8.3e-06,             5e-08,      -2.525195852,      0.1860305742,     -0.0888683186,       2.840695985,       1.694927941,       3.261030204
        169,           0,          10,           8.3e-06,             5e-08,       -4.08124878,      -1.393437374,      -1.394453143,       1.295680785,      0.1595447413,       2.904709255
        169,           0,          20,           8.3e-06,             5e-08,      -4.192557176,      -1.446440367,      -1.423674341,       1.209556826,      0.1307314696,       2.643976814
        169,           0,          29,           8.3e-06,             5e-08,      -4.259054283,      -1.468755639,      -1.438526516,       1.161525425,      0.1182837233,       2.416258624
        170,           0,           0,          8.35e-06,             5e-08,      -2.525596784,        0.18553791,    -0.08897095049,       2.840077894,       1.694080881,       3.258208751
        170,           0,          10,          8.35e-06,             5e-08,      -4.080108418,      -1.392458758,      -1.392815377,       1.296825005,      0.1607805461,        2.90235483
        170,           0,          20,          8.35e-06,             5e-08,      -4.191125083,      -1.445210923,      -1.421854886,       1.210878874,      0.1321175803,       2.641635001
        170,           0,          29,          8.35e-06,             5e-08,      -4.257464666,      -1.467448524,      -1.436637252,       1.162914765,      0.1197195236,       2.414018541
        171,           0,           0,           8.4e-06,             5e-08,      -2.525996757,      0.1850473466,    -0.08907243595,       2.839461192,       1.693232514,       3.255472307
        171,           0,          10,           8.4e-06,             5e-08,      -4.078975593,      -1.391483116,       -1.39118386,       1.297957996,      0.1620119585,       2.899968709
        171,           0,          20,           8.4e-06,             5e-08,      -4.189704361,      -1.443986893,      -1.420044103,        1.21218554,      0.1334973458,       2.639355373
        171,           0,          29,           8.4e-06,             5e-08,      -4.255887476,      -1.466147697,      -1.434757242,       1.164288631,      0.1211483155,       2.411774101
        172,           0,           0,          8.45e-06,             5e-08,      -2.526394969,      0.1845593054,    -0.08917230065,        2.83884799,       1.692379992,       3.252763377
        172,           0,          10,          8.45e-06,             5e-08,      -4.077847144,      -1.390509975,      -1.389556787,       1.299085122,      0.1632389583,       2.897742725
        172,           0,          20,          8.45e-06,             5e-08,      -4.188287566,      -1.442767954,      -1.418239783,       1.213488332,      0.1348707917,       2.637125971
        172,           0,          29,          8.45e-06,             5e-08,      -4.254314437,      -1.464853043,      -1.432884565,        1.16565873,       0.122570154,       2.409645557
        173,           0,           0,           8.5e-06,             5e-08,      -2.526792191,      0.1840732977,    -0.08927094382,       2.838237047,       1.691517899,       3.250123831
        173,           0,          10,           8.5e-06,             5e-08,      -4.076724194,      -1.389538913,       -1.38793492,       1.300204519,      0.1644615346,       2.895484193
        173,           0,          20,           8.5e-06,             5e-08,      -4.186879121,      -1.441553923,      -1.416443142,       1.214780458,      0.1362379602,        2.63494015
        173,           0,          29,           8.5e-06,             5e-08,      -4.252749858,      -1.463564488,      -1.431020221,       1.167018979,      0.1239851011,       2.407470342
        174,           0,           0,          8.55e-06,             5e-08,      -2.527188015,      0.1835896612,    -0.08936843066,       2.837628799,       1.690655563,       3.247441095
        174,           0,          10,          8.55e-06,             5e-08,      -4.075606138,      -1.388569691,      -1.386317683,        1.30131733,      0.1656796986,       2.893222125
        174,           0,          20,          8.55e-06,             5e-08,      -4.185475732,      -1.440344862,      -1.414653147,        1.21606697,      0.1375989238,       2.632817497
        174,           0,          29,          8.55e-06,             5e-08,      -4.251190348,      -1.462281977,      -1.429163313,       1.168374192,      0.1253932258,       2.405382916
        175,           0,           0,           8.6e-06,             5e-08,      -2.527582675,      0.1831085018,      -0.089465393,       2.837022866,        1.68979404,       3.244682271
        175,           0,          10,           8.6e-06,             5e-08,      -4.074492951,      -1.387602579,      -1.384704802,        1.30242349,      0.1668934954,       2.891031956
        175,           0,          20,           8.6e-06,             5e-08,      -4.184078378,      -1.439140708,      -1.412869685,       1.217346302,      0.1389537196,       2.630683835
        175,           0,          29,           8.6e-06,             5e-08,      -4.249637059,      -1.461005348,      -1.427314013,       1.169722749,      0.1267945731,       2.403328642
        176,           0,           0,          8.65e-06,             5e-08,      -2.527977005,      0.1826287836,     -0.0895616206,       2.836417821,       1.688933937,       3.241926876
        176,           0,          10,          8.65e-06,             5e-08,      -4.073383329,      -1.386637344,      -1.383093793,       1.303525161,      0.1681029025,       2.888786233
        176,           0,          20,          8.65e-06,             5e-08,      -4.182684722,      -1.437941122,      -1.411091098,       1.218621975,      0.1403023966,        2.62847058
        176,           0,          29,          8.65e-06,             5e-08,      -4.248090516,      -1.459734359,      -1.425471468,       1.171063809,      0.1281892271,       2.401066868
        177,           0,           0,           8.7e-06,             5e-08,      -2.528370853,      0.1821504284,    -0.08965675859,       2.835814038,       1.688075689,        3.23912938
        177,           0,          10,           8.7e-06,             5e-08,      -4.072277207,      -1.385672927,      -1.381475923,       1.304621958,      0.1693079747,       2.886348707
        177,           0,          20,           8.7e-06,             5e-08,      -4.181297463,      -1.436745102,      -1.409310537,       1.219889083,      0.1416450466,       2.626125652
        177,           0,          29,           8.7e-06,             5e-08,      -4.246551545,      -1.458468085,      -1.423631763,       1.172395646,      0.1295772647,       2.398792498
        178,           0,           0,          8.75e-06,             5e-08,      -2.528764511,       0.181673446,    -0.08975180162,       2.835212572,       1.687219924,       3.236260656
        178,           0,          10,          8.75e-06,             5e-08,      -4.071175675,      -1.384707284,      -1.379771509,       1.305709927,      0.1705088282,       2.883987271
        178,           0,          20,          8.75e-06,             5e-08,       -4.17991737,      -1.435550563,      -1.407488287,       1.221145149,      0.1429817826,       2.623831498
        178,           0,          29,          8.75e-06,             5e-08,      -4.245021462,      -1.457203579,      -1.421760287,       1.173714165,      0.1309588415,       2.396513249
        179,           0,           0,           8.8e-06,             5e-08,      -2.529157716,      0.1811985615,     -0.0898453582,       2.834612687,       1.686368872,       3.233421261
        179,           0,          10,           8.8e-06,             5e-08,      -4.070077596,      -1.383749227,      -1.378144606,       1.306794573,      0.1717051406,       2.881689715
        179,           0,          20,           8.8e-06,             5e-08,      -4.178541994,      -1.434368618,      -1.405687206,         1.2223955,      0.1443123074,       2.621452501
        179,           0,          29,           8.8e-06,             5e-08,      -4.243496477,      -1.455953043,      -1.419900605,       1.175027055,      0.1323336133,       2.394193357
        180,           0,           0,          8.85e-06,             5e-08,       -2.52955062,      0.1807253846,    -0.08994086857,       2.834013335,       1.685521192,       3.230617443
        180,           0,          10,          8.85e-06,             5e-08,      -4.068983373,      -1.382792715,      -1.376554183,       1.307875842,      0.1728971324,       2.879492991
        180,           0,          20,          8.85e-06,             5e-08,      -4.177171341,      -1.433191479,      -1.403923877,       1.223642713,      0.1456368568,       2.619234562
        180,           0,          29,          8.85e-06,             5e-08,      -4.241977111,       -1.45470836,      -1.418070395,       1.176336151,      0.1337018928,       2.392011093
        181,           0,           0,           8.9e-06,             5e-08,      -2.529943405,      0.1802534749,    -0.09003624905,        2.83341438,       1.684677186,       3.227851568
        181,           0,          10,           8.9e-06,             5e-08,      -4.067893572,      -1.381838282,      -1.374977619,       1.308952816,      0.1740848517,       2.877323242
        181,           0,          20,           8.9e-06,             5e-08,      -4.175806133,      -1.432018581,      -1.402181137,       1.224885509,       0.146955546,        2.61696581
        181,           0,          29,           8.9e-06,             5e-08,      -4.240463584,      -1.453468608,      -1.416263271,       1.177641007,       0.135063756,       2.389717554
        182,           0,           0,          8.95e-06,             5e-08,      -2.530335222,      0.1797837454,    -0.09013178303,       2.832817696,       1.683837476,       3.225149963
        182,           0,          10,          8.95e-06,             5e-08,       -4.06680811,      -1.380885922,      -1.373407597,       1.310024852,      0.1752682811,       2.875014614
        182,           0,          20,          8.95e-06,             5e-08,      -4.174446555,      -1.430850143,      -1.400447682,       1.226122766,      0.1482683791,       2.614920075
        182,           0,          29,          8.95e-06,             5e-08,      -4.238955939,      -1.452234136,      -1.414466716,       1.178940696,      0.1364192414,         2.3876679
        183,           0,           0,             9e-06,             5e-08,      -2.530726552,      0.1793157324,    -0.09022717267,       2.832223243,       1.683002072,       3.222490343
        183,           0,          10,             9e-06,             5e-08,       -4.06572719,      -1.379935488,      -1.371839893,       1.311090796,      0.1764474316,       2.872861164
        183,           0,          20,             9e-06,             5e-08,      -4.173093617,      -1.429685718,      -1.398723296,       1.227351973,      0.1495754042,       2.612941588
        183,           0,          29,             9e-06,             5e-08,      -4.237455182,      -1.451004615,       -1.41268154,       1.180233065,      0.1377684026,       2.385850835
        184,           0,           0,          9.05e-06,             5e-08,      -2.531117828,       0.178849524,    -0.09032184001,       2.831630191,       1.682171721,       3.219907754
        184,           0,          10,          9.05e-06,             5e-08,      -4.064650385,      -1.378988234,      -1.370279796,       1.312151728,      0.1776222996,       2.870755243
        184,           0,          20,          9.05e-06,             5e-08,      -4.171746866,       -1.42852704,      -1.397006216,       1.228574059,      0.1508766474,       2.610991173
        184,           0,          29,          9.05e-06,             5e-08,      -4.235961048,      -1.449781213,      -1.410902103,       1.181517936,      0.1391112849,       2.384042488
        185,           0,           0,           9.1e-06,             5e-08,      -2.531508038,      0.1783860377,    -0.09041551526,       2.831039268,       1.681346217,       3.217321427
        185,           0,          10,           9.1e-06,             5e-08,      -4.063578557,      -1.378043865,      -1.368726912,       1.313206277,      0.1787929051,       2.868723526
        185,           0,          20,           9.1e-06,             5e-08,      -4.170406758,      -1.427374192,      -1.395297717,       1.229788333,      0.1521721489,       2.609089624
        185,           0,          29,           9.1e-06,             5e-08,      -4.234472908,      -1.448564751,      -1.409133097,       1.182796885,      0.1404479291,       2.382142834
        186,           0,           0,          9.15e-06,             5e-08,      -2.531897484,      0.1779241975,    -0.09050857825,       2.830450015,       1.680525943,       3.214719125
        186,           0,          10,          9.15e-06,             5e-08,      -4.062511268,      -1.377102047,      -1.367181956,       1.314255612,      0.1799592656,       2.866591445
        186,           0,          20,          9.15e-06,             5e-08,      -4.169071445,      -1.426226076,      -1.393599404,        1.23099826,      0.1534619607,       2.607059746
        186,           0,          29,          9.15e-06,             5e-08,      -4.232990016,      -1.447353683,       -1.40737419,       1.184071476,      0.1417784053,       2.380191317
        187,           0,           0,           9.2e-06,             5e-08,      -2.532286544,      0.1774630191,    -0.09060095596,       2.829862114,       1.679711088,       3.212087278
        187,           0,          10,           9.2e-06,             5e-08,      -4.061447657,      -1.376162371,      -1.365642695,       1.315301093,       0.181121406,       2.864429053
        187,           0,          20,           9.2e-06,             5e-08,      -4.167740083,      -1.425082475,      -1.391908242,       1.232205114,      0.1547461291,       2.604956084
        187,           0,          29,           9.2e-06,             5e-08,       -4.23151239,      -1.446148046,      -1.405623335,       1.185341592,      0.1431027363,        2.37819568
        188,           0,           0,          9.25e-06,             5e-08,      -2.532674827,      0.1770031903,    -0.09069208892,        2.82927597,       1.678901575,       3.209436439
        188,           0,          10,          9.25e-06,             5e-08,      -4.060387192,      -1.375225071,        -1.3641076,       1.316343454,      0.1822793209,       2.862262241
        188,           0,          20,          9.25e-06,             5e-08,      -4.166413395,      -1.423943621,      -1.390223999,       1.233407515,      0.1560246355,       2.602828942
        188,           0,          29,          9.25e-06,             5e-08,      -4.230040254,      -1.444947933,      -1.403880545,       1.186606667,      0.1444209239,       2.376167066
        189,           0,           0,           9.3e-06,             5e-08,      -2.533062281,      0.1765448555,    -0.09078233019,       2.828691971,       1.678088534,       3.206795679
        189,           0,          10,           9.3e-06,             5e-08,      -4.059330445,      -1.374290199,      -1.362577536,       1.317381544,      0.1834329807,       2.860043344
        189,           0,          20,           9.3e-06,             5e-08,      -4.165091754,      -1.422809514,      -1.388546511,       1.234604778,      0.1572975264,       2.601319754
        189,           0,          29,           9.3e-06,             5e-08,       -4.22857374,      -1.443753334,      -1.402145161,       1.187866424,      0.1457330481,       2.375072412
        190,           0,           0,          9.35e-06,             5e-08,      -2.533448778,      0.1760889313,    -0.09087214038,        2.82810946,       1.677277601,       3.204433403
        190,           0,          10,          9.35e-06,             5e-08,      -4.058277735,      -1.373358012,      -1.361051803,        1.31841486,      0.1845824148,        2.85873856
        190,           0,          20,          9.35e-06,             5e-08,      -4.163775199,      -1.421680267,      -1.386875533,       1.235796789,      0.1585648613,       2.599432662
        190,           0,          29,          9.35e-06,             5e-08,      -4.227112824,       -1.44256433,      -1.400417246,       1.189120849,      0.1470391675,       2.372987472
        191,           0,           0,           9.4e-06,             5e-08,      -2.533834901,      0.1756333178,    -0.09096161061,       2.827527516,       1.676434752,       3.202233489
        191,           0,          10,           9.4e-06,             5e-08,      -4.057228924,       -1.37242837,      -1.359530686,        1.31944357,        0.18572767,       2.856368164
        191,           0,          20,           9.4e-06,             5e-08,      -4.162463956,      -1.420556013,      -1.385210725,       1.236983245,      0.1598266941,       2.596611952
        191,           0,          29,           9.4e-06,             5e-08,      -4.225657627,      -1.441380869,      -1.398696058,       1.190369802,      0.1483393387,       2.370023767
        192,           0,           0,          9.45e-06,             5e-08,      -2.534221066,      0.1751781077,    -0.09105150622,       2.826945033,       1.675598481,       3.199440632
        192,           0,          10,          9.45e-06,             5e-08,       -4.05618407,      -1.371501861,      -1.358013479,        1.32046746,      0.1868687377,       2.853825877
        192,           0,          20,          9.45e-06,             5e-08,      -4.161157669,      -1.419436644,      -1.383551748,       1.238164535,       0.161083045,       2.594275731
        192,           0,          29,          9.45e-06,             5e-08,      -4.224207822,      -1.440202785,      -1.396981499,       1.191613626,      0.1496335949,       2.367900555
        193,           0,           0,           9.5e-06,             5e-08,      -2.534607067,      0.1747234713,     -0.0911413522,       2.826362381,        1.67477002,       3.196789264
        193,           0,          10,           9.5e-06,             5e-08,      -4.055143451,      -1.370578648,      -1.356500921,       1.321486049,      0.1880056607,       2.851686216
        193,           0,          20,           9.5e-06,             5e-08,      -4.159856543,      -1.418322109,      -1.381898997,       1.239340392,      0.1623339767,       2.592185291
        193,           0,          29,           9.5e-06,             5e-08,      -4.222763573,      -1.439030103,      -1.395273819,       1.192852094,      0.1509220091,        2.36591179
        194,           0,           0,          9.55e-06,             5e-08,      -2.534991861,      0.1742712323,    -0.09123162016,       2.825782592,       1.673930286,       3.194254782
        194,           0,          10,          9.55e-06,             5e-08,       -4.05410711,      -1.369658575,      -1.354992987,       1.322499402,      0.1891384703,        2.84949529
        194,           0,          20,          9.55e-06,             5e-08,      -4.158560439,      -1.417212236,      -1.380252424,       1.240511014,      0.1635795222,       2.590166755
        194,           0,          29,          9.55e-06,             5e-08,      -4.221324789,      -1.437862698,      -1.393572909,       1.194085312,      0.1522046159,       2.364025047
        195,           0,           0,           9.6e-06,             5e-08,      -2.535376323,      0.1738213216,    -0.09132142957,        2.82520371,       1.673101336,        3.19178394
        195,           0,          10,           9.6e-06,             5e-08,      -4.053074767,      -1.368741236,      -1.353489584,       1.323507956,      0.1902671352,       2.847386042
        195,           0,          20,           9.6e-06,             5e-08,      -4.157269341,      -1.416107069,      -1.378611862,       1.241676394,      0.1648196935,       2.588134754
        195,           0,          29,           9.6e-06,             5e-08,      -4.219891476,       -1.43670081,      -1.391878612,       1.195313166,      0.1534814077,       2.361870637
        196,           0,           0,          9.65e-06,             5e-08,      -2.535759686,      0.1733740241,    -0.09141063467,       2.824626983,       1.672281829,       3.189288647
        196,           0,          10,          9.65e-06,             5e-08,      -4.052046355,      -1.367826756,      -1.351990578,       1.324511874,      0.1913916921,       2.845039867
        196,           0,          20,          9.65e-06,             5e-08,      -4.155983223,      -1.415006776,      -1.376977217,       1.242836481,      0.1660545059,       2.585866089
        196,           0,          29,          9.65e-06,             5e-08,      -4.218463586,      -1.435544406,      -1.390190834,       1.196535672,      0.1547524423,       2.359719807
        197,           0,           0,           9.7e-06,             5e-08,      -2.536141982,      0.1729294243,    -0.09149998306,       2.824052203,       1.671473049,       3.186703103
        197,           0,          10,           9.7e-06,             5e-08,      -4.051021718,      -1.366914911,      -1.350496081,        1.32551141,      0.1925121686,       2.842597236
        197,           0,          20,           9.7e-06,             5e-08,      -4.154702075,      -1.413911181,      -1.375348496,       1.243991396,      0.1672840467,       2.583521045
        197,           0,          29,           9.7e-06,             5e-08,      -4.217041168,      -1.434393309,      -1.388509552,       1.197752896,      0.1560178124,       2.357284787
        198,           0,           0,          9.75e-06,             5e-08,      -2.536522766,      0.1724876737,    -0.09158853572,       2.823480463,       1.670676701,       3.184079311
        198,           0,          10,          9.75e-06,             5e-08,      -4.050000557,      -1.366005624,       -1.34900554,       1.326507005,       0.193628566,       2.840172618
        198,           0,          20,          9.75e-06,             5e-08,      -4.153425779,      -1.412820293,      -1.373725483,       1.245141243,      0.1685083276,       2.580901951
        198,           0,          29,          9.75e-06,             5e-08,      -4.215624172,      -1.433247503,      -1.386834654,       1.198964852,      0.1572775304,       2.354786172
        199,           0,           0,           9.8e-06,             5e-08,      -2.536902486,      0.1720485748,    -0.09167702564,       2.822910642,       1.669893126,       3.181449721
        199,           0,          10,           9.8e-06,             5e-08,      -4.048982961,      -1.365099099,       -1.34751933,       1.327498385,      0.1947408819,       2.837714676
        199,           0,          20,           9.8e-06,             5e-08,      -4.152154403,      -1.411734179,      -1.372108379,       1.246285857,      0.1697273849,       2.578443735
        199,           0,          29,           9.8e-06,             5e-08,      -4.214212543,      -1.432106952,      -1.385166183,       1.200171597,      0.1585316511,       2.352318826
        200,           0,           0,          9.85e-06,             5e-08,      -2.537281197,      0.1716114377,    -0.09176497334,       2.822342815,       1.669123808,       3.178850011
        200,           0,          10,          9.85e-06,             5e-08,      -4.047969153,      -1.364195758,       -1.34603712,       1.328485158,       0.195849161,       2.835242054
        200,           0,          20,          9.85e-06,             5e-08,      -4.150887832,      -1.410652823,      -1.370496851,       1.247425406,      0.1709412858,       2.576087847
        200,           0,          29,          9.85e-06,             5e-08,      -4.212806217,      -1.430971625,       -1.38350393,        1.20137318,        0.15978023,        2.34995538
        201,           0,           0,           9.9e-06,             5e-08,      -2.537658673,      0.1711772818,    -0.09185217369,       2.821777495,       1.668369035,       3.176308406
        201,           0,          10,           9.9e-06,             5e-08,      -4.046959068,      -1.363295529,      -1.344558855,        1.32946732,      0.1969534459,       2.832875548
        201,           0,          20,           9.9e-06,             5e-08,      -4.149626094,      -1.409576196,      -1.368890823,       1.248559796,       0.172150065,       2.573822184
        201,           0,          29,           9.9e-06,             5e-08,      -4.211405198,      -1.429841505,      -1.381847726,       1.202569589,      0.1610233082,       2.347941878
        202,           0,           0,          9.95e-06,             5e-08,      -2.538034651,      0.1707456941,    -0.09193882745,       2.821214811,       1.667626407,       3.174002117
        202,           0,          10,          9.95e-06,             5e-08,      -4.045952855,      -1.362398656,      -1.343085077,       1.330444638,      0.1980537726,       2.831022864
        202,           0,          20,          9.95e-06,             5e-08,      -4.148369106,      -1.408504252,      -1.367290601,       1.249689194,      0.1733537719,       2.571427182
        202,           0,          29,          9.95e-06,             5e-08,      -4.210009455,      -1.428716508,      -1.380197962,         1.2037609,      0.1622609413,       2.345483564
        203,           0,           0,             1e-05,             5e-08,      -2.538409615,      0.1703159967,    -0.09202433029,       2.820653495,       1.666895557,       3.171821842
        203,           0,          10,             1e-05,             5e-08,      -4.044950586,       -1.36150562,      -1.341616783,       1.331417313,      0.1991500985,       2.828487501
        203,           0,          20,             1e-05,             5e-08,      -4.147116851,      -1.407437242,      -1.365696998,       1.250813856,      0.1745523924,       2.569193247
        203,           0,          29,             1e-05,             5e-08,      -4.208617381,      -1.427600973,        -1.3785424,       1.204946658,      0.1634916715,       2.342752276
        204,           0,           0,         1.005e-05,             5e-08,      -2.538782916,      0.1698887665,    -0.09210851946,       2.820094862,       1.666176147,       3.169310907
        204,           0,          10,         1.005e-05,             5e-08,      -4.043949475,      -1.360655696,      -1.339883355,          1.332389,      0.2002291454,       2.825835787
        204,           0,          20,         1.005e-05,             5e-08,      -4.145862561,      -1.406428515,      -1.363941419,       1.251939383,      0.1757290376,        2.56622449
        204,           0,          29,         1.005e-05,             5e-08,        -4.2072222,      -1.426540075,      -1.376799366,       1.206137995,       0.164702118,       2.339808689
        205,           0,           0,          1.01e-05,             5e-08,      -2.539154341,      0.1694643624,    -0.09218690622,       2.819539672,       1.665468306,       3.166745336
        205,           0,          10,          1.01e-05,             5e-08,      -4.042945671,      -1.359795477,      -1.338538429,       1.333378262,      0.2013082389,       2.823327933
        205,           0,          20,          1.01e-05,             5e-08,      -4.144604324,      -1.405391909,      -1.362422459,       1.253085012,      0.1769108283,       2.563658167
        205,           0,          29,          1.01e-05,             5e-08,      -4.205821176,      -1.425447105,      -1.375211887,       1.207349828,       0.165918436,       2.337325668
        206,           0,           0,         1.015e-05,             5e-08,      -2.539523798,      0.1690426475,    -0.09227161219,        2.81898781,       1.664771927,       3.164396925
        206,           0,          10,         1.015e-05,             5e-08,      -4.041940767,      -1.358919389,      -1.337139868,       1.334369545,      0.2023896187,       2.820921082
        206,           0,          20,         1.015e-05,             5e-08,      -4.143344265,      -1.404344892,      -1.360887264,       1.254233741,      0.1780922248,         2.5612298
        206,           0,          29,         1.015e-05,             5e-08,      -4.204417907,      -1.424347393,      -1.373619648,       1.208564701,       0.167132958,       2.334887285
        207,           0,           0,          1.02e-05,             5e-08,      -2.539891479,      0.1686238971,    -0.09235477027,       2.818439159,       1.664088126,       3.161990782
        207,           0,          10,          1.02e-05,             5e-08,      -4.040935978,      -1.358041141,       -1.33572141,         1.3353577,      0.2034685728,       2.818654867
        207,           0,          20,          1.02e-05,             5e-08,      -4.142084086,      -1.403298247,      -1.359342863,       1.255379486,      0.1792698428,       2.558781014
        207,           0,          29,          1.02e-05,             5e-08,      -4.203014411,      -1.423249494,       -1.37202333,       1.209776339,       0.168343116,        2.33242916
        208,           0,           0,         1.025e-05,             5e-08,      -2.540257376,      0.1682081289,    -0.09243761081,       2.817893427,       1.663417156,       3.159594822
        208,           0,          10,         1.025e-05,             5e-08,      -4.039932617,      -1.357163928,      -1.334300295,       1.336341508,      0.2045443554,       2.816263194
        208,           0,          20,         1.025e-05,             5e-08,      -4.140825516,      -1.402253983,      -1.357796283,       1.256521301,      0.1804431043,       2.556365912
        208,           0,          29,         1.025e-05,             5e-08,      -4.201612795,      -1.422154941,       -1.37042722,       1.210983563,      0.1695484633,       2.329937294
        209,           0,           0,          1.03e-05,             5e-08,      -2.540621715,      0.1677950054,    -0.09252044774,       2.817350094,       1.662759623,       3.157211439
        209,           0,          10,          1.03e-05,             5e-08,      -4.038931373,      -1.356288084,       -1.33287878,       1.337321157,      0.2056167057,       2.813738211
        209,           0,          20,          1.03e-05,             5e-08,      -4.139570305,      -1.401212673,      -1.356251452,       1.257658123,      0.1816118443,       2.554098395
        209,           0,          29,          1.03e-05,             5e-08,      -4.200215455,      -1.421064127,      -1.368834119,       1.212185044,      0.1707489114,       2.327814142
        210,           0,           0,         1.035e-05,             5e-08,      -2.540983799,      0.1673848868,    -0.09260292288,       2.816810571,       1.662112809,        3.15485575
        210,           0,          10,         1.035e-05,             5e-08,      -4.037933292,       -1.35541371,       -1.33145828,       1.338295757,       0.206685496,       2.811406269
        210,           0,          20,         1.035e-05,             5e-08,      -4.138320209,      -1.400174885,      -1.354710331,       1.258788268,      0.1827760167,       2.551716523
        210,           0,          29,         1.035e-05,             5e-08,      -4.198824501,      -1.419977463,       -1.36724525,       1.213379277,      0.1719444279,       2.325607033
        211,           0,           0,          1.04e-05,             5e-08,      -2.541344246,      0.1669774095,    -0.09268525046,       2.816273597,       1.661475221,       3.152647784
        211,           0,          10,          1.04e-05,             5e-08,      -4.036939425,      -1.354541262,      -1.330039821,       1.339264184,      0.2077506473,       2.808948932
        211,           0,          20,          1.04e-05,             5e-08,      -4.137076477,      -1.399140941,      -1.353173553,       1.259910794,      0.1839355815,       2.549223214
        211,           0,          29,          1.04e-05,             5e-08,      -4.197441431,      -1.418895173,      -1.365661142,       1.214565123,      0.1731350016,       2.323258759
        212,           0,           0,         1.045e-05,             5e-08,      -2.541702906,      0.1665725129,    -0.09276674335,       2.815739248,       1.660847196,       3.150380425
        212,           0,          10,         1.045e-05,             5e-08,      -4.035950272,      -1.353670777,      -1.328623865,       1.340226081,      0.2088121075,       2.806610339
        212,           0,          20,         1.045e-05,             5e-08,      -4.135840044,      -1.398111161,      -1.351641148,       1.261024821,      0.1850905504,        2.54679934
        212,           0,          29,         1.045e-05,             5e-08,       -4.19606727,      -1.417817481,      -1.364081994,       1.215741732,      0.1743206451,       2.320874376
        213,           0,           0,          1.05e-05,             5e-08,      -2.542059053,      0.1661711871,    -0.09284511519,       2.815208437,       1.660229751,       3.148130658
        213,           0,          10,          1.05e-05,             5e-08,      -4.034966459,       -1.35280409,      -1.327215749,       1.341181306,      0.2098698579,       2.804052614
        213,           0,          20,          1.05e-05,             5e-08,      -4.134610978,      -1.397088156,      -1.350120258,       1.262132032,      0.1862408455,        2.54459901
        213,           0,          29,          1.05e-05,             5e-08,      -4.194701068,      -1.416748134,      -1.362515399,        1.21691297,      0.1755012642,       2.318297834
        214,           0,           0,         1.055e-05,             5e-08,      -2.542413014,      0.1657727682,    -0.09292278321,        2.81468076,       1.659622883,       3.145888953
        214,           0,          10,         1.055e-05,             5e-08,      -4.033986511,      -1.351945839,      -1.325797203,       1.342136219,      0.2109237886,         2.8018285
        214,           0,          20,         1.055e-05,             5e-08,       -4.13338663,      -1.396074787,      -1.348594516,       1.263236771,      0.1873863983,       2.541476635
        214,           0,          29,         1.055e-05,             5e-08,      -4.193340148,        -1.4156871,      -1.360948373,        1.21807957,      0.1766768727,       2.315125205
        215,           0,           0,          1.06e-05,             5e-08,      -2.542764699,      0.1653772181,    -0.09299913658,       2.814156599,       1.659026568,       3.143422996
        215,           0,          10,          1.06e-05,             5e-08,       -4.03301065,      -1.351091053,      -1.324397424,       1.343083287,       0.211973952,       2.799575461
        215,           0,          20,          1.06e-05,             5e-08,      -4.132168452,      -1.395063813,       -1.34707901,       1.264333167,      0.1885273847,       2.539639083
        215,           0,          29,          1.06e-05,             5e-08,       -4.19198641,      -1.414627975,      -1.359385586,       1.219239067,      0.1778476485,       2.313195809
        216,           0,           0,         1.065e-05,             5e-08,      -2.543113619,      0.1649846625,    -0.09307566003,       2.813636895,       1.658440695,       3.141078048
        216,           0,          10,         1.065e-05,             5e-08,      -4.032039808,      -1.350234856,       -1.32299786,       1.344023595,      0.2130205066,         2.7971035
        216,           0,          20,         1.065e-05,             5e-08,      -4.130956994,      -1.394053507,      -1.345567082,       1.265422117,      0.1896638674,       2.537138937
        216,           0,          29,         1.065e-05,             5e-08,      -4.190640507,      -1.413570773,      -1.357828889,       1.220390344,      0.1790136089,       2.310806757
        217,           0,           0,          1.07e-05,             5e-08,      -2.543460054,      0.1645951661,    -0.09315165488,       2.813121504,       1.657864994,       3.138832624
        217,           0,          10,          1.07e-05,             5e-08,      -4.031074763,      -1.349380411,      -1.321600518,       1.344955305,      0.2140633852,         2.7948442
        217,           0,          20,          1.07e-05,             5e-08,      -4.129753021,      -1.393046134,       -1.34405927,       1.266501904,      0.1907958391,       2.534760055
        217,           0,          29,          1.07e-05,             5e-08,      -4.189303143,      -1.412517091,      -1.356277111,       1.221532049,      0.1801747667,       2.308646344
        218,           0,           0,         1.075e-05,             5e-08,      -2.543804261,      0.1642081025,     -0.0932275903,       2.812609474,       1.657299302,       3.136632614
        218,           0,          10,         1.075e-05,             5e-08,      -4.030115376,      -1.348528352,      -1.320206136,       1.345878957,      0.2151026077,       2.792738629
        218,           0,          20,         1.075e-05,             5e-08,      -4.128556126,      -1.392042388,      -1.342555861,       1.267573051,      0.1919233221,       2.532600112
        218,           0,          29,         1.075e-05,             5e-08,      -4.187973776,      -1.411467503,      -1.354730367,       1.222664787,      0.1813311427,       2.306546431
        219,           0,           0,          1.08e-05,             5e-08,      -2.544146272,      0.1638235186,    -0.09330320796,       2.812100913,       1.656743493,       3.134399284
        219,           0,          10,          1.08e-05,             5e-08,       -4.02916081,      -1.347678859,       -1.31881463,       1.346796136,      0.2161382097,       2.790446077
        219,           0,          20,          1.08e-05,             5e-08,      -4.127366134,      -1.391042541,      -1.341057048,        1.26863594,      0.1930463244,        2.53114558
        219,           0,          29,          1.08e-05,             5e-08,      -4.186652289,      -1.410422201,       -1.35318882,       1.223788854,      0.1824827548,       2.305858945
        220,           0,           0,         1.085e-05,             5e-08,      -2.544486288,      0.1634414457,    -0.09337890056,       2.811595234,       1.656197508,       3.132149054
        220,           0,          10,         1.085e-05,             5e-08,      -4.028210858,       -1.34683202,      -1.317426208,       1.347707191,      0.2171701664,       2.789047833
        220,           0,          20,         1.085e-05,             5e-08,      -4.126182732,      -1.390046641,      -1.339562955,       1.269691076,      0.1941648663,       2.529397672
        220,           0,          29,         1.085e-05,             5e-08,      -4.185338415,      -1.409381287,      -1.351652576,       1.224904649,      0.1836296368,       2.303735953
        221,           0,           0,          1.09e-05,             5e-08,      -2.544823829,      0.1630620838,    -0.09345456132,       2.811093629,       1.655661236,       3.129996364
        221,           0,          10,          1.09e-05,             5e-08,      -4.027265604,      -1.345988044,        -1.3160412,        1.34861205,      0.2181984959,       2.786746748
        221,           0,          20,          1.09e-05,             5e-08,      -4.125005652,      -1.389054767,      -1.338073691,       1.270738898,      0.1952789791,       2.527058019
        221,           0,          29,          1.09e-05,             5e-08,      -4.184031819,      -1.408344826,      -1.350121768,       1.226012663,      0.1847718104,       2.301395203
        222,           0,           0,         1.095e-05,             5e-08,       -2.54515902,      0.1626852123,    -0.09352947908,       2.810595833,       1.655134563,        3.12779175
        222,           0,          10,         1.095e-05,             5e-08,      -4.026325046,      -1.345146995,      -1.314659984,       1.349510755,      0.2192231955,       2.784414527
        222,           0,          20,         1.095e-05,             5e-08,      -4.123834779,      -1.388066994,      -1.336589405,       1.271779623,      0.1963886749,       2.524661772
        222,           0,          29,         1.095e-05,             5e-08,      -4.182732276,      -1.407312816,      -1.348596455,       1.227113232,      0.1859093043,       2.299218397
        223,           0,           0,           1.1e-05,             5e-08,      -2.545491682,      0.1623113009,    -0.09360406441,       2.810102165,       1.654617389,       3.125622748
        223,           0,          10,           1.1e-05,             5e-08,      -4.025389131,      -1.344309006,      -1.313282753,       1.350403483,      0.2202443144,       2.782038622
        223,           0,          20,           1.1e-05,             5e-08,      -4.122669793,      -1.387083279,      -1.335110172,       1.272813709,      0.1974940094,       2.522433744
        223,           0,          29,           1.1e-05,             5e-08,      -4.181439372,      -1.406285211,      -1.347076649,       1.228206899,      0.1870421708,       2.297057949
        224,           0,           0,         1.105e-05,             5e-08,      -2.545821749,       0.161940307,     -0.0936783855,       2.809612538,        1.65410977,       3.123503758
        224,           0,          10,         1.105e-05,             5e-08,      -4.024458078,      -1.343474274,      -1.311909838,        1.35128992,      0.2212618851,       2.779546319
        224,           0,          20,         1.105e-05,             5e-08,      -4.121510513,      -1.386103666,      -1.333636052,        1.27384143,      0.1985950076,       2.520073436
        224,           0,          29,         1.105e-05,             5e-08,      -4.180152748,       -1.40526195,      -1.345562308,       1.229294134,      0.1881704293,       2.294834548
        225,           0,           0,          1.11e-05,             5e-08,      -2.546148889,      0.1615726659,    -0.09375266764,       2.809127807,       1.653611579,       3.121380086
        225,           0,          10,          1.11e-05,             5e-08,      -4.023531352,      -1.342642765,      -1.310541143,       1.352170872,      0.2222758998,       2.777127595
        225,           0,          20,          1.11e-05,             5e-08,      -4.120356498,      -1.385127948,      -1.332167006,       1.274863402,      0.1996916786,       2.517948993
        225,           0,          29,          1.11e-05,             5e-08,       -4.17887208,      -1.404242949,       -1.34405344,       1.230375398,      0.1892941148,        2.29276841
        226,           0,           0,         1.115e-05,             5e-08,      -2.546472958,      0.1612087788,    -0.09382637916,        2.80864852,       1.653123098,       3.119309993
        226,           0,          10,         1.115e-05,             5e-08,      -4.022608882,      -1.341814147,      -1.309176928,       1.353046501,      0.2232863696,       2.774805441
        226,           0,          20,         1.115e-05,             5e-08,      -4.119207614,      -1.384156059,      -1.330703152,       1.275879879,      0.2007840646,       2.515682364
        226,           0,          29,         1.115e-05,             5e-08,      -4.177597165,      -1.403228182,        -1.3425501,       1.231450989,      0.1904132633,       2.290697795
        227,           0,           0,          1.12e-05,             5e-08,      -2.546794361,      0.1608475688,    -0.09390007345,       2.808173193,       1.652643678,       3.117273642
        227,           0,          10,          1.12e-05,             5e-08,       -4.02169036,       -1.34098825,      -1.307817198,       1.353917364,      0.2242933148,       2.772348973
        227,           0,          20,          1.12e-05,             5e-08,      -4.118063703,      -1.383188047,      -1.329244516,       1.276891115,      0.2018722032,       2.513236118
        227,           0,          29,          1.12e-05,             5e-08,      -4.176327837,      -1.402217673,      -1.341052279,       1.232521157,      0.1915279077,       2.288464691
        228,           0,           0,         1.125e-05,             5e-08,      -2.547113548,      0.1604885229,    -0.09397361697,       2.807701312,        1.65217303,       3.115250179
        228,           0,          10,         1.125e-05,             5e-08,      -4.020775798,      -1.340165218,      -1.306461904,       1.354783538,      0.2252967783,       2.769932576
        228,           0,          20,         1.125e-05,             5e-08,      -4.116924746,      -1.382223952,      -1.327791055,       1.277897211,      0.2029561175,       2.510989282
        228,           0,          29,         1.125e-05,             5e-08,      -4.175064005,      -1.401211432,      -1.339559952,       1.233586063,      0.1926380815,        2.28621743
        229,           0,           0,          1.13e-05,             5e-08,      -2.547432338,      0.1601301404,    -0.09404730869,       2.807230569,       1.651710716,        3.11324509
        229,           0,          10,          1.13e-05,             5e-08,       -4.01986504,      -1.339344925,      -1.305111101,       1.355645316,      0.2262967725,       2.767656644
        229,           0,          20,          1.13e-05,             5e-08,      -4.115790621,       -1.38126381,      -1.326342793,       1.278898334,      0.2040358423,       2.508646161
        229,           0,          29,          1.13e-05,             5e-08,      -4.173805499,      -1.400209442,      -1.338073118,       1.234645947,      0.1937438156,       2.283882393
        230,           0,           0,         1.135e-05,             5e-08,      -2.547750563,      0.1597729021,    -0.09412138307,       2.806761193,       1.651256882,       3.111253724
        230,           0,          10,         1.135e-05,             5e-08,      -4.018958088,      -1.338527589,      -1.303764652,       1.356502716,      0.2272933236,       2.765269209
        230,           0,          20,         1.135e-05,             5e-08,      -4.114661199,      -1.380307673,      -1.324899633,       1.279894682,      0.2051113901,        2.50621816
        230,           0,          29,         1.135e-05,             5e-08,      -4.172552166,      -1.399211686,      -1.336591666,       1.235701015,      0.1948451249,       2.281464697
        231,           0,           0,          1.14e-05,             5e-08,      -2.548066195,      0.1594181089,    -0.09419568325,       2.806295844,       1.650812978,       3.109251087
        231,           0,          10,          1.14e-05,             5e-08,      -4.018054968,       -1.33771327,      -1.302422681,       1.357355709,      0.2282864307,       2.762896933
        231,           0,          20,          1.14e-05,             5e-08,      -4.113536704,      -1.379355574,      -1.323461695,       1.280885992,      0.2061828022,       2.503723768
        231,           0,          29,          1.14e-05,             5e-08,      -4.171304251,      -1.398218229,      -1.335115796,       1.236751038,      0.1959420616,       2.278717175
        232,           0,           0,         1.145e-05,             5e-08,      -2.548379168,      0.1590659084,    -0.09426990731,       2.805834758,       1.650377755,       3.107260225
        232,           0,          10,         1.145e-05,             5e-08,      -4.017155823,      -1.336902091,      -1.301084892,       1.358204238,      0.2292761251,       2.760486027
        232,           0,          20,         1.145e-05,             5e-08,      -4.112416981,      -1.378407504,      -1.322028823,       1.281872533,      0.2072501062,       2.501973964
        232,           0,          29,         1.145e-05,             5e-08,      -4.170061321,      -1.397228937,      -1.333645211,        1.23779654,      0.1970346557,       2.276605028
        233,           0,           0,          1.15e-05,             5e-08,      -2.548689142,      0.1587166347,    -0.09434411794,       2.805378287,       1.649950759,       3.105276036
        233,           0,          10,          1.15e-05,             5e-08,      -4.016260185,      -1.336093803,      -1.299751457,       1.359048815,      0.2302624276,       2.758889653
        233,           0,          20,          1.15e-05,             5e-08,      -4.111301593,      -1.377463265,      -1.320601063,        1.28285482,      0.2083133385,       2.499552651
        233,           0,          29,          1.15e-05,             5e-08,      -4.168823228,      -1.396243761,      -1.332180111,       1.238837717,      0.1981229431,       2.274025556
        234,           0,           0,         1.155e-05,             5e-08,      -2.548996345,      0.1583702778,    -0.09441836865,       2.804926113,       1.649531968,       3.103209311
        234,           0,          10,         1.155e-05,             5e-08,      -4.015367768,       -1.33528844,      -1.298421947,       1.359889937,      0.2312453641,       2.756464852
        234,           0,          20,         1.155e-05,             5e-08,      -4.110190378,      -1.376522867,      -1.319178214,       1.283833136,      0.2093725163,       2.496991113
        234,           0,          29,         1.155e-05,             5e-08,      -4.167589878,      -1.395262688,      -1.330720193,        1.23987469,      0.1992069405,        2.27152605
        235,           0,           0,          1.16e-05,             5e-08,      -2.549300638,      0.1580265868,    -0.09449274536,       2.804477712,       1.649121227,        3.10105409
        235,           0,          10,          1.16e-05,             5e-08,      -4.014478515,      -1.334486091,      -1.297096522,       1.360727625,      0.2322249432,       2.754038041
        235,           0,          20,          1.16e-05,             5e-08,      -4.109083377,      -1.375586389,      -1.317760378,       1.284807388,      0.2104276621,       2.494506623
        235,           0,          29,          1.16e-05,             5e-08,      -4.166361159,      -1.394285795,      -1.329265708,        1.24090763,      0.2002866822,       2.269147177
        236,           0,           0,         1.165e-05,             5e-08,      -2.549602015,      0.1576856461,    -0.09456719116,       2.804033297,       1.648718464,       3.098996145
        236,           0,          10,         1.165e-05,             5e-08,      -4.013592349,       -1.33368669,      -1.295774793,       1.361562018,      0.2332011879,        2.75174504
        236,           0,          20,         1.165e-05,             5e-08,      -4.107980584,      -1.374653771,      -1.316347359,       1.285777603,      0.2114787899,       2.492247491
        236,           0,          29,         1.165e-05,             5e-08,       -4.16513702,      -1.393313029,      -1.327816311,       1.241936626,      0.2013621673,       2.267071379
        237,           0,           0,          1.17e-05,             5e-08,      -2.549900975,      0.1573471381,    -0.09464168876,       2.803592202,       1.648324115,       3.097102329
        237,           0,          10,          1.17e-05,             5e-08,      -4.012709288,      -1.332890122,       -1.29445702,       1.362393119,      0.2341740909,       2.749554677
        237,           0,          20,          1.17e-05,             5e-08,      -4.106881845,      -1.373724998,      -1.314939237,       1.286744081,      0.2125259214,       2.490118622
        237,           0,          29,          1.17e-05,             5e-08,      -4.163917551,      -1.392344369,      -1.326372313,        1.24296155,      0.2024334299,       2.264986511
        238,           0,           0,         1.175e-05,             5e-08,      -2.550197031,      0.1570109632,    -0.09471579258,       2.803155569,       1.647930919,       3.095220534
        238,           0,          10,         1.175e-05,             5e-08,      -4.011829132,      -1.332096426,      -1.293142851,        1.36322125,      0.2351436847,        2.74741124
        238,           0,          20,         1.175e-05,             5e-08,      -4.105787115,      -1.372800121,       -1.31353589,       1.287706822,      0.2135690974,        2.48797876
        238,           0,          29,         1.175e-05,             5e-08,      -4.162702536,      -1.391379744,      -1.324933322,       1.243982699,      0.2035005097,       2.262909235
        239,           0,           0,          1.18e-05,             5e-08,      -2.550490487,      0.1566772414,    -0.09478936974,       2.802722666,       1.647544511,       3.093350746
        239,           0,          10,          1.18e-05,             5e-08,      -4.010952044,      -1.331305734,      -1.291832444,       1.364046093,       0.236110011,       2.744928101
        239,           0,          20,          1.18e-05,             5e-08,      -4.104696438,       -1.37187892,      -1.312137343,       1.288665756,      0.2146083523,       2.485827081
        239,           0,          29,          1.18e-05,             5e-08,      -4.161491853,         -1.390419,      -1.323499593,       1.245000252,      0.2045634508,       2.261031409
        240,           0,           0,         1.185e-05,             5e-08,      -2.550780903,      0.1563461365,    -0.09486278348,       2.802294478,       1.647165228,       3.091595372
        240,           0,          10,         1.185e-05,             5e-08,      -4.010077985,      -1.330517845,       -1.29052561,       1.364867666,      0.2370730632,       2.743154777
        240,           0,          20,         1.185e-05,             5e-08,      -4.103609427,      -1.370961293,      -1.310743491,        1.28962148,      0.2156436938,       2.483916766
        240,           0,          29,         1.185e-05,             5e-08,      -4.160285475,      -1.389462123,      -1.322070884,       1.246014265,      0.2056222605,       2.259487032
        241,           0,           0,          1.19e-05,             5e-08,      -2.551068482,      0.1560178768,    -0.09493605748,       2.801870623,       1.646793154,       3.090072077
        241,           0,          10,          1.19e-05,             5e-08,      -4.009206468,      -1.329732839,      -1.289222227,       1.365686847,      0.2380328493,       2.741227319
        241,           0,          20,          1.19e-05,             5e-08,      -4.102526077,      -1.370047174,      -1.309354131,       1.290574048,      0.2166751532,        2.48196615
        241,           0,          29,          1.19e-05,             5e-08,      -4.159083333,      -1.388509053,      -1.320647234,        1.24702485,      0.2066769801,       2.257453354
        242,           0,           0,         1.195e-05,             5e-08,      -2.551353083,      0.1556925312,    -0.09500837158,       2.801451197,       1.646428226,        3.08830845
        242,           0,          10,         1.195e-05,             5e-08,      -4.008336971,      -1.328950383,      -1.287922101,       1.366504669,      0.2389893886,       2.738894522
        242,           0,          20,         1.195e-05,             5e-08,      -4.101446165,      -1.369136328,      -1.307969581,       1.291523792,      0.2177027652,       2.479689858
        242,           0,          29,         1.195e-05,             5e-08,      -4.157885302,      -1.387559688,      -1.319228627,       1.248032131,       0.207727649,       2.255417211
        243,           0,           0,           1.2e-05,             5e-08,      -2.551635146,      0.1553699991,    -0.09508031979,       2.801035532,       1.646070303,       3.086393477
        243,           0,          10,           1.2e-05,             5e-08,      -4.007469784,      -1.328169973,       -1.28662582,       1.367320437,      0.2399426929,       2.736959241
        243,           0,          20,           1.2e-05,             5e-08,      -4.100364712,      -1.368228672,      -1.306588916,       1.292478682,      0.2187265661,        2.47745872
        243,           0,          29,           1.2e-05,             5e-08,      -4.156689292,      -1.386613986,       -1.31781492,       1.249039309,      0.2087743028,       2.253091474
        244,           0,           0,         1.205e-05,             5e-08,      -2.551914695,      0.1550499744,    -0.09515162678,        2.80062359,       1.645719228,       3.084555259
        244,           0,          10,         1.205e-05,             5e-08,      -4.006603936,      -1.327391498,      -1.285332864,       1.368135884,      0.2408927919,       2.734716111
        244,           0,          20,         1.205e-05,             5e-08,      -4.099278963,       -1.36732425,      -1.305211084,       1.293443235,      0.2197465756,       2.475189336
        244,           0,          29,         1.205e-05,             5e-08,      -4.155480143,      -1.385671932,      -1.316403578,       1.250069293,      0.2098169667,       2.250993704
        245,           0,           0,          1.21e-05,             5e-08,      -2.552191906,       0.154732354,    -0.09522219876,       2.800215057,       1.645374918,       3.082763629
        245,           0,          10,          1.21e-05,             5e-08,      -4.005735237,      -1.326614993,       -1.28404273,       1.368958426,      0.2418396905,       2.732901458
        245,           0,          20,          1.21e-05,             5e-08,      -4.098203006,       -1.36642315,      -1.303839522,       1.294394757,      0.2207628014,       2.473928374
        245,           0,          29,          1.21e-05,             5e-08,      -4.154291291,      -1.384733591,      -1.314999841,       1.251071541,      0.2108556447,       2.249988677
        246,           0,           0,         1.215e-05,             5e-08,      -2.552466867,      0.1544174487,    -0.09529230047,       2.799809809,        1.64503241,       3.081289195
        246,           0,          10,         1.215e-05,             5e-08,      -4.004876223,      -1.325840577,      -1.282758578,       1.369765948,      0.2427834286,       2.730905296
        246,           0,          20,         1.215e-05,             5e-08,      -4.097134062,      -1.365525349,      -1.302473073,        1.29533749,      0.2217752873,       2.471930484
        246,           0,          29,         1.215e-05,             5e-08,      -4.153102823,        -1.3837989,      -1.313600324,       1.252076018,      0.2118903857,       2.248087329
        247,           0,           0,          1.22e-05,             5e-08,      -2.552739668,      0.1541045407,    -0.09536130717,       2.799407097,       1.644693456,       3.079597782
        247,           0,          10,          1.22e-05,             5e-08,      -4.004019153,       -1.32506801,       -1.28147855,       1.370572017,      0.2437240194,       2.728765423
        247,           0,          20,          1.22e-05,             5e-08,      -4.096070324,      -1.364630803,      -1.301111745,       1.296274452,      0.2227840585,         2.4694285
        247,           0,          29,          1.22e-05,             5e-08,      -4.151922298,      -1.382867804,      -1.312206384,       1.253071388,      0.2129212214,       2.245102905
        248,           0,           0,         1.225e-05,             5e-08,      -2.553010303,      0.1537937556,     -0.0954294145,       2.799006856,       1.644360679,        3.07758755
        248,           0,          10,         1.225e-05,             5e-08,      -4.003165445,      -1.324297439,      -1.280203014,       1.371374207,      0.2446614915,       2.726074925
        248,           0,          20,         1.225e-05,             5e-08,      -4.095011132,      -1.363739629,      -1.299755423,       1.297206708,      0.2237891375,       2.466441463
        248,           0,          29,         1.225e-05,             5e-08,      -4.150747542,      -1.381940459,       -1.31081774,       1.254060883,      0.2139481682,       2.242442085
        249,           0,           0,          1.23e-05,             5e-08,      -2.553278789,      0.1534853352,    -0.09549665865,       2.798609576,       1.644034124,       3.075499005
        249,           0,          10,          1.23e-05,             5e-08,      -4.002314736,      -1.323528957,      -1.278931918,       1.372173199,      0.2455958446,       2.723444544
        249,           0,          20,          1.23e-05,             5e-08,      -4.093956437,      -1.362851811,      -1.298404089,        1.29813437,      0.2247905467,       2.464038424
        249,           0,          29,          1.23e-05,             5e-08,      -4.149578712,      -1.381016754,      -1.309434334,       1.255044334,      0.2149712564,       2.239452308
        250,           0,           0,         1.235e-05,             5e-08,      -2.553545257,      0.1531784814,    -0.09556278082,       2.798214919,        1.64371244,       3.073464095
        250,           0,          10,         1.235e-05,             5e-08,      -4.001467572,      -1.322762658,      -1.277665256,        1.37296818,      0.2465271169,       2.720787123
        250,           0,          20,         1.235e-05,             5e-08,       -4.09290664,       -1.36196737,      -1.297057154,       1.299056927,      0.2257883242,       2.460475419
        250,           0,          29,         1.235e-05,             5e-08,      -4.148415446,      -1.380096651,      -1.308055709,        1.25602232,      0.2159905273,       2.235778012
        251,           0,           0,          1.24e-05,             5e-08,       -2.55380963,       0.152873835,    -0.09562749245,       2.797823042,       1.643396618,       3.071289724
        251,           0,          10,          1.24e-05,             5e-08,        -4.0006235,      -1.321998552,       -1.27640262,       1.373759852,      0.2474553227,       2.717982333
        251,           0,          20,          1.24e-05,             5e-08,      -4.091861477,      -1.361086258,      -1.295715894,       1.299974506,      0.2267824835,       2.457503237
        251,           0,          29,          1.24e-05,             5e-08,      -4.147257411,      -1.379180151,      -1.306682581,       1.256995159,      0.2170059861,       2.232618038
        252,           0,           0,         1.245e-05,             5e-08,      -2.554071447,      0.1525719564,    -0.09569136318,       2.797435134,       1.643086844,       3.069181263
        252,           0,          10,         1.245e-05,             5e-08,      -3.999783033,      -1.321236951,      -1.275144832,       1.374547312,      0.2483804611,       2.715422088
        252,           0,          20,         1.245e-05,             5e-08,      -4.090821109,      -1.360208726,      -1.294379245,       1.300887017,      0.2277730371,       2.454740952
        252,           0,          29,         1.245e-05,             5e-08,      -4.146104463,      -1.378267321,      -1.305314349,       1.257963162,      0.2180176584,       2.229860382
        253,           0,           0,          1.25e-05,             5e-08,      -2.554331258,      0.1522724917,    -0.09575414294,       2.797049802,       1.642783079,        3.06720928
        253,           0,          10,          1.25e-05,             5e-08,      -3.998947048,      -1.320478294,      -1.273891269,        1.37532904,      0.2493025645,        2.71308126
        253,           0,          20,          1.25e-05,             5e-08,      -4.089785754,      -1.359334722,      -1.293047325,       1.301794074,      0.2287600286,       2.451940009
        253,           0,          29,          1.25e-05,             5e-08,      -4.144956637,      -1.377358089,      -1.303951052,       1.258926246,       0.219025587,       2.226594327
        254,           0,           0,         1.255e-05,             5e-08,      -2.554589014,      0.1519754031,    -0.09581586344,       2.796667324,       1.642485248,       3.065196759
        254,           0,          10,         1.255e-05,             5e-08,      -3.998115416,       -1.31972268,      -1.272641718,       1.376105221,      0.2502216533,        2.71016206
        254,           0,          20,         1.255e-05,             5e-08,      -4.088755089,      -1.358464179,      -1.291720021,       1.302696167,      0.2297434836,       2.449150744
        254,           0,          29,         1.255e-05,             5e-08,      -4.143813407,      -1.376452422,      -1.302592554,       1.259885172,      0.2200298029,       2.223774504
        255,           0,           0,          1.26e-05,             5e-08,      -2.554845032,       0.151680438,    -0.09587631833,       2.796287045,       1.642193325,       3.063122303
        255,           0,          10,          1.26e-05,             5e-08,      -3.997286938,      -1.318970258,      -1.271395758,       1.376877956,      0.2511377366,         2.7079611
        255,           0,          20,          1.26e-05,             5e-08,      -4.087728122,      -1.357597162,      -1.290397065,       1.303594924,      0.2307234228,       2.446828707
        255,           0,          29,          1.26e-05,             5e-08,      -4.142673854,      -1.375550314,      -1.301238695,       1.260841351,      0.2210303294,       2.221314367
        256,           0,           0,         1.265e-05,             5e-08,      -2.555099406,      0.1513870773,    -0.09593492972,       2.795908718,        1.64190722,       3.061418741
        256,           0,          10,         1.265e-05,             5e-08,      -3.996461662,      -1.318221292,      -1.270153264,       1.377647208,      0.2520508421,       2.705712901
        256,           0,          20,         1.265e-05,             5e-08,      -4.086704818,      -1.356733691,      -1.289078414,       1.304490431,      0.2316998726,       2.444325355
        256,           0,          29,         1.265e-05,             5e-08,      -4.141537821,      -1.374651753,      -1.299889408,       1.261795029,      0.2220271926,       2.218703667
        257,           0,           0,          1.27e-05,             5e-08,      -2.555352195,       0.151095297,     -0.0959925416,       2.795532114,       1.641626704,       3.059661511
        257,           0,          10,          1.27e-05,             5e-08,       -3.99563942,      -1.317476068,      -1.268914055,        1.37841323,       0.252960967,       2.703118606
        257,           0,          20,          1.27e-05,             5e-08,       -4.08568453,      -1.355873705,       -1.28776391,       1.305383637,      0.2326728374,        2.44157571
        257,           0,          29,          1.27e-05,             5e-08,      -4.140404415,      -1.373756676,      -1.298544575,       1.262747481,      0.2230204038,       2.215546877
        258,           0,           0,         1.275e-05,             5e-08,      -2.555603333,      0.1508048592,    -0.09604899232,       2.795157286,       1.641351678,       3.057629005
        258,           0,          10,         1.275e-05,             5e-08,      -3.994819843,      -1.316734433,      -1.267678078,       1.379176584,      0.2538681276,       2.699848768
        258,           0,          20,         1.275e-05,             5e-08,      -4.084666769,      -1.355017106,      -1.286453565,       1.306275347,      0.2336423519,       2.438481368
        258,           0,          29,         1.275e-05,             5e-08,      -4.139273085,      -1.372865029,       -1.29720408,       1.263699592,           0.22401,       2.212637471
        259,           0,           0,          1.28e-05,             5e-08,      -2.555852515,      0.1505160804,    -0.09610441647,       2.794785156,       1.641082134,       3.055398487
        259,           0,          10,          1.28e-05,             5e-08,      -3.994003237,      -1.315996099,       -1.26644567,       1.379936767,      0.2547723661,       2.697062594
        259,           0,          20,          1.28e-05,             5e-08,        -4.0836516,      -1.354163765,      -1.285147407,       1.307165457,      0.2346084504,       2.435543525
        259,           0,          29,          1.28e-05,             5e-08,      -4.138144174,       -1.37197673,      -1.295868166,       1.264650859,      0.2249960132,       2.209923785
        260,           0,           0,         1.285e-05,             5e-08,      -2.556099857,       0.150229097,    -0.09615892833,         2.7944153,       1.640817891,       3.053376399
        260,           0,          10,         1.285e-05,             5e-08,      -3.993187675,      -1.315260514,      -1.265216281,       1.380697092,      0.2556736777,       2.694587218
        260,           0,          20,         1.285e-05,             5e-08,      -4.082637562,      -1.353313462,      -1.283845259,       1.308056308,      0.2355711297,       2.433073637
        260,           0,          29,         1.285e-05,             5e-08,      -4.137018568,      -1.371091719,      -1.294536717,       1.265599885,        0.22597844,       2.207519421
        261,           0,           0,          1.29e-05,             5e-08,      -2.556345381,       0.149943868,    -0.09621282207,       2.794047688,       1.640558856,        3.05149319
        261,           0,          10,          1.29e-05,             5e-08,      -3.992374048,       -1.31452721,      -1.263990499,       1.381455998,      0.2565720785,       2.692972646
        261,           0,          20,          1.29e-05,             5e-08,      -4.081626642,      -1.352465996,      -1.282547488,       1.308944641,      0.2365304247,       2.432031053
        261,           0,          29,          1.29e-05,             5e-08,      -4.135896597,      -1.370209906,      -1.293210034,       1.266546105,      0.2269573194,       2.206870363
        262,           0,           0,         1.295e-05,             5e-08,      -2.556588729,      0.1496605288,    -0.09626619734,       2.793683127,       1.640304873,       3.049844965
        262,           0,          10,         1.295e-05,             5e-08,      -3.991562542,      -1.313795642,      -1.262768194,        1.38221306,      0.2574675823,        2.69086874
        262,           0,          20,         1.295e-05,             5e-08,      -4.080618676,      -1.351621353,      -1.281254041,        1.30983063,      0.2374863482,       2.429948114
        262,           0,          29,         1.295e-05,             5e-08,      -4.134778199,      -1.369331351,      -1.291887833,       1.267489571,      0.2279326734,       2.204687436
        263,           0,           0,           1.3e-05,             5e-08,      -2.556829641,      0.1493796098,    -0.09631873849,       2.793322582,       1.640055877,       3.048075925
        263,           0,          10,           1.3e-05,             5e-08,      -3.990752868,      -1.313065455,        -1.2615485,       1.382968768,      0.2583602078,       2.688647186
        263,           0,          20,           1.3e-05,             5e-08,      -4.079613713,      -1.350779284,      -1.279964667,       1.310714233,      0.2384389379,       2.427950525
        263,           0,          29,           1.3e-05,             5e-08,      -4.133663412,      -1.368455881,      -1.290570243,       1.268430277,       0.228904535,       2.202888316
        264,           0,           0,         1.305e-05,             5e-08,      -2.557067909,      0.1491015745,    -0.09637137017,       2.792966262,       1.639811717,       3.046384514
        264,           0,          10,         1.305e-05,             5e-08,      -3.989944996,      -1.312336516,      -1.260332847,       1.383723199,      0.2592499706,       2.686742981
        264,           0,          20,         1.305e-05,             5e-08,      -4.078611817,      -1.349939989,      -1.278679443,       1.311595326,      0.2393882095,       2.426170478
        264,           0,          29,         1.305e-05,             5e-08,      -4.132552325,      -1.367583619,      -1.289256892,       1.269368037,      0.2298729184,       2.201296678
        265,           0,           0,          1.31e-05,             5e-08,      -2.557303787,      0.1488259105,    -0.09642395534,       2.792613582,       1.639572542,       3.044799433
        265,           0,          10,          1.31e-05,             5e-08,      -3.989139192,      -1.311608757,      -1.259120897,       1.384475831,      0.2601368912,       2.684656511
        265,           0,          20,          1.31e-05,             5e-08,       -4.07761312,      -1.349103529,       -1.27739854,       1.312473694,       0.240334194,       2.423549308
        265,           0,          29,          1.31e-05,             5e-08,      -4.131444877,      -1.366714537,      -1.287948134,       1.270302962,      0.2308378606,       2.199263178
        266,           0,           0,         1.315e-05,             5e-08,       -2.55753733,      0.1485525832,     -0.0964761412,        2.79226405,       1.639338203,       3.042986766
        266,           0,          10,         1.315e-05,             5e-08,      -3.988335024,      -1.310882424,      -1.257912458,       1.385227447,      0.2610209988,       2.682220084
        266,           0,          20,         1.315e-05,             5e-08,       -4.07661766,      -1.348269953,      -1.276121851,       1.313349326,      0.2412769137,       2.421916679
        266,           0,          29,         1.315e-05,             5e-08,      -4.130341157,       -1.36584862,      -1.286643776,       1.271234944,       0.231799382,       2.197041479
        267,           0,           0,          1.32e-05,             5e-08,      -2.557768424,      0.1482814651,    -0.09652798652,       2.791918074,       1.639108613,       3.041139063
        267,           0,          10,          1.32e-05,             5e-08,      -3.987532044,      -1.310157597,      -1.256706997,       1.385978728,      0.2619023196,        2.68046121
        267,           0,          20,          1.32e-05,             5e-08,      -4.075621798,      -1.347439224,      -1.274848331,       1.314227979,      0.2422163908,       2.419487988
        267,           0,          29,          1.32e-05,             5e-08,      -4.129240444,      -1.364985844,      -1.285343799,        1.27216502,       0.232757504,       2.194791451
        268,           0,           0,         1.325e-05,             5e-08,      -2.557997135,      0.1480123545,    -0.09657974779,       2.791575663,       1.638883597,       3.039447106
        268,           0,          10,         1.325e-05,             5e-08,      -3.986732279,      -1.309434384,      -1.255505577,       1.386726135,       0.262780867,       2.678130072
        268,           0,          20,         1.325e-05,             5e-08,       -4.07462843,      -1.346611409,       -1.27357849,       1.315104997,       0.243152643,       2.417197866
        268,           0,          29,         1.325e-05,             5e-08,      -4.128137449,      -1.364126205,      -1.284046713,       1.273101181,      0.2337122507,       2.193120614
        269,           0,           0,          1.33e-05,             5e-08,      -2.558223716,      0.1477448152,    -0.09663118304,       2.791236313,       1.638663054,       3.037623615
        269,           0,          10,          1.33e-05,             5e-08,      -3.985931734,      -1.308712851,      -1.254307017,       1.387476654,      0.2636566602,       2.676068213
        269,           0,          20,          1.33e-05,             5e-08,       -4.07364022,      -1.345786495,      -1.272313858,       1.315976058,      0.2440856936,       2.416173839
        269,           0,          29,          1.33e-05,             5e-08,      -4.127044456,      -1.363269685,       -1.28275587,       1.274024787,      0.2346636414,       2.192270124
        270,           0,           0,         1.335e-05,             5e-08,      -2.558448237,      0.1474786826,    -0.09668266808,       2.790899604,       1.638446879,       3.035948247
        270,           0,          10,         1.335e-05,             5e-08,      -3.985135891,      -1.307993312,      -1.253113055,       1.388220727,      0.2645297088,       2.674113746
        270,           0,          20,         1.335e-05,             5e-08,       -4.07265672,      -1.344964587,      -1.271053923,        1.31684194,       0.245015537,       2.414502633
        270,           0,          29,         1.335e-05,             5e-08,      -4.125954138,       -1.36241633,      -1.281469044,       1.274946965,      0.2356116751,       2.190300837
        271,           0,           0,          1.34e-05,             5e-08,      -2.558670317,      0.1472144887,    -0.09673425621,       2.790566384,       1.638234957,       3.034232635
        271,           0,          10,          1.34e-05,             5e-08,      -3.984343382,      -1.307276066,      -1.251923284,       1.388960821,      0.2654000288,       2.672698047
        271,           0,          20,          1.34e-05,             5e-08,       -4.07167797,      -1.344145624,      -1.269798702,       1.317702553,      0.2459422098,       2.412259698
        271,           0,          29,          1.34e-05,             5e-08,      -4.124868847,       -1.36156607,       -1.28018698,       1.275864131,      0.2365563963,       2.188139018
        272,           0,           0,         1.345e-05,             5e-08,      -2.558889663,      0.1469524541,    -0.09678566537,       2.790237284,       1.638027174,       3.032762497
        272,           0,          10,         1.345e-05,             5e-08,      -3.983554267,      -1.306561199,      -1.250737819,       1.389696864,      0.2662676099,       2.670882649
        272,           0,          20,         1.345e-05,             5e-08,      -4.070703092,      -1.343329572,      -1.268547762,       1.318559332,      0.2468657302,       2.410220721
        272,           0,          29,         1.345e-05,             5e-08,      -4.123787649,      -1.360718912,      -1.278909295,       1.276777693,      0.2374978267,       2.186345923
        273,           0,           0,          1.35e-05,             5e-08,      -2.559106336,      0.1466925399,    -0.09683698632,       2.789912093,       1.637823413,       3.031278027
        273,           0,          10,          1.35e-05,             5e-08,      -3.982768654,      -1.305848833,      -1.249555063,       1.390428767,      0.2671324796,       2.669260825
        273,           0,          20,          1.35e-05,             5e-08,      -4.069731964,      -1.342516536,      -1.267300658,       1.319412548,       0.247786131,       2.408352576
        273,           0,          29,          1.35e-05,             5e-08,      -4.122710549,      -1.359874887,      -1.277635876,       1.277687712,      0.2384359954,       2.184843035
        274,           0,           0,         1.355e-05,             5e-08,      -2.559320581,      0.1464344496,    -0.09688861625,       2.789590321,       1.637623705,       3.029739874
        274,           0,          10,         1.355e-05,             5e-08,      -3.981986143,      -1.305139246,      -1.248377193,       1.391157227,      0.2679946497,       2.667487417
        274,           0,          20,         1.355e-05,             5e-08,      -4.068764375,      -1.341706607,      -1.266057716,       1.320262424,      0.2487034304,        2.40655649
        274,           0,          29,         1.355e-05,             5e-08,      -4.121637163,      -1.359034005,       -1.27636655,       1.278594602,      0.2393709247,       2.182793741
        275,           0,           0,          1.36e-05,             5e-08,      -2.559531519,      0.1461790879,    -0.09694043346,       2.789273973,       1.637427782,       3.028118869
        275,           0,          10,          1.36e-05,             5e-08,      -3.981206589,      -1.304432568,      -1.247202769,       1.391882411,       0.268854132,       2.665659249
        275,           0,          20,          1.36e-05,             5e-08,      -4.067800097,      -1.340899776,       -1.26481893,       1.321109323,      0.2496176426,       2.404707732
        275,           0,          29,          1.36e-05,             5e-08,      -4.120567284,      -1.358196324,      -1.275101675,       1.279498699,      0.2403026257,       2.180769691
        276,           0,           0,         1.365e-05,             5e-08,      -2.559739139,      0.1459268766,     -0.0969922129,        2.78896311,       1.637235651,       3.026448975
        276,           0,          10,         1.365e-05,             5e-08,      -3.980429774,      -1.303729195,      -1.246031966,       1.392604636,      0.2697109478,       2.663682959
        276,           0,          20,         1.365e-05,             5e-08,      -4.066838378,      -1.340096187,       -1.26358411,       1.321954423,      0.2505287818,       2.402738669
        276,           0,          29,         1.365e-05,             5e-08,      -4.119500724,      -1.357361832,      -1.273841017,       1.280400283,      0.2412311172,       2.178741851
        277,           0,           0,          1.37e-05,             5e-08,      -2.559943971,      0.1456771124,    -0.09704403522,       2.788656652,       1.637048122,        3.02475799
        277,           0,          10,          1.37e-05,             5e-08,      -3.979656042,      -1.303028957,      -1.244864501,       1.393323463,      0.2705651141,        2.66181683
        277,           0,          20,          1.37e-05,             5e-08,      -4.065880045,      -1.339295546,      -1.262353006,       1.322796415,      0.2514368734,       2.400561036
        277,           0,          29,          1.37e-05,             5e-08,      -4.118435337,      -1.356530321,       -1.27258381,       1.281302675,      0.2421564237,       2.176726633
        278,           0,           0,         1.375e-05,             5e-08,      -2.560146059,      0.1454295167,    -0.09709615271,       2.788354431,       1.636869712,       3.023059324
        278,           0,          10,         1.375e-05,             5e-08,      -3.978884578,      -1.302331492,      -1.243699882,       1.394040232,      0.2714166382,       2.659129448
        278,           0,          20,         1.375e-05,             5e-08,      -4.064923848,       -1.33849769,      -1.261125461,       1.323637323,      0.2523419293,       2.398035541
        278,           0,          29,         1.375e-05,             5e-08,      -4.117373342,      -1.355701715,      -1.271330834,        1.28220245,      0.2430785627,       2.174021118
        279,           0,           0,          1.38e-05,             5e-08,      -2.560345577,      0.1451839895,    -0.09714819459,       2.788055834,       1.636695826,       3.021083952
        279,           0,          10,          1.38e-05,             5e-08,      -3.978115698,      -1.301636561,      -1.242538461,       1.394754338,      0.2722655356,       2.656810247
        279,           0,          20,          1.38e-05,             5e-08,       -4.06396944,      -1.337702568,      -1.259901371,       1.324477666,      0.2532439442,       2.395622569
        279,           0,          29,          1.38e-05,             5e-08,      -4.116315334,      -1.354876002,      -1.270082341,       1.283098743,       0.243997538,       2.171260612
        280,           0,           0,         1.385e-05,             5e-08,      -2.560543075,      0.1449400665,    -0.09720020124,       2.787760012,        1.63652748,       3.019170753
        280,           0,          10,         1.385e-05,             5e-08,      -3.977348746,      -1.300944036,      -1.241379907,       1.395466945,      0.2731118206,       2.655121133
        280,           0,          20,         1.385e-05,             5e-08,      -4.063018384,      -1.336910154,       -1.25868167,       1.325315049,      0.2541429588,       2.393149626
        280,           0,          29,         1.385e-05,             5e-08,      -4.115261164,      -1.354053176,      -1.268838016,       1.283991781,      0.2449133711,       2.168824385
        281,           0,           0,          1.39e-05,             5e-08,      -2.560738516,      0.1446974557,    -0.09725172961,        2.78746734,       1.636363341,       3.017329766
        281,           0,          10,          1.39e-05,             5e-08,      -3.976583441,      -1.300253684,       -1.24022443,       1.396178598,      0.2739555163,       2.653248881
        281,           0,          20,          1.39e-05,             5e-08,      -4.062071256,      -1.336120424,      -1.257466233,       1.326148457,      0.2550389877,       2.390723587
        281,           0,          29,          1.39e-05,             5e-08,      -4.114210725,      -1.353233257,      -1.267597953,       1.284881708,      0.2458260781,       2.165914487
        282,           0,           0,         1.395e-05,             5e-08,      -2.560931915,      0.1444560596,    -0.09730300412,       2.787177307,       1.636202703,       3.015446459
        282,           0,          10,         1.395e-05,             5e-08,      -3.975820555,      -1.299565289,      -1.239072702,        1.39688794,      0.2747966235,        2.65098507
        282,           0,          20,         1.395e-05,             5e-08,      -4.061127535,      -1.335333351,      -1.256254816,         1.3269787,      0.2559320448,       2.388294732
        282,           0,          29,         1.395e-05,             5e-08,      -4.113163861,      -1.352416219,      -1.266361997,       1.285768712,      0.2467356892,       2.163267188
        283,           0,           0,           1.4e-05,             5e-08,      -2.561123427,      0.1442159439,    -0.09735446875,       2.786889638,       1.636045234,       3.013564608
        283,           0,          10,           1.4e-05,             5e-08,      -3.975060664,      -1.298878709,      -1.237924834,       1.397593896,      0.2756351729,       2.648559058
        283,           0,          20,           1.4e-05,             5e-08,       -4.06018691,      -1.334548859,      -1.255047331,       1.327806228,      0.2568221662,       2.386574241
        283,           0,          29,           1.4e-05,             5e-08,      -4.112120377,      -1.351602012,      -1.265130142,       1.286653066,      0.2476422361,       2.160741814
        284,           0,           0,         1.405e-05,             5e-08,      -2.561312745,      0.1439774311,    -0.09740582075,       2.786605151,       1.635890873,       3.011666841
        284,           0,          10,         1.405e-05,             5e-08,      -3.974302994,      -1.298193637,       -1.23678026,       1.398297749,      0.2764711808,        2.64626728
        284,           0,          20,         1.405e-05,             5e-08,      -4.059249178,      -1.333766927,      -1.253843624,       1.328631365,      0.2577093701,       2.384319324
        284,           0,          29,         1.405e-05,             5e-08,      -4.111080133,      -1.350790618,      -1.263902225,       1.287534972,      0.2485457373,       2.158508104
        285,           0,           0,          1.41e-05,             5e-08,      -2.561499677,      0.1437409309,    -0.09745731995,       2.786324085,       1.635739645,       3.009834834
        285,           0,          10,          1.41e-05,             5e-08,      -3.973547325,      -1.297509913,      -1.235639045,       1.398999821,      0.2773046653,       2.644020443
        285,           0,          20,          1.41e-05,             5e-08,      -4.058314294,      -1.332987551,      -1.252643699,       1.329454142,      0.2585936734,       2.381895335
        285,           0,          29,          1.41e-05,             5e-08,      -4.110043037,      -1.349982036,      -1.262678289,       1.288414543,      0.2494462115,       2.156112114
        286,           0,           0,         1.415e-05,             5e-08,       -2.56168443,      0.1435062968,    -0.09750896909,       2.786045991,       1.635591274,       3.008057104
        286,           0,          10,         1.415e-05,             5e-08,      -3.972793553,      -1.296827719,       -1.23450094,       1.399700264,      0.2781356451,       2.641735927
        286,           0,          20,         1.415e-05,             5e-08,      -4.057382101,      -1.332210767,      -1.251447427,        1.33027478,      0.2594750937,       2.379565016
        286,           0,          29,         1.415e-05,             5e-08,      -4.109008989,       -1.34917626,      -1.261458181,       1.289291883,      0.2503436761,       2.153693866
        287,           0,           0,          1.42e-05,             5e-08,      -2.561867038,      0.1432735143,    -0.09756068194,       2.785770652,       1.635445584,       3.006296494
        287,           0,          10,          1.42e-05,             5e-08,      -3.972041668,      -1.296147209,      -1.233365983,       1.400399049,      0.2789641276,       2.639413702
        287,           0,          20,          1.42e-05,             5e-08,      -4.056452687,      -1.331436607,      -1.250254844,       1.331093141,      0.2603536502,       2.377099093
        287,           0,          29,          1.42e-05,             5e-08,      -4.107978053,      -1.348373314,      -1.260241987,       1.290166933,      0.2512381526,       2.151413997
        288,           0,           0,         1.425e-05,             5e-08,      -2.562047053,      0.1430429626,    -0.09761245435,        2.78549914,       1.635302492,       3.004526857
        288,           0,          10,         1.425e-05,             5e-08,      -3.971291862,      -1.295468575,      -1.232234064,       1.401095917,      0.2797901228,       2.637119767
        288,           0,          20,         1.425e-05,             5e-08,      -4.055526031,      -1.330665069,      -1.249065862,       1.331909289,      0.2612293561,       2.375188807
        288,           0,          29,         1.425e-05,             5e-08,      -4.106950154,       -1.34757316,      -1.259029593,         1.2910398,      0.2521296599,       2.149501492
        289,           0,           0,          1.43e-05,             5e-08,      -2.562224714,      0.1428147052,    -0.09766409661,       2.785231216,       1.635162012,       3.002792101
        289,           0,          10,          1.43e-05,             5e-08,      -3.970544125,      -1.294791759,      -1.231105319,       1.401790854,      0.2806136354,       2.635059378
        289,           0,          20,          1.43e-05,             5e-08,      -4.054601998,      -1.329896125,      -1.247880486,       1.332723393,      0.2621022283,       2.372975467
        289,           0,          29,          1.43e-05,             5e-08,      -4.105925404,      -1.346775777,      -1.257821157,       1.291910276,      0.2530182119,       2.147516017
        290,           0,           0,         1.435e-05,             5e-08,       -2.56240032,      0.1425883318,     -0.0977158335,       2.784966285,       1.635024256,       3.001087831
        290,           0,          10,         1.435e-05,             5e-08,      -3.969798044,      -1.294116954,      -1.229979474,       1.402484508,      0.2814346847,       2.633226674
        290,           0,          20,         1.435e-05,             5e-08,      -4.053680579,       -1.32912998,      -1.246698872,       1.333535382,      0.2629722848,       2.371275591
        290,           0,          29,         1.435e-05,             5e-08,      -4.104903847,      -1.345981413,      -1.256616718,       1.292778174,      0.2539038273,       2.146255652
        291,           0,           0,          1.44e-05,             5e-08,       -2.56257373,      0.1423640152,     -0.0977673032,       2.784704569,       1.634889035,       2.999520776
        291,           0,          10,          1.44e-05,             5e-08,      -3.969054151,      -1.293444446,      -1.228856878,       1.403176022,      0.2822532843,       2.631638569
        291,           0,          20,          1.44e-05,             5e-08,      -4.052762118,      -1.328366491,      -1.245520931,       1.334344866,      0.2638395445,       2.369665373
        291,           0,          29,          1.44e-05,             5e-08,      -4.103885543,      -1.345189752,      -1.255416141,       1.293643634,      0.2547865293,       2.144730909
        292,           0,           0,         1.445e-05,             5e-08,      -2.562744885,      0.1421416581,    -0.09781856416,       2.784446111,       1.634756256,       2.997982887
        292,           0,          10,         1.445e-05,             5e-08,      -3.968312564,      -1.292774124,      -1.227737299,       1.403865298,      0.2830694504,        2.62987857
        292,           0,          20,         1.445e-05,             5e-08,      -4.051846447,      -1.327605523,      -1.244346554,       1.335152108,      0.2647040235,       2.368617275
        292,           0,          29,         1.445e-05,             5e-08,      -4.102870357,      -1.344400755,      -1.254219283,       1.294506784,      0.2556663334,       2.143335151
        293,           0,           0,          1.45e-05,             5e-08,      -2.562913766,      0.1419212156,    -0.09786957605,        2.78419067,       1.634625913,       2.996452202
        293,           0,          10,          1.45e-05,             5e-08,      -3.967573267,      -1.292105872,      -1.226621017,       1.404552357,      0.2838831897,       2.628333006
        293,           0,          20,          1.45e-05,             5e-08,      -4.050933633,      -1.326847079,      -1.243175867,       1.335956964,      0.2655657366,       2.366265644
        293,           0,          29,          1.45e-05,             5e-08,      -4.101858343,      -1.343614463,      -1.253026332,       1.295367521,      0.2565432497,       2.140801618
        294,           0,           0,         1.455e-05,             5e-08,      -2.563080549,      0.1417023284,    -0.09792010952,       2.783938164,       1.634497849,       2.994767531
        294,           0,          10,         1.455e-05,             5e-08,      -3.966836358,      -1.291439745,       -1.22550794,       1.405237055,      0.2846945071,       2.626317741
        294,           0,          20,         1.455e-05,             5e-08,      -4.050023653,      -1.326091247,      -1.242008779,        1.33675949,      0.2664246749,       2.364189255
        294,           0,          29,         1.455e-05,             5e-08,      -4.100849444,        -1.3428309,      -1.251837111,       1.296225928,      0.2574172754,       2.139035476
        295,           0,           0,          1.46e-05,             5e-08,      -2.563245216,       0.141485098,     -0.0979705541,       2.783688741,        1.63437197,       2.993132019
        295,           0,          10,          1.46e-05,             5e-08,      -3.966101808,      -1.290775771,       -1.22439818,       1.405919393,      0.2855034196,       2.624544534
        295,           0,          20,          1.46e-05,             5e-08,      -4.049116458,      -1.325337864,      -1.240845339,       1.337559714,      0.2672808778,       2.362361742
        295,           0,          29,          1.46e-05,             5e-08,      -4.099843634,      -1.342049967,      -1.250651739,       1.297082008,      0.2582884569,       2.137005496
        296,           0,           0,         1.465e-05,             5e-08,       -2.56340824,      0.1412691935,    -0.09802095041,        2.78344157,       1.634248046,       2.991510803
        296,           0,          10,         1.465e-05,             5e-08,      -3.965369522,       -1.29011376,      -1.223291605,       1.406599553,      0.2863099482,       2.622720197
        296,           0,          20,         1.465e-05,             5e-08,      -4.048212042,      -1.324586954,       -1.23968547,        1.33835765,      0.2681343602,        2.35998961
        296,           0,          29,         1.465e-05,             5e-08,      -4.098840916,      -1.341271654,      -1.249470041,       1.297935757,      0.2591568024,        2.13507197
        297,           0,           0,          1.47e-05,             5e-08,      -2.563569593,      0.1410542483,    -0.09807117625,       2.783196691,       1.634125435,        2.98992273
        297,           0,          10,          1.47e-05,             5e-08,      -3.964639533,      -1.289453701,      -1.222188393,       1.407277465,      0.2871141003,       2.620924604
        297,           0,          20,          1.47e-05,             5e-08,      -4.047310421,      -1.323838479,      -1.238529229,        1.33915326,      0.2689851403,       2.357763201
        297,           0,          29,          1.47e-05,             5e-08,      -4.097841292,      -1.340495959,      -1.248292162,        1.29878716,      0.2600223387,       2.132723938
        298,           0,           0,         1.475e-05,             5e-08,      -2.563729006,      0.1408406417,     -0.0981212098,       2.782954755,       1.634004512,       2.988233227
        298,           0,          10,         1.475e-05,             5e-08,      -3.963911817,      -1.288795634,      -1.221088338,       1.407953226,      0.2879158974,       2.618206161
        298,           0,          20,         1.475e-05,             5e-08,      -4.046411571,      -1.323092451,      -1.237376525,       1.339946599,      0.2698332375,       2.355925211
        298,           0,          29,         1.475e-05,             5e-08,      -4.096844731,      -1.339722865,      -1.247117916,       1.299636252,       0.260885083,        2.13088742
        299,           0,           0,          1.48e-05,             5e-08,      -2.563886497,      0.1406285998,    -0.09817136332,       2.782715544,        1.63388541,        2.98665592
        299,           0,          10,          1.48e-05,             5e-08,      -3.963186298,      -1.288139448,      -1.219991576,       1.408626911,      0.2887153535,       2.616547794
        299,           0,          20,          1.48e-05,             5e-08,      -4.045515498,      -1.322348855,      -1.236227422,       1.340737602,      0.2706786675,       2.353534422
        299,           0,          29,          1.48e-05,             5e-08,      -4.095851248,      -1.338952368,      -1.245947463,       1.300482987,      0.2617450518,       2.128364096
        300,           0,           0,         1.485e-05,             5e-08,      -2.564041949,      0.1404183219,     -0.0982214152,       2.782479124,       1.633768144,       2.985023777
        300,           0,          10,         1.485e-05,             5e-08,      -3.962462997,      -1.287485177,      -1.218897927,       1.409298524,      0.2895124855,       2.614346016
        300,           0,          20,         1.485e-05,             5e-08,      -4.044622234,      -1.321607743,      -1.235081837,       1.341526251,      0.2715214477,       2.351474091
        300,           0,          29,         1.485e-05,             5e-08,      -4.094860882,      -1.338184496,      -1.244780609,       1.301327317,      0.2626022615,        2.12631077
        301,           0,           0,          1.49e-05,             5e-08,      -2.564195662,      0.1402094673,    -0.09827118134,       2.782245072,       1.633652589,        2.98332313
        301,           0,          10,          1.49e-05,             5e-08,      -3.961741852,      -1.286832703,       -1.21780755,       1.409968074,      0.2903073032,       2.612336766
        301,           0,          20,          1.49e-05,             5e-08,      -4.043731792,      -1.320869096,      -1.233939823,       1.342312476,      0.2723615975,        2.34942682
        301,           0,          29,          1.49e-05,             5e-08,      -4.093873572,      -1.337419215,      -1.243617504,       1.302169303,      0.2634567317,       2.124429101
        302,           0,           0,         1.495e-05,             5e-08,      -2.564347382,      0.1400020959,    -0.09832111948,       2.782013863,       1.633538789,       2.981683873
        302,           0,          10,         1.495e-05,             5e-08,      -3.961022812,       -1.28618202,      -1.216720203,       1.410635706,      0.2910998256,       2.610296712
        302,           0,          20,         1.495e-05,             5e-08,      -4.042844132,      -1.320132974,      -1.232801256,       1.343096353,      0.2731991298,        2.34713565
        302,           0,          29,         1.495e-05,             5e-08,      -4.092889325,      -1.336656549,       -1.24245794,       1.303008924,      0.2643084789,       2.122191534
        303,           0,           0,           1.5e-05,             5e-08,      -2.564496797,      0.1397967659,    -0.09837126584,       2.781786328,       1.633426725,       2.980247118
        303,           0,          10,           1.5e-05,             5e-08,      -3.960305929,      -1.285533334,      -1.215636017,       1.411301232,       0.291890065,       2.608089149
        303,           0,          20,           1.5e-05,             5e-08,       -4.04195923,      -1.319399354,       -1.23166619,       1.343877858,      0.2740340566,       2.344801426
        303,           0,          29,           1.5e-05,             5e-08,      -4.091908082,      -1.335896461,      -1.241302085,        1.30384624,      0.2651575158,       2.119752233
        304,           0,           0,         1.505e-05,             5e-08,      -2.564644029,      0.1395932642,    -0.09842129901,       2.781562369,       1.633316458,       2.978486564
        304,           0,          10,         1.505e-05,             5e-08,      -3.959591152,      -1.284886817,      -1.214554663,       1.411964726,      0.2926780306,       2.605851307
        304,           0,          20,         1.505e-05,             5e-08,       -4.04107701,      -1.318668184,      -1.230534539,       1.344657111,      0.2748663931,        2.34259007
        304,           0,          29,         1.505e-05,             5e-08,       -4.09092982,      -1.335138921,      -1.240149756,       1.304681263,       0.266003858,       2.117471978
        305,           0,           0,          1.51e-05,             5e-08,      -2.564789142,      0.1393916117,    -0.09847153933,       2.781341827,       1.633207812,       2.976655706
        305,           0,          10,          1.51e-05,             5e-08,      -3.958878351,      -1.284242327,        -1.2134764,       1.412626275,      0.2934637309,       2.603683426
        305,           0,          20,          1.51e-05,             5e-08,      -4.040197462,      -1.317939691,      -1.229406485,       1.345433958,      0.2756961571,       2.340379793
        305,           0,          29,          1.51e-05,             5e-08,      -4.089954533,      -1.334384225,      -1.239001312,       1.305513832,      0.2668475237,       2.115295089
        306,           0,           0,         1.515e-05,             5e-08,      -2.564932282,      0.1391917318,    -0.09852228472,       2.781124254,       1.633100719,       2.974887067
        306,           0,          10,         1.515e-05,             5e-08,      -3.958167568,      -1.283600056,      -1.212400726,         1.4132859,      0.2942471762,       2.601620047
        306,           0,          20,         1.515e-05,             5e-08,      -4.039320563,      -1.317213621,      -1.228281512,       1.346208662,      0.2765233555,       2.338597206
        306,           0,          29,         1.515e-05,             5e-08,      -4.088982221,      -1.333631978,      -1.237855976,       1.306344234,      0.2676885176,       2.114117739
        307,           0,           0,          1.52e-05,             5e-08,      -2.565073389,       0.138993488,    -0.09857313714,       2.780909646,       1.632995126,       2.973270383
        307,           0,          10,          1.52e-05,             5e-08,       -3.95745879,      -1.282959666,      -1.211327979,       1.413943735,      0.2950283829,       2.599819268
        307,           0,          20,          1.52e-05,             5e-08,      -4.038446293,        -1.3164899,      -1.227159908,       1.346981239,      0.2773480077,       2.336546506
        307,           0,          29,          1.52e-05,             5e-08,      -4.088012849,      -1.332882241,      -1.236714267,        1.30717245,      0.2685268517,       2.111727736
        308,           0,           0,         1.525e-05,             5e-08,      -2.565212467,       0.138796663,    -0.09862407457,        2.78069822,       1.632890991,       2.971581266
        308,           0,          10,         1.525e-05,             5e-08,      -3.956751933,      -1.282321287,       -1.21025794,       1.414599882,      0.2958073182,       2.597738007
        308,           0,          20,         1.525e-05,             5e-08,      -4.037574563,      -1.315768583,      -1.226041634,       1.347751812,      0.2781700918,       2.334603452
        308,           0,          29,         1.525e-05,             5e-08,      -4.087046368,      -1.332135009,      -1.235576028,       1.307998525,      0.2693625285,       2.109745808
        309,           0,           0,          1.53e-05,             5e-08,      -2.565349685,      0.1386013857,    -0.09867527303,       2.780489651,       1.632788273,       2.969879656
        309,           0,          10,          1.53e-05,             5e-08,      -3.956047106,      -1.281684888,      -1.209190819,        1.41525413,      0.2965840282,       2.595757319
        309,           0,          20,          1.53e-05,             5e-08,      -4.036705436,      -1.315049546,      -1.224926735,       1.348520267,       0.278989659,       2.332431942
        309,           0,          29,          1.53e-05,             5e-08,      -4.086082809,       -1.33139021,      -1.234441414,       1.308822398,      0.2701955881,       2.107456121
        310,           0,           0,         1.535e-05,             5e-08,      -2.565485209,      0.1384077027,    -0.09872658537,       2.780283679,       1.632686936,       2.968191256
        310,           0,          10,         1.535e-05,             5e-08,      -3.955344322,      -1.281050453,       -1.20812644,       1.415906491,      0.2973585266,        2.59391781
        310,           0,          20,         1.535e-05,             5e-08,      -4.035838849,      -1.314332792,       -1.22381512,       1.349286675,       0.279806724,       2.330495604
        310,           0,          29,         1.535e-05,             5e-08,      -4.085122138,      -1.330647834,      -1.233310196,       1.309644094,      0.2710260463,       2.105772402
        311,           0,           0,          1.54e-05,             5e-08,      -2.565619098,      0.1382155633,    -0.09877815108,       2.780080201,       1.632586942,       2.966612189
        311,           0,          10,          1.54e-05,             5e-08,      -3.954643621,      -1.280417843,      -1.207065076,       1.416556838,      0.2981308221,       2.592216492
        311,           0,          20,          1.54e-05,             5e-08,      -4.034974861,      -1.313618271,      -1.222706859,       1.350050927,      0.2806213009,       2.328479675
        311,           0,          29,          1.54e-05,             5e-08,       -4.08416436,      -1.329907866,      -1.232182554,       1.310463594,      0.2718539205,       2.103431659
        312,           0,           0,         1.545e-05,             5e-08,      -2.565751458,      0.1380243405,    -0.09882972776,       2.779878833,        1.63248816,       2.964994216
        312,           0,          10,         1.545e-05,             5e-08,      -3.953944954,      -1.279786982,      -1.206006556,        1.41720526,      0.2989009281,       2.590372513
        312,           0,          20,         1.545e-05,             5e-08,      -4.034113408,       -1.31290596,      -1.221601874,       1.350813125,      0.2814334018,       2.326502911
        312,           0,          29,         1.545e-05,             5e-08,      -4.083209453,      -1.329170268,      -1.231058276,       1.311280932,      0.2726792247,        2.10140442
        313,           0,           0,          1.55e-05,             5e-08,      -2.565882289,      0.1378340979,    -0.09888101004,       2.779679278,       1.632390623,        2.96337409
        313,           0,          10,          1.55e-05,             5e-08,      -3.953248375,      -1.279157745,      -1.204951204,       1.417851675,      0.2996688422,       2.588695227
        313,           0,          20,          1.55e-05,             5e-08,      -4.033254529,      -1.312195812,      -1.220500258,       1.351573225,      0.2822430271,       2.324315624
        313,           0,          29,          1.55e-05,             5e-08,      -4.082257391,      -1.328435019,      -1.229937559,       1.312096158,      0.2735019573,       2.099401635
        314,           0,           0,         1.555e-05,             5e-08,      -2.566011646,      0.1376451374,    -0.09893189945,       2.779481476,        1.63229431,       2.961863992
        314,           0,          10,         1.555e-05,             5e-08,        -3.9525538,      -1.278530082,      -1.203898851,       1.418496293,       0.300434555,       2.587339693
        314,           0,          20,         1.555e-05,             5e-08,      -4.032398161,      -1.311487821,      -1.219401988,       1.352331338,      0.2830501717,       2.322777751
        314,           0,          29,         1.555e-05,             5e-08,      -4.081308182,      -1.327702127,      -1.228820245,       1.312909258,      0.2743221193,       2.097567953
        315,           0,           0,          1.56e-05,             5e-08,      -2.566139781,      0.1374572888,    -0.09898256126,       2.779285285,       1.632199188,       2.960447244
        315,           0,          10,          1.56e-05,             5e-08,      -3.951861276,      -1.277903981,       -1.20284972,       1.419138919,      0.3011981403,       2.586491835
        315,           0,          20,          1.56e-05,             5e-08,      -4.031544386,      -1.310782005,      -1.218307085,       1.353087226,      0.2838549081,       2.321208595
        315,           0,          29,          1.56e-05,             5e-08,      -4.080361828,      -1.326971585,      -1.227706467,       1.313720123,        0.27513978,       2.096360337
        316,           0,           0,         1.565e-05,             5e-08,      -2.566266463,      0.1372705526,    -0.09903279572,       2.779091246,       1.632101811,       2.959049217
        316,           0,          10,         1.565e-05,             5e-08,      -3.951170744,       -1.27727944,      -1.201803544,       1.419779725,      0.3019596008,       2.585073042
        316,           0,          20,         1.565e-05,             5e-08,      -4.030693132,      -1.310078397,      -1.217215436,       1.353841012,      0.2846572399,       2.319617926
        316,           0,          29,         1.565e-05,             5e-08,      -4.079418294,      -1.326243404,      -1.226595989,       1.314528798,      0.2759549417,       2.094154402
        317,           0,           0,          1.57e-05,             5e-08,       -2.56639176,      0.1370847887,    -0.09908239524,       2.778899184,       1.632005094,        2.95756328
        317,           0,          10,          1.57e-05,             5e-08,      -3.950482112,       -1.27665647,      -1.200760466,       1.420418754,      0.3027189268,        2.58336891
        317,           0,          20,          1.57e-05,             5e-08,      -4.029844405,      -1.309376975,      -1.216127091,       1.354592658,      0.2854571716,        2.31789833
        317,           0,          29,          1.57e-05,             5e-08,      -4.078477583,      -1.325517571,       -1.22548899,       1.315335285,      0.2767676138,       2.092137649
        318,           0,           0,         1.575e-05,             5e-08,      -2.566515787,      0.1369000123,    -0.09913147581,       2.778708948,       1.631909425,       2.956022258
        318,           0,          10,         1.575e-05,             5e-08,      -3.949795349,      -1.276035125,      -1.199720221,       1.421056121,      0.3034761371,       2.581431913
        318,           0,          20,         1.575e-05,             5e-08,      -4.028998183,      -1.308677808,      -1.215041937,       1.355342228,      0.2862547132,       2.316005704
        318,           0,          29,         1.575e-05,             5e-08,      -4.077539669,      -1.324794094,      -1.224385239,       1.316139632,       0.277577807,       2.090272162
        319,           0,           0,          1.58e-05,             5e-08,      -2.566638484,      0.1367164095,    -0.09917987664,       2.778520857,        1.63181488,       2.954483701
        319,           0,          10,          1.58e-05,             5e-08,       -3.94911049,      -1.275415479,      -1.198682956,       1.421691739,      0.3042312413,       2.579345781
        319,           0,          20,          1.58e-05,             5e-08,      -4.028154509,      -1.307980888,      -1.213960017,       1.356089648,      0.2870498758,        2.31474272
        319,           0,          29,          1.58e-05,             5e-08,      -4.076604575,       -1.32407297,      -1.223284916,       1.316941805,      0.2783855319,        2.08832408
        320,           0,           0,         1.585e-05,             5e-08,      -2.566759855,      0.1365341516,    -0.09922748773,       2.778334548,       1.631721427,        2.95280538
        320,           0,          10,         1.585e-05,             5e-08,      -3.948427597,      -1.274797632,      -1.197648488,        1.42232555,      0.3049842502,        2.57749546
        320,           0,          20,         1.585e-05,             5e-08,      -4.027313409,      -1.307286293,      -1.212881275,       1.356834878,      0.2878426728,       2.312805945
        320,           0,          29,         1.585e-05,             5e-08,      -4.075672312,      -1.323354218,      -1.222187817,       1.317741774,      0.2791908003,       2.086641611
        321,           0,           0,          1.59e-05,             5e-08,      -2.566880065,      0.1363530866,    -0.09927453539,       2.778149662,       1.631628998,       2.951164053
        321,           0,          10,          1.59e-05,             5e-08,      -3.947746821,      -1.274181825,      -1.196617106,       1.422957203,       0.305735182,       2.575534113
        321,           0,          20,          1.59e-05,             5e-08,      -4.026474934,      -1.306594202,      -1.211805956,       1.357577699,      0.2886331257,       2.310826278
        321,           0,          29,          1.59e-05,             5e-08,      -4.074742873,      -1.322638096,      -1.221094415,       1.318539365,       0.279993641,       2.084786474
        322,           0,           0,         1.595e-05,             5e-08,       -2.56699927,      0.1361729334,    -0.09932080659,       2.777965991,       1.631536247,       2.949562024
        322,           0,          10,         1.595e-05,             5e-08,      -3.947068213,      -1.273568355,      -1.195588736,       1.423586613,        0.30648405,       2.573461693
        322,           0,          20,         1.595e-05,             5e-08,      -4.025639034,      -1.305904586,      -1.210733872,       1.358318335,      0.2894212138,       2.308750754
        322,           0,          29,         1.595e-05,             5e-08,      -4.073816233,      -1.321924392,       -1.22000419,       1.319334883,      0.2807940007,        2.08291563
        323,           0,           0,           1.6e-05,             5e-08,       -2.56711753,      0.1359937067,    -0.09936604535,       2.777783384,       1.631444146,       2.948172201
        323,           0,          10,           1.6e-05,             5e-08,      -3.946391714,      -1.272957005,      -1.194563151,        1.42421402,      0.3072308192,       2.571729471
        323,           0,          20,           1.6e-05,             5e-08,      -4.024805662,      -1.305217217,      -1.209664904,       1.359056879,      0.2902069416,       2.306718951
        323,           0,          29,           1.6e-05,             5e-08,      -4.072892361,      -1.321213006,      -1.218917287,       1.320128306,      0.2815919207,       2.080636143
        324,           0,           0,         1.605e-05,             5e-08,       -2.56723494,      0.1358153914,    -0.09941032856,       2.777601681,       1.631352842,       2.946664778
        324,           0,          10,         1.605e-05,             5e-08,      -3.945717182,      -1.272347665,      -1.193540117,       1.424839607,      0.3079755323,       2.569830791
        324,           0,          20,         1.605e-05,             5e-08,      -4.023974739,      -1.304532044,      -1.208598994,       1.359793434,      0.2909903503,       2.304687558
        324,           0,          29,         1.605e-05,             5e-08,      -4.071971212,      -1.320503882,      -1.217833535,        1.32091968,       0.282387434,       2.078697976
        325,           0,           0,          1.61e-05,             5e-08,      -2.567351819,      0.1356379707,    -0.09945379373,       2.777420245,       1.631262431,       2.945056169
        325,           0,          10,          1.61e-05,             5e-08,      -3.945044545,      -1.271740178,      -1.192519796,       1.425463461,       0.308718197,       2.567991172
        325,           0,          20,          1.61e-05,             5e-08,      -4.023146198,      -1.303848957,      -1.207536174,       1.360528066,      0.2917714544,       2.302549534
        325,           0,          29,          1.61e-05,             5e-08,      -4.071052754,      -1.319796991,      -1.216753089,       1.321709033,      0.2831805576,        2.07652779
        326,           0,           0,         1.615e-05,             5e-08,      -2.567468101,      0.1354614019,    -0.09949633947,       2.777239194,       1.631172843,       2.943466301
        326,           0,          10,         1.615e-05,             5e-08,      -3.944373667,      -1.271134402,      -1.191502003,       1.426085788,      0.3094588228,       2.565889441
        326,           0,          20,         1.615e-05,             5e-08,      -4.022319994,       -1.30316797,      -1.206476368,       1.361260863,      0.2925502666,       2.300493403
        326,           0,          29,         1.615e-05,             5e-08,      -4.070136973,      -1.319092331,      -1.215675757,       1.322496391,      0.2839713058,       2.074750983
        327,           0,           0,          1.62e-05,             5e-08,      -2.567583782,      0.1352856261,     -0.0995377067,       2.777058423,       1.631084044,       2.941886609
        327,           0,          10,          1.62e-05,             5e-08,      -3.943704596,      -1.270530381,      -1.190486891,       1.426706553,      0.3101974178,       2.563993105
        327,           0,          20,          1.62e-05,             5e-08,      -4.021496131,      -1.302489053,      -1.205419615,       1.361991789,      0.2933267998,       2.298627079
        327,           0,          29,          1.62e-05,             5e-08,      -4.069223846,      -1.318389882,      -1.214601698,       1.323281751,      0.2847596924,       2.073080668
        328,           0,           0,         1.625e-05,             5e-08,      -2.567698782,      0.1351108135,    -0.09957805316,       2.776878065,       1.630996052,       2.940346406
        328,           0,          10,         1.625e-05,             5e-08,      -3.943037311,       -1.26992814,      -1.189474266,        1.42732574,       0.310933991,       2.562124462
        328,           0,          20,         1.625e-05,             5e-08,        -4.0206746,      -1.301812241,       -1.20436586,       1.362720841,      0.2941010646,        2.29681035
        328,           0,          29,         1.625e-05,             5e-08,      -4.068313377,      -1.317689658,       -1.21353073,         1.3240651,      0.2855457279,        2.07130896
        329,           0,           0,          1.63e-05,             5e-08,      -2.567813244,      0.1349367999,     -0.0996173793,       2.776697995,       1.630908238,       2.938795844
        329,           0,          10,          1.63e-05,             5e-08,      -3.942371866,      -1.269327608,      -1.188464366,       1.427943246,      0.3116685561,        2.56033973
        329,           0,          20,          1.63e-05,             5e-08,      -4.019855423,      -1.301137491,      -1.203315145,       1.363447981,       0.294873074,       2.295102226
        329,           0,          29,          1.63e-05,             5e-08,      -4.067405546,      -1.316991609,       -1.21246301,        1.32484646,       0.286329426,       2.069552279
        330,           0,           0,         1.635e-05,             5e-08,      -2.567927695,      0.1347628215,    -0.09965559616,        2.77651717,       1.630820635,       2.937249226
        330,           0,          10,         1.635e-05,             5e-08,      -3.941708251,      -1.268728699,      -1.187457104,         1.4285591,      0.3124011172,        2.55852006
        330,           0,          20,         1.635e-05,             5e-08,      -4.019038617,      -1.300464826,      -1.202267541,       1.364173199,       0.295642839,       2.293292973
        330,           0,          29,         1.635e-05,             5e-08,       -4.06650039,      -1.316295776,      -1.211398448,       1.325625796,       0.287110801,       2.067546977
        331,           0,           0,          1.64e-05,             5e-08,      -2.568041848,      0.1345894417,    -0.09969287011,       2.776336292,       1.630732478,       2.935680908
        331,           0,          10,          1.64e-05,             5e-08,      -3.941046554,      -1.268131419,      -1.186452682,         1.4291731,      0.3131316835,       2.556548047
        331,           0,          20,          1.64e-05,             5e-08,      -4.018224162,      -1.299794175,      -1.201222964,       1.364896477,      0.2964103727,       2.291427091
        331,           0,          29,          1.64e-05,             5e-08,      -4.065597846,      -1.315602081,      -1.210337087,       1.326403162,      0.2878898669,       2.065792131
        332,           0,           0,         1.645e-05,             5e-08,      -2.568155637,      0.1344166388,     -0.0997293558,       2.776155619,       1.630645069,       2.934126633
        332,           0,          10,         1.645e-05,             5e-08,      -3.940386673,      -1.267535643,      -1.185450978,       1.429785447,      0.3138602706,       2.554739695
        332,           0,          20,         1.645e-05,             5e-08,      -4.017412046,      -1.299125567,      -1.200181478,       1.365617865,      0.2971756879,       2.289416667
        332,           0,          29,         1.645e-05,             5e-08,      -4.064697918,      -1.314910542,      -1.209278856,       1.327178574,       0.288666636,       2.063950706
        333,           0,           0,          1.65e-05,             5e-08,      -2.568268864,      0.1342446056,    -0.09976501294,       2.775975624,       1.630558461,        2.93260822
        333,           0,          10,          1.65e-05,             5e-08,      -3.939728619,      -1.266941356,      -1.184452139,       1.430396076,      0.3145868935,       2.552960646
        333,           0,          20,          1.65e-05,             5e-08,       -4.01660219,      -1.298458862,      -1.199142924,       1.366337421,       0.297938796,       2.287781304
        333,           0,          29,          1.65e-05,             5e-08,      -4.063800537,      -1.314221075,      -1.208223721,       1.327952061,      0.2894411216,       2.062416502
        334,           0,           0,         1.655e-05,             5e-08,       -2.56838153,       0.134073425,    -0.09979974786,       2.775796077,       1.630472582,       2.931153659
        334,           0,          10,         1.655e-05,             5e-08,      -3.939072298,       -1.26634853,      -1.183456023,       1.431005205,      0.3153115553,       2.551335815
        334,           0,          20,         1.655e-05,             5e-08,        -4.0157946,      -1.297794123,      -1.198107317,       1.367055141,      0.2986997092,       2.286208388
        334,           0,          29,         1.655e-05,             5e-08,      -4.062905732,      -1.313533725,      -1.207171571,       1.328723582,      0.2902133363,         2.0605367
        335,           0,           0,          1.66e-05,             5e-08,      -2.568493626,       0.133903174,    -0.09983371063,       2.775616898,       1.630385324,       2.929675793
        335,           0,          10,          1.66e-05,             5e-08,      -3.938417699,      -1.265757113,      -1.182462793,       1.431612799,      0.3160342651,       2.549586499
        335,           0,          20,          1.66e-05,             5e-08,      -4.014989369,      -1.297131455,        -1.1970749,       1.367770929,      0.2994584371,       2.284307792
        335,           0,          29,          1.66e-05,             5e-08,      -4.062013571,       -1.31284858,      -1.206122749,       1.329493105,      0.2909832884,       2.058911783
        336,           0,           0,         1.665e-05,             5e-08,      -2.568605004,      0.1337337924,    -0.09986713356,       2.775438455,       1.630298399,       2.928207234
        336,           0,          10,         1.665e-05,             5e-08,      -3.937764819,      -1.265167052,      -1.181472243,       1.432218874,       0.316755039,       2.547908827
        336,           0,          20,         1.665e-05,             5e-08,      -4.014186387,       -1.29647073,      -1.196045253,       1.368484842,      0.3002149957,       2.282931197
        336,           0,          29,         1.665e-05,             5e-08,      -4.061123903,      -1.312165492,      -1.205076744,       1.330260714,      0.2917509973,       2.057470484
        337,           0,           0,          1.67e-05,             5e-08,      -2.568715503,      0.1335653331,    -0.09990000706,       2.775261224,       1.630212198,       2.926798912
        337,           0,          10,          1.67e-05,             5e-08,        -3.9371137,      -1.264578537,      -1.180484508,       1.432823384,      0.3174738827,       2.546425542
        337,           0,          20,          1.67e-05,             5e-08,       -4.01338577,      -1.295812119,      -1.195018698,       1.369196788,      0.3009693854,       2.281267565
        337,           0,          29,          1.67e-05,             5e-08,      -4.060236854,      -1.311484641,      -1.204033993,       1.331026321,      0.2925164454,       2.055846692
        338,           0,           0,         1.675e-05,             5e-08,       -2.56882497,      0.1333979561,    -0.09993210692,       2.775085466,       1.630126788,       2.925388206
        338,           0,          10,         1.675e-05,             5e-08,      -3.936464306,      -1.263991735,      -1.179499367,       1.433426386,      0.3181907584,       2.544757169
        338,           0,          20,         1.675e-05,             5e-08,        -4.0125874,      -1.295155646,      -1.193995021,       1.369906878,      0.3017215457,       2.279371445
        338,           0,          29,         1.675e-05,             5e-08,      -4.059352313,      -1.310805966,      -1.202994166,       1.331790002,      0.2932795923,       2.053874223
        339,           0,           0,          1.68e-05,             5e-08,      -2.568933541,      0.1332316565,    -0.09996366128,       2.774910875,       1.630042464,       2.923891412
        339,           0,          10,          1.68e-05,             5e-08,      -3.935816653,      -1.263406658,      -1.178516907,       1.434027811,      0.3189056578,       2.542756856
        339,           0,          20,          1.68e-05,             5e-08,      -4.011791331,      -1.294501249,      -1.192974304,       1.370615037,       0.302471522,       2.277412109
        339,           0,          29,          1.68e-05,             5e-08,      -4.058470328,      -1.310129558,      -1.201957639,       1.332551604,      0.2940404994,        2.05196656
        340,           0,           0,         1.685e-05,             5e-08,      -2.569041232,      0.1330666225,    -0.09999470149,       2.774737663,        1.62995892,       2.922365611
        340,           0,          10,         1.685e-05,             5e-08,      -3.935170712,      -1.262823566,      -1.177537264,       1.434627563,      0.3196186529,       2.540852002
        340,           0,          20,         1.685e-05,             5e-08,      -4.010997499,      -1.293849209,       -1.19195687,       1.371321185,      0.3032193659,       2.275808819
        340,           0,          29,         1.685e-05,             5e-08,      -4.057590884,      -1.309455463,      -1.200924286,       1.333311236,      0.2947991663,       2.050313942
        341,           0,           0,          1.69e-05,             5e-08,      -2.569147995,      0.1329027154,     -0.1000253906,       2.774565694,       1.629876077,         2.9209154
        341,           0,          10,          1.69e-05,             5e-08,      -3.934526476,      -1.262242145,       -1.17656015,       1.435225854,      0.3203297303,       2.539092769
        341,           0,          20,          1.69e-05,             5e-08,      -4.010205929,      -1.293199149,      -1.190942146,       1.372025566,      0.3039650402,       2.273879394
        341,           0,          29,          1.69e-05,             5e-08,      -4.056713937,      -1.308783442,      -1.199893796,       1.334069003,      0.2955555881,       2.048533118
        342,           0,           0,         1.695e-05,             5e-08,      -2.569253708,      0.1327398755,     -0.1000558043,       2.774395147,       1.629793806,       2.919459866
        342,           0,          10,         1.695e-05,             5e-08,         -3.933884,      -1.261662523,      -1.175585414,       1.435822615,      0.3210388896,       2.537323908
        342,           0,          20,         1.695e-05,             5e-08,      -4.009416578,      -1.292551096,      -1.189930248,         1.3727282,      0.3047085799,        2.27223536
        342,           0,          29,         1.695e-05,             5e-08,      -4.055839481,      -1.308113506,      -1.198866245,       1.334824905,      0.2963098086,        2.04698673
        343,           0,           0,           1.7e-05,             5e-08,      -2.569358297,      0.1325779894,     -0.1000858591,       2.774226286,       1.629712176,       2.918041167
        343,           0,          10,           1.7e-05,             5e-08,      -3.933243308,      -1.261084686,      -1.174613182,        1.43641775,      0.3217461531,       2.535647241
        343,           0,          20,           1.7e-05,             5e-08,      -4.008629452,      -1.291905034,      -1.188921245,       1.373429059,      0.3054499951,       2.270471955
        343,           0,          29,           1.7e-05,             5e-08,      -4.054967555,       -1.30744568,      -1.197841843,       1.335578922,      0.2970618311,       2.045218335
        344,           0,           0,         1.705e-05,             5e-08,      -2.569461752,      0.1324171034,     -0.1001157346,       2.774059167,       1.629631156,       2.916615581
        344,           0,          10,         1.705e-05,             5e-08,      -3.932604374,      -1.260508611,        -1.1736433,       1.437011295,      0.3224515265,       2.533853962
        344,           0,          20,         1.705e-05,             5e-08,       -4.00784448,      -1.291260862,      -1.187914934,       1.374128195,      0.3061893179,       2.268508164
        344,           0,          29,         1.705e-05,             5e-08,      -4.054098036,      -1.306779826,      -1.196820151,       1.336331114,      0.2978116941,       2.043156698
        345,           0,           0,          1.71e-05,             5e-08,      -2.569564172,      0.1322569838,     -0.1001452912,       2.773893589,       1.629550695,       2.915150704
        345,           0,          10,          1.71e-05,             5e-08,      -3.931967222,      -1.259934239,      -1.172676034,       1.437603239,      0.3231550185,        2.53204753
        345,           0,          20,          1.71e-05,             5e-08,      -4.007061718,      -1.290618656,      -1.186911488,       1.374825539,      0.3069265368,       2.266483114
        345,           0,          29,          1.71e-05,             5e-08,      -4.053230989,      -1.306116024,      -1.195801482,        1.33708143,      0.2985593833,       2.041062775
        346,           0,           0,         1.715e-05,             5e-08,      -2.569665482,        0.13209784,     -0.1001748363,       2.773729705,       1.629470799,       2.913677087
        346,           0,          10,         1.715e-05,             5e-08,      -3.931331855,      -1.259361573,      -1.171711261,       1.438193539,      0.3238566449,       2.530156723
        346,           0,          20,         1.715e-05,             5e-08,      -4.006281129,      -1.289978394,      -1.185910851,       1.375521127,      0.3076616852,       2.264282115
        346,           0,          29,         1.715e-05,             5e-08,      -4.052366375,      -1.305454231,       -1.19478569,       1.337829913,      0.2993049367,       2.038950162
        347,           0,           0,          1.72e-05,             5e-08,      -2.569765647,      0.1319395991,       -0.10020461,       2.773567697,       1.629391436,       2.912165669
        347,           0,          10,          1.72e-05,             5e-08,      -3.930698267,      -1.258790546,      -1.170749023,       1.438782175,      0.3245564264,         2.5282208
        347,           0,          20,          1.72e-05,             5e-08,      -4.005502691,      -1.289340003,      -1.184912968,       1.376214984,      0.3083947723,       2.262405977
        347,           0,          29,          1.72e-05,             5e-08,      -4.051504194,      -1.304794441,      -1.193772894,       1.338576566,      0.3000483644,       2.036944163
        348,           0,           0,         1.725e-05,             5e-08,      -2.569864591,      0.1317821074,     -0.1002346022,       2.773407614,       1.629312573,        2.91064861
        348,           0,          10,         1.725e-05,             5e-08,      -3.930066407,      -1.258221012,      -1.169789338,         1.4393692,       0.325254368,       2.525971464
        348,           0,          20,         1.725e-05,             5e-08,      -4.004726394,      -1.288703445,      -1.183917877,       1.376907047,      0.3091258341,       2.260439439
        348,           0,          29,         1.725e-05,             5e-08,      -4.050644377,      -1.304136604,      -1.192762839,       1.339321384,      0.3007897052,       2.035146212
        349,           0,           0,          1.73e-05,             5e-08,       -2.56996228,      0.1316253924,     -0.1002647388,        2.77324934,       1.629234184,       2.909168701
        349,           0,          10,          1.73e-05,             5e-08,      -3.929436237,      -1.257652855,      -1.168832385,       1.439954679,      0.3259504828,       2.523848622
        349,           0,          20,          1.73e-05,             5e-08,      -4.003952207,      -1.288068748,      -1.182925622,       1.377597454,       0.309854846,       2.258482073
        349,           0,          29,          1.73e-05,             5e-08,       -4.04978697,      -1.303480754,      -1.191755729,       1.340064423,      0.3015289182,        2.03315887
        350,           0,           0,         1.735e-05,             5e-08,      -2.570058867,      0.1314693974,     -0.1002952916,       2.773092407,       1.629156251,       2.907674574
        350,           0,          10,         1.735e-05,             5e-08,       -3.92880757,      -1.257086096,      -1.167877975,       1.440538957,      0.3266447488,       2.522228251
        350,           0,          20,         1.735e-05,             5e-08,      -4.003180117,      -1.287435904,      -1.181936148,        1.37828621,      0.3105817916,       2.256485746
        350,           0,          29,         1.735e-05,             5e-08,      -4.048931985,      -1.302826898,      -1.190751532,       1.340805662,      0.3022660056,       2.031324505
        351,           0,           0,          1.74e-05,             5e-08,        -2.5701543,      0.1313138234,     -0.1003259986,       2.772936942,       1.629078759,       2.906267261
        351,           0,          10,          1.74e-05,             5e-08,      -3.928180398,      -1.256520632,      -1.166926135,       1.441122029,      0.3273371884,       2.520637066
        351,           0,          20,          1.74e-05,             5e-08,      -4.002410051,      -1.286804893,      -1.180949446,       1.378973405,      0.3113067184,       2.254209339
        351,           0,          29,          1.74e-05,             5e-08,      -4.048079339,       -1.30217499,      -1.189750149,        1.34154513,      0.3030010085,       2.029620607
        352,           0,           0,         1.745e-05,             5e-08,      -2.570248553,      0.1311588593,     -0.1003569406,       2.772783204,       1.629001681,       2.904893236
        352,           0,          10,         1.745e-05,             5e-08,      -3.927554689,      -1.255956455,      -1.165976797,       1.441703928,      0.3280278254,       2.519032133
        352,           0,          20,         1.745e-05,             5e-08,      -4.001641736,      -1.286175767,      -1.179965448,       1.379659484,       0.312029639,       2.252619496
        352,           0,          29,         1.745e-05,             5e-08,      -4.047228844,      -1.301525062,      -1.188751567,       1.342283164,      0.3037339401,        2.02802202
        353,           0,           0,          1.75e-05,             5e-08,      -2.570341402,      0.1310047064,     -0.1003886602,       2.772631796,       1.628924997,       2.903608395
        353,           0,          10,          1.75e-05,             5e-08,       -3.92693016,      -1.255393685,      -1.165029853,       1.442285137,      0.3287166687,       2.517572841
        353,           0,          20,          1.75e-05,             5e-08,      -4.000874322,      -1.285548545,      -1.178983997,       1.380345882,      0.3127505525,       2.251050521
        353,           0,          29,          1.75e-05,             5e-08,        -4.0463786,      -1.300877157,      -1.187755623,       1.343022857,      0.3044647797,       2.026344135
        354,           0,           0,         1.755e-05,             5e-08,      -2.570432865,      0.1308515568,     -0.1004208789,       2.772482872,       1.628848683,       2.902252487
        354,           0,          10,         1.755e-05,             5e-08,      -3.926306189,       -1.25483245,      -1.164085202,       1.442866797,      0.3294036596,       2.516037405
        354,           0,          20,         1.755e-05,             5e-08,      -4.000107373,      -1.284923324,      -1.178005119,       1.381033369,      0.3134694113,       2.249268435
        354,           0,          29,         1.755e-05,             5e-08,      -4.045529274,      -1.300231309,       -1.18676237,       1.343763107,       0.305193518,       2.024778351
        355,           0,           0,          1.76e-05,             5e-08,      -2.570523034,      0.1306993055,     -0.1004533357,       2.772336206,       1.628772719,        2.90082068
        355,           0,          10,          1.76e-05,             5e-08,      -3.925683061,       -1.25427275,      -1.163142833,       1.443448387,       0.330088859,       2.514304806
        355,           0,          20,          1.76e-05,             5e-08,      -3.999342933,      -1.284299986,      -1.177028945,       1.381718428,      0.3141862944,       2.247864737
        355,           0,          29,          1.76e-05,             5e-08,      -4.044683527,      -1.299587434,      -1.185772086,       1.344499578,      0.3059202159,       2.023488772
        356,           0,           0,         1.765e-05,             5e-08,       -2.57061184,       0.130548103,      -0.100486226,       2.772191686,       1.628697086,       2.899441846
        356,           0,          10,         1.765e-05,             5e-08,      -3.925061645,      -1.253714685,      -1.162202781,       1.444028344,      0.3307722799,       2.512546113
        356,           0,          20,         1.765e-05,             5e-08,      -3.998581225,      -1.283678537,      -1.176055444,       1.382400676,      0.3149011933,       2.246484037
        356,           0,          29,         1.765e-05,             5e-08,      -4.043840284,      -1.298945489,       -1.18478444,        1.34523395,      0.3066448645,       2.021986207
        357,           0,           0,          1.77e-05,             5e-08,      -2.570699252,      0.1303980397,     -0.1005195823,       2.772049194,       1.628621768,       2.898045076
        357,           0,          10,          1.77e-05,             5e-08,      -3.924442668,      -1.253158342,      -1.161265376,        1.44460538,      0.3314539204,        2.51066485
        357,           0,          20,          1.77e-05,             5e-08,      -3.997822988,      -1.283059022,       -1.17508488,       1.383078843,      0.3156141312,       2.244880865
        357,           0,          29,          1.77e-05,             5e-08,      -4.043000995,      -1.298305504,      -1.183799819,       1.345963885,      0.3073674997,       2.020241871
        358,           0,           0,         1.775e-05,             5e-08,      -2.570785274,      0.1302489076,     -0.1005532242,       2.771908851,       1.628546744,       2.896615382
        358,           0,          10,         1.775e-05,             5e-08,      -3.923826117,      -1.252603806,      -1.160330552,       1.445179507,      0.3321338097,       2.509123417
        358,           0,          20,         1.775e-05,             5e-08,      -3.997067402,      -1.282441419,      -1.174117102,       1.383754337,      0.3163251264,        2.24340785
        358,           0,          29,         1.775e-05,             5e-08,      -4.042164576,      -1.297667442,      -1.182818057,       1.346691153,      0.3080881287,       2.018409527
        359,           0,           0,          1.78e-05,             5e-08,      -2.570869799,      0.1301008544,     -0.1005872623,       2.771770917,       1.628471989,       2.895189213
        359,           0,          10,          1.78e-05,             5e-08,      -3.923212008,      -1.252050991,      -1.159398319,       1.445750723,      0.3328119551,       2.508665924
        359,           0,          20,          1.78e-05,             5e-08,      -3.996314735,      -1.281825648,      -1.173152142,       1.384426679,      0.3170341865,       2.241805256
        359,           0,          29,          1.78e-05,             5e-08,      -4.041331681,      -1.297031304,      -1.181839293,       1.347414699,      0.3088067644,       2.016635197
        360,           0,           0,         1.785e-05,             5e-08,      -2.570952827,       0.129953962,     -0.1006217328,       2.771635443,       1.628397498,       2.893721395
        360,           0,          10,         1.785e-05,             5e-08,      -3.922600032,      -1.251499857,      -1.158468595,       1.446319546,      0.3334883658,       2.507011944
        360,           0,          20,         1.785e-05,             5e-08,      -3.995564447,      -1.281211697,      -1.172189893,       1.385096778,      0.3177413218,       2.240050956
        360,           0,          29,         1.785e-05,             5e-08,      -4.040501464,      -1.296397017,       -1.18086325,       1.348135822,      0.3095234153,       2.013932535
        361,           0,           0,          1.79e-05,             5e-08,      -2.571034398,      0.1298081888,     -0.1006565718,       2.771502343,       1.628323252,       2.892201642
        361,           0,          10,          1.79e-05,             5e-08,      -3.921990128,      -1.250950306,      -1.157541477,       1.446886073,      0.3341630328,       2.505119467
        361,           0,          20,          1.79e-05,             5e-08,       -3.99481674,      -1.280599546,      -1.171230422,       1.385764276,      0.3184465201,       2.238233519
        361,           0,          29,          1.79e-05,             5e-08,      -4.039674202,      -1.295764621,       -1.17989006,       1.348854098,      0.3102380705,       2.012134942
        362,           0,           0,         1.795e-05,             5e-08,      -2.571114516,      0.1296634746,     -0.1006916718,       2.771371683,        1.62824924,       2.890800671
        362,           0,          10,         1.795e-05,             5e-08,      -3.921382056,      -1.250402353,      -1.156616853,       1.447450719,       0.334835966,       2.503286749
        362,           0,          20,         1.795e-05,             5e-08,      -3.994071288,       -1.27998918,      -1.170273642,       1.386429734,      0.3191498092,       2.236567778
        362,           0,          29,         1.795e-05,             5e-08,      -4.038849309,      -1.295134237,      -1.178919879,       1.349570347,      0.3109507989,       2.010662539
        363,           0,           0,           1.8e-05,             5e-08,       -2.57119326,       0.129519759,     -0.1007270744,       2.771243214,        1.62817545,       2.889445724
        363,           0,          10,           1.8e-05,             5e-08,      -3.920775728,      -1.249855963,      -1.155695026,       1.448013652,      0.3355072126,       2.501646189
        363,           0,          20,           1.8e-05,             5e-08,      -3.993328136,      -1.279380834,      -1.169319938,       1.387092938,      0.3198512106,       2.235143284
        363,           0,          29,           1.8e-05,             5e-08,      -4.038026754,      -1.294505908,      -1.177952553,       1.350284707,      0.3116615081,       2.009228588
        364,           0,           0,         1.805e-05,             5e-08,      -2.571270653,      0.1293770178,     -0.1007629543,        2.77111689,       1.628101866,       2.888133434
        364,           0,          10,         1.805e-05,             5e-08,      -3.920170883,      -1.249311025,      -1.154775625,       1.448575386,      0.3361767303,       2.500310303
        364,           0,          20,         1.805e-05,             5e-08,      -3.992586897,      -1.278774307,      -1.168368801,       1.387754697,      0.3205506583,       2.233652471
        364,           0,          29,         1.805e-05,             5e-08,      -4.037206031,      -1.293879528,      -1.176987905,       1.350998075,      0.3123701997,       2.007724718
        365,           0,           0,          1.81e-05,             5e-08,      -2.571346957,      0.1292350303,     -0.1007990855,       2.770992128,       1.628028475,       2.886857994
        365,           0,          10,          1.81e-05,             5e-08,      -3.919567309,      -1.248767327,      -1.153858426,         1.4491363,       0.336844531,       2.498887047
        365,           0,          20,          1.81e-05,             5e-08,      -3.991847285,      -1.278169548,      -1.167420164,        1.38841547,      0.3212482113,       2.232207349
        365,           0,          29,          1.81e-05,             5e-08,      -4.036386716,      -1.293255012,       -1.17602577,       1.351711057,      0.3130769398,       2.006231516
        366,           0,           0,         1.815e-05,             5e-08,      -2.571422219,      0.1290939899,     -0.1008356071,       2.770868874,       1.627955265,       2.885526852
        366,           0,          10,         1.815e-05,             5e-08,      -3.918964799,      -1.248224975,      -1.152943457,       1.449696681,      0.3375106273,       2.497354892
        366,           0,          20,         1.815e-05,             5e-08,      -3.991108991,      -1.277566585,       -1.16647401,       1.389075767,       0.321943882,       2.230711941
        366,           0,          29,         1.815e-05,             5e-08,       -4.03556883,      -1.292632365,      -1.175066244,       1.352423679,      0.3137817417,        2.00503313
        367,           0,           0,          1.82e-05,             5e-08,      -2.571496282,      0.1289538367,     -0.1008724037,       2.770747645,       1.627882225,       2.884163548
        367,           0,          10,          1.82e-05,             5e-08,      -3.918363089,       -1.24768404,      -1.152030642,       1.450256948,      0.3381750293,       2.495756408
        367,           0,          20,          1.82e-05,             5e-08,       -3.99037177,      -1.276965388,      -1.165530299,       1.389735996,      0.3226376779,       2.229437956
        367,           0,          29,          1.82e-05,             5e-08,      -4.034752864,      -1.292011564,      -1.174109347,       1.353135108,      0.3144846109,       2.003796133
        368,           0,           0,         1.825e-05,             5e-08,      -2.571569061,      0.1288146728,     -0.1009094141,       2.770628733,       1.627809341,       2.882821079
        368,           0,          10,         1.825e-05,             5e-08,      -3.917762538,      -1.247144503,      -1.151120096,       1.450816459,      0.3388377461,       2.493702704
        368,           0,          20,         1.825e-05,             5e-08,      -3.989636351,      -1.276365939,      -1.164589133,       1.390394892,      0.3233296111,       2.227993822
        368,           0,          29,         1.825e-05,             5e-08,      -4.033939083,      -1.291392587,      -1.173155099,       1.353844886,      0.3151855641,       2.002300481
        369,           0,           0,          1.83e-05,             5e-08,      -2.571640632,      0.1286763601,     -0.1009466394,       2.770511957,       1.627736599,       2.881513357
        369,           0,          10,          1.83e-05,             5e-08,      -3.917163399,      -1.246606386,      -1.150211853,       1.451374763,      0.3394987904,       2.492308615
        369,           0,          20,          1.83e-05,             5e-08,      -3.988902867,       -1.27576824,      -1.163650512,       1.391052214,      0.3240196947,       2.226548408
        369,           0,          29,          1.83e-05,             5e-08,      -4.033127529,      -1.290775447,      -1.172203557,       1.354552964,      0.3158846121,       2.001350671
        370,           0,           0,         1.835e-05,             5e-08,       -2.57171108,      0.1285388647,     -0.1009840091,       2.770397144,       1.627663988,       2.880238518
        370,           0,          10,         1.835e-05,             5e-08,      -3.916565718,      -1.246069677,      -1.149305895,       1.451931782,      0.3401581459,       2.491155008
        370,           0,          20,         1.835e-05,             5e-08,      -3.988171309,      -1.275172314,      -1.162714448,       1.391707978,      0.3247078898,       2.225347986
        370,           0,          29,         1.835e-05,             5e-08,      -4.032318121,      -1.290160202,      -1.171254622,       1.355259402,      0.3165816965,       2.000276386
        371,           0,           0,          1.84e-05,             5e-08,      -2.571780449,       0.128402142,     -0.1010214839,       2.770284096,       1.627591496,       2.878987946
        371,           0,          10,          1.84e-05,             5e-08,      -3.915969493,      -1.245534438,      -1.148402352,       1.452487554,      0.3408157769,       2.490027286
        371,           0,          20,          1.84e-05,             5e-08,      -3.987441673,      -1.274578188,       -1.16178099,        1.39236219,      0.3253942119,       2.224080015
        371,           0,          29,          1.84e-05,             5e-08,      -4.031510905,      -1.289546821,      -1.170308359,       1.355964154,      0.3172768742,       1.999376074
        372,           0,           0,         1.845e-05,             5e-08,      -2.571848803,      0.1282661635,     -0.1010589699,       2.770172562,       1.627519116,        2.87770921
        372,           0,          10,         1.845e-05,             5e-08,      -3.915374767,      -1.245000627,      -1.147501131,       1.453041972,      0.3414717584,       2.488670719
        372,           0,          20,         1.845e-05,             5e-08,      -3.986713963,      -1.273985781,      -1.160850063,       1.393014832,      0.3260787067,       2.222406333
        372,           0,          29,         1.845e-05,             5e-08,      -4.030705861,      -1.288935232,      -1.169364709,       1.356667251,      0.3179701648,        1.99826944
        373,           0,           0,          1.85e-05,             5e-08,      -2.571916268,      0.1281308692,     -0.1010965784,       2.770062315,       1.627446837,       2.876404336
        373,           0,          10,          1.85e-05,             5e-08,      -3.914781556,      -1.244468232,      -1.146602253,       1.453595015,      0.3421260773,       2.486642908
        373,           0,          20,          1.85e-05,             5e-08,      -3.985988189,      -1.273395077,      -1.159921673,       1.393665885,      0.3267613776,       2.221093744
        373,           0,          29,          1.85e-05,             5e-08,       -4.02990298,      -1.288325423,      -1.168423669,       1.357368689,      0.3186615858,       1.997241024
        374,           0,           0,         1.855e-05,             5e-08,      -2.571982878,      0.1279963468,     -0.1011342955,       2.769953273,       1.627374652,       2.875063182
        374,           0,          10,         1.855e-05,             5e-08,      -3.914189862,      -1.243937249,      -1.145705718,       1.454146682,      0.3427787641,       2.484920718
        374,           0,          20,         1.855e-05,             5e-08,      -3.985264324,      -1.272806061,      -1.158995798,       1.394315389,      0.3274422502,       2.219883651
        374,           0,          29,         1.855e-05,             5e-08,      -4.029102274,      -1.287717388,      -1.167485283,        1.35806848,      0.3193511558,       1.995920709
        375,           0,           0,          1.86e-05,             5e-08,      -2.572048628,      0.1278622855,     -0.1011721448,       2.769845473,       1.627302546,       2.873769348
        375,           0,          10,          1.86e-05,             5e-08,      -3.913599646,      -1.243407635,      -1.144811475,       1.454697056,       0.343429827,       2.483811923
        375,           0,          20,          1.86e-05,             5e-08,      -3.984542337,      -1.272218693,      -1.158072404,       1.394963386,      0.3281213344,       2.218727544
        375,           0,          29,          1.86e-05,             5e-08,      -4.028303645,      -1.287111074,      -1.166549388,       1.358766699,      0.3200388868,       1.994695173
        376,           0,           0,         1.865e-05,             5e-08,        -2.5721136,       0.127728813,     -0.1012101045,        2.76973878,       1.627230509,       2.872495889
        376,           0,          10,         1.865e-05,             5e-08,      -3.913010863,      -1.242879362,      -1.143919567,       1.455246208,      0.3440792732,       2.482474696
        376,           0,          20,         1.865e-05,             5e-08,      -3.983822221,      -1.271632982,      -1.157151519,       1.395609887,      0.3287986393,       2.217516646
        376,           0,          29,         1.865e-05,             5e-08,      -4.027507147,      -1.286506511,      -1.165616075,         1.3594633,      0.3207247878,       1.993306372
        377,           0,           0,          1.87e-05,             5e-08,      -2.572177757,      0.1275958658,     -0.1012480376,       2.769633394,       1.627158549,       2.871227043
        377,           0,          10,          1.87e-05,             5e-08,      -3.912423498,      -1.242352457,      -1.143029951,       1.455794144,        0.34472711,        2.48100136
        377,           0,          20,          1.87e-05,             5e-08,      -3.983103964,      -1.271048942,      -1.156233114,       1.396254897,      0.3294741752,       2.216063822
        377,           0,          29,          1.87e-05,             5e-08,      -4.026712755,      -1.285903699,      -1.164685316,       1.360158308,      0.3214088687,        1.99190914
        378,           0,           0,         1.875e-05,             5e-08,      -2.572240996,      0.1274635894,     -0.1012859609,       2.769529482,       1.627086655,       2.869952784
        378,           0,          10,         1.875e-05,             5e-08,      -3.911837608,       -1.24182698,      -1.142142626,       1.456340781,      0.3453733466,       2.479086414
        378,           0,          20,         1.875e-05,             5e-08,      -3.982387602,      -1.270466602,      -1.155317163,       1.396898373,      0.3301479496,       2.214654449
        378,           0,          29,         1.875e-05,             5e-08,       -4.02592048,      -1.285302632,      -1.163757101,       1.360851705,      0.3220911371,        1.99062437
        379,           0,           0,          1.88e-05,             5e-08,      -2.572303385,       0.127331812,     -0.1013237354,       2.769426797,       1.627014818,       2.868695885
        379,           0,          10,          1.88e-05,             5e-08,       -3.91125327,      -1.241302979,      -1.141257598,       1.456885995,      0.3460179911,        2.47751061
        379,           0,          20,          1.88e-05,             5e-08,      -3.981673162,      -1.269885959,      -1.154403688,       1.397540256,      0.3308199713,       2.213383378
        379,           0,          29,          1.88e-05,             5e-08,      -4.025130307,      -1.284703288,      -1.162831397,       1.361543508,       0.322771603,       1.989283345
        380,           0,           0,         1.885e-05,             5e-08,      -2.572365079,      0.1272005336,     -0.1013614398,       2.769325002,          1.626943,       2.867459436
        380,           0,          10,         1.885e-05,             5e-08,      -3.910670488,      -1.240780517,      -1.140374859,        1.45742981,      0.3466610429,       2.476028774
        380,           0,          20,         1.885e-05,             5e-08,      -3.980960598,      -1.269307029,      -1.153492646,       1.398180636,      0.3314902366,       2.211546514
        380,           0,          29,         1.885e-05,             5e-08,      -4.024342216,      -1.284105683,      -1.161908198,       1.362233739,      0.3234502627,       1.987245556
        381,           0,           0,          1.89e-05,             5e-08,      -2.572425983,      0.1270699932,     -0.1013992307,       2.769224394,       1.626871221,        2.86614932
        381,           0,          10,          1.89e-05,             5e-08,      -3.910089264,      -1.240259603,      -1.139494427,       1.457972183,       0.347302506,       2.474238428
        381,           0,          20,          1.89e-05,             5e-08,      -3.980249917,      -1.268729779,      -1.152584049,       1.398819474,      0.3321587636,       2.209481584
        381,           0,          29,          1.89e-05,             5e-08,      -4.023556207,      -1.283509792,      -1.160987539,       1.362922405,      0.3241271385,       1.985187933
        382,           0,           0,         1.895e-05,             5e-08,       -2.57248628,      0.1269400095,       -0.10143712,       2.769124743,       1.626799533,       2.864767666
        382,           0,          10,         1.895e-05,             5e-08,      -3.909509605,      -1.239740279,      -1.138616204,       1.458513113,      0.3479423988,       2.472749199
        382,           0,          20,         1.895e-05,             5e-08,      -3.979541099,      -1.268154211,      -1.151677843,       1.399456802,      0.3328255619,       2.207631682
        382,           0,          29,         1.895e-05,             5e-08,      -4.022772264,      -1.282915615,      -1.160069307,       1.363609499,      0.3248022359,       1.983069157
        383,           0,           0,           1.9e-05,             5e-08,      -2.572546035,       0.126810605,     -0.1014748093,       2.769025959,       1.626727919,       2.863386145
        383,           0,          10,           1.9e-05,             5e-08,      -3.908931488,      -1.239222501,      -1.137740307,       1.459052575,      0.3485807199,       2.471419267
        383,           0,          20,           1.9e-05,             5e-08,       -3.97883414,      -1.267580288,      -1.150774097,       1.400092597,      0.3334906212,       2.205758992
        383,           0,          29,           1.9e-05,             5e-08,      -4.021990372,      -1.282323126,      -1.159153629,       1.364295047,      0.3254755419,       1.981104173
        384,           0,           0,         1.905e-05,             5e-08,      -2.572605036,       0.126681956,     -0.1015121864,       2.768928423,       1.626656334,       2.862043168
        384,           0,          10,         1.905e-05,             5e-08,      -3.908354802,      -1.238706121,        -1.1368666,       1.459590741,      0.3492174726,       2.470418459
        384,           0,          20,         1.905e-05,             5e-08,      -3.978128988,      -1.267007986,      -1.149872732,       1.400726946,       0.334153966,       2.203875892
        384,           0,          29,         1.905e-05,             5e-08,      -4.021210512,      -1.281732315,      -1.158240354,       1.364979072,      0.3261470894,       1.978978981
        385,           0,           0,          1.91e-05,             5e-08,      -2.572663312,      0.1265540824,     -0.1015492273,       2.768832099,       1.626584769,       2.860722465
        385,           0,          10,          1.91e-05,             5e-08,      -3.907779493,      -1.238191007,      -1.135995212,       1.460127681,      0.3498526775,       2.468709877
        385,           0,          20,          1.91e-05,             5e-08,      -3.977425662,      -1.266437277,      -1.148973819,         1.4013598,      0.3348156088,       2.201915395
        385,           0,          29,          1.91e-05,             5e-08,      -4.020432699,      -1.281143179,      -1.157329637,       1.365661538,      0.3268168869,       1.976526879
        386,           0,           0,         1.915e-05,             5e-08,      -2.572720843,      0.1264269192,     -0.1015860353,       2.768737001,       1.626513211,       2.859370189
        386,           0,          10,         1.915e-05,             5e-08,      -3.907205536,      -1.237677174,      -1.135125969,       1.460663485,      0.3504863424,       2.466994866
        386,           0,          20,         1.915e-05,             5e-08,      -3.976724111,      -1.265868151,      -1.148077249,       1.401991262,      0.3354755585,        2.20014577
        386,           0,          29,         1.915e-05,             5e-08,      -4.019656858,      -1.280555693,      -1.156421249,       1.366342569,      0.3274849435,       1.974588629
        387,           0,           0,          1.92e-05,             5e-08,      -2.572777626,      0.1263003997,     -0.1016223785,       2.768643119,       1.626441653,       2.858116342
        387,           0,          10,          1.92e-05,             5e-08,      -3.906632874,      -1.237164582,      -1.134258984,       1.461198226,      0.3511184757,        2.46545448
        387,           0,          20,          1.92e-05,             5e-08,      -3.976024321,      -1.265300629,      -1.147183102,       1.402621315,      0.3361338107,       2.198504163
        387,           0,          29,          1.92e-05,             5e-08,      -4.018883069,      -1.279969957,      -1.155515441,          1.367022,      0.3281512318,       1.973181483
        388,           0,           0,         1.925e-05,             5e-08,      -2.572833636,       0.126174802,      -0.101658439,       2.768550374,        1.62637009,       2.856908541
        388,           0,          10,         1.925e-05,             5e-08,      -3.906061445,      -1.236653352,      -1.133394144,       1.461732013,      0.3517490154,       2.464126433
        388,           0,          20,         1.925e-05,             5e-08,      -3.975326294,      -1.264734867,      -1.146291423,       1.403249948,      0.3367903177,       2.197191929
        388,           0,          29,         1.925e-05,             5e-08,      -4.018111276,      -1.279386004,      -1.154612161,        1.36769992,      0.3288157486,        1.97163999
        389,           0,           0,          1.93e-05,             5e-08,      -2.572889126,      0.1260497009,     -0.1016940831,       2.768458163,       1.626298522,       2.855685884
        389,           0,          10,          1.93e-05,             5e-08,      -3.905491317,      -1.236143476,       -1.13253148,       1.462264669,      0.3523780242,        2.46277445
        389,           0,          20,          1.93e-05,             5e-08,       -3.97463005,      -1.264170716,      -1.145402088,       1.403877133,       0.337445158,       2.195759722
        389,           0,          29,          1.93e-05,             5e-08,       -4.01734148,      -1.278803698,      -1.153711348,       1.368376335,      0.3294785508,       1.970579878
        390,           0,           0,         1.935e-05,             5e-08,      -2.572944031,      0.1259251862,     -0.1017292696,       2.768366609,       1.626226946,       2.854440865
        390,           0,          10,         1.935e-05,             5e-08,      -3.904922502,      -1.235634932,      -1.131670923,       1.462796189,      0.3530055224,       2.461844485
        390,           0,          20,         1.935e-05,             5e-08,      -3.973935568,      -1.263608163,      -1.144515082,       1.404502891,       0.338098341,       2.194824394
        390,           0,          29,         1.935e-05,             5e-08,      -4.016573644,      -1.278223022,      -1.152812888,       1.369051296,      0.3301396495,       1.969878144
        391,           0,           0,          1.94e-05,             5e-08,      -2.572998379,      0.1258013231,     -0.1017642259,       2.768275868,       1.626155359,       2.853253402
        391,           0,          10,          1.94e-05,             5e-08,      -3.904355078,      -1.235127778,      -1.130812491,       1.463326423,      0.3536315183,       2.461505348
        391,           0,          20,          1.94e-05,             5e-08,      -3.973242859,      -1.263047169,      -1.143630396,       1.405127215,      0.3387498746,       2.193984043
        391,           0,          29,          1.94e-05,             5e-08,      -4.015807767,      -1.277643952,      -1.151916819,         1.3697248,      0.3307990526,        1.96884295
        392,           0,           0,         1.945e-05,             5e-08,       -2.57305238,      0.1256780118,     -0.1017990468,       2.768185609,       1.626083756,       2.852090786
        392,           0,          10,         1.945e-05,             5e-08,      -3.903789049,      -1.234621996,      -1.129956171,       1.463855407,      0.3542560006,       2.460895665
        392,           0,          20,         1.945e-05,             5e-08,      -3.972551886,      -1.262487713,      -1.142748017,       1.405750178,      0.3393997472,       2.192877907
        392,           0,          29,         1.945e-05,             5e-08,      -4.015043859,      -1.277066478,      -1.151023133,       1.370396834,      0.3314567553,       1.967753267
        393,           0,           0,          1.95e-05,             5e-08,      -2.573106086,      0.1255551199,     -0.1018336583,       2.768095716,       1.626012119,       2.850905125
        393,           0,          10,          1.95e-05,             5e-08,      -3.903224343,      -1.234117558,       -1.12910197,       1.464383288,      0.3548789869,       2.459640206
        393,           0,          20,          1.95e-05,             5e-08,      -3.971862645,      -1.261929775,      -1.141867942,       1.406371779,      0.3400479877,       2.192289203
        393,           0,          29,          1.95e-05,             5e-08,      -4.014281917,      -1.276490589,      -1.150131821,       1.371067396,      0.3321127813,       1.966446863
        394,           0,           0,         1.955e-05,             5e-08,      -2.573159165,      0.1254328784,     -0.1018677833,       2.768006854,       1.625940456,       2.849573158
        394,           0,          10,         1.955e-05,             5e-08,      -3.902661033,       -1.23361448,      -1.128249904,       1.464909944,      0.3555004903,       2.458348697
        394,           0,          20,         1.955e-05,             5e-08,      -3.971175035,      -1.261373343,       -1.14099016,       1.406992187,      0.3406946035,       2.191121267
        394,           0,          29,         1.955e-05,             5e-08,      -4.013521898,      -1.275916278,      -1.149242872,       1.371736544,      0.3327671382,       1.965056418
        395,           0,           0,          1.96e-05,             5e-08,      -2.573211754,      0.1253112363,     -0.1019013103,        2.76791869,       1.625868766,       2.848304143
        395,           0,          10,          1.96e-05,             5e-08,       -3.90209907,      -1.233112668,      -1.127399997,       1.465435463,      0.3561205165,       2.457087497
        395,           0,          20,          1.96e-05,             5e-08,      -3.970488752,      -1.260818412,      -1.140114626,       1.407611915,      0.3413395949,       2.189748172
        395,           0,          29,          1.96e-05,             5e-08,       -4.01276338,      -1.275343542,      -1.148356244,       1.372404978,      0.3334198202,       1.963585448
        396,           0,           0,         1.965e-05,             5e-08,      -2.573263783,      0.1251903641,     -0.1019341076,       2.767831392,       1.625796931,       2.847054871
        396,           0,          10,         1.965e-05,             5e-08,      -3.901538054,       -1.23261211,      -1.126552168,       1.465960564,      0.3567390536,        2.45573265
        396,           0,          20,         1.965e-05,             5e-08,      -3.969802531,      -1.260264984,      -1.139241159,       1.408233148,      0.3419829631,       2.188305453
        396,           0,          29,         1.965e-05,             5e-08,      -4.012004292,      -1.274772431,      -1.147471918,       1.373076064,      0.3340708845,       1.962183518
        397,           0,           0,          1.97e-05,             5e-08,      -2.573315201,      0.1250701957,     -0.1019663619,       2.767744976,       1.625724924,       2.845810298
        397,           0,          10,          1.97e-05,             5e-08,      -3.900977158,      -1.232112824,      -1.125706237,       1.466486775,       0.357356119,       2.454343189
        397,           0,          20,          1.97e-05,             5e-08,      -3.969117111,      -1.259713063,      -1.138369877,       1.408854627,      0.3426247237,       2.186957432
        397,           0,          29,          1.97e-05,             5e-08,      -4.011247266,      -1.274202969,      -1.146590081,       1.373745441,      0.3347203126,       1.960765901
        398,           0,           0,         1.975e-05,             5e-08,      -2.573366089,      0.1249505933,     -0.1019983514,       2.767659324,       1.625652707,       2.844578343
        398,           0,          10,         1.975e-05,             5e-08,      -3.900416882,      -1.231614792,      -1.124862214,       1.467013218,      0.3579716754,       2.452964472
        398,           0,          20,         1.975e-05,             5e-08,      -3.968433362,      -1.259162793,      -1.137501191,       1.409474714,      0.3432649373,       2.185327323
        398,           0,          29,         1.975e-05,             5e-08,      -4.010491953,      -1.273635178,      -1.145710502,       1.374413717,      0.3353680508,       1.959136593
        399,           0,           0,          1.98e-05,             5e-08,      -2.573416521,      0.1248315879,     -0.1020300098,       2.767574308,       1.625579934,       2.843320299
        399,           0,          10,          1.98e-05,             5e-08,      -3.899858336,      -1.231118203,      -1.124020713,       1.467537745,       0.358585824,       2.451497734
        399,           0,          20,          1.98e-05,             5e-08,      -3.967752219,      -1.258614264,      -1.136634804,       1.410091874,      0.3439034618,        2.18373032
        399,           0,          29,          1.98e-05,             5e-08,      -4.009739561,      -1.273069155,      -1.144833296,       1.375078822,      0.3360140544,       1.957440392
        400,           0,           0,         1.985e-05,             5e-08,      -2.573466538,      0.1247132054,     -0.1020611941,       2.767489767,        1.62550704,       2.842051922
        400,           0,          10,         1.985e-05,             5e-08,      -3.899301866,      -1.230622998,      -1.123181462,       1.468059796,      0.3591985086,       2.450010837
        400,           0,          20,         1.985e-05,             5e-08,      -3.967073667,      -1.258067302,      -1.135770766,       1.410706153,      0.3445403669,       2.182130436
        400,           0,          29,         1.985e-05,             5e-08,      -4.008989879,      -1.272504743,      -1.143958506,       1.375741153,      0.3366584043,       1.955699677
        401,           0,           0,          1.99e-05,             5e-08,      -2.573516122,      0.1245953813,     -0.1020919772,       2.767405686,       1.625434069,       2.840793463
        401,           0,          10,          1.99e-05,             5e-08,      -3.898747461,       -1.23012914,      -1.122344384,       1.468579386,      0.3598096857,       2.448547557
        401,           0,          20,          1.99e-05,             5e-08,      -3.966397892,      -1.257521871,      -1.134909104,       1.411317192,         0.3451756,       2.180670781
        401,           0,          29,          1.99e-05,             5e-08,      -4.008243332,      -1.271941907,      -1.143086155,       1.376399982,       0.337301024,       1.954215429
        402,           0,           0,         1.995e-05,             5e-08,      -2.573565234,       0.124478113,     -0.1021221148,       2.767322099,       1.625361025,       2.839561173
        402,           0,          10,         1.995e-05,             5e-08,      -3.898195065,      -1.229636629,      -1.121509487,       1.469096545,      0.3604193305,       2.447209306
        402,           0,          20,         1.995e-05,             5e-08,      -3.965724612,      -1.256977958,      -1.134049773,       1.411925461,      0.3458092088,       2.179329413
        402,           0,          29,         1.995e-05,             5e-08,      -4.007499554,      -1.271380627,       -1.14221619,       1.377055914,      0.3379420067,       1.952839843
        403,           0,           0,             2e-05,             5e-08,       -2.57361379,      0.1243614929,     -0.1021517995,        2.76723925,       1.625287895,       2.838349534
        403,           0,          10,             2e-05,             5e-08,      -3.897644672,      -1.229145411,      -1.120676778,       1.469611271,      0.3610275061,       2.445931235
        403,           0,          20,             2e-05,             5e-08,      -3.965053937,      -1.256435539,      -1.133192792,       1.412530773,      0.3464411783,       2.178070825
        403,           0,          29,             2e-05,             5e-08,      -4.006758674,      -1.270820889,      -1.141348617,       1.377708722,      0.3385812889,       1.951671061
        404,           0,           0,         2.005e-05,             5e-08,      -2.573661854,      0.1242454615,     -0.1021813144,       2.767157096,       1.625214661,       2.837148036
        404,           0,          10,         2.005e-05,             5e-08,       -3.89709606,      -1.228655498,      -1.119846194,       1.470123958,      0.3616341602,       2.444737785
        404,           0,          20,         2.005e-05,             5e-08,      -3.964385549,      -1.255894579,      -1.132338107,       1.413133662,      0.3470715259,       2.176932414
        404,           0,          29,         2.005e-05,             5e-08,      -4.006020076,      -1.270262677,       -1.14048336,       1.378359419,      0.3392189353,       1.950582365
        405,           0,           0,          2.01e-05,             5e-08,      -2.573709351,      0.1241299271,     -0.1022106343,       2.767075793,       1.625141317,       2.835958234
        405,           0,          10,          2.01e-05,             5e-08,      -3.896549304,      -1.228166714,      -1.119017787,       1.470634463,      0.3622393613,       2.443592329
        405,           0,          20,          2.01e-05,             5e-08,       -3.96371933,      -1.255355118,      -1.131485727,       1.413734318,      0.3477002804,       2.175731114
        405,           0,          29,          2.01e-05,             5e-08,      -4.005283823,      -1.269706099,      -1.139620492,       1.379007881,      0.3398549253,       1.949336309
        406,           0,           0,         2.015e-05,             5e-08,      -2.573756303,      0.1240148562,     -0.1022398585,       2.766995146,        1.62506789,       2.834778444
        406,           0,          10,         2.015e-05,             5e-08,      -3.896003791,      -1.227679201,      -1.118191508,       1.471143884,      0.3628430675,       2.442403573
        406,           0,          20,         2.015e-05,             5e-08,      -3.963054709,       -1.25481725,      -1.130635617,       1.414333728,      0.3483274157,       2.174532327
        406,           0,          29,         2.015e-05,             5e-08,      -4.004549034,      -1.269151143,      -1.138759899,       1.379655577,      0.3404892777,       1.948259098
        407,           0,           0,          2.02e-05,             5e-08,      -2.573802868,         0.1239002,     -0.1022689962,       2.766915043,       1.624994441,       2.833613498
        407,           0,          10,          2.02e-05,             5e-08,      -3.895459112,      -1.227192774,      -1.117367285,       1.471652981,      0.3634453482,        2.44120172
        407,           0,          20,          2.02e-05,             5e-08,       -3.96239134,      -1.254280813,      -1.129787678,       1.414932499,      0.3489529847,       2.173290527
        407,           0,          29,          2.02e-05,             5e-08,      -4.003815621,      -1.268597692,      -1.137901479,       1.380302674,      0.3411220026,        1.94710814
        408,           0,           0,         2.025e-05,             5e-08,      -2.573848852,      0.1237861408,     -0.1022978946,       2.766835861,       1.624920904,       2.832444636
        408,           0,          10,         2.025e-05,             5e-08,      -3.894915456,      -1.226707467,      -1.116544848,       1.472161437,      0.3640461424,       2.440019619
        408,           0,          20,         2.025e-05,             5e-08,      -3.961727128,      -1.253745808,      -1.128941455,       1.415534275,      0.3495769476,       2.172054429
        408,           0,          29,         2.025e-05,             5e-08,      -4.003080737,      -1.268045725,      -1.137044927,       1.380953947,      0.3417531084,       1.945521534
        409,           0,           0,          2.03e-05,             5e-08,      -2.573894356,       0.123672477,     -0.1023266784,       2.766757338,       1.624847277,       2.831257025
        409,           0,          10,          2.03e-05,             5e-08,       -3.89437117,      -1.226223311,      -1.115724226,       1.472672234,      0.3646455279,       2.438678715
        409,           0,          20,          2.03e-05,             5e-08,      -3.961059717,      -1.253212256,      -1.128096688,       1.416143131,      0.3501993899,       2.170407969
        409,           0,          29,          2.03e-05,             5e-08,      -4.002341358,       -1.26749525,       -1.13618981,       1.381614402,      0.3423826536,       1.943798734
        410,           0,           0,         2.035e-05,             5e-08,      -2.573939449,      0.1235593807,     -0.1023550523,       2.766679424,       1.624773558,       2.830037805
        410,           0,          10,         2.035e-05,             5e-08,      -3.893825281,      -1.225740435,      -1.114905042,       1.473187172,       0.365243518,       2.437068895
        410,           0,          20,         2.035e-05,             5e-08,       -3.96039453,      -1.252680158,      -1.127254246,       1.416749697,      0.3508203033,       2.168721881
        410,           0,          29,         2.035e-05,             5e-08,      -4.001607913,      -1.266946252,      -1.135337424,       1.382266628,      0.3430106278,       1.942005821
        411,           0,           0,          2.04e-05,             5e-08,      -2.573983966,      0.1234468461,     -0.1023831275,       2.766602469,       1.624699735,       2.828797562
        411,           0,          10,          2.04e-05,             5e-08,      -3.893282559,      -1.225258895,      -1.114088156,       1.473697527,      0.3658401182,       2.435362771
        411,           0,          20,          2.04e-05,             5e-08,      -3.959732493,      -1.252149522,      -1.126414085,       1.417352275,      0.3514397091,       2.167310868
        411,           0,          29,          2.04e-05,             5e-08,      -4.000877018,      -1.266398722,      -1.134487278,       1.382916246,      0.3436370592,       1.940694944
        412,           0,           0,         2.045e-05,             5e-08,      -2.574028028,      0.1233348169,      -0.102410912,       2.766526193,        1.62462579,       2.827596578
        412,           0,          10,         2.045e-05,             5e-08,      -3.892741835,      -1.224778717,      -1.113273512,       1.474205493,      0.3664353452,       2.434089389
        412,           0,          20,         2.045e-05,             5e-08,      -3.959072615,      -1.251620325,      -1.125575874,       1.417952568,      0.3520576181,       2.166057313
        412,           0,          29,         2.045e-05,             5e-08,       -4.00014582,      -1.265852646,      -1.133638884,       1.383567997,      0.3442619551,       1.939440327
        413,           0,           0,          2.05e-05,             5e-08,       -2.57407146,      0.1232234299,      -0.102438456,       2.766450877,       1.624551746,       2.826436022
        413,           0,          10,          2.05e-05,             5e-08,      -3.892200508,      -1.224299909,      -1.112460026,       1.474715736,       0.367029198,       2.432490755
        413,           0,          20,          2.05e-05,             5e-08,      -3.958413246,      -1.251092526,      -1.124739817,       1.418553557,      0.3526740103,       2.164446869
        413,           0,          29,          2.05e-05,             5e-08,      -3.999419369,      -1.265308006,      -1.132793197,       1.384213509,      0.3448852824,       1.938047823
        414,           0,           0,         2.055e-05,             5e-08,       -2.57411419,      0.1231126938,     -0.1024657604,        2.76637668,       1.624477545,       2.825170213
        414,           0,          10,         2.055e-05,             5e-08,      -3.891660954,      -1.223822453,      -1.111648729,        1.47522397,      0.3676216413,         2.4302021
        414,           0,          20,         2.055e-05,             5e-08,       -3.95775786,      -1.250566101,      -1.123906345,       1.419149118,      0.3532888813,       2.162773039
        414,           0,          29,         2.055e-05,             5e-08,      -3.998695979,      -1.264764784,      -1.131949853,       1.384855564,      0.3455070565,       1.936478387
        415,           0,           0,          2.06e-05,             5e-08,      -2.574156238,      0.1230025445,     -0.1024932066,       2.766303558,       1.624403194,       2.823629043
        415,           0,          10,          2.06e-05,             5e-08,      -3.891123367,      -1.223346212,      -1.110839742,       1.475729856,      0.3682126851,       2.428504402
        415,           0,          20,          2.06e-05,             5e-08,      -3.957105068,      -1.250041022,       -1.12307518,       1.419741681,      0.3539022276,       2.161106186
        415,           0,          29,          2.06e-05,             5e-08,      -3.997975543,      -1.264222981,      -1.131108848,       1.385494344,      0.3461272786,       1.934974292
        416,           0,           0,         2.065e-05,             5e-08,      -2.574197611,       0.122892913,     -0.1025205378,       2.766231412,       1.624328754,       2.822231643
        416,           0,          10,         2.065e-05,             5e-08,      -3.890588064,      -1.222871133,      -1.110033053,       1.476232798,       0.368802366,        2.42701658
        416,           0,          20,         2.065e-05,             5e-08,      -3.956454899,      -1.249517295,       -1.12224635,       1.420331186,      0.3545141003,       2.159780303
        416,           0,          29,         2.065e-05,             5e-08,      -3.997257946,      -1.263682588,      -1.130270169,        1.38613004,      0.3467459896,       1.933560431
        417,           0,           0,          2.07e-05,             5e-08,      -2.574238198,      0.1227839695,     -0.1025476574,       2.766160477,       1.624254229,        2.82093769
        417,           0,          10,          2.07e-05,             5e-08,      -3.890054792,      -1.222397207,      -1.109228513,       1.476733245,      0.3693907027,       2.425644018
        417,           0,          20,          2.07e-05,             5e-08,        -3.9558072,      -1.248994909,       -1.12141975,       1.420917891,      0.3551245053,       2.158390892
        417,           0,          29,          2.07e-05,             5e-08,      -3.996542967,      -1.263143607,      -1.129433738,       1.386762997,      0.3473631931,       1.932111271
        418,           0,           0,         2.075e-05,             5e-08,      -2.574278213,      0.1226757059,     -0.1025745166,        2.76609041,       1.624179621,       2.819663397
        418,           0,          10,         2.075e-05,             5e-08,      -3.889523609,      -1.221924335,      -1.108426168,       1.477231076,       0.369977694,       2.424243517
        418,           0,          20,         2.075e-05,             5e-08,      -3.955161815,      -1.248473875,      -1.120595372,       1.421502061,      0.3557334413,       2.156898935
        418,           0,          29,         2.075e-05,             5e-08,       -3.99583035,      -1.262606032,      -1.128599529,       1.387393636,      0.3479788915,       1.930477291
        419,           0,           0,          2.08e-05,             5e-08,       -2.57431759,       0.122568077,     -0.1026013301,       2.766021249,       1.624104928,       2.818404282
        419,           0,          10,          2.08e-05,             5e-08,      -3.888994769,      -1.221452506,      -1.107626028,       1.477725826,      0.3705633312,        2.42264818
        419,           0,          20,          2.08e-05,             5e-08,      -3.954518777,       -1.24795418,      -1.119773197,       1.422083647,      0.3563409143,       2.155411033
        419,           0,          29,          2.08e-05,             5e-08,      -3.995120042,      -1.262069854,      -1.127767525,       1.388022044,      0.3485930912,        1.92919069
        420,           0,           0,         2.085e-05,             5e-08,      -2.574356321,      0.1224609115,     -0.1026279266,       2.765953009,       1.624030148,       2.817193509
        420,           0,          10,         2.085e-05,             5e-08,       -3.88846763,      -1.220981707,      -1.106827941,       1.478218699,      0.3711476409,       2.421136418
        420,           0,          20,         2.085e-05,             5e-08,      -3.953877561,      -1.247435812,      -1.118953137,       1.422663558,      0.3569469391,       2.154125474
        420,           0,          29,         2.085e-05,             5e-08,      -3.994411521,      -1.261535067,       -1.12693765,       1.388649073,      0.3492058052,       1.927985991
        421,           0,           0,          2.09e-05,             5e-08,      -2.574394425,      0.1223543824,     -0.1026545737,       2.765885914,       1.623955292,       2.816017298
        421,           0,          10,          2.09e-05,             5e-08,       -3.88794179,      -1.220511939,      -1.106031799,        1.47871039,      0.3717306226,       2.419786435
        421,           0,          20,          2.09e-05,             5e-08,      -3.953237909,      -1.246918782,      -1.118135125,       1.423242228,      0.3575514981,       2.152871922
        421,           0,          29,          2.09e-05,             5e-08,       -3.99370456,      -1.261001668,      -1.126109856,       1.389275094,      0.3498170025,       1.926723961
        422,           0,           0,         2.095e-05,             5e-08,      -2.574431873,        0.12224846,     -0.1026812762,       2.765820064,       1.623880347,       2.814854483
        422,           0,          10,         2.095e-05,             5e-08,      -3.887417052,      -1.220043245,      -1.105237535,       1.479201251,      0.3723122388,       2.418498462
        422,           0,          20,         2.095e-05,             5e-08,      -3.952599594,      -1.246403085,      -1.117319115,       1.423820036,      0.3581545913,       2.151395707
        422,           0,          29,         2.095e-05,             5e-08,       -3.99299888,      -1.260469658,      -1.125284096,       1.389900561,        0.35042671,       1.925165934
        423,           0,           0,           2.1e-05,             5e-08,      -2.574468708,      0.1221430842,      -0.102707703,       2.765755284,       1.623805311,         2.8136711
        423,           0,          10,           2.1e-05,             5e-08,      -3.886893274,       -1.21957566,      -1.104445105,       1.479691528,      0.3728925411,       2.417051438
        423,           0,          20,           2.1e-05,             5e-08,      -3.951962387,      -1.245888735,      -1.116505056,       1.424397374,      0.3587562539,        2.14994501
        423,           0,          29,           2.1e-05,             5e-08,      -3.992294216,      -1.259939033,      -1.124460323,       1.390525912,      0.3510349504,       1.923672553
        424,           0,           0,         2.105e-05,             5e-08,      -2.574504883,      0.1220383799,     -0.1027334034,       2.765691761,        1.62373035,       2.812503355
        424,           0,          10,         2.105e-05,             5e-08,      -3.886370317,      -1.219109278,      -1.103654497,       1.480181461,      0.3734715098,       2.415656397
        424,           0,          20,         2.105e-05,             5e-08,      -3.951326088,      -1.245375876,      -1.115692989,       1.424974566,      0.3593564188,       2.148568287
        424,           0,          29,         2.105e-05,             5e-08,      -3.991590355,      -1.259410009,      -1.123638631,       1.391151477,      0.3516416197,       1.922389173
        425,           0,           0,          2.11e-05,             5e-08,      -2.574540476,      0.1219342387,     -0.1027585926,       2.765629296,       1.623656047,       2.811386691
        425,           0,          10,          2.11e-05,             5e-08,      -3.885848217,      -1.218644338,      -1.102865744,       1.480670989,      0.3740490529,       2.414371969
        425,           0,          20,          2.11e-05,             5e-08,      -3.950690625,       -1.24486448,      -1.114882853,       1.425551753,      0.3599550969,       2.147294025
        425,           0,          29,          2.11e-05,             5e-08,      -3.990887228,      -1.258882413,      -1.122818898,       1.391777414,      0.3522468032,       1.921006322
        426,           0,           0,         2.115e-05,             5e-08,       -2.57457567,      0.1218306214,     -0.1027836117,       2.765567621,       1.623581737,       2.810276995
        426,           0,          10,         2.115e-05,             5e-08,      -3.885326643,      -1.218180602,      -1.102078649,       1.481160724,      0.3746252983,       2.413107365
        426,           0,          20,         2.115e-05,             5e-08,      -3.950055566,      -1.244354401,      -1.114074516,       1.426129691,      0.3605523656,       2.145933892
        426,           0,          29,         2.115e-05,             5e-08,       -3.99018546,      -1.258356161,      -1.122001163,        1.39240268,      0.3528505386,       1.919650776
        427,           0,           0,          2.12e-05,             5e-08,      -2.574610442,      0.1217274584,     -0.1028082815,       2.765506771,       1.623507341,       2.809153904
        427,           0,          10,          2.12e-05,             5e-08,      -3.884805408,      -1.217718084,      -1.101293243,        1.48165099,      0.3752002454,       2.411809352
        427,           0,          20,          2.12e-05,             5e-08,      -3.949421685,      -1.243845622,       -1.11326813,       1.426707029,      0.3611482126,       2.144563867
        427,           0,          29,          2.12e-05,             5e-08,      -3.989485348,      -1.257831237,      -1.121185461,       1.393026755,        0.35345281,       1.918364313
        428,           0,           0,         2.125e-05,             5e-08,      -2.574644792,      0.1216248792,      -0.102832707,       2.765446742,       1.623432843,       2.808036415
        428,           0,          10,         2.125e-05,             5e-08,      -3.884285382,      -1.217256783,      -1.100509708,       1.482140212,      0.3757739034,       2.410535456
        428,           0,          20,         2.125e-05,             5e-08,      -3.948789305,      -1.243338115,      -1.112463733,       1.427283193,      0.3617426691,       2.143321681
        428,           0,          29,         2.125e-05,             5e-08,      -3.988786915,      -1.257307626,      -1.120371797,       1.393649596,      0.3540536416,       1.917249476
        429,           0,           0,          2.13e-05,             5e-08,      -2.574678657,      0.1215228504,     -0.1028566309,       2.765387686,       1.623358222,       2.806939522
        429,           0,          10,          2.13e-05,             5e-08,      -3.883766597,      -1.216796642,      -1.099728063,       1.482628331,      0.3763462911,       2.409304616
        429,           0,          20,          2.13e-05,             5e-08,      -3.948158411,      -1.242831848,       -1.11166133,       1.427858204,      0.3623357444,       2.142159809
        429,           0,          29,          2.13e-05,             5e-08,       -3.98809015,       -1.25678532,      -1.119560168,       1.394271209,      0.3546530773,        1.91616295
        430,           0,           0,         2.135e-05,             5e-08,      -2.574711958,      0.1214213526,     -0.1028799251,       2.765329631,       1.623283437,       2.805835384
        430,           0,          10,         2.135e-05,             5e-08,      -3.883248986,      -1.216337532,      -1.098948314,       1.483115454,      0.3769174017,       2.408150307
        430,           0,          20,         2.135e-05,             5e-08,      -3.947528989,      -1.242326811,      -1.110860918,       1.428432076,      0.3629274319,       2.141059352
        430,           0,          29,         2.135e-05,             5e-08,      -3.987395045,      -1.256264317,      -1.118750576,       1.394891598,      0.3552510917,       1.915259014
        431,           0,           0,          2.14e-05,             5e-08,       -2.57474467,      0.1213204291,     -0.1029030346,       2.765272512,       1.623208536,       2.804759926
        431,           0,          10,          2.14e-05,             5e-08,      -3.882732489,      -1.215879404,      -1.098170438,       1.483601672,       0.377487247,       2.407094365
        431,           0,          20,          2.14e-05,             5e-08,      -3.946901025,      -1.241823002,      -1.110062484,       1.429004825,      0.3635177294,       2.139939237
        431,           0,          29,          2.14e-05,             5e-08,      -3.986701593,      -1.255744614,      -1.117943009,        1.39551077,        0.35584767,       1.914268931
        432,           0,           0,         2.145e-05,             5e-08,      -2.574776831,       0.121220092,     -0.1029260773,        2.76521613,       1.623133534,       2.803712747
        432,           0,          10,         2.145e-05,             5e-08,      -3.882217077,      -1.215422209,      -1.097394422,       1.484087037,      0.3780557802,       2.406031453
        432,           0,          20,         2.145e-05,             5e-08,      -3.946274522,      -1.241320426,      -1.109266021,       1.429576443,      0.3641066228,       2.138620203
        432,           0,          29,         2.145e-05,             5e-08,      -3.986009792,      -1.255226214,       -1.11713746,        1.39612872,      0.3564428233,       1.913071116
        433,           0,           0,          2.15e-05,             5e-08,      -2.574808373,      0.1211203449,     -0.1029488454,       2.765160779,       1.623058436,       2.802667806
        433,           0,          10,          2.15e-05,             5e-08,      -3.881702767,      -1.214966003,      -1.096620245,       1.484571518,      0.3786230547,       2.404841447
        433,           0,          20,          2.15e-05,             5e-08,      -3.945649479,      -1.240819108,      -1.108471457,       1.430146902,      0.3646941467,       2.137247122
        433,           0,          29,          2.15e-05,             5e-08,      -3.985319624,      -1.254709122,      -1.116333864,       1.396745442,      0.3570365735,       1.911790021
        434,           0,           0,         2.155e-05,             5e-08,      -2.574839439,      0.1210212154,     -0.1029710306,       2.765106153,       1.622983246,       2.801619693
        434,           0,          10,         2.155e-05,             5e-08,      -3.881189599,      -1.214510836,      -1.095847948,       1.485055051,      0.3791890542,        2.40359071
        434,           0,          20,         2.155e-05,             5e-08,      -3.945025947,       -1.24031909,      -1.107678934,       1.430716161,      0.3652802958,       2.135936358
        434,           0,          29,         2.155e-05,             5e-08,      -3.984631128,       -1.25419336,      -1.115532351,       1.397360922,      0.3576289178,       1.910366862
        435,           0,           0,          2.16e-05,             5e-08,      -2.574869962,      0.1209225985,     -0.1029930578,       2.765052316,       1.622907969,       2.800575357
        435,           0,          10,          2.16e-05,             5e-08,      -3.880677617,      -1.214056736,      -1.095077491,       1.485537558,      0.3797538113,       2.402340622
        435,           0,          20,          2.16e-05,             5e-08,      -3.944403894,      -1.239820345,      -1.106888357,       1.431284238,      0.3658650892,       2.134711106
        435,           0,          29,          2.16e-05,             5e-08,      -3.983944257,      -1.253678888,      -1.114732822,       1.397975192,      0.3582198722,        1.90885107
        436,           0,           0,         2.165e-05,             5e-08,      -2.574899939,      0.1208245087,     -0.1030150456,       2.764999384,       1.622832607,       2.799537604
        436,           0,          10,         2.165e-05,             5e-08,      -3.880166824,      -1.213603766,      -1.094308782,       1.486019057,      0.3803173879,       2.401207037
        436,           0,          20,         2.165e-05,             5e-08,      -3.943783321,      -1.239322863,      -1.106099696,       1.431851135,      0.3664485506,       2.133623466
        436,           0,          29,         2.165e-05,             5e-08,       -3.98325902,      -1.253165709,       -1.11393529,       1.398588238,      0.3588094315,        1.90777269
        437,           0,           0,          2.17e-05,             5e-08,      -2.574929261,      0.1207270334,     -0.1030371927,       2.764947743,       1.622757168,       2.798506338
        437,           0,          10,          2.17e-05,             5e-08,      -3.879657168,      -1.213151886,      -1.093541887,       1.486499614,      0.3808796877,       2.400074358
        437,           0,          20,          2.17e-05,             5e-08,      -3.943164194,      -1.238826619,      -1.105312923,       1.432416911,      0.3670306731,       2.132547929
        437,           0,          29,          2.17e-05,             5e-08,      -3.982575398,      -1.252653811,      -1.113139676,       1.399200093,       0.359397632,       1.906759478
        438,           0,           0,         2.175e-05,             5e-08,      -2.574958133,      0.1206301095,     -0.1030591281,       2.764896951,       1.622681644,       2.797468655
        438,           0,          10,         2.175e-05,             5e-08,      -3.879148589,      -1.212701015,      -1.092776745,       1.486979312,      0.3814407271,        2.39901038
        438,           0,          20,         2.175e-05,             5e-08,      -3.942546495,      -1.238331603,       -1.10452803,       1.432981581,      0.3676114469,       2.131590225
        438,           0,          29,         2.175e-05,             5e-08,      -3.981893385,      -1.252143196,      -1.112345968,       1.399810765,      0.3599844767,        1.90572109
        439,           0,           0,          2.18e-05,             5e-08,      -2.574986782,      0.1205335389,     -0.1030805063,       2.764846505,       1.622606045,       2.796459112
        439,           0,          10,          2.18e-05,             5e-08,      -3.878641082,      -1.212251185,      -1.092013317,       1.487458173,      0.3820005069,        2.39794221
        439,           0,          20,          2.18e-05,             5e-08,      -3.941930212,      -1.237837816,      -1.103744995,       1.433545175,      0.3681908577,       2.130479965
        439,           0,          29,          2.18e-05,             5e-08,      -3.981212969,       -1.25163386,      -1.111554172,       1.400420263,      0.3605699251,       1.904450325
        440,           0,           0,         2.185e-05,             5e-08,      -2.575015076,      0.1204373984,     -0.1031011567,       2.764796587,        1.62253038,       2.795428186
        440,           0,          10,         2.185e-05,             5e-08,      -3.878134663,      -1.211802464,      -1.091251628,       1.487936141,      0.3825590379,        2.39678141
        440,           0,          20,         2.185e-05,             5e-08,      -3.941315349,      -1.237345274,      -1.102963839,       1.434107656,      0.3687689154,       2.129201909
        440,           0,          29,         2.185e-05,             5e-08,       -3.98053415,      -1.251125804,      -1.110764311,       1.401028565,      0.3611539843,       1.903051795
        441,           0,           0,          2.19e-05,             5e-08,      -2.575042945,      0.1203417014,     -0.1031214086,       2.764747322,       1.622454654,       2.794361596
        441,           0,          10,          2.19e-05,             5e-08,      -3.877629402,      -1.211354894,      -1.090491734,       1.488413082,      0.3831163364,       2.395508204
        441,           0,          20,          2.19e-05,             5e-08,      -3.940701926,      -1.236853991,       -1.10218459,       1.434668985,      0.3693456318,       2.127894679
        441,           0,          29,          2.19e-05,             5e-08,      -3.979856932,      -1.250619025,      -1.109976403,       1.401635665,      0.3617366606,       1.901752975
        442,           0,           0,         2.195e-05,             5e-08,      -2.575070338,      0.1202465461,     -0.1031411456,       2.764698904,       1.622378869,       2.793277916
        442,           0,          10,         2.195e-05,             5e-08,      -3.877125368,      -1.210908564,      -1.089733643,       1.488888878,      0.3836724137,       2.394319212
        442,           0,          20,         2.195e-05,             5e-08,      -3.940089935,      -1.236363959,      -1.101407208,       1.435229181,      0.3699210169,       2.126714378
        442,           0,          29,         2.195e-05,             5e-08,      -3.979181285,      -1.250113521,      -1.109190317,       1.402241627,       0.362317965,        1.90055696
        443,           0,           0,           2.2e-05,             5e-08,       -2.57509717,      0.1201519645,      -0.103160735,       2.764651545,        1.62230303,       2.792229881
        443,           0,          10,           2.2e-05,             5e-08,      -3.876622532,      -1.210463462,      -1.088977103,       1.489363601,      0.3842272798,       2.393231985
        443,           0,          20,           2.2e-05,             5e-08,      -3.939479323,      -1.235875174,      -1.100631646,       1.435788306,      0.3704950832,       2.125644713
        443,           0,          29,           2.2e-05,             5e-08,      -3.978507168,      -1.249609301,      -1.108406332,       1.402846436,      0.3628978965,       1.899448382
        444,           0,           0,         2.205e-05,             5e-08,      -2.575123576,        0.12005783,     -0.1031800622,       2.764604859,       1.622227164,       2.791201426
        444,           0,          10,         2.205e-05,             5e-08,      -3.876120889,      -1.210019641,      -1.088222832,       1.489837191,      0.3847808657,       2.392205424
        444,           0,          20,         2.205e-05,             5e-08,      -3.938870106,      -1.235387832,      -1.099858338,       1.436346283,      0.3710677038,       2.124569228
        444,           0,          29,         2.205e-05,             5e-08,        -3.9778346,       -1.24910663,      -1.107624523,       1.403450064,      0.3634763344,       1.898329239
        445,           0,           0,          2.21e-05,             5e-08,      -2.575149579,      0.1199641289,     -0.1031989627,       2.764558781,       1.622151366,       2.790167146
        445,           0,          10,          2.21e-05,             5e-08,      -3.875620397,      -1.209576995,      -1.087470416,       1.490309799,      0.3853331975,       2.391153676
        445,           0,          20,          2.21e-05,             5e-08,      -3.938262288,      -1.234901709,      -1.099086964,       1.436903184,      0.3716390031,       2.123484808
        445,           0,          29,          2.21e-05,             5e-08,      -3.977163602,       -1.24860517,      -1.106844652,       1.404052543,      0.3640534515,       1.897212053
        446,           0,           0,         2.215e-05,             5e-08,      -2.575175056,      0.1198709727,     -0.1032174494,       2.764513533,       1.622075518,       2.789133233
        446,           0,          10,         2.215e-05,             5e-08,       -3.87512097,      -1.209135264,      -1.086719768,       1.490781579,      0.3858843337,       2.390087855
        446,           0,          20,         2.215e-05,             5e-08,      -3.937655854,      -1.234416714,      -1.098317423,       1.437459033,      0.3722090375,       2.122417941
        446,           0,          29,         2.215e-05,             5e-08,      -3.976494171,      -1.248104912,       -1.10606668,       1.404653876,       0.364629257,       1.896094448
        447,           0,           0,          2.22e-05,             5e-08,      -2.575200007,      0.1197784634,     -0.1032355622,       2.764468931,       1.621999593,       2.788116487
        447,           0,          10,          2.22e-05,             5e-08,      -3.874622515,      -1.208694355,      -1.085970837,       1.491252666,       0.386434262,       2.389050384
        447,           0,          20,          2.22e-05,             5e-08,       -3.93705079,      -1.233932839,      -1.097549732,        1.43801384,      0.3727777719,       2.121364501
        447,           0,          29,          2.22e-05,             5e-08,      -3.975826305,      -1.247605853,      -1.105290569,       1.405254045,      0.3652037672,       1.894949784
        448,           0,           0,         2.225e-05,             5e-08,      -2.575224244,      0.1196865291,     -0.1032538502,       2.764425305,       1.621923569,       2.787117718
        448,           0,          10,         2.225e-05,             5e-08,      -3.874124978,      -1.208254213,        -1.0852236,       1.491723136,      0.3869829831,        2.38804811
        448,           0,          20,         2.225e-05,             5e-08,      -3.936447089,      -1.233450094,      -1.096783876,         1.4385676,      0.3733452137,       2.120296048
        448,           0,          29,         2.225e-05,             5e-08,      -3.975160001,      -1.247107996,       -1.10451634,       1.405853049,      0.3657769621,       1.893846983
        449,           0,           0,          2.23e-05,             5e-08,      -2.575247979,      0.1195950619,     -0.1032719084,       2.764382262,       1.621847467,       2.786120727
        449,           0,          10,          2.23e-05,             5e-08,      -3.873628348,      -1.207814871,      -1.084478034,          1.492193,      0.3875305119,       2.387166815
        449,           0,          20,          2.23e-05,             5e-08,      -3.935844757,       -1.23296851,      -1.096019838,       1.439120301,      0.3739113698,       2.119298868
        449,           0,          29,          2.23e-05,             5e-08,      -3.974495257,      -1.246611347,      -1.103743987,        1.40645088,      0.3663488439,        1.89272792
        450,           0,           0,         2.235e-05,             5e-08,      -2.575188565,       0.119623863,     -0.1032610635,        2.76442284,        1.62193385,       2.785178604
        450,           0,          10,         2.235e-05,             5e-08,      -3.873132689,      -1.207376452,      -1.083733991,       1.492662152,       0.388076852,       2.386316193
        450,           0,          20,         2.235e-05,             5e-08,      -3.935243777,      -1.232488118,      -1.095257129,       1.439672007,      0.3744762394,       2.118254177
        450,           0,          29,         2.235e-05,             5e-08,       -3.97383201,      -1.246115928,      -1.102973182,       1.407047663,      0.3669194103,       1.891586994
        451,           0,           0,          2.24e-05,             5e-08,      -2.575206241,      0.1195418963,     -0.1032778476,       2.764387634,       1.621868932,       2.784168636
        451,           0,          10,          2.24e-05,             5e-08,      -3.872638086,      -1.206939117,      -1.082991551,       1.493130397,       0.388622004,       2.385478973
        451,           0,          20,          2.24e-05,             5e-08,      -3.934644129,      -1.232008938,      -1.094496936,       1.440222587,      0.3750398292,       2.117254258
        451,           0,          29,          2.24e-05,             5e-08,      -3.973170259,       -1.24562172,      -1.102204665,       1.407643283,      0.3674886567,       1.890566486
        452,           0,           0,         2.245e-05,             5e-08,      -2.575233174,      0.1194459225,        -0.1032981,       2.764343833,       1.621793457,       2.783141897
        452,           0,          10,         2.245e-05,             5e-08,      -3.872144606,      -1.206502962,       -1.08225115,       1.493597636,      0.3891659533,        2.38467292
        452,           0,          20,         2.245e-05,             5e-08,      -3.934045866,      -1.231530948,      -1.093738407,        1.44077209,      0.3756021066,       2.116228125
        452,           0,          29,         2.245e-05,             5e-08,      -3.972510038,      -1.245128704,      -1.101437953,       1.408237775,      0.3680565613,       1.889483029
        453,           0,           0,          2.25e-05,             5e-08,      -2.575261783,      0.1193465069,      -0.103318931,       2.764298805,       1.621718911,       2.782089114
        453,           0,          10,          2.25e-05,             5e-08,      -3.871652325,      -1.206067987,      -1.081512457,       1.494063783,      0.3897087253,       2.383841452
        453,           0,          20,          2.25e-05,             5e-08,       -3.93344899,      -1.231054128,      -1.092981701,       1.441320497,      0.3761631211,       2.115175505
        453,           0,          29,          2.25e-05,             5e-08,      -3.971851355,      -1.244636876,      -1.100673111,       1.408831113,      0.3686231672,       1.888460775
        454,           0,           0,         2.255e-05,             5e-08,      -2.575289571,      0.1192474403,     -0.1033392879,       2.764255133,       1.621647337,       2.781037871
        454,           0,          10,         2.255e-05,             5e-08,      -3.871161234,      -1.205634169,      -1.080775499,       1.494528859,      0.3902503382,       2.382781673
        454,           0,          20,         2.255e-05,             5e-08,       -3.93285339,      -1.230578441,      -1.092226808,       1.441867993,      0.3767228789,       2.114132912
        454,           0,          29,         2.255e-05,             5e-08,      -3.971194119,       -1.24414622,       -1.09991013,       1.409423436,      0.3691884839,       1.887442309
        455,           0,           0,          2.26e-05,             5e-08,      -2.575315787,      0.1191498831,     -0.1033591641,       2.764213656,       1.621578119,       2.780021396
        455,           0,          10,          2.26e-05,             5e-08,      -3.870671202,      -1.205201376,      -1.080040279,       1.494993075,      0.3907907941,       2.381665705
        455,           0,          20,          2.26e-05,             5e-08,      -3.932258812,      -1.230103844,      -1.091473703,       1.442415002,      0.3772813857,       2.113134775
        455,           0,          29,          2.26e-05,             5e-08,      -3.970537802,      -1.243656824,      -1.099148879,       1.410015607,      0.3697524674,       1.886464848
        456,           0,           0,         2.265e-05,             5e-08,      -2.575340256,      0.1190541824,      -0.103378678,       2.764174521,       1.621509966,       2.779047406
        456,           0,          10,         2.265e-05,             5e-08,      -3.870181876,      -1.204769474,      -1.079306816,       1.495457065,       0.391330103,       2.380627657
        456,           0,          20,         2.265e-05,             5e-08,      -3.931664878,      -1.229630332,      -1.090722423,       1.442962186,      0.3778386513,       2.112248356
        456,           0,          29,         2.265e-05,             5e-08,      -3.969881818,      -1.243169409,      -1.098393339,        1.41060784,      0.3703148047,        1.88548833
        457,           0,           0,          2.27e-05,             5e-08,      -2.575363064,      0.1189602282,     -0.1033984238,       2.764137614,       1.621439832,       2.778103429
        457,           0,          10,          2.27e-05,             5e-08,       -3.86969307,      -1.204338556,      -1.078575719,       1.495921049,      0.3918683825,       2.379640155
        457,           0,          20,          2.27e-05,             5e-08,      -3.931071958,      -1.229158095,      -1.089974132,       1.443508774,      0.3783947402,       2.111366324
        457,           0,          29,          2.27e-05,             5e-08,      -3.969219772,      -1.242693326,      -1.097420627,       1.411196335,      0.3708724722,       1.884411869
        458,           0,           0,         2.275e-05,             5e-08,         -2.575385,      0.1188673979,     -0.1034109986,       2.764101227,       1.621370205,       2.777143124
        458,           0,          10,         2.275e-05,             5e-08,      -3.869202182,      -1.203978529,      -1.077619518,       1.496384663,      0.3923780209,       2.378614883
        458,           0,          20,         2.275e-05,             5e-08,      -3.910895659,      -1.206997423,      -1.087601661,       1.457520912,      0.3961840408,       2.111012486
        458,           0,          29,         2.275e-05,             5e-08,      -3.968564791,      -1.242276129,      -1.096815667,       1.411803089,      0.3714019719,       1.883352702
        459,           0,           0,          2.28e-05,             5e-08,      -2.575426947,      0.1187319611,     -0.1034292575,        2.76403848,       1.621280143,       2.776163499
        459,           0,          10,          2.28e-05,             5e-08,      -3.868705794,      -1.203577809,      -1.077043959,        1.49688339,      0.3928996707,       2.377525267
        459,           0,          20,          2.28e-05,             5e-08,      -3.929870335,      -1.228314874,      -1.088450838,       1.444641258,      0.3794599518,        2.10935047
        459,           0,          29,          2.28e-05,             5e-08,      -3.967896693,      -1.241803097,      -1.096115284,       1.412428654,      0.3719539399,       1.882280667
        460,           0,           0,         2.285e-05,             5e-08,       -2.57543922,      0.1186518058,     -0.1034501689,       2.764012611,       1.621188977,       2.775164658
        460,           0,          10,         2.285e-05,             5e-08,       -3.86820647,      -1.203155911,      -1.076382324,       1.497376327,       0.393429503,       2.376413865
        460,           0,          20,         2.285e-05,             5e-08,      -3.929263834,      -1.227849119,      -1.087750182,        1.44521778,      0.3800089886,       2.108163686
        460,           0,          29,         2.285e-05,             5e-08,      -3.967226132,      -1.241320053,       -1.09539577,       1.413052051,      0.3725093676,       1.880906497
        461,           0,           0,          2.29e-05,             5e-08,      -2.575454478,      0.1185695161,     -0.1034689922,       2.763985578,       1.621092596,       2.774142572
        461,           0,          10,          2.29e-05,             5e-08,      -3.867706011,      -1.202729611,      -1.075693398,        1.49786468,      0.3939605392,       2.375311725
        461,           0,          20,          2.29e-05,             5e-08,      -3.928656388,      -1.227380824,      -1.087033947,       1.445790455,      0.3805584637,       2.107032469
        461,           0,          29,          2.29e-05,             5e-08,      -3.966554902,       -1.24083575,      -1.094666154,        1.41367179,      0.3730647835,       1.879729552
        462,           0,           0,         2.295e-05,             5e-08,      -2.575470374,      0.1184863345,     -0.1034875512,       2.763958924,       1.620998315,       2.773142803
        462,           0,          10,         2.295e-05,             5e-08,      -3.867205455,       -1.20230223,      -1.074993555,       1.498350361,      0.3944916175,        2.37422145
        462,           0,          20,         2.295e-05,             5e-08,      -3.928049184,      -1.226912258,      -1.086311014,       1.446360465,      0.3811075381,       2.105954202
        462,           0,          29,         2.295e-05,             5e-08,      -3.965884311,      -1.240351808,      -1.093932086,       1.414288581,      0.3736195572,       1.878590041
        463,           0,           0,           2.3e-05,             5e-08,      -2.575485993,      0.1184026566,     -0.1035064077,       2.763933142,       1.620906885,       2.772151621
        463,           0,          10,           2.3e-05,             5e-08,      -3.866705651,      -1.201874957,      -1.074288984,        1.49883376,      0.3950222813,       2.373205452
        463,           0,          20,           2.3e-05,             5e-08,      -3.927443256,       -1.22644426,      -1.085585257,       1.446927971,      0.3816558885,          2.104875
        463,           0,          29,           2.3e-05,             5e-08,      -3.965215548,      -1.239868816,      -1.093196283,       1.414902379,      0.3741734472,       1.877509986
        464,           0,           0,         2.305e-05,             5e-08,      -2.575500808,      0.1183192274,      -0.103525069,       2.763908823,       1.620818157,       2.771175198
        464,           0,          10,         2.305e-05,             5e-08,       -3.86620732,      -1.201448303,      -1.073582217,       1.499314613,       0.395552264,       2.372242474
        464,           0,          20,         2.305e-05,             5e-08,      -3.926839466,      -1.225977227,      -1.084858412,       1.447492602,      0.3822033296,       2.103931616
        464,           0,          29,         2.305e-05,             5e-08,      -3.964549517,      -1.239387059,      -1.092460029,       1.415512807,      0.3747263165,       1.876568913
        465,           0,           0,          2.31e-05,             5e-08,      -2.575514711,      0.1182362589,     -0.1035429433,       2.763885988,       1.620731574,        2.77022677
        465,           0,          10,          2.31e-05,             5e-08,      -3.865711019,      -1.201022596,       -1.07287451,       1.499792523,      0.3960813608,        2.37143207
        465,           0,          20,          2.31e-05,             5e-08,      -3.926238492,      -1.225511592,      -1.084131504,       1.448053815,      0.3827496684,       2.103073359
        465,           0,          29,          2.31e-05,             5e-08,      -3.963886911,      -1.238907027,      -1.091724214,       1.416119331,       0.375277965,       1.875635926
        466,           0,           0,         2.315e-05,             5e-08,      -2.575527574,      0.1181537199,     -0.1035606934,       2.763864915,       1.620646572,       2.769293076
        466,           0,          10,         2.315e-05,             5e-08,      -3.865217122,      -1.200598042,       -1.07216656,       1.500267268,      0.3966094343,       2.370762818
        466,           0,          20,         2.315e-05,             5e-08,      -3.925640704,      -1.225047308,      -1.083404903,       1.448611444,       0.383294881,       2.102111132
        466,           0,          29,         2.315e-05,             5e-08,      -3.963227979,      -1.238428402,      -1.090988945,       1.416722028,      0.3758284591,       1.874587638
        467,           0,           0,          2.32e-05,             5e-08,      -2.575539567,      0.1180717971,     -0.1035781061,       2.763845295,       1.620562677,       2.768332956
        467,           0,          10,          2.32e-05,             5e-08,      -3.864725849,      -1.200174471,      -1.071458637,       1.500738774,      0.3971365004,       2.369981913
        467,           0,          20,          2.32e-05,             5e-08,      -3.925046285,      -1.224584293,      -1.082678805,       1.449165432,      0.3838389727,       2.101109565
        467,           0,          29,          2.32e-05,             5e-08,      -3.962572828,      -1.237951157,      -1.090254433,       1.417320902,      0.3763777831,       1.873533824
        468,           0,           0,         2.325e-05,             5e-08,      -2.575550634,      0.1179905694,     -0.1035948015,       2.763827337,        1.62047953,       2.767334688
        468,           0,          10,         2.325e-05,             5e-08,      -3.864237277,      -1.199751998,      -1.070751002,       1.501207071,      0.3976625171,       2.369219713
        468,           0,          20,         2.325e-05,             5e-08,      -3.924455253,      -1.224122573,      -1.081953416,       1.449715831,      0.3843819163,       2.100126506
        468,           0,          29,         2.325e-05,             5e-08,      -3.961921438,      -1.237475282,      -1.089520843,       1.417916011,      0.3769259187,       1.872551006
        469,           0,           0,          2.33e-05,             5e-08,      -2.575560709,      0.1179099972,     -0.1036112062,       2.763811197,       1.620397034,       2.766306436
        469,           0,          10,          2.33e-05,             5e-08,      -3.863751427,      -1.199330648,      -1.070042961,       1.501672254,      0.3981874224,       2.368509463
        469,           0,          20,          2.33e-05,             5e-08,      -3.923867611,      -1.223662115,      -1.081228655,       1.450262645,       0.384923654,       2.099220294
        469,           0,          29,          2.33e-05,             5e-08,       -3.96127382,       -1.23700074,      -1.088788214,       1.418507277,      0.3774728121,       1.871608861
        470,           0,           0,         2.335e-05,             5e-08,      -2.575569882,      0.1178301221,     -0.1036280195,       2.763796678,        1.62031518,       2.765303897
        470,           0,          10,         2.335e-05,             5e-08,      -3.863268249,      -1.198910469,      -1.069336512,       1.502134224,      0.3987111798,       2.367859824
        470,           0,          20,         2.335e-05,             5e-08,      -3.923283282,      -1.223202969,      -1.080504985,       1.450805709,       0.385464181,       2.098295399
        470,           0,          29,         2.335e-05,             5e-08,      -3.960629877,      -1.236527559,      -1.088056718,       1.419094528,      0.3780184718,       1.870595157
        471,           0,           0,          2.34e-05,             5e-08,      -2.575578555,      0.1177507366,     -0.1036447124,       2.763782886,       1.620233489,       2.764306004
        471,           0,          10,          2.34e-05,             5e-08,      -3.862787711,      -1.198491457,      -1.068631044,       1.502593022,      0.3992338282,       2.367178146
        471,           0,          20,          2.34e-05,             5e-08,      -3.922702155,       -1.22274509,      -1.079782583,       1.451345243,      0.3860035216,         2.0972797
        471,           0,          29,          2.34e-05,             5e-08,      -3.959989448,      -1.236055695,      -1.087326585,        1.41967805,      0.3785629126,       1.869461296
        472,           0,           0,         2.345e-05,             5e-08,      -2.575586664,      0.1176718591,     -0.1036608552,       2.763770036,       1.620151972,       2.763300373
        472,           0,          10,         2.345e-05,             5e-08,      -3.862309682,      -1.198073567,      -1.067926824,       1.503048901,       0.399755371,       2.366221704
        472,           0,          20,         2.345e-05,             5e-08,      -3.922124044,      -1.222288464,       -1.07906154,       1.451881445,      0.3865416768,       2.096190263
        472,           0,          29,         2.345e-05,             5e-08,      -3.959352289,      -1.235585123,      -1.086597894,       1.420258084,      0.3791061366,       1.868270624
        473,           0,           0,          2.35e-05,             5e-08,      -2.575594102,      0.1175936039,     -0.1036765852,       2.763758386,       1.620070578,       2.762293542
        473,           0,          10,          2.35e-05,             5e-08,      -3.861833971,      -1.197656833,      -1.067223771,       1.503502121,      0.4002758068,       2.365357391
        473,           0,          20,          2.35e-05,             5e-08,      -3.921548652,      -1.221833075,      -1.078341862,       1.452414695,      0.3870786456,       2.095176129
        473,           0,          29,          2.35e-05,             5e-08,      -3.958718109,       -1.23511582,      -1.085870622,       1.420834965,      0.3796481443,       1.867142682
        474,           0,           0,         2.355e-05,             5e-08,      -2.575600843,       0.117515944,     -0.1036917301,       2.763748058,       1.619989244,       2.761308235
        474,           0,          10,         2.355e-05,             5e-08,      -3.861360418,      -1.197241229,      -1.066521937,       1.503952885,       0.400795136,       2.364645193
        474,           0,          20,         2.355e-05,             5e-08,       -3.92097585,      -1.221378892,      -1.077623701,       1.452945104,      0.3876144291,       2.094209295
        474,           0,          29,         2.355e-05,             5e-08,      -3.958086625,      -1.234647769,      -1.085144886,       1.421409017,      0.3801889386,       1.866046614
        475,           0,           0,          2.36e-05,             5e-08,      -2.575607058,      0.1174386776,     -0.1037067609,       2.763738646,       1.619907937,       2.760343764
        475,           0,          10,          2.36e-05,             5e-08,       -3.86088876,      -1.196826701,      -1.065821317,       1.504401589,      0.4013133625,       2.363524449
        475,           0,          20,          2.36e-05,             5e-08,      -3.920405274,      -1.220925895,      -1.076906923,       1.453473173,      0.3881490301,        2.09324049
        475,           0,          29,          2.36e-05,             5e-08,      -3.957457613,      -1.234180948,      -1.084420741,       1.421980508,      0.3807285239,       1.864884726
        476,           0,           0,         2.365e-05,             5e-08,      -2.575612483,      0.1173621572,     -0.1037212183,       2.763730703,       1.619826647,       2.759343965
        476,           0,          10,         2.365e-05,             5e-08,      -3.860418814,      -1.196413206,      -1.065122097,       1.504848461,      0.4018304875,       2.362451478
        476,           0,          20,         2.365e-05,             5e-08,      -3.919836715,      -1.220474065,      -1.076191584,        1.45399916,      0.3886824347,       2.092309986
        476,           0,          29,         2.365e-05,             5e-08,      -3.956830971,      -1.233715331,      -1.083698203,       1.422549545,      0.3812668746,       1.863724425
        477,           0,           0,          2.37e-05,             5e-08,      -2.575617148,      0.1172863213,     -0.1037349377,       2.763724203,       1.619745391,       2.758340788
        477,           0,          10,          2.37e-05,             5e-08,       -3.85995043,      -1.196000708,      -1.064424287,       1.505293728,      0.4023464741,       2.361402282
        477,           0,          20,          2.37e-05,             5e-08,      -3.919270067,      -1.220023386,      -1.075477847,       1.454523226,      0.3892146342,       2.091602867
        477,           0,          29,          2.37e-05,             5e-08,      -3.956206501,      -1.233250907,      -1.082977289,       1.423116369,      0.3818040059,       1.862619251
        478,           0,           0,         2.375e-05,             5e-08,       -2.57562095,      0.1172112958,     -0.1037481344,       2.763719354,       1.619664194,       2.757324619
        478,           0,          10,         2.375e-05,             5e-08,      -3.859483507,      -1.195589167,      -1.063727938,       1.505737502,      0.4028613693,       2.360402791
        478,           0,          20,         2.375e-05,             5e-08,      -3.918705434,      -1.219573848,      -1.074765811,       1.455045132,      0.3897456609,       2.090771303
        478,           0,          29,         2.375e-05,             5e-08,      -3.955584034,       -1.23278766,      -1.082258004,       1.423681206,      0.3823399386,        1.86177263
        479,           0,           0,          2.38e-05,             5e-08,      -2.575623819,      0.1171371308,     -0.1037611229,       2.763716263,       1.619583059,       2.756322845
        479,           0,          10,          2.38e-05,             5e-08,      -3.859017955,      -1.195178584,      -1.063033019,       1.506179901,      0.4033751781,       2.359432987
        479,           0,          20,          2.38e-05,             5e-08,      -3.918142559,      -1.219125432,       -1.07405527,       1.455565258,      0.3902755198,       2.089841482
        479,           0,          29,          2.38e-05,             5e-08,       -3.95496345,      -1.232325557,      -1.081540229,       1.424244231,      0.3828746781,       1.860746505
        480,           0,           0,         2.385e-05,             5e-08,      -2.575625833,       0.117063622,     -0.1037741376,       2.763714677,       1.619502004,       2.755357463
        480,           0,          10,         2.385e-05,             5e-08,      -3.858553778,      -1.194768909,       -1.06233852,       1.506621036,      0.4038879107,       2.358451221
        480,           0,          20,         2.385e-05,             5e-08,      -3.917581268,      -1.218678117,      -1.073345919,       1.456083924,      0.3908042174,       2.088931142
        480,           0,          29,         2.385e-05,             5e-08,      -3.954344597,      -1.231864602,      -1.080823962,       1.424805674,      0.3834082294,       1.859689399
        481,           0,           0,          2.39e-05,             5e-08,      -2.575627034,      0.1169907061,     -0.1037867749,       2.763714448,       1.619421053,       2.754402219
        481,           0,          10,          2.39e-05,             5e-08,      -3.858090786,      -1.194360281,      -1.061646586,       1.507060933,      0.4043995571,       2.357501476
        481,           0,          20,          2.39e-05,             5e-08,      -3.917021433,      -1.218231979,      -1.072638313,       1.456601196,      0.3913317507,        2.08806669
        481,           0,          29,          2.39e-05,             5e-08,      -3.953727367,      -1.231404842,       -1.08010928,         1.4253656,      0.3839405921,       1.858639806
        482,           0,           0,         2.395e-05,             5e-08,      -2.575627306,      0.1169185385,     -0.1037987677,        2.76371582,       1.619340232,       2.753454848
        482,           0,          10,         2.395e-05,             5e-08,      -3.857628935,      -1.193952593,      -1.060956671,       1.507499712,      0.4049101296,       2.356568867
        482,           0,          20,         2.395e-05,             5e-08,      -3.916463007,      -1.217786935,      -1.071932494,       1.457117168,      0.3918581257,       2.087224513
        482,           0,          29,         2.395e-05,             5e-08,        -3.9531117,      -1.230946208,      -1.079396387,       1.425924151,      0.3844717708,       1.857519379
        483,           0,           0,           2.4e-05,             5e-08,      -2.575564884,      0.1169300013,     -0.1037869414,        2.76377423,       1.619416334,       2.752565743
        483,           0,          10,           2.4e-05,             5e-08,      -3.857168091,      -1.193545859,       -1.06026834,       1.507937626,       0.405419631,       2.355644099
        483,           0,          20,           2.4e-05,             5e-08,      -3.915905845,      -1.217342974,      -1.071228537,       1.457632074,      0.3923833475,       2.086263136
        483,           0,          29,           2.4e-05,             5e-08,      -3.952497533,      -1.230488686,      -1.078685186,       1.426481424,      0.3850017712,       1.856498986
        484,           0,           0,         2.405e-05,             5e-08,      -2.575557734,      0.1168693521,      -0.103796944,       2.763785504,       1.619339155,       2.751633806
        484,           0,          10,         2.405e-05,             5e-08,      -3.856708226,      -1.193140089,      -1.059581326,       1.508374733,      0.4059280655,       2.354750164
        484,           0,          20,         2.405e-05,             5e-08,       -3.91535001,      -1.216900087,      -1.070526206,       1.458145835,       0.392907421,       2.085354819
        484,           0,          29,         2.405e-05,             5e-08,      -3.951884865,      -1.230032273,      -1.077975839,       1.427037409,      0.3855305978,       1.855562591
        485,           0,           0,          2.41e-05,             5e-08,      -2.575558803,      0.1167960927,     -0.1038099298,       2.763790111,       1.619251417,        2.75069982
        485,           0,          10,          2.41e-05,             5e-08,      -3.856249361,      -1.192735294,      -1.058895776,       1.508810995,      0.4064354373,       2.353908182
        485,           0,          20,          2.41e-05,             5e-08,      -3.914795449,      -1.216458272,       -1.06982545,       1.458658533,      0.3934303511,       2.084478497
        485,           0,          29,          2.41e-05,             5e-08,      -3.951273625,      -1.229576959,      -1.077268121,       1.427592233,      0.3860582556,       1.854636429
        486,           0,           0,         2.415e-05,             5e-08,      -2.575561016,      0.1167198208,     -0.1038235794,        2.76379466,       1.619166068,       2.749766677
        486,           0,          10,         2.415e-05,             5e-08,      -3.855791475,      -1.192331466,      -1.058211687,       1.509246455,      0.4069417484,       2.353083267
        486,           0,          20,         2.415e-05,             5e-08,      -3.914242128,       -1.21601752,      -1.069126263,       1.459170229,       0.393952138,       2.083600934
        486,           0,          29,         2.415e-05,             5e-08,      -3.950663774,      -1.229122736,      -1.076562004,       1.428145965,      0.3865847449,       1.853686788
        487,           0,           0,          2.42e-05,             5e-08,      -2.575562023,        0.11664386,     -0.1038376538,       2.763801307,       1.619085492,       2.748830375
        487,           0,          10,          2.42e-05,             5e-08,      -3.855334535,      -1.191928576,      -1.057529069,       1.509681158,       0.407447001,       2.352215118
        487,           0,          20,          2.42e-05,             5e-08,      -3.913689994,       -1.21557782,      -1.068428582,       1.459680988,      0.3944727894,       2.082667702
        487,           0,          29,          2.42e-05,             5e-08,      -3.950055248,      -1.228669593,      -1.075857421,       1.428698683,      0.3871100777,       1.852675607
        488,           0,           0,         2.425e-05,             5e-08,      -2.575561249,      0.1165692842,     -0.1038508456,       2.763810527,       1.619005108,       2.747887725
        488,           0,          10,         2.425e-05,             5e-08,      -3.854878484,       -1.19152661,      -1.056847923,       1.510115189,      0.4079511882,       2.351265898
        488,           0,          20,         2.425e-05,             5e-08,      -3.913139014,       -1.21513923,      -1.067732555,        1.46019088,       0.394992271,       2.081686193
        488,           0,          29,         2.425e-05,             5e-08,      -3.949447987,      -1.228217725,      -1.075154569,       1.429250477,      0.3876341823,       1.851622438
        489,           0,           0,          2.43e-05,             5e-08,       -2.57555853,      0.1164963049,     -0.1038631121,       2.763822506,       1.618927512,       2.746951578
        489,           0,          10,          2.43e-05,             5e-08,      -3.854423268,      -1.191125768,      -1.056168435,       1.510548583,       0.408454202,       2.350298776
        489,           0,          20,          2.43e-05,             5e-08,      -3.912589073,      -1.214701999,      -1.067038229,       1.460700022,      0.3955105062,       2.080741615
        489,           0,          29,          2.43e-05,             5e-08,      -3.948842265,      -1.227767144,      -1.074453688,       1.429800916,      0.3881570598,       1.850666496
        490,           0,           0,         2.435e-05,             5e-08,      -2.575553838,      0.1164249753,     -0.1038752088,       2.763837377,       1.618852455,       2.746044096
        490,           0,          10,         2.435e-05,             5e-08,      -3.853969085,      -1.190725843,      -1.055490554,       1.510981091,      0.4089561405,       2.349438239
        490,           0,          20,         2.435e-05,             5e-08,      -3.912040544,      -1.214265748,      -1.066345661,       1.461207932,      0.3960276276,       2.079902634
        490,           0,          29,         2.435e-05,             5e-08,      -3.948237934,      -1.227317568,      -1.073754341,       1.430350296,       0.388678805,       1.849783199
        491,           0,           0,          2.44e-05,             5e-08,       -2.57554704,      0.1163555001,     -0.1038875055,       2.763855623,       1.618779155,       2.745166952
        491,           0,          10,          2.44e-05,             5e-08,       -3.85351583,      -1.190326778,      -1.054814158,       1.511412889,      0.4094570549,       2.348685581
        491,           0,          20,          2.44e-05,             5e-08,      -3.911493325,      -1.213830475,      -1.065654673,        1.46171474,      0.3965436528,       2.079109654
        491,           0,          29,          2.44e-05,             5e-08,      -3.947634894,       -1.22686899,       -1.07305654,       1.430898775,       0.389199432,       1.848890816
        492,           0,           0,         2.445e-05,             5e-08,      -2.575538431,        0.11628771,      -0.103899254,       2.763876981,       1.618706839,       2.744287863
        492,           0,          10,         2.445e-05,             5e-08,      -3.853063512,       -1.18992859,      -1.054139282,       1.511843966,      0.4099569507,       2.347985704
        492,           0,          20,         2.445e-05,             5e-08,      -3.910947255,      -1.213396183,      -1.064965198,       1.462220711,      0.3970585854,       2.078223272
        492,           0,          29,         2.445e-05,             5e-08,      -3.947033124,      -1.226421418,      -1.072360286,       1.431446378,      0.3897189427,        1.84790055
        493,           0,           0,          2.45e-05,             5e-08,       -2.57552794,      0.1162215216,     -0.1039105665,        2.76390175,       1.618634963,       2.743378055
        493,           0,          10,          2.45e-05,             5e-08,      -3.852612206,       -1.18953129,       -1.05346593,       1.512274171,      0.4104558317,       2.347151546
        493,           0,          20,          2.45e-05,             5e-08,       -3.91040234,      -1.212962881,      -1.064277236,       1.462725819,      0.3975724283,       2.077241496
        493,           0,          29,          2.45e-05,             5e-08,      -3.946432615,      -1.225974855,      -1.071665596,       1.431993111,       0.390237339,       1.846854703
        494,           0,           0,         2.455e-05,             5e-08,      -2.575515592,      0.1161568314,     -0.1039216906,       2.763929861,        1.61856315,       2.742441967
        494,           0,          10,         2.455e-05,             5e-08,      -3.852161898,      -1.189134892,      -1.052794033,         1.5127035,      0.4109537016,        2.34626729
        494,           0,          20,         2.455e-05,             5e-08,      -3.909858491,       -1.21253056,      -1.063590774,       1.463230205,      0.3980851844,       2.076245754
        494,           0,          29,         2.455e-05,             5e-08,       -3.94583339,      -1.225529303,      -1.070972472,       1.432538927,      0.3907546243,       1.846301209
        495,           0,           0,          2.46e-05,             5e-08,      -2.575497915,      0.1160833801,     -0.1039276813,       2.763955386,       1.618514674,       2.741525128
        495,           0,          10,          2.46e-05,             5e-08,      -3.851712352,      -1.188739367,      -1.052123494,       1.513132367,      0.4114505618,       2.345399775
        495,           0,          20,          2.46e-05,             5e-08,      -3.909315751,      -1.212099212,      -1.062905847,       1.463733806,       0.398596856,       2.075274051
        495,           0,          29,          2.46e-05,             5e-08,      -3.945235463,      -1.225084755,      -1.070280913,       1.433083809,      0.3912708008,       1.845587851
        496,           0,           0,         2.465e-05,             5e-08,      -2.575475256,      0.1160323015,     -0.1039376177,       2.763996174,       1.618419695,       2.740606595
        496,           0,          10,         2.465e-05,             5e-08,      -3.851263608,      -1.188344662,      -1.051454207,       1.513560738,      0.4119464147,       2.344587423
        496,           0,          20,         2.465e-05,             5e-08,      -3.908774145,      -1.211668818,      -1.062222401,       1.464236587,       0.399107441,       2.074334298
        496,           0,          29,         2.465e-05,             5e-08,       -3.94463882,      -1.224641203,      -1.069590909,       1.433627767,      0.3917858619,       1.844799337
        497,           0,           0,          2.47e-05,             5e-08,      -2.575455916,      0.1159776417,     -0.1039500386,       2.764037093,       1.618317981,       2.739709554
        497,           0,          10,          2.47e-05,             5e-08,      -3.850815679,      -1.187950762,       -1.05078649,       1.513988559,      0.4124412398,        2.34382778
        497,           0,          20,          2.47e-05,             5e-08,      -3.908233606,      -1.211239402,      -1.061540476,       1.464738618,      0.3996169142,       2.073444329
        497,           0,          29,          2.47e-05,             5e-08,      -3.944043421,      -1.224198665,      -1.068902437,       1.434170833,      0.3922997801,        1.84394225
        498,           0,           0,         2.475e-05,             5e-08,      -2.575436754,       0.115921765,     -0.1039629626,       2.764079714,       1.618219187,       2.738827616
        498,           0,          10,         2.475e-05,             5e-08,      -3.850368481,      -1.187557664,      -1.050120265,       1.514415947,      0.4129350241,       2.343107481
        498,           0,          20,         2.475e-05,             5e-08,       -3.90769401,      -1.210810942,      -1.060860078,       1.465240117,      0.4001252873,       2.072583657
        498,           0,          29,         2.475e-05,             5e-08,      -3.943449062,      -1.223757129,      -1.068215527,       1.434713361,      0.3928125856,       1.843057492
        499,           0,           0,          2.48e-05,             5e-08,      -2.575416553,      0.1158659124,     -0.1039758682,       2.764124741,       1.618125276,       2.737952875
        499,           0,          10,          2.48e-05,             5e-08,      -3.849921875,      -1.187165355,      -1.049455476,       1.514843155,      0.4134278063,       2.342258294
        499,           0,          20,          2.48e-05,             5e-08,      -3.907154511,      -1.210383444,      -1.060181036,       1.465742552,      0.4006325865,       2.072036653
        499,           0,          29,          2.48e-05,             5e-08,      -3.942855118,      -1.223316594,      -1.067530091,       1.435256423,      0.3933242948,       1.842165459
        500,           0,           0,         2.485e-05,             5e-08,      -2.575394761,      0.1158105894,     -0.1039888296,       2.764172619,       1.618035736,       2.737071101
        500,           0,          10,         2.485e-05,             5e-08,      -3.849475846,      -1.186773859,      -1.048792123,       1.515270222,      0.4139195889,        2.34131678
        500,           0,          20,         2.485e-05,             5e-08,      -3.906616237,      -1.209956914,      -1.059503651,       1.466243966,      0.4011388155,       2.071387483
        500,           0,          29,         2.485e-05,             5e-08,      -3.942260845,       -1.22287706,      -1.066845893,       1.435801231,      0.3938349116,       1.841255975
        501,           0,           0,          2.49e-05,             5e-08,      -2.575371284,      0.1157559459,     -0.1040024039,       2.764223273,       1.617950125,       2.736189411
        501,           0,          10,          2.49e-05,             5e-08,      -3.849029788,      -1.186383183,      -1.048129945,       1.515698226,      0.4144103738,       2.340391064
        501,           0,          20,          2.49e-05,             5e-08,      -3.906077914,      -1.209531347,      -1.058827441,       1.466746536,      0.4016439775,       2.070642331
        501,           0,          29,          2.49e-05,             5e-08,      -3.941667887,       -1.22243852,      -1.066163363,       1.436345019,      0.3943444394,       1.840315099
        502,           0,           0,         2.495e-05,             5e-08,      -2.575346152,      0.1157021354,     -0.1040160902,       2.764276597,       1.617866768,       2.735318067
        502,           0,          10,         2.495e-05,             5e-08,      -3.848584463,      -1.185993324,       -1.04746916,       1.516125775,      0.4149001639,       2.339440943
        502,           0,          20,         2.495e-05,             5e-08,      -3.905540373,      -1.209106743,      -1.058152669,       1.467248821,      0.4021480757,       2.069830354
        502,           0,          29,         2.495e-05,             5e-08,      -3.941077087,      -1.222000975,      -1.065482565,       1.436886338,      0.3948528816,       1.839364085
        503,           0,           0,           2.5e-05,             5e-08,      -2.575319329,      0.1156493459,     -0.1040295628,       2.764332815,       1.617784607,       2.734452156
        503,           0,          10,           2.5e-05,             5e-08,      -3.848140366,      -1.185604308,      -1.046809898,       1.516551958,      0.4153889612,       2.338479805
        503,           0,          20,           2.5e-05,             5e-08,      -3.905004912,      -1.208683105,      -1.057479712,       1.467748552,      0.4026511136,        2.06902984
        503,           0,          29,           2.5e-05,             5e-08,      -3.940488514,       -1.22156442,       -1.06480343,       1.437425037,      0.3953602422,       1.838443942
        504,           0,           0,         2.505e-05,             5e-08,      -2.575290789,      0.1155977109,     -0.1040427578,       2.764392064,       1.617703192,       2.733593228
        504,           0,          10,         2.505e-05,             5e-08,      -3.847697538,      -1.185216142,       -1.04615215,         1.5169767,       0.415876769,       2.337535918
        504,           0,          20,         2.505e-05,             5e-08,      -3.904471535,      -1.208260432,      -1.056808468,       1.468245704,      0.4031530949,       2.068321375
        504,           0,          29,         2.505e-05,             5e-08,      -3.939901775,      -1.221128859,      -1.064125928,       1.437961795,      0.3958665266,       1.837580798
        505,           0,           0,          2.51e-05,             5e-08,      -2.575260701,      0.1155471743,     -0.1040559071,       2.764454095,        1.61762222,       2.732731827
        505,           0,          10,          2.51e-05,             5e-08,      -3.847256078,      -1.184828837,       -1.04549594,       1.517399816,      0.4163635894,       2.336608117
        505,           0,          20,          2.51e-05,             5e-08,      -3.903940066,      -1.207838717,       -1.05613888,       1.468740575,      0.4036540226,       2.067666977
        505,           0,          29,          2.51e-05,             5e-08,      -3.939317097,      -1.220694286,      -1.063450074,       1.438496213,      0.3963717375,       1.836713676
        506,           0,           0,         2.515e-05,             5e-08,      -2.575229165,      0.1154977297,     -0.1040689787,       2.764518646,       1.617541489,       2.731876392
        506,           0,          10,         2.515e-05,             5e-08,      -3.846815989,      -1.184442394,      -1.044841393,       1.517821317,      0.4168494244,       2.335682768
        506,           0,          20,         2.515e-05,             5e-08,      -3.903410218,      -1.207417957,       -1.05547089,       1.469233664,      0.4041538994,       2.066746409
        506,           0,          29,         2.515e-05,             5e-08,      -3.938734117,      -1.220260696,      -1.062775811,       1.439028901,      0.3968758774,       1.835966038
        507,           0,           0,          2.52e-05,             5e-08,      -2.575196456,       0.115449135,     -0.1040820439,       2.764585127,       1.617460876,       2.731025725
        507,           0,          10,          2.52e-05,             5e-08,      -3.846377354,      -1.184056797,      -1.044188417,       1.518241027,      0.4173342775,       2.334710042
        507,           0,          20,          2.52e-05,             5e-08,      -3.902882054,      -1.206998144,      -1.054804487,       1.469724848,      0.4046527282,       2.065802424
        507,           0,          29,          2.52e-05,             5e-08,      -3.938152786,      -1.219828084,      -1.062103128,       1.439559931,       0.397378949,       1.834990296
        508,           0,           0,         2.525e-05,             5e-08,      -2.575162635,      0.1154014439,     -0.1040948948,       2.764653455,        1.61738031,       2.730167954
        508,           0,          10,         2.525e-05,             5e-08,      -3.845940088,      -1.183672032,      -1.043536975,       1.518659088,      0.4178181391,       2.333924247
        508,           0,          20,         2.525e-05,             5e-08,      -3.902355373,      -1.206579276,      -1.054139624,       1.470214472,      0.4051504913,       2.064841305
        508,           0,          29,         2.525e-05,             5e-08,      -3.937572875,      -1.219396448,       -1.06143199,        1.44008969,      0.3978809367,       1.834007192
        509,           0,           0,          2.53e-05,             5e-08,      -2.575127756,      0.1153546615,     -0.1041073354,        2.76472358,       1.617299755,       2.729310628
        509,           0,          10,          2.53e-05,             5e-08,      -3.845503782,      -1.183288086,      -1.042886977,       1.519076241,      0.4183009955,       2.333109507
        509,           0,          20,          2.53e-05,             5e-08,       -3.90182993,      -1.206161352,      -1.053476269,       1.470702964,      0.4056472001,       2.063885339
        509,           0,          29,          2.53e-05,             5e-08,      -3.936994033,      -1.218965787,      -1.060762359,       1.440618769,      0.3983818532,       1.833035066
        510,           0,           0,         2.535e-05,             5e-08,      -2.575091952,      0.1153087784,     -0.1041195834,       2.764795344,       1.617219247,       2.728462862
        510,           0,          10,         2.535e-05,             5e-08,      -3.845068472,      -1.182904969,      -1.042238433,        1.51949243,      0.4187828764,       2.332276127
        510,           0,          20,         2.535e-05,             5e-08,      -3.901305573,      -1.205744371,      -1.052814394,       1.471190588,      0.4061428702,       2.062963125
        510,           0,          29,         2.535e-05,             5e-08,      -3.936416078,      -1.218536096,      -1.060094197,       1.441147475,      0.3988817115,       1.832100118
        511,           0,           0,          2.54e-05,             5e-08,       -2.57505548,        0.11526372,     -0.1041314153,       2.764868257,       1.617138756,       2.727625952
        511,           0,          10,          2.54e-05,             5e-08,      -3.844633493,      -1.182522683,      -1.041591197,       1.519908862,       0.419263789,       2.331461474
        511,           0,          20,          2.54e-05,             5e-08,      -3.900781461,      -1.205328329,      -1.052153905,       1.471678838,      0.4066375059,       2.062062452
        511,           0,          29,          2.54e-05,             5e-08,      -3.935838567,      -1.218107373,      -1.059427473,       1.441676577,      0.3993805152,       1.831197082
        512,           0,           0,         2.545e-05,             5e-08,      -2.574977067,      0.1152684723,     -0.1041249496,       2.764974076,        1.61720502,       2.726845019
        512,           0,          10,         2.545e-05,             5e-08,      -3.844198799,      -1.182141226,      -1.040945229,       1.520325619,      0.4197437365,       2.330638931
        512,           0,          20,         2.545e-05,             5e-08,      -3.900254896,      -1.204913226,      -1.051494385,       1.472172478,      0.4071311116,       2.061131257
        512,           0,          29,         2.545e-05,             5e-08,      -3.935259501,      -1.217679615,      -1.058761973,       1.442209536,       0.399878269,       1.830293918
        513,           0,           0,          2.55e-05,             5e-08,      -2.574933926,      0.1152353751,     -0.1041333458,       2.765054154,       1.617125621,       2.726016067
        513,           0,          10,          2.55e-05,             5e-08,      -3.843762522,      -1.181760603,      -1.040300295,       1.520746151,      0.4202227093,       2.329791352
        513,           0,          20,          2.55e-05,             5e-08,       -3.89972801,      -1.204499055,      -1.050836129,       1.472667753,      0.4076236841,       2.060233364
        513,           0,          29,          2.55e-05,             5e-08,       -3.93467949,      -1.217252817,      -1.058097709,       1.442745251,      0.4003749729,       1.829347892
        514,           0,           0,         2.555e-05,             5e-08,      -2.574899444,       0.115190603,     -0.1041435227,        2.76512604,       1.617035036,       2.725169807
        514,           0,          10,         2.555e-05,             5e-08,      -3.843327651,       -1.18138081,      -1.039656926,       1.521164934,      0.4207007104,       2.328904224
        514,           0,          20,         2.555e-05,             5e-08,      -3.899205061,      -1.204085821,      -1.050179798,        1.47315707,      0.4081152296,        2.05930701
        514,           0,          29,         2.555e-05,             5e-08,      -3.934104436,      -1.216826981,      -1.057435379,       1.443273574,      0.4008706308,       1.828407952
        515,           0,           0,          2.56e-05,             5e-08,      -2.574867544,       0.115142405,      -0.104153088,       2.765194942,       1.616942012,       2.724311759
        515,           0,          10,          2.56e-05,             5e-08,      -3.842894649,      -1.181001998,      -1.039015199,       1.521581071,      0.4211777043,       2.327993586
        515,           0,          20,          2.56e-05,             5e-08,      -3.898682906,      -1.203673839,      -1.049525055,       1.473645935,       0.408605663,       2.058348083
        515,           0,          29,          2.56e-05,             5e-08,      -3.933529215,       -1.21640256,      -1.056774673,       1.443803186,      0.4013651258,        1.82742643
        516,           0,           0,         2.565e-05,             5e-08,      -2.574836213,      0.1150936462,     -0.1041610134,       2.765262443,       1.616853612,       2.723452173
        516,           0,          10,         2.565e-05,             5e-08,      -3.842462336,      -1.180624217,      -1.038375058,       1.521996753,      0.4216536861,       2.327065808
        516,           0,          20,         2.565e-05,             5e-08,      -3.898162857,      -1.203262855,      -1.048872029,       1.474132121,      0.4090950654,        2.05738817
        516,           0,          29,         2.565e-05,             5e-08,      -3.932956975,      -1.215979023,      -1.056115646,       1.444328887,      0.4018586074,       1.826460917
        517,           0,           0,          2.57e-05,             5e-08,      -2.574804961,      0.1150452344,     -0.1041667369,       2.765328874,       1.616771165,       2.722603685
        517,           0,          10,          2.57e-05,             5e-08,      -3.842031216,      -1.180247213,      -1.037736317,       1.522411128,      0.4221287467,       2.326150881
        517,           0,          20,          2.57e-05,             5e-08,      -3.897644124,      -1.202852727,      -1.048220442,       1.474617061,       0.409583484,        2.05643684
        517,           0,          29,          2.57e-05,             5e-08,      -3.932386111,      -1.215556351,      -1.055458056,       1.444853407,      0.4023510854,       1.825484905
        518,           0,           0,         2.575e-05,             5e-08,      -2.574773921,      0.1149973137,     -0.1041697543,       2.765393813,       1.616693221,       2.721767774
        518,           0,          10,         2.575e-05,             5e-08,       -3.84160109,      -1.179870995,      -1.037099002,       1.522824538,      0.4226028895,       2.325245223
        518,           0,          20,         2.575e-05,             5e-08,      -3.897126984,      -1.202443453,      -1.047570386,       1.475100234,      0.4100709118,        2.05548325
        518,           0,          29,         2.575e-05,             5e-08,      -3.931817164,      -1.215134561,       -1.05480207,       1.445375795,      0.4028425125,       1.824511822
        519,           0,           0,          2.58e-05,             5e-08,      -2.574743467,      0.1149497095,     -0.1041695003,        2.76545649,       1.616618363,       2.720938704
        519,           0,          10,          2.58e-05,             5e-08,      -3.841172118,      -1.179495592,      -1.036463065,       1.523236707,      0.4230759785,       2.324325895
        519,           0,          20,          2.58e-05,             5e-08,       -3.89661117,      -1.202035056,      -1.046921778,       1.475582109,      0.4105571851,       2.054528283
        519,           0,          29,          2.58e-05,             5e-08,      -3.931249669,      -1.214713664,      -1.054147523,       1.445896823,      0.4033328021,       1.823524339
        520,           0,           0,         2.585e-05,             5e-08,      -2.574713711,      0.1149023652,     -0.1041662119,       2.765516846,       1.616545486,       2.720107833
        520,           0,          10,         2.585e-05,             5e-08,      -3.840744294,      -1.179120987,      -1.035828601,       1.523647599,      0.4235480886,       2.323368704
        520,           0,          20,         2.585e-05,             5e-08,      -3.896096763,       -1.20162753,      -1.046274678,       1.476062522,      0.4110424676,       2.053548907
        520,           0,          29,         2.585e-05,             5e-08,      -3.930683804,       -1.21429367,      -1.053494536,       1.446416176,      0.4038220847,       1.822501012
        521,           0,           0,          2.59e-05,             5e-08,      -2.574684911,       0.114855097,     -0.1041595713,       2.765574496,       1.616473803,       2.719263788
        521,           0,          10,          2.59e-05,             5e-08,       -3.84031791,      -1.178747188,      -1.035195549,       1.524056691,      0.4240192263,       2.322211846
        521,           0,          20,          2.59e-05,             5e-08,      -3.895583036,      -1.201220882,      -1.045628896,       1.476542745,      0.4115266517,       2.052433003
        521,           0,          29,          2.59e-05,             5e-08,      -3.930118062,      -1.213874576,      -1.052842842,       1.446936439,      0.4043102094,       1.821378138
        522,           0,           0,         2.595e-05,             5e-08,      -2.574657291,      0.1148077589,     -0.1041494167,       2.765629087,       1.616402815,       2.718348275
        522,           0,          10,         2.595e-05,             5e-08,      -3.839892494,      -1.178374169,      -1.034563908,       1.524464826,      0.4244892817,       2.321118877
        522,           0,          20,         2.595e-05,             5e-08,      -3.895070541,      -1.200815102,      -1.044984574,       1.477021803,      0.4120097459,       2.051345715
        522,           0,          29,         2.595e-05,             5e-08,      -3.929552353,      -1.213456382,      -1.052192417,       1.447457727,      0.4047972588,        1.82027735
        523,           0,           0,           2.6e-05,             5e-08,      -2.574631049,      0.1147602851,      -0.104135526,       2.765680245,       1.616332145,       2.717459255
        523,           0,          10,           2.6e-05,             5e-08,      -3.839466916,       -1.17800192,        -1.0339334,       1.524874085,      0.4249583796,       2.320062459
        523,           0,          20,           2.6e-05,             5e-08,       -3.89455728,      -1.200410196,      -1.044341363,       1.477503237,      0.4124918358,       2.050295056
        523,           0,          29,           2.6e-05,             5e-08,      -3.928987264,      -1.213039087,      -1.051543455,       1.447979055,       0.405283295,       1.819222436
        524,           0,           0,         2.605e-05,             5e-08,      -2.574606373,      0.1147124821,     -0.1041177296,       2.765727684,       1.616261542,       2.716596882
        524,           0,          10,         2.605e-05,             5e-08,      -3.839042154,      -1.177630432,      -1.033304264,       1.525282655,      0.4254265586,        2.31905026
        524,           0,          20,         2.605e-05,             5e-08,       -3.89404527,      -1.200006156,      -1.043699698,       1.477983461,       0.412972946,       2.049292429
        524,           0,          29,         2.605e-05,             5e-08,      -3.928424325,      -1.212622692,      -1.050896098,       1.448497777,      0.4057683307,       1.818209555
        525,           0,           0,          2.61e-05,             5e-08,      -2.574583525,      0.1146640724,      -0.104095315,       2.765770989,       1.616190875,       2.715757495
        525,           0,          10,          2.61e-05,             5e-08,      -3.838618306,      -1.177259685,      -1.032676488,       1.525690358,      0.4258938208,       2.318093674
        525,           0,          20,          2.61e-05,             5e-08,      -3.893535019,      -1.199602981,       -1.04305957,        1.47846156,      0.4134530799,       2.048322581
        525,           0,          29,          2.61e-05,             5e-08,      -3.927862574,      -1.212207194,      -1.050250197,        1.44901554,       0.406252371,       1.817227996
        526,           0,           0,         2.615e-05,             5e-08,      -2.574562507,      0.1146151361,     -0.1040684769,       2.765810253,       1.616120061,       2.714932213
        526,           0,          10,         2.615e-05,             5e-08,      -3.838195177,      -1.176889682,      -1.032050052,       1.526097538,       0.426360107,       2.317162972
        526,           0,          20,         2.615e-05,             5e-08,      -3.875396615,      -1.180287772,      -1.041075136,       1.490391788,      0.4301259721,       2.048097975
        526,           0,          29,         2.615e-05,             5e-08,      -3.927302013,      -1.211792595,      -1.049605774,       1.449532359,       0.406735264,       1.816260634
        527,           0,           0,          2.62e-05,             5e-08,      -2.574519926,      0.1145811866,     -0.1040246613,       2.765856502,       1.616103984,       2.714142495
        527,           0,          10,          2.62e-05,             5e-08,      -3.837772015,      -1.176520432,      -1.031424807,        1.52650558,      0.4268253512,       2.316232474
        527,           0,          20,          2.62e-05,             5e-08,      -3.892517072,      -1.198799218,      -1.041783575,       1.479416191,      0.4144101219,       2.046445392
        527,           0,          29,          2.62e-05,             5e-08,      -3.926742979,      -1.211378891,      -1.048962851,       1.450047634,      0.4072171404,       1.815292507
        528,           0,           0,         2.625e-05,             5e-08,      -2.574495615,      0.1145426577,      -0.103986846,       2.765894419,       1.616009317,       2.713309276
        528,           0,          10,         2.625e-05,             5e-08,      -3.837349533,      -1.176151927,      -1.030800622,       1.526913168,      0.4272896728,       2.315295482
        528,           0,          20,         2.625e-05,             5e-08,      -3.892009961,      -1.198398637,       -1.04114748,       1.479891685,      0.4148871296,       2.045487723
        528,           0,          29,         2.625e-05,             5e-08,      -3.926185436,      -1.210966086,      -1.048321112,       1.450561431,      0.4076980014,       1.814308467
        529,           0,           0,          2.63e-05,             5e-08,      -2.574479383,      0.1144970166,     -0.1039466209,       2.765924346,       1.615907404,       2.712460505
        529,           0,          10,          2.63e-05,             5e-08,       -3.83692817,      -1.175784184,      -1.030177673,       1.527319501,      0.4277530333,        2.31433395
        529,           0,          20,          2.63e-05,             5e-08,      -3.891504246,      -1.197998924,      -1.040512632,       1.480365684,      0.4153631346,       2.044498605
        529,           0,          29,          2.63e-05,             5e-08,      -3.925629336,      -1.210554178,      -1.047680653,       1.451073818,      0.4081778512,       1.813291144
        530,           0,           0,         2.635e-05,             5e-08,      -2.574466951,      0.1144478489,      -0.103902486,       2.765949133,       1.615809161,       2.711606699
        530,           0,          10,         2.635e-05,             5e-08,      -3.836508465,      -1.175417204,      -1.029556279,       1.527723562,      0.4282154763,       2.313320654
        530,           0,          20,         2.635e-05,             5e-08,      -3.890999949,      -1.197600084,      -1.039879296,       1.480838132,      0.4158381696,       2.043477877
        530,           0,          29,         2.635e-05,             5e-08,      -3.925074606,      -1.210143173,      -1.047041668,       1.451584906,      0.4086567133,       1.812256761
        531,           0,           0,          2.64e-05,             5e-08,      -2.574456599,      0.1143967277,     -0.1038537014,       2.765970076,       1.615716607,       2.710749425
        531,           0,          10,          2.64e-05,             5e-08,      -3.836089859,      -1.175050974,      -1.028936322,        1.52812638,      0.4286770084,       2.312336893
        531,           0,          20,          2.64e-05,             5e-08,      -3.890496803,      -1.197202102,      -1.039247401,       1.481309507,      0.4163122372,       2.042484278
        531,           0,          29,          2.64e-05,             5e-08,      -3.924521098,      -1.209733057,      -1.046404154,       1.452094944,      0.4091345902,       1.811252348
        532,           0,           0,         2.645e-05,             5e-08,      -2.574447469,       0.114344483,     -0.1037996961,       2.765988227,       1.615629033,       2.709909681
        532,           0,          10,         2.645e-05,             5e-08,      -3.835672164,      -1.174685481,       -1.02831777,       1.528528302,      0.4291376326,       2.311392767
        532,           0,          20,         2.645e-05,             5e-08,      -3.889994737,      -1.196804978,      -1.038616957,       1.481779926,      0.4167853404,       2.041527626
        532,           0,          29,         2.645e-05,             5e-08,      -3.923968722,       -1.20932383,       -1.04576809,       1.452604083,      0.4096114852,       1.810296897
        533,           0,           0,          2.65e-05,             5e-08,      -2.574439004,      0.1142916921,     -0.1037407468,       2.766004537,       1.615545199,       2.709087932
        533,           0,          10,          2.65e-05,             5e-08,      -3.835255321,      -1.174320714,      -1.027700584,       1.528929439,      0.4295973456,       2.310526802
        533,           0,          20,          2.65e-05,             5e-08,      -3.889493651,        -1.1964087,      -1.037987908,       1.482249574,      0.4172574455,       2.040635065
        533,           0,          29,          2.65e-05,             5e-08,      -3.923417395,      -1.208915487,      -1.045133455,       1.453112467,      0.4100873423,       1.809384121
        534,           0,           0,         2.655e-05,             5e-08,       -2.57443075,      0.1142386577,     -0.1036771169,       2.766019899,        1.61546398,        2.70827634
        534,           0,          10,         2.655e-05,             5e-08,      -3.834839233,      -1.173956658,      -1.027084748,       1.529329989,      0.4300560272,        2.30968875
        534,           0,          20,         2.655e-05,             5e-08,      -3.888993509,      -1.196013273,       -1.03736027,       1.482718521,      0.4177284692,       2.039757816
        534,           0,          29,         2.655e-05,             5e-08,      -3.922867031,      -1.208508027,      -1.044500229,       1.453620246,       0.410562114,       1.808462629
        535,           0,           0,          2.66e-05,             5e-08,      -2.574422453,      0.1141855674,     -0.1036092513,       2.766034876,       1.615384497,       2.707476613
        535,           0,          10,          2.66e-05,             5e-08,      -3.834423823,      -1.173593304,      -1.026470235,       1.529730071,      0.4305137565,       2.308860554
        535,           0,          20,          2.66e-05,             5e-08,      -3.888494193,      -1.195618698,      -1.036733976,       1.483186963,      0.4181985148,         2.0388593
        535,           0,          29,          2.66e-05,             5e-08,      -3.922317567,       -1.20810145,      -1.043868389,       1.454127506,      0.4110359057,       1.807527446
        536,           0,           0,         2.665e-05,             5e-08,      -2.574413615,      0.1141328175,     -0.1035370896,       2.766050491,       1.615306142,       2.706673423
        536,           0,          10,         2.665e-05,             5e-08,      -3.834009072,      -1.173230651,      -1.025857067,       1.530129702,      0.4309705832,       2.308057726
        536,           0,          20,         2.665e-05,             5e-08,      -3.887995694,      -1.195224975,      -1.036109088,       1.483654887,      0.4186676042,       2.037936869
        536,           0,          29,         2.665e-05,             5e-08,      -3.921768947,      -1.207695758,      -1.043237938,        1.45463435,      0.4115087247,       1.806563696
        537,           0,           0,          2.67e-05,             5e-08,       -2.57440373,      0.1140807539,     -0.1034609174,       2.766067818,       1.615228463,       2.705862251
        537,           0,          10,          2.67e-05,             5e-08,      -3.833594943,       -1.17286873,      -1.025245155,       1.530528963,      0.4314265115,        2.30719387
        537,           0,          20,          2.67e-05,             5e-08,      -3.887497938,      -1.194832117,      -1.035485408,        1.48412246,      0.4191357404,       2.036982121
        537,           0,          29,          2.67e-05,             5e-08,      -3.921221092,      -1.207290957,      -1.042608795,       1.455140909,      0.4119805729,       1.805568581
        538,           0,           0,         2.675e-05,             5e-08,      -2.574392446,      0.1140293679,     -0.1033809354,       2.766087569,         1.6151509,       2.705042282
        538,           0,          10,         2.675e-05,             5e-08,       -3.83318148,      -1.172507563,      -1.024634496,       1.530927756,      0.4318815444,       2.306253045
        538,           0,          20,         2.675e-05,             5e-08,      -3.887000869,      -1.194440123,      -1.034863213,       1.484589707,      0.4196029262,        2.03600033
        538,           0,          29,         2.675e-05,             5e-08,       -3.92067419,      -1.206887033,      -1.041981081,       1.455646839,      0.4124514535,       1.804546216
        539,           0,           0,          2.68e-05,             5e-08,      -2.574379023,      0.1139792381,     -0.1032975881,       2.766111355,       1.615073334,       2.704213935
        539,           0,          10,          2.68e-05,             5e-08,      -3.832768334,      -1.172147145,      -1.024025157,       1.531326705,      0.4323356809,       2.305276796
        539,           0,          20,          2.68e-05,             5e-08,      -3.886504528,      -1.194048984,      -1.034242315,       1.485056607,      0.4200691619,       2.035022455
        539,           0,          29,          2.68e-05,             5e-08,      -3.920128369,      -1.206483981,      -1.041354764,       1.456151925,       0.412921369,       1.803570103
        540,           0,           0,         2.685e-05,             5e-08,      -2.574362752,      0.1139308495,     -0.1032118409,       2.766140627,       1.614995719,       2.703389793
        540,           0,          10,         2.685e-05,             5e-08,      -3.832355888,      -1.171787497,       -1.02341713,       1.531725138,      0.4327889186,       2.304406474
        540,           0,          20,         2.685e-05,             5e-08,      -3.886009172,      -1.193658693,      -1.033622801,       1.485522695,      0.4205344481,       2.034110167
        540,           0,          29,         2.685e-05,             5e-08,      -3.919583649,        -1.2060818,      -1.040729856,       1.456656136,      0.4133903241,       1.802628004
        541,           0,           0,          2.69e-05,             5e-08,      -2.574318849,      0.1139052162,     -0.1031118914,       2.766190481,       1.615060639,       2.702640559
        541,           0,          10,          2.69e-05,             5e-08,      -3.831944216,      -1.171428633,      -1.022810387,       1.532122904,      0.4332412631,       2.303602573
        541,           0,          20,          2.69e-05,             5e-08,      -3.885514786,      -1.193269251,       -1.03300464,       1.485987982,      0.4209987968,       2.033216832
        541,           0,          29,          2.69e-05,             5e-08,      -3.919040029,      -1.205680484,      -1.040106328,        1.45715945,      0.4138583249,       1.801690367
        542,           0,           0,         2.695e-05,             5e-08,      -2.574287917,      0.1138727941,     -0.1030204952,       2.766241751,       1.614977966,       2.701852368
        542,           0,          10,         2.695e-05,             5e-08,      -3.831533316,      -1.171070547,      -1.022204962,       1.532519993,      0.4336927269,       2.302803598
        542,           0,          20,         2.695e-05,             5e-08,      -3.885021362,      -1.192880647,      -1.032387845,       1.486452471,      0.4214622118,       2.032296353
        542,           0,          29,         2.695e-05,             5e-08,      -3.918497497,      -1.205280035,      -1.039484198,       1.457661888,       0.414325362,       1.800742538
        543,           0,           0,           2.7e-05,             5e-08,      -2.574259665,       0.113832836,     -0.1029308185,       2.766296557,        1.61487982,       2.701053071
        543,           0,          10,           2.7e-05,             5e-08,      -3.831123191,      -1.170713234,      -1.021600805,       1.532916421,      0.4341432552,       2.301968558
        543,           0,          20,           2.7e-05,             5e-08,       -3.88452887,      -1.192492893,      -1.031772379,       1.486916239,      0.4219246068,       2.031352319
        543,           0,          29,           2.7e-05,             5e-08,      -3.917956012,      -1.204880451,      -1.038863405,       1.458163535,      0.4147913674,       1.799779455
        544,           0,           0,         2.705e-05,             5e-08,      -2.574227592,      0.1137927515,     -0.1028414947,       2.766361543,       1.614785588,       2.700234537
        544,           0,          10,         2.705e-05,             5e-08,      -3.830713828,      -1.170356707,      -1.020997968,       1.533312193,      0.4345928589,       2.301097742
        544,           0,          20,         2.705e-05,             5e-08,      -3.884037307,      -1.192105973,      -1.031158268,       1.487379277,      0.4223860562,       2.030417649
        544,           0,          29,         2.705e-05,             5e-08,      -3.917415536,      -1.204481731,      -1.038244008,       1.458664452,      0.4152564214,       1.798830843
        545,           0,           0,          2.71e-05,             5e-08,       -2.57418908,      0.1137554642,     -0.1027523158,       2.766439642,       1.614698401,       2.699403239
        545,           0,          10,          2.71e-05,             5e-08,      -3.830305195,      -1.170000966,      -1.020396377,       1.533707383,      0.4350415259,       2.300237312
        545,           0,          20,          2.71e-05,             5e-08,      -3.883546633,      -1.191719896,       -1.03054547,       1.487841666,      0.4228464084,       2.029497541
        545,           0,          29,          2.71e-05,             5e-08,       -3.91687604,       -1.20408387,       -1.03762592,       1.459164689,      0.4157202932,       1.797877901
        546,           0,           0,         2.715e-05,             5e-08,      -2.574142568,      0.1137224049,     -0.1026636316,       2.766533338,       1.614617412,       2.698577487
        546,           0,          10,         2.715e-05,             5e-08,      -3.829897287,      -1.169645993,      -1.019796097,        1.53410198,       0.435489006,       2.299399372
        546,           0,          20,         2.715e-05,             5e-08,      -3.883056865,      -1.191334749,      -1.029934099,       1.488303326,      0.4233056044,       2.028582118
        546,           0,          29,         2.715e-05,             5e-08,      -3.916337556,      -1.203687098,       -1.03700941,       1.459664103,      0.4161830472,       1.796906143
        547,           0,           0,          2.72e-05,             5e-08,      -2.574086955,      0.1136944774,     -0.1025766665,       2.766644699,       1.614541037,       2.697764168
        547,           0,          10,          2.72e-05,             5e-08,      -3.829490113,      -1.169292135,       -1.01919736,       1.534495891,      0.4359355136,       2.298558595
        547,           0,          20,          2.72e-05,             5e-08,      -3.882568036,      -1.190950756,      -1.029324289,       1.488764169,      0.4237637997,       2.027634221
        547,           0,          29,          2.72e-05,             5e-08,      -3.915800154,      -1.203291362,      -1.036394331,       1.460162638,      0.4166448145,       1.795899659
        548,           0,           0,         2.725e-05,             5e-08,      -2.574021263,      0.1136722248,     -0.1024918329,       2.766775727,       1.614467869,       2.696955352
        548,           0,          10,         2.725e-05,             5e-08,      -3.829083722,      -1.168938994,      -1.018599915,       1.534889146,      0.4363811589,       2.297669554
        548,           0,          20,         2.725e-05,             5e-08,      -3.882080219,       -1.19056749,      -1.028715748,       1.489224198,      0.4242210641,        2.02664479
        548,           0,          29,         2.725e-05,             5e-08,       -3.91526391,      -1.202896376,      -1.035780588,       1.460660244,      0.4171056059,       1.794872421
        549,           0,           0,          2.73e-05,             5e-08,      -2.573944695,      0.1136561299,     -0.1024099596,       2.766928088,       1.614396839,       2.696137861
        549,           0,          10,          2.73e-05,             5e-08,      -3.828678141,       -1.16858652,       -1.01800366,       1.535281703,      0.4368257606,         2.2967266
        549,           0,          20,          2.73e-05,             5e-08,      -3.881593445,      -1.190184977,      -1.028108481,       1.489683331,      0.4246771885,       2.025649071
        549,           0,          29,          2.73e-05,             5e-08,      -3.914728842,      -1.202502162,      -1.035168102,       1.461156858,      0.4175652605,       1.793852768
        550,           0,           0,         2.735e-05,             5e-08,      -2.573856381,      0.1136466271,     -0.1023318331,       2.767103561,       1.614327181,       2.695305925
        550,           0,          10,         2.735e-05,             5e-08,      -3.828273397,       -1.16823472,      -1.017408635,       1.535673488,      0.4372694715,       2.295817842
        550,           0,          20,         2.735e-05,             5e-08,      -3.881107743,      -1.189803222,      -1.027502497,       1.490141492,       0.425132541,       2.024684074
        550,           0,          29,         2.735e-05,             5e-08,      -3.914194998,      -1.202108742,      -1.034556971,       1.461652372,       0.418024196,       1.792863425
        551,           0,           0,          2.74e-05,             5e-08,      -2.573755584,       0.113644088,     -0.1022584021,       2.767303692,       1.614258369,       2.694478767
        551,           0,          10,          2.74e-05,             5e-08,      -3.827869545,      -1.167883575,       -1.01681483,       1.536064397,       0.437712594,        2.29495109
        551,           0,          20,          2.74e-05,             5e-08,      -3.880623172,      -1.189422238,      -1.026897849,       1.490598592,      0.4255871972,       2.023765292
        551,           0,          29,          2.74e-05,             5e-08,      -3.913662501,      -1.201716123,      -1.033947187,       1.462146588,      0.4184823644,       1.791884639
        552,           0,           0,         2.745e-05,             5e-08,      -2.573641545,      0.1136487594,       -0.10219043,       2.767529985,       1.614190053,       2.693659022
        552,           0,          10,         2.745e-05,             5e-08,      -3.827466549,      -1.167533082,       -1.01622224,       1.536454493,      0.4381549294,       2.294140591
        552,           0,          20,         2.745e-05,             5e-08,      -3.880139632,      -1.189042013,      -1.026294428,       1.491054764,      0.4260410246,       2.022870722
        552,           0,          29,         2.745e-05,             5e-08,      -3.913131186,      -1.201324296,      -1.033338666,       1.462639747,      0.4189397674,       1.790942427
        553,           0,           0,          2.75e-05,             5e-08,       -2.57351349,      0.1136611662,     -0.1021286688,         2.7677841,       1.614121995,       2.692848721
        553,           0,          10,          2.75e-05,             5e-08,      -3.827064402,      -1.167183256,      -1.015630881,       1.536843806,      0.4385967752,       2.293365679
        553,           0,          20,          2.75e-05,             5e-08,      -3.879657187,      -1.188662568,      -1.025692309,        1.49150993,      0.4264943552,       2.021979655
        553,           0,          29,          2.75e-05,             5e-08,      -3.912600998,      -1.200933281,      -1.032731445,       1.463131971,      0.4193965621,        1.78998308
        554,           0,           0,         2.755e-05,             5e-08,      -2.573370677,      0.1136816989,     -0.1020742973,       2.768067528,       1.614054043,       2.692043054
        554,           0,          10,         2.755e-05,             5e-08,      -3.826663056,      -1.166834101,      -1.015040737,         1.5372324,      0.4390378996,       2.292577679
        554,           0,          20,         2.755e-05,             5e-08,      -3.879175785,      -1.188283905,      -1.025091466,       1.491964151,      0.4269468087,       2.021065405
        554,           0,          29,         2.755e-05,             5e-08,      -3.912071749,      -1.200543074,      -1.032125497,       1.463623564,       0.419852426,       1.788992964
        555,           0,           0,          2.76e-05,             5e-08,       -2.57321247,      0.1137108658,     -0.1020277167,       2.768381599,       1.613986102,       2.691233991
        555,           0,          10,          2.76e-05,             5e-08,      -3.826262468,      -1.166485642,      -1.014451811,       1.537620346,       0.439478139,       2.291744714
        555,           0,          20,          2.76e-05,             5e-08,      -3.878695308,      -1.187906025,      -1.024491889,       1.492417634,      0.4273983089,       2.020114464
        555,           0,          29,          2.76e-05,             5e-08,       -3.91154335,       -1.20015368,      -1.031520867,       1.464114677,      0.4203073312,       1.787981468
        556,           0,           0,         2.765e-05,             5e-08,      -2.573038329,      0.1137489725,     -0.1019898687,       2.768727296,       1.613918126,       2.690411017
        556,           0,          10,         2.765e-05,             5e-08,      -3.825862473,      -1.166137886,      -1.013864096,       1.538007934,      0.4399174466,        2.29087133
        556,           0,          20,         2.765e-05,             5e-08,      -3.878215449,      -1.187528931,      -1.023893545,       1.492870923,      0.4278487825,       2.019140585
        556,           0,          29,         2.765e-05,             5e-08,      -3.911015862,      -1.199765095,      -1.030917498,       1.464605206,      0.4207611802,       1.786955749
        557,           0,           0,          2.77e-05,             5e-08,      -2.572847895,      0.1137962218,     -0.1019617447,       2.769105299,       1.613850077,       2.689581227
        557,           0,          10,          2.77e-05,             5e-08,      -3.825463062,      -1.165790847,      -1.013277572,       1.538395178,       0.440355869,       2.289974283
        557,           0,          20,          2.77e-05,             5e-08,      -3.877736415,      -1.187152628,      -1.023296459,       1.493323637,      0.4282984597,       2.018162173
        557,           0,          29,          2.77e-05,             5e-08,      -3.910489386,      -1.199377327,      -1.030315408,       1.465094955,      0.4212143158,       1.785944933
        558,           0,           0,         2.775e-05,             5e-08,      -2.572640682,      0.1138528944,     -0.1019433147,       2.769516488,       1.613781947,       2.688758192
        558,           0,          10,         2.775e-05,             5e-08,      -3.825064417,      -1.165444503,       -1.01269228,       1.538781738,      0.4407936952,        2.28908197
        558,           0,          20,         2.775e-05,             5e-08,      -3.877258294,      -1.186777104,      -1.022700639,       1.493775616,      0.4287474871,        2.01720251
        558,           0,          29,         2.775e-05,             5e-08,      -3.909963955,      -1.198990365,      -1.029714609,       1.465583868,      0.4216667637,       1.784925718
        559,           0,           0,          2.78e-05,             5e-08,      -2.572378535,       0.113953189,     -0.1019169241,       2.769984136,       1.613788294,       2.687998276
        559,           0,          10,          2.78e-05,             5e-08,       -3.82466644,      -1.165098832,      -1.012108191,       1.539167789,      0.4412309456,       2.288214598
        559,           0,          20,          2.78e-05,             5e-08,        -3.8767811,      -1.186402357,      -1.022106082,       1.494226832,      0.4291958594,       2.016246997
        559,           0,          29,          2.78e-05,             5e-08,      -3.909439572,      -1.198604207,      -1.029115093,       1.466071941,      0.4221184905,        1.78390932
        560,           0,           0,         2.785e-05,             5e-08,      -2.572130324,      0.1140408897,     -0.1019184005,       2.770469352,       1.613696798,       2.687201306
        560,           0,          10,         2.785e-05,             5e-08,      -3.824268977,      -1.164753846,      -1.011525302,       1.539553616,      0.4416673758,       2.287356688
        560,           0,          20,         2.785e-05,             5e-08,       -3.87630481,      -1.186028388,      -1.021512781,       1.494677331,      0.4296433271,       2.015334985
        560,           0,          29,         2.785e-05,             5e-08,      -3.908916233,      -1.198218854,      -1.028516853,        1.46655918,      0.4225692942,       1.782923237
        561,           0,           0,          2.79e-05,             5e-08,      -2.571872229,      0.1141306286,     -0.1019348247,       2.770983269,       1.613597699,       2.686411671
        561,           0,          10,          2.79e-05,             5e-08,      -3.823872211,      -1.164409529,      -1.010943596,       1.539938871,      0.4421029795,       2.286501086
        561,           0,          20,          2.79e-05,             5e-08,      -3.875828535,      -1.185655192,      -1.020920621,         1.4951287,      0.4300899454,       2.014419633
        561,           0,          29,          2.79e-05,             5e-08,      -3.908393725,      -1.197834304,      -1.027919869,       1.467045956,      0.4230192557,       1.781924846
        562,           0,           0,         2.795e-05,             5e-08,      -2.571599453,      0.1142266558,     -0.1019638886,        2.77152872,       1.613502682,       2.685624758
        562,           0,          10,         2.795e-05,             5e-08,      -3.823475817,      -1.164065851,      -1.010362721,       1.540324174,      0.4425378422,       2.285680212
        562,           0,          20,         2.795e-05,             5e-08,        -3.8753511,      -1.185282754,      -1.020329248,       1.495583039,      0.4305357657,        2.01352476
        562,           0,          29,         2.795e-05,             5e-08,      -3.907868626,      -1.197450541,      -1.027323706,        1.46753823,      0.4234683835,       1.780965359
        563,           0,           0,           2.8e-05,             5e-08,      -2.571310245,      0.1143308357,     -0.1020045767,       2.772106686,       1.613413786,       2.684846589
        563,           0,          10,           2.8e-05,             5e-08,      -3.823078395,      -1.163722852,      -1.009782881,       1.540712106,      0.4429718968,       2.284858763
        563,           0,          20,           2.8e-05,             5e-08,      -3.874874262,      -1.184911115,      -1.019739186,       1.496037209,       0.430980738,       2.012615484
        563,           0,          29,           2.8e-05,             5e-08,       -3.90734572,        -1.1970676,      -1.026728924,       1.468027621,      0.4239166637,       1.779998022
        564,           0,           0,         2.805e-05,             5e-08,      -2.571004672,      0.1144436613,     -0.1020577682,        2.77271605,       1.613330171,       2.684068245
        564,           0,          10,         2.805e-05,             5e-08,       -3.82268277,      -1.163380528,      -1.009204599,       1.541097417,      0.4434052258,       2.284037972
        564,           0,          20,         2.805e-05,             5e-08,      -3.874400261,      -1.184540266,      -1.019150627,       1.496487162,      0.4314249889,       2.011702092
        564,           0,          29,         2.805e-05,             5e-08,       -3.90682493,      -1.196685466,       -1.02613553,        1.46851428,      0.4243642375,       1.779026702
        565,           0,           0,          2.81e-05,             5e-08,       -2.57068292,      0.1145653219,     -0.1021231914,       2.773356073,       1.613250459,       2.683284448
        565,           0,          10,          2.81e-05,             5e-08,      -3.822288325,      -1.163038883,      -1.008627697,       1.541481229,       0.443837827,       2.283212702
        565,           0,          20,          2.81e-05,             5e-08,       -3.87392755,      -1.184170197,      -1.018563432,       1.496935682,      0.4318683527,       2.010804046
        565,           0,          29,          2.81e-05,             5e-08,       -3.90630553,      -1.196304133,      -1.025543494,       1.468999491,      0.4248108275,       1.778033148
        566,           0,           0,         2.815e-05,             5e-08,      -2.570345586,      0.1146956939,     -0.1022007208,       2.774025367,       1.613173418,       2.682489189
        566,           0,          10,         2.815e-05,             5e-08,      -3.821894663,      -1.162697928,      -1.008051967,        1.54186432,      0.4442695283,       2.282373731
        566,           0,          20,         2.815e-05,             5e-08,      -3.873456325,      -1.183800899,       -1.01797755,       1.497382402,      0.4323108342,       2.009911554
        566,           0,          29,         2.815e-05,             5e-08,      -3.905787501,      -1.195923585,      -1.024952632,       1.469483227,      0.4252565801,       1.777072476
        567,           0,           0,          2.82e-05,             5e-08,      -2.569993441,      0.1148344341,     -0.1022905243,       2.774722236,       1.613098099,       2.681690896
        567,           0,          10,          2.82e-05,             5e-08,      -3.821501657,       -1.16235769,      -1.007477339,       1.542246903,      0.4447005084,       2.281499281
        567,           0,          20,          2.82e-05,             5e-08,      -3.872986049,      -1.183432382,      -1.017392875,       1.497828285,      0.4327525547,       2.009048745
        567,           0,          29,          2.82e-05,             5e-08,      -3.905270962,      -1.195543838,      -1.024363116,       1.469965324,      0.4257015725,       1.776121026
        568,           0,           0,         2.825e-05,             5e-08,      -2.569627554,      0.1149812306,     -0.1023923797,       2.775444556,       1.613023819,       2.680896083
        568,           0,          10,         2.825e-05,             5e-08,      -3.821109492,       -1.16201818,      -1.006903867,       1.542628639,      0.4451308074,       2.280563256
        568,           0,          20,         2.825e-05,             5e-08,        -3.8725169,      -1.183064643,      -1.016809403,       1.498273009,      0.4331935557,       2.008175427
        568,           0,          29,         2.825e-05,             5e-08,      -3.904755847,      -1.195164887,      -1.023774953,       1.470445906,      0.4261457774,       1.775142366
        569,           0,           0,          2.83e-05,             5e-08,      -2.569248883,      0.1151357525,     -0.1025060072,       2.776190383,       1.612950104,       2.680085393
        569,           0,          10,          2.83e-05,             5e-08,      -3.820718224,      -1.161679399,      -1.006331557,       1.543009427,      0.4455602368,       2.279637741
        569,           0,          20,          2.83e-05,             5e-08,      -3.872048814,      -1.182697676,       -1.01622711,       1.498716686,      0.4336336053,       2.007281988
        569,           0,          29,          2.83e-05,             5e-08,      -3.904242439,      -1.194786728,      -1.023188156,       1.470924482,      0.4265890411,       1.774128245
        570,           0,           0,         2.835e-05,             5e-08,      -2.568858591,      0.1152974438,     -0.1026307057,       2.776957288,       1.612876642,       2.679263421
        570,           0,          10,         2.835e-05,             5e-08,      -3.820327969,      -1.161341351,      -1.005760474,       1.543389059,      0.4459888482,       2.278736928
        570,           0,          20,         2.835e-05,             5e-08,      -3.871582049,      -1.182331477,      -1.015646221,       1.499158885,      0.4340728438,        2.00631659
        570,           0,          29,         2.835e-05,             5e-08,      -3.903730546,      -1.194409358,      -1.022602666,       1.471401369,      0.4270315074,       1.773128195
        571,           0,           0,          2.84e-05,             5e-08,      -2.568449949,      0.1154618939,     -0.1027592717,       2.777740582,       1.612935864,       2.678488722
        571,           0,          10,          2.84e-05,             5e-08,      -3.819939041,      -1.161004022,      -1.005190683,       1.543766955,      0.4464167573,        2.27782783
        571,           0,          20,          2.84e-05,             5e-08,      -3.871117041,      -1.181966046,       -1.01506674,       1.499598834,      0.4345113075,       2.005352766
        571,           0,          29,          2.84e-05,             5e-08,      -3.903219982,      -1.194032775,      -1.022018456,       1.471876901,      0.4274731631,       1.772159828
        572,           0,           0,         2.845e-05,             5e-08,      -2.568033996,      0.1156472784,     -0.1029029694,       2.778546534,       1.612851987,       2.677662689
        572,           0,          10,         2.845e-05,             5e-08,      -3.819551562,      -1.160667411,      -1.004622219,       1.544142897,      0.4468438557,       2.276916739
        572,           0,          20,         2.845e-05,             5e-08,      -3.870653524,      -1.181601379,      -1.014488567,       1.500036994,      0.4349489287,       2.004376963
        572,           0,          29,         2.845e-05,             5e-08,      -3.902710659,      -1.193656977,      -1.021435503,       1.472351207,      0.4279139648,       1.771289157
        573,           0,           0,          2.85e-05,             5e-08,      -2.567617769,      0.1158288404,     -0.1030584358,       2.779359327,       1.612756374,       2.676828935
        573,           0,          10,          2.85e-05,             5e-08,      -3.819165156,      -1.160331503,       -1.00405507,       1.544517579,      0.4472701629,        2.27600477
        573,           0,          20,          2.85e-05,             5e-08,      -3.870190975,      -1.181237471,      -1.013911605,       1.500474277,      0.4353857162,       2.003417805
        573,           0,          29,          2.85e-05,             5e-08,      -3.902202214,       -1.19328196,      -1.020853753,       1.472824909,      0.4283539337,       1.770313544
        574,           0,           0,         2.855e-05,             5e-08,      -2.567198163,      0.1160114821,     -0.1032226795,       2.780179343,       1.612664624,        2.67600728
        574,           0,          10,         2.855e-05,             5e-08,      -3.818779608,      -1.159996269,      -1.003489119,       1.544891377,      0.4476957623,       2.275119976
        574,           0,          20,         2.855e-05,             5e-08,      -3.869729249,      -1.180874317,      -1.013335871,       1.500910951,      0.4358218109,       2.002474738
        574,           0,          29,         2.855e-05,             5e-08,      -3.901694572,      -1.192907722,      -1.020273236,       1.473298147,      0.4287932151,        1.76927661
        575,           0,           0,          2.86e-05,             5e-08,      -2.566775569,      0.1161963169,     -0.1033943448,       2.781003697,       1.612579793,       2.675205248
        575,           0,          10,          2.86e-05,             5e-08,       -3.81839468,      -1.159661688,      -1.002924295,       1.545264726,      0.4481206599,       2.274252384
        575,           0,          20,          2.86e-05,             5e-08,      -3.869268166,      -1.180511901,      -1.012761225,       1.501347299,      0.4362571087,       2.001531993
        575,           0,          29,          2.86e-05,             5e-08,      -3.901187532,      -1.192534247,      -1.019693819,       1.473771224,      0.4292316575,       1.768275523
        576,           0,           0,         2.865e-05,             5e-08,      -2.566350822,      0.1163835152,     -0.1035715623,       2.781830125,       1.612501118,       2.674418951
        576,           0,          10,         2.865e-05,             5e-08,      -3.818010163,      -1.159327753,      -1.002360484,       1.545638008,      0.4485447765,       2.273481866
        576,           0,          20,         2.865e-05,             5e-08,      -3.868807568,      -1.180150233,      -1.012187699,       1.501783621,      0.4366915838,       2.000651135
        576,           0,          29,         2.865e-05,             5e-08,      -3.900681009,      -1.192161548,      -1.019115557,       1.474244316,      0.4296692623,       1.767330601
        577,           0,           0,          2.87e-05,             5e-08,      -2.565925495,       0.116572437,     -0.1037532074,       2.782655422,       1.612427102,       2.673663352
        577,           0,          10,          2.87e-05,             5e-08,      -3.817625978,       -1.15899448,      -1.001797836,       1.546011367,      0.4489680904,       2.272671748
        577,           0,          20,          2.87e-05,             5e-08,      -3.868347376,      -1.179789323,      -1.011615289,       1.502220041,      0.4371251687,       1.999772337
        577,           0,          29,          2.87e-05,             5e-08,      -3.900174973,      -1.191789629,      -1.018538444,       1.474717464,      0.4301059418,       1.766401358
        578,           0,           0,         2.875e-05,             5e-08,      -2.565501979,      0.1167619192,     -0.1039382664,       2.783474948,       1.612356395,       2.672900072
        578,           0,          10,         2.875e-05,             5e-08,      -3.817241889,      -1.158661856,      -1.001236224,       1.546385219,      0.4493904919,       2.271859869
        578,           0,          20,         2.875e-05,             5e-08,      -3.867887426,      -1.179429163,      -1.011043981,       1.502656857,      0.4375578449,       1.998888829
        578,           0,          29,         2.875e-05,             5e-08,      -3.899669739,      -1.191418483,      -1.017962526,       1.475190129,      0.4305417296,       1.765470082
        579,           0,           0,          2.88e-05,             5e-08,      -2.565082151,      0.1169509869,     -0.1041253291,       2.784285194,       1.612287961,       2.672130756
        579,           0,          10,          2.88e-05,             5e-08,      -3.816858328,      -1.158329885,      -1.000675721,       1.546758765,      0.4498121232,        2.27104073
        579,           0,          20,          2.88e-05,             5e-08,       -3.86742788,      -1.179069752,      -1.010473772,       1.503093761,      0.4379897607,       1.998001033
        579,           0,          29,          2.88e-05,             5e-08,      -3.899164723,      -1.191048109,      -1.017387692,       1.475663313,      0.4309767838,       1.764533696
        580,           0,           0,         2.885e-05,             5e-08,      -2.564667788,      0.1171386934,     -0.1043129327,       2.785082852,       1.612221051,       2.671350744
        580,           0,          10,         2.885e-05,             5e-08,      -3.816475215,      -1.157998549,      -1.000116319,       1.547132152,      0.4502331115,       2.270194789
        580,           0,          20,         2.885e-05,             5e-08,      -3.866969353,      -1.178711089,      -1.009904808,       1.503529678,      0.4384209734,       1.997095267
        580,           0,          29,         2.885e-05,             5e-08,      -3.898660612,      -1.190678503,      -1.016813995,       1.476135792,      0.4314111074,       1.763565528
        581,           0,           0,          2.89e-05,             5e-08,       -2.56426094,      0.1173239066,     -0.1044996804,       2.785864059,       1.612155141,       2.670559312
        581,           0,          10,          2.89e-05,             5e-08,      -3.816092388,      -1.157667868,     -0.9995579425,       1.547505663,      0.4506534141,       2.269286035
        581,           0,          20,          2.89e-05,             5e-08,      -3.866510947,       -1.17835317,       -1.00933684,       1.503966184,      0.4388514384,       1.996150861
        581,           0,          29,          2.89e-05,             5e-08,      -3.898156714,      -1.190309661,      -1.016241462,       1.476608806,       0.431844649,       1.762571005
        582,           0,           0,         2.895e-05,             5e-08,      -2.563863488,      0.1175056153,     -0.1046839464,       2.786625319,       1.612089869,       2.669761624
        582,           0,          10,         2.895e-05,             5e-08,      -3.815709941,      -1.157337859,     -0.9990006586,       1.547879139,      0.4510729535,       2.268515775
        582,           0,          20,         2.895e-05,             5e-08,      -3.866052825,      -1.177995992,      -1.008769948,       1.504403007,      0.4392810948,       1.995145535
        582,           0,          29,         2.895e-05,             5e-08,      -3.897654412,      -1.189941583,      -1.015670299,       1.477079967,       0.432277369,        1.76122731
        583,           0,           0,           2.9e-05,             5e-08,       -2.56347764,      0.1176825164,     -0.1048643691,       2.787362494,       1.612024989,       2.668963101
        583,           0,          10,           2.9e-05,             5e-08,      -3.815328231,      -1.157008483,     -0.9984444645,       1.548251911,      0.4514917169,       2.267749979
        583,           0,          20,           2.9e-05,             5e-08,       -3.86559586,       -1.17763957,      -1.008204358,        1.50483859,      0.4397099237,       1.994287035
        583,           0,          29,           2.9e-05,             5e-08,      -3.897153712,      -1.189574294,       -1.01510039,       1.477549221,      0.4327092387,       1.760319635
        584,           0,           0,         2.905e-05,             5e-08,      -2.563105119,      0.1178537113,      -0.105039543,       2.788072506,       1.611960292,       2.668230161
        584,           0,          10,         2.905e-05,             5e-08,      -3.814947275,      -1.156679802,     -0.9978894569,       1.548623972,      0.4519096888,        2.26687679
        584,           0,          20,         2.905e-05,             5e-08,      -3.865140427,       -1.17728393,      -1.007640114,       1.505272268,      0.4401379163,       1.993384626
        584,           0,          29,         2.905e-05,             5e-08,       -3.89665426,       -1.18920781,      -1.014531747,       1.478017198,      0.4331402614,       1.759369243
        585,           0,           0,          2.91e-05,             5e-08,      -2.562747748,      0.1180181468,     -0.1052081773,       2.788752016,       1.611895722,       2.667467786
        585,           0,          10,          2.91e-05,             5e-08,      -3.814567006,        -1.1563518,     -0.9973355806,       1.548995435,      0.4523268858,       2.265939016
        585,           0,          20,          2.91e-05,             5e-08,      -3.864686329,      -1.176929045,      -1.007077143,       1.505704372,      0.4405650892,       1.992452576
        585,           0,          29,          2.91e-05,             5e-08,      -3.896156021,      -1.188842101,      -1.013964343,       1.478483951,      0.4335704437,       1.758406873
        586,           0,           0,         2.915e-05,             5e-08,      -2.562407278,      0.1181749311,     -0.1053687041,        2.78939779,       1.611831217,       2.666694132
        586,           0,          10,         2.915e-05,             5e-08,      -3.814187747,      -1.156024465,     -0.9967829598,       1.549365704,      0.4527433146,       2.264977289
        586,           0,          20,         2.915e-05,             5e-08,      -3.864233463,      -1.176574901,      -1.006515416,       1.506135082,       0.440991483,       1.991507496
        586,           0,          29,         2.915e-05,             5e-08,      -3.895658928,      -1.188477166,      -1.013398165,       1.478949594,      0.4339998618,       1.757466244
        587,           0,           0,          2.92e-05,             5e-08,      -2.562085551,      0.1183229553,      -0.105519428,       2.790006456,       1.611766738,        2.66591423
        587,           0,          10,          2.92e-05,             5e-08,      -3.813809555,      -1.155697801,     -0.9962316044,       1.549734686,      0.4531589697,       2.264035033
        587,           0,          20,          2.92e-05,             5e-08,      -3.863781643,      -1.176221523,      -1.005954909,       1.506564743,      0.4414170061,        1.99054134
        587,           0,          29,          2.92e-05,             5e-08,      -3.895162891,      -1.188113023,      -1.012833206,       1.479414283,      0.4344283661,       1.756454354
        588,           0,           0,         2.925e-05,             5e-08,      -2.561783964,      0.1184614184,     -0.1056589823,       2.790575594,        1.61170226,       2.665119375
        588,           0,          10,         2.925e-05,             5e-08,      -3.813432257,       -1.15537182,     -0.9956814478,       1.550102677,      0.4535737765,        2.26312377
        588,           0,          20,         2.925e-05,             5e-08,      -3.863330749,       -1.17586903,      -1.005395717,       1.506993498,      0.4418416825,        1.98960174
        588,           0,          29,         2.925e-05,             5e-08,      -3.894667845,      -1.187749888,       -1.01226965,       1.479878034,      0.4348560239,       1.755461376
        589,           0,           0,          2.93e-05,             5e-08,      -2.561504062,      0.1185894305,     -0.1057861075,       2.791102431,       1.611637774,       2.664317752
        589,           0,          10,          2.93e-05,             5e-08,      -3.813055739,      -1.155046802,     -0.9951327774,       1.550469819,      0.4539878528,       2.262216922
        589,           0,          20,          2.93e-05,             5e-08,      -3.862880741,       -1.17551745,      -1.004837891,       1.507421464,      0.4422655835,       1.988661928
        589,           0,          29,          2.93e-05,             5e-08,      -3.894173762,      -1.187387577,      -1.011707364,       1.480341024,      0.4352828914,       1.754446415
        590,           0,           0,         2.935e-05,             5e-08,      -2.561247062,      0.1187061448,     -0.1058995791,       2.791584865,       1.611573272,       2.663517829
        590,           0,          10,         2.935e-05,             5e-08,      -3.812679942,      -1.154722311,     -0.9945850998,       1.550836338,      0.4544011966,         2.2613106
        590,           0,          20,         2.935e-05,             5e-08,      -3.862431547,      -1.175166498,      -1.004281082,       1.507848836,      0.4426887035,       1.987706044
        590,           0,          29,         2.935e-05,             5e-08,       -3.89368056,      -1.187025922,      -1.011146123,       1.480803407,      0.4357089571,       1.753470225
        591,           0,           0,          2.94e-05,             5e-08,      -2.561014273,      0.1188107032,     -0.1059981179,       2.792020567,       1.611508763,       2.662721743
        591,           0,          10,          2.94e-05,             5e-08,      -3.812304809,      -1.154398411,     -0.9940385033,       1.551202342,      0.4548137946,       2.260405311
        591,           0,          20,          2.94e-05,             5e-08,      -3.861983135,      -1.174816231,      -1.003725395,       1.508275657,      0.4431110273,       1.986760007
        591,           0,          29,          2.94e-05,             5e-08,      -3.893188211,      -1.186664989,      -1.010586028,       1.481265204,       0.436134209,       1.752461464
        592,           0,           0,         2.945e-05,             5e-08,      -2.560806683,      0.1189025587,     -0.1060805511,       2.792407866,       1.611444246,        2.66193133
        592,           0,          10,         2.945e-05,             5e-08,      -3.811930294,      -1.154075101,     -0.9934929719,       1.551567885,      0.4552256717,       2.259503727
        592,           0,          20,         2.945e-05,             5e-08,      -3.845495826,      -1.157597893,      -1.001966766,       1.518733712,      0.4587153099,       1.986816404
        592,           0,          29,         2.945e-05,             5e-08,      -3.892696648,      -1.186304771,      -1.010027061,       1.481726515,      0.4365587192,       1.751486552
        593,           0,           0,          2.95e-05,             5e-08,      -2.560576604,      0.1190305425,      -0.106122257,       2.792775176,       1.611468763,       2.661218383
        593,           0,          10,          2.95e-05,             5e-08,      -3.811556356,      -1.153752387,     -0.9929485068,       1.551933027,      0.4556367906,       2.258606613
        593,           0,          20,          2.95e-05,             5e-08,       -3.86108848,      -1.174117752,      -1.002617335,       1.509127868,      0.4439533216,       1.984859695
        593,           0,          29,          2.95e-05,             5e-08,      -3.892205835,      -1.185945269,      -1.009469218,        1.48218739,      0.4369823135,       1.750532493
        594,           0,           0,         2.955e-05,             5e-08,      -2.560414995,      0.1191077727,     -0.1061680996,       2.793068179,       1.611382311,       2.660444645
        594,           0,          10,         2.955e-05,             5e-08,       -3.81118297,      -1.153430287,     -0.9924051019,       1.552297806,       0.456047163,       2.257713092
        594,           0,          20,         2.955e-05,             5e-08,      -3.860642178,      -1.173769549,      -1.002064962,       1.509553338,      0.4443733379,       1.983891336
        594,           0,          29,         2.955e-05,             5e-08,      -3.891715763,      -1.185586486,      -1.008912497,       1.482647839,      0.4374052248,       1.749587817
        595,           0,           0,          2.96e-05,             5e-08,      -2.560288372,      0.1191623613,     -0.1061987761,       2.793304171,       1.611287957,       2.659666514
        595,           0,          10,          2.96e-05,             5e-08,      -3.810810217,      -1.153108813,     -0.9918628327,       1.552662078,      0.4564568751,        2.25683231
        595,           0,          20,          2.96e-05,             5e-08,      -3.860196614,      -1.173422041,      -1.001513746,       1.509978295,      0.4447926339,       1.982953421
        595,           0,          29,          2.96e-05,             5e-08,       -3.89122657,      -1.185228433,      -1.008356973,       1.483107641,      0.4378274048,        1.74862426
        596,           0,           0,         2.965e-05,             5e-08,      -2.560191633,      0.1191988864,     -0.1062111491,       2.793486187,       1.611197892,        2.65889034
        596,           0,          10,         2.965e-05,             5e-08,      -3.810437914,      -1.152787942,     -0.9913215444,       1.553026165,      0.4568658903,       2.255960019
        596,           0,          20,         2.965e-05,             5e-08,      -3.859751717,      -1.173075251,      -1.000963596,       1.510402838,      0.4452111433,       1.982018334
        596,           0,          29,         2.965e-05,             5e-08,      -3.890738339,       -1.18487112,      -1.007802565,       1.483566603,      0.4382487616,       1.747686506
        597,           0,           0,          2.97e-05,             5e-08,      -2.560123492,      0.1192189825,     -0.1062039289,       2.793614364,       1.611114148,       2.658118244
        597,           0,          10,          2.97e-05,             5e-08,      -3.810066184,      -1.152467706,     -0.9907813469,        1.55338985,      0.4572740906,       2.255078866
        597,           0,          20,          2.97e-05,             5e-08,      -3.859307725,      -1.172729163,      -1.000414601,       1.510826551,      0.4456288189,       1.981093213
        597,           0,          29,          2.97e-05,             5e-08,      -3.890251138,      -1.184514532,      -1.007249331,       1.484024625,      0.4386692849,        1.74674671
        598,           0,           0,         2.975e-05,             5e-08,      -2.560083793,      0.1192230555,     -0.1061765366,       2.793688303,       1.611035765,       2.657353727
        598,           0,          10,         2.975e-05,             5e-08,      -3.809695227,      -1.152148096,     -0.9902422545,       1.553752752,        0.45768154,       2.254188258
        598,           0,          20,         2.975e-05,             5e-08,      -3.858864678,      -1.172383774,     -0.9998667497,       1.511249351,      0.4460457122,       1.980133304
        598,           0,          29,         2.975e-05,             5e-08,      -3.889765009,      -1.184158664,       -1.00669726,        1.48448162,       0.439089013,        1.74578041
        599,           0,           0,          2.98e-05,             5e-08,      -2.560071949,      0.1192113991,     -0.1061290765,       2.793708847,       1.610961263,       2.656571279
        599,           0,          10,          2.98e-05,             5e-08,      -3.809325016,      -1.151829121,     -0.9897042601,       1.554114917,      0.4580882463,       2.253239699
        599,           0,          20,          2.98e-05,             5e-08,      -3.858422521,      -1.172039084,     -0.9993200346,       1.511671328,      0.4464618248,       1.979216175
        599,           0,          29,          2.98e-05,             5e-08,      -3.889279843,      -1.183803516,      -1.006146338,       1.484937772,      0.4395079501,       1.744844004
        600,           0,           0,         2.985e-05,             5e-08,      -2.560088647,      0.1191838481,     -0.1060613152,       2.793674799,       1.610889345,         2.6557859
        600,           0,          10,         2.985e-05,             5e-08,      -3.808955525,      -1.151510783,     -0.9891673617,       1.554476392,      0.4584942341,       2.252365193
        600,           0,          20,         2.985e-05,             5e-08,      -3.857981233,      -1.171695091,     -0.9987744545,       1.512092521,      0.4468772309,       1.978286461
        600,           0,          29,         2.985e-05,             5e-08,      -3.888795541,      -1.183449087,      -1.005596555,       1.485393254,      0.4399262361,       1.743913588
        601,           0,           0,          2.99e-05,             5e-08,       -2.56013296,      0.1191409497,     -0.1059735421,        2.79358791,       1.610819031,       2.655012479
        601,           0,          10,          2.99e-05,             5e-08,      -3.808586693,       -1.15119309,     -0.9886316004,       1.554837291,      0.4588997551,       2.251507515
        601,           0,          20,          2.99e-05,             5e-08,      -3.857540764,      -1.171351794,     -0.9982300431,       1.512513029,      0.4472921881,       1.977363917
        601,           0,          29,          2.99e-05,             5e-08,      -3.888312063,      -1.183095374,      -1.005047949,       1.485848153,      0.4403440422,       1.742961891
        602,           0,           0,         2.995e-05,             5e-08,      -2.560205435,      0.1190825024,      -0.105865876,       2.793447238,       1.610749622,       2.654246338
        602,           0,          10,         2.995e-05,             5e-08,      -3.808218428,      -1.150876007,     -0.9880968509,       1.555197763,       0.459304719,       2.250636193
        602,           0,          20,         2.995e-05,             5e-08,      -3.857100952,      -1.171009182,     -0.9976866781,       1.512933107,       0.447706451,       1.976398143
        602,           0,          29,         2.995e-05,             5e-08,       -3.88782942,      -1.182742362,      -1.004500418,       1.486302405,      0.4407610928,       1.741998396
        603,           0,           0,             3e-05,             5e-08,      -2.560304856,      0.1190090371,     -0.1057391005,       2.793255064,       1.610680626,       2.653481746
        603,           0,          10,             3e-05,             5e-08,      -3.807850735,      -1.150559564,     -0.9875631877,       1.555557813,      0.4597089569,       2.249733572
        603,           0,          20,             3e-05,             5e-08,      -3.856661918,      -1.170667266,     -0.9971444428,       1.513352562,      0.4481199509,       1.975443647
        603,           0,          29,             3e-05,             5e-08,       -3.88734768,      -1.182390066,      -1.003954035,       1.486755918,      0.4411773983,       1.741045101
        604,           0,           0,         3.005e-05,             5e-08,      -2.560434652,      0.1188987685,     -0.1055898683,        2.79299926,       1.610738882,       2.652761456
        604,           0,          10,         3.005e-05,             5e-08,      -3.807483733,      -1.150243753,     -0.9870306143,       1.555917207,      0.4601125733,       2.248850733
        604,           0,          20,         3.005e-05,             5e-08,      -3.856223671,      -1.170326042,     -0.9966033233,       1.513771366,      0.4485328765,       1.974457966
        604,           0,          29,         3.005e-05,             5e-08,      -3.886866843,      -1.182038479,       -1.00340879,       1.487208684,       0.441593135,        1.74007215
        605,           0,           0,          3.01e-05,             5e-08,      -2.560580253,      0.1188068804,     -0.1054237275,        2.79271092,       1.610657858,       2.651994521
        605,           0,          10,          3.01e-05,             5e-08,      -3.807117319,      -1.149928571,     -0.9864991093,       1.556276141,      0.4605156778,       2.247991527
        605,           0,          20,          3.01e-05,             5e-08,      -3.855786233,      -1.169985505,     -0.9960633168,       1.514189485,      0.4489451977,       1.973484099
        605,           0,          29,          3.01e-05,             5e-08,      -3.886386914,      -1.181687599,      -1.002864681,       1.487660694,      0.4420082043,       1.739092058
        606,           0,           0,         3.015e-05,             5e-08,      -2.560757497,      0.1186929467,     -0.1052429354,       2.792369593,        1.61056431,       2.651227745
        606,           0,          10,         3.015e-05,             5e-08,       -3.80675141,      -1.149614009,     -0.9859686643,       1.556634768,      0.4609180925,       2.247188645
        606,           0,          20,         3.015e-05,             5e-08,      -3.855349541,      -1.169645654,     -0.9955244126,       1.514607025,      0.4493567508,       1.972549732
        606,           0,          29,         3.015e-05,             5e-08,      -3.885907876,      -1.181337424,      -1.002321692,       1.488111972,      0.4424224751,       1.738134507
        607,           0,           0,          3.02e-05,             5e-08,      -2.560961652,      0.1185619849,     -0.1050463965,       2.791979211,       1.610474435,       2.650467506
        607,           0,          10,          3.02e-05,             5e-08,      -3.806385947,      -1.149300065,     -0.9854393043,       1.556993202,      0.4613196998,       2.246470367
        607,           0,          20,          3.02e-05,             5e-08,      -3.854912962,      -1.169306484,     -0.9949865721,       1.515025132,      0.4497674888,        1.97169247
        607,           0,          29,          3.02e-05,             5e-08,      -3.885428967,      -1.180987951,      -1.001779783,       1.488563876,      0.4428359406,       1.737218095
        608,           0,           0,         3.025e-05,             5e-08,      -2.561189335,      0.1184168099,     -0.1048349914,       2.791544369,       1.610391571,       2.649718961
        608,           0,          10,         3.025e-05,             5e-08,      -3.806020732,      -1.148986701,     -0.9849108876,        1.55735179,      0.4617205636,       2.245924723
        608,           0,          20,         3.025e-05,             5e-08,      -3.854475747,      -1.168967979,     -0.9944495676,       1.515445124,      0.4501774709,       1.970813245
        608,           0,          29,         3.025e-05,             5e-08,      -3.884948286,       -1.18063916,      -1.001238635,       1.489019683,      0.4432486479,       1.736326991
        609,           0,           0,          3.03e-05,             5e-08,      -2.561439419,      0.1182585896,     -0.1046088404,       2.791066929,       1.610315059,       2.648977851
        609,           0,          10,          3.03e-05,             5e-08,      -3.805655047,      -1.148673932,     -0.9843833678,       1.557711899,       0.462120711,        2.24520348
        609,           0,          20,          3.03e-05,             5e-08,      -3.854038346,      -1.168630152,     -0.9939135678,       1.515866241,      0.4505867049,       1.969964251
        609,           0,          29,          3.03e-05,             5e-08,      -3.884469212,      -1.180291072,      -1.000698719,       1.489473514,      0.4436605937,       1.735424754
        610,           0,           0,         3.035e-05,             5e-08,      -2.561710456,      0.1180882246,     -0.1043692421,       2.790549235,       1.610243432,       2.648226197
        610,           0,          10,         3.035e-05,             5e-08,      -3.805290409,      -1.148361779,     -0.9838569902,       1.558070696,      0.4625201311,       2.244324878
        610,           0,          20,         3.035e-05,             5e-08,      -3.853602846,      -1.168293043,     -0.9933788456,       1.516284706,      0.4509951631,       1.969091041
        610,           0,          29,         3.035e-05,             5e-08,      -3.883992078,      -1.179943733,      -1.000160056,       1.489924778,      0.4440717414,       1.734501526
        611,           0,           0,          3.04e-05,             5e-08,       -2.56200025,      0.1179067217,      -0.104118233,       2.789995112,        1.61017534,       2.647451254
        611,           0,          10,          3.04e-05,             5e-08,      -3.804927017,      -1.148050262,     -0.9833318415,       1.558427819,      0.4629188391,       2.243440845
        611,           0,          20,          3.04e-05,             5e-08,      -3.853169056,      -1.167956623,     -0.9928453846,       1.516700858,      0.4514029759,       1.968199462
        611,           0,          29,          3.04e-05,             5e-08,       -3.88351648,      -1.179597092,     -0.9996226143,       1.490374177,      0.4444823245,       1.733553386
        612,           0,           0,         3.045e-05,             5e-08,      -2.562307675,      0.1177146773,     -0.1038567073,       2.789406558,       1.610109731,       2.646663554
        612,           0,          10,         3.045e-05,             5e-08,      -3.804564304,      -1.147739342,     -0.9828077015,       1.558784287,      0.4633170503,       2.242525197
        612,           0,          20,         3.045e-05,             5e-08,      -3.852736676,      -1.167620866,     -0.9923130502,       1.517115198,      0.4518101368,       1.967317702
        612,           0,          29,         3.045e-05,             5e-08,      -3.883042485,      -1.179251127,     -0.9990863133,       1.490821564,      0.4448921538,       1.732603616
        613,           0,           0,          3.05e-05,             5e-08,      -2.562631141,      0.1175129455,     -0.1035860084,       2.788786577,       1.610045837,       2.645876968
        613,           0,          10,          3.05e-05,             5e-08,      -3.804202316,      -1.147429047,     -0.9822846514,       1.559140022,      0.4637145063,       2.241589344
        613,           0,          20,          3.05e-05,             5e-08,      -3.852305371,      -1.167285786,     -0.9917818668,       1.517528357,      0.4522165773,       1.966427981
        613,           0,          29,          3.05e-05,             5e-08,      -3.882569825,      -1.178905856,     -0.9985511869,       1.491267434,      0.4453012903,       1.731672908
        614,           0,           0,         3.055e-05,             5e-08,      -2.562969024,      0.1173022133,     -0.1033077177,       2.788138069,       1.609983113,       2.645070776
        614,           0,          10,         3.055e-05,             5e-08,      -3.803841056,      -1.147119378,      -0.981762707,       1.559495015,      0.4641113446,       2.240617302
        614,           0,          20,         3.055e-05,             5e-08,      -3.851875198,      -1.166951376,     -0.9912518277,       1.517940225,      0.4526223408,       1.965643205
        614,           0,          29,         3.055e-05,             5e-08,       -3.88209849,       -1.17856127,     -0.9980172214,       1.491711797,      0.4457097273,       1.730840041
        615,           0,           0,          3.06e-05,             5e-08,      -2.563319125,      0.1170835812,     -0.1030241146,       2.787465199,       1.609921178,       2.644255531
        615,           0,          10,          3.06e-05,             5e-08,      -3.803480614,      -1.146810335,     -0.9812418408,         1.5598491,      0.4645074511,       2.239621736
        615,           0,          20,          3.06e-05,             5e-08,      -3.851446179,      -1.166617644,     -0.9907229465,       1.518350759,       0.453027335,       1.964763456
        615,           0,          29,          3.06e-05,             5e-08,      -3.881628388,      -1.178217374,     -0.9974843904,       1.492154811,      0.4461174016,       1.730164194
        616,           0,           0,         3.065e-05,             5e-08,       -2.56367961,      0.1168578593,     -0.1027362287,       2.786771435,       1.609859769,       2.643469405
        616,           0,          10,         3.065e-05,             5e-08,      -3.803121099,      -1.146501916,     -0.9807220493,       1.560202085,      0.4649028551,       2.238635155
        616,           0,          20,         3.065e-05,             5e-08,      -3.851018286,      -1.166284578,     -0.9901951643,        1.51876003,      0.4534315951,       1.963779952
        616,           0,          29,         3.065e-05,             5e-08,       -3.88115944,      -1.177874167,     -0.9969526863,       1.492596629,       0.446524319,       1.729282826
        617,           0,           0,          3.07e-05,             5e-08,      -2.564048617,      0.1166259258,     -0.1024453695,       2.786060226,       1.609798708,       2.642704905
        617,           0,          10,          3.07e-05,             5e-08,       -3.80276271,      -1.146194079,      -0.980203319,       1.560553584,      0.4652975677,        2.23761385
        617,           0,          20,          3.07e-05,             5e-08,      -3.850591506,      -1.165952159,     -0.9896684459,       1.519168016,      0.4538351101,        1.96281142
        617,           0,          29,          3.07e-05,             5e-08,      -3.880691566,      -1.177531625,     -0.9964220368,       1.493037343,      0.4469305023,       1.728403567
        618,           0,           0,         3.075e-05,             5e-08,      -2.564423945,      0.1163890138,     -0.1021533371,       2.785335787,       1.609737872,       2.641950029
        618,           0,          10,         3.075e-05,             5e-08,      -3.802405664,      -1.145886832,      -0.979685773,       1.560903205,      0.4656915384,       2.236599352
        618,           0,          20,         3.075e-05,             5e-08,      -3.850165953,      -1.165620403,     -0.9891428885,       1.519574538,      0.4542378361,       1.961953074
        618,           0,          29,         3.075e-05,             5e-08,        -3.8802248,      -1.177189769,     -0.9958925308,       1.493476914,        0.44733589,        1.72753728
        619,           0,           0,          3.08e-05,             5e-08,      -2.564803549,      0.1161479652,     -0.1018616681,        2.78460199,       1.609677182,       2.641203669
        619,           0,          10,          3.08e-05,             5e-08,      -3.802049399,      -1.145580154,     -0.9791693041,        1.56125198,       0.466084843,       2.235596718
        619,           0,          20,          3.08e-05,             5e-08,        -3.8497412,      -1.165289299,     -0.9886184178,       1.519980354,      0.4546399392,       1.961086539
        619,           0,          29,          3.08e-05,             5e-08,      -3.879758757,      -1.176848588,     -0.9953641098,       1.493916006,       0.447740693,       1.726655197
        620,           0,           0,         3.085e-05,             5e-08,      -2.565185156,      0.1159039118,     -0.1015723458,       2.783863228,       1.609616592,       2.640457123
        620,           0,          10,         3.085e-05,             5e-08,       -3.80169377,      -1.145274023,     -0.9786538867,        1.56160017,      0.4664775589,       2.234582076
        620,           0,          20,         3.085e-05,             5e-08,      -3.849317189,      -1.164958846,     -0.9880950213,       1.520385564,      0.4550413803,       1.960225347
        620,           0,          29,         3.085e-05,             5e-08,      -3.879293375,      -1.176508075,     -0.9948367609,       1.494354727,      0.4481448273,       1.725762156
        621,           0,           0,          3.09e-05,             5e-08,       -2.56556643,      0.1156579322,     -0.1012871335,       2.783124037,        1.60955607,       2.639704676
        621,           0,          10,          3.09e-05,             5e-08,      -3.801338654,      -1.144968464,     -0.9781394935,        1.56194801,       0.466869698,       2.233537125
        621,           0,          20,          3.09e-05,             5e-08,       -3.84889371,      -1.164629046,     -0.9875726659,       1.520790543,      0.4554422594,       1.959382708
        621,           0,          29,          3.09e-05,             5e-08,       -3.87882845,      -1.176168225,     -0.9943104529,       1.494793428,      0.4485483478,       1.724860515
        622,           0,           0,         3.095e-05,             5e-08,      -2.565945469,      0.1154108981,     -0.1010071876,       2.782388021,        1.60949559,        2.63894566
        622,           0,          10,         3.095e-05,             5e-08,      -3.800983986,      -1.144663489,     -0.9776261051,       1.562295608,      0.4672611602,       2.232481072
        622,           0,          20,         3.095e-05,             5e-08,      -3.848470717,      -1.164299891,     -0.9870513427,        1.52119537,       0.455842426,       1.958671194
        622,           0,          29,         3.095e-05,             5e-08,      -3.878363848,      -1.175829038,      -0.993785175,       1.495232354,      0.4489511467,       1.723965506
        623,           0,           0,           3.1e-05,             5e-08,      -2.566320035,      0.1151639583,     -0.1007339396,       2.781659553,       1.609435147,       2.638182647
        623,           0,          10,           3.1e-05,             5e-08,      -3.800629696,      -1.144359101,     -0.9771137086,       1.562643095,      0.4676519446,       2.231409132
        623,           0,          20,           3.1e-05,             5e-08,      -3.848047905,      -1.163971379,     -0.9865310082,       1.521600585,      0.4562418826,       1.957784873
        623,           0,          29,           3.1e-05,             5e-08,      -3.877899818,      -1.175490508,     -0.9932609568,       1.495671067,      0.4493532265,       1.723083321
        624,           0,           0,         3.105e-05,             5e-08,      -2.566688014,       0.114918185,     -0.1004689414,       2.780942837,       1.609374733,       2.637414216
        624,           0,          10,         3.105e-05,             5e-08,      -3.800275337,      -1.144055299,     -0.9766022253,       1.562991291,      0.4680420525,        2.23033476
        624,           0,          20,         3.105e-05,             5e-08,      -3.847625428,      -1.163643503,     -0.9860116906,        1.52200592,      0.4566406304,       1.956816532
        624,           0,          29,         3.105e-05,             5e-08,      -3.877436593,      -1.175152634,     -0.9927378159,       1.496109156,      0.4497545882,       1.722307856
        625,           0,           0,          3.11e-05,             5e-08,      -2.567047206,      0.1146745735,     -0.1002135176,       2.780242244,       1.609314344,       2.636632516
        625,           0,          10,          3.11e-05,             5e-08,      -3.799921427,      -1.143752078,     -0.9760917246,       1.563339241,      0.4684314855,       2.229262742
        625,           0,          20,          3.11e-05,             5e-08,      -3.847203695,       -1.16331626,     -0.9854934256,       1.522410634,      0.4570386702,       1.955817452
        625,           0,          29,          3.11e-05,             5e-08,       -3.87697422,      -1.174815411,      -0.992215746,       1.496546528,      0.4501552326,       1.721586053
        626,           0,           0,         3.115e-05,             5e-08,       -2.56739542,      0.1144337943,    -0.09996893162,       2.779562051,       1.609253977,       2.635852846
        626,           0,          10,         3.115e-05,             5e-08,      -3.799567977,      -1.143449443,      -0.975582234,       1.563686925,      0.4688202453,       2.228240014
        626,           0,          20,         3.115e-05,             5e-08,      -3.846782696,      -1.162989664,     -0.9849758848,       1.522814794,      0.4574359938,        1.95479837
        626,           0,          29,         3.115e-05,             5e-08,      -3.876512665,      -1.174478859,     -0.9916943713,       1.496983296,      0.4505551439,       1.720610098
        627,           0,           0,          3.12e-05,             5e-08,      -2.567730733,      0.1141970503,    -0.09973631947,       2.778906239,       1.609193629,       2.635083367
        627,           0,          10,          3.12e-05,             5e-08,      -3.799215054,      -1.143147415,     -0.9750733469,       1.564034233,      0.4692083487,       2.227240492
        627,           0,          20,          3.12e-05,             5e-08,      -3.846361922,      -1.162663712,     -0.9844597352,        1.52321917,      0.4578325906,       1.953772772
        627,           0,          29,          3.12e-05,             5e-08,      -3.876051863,      -1.174142957,     -0.9911746038,       1.497419423,      0.4509543098,       1.719624492
        628,           0,           0,         3.125e-05,             5e-08,      -2.568050837,      0.1139655691,    -0.09951749529,       2.778279225,       1.609133292,       2.634317409
        628,           0,          10,         3.125e-05,             5e-08,      -3.798862876,      -1.142845937,     -0.9745658557,       1.564380775,      0.4695958846,       2.226260396
        628,           0,          20,         3.125e-05,             5e-08,      -3.845942013,      -1.162338386,     -0.9839445681,        1.52362273,      0.4582284656,       1.952787226
        628,           0,          29,         3.125e-05,             5e-08,      -3.875590586,      -1.173807721,     -0.9906555847,       1.497857199,      0.4513527242,       1.718659217
        629,           0,           0,          3.13e-05,             5e-08,       -2.56835389,      0.1137402878,    -0.09931330676,       2.777684803,       1.609072969,       2.633563087
        629,           0,          10,          3.13e-05,             5e-08,      -3.798510663,      -1.142545056,     -0.9740591892,       1.564727998,      0.4699827103,       2.225321607
        629,           0,          20,          3.13e-05,             5e-08,      -3.845521625,      -1.162013708,     -0.9834301766,       1.524027886,      0.4586236609,       1.951763197
        629,           0,          29,          3.13e-05,             5e-08,       -3.87512975,       -1.17347315,     -0.9901375856,       1.498294975,       0.451750446,       1.717689584
        630,           0,           0,         3.135e-05,             5e-08,      -2.568637951,      0.1135221725,     -0.0991246354,       2.777126838,       1.609012659,       2.632820667
        630,           0,          10,         3.135e-05,             5e-08,      -3.798158677,      -1.142244719,     -0.9735534485,       1.565075389,      0.4703689555,       2.224352649
        630,           0,          20,         3.135e-05,             5e-08,      -3.845101725,      -1.161689641,     -0.9829167799,       1.524432955,      0.4590182665,       1.950737852
        630,           0,          29,         3.135e-05,             5e-08,      -3.874670499,      -1.173139206,     -0.9896207394,       1.498730743,      0.4521474596,       1.716726692
        631,           0,           0,          3.14e-05,             5e-08,      -2.568901392,      0.1133120533,    -0.09895260952,       2.776608681,       1.608952358,       2.632088124
        631,           0,          10,          3.14e-05,             5e-08,      -3.797807611,      -1.141944908,     -0.9730487523,        1.56542165,      0.4707544761,       2.223379442
        631,           0,          20,          3.14e-05,             5e-08,      -3.829487693,      -1.145472349,     -0.9812750407,       1.534188728,      0.4740096634,        1.95090717
        631,           0,          29,          3.14e-05,             5e-08,      -3.874212606,       -1.17280588,     -0.9891048873,       1.499164939,      0.4525438537,       1.715762439
        632,           0,           0,         3.145e-05,             5e-08,      -2.569080479,      0.1131758369,    -0.09877029934,       2.776174511,       1.608991906,       2.631449146
        632,           0,          10,         3.145e-05,             5e-08,      -3.797457235,      -1.141645616,     -0.9725449502,       1.565767182,       0.471139311,       2.222411873
        632,           0,          20,         3.145e-05,             5e-08,      -3.844266651,       -1.16104328,     -0.9818933386,       1.525236666,       0.459805327,       1.948606277
        632,           0,          29,         3.145e-05,             5e-08,       -3.87375589,      -1.172473157,     -0.9885900257,       1.499597857,      0.4529396776,       1.714793531
        633,           0,           0,          3.15e-05,             5e-08,      -2.569290845,      0.1129976433,    -0.09863181933,       2.775752659,       1.608911944,       2.630738444
        633,           0,          10,          3.15e-05,             5e-08,      -3.797107524,      -1.141346811,     -0.9720419687,       1.566112011,      0.4715237074,       2.221451069
        633,           0,          20,          3.15e-05,             5e-08,       -3.84385079,      -1.160720943,     -0.9813830629,       1.525636509,      0.4601980826,       1.947461909
        633,           0,          29,          3.15e-05,             5e-08,      -3.873300384,      -1.172141015,     -0.9880761393,       1.500029389,      0.4533349944,         1.7138178
        634,           0,           0,         3.155e-05,             5e-08,      -2.569485181,      0.1128201153,    -0.09851585207,       2.775373207,        1.60882369,       2.630013506
        634,           0,          10,         3.155e-05,             5e-08,      -3.796758549,      -1.141048443,     -0.9715397734,       1.566455987,      0.4719074937,       2.220474629
        634,           0,          20,         3.155e-05,             5e-08,      -3.843436041,      -1.160399101,     -0.9808737001,       1.526035006,      0.4605901297,       1.946405523
        634,           0,          29,         3.155e-05,             5e-08,      -3.872846038,      -1.171809399,     -0.9875632132,       1.500459619,       0.453729564,       1.712836328
        635,           0,           0,          3.16e-05,             5e-08,      -2.569656435,       0.112649061,    -0.09842102717,       2.775041933,        1.60873973,       2.629270818
        635,           0,          10,          3.16e-05,             5e-08,      -3.796410583,       -1.14075038,     -0.9710380521,       1.566798566,      0.4722905533,       2.219501659
        635,           0,          20,          3.16e-05,             5e-08,      -3.843022414,      -1.160077587,     -0.9803650426,       1.526432098,      0.4609813872,       1.945361505
        635,           0,          29,          3.16e-05,             5e-08,      -3.872392828,      -1.171478158,     -0.9870511412,       1.500888565,      0.4541233576,       1.711846808
        636,           0,           0,         3.165e-05,             5e-08,      -2.569801842,      0.1124871132,    -0.09834654711,       2.774761379,       1.608662085,        2.62851611
        636,           0,          10,         3.165e-05,             5e-08,      -3.796063926,      -1.140452001,     -0.9705346277,       1.567138983,      0.4726729622,       2.218519854
        636,           0,          20,         3.165e-05,             5e-08,       -3.84261001,      -1.159755517,     -0.9798551107,       1.526827328,      0.4613720209,       1.944306775
        636,           0,          29,         3.165e-05,             5e-08,      -3.871940862,      -1.171146424,     -0.9865386603,       1.501315784,      0.4545165183,        1.71086015
        637,           0,           0,          3.17e-05,             5e-08,      -2.569920138,      0.1123356082,     -0.0982916933,       2.774533278,       1.608589716,       2.627755033
        637,           0,          10,          3.17e-05,             5e-08,      -3.795718165,      -1.140154231,     -0.9700283751,       1.567477903,      0.4730547295,       2.217540169
        637,           0,          20,          3.17e-05,             5e-08,      -3.842198507,       -1.15943429,     -0.9793450943,       1.527221482,      0.4617619561,       1.943239829
        637,           0,          29,          3.17e-05,             5e-08,      -3.871489835,      -1.170815273,     -0.9860255776,       1.501741867,      0.4549089317,       1.709864427
        638,           0,           0,         3.175e-05,             5e-08,      -2.570010941,      0.1121951871,    -0.09825726087,        2.77435823,       1.608521089,        2.62699215
        638,           0,          10,         3.175e-05,             5e-08,       -3.79537297,      -1.139858446,     -0.9695280874,       1.567816575,      0.4734358221,       2.216560499
        638,           0,          20,         3.175e-05,             5e-08,      -3.841787621,      -1.159115328,     -0.9788365794,        1.52761523,      0.4621511927,       1.942162752
        638,           0,          29,         3.175e-05,             5e-08,      -3.871039406,      -1.170486481,     -0.9855138781,       1.502167634,      0.4553006413,       1.708868544
        639,           0,           0,          3.18e-05,             5e-08,      -2.570074249,      0.1120663326,    -0.09824296734,       2.774236199,       1.608454878,       2.626232472
        639,           0,          10,          3.18e-05,             5e-08,        -3.7950283,      -1.139563337,     -0.9690308831,       1.568155239,      0.4738162469,       2.215588362
        639,           0,          20,          3.18e-05,             5e-08,      -3.841377326,      -1.158796947,      -0.978331816,       1.528008826,      0.4625397294,       1.941059203
        639,           0,          29,          3.18e-05,             5e-08,      -3.870589576,      -1.170158293,     -0.9850051132,        1.50259335,      0.4556916542,       1.707853575
        640,           0,           0,         3.185e-05,             5e-08,       -2.57011029,      0.1119492016,    -0.09824857573,       2.774166798,       1.608390076,       2.625477589
        640,           0,          10,         3.185e-05,             5e-08,      -3.794684135,      -1.139268617,     -0.9685355569,       1.568493789,      0.4741959624,       2.214617451
        640,           0,          20,         3.185e-05,             5e-08,      -3.840967584,      -1.158479074,     -0.9778287331,       1.528402452,       0.462927586,       1.939923395
        640,           0,          29,         3.185e-05,             5e-08,      -3.870140309,      -1.169830642,      -0.984498203,       1.503019127,      0.4560820287,       1.706780755
        641,           0,           0,          3.19e-05,             5e-08,      -2.570142162,      0.1117935882,    -0.09827738532,       2.774120802,       1.608428165,       2.624766716
        641,           0,          10,          3.19e-05,             5e-08,      -3.794340424,      -1.138974473,     -0.9680418416,        1.56883224,      0.4745751224,       2.213667573
        641,           0,          20,          3.19e-05,             5e-08,      -3.840558378,      -1.158161763,     -0.9773270488,       1.528795979,      0.4633148411,       1.938770311
        641,           0,          29,          3.19e-05,             5e-08,      -3.869691604,      -1.169503559,     -0.9839926003,       1.503444824,      0.4564717613,       1.705757202
        642,           0,           0,         3.195e-05,             5e-08,      -2.570116922,      0.1117111356,     -0.0983187012,       2.774160255,       1.608354031,       2.624028843
        642,           0,          10,         3.195e-05,             5e-08,      -3.793997142,      -1.138680774,     -0.9675490561,       1.569170553,      0.4749536287,       2.212719899
        642,           0,          20,         3.195e-05,             5e-08,      -3.840149704,      -1.157845005,     -0.9768265337,       1.529189321,      0.4637014169,       1.937758124
        642,           0,          29,         3.195e-05,             5e-08,      -3.869243437,      -1.169177071,      -0.983488246,       1.503870394,      0.4568608091,        1.70474974
        643,           0,           0,           3.2e-05,             5e-08,      -2.570071435,      0.1116346126,     -0.0983805593,       2.774245669,       1.608266776,        2.62327694
        643,           0,          10,           3.2e-05,             5e-08,      -3.793654191,      -1.138387622,     -0.9670573419,       1.569508843,      0.4753314833,       2.211743312
        643,           0,          20,           3.2e-05,             5e-08,      -3.839741426,      -1.157528867,     -0.9763271853,       1.529582645,      0.4640873145,       1.936745384
        643,           0,          29,           3.2e-05,             5e-08,      -3.868795956,      -1.168851218,     -0.9829851084,       1.504295514,      0.4572491728,       1.703739645
        644,           0,           0,         3.205e-05,             5e-08,       -2.57000331,      0.1115671719,    -0.09846085917,        2.77437736,       1.608182041,       2.622507669
        644,           0,          10,         3.205e-05,             5e-08,      -3.793311547,       -1.13809504,     -0.9665666426,       1.569847129,      0.4757086871,       2.210775072
        644,           0,          20,         3.205e-05,             5e-08,      -3.839333674,      -1.157213348,     -0.9758289476,       1.529975724,      0.4644725343,       1.935727704
        644,           0,          29,         3.205e-05,             5e-08,      -3.868349219,      -1.168526021,     -0.9824831319,       1.504720089,      0.4576368523,       1.702691168
        645,           0,           0,          3.21e-05,             5e-08,      -2.569912213,      0.1115101153,    -0.09855784441,       2.774554086,       1.608103389,       2.621740242
        645,           0,          10,          3.21e-05,             5e-08,      -3.792969353,      -1.137803067,     -0.9660769722,       1.570185158,       0.476085209,       2.209787106
        645,           0,          20,          3.21e-05,             5e-08,      -3.838926592,      -1.156898521,     -0.9753318373,       1.530368287,      0.4648570234,         1.9346736
        645,           0,          29,          3.21e-05,             5e-08,      -3.867903243,      -1.168201493,     -0.9819822698,       1.505144081,      0.4580237953,       1.701623317
        646,           0,           0,         3.215e-05,             5e-08,      -2.569799111,      0.1114634848,    -0.09867061518,       2.774773234,       1.608030488,       2.620970839
        646,           0,          10,         3.215e-05,             5e-08,      -3.792627701,      -1.137511632,     -0.9655882412,        1.57052276,      0.4764610275,       2.208783503
        646,           0,          20,         3.215e-05,             5e-08,      -3.838520188,      -1.156584237,     -0.9748357082,       1.530760324,      0.4652408112,       1.933623201
        646,           0,          29,         3.215e-05,             5e-08,      -3.867458023,      -1.167877534,     -0.9814824251,       1.505567489,      0.4584100363,       1.700540932
        647,           0,           0,          3.22e-05,             5e-08,       -2.56966495,      0.1114271799,     -0.0987978159,       2.775032835,       1.607962102,       2.620203254
        647,           0,          10,          3.22e-05,             5e-08,      -3.792286595,      -1.137220718,     -0.9651004157,       1.570859924,      0.4768361947,        2.20778968
        647,           0,          20,          3.22e-05,             5e-08,      -3.838114464,      -1.156270545,      -0.974340571,       1.531151818,       0.465623923,       1.932571349
        647,           0,          29,          3.22e-05,             5e-08,      -3.867013565,       -1.16755419,     -0.9809836038,       1.505990288,      0.4587956369,       1.699430302
        648,           0,           0,         3.225e-05,             5e-08,      -2.569511282,      0.1114007297,    -0.09893849941,       2.775329775,       1.607897049,       2.619435718
        648,           0,          10,         3.225e-05,             5e-08,      -3.791946037,      -1.136930361,     -0.9646135056,       1.571196624,      0.4772108177,       2.206812093
        648,           0,          20,         3.225e-05,             5e-08,      -3.837709419,      -1.155957467,     -0.9738464148,       1.531542753,      0.4660065145,       1.931494127
        648,           0,          29,         3.225e-05,             5e-08,      -3.866569866,      -1.167231485,     -0.9804857841,       1.506412472,      0.4591806696,       1.698270861
        649,           0,           0,          3.23e-05,             5e-08,       -2.56933965,      0.1113836793,    -0.09909154735,       2.775660945,       1.607834394,       2.618654836
        649,           0,          10,          3.23e-05,             5e-08,      -3.791606026,      -1.136640553,     -0.9641274921,       1.571532866,       0.477584844,        2.20588035
        649,           0,          20,          3.23e-05,             5e-08,      -3.837305058,      -1.155644985,     -0.9733532167,       1.531933127,      0.4663884336,        1.93041566
        649,           0,          29,          3.23e-05,             5e-08,      -3.866126933,      -1.166909393,     -0.9799889397,       1.506834042,      0.4595650226,       1.697078822
        650,           0,           0,         3.235e-05,             5e-08,      -2.569151519,      0.1113754725,    -0.09925553908,       2.776023384,       1.607773429,       2.617877865
        650,           0,          10,         3.235e-05,             5e-08,       -3.79126672,      -1.136351247,      -0.963643016,       1.571868275,      0.4779582281,       2.204975345
        650,           0,          20,         3.235e-05,             5e-08,      -3.836901507,      -1.155333097,     -0.9728614392,       1.532322647,      0.4667696729,       1.929334354
        650,           0,          29,         3.235e-05,             5e-08,      -3.865684853,      -1.166587952,     -0.9794935056,       1.507254807,      0.4599486542,       1.695868234
        651,           0,           0,          3.24e-05,             5e-08,      -2.568948785,      0.1113753636,    -0.09942926889,       2.776413341,       1.607713653,       2.617107044
        651,           0,          10,          3.24e-05,             5e-08,      -3.790928069,       -1.13606249,     -0.9631597703,       1.572202977,      0.4783309274,       2.204143056
        651,           0,          20,          3.24e-05,             5e-08,      -3.836498732,      -1.155021837,     -0.9723709143,       1.532711398,      0.4671501958,       1.928262067
        651,           0,          29,          3.24e-05,             5e-08,      -3.865243603,      -1.166267162,     -0.9789993083,       1.507674819,      0.4603315551,       1.694654572
        652,           0,           0,         3.245e-05,             5e-08,      -2.568733227,      0.1113826614,    -0.09961143235,       2.776827246,       1.607655151,       2.616344664
        652,           0,          10,         3.245e-05,             5e-08,      -3.790589961,      -1.135774272,     -0.9626776101,       1.572537209,      0.4787029753,       2.203398873
        652,           0,          20,         3.245e-05,             5e-08,      -3.836096642,       -1.15471117,     -0.9718813515,       1.533099566,      0.4675300466,       1.927189938
        652,           0,          29,         3.245e-05,             5e-08,      -3.864803125,      -1.165946982,     -0.9785060573,       1.508094172,       0.460713777,       1.693474196
        653,           0,           0,          3.25e-05,             5e-08,      -2.568506452,      0.1113967579,    -0.09980065748,       2.777261903,        1.60759758,       2.615594258
        653,           0,          10,          3.25e-05,             5e-08,      -3.790252327,      -1.135486564,     -0.9621963766,        1.57287109,      0.4790743813,       2.202647696
        653,           0,          20,          3.25e-05,             5e-08,      -3.835695245,      -1.154401085,     -0.9713927801,       1.533487123,      0.4679092277,       1.926143721
        653,           0,          29,          3.25e-05,             5e-08,      -3.864363416,      -1.165627415,     -0.9780138218,       1.508512868,      0.4610953193,       1.692398501
        654,           0,           0,         3.255e-05,             5e-08,      -2.568270163,      0.1114168552,    -0.09999549154,       2.777713995,       1.607540586,       2.614859649
        654,           0,          10,         3.255e-05,             5e-08,      -3.789915244,      -1.135199394,     -0.9617160969,       1.573204462,      0.4794451478,       2.201606772
        654,           0,          20,         3.255e-05,             5e-08,      -3.835294244,      -1.154091621,     -0.9709051592,       1.533874604,      0.4682877411,       1.925126216
        654,           0,          29,         3.255e-05,             5e-08,      -3.863924474,      -1.165308478,     -0.9775225888,        1.50893092,      0.4614761846,        1.69134509
        655,           0,           0,          3.26e-05,             5e-08,      -2.568026079,      0.1114423465,     -0.1001946678,       2.778180026,       1.607484129,       2.614131375
        655,           0,          10,          3.26e-05,             5e-08,      -3.789578821,       -1.13491273,     -0.9612367781,       1.573537167,      0.4798152768,       2.200581131
        655,           0,          20,          3.26e-05,             5e-08,      -3.834894304,      -1.153782719,      -0.970418555,       1.534260831,      0.4686655884,        1.92413206
        655,           0,          29,          3.26e-05,             5e-08,       -3.86348581,      -1.164990134,     -0.9770322274,        1.50934917,      0.4618563745,        1.69029224
        656,           0,           0,         3.265e-05,             5e-08,      -2.567775956,      0.1114725101,     -0.1003967906,        2.77865652,       1.607428018,       2.613383757
        656,           0,          10,         3.265e-05,             5e-08,      -3.789242652,      -1.134626562,     -0.9607582739,       1.573869932,      0.4801847693,       2.199565106
        656,           0,          20,         3.265e-05,             5e-08,      -3.834494616,      -1.153474394,     -0.9699328063,        1.53464723,      0.4690427709,       1.923170816
        656,           0,          29,         3.265e-05,             5e-08,      -3.863047851,      -1.164672388,     -0.9765428428,       1.509766865,      0.4622358906,       1.689246545
        657,           0,           0,          3.27e-05,             5e-08,      -2.567521271,      0.1115066839,     -0.1006005063,       2.779140626,       1.607372153,       2.612605452
        657,           0,          10,          3.27e-05,             5e-08,      -3.788906649,      -1.134340904,     -0.9602805784,       1.574202901,      0.4805536265,       2.198552153
        657,           0,          20,          3.27e-05,             5e-08,      -3.834095116,      -1.153166645,     -0.9694478569,       1.535033903,      0.4694193048,       1.922395309
        657,           0,          29,          3.27e-05,             5e-08,      -3.862610826,      -1.164355238,     -0.9760544854,       1.510183634,      0.4626147825,       1.688149788
        658,           0,           0,         3.275e-05,             5e-08,      -2.567263613,      0.1115442127,      -0.100804639,       2.779629312,       1.607316476,       2.611826198
        658,           0,          10,         3.275e-05,             5e-08,      -3.788571094,      -1.134055757,     -0.9598037889,       1.574535574,      0.4809219157,       2.197538382
        658,           0,          20,         3.275e-05,             5e-08,       -3.83369577,      -1.152859471,     -0.9689639069,        1.53542096,      0.4697952318,       1.921369539
        658,           0,          29,         3.275e-05,             5e-08,      -3.862174161,      -1.164038682,     -0.9755670744,       1.510600482,      0.4629930085,       1.687065383
        659,           0,           0,          3.28e-05,             5e-08,      -2.567004448,      0.1115843959,     -0.1010081411,       2.780119671,       1.607260953,       2.611073748
        659,           0,          10,          3.28e-05,             5e-08,      -3.788235959,      -1.133771239,      -0.959328027,       1.574867952,      0.4812895488,        2.19653098
        659,           0,          20,          3.28e-05,             5e-08,      -3.833296589,      -1.152553021,     -0.9684810097,       1.535808339,      0.4701704702,        1.92033432
        659,           0,          29,          3.28e-05,             5e-08,       -3.86173651,      -1.163722902,     -0.9750806103,        1.51101972,      0.4633705512,       1.686023074
        660,           0,           0,         3.285e-05,             5e-08,      -2.566745521,      0.1116265539,      -0.101209938,       2.780608327,       1.607205562,       2.610332052
        660,           0,          10,         3.285e-05,             5e-08,      -3.787900566,      -1.133487269,     -0.9588530666,       1.575201352,      0.4816565587,       2.195535428
        660,           0,          20,         3.285e-05,             5e-08,      -3.832897548,      -1.152247127,     -0.9679990005,       1.536196168,      0.4705450764,       1.919310494
        660,           0,          29,         3.285e-05,             5e-08,        -3.8613002,      -1.163407664,     -0.9745951288,       1.511437356,      0.4637474593,       1.684986452
        661,           0,           0,          3.29e-05,             5e-08,      -2.566488056,      0.1116700943,     -0.1014088553,       2.781092982,       1.607150286,       2.609595075
        661,           0,          10,          3.29e-05,             5e-08,        -3.7875661,      -1.133203743,     -0.9583778091,       1.575533751,      0.4820230298,       2.194590339
        661,           0,          20,          3.29e-05,             5e-08,      -3.832500279,      -1.151941765,     -0.9675174846,       1.536581579,      0.4709190768,        1.91829379
        661,           0,          29,          3.29e-05,             5e-08,      -3.860865723,      -1.163092983,     -0.9741104298,       1.511852589,      0.4641237301,       1.684000334
        662,           0,           0,         3.295e-05,             5e-08,      -2.566233028,      0.1117146639,     -0.1016036793,       2.781571755,       1.607095106,       2.608860913
        662,           0,          10,         3.295e-05,             5e-08,      -3.787232944,      -1.132920753,     -0.9579045566,       1.575864251,      0.4823888019,       2.193700942
        662,           0,          20,         3.295e-05,             5e-08,      -3.832104479,      -1.151636999,     -0.9670372972,       1.536964941,      0.4712922904,       1.917276332
        662,           0,          29,         3.295e-05,             5e-08,      -3.860432474,      -1.162778939,     -0.9736267031,        1.51226626,      0.4644991952,       1.683063764
        663,           0,           0,           3.3e-05,             5e-08,      -2.565982068,      0.1117593986,     -0.1017940532,       2.782041361,       1.607040017,       2.608127985
        663,           0,          10,           3.3e-05,             5e-08,      -3.786900493,      -1.132638257,     -0.9574326325,        1.57619386,       0.482753883,       2.192817731
        663,           0,          20,           3.3e-05,             5e-08,      -3.831709844,      -1.151332814,      -0.966558269,       1.537346745,      0.4716648734,       1.916258768
        663,           0,          29,           3.3e-05,             5e-08,      -3.860000511,      -1.162465488,     -0.9731440979,       1.512678328,      0.4648740379,       1.682149774
        664,           0,           0,         3.305e-05,             5e-08,      -2.565736038,      0.1118037861,     -0.1019790697,       2.782500381,       1.606985015,       2.607392327
        664,           0,          10,         3.305e-05,             5e-08,      -3.786568677,      -1.132356245,     -0.9569618096,       1.576522788,       0.483118361,       2.191965711
        664,           0,          20,         3.305e-05,             5e-08,      -3.831316152,      -1.151029173,      -0.966080305,       1.537727488,      0.4720368009,       1.915252746
        664,           0,          29,         3.305e-05,             5e-08,      -3.859569645,      -1.162152611,     -0.9726625791,       1.513089142,      0.4652482129,       1.681233951
        665,           0,           0,          3.31e-05,             5e-08,      -2.565495862,      0.1118475003,     -0.1021580002,       2.782947144,       1.606930096,       2.606652977
        665,           0,          10,          3.31e-05,             5e-08,      -3.786237467,      -1.132074723,     -0.9564919482,       1.576851114,      0.4834822176,       2.191156205
        665,           0,          20,          3.31e-05,             5e-08,      -3.830923397,      -1.150726116,     -0.9656033911,       1.538107159,      0.4724081324,       1.914326702
        665,           0,          29,          3.31e-05,             5e-08,      -3.859139819,      -1.161840366,     -0.9721820604,       1.513498804,      0.4656218588,       1.680378191
        666,           0,           0,         3.315e-05,             5e-08,      -2.565262463,      0.1118900932,     -0.1023303301,       2.783379692,       1.606875255,       2.605888566
        666,           0,          10,         3.315e-05,             5e-08,      -3.785906963,      -1.131793874,     -0.9560231324,       1.577178718,      0.4838456471,       2.190381893
        666,           0,          20,         3.315e-05,             5e-08,      -3.830531604,      -1.150423739,     -0.9651275263,       1.538485722,      0.4727790045,       1.913413306
        666,           0,          29,         3.315e-05,             5e-08,      -3.858710935,      -1.161528937,      -0.971702622,       1.513907491,      0.4659949764,       1.679460885
        667,           0,           0,          3.32e-05,             5e-08,       -2.56503689,      0.1119311075,      -0.102495657,       2.783796172,       1.606820488,       2.605128723
        667,           0,          10,          3.32e-05,             5e-08,       -3.78557724,      -1.131514559,     -0.9555562293,       1.577505641,      0.4842084679,       2.189682685
        667,           0,          20,          3.32e-05,             5e-08,      -3.830140459,      -1.150123617,     -0.9646538772,       1.538864068,      0.4731492174,       1.912457613
        667,           0,          29,          3.32e-05,             5e-08,      -3.858282747,      -1.161219796,      -0.971225239,       1.514315935,      0.4663674231,       1.678499754
        668,           0,           0,         3.325e-05,             5e-08,      -2.564819445,      0.1119700606,     -0.1026536356,       2.784196041,       1.606765799,       2.604384233
        668,           0,          10,         3.325e-05,             5e-08,      -3.785247865,       -1.13123831,     -0.9550895386,       1.577833486,      0.4845706541,       2.188977111
        668,           0,          20,         3.325e-05,             5e-08,      -3.829749637,      -1.149825974,     -0.9641808282,       1.539242584,      0.4735187702,       1.911473346
        668,           0,          29,         3.325e-05,             5e-08,      -3.857854857,      -1.160912381,     -0.9707485259,       1.514724199,      0.4667392071,       1.677506765
        669,           0,           0,          3.33e-05,             5e-08,      -2.564610924,      0.1120067004,     -0.1028036622,       2.784577864,       1.606711183,       2.603631677
        669,           0,          10,          3.33e-05,             5e-08,      -3.784919061,      -1.130962837,     -0.9546235322,       1.578159931,      0.4849322291,        2.18818056
        669,           0,          20,          3.33e-05,             5e-08,      -3.829359215,      -1.149527632,     -0.9637076105,       1.539620749,      0.4738877001,        1.91046201
        669,           0,          29,          3.33e-05,             5e-08,      -3.857427011,      -1.160604131,     -0.9702719089,       1.515133075,      0.4671103575,       1.676490022
        670,           0,           0,         3.335e-05,             5e-08,      -2.564412419,      0.1120405918,     -0.1029457883,       2.784939665,        1.60665663,       2.602852612
        670,           0,          10,         3.335e-05,             5e-08,      -3.784590306,      -1.130686639,     -0.9541586276,       1.578486574,       0.485293201,       2.187261138
        670,           0,          20,         3.335e-05,             5e-08,      -3.828968917,      -1.149229188,      -0.963235775,       1.539998778,      0.4742559915,       1.909453506
        670,           0,          29,         3.335e-05,             5e-08,      -3.856999377,      -1.160295949,     -0.9697964499,       1.515541713,      0.4674808608,       1.675459676
        671,           0,           0,          3.34e-05,             5e-08,      -2.564224114,      0.1120713844,     -0.1030804662,       2.785281157,       1.606602136,       2.602060863
        671,           0,          10,          3.34e-05,             5e-08,      -3.784261898,      -1.130409331,      -0.953694463,       1.578812699,      0.4856535666,       2.186244755
        671,           0,          20,          3.34e-05,             5e-08,      -3.828579089,      -1.148930171,     -0.9627647857,       1.540376426,      0.4746236469,       1.908457966
        671,           0,          29,          3.34e-05,             5e-08,      -3.856572139,      -1.159987494,     -0.9693217929,       1.515950273,      0.4678507175,       1.674351437
        672,           0,           0,         3.345e-05,             5e-08,      -2.564046148,      0.1120990592,     -0.1032070953,       2.785602029,       1.606547699,       2.601264623
        672,           0,          10,         3.345e-05,             5e-08,      -3.783933958,      -1.130131853,     -0.9532310719,       1.579138276,      0.4860133208,       2.185150504
        672,           0,          20,         3.345e-05,             5e-08,      -3.828189829,      -1.148631209,     -0.9622945614,       1.540753637,      0.4749906637,       1.907511844
        672,           0,          29,         3.345e-05,             5e-08,      -3.856145339,       -1.15967923,      -0.968847934,       1.516358801,      0.4682199266,       1.672978256
        673,           0,           0,          3.35e-05,             5e-08,      -2.563879321,       0.112123278,      -0.103325759,       2.785900936,       1.606493317,       2.600486339
        673,           0,          10,          3.35e-05,             5e-08,      -3.783606501,      -1.129854531,     -0.9527684061,       1.579463439,       0.486372463,       2.184045987
        673,           0,          20,          3.35e-05,             5e-08,      -3.827800863,      -1.148332541,     -0.9618251074,       1.541131027,      0.4753570418,        1.90645889
        673,           0,          29,          3.35e-05,             5e-08,      -3.855719342,      -1.159371342,     -0.9683749076,        1.51676675,      0.4685884884,       1.671921379
        674,           0,           0,         3.355e-05,             5e-08,      -2.563723869,      0.1121438676,     -0.1034365534,       2.786177542,       1.606438986,       2.599728844
        674,           0,          10,         3.355e-05,             5e-08,      -3.783279172,      -1.129577507,     -0.9523063573,       1.579788918,      0.4867309932,       2.183047184
        674,           0,          20,         3.355e-05,             5e-08,      -3.827412501,      -1.148034278,     -0.9613564479,       1.541508103,      0.4757227816,       1.905407472
        674,           0,          29,         3.355e-05,             5e-08,      -3.855294377,      -1.159063918,     -0.9679027314,       1.517173739,      0.4689564035,       1.670866892
        675,           0,           0,          3.36e-05,             5e-08,      -2.563579304,      0.1121608406,     -0.1035396085,       2.786432573,         1.6063847,       2.598988317
        675,           0,          10,          3.36e-05,             5e-08,      -3.782952489,      -1.129300858,     -0.9518449694,       1.580113816,       0.487088901,       2.182072734
        675,           0,          20,          3.36e-05,             5e-08,      -3.827025116,      -1.147736498,     -0.9608884969,        1.54188423,      0.4760878404,       1.904521339
        675,           0,          29,          3.36e-05,             5e-08,      -3.854870496,      -1.158757043,     -0.9674312795,       1.517579722,      0.4693236014,       1.669807262
        676,           0,           0,         3.365e-05,             5e-08,      -2.563445955,       0.112174067,     -0.1036351449,       2.786665514,       1.606330459,       2.598254676
        676,           0,          10,         3.365e-05,             5e-08,      -3.782626436,       -1.12902463,     -0.9513827274,       1.580438435,       0.487446126,       2.181087222
        676,           0,          20,         3.365e-05,             5e-08,      -3.826638656,      -1.147439244,     -0.9604208015,       1.542259596,      0.4764522047,       1.903609637
        676,           0,          29,         3.365e-05,             5e-08,      -3.854447622,      -1.158450747,     -0.9669604465,       1.517984814,      0.4696901165,       1.668744883
        677,           0,           0,          3.37e-05,             5e-08,      -2.563323913,      0.1121834794,     -0.1037235861,       2.786876423,       1.606276265,       2.597527126
        677,           0,          10,          3.37e-05,             5e-08,      -3.782301179,      -1.128749011,     -0.9509227829,       1.580761922,      0.4878027271,       2.180100566
        677,           0,          20,          3.37e-05,             5e-08,      -3.811813276,      -1.132013985,      -0.958895651,       1.551428047,      0.4908899893,       1.904230008
        677,           0,          29,          3.37e-05,             5e-08,      -3.854025485,       -1.15814511,     -0.9664904127,       1.518389242,      0.4700559849,       1.667678808
        678,           0,           0,         3.375e-05,             5e-08,      -2.563141839,      0.1122683484,     -0.1037731876,       2.787112722,       1.606328899,       2.596916937
        678,           0,          10,         3.375e-05,             5e-08,      -3.781976781,      -1.128473893,     -0.9504642447,       1.581084219,      0.4881587168,       2.179114958
        678,           0,          20,         3.375e-05,             5e-08,      -3.825866613,      -1.146846626,     -0.9594885969,       1.543010353,      0.4771790189,       1.901697695
        678,           0,          29,         3.375e-05,             5e-08,      -3.853602515,      -1.157840065,     -0.9660212562,       1.518795754,      0.4704212126,       1.666611577
        679,           0,           0,          3.38e-05,             5e-08,      -2.563034649,      0.1122846829,     -0.1038467989,       2.787287937,       1.606258919,        2.59620339
        679,           0,          10,          3.38e-05,             5e-08,      -3.781651834,      -1.128199275,     -0.9500065125,       1.581408047,      0.4885140994,       2.178127843
        679,           0,          20,          3.38e-05,             5e-08,      -3.825480378,      -1.146551163,     -0.9590239028,       1.543387024,      0.4775414758,       1.900728459
        679,           0,          29,          3.38e-05,             5e-08,      -3.853181123,      -1.157535608,     -0.9655531461,       1.519200128,       0.470785801,       1.665547071
        680,           0,           0,         3.385e-05,             5e-08,      -2.562946976,      0.1122869873,     -0.1039184203,       2.787437094,       1.606180246,       2.595474293
        680,           0,          10,         3.385e-05,             5e-08,       -3.78132783,      -1.127925175,     -0.9495494808,       1.581730634,      0.4888688759,       2.177149922
        680,           0,          20,         3.385e-05,             5e-08,      -3.825096324,      -1.146256273,     -0.9585603918,        1.54376034,       0.477903303,       1.899760607
        680,           0,          29,         3.385e-05,             5e-08,      -3.852761145,      -1.157231745,     -0.9650859755,       1.519602665,      0.4711497523,        1.66448914
        681,           0,           0,          3.39e-05,             5e-08,      -2.562872562,      0.1122813345,      -0.103985488,       2.787563909,       1.606105696,       2.594738936
        681,           0,          10,          3.39e-05,             5e-08,      -3.781004577,      -1.127651587,     -0.9490931549,       1.582052341,       0.489223049,       2.176170962
        681,           0,          20,          3.39e-05,             5e-08,      -3.824713347,      -1.145961958,     -0.9580977081,       1.544132295,      0.4782645027,       1.898795438
        681,           0,          29,          3.39e-05,             5e-08,      -3.852342167,      -1.156928475,     -0.9646197435,       1.520004056,      0.4715130688,       1.663395251
        682,           0,           0,         3.395e-05,             5e-08,      -2.562809033,      0.1122701769,     -0.1040474324,       2.787670209,       1.606037253,       2.593989831
        682,           0,          10,         3.395e-05,             5e-08,      -3.780682121,      -1.127378504,     -0.9486379563,       1.582373009,      0.4895766173,       2.175191663
        682,           0,          20,         3.395e-05,             5e-08,      -3.824331511,      -1.145668219,     -0.9576361006,       1.544502737,      0.4786250576,       1.897864436
        682,           0,          29,         3.395e-05,             5e-08,       -3.85192439,      -1.156625798,     -0.9641545684,       1.520403928,      0.4718757322,       1.662320952
        683,           0,           0,           3.4e-05,             5e-08,      -2.562755172,      0.1122547586,     -0.1041045501,       2.787757483,       1.605973837,       2.593234265
        683,           0,          10,           3.4e-05,             5e-08,      -3.780360975,      -1.127105933,     -0.9481846208,       1.582691591,      0.4899295131,       2.174233264
        683,           0,          20,           3.4e-05,             5e-08,      -3.823951025,      -1.145375061,     -0.9571761393,         1.5448712,      0.4789849327,       1.896915142
        683,           0,          29,           3.4e-05,             5e-08,       -3.85150797,      -1.156323738,     -0.9636910962,       1.520801884,      0.4722377092,       1.661250861
        684,           0,           0,         3.405e-05,             5e-08,      -2.562709376,      0.1122356069,     -0.1041569957,        2.78782826,       1.605913884,       2.592481152
        684,           0,          10,         3.405e-05,             5e-08,      -3.780040556,      -1.126833866,     -0.9477321097,       1.583009313,      0.4902818008,       2.173281452
        684,           0,          20,         3.405e-05,             5e-08,      -3.823571307,      -1.145082455,     -0.9567169106,       1.545238877,      0.4793441819,       1.895958028
        684,           0,          29,         3.405e-05,             5e-08,      -3.851092336,      -1.156022233,      -0.963228259,        1.52119913,       0.472599055,       1.660189184
        685,           0,           0,          3.41e-05,             5e-08,      -2.562672039,      0.1122131422,     -0.1042053157,       2.787881864,       1.605856061,       2.591753377
        685,           0,          10,          3.41e-05,             5e-08,      -3.779721058,      -1.126562301,     -0.9472804934,       1.583325813,      0.4906334369,       2.172335008
        685,           0,          20,          3.41e-05,             5e-08,      -3.823192465,      -1.144790397,     -0.9562586524,       1.545605536,      0.4797027486,       1.895005525
        685,           0,          29,          3.41e-05,             5e-08,      -3.850677605,      -1.155721291,     -0.9627664611,       1.521595381,       0.472959721,       1.659135531
        686,           0,           0,         3.415e-05,             5e-08,      -2.562677612,      0.1121189167,       -0.10425882,       2.787882315,       1.605890017,        2.59105486
        686,           0,          10,         3.415e-05,             5e-08,      -3.779402134,      -1.126291243,     -0.9468297749,       1.583641742,      0.4909844515,       2.171388537
        686,           0,          20,         3.415e-05,             5e-08,      -3.822814331,       -1.14449889,     -0.9558012757,        1.54597151,      0.4800606929,       1.894057997
        686,           0,          29,         3.415e-05,             5e-08,      -3.850263601,      -1.155420906,     -0.9623055175,       1.521990981,      0.4733197704,       1.658089627
        687,           0,           0,          3.42e-05,             5e-08,      -2.562648127,      0.1121012988,     -0.1042972652,       2.787909519,        1.60582286,       2.590337519
        687,           0,          10,          3.42e-05,             5e-08,      -3.779083844,      -1.126020688,     -0.9463799825,          1.583957,      0.4913349375,       2.170477726
        687,           0,          20,          3.42e-05,             5e-08,      -3.822436704,      -1.144207916,      -0.955344783,        1.54633715,      0.4804181744,       1.893111026
        687,           0,          29,          3.42e-05,             5e-08,      -3.849850267,      -1.155121067,     -0.9618454761,       1.522386039,      0.4736793982,       1.657043193
        688,           0,           0,         3.425e-05,             5e-08,      -2.562630719,      0.1120764685,     -0.1043352681,       2.787919142,       1.605741773,       2.589609886
        688,           0,          10,         3.425e-05,             5e-08,      -3.778766317,      -1.125750628,     -0.9459310693,       1.584271349,      0.4916850005,       2.169576794
        688,           0,          20,         3.425e-05,             5e-08,      -3.822059985,      -1.143917475,     -0.9548891981,       1.546701759,      0.4807751309,       1.892157744
        688,           0,          29,         3.425e-05,             5e-08,      -3.849437577,      -1.154821773,     -0.9613862294,       1.522780621,      0.4740384378,       1.655989991
        689,           0,           0,          3.43e-05,             5e-08,      -2.562621039,       0.112047478,     -0.1043715135,       2.787915982,       1.605662715,        2.58887902
        689,           0,          10,          3.43e-05,             5e-08,      -3.778449059,      -1.125481072,     -0.9454828726,       1.584585688,      0.4920344714,       2.168679862
        689,           0,          20,          3.43e-05,             5e-08,      -3.821683659,       -1.14362757,     -0.9544344506,       1.547066229,      0.4811314716,       1.891181903
        689,           0,          29,          3.43e-05,             5e-08,      -3.849025443,      -1.154523014,     -0.9609279861,        1.52317482,      0.4743968539,       1.654916304
        690,           0,           0,         3.435e-05,             5e-08,      -2.562618181,      0.1120157578,     -0.1044061004,        2.78790026,       1.605589533,       2.588145745
        690,           0,          10,         3.435e-05,             5e-08,       -3.77813219,      -1.125211988,     -0.9450356627,       1.584899762,      0.4923833508,       2.167844934
        690,           0,          20,         3.435e-05,             5e-08,      -3.821307786,      -1.143338182,     -0.9539805901,        1.54743044,      0.4814871797,       1.890182334
        690,           0,          29,         3.435e-05,             5e-08,      -3.848613743,      -1.154224773,     -0.9604705446,       1.523568904,      0.4747546129,       1.653827992
        691,           0,           0,          3.44e-05,             5e-08,      -2.562621346,      0.1119820721,     -0.1044391748,       2.787873051,       1.605522033,       2.587410339
        691,           0,          10,          3.44e-05,             5e-08,      -3.777815685,      -1.124943365,     -0.9445892334,       1.585213667,      0.4927315812,       2.167096098
        691,           0,          20,          3.44e-05,             5e-08,      -3.820932295,      -1.143049298,     -0.9535275315,       1.547794555,      0.4818422255,       1.889161905
        691,           0,          29,          3.44e-05,             5e-08,      -3.848202251,      -1.153927049,     -0.9600138887,       1.523963256,      0.4751117185,       1.652726323
        692,           0,           0,         3.445e-05,             5e-08,      -2.562630174,      0.1119467242,      -0.104470841,        2.78783516,       1.605459069,       2.586675234
        692,           0,          10,         3.445e-05,             5e-08,      -3.777499445,      -1.124675256,     -0.9441435196,        1.58552758,      0.4930792169,        2.16628628
        692,           0,          20,         3.445e-05,             5e-08,      -3.820556955,      -1.142760914,      -0.953075225,       1.548158982,      0.4821966607,       1.888128263
        692,           0,          29,         3.445e-05,             5e-08,      -3.847790854,      -1.153629898,     -0.9595579392,       1.524358071,      0.4754682051,       1.651620007
        693,           0,           0,          3.45e-05,             5e-08,      -2.562644313,      0.1119098336,     -0.1045015157,        2.78778717,        1.60539952,       2.585942576
        693,           0,          10,          3.45e-05,             5e-08,      -3.777183209,      -1.124407573,     -0.9436984887,       1.585841939,      0.4934262672,       2.165388272
        693,           0,          20,          3.45e-05,             5e-08,      -3.820181635,      -1.142473003,     -0.9526236542,       1.548523966,      0.4825504873,       1.887093559
        693,           0,          29,          3.45e-05,             5e-08,       -3.84738089,      -1.153333253,     -0.9591030025,       1.524751038,      0.4758240752,       1.650514072
        694,           0,           0,         3.455e-05,             5e-08,      -2.562662848,      0.1118717633,     -0.1045313596,       2.787730644,       1.605342484,       2.585215268
        694,           0,          10,         3.455e-05,             5e-08,      -3.776867715,      -1.124140282,     -0.9432543377,       1.586155409,      0.4937727171,       2.164514544
        694,           0,          20,         3.455e-05,             5e-08,      -3.819807617,      -1.142185686,     -0.9521729913,       1.548887183,      0.4829036515,       1.886064518
        694,           0,          29,         3.455e-05,             5e-08,      -3.846972305,      -1.153037079,     -0.9586489798,       1.525142258,      0.4761792728,       1.649415938
        695,           0,           0,          3.46e-05,             5e-08,      -2.562685426,      0.1118326718,     -0.1045606592,       2.787666397,       1.605287282,       2.584491837
        695,           0,          10,          3.46e-05,             5e-08,      -3.776553033,      -1.123873375,     -0.9428110213,       1.586467883,      0.4941185949,       2.163654796
        695,           0,          20,          3.46e-05,             5e-08,      -3.819434746,      -1.141898786,     -0.9517232126,       1.549248943,      0.4832563188,        1.88503129
        695,           0,          29,          3.46e-05,             5e-08,      -3.846564531,      -1.152741359,     -0.9581958133,       1.525532713,      0.4765340035,        1.64832517
        696,           0,           0,         3.465e-05,             5e-08,       -2.56271178,      0.1117927576,     -0.1045899409,       2.787595188,        1.60523342,       2.583770263
        696,           0,          10,         3.465e-05,             5e-08,       -3.77623907,      -1.123607105,     -0.9423683283,       1.586779477,      0.4944639369,       2.162787455
        696,           0,          20,         3.465e-05,             5e-08,      -3.819062861,      -1.141612287,     -0.9512743375,       1.549609522,      0.4836083904,       1.884003316
        696,           0,          29,         3.465e-05,             5e-08,      -3.846157658,       -1.15244608,     -0.9577435239,       1.525922215,      0.4768881066,       1.647238265
        697,           0,           0,          3.47e-05,             5e-08,      -2.562741922,      0.1117520447,     -0.1046193867,       2.787516995,       1.605180542,       2.583047575
        697,           0,          10,          3.47e-05,             5e-08,      -3.775925741,      -1.123341162,     -0.9419264018,        1.58709029,      0.4948086996,       2.161889155
        697,           0,          20,          3.47e-05,             5e-08,      -3.818691816,      -1.141326175,     -0.9508262912,       1.549969147,      0.4839598601,       1.882982865
        697,           0,          29,          3.47e-05,             5e-08,      -3.845751596,      -1.152151222,     -0.9572920596,       1.526310905,      0.4772415998,       1.646151108
        698,           0,           0,         3.475e-05,             5e-08,      -2.562775647,      0.1117106924,     -0.1046488527,       2.787432023,       1.605128393,        2.58232171
        698,           0,          10,         3.475e-05,             5e-08,      -3.775613117,      -1.123075509,     -0.9414851636,        1.58740021,       0.495152884,       2.160956551
        698,           0,          20,         3.475e-05,             5e-08,      -3.818321529,      -1.141040403,     -0.9503789962,       1.550327932,      0.4843107292,       1.881955753
        698,           0,          29,         3.475e-05,             5e-08,      -3.845346293,      -1.151856736,     -0.9568413733,       1.526698851,      0.4775944843,       1.645058086
        699,           0,           0,          3.48e-05,             5e-08,      -2.562812508,      0.1116689544,     -0.1046787112,       2.787341396,       1.605076752,       2.581591845
        699,           0,          10,          3.48e-05,             5e-08,        -3.7753012,      -1.122810034,     -0.9410443154,       1.587709169,      0.4954964841,       2.160012127
        699,           0,          20,          3.48e-05,             5e-08,      -3.817951955,      -1.140754838,     -0.9499322884,       1.550685912,      0.4846609981,       1.880926189
        699,           0,          29,          3.48e-05,             5e-08,      -3.844941721,      -1.151562499,      -0.956391367,       1.527086072,      0.4779467642,       1.643960394
        700,           0,           0,         3.485e-05,             5e-08,      -2.562851272,      0.1116269156,      -0.104708831,       2.787247329,       1.605025531,       2.580861084
        700,           0,          10,         3.485e-05,             5e-08,      -3.774989937,      -1.122544326,     -0.9406026952,       1.588017125,      0.4958395052,       2.159057618
        700,           0,          20,         3.485e-05,             5e-08,      -3.817583123,      -1.140468991,     -0.9494854242,       1.551042898,        0.48501067,       1.879894147
        700,           0,          29,         3.485e-05,             5e-08,       -3.84453793,      -1.151268051,     -0.9559416054,       1.527472378,      0.4782984377,       1.642866918
        701,           0,           0,          3.49e-05,             5e-08,      -2.562892764,      0.1115845545,     -0.1047392483,       2.787148476,        1.60497465,       2.580134026
        701,           0,          10,          3.49e-05,             5e-08,      -3.774679406,      -1.122276612,     -0.9401501232,       1.588323328,      0.4961819135,       2.158099881
        701,           0,          20,          3.49e-05,             5e-08,      -3.817215125,      -1.140181094,     -0.9490337628,       1.551398342,       0.485359667,       1.878867726
        701,           0,          29,          3.49e-05,             5e-08,      -3.844135036,      -1.150971464,     -0.9554887204,       1.527857133,      0.4786494058,       1.641761187
        702,           0,           0,         3.495e-05,             5e-08,      -2.562936096,      0.1115421543,     -0.1047696398,       2.787046523,        1.60492405,       2.579413349
        702,           0,          10,         3.495e-05,             5e-08,       -3.77436918,      -1.122012459,     -0.9397077647,       1.588629559,      0.4965236512,       2.157096511
        702,           0,          20,         3.495e-05,             5e-08,      -3.816847381,       -1.13989695,     -0.9485845846,       1.551753557,      0.4857080102,       1.877794329
        702,           0,          29,         3.495e-05,             5e-08,        -3.8437326,      -1.150678673,     -0.9550368361,       1.528241361,      0.4789997297,       1.640641585
        703,           0,           0,           3.5e-05,             5e-08,      -2.562981769,      0.1114996607,     -0.1048028921,       2.786940232,       1.604873682,       2.578683259
        703,           0,          10,           3.5e-05,             5e-08,      -3.774059192,       -1.12174934,     -0.9392698903,       1.588936345,       0.496864777,       2.156100931
        703,           0,          20,           3.5e-05,             5e-08,      -3.816480111,      -1.139613877,     -0.9481392784,       1.552109127,      0.4860556834,       1.876742545
        703,           0,          29,           3.5e-05,             5e-08,      -3.843330814,      -1.150386859,     -0.9545878991,       1.528625662,      0.4793493585,       1.639533104
        704,           0,           0,         3.505e-05,             5e-08,      -2.563029908,      0.1114569985,     -0.1048365489,       2.786829604,       1.604823521,       2.577960847
        704,           0,          10,         3.505e-05,             5e-08,       -3.77374966,      -1.121486406,     -0.9388330694,       1.589243257,      0.4972052027,       2.155152192
        704,           0,          20,         3.505e-05,             5e-08,      -3.816113448,       -1.13933114,     -0.9476959345,       1.552464631,      0.4864025839,        1.87569827
        704,           0,          29,         3.505e-05,             5e-08,      -3.842929673,      -1.150095529,     -0.9541412543,       1.529009878,      0.4796981792,       1.638428401
        705,           0,           0,          3.51e-05,             5e-08,      -2.563080244,      0.1114141768,     -0.1048709381,       2.786715162,       1.604773543,        2.57724714
        705,           0,          10,          3.51e-05,             5e-08,      -3.773440628,      -1.121224028,     -0.9383973529,       1.589549885,      0.4975449111,       2.154225126
        705,           0,          20,          3.51e-05,             5e-08,       -3.81574746,      -1.139048961,     -0.9472539744,       1.552819726,      0.4867488208,       1.874674741
        705,           0,          29,          3.51e-05,             5e-08,      -3.842529279,      -1.149804561,     -0.9536958079,       1.529393655,       0.480046372,        1.63733425
        706,           0,           0,         3.515e-05,             5e-08,      -2.563131976,      0.1113713502,     -0.1049058459,       2.786598159,       1.604723728,       2.576539465
        706,           0,          10,         3.515e-05,             5e-08,      -3.773132219,      -1.120961491,     -0.9379595915,       1.589855727,      0.4978840536,       2.153313026
        706,           0,          20,         3.515e-05,             5e-08,      -3.815382269,      -1.138766624,      -0.946811241,       1.553173864,       0.487094475,       1.873658572
        706,           0,          29,         3.515e-05,             5e-08,      -3.842129754,      -1.149513667,     -0.9532508023,       1.529776505,      0.4803939736,       1.636252363
        707,           0,           0,          3.52e-05,             5e-08,      -2.563184892,      0.1113285608,     -0.1049415228,       2.786479408,        1.60467406,       2.575834776
        707,           0,          10,          3.52e-05,             5e-08,      -3.772824624,      -1.120696231,      -0.937474399,       1.590159488,      0.4982227823,       2.152413652
        707,           0,          20,          3.52e-05,             5e-08,      -3.815018928,      -1.138480605,     -0.9463088288,       1.553523203,      0.4874397284,       1.872662248
        707,           0,          29,          3.52e-05,             5e-08,      -3.841732573,      -1.149218873,       -0.95276867,       1.530153993,      0.4807411681,       1.635211332
        708,           0,           0,         3.525e-05,             5e-08,       -2.56323897,      0.1112857843,     -0.1049719723,        2.78635911,       1.604624528,       2.575131797
        708,           0,          10,         3.525e-05,             5e-08,       -3.77251822,      -1.120430342,     -0.9369684229,       1.590459844,        0.49856069,        2.15154005
        708,           0,          20,         3.525e-05,             5e-08,      -3.814655404,      -1.138194803,     -0.9458482509,       1.553874264,      0.4877840923,       1.871697738
        708,           0,          29,         3.525e-05,             5e-08,       -3.84133497,      -1.148924609,     -0.9522997397,       1.530533397,      0.4810874968,       1.634186677
        709,           0,           0,          3.53e-05,             5e-08,      -2.563295239,      0.1112429559,     -0.1050120236,       2.786234819,       1.604575127,       2.574432869
        709,           0,          10,          3.53e-05,             5e-08,      -3.772211324,      -1.120167912,     -0.9365420644,       1.590763661,      0.4988979942,       2.150694578
        709,           0,          20,          3.53e-05,             5e-08,      -3.814292035,       -1.13791343,     -0.9454047859,       1.554226026,      0.4881278663,       1.870731814
        709,           0,          29,          3.53e-05,             5e-08,      -3.840937683,      -1.148634665,     -0.9518495414,       1.530913301,      0.4814332141,        1.63315673
        710,           0,           0,         3.535e-05,             5e-08,      -2.563353717,      0.1112000484,     -0.1050514981,       2.786106437,       1.604525869,        2.57373435
        710,           0,          10,         3.535e-05,             5e-08,      -3.771904819,      -1.119908792,     -0.9361232935,       1.591068178,      0.4992347814,       2.149841507
        710,           0,          20,         3.535e-05,             5e-08,      -3.813929034,      -1.137633165,     -0.9449694935,       1.554579023,      0.4884710726,       1.869734585
        710,           0,          29,         3.535e-05,             5e-08,      -3.840540493,       -1.14834527,     -0.9514077167,       1.531294995,      0.4817783438,       1.632066352
        711,           0,           0,          3.54e-05,             5e-08,      -2.563414228,      0.1111570298,     -0.1050910676,        2.78597436,       1.604476757,       2.573022902
        711,           0,          10,          3.54e-05,             5e-08,      -3.771598325,      -1.119648601,     -0.9357030663,       1.591373743,      0.4995710071,       2.148931961
        711,           0,          20,          3.54e-05,             5e-08,       -3.81356612,       -1.13735327,      -0.944537027,        1.55493272,      0.4888137032,       1.868716156
        711,           0,          29,          3.54e-05,             5e-08,      -3.840143397,      -1.148056661,       -0.95096987,        1.53167724,      0.4821228964,       1.630974878
        712,           0,           0,         3.545e-05,             5e-08,      -2.563476305,      0.1111138382,     -0.1051312877,       2.785839626,       1.604427757,       2.572296726
        712,           0,          10,         3.545e-05,             5e-08,      -3.771291043,      -1.119389199,     -0.9352869607,       1.591681154,      0.4999067299,       2.148000907
        712,           0,          20,         3.545e-05,             5e-08,      -3.813203211,      -1.137075262,      -0.944106299,       1.555286722,      0.4891558059,       1.867689468
        712,           0,          29,         3.545e-05,             5e-08,      -3.839746375,      -1.147770013,     -0.9505342123,       1.532059777,      0.4824669186,       1.629878023
        713,           0,           0,          3.55e-05,             5e-08,      -2.563539635,      0.1110704933,     -0.1051719394,       2.785702843,       1.604378859,       2.571562979
        713,           0,          10,          3.55e-05,             5e-08,      -3.770984255,      -1.119130928,     -0.9348663995,       1.591988153,      0.5002418534,       2.147047971
        713,           0,          20,          3.55e-05,             5e-08,      -3.812840662,      -1.136797177,     -0.9436763618,       1.555640757,      0.4894972899,        1.86665482
        713,           0,          29,          3.55e-05,             5e-08,      -3.839349888,      -1.147483061,     -0.9500997691,       1.532442104,      0.4828103036,       1.628777358
        714,           0,           0,         3.555e-05,             5e-08,      -2.563604481,      0.1110268903,     -0.1052128622,       2.785563443,       1.604330057,       2.570826153
        714,           0,          10,         3.555e-05,             5e-08,      -3.770678657,      -1.118872912,     -0.9344445556,       1.592293273,      0.5005763976,       2.146079331
        714,           0,          20,         3.555e-05,             5e-08,      -3.812478573,      -1.136519434,     -0.9432476225,       1.555994456,      0.4898381871,       1.865615286
        714,           0,          29,         3.555e-05,             5e-08,      -3.838954263,      -1.147196649,     -0.9496669612,       1.532823438,      0.4831530939,       1.627673067
        715,           0,           0,          3.56e-05,             5e-08,      -2.563671107,      0.1109830068,     -0.1052538656,       2.785420963,       1.604281331,       2.570091272
        715,           0,          10,          3.56e-05,             5e-08,      -3.770373955,      -1.118615529,     -0.9340222462,       1.592597089,      0.5009103623,       2.145104037
        715,           0,          20,          3.56e-05,             5e-08,      -3.812117286,       -1.13624228,     -0.9428199622,       1.556347194,      0.4901784613,       1.864587785
        715,           0,          29,          3.56e-05,             5e-08,      -3.838559546,      -1.146910878,      -0.949235236,        1.53320366,      0.4834952395,       1.626573159
        716,           0,           0,         3.565e-05,             5e-08,      -2.563739572,      0.1109387949,     -0.1052953769,       2.785275207,       1.604232605,       2.569362095
        716,           0,          10,         3.565e-05,             5e-08,        -3.7700697,      -1.118358721,     -0.9335986315,       1.592900583,      0.5012436763,       2.144128218
        716,           0,          20,         3.565e-05,             5e-08,      -3.811756984,       -1.13596565,     -0.9423927101,       1.556698655,      0.4905181011,       1.863551569
        716,           0,          29,         3.565e-05,             5e-08,      -3.838165889,      -1.146625661,     -0.9488042156,       1.533582557,      0.4838367571,       1.625465444
        717,           0,           0,          3.57e-05,             5e-08,      -2.563809517,      0.1108942692,     -0.1053376085,       2.785126787,       1.604183961,       2.568641247
        717,           0,          10,          3.57e-05,             5e-08,      -3.769765607,      -1.118102079,     -0.9331774826,       1.593204304,      0.5015764432,       2.143137266
        717,           0,          20,          3.57e-05,             5e-08,      -3.811397451,       -1.13568958,     -0.9419660605,       1.557049205,      0.4908571595,       1.862508654
        717,           0,          29,          3.57e-05,             5e-08,      -3.837773228,      -1.146341019,     -0.9483737953,       1.533960214,      0.4841776843,       1.624356807
        718,           0,           0,         3.575e-05,             5e-08,      -2.563881268,      0.1108493424,     -0.1053801524,       2.784975111,       1.604135399,       2.567927224
        718,           0,          10,         3.575e-05,             5e-08,      -3.769462225,      -1.117845875,     -0.9327579021,          1.593507,       0.501908653,       2.142186233
        718,           0,          20,         3.575e-05,             5e-08,       -3.81103874,      -1.135414045,     -0.9415396458,        1.55739875,      0.4911956385,       1.861429592
        718,           0,          29,         3.575e-05,             5e-08,      -3.837381445,      -1.146056913,     -0.9479437924,       1.534336859,      0.4845180234,        1.62326463
        719,           0,           0,          3.58e-05,             5e-08,      -2.563955148,      0.1108038979,     -0.1054228718,       2.784819571,       1.604086918,       2.567220476
        719,           0,          10,          3.58e-05,             5e-08,       -3.76915965,      -1.117590114,     -0.9323385124,       1.593808611,      0.5022403065,       2.141202411
        719,           0,          20,          3.58e-05,             5e-08,      -3.810681021,      -1.135138991,     -0.9411137568,       1.557747003,       0.491533541,       1.860409934
        719,           0,          29,          3.58e-05,             5e-08,      -3.836990458,      -1.145773303,     -0.9475144529,       1.534712655,      0.4848577748,       1.622168919
        720,           0,           0,         3.585e-05,             5e-08,      -2.564031018,       0.110757883,      -0.105465336,       2.784660505,       1.604038517,       2.566518414
        720,           0,          10,         3.585e-05,             5e-08,      -3.768857855,      -1.117334761,     -0.9319193789,       1.594109211,      0.5025714041,       2.140253933
        720,           0,          20,         3.585e-05,             5e-08,      -3.810324162,      -1.134864398,     -0.9406882504,       1.558094234,      0.4918708669,       1.859382439
        720,           0,          29,         3.585e-05,             5e-08,       -3.83660043,      -1.145490193,     -0.9470863867,       1.535087194,      0.4851969354,       1.621053262
        721,           0,           0,          3.59e-05,             5e-08,      -2.564107844,      0.1107113147,     -0.1055080773,       2.784499584,       1.603990118,       2.565826164
        721,           0,          10,          3.59e-05,             5e-08,      -3.768556706,      -1.117079817,     -0.9315005869,       1.594409058,      0.5029019431,       2.139315587
        721,           0,          20,          3.59e-05,             5e-08,       -3.80996794,      -1.134590295,     -0.9402631144,       1.558440855,      0.4922076068,       1.858359818
        721,           0,          29,          3.59e-05,             5e-08,      -3.836210933,      -1.145207608,     -0.9466589157,        1.53546136,      0.4855355035,       1.619955795
        722,           0,           0,         3.595e-05,             5e-08,      -2.564185709,      0.1106641731,     -0.1055515825,       2.784336641,       1.603941769,       2.565139936
        722,           0,          10,         3.595e-05,             5e-08,      -3.768256063,      -1.116825303,     -0.9310821676,       1.594708406,      0.5032319056,       2.138377865
        722,           0,          20,         3.595e-05,             5e-08,       -3.80961226,      -1.134316666,     -0.9398387845,       1.558786972,      0.4925437723,       1.857328609
        722,           0,          29,         3.595e-05,             5e-08,      -3.835821834,      -1.144925506,      -0.946231941,       1.535835401,      0.4858735138,       1.618880286
        723,           0,           0,           3.6e-05,             5e-08,      -2.564265261,      0.1106164657,      -0.105595171,       2.784170567,       1.603893487,       2.564461962
        723,           0,          10,           3.6e-05,             5e-08,      -3.767955728,      -1.116571149,     -0.9306640984,       1.595007611,      0.5035613923,       2.137445179
        723,           0,          20,           3.6e-05,             5e-08,      -3.809257041,      -1.134043472,     -0.9394151257,        1.55913275,      0.4928794551,        1.85629778
        723,           0,          29,           3.6e-05,             5e-08,      -3.835432965,      -1.144643866,     -0.9458054472,       1.536209617,       0.486211006,       1.617807631
        724,           0,           0,         3.605e-05,             5e-08,      -2.564346483,      0.1105681532,     -0.1056387765,       2.784001578,       1.603845275,       2.563795504
        724,           0,          10,         3.605e-05,             5e-08,      -3.767655617,      -1.116317368,     -0.9302464567,        1.59530683,      0.5038903569,       2.136522133
        724,           0,          20,         3.605e-05,             5e-08,      -3.808902045,      -1.133770729,     -0.9389919357,       1.559478642,      0.4932145686,       1.855266103
        724,           0,          29,         3.605e-05,             5e-08,       -3.83504446,      -1.144362699,     -0.9453794759,       1.536583774,      0.4865479177,       1.616736743
        725,           0,           0,          3.61e-05,             5e-08,      -2.564429646,      0.1105191715,      -0.105682305,       2.783828972,       1.603797131,       2.563126727
        725,           0,          10,          3.61e-05,             5e-08,       -3.76735556,      -1.116063975,     -0.9298292857,       1.595606322,      0.5042188115,       2.135608674
        725,           0,          20,          3.61e-05,             5e-08,      -3.808547152,      -1.133498447,     -0.9385692182,       1.559824863,      0.4935490987,       1.854243618
        725,           0,          29,          3.61e-05,             5e-08,      -3.834656491,      -1.144082028,      -0.944954052,       1.536957568,      0.4868841997,       1.615691412
        726,           0,           0,         3.615e-05,             5e-08,      -2.564514102,      0.1104695405,     -0.1057256755,        2.78365378,       1.603749055,       2.562467066
        726,           0,          10,         3.615e-05,             5e-08,      -3.767055707,       -1.11581097,     -0.9294125817,        1.59590587,      0.5045466175,       2.134693223
        726,           0,          20,         3.615e-05,             5e-08,      -3.808192755,      -1.133226608,     -0.9381470848,       1.560170703,      0.4938829596,       1.853182521
        726,           0,          29,         3.615e-05,             5e-08,      -3.834269113,      -1.143801823,     -0.9445292026,       1.537330892,      0.4872198282,       1.614626838
        727,           0,           0,          3.62e-05,             5e-08,      -2.564599477,      0.1104193571,     -0.1057700222,       2.783476672,       1.603701045,       2.561807293
        727,           0,          10,          3.62e-05,             5e-08,      -3.766756293,      -1.115558344,     -0.9289964616,        1.59620502,       0.504873858,       2.133788094
        727,           0,          20,          3.62e-05,             5e-08,       -3.80783889,      -1.132955205,     -0.9377255266,       1.560516097,      0.4942162526,       1.852149729
        727,           0,          29,          3.62e-05,             5e-08,      -3.833882333,      -1.143522079,     -0.9441049297,        1.53770373,      0.4875548776,       1.613593427
        728,           0,           0,         3.625e-05,             5e-08,      -2.564686057,      0.1103685501,     -0.1058144816,       2.783297126,       1.603653101,       2.561153831
        728,           0,          10,         3.625e-05,             5e-08,      -3.766457283,       -1.11530611,     -0.9285808742,       1.596503843,       0.505200553,       2.132888277
        728,           0,          20,         3.625e-05,             5e-08,      -3.807485563,      -1.132684237,     -0.9373045486,        1.56086103,      0.4945489704,       1.851185534
        728,           0,          29,         3.625e-05,             5e-08,      -3.833496142,      -1.143242793,     -0.9436812222,       1.538076099,      0.4878893238,       1.612495282
        729,           0,           0,          3.63e-05,             5e-08,      -2.564773755,       0.110317106,     -0.1058591153,       2.783115545,       1.603605219,       2.560493966
        729,           0,          10,          3.63e-05,             5e-08,      -3.766158689,      -1.115054276,     -0.9281658882,       1.596802295,      0.5055266219,        2.13198602
        729,           0,          20,          3.63e-05,             5e-08,      -3.807132757,      -1.132413709,     -0.9368841568,       1.561205504,      0.4948810487,       1.850216359
        729,           0,          29,          3.63e-05,             5e-08,      -3.833110578,      -1.142963967,     -0.9432581039,       1.538447908,       0.488223161,       1.611436008
        730,           0,           0,         3.635e-05,             5e-08,      -2.564862259,      0.1102649796,     -0.1059039854,       2.782932561,       1.603557401,       2.559808848
        730,           0,          10,         3.635e-05,             5e-08,      -3.765860447,      -1.114802865,     -0.9277515194,        1.59710051,      0.5058521726,       2.131048486
        730,           0,          20,         3.635e-05,             5e-08,      -3.806780529,      -1.132143635,     -0.9364644481,       1.561549452,       0.495212649,       1.849243844
        730,           0,          29,         3.635e-05,             5e-08,      -3.832725743,      -1.142685599,     -0.9428357057,       1.538818919,      0.4885565519,       1.610387712
        731,           0,           0,          3.64e-05,             5e-08,      -2.564951379,      0.1102121657,     -0.1059491341,       2.782748339,        1.60350965,       2.559107666
        731,           0,          10,          3.64e-05,             5e-08,      -3.765562607,      -1.114551961,     -0.9273380298,       1.597398422,      0.5061771534,       2.130124379
        731,           0,          20,          3.64e-05,             5e-08,      -3.806428411,      -1.131874068,     -0.9360456262,       1.561893816,      0.4955436181,       1.848263664
        731,           0,          29,          3.64e-05,             5e-08,      -3.832341612,      -1.142407683,      -0.942414361,       1.539189035,       0.488889432,       1.609345066
        732,           0,           0,         3.645e-05,             5e-08,      -2.565040968,      0.1101587993,     -0.1059948992,       2.782563064,       1.603461967,       2.558406286
        732,           0,          10,         3.645e-05,             5e-08,      -3.765265439,      -1.114301462,     -0.9269252597,       1.597695542,      0.5065015933,        2.12921239
        732,           0,          20,         3.645e-05,             5e-08,      -3.806076258,      -1.131604944,     -0.9356272882,       1.562238762,      0.4958740148,       1.847294888
        732,           0,          29,         3.645e-05,             5e-08,      -3.831957011,      -1.142130234,     -0.9419934976,        1.53956059,      0.4892216965,        1.60831206
        733,           0,           0,          3.65e-05,             5e-08,      -2.565130953,      0.1101049733,     -0.1060412948,       2.782376874,       1.603414349,       2.557710345
        733,           0,          10,          3.65e-05,             5e-08,      -3.764968178,      -1.114051431,     -0.9265130661,       1.597993307,      0.5068253339,       2.128305289
        733,           0,          20,          3.65e-05,             5e-08,      -3.805724521,      -1.131336393,     -0.9352096742,       1.562583551,      0.4962036633,       1.846339921
        733,           0,          29,          3.65e-05,             5e-08,      -3.831573058,      -1.141853433,     -0.9415733783,       1.539931589,      0.4895532298,       1.607291142
        734,           0,           0,         3.655e-05,             5e-08,      -2.565221355,      0.1100507301,     -0.1060881601,       2.782189754,       1.603366797,        2.55702545
        734,           0,          10,         3.655e-05,             5e-08,      -3.764671093,      -1.113801829,     -0.9261015121,       1.598291158,      0.5071485255,       2.127433866
        734,           0,          20,         3.655e-05,             5e-08,      -3.805373867,      -1.131068311,     -0.9347928333,       1.562926808,       0.496532797,       1.845417111
        734,           0,          29,         3.655e-05,             5e-08,      -3.831190311,       -1.14157715,     -0.9411539657,       1.540301273,      0.4898840849,       1.606293452
        735,           0,           0,          3.66e-05,             5e-08,      -2.565311846,      0.1099961122,     -0.1061356529,       2.782002701,       1.603319315,       2.556361267
        735,           0,          10,          3.66e-05,             5e-08,      -3.764374729,      -1.113552678,     -0.9256907574,       1.598588158,      0.5074711039,       2.126570107
        735,           0,          20,          3.66e-05,             5e-08,       -3.80502426,      -1.130800712,     -0.9343768264,        1.56326877,      0.4968613075,       1.844488155
        735,           0,          29,          3.66e-05,             5e-08,       -3.83080851,      -1.141301321,     -0.9407353923,       1.540669639,      0.4902144521,       1.605284434
        736,           0,           0,         3.665e-05,             5e-08,      -2.565402258,      0.1099411072,     -0.1061839773,       2.781815789,       1.603271911,       2.555701042
        736,           0,          10,         3.665e-05,             5e-08,      -3.764078992,      -1.113303937,     -0.9252806224,        1.59888456,      0.5077930422,       2.125706875
        736,           0,          20,         3.665e-05,             5e-08,      -3.804675491,      -1.130533573,     -0.9339615872,       1.563609742,      0.4971892493,       1.843556233
        736,           0,          29,         3.665e-05,             5e-08,      -3.830427621,      -1.141025987,     -0.9403174239,       1.541037093,      0.4905442249,       1.604277056
        737,           0,           0,          3.67e-05,             5e-08,      -2.565493257,      0.1098856599,     -0.1062323565,       2.781627721,       1.603224583,       2.555037831
        737,           0,          10,          3.67e-05,             5e-08,      -3.763783991,      -1.113055593,     -0.9248710771,       1.599180037,      0.5081144944,       2.124850973
        737,           0,          20,          3.67e-05,             5e-08,      -3.804327607,      -1.130266907,     -0.9335467015,       1.563949875,      0.4975166122,       1.842606424
        737,           0,          29,          3.67e-05,             5e-08,      -3.830047693,      -1.140751153,     -0.9398999762,       1.541403571,      0.4908734231,       1.603255301
        738,           0,           0,         3.675e-05,             5e-08,      -2.565497538,      0.1099699503,     -0.1062351859,       2.781522607,       1.603381035,       2.554526998
        738,           0,          10,         3.675e-05,             5e-08,      -3.763489838,      -1.112807686,     -0.9244617716,       1.599474612,      0.5084353397,       2.124000179
        738,           0,          20,         3.675e-05,             5e-08,      -3.803980667,      -1.130000719,     -0.9331323107,       1.564288859,      0.4978434045,       1.841647749
        738,           0,          29,         3.675e-05,             5e-08,      -3.829668727,       -1.14047681,     -0.9394832709,       1.541768903,      0.4912020383,       1.602234845
        739,           0,           0,          3.68e-05,             5e-08,      -2.565583036,      0.1099233862,      -0.106284464,       2.781341195,       1.603335374,       2.553836845
        739,           0,          10,          3.68e-05,             5e-08,      -3.763196768,      -1.112560184,     -0.9240529207,       1.599767659,      0.5087555781,       2.123162007
        739,           0,          20,          3.68e-05,             5e-08,      -3.803634733,      -1.129734978,     -0.9327184367,       1.564626592,      0.4981696205,       1.840687104
        739,           0,          29,          3.68e-05,             5e-08,      -3.829290771,      -1.140202932,     -0.9390671144,       1.542133026,      0.4915300963,       1.601207573
        740,           0,           0,         3.685e-05,             5e-08,      -2.565678248,      0.1098593349,     -0.1063405007,       2.781151203,       1.603277617,       2.553125008
        740,           0,          10,         3.685e-05,             5e-08,      -3.762904525,      -1.112313091,     -0.9236443382,       1.600059639,      0.5090752635,       2.122326962
        740,           0,          20,         3.685e-05,             5e-08,      -3.803289727,      -1.129469676,     -0.9323049802,       1.564963216,      0.4984953002,        1.83971442
        740,           0,          29,         3.685e-05,             5e-08,      -3.828913764,      -1.139929514,     -0.9386513432,       1.542496157,      0.4918576107,       1.600172919
        741,           0,           0,          3.69e-05,             5e-08,      -2.565775539,      0.1097904404,     -0.1063983234,       2.780959598,       1.603223607,       2.552412944
        741,           0,          10,          3.69e-05,             5e-08,      -3.762613079,      -1.112066414,     -0.9232358511,       1.600350638,      0.5093943822,       2.121475352
        741,           0,          20,          3.69e-05,             5e-08,      -3.802945608,      -1.129204848,     -0.9318918324,       1.565298816,      0.4988204903,       1.838738483
        741,           0,          29,          3.69e-05,             5e-08,      -3.828537697,      -1.139656641,     -0.9382360246,       1.542858237,      0.4921846779,       1.599135881
        742,           0,           0,         3.695e-05,             5e-08,      -2.565872239,      0.1097211015,     -0.1064560318,       2.780768738,       1.603175468,       2.551708033
        742,           0,          10,         3.695e-05,             5e-08,       -3.76232231,      -1.111820279,     -0.9228272563,       1.600640889,      0.5097130862,       2.120631413
        742,           0,          20,         3.695e-05,             5e-08,      -3.789285402,      -1.110396821,     -0.9302699871,       1.575754633,      0.5125871265,       1.840128024
        742,           0,          29,         3.695e-05,             5e-08,      -3.828162608,      -1.139384243,     -0.9378210123,       1.543219233,      0.4925112937,       1.598091365
        743,           0,           0,           3.7e-05,             5e-08,      -2.566022836,      0.1095542848,     -0.1065375392,       2.780521602,        1.60306637,       2.550970452
        743,           0,          10,           3.7e-05,             5e-08,      -3.762032472,      -1.111574444,     -0.9224179955,       1.600929972,      0.5100312655,       2.119801912
        743,           0,          20,           3.7e-05,             5e-08,       -3.80225988,      -1.128676611,      -0.931065533,        1.56596733,      0.4994695148,       1.836767198
        743,           0,          29,           3.7e-05,             5e-08,      -3.827788448,       -1.13911231,     -0.9374060577,       1.543579262,      0.4928374136,       1.597052005
        744,           0,           0,         3.705e-05,             5e-08,      -2.566107247,      0.1095000774,     -0.1065911515,       2.780342264,       1.603010853,        2.55030299
        744,           0,          10,         3.705e-05,             5e-08,      -3.761743817,       -1.11132895,      -0.922007213,       1.601217494,      0.5103488724,       2.119046097
        744,           0,          20,         3.705e-05,             5e-08,      -3.801919018,      -1.128413137,     -0.9306514455,       1.566298996,      0.4997931997,       1.835789908
        744,           0,          29,         3.705e-05,             5e-08,      -3.827415389,      -1.138840873,      -0.936990653,        1.54393805,      0.4931629507,       1.596021348
        745,           0,           0,          3.71e-05,             5e-08,      -2.566192702,      0.1094444809,     -0.1066471691,       2.780163611,         1.6029471,       2.549638329
        745,           0,          10,          3.71e-05,             5e-08,      -3.761455725,      -1.111083696,      -0.921592667,       1.601504721,      0.5106658748,       2.118182555
        745,           0,          20,          3.71e-05,             5e-08,      -3.801578721,      -1.128150007,      -0.930234778,       1.566630453,      0.5001163839,       1.834825912
        745,           0,          29,          3.71e-05,             5e-08,      -3.827043594,      -1.138569845,     -0.9365736895,       1.544295405,      0.4934880456,       1.595003383
        746,           0,           0,         3.715e-05,             5e-08,      -2.566278303,      0.1093877578,     -0.1067043215,       2.779985952,       1.602883755,       2.548979274
        746,           0,          10,         3.715e-05,             5e-08,      -3.761168451,      -1.110838483,     -0.9211690046,       1.601791529,      0.5109823493,       2.117234143
        746,           0,          20,         3.715e-05,             5e-08,      -3.801239629,      -1.127887034,     -0.9298111793,       1.566960872,      0.5004391602,       1.833882734
        746,           0,          29,         3.715e-05,             5e-08,       -3.82667311,      -1.138299059,     -0.9361519005,       1.544651517,      0.4938127981,       1.594001488
        747,           0,           0,          3.72e-05,             5e-08,      -2.566363031,      0.1093303746,     -0.1067622253,       2.779810353,       1.602823331,       2.548323893
        747,           0,          10,          3.72e-05,             5e-08,      -3.760882645,      -1.110592698,     -0.9207165012,       1.602077908,      0.5112983365,       2.116309556
        747,           0,          20,          3.72e-05,             5e-08,      -3.800902295,      -1.127623593,     -0.9293617012,       1.567290575,      0.5007617231,       1.832966269
        747,           0,          29,          3.72e-05,             5e-08,      -3.826306434,      -1.138027959,      -0.935709725,        1.54500318,      0.4941374923,       1.593017629
        748,           0,           0,         3.725e-05,             5e-08,      -2.566446954,      0.1092726566,     -0.1068190121,       2.779636508,       1.602765957,       2.547670774
        748,           0,          10,         3.725e-05,             5e-08,      -3.760600517,      -1.110342218,     -0.9200605517,       1.602369094,      0.5116144968,       2.115414106
        748,           0,          20,         3.725e-05,             5e-08,      -3.800572224,      -1.127350917,     -0.9284158603,       1.567635617,      0.5010876887,       1.832089862
        748,           0,          29,         3.725e-05,             5e-08,      -3.825954194,      -1.137730542,     -0.9324413149,       1.545432789,      0.4944786522,       1.592053672
        749,           0,           0,          3.73e-05,             5e-08,      -2.566527997,       0.109215171,     -0.1067938885,       2.779469208,       1.602711156,       2.547004463
        749,           0,          10,          3.73e-05,             5e-08,       -3.76032831,      -1.110021832,     -0.9164394185,       1.602772904,      0.5119422902,       2.114540316
        749,           0,          20,          3.73e-05,             5e-08,      -3.800249685,      -1.127019006,     -0.9260312729,       1.568030809,      0.5014175652,        1.83130602
        749,           0,          29,          3.73e-05,             5e-08,      -3.825595725,      -1.137420767,     -0.9328748491,       1.545752732,      0.4947934285,       1.591105705
        750,           0,           0,         3.735e-05,             5e-08,      -2.566609809,      0.1091573126,     -0.1068794962,       2.779299432,        1.60265823,       2.546332439
        750,           0,          10,         3.735e-05,             5e-08,      -3.760051792,      -1.109771263,     -0.9155553895,       1.602989262,      0.5122512693,       2.113681948
        750,           0,          20,         3.735e-05,             5e-08,      -3.799923781,      -1.126724711,     -0.9251246589,       1.568335889,      0.5017362242,       1.830483696
        750,           0,          29,         3.735e-05,             5e-08,      -3.825239611,      -1.137094251,     -0.9319333698,       1.546121621,      0.4951194779,       1.590241175
        751,           0,           0,          3.74e-05,             5e-08,      -2.566689247,      0.1090995135,     -0.1069185024,       2.779134273,       1.602606819,        2.54566648
        751,           0,          10,          3.74e-05,             5e-08,      -3.759771632,      -1.109522184,     -0.9157819376,       1.603229588,      0.5125600443,       2.112826289
        751,           0,          20,          3.74e-05,             5e-08,      -3.799593025,      -1.126469161,     -0.9249248302,       1.568609534,      0.5020510667,        1.82958133
        751,           0,          29,          3.74e-05,             5e-08,      -3.824878685,      -1.136833254,     -0.9315781451,       1.546423326,      0.4954362202,        1.58929744
        752,           0,           0,         3.745e-05,             5e-08,      -2.566769239,      0.1090412047,     -0.1069986124,       2.778967055,       1.602556446,       2.545007423
        752,           0,          10,         3.745e-05,             5e-08,      -3.759490573,      -1.109280515,      -0.915868334,       1.603488744,      0.5128731501,       2.111972774
        752,           0,          20,         3.745e-05,             5e-08,      -3.799261299,      -1.126206236,     -0.9248114219,       1.568917734,      0.5023697504,       1.828676927
        752,           0,          29,         3.745e-05,             5e-08,      -3.824516346,      -1.136560623,     -0.9313638233,       1.546760406,      0.4957565607,       1.588373503
        753,           0,           0,          3.75e-05,             5e-08,      -2.566849183,       0.108982746,     -0.1070690961,       2.778799737,       1.602506884,       2.544347607
        753,           0,          10,          3.75e-05,             5e-08,      -3.759207962,       -1.10903378,     -0.9158744004,       1.603758698,      0.5131878939,       2.111109453
        753,           0,          20,          3.75e-05,             5e-08,       -3.79892898,      -1.125936514,     -0.9246366459,        1.56923614,      0.5026896436,        1.82775865
        753,           0,          29,          3.75e-05,             5e-08,      -3.824153275,      -1.136290834,     -0.9311391189,       1.547099934,      0.4960783812,       1.587449713
        754,           0,           0,         3.755e-05,             5e-08,      -2.566928356,      0.1089241832,     -0.1071370046,        2.77863381,       1.602457901,       2.543685736
        754,           0,          10,         3.755e-05,             5e-08,      -3.758923839,      -1.108798134,     -0.9157553682,       1.604027787,      0.5135031403,       2.110230548
        754,           0,          20,         3.755e-05,             5e-08,       -3.79859557,      -1.125687832,     -0.9244821974,       1.569541698,      0.5030104959,       1.826826773
        754,           0,          29,         3.755e-05,             5e-08,      -3.823790182,      -1.136030254,     -0.9308898676,       1.547435872,      0.4964003746,        1.58651731
        755,           0,           0,          3.76e-05,             5e-08,      -2.567006929,      0.1088655132,     -0.1072037416,         2.7784691,       1.602409336,       2.543024468
        755,           0,          10,          3.76e-05,             5e-08,      -3.758641019,      -1.108564245,     -0.9155480084,       1.604298578,      0.5138177143,       2.109333768
        755,           0,          20,          3.76e-05,             5e-08,      -3.798262277,      -1.125432467,     -0.9242449571,       1.569857452,      0.5033304366,       1.825882905
        755,           0,          29,          3.76e-05,             5e-08,      -3.823426934,      -1.135762136,     -0.9306110494,       1.547781359,      0.4967213472,       1.585569483
        756,           0,           0,         3.765e-05,             5e-08,      -2.567084682,       0.108806832,     -0.1072706021,       2.778306004,       1.602361074,       2.542369854
        756,           0,          10,         3.765e-05,             5e-08,      -3.758359449,      -1.108325279,     -0.9152955905,       1.604573689,      0.5141311907,       2.108412101
        756,           0,          20,         3.765e-05,             5e-08,      -3.797929616,      -1.125173468,     -0.9239687635,        1.57017792,      0.5036492343,       1.824929263
        756,           0,          29,         3.765e-05,             5e-08,      -3.823063249,      -1.135493242,     -0.9303197411,       1.548128674,      0.4970416717,       1.584613517
        757,           0,           0,          3.77e-05,             5e-08,      -2.567161485,      0.1087481005,     -0.1073371041,       2.778144618,       1.602313047,       2.541723028
        757,           0,          10,          3.77e-05,             5e-08,      -3.758077791,      -1.108087382,     -0.9150172032,       1.604851092,      0.5144437775,       2.107487052
        757,           0,          20,          3.77e-05,             5e-08,      -3.797596459,      -1.124914722,     -0.9236714666,       1.570499565,      0.5039673128,       1.823965348
        757,           0,          29,          3.77e-05,             5e-08,      -3.822698753,      -1.135224805,     -0.9300136661,        1.54847642,         0.4973615,       1.583651641
        758,           0,           0,         3.775e-05,             5e-08,      -2.567237572,      0.1086892703,     -0.1074028967,       2.777984308,       1.602265211,       2.541082687
        758,           0,          10,         3.775e-05,             5e-08,      -3.757795443,      -1.107848291,     -0.9147239691,       1.605129289,      0.5147556813,       2.106561559
        758,           0,          20,         3.775e-05,             5e-08,      -3.797262706,      -1.124659469,     -0.9233660727,       1.570819727,      0.5042848203,       1.823004783
        758,           0,          29,         3.775e-05,             5e-08,      -3.822333959,      -1.134963122,     -0.9297036403,       1.548820698,         0.4976809,       1.582694635
        759,           0,           0,          3.78e-05,             5e-08,      -2.567313024,      0.1086302727,     -0.1074696026,       2.777825267,       1.602217538,       2.540448485
        759,           0,          10,          3.78e-05,             5e-08,      -3.757512729,      -1.107616008,     -0.9144276691,       1.605404322,      0.5150669794,       2.105643276
        759,           0,          20,          3.78e-05,             5e-08,      -3.796928989,      -1.124407316,     -0.9230507788,       1.571139108,      0.5046017311,       1.822052129
        759,           0,          29,          3.78e-05,             5e-08,      -3.821969293,      -1.134701676,     -0.9293800571,       1.549166301,      0.4979996677,       1.581741803
        760,           0,           0,         3.785e-05,             5e-08,      -2.567388063,      0.1085710491,     -0.1075360597,       2.777667015,       1.602170012,        2.53981865
        760,           0,          10,         3.785e-05,             5e-08,      -3.757230248,      -1.107381655,     -0.9141132137,       1.605681293,      0.5153776727,       2.104738359
        760,           0,          20,         3.785e-05,             5e-08,      -3.796595587,      -1.124153812,     -0.9227211734,       1.571460509,      0.5049179969,        1.82112153
        760,           0,          29,         3.785e-05,             5e-08,      -3.821605625,      -1.134437665,     -0.9290447319,       1.549513305,       0.498317708,       1.580793292
        761,           0,           0,          3.79e-05,             5e-08,      -2.567462843,      0.1085116019,     -0.1076018141,       2.777509263,       1.602122628,       2.539190316
        761,           0,          10,          3.79e-05,             5e-08,      -3.756948542,      -1.107144236,     -0.9137854347,       1.605959385,      0.5156877334,       2.103847792
        761,           0,          20,          3.79e-05,             5e-08,      -3.796263255,      -1.123897236,     -0.9223799568,       1.571782698,        0.50523358,       1.820205014
        761,           0,          29,          3.79e-05,             5e-08,      -3.821242916,      -1.134171914,     -0.9287020219,       1.549860667,      0.4986350729,       1.579849518
        762,           0,           0,         3.795e-05,             5e-08,      -2.567537473,      0.1084518968,     -0.1076679661,       2.777351827,       1.602075389,       2.538562176
        762,           0,          10,         3.795e-05,             5e-08,      -3.756667506,      -1.106905535,     -0.9134489181,       1.606237767,      0.5159971812,       2.102961521
        762,           0,          20,         3.795e-05,             5e-08,      -3.795931896,      -1.123640151,     -0.9220312648,       1.572104528,      0.5055485437,       1.819289842
        762,           0,          29,         3.795e-05,             5e-08,      -3.820880978,       -1.13390611,     -0.9283539439,       1.550208103,       0.498951844,       1.578907057
        763,           0,           0,           3.8e-05,             5e-08,      -2.567611433,      0.1083918718,     -0.1077344761,       2.777195545,       1.602028298,       2.537931822
        763,           0,          10,           3.8e-05,             5e-08,      -3.756387101,      -1.106666564,     -0.9131060732,       1.606515956,      0.5163060416,       2.102080875
        763,           0,          20,           3.8e-05,             5e-08,      -3.795601287,      -1.123383224,     -0.9216770503,       1.572425964,      0.5058629162,       1.818381643
        763,           0,          29,           3.8e-05,             5e-08,      -3.820519803,      -1.133640715,     -0.9280013528,       1.550555014,      0.4992680303,       1.577970313
        764,           0,           0,         3.805e-05,             5e-08,      -2.567684897,      0.1083315266,     -0.1078010339,       2.777039879,       1.601981363,       2.537301025
        764,           0,          10,         3.805e-05,             5e-08,      -3.756107297,      -1.106427782,     -0.9127583502,       1.606793731,      0.5166143287,       2.101197766
        764,           0,          20,         3.805e-05,             5e-08,        -3.7952713,      -1.123126725,     -0.9213184984,       1.572747002,      0.5061767314,       1.817476045
        764,           0,          29,         3.805e-05,             5e-08,      -3.820159297,      -1.133375886,     -0.9276449951,       1.550901396,      0.4995836862,       1.577036864
        765,           0,           0,          3.81e-05,             5e-08,      -2.567757998,      0.1082708601,      -0.107867691,       2.776885016,       1.601934594,       2.536670088
        765,           0,          10,          3.81e-05,             5e-08,      -3.755828052,      -1.106189441,     -0.9124066289,       1.607071007,      0.5169221325,       2.100338224
        765,           0,          20,          3.81e-05,             5e-08,      -3.794941818,       -1.12287076,     -0.9209582874,       1.573067601,      0.5064900758,       1.816582911
        765,           0,          29,          3.81e-05,             5e-08,      -3.819799379,      -1.133111707,     -0.9272854726,       1.551247291,      0.4998988237,       1.576115963
        766,           0,           0,         3.815e-05,             5e-08,      -2.567830662,      0.1082098447,     -0.1079344788,       2.776731091,          1.601888,         2.5360458
        766,           0,          10,         3.815e-05,             5e-08,      -3.755549262,      -1.105952298,     -0.9120521499,       1.607347621,      0.5172293709,       2.099499912
        766,           0,          20,         3.815e-05,             5e-08,      -3.794612799,      -1.122617691,     -0.9206035949,       1.573386491,      0.5068028669,       1.815697408
        766,           0,          29,         3.815e-05,             5e-08,      -3.819440014,      -1.132851841,     -0.9269264665,       1.551591198,      0.5002132849,       1.575196144
        767,           0,           0,          3.82e-05,             5e-08,      -2.567903008,       0.108148491,     -0.1080010876,       2.776577783,       1.601841588,       2.535426761
        767,           0,          10,          3.82e-05,             5e-08,      -3.755270922,      -1.105718676,     -0.9116970854,       1.607622954,      0.5175358912,       2.098667611
        767,           0,          20,          3.82e-05,             5e-08,        -3.7942842,      -1.122365683,      -0.920246214,        1.57370524,      0.5071149758,       1.814794833
        767,           0,          29,          3.82e-05,             5e-08,      -3.819081228,      -1.132591243,     -0.9265633038,       1.551935561,      0.5005271104,       1.574270122
        768,           0,           0,         3.825e-05,             5e-08,      -2.567975088,      0.1080868049,     -0.1080677119,       2.776424978,       1.601795365,       2.534805223
        768,           0,          10,         3.825e-05,             5e-08,      -3.754992809,      -1.105483822,     -0.9113370514,       1.607899176,       0.517841883,       2.097812515
        768,           0,          20,         3.825e-05,             5e-08,      -3.793955958,      -1.122112863,     -0.9198850831,       1.574024581,      0.5074265079,       1.813894512
        768,           0,          29,         3.825e-05,             5e-08,      -3.818722899,      -1.132330103,     -0.9261972036,        1.55228029,      0.5008403208,       1.573338208
        769,           0,           0,          3.83e-05,             5e-08,      -2.568046856,      0.1080246905,     -0.1081351126,       2.776272644,        1.60174934,       2.534176653
        769,           0,          10,          3.83e-05,             5e-08,      -3.754714864,       -1.10524878,     -0.9109739888,        1.60817593,      0.5181472578,       2.096944577
        769,           0,          20,          3.83e-05,             5e-08,      -3.793628031,      -1.121860025,     -0.9195215984,        1.57434416,       0.507737427,       1.812979845
        769,           0,          29,          3.83e-05,             5e-08,      -3.818364881,      -1.132069115,     -0.9258292512,       1.552625225,      0.5011529355,       1.572402338
        770,           0,           0,         3.835e-05,             5e-08,      -2.568117867,      0.1079621596,     -0.1082030331,       2.776121512,       1.601703524,       2.533541869
        770,           0,          10,         3.835e-05,             5e-08,      -3.754437062,      -1.105014027,     -0.9106117431,       1.608452865,      0.5184521529,       2.096058128
        770,           0,          20,         3.835e-05,             5e-08,      -3.793300334,      -1.121608093,     -0.9191567225,       1.574663773,      0.5080477909,       1.812055779
        770,           0,          29,         3.835e-05,             5e-08,      -3.818007125,      -1.131809456,     -0.9254603734,       1.552970032,      0.5014649835,       1.571456882
        771,           0,           0,          3.84e-05,             5e-08,      -2.568109189,      0.1080230509,     -0.1082272093,        2.77604489,       1.601868709,       2.533085928
        771,           0,          10,          3.84e-05,             5e-08,      -3.754159432,      -1.104779946,     -0.9102520933,       1.608729713,      0.5187565779,       2.095157119
        771,           0,          20,          3.84e-05,             5e-08,      -3.792972976,      -1.121356485,     -0.9187904479,       1.574983421,      0.5083576401,       1.811120102
        771,           0,          29,          3.84e-05,             5e-08,      -3.817649835,      -1.131549702,     -0.9250901108,       1.553314813,      0.5017765447,       1.570505251
        772,           0,           0,         3.845e-05,             5e-08,      -2.568173752,      0.1079700396,     -0.1082950358,       2.775902528,       1.601816972,       2.532436396
        772,           0,          10,         3.845e-05,             5e-08,      -3.753882138,      -1.104545822,     -0.9098907881,       1.609006556,      0.5190605795,       2.094242205
        772,           0,          20,         3.845e-05,             5e-08,      -3.792646156,      -1.121105024,      -0.918422894,       1.575302737,      0.5086670354,       1.810179326
        772,           0,          29,         3.845e-05,             5e-08,      -3.817293202,      -1.131290178,     -0.9247188626,       1.553659058,      0.5020876185,       1.569547912
        773,           0,           0,          3.85e-05,             5e-08,      -2.568248164,      0.1078993312,     -0.1083691745,       2.775751494,        1.60175275,       2.531769068
        773,           0,          10,          3.85e-05,             5e-08,      -3.753605334,      -1.104311939,     -0.9095285161,       1.609283001,      0.5193640757,       2.093321192
        773,           0,          20,          3.85e-05,             5e-08,      -3.792319988,      -1.120853884,     -0.9180545888,       1.575621415,      0.5089758852,       1.809233552
        773,           0,          29,          3.85e-05,             5e-08,      -3.816937288,      -1.131031045,     -0.9243470638,       1.554002575,      0.5023981264,       1.568585462
        774,           0,           0,         3.855e-05,             5e-08,      -2.568324435,      0.1078233683,     -0.1084446525,       2.775599058,       1.601693757,       2.531105954
        774,           0,          10,         3.855e-05,             5e-08,       -3.75332913,      -1.104078333,     -0.9091655465,         1.6095588,       0.519667007,       2.092396767
        774,           0,          20,         3.855e-05,             5e-08,      -3.791994525,      -1.120603098,     -0.9176857577,       1.575939317,      0.5092841534,       1.808277798
        774,           0,          29,         3.855e-05,             5e-08,      -3.816582251,      -1.130772314,     -0.9239748812,       1.554345057,      0.5027080624,       1.567620173
        775,           0,           0,          3.86e-05,             5e-08,      -2.568399744,       0.107746561,     -0.1085204403,       2.775448018,       1.601642414,       2.530450397
        775,           0,          10,          3.86e-05,             5e-08,      -3.753053511,      -1.103845054,     -0.9088020772,       1.609833941,      0.5199694136,        2.09147082
        775,           0,          20,          3.86e-05,             5e-08,      -3.791669693,      -1.120352694,     -0.9173165422,       1.576256555,      0.5095918909,       1.807333678
        775,           0,          29,          3.86e-05,             5e-08,      -3.816227929,      -1.130513991,     -0.9236023902,       1.554686772,      0.5030174636,       1.566667058
        776,           0,           0,         3.865e-05,             5e-08,      -2.568473234,       0.107670206,     -0.1085970154,       2.775299383,       1.601597019,       2.529806358
        776,           0,          10,         3.865e-05,             5e-08,      -3.752778447,      -1.103612129,     -0.9084382559,        1.61010845,      0.5202713346,       2.090576046
        776,           0,          20,         3.865e-05,             5e-08,       -3.79134554,      -1.120102688,     -0.9169470781,       1.576573022,      0.5098991701,       1.806404038
        776,           0,          29,         3.865e-05,             5e-08,       -3.81587427,      -1.130256083,     -0.9232297017,       1.555027796,      0.5033264382,       1.565725539
        777,           0,           0,          3.87e-05,             5e-08,      -2.568544302,      0.1075946475,     -0.1086741934,       2.775154001,       1.601555399,       2.529174379
        777,           0,          10,          3.87e-05,             5e-08,      -3.752503905,       -1.10337958,     -0.9080741862,       1.610382386,      0.5205728363,       2.089709981
        777,           0,          20,          3.87e-05,             5e-08,      -3.778154353,        -1.1022856,     -0.9154198396,       1.586441017,      0.5234458578,       1.808310471
        777,           0,          29,          3.87e-05,             5e-08,      -3.815521158,      -1.129998639,     -0.9228568529,       1.555368346,      0.5036349092,       1.564792951
        778,           0,           0,         3.875e-05,             5e-08,      -2.568646886,      0.1074534213,     -0.1087638091,       2.774973318,       1.601498277,        2.52855105
        778,           0,          10,         3.875e-05,             5e-08,      -3.752229817,        -1.1031474,     -0.9077099365,       1.610655868,      0.5208738588,       2.088857538
        778,           0,          20,         3.875e-05,             5e-08,      -3.790699171,      -1.119603916,     -0.9162077076,       1.577203833,      0.5105123124,       1.804579795
        778,           0,          29,         3.875e-05,             5e-08,      -3.815168518,      -1.129741667,     -0.9224838641,       1.555708533,      0.5039428969,       1.563867274
        779,           0,           0,          3.88e-05,             5e-08,      -2.568705153,      0.1073924079,     -0.1088381581,       2.774841476,       1.601440133,       2.527942217
        779,           0,          10,          3.88e-05,             5e-08,      -3.751956202,      -1.102915534,     -0.9073455758,       1.610928853,      0.5211743548,       2.088011774
        779,           0,          20,          3.88e-05,             5e-08,      -3.790376765,      -1.119355274,      -0.915837787,       1.577518504,      0.5108180529,       1.803672391
        779,           0,          29,          3.88e-05,             5e-08,      -3.814816249,      -1.129485104,     -0.9221108414,       1.556048609,       0.504250268,       1.562940024
        780,           0,           0,         3.885e-05,             5e-08,      -2.568765375,      0.1073276518,     -0.1089165735,       2.774710255,        1.60137268,       2.527319287
        780,           0,          10,         3.885e-05,             5e-08,      -3.751683045,      -1.102684532,     -0.9069814469,       1.611201257,      0.5214742779,       2.087159062
        780,           0,          20,         3.885e-05,             5e-08,      -3.790054777,      -1.119108005,     -0.9154685305,       1.577832567,      0.5111232033,       1.802759755
        780,           0,          29,         3.885e-05,             5e-08,      -3.814464323,      -1.129230378,     -0.9217388373,       1.556388116,      0.5045570052,       1.562008066
        781,           0,           0,          3.89e-05,             5e-08,      -2.568825477,      0.1072607126,     -0.1089972271,       2.774580829,       1.601307167,       2.526689132
        781,           0,          10,          3.89e-05,             5e-08,      -3.751410055,      -1.102454685,     -0.9066173921,        1.61147348,      0.5217736604,       2.086296976
        781,           0,          20,          3.89e-05,             5e-08,      -3.789732952,      -1.118860974,     -0.9150990862,       1.578146906,      0.5114278438,       1.801840731
        781,           0,          29,          3.89e-05,             5e-08,       -3.81411289,      -1.128975345,     -0.9213663431,       1.556727558,      0.5048632617,       1.561069952
        782,           0,           0,         3.895e-05,             5e-08,      -2.568884415,      0.1071925718,     -0.1090794043,        2.77445402,       1.601246376,       2.526055101
        782,           0,          10,         3.895e-05,             5e-08,       -3.75113727,      -1.102224551,     -0.9062527245,       1.611745826,      0.5220725635,       2.085425951
        782,           0,          20,         3.895e-05,             5e-08,      -3.789411523,      -1.118613765,     -0.9147292874,       1.578461149,      0.5117319666,       1.800916018
        782,           0,          29,         3.895e-05,             5e-08,      -3.813762035,      -1.128720218,     -0.9209936578,       1.557066641,      0.5051689913,       1.560129296
        783,           0,           0,           3.9e-05,             5e-08,      -2.568941797,      0.1071236765,     -0.1091635157,       2.774330132,       1.601190122,       2.525421813
        783,           0,          10,           3.9e-05,             5e-08,       -3.75086465,      -1.101994243,     -0.9058874511,        1.61201824,      0.5223709591,        2.08454873
        783,           0,          20,           3.9e-05,             5e-08,      -3.789090572,      -1.118366441,     -0.9143592516,       1.578775018,      0.5120355782,       1.799989272
        783,           0,          29,           3.9e-05,             5e-08,      -3.813411762,      -1.128465267,      -0.920621099,       1.557405152,      0.5054741886,       1.559187368
        784,           0,           0,         3.905e-05,             5e-08,      -2.568997249,      0.1070540784,     -0.1092497057,       2.774209518,       1.601137504,       2.524792789
        784,           0,          10,         3.905e-05,             5e-08,      -3.750592581,      -1.101763273,     -0.9055207393,       1.612289839,      0.5226688809,       2.083686077
        784,           0,          20,         3.905e-05,             5e-08,      -3.788769561,      -1.118118482,     -0.9139883941,        1.57908928,      0.5123386949,         1.7990786
        784,           0,          29,         3.905e-05,             5e-08,      -3.813060633,      -1.128211106,     -0.9202458005,       1.557745863,      0.5057788177,       1.558253878
        785,           0,           0,          3.91e-05,             5e-08,      -2.569050681,      0.1069839165,     -0.1093376206,       2.774092445,       1.601087614,       2.524175062
        785,           0,          10,          3.91e-05,             5e-08,      -3.750320161,      -1.101542404,     -0.9051485284,        1.61256355,      0.5229658932,       2.082831339
        785,           0,          20,          3.91e-05,             5e-08,      -3.788447735,      -1.117879953,     -0.9136192727,       1.579405508,      0.5126408523,       1.798162994
        785,           0,          29,          3.91e-05,             5e-08,       -3.81270943,      -1.127961516,     -0.9198779649,       1.558086069,      0.5060826709,       1.557319231
        786,           0,           0,         3.915e-05,             5e-08,      -2.569101752,      0.1069134212,     -0.1094245818,       2.773979785,        1.60103971,       2.523564171
        786,           0,          10,         3.915e-05,             5e-08,       -3.75004573,      -1.101320844,     -0.9047835848,       1.612840066,      0.5232624838,       2.081978496
        786,           0,          20,         3.915e-05,             5e-08,      -3.788123779,      -1.117637437,      -0.913245723,       1.579724673,      0.5129427461,       1.797250461
        786,           0,          29,         3.915e-05,             5e-08,      -3.812356991,      -1.127709113,     -0.9195019202,        1.55842817,       0.506386214,       1.556383598
        787,           0,           0,          3.92e-05,             5e-08,      -2.569150513,       0.106842633,     -0.1095186825,       2.773871183,        1.60099321,       2.522956516
        787,           0,          10,          3.92e-05,             5e-08,      -3.749771245,      -1.101094766,     -0.9044203204,       1.613117233,      0.5235587882,       2.081125519
        787,           0,          20,          3.92e-05,             5e-08,      -3.787800937,      -1.117392911,      -0.912876446,       1.580042785,      0.5132442329,       1.796335844
        787,           0,          29,          3.92e-05,             5e-08,      -3.812005398,      -1.127455685,     -0.9191291918,       1.558770014,      0.5066893091,       1.555448239
        788,           0,           0,         3.925e-05,             5e-08,      -2.569197115,      0.1067715798,     -0.1096141983,       2.773766392,       1.600947691,       2.522348986
        788,           0,          10,         3.925e-05,             5e-08,      -3.749497291,        -1.1008672,     -0.9040580251,       1.613393853,       0.523854611,       2.080272443
        788,           0,          20,         3.925e-05,             5e-08,      -3.787479143,      -1.117147508,     -0.9125077346,       1.580359904,       0.513545225,       1.795419652
        788,           0,          29,         3.925e-05,             5e-08,      -3.811654675,      -1.127201925,     -0.9187573812,       1.559111289,      0.5069918911,       1.554511888
        789,           0,           0,          3.93e-05,             5e-08,      -2.569241623,      0.1067003129,     -0.1097111661,       2.773665327,       1.600902853,       2.521739582
        789,           0,          10,          3.93e-05,             5e-08,      -3.749223946,      -1.100639192,     -0.9036958514,        1.61366977,      0.5241499581,       2.079421827
        789,           0,          20,          3.93e-05,             5e-08,      -3.787158397,      -1.116902218,     -0.9121398098,       1.580675804,      0.5138457169,       1.794505869
        789,           0,          29,          3.93e-05,             5e-08,      -3.811305052,      -1.126948498,     -0.9183864224,       1.559451386,      0.5072939622,       1.553576705
        790,           0,           0,         3.935e-05,             5e-08,      -2.569283935,      0.1066288513,     -0.1098100403,       2.773568235,       1.600858487,        2.52112934
        790,           0,          10,         3.935e-05,             5e-08,       -3.74895169,      -1.100411625,     -0.9033341794,       1.613944135,      0.5244448244,       2.078573718
        790,           0,          20,         3.935e-05,             5e-08,       -3.78683878,      -1.116657827,     -0.9117726755,        1.58099036,       0.514145706,       1.793594333
        790,           0,          29,         3.935e-05,             5e-08,      -3.810956569,      -1.126696113,     -0.9180163234,       1.559790225,      0.5075955198,       1.552642618
        791,           0,           0,          3.94e-05,             5e-08,      -2.569324071,      0.1065572457,     -0.1099113495,       2.773474971,       1.600814447,       2.520518707
        791,           0,          10,          3.94e-05,             5e-08,      -3.748680522,      -1.100184538,     -0.9029729001,       1.614217013,      0.5247392072,       2.077721632
        791,           0,          20,          3.94e-05,             5e-08,      -3.786520242,      -1.116413569,     -0.9114059698,       1.581303648,      0.5144451909,       1.792681683
        791,           0,          29,          3.94e-05,             5e-08,      -3.810609147,      -1.126443834,     -0.9176467399,       1.560127882,      0.5078965658,       1.551705247
        792,           0,           0,         3.945e-05,             5e-08,      -2.569361783,      0.1064855202,     -0.1100148354,       2.773386057,       1.600770639,       2.519905456
        792,           0,          10,         3.945e-05,             5e-08,      -3.748410524,      -1.099957478,      -0.902611896,       1.614488227,      0.5250331067,       2.076872583
        792,           0,          20,         3.945e-05,             5e-08,      -3.786202724,      -1.116169632,      -0.911039777,       1.581615689,      0.5147441734,       1.791763801
        792,           0,          29,         3.945e-05,             5e-08,      -3.810262687,      -1.126192029,     -0.9172777702,       1.560464436,      0.5081971022,       1.550767343
        793,           0,           0,          3.95e-05,             5e-08,      -2.569397234,       0.106413678,     -0.1101203511,       2.773301322,       1.600727007,       2.519292629
        793,           0,          10,          3.95e-05,             5e-08,      -3.748141352,      -1.099730738,     -0.9022508079,       1.614758413,      0.5253265122,       2.076024773
        793,           0,          20,          3.95e-05,             5e-08,      -3.785886031,      -1.115926164,     -0.9106739637,       1.581926763,      0.5150426268,       1.790850903
        793,           0,          29,          3.95e-05,             5e-08,       -3.80991702,       -1.12594077,     -0.9169092983,       1.560800089,      0.5084971084,       1.549832623
        794,           0,           0,         3.955e-05,             5e-08,      -2.569430544,      0.1063417522,      -0.110227775,       2.773220468,       1.600683517,       2.518680296
        794,           0,          10,         3.955e-05,             5e-08,      -3.747872854,       -1.09950444,     -0.9018905396,        1.61502773,       0.525619372,       2.075178529
        794,           0,          20,         3.955e-05,             5e-08,      -3.785570035,      -1.115683222,     -0.9103087019,          1.582237,      0.5153405461,       1.789937462
        794,           0,          29,         3.955e-05,             5e-08,       -3.80957201,      -1.125690067,      -0.916541341,       1.561135009,       0.508796574,       1.548897211
        795,           0,           0,          3.96e-05,             5e-08,      -2.569461628,      0.1062697882,     -0.1103372695,       2.773143669,       1.600640156,       2.518067194
        795,           0,          10,          3.96e-05,             5e-08,      -3.747604914,      -1.099278541,     -0.9015309316,       1.615296388,      0.5259117348,       2.074326518
        795,           0,          20,          3.96e-05,             5e-08,      -3.785254606,      -1.115440748,     -0.9099439869,       1.582546644,      0.5156379611,       1.789026431
        795,           0,          29,          3.96e-05,             5e-08,      -3.809227519,      -1.125439877,     -0.9161739479,       1.561469431,      0.5090955306,       1.547963615
        796,           0,           0,         3.965e-05,             5e-08,      -2.569490576,      0.1061977622,     -0.1104485677,       2.773070681,       1.600596922,       2.517452755
        796,           0,          10,         3.965e-05,             5e-08,      -3.747337503,      -1.099053043,     -0.9011721763,       1.615564511,      0.5262035518,       2.073477108
        796,           0,          20,         3.965e-05,             5e-08,      -3.784939719,      -1.115198726,     -0.9095802359,       1.582855772,      0.5159348088,       1.788113897
        796,           0,          29,         3.965e-05,             5e-08,      -3.808883437,      -1.125190167,     -0.9158074101,       1.561803635,      0.5093939172,       1.547025697
        797,           0,           0,          3.97e-05,             5e-08,      -2.569517481,      0.1061256765,     -0.1105615161,       2.773001389,       1.600553818,       2.516840363
        797,           0,          10,          3.97e-05,             5e-08,      -3.747070491,      -1.098827929,     -0.9008138563,       1.615832205,      0.5264949123,        2.07262814
        797,           0,          20,          3.97e-05,             5e-08,      -3.784625054,      -1.114957142,     -0.9092170318,       1.583164847,      0.5162311805,       1.787198374
        797,           0,          29,          3.97e-05,             5e-08,      -3.808539851,      -1.124940928,     -0.9154415475,       1.562137323,       0.509691823,       1.546086975
        798,           0,           0,         3.975e-05,             5e-08,      -2.569542457,      0.1060535751,     -0.1106759261,       2.772935488,       1.600510857,       2.516231965
        798,           0,          10,         3.975e-05,             5e-08,      -3.746803469,      -1.098603198,     -0.9004558172,       1.616100253,       0.526785828,       2.071779364
        798,           0,          20,         3.975e-05,             5e-08,      -3.784310668,      -1.114715994,     -0.9088542655,       1.583473787,      0.5165270901,       1.786284789
        798,           0,          29,         3.975e-05,             5e-08,      -3.808196831,      -1.124692151,     -0.9150762403,       1.562470388,      0.5099892535,       1.545148945
        799,           0,           0,          3.98e-05,             5e-08,      -2.569565586,      0.1059814734,     -0.1107919017,       2.772872879,       1.600468243,       2.515631659
        799,           0,          10,          3.98e-05,             5e-08,      -3.746536699,       -1.09837885,     -0.9000981561,       1.616368201,       0.527076284,       2.070932704
        799,           0,          20,          3.98e-05,             5e-08,      -3.783996758,      -1.114475281,     -0.9084919465,       1.583782262,      0.5168225085,       1.785370126
        799,           0,          29,          3.98e-05,             5e-08,      -3.807854351,      -1.124443831,     -0.9147113957,       1.562802906,      0.5102861638,       1.544208513
        800,           0,           0,         3.985e-05,             5e-08,      -2.569586837,       0.105909422,     -0.1109094214,       2.772813572,       1.600425812,       2.515036451
        800,           0,          10,         3.985e-05,             5e-08,      -3.746270184,      -1.098154878,     -0.8997408308,       1.616636059,      0.5273661893,       2.070091852
        800,           0,          20,         3.985e-05,             5e-08,      -3.783683305,      -1.114234992,     -0.9081300262,       1.584090337,      0.5171173562,       1.784462043
        800,           0,          29,         3.985e-05,             5e-08,      -3.807512382,      -1.124195963,     -0.9143469865,       1.563134963,      0.5105825176,       1.543275575
        801,           0,           0,          3.99e-05,             5e-08,      -2.569533329,      0.1059487142,      -0.110985837,       2.772823379,       1.600597907,       2.514646082
        801,           0,          10,          3.99e-05,             5e-08,      -3.746004065,      -1.097931274,     -0.8993838884,        1.61690357,      0.5276556008,       2.069272256
        801,           0,          20,          3.99e-05,             5e-08,      -3.783369961,      -1.113995122,     -0.9077684667,        1.58439864,      0.5174116981,       1.783574168
        801,           0,          29,          3.99e-05,             5e-08,      -3.807170872,      -1.123948533,     -0.9139830366,       1.563466666,      0.5108783582,       1.542352676
        802,           0,           0,         3.995e-05,             5e-08,      -2.569545664,       0.105888212,     -0.1111039493,       2.772776391,       1.600545285,       2.514058503
        802,           0,          10,         3.995e-05,             5e-08,      -3.745738525,       -1.09770803,     -0.8990274004,       1.617170404,      0.5279445169,       2.068472265
        802,           0,          20,         3.995e-05,             5e-08,      -3.783057619,      -1.113755661,     -0.9074074452,       1.584705576,      0.5177055348,       1.782689499
        802,           0,          29,         3.995e-05,             5e-08,      -3.806829763,      -1.123701528,     -0.9136195365,       1.563798123,      0.5111736969,       1.541433507
        803,           0,           0,             4e-05,             5e-08,      -2.569567216,      0.1058106835,       -0.11122845,       2.772721757,       1.600479544,       2.513453156
        803,           0,          10,             4e-05,             5e-08,       -3.74547311,      -1.097485138,     -0.8986712652,       1.617437405,      0.5282329612,         2.0676768
        803,           0,          20,             4e-05,             5e-08,      -3.782745335,      -1.113516599,     -0.9070468278,       1.585012869,      0.5179988842,       1.781785554
        803,           0,          29,             4e-05,             5e-08,      -3.806488832,      -1.123454941,     -0.9132564301,        1.56412974,       0.511468543,       1.540505564
        804,           0,           0,         4.005e-05,             5e-08,      -2.569590054,      0.1057284224,     -0.1113544598,       2.772666756,       1.600419679,       2.512841137
        804,           0,          10,         4.005e-05,             5e-08,      -3.745207806,      -1.097262593,     -0.8983154869,       1.617704596,      0.5285209346,       2.066871458
        804,           0,          20,         4.005e-05,             5e-08,      -3.782433011,      -1.113277929,     -0.9066865386,       1.585320675,      0.5182917472,        1.78091061
        804,           0,          29,         4.005e-05,             5e-08,      -3.806148114,      -1.123208808,      -0.912893849,        1.56446147,      0.5117628635,        1.53959091
        805,           0,           0,          4.01e-05,             5e-08,      -2.569611659,      0.1056457367,     -0.1114803596,        2.77261355,       1.600368382,       2.512230198
        805,           0,          10,          4.01e-05,             5e-08,       -3.74494273,      -1.097040505,     -0.8979602066,       1.617971783,      0.5288083488,       2.066080482
        805,           0,          20,          4.01e-05,             5e-08,      -3.782120881,       -1.11303983,     -0.9063268277,       1.585628614,      0.5185839822,       1.780028627
        805,           0,          29,          4.01e-05,             5e-08,      -3.805808605,      -1.122963234,     -0.9125319549,       1.564791565,      0.5120565738,       1.538678623
        806,           0,           0,         4.015e-05,             5e-08,      -2.569631509,      0.1055639666,     -0.1116054722,       2.772562433,       1.600323882,       2.511622665
        806,           0,          10,         4.015e-05,             5e-08,       -3.74467819,      -1.096818816,     -0.8976054395,       1.618238394,      0.5290952471,       2.065286807
        806,           0,          20,         4.015e-05,             5e-08,       -3.78180995,      -1.112802113,     -0.9059677496,       1.585934847,      0.5188757321,       1.779152177
        806,           0,          29,         4.015e-05,             5e-08,      -3.805469755,      -1.122718054,     -0.9121705673,       1.565120979,      0.5123497991,       1.537764212
        807,           0,           0,          4.02e-05,             5e-08,      -2.569649697,      0.1054834006,     -0.1117294617,       2.772513109,       1.600283862,       2.511017845
        807,           0,          10,          4.02e-05,             5e-08,       -3.74441389,      -1.096597454,     -0.8972511281,       1.618504928,      0.5293816842,       2.064490394
        807,           0,          20,          4.02e-05,             5e-08,      -3.781499745,       -1.11256477,     -0.9056092131,       1.586240219,      0.5191670038,       1.778290248
        807,           0,          29,          4.02e-05,             5e-08,      -3.805131527,      -1.122473258,      -0.911809692,       1.565449773,      0.5126425426,       1.536848899
        808,           0,           0,         4.025e-05,             5e-08,      -2.569666394,      0.1054039618,     -0.1118523852,       2.772465175,       1.600246446,       2.510417645
        808,           0,          10,         4.025e-05,             5e-08,      -3.744150327,      -1.096376418,     -0.8968974101,       1.618770476,       0.529667666,       2.063707742
        808,           0,          20,         4.025e-05,             5e-08,      -3.768598231,       -1.09520872,     -0.9041243114,       1.595803905,      0.5326176953,       1.780706056
        808,           0,          29,         4.025e-05,             5e-08,      -3.804793838,      -1.122228889,     -0.9114487648,       1.565778141,      0.5129348135,       1.535934448
        809,           0,           0,          4.03e-05,             5e-08,      -2.569704774,      0.1052750091,     -0.1119797775,       2.772389388,       1.600214942,       2.509848501
        809,           0,          10,          4.03e-05,             5e-08,      -3.743887254,      -1.096155781,     -0.8965436763,       1.619035488,      0.5299531889,       2.062917096
        809,           0,          20,          4.03e-05,             5e-08,      -3.780880993,      -1.112091265,     -0.9048932257,       1.586849287,      0.5197481429,       1.776525749
        809,           0,          29,          4.03e-05,             5e-08,       -3.80445663,      -1.121984889,      -0.911089135,        1.56610601,      0.5132266292,       1.535012702
        810,           0,           0,         4.035e-05,             5e-08,      -2.569710737,      0.1052110995,     -0.1120958597,       2.772350666,       1.600157992,       2.509267711
        810,           0,          10,         4.035e-05,             5e-08,      -3.743624625,      -1.095935418,       -0.89619116,        1.61930002,      0.5302382386,       2.062120222
        810,           0,          20,         4.035e-05,             5e-08,      -3.780572277,      -1.111855028,     -0.9045362946,       1.587153279,      0.5200380068,       1.775640936
        810,           0,          29,         4.035e-05,             5e-08,      -3.804119857,      -1.121741231,     -0.9107298548,       1.566433641,      0.5135179621,        1.53408672
        811,           0,           0,          4.04e-05,             5e-08,      -2.569720847,      0.1051428321,     -0.1122137323,       2.772308955,        1.60008941,        2.50867289
        811,           0,          10,          4.04e-05,             5e-08,      -3.743362374,      -1.095715355,      -0.895839045,       1.619564214,      0.5305227865,       2.061315124
        811,           0,          20,          4.04e-05,             5e-08,      -3.780264022,      -1.111619126,     -0.9041798601,        1.58745687,      0.5203273564,       1.774748661
        811,           0,          29,          4.04e-05,             5e-08,       -3.80378353,      -1.121497925,     -0.9103711008,        1.56676091,      0.5138087766,       1.533153568
        812,           0,           0,         4.045e-05,             5e-08,      -2.569732587,      0.1050725237,     -0.1123309425,       2.772265675,       1.600024001,       2.508075009
        812,           0,          10,         4.045e-05,             5e-08,       -3.74310047,        -1.0954956,     -0.8954874066,       1.619828085,       0.530806793,       2.060498411
        812,           0,          20,         4.045e-05,             5e-08,      -3.779956265,      -1.111383556,     -0.9038243685,       1.587759826,      0.5206161811,       1.773850972
        812,           0,          29,         4.045e-05,             5e-08,      -3.803447619,      -1.121254971,     -0.9100129244,       1.567087823,      0.5140990518,       1.532219652
        813,           0,           0,          4.05e-05,             5e-08,      -2.569745149,      0.1050013394,      -0.112446403,       2.772220864,       1.599964868,       2.507478116
        813,           0,          10,          4.05e-05,             5e-08,      -3.742838852,      -1.095276171,     -0.8951362857,       1.620091954,      0.5310904344,       2.059678032
        813,           0,          20,          4.05e-05,             5e-08,      -3.779648844,       -1.11114834,      -0.903469237,       1.588062788,      0.5209046125,       1.772953883
        813,           0,          29,          4.05e-05,             5e-08,      -3.803112303,      -1.121012381,     -0.9096561814,       1.567414213,      0.5143888984,       1.531282698
        814,           0,           0,         4.055e-05,             5e-08,      -2.569758289,      0.1049297662,     -0.1125597252,       2.772174451,       1.599911505,        2.50688492
        814,           0,          10,         4.055e-05,             5e-08,      -3.742577628,      -1.095057083,     -0.8947856935,       1.620355558,      0.5313736757,        2.05885925
        814,           0,          20,         4.055e-05,             5e-08,      -3.779341717,      -1.110913479,     -0.9031143547,       1.588365826,      0.5211926473,       1.772055867
        814,           0,          29,         4.055e-05,             5e-08,      -3.802777214,      -1.120770146,     -0.9092990699,       1.567740914,      0.5146784062,       1.530344947
        815,           0,           0,          4.06e-05,             5e-08,      -2.569771951,      0.1048580491,     -0.1126705656,        2.77212649,       1.599862553,       2.506296551
        815,           0,          10,          4.06e-05,             5e-08,      -3.742316721,      -1.094838364,     -0.8944355554,       1.620618977,      0.5316565692,       2.058040969
        815,           0,          20,          4.06e-05,             5e-08,       -3.77903477,      -1.110678992,     -0.9027597547,       1.588669072,      0.5214803037,       1.771153333
        815,           0,          29,          4.06e-05,             5e-08,      -3.802442454,      -1.120528312,     -0.9089417315,       1.568067618,      0.5149675582,       1.529402687
        816,           0,           0,         4.065e-05,             5e-08,      -2.569786332,      0.1047862458,     -0.1127786195,       2.772076515,       1.599816733,       2.505711972
        816,           0,          10,         4.065e-05,             5e-08,      -3.742055874,      -1.094620027,     -0.8940858968,       1.620882674,      0.5319390436,       2.057248349
        816,           0,          20,         4.065e-05,             5e-08,      -3.778728239,      -1.110444922,     -0.9024057698,       1.588971996,      0.5217675233,       1.770282389
        816,           0,          29,         4.065e-05,             5e-08,      -3.802108332,      -1.120286878,     -0.9085856367,        1.56839361,      0.5152562383,       1.528469654
        817,           0,           0,          4.07e-05,             5e-08,       -2.56980162,      0.1047144397,      -0.112883704,       2.772024132,       1.599773046,       2.505134925
        817,           0,          10,          4.07e-05,             5e-08,      -3.741795406,       -1.09440191,     -0.8937368079,        1.62114605,      0.5322211186,       2.056483587
        817,           0,          20,          4.07e-05,             5e-08,      -3.778422337,      -1.110211161,     -0.9020527835,       1.589274153,       0.522054376,       1.769394595
        817,           0,          29,          4.07e-05,             5e-08,      -3.801774778,      -1.120045802,     -0.9082304098,       1.568719015,      0.5155445486,       1.527548797
        818,           0,           0,         4.075e-05,             5e-08,      -2.569817973,      0.1046426938,     -0.1129857151,       2.771969113,       1.599730767,       2.504572269
        818,           0,          10,         4.075e-05,             5e-08,      -3.741535271,      -1.094184084,     -0.8933881983,       1.621409174,      0.5325028471,       2.055704494
        818,           0,          20,         4.075e-05,             5e-08,      -3.778116852,      -1.109977744,     -0.9017001748,       1.589575973,      0.5223408389,       1.768517811
        818,           0,          29,         4.075e-05,             5e-08,      -3.801441707,      -1.119805052,     -0.9078762123,       1.569044182,      0.5158323657,       1.526627718
        819,           0,           0,          4.08e-05,             5e-08,      -2.569835559,       0.104571041,     -0.1130845876,        2.77191109,       1.599689384,       2.504010372
        819,           0,          10,          4.08e-05,             5e-08,      -3.741275449,      -1.093966624,     -0.8930400822,        1.62167204,      0.5327840917,       2.054926063
        819,           0,          20,          4.08e-05,             5e-08,      -3.777811678,      -1.109744699,     -0.9013479694,       1.589877774,       0.522626818,        1.76763777
        819,           0,          29,          4.08e-05,             5e-08,      -3.801109057,      -1.119564715,     -0.9075217883,       1.569369047,      0.5161198433,       1.525702266
        820,           0,           0,         4.085e-05,             5e-08,      -2.569854431,      0.1044994289,     -0.1131800385,       2.771849866,       1.599648553,       2.503450294
        820,           0,          10,         4.085e-05,             5e-08,      -3.741015926,      -1.093749475,     -0.8926925861,       1.621934804,      0.5330649388,       2.054147296
        820,           0,          20,         4.085e-05,             5e-08,      -3.777506875,      -1.109512006,     -0.9009963571,       1.590179362,      0.5229123855,       1.766753593
        820,           0,          29,         4.085e-05,             5e-08,      -3.800776667,      -1.119324732,     -0.9071679162,       1.569693943,      0.5164068496,       1.524773066
        821,           0,           0,          4.09e-05,             5e-08,      -2.569874787,       0.104427937,     -0.1132718948,       2.771785164,       1.599608042,       2.502890178
        821,           0,          10,          4.09e-05,             5e-08,       -3.74075657,      -1.093532637,     -0.8923454402,       1.622197523,      0.5333453079,       2.053363043
        821,           0,          20,          4.09e-05,             5e-08,       -3.77720216,      -1.109279668,     -0.9006450651,       1.590481122,      0.5231974929,       1.765865983
        821,           0,          29,          4.09e-05,             5e-08,      -3.800444786,      -1.119085123,     -0.9068145552,       1.570018298,      0.5166934307,       1.523839611
        822,           0,           0,         4.095e-05,             5e-08,      -2.569896654,      0.1043566124,     -0.1133599808,         2.7717169,       1.599567713,       2.502327476
        822,           0,          10,         4.095e-05,             5e-08,      -3.740497608,      -1.093316136,     -0.8919987442,       1.622459832,      0.5336252814,       2.052569712
        822,           0,          20,         4.095e-05,             5e-08,       -3.77689813,      -1.109047687,     -0.9002945426,       1.590782004,      0.5234821639,       1.764975859
        822,           0,          29,         4.095e-05,             5e-08,      -3.800113835,      -1.118845876,     -0.9064619025,       1.570341374,      0.5169795546,        1.52290674
        823,           0,           0,           4.1e-05,             5e-08,      -2.569920189,      0.1042854866,     -0.1134442255,       2.771644924,         1.5995275,       2.501761455
        823,           0,          10,           4.1e-05,             5e-08,      -3.740239084,      -1.093099935,     -0.8916526775,       1.622721665,      0.5339048246,       2.051780942
        823,           0,          20,           4.1e-05,             5e-08,      -3.776594758,      -1.108816083,     -0.8999446076,       1.591082114,      0.5237663964,       1.764093785
        823,           0,          29,           4.1e-05,             5e-08,      -3.799783249,      -1.118607071,     -0.9061098061,       1.570664261,      0.5172652174,       1.521975706
        824,           0,           0,         4.105e-05,             5e-08,      -2.569945412,      0.1042146146,      -0.113524584,       2.771569395,       1.599487347,        2.50119684
        824,           0,          10,         4.105e-05,             5e-08,      -3.739980877,      -1.092884228,     -0.8913070874,       1.622983259,      0.5341838845,       2.051000702
        824,           0,          20,         4.105e-05,             5e-08,      -3.776291798,      -1.108584997,     -0.8995952839,       1.591381861,      0.5240501369,       1.763216254
        824,           0,          29,         4.105e-05,             5e-08,      -3.799453028,      -1.118368724,      -0.905758299,       1.570986908,      0.5175503914,       1.521047282
        825,           0,           0,          4.11e-05,             5e-08,      -2.569972445,      0.1041439039,     -0.1136008672,        2.77148993,       1.599447237,       2.500635736
        825,           0,          10,          4.11e-05,             5e-08,      -3.739722996,      -1.092668838,     -0.8909622327,       1.623244597,      0.5344624484,       2.050235427
        825,           0,          20,          4.11e-05,             5e-08,      -3.775989045,      -1.108354212,     -0.8992465094,       1.591681678,      0.5243333705,       1.762346485
        825,           0,          29,          4.11e-05,             5e-08,      -3.799122944,      -1.118130685,     -0.9054073384,       1.571309794,      0.5178350617,       1.520120399
        826,           0,           0,         4.115e-05,             5e-08,      -2.570001304,        0.10407339,     -0.1136731196,       2.771406405,       1.599407176,       2.500079226
        826,           0,          10,         4.115e-05,             5e-08,      -3.739465305,      -1.092453728,     -0.8906180069,       1.623505958,      0.5347405989,       2.049475883
        826,           0,          20,         4.115e-05,             5e-08,      -3.775686432,      -1.108123736,     -0.8988983164,       1.591981647,      0.5246161753,        1.76147735
        826,           0,          29,         4.115e-05,             5e-08,      -3.798793064,      -1.117892969,     -0.9050569753,       1.571632788,      0.5181192856,       1.519192255
        827,           0,           0,          4.12e-05,             5e-08,      -2.570032065,      0.1040030709,     -0.1137411873,        2.77131875,       1.599367176,       2.499522403
        827,           0,          10,          4.12e-05,             5e-08,      -3.739207833,      -1.092238908,     -0.8902742859,        1.62376727,      0.5350182843,        2.04871665
        827,           0,          20,          4.12e-05,             5e-08,      -3.775384221,      -1.107893573,     -0.8985506433,       1.592281362,      0.5248984622,       1.760604046
        827,           0,          29,          4.12e-05,             5e-08,      -3.798463775,      -1.117655588,     -0.9047072631,       1.571955185,      0.5184029871,       1.518263045
        828,           0,           0,         4.125e-05,             5e-08,      -2.570000837,      0.1040275124,     -0.1137662632,       2.771282645,        1.59953242,       2.499163729
        828,           0,          10,         4.125e-05,             5e-08,      -3.738950855,      -1.092024382,      -0.889931097,       1.624028017,      0.5352954812,       2.047952444
        828,           0,          20,         4.125e-05,             5e-08,      -3.775082714,      -1.107663734,     -0.8982035499,       1.592580225,      0.5251802864,        1.75973546
        828,           0,          29,         4.125e-05,             5e-08,      -3.798135226,      -1.117418546,     -0.9043581526,       1.572276736,      0.5186862329,       1.517330966
        829,           0,           0,          4.13e-05,             5e-08,       -2.57002946,      0.1039698327,     -0.1138240999,       2.771193503,       1.599480593,       2.498589841
        829,           0,          10,          4.13e-05,             5e-08,      -3.738694467,       -1.09181016,      -0.889588433,       1.624288031,      0.5355722514,       2.047177275
        829,           0,          20,          4.13e-05,             5e-08,      -3.774781849,      -1.107434222,     -0.8978569943,        1.59287835,      0.5254616687,       1.758860722
        829,           0,          29,          4.13e-05,             5e-08,      -3.797807448,      -1.117181848,     -0.9040096451,       1.572597379,      0.5189690316,       1.516402527
        830,           0,           0,         4.135e-05,             5e-08,      -2.570070451,      0.1038959008,     -0.1138833985,       2.771090423,       1.599416101,       2.497989618
        830,           0,          10,         4.135e-05,             5e-08,      -3.738438605,      -1.091596244,     -0.8892462547,       1.624547404,      0.5358485841,       2.046402472
        830,           0,          20,         4.135e-05,             5e-08,      -3.774481606,      -1.107205041,     -0.8975109767,       1.593175764,         0.5257426,        1.75799318
        830,           0,          29,         4.135e-05,             5e-08,      -3.797480591,      -1.116945497,     -0.9036617081,       1.572916793,        0.51925138,       1.515478364
        831,           0,           0,          4.14e-05,             5e-08,      -2.570116052,      0.1038173479,     -0.1139395778,       2.770980442,       1.599357874,       2.497391868
        831,           0,          10,          4.14e-05,             5e-08,      -3.738183226,      -1.091382628,     -0.8889045364,       1.624806214,       0.536124492,       2.045635428
        831,           0,          20,          4.14e-05,             5e-08,       -3.77418203,      -1.106976188,     -0.8971654856,       1.593472386,      0.5260231082,       1.757133783
        831,           0,          29,          4.14e-05,             5e-08,      -3.797154544,      -1.116709497,     -0.9033142208,       1.573235291,       0.519533305,       1.514559926
        832,           0,           0,         4.145e-05,             5e-08,      -2.570163545,      0.1037383252,      -0.113991249,        2.77086626,        1.59930834,       2.496805331
        832,           0,          10,         4.145e-05,             5e-08,        -3.7379285,      -1.091169312,     -0.8885631921,       1.625064166,      0.5364000161,        2.04488375
        832,           0,          20,         4.145e-05,             5e-08,       -3.77388331,      -1.106747685,     -0.8968204836,       1.593767895,      0.5263032037,       1.756285345
        832,           0,          29,         4.145e-05,             5e-08,        -3.7968293,      -1.116473891,     -0.9029672734,       1.573552839,      0.5198147992,       1.513649072
        833,           0,           0,          4.15e-05,             5e-08,      -2.570212116,      0.1036602351,     -0.1140381577,       2.770748812,       1.599265453,       2.496229432
        833,           0,          10,          4.15e-05,             5e-08,      -3.737674368,      -1.090956247,     -0.8882201547,       1.625321665,      0.5366751186,       2.044152487
        833,           0,          20,          4.15e-05,             5e-08,      -3.773585413,      -1.106519504,     -0.8964749196,       1.594062527,      0.5265828625,       1.755442776
        833,           0,          29,          4.15e-05,             5e-08,      -3.796504762,      -1.116238608,     -0.9026202755,        1.57386975,      0.5200958507,       1.512739071
        834,           0,           0,         4.155e-05,             5e-08,      -2.570261541,      0.1035833609,     -0.1140801765,       2.770628437,       1.599226834,       2.495660063
        834,           0,          10,         4.155e-05,             5e-08,      -3.737420875,      -1.090743571,     -0.8878789336,       1.625578176,      0.5369497892,       2.043430928
        834,           0,          20,         4.155e-05,             5e-08,       -3.77328819,      -1.106291735,     -0.8961303483,        1.59435626,      0.5268620812,       1.754606355
        834,           0,          29,         4.155e-05,             5e-08,      -3.796180808,      -1.116003785,     -0.9022738144,        1.57418589,      0.5203764497,       1.511829998
        835,           0,           0,          4.16e-05,             5e-08,      -2.570311785,      0.1035077644,     -0.1141181479,       2.770505259,       1.599190581,       2.495092447
        835,           0,          10,          4.16e-05,             5e-08,      -3.737167812,      -1.090531178,     -0.8875385089,       1.625833966,      0.5372239555,       2.042709762
        835,           0,          20,          4.16e-05,             5e-08,       -3.77299152,       -1.10606435,     -0.8957864208,       1.594649125,       0.527140753,        1.75376626
        835,           0,          29,          4.16e-05,             5e-08,      -3.795857357,      -1.115769332,     -0.9019280262,        1.57450146,        0.52065649,       1.510930627
        836,           0,           0,         4.165e-05,             5e-08,      -2.570381151,      0.1033906585,     -0.1141555824,       2.770355327,        1.59915815,       2.494554715
        836,           0,          10,         4.165e-05,             5e-08,      -3.736915211,      -1.090318986,     -0.8871977344,       1.626089135,      0.5374976154,       2.042008919
        836,           0,          20,         4.165e-05,             5e-08,      -3.772695232,      -1.105837218,     -0.8954425939,       1.594941687,      0.5274189471,        1.75294495
        836,           0,          29,         4.165e-05,             5e-08,      -3.795534292,      -1.115535185,     -0.9015826662,        1.57481674,      0.5209360657,       1.510037116
        837,           0,           0,          4.17e-05,             5e-08,      -2.570424374,      0.1033312873,     -0.1141808923,       2.770234647,       1.599102446,       2.493999439
        837,           0,          10,          4.17e-05,             5e-08,      -3.736663268,      -1.090106793,     -0.8868545816,       1.626343396,      0.5377708826,       2.041338797
        837,           0,          20,          4.17e-05,             5e-08,      -3.772399581,      -1.105610193,     -0.8950974021,       1.595233457,      0.5276967454,       1.752124229
        837,           0,          29,          4.17e-05,             5e-08,      -3.795211875,      -1.115301248,     -0.9012369458,       1.575131273,      0.5212152432,       1.509147015
        838,           0,           0,         4.175e-05,             5e-08,      -2.570473596,       0.103267051,     -0.1142057358,       2.770107914,       1.599038128,        2.49342993
        838,           0,          10,         4.175e-05,             5e-08,      -3.736411912,      -1.089893697,     -0.8864954109,       1.626596986,      0.5380438005,       2.040667279
        838,           0,          20,         4.175e-05,             5e-08,      -3.772104935,      -1.105382329,     -0.8947354206,       1.595523736,      0.5279742505,       1.751315213
        838,           0,          29,         4.175e-05,             5e-08,      -3.794890783,      -1.115066768,     -0.9008793521,       1.575443619,      0.5214941501,       1.508258685
        839,           0,           0,          4.18e-05,             5e-08,       -2.57052561,       0.103200778,     -0.1142263407,       2.769977648,        1.59897755,       2.492858613
        839,           0,          10,          4.18e-05,             5e-08,      -3.736162684,      -1.089666057,     -0.8857012024,        1.62684982,      0.5383170766,       2.039943057
        839,           0,          20,          4.18e-05,             5e-08,      -3.771812338,      -1.105136499,     -0.8941316182,        1.59581552,      0.5282521391,       1.750502268
        839,           0,          29,          4.18e-05,             5e-08,      -3.794571732,      -1.114814296,     -0.9003441203,       1.575757138,      0.5217734374,       1.507369052
        840,           0,           0,         4.185e-05,             5e-08,       -2.57057817,      0.1031340023,      -0.114228559,       2.769846928,       1.598923147,       2.492288699
        840,           0,          10,         4.185e-05,             5e-08,      -3.735911838,      -1.089445456,     -0.8853566978,       1.627099569,       0.538588492,       2.039207027
        840,           0,          20,         4.185e-05,             5e-08,      -3.771517895,        -1.1049016,     -0.8937095264,       1.596102636,      0.5285280898,       1.749684567
        840,           0,          29,         4.185e-05,             5e-08,       -3.79425099,      -1.114571543,     -0.8999086974,       1.576068107,      0.5220508177,       1.506476978
        841,           0,           0,          4.19e-05,             5e-08,      -2.570632629,      0.1030668389,     -0.1142526063,        2.76971203,        1.59887416,       2.491721165
        841,           0,          10,          4.19e-05,             5e-08,      -3.735660684,      -1.089230487,     -0.8851119437,       1.627354997,      0.5388598253,       2.038457607
        841,           0,          20,          4.19e-05,             5e-08,      -3.771223098,      -1.104677486,     -0.8933852724,       1.596393941,      0.5288039883,       1.748857929
        841,           0,          29,          4.19e-05,             5e-08,      -3.793931103,      -1.114341518,     -0.8995634312,        1.57637811,      0.5223281304,       1.505575507
        842,           0,           0,         4.195e-05,             5e-08,      -2.570688509,      0.1029995995,     -0.1142688812,       2.769573886,       1.598829199,       2.491157319
        842,           0,          10,         4.195e-05,             5e-08,       -3.73540861,      -1.089027716,     -0.8848687931,          1.627608,      0.5391313562,       2.037690355
        842,           0,          20,         4.195e-05,             5e-08,      -3.770925471,      -1.104452625,     -0.8931045493,       1.596691341,      0.5290798981,       1.748018429
        842,           0,          29,         4.195e-05,             5e-08,      -3.793611237,       -1.11410832,     -0.8992296689,       1.576693795,      0.5226049944,       1.504666979
        843,           0,           0,           4.2e-05,             5e-08,      -2.570745068,      0.1029325489,     -0.1142811314,       2.769434109,       1.598787021,       2.490597824
        843,           0,          10,           4.2e-05,             5e-08,      -3.735154856,       -1.08881708,     -0.8845550103,       1.627870137,      0.5394024236,       2.036906592
        843,           0,          20,           4.2e-05,             5e-08,      -3.770630482,      -1.104226851,     -0.8927862115,       1.596986672,       0.529355182,       1.747181363
        843,           0,          29,           4.2e-05,             5e-08,      -3.793291069,      -1.113875497,     -0.8989048168,       1.577010161,      0.5228814417,       1.503756746
        844,           0,           0,         4.205e-05,             5e-08,      -2.570801878,      0.1028657563,      -0.114290398,       2.769293467,       1.598746682,       2.490041833
        844,           0,          10,         4.205e-05,             5e-08,      -3.734898643,      -1.088606578,      -0.884219026,       1.628138415,      0.5396730697,       2.036120641
        844,           0,          20,         4.205e-05,             5e-08,      -3.770337369,      -1.104002077,     -0.8924654253,       1.597277745,      0.5296299854,       1.746342373
        844,           0,          29,         4.205e-05,             5e-08,      -3.792971874,      -1.113643616,      -0.898580291,       1.577323475,      0.5231575162,       1.502844865
        845,           0,           0,          4.21e-05,             5e-08,      -2.570858721,      0.1027993611,     -0.1142972208,       2.769152487,       1.598707505,       2.489496404
        845,           0,          10,          4.21e-05,             5e-08,      -3.734649397,      -1.088399408,     -0.8839026977,       1.628390255,      0.5399429988,       2.035337278
        845,           0,          20,          4.21e-05,             5e-08,      -3.770045194,      -1.103780474,     -0.8921426842,       1.597566426,      0.5299043278,       1.745481877
        845,           0,          29,          4.21e-05,             5e-08,      -3.792653494,      -1.113414987,     -0.8982550102,       1.577634363,      0.5234331592,       1.501942641
        846,           0,           0,         4.215e-05,             5e-08,      -2.570915491,      0.1027333871,     -0.1143019679,       2.769011417,       1.598669025,       2.488959219
        846,           0,          10,         4.215e-05,             5e-08,      -3.734401364,      -1.088192537,     -0.8835863502,       1.628639813,      0.5402124586,       2.034559144
        846,           0,          20,         4.215e-05,             5e-08,      -3.769754227,      -1.103557468,     -0.8918194033,        1.59785331,      0.5301781686,       1.744636356
        846,           0,          29,         4.215e-05,             5e-08,      -3.792336062,      -1.113184288,     -0.8979298737,       1.577943874,      0.5237083451,       1.501027808
        847,           0,           0,          4.22e-05,             5e-08,       -2.57097196,      0.1026679487,     -0.1143048989,       2.768870691,       1.598630932,       2.488427321
        847,           0,          10,          4.22e-05,             5e-08,      -3.734153934,      -1.087984862,     -0.8832687997,       1.628888668,      0.5404814525,       2.033796241
        847,           0,          20,          4.22e-05,             5e-08,      -3.769463808,      -1.103334412,     -0.8914950514,       1.598139509,      0.5304515348,       1.743778419
        847,           0,          29,          4.22e-05,             5e-08,      -3.792019071,      -1.112953854,     -0.8976039583,       1.578252789,      0.5239830769,       1.500108699
        848,           0,           0,         4.225e-05,             5e-08,      -2.571028059,      0.1026030875,     -0.1143062614,       2.768730591,       1.598593033,       2.487896191
        848,           0,          10,         4.225e-05,             5e-08,      -3.733906765,      -1.087777274,     -0.8829501586,       1.629137403,      0.5407500016,       2.033037258
        848,           0,          20,         4.225e-05,             5e-08,      -3.769173659,      -1.103111719,     -0.8911696658,       1.598425572,      0.5307244463,       1.742921926
        848,           0,          29,         4.225e-05,             5e-08,      -3.791702318,      -1.112723871,     -0.8972771341,       1.578561601,      0.5242573625,       1.499192642
        849,           0,           0,          4.23e-05,             5e-08,      -2.571083681,      0.1025387833,     -0.1143062835,       2.768591363,        1.59855522,       2.487364921
        849,           0,          10,          4.23e-05,             5e-08,      -3.733659757,      -1.087569916,      -0.882630401,       1.629386228,      0.5410181154,       2.032290084
        849,           0,          20,          4.23e-05,             5e-08,      -3.768883691,      -1.102889379,     -0.8908432629,       1.598711726,      0.5309969128,       1.742079714
        849,           0,          29,          4.23e-05,             5e-08,      -3.791385731,      -1.112494277,      -0.896949342,       1.578870555,      0.5245312045,        1.49828571
        850,           0,           0,         4.235e-05,             5e-08,      -2.571138603,       0.102475054,     -0.1143052305,       2.768453446,       1.598517425,       2.486835374
        850,           0,          10,         4.235e-05,             5e-08,      -3.733413036,      -1.087362826,     -0.8823097087,       1.629634894,      0.5412858198,       2.031563202
        850,           0,          20,         4.235e-05,             5e-08,      -3.768593961,      -1.102667385,      -0.890515964,       1.598997889,      0.5312689333,       1.741246013
        850,           0,          29,         4.235e-05,             5e-08,      -3.791069309,      -1.112265095,     -0.8966206669,         1.5791797,      0.5248045794,       1.497386471
        851,           0,           0,          4.24e-05,             5e-08,      -2.571192704,      0.1024119233,     -0.1143033783,       2.768317059,       1.598479626,       2.486309285
        851,           0,          10,          4.24e-05,             5e-08,      -3.733166413,      -1.087156152,     -0.8819882206,       1.629883777,       0.541552996,       2.030855609
        851,           0,          20,          4.24e-05,             5e-08,      -3.768304208,      -1.102445931,     -0.8901879907,       1.599284562,      0.5315403526,       1.740430291
        851,           0,          29,          4.24e-05,             5e-08,      -3.790753192,      -1.112036424,     -0.8962912901,        1.57948882,      0.5250773804,       1.496503209
        852,           0,           0,         4.245e-05,             5e-08,       -2.57124574,      0.1023493969,     -0.1143010122,       2.768182789,       1.598441822,       2.485786791
        852,           0,          10,         4.245e-05,             5e-08,      -3.732919679,      -1.086949835,       -0.88166559,       1.630133284,      0.5418196993,       2.030170481
        852,           0,          20,         4.245e-05,             5e-08,      -3.768014691,      -1.102224801,      -0.889859251,       1.599571277,      0.5318113398,        1.73962784
        852,           0,          29,         4.245e-05,             5e-08,      -3.790437449,      -1.111808079,     -0.8959611692,       1.579797778,      0.5253497469,       1.495624375
        853,           0,           0,          4.25e-05,             5e-08,      -2.571238146,       0.102373394,      -0.114261655,       2.768102039,       1.598601656,       2.485471403
        853,           0,          10,          4.25e-05,             5e-08,      -3.732673162,      -1.086743862,     -0.8813426536,       1.630382772,      0.5420859855,       2.029497237
        853,           0,          20,          4.25e-05,             5e-08,      -3.767725515,      -1.102004031,     -0.8895300148,       1.599857813,      0.5320818993,       1.738838367
        853,           0,          29,          4.25e-05,             5e-08,      -3.790122108,      -1.111580134,       -0.89563118,       1.580106495,      0.5256216589,       1.494757972
        854,           0,           0,         4.255e-05,             5e-08,      -2.571282431,       0.102324786,      -0.114256936,       2.767979782,       1.598550173,       2.484935695
        854,           0,          10,         4.255e-05,             5e-08,      -3.732427034,       -1.08653821,     -0.8810199062,       1.630631872,       0.542351855,       2.028831817
        854,           0,          20,         4.255e-05,             5e-08,      -3.767436733,      -1.101783604,     -0.8892005743,       1.600144078,      0.5323520314,       1.738050879
        854,           0,          29,         4.255e-05,             5e-08,      -3.789807147,      -1.111352528,     -0.8953020223,       1.580415113,      0.5258931327,        1.49389055
        855,           0,           0,          4.26e-05,             5e-08,      -2.571335517,      0.1022606361,     -0.1142580322,        2.76785073,       1.598485904,       2.484368766
        855,           0,          10,          4.26e-05,             5e-08,      -3.732181219,      -1.086332867,     -0.8806970275,       1.630880745,      0.5426172834,       2.028160554
        855,           0,          20,          4.26e-05,             5e-08,      -3.767148303,      -1.101563497,     -0.8888706853,       1.600430172,      0.5326217131,       1.737260785
        855,           0,          29,          4.26e-05,             5e-08,      -3.789492648,      -1.111125231,     -0.8949732119,       1.580723471,      0.5261641724,       1.493017848
        856,           0,           0,         4.265e-05,             5e-08,      -2.571389626,      0.1021922752,      -0.114260603,       2.767722327,       1.598428095,       2.483795559
        856,           0,          10,         4.265e-05,             5e-08,      -3.731935659,      -1.086127812,     -0.8803733482,       1.631129557,      0.5428822614,       2.027476865
        856,           0,          20,         4.265e-05,             5e-08,      -3.766860192,      -1.101343688,      -0.888540024,       1.600716188,      0.5328909596,       1.736457099
        856,           0,          29,         4.265e-05,             5e-08,       -3.78917861,      -1.110898323,     -0.8946444327,       1.581031466,      0.5264347713,       1.492137287
        857,           0,           0,          4.27e-05,             5e-08,      -2.571441992,      0.1021238073,      -0.114263392,       2.767597376,       1.598379278,       2.483223861
        857,           0,          10,          4.27e-05,             5e-08,      -3.731690287,      -1.085922917,     -0.8800467431,       1.631378834,      0.5431468343,       2.026772873
        857,           0,          20,          4.27e-05,             5e-08,      -3.766572401,      -1.101124074,     -0.8882084273,       1.601002379,      0.5331597949,       1.735646395
        857,           0,          29,          4.27e-05,             5e-08,      -3.788864959,      -1.110671999,     -0.8943155768,       1.581339534,      0.5267049432,       1.491253032
        858,           0,           0,         4.275e-05,             5e-08,       -2.57149173,      0.1020565939,     -0.1142661467,       2.767476856,       1.598337452,       2.482656787
        858,           0,          10,         4.275e-05,             5e-08,      -3.731444868,      -1.085722577,     -0.8797241139,       1.631629284,      0.5434109647,       2.026057253
        858,           0,          20,         4.275e-05,             5e-08,      -3.766284318,      -1.100909625,     -0.8878837191,       1.601289955,      0.5334281973,       1.734828515
        858,           0,          29,         4.275e-05,             5e-08,      -3.788551146,      -1.110449726,     -0.8939878416,       1.581648497,      0.5269746581,       1.490363883
        859,           0,           0,          4.28e-05,             5e-08,      -2.571538549,      0.1019910013,     -0.1142693782,       2.767361207,       1.598300148,       2.482096508
        859,           0,          10,          4.28e-05,             5e-08,       -3.73119897,      -1.085526716,     -0.8793989247,         1.6318809,      0.5436746172,       2.025332334
        859,           0,          20,          4.28e-05,             5e-08,      -3.765995853,      -1.100695955,     -0.8875582117,       1.601577587,      0.5336961573,       1.734006623
        859,           0,          29,          4.28e-05,             5e-08,      -3.788236865,      -1.110227487,     -0.8936597905,       1.581957644,       0.527243942,       1.489473396
        860,           0,           0,         4.285e-05,             5e-08,      -2.571582324,      0.1019270538,     -0.1142726614,       2.767250829,       1.598265413,       2.481543345
        860,           0,          10,         4.285e-05,             5e-08,      -3.730952551,       -1.08532821,     -0.8790745805,       1.632132876,      0.5439378667,       2.024605838
        860,           0,          20,         4.285e-05,             5e-08,      -3.765707224,      -1.100480828,     -0.8872335832,        1.60186531,      0.5339637008,       1.733187098
        860,           0,          29,         4.285e-05,             5e-08,      -3.787922654,      -1.110004234,     -0.8933324699,       1.582266745,      0.5275127925,       1.488586339
        861,           0,           0,          4.29e-05,             5e-08,      -2.571623031,      0.1018646394,     -0.1142776742,       2.767145897,       1.598231905,       2.480998051
        861,           0,          10,          4.29e-05,             5e-08,       -3.73070613,       -1.08512684,     -0.8787499324,       1.632384863,      0.5442006974,       2.023885252
        861,           0,          20,          4.29e-05,             5e-08,      -3.765418886,      -1.100264027,     -0.8869087397,       1.602152859,      0.5342307848,       1.732373722
        861,           0,          29,          4.29e-05,             5e-08,      -3.787608895,      -1.109779967,     -0.8930051684,       1.582575564,       0.527781177,       1.487702315
        862,           0,           0,         4.295e-05,             5e-08,      -2.571669809,      0.1017741153,     -0.1142819825,       2.767029941,       1.598226736,       2.480521773
        862,           0,          10,         4.295e-05,             5e-08,      -3.730460029,      -1.084924431,     -0.8784291867,       1.632636322,      0.5444631438,        2.02317679
        862,           0,          20,         4.295e-05,             5e-08,      -3.765131136,      -1.100046806,     -0.8865839057,       1.602439743,      0.5344974533,       1.731564474
        862,           0,          29,         4.295e-05,             5e-08,      -3.787295917,      -1.109555552,     -0.8926780871,       1.582883558,      0.5280491402,       1.486822094
        863,           0,           0,           4.3e-05,             5e-08,      -2.571696087,      0.1017284131,     -0.1142851699,       2.766943416,       1.598170907,        2.48000133
        863,           0,          10,           4.3e-05,             5e-08,      -3.730214578,      -1.084721745,     -0.8781082644,       1.632886845,      0.5447252014,       2.022478653
        863,           0,          20,           4.3e-05,             5e-08,      -3.764844187,       -1.09982956,     -0.8862591609,       1.602725701,      0.5347637284,       1.730759703
        863,           0,          29,           4.3e-05,             5e-08,       -3.78698374,      -1.109331273,     -0.8923511675,       1.583190703,      0.5283167037,       1.485945823
        864,           0,           0,         4.305e-05,             5e-08,      -2.571725166,       0.101677357,     -0.1142935013,       2.766858232,       1.598106059,       2.479467916
        864,           0,          10,         4.305e-05,             5e-08,      -3.729969785,      -1.084518998,     -0.8777873803,        1.63313656,      0.5449868712,       2.021786792
        864,           0,          20,         4.305e-05,             5e-08,      -3.764558027,      -1.099612437,     -0.8859346324,       1.603010792,      0.5350295925,       1.729960082
        864,           0,          29,         4.305e-05,             5e-08,        -3.7866722,      -1.109107224,     -0.8920244984,       1.583497297,      0.5285838463,       1.485066976
        865,           0,           0,          4.31e-05,             5e-08,      -2.571753609,      0.1016241956,     -0.1143045581,        2.76677682,       1.598045654,       2.478934841
        865,           0,          10,          4.31e-05,             5e-08,      -3.729725555,      -1.084316314,      -0.877466636,        1.63338564,      0.5452481345,       2.021086167
        865,           0,          20,          4.31e-05,             5e-08,      -3.764272406,      -1.099395509,     -0.8856103101,        1.60329542,       0.535295031,       1.729149538
        865,           0,          29,          4.31e-05,             5e-08,      -3.786361311,      -1.108883447,     -0.8916981635,       1.583803282,      0.5288505608,       1.484192606
        866,           0,           0,         4.315e-05,             5e-08,      -2.571779997,      0.1015704448,     -0.1143175618,       2.766700188,       1.597992169,       2.478401784
        866,           0,          10,         4.315e-05,             5e-08,      -3.729482098,      -1.084113758,     -0.8771461855,       1.633633638,      0.5455090349,       2.020390515
        866,           0,          20,         4.315e-05,             5e-08,      -3.763987576,       -1.09917881,       -0.88528632,       1.603579064,      0.5355601353,       1.728345721
        866,           0,          29,         4.315e-05,             5e-08,       -3.78605201,      -1.108659959,     -0.8913723171,       1.584106938,      0.5291169609,       1.483317838
        867,           0,           0,          4.32e-05,             5e-08,      -2.571803791,       0.101516737,     -0.1143323704,       2.766628817,       1.597944642,       2.477874004
        867,           0,          10,          4.32e-05,             5e-08,      -3.729239462,      -1.083911355,     -0.8768259638,       1.633880413,       0.545769594,       2.019697571
        867,           0,          20,          4.32e-05,             5e-08,      -3.763703937,      -1.098962345,     -0.8849627363,       1.603860926,      0.5358248527,       1.727542393
        867,           0,          29,          4.32e-05,             5e-08,      -3.785743397,      -1.108436757,     -0.8910468227,       1.584409774,      0.5293829437,       1.482432638
        868,           0,           0,         4.325e-05,             5e-08,      -2.571824799,      0.1014633242,     -0.1143490596,       2.766562894,       1.597901489,       2.477350488
        868,           0,          10,         4.325e-05,             5e-08,       -3.72899741,      -1.083709089,     -0.8765058879,       1.634126367,      0.5460297483,       2.018997859
        868,           0,          20,         4.325e-05,             5e-08,      -3.763421103,      -1.098746091,     -0.8846394595,       1.604141676,      0.5360891481,       1.726734321
        868,           0,          29,         4.325e-05,             5e-08,      -3.785435521,      -1.108213816,     -0.8907217058,       1.584711677,      0.5296484994,        1.48153851
        869,           0,           0,          4.33e-05,             5e-08,      -2.571842895,      0.1014103862,     -0.1143676912,       2.766502632,       1.597861318,       2.476829536
        869,           0,          10,          4.33e-05,             5e-08,       -3.72875613,      -1.083506882,     -0.8761856897,       1.634371121,      0.5462895016,        2.01828736
        869,           0,          20,          4.33e-05,             5e-08,      -3.763138982,      -1.098529975,     -0.8843163353,       1.604421433,      0.5363530359,       1.725918472
        869,           0,          29,          4.33e-05,             5e-08,      -3.785128335,      -1.107991075,     -0.8903968994,       1.585012706,      0.5299136421,       1.480661737
        870,           0,           0,         4.335e-05,             5e-08,      -2.571858133,       0.101358017,     -0.1143883145,        2.76644795,       1.597823075,       2.476308765
        870,           0,          10,         4.335e-05,             5e-08,      -3.728515521,      -1.083304446,     -0.8758639991,       1.634614758,       0.546548855,       2.017563055
        870,           0,          20,         4.335e-05,             5e-08,      -3.762857553,       -1.09831375,     -0.8839925856,       1.604700133,      0.5366165161,       1.725098831
        870,           0,          29,         4.335e-05,             5e-08,      -3.784821862,      -1.107768343,     -0.8900720927,       1.585312746,       0.530178379,       1.479787512
        871,           0,           0,          4.34e-05,             5e-08,      -2.571870407,      0.1013062857,     -0.1144108075,       2.766399129,       1.597786012,       2.475787018
        871,           0,          10,          4.34e-05,             5e-08,      -3.728275764,      -1.083099466,     -0.8755219922,       1.634856617,      0.5468078814,       2.016836022
        871,           0,          20,          4.34e-05,             5e-08,      -3.762577956,      -1.098092614,     -0.8835706035,       1.604973609,      0.5368798033,       1.724292431
        871,           0,          29,          4.34e-05,             5e-08,      -3.784517699,      -1.107540487,     -0.8896967113,        1.58560725,      0.5304428964,       1.478915164
        872,           0,           0,         4.345e-05,             5e-08,      -2.571879167,      0.1012553582,     -0.1144268573,       2.766357612,       1.597749619,       2.475267195
        872,           0,          10,         4.345e-05,             5e-08,        -3.7280373,      -1.082880732,     -0.8750806714,       1.635095728,      0.5470665052,        2.01611664
        872,           0,          20,         4.345e-05,             5e-08,      -3.762298078,      -1.097865967,     -0.8832556368,       1.605250084,      0.5371424583,       1.723484401
        872,           0,          29,         4.345e-05,             5e-08,      -3.784212824,      -1.107308749,     -0.8893540777,       1.585904925,      0.5307068369,       1.478046045
        873,           0,           0,          4.35e-05,             5e-08,      -2.571885413,      0.1012050058,      -0.114457264,       2.766320679,       1.597713573,       2.474751916
        873,           0,          10,          4.35e-05,             5e-08,      -3.727798133,      -1.082680819,     -0.8747773978,       1.635335574,      0.5473246592,       2.015398207
        873,           0,          20,          4.35e-05,             5e-08,      -3.762018163,      -1.097646705,     -0.8829289273,       1.605527081,      0.5374046725,       1.722681282
        873,           0,          29,          4.35e-05,             5e-08,      -3.783907925,      -1.107082488,     -0.8890211948,       1.586203467,      0.5309703025,       1.477180181
        874,           0,           0,         4.355e-05,             5e-08,      -2.571889221,       0.101155269,     -0.1144881016,       2.766288496,       1.597677666,       2.474241416
        874,           0,          10,         4.355e-05,             5e-08,         -3.727559,      -1.082482185,     -0.8744742758,       1.635577889,      0.5475824871,       2.014686306
        874,           0,          20,         4.355e-05,             5e-08,      -3.761738207,      -1.097434495,     -0.8826123994,       1.605804473,      0.5376666355,       1.721880771
        874,           0,          29,         4.355e-05,             5e-08,      -3.783603086,      -1.106862693,     -0.8886984816,        1.58650224,      0.5312335418,       1.476332042
        875,           0,           0,          4.36e-05,             5e-08,       -2.57189046,       0.101106144,     -0.1145203199,       2.766261425,       1.597641782,       2.473734835
        875,           0,          10,          4.36e-05,             5e-08,        -3.7273189,      -1.082282991,     -0.8741753979,       1.635822858,      0.5478400995,       2.013981666
        875,           0,          20,          4.36e-05,             5e-08,      -3.761458233,      -1.097220333,     -0.8822958589,       1.606083247,      0.5379282728,       1.721085736
        875,           0,          29,          4.36e-05,             5e-08,      -3.783298173,      -1.106641273,     -0.8883781025,       1.586802302,      0.5314964108,       1.475487775
        876,           0,           0,         4.365e-05,             5e-08,      -2.571888997,      0.1010576548,     -0.1145543637,       2.766239788,       1.597605862,       2.473231576
        876,           0,          10,         4.365e-05,             5e-08,      -3.727078395,      -1.082083116,     -0.8738689321,       1.636069351,      0.5480972825,       2.013281215
        876,           0,          20,         4.365e-05,             5e-08,      -3.761178082,      -1.097006591,     -0.8819805237,       1.606362558,      0.5381894858,       1.720294821
        876,           0,          29,         4.365e-05,             5e-08,      -3.782992979,      -1.106420664,     -0.8880593343,       1.587103019,      0.5317588461,       1.474649034
        877,           0,           0,          4.37e-05,             5e-08,      -2.571884931,      0.1010097951,     -0.1145904602,       2.766223411,        1.59756989,       2.472731016
        877,           0,          10,          4.37e-05,             5e-08,      -3.726838474,      -1.081883837,     -0.8735599389,       1.636314738,      0.5483540365,       2.012592023
        877,           0,          20,          4.37e-05,             5e-08,       -3.76089778,       -1.09679333,     -0.8816662375,       1.606642303,      0.5384502769,       1.719513312
        877,           0,          29,          4.37e-05,             5e-08,      -3.782687775,      -1.106200584,      -0.887741604,        1.58740395,      0.5320208581,       1.473813157
        878,           0,           0,         4.375e-05,             5e-08,      -2.571824777,      0.1010374697,     -0.1145945497,       2.766256716,       1.597723976,       2.472445815
        878,           0,          10,         4.375e-05,             5e-08,       -3.72659919,      -1.081685082,     -0.8732505315,       1.636558913,      0.5486103766,       2.011912413
        878,           0,          20,         4.375e-05,             5e-08,      -3.760617702,      -1.096580413,      -0.881352451,       1.606921906,      0.5387106794,       1.718743374
        878,           0,          29,         4.375e-05,             5e-08,      -3.782383027,      -1.105980852,     -0.8874246684,       1.587704339,      0.5322824934,       1.472981322
        879,           0,           0,          4.38e-05,             5e-08,      -2.571809303,      0.1010040177,      -0.114632373,        2.76625724,       1.597671986,        2.47194115
        879,           0,          10,          4.38e-05,             5e-08,      -3.726360518,      -1.081486763,     -0.8729408728,       1.636802073,      0.5488663798,       2.011241562
        879,           0,          20,          4.38e-05,             5e-08,      -3.760338031,      -1.096367797,     -0.8810390463,       1.607201071,      0.5389707327,       1.717979782
        879,           0,          29,          4.38e-05,             5e-08,      -3.782078833,      -1.105761806,     -0.8871083068,       1.588004041,      0.5325437764,       1.472152443
        880,           0,           0,         4.385e-05,             5e-08,      -2.571801763,      0.1009552664,     -0.1146776559,       2.766252797,       1.597607156,       2.471409595
        880,           0,          10,         4.385e-05,             5e-08,      -3.726122428,      -1.081289249,     -0.8726306101,       1.637044358,      0.5491220501,         2.0105762
        880,           0,          20,         4.385e-05,             5e-08,         -3.760059,      -1.096156291,     -0.8807260691,       1.607479344,      0.5392304429,       1.717216281
        880,           0,          29,         4.385e-05,             5e-08,      -3.781775654,      -1.105543211,      -0.886792508,       1.588302398,      0.5328046921,       1.471322406
        881,           0,           0,          4.39e-05,             5e-08,      -2.571794829,      0.1009022338,     -0.1147258384,       2.766249879,       1.597549075,       2.470874542
        881,           0,          10,          4.39e-05,             5e-08,      -3.725884789,      -1.081091609,     -0.8723188262,       1.637286485,      0.5493773673,       2.009907795
        881,           0,          20,          4.39e-05,             5e-08,      -3.759780625,      -1.095944409,     -0.8804132142,       1.607757226,      0.5394898102,        1.71645096
        881,           0,          29,          4.39e-05,             5e-08,      -3.781473234,      -1.105324492,     -0.8864771601,       1.588600302,      0.5330652855,       1.470492982
        882,           0,           0,         4.395e-05,             5e-08,      -2.571786031,      0.1008489423,     -0.1147753719,       2.766250621,       1.597500371,       2.470342497
        882,           0,          10,         4.395e-05,             5e-08,      -3.725647201,      -1.080894016,     -0.8720076403,       1.637529128,       0.549632354,       2.009227097
        882,           0,          20,         4.395e-05,             5e-08,      -3.759503171,      -1.095732616,     -0.8801005171,       1.608033874,      0.5397487959,       1.715680876
        882,           0,          29,         4.395e-05,             5e-08,      -3.781171603,      -1.105106006,     -0.8861621256,       1.588897147,      0.5333254667,       1.469662351
        883,           0,           0,           4.4e-05,             5e-08,      -2.571774803,      0.1007966616,     -0.1148258643,       2.766255443,       1.597459036,       2.469814447
        883,           0,          10,           4.4e-05,             5e-08,       -3.72541018,      -1.080696169,     -0.8716987933,       1.637770743,       0.549886943,       2.008542324
        883,           0,          20,           4.4e-05,             5e-08,      -3.759226593,      -1.095520911,     -0.8797878781,       1.608309184,      0.5400073503,        1.71491987
        883,           0,          29,           4.4e-05,             5e-08,      -3.780870723,        -1.1048877,     -0.8858472745,       1.589192953,      0.5335852255,        1.46883778
        884,           0,           0,         4.405e-05,             5e-08,      -2.571761169,      0.1007456785,     -0.1148771848,       2.766264165,       1.597422544,       2.469294054
        884,           0,          10,         4.405e-05,             5e-08,      -3.725173961,      -1.080498095,     -0.8713894544,       1.638010968,      0.5501411377,       2.007867432
        884,           0,          20,         4.405e-05,             5e-08,      -3.758950739,      -1.095309087,     -0.8794751707,       1.608583423,      0.5402655045,       1.714176272
        884,           0,          29,         4.405e-05,             5e-08,      -3.780570516,      -1.104669377,     -0.8855325709,        1.58948794,      0.5338445805,       1.468022221
        885,           0,           0,          4.41e-05,             5e-08,       -2.57174534,      0.1006960246,     -0.1149292399,       2.766276445,       1.597388886,       2.468785057
        885,           0,          10,          4.41e-05,             5e-08,      -3.724938344,       -1.08029888,     -0.8710776987,        1.63825011,      0.5503949401,       2.007211127
        885,           0,          20,          4.41e-05,             5e-08,      -3.758675619,      -1.095096208,     -0.8791609312,       1.608856407,      0.5405232418,       1.713442069
        885,           0,          29,          4.41e-05,             5e-08,      -3.780271087,      -1.104450292,     -0.8852172782,       1.589781676,       0.534103507,       1.467215269
        886,           0,           0,         4.415e-05,             5e-08,      -2.571727535,      0.1006476183,     -0.1149813907,       2.766292017,       1.597356651,       2.468288365
        886,           0,          10,         4.415e-05,             5e-08,      -3.724703308,      -1.080095555,      -0.870752163,       1.638487558,      0.5506483511,       2.006575385
        886,           0,          20,         4.415e-05,             5e-08,       -3.75840104,      -1.094879383,     -0.8788406606,       1.609128236,      0.5407805838,       1.712714422
        886,           0,          29,         4.415e-05,             5e-08,      -3.779972227,      -1.104227277,     -0.8848977366,       1.590074258,      0.5343620448,       1.466410841
        887,           0,           0,          4.42e-05,             5e-08,      -2.571707824,      0.1006003457,     -0.1150333501,       2.766310867,       1.597324969,       2.467800078
        887,           0,          10,          4.42e-05,             5e-08,      -3.724468296,      -1.079896533,     -0.8704393713,       1.638725556,      0.5509013391,       2.005948591
        887,           0,          20,          4.42e-05,             5e-08,      -3.746356155,      -1.078757642,     -0.8774913591,       1.617870155,      0.5537649016,       1.716654291
        887,           0,          29,          4.42e-05,             5e-08,      -3.779673471,      -1.104007301,     -0.8845788533,       1.590367241,      0.5346201498,       1.465595942
        888,           0,           0,         4.425e-05,             5e-08,      -2.571686517,      0.1005379722,     -0.1150822955,       2.766323676,       1.597343917,       2.467403023
        888,           0,          10,         4.425e-05,             5e-08,      -3.724233389,      -1.079699679,     -0.8701313435,       1.638964582,      0.5511539681,        2.00532067
        888,           0,          20,         4.425e-05,             5e-08,      -3.757852189,      -1.094455384,     -0.8782104714,       1.609673209,      0.5412940659,       1.711257668
        888,           0,          29,         4.425e-05,             5e-08,      -3.779374719,      -1.103789837,     -0.8842634707,       1.590661055,      0.5348779332,       1.464787663
        889,           0,           0,          4.43e-05,             5e-08,      -2.571655902,      0.1005068228,     -0.1151342686,        2.76635422,       1.597288498,       2.466919593
        889,           0,          10,          4.43e-05,             5e-08,      -3.723998452,      -1.079504094,     -0.8698246615,       1.639204427,      0.5514062722,        2.00468369
        889,           0,          20,          4.43e-05,             5e-08,      -3.757577793,      -1.094245265,     -0.8778986815,       1.609946957,      0.5415502699,       1.710498622
        889,           0,          29,          4.43e-05,             5e-08,      -3.779075954,      -1.103572893,     -0.8839491339,       1.590955679,      0.5351353231,       1.463982167
        890,           0,           0,         4.435e-05,             5e-08,      -2.571630565,       0.100469186,     -0.1151904659,       2.766381747,       1.597223743,        2.46640926
        890,           0,          10,         4.435e-05,             5e-08,      -3.723763542,      -1.079308521,     -0.8695178504,       1.639444654,      0.5516582146,       2.004035023
        890,           0,          20,         4.435e-05,             5e-08,      -3.757303333,      -1.094035725,     -0.8775877226,       1.610221268,      0.5418061188,       1.709750941
        890,           0,          29,         4.435e-05,             5e-08,      -3.778777144,       -1.10335661,     -0.8836361049,       1.591250778,      0.5353923594,       1.463181266
        891,           0,           0,          4.44e-05,             5e-08,      -2.571606834,      0.1004288011,     -0.1152481259,       2.766408459,       1.597164014,       2.465891686
        891,           0,          10,          4.44e-05,             5e-08,      -3.723528614,      -1.079113382,     -0.8692117534,       1.639685147,      0.5519097899,        2.00337985
        891,           0,          20,          4.44e-05,             5e-08,      -3.757028909,      -1.093826652,     -0.8772775252,       1.610495829,        0.54206155,        1.70900956
        891,           0,          29,          4.44e-05,             5e-08,       -3.77847856,      -1.103140765,     -0.8833236901,       1.591545856,      0.5356489485,       1.462380996
        892,           0,           0,         4.445e-05,             5e-08,      -2.571583363,      0.1003873313,     -0.1153061988,       2.766435127,       1.597111799,       2.465376288
        892,           0,          10,         4.445e-05,             5e-08,      -3.723293669,      -1.078918671,     -0.8689061153,       1.639925917,      0.5521609177,        2.00272541
        892,           0,          20,         4.445e-05,             5e-08,      -3.756754656,      -1.093618348,     -0.8769678717,       1.610770414,      0.5423165198,       1.708275402
        892,           0,          29,         4.445e-05,             5e-08,      -3.778180205,      -1.102925761,     -0.8830119631,        1.59184088,      0.5359050834,       1.461547849
        893,           0,           0,          4.45e-05,             5e-08,      -2.571559799,      0.1003454163,     -0.1153640715,       2.766461695,        1.59706596,       2.464868119
        893,           0,          10,          4.45e-05,             5e-08,      -3.723058835,      -1.078724595,     -0.8686009519,       1.640166747,       0.552411654,       2.002076937
        893,           0,          20,          4.45e-05,             5e-08,      -3.756480575,       -1.09341014,      -0.876659061,       1.611044967,      0.5425711043,       1.707534807
        893,           0,          29,          4.45e-05,             5e-08,      -3.777882033,      -1.102710739,     -0.8827009961,        1.59213591,       0.536160832,       1.460753488
        894,           0,           0,         4.455e-05,             5e-08,      -2.571536073,      0.1003033487,     -0.1154217193,       2.766488226,       1.597024743,       2.464369813
        894,           0,          10,         4.455e-05,             5e-08,      -3.722824167,      -1.078530324,     -0.8682963422,       1.640407526,      0.5526620071,       2.001448015
        894,           0,          20,         4.455e-05,             5e-08,      -3.756206712,      -1.093202039,     -0.8763507653,       1.611319462,      0.5428253071,       1.706793464
        894,           0,          29,         4.455e-05,             5e-08,      -3.777584099,      -1.102495977,     -0.8823906381,       1.592430864,      0.5364162047,       1.459967903
        895,           0,           0,          4.46e-05,             5e-08,      -2.571512264,      0.1002613469,     -0.1154789853,       2.766514497,       1.596986624,       2.463880321
        895,           0,          10,          4.46e-05,             5e-08,      -3.722589672,      -1.078336213,       -0.86799217,        1.64064825,      0.5529120175,       2.000815615
        895,           0,          20,          4.46e-05,             5e-08,      -3.755933098,      -1.092994236,     -0.8760429979,       1.611593823,      0.5430791479,       1.706069189
        895,           0,          29,          4.46e-05,             5e-08,      -3.777286481,      -1.102281572,     -0.8820808511,       1.592725606,       0.536671202,        1.45918912
        896,           0,           0,         4.465e-05,             5e-08,      -2.571488555,      0.1002194915,     -0.1155357384,        2.76654011,       1.596950467,        2.46339742
        896,           0,          10,         4.465e-05,             5e-08,      -3.722355449,      -1.078142319,     -0.8676884424,       1.640888741,      0.5531616006,       2.000177763
        896,           0,          20,         4.465e-05,             5e-08,      -3.755659856,      -1.092786731,     -0.8757357391,       1.611867852,      0.5433325472,       1.705347298
        896,           0,          29,         4.465e-05,             5e-08,      -3.776989468,        -1.1020675,     -0.8817716335,       1.593019648,      0.5369257686,       1.458408387
        897,           0,           0,          4.47e-05,             5e-08,      -2.571465134,      0.1001778299,     -0.1155918266,       2.766564777,       1.596915474,        2.46291849
        897,           0,          10,          4.47e-05,             5e-08,      -3.722121601,      -1.077948649,     -0.8673851549,       1.641128809,      0.5534107375,       1.999535301
        897,           0,          20,          4.47e-05,             5e-08,      -3.755387112,      -1.092579515,     -0.8754289836,       1.612141312,      0.5435855179,        1.70463772
        897,           0,          29,          4.47e-05,             5e-08,      -3.776692976,      -1.101853743,      -0.881462917,       1.593313121,      0.5371799136,        1.45762645
        898,           0,           0,         4.475e-05,             5e-08,      -2.571442149,      0.1001363714,     -0.1156471441,       2.766588292,       1.596881109,       2.462442345
        898,           0,          10,         4.475e-05,             5e-08,      -3.721888132,      -1.077755217,     -0.8670822844,       1.641368436,       0.553659473,       1.998906345
        898,           0,          20,         4.475e-05,             5e-08,      -3.755114895,      -1.092372584,     -0.8751226962,       1.612414147,      0.5438380925,       1.703898565
        898,           0,          29,         4.475e-05,             5e-08,      -3.776397011,      -1.101640295,     -0.8811546759,       1.593606016,       0.537433651,       1.456852306
        899,           0,           0,          4.48e-05,             5e-08,      -2.571419721,      0.1000951525,     -0.1157015514,       2.766610385,       1.596847025,       2.461969623
        899,           0,          10,          4.48e-05,             5e-08,      -3.721655086,       -1.07756203,     -0.8667798252,       1.641607547,      0.5539078239,       1.998252875
        899,           0,          20,          4.48e-05,             5e-08,      -3.754843195,      -1.092165943,     -0.8748168562,       1.612686375,      0.5440902733,       1.703169505
        899,           0,          29,          4.48e-05,             5e-08,      -3.776101657,      -1.101427156,     -0.8808469168,       1.593898194,      0.5376870005,       1.456072903
        900,           0,           0,         4.485e-05,             5e-08,      -2.571398049,      0.1000541476,     -0.1157549519,       2.766630646,        1.59681301,       2.461496825
        900,           0,          10,         4.485e-05,             5e-08,      -3.721422467,      -1.077369098,     -0.8664777739,        1.64184613,      0.5541558361,       1.997593938
        900,           0,          20,         4.485e-05,             5e-08,      -3.754571965,      -1.091959595,     -0.8745114507,       1.612958074,      0.5443421333,       1.702443741
        900,           0,          29,         4.485e-05,             5e-08,      -3.775806879,      -1.101214328,      -0.880539615,         1.5941897,      0.5379400308,       1.455300358
